dataset,model,fold,subject_id,zero_shot_accuracy,zero_shot_balanced_accuracy,zero_shot_auroc,finetuned_accuracy,finetuned_balanced_accuracy,finetuned_auroc,config_tag,num_trials,nt_numeric,nt_categorical
BI2015a,EEGNetv4,1,4,0.8833333333333333,0.7483333333333333,0.86534375,0.9201388888888888,0.84875,0.9323506944444444,FM-Full_A-None_AdaBN-F,50,50,50
BI2015a,EEGNetv4,1,5,0.851010101010101,0.7308080808080808,0.8680185695337211,0.9006734006734006,0.8292929292929293,0.9354810733598612,FM-Full_A-None_AdaBN-F,50,50,50
BI2015a,EEGNetv4,1,7,0.8333333333333334,0.5,0.7516676278354479,0.9044117647058824,0.8230392156862745,0.90678585159554,FM-Full_A-None_AdaBN-F,50,50,50
BI2015a,EEGNetv4,1,9,0.8603603603603603,0.6585585585585585,0.8162770878987095,0.8986486486486487,0.8130630630630631,0.917498579660742,FM-Full_A-None_AdaBN-F,50,50,50
BI2015a,EEGNetv4,1,10,0.8530465949820788,0.6795698924731183,0.8044571626777661,0.9086021505376344,0.8354838709677419,0.9069140941149264,FM-Full_A-None_AdaBN-F,50,50,50
BI2015a,EEGNetv4,1,13,0.8450292397660819,0.7228070175438597,0.8493305632502308,0.9173976608187134,0.8609649122807017,0.9422245306248076,FM-Full_A-None_AdaBN-F,50,50,50
BI2015a,EEGNetv4,1,14,0.7977207977207977,0.582905982905983,0.6568997004894441,0.8817663817663818,0.7803418803418803,0.880137336547593,FM-Full_A-None_AdaBN-F,50,50,50
BI2015a,EEGNetv4,1,16,0.8714285714285714,0.7666666666666667,0.8738730158730158,0.9087301587301588,0.8385714285714285,0.9388662131519274,FM-Full_A-None_AdaBN-F,50,50,50
BI2015a,EEGNetv4,1,17,0.8617283950617284,0.717037037037037,0.8436460905349794,0.8864197530864197,0.7911111111111111,0.8998299039780522,FM-Full_A-None_AdaBN-F,50,50,50
BI2015a,EEGNetv4,1,18,0.8067901234567901,0.5611111111111111,0.6076652949245541,0.8777777777777778,0.7503703703703704,0.8736186556927297,FM-Full_A-None_AdaBN-F,50,50,50
BI2015a,EEGNetv4,1,20,0.8475308641975309,0.712962962962963,0.8291303155006859,0.8969135802469136,0.8107407407407408,0.9222524005486968,FM-Full_A-None_AdaBN-F,50,50,50
BI2015a,EEGNetv4,1,25,0.8184865900383141,0.6531609195402299,0.7680687673404677,0.860632183908046,0.7405172413793103,0.8718060509974898,FM-Full_A-None_AdaBN-F,50,50,50
BI2015a,EEGNetv4,1,26,0.9059139784946236,0.8381720430107527,0.9570239334027054,0.9390681003584228,0.8946236559139785,0.9747138397502602,FM-Full_A-None_AdaBN-F,50,50,50
BI2015a,EEGNetv4,1,27,0.8245428973277075,0.5723628691983123,0.7091349320799729,0.8484528832630098,0.7124472573839662,0.8290071035624632,FM-Full_A-None_AdaBN-F,50,50,50
BI2015a,EEGNetv4,1,28,0.8433333333333334,0.6673333333333333,0.8122577777777777,0.8638888888888889,0.7396666666666667,0.8787200000000001,FM-Full_A-None_AdaBN-F,50,50,50
BI2015a,EEGNetv4,1,31,0.812962962962963,0.5473333333333333,0.6736711111111111,0.85,0.7046666666666667,0.8108503703703706,FM-Full_A-None_AdaBN-F,50,50,50
BI2015a,EEGNetv4,1,32,0.8817204301075269,0.7827956989247311,0.8727367325702394,0.9059139784946236,0.8166666666666667,0.9104867614753152,FM-Full_A-None_AdaBN-F,50,50,50
BI2015a,EEGNetv4,1,35,0.8333333333333334,0.5144927536231884,0.681814044668487,0.8256843800322061,0.6596618357487922,0.7623550141193494,FM-Full_A-None_AdaBN-F,50,50,50
BI2015a,EEGNetv4,1,37,0.7575396825396825,0.5488095238095239,0.5912732426303855,0.8496031746031746,0.723095238095238,0.821781179138322,FM-Full_A-None_AdaBN-F,50,50,50
BI2015a,EEGNetv4,1,38,0.8108108108108109,0.6288288288288288,0.7215120525931337,0.9061561561561562,0.8265765765765766,0.9215485756026296,FM-Full_A-None_AdaBN-F,50,50,50
BI2015a,EEGNetv4,1,40,0.8436213991769548,0.6234567901234568,0.7973003353147385,0.8981481481481481,0.8141975308641975,0.9208180917543056,FM-Full_A-None_AdaBN-F,50,50,50
BI2015a,EEGNetv4,1,41,0.8148148148148148,0.5748148148148148,0.6259945130315501,0.8845679012345679,0.7603703703703704,0.8658573388203019,FM-Full_A-None_AdaBN-F,50,50,50
BI2015a,EEGNetv4,2,1,0.819410815173527,0.5201439228890209,0.6284893965068257,0.8405972558514931,0.6992161264056689,0.8157473060305305,FM-Full_A-None_AdaBN-F,50,50,50
BI2015a,EEGNetv4,2,2,0.8650793650793651,0.6777777777777778,0.8595867976820358,0.9166666666666666,0.8357142857142857,0.9326908541194256,FM-Full_A-None_AdaBN-F,50,50,50
BI2015a,EEGNetv4,2,3,0.8400383141762452,0.7362068965517241,0.8314440480908972,0.9377394636015326,0.882183908045977,0.9614480116263708,FM-Full_A-None_AdaBN-F,50,50,50
BI2015a,EEGNetv4,2,6,0.7733585858585859,0.6640151515151516,0.7208218549127641,0.9116161616161615,0.8303030303030303,0.9206697658402204,FM-Full_A-None_AdaBN-F,50,50,50
BI2015a,EEGNetv4,2,8,0.8095238095238095,0.6412698412698413,0.7540973796926177,0.9041005291005292,0.8265873015873015,0.9181059460821364,FM-Full_A-None_AdaBN-F,50,50,50
BI2015a,EEGNetv4,2,11,0.7861111111111111,0.5816666666666667,0.6602395833333333,0.8923611111111112,0.7954166666666667,0.9056145833333332,FM-Full_A-None_AdaBN-F,50,50,50
BI2015a,EEGNetv4,2,12,0.8198924731182796,0.625268817204301,0.7619031101861486,0.8584229390681004,0.7311827956989247,0.8492210082090415,FM-Full_A-None_AdaBN-F,50,50,50
BI2015a,EEGNetv4,2,15,0.8277777777777777,0.7004761904761905,0.8230340136054421,0.903968253968254,0.8204761904761905,0.9071428571428573,FM-Full_A-None_AdaBN-F,50,50,50
BI2015a,EEGNetv4,2,19,0.8561111111111112,0.683,0.7969711111111111,0.8783333333333333,0.7496666666666667,0.875361111111111,FM-Full_A-None_AdaBN-F,50,50,50
BI2015a,EEGNetv4,2,21,0.8904761904761904,0.74,0.8959501133786847,0.923809523809524,0.8514285714285714,0.9442721088435372,FM-Full_A-None_AdaBN-F,50,50,50
BI2015a,EEGNetv4,2,22,0.8503787878787878,0.7223484848484849,0.8454775022956841,0.8933080808080808,0.8132575757575757,0.9098915289256198,FM-Full_A-None_AdaBN-F,50,50,50
BI2015a,EEGNetv4,2,23,0.847953216374269,0.6596491228070176,0.8233648815020006,0.8742690058479532,0.756140350877193,0.8926669744536779,FM-Full_A-None_AdaBN-F,50,50,50
BI2015a,EEGNetv4,2,24,0.8657407407407407,0.6990740740740741,0.8556498628257887,0.9151234567901234,0.8416666666666667,0.9395104595336076,FM-Full_A-None_AdaBN-F,50,50,50
BI2015a,EEGNetv4,2,29,0.8191721132897604,0.580392156862745,0.6897176299713786,0.8605664488017429,0.7320261437908497,0.8531611773249606,FM-Full_A-None_AdaBN-F,50,50,50
BI2015a,EEGNetv4,2,30,0.8672839506172839,0.7351851851851852,0.7984491693339429,0.9053497942386832,0.7604938271604937,0.9011507392165828,FM-Full_A-None_AdaBN-F,50,50,50
BI2015a,EEGNetv4,2,33,0.8743386243386243,0.6992063492063492,0.8524187452758881,0.9166666666666666,0.8420634920634921,0.9303256487780296,FM-Full_A-None_AdaBN-F,50,50,50
BI2015a,EEGNetv4,2,34,0.8555555555555555,0.6276190476190476,0.8220816326530613,0.8849206349206349,0.7766666666666666,0.9144580498866216,FM-Full_A-None_AdaBN-F,50,50,50
BI2015a,EEGNetv4,2,36,0.8458333333333333,0.6891666666666667,0.8216770833333333,0.9166666666666666,0.8616666666666667,0.9423923611111112,FM-Full_A-None_AdaBN-F,50,50,50
BI2015a,EEGNetv4,2,39,0.8253968253968254,0.6081632653061224,0.762082928409459,0.8752834467120182,0.7891156462585034,0.8843861354065436,FM-Full_A-None_AdaBN-F,50,50,50
BI2015a,EEGNetv4,2,42,0.8289473684210527,0.6084795321637426,0.7502086111966076,0.8260233918128655,0.6769005847953216,0.7944085359597826,FM-Full_A-None_AdaBN-F,50,50,50
BI2015a,EEGNetv4,2,43,0.8754789272030651,0.7321839080459771,0.8811732065001981,0.9243295019157088,0.878735632183908,0.9673140441273615,FM-Full_A-None_AdaBN-F,50,50,50
BI2015a,DeepConvNet,1,4,0.8777777777777778,0.74,0.8706319444444445,0.9229166666666668,0.80375,0.9317986111111112,FM-Full_A-None_AdaBN-F,50,50,50
BI2015a,DeepConvNet,1,5,0.8796296296296297,0.655050505050505,0.9193245587184982,0.9090909090909092,0.8404040404040404,0.9347872666054484,FM-Full_A-None_AdaBN-F,50,50,50
BI2015a,DeepConvNet,1,7,0.3856209150326797,0.6117647058823529,0.7751489811610919,0.8921568627450981,0.7803921568627451,0.9029555940023068,FM-Full_A-None_AdaBN-F,50,50,50
BI2015a,DeepConvNet,1,9,0.8521021021021021,0.5635135135135135,0.8111679246814383,0.8993993993993994,0.7504504504504504,0.9002840678516354,FM-Full_A-None_AdaBN-F,50,50,50
BI2015a,DeepConvNet,1,10,0.8485663082437276,0.5779569892473119,0.8125332408370911,0.9175627240143368,0.843010752688172,0.9380968898138512,FM-Full_A-None_AdaBN-F,50,50,50
BI2015a,DeepConvNet,1,13,0.8516081871345029,0.6214912280701754,0.8381925207756233,0.9100877192982456,0.7548245614035087,0.9332448445675592,FM-Full_A-None_AdaBN-F,50,50,50
BI2015a,DeepConvNet,1,14,0.8247863247863247,0.5393162393162393,0.6383081306158229,0.8596866096866097,0.7619658119658119,0.8653882679523706,FM-Full_A-None_AdaBN-F,50,50,50
BI2015a,DeepConvNet,1,16,0.8706349206349207,0.6557142857142857,0.8556961451247165,0.9103174603174604,0.7995238095238095,0.927909297052154,FM-Full_A-None_AdaBN-F,50,50,50
BI2015a,DeepConvNet,1,17,0.8654320987654321,0.6585185185185185,0.8821207133058985,0.8938271604938272,0.7940740740740742,0.9004307270233196,FM-Full_A-None_AdaBN-F,50,50,50
BI2015a,DeepConvNet,1,18,0.8067901234567901,0.5448148148148149,0.6585048010973937,0.8895061728395062,0.7648148148148148,0.8791906721536351,FM-Full_A-None_AdaBN-F,50,50,50
BI2015a,DeepConvNet,1,20,0.8574074074074074,0.6048148148148148,0.8323374485596708,0.9074074074074074,0.8333333333333333,0.9370480109739368,FM-Full_A-None_AdaBN-F,50,50,50
BI2015a,DeepConvNet,1,25,0.8405172413793104,0.5537356321839081,0.7350987580922184,0.8783524904214559,0.7028735632183908,0.8721908442330559,FM-Full_A-None_AdaBN-F,50,50,50
BI2015a,DeepConvNet,1,26,0.899641577060932,0.7204301075268817,0.949109723667476,0.9399641577060932,0.8650537634408602,0.9561799051913517,FM-Full_A-None_AdaBN-F,50,50,50
BI2015a,DeepConvNet,1,27,0.8372011251758087,0.5175105485232068,0.6874646157132939,0.8417721518987342,0.7084388185654009,0.8202941124107603,FM-Full_A-None_AdaBN-F,50,50,50
BI2015a,DeepConvNet,1,28,0.8483333333333334,0.5703333333333334,0.8189222222222222,0.8594444444444445,0.7543333333333333,0.8592644444444445,FM-Full_A-None_AdaBN-F,50,50,50
BI2015a,DeepConvNet,1,31,0.8322222222222222,0.5251111111111111,0.6434785185185186,0.8325925925925926,0.6613333333333333,0.7882074074074075,FM-Full_A-None_AdaBN-F,50,50,50
BI2015a,DeepConvNet,1,32,0.8781362007168458,0.6645161290322581,0.8493062781824489,0.8969534050179212,0.7790322580645161,0.9022603769221876,FM-Full_A-None_AdaBN-F,50,50,50
BI2015a,DeepConvNet,1,35,0.8341384863123994,0.5043478260869565,0.6659046885574926,0.8252818035426731,0.6285024154589371,0.7426719410021239,FM-Full_A-None_AdaBN-F,50,50,50
BI2015a,DeepConvNet,1,37,0.7757936507936508,0.5292857142857144,0.5106927437641723,0.8579365079365079,0.71,0.8425181405895692,FM-Full_A-None_AdaBN-F,50,50,50
BI2015a,DeepConvNet,1,38,0.8295795795795796,0.5752252252252252,0.6784351919487055,0.915915915915916,0.8,0.920412304196088,FM-Full_A-None_AdaBN-F,50,50,50
BI2015a,DeepConvNet,1,40,0.8467078189300411,0.558641975308642,0.8004953513183966,0.9063786008230452,0.7598765432098765,0.9029016156073768,FM-Full_A-None_AdaBN-F,50,50,50
BI2015a,DeepConvNet,1,41,0.7901234567901234,0.5511111111111111,0.6138943758573389,0.8925925925925926,0.7296296296296296,0.8802524005486968,FM-Full_A-None_AdaBN-F,50,50,50
BI2015a,DeepConvNet,2,1,0.8278853914447135,0.5101916771197818,0.630629314202299,0.8452380952380952,0.6952096124645144,0.8078322806863112,FM-Full_A-None_AdaBN-F,50,50,50
BI2015a,DeepConvNet,2,2,0.8465608465608465,0.5476190476190477,0.7950995212899974,0.8915343915343915,0.7857142857142857,0.9075743260267072,FM-Full_A-None_AdaBN-F,50,50,50
BI2015a,DeepConvNet,2,3,0.8448275862068966,0.6195402298850574,0.7792244682256572,0.9233716475095786,0.7977011494252874,0.949167657550535,FM-Full_A-None_AdaBN-F,50,50,50
BI2015a,DeepConvNet,2,6,0.8314393939393939,0.5746212121212121,0.7388487144168961,0.9002525252525253,0.775,0.896986914600551,FM-Full_A-None_AdaBN-F,50,50,50
BI2015a,DeepConvNet,2,8,0.8253968253968254,0.5015873015873016,0.6439342403628118,0.8869047619047619,0.7083333333333333,0.8963246409674982,FM-Full_A-None_AdaBN-F,50,50,50
BI2015a,DeepConvNet,2,11,0.8090277777777778,0.5154166666666666,0.6621284722222222,0.8736111111111111,0.7725,0.8802395833333334,FM-Full_A-None_AdaBN-F,50,50,50
BI2015a,DeepConvNet,2,12,0.8409498207885304,0.5303763440860215,0.7736689212625736,0.8413978494623656,0.7209677419354839,0.8228010463637414,FM-Full_A-None_AdaBN-F,50,50,50
BI2015a,DeepConvNet,2,15,0.8325396825396826,0.5223809523809524,0.7386666666666667,0.8833333333333333,0.69,0.8674376417233561,FM-Full_A-None_AdaBN-F,50,50,50
BI2015a,DeepConvNet,2,19,0.8305555555555556,0.513,0.6734577777777778,0.8794444444444445,0.7316666666666667,0.8625144444444446,FM-Full_A-None_AdaBN-F,50,50,50
BI2015a,DeepConvNet,2,21,0.8404761904761905,0.5252380952380953,0.7877641723356009,0.8936507936507937,0.720952380952381,0.9130476190476192,FM-Full_A-None_AdaBN-F,50,50,50
BI2015a,DeepConvNet,2,22,0.8402777777777778,0.5435606060606061,0.7085514233241506,0.8636363636363636,0.7484848484848485,0.8689307851239669,FM-Full_A-None_AdaBN-F,50,50,50
BI2015a,DeepConvNet,2,23,0.8362573099415205,0.5157894736842106,0.7686134195136965,0.868421052631579,0.6719298245614035,0.8636426592797785,FM-Full_A-None_AdaBN-F,50,50,50
BI2015a,DeepConvNet,2,24,0.8449074074074074,0.5347222222222222,0.82667609739369,0.8873456790123457,0.750925925925926,0.898315329218107,FM-Full_A-None_AdaBN-F,50,50,50
BI2015a,DeepConvNet,2,29,0.8289760348583878,0.5091503267973856,0.6248045623478149,0.8545751633986928,0.653921568627451,0.8051390490836857,FM-Full_A-None_AdaBN-F,50,50,50
BI2015a,DeepConvNet,2,30,0.8364197530864198,0.6006172839506172,0.7825026672763298,0.9074074074074074,0.7666666666666666,0.921894528273129,FM-Full_A-None_AdaBN-F,50,50,50
BI2015a,DeepConvNet,2,33,0.8313492063492064,0.4988095238095238,0.7501637692113883,0.9014550264550264,0.7456349206349207,0.9083081380700428,FM-Full_A-None_AdaBN-F,50,50,50
BI2015a,DeepConvNet,2,34,0.8341269841269842,0.5042857142857143,0.7323356009070295,0.8722222222222222,0.6833333333333333,0.8550340136054422,FM-Full_A-None_AdaBN-F,50,50,50
BI2015a,DeepConvNet,2,36,0.8229166666666666,0.5204166666666666,0.6575451388888888,0.89375,0.7529166666666667,0.8935763888888889,FM-Full_A-None_AdaBN-F,50,50,50
BI2015a,DeepConvNet,2,39,0.8321995464852607,0.5006802721088435,0.7668054977092877,0.8758503401360545,0.7295918367346939,0.8662640566430655,FM-Full_A-None_AdaBN-F,50,50,50
BI2015a,DeepConvNet,2,42,0.8372319688109162,0.5233918128654971,0.7345781608016141,0.8269980506822612,0.6716374269005848,0.7848466194726582,FM-Full_A-None_AdaBN-F,50,50,50
BI2015a,DeepConvNet,2,43,0.8467432950191571,0.542528735632184,0.8946426212181265,0.9300766283524904,0.8454022988505747,0.956156691769058,FM-Full_A-None_AdaBN-F,50,50,50
BI2015a,ATCNet,1,4,0.8569444444444444,0.7041666666666666,0.8434340277777779,0.8986111111111111,0.8125,0.9130486111111112,FM-Full_A-None_AdaBN-F,50,50,50
BI2015a,ATCNet,1,5,0.8358585858585859,0.7055555555555555,0.8260024487297215,0.9031986531986532,0.8287878787878787,0.9156514641363128,FM-Full_A-None_AdaBN-F,50,50,50
BI2015a,ATCNet,1,7,0.8333333333333334,0.5,0.6721933871587851,0.8725490196078431,0.7627450980392156,0.8754469434832757,FM-Full_A-None_AdaBN-F,50,50,50
BI2015a,ATCNet,1,9,0.8228228228228228,0.6630630630630631,0.7683670156643128,0.8828828828828829,0.8054054054054054,0.9043502962421882,FM-Full_A-None_AdaBN-F,50,50,50
BI2015a,ATCNet,1,10,0.8485663082437276,0.7048387096774194,0.7943519482021042,0.910394265232975,0.8387096774193549,0.9193837437854088,FM-Full_A-None_AdaBN-F,50,50,50
BI2015a,ATCNet,1,13,0.8245614035087719,0.7315789473684211,0.8197176054170514,0.908625730994152,0.8697368421052631,0.9403624192059096,FM-Full_A-None_AdaBN-F,50,50,50
BI2015a,ATCNet,1,14,0.7898860398860399,0.5918803418803419,0.6560011688216816,0.863960113960114,0.7491452991452991,0.8864928044415225,FM-Full_A-None_AdaBN-F,50,50,50
BI2015a,ATCNet,1,16,0.8325396825396826,0.7376190476190476,0.8193560090702948,0.8952380952380953,0.8323809523809524,0.9291519274376416,FM-Full_A-None_AdaBN-F,50,50,50
BI2015a,ATCNet,1,17,0.8364197530864198,0.727037037037037,0.8268683127572017,0.8641975308641975,0.7748148148148148,0.884400548696845,FM-Full_A-None_AdaBN-F,50,50,50
BI2015a,ATCNet,1,18,0.7679012345679013,0.6014814814814815,0.6746529492455419,0.858641975308642,0.7685185185185185,0.8586364883401921,FM-Full_A-None_AdaBN-F,50,50,50
BI2015a,ATCNet,1,20,0.8049382716049382,0.6503703703703704,0.7703511659807956,0.8734567901234568,0.7877777777777777,0.8914403292181069,FM-Full_A-None_AdaBN-F,50,50,50
BI2015a,ATCNet,1,25,0.8227969348659003,0.55,0.7047083498480644,0.8395593869731801,0.7267241379310345,0.8428573787818736,FM-Full_A-None_AdaBN-F,50,50,50
BI2015a,ATCNet,1,26,0.8781362007168458,0.810752688172043,0.9139900566539484,0.9094982078853048,0.853225806451613,0.9437507226268932,FM-Full_A-None_AdaBN-F,50,50,50
BI2015a,ATCNet,1,27,0.7862165963431786,0.5637130801687764,0.6108921291103633,0.8157524613220816,0.6708860759493671,0.788786519254393,FM-Full_A-None_AdaBN-F,50,50,50
BI2015a,ATCNet,1,28,0.8044444444444444,0.6546666666666666,0.7621044444444445,0.8377777777777777,0.7093333333333334,0.8307355555555554,FM-Full_A-None_AdaBN-F,50,50,50
BI2015a,ATCNet,1,31,0.784074074074074,0.5477777777777778,0.6215135802469135,0.8296296296296296,0.6888888888888889,0.7978320987654322,FM-Full_A-None_AdaBN-F,50,50,50
BI2015a,ATCNet,1,32,0.8198924731182796,0.7048387096774194,0.803520638224072,0.8691756272401434,0.7731182795698925,0.8842582957567349,FM-Full_A-None_AdaBN-F,50,50,50
BI2015a,ATCNet,1,35,0.821658615136876,0.5461352657004831,0.6262491540059277,0.8075684380032206,0.648792270531401,0.7381257438913393,FM-Full_A-None_AdaBN-F,50,50,50
BI2015a,ATCNet,1,37,0.7257936507936508,0.4964285714285714,0.5185634920634921,0.8297619047619048,0.6892857142857143,0.7921768707482993,FM-Full_A-None_AdaBN-F,50,50,50
BI2015a,ATCNet,1,38,0.774024024024024,0.613963963963964,0.6568866163460758,0.8701201201201201,0.7959459459459459,0.8977193409625843,FM-Full_A-None_AdaBN-F,50,50,50
BI2015a,ATCNet,1,40,0.8245884773662552,0.6552469135802469,0.7604461972260326,0.8744855967078189,0.7938271604938272,0.8993884316415179,FM-Full_A-None_AdaBN-F,50,50,50
BI2015a,ATCNet,1,41,0.7765432098765432,0.617037037037037,0.6676406035665294,0.8919753086419753,0.7840740740740741,0.8995912208504802,FM-Full_A-None_AdaBN-F,50,50,50
BI2015a,ATCNet,2,1,0.7949959644874899,0.5413903743315508,0.6122415146380288,0.8401937046004843,0.7081895204771022,0.8186049309360856,FM-Full_A-None_AdaBN-F,50,50,50
BI2015a,ATCNet,2,2,0.8220899470899471,0.6710317460317461,0.7927311665406903,0.8855820105820106,0.8154761904761905,0.9207325522801716,FM-Full_A-None_AdaBN-F,50,50,50
BI2015a,ATCNet,2,3,0.7883141762452107,0.6477011494252873,0.7585546307306117,0.9176245210727968,0.860919540229885,0.9495375875280748,FM-Full_A-None_AdaBN-F,50,50,50
BI2015a,ATCNet,2,6,0.7784090909090909,0.6306818181818182,0.707174012855831,0.9034090909090908,0.8238636363636365,0.9116046831955924,FM-Full_A-None_AdaBN-F,50,50,50
BI2015a,ATCNet,2,8,0.7923280423280423,0.6325396825396825,0.7295194003527337,0.8855820105820106,0.8218253968253968,0.908197908793147,FM-Full_A-None_AdaBN-F,50,50,50
BI2015a,ATCNet,2,11,0.7736111111111111,0.5858333333333333,0.6743194444444445,0.8569444444444444,0.7758333333333334,0.8759687500000001,FM-Full_A-None_AdaBN-F,50,50,50
BI2015a,ATCNet,2,12,0.8127240143369175,0.6349462365591398,0.7398181870736501,0.8494623655913979,0.7419354838709677,0.8414715574054802,FM-Full_A-None_AdaBN-F,50,50,50
BI2015a,ATCNet,2,15,0.8071428571428572,0.6423809523809524,0.7620816326530613,0.8777777777777778,0.7952380952380952,0.8940408163265307,FM-Full_A-None_AdaBN-F,50,50,50
BI2015a,ATCNet,2,19,0.8005555555555556,0.5976666666666667,0.6694311111111112,0.8461111111111111,0.725,0.8213244444444444,FM-Full_A-None_AdaBN-F,50,50,50
BI2015a,ATCNet,2,21,0.8571428571428571,0.7161904761904762,0.8324081632653062,0.9047619047619048,0.8438095238095238,0.9300544217687076,FM-Full_A-None_AdaBN-F,50,50,50
BI2015a,ATCNet,2,22,0.8143939393939394,0.6568181818181819,0.7617022497704317,0.8712121212121212,0.793939393939394,0.8852760560146924,FM-Full_A-None_AdaBN-F,50,50,50
BI2015a,ATCNet,2,23,0.8230994152046783,0.6535087719298246,0.7767389966143429,0.85453216374269,0.7442982456140351,0.8554863034779933,FM-Full_A-None_AdaBN-F,50,50,50
BI2015a,ATCNet,2,24,0.8240740740740741,0.6407407407407407,0.7571287722908092,0.8950617283950617,0.8333333333333333,0.929196673525377,FM-Full_A-None_AdaBN-F,50,50,50
BI2015a,ATCNet,2,29,0.8001089324618736,0.5741830065359477,0.6599085821692512,0.8316993464052288,0.7042483660130718,0.812952283309838,FM-Full_A-None_AdaBN-F,50,50,50
BI2015a,ATCNet,2,30,0.8333333333333334,0.7074074074074074,0.7948940710257583,0.8950617283950617,0.7740740740740741,0.8887745770461819,FM-Full_A-None_AdaBN-F,50,50,50
BI2015a,ATCNet,2,33,0.833994708994709,0.6591269841269841,0.7816924918115393,0.8816137566137566,0.8146825396825397,0.9054925673973292,FM-Full_A-None_AdaBN-F,50,50,50
BI2015a,ATCNet,2,34,0.8095238095238095,0.5904761904761905,0.7306485260770976,0.8738095238095238,0.7795238095238095,0.8815102040816327,FM-Full_A-None_AdaBN-F,50,50,50
BI2015a,ATCNet,2,36,0.7708333333333334,0.5925,0.6852986111111111,0.8527777777777777,0.7533333333333333,0.8803854166666667,FM-Full_A-None_AdaBN-F,50,50,50
BI2015a,ATCNet,2,39,0.8321995464852607,0.5034013605442177,0.793324540700634,0.8764172335600907,0.7816326530612245,0.890552547549632,FM-Full_A-None_AdaBN-F,50,50,50
BI2015a,ATCNet,2,42,0.8084795321637427,0.6125730994152047,0.7014739577989808,0.8240740740740741,0.6944444444444444,0.787982627133135,FM-Full_A-None_AdaBN-F,50,50,50
BI2015a,ATCNet,2,43,0.8639846743295019,0.7344827586206897,0.842522129739728,0.914750957854406,0.8706896551724138,0.954392918483287,FM-Full_A-None_AdaBN-F,50,50,50
BI2015a,ShallowConvNet,1,4,0.8479166666666667,0.6170833333333333,0.7513749999999999,0.8840277777777777,0.74375,0.8862222222222222,FM-Full_A-None_AdaBN-F,50,50,50
BI2015a,ShallowConvNet,1,5,0.8493265993265994,0.5924242424242424,0.7649168452198756,0.8914141414141414,0.7328282828282828,0.858784817875727,FM-Full_A-None_AdaBN-F,50,50,50
BI2015a,ShallowConvNet,1,7,0.8316993464052288,0.4990196078431372,0.5692041522491349,0.8455882352941176,0.6465686274509803,0.7959150326797386,FM-Full_A-None_AdaBN-F,50,50,50
BI2015a,ShallowConvNet,1,9,0.8340840840840841,0.5346846846846847,0.7015380245109974,0.8536036036036037,0.6400900900900901,0.7746936125314503,FM-Full_A-None_AdaBN-F,50,50,50
BI2015a,ShallowConvNet,1,10,0.8136200716845878,0.5333333333333333,0.6868019424210892,0.8405017921146953,0.624731182795699,0.7984622499710948,FM-Full_A-None_AdaBN-F,50,50,50
BI2015a,ShallowConvNet,1,13,0.8508771929824561,0.6543859649122807,0.8211180363188675,0.8983918128654971,0.7530701754385964,0.8955178516466605,FM-Full_A-None_AdaBN-F,50,50,50
BI2015a,ShallowConvNet,1,14,0.7856125356125356,0.5038461538461538,0.5910183358901308,0.8304843304843305,0.576923076923077,0.7200818175177148,FM-Full_A-None_AdaBN-F,50,50,50
BI2015a,ShallowConvNet,1,16,0.8269841269841269,0.5895238095238096,0.7339682539682539,0.85,0.6642857142857143,0.8333015873015873,FM-Full_A-None_AdaBN-F,50,50,50
BI2015a,ShallowConvNet,1,17,0.808641975308642,0.5592592592592592,0.6855336076817558,0.8308641975308642,0.5948148148148148,0.7388230452674897,FM-Full_A-None_AdaBN-F,50,50,50
BI2015a,ShallowConvNet,1,18,0.7561728395061729,0.4996296296296296,0.5603292181069959,0.8271604938271605,0.5777777777777777,0.7028998628257888,FM-Full_A-None_AdaBN-F,50,50,50
BI2015a,ShallowConvNet,1,20,0.7975308641975308,0.514074074074074,0.6429931412894376,0.837037037037037,0.6281481481481481,0.8015610425240054,FM-Full_A-None_AdaBN-F,50,50,50
BI2015a,ShallowConvNet,1,25,0.8227969348659003,0.5063218390804598,0.5965583300303872,0.8146551724137931,0.5635057471264368,0.6740041617122474,FM-Full_A-None_AdaBN-F,50,50,50
BI2015a,ShallowConvNet,1,26,0.8521505376344086,0.6209677419354839,0.7705861949358307,0.8933691756272402,0.7446236559139785,0.8756792692796854,FM-Full_A-None_AdaBN-F,50,50,50
BI2015a,ShallowConvNet,1,27,0.8224331926863573,0.5120253164556963,0.5726379319553491,0.8143459915611815,0.5485232067510548,0.6521542131780875,FM-Full_A-None_AdaBN-F,50,50,50
BI2015a,ShallowConvNet,1,28,0.835,0.5476666666666666,0.6529533333333334,0.8122222222222222,0.5593333333333333,0.6857555555555556,FM-Full_A-None_AdaBN-F,50,50,50
BI2015a,ShallowConvNet,1,31,0.8177777777777778,0.5128888888888888,0.5733234567901234,0.8181481481481482,0.5371111111111111,0.6427575308641975,FM-Full_A-None_AdaBN-F,50,50,50
BI2015a,ShallowConvNet,1,32,0.8360215053763441,0.5876344086021505,0.7464446756850504,0.8557347670250897,0.6661290322580645,0.7862874320730721,FM-Full_A-None_AdaBN-F,50,50,50
BI2015a,ShallowConvNet,1,35,0.8325281803542673,0.5053140096618357,0.5855737590142127,0.8039452495974235,0.5355072463768116,0.5788618170785783,FM-Full_A-None_AdaBN-F,50,50,50
BI2015a,ShallowConvNet,1,37,0.8214285714285714,0.4995238095238095,0.502014739229025,0.8051587301587302,0.5288095238095238,0.6093480725623583,FM-Full_A-None_AdaBN-F,50,50,50
BI2015a,ShallowConvNet,1,38,0.8273273273273273,0.5612612612612613,0.673821118415713,0.8438438438438438,0.6216216216216216,0.7790601412223033,FM-Full_A-None_AdaBN-F,50,50,50
BI2015a,ShallowConvNet,1,40,0.8245884773662552,0.537962962962963,0.6490683584819387,0.8492798353909465,0.6478395061728395,0.8051821368693796,FM-Full_A-None_AdaBN-F,50,50,50
BI2015a,ShallowConvNet,1,41,0.7098765432098766,0.5059259259259259,0.587718792866941,0.8320987654320988,0.6074074074074074,0.7421015089163238,FM-Full_A-None_AdaBN-F,50,50,50
BI2015a,ShallowConvNet,2,1,0.7685633575464084,0.52116942848969,0.5392736368771227,0.8284907183212268,0.5925239321317753,0.7423689326085839,FM-Full_A-None_AdaBN-F,50,50,50
BI2015a,ShallowConvNet,2,2,0.7943121693121693,0.5242063492063492,0.6384700176366842,0.8551587301587301,0.6464285714285715,0.7815822625346435,FM-Full_A-None_AdaBN-F,50,50,50
BI2015a,ShallowConvNet,2,3,0.8160919540229885,0.5586206896551724,0.6522195798652398,0.896551724137931,0.7632183908045977,0.8890870656625709,FM-Full_A-None_AdaBN-F,50,50,50
BI2015a,ShallowConvNet,2,6,0.8327020202020202,0.5284090909090909,0.6388429752066115,0.851010101010101,0.6484848484848484,0.7747015610651975,FM-Full_A-None_AdaBN-F,50,50,50
BI2015a,ShallowConvNet,2,8,0.7757936507936508,0.5448412698412699,0.6052217183169564,0.8306878306878307,0.6126984126984127,0.7569255479969765,FM-Full_A-None_AdaBN-F,50,50,50
BI2015a,ShallowConvNet,2,11,0.83125,0.49875,0.5643194444444445,0.8229166666666666,0.5620833333333334,0.6405173611111111,FM-Full_A-None_AdaBN-F,50,50,50
BI2015a,ShallowConvNet,2,12,0.8261648745519713,0.5086021505376345,0.6023051797895711,0.8275089605734767,0.5954301075268817,0.7224028789455428,FM-Full_A-None_AdaBN-F,50,50,50
BI2015a,ShallowConvNet,2,15,0.7896825396825397,0.5652380952380952,0.6722766439909298,0.8428571428571429,0.6333333333333333,0.772625850340136,FM-Full_A-None_AdaBN-F,50,50,50
BI2015a,ShallowConvNet,2,19,0.8188888888888889,0.5193333333333333,0.613771111111111,0.8411111111111111,0.6233333333333333,0.7670155555555556,FM-Full_A-None_AdaBN-F,50,50,50
BI2015a,ShallowConvNet,2,21,0.8055555555555556,0.51,0.6202766439909297,0.846031746031746,0.6371428571428571,0.8099138321995464,FM-Full_A-None_AdaBN-F,50,50,50
BI2015a,ShallowConvNet,2,22,0.8156565656565656,0.5151515151515151,0.5792269283746556,0.8289141414141414,0.5837121212121212,0.7110738062442608,FM-Full_A-None_AdaBN-F,50,50,50
BI2015a,ShallowConvNet,2,23,0.820906432748538,0.5346491228070176,0.6243228685749462,0.8238304093567251,0.5767543859649122,0.7087950138504155,FM-Full_A-None_AdaBN-F,50,50,50
BI2015a,ShallowConvNet,2,24,0.8148148148148148,0.562962962962963,0.6530092592592592,0.8572530864197531,0.6532407407407408,0.7866255144032922,FM-Full_A-None_AdaBN-F,50,50,50
BI2015a,ShallowConvNet,2,29,0.8159041394335512,0.5065359477124183,0.5819898329702251,0.8289760348583878,0.565359477124183,0.6691486180528857,FM-Full_A-None_AdaBN-F,50,50,50
BI2015a,ShallowConvNet,2,30,0.7921810699588477,0.5543209876543209,0.6581923487273282,0.8786008230452675,0.7469135802469136,0.8890870294162475,FM-Full_A-None_AdaBN-F,50,50,50
BI2015a,ShallowConvNet,2,33,0.8201058201058201,0.5190476190476191,0.6047178130511464,0.8564814814814815,0.6694444444444444,0.8255479969765684,FM-Full_A-None_AdaBN-F,50,50,50
BI2015a,ShallowConvNet,2,34,0.8214285714285714,0.5461904761904762,0.6484353741496598,0.834920634920635,0.6,0.7396598639455783,FM-Full_A-None_AdaBN-F,50,50,50
BI2015a,ShallowConvNet,2,36,0.7701388888888889,0.5204166666666666,0.5537326388888888,0.8194444444444444,0.575,0.7006805555555555,FM-Full_A-None_AdaBN-F,50,50,50
BI2015a,ShallowConvNet,2,39,0.8316326530612245,0.5098639455782312,0.5975658290527095,0.8327664399092971,0.6003401360544218,0.7365056226572262,FM-Full_A-None_AdaBN-F,50,50,50
BI2015a,ShallowConvNet,2,42,0.8172514619883041,0.5371345029239767,0.5763824766594849,0.8187134502923976,0.5672514619883041,0.6614633562463665,FM-Full_A-None_AdaBN-F,50,50,50
BI2015a,ShallowConvNet,2,43,0.8314176245210728,0.5287356321839081,0.7108997225525169,0.8783524904214559,0.7224137931034482,0.8952503633240849,FM-Full_A-None_AdaBN-F,50,50,50
BI2015a,ATCNet,1,4,0.88125,0.7120833333333333,0.87021875,0.925,0.8500000000000001,0.9388611111111111,FM-Full_A-None_AdaBN-F,250,250,250
BI2015a,ATCNet,1,5,0.8821548821548821,0.7575757575757576,0.8814559738802163,0.9234006734006734,0.8752525252525252,0.945673910825426,FM-Full_A-None_AdaBN-F,250,250,250
BI2015a,ATCNet,1,7,0.8333333333333334,0.5,0.7287821991541714,0.9133986928104576,0.834313725490196,0.9213331410995772,FM-Full_A-None_AdaBN-F,250,250,250
BI2015a,ATCNet,1,9,0.8378378378378378,0.6702702702702703,0.783657982306631,0.9091591591591592,0.8211711711711711,0.9195357519681844,FM-Full_A-None_AdaBN-F,250,250,250
BI2015a,ATCNet,1,10,0.8772401433691757,0.717741935483871,0.8697363857093305,0.9274193548387096,0.8790322580645161,0.953069719042664,FM-Full_A-None_AdaBN-F,250,250,250
BI2015a,ATCNet,1,13,0.8852339181286549,0.7609649122807017,0.8916935980301631,0.932748538011696,0.8771929824561404,0.9581948291782086,FM-Full_A-None_AdaBN-F,250,250,250
BI2015a,ATCNet,1,14,0.7735042735042735,0.5752136752136752,0.609277522098035,0.8725071225071225,0.767948717948718,0.9032836584118636,FM-Full_A-None_AdaBN-F,250,250,250
BI2015a,ATCNet,1,16,0.8960317460317461,0.789047619047619,0.9201496598639456,0.9134920634920636,0.8471428571428572,0.9559501133786849,FM-Full_A-None_AdaBN-F,250,250,250
BI2015a,ATCNet,1,17,0.8709876543209877,0.7240740740740741,0.8462057613168724,0.8827160493827161,0.7992592592592592,0.9047407407407406,FM-Full_A-None_AdaBN-F,250,250,250
BI2015a,ATCNet,1,18,0.7901234567901234,0.6029629629629629,0.6903319615912209,0.8722222222222222,0.7692592592592593,0.8626117969821674,FM-Full_A-None_AdaBN-F,250,250,250
BI2015a,ATCNet,1,20,0.8660493827160494,0.7122222222222222,0.8432345679012345,0.9092592592592592,0.8462962962962963,0.9359890260631,FM-Full_A-None_AdaBN-F,250,250,250
BI2015a,ATCNet,1,25,0.7792145593869731,0.6433908045977011,0.7322896023252742,0.8625478927203065,0.7566091954022989,0.8641267010173075,FM-Full_A-None_AdaBN-F,250,250,250
BI2015a,ATCNet,1,26,0.9157706093189965,0.8440860215053764,0.9444675685050296,0.9345878136200716,0.8876344086021506,0.966655104636374,FM-Full_A-None_AdaBN-F,250,250,250
BI2015a,ATCNet,1,27,0.8336849507735584,0.5533755274261604,0.6738067261300718,0.8393108298171589,0.7128691983122364,0.8327529420142783,FM-Full_A-None_AdaBN-F,250,250,250
BI2015a,ATCNet,1,28,0.8594444444444445,0.669,0.8396088888888888,0.8688888888888889,0.7693333333333333,0.8714022222222223,FM-Full_A-None_AdaBN-F,250,250,250
BI2015a,ATCNet,1,31,0.8151851851851852,0.5700000000000001,0.671757037037037,0.8407407407407408,0.7026666666666667,0.8189925925925926,FM-Full_A-None_AdaBN-F,250,250,250
BI2015a,ATCNet,1,32,0.8826164874551972,0.7424731182795699,0.8665972944849115,0.9077060931899642,0.8155913978494623,0.9179153659382588,FM-Full_A-None_AdaBN-F,250,250,250
BI2015a,ATCNet,1,35,0.8413848631239935,0.533816425120773,0.7435727788279772,0.8236714975845411,0.6700483091787439,0.7651823846530841,FM-Full_A-None_AdaBN-F,250,250,250
BI2015a,ATCNet,1,37,0.7412698412698413,0.5504761904761905,0.5841303854875283,0.8515873015873016,0.7366666666666666,0.8422086167800452,FM-Full_A-None_AdaBN-F,250,250,250
BI2015a,ATCNet,1,38,0.8370870870870871,0.6572072072072072,0.7816613911208506,0.9076576576576576,0.8418918918918918,0.9334672510348186,FM-Full_A-None_AdaBN-F,250,250,250
BI2015a,ATCNet,1,40,0.8518518518518519,0.6209876543209877,0.8131782502667276,0.8986625514403292,0.8145061728395062,0.9120598994055782,FM-Full_A-None_AdaBN-F,250,250,250
BI2015a,ATCNet,1,41,0.804320987654321,0.6085185185185186,0.6853497942386831,0.8950617283950617,0.7874074074074073,0.9148724279835392,FM-Full_A-None_AdaBN-F,250,250,250
BI2015a,ATCNet,2,1,0.8333333333333334,0.5018190620805,0.5405731974795156,0.8577481840193705,0.7255100019805902,0.8414817749022541,FM-Full_A-None_AdaBN-F,250,250,250
BI2015a,ATCNet,2,2,0.8690476190476191,0.7023809523809523,0.8663832199546485,0.9246031746031746,0.8690476190476191,0.9465702947845804,FM-Full_A-None_AdaBN-F,250,250,250
BI2015a,ATCNet,2,3,0.7959770114942529,0.7120689655172414,0.8213436385255648,0.9339080459770116,0.882183908045977,0.9724864579204652,FM-Full_A-None_AdaBN-F,250,250,250
BI2015a,ATCNet,2,6,0.7619949494949495,0.6253787878787879,0.7057650367309458,0.8996212121212122,0.8321969696969698,0.9288997933884298,FM-Full_A-None_AdaBN-F,250,250,250
BI2015a,ATCNet,2,8,0.8247354497354498,0.6630952380952381,0.7878716301335348,0.9107142857142856,0.8448412698412698,0.9275793650793652,FM-Full_A-None_AdaBN-F,250,250,250
BI2015a,ATCNet,2,11,0.7826388888888889,0.61125,0.7010833333333334,0.8715277777777778,0.7845833333333334,0.8949305555555556,FM-Full_A-None_AdaBN-F,250,250,250
BI2015a,ATCNet,2,12,0.8275089605734767,0.6298387096774194,0.7579127644814428,0.857078853046595,0.7540322580645161,0.8530075731298417,FM-Full_A-None_AdaBN-F,250,250,250
BI2015a,ATCNet,2,15,0.8579365079365079,0.7719047619047619,0.8630612244897958,0.907936507936508,0.8457142857142856,0.9313786848072564,FM-Full_A-None_AdaBN-F,250,250,250
BI2015a,ATCNet,2,19,0.855,0.7076666666666667,0.7968533333333334,0.8894444444444445,0.7963333333333333,0.8835400000000001,FM-Full_A-None_AdaBN-F,250,250,250
BI2015a,ATCNet,2,21,0.9,0.799047619047619,0.9060816326530612,0.9365079365079364,0.8933333333333333,0.951591836734694,FM-Full_A-None_AdaBN-F,250,250,250
BI2015a,ATCNet,2,22,0.8522727272727273,0.7416666666666667,0.8445276629935721,0.8983585858585859,0.8329545454545455,0.9213728191000916,FM-Full_A-None_AdaBN-F,250,250,250
BI2015a,ATCNet,2,23,0.8728070175438597,0.7219298245614034,0.8448599569098183,0.8779239766081871,0.7723684210526316,0.907267620806402,FM-Full_A-None_AdaBN-F,250,250,250
BI2015a,ATCNet,2,24,0.8657407407407407,0.712037037037037,0.870914780521262,0.9282407407407408,0.8754629629629629,0.9568458504801098,FM-Full_A-None_AdaBN-F,250,250,250
BI2015a,ATCNet,2,29,0.8251633986928104,0.5931372549019608,0.7157802554573027,0.8562091503267973,0.7411764705882353,0.8577448844461532,FM-Full_A-None_AdaBN-F,250,250,250
BI2015a,ATCNet,2,30,0.8713991769547325,0.8462962962962963,0.8873494894071026,0.9228395061728396,0.8228395061728395,0.9280064014631916,FM-Full_A-None_AdaBN-F,250,250,250
BI2015a,ATCNet,2,33,0.878968253968254,0.7464285714285714,0.8714537666918619,0.9041005291005292,0.8345238095238094,0.9345017636684304,FM-Full_A-None_AdaBN-F,250,250,250
BI2015a,ATCNet,2,34,0.8714285714285714,0.6980952380952381,0.8386167800453515,0.9047619047619048,0.8323809523809524,0.923124716553288,FM-Full_A-None_AdaBN-F,250,250,250
BI2015a,ATCNet,2,36,0.8284722222222223,0.7304166666666667,0.8244965277777778,0.9006944444444445,0.8304166666666666,0.9408263888888888,FM-Full_A-None_AdaBN-F,250,250,250
BI2015a,ATCNet,2,39,0.8327664399092971,0.4996598639455782,0.5871002822897867,0.8905895691609977,0.8064625850340136,0.9036535702716462,FM-Full_A-None_AdaBN-F,250,250,250
BI2015a,ATCNet,2,42,0.8406432748538012,0.645906432748538,0.7615095242980745,0.8425925925925926,0.710233918128655,0.8181064259088267,FM-Full_A-None_AdaBN-F,250,250,250
BI2015a,ATCNet,2,43,0.914750957854406,0.8293103448275863,0.9346545118245474,0.935823754789272,0.9017241379310345,0.968562557801559,FM-Full_A-None_AdaBN-F,250,250,250
BI2015a,DeepConvNet,1,4,0.8597222222222223,0.7891666666666667,0.8942673611111112,0.9416666666666668,0.865,0.9580833333333332,FM-Full_A-None_AdaBN-F,250,250,250
BI2015a,DeepConvNet,1,5,0.9015151515151516,0.7328282828282828,0.947240077543108,0.9276094276094276,0.8494949494949495,0.9515457606366696,FM-Full_A-None_AdaBN-F,250,250,250
BI2015a,DeepConvNet,1,7,0.8733660130718954,0.6651960784313725,0.8679834678969627,0.9305555555555556,0.8426470588235294,0.9419886582083812,FM-Full_A-None_AdaBN-F,250,250,250
BI2015a,DeepConvNet,1,9,0.8528528528528528,0.6054054054054054,0.8033317100884668,0.9024024024024024,0.79009009009009,0.9103481860238616,FM-Full_A-None_AdaBN-F,250,250,250
BI2015a,DeepConvNet,1,10,0.8620071684587813,0.6634408602150538,0.8693374956642387,0.92831541218638,0.8494623655913979,0.9533587697999768,FM-Full_A-None_AdaBN-F,250,250,250
BI2015a,DeepConvNet,1,13,0.8991228070175439,0.7675438596491229,0.899015081563558,0.9371345029239766,0.8394736842105264,0.9533895044629116,FM-Full_A-None_AdaBN-F,250,250,250
BI2015a,DeepConvNet,1,14,0.7913105413105413,0.5414529914529914,0.6039922565563591,0.8810541310541311,0.755982905982906,0.8798816568047338,FM-Full_A-None_AdaBN-F,250,250,250
BI2015a,DeepConvNet,1,16,0.8928571428571429,0.749047619047619,0.9128027210884352,0.9333333333333332,0.8476190476190476,0.9514104308390022,FM-Full_A-None_AdaBN-F,250,250,250
BI2015a,DeepConvNet,1,17,0.8685185185185185,0.6840740740740741,0.8789821673525378,0.9117283950617284,0.8033333333333333,0.9171824417009602,FM-Full_A-None_AdaBN-F,250,250,250
BI2015a,DeepConvNet,1,18,0.8388888888888889,0.5744444444444444,0.7144170096021949,0.8993827160493827,0.7692592592592593,0.8928614540466391,FM-Full_A-None_AdaBN-F,250,250,250
BI2015a,DeepConvNet,1,20,0.8820987654320988,0.707037037037037,0.8914705075445816,0.9320987654320988,0.857037037037037,0.9507023319615912,FM-Full_A-None_AdaBN-F,250,250,250
BI2015a,DeepConvNet,1,25,0.8338122605363985,0.6623563218390804,0.7751089972255252,0.8836206896551724,0.7255747126436782,0.8933808957590171,FM-Full_A-None_AdaBN-F,250,250,250
BI2015a,DeepConvNet,1,26,0.9265232974910396,0.8204301075268817,0.96349288935137,0.9525089605734768,0.8897849462365591,0.9750722626893282,FM-Full_A-None_AdaBN-F,250,250,250
BI2015a,DeepConvNet,1,27,0.8442334739803095,0.5571729957805907,0.7250925777564138,0.8663853727144867,0.7367088607594937,0.8510521818084708,FM-Full_A-None_AdaBN-F,250,250,250
BI2015a,DeepConvNet,1,28,0.8638888888888889,0.6476666666666666,0.8782488888888887,0.8955555555555555,0.7866666666666666,0.8993444444444444,FM-Full_A-None_AdaBN-F,250,250,250
BI2015a,DeepConvNet,1,31,0.8111111111111111,0.5542222222222223,0.6669244444444444,0.8529629629629629,0.6868888888888889,0.8126414814814815,FM-Full_A-None_AdaBN-F,250,250,250
BI2015a,DeepConvNet,1,32,0.8969534050179212,0.7553763440860215,0.8904786680541104,0.9193548387096774,0.8204301075268817,0.9222973754191236,FM-Full_A-None_AdaBN-F,250,250,250
BI2015a,DeepConvNet,1,35,0.8385668276972624,0.5195652173913043,0.7837230740507363,0.8474235104669887,0.6698067632850242,0.786163037643819,FM-Full_A-None_AdaBN-F,250,250,250
BI2015a,DeepConvNet,1,37,0.7765873015873016,0.5602380952380952,0.6005102040816327,0.8694444444444445,0.7273809523809524,0.8609353741496598,FM-Full_A-None_AdaBN-F,250,250,250
BI2015a,DeepConvNet,1,38,0.8475975975975976,0.6581081081081082,0.7800624949273598,0.924174174174174,0.822972972972973,0.9357195032870708,FM-Full_A-None_AdaBN-F,250,250,250
BI2015a,DeepConvNet,1,40,0.8621399176954733,0.6160493827160494,0.8503315043438501,0.9166666666666666,0.795679012345679,0.929324798049078,FM-Full_A-None_AdaBN-F,250,250,250
BI2015a,DeepConvNet,1,41,0.8111111111111111,0.5711111111111111,0.671445816186557,0.9055555555555556,0.7803703703703704,0.9149272976680384,FM-Full_A-None_AdaBN-F,250,250,250
BI2015a,DeepConvNet,2,1,0.7395076674737692,0.5798890869479105,0.6167956984514719,0.8629943502824858,0.720896547171057,0.8495810684917439,FM-Full_A-None_AdaBN-F,250,250,250
BI2015a,DeepConvNet,2,2,0.875,0.6646825396825397,0.8955089443184683,0.925925925925926,0.8349206349206348,0.9497039556563366,FM-Full_A-None_AdaBN-F,250,250,250
BI2015a,DeepConvNet,2,3,0.8764367816091954,0.7350574712643678,0.8490355397014137,0.9415708812260536,0.8637931034482759,0.97930373893513,FM-Full_A-None_AdaBN-F,250,250,250
BI2015a,DeepConvNet,2,6,0.7941919191919192,0.6098484848484849,0.6943382690541781,0.9154040404040404,0.7962121212121211,0.9327938475665748,FM-Full_A-None_AdaBN-F,250,250,250
BI2015a,DeepConvNet,2,8,0.8604497354497355,0.6607142857142857,0.8136526832955404,0.9173280423280424,0.817063492063492,0.9266912320483748,FM-Full_A-None_AdaBN-F,250,250,250
BI2015a,DeepConvNet,2,11,0.8194444444444444,0.5933333333333333,0.7065590277777778,0.90625,0.7954166666666667,0.9283194444444444,FM-Full_A-None_AdaBN-F,250,250,250
BI2015a,DeepConvNet,2,12,0.839605734767025,0.5865591397849462,0.7541637761590936,0.8579749103942652,0.7244623655913978,0.8563663429298185,FM-Full_A-None_AdaBN-F,250,250,250
BI2015a,DeepConvNet,2,15,0.8809523809523809,0.7323809523809524,0.8958458049886622,0.9198412698412698,0.8052380952380952,0.9385034013605442,FM-Full_A-None_AdaBN-F,250,250,250
BI2015a,DeepConvNet,2,19,0.8594444444444445,0.6396666666666667,0.8172555555555556,0.8988888888888888,0.7926666666666666,0.8926666666666666,FM-Full_A-None_AdaBN-F,250,250,250
BI2015a,DeepConvNet,2,21,0.9103174603174604,0.769047619047619,0.9338684807256236,0.9388888888888888,0.8642857142857143,0.9636326530612244,FM-Full_A-None_AdaBN-F,250,250,250
BI2015a,DeepConvNet,2,22,0.8705808080808081,0.6799242424242424,0.8600235307621671,0.9172979797979798,0.8049242424242424,0.9194817493112948,FM-Full_A-None_AdaBN-F,250,250,250
BI2015a,DeepConvNet,2,23,0.8720760233918129,0.6600877192982456,0.8541320406278856,0.8932748538011696,0.7535087719298246,0.9040320098491844,FM-Full_A-None_AdaBN-F,250,250,250
BI2015a,DeepConvNet,2,24,0.8881172839506173,0.6865740740740741,0.898508230452675,0.9359567901234568,0.8374999999999999,0.9587191358024691,FM-Full_A-None_AdaBN-F,250,250,250
BI2015a,DeepConvNet,2,29,0.8458605664488017,0.5754901960784313,0.7457794010850527,0.8856209150326797,0.7457516339869281,0.8844696484258192,FM-Full_A-None_AdaBN-F,250,250,250
BI2015a,DeepConvNet,2,30,0.7839506172839507,0.7987654320987654,0.8764517604023777,0.948559670781893,0.8777777777777778,0.960631001371742,FM-Full_A-None_AdaBN-F,250,250,250
BI2015a,DeepConvNet,2,33,0.8802910052910053,0.6821428571428572,0.861926807760141,0.9279100529100528,0.8186507936507936,0.9370401864449484,FM-Full_A-None_AdaBN-F,250,250,250
BI2015a,DeepConvNet,2,34,0.8833333333333333,0.6766666666666666,0.909814058956916,0.9206349206349206,0.8076190476190476,0.9325124716553288,FM-Full_A-None_AdaBN-F,250,250,250
BI2015a,DeepConvNet,2,36,0.8284722222222223,0.66875,0.8168229166666666,0.9333333333333332,0.8633333333333333,0.958434027777778,FM-Full_A-None_AdaBN-F,250,250,250
BI2015a,DeepConvNet,2,39,0.7981859410430839,0.5265306122448979,0.528337729649683,0.8939909297052154,0.7636054421768708,0.9039520570132816,FM-Full_A-None_AdaBN-F,250,250,250
BI2015a,DeepConvNet,2,42,0.8538011695906432,0.6046783625730994,0.7815618480900106,0.8528265107212476,0.7046783625730995,0.8183441058787319,FM-Full_A-None_AdaBN-F,250,250,250
BI2015a,DeepConvNet,2,43,0.9118773946360154,0.7701149425287357,0.9313185361342318,0.950191570881226,0.8827586206896552,0.978359096313912,FM-Full_A-None_AdaBN-F,250,250,250
BI2015a,ShallowConvNet,1,4,0.6819444444444445,0.7158333333333333,0.7594305555555556,0.8972222222222223,0.7916666666666666,0.9019965277777778,FM-Full_A-None_AdaBN-F,250,250,250
BI2015a,ShallowConvNet,1,5,0.8737373737373737,0.7,0.8511325374961739,0.8956228956228957,0.7575757575757576,0.9088970513212936,FM-Full_A-None_AdaBN-F,250,250,250
BI2015a,ShallowConvNet,1,7,0.826797385620915,0.5019607843137255,0.5376682045367167,0.863562091503268,0.6946078431372549,0.8449586697424067,FM-Full_A-None_AdaBN-F,250,250,250
BI2015a,ShallowConvNet,1,9,0.8333333333333334,0.636936936936937,0.7715161107052999,0.8671171171171171,0.6932432432432433,0.8324851878905932,FM-Full_A-None_AdaBN-F,250,250,250
BI2015a,ShallowConvNet,1,10,0.8360215053763441,0.6586021505376344,0.8008035611053301,0.8763440860215054,0.7172043010752689,0.8687073650132964,FM-Full_A-None_AdaBN-F,250,250,250
BI2015a,ShallowConvNet,1,13,0.8574561403508771,0.7355263157894737,0.844856109572176,0.9115497076023392,0.7978070175438596,0.9171091104955372,FM-Full_A-None_AdaBN-F,250,250,250
BI2015a,ShallowConvNet,1,14,0.7357549857549858,0.5286324786324786,0.5639053254437869,0.8397435897435898,0.6183760683760684,0.778862590401052,FM-Full_A-None_AdaBN-F,250,250,250
BI2015a,ShallowConvNet,1,16,0.8412698412698413,0.6533333333333333,0.8097913832199547,0.8698412698412699,0.7123809523809523,0.8694648526077098,FM-Full_A-None_AdaBN-F,250,250,250
BI2015a,ShallowConvNet,1,17,0.821604938271605,0.692962962962963,0.79440329218107,0.8592592592592593,0.6681481481481482,0.8458106995884774,FM-Full_A-None_AdaBN-F,250,250,250
BI2015a,ShallowConvNet,1,18,0.7777777777777778,0.5422222222222222,0.6199039780521262,0.8475308641975309,0.635925925925926,0.7848367626886145,FM-Full_A-None_AdaBN-F,250,250,250
BI2015a,ShallowConvNet,1,20,0.8191358024691358,0.5774074074074074,0.7332565157750343,0.8716049382716049,0.7037037037037037,0.8540960219478738,FM-Full_A-None_AdaBN-F,250,250,250
BI2015a,ShallowConvNet,1,25,0.7705938697318008,0.5979885057471264,0.6485169771436121,0.8405172413793104,0.6112068965517241,0.7708514995375875,FM-Full_A-None_AdaBN-F,250,250,250
BI2015a,ShallowConvNet,1,26,0.8754480286738351,0.7317204301075269,0.8870331830269395,0.921146953405018,0.810752688172043,0.9215342814198172,FM-Full_A-None_AdaBN-F,250,250,250
BI2015a,ShallowConvNet,1,27,0.8185654008438819,0.5417721518987342,0.6560976695330165,0.8234880450070323,0.5945147679324895,0.7290622941480177,FM-Full_A-None_AdaBN-F,250,250,250
BI2015a,ShallowConvNet,1,28,0.8327777777777777,0.585,0.7530177777777778,0.8422222222222222,0.6373333333333333,0.7792777777777777,FM-Full_A-None_AdaBN-F,250,250,250
BI2015a,ShallowConvNet,1,31,0.8037037037037037,0.516,0.5725856790123457,0.8237037037037037,0.5840000000000001,0.7077965432098765,FM-Full_A-None_AdaBN-F,250,250,250
BI2015a,ShallowConvNet,1,32,0.839605734767025,0.7295698924731183,0.8523297491039427,0.8781362007168458,0.7139784946236559,0.8583824719620765,FM-Full_A-None_AdaBN-F,250,250,250
BI2015a,ShallowConvNet,1,35,0.8188405797101449,0.572463768115942,0.6829447595043059,0.8039452495974235,0.5557971014492753,0.6534376531540993,FM-Full_A-None_AdaBN-F,250,250,250
BI2015a,ShallowConvNet,1,37,0.6924603174603174,0.4916666666666666,0.5305804988662132,0.8218253968253968,0.5835714285714286,0.6989852607709751,FM-Full_A-None_AdaBN-F,250,250,250
BI2015a,ShallowConvNet,1,38,0.8220720720720721,0.6229729729729729,0.7343113383653924,0.8618618618618619,0.6720720720720721,0.8553283012742472,FM-Full_A-None_AdaBN-F,250,250,250
BI2015a,ShallowConvNet,1,40,0.8256172839506173,0.625,0.7661046334400244,0.8775720164609053,0.7228395061728395,0.8598441548544429,FM-Full_A-None_AdaBN-F,250,250,250
BI2015a,ShallowConvNet,1,41,0.7277777777777777,0.5625925925925926,0.6184581618655693,0.8660493827160494,0.69,0.8129355281207133,FM-Full_A-None_AdaBN-F,250,250,250
BI2015a,ShallowConvNet,2,1,0.7988297013720742,0.5470852313989569,0.5899506319549892,0.8389830508474576,0.620643911885742,0.7715807310578552,FM-Full_A-None_AdaBN-F,250,250,250
BI2015a,ShallowConvNet,2,2,0.8498677248677249,0.6178571428571429,0.786341017888637,0.8822751322751323,0.730952380952381,0.8796201814058957,FM-Full_A-None_AdaBN-F,250,250,250
BI2015a,ShallowConvNet,2,3,0.7998084291187739,0.6591954022988507,0.7747588849253534,0.9166666666666666,0.8258620689655173,0.9391333069097636,FM-Full_A-None_AdaBN-F,250,250,250
BI2015a,ShallowConvNet,2,6,0.7714646464646465,0.5643939393939394,0.6590794306703398,0.8693181818181818,0.6958333333333333,0.8532971763085399,FM-Full_A-None_AdaBN-F,250,250,250
BI2015a,ShallowConvNet,2,8,0.8214285714285714,0.623015873015873,0.7199735449735449,0.8630952380952381,0.6797619047619048,0.8374874023683546,FM-Full_A-None_AdaBN-F,250,250,250
BI2015a,ShallowConvNet,2,11,0.7673611111111112,0.5354166666666667,0.60125,0.8291666666666667,0.5875,0.7556423611111112,FM-Full_A-None_AdaBN-F,250,250,250
BI2015a,ShallowConvNet,2,12,0.8248207885304659,0.5583333333333333,0.7208550121401318,0.8382616487455197,0.6341397849462366,0.787377153428142,FM-Full_A-None_AdaBN-F,250,250,250
BI2015a,ShallowConvNet,2,15,0.8396825396825397,0.6866666666666666,0.8006213151927438,0.8888888888888888,0.7314285714285714,0.865138321995465,FM-Full_A-None_AdaBN-F,250,250,250
BI2015a,ShallowConvNet,2,19,0.8238888888888889,0.5903333333333334,0.7232288888888889,0.8588888888888889,0.6646666666666666,0.82094,FM-Full_A-None_AdaBN-F,250,250,250
BI2015a,ShallowConvNet,2,21,0.8547619047619047,0.669047619047619,0.8277052154195012,0.9055555555555556,0.7757142857142858,0.9068707482993196,FM-Full_A-None_AdaBN-F,250,250,250
BI2015a,ShallowConvNet,2,22,0.8251262626262627,0.6299242424242424,0.7573146235078053,0.8560606060606061,0.6787878787878788,0.8282799586776859,FM-Full_A-None_AdaBN-F,250,250,250
BI2015a,ShallowConvNet,2,23,0.7916666666666666,0.6258771929824561,0.7057710064635272,0.8428362573099415,0.6337719298245614,0.7758656509695291,FM-Full_A-None_AdaBN-F,250,250,250
BI2015a,ShallowConvNet,2,24,0.8580246913580247,0.6481481481481481,0.8371613511659809,0.8958333333333334,0.750462962962963,0.8951388888888888,FM-Full_A-None_AdaBN-F,250,250,250
BI2015a,ShallowConvNet,2,29,0.8278867102396514,0.5633986928104575,0.6388803451663889,0.8556644880174292,0.6415032679738562,0.764075782818574,FM-Full_A-None_AdaBN-F,250,250,250
BI2015a,ShallowConvNet,2,30,0.7664609053497943,0.7709876543209877,0.8236206370980034,0.9156378600823044,0.8185185185185185,0.928913275415333,FM-Full_A-None_AdaBN-F,250,250,250
BI2015a,ShallowConvNet,2,33,0.8538359788359788,0.6011904761904762,0.7945956160241874,0.8875661375661376,0.7373015873015873,0.890813177122701,FM-Full_A-None_AdaBN-F,250,250,250
BI2015a,ShallowConvNet,2,34,0.8277777777777777,0.6033333333333333,0.7636961451247166,0.8595238095238096,0.6719047619047619,0.8411337868480725,FM-Full_A-None_AdaBN-F,250,250,250
BI2015a,ShallowConvNet,2,36,0.7784722222222222,0.6304166666666666,0.6648020833333333,0.8833333333333333,0.7183333333333333,0.8635763888888889,FM-Full_A-None_AdaBN-F,250,250,250
BI2015a,ShallowConvNet,2,39,0.8339002267573696,0.5125850340136054,0.7350964875746218,0.8582766439909297,0.6632653061224489,0.8188278032301357,FM-Full_A-None_AdaBN-F,250,250,250
BI2015a,ShallowConvNet,2,42,0.8016569200779727,0.5640350877192982,0.6944923224239938,0.8279727095516569,0.5950292397660819,0.7377312677405014,FM-Full_A-None_AdaBN-F,250,250,250
BI2015a,ShallowConvNet,2,43,0.8793103448275862,0.7275862068965517,0.8793962214295151,0.907088122605364,0.792528735632184,0.9408772625181662,FM-Full_A-None_AdaBN-F,250,250,250
BI2015a,EEGNetv4,1,4,0.8951388888888889,0.73875,0.8606284722222222,0.9215277777777776,0.8479166666666667,0.9430277777777778,FM-Full_A-None_AdaBN-F,250,250,250
BI2015a,EEGNetv4,1,5,0.8585858585858586,0.7171717171717171,0.8642383430262218,0.9166666666666666,0.8611111111111112,0.944383226201408,FM-Full_A-None_AdaBN-F,250,250,250
BI2015a,EEGNetv4,1,7,0.8333333333333334,0.5,0.7567570165321029,0.9133986928104576,0.846078431372549,0.9123077662437524,FM-Full_A-None_AdaBN-F,250,250,250
BI2015a,EEGNetv4,1,9,0.8551051051051051,0.604954954954955,0.812860157454752,0.9084084084084084,0.8171171171171172,0.9233666098530964,FM-Full_A-None_AdaBN-F,250,250,250
BI2015a,EEGNetv4,1,10,0.8709677419354839,0.6795698924731183,0.8713435079199909,0.9256272401433692,0.8693548387096774,0.935064747369638,FM-Full_A-None_AdaBN-F,250,250,250
BI2015a,EEGNetv4,1,13,0.8786549707602339,0.7307017543859649,0.878293321021853,0.9247076023391811,0.861842105263158,0.9512119113573408,FM-Full_A-None_AdaBN-F,250,250,250
BI2015a,EEGNetv4,1,14,0.7471509971509972,0.5901709401709402,0.6205091679450654,0.8824786324786325,0.7773504273504274,0.8999744320257141,FM-Full_A-None_AdaBN-F,250,250,250
BI2015a,EEGNetv4,1,16,0.8960317460317461,0.7528571428571429,0.9164897959183674,0.926984126984127,0.8685714285714285,0.9482312925170068,FM-Full_A-None_AdaBN-F,250,250,250
BI2015a,EEGNetv4,1,17,0.8617283950617284,0.6562962962962963,0.8589355281207133,0.8888888888888888,0.7822222222222222,0.9083840877914952,FM-Full_A-None_AdaBN-F,250,250,250
BI2015a,EEGNetv4,1,18,0.8148148148148148,0.5822222222222222,0.6887709190672153,0.8845679012345679,0.7766666666666666,0.8874320987654322,FM-Full_A-None_AdaBN-F,250,250,250
BI2015a,EEGNetv4,1,20,0.8697530864197531,0.7025925925925927,0.8720164609053499,0.9111111111111112,0.8429629629629629,0.935045267489712,FM-Full_A-None_AdaBN-F,250,250,250
BI2015a,EEGNetv4,1,25,0.8314176245210728,0.6333333333333333,0.7741858237547893,0.8635057471264368,0.7502873563218391,0.877326925617651,FM-Full_A-None_AdaBN-F,250,250,250
BI2015a,EEGNetv4,1,26,0.922043010752688,0.8349462365591398,0.9646548733957684,0.946236559139785,0.9010752688172043,0.9715631864955486,FM-Full_A-None_AdaBN-F,250,250,250
BI2015a,EEGNetv4,1,27,0.8382559774964838,0.550210970464135,0.7340071925795368,0.8526722925457103,0.7208860759493672,0.8382150296426856,FM-Full_A-None_AdaBN-F,250,250,250
BI2015a,EEGNetv4,1,28,0.8622222222222222,0.6453333333333333,0.8622377777777778,0.8727777777777778,0.7596666666666667,0.8831466666666667,FM-Full_A-None_AdaBN-F,250,250,250
BI2015a,EEGNetv4,1,31,0.8125925925925926,0.5604444444444444,0.6859654320987654,0.845925925925926,0.704,0.8248898765432099,FM-Full_A-None_AdaBN-F,250,250,250
BI2015a,EEGNetv4,1,32,0.8888888888888888,0.7333333333333334,0.8805931321540064,0.9041218637992832,0.8349462365591398,0.9265984506879408,FM-Full_A-None_AdaBN-F,250,250,250
BI2015a,EEGNetv4,1,35,0.8385668276972624,0.5176328502415459,0.7617855725921259,0.8373590982286635,0.6772946859903382,0.7836279726481364,FM-Full_A-None_AdaBN-F,250,250,250
BI2015a,EEGNetv4,1,37,0.7619047619047619,0.5876190476190476,0.6543662131519274,0.8634920634920635,0.7438095238095238,0.8485226757369614,FM-Full_A-None_AdaBN-F,250,250,250
BI2015a,EEGNetv4,1,38,0.8498498498498499,0.6432432432432432,0.7871885398912426,0.9091591591591592,0.8355855855855856,0.934047561074588,FM-Full_A-None_AdaBN-F,250,250,250
BI2015a,EEGNetv4,1,40,0.8554526748971193,0.6095679012345679,0.8358310470964793,0.9094650205761317,0.8246913580246913,0.9281645328456029,FM-Full_A-None_AdaBN-F,250,250,250
BI2015a,EEGNetv4,1,41,0.7969135802469136,0.5625925925925925,0.6417613168724279,0.8950617283950617,0.78,0.8965075445816186,FM-Full_A-None_AdaBN-F,250,250,250
BI2015a,EEGNetv4,2,1,0.7655367231638418,0.5702814638762351,0.5908936863185229,0.8391848264729621,0.6998239475363658,0.8155675858072372,FM-Full_A-None_AdaBN-F,250,250,250
BI2015a,EEGNetv4,2,2,0.8756613756613757,0.6777777777777778,0.878835978835979,0.914021164021164,0.8388888888888888,0.9398998488284204,FM-Full_A-None_AdaBN-F,250,250,250
BI2015a,EEGNetv4,2,3,0.8419540229885057,0.7902298850574713,0.8705839608931167,0.9339080459770116,0.8982758620689655,0.9709538908706564,FM-Full_A-None_AdaBN-F,250,250,250
BI2015a,EEGNetv4,2,6,0.7392676767676768,0.6253787878787879,0.7043302341597796,0.9053030303030304,0.8204545454545455,0.9214703856749312,FM-Full_A-None_AdaBN-F,250,250,250
BI2015a,EEGNetv4,2,8,0.8511904761904762,0.7186507936507937,0.8169721592340641,0.9054232804232804,0.8337301587301587,0.933027840765936,FM-Full_A-None_AdaBN-F,250,250,250
BI2015a,EEGNetv4,2,11,0.7972222222222223,0.5733333333333334,0.6781284722222221,0.8916666666666667,0.805,0.9041111111111112,FM-Full_A-None_AdaBN-F,250,250,250
BI2015a,EEGNetv4,2,12,0.8216845878136201,0.5940860215053763,0.745302925193664,0.8530465949820788,0.7279569892473119,0.858450398890045,FM-Full_A-None_AdaBN-F,250,250,250
BI2015a,EEGNetv4,2,15,0.8674603174603175,0.7604761904761905,0.8818140589569161,0.9111111111111112,0.84,0.9268526077097504,FM-Full_A-None_AdaBN-F,250,250,250
BI2015a,EEGNetv4,2,19,0.855,0.6769999999999999,0.820748888888889,0.8866666666666667,0.7693333333333334,0.88358,FM-Full_A-None_AdaBN-F,250,250,250
BI2015a,EEGNetv4,2,21,0.9142857142857144,0.7961904761904762,0.929877551020408,0.9436507936507936,0.89,0.9655464852607708,FM-Full_A-None_AdaBN-F,250,250,250
BI2015a,EEGNetv4,2,22,0.8636363636363636,0.7378787878787878,0.8645115932047751,0.8996212121212122,0.821590909090909,0.9216540404040404,FM-Full_A-None_AdaBN-F,250,250,250
BI2015a,EEGNetv4,2,23,0.8603801169590644,0.6442982456140351,0.8215797168359495,0.8852339181286549,0.775,0.899596029547553,FM-Full_A-None_AdaBN-F,250,250,250
BI2015a,EEGNetv4,2,24,0.9035493827160492,0.7587962962962963,0.9253043552812072,0.9351851851851852,0.8796296296296295,0.9569787379972564,FM-Full_A-None_AdaBN-F,250,250,250
BI2015a,EEGNetv4,2,29,0.8349673202614379,0.5872549019607843,0.7219445512409757,0.8687363834422658,0.7513071895424837,0.8666645307360418,FM-Full_A-None_AdaBN-F,250,250,250
BI2015a,EEGNetv4,2,30,0.7325102880658436,0.7481481481481481,0.8136488340192044,0.9002057613168725,0.7574074074074074,0.9015012955342174,FM-Full_A-None_AdaBN-F,250,250,250
BI2015a,EEGNetv4,2,33,0.8783068783068783,0.7206349206349206,0.8591773746535653,0.9146825396825397,0.8424603174603174,0.9309271856890904,FM-Full_A-None_AdaBN-F,250,250,250
BI2015a,EEGNetv4,2,34,0.8793650793650793,0.6838095238095238,0.8914693877551021,0.9071428571428573,0.8185714285714285,0.9301768707482996,FM-Full_A-None_AdaBN-F,250,250,250
BI2015a,EEGNetv4,2,36,0.8104166666666667,0.7279166666666667,0.8341180555555557,0.9215277777777776,0.87125,0.9510208333333332,FM-Full_A-None_AdaBN-F,250,250,250
BI2015a,EEGNetv4,2,39,0.8038548752834467,0.6224489795918368,0.6806515803600351,0.8854875283446711,0.7979591836734694,0.8896339488176223,FM-Full_A-None_AdaBN-F,250,250,250
BI2015a,EEGNetv4,2,42,0.8503898635477583,0.6318713450292397,0.7774101432919531,0.8474658869395711,0.7014619883040936,0.8132519407680996,FM-Full_A-None_AdaBN-F,250,250,250
BI2015a,EEGNetv4,2,43,0.8994252873563219,0.7603448275862069,0.9188994583168184,0.943486590038314,0.9017241379310345,0.977599418681464,FM-Full_A-None_AdaBN-F,250,250,250
BI2015a,DeepConvNet,1,4,0.9298611111111112,0.8429166666666668,0.9627986111111112,0.95,0.8916666666666666,0.9726666666666666,FM-Full_A-None_AdaBN-F,500,500,500
BI2015a,DeepConvNet,1,5,0.8998316498316499,0.7257575757575758,0.9291449852055912,0.9343434343434344,0.8717171717171717,0.9594123048668504,FM-Full_A-None_AdaBN-F,500,500,500
BI2015a,DeepConvNet,1,7,0.7312091503267973,0.7132352941176471,0.7838427527873895,0.9395424836601308,0.8715686274509804,0.947568242983468,FM-Full_A-None_AdaBN-F,500,500,500
BI2015a,DeepConvNet,1,9,0.8648648648648649,0.6666666666666667,0.8085342098855612,0.9069069069069068,0.8144144144144144,0.9262681600519438,FM-Full_A-None_AdaBN-F,500,500,500
BI2015a,DeepConvNet,1,10,0.8933691756272402,0.7790322580645161,0.8986761475315066,0.9399641577060932,0.8779569892473118,0.9667071337726906,FM-Full_A-None_AdaBN-F,500,500,500
BI2015a,DeepConvNet,1,13,0.8947368421052632,0.7842105263157895,0.910483995075408,0.9473684210526316,0.8824561403508773,0.964996922129886,FM-Full_A-None_AdaBN-F,500,500,500
BI2015a,DeepConvNet,1,14,0.7991452991452992,0.5341880341880342,0.5906969099276792,0.8803418803418803,0.747008547008547,0.8924172693403464,FM-Full_A-None_AdaBN-F,500,500,500
BI2015a,DeepConvNet,1,16,0.9063492063492063,0.800952380952381,0.92021768707483,0.9365079365079364,0.8723809523809524,0.9585442176870748,FM-Full_A-None_AdaBN-F,500,500,500
BI2015a,DeepConvNet,1,17,0.8666666666666667,0.6770370370370371,0.8791714677640603,0.9012345679012346,0.7985185185185185,0.9156927297668038,FM-Full_A-None_AdaBN-F,500,500,500
BI2015a,DeepConvNet,1,18,0.8475308641975309,0.5988888888888889,0.7521001371742112,0.9006172839506172,0.778888888888889,0.897525377229081,FM-Full_A-None_AdaBN-F,500,500,500
BI2015a,DeepConvNet,1,20,0.8907407407407407,0.767037037037037,0.8892098765432098,0.9407407407407408,0.8844444444444445,0.9561865569272976,FM-Full_A-None_AdaBN-F,500,500,500
BI2015a,DeepConvNet,1,25,0.8338122605363985,0.6531609195402299,0.772669771436121,0.8874521072796935,0.7612068965517242,0.8916418945699566,FM-Full_A-None_AdaBN-F,500,500,500
BI2015a,DeepConvNet,1,26,0.9327956989247312,0.8521505376344086,0.9598219447334952,0.9543010752688172,0.9037634408602152,0.9769568736270088,FM-Full_A-None_AdaBN-F,500,500,500
BI2015a,DeepConvNet,1,27,0.8431786216596343,0.579324894514768,0.7466645302569033,0.8681434599156118,0.7445147679324895,0.8610301055742491,FM-Full_A-None_AdaBN-F,500,500,500
BI2015a,DeepConvNet,1,28,0.8688888888888889,0.6946666666666667,0.8710844444444444,0.8905555555555555,0.789,0.8968477777777778,FM-Full_A-None_AdaBN-F,500,500,500
BI2015a,DeepConvNet,1,31,0.812962962962963,0.5437777777777778,0.6678755555555557,0.8525925925925926,0.6884444444444444,0.8223782716049384,FM-Full_A-None_AdaBN-F,500,500,500
BI2015a,DeepConvNet,1,32,0.9112903225806452,0.8005376344086022,0.9092669672794542,0.9247311827956988,0.832258064516129,0.9291131922765636,FM-Full_A-None_AdaBN-F,500,500,500
BI2015a,DeepConvNet,1,35,0.8498389694041868,0.5601449275362319,0.7952706014142688,0.8466183574879227,0.6770531400966184,0.8060398142313707,FM-Full_A-None_AdaBN-F,500,500,500
BI2015a,DeepConvNet,1,37,0.7853174603174603,0.5626190476190476,0.6281167800453515,0.8698412698412699,0.7371428571428571,0.8633707482993196,FM-Full_A-None_AdaBN-F,500,500,500
BI2015a,DeepConvNet,1,38,0.8423423423423423,0.6657657657657658,0.7974920866812758,0.9256756756756755,0.8400900900900901,0.942407272137002,FM-Full_A-None_AdaBN-F,500,500,500
BI2015a,DeepConvNet,1,40,0.8734567901234568,0.6660493827160494,0.8774405578417923,0.9228395061728396,0.8154320987654321,0.938349718030788,FM-Full_A-None_AdaBN-F,500,500,500
BI2015a,DeepConvNet,1,41,0.825925925925926,0.6096296296296296,0.729437585733882,0.9111111111111112,0.7985185185185185,0.9199917695473252,FM-Full_A-None_AdaBN-F,500,500,500
BI2015a,DeepConvNet,2,1,0.8272800645682001,0.5064333971523514,0.5540611635600743,0.8769168684422922,0.7413736493475056,0.8667711244617564,FM-Full_A-None_AdaBN-F,500,500,500
BI2015a,DeepConvNet,2,2,0.8994708994708994,0.7523809523809524,0.9325837742504408,0.9325396825396826,0.8611111111111112,0.953615520282187,FM-Full_A-None_AdaBN-F,500,500,500
BI2015a,DeepConvNet,2,3,0.8639846743295019,0.6793103448275862,0.7936979785969085,0.950191570881226,0.8850574712643677,0.979482098031444,FM-Full_A-None_AdaBN-F,500,500,500
BI2015a,DeepConvNet,2,6,0.8049242424242424,0.6056818181818182,0.7064279155188247,0.908459595959596,0.7920454545454545,0.9287878787878788,FM-Full_A-None_AdaBN-F,500,500,500
BI2015a,DeepConvNet,2,8,0.875,0.7202380952380952,0.854119425547997,0.923941798941799,0.8400793650793651,0.9387030738221216,FM-Full_A-None_AdaBN-F,500,500,500
BI2015a,DeepConvNet,2,11,0.8326388888888889,0.57125,0.6812361111111112,0.90625,0.8004166666666667,0.9327013888888888,FM-Full_A-None_AdaBN-F,500,500,500
BI2015a,DeepConvNet,2,12,0.8409498207885304,0.5583333333333333,0.7663053532200254,0.8655913978494624,0.7408602150537634,0.8602974332292752,FM-Full_A-None_AdaBN-F,500,500,500
BI2015a,DeepConvNet,2,15,0.8976190476190476,0.79,0.9170521541950112,0.9277777777777778,0.8366666666666667,0.9515827664399092,FM-Full_A-None_AdaBN-F,500,500,500
BI2015a,DeepConvNet,2,19,0.8783333333333333,0.7016666666666667,0.8608888888888889,0.9094444444444444,0.8136666666666668,0.8999222222222221,FM-Full_A-None_AdaBN-F,500,500,500
BI2015a,DeepConvNet,2,21,0.9246031746031746,0.8214285714285714,0.9441405895691608,0.9412698412698411,0.8714285714285714,0.9633015873015872,FM-Full_A-None_AdaBN-F,500,500,500
BI2015a,DeepConvNet,2,22,0.8705808080808081,0.7117424242424242,0.8625028696051422,0.9116161616161615,0.8045454545454546,0.927132116620753,FM-Full_A-None_AdaBN-F,500,500,500
BI2015a,DeepConvNet,2,23,0.8764619883040936,0.6767543859649123,0.8665473991997537,0.8925438596491229,0.7583333333333333,0.913715758694983,FM-Full_A-None_AdaBN-F,500,500,500
BI2015a,DeepConvNet,2,24,0.9120370370370372,0.7749999999999999,0.9283136145404663,0.9375,0.8513888888888889,0.9638117283950616,FM-Full_A-None_AdaBN-F,500,500,500
BI2015a,DeepConvNet,2,29,0.8453159041394336,0.5686274509803921,0.7271775812721603,0.8888888888888888,0.7633986928104575,0.8846362510145671,FM-Full_A-None_AdaBN-F,500,500,500
BI2015a,DeepConvNet,2,30,0.8796296296296297,0.8364197530864197,0.8635650053345527,0.9578189300411524,0.9006172839506172,0.966102728242646,FM-Full_A-None_AdaBN-F,500,500,500
BI2015a,DeepConvNet,2,33,0.8882275132275133,0.7043650793650793,0.8730851599899219,0.9226190476190476,0.825,0.9364197530864196,FM-Full_A-None_AdaBN-F,500,500,500
BI2015a,DeepConvNet,2,34,0.8936507936507937,0.7304761904761905,0.9177097505668936,0.9214285714285714,0.8138095238095238,0.9372426303854876,FM-Full_A-None_AdaBN-F,500,500,500
BI2015a,DeepConvNet,2,36,0.8722222222222222,0.7649999999999999,0.8866979166666666,0.9354166666666668,0.8645833333333333,0.9598784722222222,FM-Full_A-None_AdaBN-F,500,500,500
BI2015a,DeepConvNet,2,39,0.8242630385487528,0.5231292517006803,0.6010481743717895,0.8928571428571429,0.7806122448979592,0.905007172937202,FM-Full_A-None_AdaBN-F,500,500,500
BI2015a,DeepConvNet,2,42,0.8620857699805068,0.6400584795321638,0.7993297082863103,0.8625730994152047,0.723391812865497,0.8393745083957458,FM-Full_A-None_AdaBN-F,500,500,500
BI2015a,DeepConvNet,2,43,0.9310344827586208,0.832183908045977,0.958402695204122,0.960727969348659,0.907471264367816,0.9803937111903818,FM-Full_A-None_AdaBN-F,500,500,500
BI2015a,ATCNet,1,4,0.9104166666666668,0.7929166666666667,0.9072256944444445,0.9354166666666668,0.8745833333333333,0.9567361111111112,FM-Full_A-None_AdaBN-F,500,500,500
BI2015a,ATCNet,1,5,0.867003367003367,0.6191919191919192,0.8797265585144374,0.9276094276094276,0.8737373737373737,0.9553667993061932,FM-Full_A-None_AdaBN-F,500,500,500
BI2015a,ATCNet,1,7,0.8316993464052288,0.5029411764705882,0.7707564398308344,0.9248366013071896,0.8529411764705883,0.9345924644367553,FM-Full_A-None_AdaBN-F,500,500,500
BI2015a,ATCNet,1,9,0.8490990990990991,0.7004504504504505,0.7938803668533398,0.9024024024024024,0.8117117117117116,0.9331385439493548,FM-Full_A-None_AdaBN-F,500,500,500
BI2015a,ATCNet,1,10,0.8960573476702509,0.7870967741935484,0.9144120707596252,0.9363799283154122,0.8758064516129032,0.9577812463868656,FM-Full_A-None_AdaBN-F,500,500,500
BI2015a,ATCNet,1,13,0.8932748538011696,0.7868421052631578,0.9114689135118498,0.9437134502923976,0.8960526315789474,0.9659741458910434,FM-Full_A-None_AdaBN-F,500,500,500
BI2015a,ATCNet,1,14,0.8169515669515669,0.5055555555555555,0.4962195923734386,0.8824786324786325,0.7756410256410257,0.9014427642632772,FM-Full_A-None_AdaBN-F,500,500,500
BI2015a,ATCNet,1,16,0.9071428571428573,0.7957142857142857,0.9233015873015872,0.9285714285714286,0.8733333333333333,0.9567573696145124,FM-Full_A-None_AdaBN-F,500,500,500
BI2015a,ATCNet,1,17,0.8611111111111112,0.6751851851851852,0.8451001371742113,0.8938271604938272,0.8059259259259259,0.9077640603566528,FM-Full_A-None_AdaBN-F,500,500,500
BI2015a,ATCNet,1,18,0.8246913580246914,0.6266666666666667,0.7246172839506172,0.8851851851851852,0.78,0.8763484224965706,FM-Full_A-None_AdaBN-F,500,500,500
BI2015a,ATCNet,1,20,0.8716049382716049,0.72,0.867838134430727,0.9222222222222224,0.8703703703703705,0.9495390946502058,FM-Full_A-None_AdaBN-F,500,500,500
BI2015a,ATCNet,1,25,0.8017241379310345,0.6155172413793103,0.7159507530717399,0.8797892720306514,0.7761494252873563,0.8934535605760339,FM-Full_A-None_AdaBN-F,500,500,500
BI2015a,ATCNet,1,26,0.9193548387096774,0.8376344086021505,0.953913747254018,0.9471326164874552,0.9059139784946236,0.9776332523991212,FM-Full_A-None_AdaBN-F,500,500,500
BI2015a,ATCNet,1,27,0.8386075949367089,0.5487341772151899,0.7161192116647973,0.8509142053445851,0.7240506329113925,0.8362984920507754,FM-Full_A-None_AdaBN-F,500,500,500
BI2015a,ATCNet,1,28,0.87,0.6713333333333333,0.8605777777777778,0.8888888888888888,0.7853333333333333,0.8803933333333333,FM-Full_A-None_AdaBN-F,500,500,500
BI2015a,ATCNet,1,31,0.8037037037037037,0.5817777777777777,0.6808306172839507,0.847037037037037,0.7028888888888889,0.8276296296296296,FM-Full_A-None_AdaBN-F,500,500,500
BI2015a,ATCNet,1,32,0.8987455197132617,0.7973118279569893,0.9050583882529772,0.9148745519713262,0.8263440860215054,0.9306798473812,FM-Full_A-None_AdaBN-F,500,500,500
BI2015a,ATCNet,1,35,0.8377616747181964,0.5161835748792271,0.7561028262036454,0.8357487922705314,0.6908212560386473,0.7856624425307475,FM-Full_A-None_AdaBN-F,500,500,500
BI2015a,ATCNet,1,37,0.805952380952381,0.5388095238095238,0.6061156462585034,0.8595238095238096,0.7366666666666667,0.8569183673469389,FM-Full_A-None_AdaBN-F,500,500,500
BI2015a,ATCNet,1,38,0.8370870870870871,0.659009009009009,0.786750263777291,0.9211711711711712,0.8554054054054054,0.9332602873143412,FM-Full_A-None_AdaBN-F,500,500,500
BI2015a,ATCNet,1,40,0.8647119341563786,0.6262345679012346,0.8469802621551593,0.9156378600823044,0.8382716049382716,0.9262593354671544,FM-Full_A-None_AdaBN-F,500,500,500
BI2015a,ATCNet,1,41,0.8333333333333334,0.5874074074074074,0.7102469135802469,0.901851851851852,0.7944444444444445,0.9146831275720164,FM-Full_A-None_AdaBN-F,500,500,500
BI2015a,ATCNet,2,1,0.8329297820823245,0.5083673334653727,0.6147300162114977,0.8621872477804681,0.7349631390154265,0.8501321127029188,FM-Full_A-None_AdaBN-F,500,500,500
BI2015a,ATCNet,2,2,0.8809523809523809,0.7063492063492063,0.902528974552784,0.92989417989418,0.8722222222222222,0.9626448727639204,FM-Full_A-None_AdaBN-F,500,500,500
BI2015a,ATCNet,2,3,0.8438697318007663,0.653448275862069,0.7976549081780949,0.9530651340996168,0.9028735632183909,0.9760073985995508,FM-Full_A-None_AdaBN-F,500,500,500
BI2015a,ATCNet,2,6,0.8087121212121212,0.6049242424242425,0.7241936409550045,0.9034090909090908,0.8147727272727272,0.9193325298438936,FM-Full_A-None_AdaBN-F,500,500,500
BI2015a,ATCNet,2,8,0.8624338624338624,0.7158730158730159,0.8188744016124968,0.9166666666666666,0.8484126984126984,0.9355032753842276,FM-Full_A-None_AdaBN-F,500,500,500
BI2015a,ATCNet,2,11,0.80625,0.5804166666666667,0.6919444444444445,0.8833333333333333,0.7949999999999999,0.9019409722222222,FM-Full_A-None_AdaBN-F,500,500,500
BI2015a,ATCNet,2,12,0.8122759856630825,0.6368279569892473,0.7676797895710489,0.857078853046595,0.7454301075268818,0.8508743785408718,FM-Full_A-None_AdaBN-F,500,500,500
BI2015a,ATCNet,2,15,0.8904761904761904,0.8066666666666666,0.8938503401360544,0.9246031746031746,0.8671428571428572,0.9451020408163264,FM-Full_A-None_AdaBN-F,500,500,500
BI2015a,ATCNet,2,19,0.8733333333333333,0.712,0.8285222222222222,0.895,0.7969999999999999,0.8915177777777777,FM-Full_A-None_AdaBN-F,500,500,500
BI2015a,ATCNet,2,21,0.9166666666666666,0.8071428571428572,0.9329478458049888,0.9468253968253968,0.9071428571428573,0.9648843537414966,FM-Full_A-None_AdaBN-F,500,500,500
BI2015a,ATCNet,2,22,0.8699494949494949,0.7113636363636364,0.846892217630854,0.9103535353535354,0.8356060606060607,0.9331095041322316,FM-Full_A-None_AdaBN-F,500,500,500
BI2015a,ATCNet,2,23,0.868421052631579,0.6964912280701754,0.8485803324099724,0.8845029239766082,0.7850877192982456,0.9051939058171744,FM-Full_A-None_AdaBN-F,500,500,500
BI2015a,ATCNet,2,24,0.904320987654321,0.7685185185185185,0.9124292695473252,0.929783950617284,0.8800925925925926,0.9594350137174212,FM-Full_A-None_AdaBN-F,500,500,500
BI2015a,ATCNet,2,29,0.8376906318082789,0.5888888888888889,0.7063672091930454,0.8589324618736384,0.7493464052287582,0.8641975308641976,FM-Full_A-None_AdaBN-F,500,500,500
BI2015a,ATCNet,2,30,0.911522633744856,0.845679012345679,0.8978623685413809,0.912551440329218,0.7845679012345679,0.9244017680231672,FM-Full_A-None_AdaBN-F,500,500,500
BI2015a,ATCNet,2,33,0.8783068783068783,0.7142857142857143,0.8717844545225497,0.9087301587301588,0.8277777777777777,0.9323097757621568,FM-Full_A-None_AdaBN-F,500,500,500
BI2015a,ATCNet,2,34,0.8825396825396825,0.6971428571428572,0.8703537414965987,0.9182539682539682,0.8442857142857143,0.9347845804988664,FM-Full_A-None_AdaBN-F,500,500,500
BI2015a,ATCNet,2,36,0.8527777777777777,0.7649999999999999,0.8724305555555555,0.9236111111111112,0.8741666666666668,0.96134375,FM-Full_A-None_AdaBN-F,500,500,500
BI2015a,ATCNet,2,39,0.8333333333333334,0.5,0.5304317645425517,0.8968253968253969,0.7979591836734694,0.905033782220371,FM-Full_A-None_AdaBN-F,500,500,500
BI2015a,ATCNet,2,42,0.8455165692007798,0.6137426900584795,0.754245750829315,0.8581871345029239,0.7242690058479533,0.8252077562326869,FM-Full_A-None_AdaBN-F,500,500,500
BI2015a,ATCNet,2,43,0.9185823754789272,0.8247126436781609,0.9396023252741446,0.9511494252873564,0.9132183908045975,0.9787950852160128,FM-Full_A-None_AdaBN-F,500,500,500
BI2015a,EEGNetv4,1,4,0.88125,0.6504166666666666,0.902465277777778,0.9333333333333332,0.87,0.9554409722222222,FM-Full_A-None_AdaBN-F,500,500,500
BI2015a,EEGNetv4,1,5,0.8695286195286195,0.6207070707070707,0.8879655137230895,0.9234006734006734,0.8732323232323232,0.9517753290480564,FM-Full_A-None_AdaBN-F,500,500,500
BI2015a,EEGNetv4,1,7,0.8333333333333334,0.5,0.7443002691272587,0.9158496732026143,0.8534313725490196,0.9200884275278738,FM-Full_A-None_AdaBN-F,500,500,500
BI2015a,EEGNetv4,1,9,0.8468468468468469,0.5531531531531532,0.8004017531044559,0.9054054054054054,0.7990990990990992,0.9183588994399804,FM-Full_A-None_AdaBN-F,500,500,500
BI2015a,EEGNetv4,1,10,0.8655913978494624,0.6333333333333333,0.8896924499942189,0.9193548387096774,0.8505376344086022,0.939310902994566,FM-Full_A-None_AdaBN-F,500,500,500
BI2015a,EEGNetv4,1,13,0.8969298245614035,0.7364035087719298,0.9149661434287472,0.935672514619883,0.887719298245614,0.9592336103416436,FM-Full_A-None_AdaBN-F,500,500,500
BI2015a,EEGNetv4,1,14,0.7250712250712251,0.5803418803418804,0.6030243261012491,0.8924501424501424,0.7884615384615384,0.9087588574768062,FM-Full_A-None_AdaBN-F,500,500,500
BI2015a,EEGNetv4,1,16,0.8849206349206349,0.6661904761904762,0.9300770975056688,0.9285714285714286,0.8638095238095238,0.9591337868480728,FM-Full_A-None_AdaBN-F,500,500,500
BI2015a,EEGNetv4,1,17,0.8555555555555555,0.5933333333333334,0.8560109739368998,0.8895061728395062,0.7811111111111111,0.9021042524005488,FM-Full_A-None_AdaBN-F,500,500,500
BI2015a,EEGNetv4,1,18,0.821604938271605,0.5685185185185185,0.6632839506172841,0.8895061728395062,0.784074074074074,0.8950617283950616,FM-Full_A-None_AdaBN-F,500,500,500
BI2015a,EEGNetv4,1,20,0.858641975308642,0.6129629629629629,0.8799615912208506,0.915432098765432,0.8322222222222222,0.94561316872428,FM-Full_A-None_AdaBN-F,500,500,500
BI2015a,EEGNetv4,1,25,0.7667624521072797,0.6681034482758621,0.7539486722156163,0.8740421455938697,0.7704022988505748,0.8916171224732461,FM-Full_A-None_AdaBN-F,500,500,500
BI2015a,EEGNetv4,1,26,0.9032258064516128,0.7333333333333334,0.9639206844721934,0.9471326164874552,0.8930107526881721,0.9765406405364784,FM-Full_A-None_AdaBN-F,500,500,500
BI2015a,EEGNetv4,1,27,0.8379043600562588,0.5170886075949367,0.7381607292278659,0.8572433192686357,0.7177215189873418,0.8465790738663675,FM-Full_A-None_AdaBN-F,500,500,500
BI2015a,EEGNetv4,1,28,0.8516666666666667,0.5696666666666667,0.8734444444444445,0.8722222222222222,0.7473333333333334,0.8916888888888889,FM-Full_A-None_AdaBN-F,500,500,500
BI2015a,EEGNetv4,1,31,0.8277777777777777,0.526,0.6880888888888889,0.8588888888888889,0.7171111111111111,0.8215496296296296,FM-Full_A-None_AdaBN-F,500,500,500
BI2015a,EEGNetv4,1,32,0.8826164874551972,0.6736559139784946,0.8717655220256677,0.910394265232975,0.8193548387096774,0.923777315296566,FM-Full_A-None_AdaBN-F,500,500,500
BI2015a,EEGNetv4,1,35,0.8333333333333334,0.5,0.787956545076898,0.8293075684380032,0.6705314009661836,0.7987560969917618,FM-Full_A-None_AdaBN-F,500,500,500
BI2015a,EEGNetv4,1,37,0.5011904761904762,0.5969047619047619,0.6581485260770974,0.8646825396825397,0.755,0.8581292517006802,FM-Full_A-None_AdaBN-F,500,500,500
BI2015a,EEGNetv4,1,38,0.8498498498498499,0.5801801801801802,0.8076211346481618,0.9264264264264264,0.854954954954955,0.9442577712847984,FM-Full_A-None_AdaBN-F,500,500,500
BI2015a,EEGNetv4,1,40,0.8436213991769548,0.5345679012345679,0.8584762231367169,0.9166666666666666,0.832716049382716,0.9291114159426916,FM-Full_A-None_AdaBN-F,500,500,500
BI2015a,EEGNetv4,1,41,0.7882716049382716,0.5692592592592592,0.6711440329218107,0.8938271604938272,0.7837037037037037,0.8996351165980794,FM-Full_A-None_AdaBN-F,500,500,500
BI2015a,EEGNetv4,2,1,0.8335351089588378,0.5,0.5277489491868577,0.8502824858757062,0.7050258577055962,0.8226737967914438,FM-Full_A-None_AdaBN-F,500,500,500
BI2015a,EEGNetv4,2,2,0.8829365079365079,0.6932539682539682,0.9067019400352736,0.9246031746031746,0.8547619047619048,0.9516943814562862,FM-Full_A-None_AdaBN-F,500,500,500
BI2015a,EEGNetv4,2,3,0.8563218390804598,0.7252873563218392,0.8416633637204386,0.943486590038314,0.9017241379310345,0.9756374686220108,FM-Full_A-None_AdaBN-F,500,500,500
BI2015a,EEGNetv4,2,6,0.7929292929292929,0.6242424242424243,0.7144197658402203,0.9021464646464646,0.8170454545454546,0.9226928374655649,FM-Full_A-None_AdaBN-F,500,500,500
BI2015a,EEGNetv4,2,8,0.8650793650793651,0.7111111111111111,0.8476347946586041,0.9146825396825397,0.8456349206349206,0.942293398841018,FM-Full_A-None_AdaBN-F,500,500,500
BI2015a,EEGNetv4,2,11,0.8104166666666667,0.5845833333333333,0.652982638888889,0.8854166666666666,0.7929166666666667,0.8961354166666667,FM-Full_A-None_AdaBN-F,500,500,500
BI2015a,EEGNetv4,2,12,0.8440860215053764,0.5483870967741935,0.7637804948548965,0.8669354838709677,0.7470430107526882,0.8636547577754654,FM-Full_A-None_AdaBN-F,500,500,500
BI2015a,EEGNetv4,2,15,0.8849206349206349,0.7919047619047619,0.902185941043084,0.9166666666666666,0.8357142857142857,0.9372335600907028,FM-Full_A-None_AdaBN-F,500,500,500
BI2015a,EEGNetv4,2,19,0.865,0.7003333333333334,0.8362711111111111,0.9,0.7773333333333334,0.8922188888888889,FM-Full_A-None_AdaBN-F,500,500,500
BI2015a,EEGNetv4,2,21,0.9166666666666666,0.7976190476190477,0.9371201814058956,0.9404761904761904,0.8766666666666667,0.9626666666666666,FM-Full_A-None_AdaBN-F,500,500,500
BI2015a,EEGNetv4,2,22,0.8731060606060606,0.6981060606060606,0.8638401056014692,0.9059343434343434,0.8375,0.9241333792470156,FM-Full_A-None_AdaBN-F,500,500,500
BI2015a,EEGNetv4,2,23,0.8654970760233918,0.6719298245614035,0.8442674669128962,0.8845029239766082,0.7692982456140351,0.9091816712834718,FM-Full_A-None_AdaBN-F,500,500,500
BI2015a,EEGNetv4,2,24,0.8989197530864198,0.7393518518518518,0.9249442729766804,0.9344135802469136,0.8773148148148148,0.964690500685871,FM-Full_A-None_AdaBN-F,500,500,500
BI2015a,EEGNetv4,2,29,0.8349673202614379,0.5702614379084967,0.7362040240932974,0.8589324618736384,0.7388888888888889,0.8473760092272203,FM-Full_A-None_AdaBN-F,500,500,500
BI2015a,EEGNetv4,2,30,0.8559670781893004,0.817283950617284,0.859266880048773,0.910493827160494,0.7709876543209877,0.9021643042219174,FM-Full_A-None_AdaBN-F,500,500,500
BI2015a,EEGNetv4,2,33,0.8869047619047619,0.7083333333333333,0.8732268833459309,0.914021164021164,0.842063492063492,0.9315129755605944,FM-Full_A-None_AdaBN-F,500,500,500
BI2015a,EEGNetv4,2,34,0.8833333333333333,0.6995238095238095,0.9037097505668934,0.911904761904762,0.8195238095238095,0.9279773242630386,FM-Full_A-None_AdaBN-F,500,500,500
BI2015a,EEGNetv4,2,36,0.8472222222222222,0.7516666666666667,0.8605277777777778,0.9236111111111112,0.8741666666666668,0.9535486111111112,FM-Full_A-None_AdaBN-F,500,500,500
BI2015a,EEGNetv4,2,39,0.8333333333333334,0.5,0.6200043963163496,0.8775510204081632,0.7904761904761904,0.8826090980609932,FM-Full_A-None_AdaBN-F,500,500,500
BI2015a,EEGNetv4,2,42,0.8499025341130604,0.6222222222222222,0.7799015081563558,0.8464912280701754,0.7067251461988304,0.8096063746109913,FM-Full_A-None_AdaBN-F,500,500,500
BI2015a,EEGNetv4,2,43,0.9176245210727968,0.8172413793103448,0.9458316818602192,0.9482758620689656,0.8999999999999999,0.9794424626767076,FM-Full_A-None_AdaBN-F,500,500,500
BI2015a,ShallowConvNet,1,4,0.6819444444444445,0.6808333333333334,0.7616597222222222,0.9027777777777778,0.8066666666666666,0.91975,FM-Full_A-None_AdaBN-F,500,500,500
BI2015a,ShallowConvNet,1,5,0.8712121212121212,0.6419191919191919,0.8859096010611163,0.9031986531986532,0.7702020202020202,0.9180593816957452,FM-Full_A-None_AdaBN-F,500,500,500
BI2015a,ShallowConvNet,1,7,0.1789215686274509,0.4975490196078431,0.6411812764321414,0.8602941176470589,0.7279411764705883,0.8675028835063436,FM-Full_A-None_AdaBN-F,500,500,500
BI2015a,ShallowConvNet,1,9,0.8581081081081081,0.6301801801801802,0.7859386413440468,0.8753753753753754,0.7198198198198198,0.8715932148364581,FM-Full_A-None_AdaBN-F,500,500,500
BI2015a,ShallowConvNet,1,10,0.8620071684587813,0.635483870967742,0.8371719273904498,0.8951612903225806,0.7693548387096774,0.9211758584807492,FM-Full_A-None_AdaBN-F,500,500,500
BI2015a,ShallowConvNet,1,13,0.8771929824561403,0.7543859649122807,0.889077408433364,0.9166666666666666,0.8254385964912281,0.9452831640504772,FM-Full_A-None_AdaBN-F,500,500,500
BI2015a,ShallowConvNet,1,14,0.8112535612535613,0.5158119658119659,0.5741105997516254,0.8618233618233618,0.670940170940171,0.8148586456278764,FM-Full_A-None_AdaBN-F,500,500,500
BI2015a,ShallowConvNet,1,16,0.873015873015873,0.6895238095238095,0.858249433106576,0.8960317460317461,0.7776190476190477,0.9069886621315192,FM-Full_A-None_AdaBN-F,500,500,500
BI2015a,ShallowConvNet,1,17,0.8666666666666667,0.6874074074074075,0.8278573388203018,0.8728395061728395,0.7103703703703703,0.8647626886145406,FM-Full_A-None_AdaBN-F,500,500,500
BI2015a,ShallowConvNet,1,18,0.7753086419753087,0.5481481481481482,0.6303786008230453,0.8592592592592593,0.6622222222222222,0.8031522633744856,FM-Full_A-None_AdaBN-F,500,500,500
BI2015a,ShallowConvNet,1,20,0.8444444444444444,0.5866666666666667,0.7951934156378601,0.8820987654320988,0.7307407407407407,0.8893470507544583,FM-Full_A-None_AdaBN-F,500,500,500
BI2015a,ShallowConvNet,1,25,0.8347701149425287,0.5295977011494253,0.7188333993922579,0.8481800766283525,0.6468390804597701,0.8082590170432026,FM-Full_A-None_AdaBN-F,500,500,500
BI2015a,ShallowConvNet,1,26,0.8969534050179212,0.7467741935483871,0.9165510463637414,0.9256272401433692,0.8370967741935484,0.9386692103133312,FM-Full_A-None_AdaBN-F,500,500,500
BI2015a,ShallowConvNet,1,27,0.8277074542897328,0.5160337552742617,0.6781943776816393,0.8248945147679325,0.5978902953586498,0.7450088126902741,FM-Full_A-None_AdaBN-F,500,500,500
BI2015a,ShallowConvNet,1,28,0.8577777777777778,0.62,0.8178622222222222,0.8455555555555555,0.646,0.8111888888888888,FM-Full_A-None_AdaBN-F,500,500,500
BI2015a,ShallowConvNet,1,31,0.822962962962963,0.5195555555555555,0.6047535802469136,0.832962962962963,0.6055555555555555,0.7488691358024692,FM-Full_A-None_AdaBN-F,500,500,500
BI2015a,ShallowConvNet,1,32,0.8862007168458781,0.7102150537634409,0.8885189039195283,0.8817204301075269,0.7333333333333334,0.900797780090184,FM-Full_A-None_AdaBN-F,500,500,500
BI2015a,ShallowConvNet,1,35,0.8369565217391305,0.5272946859903381,0.7156608088870218,0.8200483091787439,0.5828502415458937,0.6826962122803332,FM-Full_A-None_AdaBN-F,500,500,500
BI2015a,ShallowConvNet,1,37,0.7797619047619048,0.5154761904761904,0.5312369614512471,0.8357142857142857,0.6204761904761905,0.7646972789115647,FM-Full_A-None_AdaBN-F,500,500,500
BI2015a,ShallowConvNet,1,38,0.825075075075075,0.6175675675675676,0.7644468793117443,0.8866366366366366,0.7373873873873873,0.8846725103481861,FM-Full_A-None_AdaBN-F,500,500,500
BI2015a,ShallowConvNet,1,40,0.8477366255144033,0.6172839506172839,0.8106233805822283,0.8868312757201646,0.7444444444444445,0.8903006401463193,FM-Full_A-None_AdaBN-F,500,500,500
BI2015a,ShallowConvNet,1,41,0.75,0.5892592592592593,0.6839506172839507,0.8672839506172839,0.7011111111111111,0.8396241426611797,FM-Full_A-None_AdaBN-F,500,500,500
BI2015a,ShallowConvNet,2,1,0.8159806295399515,0.5049906472128695,0.618740491333084,0.8426150121065376,0.6276728064963359,0.7915412659639239,FM-Full_A-None_AdaBN-F,500,500,500
BI2015a,ShallowConvNet,2,2,0.8644179894179894,0.6773809523809524,0.8336482741244645,0.8981481481481481,0.7611111111111111,0.9063618039808516,FM-Full_A-None_AdaBN-F,500,500,500
BI2015a,ShallowConvNet,2,3,0.8477011494252874,0.6787356321839081,0.8134099616858237,0.9262452107279694,0.8247126436781609,0.9540428061831152,FM-Full_A-None_AdaBN-F,500,500,500
BI2015a,ShallowConvNet,2,6,0.7468434343434344,0.5708333333333333,0.6574351469237834,0.8699494949494949,0.7053030303030303,0.8543015381083565,FM-Full_A-None_AdaBN-F,500,500,500
BI2015a,ShallowConvNet,2,8,0.8366402116402116,0.6543650793650794,0.7871283698664652,0.875,0.7123015873015873,0.8657123960695389,FM-Full_A-None_AdaBN-F,500,500,500
BI2015a,ShallowConvNet,2,11,0.7548611111111111,0.53625,0.5955138888888889,0.8451388888888889,0.6220833333333333,0.7905208333333333,FM-Full_A-None_AdaBN-F,500,500,500
BI2015a,ShallowConvNet,2,12,0.831989247311828,0.5938172043010752,0.7637443635102324,0.853494623655914,0.6615591397849463,0.797050237021621,FM-Full_A-None_AdaBN-F,500,500,500
BI2015a,ShallowConvNet,2,15,0.8547619047619047,0.709047619047619,0.8240272108843538,0.8920634920634921,0.7466666666666666,0.8979319727891155,FM-Full_A-None_AdaBN-F,500,500,500
BI2015a,ShallowConvNet,2,19,0.8433333333333334,0.638,0.7529733333333333,0.87,0.6873333333333334,0.8333044444444445,FM-Full_A-None_AdaBN-F,500,500,500
BI2015a,ShallowConvNet,2,21,0.8857142857142857,0.7466666666666666,0.8821043083900226,0.9,0.7819047619047619,0.9172380952380952,FM-Full_A-None_AdaBN-F,500,500,500
BI2015a,ShallowConvNet,2,22,0.8358585858585859,0.6363636363636364,0.7811151285583104,0.86489898989899,0.6856060606060607,0.8462235996326906,FM-Full_A-None_AdaBN-F,500,500,500
BI2015a,ShallowConvNet,2,23,0.8084795321637427,0.6535087719298245,0.7257925515543244,0.8574561403508771,0.6723684210526315,0.7976146506617421,FM-Full_A-None_AdaBN-F,500,500,500
BI2015a,ShallowConvNet,2,24,0.8726851851851852,0.7087962962962963,0.8556155692729768,0.8935185185185185,0.7583333333333333,0.905778463648834,FM-Full_A-None_AdaBN-F,500,500,500
BI2015a,ShallowConvNet,2,29,0.8344226579520697,0.5673202614379085,0.6652996710666838,0.843681917211329,0.6330065359477124,0.7931052159425861,FM-Full_A-None_AdaBN-F,500,500,500
BI2015a,ShallowConvNet,2,30,0.8076131687242798,0.741358024691358,0.8549535131839658,0.9135802469135802,0.8246913580246913,0.928097850937357,FM-Full_A-None_AdaBN-F,500,500,500
BI2015a,ShallowConvNet,2,33,0.8637566137566137,0.6817460317460318,0.8352859662383472,0.8855820105820106,0.7376984126984127,0.8893518518518517,FM-Full_A-None_AdaBN-F,500,500,500
BI2015a,ShallowConvNet,2,34,0.8492063492063492,0.6638095238095238,0.8244399092970521,0.8753968253968254,0.6985714285714286,0.8775691609977324,FM-Full_A-None_AdaBN-F,500,500,500
BI2015a,ShallowConvNet,2,36,0.8256944444444444,0.63375,0.7611840277777778,0.8763888888888889,0.7225,0.8812222222222222,FM-Full_A-None_AdaBN-F,500,500,500
BI2015a,ShallowConvNet,2,39,0.8321995464852607,0.5006802721088435,0.691556758757925,0.8679138321995464,0.6894557823129253,0.8337660234161692,FM-Full_A-None_AdaBN-F,500,500,500
BI2015a,ShallowConvNet,2,42,0.8128654970760234,0.5929824561403508,0.7071560480147738,0.8318713450292398,0.618421052631579,0.7500222290619336,FM-Full_A-None_AdaBN-F,500,500,500
BI2015a,ShallowConvNet,2,43,0.9022988505747126,0.7781609195402299,0.9132051790196856,0.9157088122605364,0.8160919540229885,0.9456599286563614,FM-Full_A-None_AdaBN-F,500,500,500
BI2015a,ShallowConvNet,1,4,0.6784722222222223,0.6854166666666667,0.7764965277777778,0.9118055555555556,0.8254166666666667,0.9196631944444444,FM-Full_A-None_AdaBN-F,750,750,750
BI2015a,ShallowConvNet,1,5,0.8779461279461279,0.6924242424242424,0.8648505254565861,0.9074074074074074,0.7848484848484849,0.9287368635853483,FM-Full_A-None_AdaBN-F,750,750,750
BI2015a,ShallowConvNet,1,7,0.1756535947712418,0.4995098039215686,0.669660707420223,0.8725490196078431,0.7470588235294118,0.8888936947327951,FM-Full_A-None_AdaBN-F,750,750,750
BI2015a,ShallowConvNet,1,9,0.8588588588588588,0.618018018018018,0.7835808781754727,0.8851351351351351,0.7527027027027027,0.8866204041879717,FM-Full_A-None_AdaBN-F,750,750,750
BI2015a,ShallowConvNet,1,10,0.8593189964157706,0.6446236559139785,0.8514568158168575,0.9059139784946236,0.7865591397849463,0.9314545034107988,FM-Full_A-None_AdaBN-F,750,750,750
BI2015a,ShallowConvNet,1,13,0.8771929824561403,0.7842105263157895,0.910068482610034,0.9210526315789472,0.831578947368421,0.952189135118498,FM-Full_A-None_AdaBN-F,750,750,750
BI2015a,ShallowConvNet,1,14,0.75,0.5542735042735043,0.6025641025641026,0.8660968660968661,0.6752136752136753,0.8195704580319965,FM-Full_A-None_AdaBN-F,750,750,750
BI2015a,ShallowConvNet,1,16,0.8793650793650793,0.7085714285714285,0.8806802721088436,0.8976190476190476,0.7804761904761904,0.9163854875283448,FM-Full_A-None_AdaBN-F,750,750,750
BI2015a,ShallowConvNet,1,17,0.8580246913580247,0.6748148148148148,0.8382222222222222,0.8716049382716049,0.7111111111111111,0.866798353909465,FM-Full_A-None_AdaBN-F,750,750,750
BI2015a,ShallowConvNet,1,18,0.7641975308641975,0.5800000000000001,0.6584828532235939,0.8580246913580247,0.6733333333333333,0.8060109739368999,FM-Full_A-None_AdaBN-F,750,750,750
BI2015a,ShallowConvNet,1,20,0.8444444444444444,0.6103703703703703,0.831514403292181,0.8925925925925926,0.7577777777777778,0.9005157750342936,FM-Full_A-None_AdaBN-F,750,750,750
BI2015a,ShallowConvNet,1,25,0.8400383141762452,0.5350574712643679,0.7297314704716608,0.8529693486590039,0.6543103448275862,0.8196029858633901,FM-Full_A-None_AdaBN-F,750,750,750
BI2015a,ShallowConvNet,1,26,0.9086021505376344,0.7946236559139785,0.944259451959764,0.9265232974910396,0.8268817204301075,0.9457104867614752,FM-Full_A-None_AdaBN-F,750,750,750
BI2015a,ShallowConvNet,1,27,0.8319268635724332,0.5295358649789029,0.6985988712635084,0.8322784810126582,0.620042194092827,0.7722738521248376,FM-Full_A-None_AdaBN-F,750,750,750
BI2015a,ShallowConvNet,1,28,0.8588888888888889,0.6326666666666667,0.8425733333333334,0.8516666666666667,0.663,0.8329377777777778,FM-Full_A-None_AdaBN-F,750,750,750
BI2015a,ShallowConvNet,1,31,0.8181481481481482,0.5264444444444444,0.6086913580246913,0.8381481481481482,0.6166666666666667,0.7571466666666666,FM-Full_A-None_AdaBN-F,750,750,750
BI2015a,ShallowConvNet,1,32,0.9023297491039428,0.75,0.8936177592785294,0.8987455197132617,0.7586021505376344,0.904012024511504,FM-Full_A-None_AdaBN-F,750,750,750
BI2015a,ShallowConvNet,1,35,0.8385668276972624,0.5195652173913043,0.7315526616723844,0.8188405797101449,0.5821256038647343,0.7009918551191393,FM-Full_A-None_AdaBN-F,750,750,750
BI2015a,ShallowConvNet,1,37,0.4559523809523809,0.5402380952380952,0.5696269841269842,0.8317460317460318,0.621904761904762,0.7719115646258503,FM-Full_A-None_AdaBN-F,750,750,750
BI2015a,ShallowConvNet,1,38,0.8318318318318318,0.6504504504504505,0.7849362876389904,0.9016516516516516,0.7698198198198198,0.8951870789708627,FM-Full_A-None_AdaBN-F,750,750,750
BI2015a,ShallowConvNet,1,40,0.8518518518518519,0.6148148148148148,0.821766880048773,0.8966049382716049,0.7651234567901235,0.8975784941319921,FM-Full_A-None_AdaBN-F,750,750,750
BI2015a,ShallowConvNet,1,41,0.7339506172839506,0.6166666666666667,0.6905871056241427,0.8765432098765432,0.7081481481481482,0.8526419753086419,FM-Full_A-None_AdaBN-F,750,750,750
BI2015a,ShallowConvNet,2,1,0.4893058918482647,0.537479808983077,0.5558378263389157,0.8391848264729621,0.6333755859246055,0.7938766018940311,FM-Full_A-None_AdaBN-F,750,750,750
BI2015a,ShallowConvNet,2,2,0.871031746031746,0.6432539682539683,0.888869992441421,0.9120370370370372,0.7884920634920635,0.9150856638951876,FM-Full_A-None_AdaBN-F,750,750,750
BI2015a,ShallowConvNet,2,3,0.8352490421455939,0.6988505747126437,0.7979059320914256,0.9262452107279694,0.8270114942528735,0.9511692429647246,FM-Full_A-None_AdaBN-F,750,750,750
BI2015a,ShallowConvNet,2,6,0.8061868686868687,0.606439393939394,0.7089560376492194,0.8768939393939394,0.7200757575757576,0.874939738292011,FM-Full_A-None_AdaBN-F,750,750,750
BI2015a,ShallowConvNet,2,8,0.8452380952380952,0.6373015873015873,0.8175390526581003,0.8835978835978836,0.7317460317460318,0.8855568153187201,FM-Full_A-None_AdaBN-F,750,750,750
BI2015a,ShallowConvNet,2,11,0.7423611111111111,0.53875,0.5865069444444444,0.8569444444444444,0.6525,0.8019097222222222,FM-Full_A-None_AdaBN-F,750,750,750
BI2015a,ShallowConvNet,2,12,0.8378136200716846,0.5456989247311828,0.77144901144641,0.8449820788530465,0.6403225806451612,0.8038284772806106,FM-Full_A-None_AdaBN-F,750,750,750
BI2015a,ShallowConvNet,2,15,0.8634920634920635,0.6933333333333334,0.8587709750566894,0.9055555555555556,0.7757142857142858,0.89881179138322,FM-Full_A-None_AdaBN-F,750,750,750
BI2015a,ShallowConvNet,2,19,0.8455555555555555,0.602,0.7764022222222222,0.8727777777777778,0.7076666666666667,0.8316844444444444,FM-Full_A-None_AdaBN-F,750,750,750
BI2015a,ShallowConvNet,2,21,0.8960317460317461,0.7204761904761905,0.9086893424036282,0.915079365079365,0.8119047619047619,0.9310657596371884,FM-Full_A-None_AdaBN-F,750,750,750
BI2015a,ShallowConvNet,2,22,0.8566919191919192,0.6685606060606061,0.8150826446280993,0.8781565656565656,0.7178030303030303,0.8627553948576675,FM-Full_A-None_AdaBN-F,750,750,750
BI2015a,ShallowConvNet,2,23,0.8194444444444444,0.6600877192982456,0.7475723299476762,0.8654970760233918,0.6859649122807018,0.8246806709756849,FM-Full_A-None_AdaBN-F,750,750,750
BI2015a,ShallowConvNet,2,24,0.8780864197530864,0.6805555555555556,0.877409122085048,0.8973765432098766,0.7699074074074075,0.9158950617283952,FM-Full_A-None_AdaBN-F,750,750,750
BI2015a,ShallowConvNet,2,29,0.8218954248366013,0.5911764705882353,0.6878187876457773,0.8572984749455338,0.6594771241830065,0.7994574736212566,FM-Full_A-None_AdaBN-F,750,750,750
BI2015a,ShallowConvNet,2,30,0.389917695473251,0.6117283950617284,0.7490855052583448,0.8981481481481481,0.8080246913580247,0.9346822130772748,FM-Full_A-None_AdaBN-F,750,750,750
BI2015a,ShallowConvNet,2,33,0.8644179894179894,0.6630952380952381,0.8403974552784076,0.8974867724867724,0.7638888888888888,0.8947341899722853,FM-Full_A-None_AdaBN-F,750,750,750
BI2015a,ShallowConvNet,2,34,0.8650793650793651,0.6390476190476191,0.8396099773242631,0.8793650793650793,0.7123809523809523,0.8772562358276643,FM-Full_A-None_AdaBN-F,750,750,750
BI2015a,ShallowConvNet,2,36,0.8166666666666667,0.665,0.7800972222222223,0.8854166666666666,0.7329166666666667,0.8859652777777778,FM-Full_A-None_AdaBN-F,750,750,750
BI2015a,ShallowConvNet,2,39,0.8253968253968254,0.5197278911564626,0.7194918783840066,0.8735827664399093,0.7078231292517007,0.8539451154611504,FM-Full_A-None_AdaBN-F,750,750,750
BI2015a,ShallowConvNet,2,42,0.8123781676413255,0.5786549707602339,0.7312420915837351,0.8357699805068226,0.6160818713450292,0.7624226257651927,FM-Full_A-None_AdaBN-F,750,750,750
BI2015a,ShallowConvNet,2,43,0.9128352490421456,0.8074712643678161,0.9257827982560444,0.9300766283524904,0.8316091954022988,0.9532897344431234,FM-Full_A-None_AdaBN-F,750,750,750
BI2015a,ATCNet,1,4,0.8951388888888889,0.7004166666666667,0.9224548611111112,0.9381944444444444,0.87625,0.9634166666666668,FM-Full_A-None_AdaBN-F,750,750,750
BI2015a,ATCNet,1,5,0.8636363636363636,0.601010101010101,0.910356086113662,0.925925925925926,0.8767676767676768,0.9564381185593308,FM-Full_A-None_AdaBN-F,750,750,750
BI2015a,ATCNet,1,7,0.8341503267973857,0.5024509803921569,0.6805940023068051,0.9338235294117648,0.8700980392156863,0.9435649750096116,FM-Full_A-None_AdaBN-F,750,750,750
BI2015a,ATCNet,1,9,0.8551051051051051,0.6121621621621621,0.8145036928820713,0.9039039039039038,0.8072072072072072,0.9259962665368072,FM-Full_A-None_AdaBN-F,750,750,750
BI2015a,ATCNet,1,10,0.9005376344086021,0.7338709677419355,0.9226789224187768,0.9345878136200716,0.863978494623656,0.9659440397733842,FM-Full_A-None_AdaBN-F,750,750,750
BI2015a,ATCNet,1,13,0.9035087719298246,0.7701754385964912,0.9168859649122808,0.9444444444444444,0.9017543859649124,0.9694021237303786,FM-Full_A-None_AdaBN-F,750,750,750
BI2015a,ATCNet,1,14,0.8027065527065527,0.5363247863247863,0.5935495653444371,0.8810541310541311,0.7679487179487179,0.9012637884432756,FM-Full_A-None_AdaBN-F,750,750,750
BI2015a,ATCNet,1,16,0.907936507936508,0.7695238095238095,0.9314965986394558,0.926984126984127,0.878095238095238,0.9662403628117916,FM-Full_A-None_AdaBN-F,750,750,750
BI2015a,ATCNet,1,17,0.8598765432098765,0.6166666666666667,0.8723374485596708,0.891358024691358,0.7807407407407407,0.9150013717421124,FM-Full_A-None_AdaBN-F,750,750,750
BI2015a,ATCNet,1,18,0.8376543209876544,0.5722222222222222,0.699758573388203,0.8925925925925926,0.7874074074074074,0.8926639231824417,FM-Full_A-None_AdaBN-F,750,750,750
BI2015a,ATCNet,1,20,0.8716049382716049,0.6607407407407407,0.8880713305898491,0.9222222222222224,0.8629629629629629,0.956636488340192,FM-Full_A-None_AdaBN-F,750,750,750
BI2015a,ATCNet,1,25,0.8338122605363985,0.5186781609195402,0.7034697450125512,0.8740421455938697,0.7623563218390805,0.8953032104637336,FM-Full_A-None_AdaBN-F,750,750,750
BI2015a,ATCNet,1,26,0.9265232974910396,0.8225806451612903,0.9649092380622036,0.9453405017921148,0.8897849462365591,0.9767429760665972,FM-Full_A-None_AdaBN-F,750,750,750
BI2015a,ATCNet,1,27,0.8407172995780591,0.5331223628691983,0.7142449571827877,0.8523206751054853,0.7172995780590717,0.834864426997098,FM-Full_A-None_AdaBN-F,750,750,750
BI2015a,ATCNet,1,28,0.8666666666666667,0.6213333333333333,0.8625533333333333,0.8866666666666667,0.7853333333333333,0.8948733333333333,FM-Full_A-None_AdaBN-F,750,750,750
BI2015a,ATCNet,1,31,0.8255555555555556,0.5353333333333333,0.6538390123456791,0.847037037037037,0.7108888888888889,0.8281382716049382,FM-Full_A-None_AdaBN-F,750,750,750
BI2015a,ATCNet,1,32,0.8951612903225806,0.7370967741935484,0.9014336917562724,0.910394265232975,0.821505376344086,0.9310440513354143,FM-Full_A-None_AdaBN-F,750,750,750
BI2015a,ATCNet,1,35,0.8345410628019324,0.5036231884057971,0.7558332749889146,0.8417874396135265,0.6828502415458937,0.7962939625195454,FM-Full_A-None_AdaBN-F,750,750,750
BI2015a,ATCNet,1,37,0.8007936507936508,0.5366666666666666,0.6009206349206349,0.8706349206349207,0.749047619047619,0.8668911564625851,FM-Full_A-None_AdaBN-F,750,750,750
BI2015a,ATCNet,1,38,0.8596096096096096,0.6707207207207208,0.8190284879474069,0.9204204204204204,0.8495495495495495,0.943348754159565,FM-Full_A-None_AdaBN-F,750,750,750
BI2015a,ATCNet,1,40,0.8564814814814815,0.5842592592592593,0.8578551287913428,0.9248971193415638,0.8537037037037036,0.9336648376771834,FM-Full_A-None_AdaBN-F,750,750,750
BI2015a,ATCNet,1,41,0.8265432098765432,0.5803703703703703,0.7135528120713306,0.895679012345679,0.772962962962963,0.9138737997256516,FM-Full_A-None_AdaBN-F,750,750,750
BI2015a,ATCNet,2,1,0.8333333333333334,0.5008490130058757,0.5582650029708853,0.864406779661017,0.7348394621597236,0.8624927561746734,FM-Full_A-None_AdaBN-F,750,750,750
BI2015a,ATCNet,2,2,0.8981481481481481,0.7388888888888889,0.915936004031242,0.9338624338624338,0.8809523809523809,0.9606040564373898,FM-Full_A-None_AdaBN-F,750,750,750
BI2015a,ATCNet,2,3,0.8419540229885057,0.7097701149425287,0.8440084555423438,0.950191570881226,0.903448275862069,0.9776852952833928,FM-Full_A-None_AdaBN-F,750,750,750
BI2015a,ATCNet,2,6,0.803030303030303,0.6545454545454545,0.7559171258034896,0.9078282828282828,0.8295454545454546,0.9324954086317724,FM-Full_A-None_AdaBN-F,750,750,750
BI2015a,ATCNet,2,8,0.8670634920634921,0.7488095238095238,0.864736079617032,0.91005291005291,0.8444444444444444,0.9328672209624592,FM-Full_A-None_AdaBN-F,750,750,750
BI2015a,ATCNet,2,11,0.7854166666666667,0.5795833333333333,0.6733333333333333,0.8923611111111112,0.8104166666666667,0.914888888888889,FM-Full_A-None_AdaBN-F,750,750,750
BI2015a,ATCNet,2,12,0.8243727598566308,0.6333333333333333,0.7600315065325471,0.8593189964157706,0.7446236559139785,0.8528847265579836,FM-Full_A-None_AdaBN-F,750,750,750
BI2015a,ATCNet,2,15,0.8849206349206349,0.7861904761904761,0.8945804988662132,0.9253968253968254,0.86,0.9471519274376418,FM-Full_A-None_AdaBN-F,750,750,750
BI2015a,ATCNet,2,19,0.89,0.7566666666666666,0.8637377777777779,0.8966666666666666,0.8113333333333334,0.8982555555555556,FM-Full_A-None_AdaBN-F,750,750,750
BI2015a,ATCNet,2,21,0.9174603174603174,0.8076190476190477,0.9354784580498868,0.938095238095238,0.8923809523809524,0.9603174603174602,FM-Full_A-None_AdaBN-F,750,750,750
BI2015a,ATCNet,2,22,0.86489898989899,0.7037878787878787,0.8556932966023877,0.9103535353535354,0.8431818181818183,0.9261392332415062,FM-Full_A-None_AdaBN-F,750,750,750
BI2015a,ATCNet,2,23,0.8728070175438597,0.6973684210526316,0.869548322560788,0.8940058479532164,0.7907894736842105,0.8992613111726684,FM-Full_A-None_AdaBN-F,750,750,750
BI2015a,ATCNet,2,24,0.9097222222222222,0.7865740740740741,0.9151277434842248,0.9405864197530864,0.8958333333333333,0.958894890260631,FM-Full_A-None_AdaBN-F,750,750,750
BI2015a,ATCNet,2,29,0.8208061002178649,0.5866013071895425,0.7232453329915844,0.8725490196078431,0.757516339869281,0.8777179717202785,FM-Full_A-None_AdaBN-F,750,750,750
BI2015a,ATCNet,2,30,0.9084362139917695,0.8265432098765433,0.8840954122847126,0.9310699588477366,0.812962962962963,0.9224203627495808,FM-Full_A-None_AdaBN-F,750,750,750
BI2015a,ATCNet,2,33,0.8862433862433863,0.7444444444444445,0.9019053917863442,0.919973544973545,0.8472222222222223,0.939062106324011,FM-Full_A-None_AdaBN-F,750,750,750
BI2015a,ATCNet,2,34,0.8857142857142857,0.7104761904761905,0.8857641723356009,0.9142857142857144,0.8457142857142858,0.9405668934240364,FM-Full_A-None_AdaBN-F,750,750,750
BI2015a,ATCNet,2,36,0.8666666666666667,0.77,0.8641631944444444,0.9256944444444444,0.8804166666666666,0.9513194444444444,FM-Full_A-None_AdaBN-F,750,750,750
BI2015a,ATCNet,2,39,0.8333333333333334,0.5,0.474080244342635,0.9075963718820862,0.80578231292517,0.9094960433152852,FM-Full_A-None_AdaBN-F,750,750,750
BI2015a,ATCNet,2,42,0.8474658869395711,0.6394736842105263,0.7823261858349578,0.8581871345029239,0.7219298245614035,0.8232823774836703,FM-Full_A-None_AdaBN-F,750,750,750
BI2015a,ATCNet,2,43,0.9367816091954024,0.8655172413793103,0.9594860615669176,0.9454022988505748,0.9097701149425288,0.983564539569296,FM-Full_A-None_AdaBN-F,750,750,750
BI2015a,EEGNetv4,1,4,0.8625,0.5875,0.7493298611111111,0.9381944444444444,0.8729166666666667,0.9437152777777778,FM-Full_A-None_AdaBN-F,750,750,750
BI2015a,EEGNetv4,1,5,0.8560606060606061,0.5702020202020202,0.8975206611570248,0.915824915824916,0.8424242424242425,0.950867258443016,FM-Full_A-None_AdaBN-F,750,750,750
BI2015a,EEGNetv4,1,7,0.4959150326797386,0.6700980392156863,0.8086072664359861,0.9248366013071896,0.8549019607843138,0.9306757016532105,FM-Full_A-None_AdaBN-F,750,750,750
BI2015a,EEGNetv4,1,9,0.8363363363363363,0.5144144144144144,0.8091510429348268,0.9061561561561562,0.804954954954955,0.9287801314828342,FM-Full_A-None_AdaBN-F,750,750,750
BI2015a,EEGNetv4,1,10,0.8637992831541219,0.5978494623655914,0.9140073996993872,0.92831541218638,0.8602150537634409,0.9466007630939992,FM-Full_A-None_AdaBN-F,750,750,750
BI2015a,EEGNetv4,1,13,0.8859649122807017,0.6736842105263158,0.9225415512465374,0.939327485380117,0.8828947368421053,0.962850107725454,FM-Full_A-None_AdaBN-F,750,750,750
BI2015a,EEGNetv4,1,14,0.8297720797720798,0.502991452991453,0.6016473080575646,0.8853276353276354,0.7688034188034187,0.8978267221856965,FM-Full_A-None_AdaBN-F,750,750,750
BI2015a,EEGNetv4,1,16,0.8738095238095238,0.6252380952380953,0.9426213151927436,0.9261904761904762,0.8509523809523809,0.9568571428571429,FM-Full_A-None_AdaBN-F,750,750,750
BI2015a,EEGNetv4,1,17,0.8438271604938271,0.5448148148148148,0.8401097393689987,0.8907407407407407,0.7759259259259259,0.9041124828532238,FM-Full_A-None_AdaBN-F,750,750,750
BI2015a,EEGNetv4,1,18,0.825925925925926,0.5518518518518518,0.6795775034293554,0.8839506172839506,0.7644444444444445,0.8897119341563787,FM-Full_A-None_AdaBN-F,750,750,750
BI2015a,EEGNetv4,1,20,0.8462962962962963,0.5596296296296296,0.905039780521262,0.9160493827160494,0.8414814814814815,0.95160219478738,FM-Full_A-None_AdaBN-F,750,750,750
BI2015a,EEGNetv4,1,25,0.8342911877394636,0.5339080459770115,0.6928425155238473,0.8721264367816092,0.7669540229885058,0.8894669044787951,FM-Full_A-None_AdaBN-F,750,750,750
BI2015a,EEGNetv4,1,26,0.8906810035842294,0.6763440860215053,0.9662273095155508,0.946236559139785,0.8903225806451613,0.9750144525378656,FM-Full_A-None_AdaBN-F,750,750,750
BI2015a,EEGNetv4,1,27,0.8340365682137834,0.5063291139240507,0.752792465594901,0.8582981715893109,0.7166666666666666,0.8394310028663496,FM-Full_A-None_AdaBN-F,750,750,750
BI2015a,EEGNetv4,1,28,0.8422222222222222,0.5306666666666666,0.8756555555555556,0.8816666666666667,0.7689999999999999,0.9023577777777778,FM-Full_A-None_AdaBN-F,750,750,750
BI2015a,EEGNetv4,1,31,0.8281481481481482,0.5066666666666667,0.6855081481481482,0.8488888888888889,0.6986666666666667,0.8235901234567902,FM-Full_A-None_AdaBN-F,750,750,750
BI2015a,EEGNetv4,1,32,0.8700716845878136,0.625268817204301,0.8909931784021274,0.9077060931899642,0.8263440860215054,0.930367672563302,FM-Full_A-None_AdaBN-F,750,750,750
BI2015a,EEGNetv4,1,35,0.8333333333333334,0.5,0.7932857242876146,0.8409822866344605,0.6891304347826087,0.7993377908469276,FM-Full_A-None_AdaBN-F,750,750,750
BI2015a,EEGNetv4,1,37,0.7035714285714286,0.5869047619047618,0.6455238095238095,0.8615079365079366,0.7397619047619048,0.8544138321995465,FM-Full_A-None_AdaBN-F,750,750,750
BI2015a,EEGNetv4,1,38,0.8513513513513513,0.5666666666666667,0.8345872899926954,0.9226726726726728,0.8328828828828829,0.9359508156805454,FM-Full_A-None_AdaBN-F,750,750,750
BI2015a,EEGNetv4,1,40,0.8374485596707819,0.5135802469135802,0.8576036427373874,0.9130658436213992,0.8367283950617284,0.9307117817405884,FM-Full_A-None_AdaBN-F,750,750,750
BI2015a,EEGNetv4,1,41,0.7833333333333333,0.544074074074074,0.6633827160493827,0.8969135802469136,0.7766666666666666,0.9054211248285324,FM-Full_A-None_AdaBN-F,750,750,750
BI2015a,EEGNetv4,2,1,0.8331315577078289,0.499757927862503,0.5687371903493907,0.8458434221146085,0.7028480887304417,0.8230053622646215,FM-Full_A-None_AdaBN-F,750,750,750
BI2015a,EEGNetv4,2,2,0.8842592592592593,0.682936507936508,0.9295256991685562,0.9272486772486772,0.8626984126984127,0.9508818342151676,FM-Full_A-None_AdaBN-F,750,750,750
BI2015a,EEGNetv4,2,3,0.8505747126436781,0.7310344827586207,0.8418681463865769,0.9511494252873564,0.8994252873563219,0.9754062623860484,FM-Full_A-None_AdaBN-F,750,750,750
BI2015a,EEGNetv4,2,6,0.7992424242424242,0.6143939393939394,0.7337838613406795,0.9090909090909092,0.8272727272727273,0.9311409550045914,FM-Full_A-None_AdaBN-F,750,750,750
BI2015a,EEGNetv4,2,8,0.8835978835978836,0.734920634920635,0.8699326026706979,0.9133597883597884,0.8448412698412698,0.938095238095238,FM-Full_A-None_AdaBN-F,750,750,750
BI2015a,EEGNetv4,2,11,0.8444444444444444,0.565,0.7051145833333333,0.8993055555555556,0.80125,0.91421875,FM-Full_A-None_AdaBN-F,750,750,750
BI2015a,EEGNetv4,2,12,0.8440860215053764,0.5387096774193548,0.775793444328824,0.8651433691756273,0.7427419354838709,0.857872297375419,FM-Full_A-None_AdaBN-F,750,750,750
BI2015a,EEGNetv4,2,15,0.8992063492063492,0.8042857142857143,0.911591836734694,0.9246031746031746,0.8519047619047619,0.9409251700680272,FM-Full_A-None_AdaBN-F,750,750,750
BI2015a,EEGNetv4,2,19,0.875,0.6903333333333334,0.8565911111111111,0.8922222222222222,0.7646666666666666,0.89776,FM-Full_A-None_AdaBN-F,750,750,750
BI2015a,EEGNetv4,2,21,0.9206349206349206,0.7942857142857143,0.947596371882086,0.9396825396825396,0.8685714285714285,0.9621950113378684,FM-Full_A-None_AdaBN-F,750,750,750
BI2015a,EEGNetv4,2,22,0.8775252525252525,0.7143939393939394,0.8728506657483931,0.9015151515151516,0.8181818181818182,0.9234618916437098,FM-Full_A-None_AdaBN-F,750,750,750
BI2015a,EEGNetv4,2,23,0.8757309941520468,0.6745614035087719,0.8806671283471837,0.8808479532163743,0.7653508771929824,0.9106455832563864,FM-Full_A-None_AdaBN-F,750,750,750
BI2015a,EEGNetv4,2,24,0.8958333333333334,0.7356481481481482,0.9329046639231824,0.933641975308642,0.8768518518518518,0.9650334362139916,FM-Full_A-None_AdaBN-F,750,750,750
BI2015a,EEGNetv4,2,29,0.843681917211329,0.5859477124183007,0.7405848178051176,0.8676470588235294,0.7441176470588236,0.8647656884104404,FM-Full_A-None_AdaBN-F,750,750,750
BI2015a,EEGNetv4,2,30,0.8765432098765432,0.8617283950617284,0.8988568815729309,0.911522633744856,0.7666666666666666,0.9108672458466696,FM-Full_A-None_AdaBN-F,750,750,750
BI2015a,EEGNetv4,2,33,0.8915343915343915,0.7206349206349206,0.8962490551776265,0.9173280423280424,0.8456349206349207,0.9370842781557068,FM-Full_A-None_AdaBN-F,750,750,750
BI2015a,EEGNetv4,2,34,0.8809523809523809,0.6771428571428572,0.916326530612245,0.9047619047619048,0.8057142857142857,0.9291700680272108,FM-Full_A-None_AdaBN-F,750,750,750
BI2015a,EEGNetv4,2,36,0.8645833333333334,0.7720833333333333,0.8888506944444445,0.9236111111111112,0.8741666666666668,0.9510208333333334,FM-Full_A-None_AdaBN-F,750,750,750
BI2015a,EEGNetv4,2,39,0.8321995464852607,0.4993197278911565,0.7073349067518164,0.8939909297052154,0.7989795918367346,0.8964875746216854,FM-Full_A-None_AdaBN-F,750,750,750
BI2015a,EEGNetv4,2,42,0.8552631578947368,0.6219298245614036,0.7930611128210389,0.8450292397660819,0.7046783625730995,0.8108426524400671,FM-Full_A-None_AdaBN-F,750,750,750
BI2015a,EEGNetv4,2,43,0.9233716475095786,0.8160919540229885,0.9550931430836306,0.9540229885057472,0.9103448275862068,0.979653851235302,FM-Full_A-None_AdaBN-F,750,750,750
BI2015a,DeepConvNet,1,4,0.9236111111111112,0.8408333333333333,0.9472013888888888,0.95,0.895,0.9711614583333332,FM-Full_A-None_AdaBN-F,750,750,750
BI2015a,DeepConvNet,1,5,0.9006734006734006,0.7424242424242424,0.9348382818079788,0.9377104377104376,0.8858585858585859,0.9630190796857464,FM-Full_A-None_AdaBN-F,750,750,750
BI2015a,DeepConvNet,1,7,0.8316993464052288,0.7911764705882353,0.8735390234525182,0.940359477124183,0.8838235294117647,0.9516099577085736,FM-Full_A-None_AdaBN-F,750,750,750
BI2015a,DeepConvNet,1,9,0.8648648648648649,0.6774774774774774,0.8143170197224251,0.915915915915916,0.8306306306306306,0.9253591429267106,FM-Full_A-None_AdaBN-F,750,750,750
BI2015a,DeepConvNet,1,10,0.9112903225806452,0.8134408602150538,0.9241068331599028,0.9399641577060932,0.8930107526881721,0.9648340848653024,FM-Full_A-None_AdaBN-F,750,750,750
BI2015a,DeepConvNet,1,13,0.9130116959064328,0.8390350877192982,0.9374653739612188,0.9473684210526316,0.8912280701754386,0.9656432748538012,FM-Full_A-None_AdaBN-F,750,750,750
BI2015a,DeepConvNet,1,14,0.801994301994302,0.5427350427350428,0.637142961501936,0.8881766381766382,0.7773504273504274,0.9018883775294032,FM-Full_A-None_AdaBN-F,750,750,750
BI2015a,DeepConvNet,1,16,0.919047619047619,0.8314285714285714,0.9440045351473924,0.9412698412698411,0.8809523809523809,0.9590748299319728,FM-Full_A-None_AdaBN-F,750,750,750
BI2015a,DeepConvNet,1,17,0.8685185185185185,0.6974074074074075,0.8655528120713306,0.9006172839506172,0.807037037037037,0.921851851851852,FM-Full_A-None_AdaBN-F,750,750,750
BI2015a,DeepConvNet,1,18,0.841358024691358,0.5966666666666667,0.7625349794238683,0.8969135802469136,0.7737037037037038,0.8973909465020575,FM-Full_A-None_AdaBN-F,750,750,750
BI2015a,DeepConvNet,1,20,0.8975308641975308,0.7859259259259259,0.9158875171467764,0.9320987654320988,0.8674074074074074,0.9589163237311384,FM-Full_A-None_AdaBN-F,750,750,750
BI2015a,DeepConvNet,1,25,0.8342911877394636,0.65,0.7750891795481569,0.882183908045977,0.7603448275862069,0.8898500462412472,FM-Full_A-None_AdaBN-F,750,750,750
BI2015a,DeepConvNet,1,26,0.9399641577060932,0.8822580645161291,0.9672505491964388,0.9551971326164874,0.9064516129032258,0.979251936640074,FM-Full_A-None_AdaBN-F,750,750,750
BI2015a,DeepConvNet,1,27,0.8410689170182841,0.589873417721519,0.7603820612793535,0.8653305203938115,0.739451476793249,0.8606758176218199,FM-Full_A-None_AdaBN-F,750,750,750
BI2015a,DeepConvNet,1,28,0.8722222222222222,0.698,0.8652777777777777,0.8977777777777778,0.7986666666666666,0.8998244444444442,FM-Full_A-None_AdaBN-F,750,750,750
BI2015a,DeepConvNet,1,31,0.8211111111111111,0.5504444444444444,0.6776474074074075,0.8574074074074074,0.7046666666666667,0.8275703703703703,FM-Full_A-None_AdaBN-F,750,750,750
BI2015a,DeepConvNet,1,32,0.9121863799283154,0.8139784946236559,0.916342929818476,0.9256272401433692,0.8413978494623656,0.9355474621343508,FM-Full_A-None_AdaBN-F,750,750,750
BI2015a,DeepConvNet,1,35,0.8534621578099839,0.5690821256038647,0.8139233120959648,0.8627214170692431,0.701207729468599,0.8097843590282152,FM-Full_A-None_AdaBN-F,750,750,750
BI2015a,DeepConvNet,1,37,0.773015873015873,0.5742857142857143,0.6134931972789116,0.8777777777777778,0.7485714285714287,0.8716473922902495,FM-Full_A-None_AdaBN-F,750,750,750
BI2015a,DeepConvNet,1,38,0.8363363363363363,0.663963963963964,0.7956010064118173,0.9286786786786788,0.8490990990990991,0.9398587776966156,FM-Full_A-None_AdaBN-F,750,750,750
BI2015a,DeepConvNet,1,40,0.8724279835390947,0.6765432098765432,0.8758744855967079,0.9243827160493828,0.8324074074074074,0.9381306203322664,FM-Full_A-None_AdaBN-F,750,750,750
BI2015a,DeepConvNet,1,41,0.8246913580246914,0.6118518518518519,0.718633744855967,0.9135802469135802,0.8044444444444445,0.9243909465020576,FM-Full_A-None_AdaBN-F,750,750,750
BI2015a,DeepConvNet,2,1,0.8188054882970137,0.534331550802139,0.5909465020576131,0.8777239709443099,0.7539834070553024,0.8727982805542719,FM-Full_A-None_AdaBN-F,750,750,750
BI2015a,DeepConvNet,2,2,0.9047619047619048,0.7730158730158729,0.9418776769967244,0.9345238095238096,0.8607142857142858,0.9582010582010582,FM-Full_A-None_AdaBN-F,750,750,750
BI2015a,DeepConvNet,2,3,0.8553639846743295,0.7132183908045977,0.8153520940679087,0.9559386973180076,0.9022988505747128,0.9839212577619236,FM-Full_A-None_AdaBN-F,750,750,750
BI2015a,DeepConvNet,2,6,0.8150252525252525,0.6299242424242424,0.7387310606060606,0.9097222222222222,0.8018939393939394,0.9329258494031222,FM-Full_A-None_AdaBN-F,750,750,750
BI2015a,DeepConvNet,2,8,0.8842592592592593,0.7511904761904762,0.8903974552784077,0.9272486772486772,0.8436507936507937,0.9450995212899976,FM-Full_A-None_AdaBN-F,750,750,750
BI2015a,DeepConvNet,2,11,0.8444444444444444,0.595,0.7538784722222223,0.9138888888888888,0.8200000000000001,0.9369097222222222,FM-Full_A-None_AdaBN-F,750,750,750
BI2015a,DeepConvNet,2,12,0.83915770609319,0.578763440860215,0.7731992137819401,0.867831541218638,0.73252688172043,0.8626979997687594,FM-Full_A-None_AdaBN-F,750,750,750
BI2015a,DeepConvNet,2,15,0.9023809523809524,0.8195238095238095,0.9301496598639456,0.9246031746031746,0.8423809523809525,0.9516326530612244,FM-Full_A-None_AdaBN-F,750,750,750
BI2015a,DeepConvNet,2,19,0.8822222222222222,0.7506666666666666,0.8643244444444445,0.8994444444444445,0.8009999999999999,0.9044044444444445,FM-Full_A-None_AdaBN-F,750,750,750
BI2015a,DeepConvNet,2,21,0.9246031746031746,0.8252380952380953,0.9463628117913832,0.9412698412698411,0.8752380952380953,0.9638956916099772,FM-Full_A-None_AdaBN-F,750,750,750
BI2015a,DeepConvNet,2,22,0.8762626262626263,0.7166666666666667,0.869450183654729,0.9172979797979798,0.8140151515151515,0.9313073921028469,FM-Full_A-None_AdaBN-F,750,750,750
BI2015a,DeepConvNet,2,23,0.8808479532163743,0.7162280701754387,0.8817520775623269,0.902046783625731,0.7956140350877192,0.9204332102185288,FM-Full_A-None_AdaBN-F,750,750,750
BI2015a,DeepConvNet,2,24,0.910493827160494,0.7740740740740741,0.9324931412894376,0.9459876543209876,0.875,0.9677297668038408,FM-Full_A-None_AdaBN-F,750,750,750
BI2015a,DeepConvNet,2,29,0.8415032679738562,0.5715686274509804,0.719285317612884,0.8856209150326797,0.75359477124183,0.8908432654107395,FM-Full_A-None_AdaBN-F,750,750,750
BI2015a,DeepConvNet,2,30,0.8611111111111112,0.8549382716049383,0.8926154549611339,0.9506172839506172,0.891358024691358,0.964769090077732,FM-Full_A-None_AdaBN-F,750,750,750
BI2015a,DeepConvNet,2,33,0.8961640211640212,0.7361111111111112,0.8977072310405645,0.9312169312169312,0.8507936507936508,0.9429642227261272,FM-Full_A-None_AdaBN-F,750,750,750
BI2015a,DeepConvNet,2,34,0.8912698412698413,0.7366666666666666,0.9268163265306124,0.9214285714285714,0.8214285714285714,0.9477233560090704,FM-Full_A-None_AdaBN-F,750,750,750
BI2015a,DeepConvNet,2,36,0.8645833333333334,0.7904166666666667,0.8878993055555555,0.9416666666666668,0.8833333333333333,0.96371875,FM-Full_A-None_AdaBN-F,750,750,750
BI2015a,DeepConvNet,2,39,0.7981859410430839,0.5306122448979592,0.5772617890693692,0.8985260770975056,0.8017006802721088,0.9154495811930212,FM-Full_A-None_AdaBN-F,750,750,750
BI2015a,DeepConvNet,2,42,0.8542884990253411,0.62953216374269,0.8087291816285354,0.8752436647173489,0.7274853801169591,0.840063609315687,FM-Full_A-None_AdaBN-F,750,750,750
BI2015a,DeepConvNet,2,43,0.9386973180076628,0.8574712643678161,0.966422248645792,0.960727969348659,0.914367816091954,0.9817875544986128,FM-Full_A-None_AdaBN-F,750,750,750
BI2015a,EEGNetv4,1,4,0.86875,0.6079166666666667,0.7653506944444445,0.9381944444444444,0.8712500000000001,0.9544270833333336,FM-Full_A-None_AdaBN-F,1044,1044,1044
BI2015a,EEGNetv4,1,5,0.8577441077441077,0.5732323232323232,0.9133455769819406,0.92003367003367,0.8570707070707071,0.9507958371594736,FM-Full_A-None_AdaBN-F,1044,1044,1044
BI2015a,EEGNetv4,1,7,0.8333333333333334,0.5,0.7853662053056517,0.920751633986928,0.8544117647058824,0.9277393310265284,FM-Full_A-None_AdaBN-F,1044,1044,1044
BI2015a,EEGNetv4,1,9,0.8378378378378378,0.5207207207207207,0.8122027432838245,0.9039039039039038,0.8054054054054054,0.915988961934908,FM-Full_A-None_AdaBN-F,1044,1044,1044
BI2015a,EEGNetv4,1,10,0.8691756272401434,0.6204301075268817,0.914602844259452,0.9292114695340502,0.8543010752688172,0.943947277141866,FM-Full_A-None_AdaBN-F,1044,1044,1044
BI2015a,EEGNetv4,1,13,0.8903508771929824,0.6885964912280702,0.9318905817174516,0.939327485380117,0.881140350877193,0.9578062480763312,FM-Full_A-None_AdaBN-F,1044,1044,1044
BI2015a,EEGNetv4,1,14,0.8347578347578347,0.505982905982906,0.53503908247498,0.886039886039886,0.7589743589743589,0.8823252246329168,FM-Full_A-None_AdaBN-F,1044,1044,1044
BI2015a,EEGNetv4,1,16,0.8706349206349207,0.6214285714285714,0.9423038548752836,0.923809523809524,0.8609523809523809,0.9590113378684808,FM-Full_A-None_AdaBN-F,1044,1044,1044
BI2015a,EEGNetv4,1,17,0.8512345679012345,0.5714814814814815,0.8660768175582991,0.8969135802469136,0.7840740740740741,0.9090315500685868,FM-Full_A-None_AdaBN-F,1044,1044,1044
BI2015a,EEGNetv4,1,18,0.8401234567901235,0.5885185185185186,0.6991796982167353,0.8876543209876543,0.7681481481481481,0.8867901234567901,FM-Full_A-None_AdaBN-F,1044,1044,1044
BI2015a,EEGNetv4,1,20,0.8438271604938271,0.567037037037037,0.9000685871056242,0.9166666666666666,0.8448148148148148,0.9473936899862828,FM-Full_A-None_AdaBN-F,1044,1044,1044
BI2015a,EEGNetv4,1,25,0.7543103448275862,0.6686781609195402,0.7410622275069362,0.8721264367816092,0.7554597701149426,0.8866858237547893,FM-Full_A-None_AdaBN-F,1044,1044,1044
BI2015a,EEGNetv4,1,26,0.9050179211469536,0.7258064516129032,0.9702393340270552,0.9507168458781362,0.8930107526881721,0.9803156434269858,FM-Full_A-None_AdaBN-F,1044,1044,1044
BI2015a,EEGNetv4,1,27,0.8350914205344585,0.5069620253164557,0.7554629777991417,0.859704641350211,0.7183544303797469,0.839426552012676,FM-Full_A-None_AdaBN-F,1044,1044,1044
BI2015a,EEGNetv4,1,28,0.8455555555555555,0.5406666666666666,0.8797533333333334,0.8766666666666667,0.7606666666666666,0.8942244444444443,FM-Full_A-None_AdaBN-F,1044,1044,1044
BI2015a,EEGNetv4,1,31,0.83,0.5033333333333333,0.6965318518518518,0.8481481481481481,0.7017777777777778,0.829440987654321,FM-Full_A-None_AdaBN-F,1044,1044,1044
BI2015a,EEGNetv4,1,32,0.8745519713261649,0.6365591397849462,0.8977569661232512,0.9112903225806452,0.8198924731182795,0.9256966123251242,FM-Full_A-None_AdaBN-F,1044,1044,1044
BI2015a,EEGNetv4,1,35,0.8333333333333334,0.5,0.8024189596023245,0.8413848631239935,0.6855072463768116,0.7928819809097062,FM-Full_A-None_AdaBN-F,1044,1044,1044
BI2015a,EEGNetv4,1,37,0.7130952380952381,0.5973809523809523,0.6573605442176871,0.8686507936507937,0.7421428571428572,0.8623696145124717,FM-Full_A-None_AdaBN-F,1044,1044,1044
BI2015a,EEGNetv4,1,38,0.8490990990990991,0.5581081081081082,0.811642723804886,0.9174174174174174,0.8279279279279279,0.9316208099991884,FM-Full_A-None_AdaBN-F,1044,1044,1044
BI2015a,EEGNetv4,1,40,0.8420781893004116,0.5262345679012346,0.8798030025910684,0.918724279835391,0.8302469135802468,0.9373971193415638,FM-Full_A-None_AdaBN-F,1044,1044,1044
BI2015a,EEGNetv4,1,41,0.7833333333333333,0.55,0.665039780521262,0.8993827160493827,0.7796296296296297,0.912973936899863,FM-Full_A-None_AdaBN-F,1044,1044,1044
BI2015a,EEGNetv4,2,1,0.8335351089588378,0.5,0.5349169252437227,0.8504842615012107,0.7041768446997205,0.8308593560881141,FM-Full_A-None_AdaBN-F,1044,1044,1044
BI2015a,EEGNetv4,2,2,0.8961640211640212,0.6996031746031746,0.9392290249433106,0.9345238095238096,0.875,0.9568153187200806,FM-Full_A-None_AdaBN-F,1044,1044,1044
BI2015a,EEGNetv4,2,3,0.8419540229885057,0.7166666666666667,0.8270114942528736,0.9454022988505748,0.8913793103448275,0.974620161183776,FM-Full_A-None_AdaBN-F,1044,1044,1044
BI2015a,EEGNetv4,2,6,0.8162878787878788,0.6276515151515152,0.7500975665748393,0.9027777777777778,0.8174242424242424,0.926165059687787,FM-Full_A-None_AdaBN-F,1044,1044,1044
BI2015a,EEGNetv4,2,8,0.8835978835978836,0.7412698412698413,0.8773746535651297,0.916005291005291,0.8432539682539681,0.9440696649029982,FM-Full_A-None_AdaBN-F,1044,1044,1044
BI2015a,EEGNetv4,2,11,0.8444444444444444,0.5466666666666666,0.7486458333333335,0.9,0.8,0.91725,FM-Full_A-None_AdaBN-F,1044,1044,1044
BI2015a,EEGNetv4,2,12,0.8337813620071685,0.5013440860215054,0.7553734535784483,0.8646953405017921,0.7327956989247312,0.8515261879986126,FM-Full_A-None_AdaBN-F,1044,1044,1044
BI2015a,EEGNetv4,2,15,0.8960317460317461,0.7852380952380953,0.914920634920635,0.9158730158730158,0.8371428571428572,0.9336009070294784,FM-Full_A-None_AdaBN-F,1044,1044,1044
BI2015a,EEGNetv4,2,19,0.8655555555555555,0.6406666666666667,0.8445955555555555,0.8855555555555555,0.7606666666666666,0.8838799999999999,FM-Full_A-None_AdaBN-F,1044,1044,1044
BI2015a,EEGNetv4,2,21,0.9261904761904762,0.8033333333333333,0.9542766439909298,0.934126984126984,0.8690476190476191,0.9622358276643992,FM-Full_A-None_AdaBN-F,1044,1044,1044
BI2015a,EEGNetv4,2,22,0.8819444444444444,0.7018939393939394,0.8841023875114784,0.9261363636363636,0.8481060606060606,0.934151170798898,FM-Full_A-None_AdaBN-F,1044,1044,1044
BI2015a,EEGNetv4,2,23,0.8793859649122807,0.687280701754386,0.8743921206525085,0.8888888888888888,0.7807017543859649,0.908121729763004,FM-Full_A-None_AdaBN-F,1044,1044,1044
BI2015a,EEGNetv4,2,24,0.9027777777777778,0.7324074074074074,0.9425754458161866,0.9290123456790124,0.8555555555555556,0.9625,FM-Full_A-None_AdaBN-F,1044,1044,1044
BI2015a,EEGNetv4,2,29,0.8420479302832244,0.569281045751634,0.7510487419368619,0.8714596949891068,0.7411764705882353,0.869770173864753,FM-Full_A-None_AdaBN-F,1044,1044,1044
BI2015a,EEGNetv4,2,30,0.9094650205761317,0.8814814814814815,0.9153787532388356,0.912551440329218,0.7574074074074074,0.9073769242493523,FM-Full_A-None_AdaBN-F,1044,1044,1044
BI2015a,EEGNetv4,2,33,0.8935185185185185,0.7170634920634921,0.9002551020408164,0.9126984126984128,0.8349206349206348,0.9309366339128244,FM-Full_A-None_AdaBN-F,1044,1044,1044
BI2015a,EEGNetv4,2,34,0.8714285714285714,0.6485714285714286,0.9067709750566894,0.9087301587301588,0.81,0.9303990929705216,FM-Full_A-None_AdaBN-F,1044,1044,1044
BI2015a,EEGNetv4,2,36,0.8840277777777777,0.75375,0.8905277777777778,0.9270833333333334,0.8629166666666667,0.95396875,FM-Full_A-None_AdaBN-F,1044,1044,1044
BI2015a,EEGNetv4,2,39,0.8333333333333334,0.5,0.5653338886575038,0.8979591836734694,0.801360544217687,0.8971007450599287,FM-Full_A-None_AdaBN-F,1044,1044,1044
BI2015a,EEGNetv4,2,42,0.8596491228070176,0.6362573099415205,0.7953575459115624,0.8518518518518519,0.704093567251462,0.8016466605109264,FM-Full_A-None_AdaBN-F,1044,1044,1044
BI2015a,EEGNetv4,2,43,0.9300766283524904,0.8270114942528736,0.963535473642489,0.9549808429118772,0.9155172413793105,0.9815497423701944,FM-Full_A-None_AdaBN-F,1044,1044,1044
BI2015a,ATCNet,1,4,0.8909722222222223,0.6929166666666666,0.9298923611111112,0.9395833333333332,0.8804166666666666,0.9573368055555556,FM-Full_A-None_AdaBN-F,1044,1044,1044
BI2015a,ATCNet,1,5,0.8577441077441077,0.5752525252525252,0.9261861034588308,0.9284511784511784,0.8681818181818182,0.9596112641567188,FM-Full_A-None_AdaBN-F,1044,1044,1044
BI2015a,ATCNet,1,7,0.8349673202614379,0.5049019607843137,0.7809544405997694,0.93218954248366,0.8612745098039216,0.9438052672049212,FM-Full_A-None_AdaBN-F,1044,1044,1044
BI2015a,ATCNet,1,9,0.8648648648648649,0.6270270270270271,0.8165286908530153,0.9129129129129128,0.8288288288288288,0.9261180099017936,FM-Full_A-None_AdaBN-F,1044,1044,1044
BI2015a,ATCNet,1,10,0.9077060931899642,0.7682795698924731,0.9181755116198403,0.9399641577060932,0.8779569892473118,0.9641288010174588,FM-Full_A-None_AdaBN-F,1044,1044,1044
BI2015a,ATCNet,1,13,0.8940058479532164,0.7399122807017544,0.922633887349954,0.9473684210526316,0.8964912280701754,0.9720529393659588,FM-Full_A-None_AdaBN-F,1044,1044,1044
BI2015a,ATCNet,1,14,0.8304843304843305,0.4982905982905983,0.5407699612827818,0.886039886039886,0.7658119658119658,0.8994630725399956,FM-Full_A-None_AdaBN-F,1044,1044,1044
BI2015a,ATCNet,1,16,0.8984126984126984,0.7390476190476191,0.9361179138321996,0.9277777777777778,0.8614285714285714,0.9627256235827664,FM-Full_A-None_AdaBN-F,1044,1044,1044
BI2015a,ATCNet,1,17,0.8598765432098765,0.6314814814814815,0.864384087791495,0.8969135802469136,0.7959259259259259,0.919445816186557,FM-Full_A-None_AdaBN-F,1044,1044,1044
BI2015a,ATCNet,1,18,0.8320987654320988,0.5822222222222222,0.7086776406035666,0.891358024691358,0.7777777777777778,0.8907709190672154,FM-Full_A-None_AdaBN-F,1044,1044,1044
BI2015a,ATCNet,1,20,0.8672839506172839,0.6225925925925926,0.8991824417009602,0.9320987654320988,0.8851851851851852,0.9619368998628256,FM-Full_A-None_AdaBN-F,1044,1044,1044
BI2015a,ATCNet,1,25,0.8352490421455939,0.5310344827586208,0.7271766415642753,0.8778735632183908,0.7600574712643678,0.8850739859955081,FM-Full_A-None_AdaBN-F,1044,1044,1044
BI2015a,ATCNet,1,26,0.9310035842293908,0.8274193548387097,0.978402127413574,0.946236559139785,0.8903225806451613,0.9804486067753496,FM-Full_A-None_AdaBN-F,1044,1044,1044
BI2015a,ATCNet,1,27,0.840365682137834,0.5270042194092827,0.7469983442824333,0.8590014064697609,0.7272151898734177,0.8411071943598781,FM-Full_A-None_AdaBN-F,1044,1044,1044
BI2015a,ATCNet,1,28,0.8627777777777778,0.611,0.8637244444444445,0.8855555555555555,0.786,0.8942666666666665,FM-Full_A-None_AdaBN-F,1044,1044,1044
BI2015a,ATCNet,1,31,0.8296296296296296,0.5102222222222222,0.6621066666666667,0.8555555555555555,0.7088888888888889,0.8292795061728394,FM-Full_A-None_AdaBN-F,1044,1044,1044
BI2015a,ATCNet,1,32,0.9032258064516128,0.7419354838709677,0.8966990403514858,0.9202508960573476,0.8338709677419356,0.9339981500751532,FM-Full_A-None_AdaBN-F,1044,1044,1044
BI2015a,ATCNet,1,35,0.8337359098228664,0.501207729468599,0.7726598053630189,0.8417874396135265,0.6944444444444444,0.7918329482601694,FM-Full_A-None_AdaBN-F,1044,1044,1044
BI2015a,ATCNet,1,37,0.832936507936508,0.4997619047619047,0.5761904761904763,0.8702380952380953,0.745,0.8594795918367346,FM-Full_A-None_AdaBN-F,1044,1044,1044
BI2015a,ATCNet,1,38,0.8551051051051051,0.6463963963963963,0.8007223439655871,0.9181681681681682,0.8481981981981982,0.942776560344128,FM-Full_A-None_AdaBN-F,1044,1044,1044
BI2015a,ATCNet,1,40,0.8533950617283951,0.5737654320987654,0.8624066453284559,0.9176954732510288,0.8469135802469135,0.937440938881268,FM-Full_A-None_AdaBN-F,1044,1044,1044
BI2015a,ATCNet,1,41,0.8160493827160494,0.577037037037037,0.7128148148148148,0.901851851851852,0.7885185185185185,0.9201289437585732,FM-Full_A-None_AdaBN-F,1044,1044,1044
BI2015a,ATCNet,2,1,0.8329297820823245,0.501576989943003,0.5914388621142433,0.8690476190476191,0.7390783653528752,0.859484606412711,FM-Full_A-None_AdaBN-F,1044,1044,1044
BI2015a,ATCNet,2,2,0.9034391534391536,0.7706349206349206,0.927809271856891,0.9398148148148148,0.8797619047619047,0.9613788107835728,FM-Full_A-None_AdaBN-F,1044,1044,1044
BI2015a,ATCNet,2,3,0.8400383141762452,0.7247126436781609,0.8453098163561897,0.9492337164750958,0.8959770114942529,0.9815629541551064,FM-Full_A-None_AdaBN-F,1044,1044,1044
BI2015a,ATCNet,2,6,0.8289141414141414,0.6776515151515151,0.7683023415977961,0.9046717171717172,0.8185606060606061,0.929315886134068,FM-Full_A-None_AdaBN-F,1044,1044,1044
BI2015a,ATCNet,2,8,0.8743386243386243,0.7753968253968254,0.8846025447215924,0.9232804232804231,0.8666666666666667,0.9411848072562358,FM-Full_A-None_AdaBN-F,1044,1044,1044
BI2015a,ATCNet,2,11,0.7902777777777777,0.5475,0.6841770833333334,0.8854166666666666,0.7845833333333333,0.9022638888888888,FM-Full_A-None_AdaBN-F,1044,1044,1044
BI2015a,ATCNet,2,12,0.8369175627240143,0.5419354838709677,0.6959648514279108,0.8682795698924731,0.7446236559139785,0.8596673025783328,FM-Full_A-None_AdaBN-F,1044,1044,1044
BI2015a,ATCNet,2,15,0.8976190476190476,0.8166666666666667,0.926235827664399,0.9325396825396826,0.871904761904762,0.9503492063492064,FM-Full_A-None_AdaBN-F,1044,1044,1044
BI2015a,ATCNet,2,19,0.8822222222222222,0.7453333333333334,0.8513644444444444,0.9011111111111112,0.798,0.8939666666666667,FM-Full_A-None_AdaBN-F,1044,1044,1044
BI2015a,ATCNet,2,21,0.9230158730158732,0.8338095238095238,0.9458185941043082,0.9444444444444444,0.8866666666666667,0.959469387755102,FM-Full_A-None_AdaBN-F,1044,1044,1044
BI2015a,ATCNet,2,22,0.8731060606060606,0.7147727272727273,0.8611455463728191,0.9166666666666666,0.8424242424242424,0.9253816574839302,FM-Full_A-None_AdaBN-F,1044,1044,1044
BI2015a,ATCNet,2,23,0.8720760233918129,0.7057017543859649,0.8729955370883349,0.8932748538011696,0.7921052631578948,0.9080370883348724,FM-Full_A-None_AdaBN-F,1044,1044,1044
BI2015a,ATCNet,2,24,0.8989197530864198,0.7671296296296296,0.9232681755829903,0.941358024691358,0.8888888888888888,0.962307098765432,FM-Full_A-None_AdaBN-F,1044,1044,1044
BI2015a,ATCNet,2,29,0.8366013071895425,0.611764705882353,0.7442586184800719,0.8730936819172114,0.7617647058823529,0.8790614720833867,FM-Full_A-None_AdaBN-F,1044,1044,1044
BI2015a,ATCNet,2,30,0.9146090534979424,0.8549382716049383,0.9033074226489864,0.9228395061728396,0.7932098765432098,0.922595640908398,FM-Full_A-None_AdaBN-F,1044,1044,1044
BI2015a,ATCNet,2,33,0.8888888888888888,0.7555555555555555,0.9120212899974804,0.916005291005291,0.8305555555555555,0.9350182665658856,FM-Full_A-None_AdaBN-F,1044,1044,1044
BI2015a,ATCNet,2,34,0.8825396825396825,0.7161904761904763,0.8988117913832199,0.9285714285714286,0.86,0.9531201814058956,FM-Full_A-None_AdaBN-F,1044,1044,1044
BI2015a,ATCNet,2,36,0.8513888888888889,0.7658333333333334,0.8787569444444443,0.9284722222222224,0.8704166666666666,0.9617118055555556,FM-Full_A-None_AdaBN-F,1044,1044,1044
BI2015a,ATCNet,2,39,0.8316326530612245,0.5438775510204081,0.6283400435003933,0.9064625850340136,0.8010204081632653,0.9138483965014575,FM-Full_A-None_AdaBN-F,1044,1044,1044
BI2015a,ATCNet,2,42,0.8523391812865497,0.637719298245614,0.7803666085291201,0.8586744639376218,0.724561403508772,0.8369173420881638,FM-Full_A-None_AdaBN-F,1044,1044,1044
BI2015a,ATCNet,2,43,0.9310344827586208,0.864367816091954,0.9615008587660192,0.956896551724138,0.921264367816092,0.9816356189721231,FM-Full_A-None_AdaBN-F,1044,1044,1044
BI2015a,ShallowConvNet,1,4,0.8916666666666667,0.7833333333333333,0.9066875,0.9166666666666666,0.8233333333333334,0.9391909722222224,FM-Full_A-None_AdaBN-F,1044,1044,1044
BI2015a,ShallowConvNet,1,5,0.8846801346801347,0.6803030303030303,0.9083052749719416,0.914141414141414,0.803030303030303,0.9372461993674116,FM-Full_A-None_AdaBN-F,1044,1044,1044
BI2015a,ShallowConvNet,1,7,0.3431372549019608,0.5725490196078431,0.6886582083813918,0.8774509803921569,0.753921568627451,0.8919117647058825,FM-Full_A-None_AdaBN-F,1044,1044,1044
BI2015a,ShallowConvNet,1,9,0.8611111111111112,0.6373873873873874,0.8232773313854395,0.8941441441441441,0.7581081081081081,0.8924924924924925,FM-Full_A-None_AdaBN-F,1044,1044,1044
BI2015a,ShallowConvNet,1,10,0.8700716845878136,0.6725806451612903,0.8720776968435658,0.9086021505376344,0.7924731182795699,0.9378367441322696,FM-Full_A-None_AdaBN-F,1044,1044,1044
BI2015a,ShallowConvNet,1,13,0.8757309941520468,0.781578947368421,0.9022276084949216,0.9320175438596492,0.8644736842105263,0.9503231763619576,FM-Full_A-None_AdaBN-F,1044,1044,1044
BI2015a,ShallowConvNet,1,14,0.8005698005698005,0.5128205128205128,0.5370187741982614,0.8710826210826211,0.6884615384615385,0.834319526627219,FM-Full_A-None_AdaBN-F,1044,1044,1044
BI2015a,ShallowConvNet,1,16,0.8777777777777778,0.6961904761904761,0.8962222222222223,0.8992063492063492,0.790952380952381,0.9201496598639456,FM-Full_A-None_AdaBN-F,1044,1044,1044
BI2015a,ShallowConvNet,1,17,0.8666666666666667,0.6844444444444444,0.8610864197530864,0.8802469135802469,0.731111111111111,0.8886721536351168,FM-Full_A-None_AdaBN-F,1044,1044,1044
BI2015a,ShallowConvNet,1,18,0.8277777777777777,0.5337037037037037,0.657925925925926,0.8660493827160494,0.69,0.8298737997256518,FM-Full_A-None_AdaBN-F,1044,1044,1044
BI2015a,ShallowConvNet,1,20,0.8512345679012345,0.5803703703703704,0.8430041152263374,0.8962962962962963,0.7688888888888888,0.9091851851851852,FM-Full_A-None_AdaBN-F,1044,1044,1044
BI2015a,ShallowConvNet,1,25,0.3084291187739463,0.5528735632183908,0.6580757035275466,0.8591954022988506,0.6729885057471264,0.8258422512881491,FM-Full_A-None_AdaBN-F,1044,1044,1044
BI2015a,ShallowConvNet,1,26,0.910394265232975,0.8021505376344086,0.9513527575442248,0.9301075268817204,0.8376344086021505,0.9498381315759048,FM-Full_A-None_AdaBN-F,1044,1044,1044
BI2015a,ShallowConvNet,1,27,0.8312236286919831,0.5443037974683544,0.7053063077498265,0.8319268635724332,0.6240506329113924,0.7804981395431644,FM-Full_A-None_AdaBN-F,1044,1044,1044
BI2015a,ShallowConvNet,1,28,0.8588888888888889,0.6233333333333333,0.8493333333333333,0.8644444444444445,0.6933333333333334,0.8498511111111111,FM-Full_A-None_AdaBN-F,1044,1044,1044
BI2015a,ShallowConvNet,1,31,0.8314814814814815,0.5184444444444445,0.6170172839506172,0.8374074074074074,0.6188888888888888,0.7618982716049382,FM-Full_A-None_AdaBN-F,1044,1044,1044
BI2015a,ShallowConvNet,1,32,0.8969534050179212,0.7403225806451612,0.89479130535322,0.8906810035842294,0.7473118279569892,0.9047288703896404,FM-Full_A-None_AdaBN-F,1044,1044,1044
BI2015a,ShallowConvNet,1,35,0.8381642512077294,0.5289855072463768,0.7561156619757753,0.8289049919484702,0.6065217391304347,0.7226831431305281,FM-Full_A-None_AdaBN-F,1044,1044,1044
BI2015a,ShallowConvNet,1,37,0.7948412698412698,0.5264285714285715,0.5805034013605442,0.8365079365079365,0.6361904761904762,0.7802902494331065,FM-Full_A-None_AdaBN-F,1044,1044,1044
BI2015a,ShallowConvNet,1,38,0.8468468468468469,0.6522522522522523,0.8007994480967453,0.9039039039039038,0.7765765765765766,0.8989773557341124,FM-Full_A-None_AdaBN-F,1044,1044,1044
BI2015a,ShallowConvNet,1,40,0.8662551440329218,0.6617283950617284,0.8457628410303307,0.8935185185185185,0.7645061728395062,0.902065233958238,FM-Full_A-None_AdaBN-F,1044,1044,1044
BI2015a,ShallowConvNet,1,41,0.7407407407407407,0.6177777777777778,0.6985980795610426,0.8703703703703703,0.7088888888888889,0.8531275720164608,FM-Full_A-None_AdaBN-F,1044,1044,1044
BI2015a,ShallowConvNet,2,1,0.7497982243744956,0.543864791707929,0.5749709146659038,0.8494753833736884,0.6545841860874541,0.7981476346617958,FM-Full_A-None_AdaBN-F,1044,1044,1044
BI2015a,ShallowConvNet,2,2,0.8822751322751323,0.6833333333333333,0.8934397833207357,0.9173280423280424,0.8123015873015873,0.931616906021668,FM-Full_A-None_AdaBN-F,1044,1044,1044
BI2015a,ShallowConvNet,2,3,0.803639846743295,0.6936781609195403,0.8068503104769453,0.9281609195402298,0.8396551724137931,0.9576694411414982,FM-Full_A-None_AdaBN-F,1044,1044,1044
BI2015a,ShallowConvNet,2,6,0.803030303030303,0.5984848484848485,0.721831955922865,0.8819444444444444,0.7397727272727272,0.8876549586776857,FM-Full_A-None_AdaBN-F,1044,1044,1044
BI2015a,ShallowConvNet,2,8,0.8472222222222222,0.6988095238095238,0.8359095490047871,0.8862433862433863,0.7507936507936508,0.8944979843789367,FM-Full_A-None_AdaBN-F,1044,1044,1044
BI2015a,ShallowConvNet,2,11,0.8298611111111112,0.50125,0.5977395833333333,0.85625,0.6620833333333334,0.8232847222222223,FM-Full_A-None_AdaBN-F,1044,1044,1044
BI2015a,ShallowConvNet,2,12,0.8418458781362007,0.5567204301075268,0.7765970054341543,0.8508064516129032,0.6685483870967741,0.8137877211238294,FM-Full_A-None_AdaBN-F,1044,1044,1044
BI2015a,ShallowConvNet,2,15,0.873015873015873,0.7352380952380952,0.8789024943310657,0.903968253968254,0.770952380952381,0.9109523809523812,FM-Full_A-None_AdaBN-F,1044,1044,1044
BI2015a,ShallowConvNet,2,19,0.8522222222222222,0.626,0.7769155555555556,0.8677777777777778,0.6993333333333334,0.8349333333333333,FM-Full_A-None_AdaBN-F,1044,1044,1044
BI2015a,ShallowConvNet,2,21,0.8904761904761904,0.7380952380952381,0.9121768707482996,0.9246031746031746,0.8252380952380953,0.9368163265306122,FM-Full_A-None_AdaBN-F,1044,1044,1044
BI2015a,ShallowConvNet,2,22,0.8547979797979798,0.6734848484848485,0.8178345959595961,0.8800505050505051,0.7295454545454545,0.8727645775941231,FM-Full_A-None_AdaBN-F,1044,1044,1044
BI2015a,ShallowConvNet,2,23,0.8523391812865497,0.6482456140350877,0.7954601415820253,0.8654970760233918,0.6842105263157895,0.8279393659587566,FM-Full_A-None_AdaBN-F,1044,1044,1044
BI2015a,ShallowConvNet,2,24,0.8927469135802469,0.7337962962962963,0.9022762345679012,0.9058641975308642,0.7861111111111112,0.9268261316872428,FM-Full_A-None_AdaBN-F,1044,1044,1044
BI2015a,ShallowConvNet,2,29,0.829520697167756,0.5696078431372549,0.6909393822888632,0.8562091503267973,0.6666666666666666,0.8153936520141826,FM-Full_A-None_AdaBN-F,1044,1044,1044
BI2015a,ShallowConvNet,2,30,0.8600823045267489,0.8345679012345679,0.906980643194635,0.9248971193415638,0.8388888888888889,0.9495579942082,FM-Full_A-None_AdaBN-F,1044,1044,1044
BI2015a,ShallowConvNet,2,33,0.8862433862433863,0.7063492063492063,0.8795666414714034,0.8981481481481481,0.7753968253968254,0.8950774754346182,FM-Full_A-None_AdaBN-F,1044,1044,1044
BI2015a,ShallowConvNet,2,34,0.8642857142857143,0.6652380952380952,0.853673469387755,0.8825396825396825,0.7352380952380952,0.8909297052154196,FM-Full_A-None_AdaBN-F,1044,1044,1044
BI2015a,ShallowConvNet,2,36,0.8458333333333333,0.6691666666666667,0.8054444444444444,0.8972222222222223,0.765,0.9090069444444444,FM-Full_A-None_AdaBN-F,1044,1044,1044
BI2015a,ShallowConvNet,2,39,0.8390022675736961,0.5238095238095238,0.7575385256143273,0.8747165532879818,0.7098639455782313,0.8688601971400806,FM-Full_A-None_AdaBN-F,1044,1044,1044
BI2015a,ShallowConvNet,2,42,0.8304093567251462,0.5754385964912281,0.7384135289490783,0.8367446393762183,0.6318713450292397,0.7546356143770732,FM-Full_A-None_AdaBN-F,1044,1044,1044
BI2015a,ShallowConvNet,2,43,0.9252873563218392,0.8287356321839081,0.9412868278504426,0.9386973180076628,0.8689655172413793,0.9648896815959837,FM-Full_A-None_AdaBN-F,1044,1044,1044
BI2015a,DeepConvNet,1,4,0.9104166666666668,0.7729166666666667,0.9341701388888888,0.9493055555555556,0.8945833333333333,0.97121875,FM-Full_A-None_AdaBN-F,1044,1044,1044
BI2015a,DeepConvNet,1,5,0.9031986531986532,0.7621212121212122,0.9409294969901032,0.9385521885521886,0.8782828282828283,0.9630547903275176,FM-Full_A-None_AdaBN-F,1044,1044,1044
BI2015a,DeepConvNet,1,7,0.7834967320261438,0.6661764705882353,0.7551806997308728,0.937091503267974,0.8661764705882353,0.953388119953864,FM-Full_A-None_AdaBN-F,1044,1044,1044
BI2015a,DeepConvNet,1,9,0.8701201201201201,0.6716216216216216,0.8264264264264264,0.9106606606606606,0.822072072072072,0.9257040824608392,FM-Full_A-None_AdaBN-F,1044,1044,1044
BI2015a,DeepConvNet,1,10,0.9023297491039428,0.8016129032258064,0.9271996762631518,0.9417562724014336,0.896236559139785,0.9660654410914556,FM-Full_A-None_AdaBN-F,1044,1044,1044
BI2015a,DeepConvNet,1,13,0.912280701754386,0.8368421052631578,0.9302285318559556,0.952485380116959,0.8978070175438597,0.9679170514004308,FM-Full_A-None_AdaBN-F,1044,1044,1044
BI2015a,DeepConvNet,1,14,0.7435897435897436,0.5145299145299145,0.4825589889692454,0.8782051282051282,0.755982905982906,0.8906530791146176,FM-Full_A-None_AdaBN-F,1044,1044,1044
BI2015a,DeepConvNet,1,16,0.9087301587301588,0.81,0.9381088435374152,0.9436507936507936,0.8861904761904762,0.9609433106575964,FM-Full_A-None_AdaBN-F,1044,1044,1044
BI2015a,DeepConvNet,1,17,0.8641975308641975,0.6888888888888889,0.8774622770919067,0.904320987654321,0.8225925925925925,0.9216433470507543,FM-Full_A-None_AdaBN-F,1044,1044,1044
BI2015a,DeepConvNet,1,18,0.8481481481481481,0.6377777777777778,0.770633744855967,0.8969135802469136,0.7811111111111111,0.8888093278463649,FM-Full_A-None_AdaBN-F,1044,1044,1044
BI2015a,DeepConvNet,1,20,0.9012345679012346,0.7911111111111111,0.9204444444444444,0.9376543209876544,0.8737037037037036,0.9595775034293552,FM-Full_A-None_AdaBN-F,1044,1044,1044
BI2015a,DeepConvNet,1,25,0.821360153256705,0.6502873563218391,0.7692644338750165,0.8807471264367817,0.7525862068965516,0.8881011362135024,FM-Full_A-None_AdaBN-F,1044,1044,1044
BI2015a,DeepConvNet,1,26,0.9417562724014336,0.8940860215053763,0.974153081281073,0.9596774193548387,0.9155913978494624,0.979656607700312,FM-Full_A-None_AdaBN-F,1044,1044,1044
BI2015a,DeepConvNet,1,27,0.8442334739803095,0.5841772151898734,0.7725613772721608,0.8720112517580872,0.7434599156118143,0.8457948334490555,FM-Full_A-None_AdaBN-F,1044,1044,1044
BI2015a,DeepConvNet,1,28,0.8783333333333333,0.7083333333333334,0.8870777777777779,0.9022222222222224,0.8093333333333333,0.9073022222222222,FM-Full_A-None_AdaBN-F,1044,1044,1044
BI2015a,DeepConvNet,1,31,0.8185185185185185,0.5533333333333333,0.6579871604938271,0.8581481481481481,0.6908888888888889,0.8165738271604939,FM-Full_A-None_AdaBN-F,1044,1044,1044
BI2015a,DeepConvNet,1,32,0.9130824372759856,0.8123655913978495,0.913579604578564,0.9310035842293908,0.8489247311827957,0.9425829575673488,FM-Full_A-None_AdaBN-F,1044,1044,1044
BI2015a,DeepConvNet,1,35,0.8462157809983897,0.5473429951690821,0.8172057690961283,0.8502415458937198,0.6898550724637681,0.8129863007304721,FM-Full_A-None_AdaBN-F,1044,1044,1044
BI2015a,DeepConvNet,1,37,0.7464285714285714,0.5516666666666666,0.5891451247165533,0.8757936507936508,0.7473809523809524,0.8741439909297052,FM-Full_A-None_AdaBN-F,1044,1044,1044
BI2015a,DeepConvNet,1,38,0.8618618618618619,0.7117117117117118,0.8416321727132539,0.9294294294294294,0.8441441441441442,0.946554662770879,FM-Full_A-None_AdaBN-F,1044,1044,1044
BI2015a,DeepConvNet,1,40,0.8827160493827161,0.6938271604938272,0.8972603261697912,0.9284979423868313,0.8373456790123457,0.9480700350556316,FM-Full_A-None_AdaBN-F,1044,1044,1044
BI2015a,DeepConvNet,1,41,0.821604938271605,0.6218518518518519,0.7134842249657064,0.9185185185185184,0.8162962962962963,0.9252181069958848,FM-Full_A-None_AdaBN-F,1044,1044,1044
BI2015a,DeepConvNet,2,1,0.8299031476997578,0.5012165225237121,0.5673390403673628,0.8748991121872478,0.7556840738540085,0.8807684690037632,FM-Full_A-None_AdaBN-F,1044,1044,1044
BI2015a,DeepConvNet,2,2,0.9166666666666666,0.7912698412698412,0.9588970773494584,0.9384920634920636,0.8742063492063492,0.9633125472411188,FM-Full_A-None_AdaBN-F,1044,1044,1044
BI2015a,DeepConvNet,2,3,0.85727969348659,0.7189655172413794,0.8059915444576562,0.9549808429118772,0.9063218390804596,0.9827586206896552,FM-Full_A-None_AdaBN-F,1044,1044,1044
BI2015a,DeepConvNet,2,6,0.8263888888888888,0.6321969696969697,0.7660898760330578,0.9128787878787878,0.7992424242424243,0.932742194674013,FM-Full_A-None_AdaBN-F,1044,1044,1044
BI2015a,DeepConvNet,2,8,0.878968253968254,0.7400793650793651,0.8792485512723609,0.9338624338624338,0.8539682539682539,0.9469608213655832,FM-Full_A-None_AdaBN-F,1044,1044,1044
BI2015a,DeepConvNet,2,11,0.8340277777777778,0.58375,0.7534895833333333,0.9104166666666668,0.8129166666666666,0.9410486111111112,FM-Full_A-None_AdaBN-F,1044,1044,1044
BI2015a,DeepConvNet,2,12,0.8422939068100358,0.5505376344086022,0.7920742282344779,0.871415770609319,0.7486559139784946,0.863679327089837,FM-Full_A-None_AdaBN-F,1044,1044,1044
BI2015a,DeepConvNet,2,15,0.9023809523809524,0.7966666666666666,0.922748299319728,0.9293650793650794,0.8547619047619048,0.9531201814058956,FM-Full_A-None_AdaBN-F,1044,1044,1044
BI2015a,DeepConvNet,2,19,0.8822222222222222,0.7226666666666667,0.8643177777777779,0.9005555555555556,0.8043333333333333,0.8993666666666666,FM-Full_A-None_AdaBN-F,1044,1044,1044
BI2015a,DeepConvNet,2,21,0.9198412698412698,0.810952380952381,0.9480498866213152,0.942063492063492,0.8757142857142857,0.9668072562358276,FM-Full_A-None_AdaBN-F,1044,1044,1044
BI2015a,DeepConvNet,2,22,0.8756313131313131,0.6996212121212121,0.8683252984389348,0.9267676767676768,0.8333333333333334,0.9316173094582184,FM-Full_A-None_AdaBN-F,1044,1044,1044
BI2015a,DeepConvNet,2,23,0.8830409356725146,0.7105263157894737,0.8938750384733762,0.9027777777777778,0.7942982456140351,0.9207602339181288,FM-Full_A-None_AdaBN-F,1044,1044,1044
BI2015a,DeepConvNet,2,24,0.9112654320987654,0.7708333333333334,0.9310013717421124,0.9398148148148148,0.8675925925925927,0.965346364883402,FM-Full_A-None_AdaBN-F,1044,1044,1044
BI2015a,DeepConvNet,2,29,0.8425925925925926,0.5630718954248366,0.7395232602845061,0.883442265795207,0.7601307189542483,0.8850623691742493,FM-Full_A-None_AdaBN-F,1044,1044,1044
BI2015a,DeepConvNet,2,30,0.8858024691358025,0.8524691358024692,0.8824874256973023,0.9465020576131687,0.8765432098765432,0.9654930650815424,FM-Full_A-None_AdaBN-F,1044,1044,1044
BI2015a,DeepConvNet,2,33,0.8882275132275133,0.7107142857142856,0.9038044847568656,0.9279100529100528,0.8392857142857143,0.944510582010582,FM-Full_A-None_AdaBN-F,1044,1044,1044
BI2015a,DeepConvNet,2,34,0.8888888888888888,0.7219047619047618,0.919501133786848,0.926984126984127,0.8361904761904762,0.9533106575963718,FM-Full_A-None_AdaBN-F,1044,1044,1044
BI2015a,DeepConvNet,2,36,0.8902777777777777,0.7991666666666666,0.9108819444444444,0.9368055555555556,0.87375,0.9635850694444444,FM-Full_A-None_AdaBN-F,1044,1044,1044
BI2015a,DeepConvNet,2,39,0.8219954648526077,0.5299319727891156,0.5825049747790273,0.8956916099773242,0.8027210884353742,0.91727983710491,FM-Full_A-None_AdaBN-F,1044,1044,1044
BI2015a,DeepConvNet,2,42,0.8615984405458089,0.6350877192982456,0.8086984029273964,0.8713450292397661,0.7192982456140351,0.8529479155979617,FM-Full_A-None_AdaBN-F,1044,1044,1044
BI2015a,DeepConvNet,2,43,0.9367816091954024,0.860919540229885,0.9711520676443388,0.9626436781609196,0.9224137931034482,0.9861408376271634,FM-Full_A-None_AdaBN-F,1044,1044,1044
BNCI2014_001,ShallowConvNet,1,1,0.3524305555555556,0.3524305555555556,0.6398172260802468,0.6024305555555556,0.6024305555555555,0.8744012024176955,FM-Full_A-None_AdaBN-F,50,50,50
BNCI2014_001,ShallowConvNet,1,2,0.2621527777777778,0.2621527777777778,0.5357992541152263,0.40625,0.4062499999999999,0.6546585648148149,FM-Full_A-None_AdaBN-F,50,50,50
BNCI2014_001,ShallowConvNet,1,6,0.2326388888888889,0.2326388888888888,0.5116062242798354,0.4444444444444444,0.4444444444444444,0.697362075617284,FM-Full_A-None_AdaBN-F,50,50,50
BNCI2014_001,ShallowConvNet,1,8,0.296875,0.296875,0.6109825102880658,0.6510416666666666,0.6510416666666667,0.8802203896604939,FM-Full_A-None_AdaBN-F,50,50,50
BNCI2014_001,ShallowConvNet,1,9,0.3611111111111111,0.361111111111111,0.6622259194958847,0.7118055555555556,0.7118055555555556,0.9106264467592592,FM-Full_A-None_AdaBN-F,50,50,50
BNCI2014_001,ShallowConvNet,2,3,0.4565972222222222,0.4565972222222222,0.7208116319444444,0.7413194444444444,0.7413194444444444,0.9286506558641976,FM-Full_A-None_AdaBN-F,50,50,50
BNCI2014_001,ShallowConvNet,2,4,0.328125,0.328125,0.5938544881687242,0.5260416666666666,0.5260416666666666,0.7867155349794239,FM-Full_A-None_AdaBN-F,50,50,50
BNCI2014_001,ShallowConvNet,2,5,0.2881944444444444,0.2881944444444444,0.5388695987654321,0.4444444444444444,0.4444444444444444,0.6973500192901234,FM-Full_A-None_AdaBN-F,50,50,50
BNCI2014_001,ShallowConvNet,2,7,0.2899305555555556,0.2899305555555556,0.5666192451131687,0.578125,0.578125,0.8232381687242799,FM-Full_A-None_AdaBN-F,50,50,50
BNCI2014_001,ATCNet,1,1,0.2795138888888889,0.2795138888888889,0.5923394097222223,0.6388888888888888,0.6388888888888888,0.8973524305555556,FM-Full_A-None_AdaBN-F,50,50,50
BNCI2014_001,ATCNet,1,2,0.265625,0.265625,0.5068278999485597,0.4548611111111111,0.4548611111111111,0.7243602109053499,FM-Full_A-None_AdaBN-F,50,50,50
BNCI2014_001,ATCNet,1,6,0.296875,0.296875,0.5601650913065843,0.4756944444444444,0.4756944444444444,0.7381968557098766,FM-Full_A-None_AdaBN-F,50,50,50
BNCI2014_001,ATCNet,1,8,0.3194444444444444,0.3194444444444445,0.6030373906893004,0.6753472222222222,0.6753472222222222,0.8882056970164609,FM-Full_A-None_AdaBN-F,50,50,50
BNCI2014_001,ATCNet,1,9,0.390625,0.390625,0.6942676183127572,0.6875,0.6875,0.8959538966049383,FM-Full_A-None_AdaBN-F,50,50,50
BNCI2014_001,ATCNet,2,3,0.2777777777777778,0.2777777777777778,0.6164480452674898,0.7291666666666666,0.7291666666666667,0.9324162487139918,FM-Full_A-None_AdaBN-F,50,50,50
BNCI2014_001,ATCNet,2,4,0.2326388888888889,0.2326388888888889,0.5316157085905351,0.5434027777777778,0.5434027777777778,0.797899787808642,FM-Full_A-None_AdaBN-F,50,50,50
BNCI2014_001,ATCNet,2,5,0.2621527777777778,0.2621527777777778,0.5366512345679012,0.4479166666666667,0.4479166666666666,0.7091169945987654,FM-Full_A-None_AdaBN-F,50,50,50
BNCI2014_001,ATCNet,2,7,0.2378472222222222,0.2378472222222222,0.522288130144033,0.625,0.625,0.8628271283436215,FM-Full_A-None_AdaBN-F,50,50,50
BNCI2014_001,EEGNetv4,1,1,0.3211805555555556,0.3211805555555556,0.5724705825617284,0.5729166666666666,0.5729166666666667,0.8339281121399178,FM-Full_A-None_AdaBN-F,50,50,50
BNCI2014_001,EEGNetv4,1,2,0.2621527777777778,0.2621527777777778,0.5154562114197531,0.4114583333333333,0.4114583333333332,0.6971812307098766,FM-Full_A-None_AdaBN-F,50,50,50
BNCI2014_001,EEGNetv4,1,6,0.2777777777777778,0.2777777777777778,0.5439292373971193,0.3940972222222222,0.3940972222222222,0.6765488361625515,FM-Full_A-None_AdaBN-F,50,50,50
BNCI2014_001,EEGNetv4,1,8,0.2760416666666667,0.2760416666666667,0.5327932098765432,0.5486111111111112,0.5486111111111112,0.7836291152263374,FM-Full_A-None_AdaBN-F,50,50,50
BNCI2014_001,EEGNetv4,1,9,0.3402777777777778,0.3402777777777778,0.5972141846707819,0.6128472222222222,0.6128472222222222,0.8461733217592593,FM-Full_A-None_AdaBN-F,50,50,50
BNCI2014_001,EEGNetv4,2,3,0.3229166666666667,0.3229166666666666,0.6191285686728394,0.6493055555555556,0.6493055555555555,0.8729584619341564,FM-Full_A-None_AdaBN-F,50,50,50
BNCI2014_001,EEGNetv4,2,4,0.2934027777777778,0.2934027777777778,0.5620981224279835,0.4982638888888889,0.4982638888888888,0.7535043724279835,FM-Full_A-None_AdaBN-F,50,50,50
BNCI2014_001,EEGNetv4,2,5,0.3402777777777778,0.3402777777777778,0.5849488811728394,0.4878472222222222,0.4878472222222222,0.7396074459876543,FM-Full_A-None_AdaBN-F,50,50,50
BNCI2014_001,EEGNetv4,2,7,0.3263888888888889,0.3263888888888889,0.5734149948559671,0.5190972222222222,0.5190972222222222,0.7810731738683128,FM-Full_A-None_AdaBN-F,50,50,50
BNCI2014_001,DeepConvNet,1,1,0.3020833333333333,0.3020833333333333,0.5685844264403292,0.3038194444444444,0.3038194444444445,0.6740371013374485,FM-Full_A-None_AdaBN-F,50,50,50
BNCI2014_001,DeepConvNet,1,2,0.2378472222222222,0.2378472222222222,0.4905598958333333,0.3246527777777778,0.3246527777777778,0.5749622235082306,FM-Full_A-None_AdaBN-F,50,50,50
BNCI2014_001,DeepConvNet,1,6,0.2725694444444444,0.2725694444444444,0.5235821759259259,0.2725694444444444,0.2725694444444445,0.5727559156378601,FM-Full_A-None_AdaBN-F,50,50,50
BNCI2014_001,DeepConvNet,1,8,0.3107638888888889,0.3107638888888888,0.5666433577674898,0.3715277777777778,0.3715277777777778,0.7203695666152263,FM-Full_A-None_AdaBN-F,50,50,50
BNCI2014_001,DeepConvNet,1,9,0.3732638888888889,0.3732638888888888,0.6298144933127572,0.3541666666666667,0.3541666666666667,0.7640817901234569,FM-Full_A-None_AdaBN-F,50,50,50
BNCI2014_001,DeepConvNet,2,3,0.3229166666666667,0.3229166666666667,0.6317394868827161,0.4097222222222222,0.4097222222222222,0.7787784529320988,FM-Full_A-None_AdaBN-F,50,50,50
BNCI2014_001,DeepConvNet,2,4,0.2482638888888889,0.2482638888888888,0.5567129629629629,0.296875,0.2968749999999999,0.6251446759259259,FM-Full_A-None_AdaBN-F,50,50,50
BNCI2014_001,DeepConvNet,2,5,0.2760416666666667,0.2760416666666667,0.5473894032921811,0.3125,0.3125,0.6102390367798354,FM-Full_A-None_AdaBN-F,50,50,50
BNCI2014_001,DeepConvNet,2,7,0.2465277777777778,0.2465277777777777,0.513989358281893,0.2569444444444444,0.2569444444444444,0.5846032664609053,FM-Full_A-None_AdaBN-F,50,50,50
BNCI2014_001,EEGNetv4,1,1,0.3975694444444444,0.3975694444444445,0.7074934092078189,0.6892361111111112,0.689236111111111,0.8932613168724279,FM-Full_A-None_AdaBN-F,150,150,150
BNCI2014_001,EEGNetv4,1,2,0.3263888888888889,0.3263888888888889,0.5983113104423867,0.46875,0.46875,0.7339891975308641,FM-Full_A-None_AdaBN-F,150,150,150
BNCI2014_001,EEGNetv4,1,6,0.2795138888888889,0.2795138888888889,0.63696389531893,0.5,0.5,0.7595405735596709,FM-Full_A-None_AdaBN-F,150,150,150
BNCI2014_001,EEGNetv4,1,8,0.3680555555555556,0.3680555555555556,0.6761590149176955,0.6510416666666666,0.6510416666666666,0.8525993441358024,FM-Full_A-None_AdaBN-F,150,150,150
BNCI2014_001,EEGNetv4,1,9,0.421875,0.421875,0.7341660236625515,0.7291666666666666,0.7291666666666666,0.9086974344135802,FM-Full_A-None_AdaBN-F,150,150,150
BNCI2014_001,EEGNetv4,2,3,0.5503472222222222,0.5503472222222221,0.8402697402263375,0.7864583333333334,0.7864583333333333,0.9485154642489712,FM-Full_A-None_AdaBN-F,150,150,150
BNCI2014_001,EEGNetv4,2,4,0.4131944444444444,0.4131944444444445,0.7007056970164609,0.5538194444444444,0.5538194444444444,0.8179293659979423,FM-Full_A-None_AdaBN-F,150,150,150
BNCI2014_001,EEGNetv4,2,5,0.3541666666666667,0.3541666666666667,0.6308794688786008,0.515625,0.515625,0.7651548032407407,FM-Full_A-None_AdaBN-F,150,150,150
BNCI2014_001,EEGNetv4,2,7,0.4027777777777778,0.4027777777777778,0.6527416087962963,0.6076388888888888,0.6076388888888888,0.8400286136831276,FM-Full_A-None_AdaBN-F,150,150,150
BNCI2014_001,ATCNet,1,1,0.5190972222222222,0.5190972222222223,0.8454298482510287,0.7378472222222222,0.7378472222222222,0.9358442644032922,FM-Full_A-None_AdaBN-F,150,150,150
BNCI2014_001,ATCNet,1,2,0.25,0.25,0.5068078060699588,0.5086805555555556,0.5086805555555556,0.7436985596707819,FM-Full_A-None_AdaBN-F,150,150,150
BNCI2014_001,ATCNet,1,6,0.28125,0.28125,0.632912969393004,0.5243055555555556,0.5243055555555556,0.773097913451646,FM-Full_A-None_AdaBN-F,150,150,150
BNCI2014_001,ATCNet,1,8,0.359375,0.359375,0.7296248070987654,0.7274305555555556,0.7274305555555556,0.9132024819958848,FM-Full_A-None_AdaBN-F,150,150,150
BNCI2014_001,ATCNet,1,9,0.3194444444444444,0.3194444444444444,0.7640777713477367,0.7690972222222222,0.7690972222222222,0.9310900527263376,FM-Full_A-None_AdaBN-F,150,150,150
BNCI2014_001,ATCNet,2,3,0.5086805555555556,0.5086805555555556,0.8459201388888888,0.796875,0.796875,0.9548771862139918,FM-Full_A-None_AdaBN-F,150,150,150
BNCI2014_001,ATCNet,2,4,0.3993055555555556,0.3993055555555556,0.6914906442901234,0.609375,0.609375,0.8442563657407407,FM-Full_A-None_AdaBN-F,150,150,150
BNCI2014_001,ATCNet,2,5,0.2934027777777778,0.2934027777777778,0.5613827803497942,0.5,0.5,0.7341981738683128,FM-Full_A-None_AdaBN-F,150,150,150
BNCI2014_001,ATCNet,2,7,0.2604166666666667,0.2604166666666667,0.5263712062757202,0.671875,0.671875,0.8681278935185185,FM-Full_A-None_AdaBN-F,150,150,150
BNCI2014_001,DeepConvNet,1,1,0.3107638888888889,0.3107638888888888,0.627246495627572,0.359375,0.359375,0.7372644997427984,FM-Full_A-None_AdaBN-F,150,150,150
BNCI2014_001,DeepConvNet,1,2,0.2361111111111111,0.2361111111111111,0.5000683191872428,0.3315972222222222,0.3315972222222222,0.6243730709876543,FM-Full_A-None_AdaBN-F,150,150,150
BNCI2014_001,DeepConvNet,1,6,0.2934027777777778,0.2934027777777778,0.5624839248971193,0.2986111111111111,0.2986111111111111,0.614060892489712,FM-Full_A-None_AdaBN-F,150,150,150
BNCI2014_001,DeepConvNet,1,8,0.3506944444444444,0.3506944444444444,0.6104078253600823,0.4496527777777778,0.4496527777777778,0.7814469200102881,FM-Full_A-None_AdaBN-F,150,150,150
BNCI2014_001,DeepConvNet,1,9,0.4513888888888889,0.4513888888888889,0.7083011831275721,0.3663194444444444,0.3663194444444444,0.7819733796296295,FM-Full_A-None_AdaBN-F,150,150,150
BNCI2014_001,DeepConvNet,2,3,0.6076388888888888,0.607638888888889,0.8332087512860082,0.6128472222222222,0.6128472222222222,0.8801359953703705,FM-Full_A-None_AdaBN-F,150,150,150
BNCI2014_001,DeepConvNet,2,4,0.3871527777777778,0.3871527777777778,0.6823117605452675,0.453125,0.453125,0.7280253343621399,FM-Full_A-None_AdaBN-F,150,150,150
BNCI2014_001,DeepConvNet,2,5,0.2743055555555556,0.2743055555555555,0.5540565522119342,0.3784722222222222,0.3784722222222222,0.6559284979423868,FM-Full_A-None_AdaBN-F,150,150,150
BNCI2014_001,DeepConvNet,2,7,0.3402777777777778,0.3402777777777778,0.5901310924639918,0.3680555555555556,0.3680555555555555,0.7260842656893003,FM-Full_A-None_AdaBN-F,150,150,150
BNCI2014_001,ShallowConvNet,1,1,0.4427083333333333,0.4427083333333333,0.7654200424382716,0.6493055555555556,0.6493055555555556,0.8921521347736625,FM-Full_A-None_AdaBN-F,150,150,150
BNCI2014_001,ShallowConvNet,1,2,0.2951388888888889,0.2951388888888889,0.5178152327674896,0.4114583333333333,0.4114583333333333,0.6694476594650205,FM-Full_A-None_AdaBN-F,150,150,150
BNCI2014_001,ShallowConvNet,1,6,0.2361111111111111,0.2361111111111111,0.5563432355967078,0.4375,0.4375,0.717970357510288,FM-Full_A-None_AdaBN-F,150,150,150
BNCI2014_001,ShallowConvNet,1,8,0.3871527777777778,0.3871527777777778,0.7148759002057612,0.6961805555555556,0.6961805555555555,0.8903878922325104,FM-Full_A-None_AdaBN-F,150,150,150
BNCI2014_001,ShallowConvNet,1,9,0.4027777777777778,0.4027777777777778,0.7548868312757201,0.7621527777777778,0.7621527777777778,0.9271838027263376,FM-Full_A-None_AdaBN-F,150,150,150
BNCI2014_001,ShallowConvNet,2,3,0.5451388888888888,0.5451388888888888,0.842556423611111,0.7864583333333334,0.7864583333333333,0.9434156378600824,FM-Full_A-None_AdaBN-F,150,150,150
BNCI2014_001,ShallowConvNet,2,4,0.3611111111111111,0.361111111111111,0.6850525655864198,0.5538194444444444,0.5538194444444444,0.8074725115740742,FM-Full_A-None_AdaBN-F,150,150,150
BNCI2014_001,ShallowConvNet,2,5,0.2743055555555556,0.2743055555555556,0.566579057355967,0.453125,0.453125,0.7024619020061729,FM-Full_A-None_AdaBN-F,150,150,150
BNCI2014_001,ShallowConvNet,2,7,0.2673611111111111,0.2673611111111111,0.5677324459876543,0.6006944444444444,0.6006944444444444,0.831810217335391,FM-Full_A-None_AdaBN-F,150,150,150
BNCI2014_001,ShallowConvNet,1,1,0.546875,0.546875,0.8057564943415638,0.6875,0.6875,0.909790541409465,FM-Full_A-None_AdaBN-F,300,300,300
BNCI2014_001,ShallowConvNet,1,2,0.2638888888888889,0.2638888888888889,0.5152472350823045,0.4340277777777778,0.4340277777777778,0.7071116255144032,FM-Full_A-None_AdaBN-F,300,300,300
BNCI2014_001,ShallowConvNet,1,6,0.2447916666666666,0.2447916666666666,0.6026395318930041,0.5034722222222222,0.5034722222222222,0.7494373713991769,FM-Full_A-None_AdaBN-F,300,300,300
BNCI2014_001,ShallowConvNet,1,8,0.453125,0.453125,0.7539384002057614,0.7170138888888888,0.717013888888889,0.9097382973251028,FM-Full_A-None_AdaBN-F,300,300,300
BNCI2014_001,ShallowConvNet,1,9,0.4166666666666667,0.4166666666666667,0.7765520511831276,0.7569444444444444,0.7569444444444444,0.9346346129115226,FM-Full_A-None_AdaBN-F,300,300,300
BNCI2014_001,ShallowConvNet,2,3,0.5677083333333334,0.5677083333333333,0.8544519997427984,0.8107638888888888,0.810763888888889,0.9543346514917695,FM-Full_A-None_AdaBN-F,300,300,300
BNCI2014_001,ShallowConvNet,2,4,0.4305555555555556,0.4305555555555555,0.7196140367798353,0.5954861111111112,0.5954861111111112,0.8364880722736625,FM-Full_A-None_AdaBN-F,300,300,300
BNCI2014_001,ShallowConvNet,2,5,0.28125,0.28125,0.5659400720164609,0.4704861111111111,0.4704861111111111,0.7183481224279835,FM-Full_A-None_AdaBN-F,300,300,300
BNCI2014_001,ShallowConvNet,2,7,0.3020833333333333,0.3020833333333333,0.5894860789609053,0.6597222222222222,0.6597222222222222,0.8865017361111112,FM-Full_A-None_AdaBN-F,300,300,300
BNCI2014_001,ATCNet,1,1,0.6006944444444444,0.6006944444444444,0.8812893840020576,0.7760416666666666,0.7760416666666666,0.9501189557613168,FM-Full_A-None_AdaBN-F,300,300,300
BNCI2014_001,ATCNet,1,2,0.2951388888888889,0.2951388888888888,0.5322064686213992,0.5260416666666666,0.5260416666666666,0.7597294560185186,FM-Full_A-None_AdaBN-F,300,300,300
BNCI2014_001,ATCNet,1,6,0.265625,0.265625,0.6791168338477366,0.5729166666666666,0.5729166666666666,0.7953478652263375,FM-Full_A-None_AdaBN-F,300,300,300
BNCI2014_001,ATCNet,1,8,0.5069444444444444,0.5069444444444444,0.8423675411522633,0.75,0.7500000000000001,0.935494630915638,FM-Full_A-None_AdaBN-F,300,300,300
BNCI2014_001,ATCNet,1,9,0.3715277777777778,0.3715277777777778,0.8076252250514404,0.7951388888888888,0.795138888888889,0.942748521090535,FM-Full_A-None_AdaBN-F,300,300,300
BNCI2014_001,ATCNet,2,3,0.515625,0.515625,0.8582296489197531,0.8489583333333334,0.8489583333333333,0.969923482510288,FM-Full_A-None_AdaBN-F,300,300,300
BNCI2014_001,ATCNet,2,4,0.3402777777777778,0.3402777777777778,0.686696244855967,0.59375,0.59375,0.8599094971707819,FM-Full_A-None_AdaBN-F,300,300,300
BNCI2014_001,ATCNet,2,5,0.3211805555555556,0.3211805555555556,0.6043555491255144,0.5295138888888888,0.5295138888888888,0.7839425797325104,FM-Full_A-None_AdaBN-F,300,300,300
BNCI2014_001,ATCNet,2,7,0.2847222222222222,0.2847222222222222,0.5524932484567902,0.7378472222222222,0.7378472222222222,0.9064589763374484,FM-Full_A-None_AdaBN-F,300,300,300
BNCI2014_001,EEGNetv4,1,1,0.5798611111111112,0.5798611111111112,0.8323849022633745,0.7534722222222222,0.7534722222222222,0.9298964763374488,FM-Full_A-None_AdaBN-F,300,300,300
BNCI2014_001,EEGNetv4,1,2,0.3420138888888889,0.3420138888888889,0.618385095164609,0.5138888888888888,0.5138888888888888,0.7574668852880657,FM-Full_A-None_AdaBN-F,300,300,300
BNCI2014_001,EEGNetv4,1,6,0.3003472222222222,0.3003472222222222,0.7108932934670782,0.5798611111111112,0.5798611111111112,0.7973853845164609,FM-Full_A-None_AdaBN-F,300,300,300
BNCI2014_001,EEGNetv4,1,8,0.4444444444444444,0.4444444444444444,0.7863417888374487,0.7048611111111112,0.7048611111111112,0.8976176697530864,FM-Full_A-None_AdaBN-F,300,300,300
BNCI2014_001,EEGNetv4,1,9,0.4149305555555556,0.4149305555555555,0.7756558641975309,0.7326388888888888,0.7326388888888888,0.9089184670781894,FM-Full_A-None_AdaBN-F,300,300,300
BNCI2014_001,EEGNetv4,2,3,0.5434027777777778,0.5434027777777778,0.8870924961419753,0.7986111111111112,0.7986111111111112,0.957565747170782,FM-Full_A-None_AdaBN-F,300,300,300
BNCI2014_001,EEGNetv4,2,4,0.4357638888888889,0.4357638888888888,0.7469256365740741,0.6180555555555556,0.6180555555555556,0.8595277134773662,FM-Full_A-None_AdaBN-F,300,300,300
BNCI2014_001,EEGNetv4,2,5,0.375,0.375,0.6482646926440329,0.5295138888888888,0.5295138888888888,0.767260641718107,FM-Full_A-None_AdaBN-F,300,300,300
BNCI2014_001,EEGNetv4,2,7,0.4583333333333333,0.4583333333333333,0.7540710198045267,0.6788194444444444,0.6788194444444445,0.8953711741255144,FM-Full_A-None_AdaBN-F,300,300,300
BNCI2014_001,DeepConvNet,1,1,0.4618055555555556,0.4618055555555556,0.7651146154835391,0.4253472222222222,0.4253472222222222,0.7818528163580247,FM-Full_A-None_AdaBN-F,300,300,300
BNCI2014_001,DeepConvNet,1,2,0.2430555555555555,0.2430555555555555,0.4967327353395062,0.3819444444444444,0.3819444444444445,0.6712762024176955,FM-Full_A-None_AdaBN-F,300,300,300
BNCI2014_001,DeepConvNet,1,6,0.3211805555555556,0.3211805555555555,0.6363329475308642,0.3472222222222222,0.3472222222222222,0.6584321952160495,FM-Full_A-None_AdaBN-F,300,300,300
BNCI2014_001,DeepConvNet,1,8,0.4184027777777778,0.4184027777777778,0.6672172389403291,0.5260416666666666,0.5260416666666666,0.8434686856995885,FM-Full_A-None_AdaBN-F,300,300,300
BNCI2014_001,DeepConvNet,1,9,0.5,0.5,0.7717094264403291,0.5017361111111112,0.501736111111111,0.8552637924382716,FM-Full_A-None_AdaBN-F,300,300,300
BNCI2014_001,DeepConvNet,2,3,0.6649305555555556,0.6649305555555556,0.898240579989712,0.6753472222222222,0.6753472222222222,0.9156197755915638,FM-Full_A-None_AdaBN-F,300,300,300
BNCI2014_001,DeepConvNet,2,4,0.3159722222222222,0.3159722222222222,0.7389724794238682,0.5,0.4999999999999999,0.7896412037037037,FM-Full_A-None_AdaBN-F,300,300,300
BNCI2014_001,DeepConvNet,2,5,0.25,0.25,0.5605790252057613,0.4392361111111111,0.439236111111111,0.7144820601851852,FM-Full_A-None_AdaBN-F,300,300,300
BNCI2014_001,DeepConvNet,2,7,0.2847222222222222,0.2847222222222222,0.6306343235596708,0.4739583333333333,0.4739583333333333,0.8098596643518519,FM-Full_A-None_AdaBN-F,300,300,300
BNCI2014_001,EEGNetv4,1,1,0.5208333333333334,0.5208333333333334,0.8004034850823045,0.7152777777777778,0.7152777777777777,0.9093042695473252,FM-Full_A-None_AdaBN-F,450,450,450
BNCI2014_001,EEGNetv4,1,2,0.3368055555555556,0.3368055555555555,0.6361641589506173,0.5815972222222222,0.5815972222222222,0.8181061921296297,FM-Full_A-None_AdaBN-F,450,450,450
BNCI2014_001,EEGNetv4,1,6,0.2986111111111111,0.2986111111111111,0.6894973315329218,0.578125,0.578125,0.7924382716049384,FM-Full_A-None_AdaBN-F,450,450,450
BNCI2014_001,EEGNetv4,1,8,0.4236111111111111,0.423611111111111,0.7337962962962963,0.671875,0.671875,0.8798988876028806,FM-Full_A-None_AdaBN-F,450,450,450
BNCI2014_001,EEGNetv4,1,9,0.4600694444444444,0.4600694444444445,0.7928280928497942,0.7413194444444444,0.7413194444444444,0.9257370434670782,FM-Full_A-None_AdaBN-F,450,450,450
BNCI2014_001,EEGNetv4,2,3,0.5017361111111112,0.5017361111111112,0.8978266460905351,0.828125,0.8281250000000001,0.9664834104938272,FM-Full_A-None_AdaBN-F,450,450,450
BNCI2014_001,EEGNetv4,2,4,0.4305555555555556,0.4305555555555555,0.7604648919753086,0.6545138888888888,0.654513888888889,0.8818520126028806,FM-Full_A-None_AdaBN-F,450,450,450
BNCI2014_001,EEGNetv4,2,5,0.4114583333333333,0.4114583333333333,0.6822554976851852,0.5364583333333334,0.5364583333333333,0.7764033564814815,FM-Full_A-None_AdaBN-F,450,450,450
BNCI2014_001,EEGNetv4,2,7,0.5277777777777778,0.5277777777777778,0.7997845936213992,0.7239583333333334,0.7239583333333334,0.9146170910493828,FM-Full_A-None_AdaBN-F,450,450,450
BNCI2014_001,ShallowConvNet,1,1,0.4791666666666667,0.4791666666666666,0.805394804526749,0.7065972222222222,0.7065972222222222,0.9156860853909464,FM-Full_A-None_AdaBN-F,450,450,450
BNCI2014_001,ShallowConvNet,1,2,0.2899305555555556,0.2899305555555556,0.5179800025720165,0.4548611111111111,0.4548611111111111,0.7119140625,FM-Full_A-None_AdaBN-F,450,450,450
BNCI2014_001,ShallowConvNet,1,6,0.2552083333333333,0.2552083333333333,0.6150173611111112,0.53125,0.53125,0.7672927919238683,FM-Full_A-None_AdaBN-F,450,450,450
BNCI2014_001,ShallowConvNet,1,8,0.4253472222222222,0.4253472222222222,0.7792566872427984,0.6961805555555556,0.6961805555555556,0.8980436599794239,FM-Full_A-None_AdaBN-F,450,450,450
BNCI2014_001,ShallowConvNet,1,9,0.46875,0.46875,0.8094095614711934,0.7795138888888888,0.7795138888888888,0.9411651234567902,FM-Full_A-None_AdaBN-F,450,450,450
BNCI2014_001,ShallowConvNet,2,3,0.6267361111111112,0.626736111111111,0.8859511638374485,0.8090277777777778,0.8090277777777778,0.9594827031893004,FM-Full_A-None_AdaBN-F,450,450,450
BNCI2014_001,ShallowConvNet,2,4,0.4131944444444444,0.4131944444444445,0.7386067708333334,0.5902777777777778,0.5902777777777779,0.8361826453189302,FM-Full_A-None_AdaBN-F,450,450,450
BNCI2014_001,ShallowConvNet,2,5,0.296875,0.2968749999999999,0.5776668595679012,0.4913194444444444,0.4913194444444444,0.7289255401234567,FM-Full_A-None_AdaBN-F,450,450,450
BNCI2014_001,ShallowConvNet,2,7,0.3559027777777778,0.3559027777777777,0.6409826710390947,0.6597222222222222,0.6597222222222221,0.881080407664609,FM-Full_A-None_AdaBN-F,450,450,450
BNCI2014_001,DeepConvNet,1,1,0.5295138888888888,0.5295138888888888,0.8014845357510288,0.5086805555555556,0.5086805555555556,0.8318504050925926,FM-Full_A-None_AdaBN-F,450,450,450
BNCI2014_001,DeepConvNet,1,2,0.265625,0.2656249999999999,0.51294045781893,0.4253472222222222,0.4253472222222222,0.700219425154321,FM-Full_A-None_AdaBN-F,450,450,450
BNCI2014_001,DeepConvNet,1,6,0.3194444444444444,0.3194444444444445,0.6546063207304527,0.40625,0.40625,0.7200239519032923,FM-Full_A-None_AdaBN-F,450,450,450
BNCI2014_001,DeepConvNet,1,8,0.4427083333333333,0.4427083333333333,0.7224271797839505,0.5746527777777778,0.5746527777777777,0.8649570794753086,FM-Full_A-None_AdaBN-F,450,450,450
BNCI2014_001,DeepConvNet,1,9,0.5503472222222222,0.5503472222222223,0.802392779063786,0.5798611111111112,0.5798611111111112,0.8967255015432098,FM-Full_A-None_AdaBN-F,450,450,450
BNCI2014_001,DeepConvNet,2,3,0.7309027777777778,0.7309027777777777,0.927834844393004,0.7690972222222222,0.7690972222222221,0.946578414351852,FM-Full_A-None_AdaBN-F,450,450,450
BNCI2014_001,DeepConvNet,2,4,0.3472222222222222,0.3472222222222222,0.7545613104423867,0.546875,0.546875,0.8179574974279835,FM-Full_A-None_AdaBN-F,450,450,450
BNCI2014_001,DeepConvNet,2,5,0.265625,0.265625,0.5772047003600823,0.46875,0.46875,0.7421754436728396,FM-Full_A-None_AdaBN-F,450,450,450
BNCI2014_001,DeepConvNet,2,7,0.3315972222222222,0.3315972222222222,0.6437475887345678,0.5190972222222222,0.5190972222222222,0.8306086033950617,FM-Full_A-None_AdaBN-F,450,450,450
BNCI2014_001,ATCNet,1,1,0.6701388888888888,0.670138888888889,0.9112694508744856,0.7777777777777778,0.7777777777777778,0.9517023533950616,FM-Full_A-None_AdaBN-F,450,450,450
BNCI2014_001,ATCNet,1,2,0.3211805555555556,0.3211805555555556,0.5507732124485597,0.5538194444444444,0.5538194444444444,0.7827047968106995,FM-Full_A-None_AdaBN-F,450,450,450
BNCI2014_001,ATCNet,1,6,0.2899305555555556,0.2899305555555556,0.678980195473251,0.5902777777777778,0.5902777777777778,0.8168161651234568,FM-Full_A-None_AdaBN-F,450,450,450
BNCI2014_001,ATCNet,1,8,0.5520833333333334,0.5520833333333334,0.8587561085390947,0.7743055555555556,0.7743055555555556,0.934397505144033,FM-Full_A-None_AdaBN-F,450,450,450
BNCI2014_001,ATCNet,1,9,0.46875,0.46875,0.8228483474794239,0.8038194444444444,0.8038194444444444,0.9521203060699588,FM-Full_A-None_AdaBN-F,450,450,450
BNCI2014_001,ATCNet,2,3,0.6805555555555556,0.6805555555555556,0.9190618569958848,0.890625,0.890625,0.9844835069444444,FM-Full_A-None_AdaBN-F,450,450,450
BNCI2014_001,ATCNet,2,4,0.4184027777777778,0.4184027777777778,0.7609431262860082,0.671875,0.671875,0.8913162294238683,FM-Full_A-None_AdaBN-F,450,450,450
BNCI2014_001,ATCNet,2,5,0.3333333333333333,0.3333333333333333,0.6675427597736626,0.6145833333333334,0.6145833333333334,0.8293266139403292,FM-Full_A-None_AdaBN-F,450,450,450
BNCI2014_001,ATCNet,2,7,0.2986111111111111,0.2986111111111111,0.6356216242283951,0.7222222222222222,0.7222222222222223,0.9194195280349796,FM-Full_A-None_AdaBN-F,450,450,450
Huebner2017,DeepConvNet,1,1,0.9479377431906616,0.900830771562758,0.9868022708891324,0.9749416342412452,0.9575183591314264,0.9941133460304536,FM-Full_A-None_AdaBN-F,2000,2000,2000
Huebner2017,DeepConvNet,1,2,0.8853096794273265,0.8943325193325193,0.9604739212874132,0.9558823529411764,0.9313186813186812,0.9858459181789208,FM-Full_A-None_AdaBN-F,2000,2000,2000
Huebner2017,DeepConvNet,1,3,0.8803891050583658,0.7663544752772312,0.9392256446023238,0.9550972762645914,0.928175013757906,0.9849372467172182,FM-Full_A-None_AdaBN-F,2000,2000,2000
Huebner2017,DeepConvNet,1,6,0.9599532983070636,0.9526724241559276,0.9887217882697776,0.983304144775248,0.9713760280084895,0.9971162024582312,FM-Full_A-None_AdaBN-F,2000,2000,2000
Huebner2017,DeepConvNet,1,9,0.9425770308123248,0.9266254578754578,0.9812138827515812,0.975879240585123,0.9609915547415548,0.9955798598325052,FM-Full_A-None_AdaBN-F,2000,2000,2000
Huebner2017,DeepConvNet,1,10,0.9491115960099752,0.9078174987783576,0.9872213507989946,0.9827774314214464,0.9717767539679754,0.9975319955561917,FM-Full_A-None_AdaBN-F,2000,2000,2000
Huebner2017,DeepConvNet,1,12,0.864301276065982,0.7186228123728123,0.9557003139179066,0.9628851540616248,0.944253663003663,0.990296223348472,FM-Full_A-None_AdaBN-F,2000,2000,2000
Huebner2017,DeepConvNet,2,4,0.9595330739299612,0.92558147345828,0.9918860325752754,0.9835019455252918,0.9723868930501842,0.9981980777701316,FM-Full_A-None_AdaBN-F,2000,2000,2000
Huebner2017,DeepConvNet,2,5,0.892390289449113,0.845734126984127,0.9352450441240124,0.9411764705882352,0.8976648351648351,0.9741436638758068,FM-Full_A-None_AdaBN-F,2000,2000,2000
Huebner2017,DeepConvNet,2,7,0.9649859943977592,0.929945054945055,0.9955057343450202,0.992063492063492,0.985424297924298,0.9993715652611156,FM-Full_A-None_AdaBN-F,2000,2000,2000
Huebner2017,DeepConvNet,2,8,0.8154863813229571,0.6190720521195792,0.8850167349715741,0.9122178988326848,0.8629381395003215,0.9532912694104938,FM-Full_A-None_AdaBN-F,2000,2000,2000
Huebner2017,DeepConvNet,2,11,0.8257451941785353,0.6963191958200374,0.8405507905030157,0.8806911043660985,0.8098842452117052,0.9150699680224864,FM-Full_A-None_AdaBN-F,2000,2000,2000
Huebner2017,DeepConvNet,2,13,0.9044432339895728,0.8093197501969254,0.9672885899608196,0.9768889580577388,0.9600499521348966,0.9942676793985687,FM-Full_A-None_AdaBN-F,2000,2000,2000
Huebner2017,ShallowConvNet,1,1,0.9295719844357976,0.9201834472735654,0.9753843194332712,0.9665369649805448,0.9503058576371726,0.9900669129628014,FM-Full_A-None_AdaBN-F,2000,2000,2000
Huebner2017,ShallowConvNet,1,2,0.8500622471210707,0.8637311762311762,0.9362166835711808,0.9417989417989416,0.91375407000407,0.97795883844991,FM-Full_A-None_AdaBN-F,2000,2000,2000
Huebner2017,ShallowConvNet,1,3,0.893852140077821,0.8196820106358575,0.9350462094680242,0.94147859922179,0.91057122099128,0.9772968635743418,FM-Full_A-None_AdaBN-F,2000,2000,2000
Huebner2017,ShallowConvNet,1,6,0.9237594862813776,0.94104757007769,0.9885731568836492,0.9781669585522476,0.9692213276716471,0.9949655191858788,FM-Full_A-None_AdaBN-F,2000,2000,2000
Huebner2017,ShallowConvNet,1,9,0.9243697478991596,0.9347527472527472,0.984617564974708,0.9720666044195456,0.9610169922669922,0.9943583538986978,FM-Full_A-None_AdaBN-F,2000,2000,2000
Huebner2017,ShallowConvNet,1,10,0.951215710723192,0.934750258502226,0.9850553147517704,0.9757637157107232,0.9657006692710371,0.9952076015853004,FM-Full_A-None_AdaBN-F,2000,2000,2000
Huebner2017,ShallowConvNet,1,12,0.8786181139122315,0.788537851037851,0.9348565330294828,0.9519919078742608,0.9291183353683352,0.9852490111666696,FM-Full_A-None_AdaBN-F,2000,2000,2000
Huebner2017,ShallowConvNet,2,4,0.9392996108949416,0.8980439542214425,0.978999051081409,0.9778210116731516,0.9683288828795646,0.9961160333991343,FM-Full_A-None_AdaBN-F,2000,2000,2000
Huebner2017,ShallowConvNet,2,5,0.8779956427015251,0.8079339641839642,0.9097363205332782,0.9221132897603486,0.880736161986162,0.961737974510792,FM-Full_A-None_AdaBN-F,2000,2000,2000
Huebner2017,ShallowConvNet,2,7,0.9488795518207284,0.8942307692307693,0.9937381291547958,0.9903516962340492,0.9860220797720798,0.998822673260504,FM-Full_A-None_AdaBN-F,2000,2000,2000
Huebner2017,ShallowConvNet,2,8,0.8168871595330739,0.6350965126535043,0.8468742023914525,0.8947859922178988,0.8326541545107086,0.9411893433844124,FM-Full_A-None_AdaBN-F,2000,2000,2000
Huebner2017,ShallowConvNet,2,11,0.7911899758736088,0.6091406281403601,0.7762593607769568,0.8510389913611954,0.7663346193330608,0.8764504697313809,FM-Full_A-None_AdaBN-F,2000,2000,2000
Huebner2017,ShallowConvNet,2,13,0.8973620729904288,0.7959904092116364,0.955872473419792,0.9675511633335928,0.949251313598266,0.9904821837093892,FM-Full_A-None_AdaBN-F,2000,2000,2000
Huebner2017,EEGNetv4,1,1,0.9479377431906616,0.9297887744101868,0.9816406834744664,0.9730739299610895,0.9653393316188452,0.9932424887486712,FM-Full_A-None_AdaBN-F,2000,2000,2000
Huebner2017,EEGNetv4,1,2,0.8530189853719266,0.8791717541717542,0.9522761235310838,0.9541705571117336,0.9406160968660968,0.9857002580630226,FM-Full_A-None_AdaBN-F,2000,2000,2000
Huebner2017,EEGNetv4,1,3,0.9028015564202334,0.8571243808942262,0.937354428026497,0.9514396887159532,0.9334521197944768,0.9837050256473217,FM-Full_A-None_AdaBN-F,2000,2000,2000
Huebner2017,EEGNetv4,1,6,0.9029772329246936,0.9283215476703528,0.985120793129213,0.9812025685931116,0.9763638957157932,0.9950210759457117,FM-Full_A-None_AdaBN-F,2000,2000,2000
Huebner2017,EEGNetv4,1,9,0.9176003734827264,0.9280372405372406,0.9805657473894908,0.9726112667289136,0.9648071835571836,0.9948340961899164,FM-Full_A-None_AdaBN-F,2000,2000,2000
Huebner2017,EEGNetv4,1,10,0.9555798004987532,0.9355410188362404,0.9852281332764584,0.9809071072319202,0.97594019216907,0.9969632231650392,FM-Full_A-None_AdaBN-F,2000,2000,2000
Huebner2017,EEGNetv4,1,12,0.883675692499222,0.7824582824582824,0.9311973483600468,0.9605508870214752,0.9470772283272284,0.987382634084023,FM-Full_A-None_AdaBN-F,2000,2000,2000
Huebner2017,EEGNetv4,2,4,0.9387548638132296,0.8872720320346517,0.9811163315768446,0.9849805447470816,0.9819381039613078,0.997937542471814,FM-Full_A-None_AdaBN-F,2000,2000,2000
Huebner2017,EEGNetv4,2,5,0.8927015250544662,0.8403286528286529,0.93257873048713,0.9286492374727668,0.9020655270655272,0.9680140782571338,FM-Full_A-None_AdaBN-F,2000,2000,2000
Huebner2017,EEGNetv4,2,7,0.9809368191721132,0.9740282865282864,0.9976417125888026,0.990818549642079,0.9893035205535206,0.9993989375189772,FM-Full_A-None_AdaBN-F,2000,2000,2000
Huebner2017,EEGNetv4,2,8,0.8016342412451362,0.5872372064935163,0.871179572847978,0.9101167315175096,0.875642630177792,0.9540991593677072,FM-Full_A-None_AdaBN-F,2000,2000,2000
Huebner2017,EEGNetv4,2,11,0.8139933068721301,0.6671070170419484,0.8160600468664185,0.8658261343295198,0.8148228228402116,0.9054975528883352,FM-Full_A-None_AdaBN-F,2000,2000,2000
Huebner2017,EEGNetv4,2,13,0.9287993152283868,0.8783564124970454,0.9667242131466972,0.9743988794646332,0.9668920977083436,0.9926197926509568,FM-Full_A-None_AdaBN-F,2000,2000,2000
Huebner2017,ATCNet,1,1,0.943112840466926,0.9015674657021594,0.9797804550501475,0.9750194552529184,0.9637500040385244,0.994287305464285,FM-Full_A-None_AdaBN-F,2000,2000,2000
Huebner2017,ATCNet,1,2,0.8520074696545284,0.8810286935286935,0.9579756601912686,0.9594615624027388,0.9424730362230362,0.987026205900214,FM-Full_A-None_AdaBN-F,2000,2000,2000
Huebner2017,ATCNet,1,3,0.864591439688716,0.7386270444356136,0.9147489397527562,0.9541634241245136,0.935004191988214,0.9851800293358406,FM-Full_A-None_AdaBN-F,2000,2000,2000
Huebner2017,ATCNet,1,6,0.9422066549912436,0.9469170318531992,0.9892429455420968,0.9852889667250436,0.9783474918434644,0.9965346376312236,FM-Full_A-None_AdaBN-F,2000,2000,2000
Huebner2017,ATCNet,1,9,0.9446000622471212,0.9411121286121288,0.9867127119524608,0.9770463741051976,0.9669057794057794,0.9960815611857278,FM-Full_A-None_AdaBN-F,2000,2000,2000
Huebner2017,ATCNet,1,10,0.9459943890274314,0.9108217940999398,0.9821033104483496,0.9841022443890274,0.9773418411837916,0.997572272632781,FM-Full_A-None_AdaBN-F,2000,2000,2000
Huebner2017,ATCNet,1,12,0.8682695300342359,0.7288868538868538,0.9503336017059564,0.9647525676937442,0.9505112942612944,0.9902699109875036,FM-Full_A-None_AdaBN-F,2000,2000,2000
Huebner2017,ATCNet,2,4,0.9463035019455251,0.9018224312023926,0.984697610782106,0.9870817120622568,0.9814806737766232,0.9981590218748014,FM-Full_A-None_AdaBN-F,2000,2000,2000
Huebner2017,ATCNet,2,5,0.8840647370059135,0.8321632071632071,0.9241380985759292,0.9409430438842205,0.9131944444444444,0.9760201692658704,FM-Full_A-None_AdaBN-F,2000,2000,2000
Huebner2017,ATCNet,2,7,0.9717553688141924,0.951655982905983,0.9944971499204304,0.9928415810768751,0.9893671143671144,0.9995120100113486,FM-Full_A-None_AdaBN-F,2000,2000,2000
Huebner2017,ATCNet,2,8,0.8192996108949416,0.6428547197425682,0.8519476321862848,0.9149416342412452,0.8786830668445771,0.9551904359398506,FM-Full_A-None_AdaBN-F,2000,2000,2000
Huebner2017,ATCNet,2,11,0.8223208031753444,0.7064476640484557,0.8404815237329331,0.8791345630010118,0.8266160838012445,0.9194391273524862,FM-Full_A-None_AdaBN-F,2000,2000,2000
Huebner2017,ATCNet,2,13,0.8983736674188779,0.8169119248447885,0.9443342207760392,0.9782896272663606,0.9668034442953036,0.9952976506795068,FM-Full_A-None_AdaBN-F,2000,2000,2000
Huebner2017,ATCNet,1,1,0.9343968871595332,0.8748079345155979,0.9782942781110908,0.9772762645914396,0.968888353111333,0.9949491186324588,FM-Full_A-None_AdaBN-F,4500,4500,4500
Huebner2017,ATCNet,1,2,0.8846093993152817,0.902917684167684,0.9691327910160582,0.9616402116402116,0.9468737281237282,0.9895817518998736,FM-Full_A-None_AdaBN-F,4500,4500,4500
Huebner2017,ATCNet,1,3,0.8914396887159534,0.7987610749797804,0.942765242871466,0.9578988326848248,0.9429406999247218,0.9880172272676851,FM-Full_A-None_AdaBN-F,4500,4500,4500
Huebner2017,ATCNet,1,6,0.9366024518388792,0.9490993589826184,0.9914353911264108,0.9858727378867485,0.9804484923653796,0.9970938812225276,FM-Full_A-None_AdaBN-F,4500,4500,4500
Huebner2017,ATCNet,1,9,0.9476346093993152,0.9455001017501016,0.9889073714718556,0.980080921257392,0.9727818477818476,0.9972936962850985,FM-Full_A-None_AdaBN-F,4500,4500,4500
Huebner2017,ATCNet,1,10,0.9346165835411472,0.8864203988628602,0.9790336133886604,0.9855829177057356,0.980372931644722,0.9977934675205116,FM-Full_A-None_AdaBN-F,4500,4500,4500
Huebner2017,ATCNet,1,12,0.8633675692499222,0.7156084656084656,0.9554809657322884,0.9673202614379084,0.953105921855922,0.9908442909848332,FM-Full_A-None_AdaBN-F,4500,4500,4500
Huebner2017,ATCNet,2,4,0.9088715953307392,0.8101594059384616,0.9861925883386806,0.9873151750972764,0.9818622470133768,0.9981603175680114,FM-Full_A-None_AdaBN-F,4500,4500,4500
Huebner2017,ATCNet,2,5,0.8832866479925303,0.8095619658119658,0.9281361978947956,0.945300342359166,0.9193630443630444,0.9793149681129176,FM-Full_A-None_AdaBN-F,4500,4500,4500
Huebner2017,ATCNet,2,7,0.9519140989729225,0.9009081196581196,0.9932691500151818,0.9937752878929348,0.990893365893366,0.9993751991933209,FM-Full_A-None_AdaBN-F,4500,4500,4500
Huebner2017,ATCNet,2,8,0.7972762645914397,0.5812972440033299,0.825830781659069,0.9171206225680932,0.8835416134927635,0.9611621681544588,FM-Full_A-None_AdaBN-F,4500,4500,4500
Huebner2017,ATCNet,2,11,0.798817028562534,0.5951182059734854,0.8272597513641093,0.8823254727994396,0.8293894646774485,0.9203251023650082,FM-Full_A-None_AdaBN-F,4500,4500,4500
Huebner2017,ATCNet,2,13,0.8685705392576453,0.7374458253445991,0.938143877170284,0.9798459263870516,0.9695380041651792,0.9955033757281392,FM-Full_A-None_AdaBN-F,4500,4500,4500
Huebner2017,EEGNetv4,1,1,0.9596108949416342,0.9466927245715664,0.9888641731202286,0.9754863813229572,0.9669167792068768,0.9940933385080292,FM-Full_A-None_AdaBN-F,4500,4500,4500
Huebner2017,EEGNetv4,1,2,0.873015873015873,0.8963675213675213,0.9646235017432108,0.9573607220666044,0.9429309116809116,0.987048160907288,FM-Full_A-None_AdaBN-F,4500,4500,4500
Huebner2017,EEGNetv4,1,3,0.9027237354085604,0.8253684884180508,0.9494031801494144,0.9519844357976652,0.9323203570163168,0.9842573779800272,FM-Full_A-None_AdaBN-F,4500,4500,4500
Huebner2017,EEGNetv4,1,6,0.9360186806771744,0.9469983584607032,0.9892726566605884,0.9830706363105662,0.97810089713935,0.996311273686848,FM-Full_A-None_AdaBN-F,4500,4500,4500
Huebner2017,EEGNetv4,1,9,0.9417989417989416,0.9475223850223852,0.9877395165093578,0.9748677248677248,0.9669693732193732,0.9958035485482576,FM-Full_A-None_AdaBN-F,4500,4500,4500
Huebner2017,EEGNetv4,1,10,0.95963216957606,0.9518288188810566,0.9890624873448648,0.9834788029925188,0.9777364114221536,0.996950433041849,FM-Full_A-None_AdaBN-F,4500,4500,4500
Huebner2017,EEGNetv4,1,12,0.8922346716464363,0.7845060032560032,0.9580515858210964,0.9596949891067538,0.944686100936101,0.988929427421491,FM-Full_A-None_AdaBN-F,4500,4500,4500
Huebner2017,EEGNetv4,2,4,0.9224902723735408,0.8425283464019979,0.9819006129941406,0.9852918287937744,0.9811115190020644,0.9982119601973816,FM-Full_A-None_AdaBN-F,4500,4500,4500
Huebner2017,EEGNetv4,2,5,0.8751167133520075,0.7802960927960928,0.9154892726321298,0.9349517584811704,0.9083613146113144,0.9700780003359368,FM-Full_A-None_AdaBN-F,4500,4500,4500
Huebner2017,EEGNetv4,2,7,0.9747121070650484,0.9603428978428978,0.9960068805141556,0.9936974789915968,0.9916437728937728,0.9994737191331108,FM-Full_A-None_AdaBN-F,4500,4500,4500
Huebner2017,EEGNetv4,2,8,0.8494941634241245,0.717538341749618,0.8935815699790104,0.912295719844358,0.8756939194362867,0.9566715142419906,FM-Full_A-None_AdaBN-F,4500,4500,4500
Huebner2017,EEGNetv4,2,11,0.8165616001245233,0.6437078436377487,0.8404831060115208,0.8737644952914624,0.8213872927139303,0.9088734115858748,FM-Full_A-None_AdaBN-F,4500,4500,4500
Huebner2017,EEGNetv4,2,13,0.9186055559878608,0.8516599573413708,0.9681395382175124,0.974943584156875,0.9648445218685372,0.9930423980362924,FM-Full_A-None_AdaBN-F,4500,4500,4500
Huebner2017,ShallowConvNet,1,1,0.9421011673151752,0.8928938597738212,0.9820352977792424,0.9698832684824904,0.9548975587928368,0.9919013957947656,FM-Full_A-None_AdaBN-F,4500,4500,4500
Huebner2017,ShallowConvNet,1,2,0.884453781512605,0.887591575091575,0.9529313753437432,0.9470121381886089,0.9236874236874236,0.9813542770305336,FM-Full_A-None_AdaBN-F,4500,4500,4500
Huebner2017,ShallowConvNet,1,3,0.8763424124513619,0.7544372949102748,0.9442114552472276,0.9475486381322956,0.9196909155819192,0.9814856377960642,FM-Full_A-None_AdaBN-F,4500,4500,4500
Huebner2017,ShallowConvNet,1,6,0.9659077641564506,0.958284339042062,0.9914768881605288,0.9791009924109748,0.9713793629299527,0.9955046016610636,FM-Full_A-None_AdaBN-F,4500,4500,4500
Huebner2017,ShallowConvNet,1,9,0.9626517273576096,0.9420405982905984,0.9910280569176072,0.9751789604730782,0.9643111518111518,0.995280043601803,FM-Full_A-None_AdaBN-F,4500,4500,4500
Huebner2017,ShallowConvNet,1,10,0.9496571072319202,0.9241042864123672,0.9816171676525298,0.9791926433915212,0.9693180805771012,0.9959179596277568,FM-Full_A-None_AdaBN-F,4500,4500,4500
Huebner2017,ShallowConvNet,1,12,0.8142701525054467,0.6343991656491657,0.9179969886815124,0.9584500466853408,0.9387210012210012,0.9874476915647552,FM-Full_A-None_AdaBN-F,4500,4500,4500
Huebner2017,ShallowConvNet,2,4,0.9252140077821012,0.8573576056720266,0.9796528040281856,0.9813229571984436,0.974281398449422,0.9968120730606737,FM-Full_A-None_AdaBN-F,4500,4500,4500
Huebner2017,ShallowConvNet,2,5,0.8460939931528166,0.6832519332519332,0.9174489378689114,0.9261593526299408,0.8875025437525437,0.9650138129800828,FM-Full_A-None_AdaBN-F,4500,4500,4500
Huebner2017,ShallowConvNet,2,7,0.9507469654528478,0.8983134920634921,0.9944229571379044,0.9912075941487706,0.986925111925112,0.9990792860749872,FM-Full_A-None_AdaBN-F,4500,4500,4500
Huebner2017,ShallowConvNet,2,8,0.8230350194552529,0.653767148920314,0.8543647394559516,0.9041245136186772,0.8511219222406379,0.946831245954745,FM-Full_A-None_AdaBN-F,4500,4500,4500
Huebner2017,ShallowConvNet,2,11,0.7897890886450307,0.5760464803424779,0.8102572421395935,0.8588995252548837,0.779031916848365,0.8871468244779709,FM-Full_A-None_AdaBN-F,4500,4500,4500
Huebner2017,ShallowConvNet,2,13,0.88592327445335,0.7685943340962675,0.9555008660407052,0.9708972064430784,0.9549875377092484,0.9921248713860906,FM-Full_A-None_AdaBN-F,4500,4500,4500
Huebner2017,DeepConvNet,1,1,0.9414007782101168,0.8823635423027343,0.9854109319621736,0.9753307392996108,0.9594896638009298,0.9946289646192964,FM-Full_A-None_AdaBN-F,4500,4500,4500
Huebner2017,DeepConvNet,1,2,0.8986928104575164,0.901480463980464,0.9659957653922604,0.9595393713040772,0.9381740944240944,0.9878879525456906,FM-Full_A-None_AdaBN-F,4500,4500,4500
Huebner2017,DeepConvNet,1,3,0.8743968871595331,0.746984400257604,0.9443204280943442,0.9565758754863812,0.9289129194545946,0.9853161276044444,FM-Full_A-None_AdaBN-F,4500,4500,4500
Huebner2017,DeepConvNet,1,6,0.9585522475189726,0.9491774643591636,0.9895255422392816,0.9847051955633392,0.9745271119261794,0.9971499685380478,FM-Full_A-None_AdaBN-F,4500,4500,4500
Huebner2017,DeepConvNet,1,9,0.947556800497977,0.9206094831094832,0.9847490931320296,0.9775910364145658,0.966117216117216,0.9964567478621712,FM-Full_A-None_AdaBN-F,4500,4500,4500
Huebner2017,DeepConvNet,1,10,0.9226932668329176,0.8489411532843956,0.9791786243631936,0.984180174563591,0.9746422815149984,0.9976662581026612,FM-Full_A-None_AdaBN-F,4500,4500,4500
Huebner2017,DeepConvNet,1,12,0.8548863990040461,0.6977004477004477,0.948186015067629,0.9634298163709928,0.9430072242572244,0.990429686238218,FM-Full_A-None_AdaBN-F,4500,4500,4500
Huebner2017,DeepConvNet,2,4,0.9408560311284048,0.8826940955159457,0.988426969211368,0.9852140077821012,0.975223249622802,0.9984512764159874,FM-Full_A-None_AdaBN-F,4500,4500,4500
Huebner2017,DeepConvNet,2,5,0.8856209150326797,0.795291514041514,0.9314672351213356,0.9424992219109866,0.9004756817256817,0.9762774045594812,FM-Full_A-None_AdaBN-F,4500,4500,4500
Huebner2017,DeepConvNet,2,7,0.96171802054155,0.9251755189255187,0.994716699991171,0.9929193899782136,0.9877009564509563,0.9993333585016786,FM-Full_A-None_AdaBN-F,4500,4500,4500
Huebner2017,DeepConvNet,2,8,0.8014785992217899,0.5873643526999419,0.8711043553330597,0.9115175097276264,0.8621367953178964,0.955971183648392,FM-Full_A-None_AdaBN-F,4500,4500,4500
Huebner2017,DeepConvNet,2,11,0.8241108257451942,0.6591789428480301,0.8512922738548527,0.882636781072457,0.8092096558853794,0.9167329933162532,FM-Full_A-None_AdaBN-F,4500,4500,4500
Huebner2017,DeepConvNet,2,13,0.9081783518792312,0.8282447721238807,0.9579922305353517,0.978211812310326,0.9630897260705442,0.994659729726383,FM-Full_A-None_AdaBN-F,4500,4500,4500
Huebner2017,DeepConvNet,1,1,0.9458365758754864,0.8919026039866158,0.9881984896996092,0.9761089494163424,0.958396098731688,0.994996604947246,FM-Full_A-None_AdaBN-F,7000,7000,7000
Huebner2017,DeepConvNet,1,2,0.893401805166511,0.9023707773707774,0.9659885311753698,0.9609399315281668,0.9370294057794056,0.9889096090319636,FM-Full_A-None_AdaBN-F,7000,7000,7000
Huebner2017,DeepConvNet,1,3,0.8669260700389105,0.727105336559845,0.9481868944232826,0.956887159533074,0.9288875440603,0.9856522169613712,FM-Full_A-None_AdaBN-F,7000,7000,7000
Huebner2017,DeepConvNet,1,6,0.9551663747810858,0.9536696414671412,0.9908631489207664,0.9858727378867485,0.9766658576955662,0.9976151142885163,FM-Full_A-None_AdaBN-F,7000,7000,7000
Huebner2017,DeepConvNet,1,9,0.9529256146903206,0.9375127187627188,0.9872807157446708,0.9782913165266106,0.9647435897435898,0.996572343918574,FM-Full_A-None_AdaBN-F,7000,7000,7000
Huebner2017,DeepConvNet,1,10,0.9434226932668328,0.896533640386282,0.9859746681317376,0.984413965087282,0.9752535751600284,0.9977855200956798,FM-Full_A-None_AdaBN-F,7000,7000,7000
Huebner2017,DeepConvNet,1,12,0.8569872393401805,0.6995319495319495,0.9610702899393376,0.9668534080298786,0.9468482905982906,0.991873686400803,FM-Full_A-None_AdaBN-F,7000,7000,7000
Huebner2017,DeepConvNet,2,4,0.926070038910506,0.8481883718500857,0.9898172311985156,0.9855252918287938,0.9757701667748993,0.998427045270242,FM-Full_A-None_AdaBN-F,7000,7000,7000
Huebner2017,DeepConvNet,2,5,0.8772953625894803,0.7737077737077738,0.9269092578864404,0.9430438842203548,0.90254884004884,0.9772576241243568,FM-Full_A-None_AdaBN-F,7000,7000,7000
Huebner2017,DeepConvNet,2,7,0.930905695611578,0.8546626984126984,0.992253836086508,0.9928415810768751,0.9874211436711436,0.9995545404771596,FM-Full_A-None_AdaBN-F,7000,7000,7000
Huebner2017,DeepConvNet,2,8,0.7871595330739299,0.5505313957570726,0.8635542500352698,0.9180544747081713,0.8743088065676097,0.9589274339108962,FM-Full_A-None_AdaBN-F,7000,7000,7000
Huebner2017,DeepConvNet,2,11,0.8116584948244999,0.6165688032971185,0.8648211092661667,0.8849715931200872,0.8188666555929609,0.9208835120444055,FM-Full_A-None_AdaBN-F,7000,7000,7000
Huebner2017,DeepConvNet,2,13,0.8934713251887013,0.7846326938846273,0.9636033404350284,0.9788343319586024,0.964298013705895,0.995282120768663,FM-Full_A-None_AdaBN-F,7000,7000,7000
Huebner2017,EEGNetv4,1,1,0.9580544747081712,0.9328556634110776,0.9890540847250088,0.9768093385214008,0.9678962896192695,0.9950787720893816,FM-Full_A-None_AdaBN-F,7000,7000,7000
Huebner2017,EEGNetv4,1,2,0.8908341114223467,0.905385124135124,0.9659102502191128,0.9575163398692812,0.9415445665445664,0.9868933318420752,FM-Full_A-None_AdaBN-F,7000,7000,7000
Huebner2017,EEGNetv4,1,3,0.8869260700389106,0.7801289056568418,0.9515928848471338,0.9536964980544748,0.935729006135326,0.9855850428406658,FM-Full_A-None_AdaBN-F,7000,7000,7000
Huebner2017,EEGNetv4,1,6,0.9561004086398132,0.9580628699394272,0.9910793882601971,0.9858727378867485,0.9797607406072316,0.99655036481767,FM-Full_A-None_AdaBN-F,7000,7000,7000
Huebner2017,EEGNetv4,1,9,0.9553376906318084,0.9548865486365486,0.9898672847581578,0.9793028322440088,0.971700752950753,0.9963754554528363,FM-Full_A-None_AdaBN-F,7000,7000,7000
Huebner2017,EEGNetv4,1,10,0.9612687032418952,0.9343329427677424,0.9910998628520826,0.9836346633416458,0.976921488216888,0.9972248638644936,FM-Full_A-None_AdaBN-F,7000,7000,7000
Huebner2017,EEGNetv4,1,12,0.893635231870526,0.7855362230362231,0.9573263639897238,0.9636632430750078,0.9497990435490437,0.9894991304134824,FM-Full_A-None_AdaBN-F,7000,7000,7000
Huebner2017,EEGNetv4,2,4,0.9417898832684825,0.8881119777784239,0.9854328746108212,0.9864591439688716,0.9821037171116044,0.9980460441577632,FM-Full_A-None_AdaBN-F,7000,7000,7000
Huebner2017,EEGNetv4,2,5,0.8721599751011516,0.8537978225478225,0.931146506956692,0.9365857454092748,0.909200752950753,0.9730459303458642,FM-Full_A-None_AdaBN-F,7000,7000,7000
Huebner2017,EEGNetv4,2,7,0.9767351384998444,0.960978835978836,0.9969183245472928,0.9931528166822284,0.9907153032153032,0.9995418217144408,FM-Full_A-None_AdaBN-F,7000,7000,7000
Huebner2017,EEGNetv4,2,8,0.84568093385214,0.7053159835637446,0.8841388775810208,0.914863813229572,0.8797767665312953,0.9593408778351786,FM-Full_A-None_AdaBN-F,7000,7000,7000
Huebner2017,EEGNetv4,2,11,0.8168729083975407,0.6621189847912055,0.8370463632538623,0.8768775780216359,0.8217050108877599,0.913429919433741,FM-Full_A-None_AdaBN-F,7000,7000,7000
Huebner2017,EEGNetv4,2,13,0.9084896117033694,0.8245565276640376,0.9667050825848016,0.9754104738930822,0.9649208758613969,0.9937715971761204,FM-Full_A-None_AdaBN-F,7000,7000,7000
Huebner2017,ShallowConvNet,1,1,0.9518287937743192,0.9205438182577914,0.9852296695302496,0.9705058365758756,0.9555335590599175,0.992125803127864,FM-Full_A-None_AdaBN-F,7000,7000,7000
Huebner2017,ShallowConvNet,1,2,0.8757391845627139,0.8963166463166463,0.9616329605995612,0.9480236539060068,0.9249211436711438,0.9828704679481796,FM-Full_A-None_AdaBN-F,7000,7000,7000
Huebner2017,ShallowConvNet,1,3,0.8961089494163424,0.8045612035663938,0.9490815621711968,0.950817120622568,0.9251473994057446,0.9829845024322684,FM-Full_A-None_AdaBN-F,7000,7000,7000
Huebner2017,ShallowConvNet,1,6,0.9436077057793344,0.9526471848639436,0.991758764817852,0.9816695855224752,0.9751217511611968,0.9956716888057447,FM-Full_A-None_AdaBN-F,7000,7000,7000
Huebner2017,ShallowConvNet,1,9,0.9432773109243696,0.9519230769230768,0.9908930798894424,0.977124183006536,0.967300061050061,0.9956533796646232,FM-Full_A-None_AdaBN-F,7000,7000,7000
Huebner2017,ShallowConvNet,1,10,0.9595542394014964,0.9534969344200775,0.9894959004111736,0.9813746882793016,0.9717763490036528,0.9962820225538128,FM-Full_A-None_AdaBN-F,7000,7000,7000
Huebner2017,ShallowConvNet,1,12,0.8790849673202614,0.7491224053724054,0.9641120930803472,0.9600062247121072,0.9400819088319088,0.9881040705693483,FM-Full_A-None_AdaBN-F,7000,7000,7000
Huebner2017,ShallowConvNet,2,4,0.918443579766537,0.838394344665971,0.9830157336867852,0.9824902723735408,0.9750446795404052,0.997025239834496,FM-Full_A-None_AdaBN-F,7000,7000,7000
Huebner2017,ShallowConvNet,2,5,0.8562869592281357,0.7137260887260888,0.9097120270235348,0.9291938997821352,0.891776048026048,0.9662270752713876,FM-Full_A-None_AdaBN-F,7000,7000,7000
Huebner2017,ShallowConvNet,2,7,0.9481792717086834,0.8922847985347986,0.99473184137536,0.9923747276688452,0.9892908017908018,0.999095049938304,FM-Full_A-None_AdaBN-F,7000,7000,7000
Huebner2017,ShallowConvNet,2,8,0.8257587548638132,0.6593252689387943,0.8478915066603343,0.9052140077821011,0.851376483888442,0.9493001641256272,FM-Full_A-None_AdaBN-F,7000,7000,7000
Huebner2017,ShallowConvNet,2,11,0.7879212390069266,0.5649770950024976,0.8165214157366965,0.8584325628453576,0.7792991704349024,0.8895238950662467,FM-Full_A-None_AdaBN-F,7000,7000,7000
Huebner2017,ShallowConvNet,2,13,0.881410007003346,0.757745286444915,0.953086461255918,0.970274686794802,0.954122641136099,0.9925219020536769,FM-Full_A-None_AdaBN-F,7000,7000,7000
Huebner2017,ATCNet,1,1,0.9336964980544749,0.8760668435001836,0.9758015663012612,0.976887159533074,0.9663447558954376,0.995028744869728,FM-Full_A-None_AdaBN-F,7000,7000,7000
Huebner2017,ATCNet,1,2,0.8863211951447245,0.9050671550671552,0.968766504108766,0.9621070650482416,0.9464921652421652,0.9897128762869504,FM-Full_A-None_AdaBN-F,7000,7000,7000
Huebner2017,ATCNet,1,3,0.8935408560311284,0.7959000161002502,0.9495575190860656,0.9603112840466926,0.9434880209292482,0.988524886598238,FM-Full_A-None_AdaBN-F,7000,7000,7000
Huebner2017,ATCNet,1,6,0.9300642148277876,0.9474042714583626,0.9921908645283656,0.985055458260362,0.978194843392846,0.9975055545390784,FM-Full_A-None_AdaBN-F,7000,7000,7000
Huebner2017,ATCNet,1,9,0.9554154995331466,0.953678266178266,0.9904414292228444,0.9793028322440088,0.969869251119251,0.9969126885876224,FM-Full_A-None_AdaBN-F,7000,7000,7000
Huebner2017,ATCNet,1,10,0.9487998753117208,0.9108226040285852,0.9848414767159014,0.9864401496259352,0.981048074664622,0.9980532690070006,FM-Full_A-None_AdaBN-F,7000,7000,7000
Huebner2017,ATCNet,1,12,0.864301276065982,0.7165623728123729,0.9588538941217514,0.9667755991285404,0.954008954008954,0.9919553152853416,FM-Full_A-None_AdaBN-F,7000,7000,7000
Huebner2017,ATCNet,2,4,0.9041245136186772,0.8004168026303178,0.9821049623232608,0.9870038910505836,0.9824599149540632,0.9983799964622528,FM-Full_A-None_AdaBN-F,7000,7000,7000
Huebner2017,ATCNet,2,5,0.8864768129474012,0.8094729344729346,0.9303045114057018,0.9442888266417678,0.9189306064306064,0.9788765409218452,FM-Full_A-None_AdaBN-F,7000,7000,7000
Huebner2017,ATCNet,2,7,0.9295829442888266,0.8551714489214489,0.9866826478929652,0.9939309056956116,0.9906517094017094,0.9996027741976816,FM-Full_A-None_AdaBN-F,7000,7000,7000
Huebner2017,ATCNet,2,8,0.795875486381323,0.5815258917869339,0.7972588953882207,0.9198443579766536,0.886123812270006,0.9618557173926856,FM-Full_A-None_AdaBN-F,7000,7000,7000
Huebner2017,ATCNet,2,11,0.8198303369912056,0.6546625474456333,0.8363278236148548,0.8856720367343762,0.8338678012299894,0.9244162856461274,FM-Full_A-None_AdaBN-F,7000,7000,7000
Huebner2017,ATCNet,2,13,0.8629678624231577,0.7258844545020388,0.9274545537265596,0.9801571862111896,0.9701993798265548,0.9958626163851564,FM-Full_A-None_AdaBN-F,7000,7000,7000
Huebner2017,EEGNetv4,1,1,0.9543968871595332,0.9287471716868216,0.987301196910906,0.9766536964980544,0.9673366847700248,0.9946626862971256,FM-Full_A-None_AdaBN-F,9500,9500,9500
Huebner2017,EEGNetv4,1,2,0.870759414877062,0.8978683353683354,0.9659102670428727,0.958994708994709,0.9427401302401304,0.9877992576818636,FM-Full_A-None_AdaBN-F,9500,9500,9500
Huebner2017,EEGNetv4,1,3,0.9048249027237354,0.8245676827055313,0.9541439028514134,0.9577431906614786,0.9394051738342396,0.9862239373834883,FM-Full_A-None_AdaBN-F,9500,9500,9500
Huebner2017,EEGNetv4,1,6,0.9243432574430824,0.9445240741159008,0.9908012254926852,0.9856392294220664,0.9804677818542982,0.9968527815594608,FM-Full_A-None_AdaBN-F,9500,9500,9500
Huebner2017,EEGNetv4,1,9,0.938842203548086,0.9489087301587302,0.9896288079571808,0.9787581699346404,0.9713446275946276,0.9966546794010418,FM-Full_A-None_AdaBN-F,9500,9500,9500
Huebner2017,EEGNetv4,1,10,0.9654769326683292,0.953129361803225,0.9917255664775932,0.9851932668329176,0.9795451170751855,0.997628849523357,FM-Full_A-None_AdaBN-F,9500,9500,9500
Huebner2017,EEGNetv4,1,12,0.8930127606598195,0.7791768416768416,0.9718832234539908,0.9655306567071272,0.9496464183964184,0.9894803214495672,FM-Full_A-None_AdaBN-F,9500,9500,9500
Huebner2017,EEGNetv4,2,4,0.935408560311284,0.8702043533676447,0.9878961051933268,0.98568093385214,0.9823960726158976,0.9982131885818532,FM-Full_A-None_AdaBN-F,9500,9500,9500
Huebner2017,EEGNetv4,2,5,0.8930127606598195,0.8360678673178674,0.935344354780532,0.937363834422658,0.9098239723239724,0.9740180072107982,FM-Full_A-None_AdaBN-F,9500,9500,9500
Huebner2017,EEGNetv4,2,7,0.967942732648615,0.9386319698819698,0.9960090676029828,0.9931528166822284,0.9912876475376476,0.999611135606506,FM-Full_A-None_AdaBN-F,9500,9500,9500
Huebner2017,EEGNetv4,2,8,0.8173540856031128,0.6236125986342249,0.8867875269100335,0.9161089494163424,0.8785306798613333,0.959029995600701,FM-Full_A-None_AdaBN-F,9500,9500,9500
Huebner2017,EEGNetv4,2,11,0.8110358782784652,0.6221164066870729,0.8498897858800019,0.8762549614756012,0.8223285464805108,0.9152608009197952,FM-Full_A-None_AdaBN-F,9500,9500,9500
Huebner2017,EEGNetv4,2,13,0.9194615205042408,0.8482134107897311,0.9685273653518032,0.9754104738930822,0.9649208758613969,0.993872751915008,FM-Full_A-None_AdaBN-F,9500,9500,9500
Huebner2017,ATCNet,1,1,0.9595330739299612,0.935997197802612,0.9884873451495167,0.978365758754864,0.9704019583611992,0.9952614311776228,FM-Full_A-None_AdaBN-F,9500,9500,9500
Huebner2017,ATCNet,1,2,0.8762838468720822,0.9001068376068376,0.9673853575143256,0.9604730781201368,0.946454008954009,0.989641072478374,FM-Full_A-None_AdaBN-F,9500,9500,9500
Huebner2017,ATCNet,1,3,0.8863035019455253,0.7947158871237845,0.9300608195027338,0.9587548638132296,0.9417835617522672,0.987761521371332,FM-Full_A-None_AdaBN-F,9500,9500,9500
Huebner2017,ATCNet,1,6,0.9208406304728548,0.935528767714686,0.9855835134822536,0.986339754816112,0.9816134789643008,0.997274573330906,FM-Full_A-None_AdaBN-F,9500,9500,9500
Huebner2017,ATCNet,1,9,0.9431995020230316,0.9487815425315426,0.9884365921898992,0.9822595704948646,0.97615231990232,0.9974471121544536,FM-Full_A-None_AdaBN-F,9500,9500,9500
Huebner2017,ATCNet,1,10,0.9511377805486284,0.9195714532549684,0.9863760890165576,0.9860504987531172,0.9811370993215498,0.9981008354413976,FM-Full_A-None_AdaBN-F,9500,9500,9500
Huebner2017,ATCNet,1,12,0.8885776532835357,0.7730718355718356,0.9607495449509338,0.9675536881419234,0.9542887667887668,0.9920587982343936,FM-Full_A-None_AdaBN-F,9500,9500,9500
Huebner2017,ATCNet,2,4,0.9017898832684824,0.7937396075308247,0.9874236315056588,0.98715953307393,0.9830195198033076,0.9984968780861057,FM-Full_A-None_AdaBN-F,9500,9500,9500
Huebner2017,ATCNet,2,5,0.8858543417366946,0.8012820512820513,0.9312121196215112,0.9449891067538126,0.9222502035002036,0.9799560879670008,FM-Full_A-None_AdaBN-F,9500,9500,9500
Huebner2017,ATCNet,2,7,0.9200902583255524,0.8322522385022385,0.9870876967437816,0.9936196700902584,0.9906771469271468,0.9995532282238632,FM-Full_A-None_AdaBN-F,9500,9500,9500
Huebner2017,ATCNet,2,8,0.793852140077821,0.5697871468848977,0.8329194182478834,0.918988326848249,0.8859074483311202,0.9623049863928654,FM-Full_A-None_AdaBN-F,9500,9500,9500
Huebner2017,ATCNet,2,11,0.8038757879990661,0.6042659308016383,0.8335011502492021,0.8845824577788155,0.832468326317555,0.9265887541468324,FM-Full_A-None_AdaBN-F,9500,9500,9500
Huebner2017,ATCNet,2,13,0.8522293984903898,0.6963136366279492,0.9249249112826502,0.978056182398257,0.9680243678602792,0.996168739026427,FM-Full_A-None_AdaBN-F,9500,9500,9500
Huebner2017,DeepConvNet,1,1,0.9494941634241244,0.8992159339706662,0.9892176113044218,0.976887159533074,0.9627965421078082,0.9952254714842492,FM-Full_A-None_AdaBN-F,9500,9500,9500
Huebner2017,DeepConvNet,1,2,0.8955026455026455,0.9036299348799348,0.9677361160909442,0.9606286959228136,0.9379705942205944,0.9882855821182542,FM-Full_A-None_AdaBN-F,9500,9500,9500
Huebner2017,DeepConvNet,1,3,0.8662256809338521,0.7244726562289661,0.9508523372824716,0.9576653696498054,0.9313421927786878,0.9863794037415043,FM-Full_A-None_AdaBN-F,9500,9500,9500
Huebner2017,DeepConvNet,1,6,0.9500291885580852,0.9544378861024272,0.9917716497416876,0.9862230005837712,0.9767228924319566,0.9978241911261682,FM-Full_A-None_AdaBN-F,9500,9500,9500
Huebner2017,DeepConvNet,1,9,0.9528478057889822,0.9436431623931624,0.9874023683547491,0.979614067849362,0.9683557183557184,0.9968888156718844,FM-Full_A-None_AdaBN-F,9500,9500,9500
Huebner2017,DeepConvNet,1,10,0.9487998753117208,0.9022272362804836,0.9911321250097864,0.9844918952618454,0.9743876939441636,0.9979113965059676,FM-Full_A-None_AdaBN-F,9500,9500,9500
Huebner2017,DeepConvNet,1,12,0.8578431372549019,0.7004349816849818,0.965127979016868,0.9677093059446,0.9494683557183556,0.9926343390711776,FM-Full_A-None_AdaBN-F,9500,9500,9500
Huebner2017,DeepConvNet,2,4,0.9337743190661478,0.8640995854320198,0.9907576688883936,0.9860700389105058,0.9772709497101416,0.9984489374373354,FM-Full_A-None_AdaBN-F,9500,9500,9500
Huebner2017,DeepConvNet,2,5,0.8737161531279178,0.7625534188034189,0.9219542735581095,0.9417211328976036,0.9016839641839642,0.9766817636361288,FM-Full_A-None_AdaBN-F,9500,9500,9500
Huebner2017,DeepConvNet,2,7,0.9387643946467475,0.8728505291005291,0.991076845822216,0.9926859632741986,0.9874338624338624,0.9994760408120196,FM-Full_A-None_AdaBN-F,9500,9500,9500
Huebner2017,DeepConvNet,2,8,0.7885603112840467,0.5557967564188305,0.8489511312983479,0.9171984435797664,0.8687128926926403,0.9584304093609762,FM-Full_A-None_AdaBN-F,9500,9500,9500
Huebner2017,DeepConvNet,2,11,0.8195190287181882,0.647130160727859,0.8495199871747904,0.8849715931200872,0.8142861274095157,0.9216232441168356,FM-Full_A-None_AdaBN-F,9500,9500,9500
Huebner2017,DeepConvNet,2,13,0.8973620729904288,0.7973639734604424,0.95848617592283,0.979067776826706,0.9649085091393272,0.9955074811433569,FM-Full_A-None_AdaBN-F,9500,9500,9500
Huebner2017,ShallowConvNet,1,1,0.9506614785992218,0.9132564021379408,0.985253799712888,0.9727626459143968,0.9594128645306644,0.9928019867116398,FM-Full_A-None_AdaBN-F,9500,9500,9500
Huebner2017,ShallowConvNet,1,2,0.9002489884842826,0.8928825803825804,0.9599462945197073,0.9516806722689076,0.9292582417582418,0.9839505028823812,FM-Full_A-None_AdaBN-F,9500,9500,9500
Huebner2017,ShallowConvNet,1,3,0.8910505836575876,0.7892355086979044,0.9507786342141624,0.949727626459144,0.9224892090630948,0.9830776913802814,FM-Full_A-None_AdaBN-F,9500,9500,9500
Huebner2017,ShallowConvNet,1,6,0.9601868067717456,0.9545444520019156,0.9914538089881288,0.9812025685931116,0.9741287025018126,0.9962026613582802,FM-Full_A-None_AdaBN-F,9500,9500,9500
Huebner2017,ShallowConvNet,1,9,0.9545596016184252,0.9558658933658934,0.9909341803356352,0.9790694055399938,0.9704034391534392,0.9962091357594004,FM-Full_A-None_AdaBN-F,9500,9500,9500
Huebner2017,ShallowConvNet,1,10,0.94856608478803,0.9533027540273702,0.9905155668285625,0.9821539900249376,0.9743488173691898,0.9973753924779226,FM-Full_A-None_AdaBN-F,9500,9500,9500
Huebner2017,ShallowConvNet,1,12,0.8650793650793651,0.7929639804639805,0.9344985570597344,0.9607843137254902,0.9429945054945056,0.9881314091796894,FM-Full_A-None_AdaBN-F,9500,9500,9500
Huebner2017,ShallowConvNet,2,4,0.9398443579766536,0.8836350043669909,0.9868366488271588,0.9819455252918288,0.974001730642276,0.9970090857373324,FM-Full_A-None_AdaBN-F,9500,9500,9500
Huebner2017,ShallowConvNet,2,5,0.8741830065359477,0.7605692918192919,0.923370363102506,0.9310613134142546,0.8944851444851445,0.9677889090504832,FM-Full_A-None_AdaBN-F,9500,9500,9500
Huebner2017,ShallowConvNet,2,7,0.9376750700280112,0.8693910256410257,0.993882813492602,0.9923747276688452,0.9884895197395196,0.9991529236734265,FM-Full_A-None_AdaBN-F,9500,9500,9500
Huebner2017,ShallowConvNet,2,8,0.8067704280155642,0.6046740399350821,0.8430090990644624,0.9023346303501946,0.846746719641336,0.9455907795644208,FM-Full_A-None_AdaBN-F,9500,9500,9500
Huebner2017,ShallowConvNet,2,11,0.7967156977196669,0.5896218246446152,0.8213984528277978,0.8626352245310919,0.7863984841367145,0.8936590959910515,FM-Full_A-None_AdaBN-F,9500,9500,9500
Huebner2017,ShallowConvNet,2,13,0.8884133530464555,0.7741142667620738,0.9561501441875668,0.972842580343942,0.9567173981574356,0.992625361882256,FM-Full_A-None_AdaBN-F,9500,9500,9500
Huebner2018,ATCNet,1,1,0.9518873870719238,0.9368115975211404,0.9844918370773532,0.9777295328804538,0.9676161502012656,0.9943743894434776,FM-Full_A-None_AdaBN-F,3000,3000,3000
Huebner2018,ATCNet,1,3,0.9170868347338936,0.8926282051282051,0.9164783108756324,0.9824929971988796,0.9751602564102564,0.9960906293607188,FM-Full_A-None_AdaBN-F,3000,3000,3000
Huebner2018,ATCNet,1,6,0.8469187675070028,0.6876831501831502,0.8496513332897262,0.9814425770308124,0.9735462454212456,0.99635360794959,FM-Full_A-None_AdaBN-F,3000,3000,3000
Huebner2018,ATCNet,1,9,0.7947335247566356,0.6158632669571171,0.7575349352810086,0.9538483087050914,0.935209268248008,0.982208968966284,FM-Full_A-None_AdaBN-F,3000,3000,3000
Huebner2018,ATCNet,1,10,0.878641456582633,0.8121680402930402,0.91420547706262,0.9372549019607844,0.917044413919414,0.9751909449677304,FM-Full_A-None_AdaBN-F,3000,3000,3000
Huebner2018,ATCNet,1,11,0.8106625404416936,0.6900261574143767,0.7906735283309667,0.9236882824588548,0.895358835815655,0.9619040568531616,FM-Full_A-None_AdaBN-F,3000,3000,3000
Huebner2018,ATCNet,2,2,0.9638655462184874,0.9572115384615384,0.990380786128554,0.9855742296918768,0.979029304029304,0.9967851283141462,FM-Full_A-None_AdaBN-F,3000,3000,3000
Huebner2018,ATCNet,2,4,0.927310924369748,0.8650068681318681,0.9646424210709924,0.9638655462184874,0.9493818681318682,0.9879773760465728,FM-Full_A-None_AdaBN-F,3000,3000,3000
Huebner2018,ATCNet,2,5,0.8420204567745552,0.7166539045524752,0.8648237410228888,0.9357573210032226,0.9099932262624676,0.9736646001858686,FM-Full_A-None_AdaBN-F,3000,3000,3000
Huebner2018,ATCNet,2,7,0.8601148781171196,0.729711738121412,0.9041338947634752,0.9422807509106192,0.9185830323334904,0.9785895458174108,FM-Full_A-None_AdaBN-F,3000,3000,3000
Huebner2018,ATCNet,2,8,0.8081932773109244,0.6199175824175824,0.8339531549799408,0.9350840336134454,0.9101648351648352,0.9712124841923948,FM-Full_A-None_AdaBN-F,3000,3000,3000
Huebner2018,ATCNet,2,12,0.8173669467787115,0.7744734432234432,0.8595203209488923,0.9382352941176472,0.9139766483516484,0.9730294866343971,FM-Full_A-None_AdaBN-F,3000,3000,3000
Huebner2018,DeepConvNet,1,1,0.9522375516492751,0.9155098392273844,0.9822815406957728,0.9780796974578052,0.9624881840958748,0.9930972087754416,FM-Full_A-None_AdaBN-F,3000,3000,3000
Huebner2018,DeepConvNet,1,3,0.8815826330532213,0.90382326007326,0.9785489163614164,0.9808823529411764,0.9672046703296704,0.9948361596241062,FM-Full_A-None_AdaBN-F,3000,3000,3000
Huebner2018,DeepConvNet,1,6,0.8233893557422969,0.6544757326007326,0.8778344126111982,0.9803221288515406,0.9660141941391942,0.99625106292517,FM-Full_A-None_AdaBN-F,3000,3000,3000
Huebner2018,DeepConvNet,1,9,0.7800266125078787,0.5694696526151444,0.7262377261784831,0.951677288325513,0.926475461624342,0.9813635934958284,FM-Full_A-None_AdaBN-F,3000,3000,3000
Huebner2018,DeepConvNet,1,10,0.8799019607843137,0.7900183150183151,0.9198645315497994,0.9383053221288516,0.9013507326007326,0.9735591095412524,FM-Full_A-None_AdaBN-F,3000,3000,3000
Huebner2018,DeepConvNet,1,11,0.8137572091714728,0.6721791764325642,0.7988531265375747,0.9280489520326348,0.8841351095684555,0.962746395158562,FM-Full_A-None_AdaBN-F,3000,3000,3000
Huebner2018,DeepConvNet,2,2,0.9670868347338936,0.9498397435897435,0.9901687598116168,0.9854341736694678,0.9753319597069596,0.9966938666492238,FM-Full_A-None_AdaBN-F,3000,3000,3000
Huebner2018,DeepConvNet,2,4,0.9053221288515406,0.8084935897435898,0.9622725885225883,0.9629551820728292,0.939308608058608,0.9877615068463284,FM-Full_A-None_AdaBN-F,3000,3000,3000
Huebner2018,DeepConvNet,2,5,0.8288496567185092,0.6633404997513024,0.8596734371318621,0.9342861146139836,0.8980105009293438,0.9712120790683874,FM-Full_A-None_AdaBN-F,3000,3000,3000
Huebner2018,DeepConvNet,2,7,0.8224292518912861,0.6288451639358565,0.9080349099835976,0.9410198935275988,0.9070460137151232,0.9761686237109354,FM-Full_A-None_AdaBN-F,3000,3000,3000
Huebner2018,DeepConvNet,2,8,0.7930672268907563,0.5761332417582418,0.8093173022414093,0.9333333333333332,0.8997481684981685,0.9701787485827664,FM-Full_A-None_AdaBN-F,3000,3000,3000
Huebner2018,DeepConvNet,2,12,0.8502801120448179,0.7842490842490842,0.8828873817155067,0.9400560224089636,0.9025984432234432,0.9726488367783008,FM-Full_A-None_AdaBN-F,3000,3000,3000
Huebner2018,ShallowConvNet,1,1,0.9292667553750262,0.9170760121064636,0.9736259207410414,0.9728272287975348,0.9573025013192382,0.9912199518968684,FM-Full_A-None_AdaBN-F,3000,3000,3000
Huebner2018,ShallowConvNet,1,3,0.8472689075630252,0.8870535714285714,0.9476007462279784,0.9777310924369748,0.9663804945054946,0.993898959423513,FM-Full_A-None_AdaBN-F,3000,3000,3000
Huebner2018,ShallowConvNet,1,6,0.805812324929972,0.7035599816849817,0.8468599282661783,0.9684873949579832,0.9519917582417582,0.9918140862114077,FM-Full_A-None_AdaBN-F,3000,3000,3000
Huebner2018,ShallowConvNet,1,9,0.7666503256530569,0.6011064020122199,0.7080124368183027,0.9396316268646264,0.9066492194689032,0.9739761730317184,FM-Full_A-None_AdaBN-F,3000,3000,3000
Huebner2018,ShallowConvNet,1,10,0.892577030812325,0.8569253663003663,0.9371910975928832,0.9321428571428572,0.8985576923076923,0.9699472080498868,FM-Full_A-None_AdaBN-F,3000,3000,3000
Huebner2018,ShallowConvNet,1,11,0.7954001969334646,0.716476270329667,0.8029188193571191,0.905682937121958,0.855540396618824,0.9445359021407232,FM-Full_A-None_AdaBN-F,3000,3000,3000
Huebner2018,ShallowConvNet,2,2,0.95,0.9478365384615384,0.9848959559785452,0.980532212885154,0.9715086996336996,0.9940273417059132,FM-Full_A-None_AdaBN-F,3000,3000,3000
Huebner2018,ShallowConvNet,2,4,0.8979691876750701,0.8402586996336996,0.9362905683106576,0.951890756302521,0.9272321428571428,0.980831289246468,FM-Full_A-None_AdaBN-F,3000,3000,3000
Huebner2018,ShallowConvNet,2,5,0.8246462098921116,0.6824270596088903,0.8293923624745848,0.9190135911447388,0.8753547213277835,0.9584442382872153,FM-Full_A-None_AdaBN-F,3000,3000,3000
Huebner2018,ShallowConvNet,2,7,0.8472961613897451,0.7087629124570312,0.8825684556526899,0.924908938077893,0.8839443848261181,0.9619667885934148,FM-Full_A-None_AdaBN-F,3000,3000,3000
Huebner2018,ShallowConvNet,2,8,0.788515406162465,0.5929372710622711,0.7801165674603173,0.9153361344537816,0.8678914835164835,0.9572177116038724,FM-Full_A-None_AdaBN-F,3000,3000,3000
Huebner2018,ShallowConvNet,2,12,0.8120448179271709,0.76007326007326,0.8451095221742543,0.921218487394958,0.882554945054945,0.9587024272850166,FM-Full_A-None_AdaBN-F,3000,3000,3000
Huebner2018,EEGNetv4,1,1,0.947265214650886,0.9383221252600316,0.982395638445872,0.9738076896141188,0.9639186171766994,0.991520323900235,FM-Full_A-None_AdaBN-F,3000,3000,3000
Huebner2018,EEGNetv4,1,3,0.8553221288515406,0.8945856227106227,0.970921624258678,0.980672268907563,0.9735576923076924,0.9951277009201116,FM-Full_A-None_AdaBN-F,3000,3000,3000
Huebner2018,EEGNetv4,1,6,0.8540616246498599,0.743143315018315,0.898508034624106,0.9772408963585434,0.9676053113553114,0.9951251389979068,FM-Full_A-None_AdaBN-F,3000,3000,3000
Huebner2018,EEGNetv4,1,9,0.7743539463547867,0.6220082321553954,0.7257665618908065,0.9479655438055886,0.9251816950793506,0.979286025015373,FM-Full_A-None_AdaBN-F,3000,3000,3000
Huebner2018,EEGNetv4,1,10,0.8828431372549019,0.8284111721611722,0.922098827511774,0.9352941176470588,0.9133928571428572,0.972414747950462,FM-Full_A-None_AdaBN-F,3000,3000,3000
Huebner2018,EEGNetv4,1,11,0.8148825432550288,0.7219698497546823,0.8107728486946107,0.9179912786608524,0.8862524620097478,0.95713611300025,FM-Full_A-None_AdaBN-F,3000,3000,3000
Huebner2018,EEGNetv4,2,2,0.967296918767507,0.960382326007326,0.9891730578449328,0.9813025210084032,0.9756181318681318,0.9956413663221698,FM-Full_A-None_AdaBN-F,3000,3000,3000
Huebner2018,EEGNetv4,2,4,0.9070728291316528,0.8212797619047618,0.9545704692133264,0.957282913165266,0.9414720695970696,0.984068959314495,FM-Full_A-None_AdaBN-F,3000,3000,3000
Huebner2018,EEGNetv4,2,5,0.8378870673952641,0.7265165645697531,0.8514844274937389,0.9298024379991592,0.9040392091416004,0.968099841182579,FM-Full_A-None_AdaBN-F,3000,3000,3000
Huebner2018,EEGNetv4,2,7,0.830344634351359,0.6595663421103143,0.8794410700108186,0.938358083496778,0.913236849796716,0.9744394150569718,FM-Full_A-None_AdaBN-F,3000,3000,3000
Huebner2018,EEGNetv4,2,8,0.8066526610644258,0.6327152014652014,0.8186936104570032,0.9292717086834734,0.9024496336996336,0.9672516025641028,FM-Full_A-None_AdaBN-F,3000,3000,3000
Huebner2018,EEGNetv4,2,12,0.8338935574229692,0.8046474358974359,0.8852784591400662,0.9323529411764706,0.9071428571428573,0.9680221279216816,FM-Full_A-None_AdaBN-F,3000,3000,3000
Huebner2018,EEGNetv4,1,1,0.9546186707752644,0.9473539870431184,0.9879152329491188,0.9766090062329296,0.966677446805263,0.992938300537726,FM-Full_A-None_AdaBN-F,6000,6000,6000
Huebner2018,EEGNetv4,1,3,0.9489495798319328,0.9559065934065932,0.9908925845979418,0.9807422969187676,0.9740155677655676,0.9953223661259376,FM-Full_A-None_AdaBN-F,6000,6000,6000
Huebner2018,EEGNetv4,1,6,0.8710084033613446,0.7460851648351647,0.9251939974707832,0.9789215686274508,0.9694253663003662,0.9961240161128552,FM-Full_A-None_AdaBN-F,6000,6000,6000
Huebner2018,EEGNetv4,1,9,0.7764549338188949,0.6236910376844208,0.7221756309447491,0.9500665312696968,0.927997696239408,0.9798707691703846,FM-Full_A-None_AdaBN-F,6000,6000,6000
Huebner2018,EEGNetv4,1,10,0.8954481792717087,0.8511790293040293,0.9368951274420024,0.936484593837535,0.9159226190476192,0.975536191239316,FM-Full_A-None_AdaBN-F,6000,6000,6000
Huebner2018,EEGNetv4,1,11,0.8238852159234773,0.7286839206344428,0.830499968586907,0.919257279504853,0.8849068818319181,0.9565867481839864,FM-Full_A-None_AdaBN-F,6000,6000,6000
Huebner2018,EEGNetv4,2,2,0.96890756302521,0.954635989010989,0.9896842839699984,0.984313725490196,0.978411172161172,0.9966202658948194,FM-Full_A-None_AdaBN-F,6000,6000,6000
Huebner2018,EEGNetv4,2,4,0.889985994397759,0.7759043040293041,0.9587423414878774,0.9590336134453782,0.9429258241758242,0.9853947404282224,FM-Full_A-None_AdaBN-F,6000,6000,6000
Huebner2018,EEGNetv4,2,5,0.8359955163233852,0.6933506112725464,0.866532582659232,0.9310634720470786,0.9038338699965968,0.9698716071319494,FM-Full_A-None_AdaBN-F,6000,6000,6000
Huebner2018,EEGNetv4,2,7,0.8384701597086018,0.6750771584742361,0.9016934785548516,0.9380778929672176,0.9115085545027832,0.9755948427602994,FM-Full_A-None_AdaBN-F,6000,6000,6000
Huebner2018,EEGNetv4,2,8,0.8036414565826331,0.6142628205128204,0.8315315388976103,0.9301820728291316,0.9014995421245422,0.9666389761032618,FM-Full_A-None_AdaBN-F,6000,6000,6000
Huebner2018,EEGNetv4,2,12,0.8458683473389356,0.7856913919413919,0.8804689816631779,0.9335434173669468,0.9073031135531135,0.9675587743110068,FM-Full_A-None_AdaBN-F,6000,6000,6000
Huebner2018,ShallowConvNet,1,1,0.94572449051054,0.9343271912437472,0.9825343219987877,0.9743679529378808,0.9590310440734586,0.9916673617198504,FM-Full_A-None_AdaBN-F,6000,6000,6000
Huebner2018,ShallowConvNet,1,3,0.9352941176470588,0.9441964285714286,0.9866246538679574,0.9774509803921568,0.9645489926739929,0.9940834314495032,FM-Full_A-None_AdaBN-F,6000,6000,6000
Huebner2018,ShallowConvNet,1,6,0.855812324929972,0.7031822344322345,0.9279476277690564,0.973109243697479,0.9588255494505497,0.9937754148133612,FM-Full_A-None_AdaBN-F,6000,6000,6000
Huebner2018,ShallowConvNet,1,9,0.7870999369703761,0.6060301315095138,0.7321064145504341,0.9411723510049724,0.912395455824055,0.9764328316957336,FM-Full_A-None_AdaBN-F,6000,6000,6000
Huebner2018,ShallowConvNet,1,10,0.8960784313725491,0.8543727106227106,0.9404888501875108,0.934593837535014,0.9045902014652014,0.9724021700026164,FM-Full_A-None_AdaBN-F,6000,6000,6000
Huebner2018,ShallowConvNet,1,11,0.8183288788859192,0.7206009400282127,0.8247060332522367,0.9108876072584048,0.8660842253070751,0.949492475773769,FM-Full_A-None_AdaBN-F,6000,6000,6000
Huebner2018,ShallowConvNet,2,2,0.96015406162465,0.956536172161172,0.9889628575789292,0.9812324929971988,0.9736149267399268,0.9946959897741148,FM-Full_A-None_AdaBN-F,6000,6000,6000
Huebner2018,ShallowConvNet,2,4,0.909593837535014,0.8548649267399268,0.9454174706741671,0.9538515406162466,0.928617216117216,0.9822728201857664,FM-Full_A-None_AdaBN-F,6000,6000,6000
Huebner2018,ShallowConvNet,2,5,0.8310914950259213,0.68406690947407,0.860864295094985,0.9213254868992574,0.8794414611639048,0.9605672350715988,FM-Full_A-None_AdaBN-F,6000,6000,6000
Huebner2018,ShallowConvNet,2,7,0.839100588400112,0.6802276365841315,0.8869652208858992,0.9310030820958252,0.8932856314016995,0.967085898920763,FM-Full_A-None_AdaBN-F,6000,6000,6000
Huebner2018,ShallowConvNet,2,8,0.7864145658263305,0.567044413919414,0.8010447191697191,0.9224089635854342,0.8818910256410257,0.9620547569989536,FM-Full_A-None_AdaBN-F,6000,6000,6000
Huebner2018,ShallowConvNet,2,12,0.798109243697479,0.7588942307692308,0.8446596186551544,0.9235994397759104,0.8841117216117216,0.959959813252224,FM-Full_A-None_AdaBN-F,6000,6000,6000
Huebner2018,ATCNet,1,1,0.9624623573079348,0.9446533101976022,0.9899633229974836,0.9806709153302052,0.970157509954252,0.9946194706474952,FM-Full_A-None_AdaBN-F,6000,6000,6000
Huebner2018,ATCNet,1,3,0.961764705882353,0.9604739010989012,0.9917806040685504,0.9846638655462184,0.9775068681318682,0.9962399022108844,FM-Full_A-None_AdaBN-F,6000,6000,6000
Huebner2018,ATCNet,1,6,0.8563725490196078,0.7084935897435898,0.9108379938513868,0.9831232492997198,0.9757783882783884,0.9969706496380604,FM-Full_A-None_AdaBN-F,6000,6000,6000
Huebner2018,ATCNet,1,9,0.7942432943483437,0.6392368152499575,0.7572782834857544,0.9551089011835564,0.9356214484145156,0.9823363272408512,FM-Full_A-None_AdaBN-F,6000,6000,6000
Huebner2018,ATCNet,1,10,0.8935574229691877,0.8521062271062272,0.9362298044217688,0.9425770308123248,0.9212454212454212,0.9769800660648874,FM-Full_A-None_AdaBN-F,6000,6000,6000
Huebner2018,ATCNet,1,11,0.8120692080461387,0.7131965097235552,0.8158956436432753,0.9265016176677452,0.8965773063843365,0.9637016281330436,FM-Full_A-None_AdaBN-F,6000,6000,6000
Huebner2018,ATCNet,2,2,0.9647058823529412,0.9554945054945054,0.9905081191130298,0.9852941176470588,0.9789491758241758,0.9972858750872144,FM-Full_A-None_AdaBN-F,6000,6000,6000
Huebner2018,ATCNet,2,4,0.916596638655462,0.8398695054945056,0.9623408065149136,0.9638655462184874,0.9489697802197802,0.9881588909602304,FM-Full_A-None_AdaBN-F,6000,6000,6000
Huebner2018,ATCNet,2,5,0.8301106907664285,0.6874424068692898,0.8572244883155754,0.937018355051142,0.90906690947407,0.9734904982242116,FM-Full_A-None_AdaBN-F,6000,6000,6000
Huebner2018,ATCNet,2,7,0.8764359764639955,0.7785990747526567,0.9122278459753268,0.9458531801625104,0.9227731464516916,0.9803860704688616,FM-Full_A-None_AdaBN-F,6000,6000,6000
Huebner2018,ATCNet,2,8,0.8053221288515406,0.6049565018315018,0.8427240455477063,0.9368347338935574,0.9124427655677656,0.9723349604264784,FM-Full_A-None_AdaBN-F,6000,6000,6000
Huebner2018,ATCNet,2,12,0.8319327731092437,0.782967032967033,0.8723613564015349,0.9397759103641457,0.9161172161172162,0.9745826110893075,FM-Full_A-None_AdaBN-F,6000,6000,6000
Huebner2018,DeepConvNet,1,1,0.9554590657609076,0.920706792768394,0.9870121816928988,0.9792702570207996,0.9645028570774404,0.9940952642619462,FM-Full_A-None_AdaBN-F,6000,6000,6000
Huebner2018,DeepConvNet,1,3,0.963655462184874,0.9574862637362638,0.990216128117914,0.982563025210084,0.9696428571428573,0.9952993088260944,FM-Full_A-None_AdaBN-F,6000,6000,6000
Huebner2018,DeepConvNet,1,6,0.8336834733893558,0.655231227106227,0.9039598050758764,0.982703081232493,0.9698374542124542,0.997263362877202,FM-Full_A-None_AdaBN-F,6000,6000,6000
Huebner2018,DeepConvNet,1,9,0.7838083899432733,0.5725605132381737,0.7296934352090502,0.9544786049443238,0.9284101489757914,0.9815909440294116,FM-Full_A-None_AdaBN-F,6000,6000,6000
Huebner2018,DeepConvNet,1,10,0.8929271708683474,0.8145032051282051,0.9359945709052852,0.940406162464986,0.90746336996337,0.9748572000915752,FM-Full_A-None_AdaBN-F,6000,6000,6000
Huebner2018,DeepConvNet,1,11,0.8212828808552539,0.6843440169468481,0.8214101193051397,0.9296666197777466,0.8895394125710385,0.9632482485310426,FM-Full_A-None_AdaBN-F,6000,6000,6000
Huebner2018,DeepConvNet,2,2,0.9717787114845938,0.9559981684981684,0.9920916732077448,0.9860644257703082,0.9763621794871796,0.9967113776600384,FM-Full_A-None_AdaBN-F,6000,6000,6000
Huebner2018,DeepConvNet,2,4,0.901470588235294,0.799896978021978,0.9663168280132566,0.9638655462184874,0.9412431318681318,0.987709355376766,FM-Full_A-None_AdaBN-F,6000,6000,6000
Huebner2018,DeepConvNet,2,5,0.8352949418523189,0.6858887012749024,0.8665580250791904,0.9378590444164214,0.902509882457656,0.97205758276831,FM-Full_A-None_AdaBN-F,6000,6000,6000
Huebner2018,DeepConvNet,2,7,0.8533202577752872,0.6970452939328902,0.9329919820621544,0.9454328943681704,0.913948888917971,0.97819059833534,FM-Full_A-None_AdaBN-F,6000,6000,6000
Huebner2018,DeepConvNet,2,8,0.7855742296918767,0.5490842490842491,0.8424985418847025,0.9364145658263304,0.904647435897436,0.97111781571603,FM-Full_A-None_AdaBN-F,6000,6000,6000
Huebner2018,DeepConvNet,2,12,0.8616946778711485,0.806444597069597,0.8957391145560789,0.9416666666666668,0.9056089743589744,0.9730281239098204,FM-Full_A-None_AdaBN-F,6000,6000,6000
Huebner2018,DeepConvNet,1,1,0.951677288325513,0.9129801318365977,0.985317846458118,0.9789901253589188,0.9646287434746772,0.994532725284454,FM-Full_A-None_AdaBN-F,9000,9000,9000
Huebner2018,DeepConvNet,1,3,0.9641456582633052,0.9578067765567766,0.9906631290336648,0.9830532212885154,0.970375457875458,0.9954772125196232,FM-Full_A-None_AdaBN-F,9000,9000,9000
Huebner2018,DeepConvNet,1,6,0.8378851540616247,0.6631295787545788,0.9059547248386534,0.9834033613445378,0.9720467032967032,0.997279265873016,FM-Full_A-None_AdaBN-F,9000,9000,9000
Huebner2018,DeepConvNet,1,9,0.7908817144057707,0.58274843926489,0.7654022831543094,0.9545486378597942,0.9300012074845508,0.9829319196769284,FM-Full_A-None_AdaBN-F,9000,9000,9000
Huebner2018,DeepConvNet,1,10,0.8992997198879552,0.8293841575091575,0.9394943474184544,0.9425070028011204,0.910794413919414,0.9753301200287806,FM-Full_A-None_AdaBN-F,9000,9000,9000
Huebner2018,DeepConvNet,1,11,0.8148122098748066,0.6685223212364744,0.8060224741776816,0.9307216204810804,0.885986048737448,0.9635165314666396,FM-Full_A-None_AdaBN-F,9000,9000,9000
Huebner2018,DeepConvNet,2,2,0.9665266106442576,0.9563759157509156,0.9911796289028432,0.9862044817927172,0.9773809523809524,0.9969769726800976,FM-Full_A-None_AdaBN-F,9000,9000,9000
Huebner2018,DeepConvNet,2,4,0.9007002801120448,0.804544413919414,0.953559000523286,0.9653361344537816,0.9461195054945056,0.98803395637101,FM-Full_A-None_AdaBN-F,9000,9000,9000
Huebner2018,DeepConvNet,2,5,0.8308112652374947,0.6693611089295531,0.8766079854839133,0.9370884124982486,0.9035508946569282,0.9726334186322504,FM-Full_A-None_AdaBN-F,9000,9000,9000
Huebner2018,DeepConvNet,2,7,0.8592743065284394,0.7199946234448341,0.9210219489957946,0.9468338470159708,0.9175431105934496,0.9787150714765568,FM-Full_A-None_AdaBN-F,9000,9000,9000
Huebner2018,DeepConvNet,2,8,0.7934173669467787,0.5704899267399267,0.8366500141723358,0.9367647058823528,0.9061126373626374,0.9736873010422118,FM-Full_A-None_AdaBN-F,9000,9000,9000
Huebner2018,DeepConvNet,2,12,0.8315826330532213,0.7815018315018315,0.872319929574394,0.942717086834734,0.9091804029304028,0.9733887008328972,FM-Full_A-None_AdaBN-F,9000,9000,9000
Huebner2018,EEGNetv4,1,1,0.957630086140486,0.9405665201331012,0.9876648230040254,0.9756285454163456,0.9653152379644044,0.992930763980654,FM-Full_A-None_AdaBN-F,9000,9000,9000
Huebner2018,EEGNetv4,1,3,0.9470588235294116,0.9552884615384616,0.9913668400052328,0.9818627450980392,0.9746451465201466,0.9958327882435026,FM-Full_A-None_AdaBN-F,9000,9000,9000
Huebner2018,EEGNetv4,1,6,0.8817927170868347,0.7616872710622711,0.9434091825832898,0.9808823529411764,0.9713255494505496,0.996260247688819,FM-Full_A-None_AdaBN-F,9000,9000,9000
Huebner2018,EEGNetv4,1,9,0.8104208978219763,0.6463121023205509,0.8131033334205557,0.9515372224945724,0.9296804472544582,0.9808138745698846,FM-Full_A-None_AdaBN-F,9000,9000,9000
Huebner2018,EEGNetv4,1,10,0.878781512605042,0.8178228021978022,0.8856867995595674,0.940126050420168,0.9189217032967032,0.976783125109018,FM-Full_A-None_AdaBN-F,9000,9000,9000
Huebner2018,EEGNetv4,1,11,0.8308482205654804,0.7348923438250314,0.8407620280182793,0.9201716134477425,0.8857116756486116,0.9585546787842844,FM-Full_A-None_AdaBN-F,9000,9000,9000
Huebner2018,EEGNetv4,2,2,0.9717086834733892,0.9577037545787546,0.9908796387144604,0.9849439775910364,0.97933836996337,0.996404355812838,FM-Full_A-None_AdaBN-F,9000,9000,9000
Huebner2018,EEGNetv4,2,4,0.9079131652661064,0.8162660256410257,0.962517960709925,0.9595238095238096,0.9412889194139192,0.9857176380167452,FM-Full_A-None_AdaBN-F,9000,9000,9000
Huebner2018,EEGNetv4,2,5,0.8198122460417543,0.6526928060944004,0.8480835285827728,0.9333753678015974,0.9027707695227624,0.9699573696300948,FM-Full_A-None_AdaBN-F,9000,9000,9000
Huebner2018,EEGNetv4,2,7,0.8440739702998039,0.6861578787799473,0.9078165351428222,0.9424208461753992,0.9177475941824148,0.9763503550925684,FM-Full_A-None_AdaBN-F,9000,9000,9000
Huebner2018,EEGNetv4,2,8,0.7932773109243697,0.5773008241758242,0.8134791312358277,0.9336134453781512,0.9047733516483516,0.9678733047706262,FM-Full_A-None_AdaBN-F,9000,9000,9000
Huebner2018,EEGNetv4,2,12,0.8640056022408964,0.8183608058608058,0.9030012100994242,0.9370448179271708,0.9108287545787546,0.9708535697933018,FM-Full_A-None_AdaBN-F,9000,9000,9000
Huebner2018,ShallowConvNet,1,1,0.955038868268086,0.9223893802415188,0.985531582126394,0.976258841655578,0.9628428656470372,0.9919434886327458,FM-Full_A-None_AdaBN-F,9000,9000,9000
Huebner2018,ShallowConvNet,1,3,0.9434173669467788,0.9517742673992674,0.9899896569204604,0.9782913165266106,0.9674679487179488,0.9943660741540208,FM-Full_A-None_AdaBN-F,9000,9000,9000
Huebner2018,ShallowConvNet,1,6,0.8530112044817927,0.6951694139194139,0.9262960873451944,0.975280112044818,0.961687271062271,0.9942065263605444,FM-Full_A-None_AdaBN-F,9000,9000,9000
Huebner2018,ShallowConvNet,1,9,0.7842285874360949,0.5774710639819625,0.7279938257471686,0.9446039638630156,0.9163905533822652,0.9766189287785816,FM-Full_A-None_AdaBN-F,9000,9000,9000
Huebner2018,ShallowConvNet,1,10,0.888235294117647,0.8538804945054945,0.9346090479461014,0.9375350140056022,0.908367673992674,0.9728209625196232,FM-Full_A-None_AdaBN-F,9000,9000,9000
Huebner2018,ShallowConvNet,1,11,0.8265578843719229,0.7356059365658987,0.8319133240592534,0.911168940779294,0.8657507103689465,0.9504701859503876,FM-Full_A-None_AdaBN-F,9000,9000,9000
Huebner2018,ShallowConvNet,2,2,0.9684873949579832,0.9595123626373626,0.9898520898744112,0.982843137254902,0.9750801282051282,0.9952043405503228,FM-Full_A-None_AdaBN-F,9000,9000,9000
Huebner2018,ShallowConvNet,2,4,0.90812324929972,0.836183608058608,0.9494649261948368,0.9537114845938376,0.9290407509157508,0.982903720783185,FM-Full_A-None_AdaBN-F,9000,9000,9000
Huebner2018,ShallowConvNet,2,5,0.8220540843491663,0.6488029791355795,0.8574752447708056,0.9223062911587502,0.8818337849158355,0.9636585572702602,FM-Full_A-None_AdaBN-F,9000,9000,9000
Huebner2018,ShallowConvNet,2,7,0.8536704959372373,0.7185963919279694,0.8995156874356558,0.9342953208181564,0.8973955334240695,0.9699116303721932,FM-Full_A-None_AdaBN-F,9000,9000,9000
Huebner2018,ShallowConvNet,2,8,0.7859243697478991,0.5595123626373627,0.8178589552808303,0.9247899159663866,0.8837568681318682,0.963891668847026,FM-Full_A-None_AdaBN-F,9000,9000,9000
Huebner2018,ShallowConvNet,2,12,0.7430672268907563,0.735782967032967,0.8084029276774812,0.923109243697479,0.8832760989010989,0.960070561878598,FM-Full_A-None_AdaBN-F,9000,9000,9000
Huebner2018,ATCNet,1,1,0.948875971706702,0.9088820710077236,0.9851065366617386,0.9810210799075566,0.970695522004021,0.9953606017688694,FM-Full_A-None_AdaBN-F,9000,9000,9000
Huebner2018,ATCNet,1,3,0.9663865546218487,0.9632898351648352,0.9936006317591138,0.9855742296918768,0.9777930402930404,0.997147790205826,FM-Full_A-None_AdaBN-F,9000,9000,9000
Huebner2018,ATCNet,1,6,0.8365546218487395,0.6664835164835166,0.8707383105485785,0.9829131652661064,0.97481684981685,0.9969884877027736,FM-Full_A-None_AdaBN-F,9000,9000,9000
Huebner2018,ATCNet,1,9,0.7966244134743329,0.5920663222473713,0.7830481979860356,0.956579592408432,0.9357589326599768,0.9843362541921246,FM-Full_A-None_AdaBN-F,9000,9000,9000
Huebner2018,ATCNet,1,10,0.8929271708683474,0.8448946886446886,0.9332673502093148,0.9429271708683472,0.9218864468864468,0.976909517813536,FM-Full_A-None_AdaBN-F,9000,9000,9000
Huebner2018,ATCNet,1,11,0.8252215501477,0.7192085082877637,0.8300759399491644,0.9309326206217472,0.9035105540430988,0.964402146978356,FM-Full_A-None_AdaBN-F,9000,9000,9000
Huebner2018,ATCNet,2,2,0.9534313725490196,0.9532738095238096,0.9891095003706613,0.986624649859944,0.980334249084249,0.9974999182365252,FM-Full_A-None_AdaBN-F,9000,9000,9000
Huebner2018,ATCNet,2,4,0.9054621848739496,0.8240384615384615,0.9481091378859235,0.9642156862745098,0.9498168498168498,0.988181662087912,FM-Full_A-None_AdaBN-F,9000,9000,9000
Huebner2018,ATCNet,2,5,0.830390920554855,0.6831967950731694,0.8535786004432926,0.939260193358554,0.9126958493677846,0.974021080394775,FM-Full_A-None_AdaBN-F,9000,9000,9000
Huebner2018,ATCNet,2,7,0.8655085458111516,0.7809300786089445,0.8937521402615647,0.9478145138694312,0.9277638547174092,0.9812996895121184,FM-Full_A-None_AdaBN-F,9000,9000,9000
Huebner2018,ATCNet,2,8,0.8032913165266107,0.6150641025641026,0.8304305392028606,0.9390756302521008,0.9154532967032968,0.9726644127202164,FM-Full_A-None_AdaBN-F,9000,9000,9000
Huebner2018,ATCNet,2,12,0.7971988795518208,0.7457303113553113,0.829707123233909,0.9412464985994398,0.9170787545787548,0.9750111607142856,FM-Full_A-None_AdaBN-F,9000,9000,9000
Huebner2018,DeepConvNet,1,1,0.9551789340990264,0.9180511989803706,0.9870141169390184,0.9791301911898592,0.9653384336608531,0.994219038242644,FM-Full_A-None_AdaBN-F,12000,12000,12000
Huebner2018,DeepConvNet,1,3,0.963935574229692,0.9610691391941392,0.9912510765524158,0.9830532212885154,0.9704784798534798,0.995546398046398,FM-Full_A-None_AdaBN-F,12000,12000,12000
Huebner2018,DeepConvNet,1,6,0.8327731092436975,0.650309065934066,0.9093838577097504,0.982703081232493,0.9700434981684982,0.997289036608233,FM-Full_A-None_AdaBN-F,12000,12000,12000
Huebner2018,DeepConvNet,1,9,0.786819805308495,0.5797834650390974,0.7523411980645358,0.9555991315918482,0.9296579057257118,0.982726974387154,FM-Full_A-None_AdaBN-F,12000,12000,12000
Huebner2018,DeepConvNet,1,10,0.8950980392156863,0.8188072344322345,0.936485805860806,0.9430672268907564,0.9083791208791208,0.9755193479635444,FM-Full_A-None_AdaBN-F,12000,12000,12000
Huebner2018,DeepConvNet,1,11,0.8208608805739204,0.683033190510304,0.8188277156137646,0.9301589534393024,0.8846867427262193,0.9636205864776328,FM-Full_A-None_AdaBN-F,12000,12000,12000
Huebner2018,DeepConvNet,2,2,0.9696078431372548,0.956845238095238,0.9913952664399092,0.9856442577030812,0.9755723443223444,0.9967370105093318,FM-Full_A-None_AdaBN-F,12000,12000,12000
Huebner2018,DeepConvNet,2,4,0.9146358543417368,0.8309638278388278,0.9670049494156636,0.9644257703081232,0.94305173992674,0.9881430561006452,FM-Full_A-None_AdaBN-F,12000,12000,12000
Huebner2018,DeepConvNet,2,5,0.8173602353930223,0.6344038783737794,0.8563639318655811,0.937018355051142,0.9014451458153356,0.9723342179550948,FM-Full_A-None_AdaBN-F,12000,12000,12000
Huebner2018,DeepConvNet,2,7,0.8665592602970019,0.7425781727128374,0.9158191503516028,0.9476043709722612,0.9180469581566596,0.9790274542392992,FM-Full_A-None_AdaBN-F,12000,12000,12000
Huebner2018,DeepConvNet,2,8,0.7794817927170868,0.5376831501831502,0.8114829577664399,0.9387955182072828,0.9055860805860806,0.9730865847941742,FM-Full_A-None_AdaBN-F,12000,12000,12000
Huebner2018,DeepConvNet,2,12,0.8392857142857143,0.7861263736263736,0.8822776987397523,0.940686274509804,0.9066163003663004,0.9733498768096982,FM-Full_A-None_AdaBN-F,12000,12000,12000
Huebner2018,ATCNet,1,1,0.9562294278310806,0.926155355561952,0.9874773494433032,0.9815113103158484,0.9717371886706876,0.9952080035237834,FM-Full_A-None_AdaBN-F,12000,12000,12000
Huebner2018,ATCNet,1,3,0.9580532212885154,0.9615499084249084,0.9925796103697888,0.9854341736694678,0.9781135531135532,0.9966044446624804,FM-Full_A-None_AdaBN-F,12000,12000,12000
Huebner2018,ATCNet,1,6,0.851610644257703,0.6979624542124543,0.9075145538984823,0.9838235294117648,0.9766483516483516,0.9972077637144602,FM-Full_A-None_AdaBN-F,12000,12000,12000
Huebner2018,ATCNet,1,9,0.8163736956369494,0.6419629773788809,0.8282851484306516,0.9575600532250158,0.9379452837779494,0.9849524801678158,FM-Full_A-None_AdaBN-F,12000,12000,12000
Huebner2018,ATCNet,1,10,0.8953781512605042,0.8555631868131868,0.93846227433281,0.9434173669467788,0.9241643772893772,0.977733789028432,FM-Full_A-None_AdaBN-F,12000,12000,12000
Huebner2018,ATCNet,1,11,0.8210718807145871,0.7238432523782873,0.8298861966195663,0.9291742861161908,0.9004980728033141,0.9656515769716322,FM-Full_A-None_AdaBN-F,12000,12000,12000
Huebner2018,ATCNet,2,2,0.9647058823529412,0.94323489010989,0.9915054154674692,0.9868347338935576,0.9818108974358974,0.997297335600907,FM-Full_A-None_AdaBN-F,12000,12000,12000
Huebner2018,ATCNet,2,4,0.8945378151260505,0.7850618131868132,0.9530482513518228,0.9634453781512604,0.9487980769230768,0.9883034896650968,FM-Full_A-None_AdaBN-F,12000,12000,12000
Huebner2018,ATCNet,2,5,0.8206529354070338,0.6525215810623315,0.8562665389364469,0.9394003082527672,0.915053404539386,0.974894017186314,FM-Full_A-None_AdaBN-F,12000,12000,12000
Huebner2018,ATCNet,2,7,0.8616559260297002,0.7383418180390515,0.908521758144445,0.9469038946483608,0.9271683985063428,0.9815906560269766,FM-Full_A-None_AdaBN-F,12000,12000,12000
Huebner2018,ATCNet,2,8,0.7919467787114846,0.5707646520146521,0.8381958071690214,0.9400560224089636,0.9163003663003664,0.9749775831807084,FM-Full_A-None_AdaBN-F,12000,12000,12000
Huebner2018,ATCNet,2,12,0.8610644257703082,0.8085050366300366,0.9019181302328624,0.9413865546218488,0.9195398351648352,0.9761312249258676,FM-Full_A-None_AdaBN-F,12000,12000,12000
Huebner2018,ShallowConvNet,1,1,0.9549688353526156,0.9383113451214352,0.9866517352888584,0.97674907206387,0.9645026390215397,0.9922645078042208,FM-Full_A-None_AdaBN-F,12000,12000,12000
Huebner2018,ShallowConvNet,1,3,0.9332633053221288,0.9455471611721612,0.9886080722353044,0.9793417366946778,0.968154761904762,0.9947389155982904,FM-Full_A-None_AdaBN-F,12000,12000,12000
Huebner2018,ShallowConvNet,1,6,0.8522408963585434,0.6948717948717948,0.9272818414224664,0.9760504201680672,0.9625,0.9943382881998954,FM-Full_A-None_AdaBN-F,12000,12000,12000
Huebner2018,ShallowConvNet,1,9,0.7873100357167869,0.5959687460477368,0.7454512993951129,0.9429932068071992,0.9149252722427922,0.9759956977570772,FM-Full_A-None_AdaBN-F,12000,12000,12000
Huebner2018,ShallowConvNet,1,10,0.8915266106442578,0.8631410256410257,0.9376816511861156,0.9375350140056022,0.908367673992674,0.9719274240144776,FM-Full_A-None_AdaBN-F,12000,12000,12000
Huebner2018,ShallowConvNet,1,11,0.8243775495850331,0.7269359916646011,0.8300318791339665,0.9126459417639612,0.8670268792968746,0.9500428441593024,FM-Full_A-None_AdaBN-F,12000,12000,12000
Huebner2018,ShallowConvNet,2,2,0.9642156862745098,0.9572344322344322,0.9896032291121578,0.9819327731092437,0.9740728021978022,0.9955871707657422,FM-Full_A-None_AdaBN-F,12000,12000,12000
Huebner2018,ShallowConvNet,2,4,0.917296918767507,0.8743246336996338,0.9536567215027036,0.9550420168067228,0.931456043956044,0.984233630952381,FM-Full_A-None_AdaBN-F,12000,12000,12000
Huebner2018,ShallowConvNet,2,5,0.8272383354350568,0.6670246603314223,0.860818100604728,0.9243379571248423,0.8868702387497055,0.9624357940216584,FM-Full_A-None_AdaBN-F,12000,12000,12000
Huebner2018,ShallowConvNet,2,7,0.841692350798543,0.691089859358914,0.8895571866984243,0.9347156066124964,0.8992154373658587,0.9707304917203232,FM-Full_A-None_AdaBN-F,12000,12000,12000
Huebner2018,ShallowConvNet,2,8,0.7978291316526611,0.5950091575091575,0.8383886463239142,0.9278011204481792,0.8899496336996338,0.9664349626068376,FM-Full_A-None_AdaBN-F,12000,12000,12000
Huebner2018,ShallowConvNet,2,12,0.7202380952380952,0.7363095238095239,0.8176557594191524,0.9261204481792716,0.8879235347985348,0.963624629338915,FM-Full_A-None_AdaBN-F,12000,12000,12000
Huebner2018,EEGNetv4,1,1,0.9644232789411024,0.9541769016655112,0.9903160556740328,0.977799565795924,0.9685891020021892,0.9940650907766716,FM-Full_A-None_AdaBN-F,12000,12000,12000
Huebner2018,EEGNetv4,1,3,0.9404761904761904,0.9533539377289376,0.992151455934938,0.9822128851540616,0.9751831501831504,0.9958076187205652,FM-Full_A-None_AdaBN-F,12000,12000,12000
Huebner2018,EEGNetv4,1,6,0.8606442577030813,0.7166437728937729,0.9243019852171638,0.9817226890756302,0.97239010989011,0.9969926712672248,FM-Full_A-None_AdaBN-F,12000,12000,12000
Huebner2018,EEGNetv4,1,9,0.7899712865046572,0.6250085450656131,0.7569359357214815,0.9541284403669724,0.933435097296543,0.9805531342264904,FM-Full_A-None_AdaBN-F,12000,12000,12000
Huebner2018,EEGNetv4,1,10,0.8862745098039215,0.8498168498168498,0.9290463108320252,0.9404761904761904,0.9166781135531136,0.978506031418978,FM-Full_A-None_AdaBN-F,12000,12000,12000
Huebner2018,EEGNetv4,1,11,0.8207905471936982,0.7211755178039374,0.8280017822290427,0.9229849486566324,0.889724413004773,0.9593910369166394,FM-Full_A-None_AdaBN-F,12000,12000,12000
Huebner2018,EEGNetv4,2,2,0.9714285714285714,0.950721153846154,0.9909722494767138,0.984313725490196,0.9774839743589744,0.9967033648395256,FM-Full_A-None_AdaBN-F,12000,12000,12000
Huebner2018,EEGNetv4,2,4,0.890266106442577,0.7734088827838828,0.9621130952380952,0.9614145658263306,0.9438644688644688,0.9861553178963892,FM-Full_A-None_AdaBN-F,12000,12000,12000
Huebner2018,EEGNetv4,2,5,0.8128765587781981,0.6219961582763947,0.8473527748326746,0.9337256550371305,0.9012488874054294,0.9703673798179708,FM-Full_A-None_AdaBN-F,12000,12000,12000
Huebner2018,EEGNetv4,2,7,0.8085598206780611,0.6011319666195536,0.8941750804847405,0.9434015130288596,0.9165347611195448,0.9762067939808758,FM-Full_A-None_AdaBN-F,12000,12000,12000
Huebner2018,EEGNetv4,2,8,0.8024509803921569,0.5998855311355311,0.8373103905023547,0.93312324929972,0.903628663003663,0.9689637297226584,FM-Full_A-None_AdaBN-F,12000,12000,12000
Huebner2018,EEGNetv4,2,12,0.8758403361344538,0.8044642857142856,0.9133627681841968,0.9352240896358543,0.906856684981685,0.97190950418629,FM-Full_A-None_AdaBN-F,12000,12000,12000
Kalunga2016,ShallowConvNet,1,1,0.3125,0.3125,0.5777994791666667,0.265625,0.265625,0.5146484375,FM-Full_A-None_AdaBN-F,30,30,30
Kalunga2016,ShallowConvNet,1,3,0.703125,0.703125,0.9143880208333331,0.765625,0.765625,0.9212239583333334,FM-Full_A-None_AdaBN-F,30,30,30
Kalunga2016,ShallowConvNet,1,6,0.359375,0.359375,0.7223307291666667,0.453125,0.453125,0.7591145833333333,FM-Full_A-None_AdaBN-F,30,30,30
Kalunga2016,ShallowConvNet,1,9,0.5,0.5,0.6715494791666666,0.46875,0.46875,0.642578125,FM-Full_A-None_AdaBN-F,30,30,30
Kalunga2016,ShallowConvNet,1,10,0.2421875,0.2421875,0.4961751302083333,0.375,0.375,0.648193359375,FM-Full_A-None_AdaBN-F,30,30,30
Kalunga2016,ShallowConvNet,1,11,0.21875,0.21875,0.5107421874999999,0.25,0.25,0.5413411458333334,FM-Full_A-None_AdaBN-F,30,30,30
Kalunga2016,ShallowConvNet,2,2,0.296875,0.296875,0.5413411458333333,0.40625,0.40625,0.6484375000000001,FM-Full_A-None_AdaBN-F,30,30,30
Kalunga2016,ShallowConvNet,2,4,0.34375,0.34375,0.6634114583333333,0.453125,0.453125,0.744140625,FM-Full_A-None_AdaBN-F,30,30,30
Kalunga2016,ShallowConvNet,2,5,0.25,0.25,0.583984375,0.296875,0.296875,0.609375,FM-Full_A-None_AdaBN-F,30,30,30
Kalunga2016,ShallowConvNet,2,7,0.6145833333333334,0.6145833333333333,0.8177083333333333,0.65625,0.65625,0.8162615740740741,FM-Full_A-None_AdaBN-F,30,30,30
Kalunga2016,ShallowConvNet,2,8,0.34375,0.34375,0.6162109375,0.359375,0.359375,0.6315104166666666,FM-Full_A-None_AdaBN-F,30,30,30
Kalunga2016,ShallowConvNet,2,12,0.30625,0.30625,0.60578125,0.49375,0.49375,0.763125,FM-Full_A-None_AdaBN-F,30,30,30
Kalunga2016,EEGNetv4,1,1,0.171875,0.171875,0.4319661458333333,0.171875,0.171875,0.4095052083333333,FM-Full_A-None_AdaBN-F,30,30,30
Kalunga2016,EEGNetv4,1,3,0.375,0.375,0.7246093749999999,0.421875,0.421875,0.6803385416666667,FM-Full_A-None_AdaBN-F,30,30,30
Kalunga2016,EEGNetv4,1,6,0.1875,0.1875,0.5123697916666666,0.25,0.25,0.4947916666666666,FM-Full_A-None_AdaBN-F,30,30,30
Kalunga2016,EEGNetv4,1,9,0.171875,0.171875,0.4143880208333333,0.1875,0.1875,0.443359375,FM-Full_A-None_AdaBN-F,30,30,30
Kalunga2016,EEGNetv4,1,10,0.25,0.25,0.4740397135416667,0.2265625,0.2265625,0.504638671875,FM-Full_A-None_AdaBN-F,30,30,30
Kalunga2016,EEGNetv4,1,11,0.234375,0.234375,0.4677734374999999,0.171875,0.171875,0.453125,FM-Full_A-None_AdaBN-F,30,30,30
Kalunga2016,EEGNetv4,2,2,0.3125,0.3125,0.5895182291666666,0.3125,0.3125,0.5826822916666666,FM-Full_A-None_AdaBN-F,30,30,30
Kalunga2016,EEGNetv4,2,4,0.265625,0.265625,0.5546875,0.265625,0.265625,0.5758463541666667,FM-Full_A-None_AdaBN-F,30,30,30
Kalunga2016,EEGNetv4,2,5,0.265625,0.265625,0.4368489583333333,0.265625,0.265625,0.4417317708333332,FM-Full_A-None_AdaBN-F,30,30,30
Kalunga2016,EEGNetv4,2,7,0.4895833333333333,0.4895833333333333,0.7045717592592593,0.4791666666666667,0.4791666666666666,0.6665219907407407,FM-Full_A-None_AdaBN-F,30,30,30
Kalunga2016,EEGNetv4,2,8,0.234375,0.234375,0.494140625,0.265625,0.265625,0.5159505208333334,FM-Full_A-None_AdaBN-F,30,30,30
Kalunga2016,EEGNetv4,2,12,0.25,0.25,0.49875,0.2625,0.2625,0.50421875,FM-Full_A-None_AdaBN-F,30,30,30
Kalunga2016,DeepConvNet,1,1,0.25,0.25,0.5104166666666666,0.328125,0.328125,0.5400390625,FM-Full_A-None_AdaBN-F,30,30,30
Kalunga2016,DeepConvNet,1,3,0.265625,0.265625,0.6901041666666667,0.21875,0.21875,0.5436197916666667,FM-Full_A-None_AdaBN-F,30,30,30
Kalunga2016,DeepConvNet,1,6,0.375,0.375,0.6139322916666666,0.25,0.25,0.5149739583333334,FM-Full_A-None_AdaBN-F,30,30,30
Kalunga2016,DeepConvNet,1,9,0.328125,0.328125,0.5139973958333333,0.28125,0.28125,0.5087890625,FM-Full_A-None_AdaBN-F,30,30,30
Kalunga2016,DeepConvNet,1,10,0.234375,0.234375,0.4807942708333333,0.296875,0.296875,0.5506184895833333,FM-Full_A-None_AdaBN-F,30,30,30
Kalunga2016,DeepConvNet,1,11,0.296875,0.296875,0.5325520833333334,0.296875,0.296875,0.603515625,FM-Full_A-None_AdaBN-F,30,30,30
Kalunga2016,DeepConvNet,2,2,0.296875,0.296875,0.6009114583333334,0.25,0.25,0.5559895833333333,FM-Full_A-None_AdaBN-F,30,30,30
Kalunga2016,DeepConvNet,2,4,0.328125,0.328125,0.6380208333333334,0.328125,0.328125,0.6321614583333334,FM-Full_A-None_AdaBN-F,30,30,30
Kalunga2016,DeepConvNet,2,5,0.21875,0.21875,0.517578125,0.21875,0.21875,0.5152994791666666,FM-Full_A-None_AdaBN-F,30,30,30
Kalunga2016,DeepConvNet,2,7,0.4479166666666667,0.4479166666666666,0.7162905092592592,0.3645833333333333,0.3645833333333333,0.6600115740740742,FM-Full_A-None_AdaBN-F,30,30,30
Kalunga2016,DeepConvNet,2,8,0.265625,0.265625,0.5530598958333334,0.28125,0.28125,0.5205078125,FM-Full_A-None_AdaBN-F,30,30,30
Kalunga2016,DeepConvNet,2,12,0.25,0.25,0.5380208333333334,0.28125,0.28125,0.5565625000000001,FM-Full_A-None_AdaBN-F,30,30,30
Kalunga2016,ATCNet,1,1,0.265625,0.265625,0.5690104166666667,0.234375,0.234375,0.5345052083333333,FM-Full_A-None_AdaBN-F,30,30,30
Kalunga2016,ATCNet,1,3,0.265625,0.265625,0.7262369791666666,0.375,0.375,0.7796223958333334,FM-Full_A-None_AdaBN-F,30,30,30
Kalunga2016,ATCNet,1,6,0.265625,0.265625,0.6666666666666666,0.34375,0.34375,0.6962890625,FM-Full_A-None_AdaBN-F,30,30,30
Kalunga2016,ATCNet,1,9,0.265625,0.265625,0.5771484375,0.265625,0.265625,0.6419270833333333,FM-Full_A-None_AdaBN-F,30,30,30
Kalunga2016,ATCNet,1,10,0.2265625,0.2265625,0.5086263020833333,0.3984375,0.3984375,0.647705078125,FM-Full_A-None_AdaBN-F,30,30,30
Kalunga2016,ATCNet,1,11,0.25,0.25,0.5042317708333333,0.3125,0.3125,0.5670572916666667,FM-Full_A-None_AdaBN-F,30,30,30
Kalunga2016,ATCNet,2,2,0.25,0.25,0.5384114583333333,0.265625,0.265625,0.6201171875,FM-Full_A-None_AdaBN-F,30,30,30
Kalunga2016,ATCNet,2,4,0.359375,0.359375,0.623046875,0.390625,0.390625,0.6770833333333334,FM-Full_A-None_AdaBN-F,30,30,30
Kalunga2016,ATCNet,2,5,0.15625,0.15625,0.3733723958333333,0.15625,0.15625,0.4033203125,FM-Full_A-None_AdaBN-F,30,30,30
Kalunga2016,ATCNet,2,7,0.375,0.3749999999999999,0.7381365740740741,0.4375,0.4375,0.7353877314814814,FM-Full_A-None_AdaBN-F,30,30,30
Kalunga2016,ATCNet,2,8,0.328125,0.328125,0.5358072916666667,0.328125,0.328125,0.5820312499999999,FM-Full_A-None_AdaBN-F,30,30,30
Kalunga2016,ATCNet,2,12,0.29375,0.29375,0.5621354166666667,0.50625,0.5062500000000001,0.7544270833333333,FM-Full_A-None_AdaBN-F,30,30,30
Kalunga2016,DeepConvNet,1,1,0.25,0.25,0.5035807291666666,0.296875,0.296875,0.5198567708333333,FM-Full_A-None_AdaBN-F,40,40,40
Kalunga2016,DeepConvNet,1,3,0.25,0.25,0.7200520833333334,0.34375,0.34375,0.6324869791666667,FM-Full_A-None_AdaBN-F,40,40,40
Kalunga2016,DeepConvNet,1,6,0.484375,0.484375,0.712890625,0.296875,0.296875,0.5979817708333333,FM-Full_A-None_AdaBN-F,40,40,40
Kalunga2016,DeepConvNet,1,9,0.265625,0.265625,0.5784505208333333,0.296875,0.296875,0.5589192708333333,FM-Full_A-None_AdaBN-F,40,40,40
Kalunga2016,DeepConvNet,1,10,0.2109375,0.2109375,0.4226888020833333,0.2578125,0.2578125,0.5359700520833334,FM-Full_A-None_AdaBN-F,40,40,40
Kalunga2016,DeepConvNet,1,11,0.28125,0.28125,0.5472005208333333,0.234375,0.234375,0.611328125,FM-Full_A-None_AdaBN-F,40,40,40
Kalunga2016,DeepConvNet,2,2,0.25,0.25,0.5348307291666666,0.21875,0.21875,0.5188802083333334,FM-Full_A-None_AdaBN-F,40,40,40
Kalunga2016,DeepConvNet,2,4,0.359375,0.359375,0.6227213541666666,0.34375,0.34375,0.6318359375,FM-Full_A-None_AdaBN-F,40,40,40
Kalunga2016,DeepConvNet,2,5,0.25,0.25,0.5055338541666667,0.25,0.25,0.5130208333333333,FM-Full_A-None_AdaBN-F,40,40,40
Kalunga2016,DeepConvNet,2,7,0.4166666666666667,0.4166666666666667,0.6697048611111112,0.3854166666666667,0.3854166666666666,0.6409143518518519,FM-Full_A-None_AdaBN-F,40,40,40
Kalunga2016,DeepConvNet,2,8,0.328125,0.328125,0.5631510416666666,0.265625,0.265625,0.57421875,FM-Full_A-None_AdaBN-F,40,40,40
Kalunga2016,DeepConvNet,2,12,0.29375,0.29375,0.5466145833333333,0.30625,0.30625,0.5616145833333333,FM-Full_A-None_AdaBN-F,40,40,40
Kalunga2016,ATCNet,1,1,0.265625,0.265625,0.5188802083333334,0.265625,0.265625,0.5358072916666666,FM-Full_A-None_AdaBN-F,40,40,40
Kalunga2016,ATCNet,1,3,0.359375,0.359375,0.7848307291666666,0.515625,0.515625,0.8583984375,FM-Full_A-None_AdaBN-F,40,40,40
Kalunga2016,ATCNet,1,6,0.390625,0.390625,0.7522786458333334,0.46875,0.46875,0.7496744791666667,FM-Full_A-None_AdaBN-F,40,40,40
Kalunga2016,ATCNet,1,9,0.296875,0.296875,0.6510416666666667,0.390625,0.390625,0.6920572916666667,FM-Full_A-None_AdaBN-F,40,40,40
Kalunga2016,ATCNet,1,10,0.234375,0.234375,0.4970703125,0.3671875,0.3671875,0.653564453125,FM-Full_A-None_AdaBN-F,40,40,40
Kalunga2016,ATCNet,1,11,0.28125,0.28125,0.5113932291666667,0.25,0.25,0.5654296875,FM-Full_A-None_AdaBN-F,40,40,40
Kalunga2016,ATCNet,2,2,0.34375,0.34375,0.6702473958333333,0.484375,0.484375,0.6979166666666667,FM-Full_A-None_AdaBN-F,40,40,40
Kalunga2016,ATCNet,2,4,0.453125,0.453125,0.7151692708333334,0.5,0.5,0.7337239583333333,FM-Full_A-None_AdaBN-F,40,40,40
Kalunga2016,ATCNet,2,5,0.265625,0.265625,0.5006510416666666,0.28125,0.28125,0.501953125,FM-Full_A-None_AdaBN-F,40,40,40
Kalunga2016,ATCNet,2,7,0.3854166666666667,0.3854166666666666,0.7515914351851852,0.4791666666666667,0.4791666666666667,0.7835648148148149,FM-Full_A-None_AdaBN-F,40,40,40
Kalunga2016,ATCNet,2,8,0.28125,0.28125,0.6070963541666667,0.3125,0.3125,0.6302083333333334,FM-Full_A-None_AdaBN-F,40,40,40
Kalunga2016,ATCNet,2,12,0.33125,0.33125,0.6038541666666667,0.5625,0.5625,0.7858333333333334,FM-Full_A-None_AdaBN-F,40,40,40
Kalunga2016,EEGNetv4,1,1,0.265625,0.265625,0.4892578125,0.25,0.25,0.458984375,FM-Full_A-None_AdaBN-F,40,40,40
Kalunga2016,EEGNetv4,1,3,0.3125,0.3125,0.7819010416666666,0.359375,0.359375,0.7783203125,FM-Full_A-None_AdaBN-F,40,40,40
Kalunga2016,EEGNetv4,1,6,0.296875,0.296875,0.6637369791666666,0.328125,0.328125,0.6748046875,FM-Full_A-None_AdaBN-F,40,40,40
Kalunga2016,EEGNetv4,1,9,0.234375,0.234375,0.4807942708333333,0.265625,0.265625,0.5078125,FM-Full_A-None_AdaBN-F,40,40,40
Kalunga2016,EEGNetv4,1,10,0.2421875,0.2421875,0.501220703125,0.28125,0.28125,0.567626953125,FM-Full_A-None_AdaBN-F,40,40,40
Kalunga2016,EEGNetv4,1,11,0.203125,0.203125,0.4016927083333333,0.1875,0.1875,0.4433593749999999,FM-Full_A-None_AdaBN-F,40,40,40
Kalunga2016,EEGNetv4,2,2,0.296875,0.296875,0.603515625,0.328125,0.328125,0.6266276041666666,FM-Full_A-None_AdaBN-F,40,40,40
Kalunga2016,EEGNetv4,2,4,0.203125,0.203125,0.5764973958333334,0.28125,0.28125,0.5999348958333333,FM-Full_A-None_AdaBN-F,40,40,40
Kalunga2016,EEGNetv4,2,5,0.234375,0.234375,0.4371744791666666,0.234375,0.234375,0.4479166666666666,FM-Full_A-None_AdaBN-F,40,40,40
Kalunga2016,EEGNetv4,2,7,0.5,0.4999999999999999,0.693142361111111,0.4895833333333333,0.4895833333333333,0.6948784722222222,FM-Full_A-None_AdaBN-F,40,40,40
Kalunga2016,EEGNetv4,2,8,0.21875,0.21875,0.4820963541666667,0.203125,0.203125,0.5133463541666666,FM-Full_A-None_AdaBN-F,40,40,40
Kalunga2016,EEGNetv4,2,12,0.28125,0.28125,0.4918229166666666,0.34375,0.34375,0.54734375,FM-Full_A-None_AdaBN-F,40,40,40
Kalunga2016,ShallowConvNet,1,1,0.21875,0.21875,0.5807291666666667,0.25,0.25,0.5240885416666666,FM-Full_A-None_AdaBN-F,40,40,40
Kalunga2016,ShallowConvNet,1,3,0.75,0.75,0.9130859375,0.734375,0.734375,0.9195963541666669,FM-Full_A-None_AdaBN-F,40,40,40
Kalunga2016,ShallowConvNet,1,6,0.40625,0.40625,0.705078125,0.453125,0.453125,0.7317708333333334,FM-Full_A-None_AdaBN-F,40,40,40
Kalunga2016,ShallowConvNet,1,9,0.359375,0.359375,0.6643880208333334,0.40625,0.40625,0.6559244791666666,FM-Full_A-None_AdaBN-F,40,40,40
Kalunga2016,ShallowConvNet,1,10,0.265625,0.265625,0.4986979166666666,0.453125,0.453125,0.6754557291666667,FM-Full_A-None_AdaBN-F,40,40,40
Kalunga2016,ShallowConvNet,1,11,0.203125,0.203125,0.5081380208333334,0.265625,0.265625,0.5185546875,FM-Full_A-None_AdaBN-F,40,40,40
Kalunga2016,ShallowConvNet,2,2,0.25,0.25,0.4899088541666666,0.390625,0.390625,0.6630859375,FM-Full_A-None_AdaBN-F,40,40,40
Kalunga2016,ShallowConvNet,2,4,0.390625,0.390625,0.703125,0.453125,0.453125,0.7405598958333334,FM-Full_A-None_AdaBN-F,40,40,40
Kalunga2016,ShallowConvNet,2,5,0.28125,0.28125,0.5846354166666667,0.46875,0.46875,0.6708984375000001,FM-Full_A-None_AdaBN-F,40,40,40
Kalunga2016,ShallowConvNet,2,7,0.5520833333333334,0.5520833333333333,0.7826967592592593,0.6041666666666666,0.6041666666666666,0.8525752314814816,FM-Full_A-None_AdaBN-F,40,40,40
Kalunga2016,ShallowConvNet,2,8,0.25,0.25,0.6595052083333333,0.390625,0.390625,0.6979166666666666,FM-Full_A-None_AdaBN-F,40,40,40
Kalunga2016,ShallowConvNet,2,12,0.31875,0.31875,0.6076041666666667,0.5875,0.5875,0.7986979166666668,FM-Full_A-None_AdaBN-F,40,40,40
Kalunga2016,ShallowConvNet,1,1,0.3125,0.3125,0.5895182291666667,0.25,0.25,0.5260416666666666,FM-Full_A-None_AdaBN-F,50,50,50
Kalunga2016,ShallowConvNet,1,3,0.734375,0.734375,0.9205729166666666,0.75,0.75,0.9231770833333334,FM-Full_A-None_AdaBN-F,50,50,50
Kalunga2016,ShallowConvNet,1,6,0.328125,0.328125,0.6809895833333335,0.421875,0.421875,0.7281901041666667,FM-Full_A-None_AdaBN-F,50,50,50
Kalunga2016,ShallowConvNet,1,9,0.34375,0.34375,0.6422526041666666,0.390625,0.390625,0.625,FM-Full_A-None_AdaBN-F,50,50,50
Kalunga2016,ShallowConvNet,1,10,0.2734375,0.2734375,0.525634765625,0.453125,0.453125,0.6979166666666665,FM-Full_A-None_AdaBN-F,50,50,50
Kalunga2016,ShallowConvNet,1,11,0.25,0.25,0.5107421875,0.25,0.25,0.5289713541666667,FM-Full_A-None_AdaBN-F,50,50,50
Kalunga2016,ShallowConvNet,2,2,0.28125,0.28125,0.5152994791666666,0.390625,0.390625,0.6448567708333334,FM-Full_A-None_AdaBN-F,50,50,50
Kalunga2016,ShallowConvNet,2,4,0.421875,0.421875,0.6861979166666667,0.453125,0.453125,0.7197265624999999,FM-Full_A-None_AdaBN-F,50,50,50
Kalunga2016,ShallowConvNet,2,5,0.359375,0.359375,0.5914713541666666,0.375,0.375,0.6103515625,FM-Full_A-None_AdaBN-F,50,50,50
Kalunga2016,ShallowConvNet,2,7,0.5,0.5,0.7226562500000001,0.5625,0.5625,0.7751736111111112,FM-Full_A-None_AdaBN-F,50,50,50
Kalunga2016,ShallowConvNet,2,8,0.4375,0.4375,0.6686197916666666,0.453125,0.453125,0.7132161458333334,FM-Full_A-None_AdaBN-F,50,50,50
Kalunga2016,ShallowConvNet,2,12,0.3375,0.3375,0.5940625,0.475,0.475,0.7494791666666667,FM-Full_A-None_AdaBN-F,50,50,50
Kalunga2016,DeepConvNet,1,1,0.203125,0.203125,0.5071614583333334,0.28125,0.28125,0.5026041666666666,FM-Full_A-None_AdaBN-F,50,50,50
Kalunga2016,DeepConvNet,1,3,0.34375,0.34375,0.6998697916666665,0.375,0.375,0.6038411458333334,FM-Full_A-None_AdaBN-F,50,50,50
Kalunga2016,DeepConvNet,1,6,0.40625,0.40625,0.6826171875,0.375,0.375,0.6207682291666667,FM-Full_A-None_AdaBN-F,50,50,50
Kalunga2016,DeepConvNet,1,9,0.296875,0.296875,0.484375,0.296875,0.296875,0.5179036458333333,FM-Full_A-None_AdaBN-F,50,50,50
Kalunga2016,DeepConvNet,1,10,0.1875,0.1875,0.453125,0.2734375,0.2734375,0.5547688802083333,FM-Full_A-None_AdaBN-F,50,50,50
Kalunga2016,DeepConvNet,1,11,0.25,0.25,0.5247395833333334,0.265625,0.265625,0.5582682291666667,FM-Full_A-None_AdaBN-F,50,50,50
Kalunga2016,DeepConvNet,2,2,0.3125,0.3125,0.5699869791666666,0.265625,0.265625,0.5305989583333333,FM-Full_A-None_AdaBN-F,50,50,50
Kalunga2016,DeepConvNet,2,4,0.28125,0.28125,0.6038411458333333,0.3125,0.3125,0.5807291666666665,FM-Full_A-None_AdaBN-F,50,50,50
Kalunga2016,DeepConvNet,2,5,0.234375,0.234375,0.5481770833333333,0.28125,0.28125,0.5279947916666666,FM-Full_A-None_AdaBN-F,50,50,50
Kalunga2016,DeepConvNet,2,7,0.28125,0.28125,0.6245659722222222,0.2916666666666667,0.2916666666666667,0.5475983796296297,FM-Full_A-None_AdaBN-F,50,50,50
Kalunga2016,DeepConvNet,2,8,0.21875,0.21875,0.4957682291666666,0.265625,0.265625,0.5237630208333333,FM-Full_A-None_AdaBN-F,50,50,50
Kalunga2016,DeepConvNet,2,12,0.25625,0.25625,0.54,0.25625,0.25625,0.5470833333333334,FM-Full_A-None_AdaBN-F,50,50,50
Kalunga2016,EEGNetv4,1,1,0.234375,0.234375,0.5198567708333334,0.265625,0.265625,0.48046875,FM-Full_A-None_AdaBN-F,50,50,50
Kalunga2016,EEGNetv4,1,3,0.53125,0.53125,0.8180338541666666,0.53125,0.53125,0.8271484375,FM-Full_A-None_AdaBN-F,50,50,50
Kalunga2016,EEGNetv4,1,6,0.4375,0.4375,0.6888020833333333,0.40625,0.40625,0.6982421875,FM-Full_A-None_AdaBN-F,50,50,50
Kalunga2016,EEGNetv4,1,9,0.1875,0.1875,0.4541015625,0.25,0.25,0.4661458333333332,FM-Full_A-None_AdaBN-F,50,50,50
Kalunga2016,EEGNetv4,1,10,0.234375,0.234375,0.4892578125,0.2734375,0.2734375,0.5341796875,FM-Full_A-None_AdaBN-F,50,50,50
Kalunga2016,EEGNetv4,1,11,0.203125,0.203125,0.3909505208333333,0.1875,0.1875,0.3929036458333333,FM-Full_A-None_AdaBN-F,50,50,50
Kalunga2016,EEGNetv4,2,2,0.484375,0.484375,0.6572265625000001,0.453125,0.453125,0.6796875000000001,FM-Full_A-None_AdaBN-F,50,50,50
Kalunga2016,EEGNetv4,2,4,0.265625,0.265625,0.6028645833333333,0.328125,0.328125,0.6051432291666666,FM-Full_A-None_AdaBN-F,50,50,50
Kalunga2016,EEGNetv4,2,5,0.234375,0.234375,0.4837239583333333,0.25,0.25,0.4775390625,FM-Full_A-None_AdaBN-F,50,50,50
Kalunga2016,EEGNetv4,2,7,0.34375,0.34375,0.7051504629629629,0.4166666666666667,0.4166666666666666,0.6782407407407407,FM-Full_A-None_AdaBN-F,50,50,50
Kalunga2016,EEGNetv4,2,8,0.25,0.25,0.5084635416666666,0.25,0.25,0.5266927083333333,FM-Full_A-None_AdaBN-F,50,50,50
Kalunga2016,EEGNetv4,2,12,0.2625,0.2625,0.5465625000000001,0.4,0.4,0.6530208333333334,FM-Full_A-None_AdaBN-F,50,50,50
Kalunga2016,ATCNet,1,1,0.34375,0.34375,0.5439453125,0.34375,0.34375,0.5393880208333333,FM-Full_A-None_AdaBN-F,50,50,50
Kalunga2016,ATCNet,1,3,0.671875,0.671875,0.8805338541666666,0.765625,0.765625,0.9215494791666666,FM-Full_A-None_AdaBN-F,50,50,50
Kalunga2016,ATCNet,1,6,0.484375,0.484375,0.724609375,0.453125,0.453125,0.7171223958333333,FM-Full_A-None_AdaBN-F,50,50,50
Kalunga2016,ATCNet,1,9,0.484375,0.484375,0.689453125,0.5,0.5,0.7044270833333333,FM-Full_A-None_AdaBN-F,50,50,50
Kalunga2016,ATCNet,1,10,0.25,0.25,0.530517578125,0.390625,0.390625,0.68359375,FM-Full_A-None_AdaBN-F,50,50,50
Kalunga2016,ATCNet,1,11,0.3125,0.3125,0.5911458333333333,0.328125,0.328125,0.583984375,FM-Full_A-None_AdaBN-F,50,50,50
Kalunga2016,ATCNet,2,2,0.40625,0.40625,0.7278645833333334,0.453125,0.453125,0.7353515625000001,FM-Full_A-None_AdaBN-F,50,50,50
Kalunga2016,ATCNet,2,4,0.46875,0.46875,0.7607421875,0.484375,0.484375,0.75390625,FM-Full_A-None_AdaBN-F,50,50,50
Kalunga2016,ATCNet,2,5,0.28125,0.28125,0.5777994791666666,0.359375,0.359375,0.6214192708333334,FM-Full_A-None_AdaBN-F,50,50,50
Kalunga2016,ATCNet,2,7,0.4791666666666667,0.4791666666666667,0.7573784722222223,0.53125,0.53125,0.8071469907407408,FM-Full_A-None_AdaBN-F,50,50,50
Kalunga2016,ATCNet,2,8,0.46875,0.46875,0.7184244791666666,0.515625,0.515625,0.7356770833333334,FM-Full_A-None_AdaBN-F,50,50,50
Kalunga2016,ATCNet,2,12,0.36875,0.3687499999999999,0.66875,0.55,0.5499999999999999,0.8265625,FM-Full_A-None_AdaBN-F,50,50,50
Kalunga2016,ShallowConvNet,1,1,0.328125,0.328125,0.6018880208333334,0.3125,0.3125,0.5696614583333333,FM-Full_A-None_AdaBN-F,64,64,64
Kalunga2016,ShallowConvNet,1,3,0.734375,0.734375,0.9078776041666669,0.75,0.75,0.9225260416666669,FM-Full_A-None_AdaBN-F,64,64,64
Kalunga2016,ShallowConvNet,1,6,0.28125,0.28125,0.6777343750000001,0.40625,0.40625,0.7125651041666667,FM-Full_A-None_AdaBN-F,64,64,64
Kalunga2016,ShallowConvNet,1,9,0.375,0.375,0.6858723958333333,0.28125,0.28125,0.6302083333333333,FM-Full_A-None_AdaBN-F,64,64,64
Kalunga2016,ShallowConvNet,1,10,0.2734375,0.2734375,0.5680338541666666,0.46875,0.46875,0.7086588541666666,FM-Full_A-None_AdaBN-F,64,64,64
Kalunga2016,ShallowConvNet,1,11,0.28125,0.28125,0.5569661458333334,0.3125,0.3125,0.5764973958333334,FM-Full_A-None_AdaBN-F,64,64,64
Kalunga2016,ShallowConvNet,2,2,0.203125,0.203125,0.4860026041666667,0.328125,0.328125,0.6487630208333334,FM-Full_A-None_AdaBN-F,64,64,64
Kalunga2016,ShallowConvNet,2,4,0.515625,0.515625,0.7998046875,0.59375,0.59375,0.8089192708333334,FM-Full_A-None_AdaBN-F,64,64,64
Kalunga2016,ShallowConvNet,2,5,0.328125,0.328125,0.6142578125,0.40625,0.40625,0.6471354166666667,FM-Full_A-None_AdaBN-F,64,64,64
Kalunga2016,ShallowConvNet,2,7,0.4791666666666667,0.4791666666666666,0.7222222222222222,0.6041666666666666,0.6041666666666666,0.7906539351851852,FM-Full_A-None_AdaBN-F,64,64,64
Kalunga2016,ShallowConvNet,2,8,0.359375,0.359375,0.6731770833333333,0.421875,0.421875,0.7060546875,FM-Full_A-None_AdaBN-F,64,64,64
Kalunga2016,ShallowConvNet,2,12,0.33125,0.33125,0.63203125,0.53125,0.53125,0.7766666666666667,FM-Full_A-None_AdaBN-F,64,64,64
Kalunga2016,EEGNetv4,1,1,0.296875,0.296875,0.49609375,0.296875,0.296875,0.4811197916666667,FM-Full_A-None_AdaBN-F,64,64,64
Kalunga2016,EEGNetv4,1,3,0.65625,0.65625,0.8697916666666667,0.75,0.75,0.8932291666666666,FM-Full_A-None_AdaBN-F,64,64,64
Kalunga2016,EEGNetv4,1,6,0.4375,0.4375,0.7213541666666666,0.40625,0.40625,0.7223307291666666,FM-Full_A-None_AdaBN-F,64,64,64
Kalunga2016,EEGNetv4,1,9,0.234375,0.234375,0.5556640625,0.28125,0.28125,0.59765625,FM-Full_A-None_AdaBN-F,64,64,64
Kalunga2016,EEGNetv4,1,10,0.2890625,0.2890625,0.5530598958333334,0.34375,0.34375,0.6250813802083333,FM-Full_A-None_AdaBN-F,64,64,64
Kalunga2016,EEGNetv4,1,11,0.21875,0.21875,0.4889322916666666,0.265625,0.265625,0.5260416666666667,FM-Full_A-None_AdaBN-F,64,64,64
Kalunga2016,EEGNetv4,2,2,0.375,0.375,0.6028645833333333,0.40625,0.40625,0.6471354166666667,FM-Full_A-None_AdaBN-F,64,64,64
Kalunga2016,EEGNetv4,2,4,0.34375,0.34375,0.6263020833333334,0.390625,0.390625,0.6429036458333333,FM-Full_A-None_AdaBN-F,64,64,64
Kalunga2016,EEGNetv4,2,5,0.21875,0.21875,0.5016276041666667,0.296875,0.296875,0.4951171875,FM-Full_A-None_AdaBN-F,64,64,64
Kalunga2016,EEGNetv4,2,7,0.40625,0.40625,0.6916956018518519,0.4583333333333333,0.4583333333333333,0.6772280092592593,FM-Full_A-None_AdaBN-F,64,64,64
Kalunga2016,EEGNetv4,2,8,0.25,0.25,0.5016276041666666,0.28125,0.28125,0.529296875,FM-Full_A-None_AdaBN-F,64,64,64
Kalunga2016,EEGNetv4,2,12,0.25625,0.25625,0.51390625,0.28125,0.28125,0.5279166666666666,FM-Full_A-None_AdaBN-F,64,64,64
Kalunga2016,DeepConvNet,1,1,0.21875,0.21875,0.4723307291666666,0.203125,0.203125,0.494140625,FM-Full_A-None_AdaBN-F,64,64,64
Kalunga2016,DeepConvNet,1,3,0.40625,0.40625,0.685546875,0.28125,0.28125,0.5768229166666666,FM-Full_A-None_AdaBN-F,64,64,64
Kalunga2016,DeepConvNet,1,6,0.4375,0.4375,0.7213541666666666,0.34375,0.34375,0.6363932291666665,FM-Full_A-None_AdaBN-F,64,64,64
Kalunga2016,DeepConvNet,1,9,0.25,0.25,0.5208333333333334,0.265625,0.265625,0.5299479166666666,FM-Full_A-None_AdaBN-F,64,64,64
Kalunga2016,DeepConvNet,1,10,0.21875,0.21875,0.4806315104166667,0.3046875,0.3046875,0.560546875,FM-Full_A-None_AdaBN-F,64,64,64
Kalunga2016,DeepConvNet,1,11,0.3125,0.3125,0.5751953125,0.296875,0.296875,0.5559895833333334,FM-Full_A-None_AdaBN-F,64,64,64
Kalunga2016,DeepConvNet,2,2,0.46875,0.46875,0.6256510416666666,0.28125,0.28125,0.5673828125,FM-Full_A-None_AdaBN-F,64,64,64
Kalunga2016,DeepConvNet,2,4,0.40625,0.40625,0.6910807291666666,0.34375,0.34375,0.6481119791666667,FM-Full_A-None_AdaBN-F,64,64,64
Kalunga2016,DeepConvNet,2,5,0.234375,0.234375,0.5758463541666667,0.28125,0.28125,0.521484375,FM-Full_A-None_AdaBN-F,64,64,64
Kalunga2016,DeepConvNet,2,7,0.2395833333333333,0.2395833333333333,0.6526331018518519,0.3125,0.3125,0.5499131944444444,FM-Full_A-None_AdaBN-F,64,64,64
Kalunga2016,DeepConvNet,2,8,0.265625,0.265625,0.5146484375,0.203125,0.203125,0.4908854166666667,FM-Full_A-None_AdaBN-F,64,64,64
Kalunga2016,DeepConvNet,2,12,0.25625,0.25625,0.5616666666666666,0.25625,0.25625,0.5411979166666666,FM-Full_A-None_AdaBN-F,64,64,64
Kalunga2016,ATCNet,1,1,0.296875,0.296875,0.5865885416666666,0.359375,0.359375,0.5729166666666666,FM-Full_A-None_AdaBN-F,64,64,64
Kalunga2016,ATCNet,1,3,0.84375,0.84375,0.9449869791666666,0.890625,0.890625,0.9612630208333334,FM-Full_A-None_AdaBN-F,64,64,64
Kalunga2016,ATCNet,1,6,0.484375,0.484375,0.7509765625,0.53125,0.53125,0.765625,FM-Full_A-None_AdaBN-F,64,64,64
Kalunga2016,ATCNet,1,9,0.359375,0.359375,0.703125,0.40625,0.40625,0.7347005208333333,FM-Full_A-None_AdaBN-F,64,64,64
Kalunga2016,ATCNet,1,10,0.375,0.375,0.6405436197916667,0.4921875,0.4921875,0.7666015625,FM-Full_A-None_AdaBN-F,64,64,64
Kalunga2016,ATCNet,1,11,0.484375,0.484375,0.654296875,0.484375,0.484375,0.6813151041666667,FM-Full_A-None_AdaBN-F,64,64,64
Kalunga2016,ATCNet,2,2,0.25,0.25,0.6337890625,0.40625,0.40625,0.681640625,FM-Full_A-None_AdaBN-F,64,64,64
Kalunga2016,ATCNet,2,4,0.5,0.5,0.748046875,0.578125,0.578125,0.7708333333333334,FM-Full_A-None_AdaBN-F,64,64,64
Kalunga2016,ATCNet,2,5,0.296875,0.296875,0.5901692708333333,0.265625,0.265625,0.6061197916666667,FM-Full_A-None_AdaBN-F,64,64,64
Kalunga2016,ATCNet,2,7,0.5416666666666666,0.5416666666666667,0.8266782407407407,0.5729166666666666,0.5729166666666666,0.8412905092592593,FM-Full_A-None_AdaBN-F,64,64,64
Kalunga2016,ATCNet,2,8,0.4375,0.4375,0.7001953125,0.4375,0.4375,0.7158203125,FM-Full_A-None_AdaBN-F,64,64,64
Kalunga2016,ATCNet,2,12,0.325,0.325,0.63796875,0.53125,0.53125,0.8083333333333333,FM-Full_A-None_AdaBN-F,64,64,64
Lee2019_MI,DeepConvNet,1,4,0.55,0.55,0.6165,0.535,0.5349999999999999,0.6608999999999998,FM-Full_A-None_AdaBN-F,50,50,50
Lee2019_MI,DeepConvNet,1,5,0.57,0.57,0.7686000000000001,0.655,0.655,0.7289,FM-Full_A-None_AdaBN-F,50,50,50
Lee2019_MI,DeepConvNet,1,6,0.79,0.79,0.9336,0.795,0.7949999999999999,0.9379,FM-Full_A-None_AdaBN-F,50,50,50
Lee2019_MI,DeepConvNet,1,7,0.545,0.545,0.6216999999999999,0.6,0.6000000000000001,0.6804,FM-Full_A-None_AdaBN-F,50,50,50
Lee2019_MI,DeepConvNet,1,9,0.62,0.62,0.7862,0.68,0.6799999999999999,0.696,FM-Full_A-None_AdaBN-F,50,50,50
Lee2019_MI,DeepConvNet,1,10,0.635,0.635,0.667,0.6,0.6,0.6304,FM-Full_A-None_AdaBN-F,50,50,50
Lee2019_MI,DeepConvNet,1,13,0.605,0.605,0.6698999999999999,0.6,0.6000000000000001,0.6299000000000001,FM-Full_A-None_AdaBN-F,50,50,50
Lee2019_MI,DeepConvNet,1,14,0.54,0.54,0.6092000000000001,0.55,0.55,0.5669000000000001,FM-Full_A-None_AdaBN-F,50,50,50
Lee2019_MI,DeepConvNet,1,16,0.64,0.64,0.8115999999999999,0.765,0.765,0.8395,FM-Full_A-None_AdaBN-F,50,50,50
Lee2019_MI,DeepConvNet,1,17,0.57,0.57,0.6282000000000001,0.585,0.585,0.5704,FM-Full_A-None_AdaBN-F,50,50,50
Lee2019_MI,DeepConvNet,1,18,0.635,0.635,0.7833999999999999,0.735,0.7350000000000001,0.8414999999999999,FM-Full_A-None_AdaBN-F,50,50,50
Lee2019_MI,DeepConvNet,1,20,0.7,0.7,0.8107,0.715,0.7150000000000001,0.7968000000000001,FM-Full_A-None_AdaBN-F,50,50,50
Lee2019_MI,DeepConvNet,1,25,0.79,0.79,0.9205,0.84,0.8400000000000001,0.9362,FM-Full_A-None_AdaBN-F,50,50,50
Lee2019_MI,DeepConvNet,1,26,0.775,0.7749999999999999,0.9105,0.775,0.7749999999999999,0.8698,FM-Full_A-None_AdaBN-F,50,50,50
Lee2019_MI,DeepConvNet,1,27,0.67,0.6699999999999999,0.8699,0.76,0.76,0.8981,FM-Full_A-None_AdaBN-F,50,50,50
Lee2019_MI,DeepConvNet,1,31,0.625,0.625,0.8308,0.735,0.735,0.8,FM-Full_A-None_AdaBN-F,50,50,50
Lee2019_MI,DeepConvNet,1,33,0.715,0.715,0.8775999999999999,0.7,0.7,0.8398,FM-Full_A-None_AdaBN-F,50,50,50
Lee2019_MI,DeepConvNet,1,34,0.525,0.525,0.5841999999999999,0.605,0.605,0.6216999999999999,FM-Full_A-None_AdaBN-F,50,50,50
Lee2019_MI,DeepConvNet,1,35,0.75,0.75,0.9706,0.905,0.905,0.9781,FM-Full_A-None_AdaBN-F,50,50,50
Lee2019_MI,DeepConvNet,1,37,0.62,0.62,0.7268000000000001,0.66,0.6599999999999999,0.7989,FM-Full_A-None_AdaBN-F,50,50,50
Lee2019_MI,DeepConvNet,1,38,0.53,0.53,0.6809000000000001,0.635,0.635,0.7331,FM-Full_A-None_AdaBN-F,50,50,50
Lee2019_MI,DeepConvNet,1,45,0.59,0.59,0.7903999999999999,0.66,0.66,0.80465,FM-Full_A-None_AdaBN-F,50,50,50
Lee2019_MI,DeepConvNet,1,46,0.58,0.5800000000000001,0.65,0.545,0.545,0.6675,FM-Full_A-None_AdaBN-F,50,50,50
Lee2019_MI,DeepConvNet,1,49,0.685,0.685,0.7699,0.705,0.705,0.8389,FM-Full_A-None_AdaBN-F,50,50,50
Lee2019_MI,DeepConvNet,1,50,0.49,0.49,0.5914,0.54,0.54,0.605,FM-Full_A-None_AdaBN-F,50,50,50
Lee2019_MI,DeepConvNet,1,51,0.605,0.605,0.6912,0.68,0.6799999999999999,0.7558,FM-Full_A-None_AdaBN-F,50,50,50
Lee2019_MI,DeepConvNet,1,53,0.72,0.72,0.8081999999999999,0.725,0.7250000000000001,0.8148499999999999,FM-Full_A-None_AdaBN-F,50,50,50
Lee2019_MI,DeepConvNet,2,1,0.545,0.545,0.5880000000000001,0.615,0.615,0.6130999999999999,FM-Full_A-None_AdaBN-F,50,50,50
Lee2019_MI,DeepConvNet,2,2,0.66,0.66,0.7721,0.63,0.63,0.6963000000000001,FM-Full_A-None_AdaBN-F,50,50,50
Lee2019_MI,DeepConvNet,2,3,0.725,0.7250000000000001,0.8242,0.78,0.78,0.8799,FM-Full_A-None_AdaBN-F,50,50,50
Lee2019_MI,DeepConvNet,2,8,0.67,0.6699999999999999,0.7556999999999999,0.73,0.73,0.7777999999999999,FM-Full_A-None_AdaBN-F,50,50,50
Lee2019_MI,DeepConvNet,2,11,0.545,0.545,0.665,0.605,0.605,0.6671999999999999,FM-Full_A-None_AdaBN-F,50,50,50
Lee2019_MI,DeepConvNet,2,12,0.59,0.5900000000000001,0.681,0.68,0.68,0.7407,FM-Full_A-None_AdaBN-F,50,50,50
Lee2019_MI,DeepConvNet,2,15,0.8,0.8,0.8771000000000001,0.8,0.8,0.8472000000000001,FM-Full_A-None_AdaBN-F,50,50,50
Lee2019_MI,DeepConvNet,2,19,0.59,0.5900000000000001,0.7214,0.655,0.655,0.7417,FM-Full_A-None_AdaBN-F,50,50,50
Lee2019_MI,DeepConvNet,2,21,0.69,0.69,0.8128000000000001,0.79,0.79,0.8775000000000001,FM-Full_A-None_AdaBN-F,50,50,50
Lee2019_MI,DeepConvNet,2,22,0.54,0.54,0.5818,0.545,0.545,0.5627,FM-Full_A-None_AdaBN-F,50,50,50
Lee2019_MI,DeepConvNet,2,23,0.565,0.565,0.6115,0.57,0.5700000000000001,0.6216,FM-Full_A-None_AdaBN-F,50,50,50
Lee2019_MI,DeepConvNet,2,24,0.59,0.59,0.6356,0.665,0.665,0.7229,FM-Full_A-None_AdaBN-F,50,50,50
Lee2019_MI,DeepConvNet,2,28,0.725,0.725,0.8057,0.705,0.7050000000000001,0.7948999999999999,FM-Full_A-None_AdaBN-F,50,50,50
Lee2019_MI,DeepConvNet,2,29,0.585,0.585,0.6528,0.75,0.75,0.8542,FM-Full_A-None_AdaBN-F,50,50,50
Lee2019_MI,DeepConvNet,2,30,0.595,0.595,0.6697,0.625,0.625,0.6758,FM-Full_A-None_AdaBN-F,50,50,50
Lee2019_MI,DeepConvNet,2,32,0.56,0.56,0.5967,0.615,0.615,0.6373000000000001,FM-Full_A-None_AdaBN-F,50,50,50
Lee2019_MI,DeepConvNet,2,36,0.645,0.645,0.8039000000000001,0.775,0.7749999999999999,0.8795,FM-Full_A-None_AdaBN-F,50,50,50
Lee2019_MI,DeepConvNet,2,39,0.61,0.61,0.6601999999999999,0.635,0.635,0.6554,FM-Full_A-None_AdaBN-F,50,50,50
Lee2019_MI,DeepConvNet,2,40,0.72,0.72,0.8398,0.7,0.7,0.8071,FM-Full_A-None_AdaBN-F,50,50,50
Lee2019_MI,DeepConvNet,2,41,0.565,0.565,0.6930000000000001,0.68,0.6799999999999999,0.7111,FM-Full_A-None_AdaBN-F,50,50,50
Lee2019_MI,DeepConvNet,2,42,0.655,0.655,0.7011000000000001,0.61,0.61,0.6362000000000001,FM-Full_A-None_AdaBN-F,50,50,50
Lee2019_MI,DeepConvNet,2,43,0.705,0.7050000000000001,0.8116000000000001,0.735,0.735,0.7832,FM-Full_A-None_AdaBN-F,50,50,50
Lee2019_MI,DeepConvNet,2,44,0.585,0.585,0.6443,0.595,0.595,0.6323,FM-Full_A-None_AdaBN-F,50,50,50
Lee2019_MI,DeepConvNet,2,47,0.755,0.755,0.8271,0.78,0.78,0.8458000000000001,FM-Full_A-None_AdaBN-F,50,50,50
Lee2019_MI,DeepConvNet,2,48,0.665,0.665,0.6992000000000002,0.555,0.5549999999999999,0.6156,FM-Full_A-None_AdaBN-F,50,50,50
Lee2019_MI,DeepConvNet,2,52,0.63,0.63,0.7211,0.705,0.7050000000000001,0.7923,FM-Full_A-None_AdaBN-F,50,50,50
Lee2019_MI,DeepConvNet,2,54,0.645,0.645,0.7212000000000001,0.64,0.64,0.6979000000000001,FM-Full_A-None_AdaBN-F,50,50,50
Lee2019_MI,ATCNet,1,4,0.67,0.67,0.7598,0.68,0.6799999999999999,0.7888,FM-Full_A-None_AdaBN-F,50,50,50
Lee2019_MI,ATCNet,1,5,0.65,0.65,0.7906,0.755,0.755,0.8449,FM-Full_A-None_AdaBN-F,50,50,50
Lee2019_MI,ATCNet,1,6,0.705,0.7050000000000001,0.7405999999999999,0.755,0.755,0.8354,FM-Full_A-None_AdaBN-F,50,50,50
Lee2019_MI,ATCNet,1,7,0.595,0.595,0.6339,0.655,0.655,0.7232999999999999,FM-Full_A-None_AdaBN-F,50,50,50
Lee2019_MI,ATCNet,1,9,0.715,0.7150000000000001,0.8683000000000001,0.775,0.775,0.8519,FM-Full_A-None_AdaBN-F,50,50,50
Lee2019_MI,ATCNet,1,10,0.55,0.55,0.6421000000000001,0.655,0.655,0.71,FM-Full_A-None_AdaBN-F,50,50,50
Lee2019_MI,ATCNet,1,13,0.545,0.5449999999999999,0.5664,0.56,0.56,0.5736,FM-Full_A-None_AdaBN-F,50,50,50
Lee2019_MI,ATCNet,1,14,0.625,0.625,0.6638000000000001,0.66,0.66,0.6974000000000001,FM-Full_A-None_AdaBN-F,50,50,50
Lee2019_MI,ATCNet,1,16,0.74,0.74,0.7887000000000001,0.8,0.8,0.8481000000000001,FM-Full_A-None_AdaBN-F,50,50,50
Lee2019_MI,ATCNet,1,17,0.595,0.595,0.6744,0.64,0.64,0.6829,FM-Full_A-None_AdaBN-F,50,50,50
Lee2019_MI,ATCNet,1,18,0.785,0.785,0.8972000000000001,0.82,0.8200000000000001,0.9191,FM-Full_A-None_AdaBN-F,50,50,50
Lee2019_MI,ATCNet,1,20,0.64,0.6399999999999999,0.7263,0.715,0.7150000000000001,0.7989,FM-Full_A-None_AdaBN-F,50,50,50
Lee2019_MI,ATCNet,1,25,0.685,0.685,0.7743000000000001,0.715,0.7150000000000001,0.8192999999999999,FM-Full_A-None_AdaBN-F,50,50,50
Lee2019_MI,ATCNet,1,26,0.67,0.6699999999999999,0.7804000000000001,0.69,0.69,0.7797,FM-Full_A-None_AdaBN-F,50,50,50
Lee2019_MI,ATCNet,1,27,0.645,0.645,0.6880000000000001,0.635,0.635,0.7091999999999999,FM-Full_A-None_AdaBN-F,50,50,50
Lee2019_MI,ATCNet,1,31,0.67,0.67,0.7097,0.675,0.675,0.7641,FM-Full_A-None_AdaBN-F,50,50,50
Lee2019_MI,ATCNet,1,33,0.91,0.91,0.9677,0.95,0.95,0.9898,FM-Full_A-None_AdaBN-F,50,50,50
Lee2019_MI,ATCNet,1,34,0.55,0.55,0.5945,0.51,0.51,0.5059,FM-Full_A-None_AdaBN-F,50,50,50
Lee2019_MI,ATCNet,1,35,0.54,0.54,0.6699,0.75,0.75,0.8782,FM-Full_A-None_AdaBN-F,50,50,50
Lee2019_MI,ATCNet,1,37,0.91,0.91,0.9668,0.94,0.94,0.9823,FM-Full_A-None_AdaBN-F,50,50,50
Lee2019_MI,ATCNet,1,38,0.525,0.525,0.5304,0.58,0.58,0.6079000000000001,FM-Full_A-None_AdaBN-F,50,50,50
Lee2019_MI,ATCNet,1,45,0.66,0.6599999999999999,0.7903,0.79,0.79,0.8664000000000001,FM-Full_A-None_AdaBN-F,50,50,50
Lee2019_MI,ATCNet,1,46,0.58,0.58,0.6664,0.645,0.645,0.7095,FM-Full_A-None_AdaBN-F,50,50,50
Lee2019_MI,ATCNet,1,49,0.58,0.58,0.6311,0.7,0.7,0.7736,FM-Full_A-None_AdaBN-F,50,50,50
Lee2019_MI,ATCNet,1,50,0.495,0.495,0.5171,0.605,0.605,0.6618,FM-Full_A-None_AdaBN-F,50,50,50
Lee2019_MI,ATCNet,1,51,0.575,0.575,0.6249,0.535,0.535,0.5863999999999999,FM-Full_A-None_AdaBN-F,50,50,50
Lee2019_MI,ATCNet,1,53,0.57,0.5700000000000001,0.6124999999999999,0.59,0.59,0.6355999999999999,FM-Full_A-None_AdaBN-F,50,50,50
Lee2019_MI,ATCNet,2,1,0.645,0.645,0.7181,0.645,0.645,0.7475,FM-Full_A-None_AdaBN-F,50,50,50
Lee2019_MI,ATCNet,2,2,0.57,0.5700000000000001,0.6225,0.595,0.595,0.6664999999999999,FM-Full_A-None_AdaBN-F,50,50,50
Lee2019_MI,ATCNet,2,3,0.75,0.75,0.7993,0.825,0.825,0.9002,FM-Full_A-None_AdaBN-F,50,50,50
Lee2019_MI,ATCNet,2,8,0.615,0.615,0.6934,0.655,0.655,0.7361,FM-Full_A-None_AdaBN-F,50,50,50
Lee2019_MI,ATCNet,2,11,0.52,0.52,0.4785,0.54,0.54,0.5282,FM-Full_A-None_AdaBN-F,50,50,50
Lee2019_MI,ATCNet,2,12,0.605,0.605,0.6958000000000001,0.66,0.6599999999999999,0.7513000000000001,FM-Full_A-None_AdaBN-F,50,50,50
Lee2019_MI,ATCNet,2,15,0.575,0.575,0.6293,0.625,0.625,0.6506,FM-Full_A-None_AdaBN-F,50,50,50
Lee2019_MI,ATCNet,2,19,0.75,0.75,0.8355,0.745,0.745,0.8255,FM-Full_A-None_AdaBN-F,50,50,50
Lee2019_MI,ATCNet,2,21,0.76,0.76,0.9695,0.905,0.905,0.9815,FM-Full_A-None_AdaBN-F,50,50,50
Lee2019_MI,ATCNet,2,22,0.595,0.595,0.6474,0.69,0.69,0.7226,FM-Full_A-None_AdaBN-F,50,50,50
Lee2019_MI,ATCNet,2,23,0.69,0.69,0.8009000000000001,0.785,0.7849999999999999,0.8573,FM-Full_A-None_AdaBN-F,50,50,50
Lee2019_MI,ATCNet,2,24,0.535,0.5349999999999999,0.6014999999999999,0.615,0.615,0.6452,FM-Full_A-None_AdaBN-F,50,50,50
Lee2019_MI,ATCNet,2,28,0.8,0.8,0.8805000000000001,0.81,0.81,0.9143,FM-Full_A-None_AdaBN-F,50,50,50
Lee2019_MI,ATCNet,2,29,0.84,0.8400000000000001,0.909,0.855,0.855,0.9193,FM-Full_A-None_AdaBN-F,50,50,50
Lee2019_MI,ATCNet,2,30,0.625,0.625,0.6327,0.62,0.62,0.7013999999999999,FM-Full_A-None_AdaBN-F,50,50,50
Lee2019_MI,ATCNet,2,32,0.845,0.845,0.9383,0.9,0.9,0.9842,FM-Full_A-None_AdaBN-F,50,50,50
Lee2019_MI,ATCNet,2,36,0.925,0.925,0.979,0.96,0.96,0.9948,FM-Full_A-None_AdaBN-F,50,50,50
Lee2019_MI,ATCNet,2,39,0.7,0.7,0.7749,0.79,0.79,0.8331000000000001,FM-Full_A-None_AdaBN-F,50,50,50
Lee2019_MI,ATCNet,2,40,0.595,0.595,0.6281000000000001,0.655,0.655,0.6881,FM-Full_A-None_AdaBN-F,50,50,50
Lee2019_MI,ATCNet,2,41,0.6,0.6000000000000001,0.6568,0.55,0.55,0.5844,FM-Full_A-None_AdaBN-F,50,50,50
Lee2019_MI,ATCNet,2,42,0.64,0.64,0.6549,0.63,0.63,0.6788000000000001,FM-Full_A-None_AdaBN-F,50,50,50
Lee2019_MI,ATCNet,2,43,0.63,0.63,0.7035,0.67,0.6699999999999999,0.7292000000000001,FM-Full_A-None_AdaBN-F,50,50,50
Lee2019_MI,ATCNet,2,44,0.695,0.6950000000000001,0.8354,0.84,0.8400000000000001,0.9412,FM-Full_A-None_AdaBN-F,50,50,50
Lee2019_MI,ATCNet,2,47,0.66,0.6599999999999999,0.7256999999999999,0.62,0.62,0.6834,FM-Full_A-None_AdaBN-F,50,50,50
Lee2019_MI,ATCNet,2,48,0.6,0.6,0.6873,0.655,0.655,0.6852000000000001,FM-Full_A-None_AdaBN-F,50,50,50
Lee2019_MI,ATCNet,2,52,0.58,0.5800000000000001,0.6729,0.675,0.675,0.7557999999999999,FM-Full_A-None_AdaBN-F,50,50,50
Lee2019_MI,ATCNet,2,54,0.57,0.57,0.5983,0.65,0.65,0.6780999999999999,FM-Full_A-None_AdaBN-F,50,50,50
Lee2019_MI,ShallowConvNet,1,4,0.58,0.5800000000000001,0.5731000000000002,0.62,0.62,0.6758,FM-Full_A-None_AdaBN-F,50,50,50
Lee2019_MI,ShallowConvNet,1,5,0.695,0.6950000000000001,0.7725,0.705,0.705,0.7856,FM-Full_A-None_AdaBN-F,50,50,50
Lee2019_MI,ShallowConvNet,1,6,0.655,0.655,0.7466,0.7,0.7,0.8236,FM-Full_A-None_AdaBN-F,50,50,50
Lee2019_MI,ShallowConvNet,1,7,0.59,0.59,0.6165,0.66,0.6599999999999999,0.7186,FM-Full_A-None_AdaBN-F,50,50,50
Lee2019_MI,ShallowConvNet,1,9,0.605,0.605,0.6792000000000001,0.67,0.6699999999999999,0.7118,FM-Full_A-None_AdaBN-F,50,50,50
Lee2019_MI,ShallowConvNet,1,10,0.53,0.53,0.5733,0.595,0.595,0.6302,FM-Full_A-None_AdaBN-F,50,50,50
Lee2019_MI,ShallowConvNet,1,13,0.5,0.5,0.558,0.595,0.595,0.615,FM-Full_A-None_AdaBN-F,50,50,50
Lee2019_MI,ShallowConvNet,1,14,0.59,0.59,0.5994999999999999,0.575,0.575,0.6285,FM-Full_A-None_AdaBN-F,50,50,50
Lee2019_MI,ShallowConvNet,1,16,0.72,0.72,0.8373,0.755,0.755,0.8606,FM-Full_A-None_AdaBN-F,50,50,50
Lee2019_MI,ShallowConvNet,1,17,0.525,0.525,0.5826999999999999,0.565,0.565,0.5767,FM-Full_A-None_AdaBN-F,50,50,50
Lee2019_MI,ShallowConvNet,1,18,0.675,0.675,0.8021,0.75,0.75,0.8248,FM-Full_A-None_AdaBN-F,50,50,50
Lee2019_MI,ShallowConvNet,1,20,0.655,0.655,0.6708000000000001,0.66,0.6599999999999999,0.7004,FM-Full_A-None_AdaBN-F,50,50,50
Lee2019_MI,ShallowConvNet,1,25,0.79,0.79,0.9007000000000001,0.8,0.8,0.9184,FM-Full_A-None_AdaBN-F,50,50,50
Lee2019_MI,ShallowConvNet,1,26,0.685,0.6849999999999999,0.7959999999999999,0.69,0.69,0.7816,FM-Full_A-None_AdaBN-F,50,50,50
Lee2019_MI,ShallowConvNet,1,27,0.64,0.64,0.6855000000000001,0.69,0.69,0.7994,FM-Full_A-None_AdaBN-F,50,50,50
Lee2019_MI,ShallowConvNet,1,31,0.69,0.69,0.7921,0.71,0.71,0.7702,FM-Full_A-None_AdaBN-F,50,50,50
Lee2019_MI,ShallowConvNet,1,33,0.79,0.79,0.8626999999999999,0.85,0.85,0.9091,FM-Full_A-None_AdaBN-F,50,50,50
Lee2019_MI,ShallowConvNet,1,34,0.55,0.55,0.6160000000000001,0.585,0.585,0.6175999999999999,FM-Full_A-None_AdaBN-F,50,50,50
Lee2019_MI,ShallowConvNet,1,35,0.605,0.605,0.6848000000000001,0.84,0.8400000000000001,0.9145,FM-Full_A-None_AdaBN-F,50,50,50
Lee2019_MI,ShallowConvNet,1,37,0.765,0.765,0.858,0.88,0.88,0.9441,FM-Full_A-None_AdaBN-F,50,50,50
Lee2019_MI,ShallowConvNet,1,38,0.51,0.51,0.5457,0.575,0.575,0.6097,FM-Full_A-None_AdaBN-F,50,50,50
Lee2019_MI,ShallowConvNet,1,45,0.685,0.685,0.7577999999999999,0.705,0.7050000000000001,0.7883,FM-Full_A-None_AdaBN-F,50,50,50
Lee2019_MI,ShallowConvNet,1,46,0.575,0.575,0.6172,0.59,0.59,0.6382000000000001,FM-Full_A-None_AdaBN-F,50,50,50
Lee2019_MI,ShallowConvNet,1,49,0.63,0.63,0.6964,0.665,0.665,0.7553,FM-Full_A-None_AdaBN-F,50,50,50
Lee2019_MI,ShallowConvNet,1,50,0.53,0.53,0.55575,0.6,0.6,0.6213000000000001,FM-Full_A-None_AdaBN-F,50,50,50
Lee2019_MI,ShallowConvNet,1,51,0.6,0.6,0.6405,0.61,0.6100000000000001,0.679,FM-Full_A-None_AdaBN-F,50,50,50
Lee2019_MI,ShallowConvNet,1,53,0.62,0.62,0.6824,0.605,0.605,0.6748999999999999,FM-Full_A-None_AdaBN-F,50,50,50
Lee2019_MI,ShallowConvNet,2,1,0.545,0.545,0.5734,0.525,0.525,0.5947,FM-Full_A-None_AdaBN-F,50,50,50
Lee2019_MI,ShallowConvNet,2,2,0.67,0.67,0.7439999999999999,0.71,0.71,0.7736,FM-Full_A-None_AdaBN-F,50,50,50
Lee2019_MI,ShallowConvNet,2,3,0.62,0.62,0.6658,0.675,0.675,0.7323000000000001,FM-Full_A-None_AdaBN-F,50,50,50
Lee2019_MI,ShallowConvNet,2,8,0.63,0.63,0.6617000000000001,0.6,0.6000000000000001,0.6553,FM-Full_A-None_AdaBN-F,50,50,50
Lee2019_MI,ShallowConvNet,2,11,0.58,0.58,0.5675999999999999,0.52,0.52,0.5635,FM-Full_A-None_AdaBN-F,50,50,50
Lee2019_MI,ShallowConvNet,2,12,0.63,0.63,0.7215,0.61,0.61,0.6716,FM-Full_A-None_AdaBN-F,50,50,50
Lee2019_MI,ShallowConvNet,2,15,0.62,0.62,0.7190000000000001,0.705,0.7050000000000001,0.7403000000000001,FM-Full_A-None_AdaBN-F,50,50,50
Lee2019_MI,ShallowConvNet,2,19,0.655,0.655,0.7267,0.73,0.73,0.7823,FM-Full_A-None_AdaBN-F,50,50,50
Lee2019_MI,ShallowConvNet,2,21,0.775,0.775,0.9199,0.89,0.89,0.9615,FM-Full_A-None_AdaBN-F,50,50,50
Lee2019_MI,ShallowConvNet,2,22,0.595,0.595,0.6109,0.54,0.54,0.5933,FM-Full_A-None_AdaBN-F,50,50,50
Lee2019_MI,ShallowConvNet,2,23,0.64,0.64,0.6989000000000001,0.69,0.69,0.7396999999999999,FM-Full_A-None_AdaBN-F,50,50,50
Lee2019_MI,ShallowConvNet,2,24,0.59,0.59,0.5558000000000001,0.52,0.52,0.5304,FM-Full_A-None_AdaBN-F,50,50,50
Lee2019_MI,ShallowConvNet,2,28,0.725,0.725,0.8216000000000001,0.77,0.77,0.8487999999999999,FM-Full_A-None_AdaBN-F,50,50,50
Lee2019_MI,ShallowConvNet,2,29,0.775,0.775,0.8858,0.84,0.8400000000000001,0.9249,FM-Full_A-None_AdaBN-F,50,50,50
Lee2019_MI,ShallowConvNet,2,30,0.57,0.5700000000000001,0.6203000000000001,0.675,0.675,0.7066000000000001,FM-Full_A-None_AdaBN-F,50,50,50
Lee2019_MI,ShallowConvNet,2,32,0.675,0.675,0.7343999999999999,0.78,0.78,0.8468,FM-Full_A-None_AdaBN-F,50,50,50
Lee2019_MI,ShallowConvNet,2,36,0.865,0.865,0.9497,0.915,0.915,0.9735,FM-Full_A-None_AdaBN-F,50,50,50
Lee2019_MI,ShallowConvNet,2,39,0.66,0.6599999999999999,0.7091000000000001,0.685,0.685,0.7499999999999999,FM-Full_A-None_AdaBN-F,50,50,50
Lee2019_MI,ShallowConvNet,2,40,0.625,0.625,0.6988,0.75,0.75,0.7891,FM-Full_A-None_AdaBN-F,50,50,50
Lee2019_MI,ShallowConvNet,2,41,0.605,0.605,0.6427,0.58,0.5800000000000001,0.618,FM-Full_A-None_AdaBN-F,50,50,50
Lee2019_MI,ShallowConvNet,2,42,0.58,0.5800000000000001,0.6437,0.575,0.575,0.5972999999999999,FM-Full_A-None_AdaBN-F,50,50,50
Lee2019_MI,ShallowConvNet,2,43,0.62,0.62,0.7038,0.63,0.63,0.7295,FM-Full_A-None_AdaBN-F,50,50,50
Lee2019_MI,ShallowConvNet,2,44,0.66,0.6599999999999999,0.7461,0.71,0.71,0.7958,FM-Full_A-None_AdaBN-F,50,50,50
Lee2019_MI,ShallowConvNet,2,47,0.59,0.59,0.6691,0.715,0.715,0.786,FM-Full_A-None_AdaBN-F,50,50,50
Lee2019_MI,ShallowConvNet,2,48,0.57,0.5700000000000001,0.6261000000000001,0.595,0.595,0.6288,FM-Full_A-None_AdaBN-F,50,50,50
Lee2019_MI,ShallowConvNet,2,52,0.64,0.64,0.7062,0.64,0.64,0.7213,FM-Full_A-None_AdaBN-F,50,50,50
Lee2019_MI,ShallowConvNet,2,54,0.63,0.63,0.6747000000000001,0.635,0.635,0.6903,FM-Full_A-None_AdaBN-F,50,50,50
Lee2019_MI,EEGNetv4,1,4,0.65,0.65,0.6572,0.62,0.62,0.6978,FM-Full_A-None_AdaBN-F,50,50,50
Lee2019_MI,EEGNetv4,1,5,0.635,0.635,0.6712,0.68,0.6799999999999999,0.738,FM-Full_A-None_AdaBN-F,50,50,50
Lee2019_MI,EEGNetv4,1,6,0.78,0.78,0.8509,0.825,0.825,0.9084,FM-Full_A-None_AdaBN-F,50,50,50
Lee2019_MI,EEGNetv4,1,7,0.6,0.6,0.6454999999999999,0.605,0.605,0.6428,FM-Full_A-None_AdaBN-F,50,50,50
Lee2019_MI,EEGNetv4,1,9,0.645,0.645,0.6943,0.635,0.635,0.6698,FM-Full_A-None_AdaBN-F,50,50,50
Lee2019_MI,EEGNetv4,1,10,0.595,0.595,0.63345,0.6,0.6,0.6576000000000001,FM-Full_A-None_AdaBN-F,50,50,50
Lee2019_MI,EEGNetv4,1,13,0.66,0.66,0.7769999999999999,0.61,0.61,0.6820999999999999,FM-Full_A-None_AdaBN-F,50,50,50
Lee2019_MI,EEGNetv4,1,14,0.515,0.515,0.5510999999999999,0.54,0.54,0.5549000000000001,FM-Full_A-None_AdaBN-F,50,50,50
Lee2019_MI,EEGNetv4,1,16,0.64,0.64,0.6820999999999999,0.675,0.675,0.7484,FM-Full_A-None_AdaBN-F,50,50,50
Lee2019_MI,EEGNetv4,1,17,0.585,0.585,0.605,0.56,0.56,0.5795,FM-Full_A-None_AdaBN-F,50,50,50
Lee2019_MI,EEGNetv4,1,18,0.74,0.74,0.8302,0.81,0.81,0.8685,FM-Full_A-None_AdaBN-F,50,50,50
Lee2019_MI,EEGNetv4,1,20,0.725,0.725,0.8056,0.695,0.6950000000000001,0.7998,FM-Full_A-None_AdaBN-F,50,50,50
Lee2019_MI,EEGNetv4,1,25,0.775,0.775,0.8888,0.85,0.85,0.94,FM-Full_A-None_AdaBN-F,50,50,50
Lee2019_MI,EEGNetv4,1,26,0.69,0.69,0.8151,0.755,0.755,0.833,FM-Full_A-None_AdaBN-F,50,50,50
Lee2019_MI,EEGNetv4,1,27,0.785,0.785,0.8777,0.825,0.825,0.9085,FM-Full_A-None_AdaBN-F,50,50,50
Lee2019_MI,EEGNetv4,1,31,0.75,0.75,0.8216,0.77,0.77,0.8507,FM-Full_A-None_AdaBN-F,50,50,50
Lee2019_MI,EEGNetv4,1,33,0.735,0.735,0.8200000000000001,0.765,0.765,0.8387,FM-Full_A-None_AdaBN-F,50,50,50
Lee2019_MI,EEGNetv4,1,34,0.635,0.635,0.6749499999999999,0.655,0.655,0.6812,FM-Full_A-None_AdaBN-F,50,50,50
Lee2019_MI,EEGNetv4,1,35,0.785,0.7849999999999999,0.896,0.935,0.935,0.9825,FM-Full_A-None_AdaBN-F,50,50,50
Lee2019_MI,EEGNetv4,1,37,0.695,0.6950000000000001,0.7306,0.7,0.7,0.7649,FM-Full_A-None_AdaBN-F,50,50,50
Lee2019_MI,EEGNetv4,1,38,0.595,0.595,0.6530999999999999,0.64,0.64,0.6973999999999999,FM-Full_A-None_AdaBN-F,50,50,50
Lee2019_MI,EEGNetv4,1,45,0.67,0.6699999999999999,0.7249,0.725,0.725,0.7867000000000002,FM-Full_A-None_AdaBN-F,50,50,50
Lee2019_MI,EEGNetv4,1,46,0.48,0.48,0.4795999999999999,0.515,0.515,0.5395000000000001,FM-Full_A-None_AdaBN-F,50,50,50
Lee2019_MI,EEGNetv4,1,49,0.655,0.655,0.745,0.735,0.735,0.8277,FM-Full_A-None_AdaBN-F,50,50,50
Lee2019_MI,EEGNetv4,1,50,0.525,0.525,0.6068999999999999,0.545,0.545,0.5739,FM-Full_A-None_AdaBN-F,50,50,50
Lee2019_MI,EEGNetv4,1,51,0.64,0.64,0.6745,0.67,0.6699999999999999,0.6991999999999999,FM-Full_A-None_AdaBN-F,50,50,50
Lee2019_MI,EEGNetv4,1,53,0.66,0.66,0.7642,0.72,0.72,0.7966999999999999,FM-Full_A-None_AdaBN-F,50,50,50
Lee2019_MI,EEGNetv4,2,1,0.595,0.595,0.645,0.605,0.605,0.6061,FM-Full_A-None_AdaBN-F,50,50,50
Lee2019_MI,EEGNetv4,2,2,0.685,0.685,0.7422000000000001,0.67,0.67,0.7421000000000001,FM-Full_A-None_AdaBN-F,50,50,50
Lee2019_MI,EEGNetv4,2,3,0.72,0.72,0.7969999999999999,0.75,0.75,0.8429,FM-Full_A-None_AdaBN-F,50,50,50
Lee2019_MI,EEGNetv4,2,8,0.63,0.63,0.6892,0.71,0.71,0.7878000000000001,FM-Full_A-None_AdaBN-F,50,50,50
Lee2019_MI,EEGNetv4,2,11,0.53,0.53,0.5947,0.69,0.69,0.7453000000000001,FM-Full_A-None_AdaBN-F,50,50,50
Lee2019_MI,EEGNetv4,2,12,0.63,0.6299999999999999,0.6721,0.59,0.5900000000000001,0.6729,FM-Full_A-None_AdaBN-F,50,50,50
Lee2019_MI,EEGNetv4,2,15,0.68,0.6799999999999999,0.7522,0.77,0.77,0.8419000000000001,FM-Full_A-None_AdaBN-F,50,50,50
Lee2019_MI,EEGNetv4,2,19,0.65,0.65,0.77185,0.695,0.6950000000000001,0.7569,FM-Full_A-None_AdaBN-F,50,50,50
Lee2019_MI,EEGNetv4,2,21,0.735,0.735,0.9091,0.8,0.8,0.9022,FM-Full_A-None_AdaBN-F,50,50,50
Lee2019_MI,EEGNetv4,2,22,0.56,0.56,0.5896000000000001,0.57,0.5700000000000001,0.5971,FM-Full_A-None_AdaBN-F,50,50,50
Lee2019_MI,EEGNetv4,2,23,0.585,0.585,0.6241,0.595,0.595,0.6346,FM-Full_A-None_AdaBN-F,50,50,50
Lee2019_MI,EEGNetv4,2,24,0.66,0.6599999999999999,0.7346000000000001,0.69,0.69,0.7738,FM-Full_A-None_AdaBN-F,50,50,50
Lee2019_MI,EEGNetv4,2,28,0.72,0.72,0.7967,0.755,0.755,0.8482000000000001,FM-Full_A-None_AdaBN-F,50,50,50
Lee2019_MI,EEGNetv4,2,29,0.65,0.65,0.7406999999999999,0.72,0.72,0.8284,FM-Full_A-None_AdaBN-F,50,50,50
Lee2019_MI,EEGNetv4,2,30,0.62,0.62,0.6821999999999999,0.68,0.6799999999999999,0.7283,FM-Full_A-None_AdaBN-F,50,50,50
Lee2019_MI,EEGNetv4,2,32,0.695,0.6950000000000001,0.7708,0.77,0.77,0.8481,FM-Full_A-None_AdaBN-F,50,50,50
Lee2019_MI,EEGNetv4,2,36,0.8,0.8,0.8923,0.825,0.825,0.9155,FM-Full_A-None_AdaBN-F,50,50,50
Lee2019_MI,EEGNetv4,2,39,0.66,0.66,0.72695,0.635,0.635,0.6916000000000001,FM-Full_A-None_AdaBN-F,50,50,50
Lee2019_MI,EEGNetv4,2,40,0.71,0.71,0.7975,0.765,0.765,0.8313,FM-Full_A-None_AdaBN-F,50,50,50
Lee2019_MI,EEGNetv4,2,41,0.655,0.655,0.7033,0.655,0.655,0.7127999999999999,FM-Full_A-None_AdaBN-F,50,50,50
Lee2019_MI,EEGNetv4,2,42,0.615,0.615,0.6853,0.615,0.615,0.65065,FM-Full_A-None_AdaBN-F,50,50,50
Lee2019_MI,EEGNetv4,2,43,0.685,0.685,0.765,0.725,0.7250000000000001,0.8254,FM-Full_A-None_AdaBN-F,50,50,50
Lee2019_MI,EEGNetv4,2,44,0.675,0.675,0.6667000000000001,0.63,0.63,0.6728,FM-Full_A-None_AdaBN-F,50,50,50
Lee2019_MI,EEGNetv4,2,47,0.715,0.7150000000000001,0.8145999999999999,0.705,0.7050000000000001,0.8062999999999999,FM-Full_A-None_AdaBN-F,50,50,50
Lee2019_MI,EEGNetv4,2,48,0.585,0.585,0.6678,0.6,0.6000000000000001,0.6579999999999999,FM-Full_A-None_AdaBN-F,50,50,50
Lee2019_MI,EEGNetv4,2,52,0.67,0.67,0.7988999999999999,0.74,0.74,0.8441,FM-Full_A-None_AdaBN-F,50,50,50
Lee2019_MI,EEGNetv4,2,54,0.685,0.685,0.7311,0.685,0.685,0.7509,FM-Full_A-None_AdaBN-F,50,50,50
Lee2019_MI,ATCNet,1,4,0.685,0.685,0.7273,0.655,0.655,0.7399000000000001,FM-Full_A-None_AdaBN-F,100,100,100
Lee2019_MI,ATCNet,1,5,0.655,0.655,0.8825000000000001,0.87,0.87,0.9364,FM-Full_A-None_AdaBN-F,100,100,100
Lee2019_MI,ATCNet,1,6,0.615,0.615,0.774,0.765,0.7649999999999999,0.8142999999999999,FM-Full_A-None_AdaBN-F,100,100,100
Lee2019_MI,ATCNet,1,7,0.58,0.58,0.6578999999999999,0.665,0.665,0.7568999999999999,FM-Full_A-None_AdaBN-F,100,100,100
Lee2019_MI,ATCNet,1,9,0.835,0.835,0.9267,0.795,0.795,0.8898,FM-Full_A-None_AdaBN-F,100,100,100
Lee2019_MI,ATCNet,1,10,0.695,0.6950000000000001,0.7334,0.715,0.7150000000000001,0.7616999999999999,FM-Full_A-None_AdaBN-F,100,100,100
Lee2019_MI,ATCNet,1,13,0.585,0.585,0.6286,0.615,0.615,0.6183000000000001,FM-Full_A-None_AdaBN-F,100,100,100
Lee2019_MI,ATCNet,1,14,0.63,0.63,0.6989000000000001,0.67,0.67,0.6962,FM-Full_A-None_AdaBN-F,100,100,100
Lee2019_MI,ATCNet,1,16,0.745,0.745,0.8386,0.805,0.8049999999999999,0.8602,FM-Full_A-None_AdaBN-F,100,100,100
Lee2019_MI,ATCNet,1,17,0.65,0.6499999999999999,0.7242999999999999,0.65,0.65,0.7406,FM-Full_A-None_AdaBN-F,100,100,100
Lee2019_MI,ATCNet,1,18,0.75,0.75,0.9283,0.89,0.89,0.9368,FM-Full_A-None_AdaBN-F,100,100,100
Lee2019_MI,ATCNet,1,20,0.75,0.75,0.8569000000000001,0.76,0.76,0.839,FM-Full_A-None_AdaBN-F,100,100,100
Lee2019_MI,ATCNet,1,25,0.73,0.73,0.8211,0.775,0.7749999999999999,0.8948,FM-Full_A-None_AdaBN-F,100,100,100
Lee2019_MI,ATCNet,1,26,0.77,0.77,0.8287000000000001,0.765,0.765,0.8344999999999999,FM-Full_A-None_AdaBN-F,100,100,100
Lee2019_MI,ATCNet,1,27,0.66,0.6599999999999999,0.7115,0.675,0.675,0.7641000000000001,FM-Full_A-None_AdaBN-F,100,100,100
Lee2019_MI,ATCNet,1,31,0.74,0.74,0.7816000000000001,0.715,0.715,0.813,FM-Full_A-None_AdaBN-F,100,100,100
Lee2019_MI,ATCNet,1,33,0.965,0.965,0.9958,0.97,0.97,0.9957,FM-Full_A-None_AdaBN-F,100,100,100
Lee2019_MI,ATCNet,1,34,0.585,0.585,0.5824,0.585,0.585,0.5723,FM-Full_A-None_AdaBN-F,100,100,100
Lee2019_MI,ATCNet,1,35,0.835,0.835,0.9025,0.92,0.92,0.9768,FM-Full_A-None_AdaBN-F,100,100,100
Lee2019_MI,ATCNet,1,37,0.905,0.905,0.9922,0.955,0.955,0.9902,FM-Full_A-None_AdaBN-F,100,100,100
Lee2019_MI,ATCNet,1,38,0.62,0.62,0.6404000000000001,0.555,0.5549999999999999,0.6102,FM-Full_A-None_AdaBN-F,100,100,100
Lee2019_MI,ATCNet,1,45,0.8,0.8,0.9084,0.845,0.845,0.9205,FM-Full_A-None_AdaBN-F,100,100,100
Lee2019_MI,ATCNet,1,46,0.725,0.725,0.7647999999999999,0.655,0.655,0.7350000000000001,FM-Full_A-None_AdaBN-F,100,100,100
Lee2019_MI,ATCNet,1,49,0.655,0.655,0.7921,0.745,0.745,0.8302,FM-Full_A-None_AdaBN-F,100,100,100
Lee2019_MI,ATCNet,1,50,0.505,0.505,0.5277000000000001,0.57,0.57,0.6161,FM-Full_A-None_AdaBN-F,100,100,100
Lee2019_MI,ATCNet,1,51,0.58,0.58,0.6678,0.605,0.605,0.6318999999999999,FM-Full_A-None_AdaBN-F,100,100,100
Lee2019_MI,ATCNet,1,53,0.6,0.6,0.676,0.64,0.64,0.6833,FM-Full_A-None_AdaBN-F,100,100,100
Lee2019_MI,ATCNet,2,1,0.7,0.7,0.8636999999999999,0.76,0.76,0.8381,FM-Full_A-None_AdaBN-F,100,100,100
Lee2019_MI,ATCNet,2,2,0.61,0.61,0.6840999999999999,0.605,0.605,0.6797000000000001,FM-Full_A-None_AdaBN-F,100,100,100
Lee2019_MI,ATCNet,2,3,0.825,0.825,0.9277,0.845,0.845,0.9307,FM-Full_A-None_AdaBN-F,100,100,100
Lee2019_MI,ATCNet,2,8,0.77,0.77,0.8385,0.745,0.745,0.8106,FM-Full_A-None_AdaBN-F,100,100,100
Lee2019_MI,ATCNet,2,11,0.545,0.545,0.5959,0.55,0.55,0.5852999999999999,FM-Full_A-None_AdaBN-F,100,100,100
Lee2019_MI,ATCNet,2,12,0.68,0.6799999999999999,0.7974,0.775,0.775,0.8297,FM-Full_A-None_AdaBN-F,100,100,100
Lee2019_MI,ATCNet,2,15,0.7,0.7,0.7623,0.755,0.755,0.8092999999999999,FM-Full_A-None_AdaBN-F,100,100,100
Lee2019_MI,ATCNet,2,19,0.765,0.765,0.8709,0.75,0.75,0.8476,FM-Full_A-None_AdaBN-F,100,100,100
Lee2019_MI,ATCNet,2,21,0.88,0.88,0.9945,0.955,0.955,0.9875,FM-Full_A-None_AdaBN-F,100,100,100
Lee2019_MI,ATCNet,2,22,0.69,0.69,0.7905,0.745,0.745,0.8343,FM-Full_A-None_AdaBN-F,100,100,100
Lee2019_MI,ATCNet,2,23,0.765,0.7649999999999999,0.8539,0.84,0.8400000000000001,0.9,FM-Full_A-None_AdaBN-F,100,100,100
Lee2019_MI,ATCNet,2,24,0.625,0.625,0.7275,0.65,0.6499999999999999,0.7416,FM-Full_A-None_AdaBN-F,100,100,100
Lee2019_MI,ATCNet,2,28,0.92,0.92,0.9708,0.935,0.935,0.9819,FM-Full_A-None_AdaBN-F,100,100,100
Lee2019_MI,ATCNet,2,29,0.795,0.7949999999999999,0.8639,0.88,0.88,0.9358,FM-Full_A-None_AdaBN-F,100,100,100
Lee2019_MI,ATCNet,2,30,0.63,0.63,0.7295,0.675,0.675,0.7552000000000001,FM-Full_A-None_AdaBN-F,100,100,100
Lee2019_MI,ATCNet,2,32,0.945,0.945,0.9879,0.96,0.96,0.9939,FM-Full_A-None_AdaBN-F,100,100,100
Lee2019_MI,ATCNet,2,36,0.985,0.985,0.9984,0.99,0.99,0.9984,FM-Full_A-None_AdaBN-F,100,100,100
Lee2019_MI,ATCNet,2,39,0.745,0.745,0.8437,0.765,0.7649999999999999,0.8443999999999999,FM-Full_A-None_AdaBN-F,100,100,100
Lee2019_MI,ATCNet,2,40,0.67,0.6699999999999999,0.7111999999999999,0.66,0.6599999999999999,0.7541,FM-Full_A-None_AdaBN-F,100,100,100
Lee2019_MI,ATCNet,2,41,0.555,0.5549999999999999,0.6610999999999999,0.53,0.53,0.5998,FM-Full_A-None_AdaBN-F,100,100,100
Lee2019_MI,ATCNet,2,42,0.625,0.625,0.6948000000000001,0.69,0.69,0.773,FM-Full_A-None_AdaBN-F,100,100,100
Lee2019_MI,ATCNet,2,43,0.705,0.705,0.8717999999999999,0.76,0.76,0.8642,FM-Full_A-None_AdaBN-F,100,100,100
Lee2019_MI,ATCNet,2,44,0.83,0.83,0.9443,0.89,0.89,0.9604,FM-Full_A-None_AdaBN-F,100,100,100
Lee2019_MI,ATCNet,2,47,0.81,0.81,0.8900999999999999,0.755,0.755,0.8192,FM-Full_A-None_AdaBN-F,100,100,100
Lee2019_MI,ATCNet,2,48,0.59,0.59,0.6397,0.665,0.665,0.7226,FM-Full_A-None_AdaBN-F,100,100,100
Lee2019_MI,ATCNet,2,52,0.68,0.68,0.7695000000000001,0.735,0.735,0.8228,FM-Full_A-None_AdaBN-F,100,100,100
Lee2019_MI,ATCNet,2,54,0.585,0.585,0.6149,0.605,0.605,0.6717,FM-Full_A-None_AdaBN-F,100,100,100
Lee2019_MI,DeepConvNet,1,4,0.655,0.655,0.7219,0.64,0.64,0.7763,FM-Full_A-None_AdaBN-F,100,100,100
Lee2019_MI,DeepConvNet,1,5,0.615,0.615,0.8311999999999999,0.825,0.825,0.9012,FM-Full_A-None_AdaBN-F,100,100,100
Lee2019_MI,DeepConvNet,1,6,0.87,0.8700000000000001,0.9578,0.895,0.895,0.9681,FM-Full_A-None_AdaBN-F,100,100,100
Lee2019_MI,DeepConvNet,1,7,0.74,0.74,0.7365,0.695,0.6950000000000001,0.8174999999999999,FM-Full_A-None_AdaBN-F,100,100,100
Lee2019_MI,DeepConvNet,1,9,0.78,0.78,0.8899,0.795,0.7949999999999999,0.8918,FM-Full_A-None_AdaBN-F,100,100,100
Lee2019_MI,DeepConvNet,1,10,0.665,0.665,0.7420000000000001,0.725,0.725,0.8011,FM-Full_A-None_AdaBN-F,100,100,100
Lee2019_MI,DeepConvNet,1,13,0.63,0.63,0.7477999999999999,0.64,0.64,0.7001000000000001,FM-Full_A-None_AdaBN-F,100,100,100
Lee2019_MI,DeepConvNet,1,14,0.625,0.625,0.6909000000000001,0.655,0.655,0.7063999999999999,FM-Full_A-None_AdaBN-F,100,100,100
Lee2019_MI,DeepConvNet,1,16,0.835,0.835,0.9293,0.845,0.845,0.9166999999999998,FM-Full_A-None_AdaBN-F,100,100,100
Lee2019_MI,DeepConvNet,1,17,0.625,0.625,0.6982,0.665,0.665,0.6794,FM-Full_A-None_AdaBN-F,100,100,100
Lee2019_MI,DeepConvNet,1,18,0.865,0.865,0.9405,0.875,0.875,0.9682,FM-Full_A-None_AdaBN-F,100,100,100
Lee2019_MI,DeepConvNet,1,20,0.86,0.86,0.9195,0.82,0.8200000000000001,0.917,FM-Full_A-None_AdaBN-F,100,100,100
Lee2019_MI,DeepConvNet,1,25,0.845,0.845,0.9395,0.86,0.8600000000000001,0.9568,FM-Full_A-None_AdaBN-F,100,100,100
Lee2019_MI,DeepConvNet,1,26,0.79,0.79,0.9066,0.825,0.825,0.9158,FM-Full_A-None_AdaBN-F,100,100,100
Lee2019_MI,DeepConvNet,1,27,0.87,0.87,0.9456,0.855,0.855,0.9502,FM-Full_A-None_AdaBN-F,100,100,100
Lee2019_MI,DeepConvNet,1,31,0.835,0.835,0.9185,0.83,0.83,0.9068,FM-Full_A-None_AdaBN-F,100,100,100
Lee2019_MI,DeepConvNet,1,33,0.875,0.875,0.9437,0.895,0.895,0.96385,FM-Full_A-None_AdaBN-F,100,100,100
Lee2019_MI,DeepConvNet,1,34,0.605,0.605,0.66975,0.64,0.64,0.7081,FM-Full_A-None_AdaBN-F,100,100,100
Lee2019_MI,DeepConvNet,1,35,0.74,0.74,0.9792,0.945,0.945,0.9894,FM-Full_A-None_AdaBN-F,100,100,100
Lee2019_MI,DeepConvNet,1,37,0.88,0.88,0.9575,0.935,0.935,0.9888,FM-Full_A-None_AdaBN-F,100,100,100
Lee2019_MI,DeepConvNet,1,38,0.595,0.595,0.7646000000000001,0.71,0.71,0.8219,FM-Full_A-None_AdaBN-F,100,100,100
Lee2019_MI,DeepConvNet,1,45,0.85,0.8500000000000001,0.9238,0.87,0.87,0.9508,FM-Full_A-None_AdaBN-F,100,100,100
Lee2019_MI,DeepConvNet,1,46,0.625,0.625,0.7319,0.6,0.6,0.6949000000000001,FM-Full_A-None_AdaBN-F,100,100,100
Lee2019_MI,DeepConvNet,1,49,0.775,0.775,0.9239,0.82,0.8200000000000001,0.9479,FM-Full_A-None_AdaBN-F,100,100,100
Lee2019_MI,DeepConvNet,1,50,0.555,0.5549999999999999,0.60435,0.635,0.635,0.6958,FM-Full_A-None_AdaBN-F,100,100,100
Lee2019_MI,DeepConvNet,1,51,0.74,0.74,0.794,0.785,0.785,0.837,FM-Full_A-None_AdaBN-F,100,100,100
Lee2019_MI,DeepConvNet,1,53,0.775,0.7749999999999999,0.8457,0.74,0.74,0.8528,FM-Full_A-None_AdaBN-F,100,100,100
Lee2019_MI,DeepConvNet,2,1,0.675,0.675,0.7191000000000001,0.66,0.6599999999999999,0.6937,FM-Full_A-None_AdaBN-F,100,100,100
Lee2019_MI,DeepConvNet,2,2,0.735,0.735,0.8068000000000001,0.73,0.73,0.7968999999999999,FM-Full_A-None_AdaBN-F,100,100,100
Lee2019_MI,DeepConvNet,2,3,0.77,0.77,0.8936,0.865,0.865,0.939,FM-Full_A-None_AdaBN-F,100,100,100
Lee2019_MI,DeepConvNet,2,8,0.675,0.675,0.7744000000000001,0.775,0.775,0.8387,FM-Full_A-None_AdaBN-F,100,100,100
Lee2019_MI,DeepConvNet,2,11,0.66,0.6599999999999999,0.7709999999999999,0.65,0.6499999999999999,0.7718,FM-Full_A-None_AdaBN-F,100,100,100
Lee2019_MI,DeepConvNet,2,12,0.775,0.775,0.8326,0.78,0.78,0.8749,FM-Full_A-None_AdaBN-F,100,100,100
Lee2019_MI,DeepConvNet,2,15,0.78,0.78,0.8818999999999999,0.845,0.845,0.9277,FM-Full_A-None_AdaBN-F,100,100,100
Lee2019_MI,DeepConvNet,2,19,0.755,0.755,0.8713000000000001,0.76,0.76,0.885,FM-Full_A-None_AdaBN-F,100,100,100
Lee2019_MI,DeepConvNet,2,21,0.92,0.92,0.9661,0.955,0.955,0.9841,FM-Full_A-None_AdaBN-F,100,100,100
Lee2019_MI,DeepConvNet,2,22,0.675,0.675,0.7505999999999999,0.66,0.66,0.6929000000000001,FM-Full_A-None_AdaBN-F,100,100,100
Lee2019_MI,DeepConvNet,2,23,0.655,0.655,0.725,0.65,0.65,0.7206,FM-Full_A-None_AdaBN-F,100,100,100
Lee2019_MI,DeepConvNet,2,24,0.71,0.71,0.8414,0.8,0.8,0.8857,FM-Full_A-None_AdaBN-F,100,100,100
Lee2019_MI,DeepConvNet,2,28,0.785,0.7849999999999999,0.8815,0.835,0.835,0.9245,FM-Full_A-None_AdaBN-F,100,100,100
Lee2019_MI,DeepConvNet,2,29,0.73,0.73,0.7985000000000001,0.83,0.83,0.92,FM-Full_A-None_AdaBN-F,100,100,100
Lee2019_MI,DeepConvNet,2,30,0.7,0.7,0.8211,0.735,0.735,0.8308,FM-Full_A-None_AdaBN-F,100,100,100
Lee2019_MI,DeepConvNet,2,32,0.815,0.815,0.8729,0.86,0.8600000000000001,0.9519,FM-Full_A-None_AdaBN-F,100,100,100
Lee2019_MI,DeepConvNet,2,36,0.885,0.885,0.9864,0.945,0.945,0.9914,FM-Full_A-None_AdaBN-F,100,100,100
Lee2019_MI,DeepConvNet,2,39,0.745,0.745,0.7952999999999999,0.73,0.73,0.8218,FM-Full_A-None_AdaBN-F,100,100,100
Lee2019_MI,DeepConvNet,2,40,0.825,0.825,0.8983,0.865,0.865,0.9308,FM-Full_A-None_AdaBN-F,100,100,100
Lee2019_MI,DeepConvNet,2,41,0.66,0.66,0.7716000000000001,0.775,0.775,0.8399,FM-Full_A-None_AdaBN-F,100,100,100
Lee2019_MI,DeepConvNet,2,42,0.67,0.67,0.7451,0.695,0.6950000000000001,0.7754,FM-Full_A-None_AdaBN-F,100,100,100
Lee2019_MI,DeepConvNet,2,43,0.85,0.8500000000000001,0.927,0.855,0.855,0.9222,FM-Full_A-None_AdaBN-F,100,100,100
Lee2019_MI,DeepConvNet,2,44,0.715,0.7150000000000001,0.7702,0.705,0.7050000000000001,0.8095999999999999,FM-Full_A-None_AdaBN-F,100,100,100
Lee2019_MI,DeepConvNet,2,47,0.76,0.76,0.8878999999999999,0.815,0.815,0.8925,FM-Full_A-None_AdaBN-F,100,100,100
Lee2019_MI,DeepConvNet,2,48,0.68,0.6799999999999999,0.782,0.695,0.6950000000000001,0.7666000000000001,FM-Full_A-None_AdaBN-F,100,100,100
Lee2019_MI,DeepConvNet,2,52,0.75,0.75,0.8146000000000001,0.785,0.7849999999999999,0.8708,FM-Full_A-None_AdaBN-F,100,100,100
Lee2019_MI,DeepConvNet,2,54,0.67,0.6699999999999999,0.7413,0.705,0.7050000000000001,0.7675000000000001,FM-Full_A-None_AdaBN-F,100,100,100
Lee2019_MI,EEGNetv4,1,4,0.595,0.595,0.6334,0.655,0.655,0.7180000000000001,FM-Full_A-None_AdaBN-F,100,100,100
Lee2019_MI,EEGNetv4,1,5,0.635,0.635,0.6814000000000001,0.715,0.7150000000000001,0.7602,FM-Full_A-None_AdaBN-F,100,100,100
Lee2019_MI,EEGNetv4,1,6,0.78,0.78,0.898,0.84,0.84,0.9454,FM-Full_A-None_AdaBN-F,100,100,100
Lee2019_MI,EEGNetv4,1,7,0.61,0.61,0.6719,0.62,0.6200000000000001,0.6828,FM-Full_A-None_AdaBN-F,100,100,100
Lee2019_MI,EEGNetv4,1,9,0.685,0.685,0.7783,0.72,0.72,0.796,FM-Full_A-None_AdaBN-F,100,100,100
Lee2019_MI,EEGNetv4,1,10,0.72,0.72,0.7576000000000002,0.705,0.7050000000000001,0.7875,FM-Full_A-None_AdaBN-F,100,100,100
Lee2019_MI,EEGNetv4,1,13,0.725,0.725,0.82715,0.735,0.735,0.8077000000000002,FM-Full_A-None_AdaBN-F,100,100,100
Lee2019_MI,EEGNetv4,1,14,0.58,0.5800000000000001,0.6433,0.585,0.585,0.6270000000000001,FM-Full_A-None_AdaBN-F,100,100,100
Lee2019_MI,EEGNetv4,1,16,0.735,0.7350000000000001,0.8140000000000001,0.785,0.7849999999999999,0.8782,FM-Full_A-None_AdaBN-F,100,100,100
Lee2019_MI,EEGNetv4,1,17,0.64,0.6399999999999999,0.6584,0.575,0.575,0.62765,FM-Full_A-None_AdaBN-F,100,100,100
Lee2019_MI,EEGNetv4,1,18,0.775,0.7749999999999999,0.8859,0.855,0.855,0.9085,FM-Full_A-None_AdaBN-F,100,100,100
Lee2019_MI,EEGNetv4,1,20,0.75,0.75,0.8742,0.795,0.795,0.8632000000000001,FM-Full_A-None_AdaBN-F,100,100,100
Lee2019_MI,EEGNetv4,1,25,0.885,0.885,0.9535,0.88,0.88,0.9582,FM-Full_A-None_AdaBN-F,100,100,100
Lee2019_MI,EEGNetv4,1,26,0.75,0.75,0.8603000000000001,0.745,0.745,0.8855999999999999,FM-Full_A-None_AdaBN-F,100,100,100
Lee2019_MI,EEGNetv4,1,27,0.83,0.8300000000000001,0.9074,0.855,0.855,0.9265,FM-Full_A-None_AdaBN-F,100,100,100
Lee2019_MI,EEGNetv4,1,31,0.8,0.8,0.8872,0.835,0.835,0.9021,FM-Full_A-None_AdaBN-F,100,100,100
Lee2019_MI,EEGNetv4,1,33,0.8,0.8,0.9029,0.815,0.815,0.9245,FM-Full_A-None_AdaBN-F,100,100,100
Lee2019_MI,EEGNetv4,1,34,0.655,0.655,0.6497,0.67,0.6699999999999999,0.701,FM-Full_A-None_AdaBN-F,100,100,100
Lee2019_MI,EEGNetv4,1,35,0.83,0.8300000000000001,0.9597,0.935,0.935,0.9859,FM-Full_A-None_AdaBN-F,100,100,100
Lee2019_MI,EEGNetv4,1,37,0.81,0.81,0.8927999999999999,0.84,0.8400000000000001,0.9374,FM-Full_A-None_AdaBN-F,100,100,100
Lee2019_MI,EEGNetv4,1,38,0.615,0.615,0.722,0.695,0.6950000000000001,0.8041,FM-Full_A-None_AdaBN-F,100,100,100
Lee2019_MI,EEGNetv4,1,45,0.76,0.76,0.8439000000000001,0.79,0.79,0.871,FM-Full_A-None_AdaBN-F,100,100,100
Lee2019_MI,EEGNetv4,1,46,0.55,0.55,0.6648000000000001,0.54,0.54,0.6344,FM-Full_A-None_AdaBN-F,100,100,100
Lee2019_MI,EEGNetv4,1,49,0.735,0.735,0.8839,0.835,0.835,0.9135,FM-Full_A-None_AdaBN-F,100,100,100
Lee2019_MI,EEGNetv4,1,50,0.51,0.51,0.6303500000000001,0.575,0.575,0.6413,FM-Full_A-None_AdaBN-F,100,100,100
Lee2019_MI,EEGNetv4,1,51,0.715,0.715,0.7903,0.685,0.685,0.7667,FM-Full_A-None_AdaBN-F,100,100,100
Lee2019_MI,EEGNetv4,1,53,0.775,0.775,0.8359000000000001,0.74,0.74,0.8367,FM-Full_A-None_AdaBN-F,100,100,100
Lee2019_MI,EEGNetv4,2,1,0.62,0.62,0.6663000000000001,0.645,0.645,0.6751,FM-Full_A-None_AdaBN-F,100,100,100
Lee2019_MI,EEGNetv4,2,2,0.7,0.7,0.7976,0.715,0.715,0.7975,FM-Full_A-None_AdaBN-F,100,100,100
Lee2019_MI,EEGNetv4,2,3,0.74,0.74,0.8291,0.8,0.8,0.8832000000000001,FM-Full_A-None_AdaBN-F,100,100,100
Lee2019_MI,EEGNetv4,2,8,0.695,0.6950000000000001,0.77425,0.685,0.685,0.8019999999999999,FM-Full_A-None_AdaBN-F,100,100,100
Lee2019_MI,EEGNetv4,2,11,0.595,0.595,0.6796,0.665,0.665,0.7202999999999999,FM-Full_A-None_AdaBN-F,100,100,100
Lee2019_MI,EEGNetv4,2,12,0.7,0.7,0.75115,0.695,0.6950000000000001,0.7795500000000001,FM-Full_A-None_AdaBN-F,100,100,100
Lee2019_MI,EEGNetv4,2,15,0.705,0.7050000000000001,0.8533,0.785,0.7849999999999999,0.8956999999999999,FM-Full_A-None_AdaBN-F,100,100,100
Lee2019_MI,EEGNetv4,2,19,0.76,0.76,0.8425999999999999,0.745,0.7450000000000001,0.8292,FM-Full_A-None_AdaBN-F,100,100,100
Lee2019_MI,EEGNetv4,2,21,0.845,0.845,0.93825,0.87,0.87,0.9267,FM-Full_A-None_AdaBN-F,100,100,100
Lee2019_MI,EEGNetv4,2,22,0.57,0.5700000000000001,0.5808000000000001,0.565,0.565,0.6020000000000001,FM-Full_A-None_AdaBN-F,100,100,100
Lee2019_MI,EEGNetv4,2,23,0.6,0.6,0.6697000000000001,0.625,0.625,0.7049,FM-Full_A-None_AdaBN-F,100,100,100
Lee2019_MI,EEGNetv4,2,24,0.695,0.695,0.8329,0.785,0.7849999999999999,0.862,FM-Full_A-None_AdaBN-F,100,100,100
Lee2019_MI,EEGNetv4,2,28,0.765,0.765,0.8591,0.78,0.78,0.8841000000000001,FM-Full_A-None_AdaBN-F,100,100,100
Lee2019_MI,EEGNetv4,2,29,0.72,0.72,0.7716000000000001,0.78,0.78,0.8737999999999999,FM-Full_A-None_AdaBN-F,100,100,100
Lee2019_MI,EEGNetv4,2,30,0.74,0.74,0.8031,0.755,0.755,0.8171000000000002,FM-Full_A-None_AdaBN-F,100,100,100
Lee2019_MI,EEGNetv4,2,32,0.74,0.74,0.8185,0.805,0.805,0.8823,FM-Full_A-None_AdaBN-F,100,100,100
Lee2019_MI,EEGNetv4,2,36,0.865,0.865,0.9545,0.87,0.87,0.9616,FM-Full_A-None_AdaBN-F,100,100,100
Lee2019_MI,EEGNetv4,2,39,0.665,0.665,0.7418,0.69,0.69,0.7626,FM-Full_A-None_AdaBN-F,100,100,100
Lee2019_MI,EEGNetv4,2,40,0.76,0.76,0.8761,0.82,0.8200000000000001,0.9122,FM-Full_A-None_AdaBN-F,100,100,100
Lee2019_MI,EEGNetv4,2,41,0.68,0.6799999999999999,0.7048000000000001,0.665,0.665,0.7212,FM-Full_A-None_AdaBN-F,100,100,100
Lee2019_MI,EEGNetv4,2,42,0.685,0.685,0.7279,0.675,0.675,0.7213,FM-Full_A-None_AdaBN-F,100,100,100
Lee2019_MI,EEGNetv4,2,43,0.78,0.78,0.8548,0.795,0.7949999999999999,0.8748,FM-Full_A-None_AdaBN-F,100,100,100
Lee2019_MI,EEGNetv4,2,44,0.64,0.64,0.6687,0.725,0.7250000000000001,0.8006,FM-Full_A-None_AdaBN-F,100,100,100
Lee2019_MI,EEGNetv4,2,47,0.765,0.765,0.8492000000000001,0.81,0.81,0.8658999999999999,FM-Full_A-None_AdaBN-F,100,100,100
Lee2019_MI,EEGNetv4,2,48,0.645,0.645,0.7347,0.685,0.685,0.7351999999999999,FM-Full_A-None_AdaBN-F,100,100,100
Lee2019_MI,EEGNetv4,2,52,0.725,0.725,0.8183,0.785,0.7849999999999999,0.877,FM-Full_A-None_AdaBN-F,100,100,100
Lee2019_MI,EEGNetv4,2,54,0.74,0.74,0.8041,0.745,0.745,0.8079000000000001,FM-Full_A-None_AdaBN-F,100,100,100
Lee2019_MI,ShallowConvNet,1,4,0.545,0.5449999999999999,0.6178,0.63,0.63,0.6930000000000001,FM-Full_A-None_AdaBN-F,100,100,100
Lee2019_MI,ShallowConvNet,1,5,0.695,0.695,0.7803,0.745,0.745,0.8369999999999999,FM-Full_A-None_AdaBN-F,100,100,100
Lee2019_MI,ShallowConvNet,1,6,0.64,0.64,0.8143999999999999,0.765,0.765,0.8555,FM-Full_A-None_AdaBN-F,100,100,100
Lee2019_MI,ShallowConvNet,1,7,0.585,0.585,0.5975,0.65,0.6499999999999999,0.686,FM-Full_A-None_AdaBN-F,100,100,100
Lee2019_MI,ShallowConvNet,1,9,0.6,0.6,0.7327,0.615,0.615,0.7065999999999999,FM-Full_A-None_AdaBN-F,100,100,100
Lee2019_MI,ShallowConvNet,1,10,0.595,0.595,0.6476999999999999,0.625,0.625,0.7121000000000001,FM-Full_A-None_AdaBN-F,100,100,100
Lee2019_MI,ShallowConvNet,1,13,0.635,0.635,0.6828000000000001,0.64,0.64,0.6956,FM-Full_A-None_AdaBN-F,100,100,100
Lee2019_MI,ShallowConvNet,1,14,0.585,0.585,0.6233000000000001,0.645,0.645,0.6711,FM-Full_A-None_AdaBN-F,100,100,100
Lee2019_MI,ShallowConvNet,1,16,0.765,0.765,0.8786,0.815,0.815,0.8869,FM-Full_A-None_AdaBN-F,100,100,100
Lee2019_MI,ShallowConvNet,1,17,0.57,0.5700000000000001,0.5932,0.56,0.56,0.5778,FM-Full_A-None_AdaBN-F,100,100,100
Lee2019_MI,ShallowConvNet,1,18,0.785,0.785,0.8915,0.82,0.8200000000000001,0.9046,FM-Full_A-None_AdaBN-F,100,100,100
Lee2019_MI,ShallowConvNet,1,20,0.675,0.675,0.7543,0.71,0.71,0.8007000000000001,FM-Full_A-None_AdaBN-F,100,100,100
Lee2019_MI,ShallowConvNet,1,25,0.755,0.755,0.8777999999999999,0.81,0.81,0.8963,FM-Full_A-None_AdaBN-F,100,100,100
Lee2019_MI,ShallowConvNet,1,26,0.815,0.815,0.8796999999999999,0.79,0.79,0.8797,FM-Full_A-None_AdaBN-F,100,100,100
Lee2019_MI,ShallowConvNet,1,27,0.62,0.62,0.6940000000000001,0.685,0.685,0.7775000000000001,FM-Full_A-None_AdaBN-F,100,100,100
Lee2019_MI,ShallowConvNet,1,31,0.645,0.645,0.7924,0.73,0.73,0.786,FM-Full_A-None_AdaBN-F,100,100,100
Lee2019_MI,ShallowConvNet,1,33,0.87,0.87,0.9456,0.875,0.875,0.95,FM-Full_A-None_AdaBN-F,100,100,100
Lee2019_MI,ShallowConvNet,1,34,0.525,0.525,0.56845,0.565,0.565,0.5952999999999999,FM-Full_A-None_AdaBN-F,100,100,100
Lee2019_MI,ShallowConvNet,1,35,0.69,0.69,0.7592,0.845,0.845,0.9385,FM-Full_A-None_AdaBN-F,100,100,100
Lee2019_MI,ShallowConvNet,1,37,0.8,0.8,0.9422,0.92,0.92,0.9732,FM-Full_A-None_AdaBN-F,100,100,100
Lee2019_MI,ShallowConvNet,1,38,0.57,0.5700000000000001,0.6371000000000001,0.595,0.595,0.6759000000000001,FM-Full_A-None_AdaBN-F,100,100,100
Lee2019_MI,ShallowConvNet,1,45,0.715,0.7150000000000001,0.8060999999999999,0.745,0.7450000000000001,0.8414,FM-Full_A-None_AdaBN-F,100,100,100
Lee2019_MI,ShallowConvNet,1,46,0.66,0.66,0.7108000000000001,0.63,0.63,0.6947,FM-Full_A-None_AdaBN-F,100,100,100
Lee2019_MI,ShallowConvNet,1,49,0.715,0.715,0.7812,0.77,0.77,0.8473999999999999,FM-Full_A-None_AdaBN-F,100,100,100
Lee2019_MI,ShallowConvNet,1,50,0.525,0.525,0.5249000000000001,0.53,0.53,0.5663,FM-Full_A-None_AdaBN-F,100,100,100
Lee2019_MI,ShallowConvNet,1,51,0.63,0.63,0.7097000000000001,0.575,0.575,0.6656000000000001,FM-Full_A-None_AdaBN-F,100,100,100
Lee2019_MI,ShallowConvNet,1,53,0.655,0.655,0.7517,0.63,0.63,0.6959,FM-Full_A-None_AdaBN-F,100,100,100
Lee2019_MI,ShallowConvNet,2,1,0.59,0.59,0.6935000000000001,0.61,0.61,0.6690999999999998,FM-Full_A-None_AdaBN-F,100,100,100
Lee2019_MI,ShallowConvNet,2,2,0.745,0.745,0.8346999999999999,0.78,0.78,0.866,FM-Full_A-None_AdaBN-F,100,100,100
Lee2019_MI,ShallowConvNet,2,3,0.63,0.63,0.75585,0.785,0.785,0.8697,FM-Full_A-None_AdaBN-F,100,100,100
Lee2019_MI,ShallowConvNet,2,8,0.64,0.64,0.7222000000000001,0.67,0.6699999999999999,0.73,FM-Full_A-None_AdaBN-F,100,100,100
Lee2019_MI,ShallowConvNet,2,11,0.545,0.5449999999999999,0.5827,0.535,0.5349999999999999,0.5938,FM-Full_A-None_AdaBN-F,100,100,100
Lee2019_MI,ShallowConvNet,2,12,0.705,0.705,0.7979999999999999,0.765,0.765,0.8221,FM-Full_A-None_AdaBN-F,100,100,100
Lee2019_MI,ShallowConvNet,2,15,0.645,0.645,0.7271,0.75,0.75,0.8205000000000001,FM-Full_A-None_AdaBN-F,100,100,100
Lee2019_MI,ShallowConvNet,2,19,0.75,0.75,0.8331999999999999,0.745,0.745,0.8523000000000001,FM-Full_A-None_AdaBN-F,100,100,100
Lee2019_MI,ShallowConvNet,2,21,0.875,0.875,0.9877,0.965,0.965,0.9881,FM-Full_A-None_AdaBN-F,100,100,100
Lee2019_MI,ShallowConvNet,2,22,0.655,0.655,0.749,0.665,0.665,0.7243999999999997,FM-Full_A-None_AdaBN-F,100,100,100
Lee2019_MI,ShallowConvNet,2,23,0.7,0.7,0.7885,0.74,0.74,0.8011,FM-Full_A-None_AdaBN-F,100,100,100
Lee2019_MI,ShallowConvNet,2,24,0.595,0.595,0.6624000000000001,0.62,0.62,0.6557000000000002,FM-Full_A-None_AdaBN-F,100,100,100
Lee2019_MI,ShallowConvNet,2,28,0.795,0.7949999999999999,0.9024,0.86,0.86,0.9399,FM-Full_A-None_AdaBN-F,100,100,100
Lee2019_MI,ShallowConvNet,2,29,0.75,0.75,0.835,0.865,0.865,0.9098,FM-Full_A-None_AdaBN-F,100,100,100
Lee2019_MI,ShallowConvNet,2,30,0.65,0.65,0.7455,0.71,0.71,0.7759999999999999,FM-Full_A-None_AdaBN-F,100,100,100
Lee2019_MI,ShallowConvNet,2,32,0.825,0.825,0.9107,0.895,0.895,0.9402,FM-Full_A-None_AdaBN-F,100,100,100
Lee2019_MI,ShallowConvNet,2,36,0.965,0.965,0.9939,0.96,0.96,0.9942,FM-Full_A-None_AdaBN-F,100,100,100
Lee2019_MI,ShallowConvNet,2,39,0.735,0.735,0.8072,0.745,0.745,0.8194,FM-Full_A-None_AdaBN-F,100,100,100
Lee2019_MI,ShallowConvNet,2,40,0.715,0.7150000000000001,0.8016000000000001,0.71,0.71,0.8111999999999999,FM-Full_A-None_AdaBN-F,100,100,100
Lee2019_MI,ShallowConvNet,2,41,0.66,0.66,0.7411000000000001,0.65,0.65,0.6811999999999999,FM-Full_A-None_AdaBN-F,100,100,100
Lee2019_MI,ShallowConvNet,2,42,0.63,0.63,0.6767,0.615,0.615,0.6798,FM-Full_A-None_AdaBN-F,100,100,100
Lee2019_MI,ShallowConvNet,2,43,0.64,0.64,0.8518,0.785,0.7849999999999999,0.8683,FM-Full_A-None_AdaBN-F,100,100,100
Lee2019_MI,ShallowConvNet,2,44,0.66,0.6599999999999999,0.7738,0.725,0.725,0.7954,FM-Full_A-None_AdaBN-F,100,100,100
Lee2019_MI,ShallowConvNet,2,47,0.69,0.69,0.8045,0.735,0.735,0.8124,FM-Full_A-None_AdaBN-F,100,100,100
Lee2019_MI,ShallowConvNet,2,48,0.635,0.635,0.7025999999999999,0.695,0.6950000000000001,0.7184,FM-Full_A-None_AdaBN-F,100,100,100
Lee2019_MI,ShallowConvNet,2,52,0.665,0.665,0.7990999999999999,0.715,0.715,0.7938,FM-Full_A-None_AdaBN-F,100,100,100
Lee2019_MI,ShallowConvNet,2,54,0.695,0.695,0.7396,0.655,0.655,0.7098,FM-Full_A-None_AdaBN-F,100,100,100
Lee2019_MI,ATCNet,1,4,0.72,0.72,0.7912,0.7,0.7,0.7882,FM-Full_A-None_AdaBN-F,150,150,150
Lee2019_MI,ATCNet,1,5,0.81,0.81,0.9287,0.89,0.89,0.9548,FM-Full_A-None_AdaBN-F,150,150,150
Lee2019_MI,ATCNet,1,6,0.715,0.715,0.8215000000000001,0.825,0.825,0.8868,FM-Full_A-None_AdaBN-F,150,150,150
Lee2019_MI,ATCNet,1,7,0.645,0.645,0.7245,0.765,0.765,0.8446,FM-Full_A-None_AdaBN-F,150,150,150
Lee2019_MI,ATCNet,1,9,0.835,0.835,0.9358,0.83,0.8300000000000001,0.9046,FM-Full_A-None_AdaBN-F,150,150,150
Lee2019_MI,ATCNet,1,10,0.685,0.685,0.7457,0.72,0.72,0.7786,FM-Full_A-None_AdaBN-F,150,150,150
Lee2019_MI,ATCNet,1,13,0.66,0.66,0.7130000000000001,0.615,0.615,0.6561000000000001,FM-Full_A-None_AdaBN-F,150,150,150
Lee2019_MI,ATCNet,1,14,0.63,0.63,0.7403,0.725,0.725,0.7664,FM-Full_A-None_AdaBN-F,150,150,150
Lee2019_MI,ATCNet,1,16,0.775,0.775,0.8403999999999999,0.795,0.795,0.8851000000000001,FM-Full_A-None_AdaBN-F,150,150,150
Lee2019_MI,ATCNet,1,17,0.71,0.71,0.7482,0.7,0.7,0.743,FM-Full_A-None_AdaBN-F,150,150,150
Lee2019_MI,ATCNet,1,18,0.835,0.835,0.9583,0.905,0.905,0.9556,FM-Full_A-None_AdaBN-F,150,150,150
Lee2019_MI,ATCNet,1,20,0.74,0.74,0.8541,0.74,0.74,0.8232999999999999,FM-Full_A-None_AdaBN-F,150,150,150
Lee2019_MI,ATCNet,1,25,0.795,0.7949999999999999,0.8925,0.82,0.8200000000000001,0.9277,FM-Full_A-None_AdaBN-F,150,150,150
Lee2019_MI,ATCNet,1,26,0.74,0.74,0.8313,0.745,0.745,0.8368,FM-Full_A-None_AdaBN-F,150,150,150
Lee2019_MI,ATCNet,1,27,0.705,0.7050000000000001,0.7782,0.7,0.7,0.7876000000000001,FM-Full_A-None_AdaBN-F,150,150,150
Lee2019_MI,ATCNet,1,31,0.71,0.71,0.7906000000000001,0.735,0.735,0.8122,FM-Full_A-None_AdaBN-F,150,150,150
Lee2019_MI,ATCNet,1,33,0.98,0.98,0.9974,0.98,0.98,0.9969,FM-Full_A-None_AdaBN-F,150,150,150
Lee2019_MI,ATCNet,1,34,0.535,0.535,0.5492,0.54,0.54,0.5560999999999999,FM-Full_A-None_AdaBN-F,150,150,150
Lee2019_MI,ATCNet,1,35,0.715,0.715,0.8539,0.925,0.925,0.9796,FM-Full_A-None_AdaBN-F,150,150,150
Lee2019_MI,ATCNet,1,37,0.975,0.975,0.9972,0.955,0.955,0.997,FM-Full_A-None_AdaBN-F,150,150,150
Lee2019_MI,ATCNet,1,38,0.57,0.57,0.6418999999999999,0.62,0.62,0.6786,FM-Full_A-None_AdaBN-F,150,150,150
Lee2019_MI,ATCNet,1,45,0.775,0.7749999999999999,0.8836999999999999,0.865,0.865,0.9328,FM-Full_A-None_AdaBN-F,150,150,150
Lee2019_MI,ATCNet,1,46,0.665,0.665,0.7845,0.7,0.7,0.7776,FM-Full_A-None_AdaBN-F,150,150,150
Lee2019_MI,ATCNet,1,49,0.7,0.7,0.8978999999999999,0.81,0.81,0.9111,FM-Full_A-None_AdaBN-F,150,150,150
Lee2019_MI,ATCNet,1,50,0.5,0.5,0.5674999999999999,0.625,0.625,0.6628000000000001,FM-Full_A-None_AdaBN-F,150,150,150
Lee2019_MI,ATCNet,1,51,0.655,0.655,0.7042999999999999,0.6,0.6,0.6267999999999999,FM-Full_A-None_AdaBN-F,150,150,150
Lee2019_MI,ATCNet,1,53,0.605,0.605,0.7348,0.67,0.6699999999999999,0.7069,FM-Full_A-None_AdaBN-F,150,150,150
Lee2019_MI,ATCNet,2,1,0.775,0.775,0.8631,0.795,0.7949999999999999,0.9023,FM-Full_A-None_AdaBN-F,150,150,150
Lee2019_MI,ATCNet,2,2,0.65,0.6499999999999999,0.7609,0.71,0.71,0.7734,FM-Full_A-None_AdaBN-F,150,150,150
Lee2019_MI,ATCNet,2,3,0.865,0.865,0.9332,0.855,0.855,0.9357,FM-Full_A-None_AdaBN-F,150,150,150
Lee2019_MI,ATCNet,2,8,0.735,0.735,0.8354,0.725,0.7250000000000001,0.7955,FM-Full_A-None_AdaBN-F,150,150,150
Lee2019_MI,ATCNet,2,11,0.54,0.54,0.5729,0.55,0.55,0.5774,FM-Full_A-None_AdaBN-F,150,150,150
Lee2019_MI,ATCNet,2,12,0.73,0.73,0.8524000000000002,0.805,0.8049999999999999,0.8874,FM-Full_A-None_AdaBN-F,150,150,150
Lee2019_MI,ATCNet,2,15,0.7,0.7,0.8066,0.785,0.785,0.8604,FM-Full_A-None_AdaBN-F,150,150,150
Lee2019_MI,ATCNet,2,19,0.75,0.75,0.8700000000000001,0.745,0.745,0.8346,FM-Full_A-None_AdaBN-F,150,150,150
Lee2019_MI,ATCNet,2,21,0.81,0.81,0.9923,0.935,0.935,0.99,FM-Full_A-None_AdaBN-F,150,150,150
Lee2019_MI,ATCNet,2,22,0.745,0.745,0.8805000000000001,0.77,0.77,0.8731000000000001,FM-Full_A-None_AdaBN-F,150,150,150
Lee2019_MI,ATCNet,2,23,0.75,0.75,0.8349,0.795,0.795,0.8833,FM-Full_A-None_AdaBN-F,150,150,150
Lee2019_MI,ATCNet,2,24,0.61,0.61,0.6587999999999999,0.675,0.675,0.7027000000000001,FM-Full_A-None_AdaBN-F,150,150,150
Lee2019_MI,ATCNet,2,28,0.935,0.935,0.9836,0.96,0.96,0.9872,FM-Full_A-None_AdaBN-F,150,150,150
Lee2019_MI,ATCNet,2,29,0.815,0.815,0.8802,0.89,0.89,0.9309,FM-Full_A-None_AdaBN-F,150,150,150
Lee2019_MI,ATCNet,2,30,0.67,0.6699999999999999,0.74,0.65,0.65,0.7388,FM-Full_A-None_AdaBN-F,150,150,150
Lee2019_MI,ATCNet,2,32,0.945,0.945,0.989,0.96,0.96,0.9919,FM-Full_A-None_AdaBN-F,150,150,150
Lee2019_MI,ATCNet,2,36,0.995,0.995,1.0,0.99,0.99,1.0,FM-Full_A-None_AdaBN-F,150,150,150
Lee2019_MI,ATCNet,2,39,0.78,0.78,0.8864,0.78,0.78,0.8621000000000001,FM-Full_A-None_AdaBN-F,150,150,150
Lee2019_MI,ATCNet,2,40,0.705,0.7050000000000001,0.798,0.675,0.675,0.7618,FM-Full_A-None_AdaBN-F,150,150,150
Lee2019_MI,ATCNet,2,41,0.605,0.605,0.6667000000000001,0.565,0.565,0.6394,FM-Full_A-None_AdaBN-F,150,150,150
Lee2019_MI,ATCNet,2,42,0.625,0.625,0.6813,0.685,0.685,0.7772,FM-Full_A-None_AdaBN-F,150,150,150
Lee2019_MI,ATCNet,2,43,0.68,0.68,0.8288,0.79,0.79,0.8801000000000001,FM-Full_A-None_AdaBN-F,150,150,150
Lee2019_MI,ATCNet,2,44,0.81,0.81,0.9609,0.87,0.8700000000000001,0.9618,FM-Full_A-None_AdaBN-F,150,150,150
Lee2019_MI,ATCNet,2,47,0.8,0.8,0.8876,0.75,0.75,0.8456,FM-Full_A-None_AdaBN-F,150,150,150
Lee2019_MI,ATCNet,2,48,0.625,0.625,0.6823,0.66,0.66,0.7439,FM-Full_A-None_AdaBN-F,150,150,150
Lee2019_MI,ATCNet,2,52,0.665,0.665,0.8119999999999999,0.745,0.745,0.8377,FM-Full_A-None_AdaBN-F,150,150,150
Lee2019_MI,ATCNet,2,54,0.61,0.61,0.6717000000000001,0.64,0.64,0.6779000000000001,FM-Full_A-None_AdaBN-F,150,150,150
Lee2019_MI,ShallowConvNet,1,4,0.635,0.635,0.7157,0.665,0.665,0.7484999999999999,FM-Full_A-None_AdaBN-F,150,150,150
Lee2019_MI,ShallowConvNet,1,5,0.765,0.7649999999999999,0.84065,0.795,0.795,0.8855999999999999,FM-Full_A-None_AdaBN-F,150,150,150
Lee2019_MI,ShallowConvNet,1,6,0.85,0.85,0.9135,0.86,0.86,0.9258,FM-Full_A-None_AdaBN-F,150,150,150
Lee2019_MI,ShallowConvNet,1,7,0.6,0.6,0.6683999999999999,0.675,0.675,0.7467999999999999,FM-Full_A-None_AdaBN-F,150,150,150
Lee2019_MI,ShallowConvNet,1,9,0.665,0.665,0.7926,0.72,0.72,0.7763,FM-Full_A-None_AdaBN-F,150,150,150
Lee2019_MI,ShallowConvNet,1,10,0.635,0.635,0.7300000000000001,0.68,0.68,0.7375,FM-Full_A-None_AdaBN-F,150,150,150
Lee2019_MI,ShallowConvNet,1,13,0.605,0.605,0.7573,0.705,0.7050000000000001,0.75915,FM-Full_A-None_AdaBN-F,150,150,150
Lee2019_MI,ShallowConvNet,1,14,0.625,0.625,0.7114,0.67,0.6699999999999999,0.7517999999999999,FM-Full_A-None_AdaBN-F,150,150,150
Lee2019_MI,ShallowConvNet,1,16,0.81,0.81,0.8821,0.79,0.79,0.9117,FM-Full_A-None_AdaBN-F,150,150,150
Lee2019_MI,ShallowConvNet,1,17,0.57,0.5700000000000001,0.6520999999999999,0.595,0.595,0.6478999999999999,FM-Full_A-None_AdaBN-F,150,150,150
Lee2019_MI,ShallowConvNet,1,18,0.875,0.875,0.9454,0.9,0.9,0.9619,FM-Full_A-None_AdaBN-F,150,150,150
Lee2019_MI,ShallowConvNet,1,20,0.775,0.775,0.8687,0.79,0.79,0.8994,FM-Full_A-None_AdaBN-F,150,150,150
Lee2019_MI,ShallowConvNet,1,25,0.815,0.815,0.9074,0.81,0.81,0.9262,FM-Full_A-None_AdaBN-F,150,150,150
Lee2019_MI,ShallowConvNet,1,26,0.84,0.8400000000000001,0.8944,0.815,0.815,0.8911,FM-Full_A-None_AdaBN-F,150,150,150
Lee2019_MI,ShallowConvNet,1,27,0.69,0.69,0.7961,0.765,0.765,0.8501,FM-Full_A-None_AdaBN-F,150,150,150
Lee2019_MI,ShallowConvNet,1,31,0.75,0.75,0.8578,0.765,0.765,0.8643000000000001,FM-Full_A-None_AdaBN-F,150,150,150
Lee2019_MI,ShallowConvNet,1,33,0.88,0.88,0.9599,0.925,0.925,0.977,FM-Full_A-None_AdaBN-F,150,150,150
Lee2019_MI,ShallowConvNet,1,34,0.56,0.56,0.60895,0.585,0.585,0.6072,FM-Full_A-None_AdaBN-F,150,150,150
Lee2019_MI,ShallowConvNet,1,35,0.775,0.7749999999999999,0.8836999999999999,0.865,0.865,0.9645,FM-Full_A-None_AdaBN-F,150,150,150
Lee2019_MI,ShallowConvNet,1,37,0.88,0.88,0.9569,0.935,0.935,0.984,FM-Full_A-None_AdaBN-F,150,150,150
Lee2019_MI,ShallowConvNet,1,38,0.565,0.565,0.6797000000000001,0.62,0.6200000000000001,0.7171,FM-Full_A-None_AdaBN-F,150,150,150
Lee2019_MI,ShallowConvNet,1,45,0.74,0.74,0.8518,0.77,0.77,0.8572000000000001,FM-Full_A-None_AdaBN-F,150,150,150
Lee2019_MI,ShallowConvNet,1,46,0.655,0.655,0.7303,0.67,0.6699999999999999,0.7032,FM-Full_A-None_AdaBN-F,150,150,150
Lee2019_MI,ShallowConvNet,1,49,0.8,0.8,0.9017,0.86,0.8600000000000001,0.9382,FM-Full_A-None_AdaBN-F,150,150,150
Lee2019_MI,ShallowConvNet,1,50,0.475,0.475,0.4937,0.52,0.52,0.57185,FM-Full_A-None_AdaBN-F,150,150,150
Lee2019_MI,ShallowConvNet,1,51,0.665,0.665,0.7346,0.665,0.665,0.7299,FM-Full_A-None_AdaBN-F,150,150,150
Lee2019_MI,ShallowConvNet,1,53,0.76,0.76,0.8129,0.725,0.725,0.7804,FM-Full_A-None_AdaBN-F,150,150,150
Lee2019_MI,ShallowConvNet,2,1,0.685,0.685,0.7563000000000001,0.66,0.66,0.7128,FM-Full_A-None_AdaBN-F,150,150,150
Lee2019_MI,ShallowConvNet,2,2,0.735,0.7350000000000001,0.8728999999999999,0.785,0.785,0.8553000000000001,FM-Full_A-None_AdaBN-F,150,150,150
Lee2019_MI,ShallowConvNet,2,3,0.74,0.74,0.8407,0.83,0.83,0.8976000000000001,FM-Full_A-None_AdaBN-F,150,150,150
Lee2019_MI,ShallowConvNet,2,8,0.685,0.685,0.7387,0.675,0.675,0.7377000000000001,FM-Full_A-None_AdaBN-F,150,150,150
Lee2019_MI,ShallowConvNet,2,11,0.595,0.595,0.7072,0.635,0.635,0.7097,FM-Full_A-None_AdaBN-F,150,150,150
Lee2019_MI,ShallowConvNet,2,12,0.725,0.7250000000000001,0.7726000000000001,0.71,0.71,0.7792999999999999,FM-Full_A-None_AdaBN-F,150,150,150
Lee2019_MI,ShallowConvNet,2,15,0.625,0.625,0.8089999999999999,0.755,0.755,0.8559,FM-Full_A-None_AdaBN-F,150,150,150
Lee2019_MI,ShallowConvNet,2,19,0.73,0.73,0.8397000000000001,0.76,0.76,0.8615,FM-Full_A-None_AdaBN-F,150,150,150
Lee2019_MI,ShallowConvNet,2,21,0.86,0.86,0.979,0.925,0.925,0.9806,FM-Full_A-None_AdaBN-F,150,150,150
Lee2019_MI,ShallowConvNet,2,22,0.735,0.7350000000000001,0.7930999999999999,0.64,0.64,0.7011000000000001,FM-Full_A-None_AdaBN-F,150,150,150
Lee2019_MI,ShallowConvNet,2,23,0.695,0.6950000000000001,0.8148,0.715,0.7150000000000001,0.7877,FM-Full_A-None_AdaBN-F,150,150,150
Lee2019_MI,ShallowConvNet,2,24,0.65,0.65,0.6883000000000001,0.675,0.675,0.7185000000000001,FM-Full_A-None_AdaBN-F,150,150,150
Lee2019_MI,ShallowConvNet,2,28,0.885,0.885,0.9561,0.875,0.875,0.955,FM-Full_A-None_AdaBN-F,150,150,150
Lee2019_MI,ShallowConvNet,2,29,0.66,0.6599999999999999,0.7814,0.84,0.8400000000000001,0.9095,FM-Full_A-None_AdaBN-F,150,150,150
Lee2019_MI,ShallowConvNet,2,30,0.645,0.645,0.7198999999999999,0.675,0.675,0.7549,FM-Full_A-None_AdaBN-F,150,150,150
Lee2019_MI,ShallowConvNet,2,32,0.76,0.76,0.8859,0.855,0.855,0.9224,FM-Full_A-None_AdaBN-F,150,150,150
Lee2019_MI,ShallowConvNet,2,36,0.955,0.955,0.9968,0.955,0.955,0.9959,FM-Full_A-None_AdaBN-F,150,150,150
Lee2019_MI,ShallowConvNet,2,39,0.76,0.76,0.8387,0.745,0.745,0.83405,FM-Full_A-None_AdaBN-F,150,150,150
Lee2019_MI,ShallowConvNet,2,40,0.675,0.675,0.7928999999999999,0.755,0.755,0.8148,FM-Full_A-None_AdaBN-F,150,150,150
Lee2019_MI,ShallowConvNet,2,41,0.68,0.68,0.7746999999999999,0.685,0.685,0.7666000000000001,FM-Full_A-None_AdaBN-F,150,150,150
Lee2019_MI,ShallowConvNet,2,42,0.705,0.7050000000000001,0.78,0.725,0.725,0.7784,FM-Full_A-None_AdaBN-F,150,150,150
Lee2019_MI,ShallowConvNet,2,43,0.745,0.7450000000000001,0.8687,0.81,0.81,0.8847,FM-Full_A-None_AdaBN-F,150,150,150
Lee2019_MI,ShallowConvNet,2,44,0.76,0.76,0.8161999999999999,0.78,0.78,0.8537999999999999,FM-Full_A-None_AdaBN-F,150,150,150
Lee2019_MI,ShallowConvNet,2,47,0.77,0.77,0.8840000000000001,0.83,0.8300000000000001,0.8944000000000001,FM-Full_A-None_AdaBN-F,150,150,150
Lee2019_MI,ShallowConvNet,2,48,0.61,0.61,0.6710999999999999,0.635,0.635,0.6886000000000001,FM-Full_A-None_AdaBN-F,150,150,150
Lee2019_MI,ShallowConvNet,2,52,0.745,0.745,0.8190999999999999,0.735,0.735,0.8512,FM-Full_A-None_AdaBN-F,150,150,150
Lee2019_MI,ShallowConvNet,2,54,0.685,0.685,0.7605,0.695,0.695,0.7772,FM-Full_A-None_AdaBN-F,150,150,150
Lee2019_MI,DeepConvNet,1,4,0.705,0.7050000000000001,0.7656000000000001,0.735,0.7350000000000001,0.8312,FM-Full_A-None_AdaBN-F,150,150,150
Lee2019_MI,DeepConvNet,1,5,0.77,0.77,0.9266,0.885,0.885,0.9653,FM-Full_A-None_AdaBN-F,150,150,150
Lee2019_MI,DeepConvNet,1,6,0.865,0.865,0.9731,0.925,0.925,0.9848,FM-Full_A-None_AdaBN-F,150,150,150
Lee2019_MI,DeepConvNet,1,7,0.655,0.655,0.7625,0.78,0.78,0.85485,FM-Full_A-None_AdaBN-F,150,150,150
Lee2019_MI,DeepConvNet,1,9,0.845,0.845,0.9215,0.845,0.845,0.943,FM-Full_A-None_AdaBN-F,150,150,150
Lee2019_MI,DeepConvNet,1,10,0.675,0.675,0.7275000000000001,0.72,0.72,0.8125,FM-Full_A-None_AdaBN-F,150,150,150
Lee2019_MI,DeepConvNet,1,13,0.695,0.6950000000000001,0.8374,0.71,0.71,0.8059,FM-Full_A-None_AdaBN-F,150,150,150
Lee2019_MI,DeepConvNet,1,14,0.625,0.625,0.7099,0.67,0.67,0.722,FM-Full_A-None_AdaBN-F,150,150,150
Lee2019_MI,DeepConvNet,1,16,0.795,0.7949999999999999,0.9257,0.81,0.81,0.8997,FM-Full_A-None_AdaBN-F,150,150,150
Lee2019_MI,DeepConvNet,1,17,0.71,0.71,0.7554000000000001,0.625,0.625,0.676,FM-Full_A-None_AdaBN-F,150,150,150
Lee2019_MI,DeepConvNet,1,18,0.91,0.91,0.9844,0.945,0.945,0.9951,FM-Full_A-None_AdaBN-F,150,150,150
Lee2019_MI,DeepConvNet,1,20,0.855,0.855,0.9533,0.885,0.885,0.9508,FM-Full_A-None_AdaBN-F,150,150,150
Lee2019_MI,DeepConvNet,1,25,0.86,0.86,0.9594,0.91,0.91,0.9596,FM-Full_A-None_AdaBN-F,150,150,150
Lee2019_MI,DeepConvNet,1,26,0.855,0.855,0.9385,0.865,0.865,0.936,FM-Full_A-None_AdaBN-F,150,150,150
Lee2019_MI,DeepConvNet,1,27,0.88,0.88,0.9726,0.88,0.88,0.9625,FM-Full_A-None_AdaBN-F,150,150,150
Lee2019_MI,DeepConvNet,1,31,0.85,0.85,0.9431,0.835,0.835,0.9283,FM-Full_A-None_AdaBN-F,150,150,150
Lee2019_MI,DeepConvNet,1,33,0.935,0.935,0.9903,0.955,0.955,0.9977,FM-Full_A-None_AdaBN-F,150,150,150
Lee2019_MI,DeepConvNet,1,34,0.575,0.575,0.6614,0.695,0.6950000000000001,0.7271000000000001,FM-Full_A-None_AdaBN-F,150,150,150
Lee2019_MI,DeepConvNet,1,35,0.925,0.925,0.9956,0.955,0.955,0.9939,FM-Full_A-None_AdaBN-F,150,150,150
Lee2019_MI,DeepConvNet,1,37,0.94,0.94,0.9848,0.94,0.94,0.9943,FM-Full_A-None_AdaBN-F,150,150,150
Lee2019_MI,DeepConvNet,1,38,0.58,0.58,0.8140000000000001,0.755,0.755,0.8682000000000001,FM-Full_A-None_AdaBN-F,150,150,150
Lee2019_MI,DeepConvNet,1,45,0.905,0.905,0.9703,0.93,0.93,0.9823,FM-Full_A-None_AdaBN-F,150,150,150
Lee2019_MI,DeepConvNet,1,46,0.675,0.675,0.8016,0.715,0.715,0.7925,FM-Full_A-None_AdaBN-F,150,150,150
Lee2019_MI,DeepConvNet,1,49,0.765,0.765,0.9581,0.885,0.885,0.9634,FM-Full_A-None_AdaBN-F,150,150,150
Lee2019_MI,DeepConvNet,1,50,0.55,0.55,0.6728,0.675,0.675,0.7065,FM-Full_A-None_AdaBN-F,150,150,150
Lee2019_MI,DeepConvNet,1,51,0.77,0.77,0.8140000000000001,0.785,0.7849999999999999,0.8425,FM-Full_A-None_AdaBN-F,150,150,150
Lee2019_MI,DeepConvNet,1,53,0.765,0.765,0.8788999999999999,0.795,0.7949999999999999,0.8781999999999999,FM-Full_A-None_AdaBN-F,150,150,150
Lee2019_MI,DeepConvNet,2,1,0.695,0.6950000000000001,0.793,0.65,0.65,0.7432,FM-Full_A-None_AdaBN-F,150,150,150
Lee2019_MI,DeepConvNet,2,2,0.735,0.735,0.8693,0.76,0.76,0.8783,FM-Full_A-None_AdaBN-F,150,150,150
Lee2019_MI,DeepConvNet,2,3,0.885,0.885,0.9435,0.85,0.85,0.9528,FM-Full_A-None_AdaBN-F,150,150,150
Lee2019_MI,DeepConvNet,2,8,0.735,0.735,0.8439000000000001,0.73,0.73,0.8821999999999999,FM-Full_A-None_AdaBN-F,150,150,150
Lee2019_MI,DeepConvNet,2,11,0.61,0.61,0.7716999999999999,0.645,0.645,0.7714,FM-Full_A-None_AdaBN-F,150,150,150
Lee2019_MI,DeepConvNet,2,12,0.81,0.81,0.896,0.775,0.7749999999999999,0.8938999999999999,FM-Full_A-None_AdaBN-F,150,150,150
Lee2019_MI,DeepConvNet,2,15,0.83,0.83,0.9019,0.815,0.815,0.9496,FM-Full_A-None_AdaBN-F,150,150,150
Lee2019_MI,DeepConvNet,2,19,0.68,0.6799999999999999,0.8979999999999999,0.765,0.765,0.9091,FM-Full_A-None_AdaBN-F,150,150,150
Lee2019_MI,DeepConvNet,2,21,0.88,0.88,0.979,0.91,0.91,0.9877,FM-Full_A-None_AdaBN-F,150,150,150
Lee2019_MI,DeepConvNet,2,22,0.685,0.685,0.7705000000000001,0.605,0.605,0.7454500000000001,FM-Full_A-None_AdaBN-F,150,150,150
Lee2019_MI,DeepConvNet,2,23,0.75,0.75,0.8027,0.68,0.68,0.8103,FM-Full_A-None_AdaBN-F,150,150,150
Lee2019_MI,DeepConvNet,2,24,0.785,0.785,0.8611,0.775,0.7749999999999999,0.8904,FM-Full_A-None_AdaBN-F,150,150,150
Lee2019_MI,DeepConvNet,2,28,0.855,0.855,0.9478,0.87,0.87,0.9691,FM-Full_A-None_AdaBN-F,150,150,150
Lee2019_MI,DeepConvNet,2,29,0.735,0.735,0.8484000000000002,0.79,0.79,0.9238,FM-Full_A-None_AdaBN-F,150,150,150
Lee2019_MI,DeepConvNet,2,30,0.615,0.615,0.8576,0.79,0.79,0.9002,FM-Full_A-None_AdaBN-F,150,150,150
Lee2019_MI,DeepConvNet,2,32,0.76,0.76,0.9406,0.785,0.7849999999999999,0.9696,FM-Full_A-None_AdaBN-F,150,150,150
Lee2019_MI,DeepConvNet,2,36,0.955,0.955,0.9945,0.955,0.955,0.9907,FM-Full_A-None_AdaBN-F,150,150,150
Lee2019_MI,DeepConvNet,2,39,0.76,0.76,0.8442000000000001,0.765,0.765,0.8615,FM-Full_A-None_AdaBN-F,150,150,150
Lee2019_MI,DeepConvNet,2,40,0.7,0.7,0.9181,0.795,0.7949999999999999,0.962,FM-Full_A-None_AdaBN-F,150,150,150
Lee2019_MI,DeepConvNet,2,41,0.595,0.595,0.8439,0.715,0.715,0.8538,FM-Full_A-None_AdaBN-F,150,150,150
Lee2019_MI,DeepConvNet,2,42,0.745,0.745,0.8119999999999998,0.665,0.665,0.7515000000000001,FM-Full_A-None_AdaBN-F,150,150,150
Lee2019_MI,DeepConvNet,2,43,0.815,0.815,0.9392,0.78,0.78,0.92565,FM-Full_A-None_AdaBN-F,150,150,150
Lee2019_MI,DeepConvNet,2,44,0.735,0.735,0.8457,0.775,0.7749999999999999,0.8781,FM-Full_A-None_AdaBN-F,150,150,150
Lee2019_MI,DeepConvNet,2,47,0.72,0.72,0.9043,0.81,0.81,0.9101,FM-Full_A-None_AdaBN-F,150,150,150
Lee2019_MI,DeepConvNet,2,48,0.685,0.685,0.7522,0.64,0.64,0.75745,FM-Full_A-None_AdaBN-F,150,150,150
Lee2019_MI,DeepConvNet,2,52,0.805,0.805,0.8785000000000001,0.8,0.8,0.9122,FM-Full_A-None_AdaBN-F,150,150,150
Lee2019_MI,DeepConvNet,2,54,0.71,0.71,0.8217,0.695,0.695,0.8462,FM-Full_A-None_AdaBN-F,150,150,150
Lee2019_MI,EEGNetv4,1,4,0.66,0.66,0.6914,0.685,0.685,0.7471,FM-Full_A-None_AdaBN-F,150,150,150
Lee2019_MI,EEGNetv4,1,5,0.74,0.74,0.7787,0.815,0.815,0.8512,FM-Full_A-None_AdaBN-F,150,150,150
Lee2019_MI,EEGNetv4,1,6,0.8,0.8,0.9471,0.88,0.88,0.9501,FM-Full_A-None_AdaBN-F,150,150,150
Lee2019_MI,EEGNetv4,1,7,0.62,0.62,0.68165,0.63,0.63,0.6899,FM-Full_A-None_AdaBN-F,150,150,150
Lee2019_MI,EEGNetv4,1,9,0.765,0.765,0.8474,0.765,0.765,0.8509000000000001,FM-Full_A-None_AdaBN-F,150,150,150
Lee2019_MI,EEGNetv4,1,10,0.72,0.72,0.7967000000000001,0.705,0.7050000000000001,0.7903000000000001,FM-Full_A-None_AdaBN-F,150,150,150
Lee2019_MI,EEGNetv4,1,13,0.67,0.6699999999999999,0.8222499999999999,0.665,0.665,0.7395999999999999,FM-Full_A-None_AdaBN-F,150,150,150
Lee2019_MI,EEGNetv4,1,14,0.63,0.63,0.7077000000000001,0.675,0.675,0.7208,FM-Full_A-None_AdaBN-F,150,150,150
Lee2019_MI,EEGNetv4,1,16,0.73,0.73,0.8183,0.775,0.775,0.8334,FM-Full_A-None_AdaBN-F,150,150,150
Lee2019_MI,EEGNetv4,1,17,0.59,0.5900000000000001,0.6478,0.62,0.6200000000000001,0.6610999999999999,FM-Full_A-None_AdaBN-F,150,150,150
Lee2019_MI,EEGNetv4,1,18,0.89,0.89,0.9503,0.905,0.905,0.9524,FM-Full_A-None_AdaBN-F,150,150,150
Lee2019_MI,EEGNetv4,1,20,0.795,0.795,0.8921,0.815,0.815,0.9097,FM-Full_A-None_AdaBN-F,150,150,150
Lee2019_MI,EEGNetv4,1,25,0.885,0.885,0.9654,0.905,0.905,0.9752,FM-Full_A-None_AdaBN-F,150,150,150
Lee2019_MI,EEGNetv4,1,26,0.77,0.77,0.8633000000000001,0.82,0.8200000000000001,0.8944,FM-Full_A-None_AdaBN-F,150,150,150
Lee2019_MI,EEGNetv4,1,27,0.86,0.86,0.9388999999999998,0.885,0.885,0.9472,FM-Full_A-None_AdaBN-F,150,150,150
Lee2019_MI,EEGNetv4,1,31,0.845,0.845,0.9231,0.86,0.86,0.9185,FM-Full_A-None_AdaBN-F,150,150,150
Lee2019_MI,EEGNetv4,1,33,0.885,0.885,0.963,0.915,0.915,0.9813,FM-Full_A-None_AdaBN-F,150,150,150
Lee2019_MI,EEGNetv4,1,34,0.59,0.59,0.6557999999999999,0.67,0.67,0.7140000000000001,FM-Full_A-None_AdaBN-F,150,150,150
Lee2019_MI,EEGNetv4,1,35,0.885,0.885,0.9636,0.94,0.94,0.9918,FM-Full_A-None_AdaBN-F,150,150,150
Lee2019_MI,EEGNetv4,1,37,0.88,0.8799999999999999,0.9407,0.905,0.905,0.9709,FM-Full_A-None_AdaBN-F,150,150,150
Lee2019_MI,EEGNetv4,1,38,0.685,0.685,0.7645,0.735,0.7350000000000001,0.8196,FM-Full_A-None_AdaBN-F,150,150,150
Lee2019_MI,EEGNetv4,1,45,0.805,0.8049999999999999,0.8788,0.865,0.865,0.9104,FM-Full_A-None_AdaBN-F,150,150,150
Lee2019_MI,EEGNetv4,1,46,0.56,0.56,0.6526000000000001,0.645,0.645,0.661,FM-Full_A-None_AdaBN-F,150,150,150
Lee2019_MI,EEGNetv4,1,49,0.76,0.76,0.9298,0.875,0.875,0.9533,FM-Full_A-None_AdaBN-F,150,150,150
Lee2019_MI,EEGNetv4,1,50,0.545,0.5449999999999999,0.6139000000000001,0.615,0.615,0.6757,FM-Full_A-None_AdaBN-F,150,150,150
Lee2019_MI,EEGNetv4,1,51,0.74,0.74,0.7983,0.755,0.755,0.8078,FM-Full_A-None_AdaBN-F,150,150,150
Lee2019_MI,EEGNetv4,1,53,0.765,0.765,0.8639500000000001,0.75,0.75,0.84,FM-Full_A-None_AdaBN-F,150,150,150
Lee2019_MI,EEGNetv4,2,1,0.655,0.655,0.7341,0.66,0.6599999999999999,0.7312000000000001,FM-Full_A-None_AdaBN-F,150,150,150
Lee2019_MI,EEGNetv4,2,2,0.725,0.725,0.8043999999999999,0.715,0.715,0.8154,FM-Full_A-None_AdaBN-F,150,150,150
Lee2019_MI,EEGNetv4,2,3,0.845,0.845,0.9056,0.875,0.875,0.9297,FM-Full_A-None_AdaBN-F,150,150,150
Lee2019_MI,EEGNetv4,2,8,0.765,0.765,0.84635,0.775,0.775,0.8505999999999999,FM-Full_A-None_AdaBN-F,150,150,150
Lee2019_MI,EEGNetv4,2,11,0.585,0.585,0.7196,0.67,0.6699999999999999,0.7501,FM-Full_A-None_AdaBN-F,150,150,150
Lee2019_MI,EEGNetv4,2,12,0.735,0.7350000000000001,0.8116,0.755,0.755,0.8341000000000001,FM-Full_A-None_AdaBN-F,150,150,150
Lee2019_MI,EEGNetv4,2,15,0.795,0.7949999999999999,0.8861,0.845,0.845,0.916,FM-Full_A-None_AdaBN-F,150,150,150
Lee2019_MI,EEGNetv4,2,19,0.735,0.7350000000000001,0.8727,0.735,0.735,0.8439,FM-Full_A-None_AdaBN-F,150,150,150
Lee2019_MI,EEGNetv4,2,21,0.935,0.935,0.9946,0.94,0.94,0.9871,FM-Full_A-None_AdaBN-F,150,150,150
Lee2019_MI,EEGNetv4,2,22,0.71,0.71,0.7279999999999999,0.725,0.725,0.7692,FM-Full_A-None_AdaBN-F,150,150,150
Lee2019_MI,EEGNetv4,2,23,0.71,0.71,0.7778,0.715,0.715,0.7790999999999999,FM-Full_A-None_AdaBN-F,150,150,150
Lee2019_MI,EEGNetv4,2,24,0.71,0.71,0.8315,0.79,0.79,0.8754,FM-Full_A-None_AdaBN-F,150,150,150
Lee2019_MI,EEGNetv4,2,28,0.85,0.85,0.9446,0.88,0.88,0.9515,FM-Full_A-None_AdaBN-F,150,150,150
Lee2019_MI,EEGNetv4,2,29,0.72,0.72,0.7639,0.76,0.76,0.849,FM-Full_A-None_AdaBN-F,150,150,150
Lee2019_MI,EEGNetv4,2,30,0.75,0.75,0.8314,0.77,0.77,0.8295,FM-Full_A-None_AdaBN-F,150,150,150
Lee2019_MI,EEGNetv4,2,32,0.84,0.8400000000000001,0.923,0.9,0.8999999999999999,0.9507,FM-Full_A-None_AdaBN-F,150,150,150
Lee2019_MI,EEGNetv4,2,36,0.945,0.945,0.9908,0.96,0.96,0.9907,FM-Full_A-None_AdaBN-F,150,150,150
Lee2019_MI,EEGNetv4,2,39,0.775,0.7749999999999999,0.8386,0.75,0.75,0.8265,FM-Full_A-None_AdaBN-F,150,150,150
Lee2019_MI,EEGNetv4,2,40,0.8,0.8,0.9026,0.82,0.8200000000000001,0.9129,FM-Full_A-None_AdaBN-F,150,150,150
Lee2019_MI,EEGNetv4,2,41,0.655,0.655,0.7417,0.72,0.72,0.7849,FM-Full_A-None_AdaBN-F,150,150,150
Lee2019_MI,EEGNetv4,2,42,0.73,0.73,0.7773,0.7,0.7,0.7519,FM-Full_A-None_AdaBN-F,150,150,150
Lee2019_MI,EEGNetv4,2,43,0.775,0.775,0.8892,0.815,0.815,0.8972,FM-Full_A-None_AdaBN-F,150,150,150
Lee2019_MI,EEGNetv4,2,44,0.68,0.6799999999999999,0.7751,0.78,0.78,0.8548000000000001,FM-Full_A-None_AdaBN-F,150,150,150
Lee2019_MI,EEGNetv4,2,47,0.83,0.8300000000000001,0.903,0.8,0.8,0.8743,FM-Full_A-None_AdaBN-F,150,150,150
Lee2019_MI,EEGNetv4,2,48,0.665,0.665,0.7756,0.675,0.675,0.7511999999999999,FM-Full_A-None_AdaBN-F,150,150,150
Lee2019_MI,EEGNetv4,2,52,0.78,0.78,0.8921,0.825,0.825,0.9239,FM-Full_A-None_AdaBN-F,150,150,150
Lee2019_MI,EEGNetv4,2,54,0.705,0.705,0.7676000000000001,0.675,0.675,0.7611000000000001,FM-Full_A-None_AdaBN-F,150,150,150
Lee2019_SSVEP,EEGNetv4,1,4,0.995,0.995,1.0,0.995,0.995,1.0,FM-Full_A-None_AdaBN-F,50,50,50
Lee2019_SSVEP,EEGNetv4,1,5,0.785,0.785,0.9295,0.845,0.845,0.9600666666666666,FM-Full_A-None_AdaBN-F,50,50,50
Lee2019_SSVEP,EEGNetv4,1,6,0.99,0.99,0.9999,1.0,1.0,1.0,FM-Full_A-None_AdaBN-F,50,50,50
Lee2019_SSVEP,EEGNetv4,1,7,0.905,0.905,0.995,0.985,0.985,0.9995666666666668,FM-Full_A-None_AdaBN-F,50,50,50
Lee2019_SSVEP,EEGNetv4,1,9,0.99,0.99,0.9998333333333334,0.99,0.99,1.0,FM-Full_A-None_AdaBN-F,50,50,50
Lee2019_SSVEP,EEGNetv4,1,10,0.98,0.98,0.9996,0.985,0.985,0.9996666666666668,FM-Full_A-None_AdaBN-F,50,50,50
Lee2019_SSVEP,EEGNetv4,1,13,0.875,0.875,0.9807666666666668,0.97,0.97,0.9994,FM-Full_A-None_AdaBN-F,50,50,50
Lee2019_SSVEP,EEGNetv4,1,14,0.86,0.8599999999999999,0.9632333333333332,0.93,0.93,0.9827666666666668,FM-Full_A-None_AdaBN-F,50,50,50
Lee2019_SSVEP,EEGNetv4,1,16,0.99,0.99,0.9991666666666666,0.995,0.995,0.9982,FM-Full_A-None_AdaBN-F,50,50,50
Lee2019_SSVEP,EEGNetv4,1,17,0.915,0.915,0.9930333333333332,0.975,0.975,0.9991666666666668,FM-Full_A-None_AdaBN-F,50,50,50
Lee2019_SSVEP,EEGNetv4,1,18,1.0,1.0,1.0,1.0,1.0,1.0,FM-Full_A-None_AdaBN-F,50,50,50
Lee2019_SSVEP,EEGNetv4,1,20,0.91,0.91,0.9929666666666668,0.955,0.955,0.9981333333333332,FM-Full_A-None_AdaBN-F,50,50,50
Lee2019_SSVEP,EEGNetv4,1,25,0.93,0.93,0.9947666666666666,0.97,0.97,0.9978333333333332,FM-Full_A-None_AdaBN-F,50,50,50
Lee2019_SSVEP,EEGNetv4,1,26,0.825,0.825,0.9672333333333332,0.965,0.965,0.9992666666666666,FM-Full_A-None_AdaBN-F,50,50,50
Lee2019_SSVEP,EEGNetv4,1,27,0.995,0.995,1.0,0.995,0.995,0.9999333333333332,FM-Full_A-None_AdaBN-F,50,50,50
Lee2019_SSVEP,EEGNetv4,1,31,0.995,0.995,1.0,0.995,0.995,1.0,FM-Full_A-None_AdaBN-F,50,50,50
Lee2019_SSVEP,EEGNetv4,1,33,0.99,0.99,0.9996,0.995,0.995,1.0,FM-Full_A-None_AdaBN-F,50,50,50
Lee2019_SSVEP,EEGNetv4,1,34,0.775,0.775,0.9253,0.85,0.8500000000000001,0.964,FM-Full_A-None_AdaBN-F,50,50,50
Lee2019_SSVEP,EEGNetv4,1,35,0.93,0.93,0.9914,0.98,0.98,0.9975666666666668,FM-Full_A-None_AdaBN-F,50,50,50
Lee2019_SSVEP,EEGNetv4,1,37,0.99,0.99,0.9999666666666668,0.99,0.99,0.9998,FM-Full_A-None_AdaBN-F,50,50,50
Lee2019_SSVEP,EEGNetv4,1,38,0.99,0.99,0.9999666666666668,0.99,0.99,0.9999333333333332,FM-Full_A-None_AdaBN-F,50,50,50
Lee2019_SSVEP,EEGNetv4,1,45,0.95,0.95,0.996,0.965,0.965,0.9988,FM-Full_A-None_AdaBN-F,50,50,50
Lee2019_SSVEP,EEGNetv4,1,46,0.975,0.975,0.9995,0.98,0.98,0.9999,FM-Full_A-None_AdaBN-F,50,50,50
Lee2019_SSVEP,EEGNetv4,1,49,0.995,0.995,0.9999,1.0,1.0,1.0,FM-Full_A-None_AdaBN-F,50,50,50
Lee2019_SSVEP,EEGNetv4,1,50,0.935,0.935,0.9986666666666668,0.985,0.985,0.9996666666666668,FM-Full_A-None_AdaBN-F,50,50,50
Lee2019_SSVEP,EEGNetv4,1,51,0.65,0.65,0.8811333333333333,0.815,0.815,0.9538,FM-Full_A-None_AdaBN-F,50,50,50
Lee2019_SSVEP,EEGNetv4,1,53,0.995,0.995,1.0,1.0,1.0,1.0,FM-Full_A-None_AdaBN-F,50,50,50
Lee2019_SSVEP,EEGNetv4,2,1,0.945,0.945,0.9937,0.94,0.94,0.9934333333333334,FM-Full_A-None_AdaBN-F,50,50,50
Lee2019_SSVEP,EEGNetv4,2,2,0.98,0.98,0.9995,0.99,0.99,1.0,FM-Full_A-None_AdaBN-F,50,50,50
Lee2019_SSVEP,EEGNetv4,2,3,0.935,0.935,0.9957333333333334,0.935,0.935,0.9942333333333334,FM-Full_A-None_AdaBN-F,50,50,50
Lee2019_SSVEP,EEGNetv4,2,8,0.94,0.94,0.9946666666666666,0.955,0.955,0.9931333333333332,FM-Full_A-None_AdaBN-F,50,50,50
Lee2019_SSVEP,EEGNetv4,2,11,0.985,0.985,1.0,1.0,1.0,1.0,FM-Full_A-None_AdaBN-F,50,50,50
Lee2019_SSVEP,EEGNetv4,2,12,0.965,0.965,0.9964333333333332,0.955,0.955,0.994,FM-Full_A-None_AdaBN-F,50,50,50
Lee2019_SSVEP,EEGNetv4,2,15,0.87,0.8699999999999999,0.9842333333333332,0.985,0.985,0.9998333333333334,FM-Full_A-None_AdaBN-F,50,50,50
Lee2019_SSVEP,EEGNetv4,2,19,0.99,0.99,0.9960666666666668,0.99,0.99,0.9954333333333334,FM-Full_A-None_AdaBN-F,50,50,50
Lee2019_SSVEP,EEGNetv4,2,21,0.97,0.97,0.9997333333333333,0.995,0.995,0.9999333333333332,FM-Full_A-None_AdaBN-F,50,50,50
Lee2019_SSVEP,EEGNetv4,2,22,0.865,0.865,0.9772333333333334,0.91,0.91,0.9856333333333334,FM-Full_A-None_AdaBN-F,50,50,50
Lee2019_SSVEP,EEGNetv4,2,23,0.4,0.4,0.6233333333333333,0.585,0.585,0.8038333333333333,FM-Full_A-None_AdaBN-F,50,50,50
Lee2019_SSVEP,EEGNetv4,2,24,0.965,0.965,0.9965666666666668,0.99,0.99,0.996,FM-Full_A-None_AdaBN-F,50,50,50
Lee2019_SSVEP,EEGNetv4,2,28,0.97,0.97,0.9987666666666668,0.98,0.98,0.9985,FM-Full_A-None_AdaBN-F,50,50,50
Lee2019_SSVEP,EEGNetv4,2,29,0.955,0.955,0.9906,0.97,0.97,0.9949,FM-Full_A-None_AdaBN-F,50,50,50
Lee2019_SSVEP,EEGNetv4,2,30,0.935,0.935,0.9931333333333332,0.995,0.995,0.9977666666666668,FM-Full_A-None_AdaBN-F,50,50,50
Lee2019_SSVEP,EEGNetv4,2,32,0.61,0.61,0.8814,0.835,0.835,0.967,FM-Full_A-None_AdaBN-F,50,50,50
Lee2019_SSVEP,EEGNetv4,2,36,1.0,1.0,1.0,1.0,1.0,1.0,FM-Full_A-None_AdaBN-F,50,50,50
Lee2019_SSVEP,EEGNetv4,2,39,1.0,1.0,1.0,1.0,1.0,1.0,FM-Full_A-None_AdaBN-F,50,50,50
Lee2019_SSVEP,EEGNetv4,2,40,0.965,0.965,0.9981,0.97,0.97,0.9978,FM-Full_A-None_AdaBN-F,50,50,50
Lee2019_SSVEP,EEGNetv4,2,41,0.98,0.98,0.9997666666666668,0.99,0.99,1.0,FM-Full_A-None_AdaBN-F,50,50,50
Lee2019_SSVEP,EEGNetv4,2,42,0.815,0.815,0.9660333333333332,0.795,0.7949999999999999,0.9638666666666666,FM-Full_A-None_AdaBN-F,50,50,50
Lee2019_SSVEP,EEGNetv4,2,43,1.0,1.0,1.0,1.0,1.0,1.0,FM-Full_A-None_AdaBN-F,50,50,50
Lee2019_SSVEP,EEGNetv4,2,44,0.995,0.995,1.0,0.995,0.995,1.0,FM-Full_A-None_AdaBN-F,50,50,50
Lee2019_SSVEP,EEGNetv4,2,47,0.645,0.645,0.8882333333333333,0.62,0.62,0.8531666666666667,FM-Full_A-None_AdaBN-F,50,50,50
Lee2019_SSVEP,EEGNetv4,2,48,1.0,1.0,1.0,1.0,1.0,1.0,FM-Full_A-None_AdaBN-F,50,50,50
Lee2019_SSVEP,EEGNetv4,2,52,0.905,0.905,0.9959666666666668,0.96,0.96,0.9996,FM-Full_A-None_AdaBN-F,50,50,50
Lee2019_SSVEP,EEGNetv4,2,54,0.74,0.74,0.9308,0.875,0.8749999999999999,0.9773,FM-Full_A-None_AdaBN-F,50,50,50
Lee2019_SSVEP,ATCNet,1,4,0.99,0.99,0.9999333333333332,1.0,1.0,1.0,FM-Full_A-None_AdaBN-F,50,50,50
Lee2019_SSVEP,ATCNet,1,5,0.785,0.785,0.9470333333333332,0.815,0.8150000000000001,0.9632,FM-Full_A-None_AdaBN-F,50,50,50
Lee2019_SSVEP,ATCNet,1,6,0.995,0.995,1.0,1.0,1.0,1.0,FM-Full_A-None_AdaBN-F,50,50,50
Lee2019_SSVEP,ATCNet,1,7,0.99,0.99,0.9999333333333332,0.995,0.995,1.0,FM-Full_A-None_AdaBN-F,50,50,50
Lee2019_SSVEP,ATCNet,1,9,0.93,0.93,0.9923333333333334,0.93,0.93,0.9949666666666668,FM-Full_A-None_AdaBN-F,50,50,50
Lee2019_SSVEP,ATCNet,1,10,0.98,0.98,0.9999333333333332,0.99,0.99,0.9999666666666668,FM-Full_A-None_AdaBN-F,50,50,50
Lee2019_SSVEP,ATCNet,1,13,0.92,0.92,0.9939333333333332,0.975,0.975,0.9991666666666668,FM-Full_A-None_AdaBN-F,50,50,50
Lee2019_SSVEP,ATCNet,1,14,0.845,0.845,0.9710666666666667,0.93,0.93,0.9965,FM-Full_A-None_AdaBN-F,50,50,50
Lee2019_SSVEP,ATCNet,1,16,0.995,0.995,1.0,0.995,0.995,0.9999333333333332,FM-Full_A-None_AdaBN-F,50,50,50
Lee2019_SSVEP,ATCNet,1,17,0.76,0.76,0.9730333333333332,0.92,0.92,0.9937666666666668,FM-Full_A-None_AdaBN-F,50,50,50
Lee2019_SSVEP,ATCNet,1,18,0.965,0.965,0.9991333333333332,0.975,0.975,0.9991666666666664,FM-Full_A-None_AdaBN-F,50,50,50
Lee2019_SSVEP,ATCNet,1,20,0.98,0.98,0.9989,0.975,0.975,0.9988333333333336,FM-Full_A-None_AdaBN-F,50,50,50
Lee2019_SSVEP,ATCNet,1,25,0.905,0.905,0.9895333333333332,0.955,0.955,0.9951,FM-Full_A-None_AdaBN-F,50,50,50
Lee2019_SSVEP,ATCNet,1,26,0.96,0.96,0.9968,0.98,0.98,0.9998,FM-Full_A-None_AdaBN-F,50,50,50
Lee2019_SSVEP,ATCNet,1,27,0.985,0.985,0.9995333333333334,0.975,0.975,0.9991333333333334,FM-Full_A-None_AdaBN-F,50,50,50
Lee2019_SSVEP,ATCNet,1,31,1.0,1.0,1.0,1.0,1.0,1.0,FM-Full_A-None_AdaBN-F,50,50,50
Lee2019_SSVEP,ATCNet,1,33,0.97,0.97,0.9989333333333332,1.0,1.0,1.0,FM-Full_A-None_AdaBN-F,50,50,50
Lee2019_SSVEP,ATCNet,1,34,0.765,0.7649999999999999,0.9204,0.83,0.8300000000000001,0.9523333333333333,FM-Full_A-None_AdaBN-F,50,50,50
Lee2019_SSVEP,ATCNet,1,35,0.94,0.94,0.9953333333333332,0.965,0.965,0.9985,FM-Full_A-None_AdaBN-F,50,50,50
Lee2019_SSVEP,ATCNet,1,37,0.985,0.985,0.9997666666666668,0.99,0.99,0.9998,FM-Full_A-None_AdaBN-F,50,50,50
Lee2019_SSVEP,ATCNet,1,38,0.97,0.97,0.9997333333333334,0.98,0.98,0.9998,FM-Full_A-None_AdaBN-F,50,50,50
Lee2019_SSVEP,ATCNet,1,45,0.84,0.84,0.9854666666666666,0.905,0.905,0.9929333333333332,FM-Full_A-None_AdaBN-F,50,50,50
Lee2019_SSVEP,ATCNet,1,46,0.975,0.975,0.9996,0.995,0.995,0.9999666666666668,FM-Full_A-None_AdaBN-F,50,50,50
Lee2019_SSVEP,ATCNet,1,49,0.945,0.945,0.9988666666666666,0.99,0.99,0.9998,FM-Full_A-None_AdaBN-F,50,50,50
Lee2019_SSVEP,ATCNet,1,50,0.975,0.975,0.9990333333333334,0.995,0.995,0.9997333333333334,FM-Full_A-None_AdaBN-F,50,50,50
Lee2019_SSVEP,ATCNet,1,51,0.715,0.7150000000000001,0.9086666666666668,0.77,0.77,0.9420333333333332,FM-Full_A-None_AdaBN-F,50,50,50
Lee2019_SSVEP,ATCNet,1,53,0.995,0.995,1.0,1.0,1.0,1.0,FM-Full_A-None_AdaBN-F,50,50,50
Lee2019_SSVEP,ATCNet,2,1,0.91,0.91,0.9908666666666668,0.92,0.92,0.9926333333333334,FM-Full_A-None_AdaBN-F,50,50,50
Lee2019_SSVEP,ATCNet,2,2,0.965,0.965,0.9989666666666668,0.98,0.98,0.9994333333333334,FM-Full_A-None_AdaBN-F,50,50,50
Lee2019_SSVEP,ATCNet,2,3,0.89,0.8899999999999999,0.9826666666666668,0.875,0.8749999999999999,0.9758,FM-Full_A-None_AdaBN-F,50,50,50
Lee2019_SSVEP,ATCNet,2,8,0.84,0.84,0.9712666666666666,0.915,0.915,0.9863,FM-Full_A-None_AdaBN-F,50,50,50
Lee2019_SSVEP,ATCNet,2,11,0.995,0.995,1.0,1.0,1.0,1.0,FM-Full_A-None_AdaBN-F,50,50,50
Lee2019_SSVEP,ATCNet,2,12,0.955,0.955,0.9979666666666666,0.96,0.96,0.9978666666666668,FM-Full_A-None_AdaBN-F,50,50,50
Lee2019_SSVEP,ATCNet,2,15,0.75,0.75,0.9606,0.995,0.995,1.0,FM-Full_A-None_AdaBN-F,50,50,50
Lee2019_SSVEP,ATCNet,2,19,0.97,0.97,0.9991333333333332,0.97,0.97,0.9997,FM-Full_A-None_AdaBN-F,50,50,50
Lee2019_SSVEP,ATCNet,2,21,0.95,0.95,0.9966333333333331,0.96,0.96,0.9989,FM-Full_A-None_AdaBN-F,50,50,50
Lee2019_SSVEP,ATCNet,2,22,0.78,0.78,0.9396,0.855,0.855,0.9674333333333334,FM-Full_A-None_AdaBN-F,50,50,50
Lee2019_SSVEP,ATCNet,2,23,0.265,0.265,0.5151666666666667,0.485,0.485,0.7334666666666666,FM-Full_A-None_AdaBN-F,50,50,50
Lee2019_SSVEP,ATCNet,2,24,0.935,0.935,0.9921,0.94,0.94,0.9917333333333334,FM-Full_A-None_AdaBN-F,50,50,50
Lee2019_SSVEP,ATCNet,2,28,0.915,0.915,0.9917333333333334,0.945,0.945,0.9953333333333332,FM-Full_A-None_AdaBN-F,50,50,50
Lee2019_SSVEP,ATCNet,2,29,0.89,0.89,0.9824666666666666,0.935,0.935,0.9914,FM-Full_A-None_AdaBN-F,50,50,50
Lee2019_SSVEP,ATCNet,2,30,1.0,1.0,0.9999666666666668,0.995,0.995,1.0,FM-Full_A-None_AdaBN-F,50,50,50
Lee2019_SSVEP,ATCNet,2,32,0.8,0.8,0.9481,0.945,0.945,0.9949,FM-Full_A-None_AdaBN-F,50,50,50
Lee2019_SSVEP,ATCNet,2,36,1.0,1.0,1.0,1.0,1.0,1.0,FM-Full_A-None_AdaBN-F,50,50,50
Lee2019_SSVEP,ATCNet,2,39,1.0,1.0,1.0,1.0,1.0,1.0,FM-Full_A-None_AdaBN-F,50,50,50
Lee2019_SSVEP,ATCNet,2,40,0.9,0.8999999999999999,0.9925666666666668,0.905,0.905,0.9899333333333332,FM-Full_A-None_AdaBN-F,50,50,50
Lee2019_SSVEP,ATCNet,2,41,0.94,0.94,0.9960666666666668,0.98,0.98,0.9981,FM-Full_A-None_AdaBN-F,50,50,50
Lee2019_SSVEP,ATCNet,2,42,0.745,0.745,0.9411,0.74,0.74,0.9372,FM-Full_A-None_AdaBN-F,50,50,50
Lee2019_SSVEP,ATCNet,2,43,1.0,1.0,1.0,1.0,1.0,1.0,FM-Full_A-None_AdaBN-F,50,50,50
Lee2019_SSVEP,ATCNet,2,44,0.98,0.98,0.9999,0.97,0.97,0.9995666666666668,FM-Full_A-None_AdaBN-F,50,50,50
Lee2019_SSVEP,ATCNet,2,47,0.6,0.6000000000000001,0.8663333333333333,0.61,0.61,0.8559666666666667,FM-Full_A-None_AdaBN-F,50,50,50
Lee2019_SSVEP,ATCNet,2,48,0.995,0.995,0.9999666666666668,1.0,1.0,1.0,FM-Full_A-None_AdaBN-F,50,50,50
Lee2019_SSVEP,ATCNet,2,52,0.96,0.96,0.9977,0.985,0.985,0.9998333333333334,FM-Full_A-None_AdaBN-F,50,50,50
Lee2019_SSVEP,ATCNet,2,54,0.72,0.72,0.9287333333333332,0.875,0.8749999999999999,0.9758,FM-Full_A-None_AdaBN-F,50,50,50
Lee2019_SSVEP,DeepConvNet,1,4,1.0,1.0,1.0,1.0,1.0,1.0,FM-Full_A-None_AdaBN-F,50,50,50
Lee2019_SSVEP,DeepConvNet,1,5,0.805,0.8049999999999999,0.9599666666666666,0.815,0.815,0.9722,FM-Full_A-None_AdaBN-F,50,50,50
Lee2019_SSVEP,DeepConvNet,1,6,0.99,0.99,0.9999666666666668,0.99,0.99,0.9998,FM-Full_A-None_AdaBN-F,50,50,50
Lee2019_SSVEP,DeepConvNet,1,7,0.99,0.99,0.9999666666666668,0.995,0.995,1.0,FM-Full_A-None_AdaBN-F,50,50,50
Lee2019_SSVEP,DeepConvNet,1,9,0.96,0.96,0.9989333333333332,0.95,0.95,0.9980333333333332,FM-Full_A-None_AdaBN-F,50,50,50
Lee2019_SSVEP,DeepConvNet,1,10,0.995,0.995,1.0,0.995,0.995,1.0,FM-Full_A-None_AdaBN-F,50,50,50
Lee2019_SSVEP,DeepConvNet,1,13,0.84,0.84,0.9683166666666668,0.975,0.975,0.9953,FM-Full_A-None_AdaBN-F,50,50,50
Lee2019_SSVEP,DeepConvNet,1,14,0.89,0.8899999999999999,0.9843333333333332,0.92,0.92,0.9942,FM-Full_A-None_AdaBN-F,50,50,50
Lee2019_SSVEP,DeepConvNet,1,16,1.0,1.0,1.0,1.0,1.0,1.0,FM-Full_A-None_AdaBN-F,50,50,50
Lee2019_SSVEP,DeepConvNet,1,17,0.96,0.96,0.998,0.985,0.985,0.9996666666666668,FM-Full_A-None_AdaBN-F,50,50,50
Lee2019_SSVEP,DeepConvNet,1,18,0.995,0.995,1.0,0.995,0.995,1.0,FM-Full_A-None_AdaBN-F,50,50,50
Lee2019_SSVEP,DeepConvNet,1,20,0.945,0.945,0.9985,0.975,0.975,0.9982666666666667,FM-Full_A-None_AdaBN-F,50,50,50
Lee2019_SSVEP,DeepConvNet,1,25,0.945,0.945,0.9992333333333334,0.995,0.995,0.9999,FM-Full_A-None_AdaBN-F,50,50,50
Lee2019_SSVEP,DeepConvNet,1,26,0.99,0.99,0.9999,0.99,0.99,0.9998333333333334,FM-Full_A-None_AdaBN-F,50,50,50
Lee2019_SSVEP,DeepConvNet,1,27,0.985,0.985,0.9998,0.99,0.99,0.9998,FM-Full_A-None_AdaBN-F,50,50,50
Lee2019_SSVEP,DeepConvNet,1,31,1.0,1.0,1.0,1.0,1.0,1.0,FM-Full_A-None_AdaBN-F,50,50,50
Lee2019_SSVEP,DeepConvNet,1,33,0.985,0.985,0.9998666666666668,0.995,0.995,0.9998666666666668,FM-Full_A-None_AdaBN-F,50,50,50
Lee2019_SSVEP,DeepConvNet,1,34,0.79,0.79,0.9273333333333332,0.825,0.825,0.9512833333333334,FM-Full_A-None_AdaBN-F,50,50,50
Lee2019_SSVEP,DeepConvNet,1,35,0.965,0.965,0.9998,0.985,0.985,0.9998,FM-Full_A-None_AdaBN-F,50,50,50
Lee2019_SSVEP,DeepConvNet,1,37,0.995,0.995,0.9997333333333334,0.985,0.985,0.9995,FM-Full_A-None_AdaBN-F,50,50,50
Lee2019_SSVEP,DeepConvNet,1,38,0.98,0.98,0.9995,0.98,0.98,0.9994666666666668,FM-Full_A-None_AdaBN-F,50,50,50
Lee2019_SSVEP,DeepConvNet,1,45,0.945,0.945,0.9976666666666668,0.97,0.97,0.9995333333333334,FM-Full_A-None_AdaBN-F,50,50,50
Lee2019_SSVEP,DeepConvNet,1,46,0.9,0.9,0.9964,0.99,0.99,0.9997333333333333,FM-Full_A-None_AdaBN-F,50,50,50
Lee2019_SSVEP,DeepConvNet,1,49,0.985,0.985,0.9998333333333334,0.995,0.995,1.0,FM-Full_A-None_AdaBN-F,50,50,50
Lee2019_SSVEP,DeepConvNet,1,50,0.955,0.955,0.9976666666666668,0.965,0.965,0.9994,FM-Full_A-None_AdaBN-F,50,50,50
Lee2019_SSVEP,DeepConvNet,1,51,0.805,0.805,0.9598,0.825,0.825,0.9621333333333332,FM-Full_A-None_AdaBN-F,50,50,50
Lee2019_SSVEP,DeepConvNet,1,53,0.99,0.99,1.0,0.995,0.995,1.0,FM-Full_A-None_AdaBN-F,50,50,50
Lee2019_SSVEP,DeepConvNet,2,1,0.935,0.935,0.9974333333333332,0.935,0.935,0.9967666666666668,FM-Full_A-None_AdaBN-F,50,50,50
Lee2019_SSVEP,DeepConvNet,2,2,0.98,0.98,0.9997,0.97,0.97,0.9997666666666668,FM-Full_A-None_AdaBN-F,50,50,50
Lee2019_SSVEP,DeepConvNet,2,3,0.93,0.93,0.9948333333333332,0.925,0.925,0.9921666666666668,FM-Full_A-None_AdaBN-F,50,50,50
Lee2019_SSVEP,DeepConvNet,2,8,0.94,0.94,0.9891333333333332,0.965,0.965,0.9895333333333334,FM-Full_A-None_AdaBN-F,50,50,50
Lee2019_SSVEP,DeepConvNet,2,11,1.0,1.0,1.0,1.0,1.0,1.0,FM-Full_A-None_AdaBN-F,50,50,50
Lee2019_SSVEP,DeepConvNet,2,12,0.97,0.97,0.9991333333333332,0.965,0.965,0.9986666666666668,FM-Full_A-None_AdaBN-F,50,50,50
Lee2019_SSVEP,DeepConvNet,2,15,0.85,0.8499999999999999,0.9650666666666669,0.99,0.99,0.9998333333333334,FM-Full_A-None_AdaBN-F,50,50,50
Lee2019_SSVEP,DeepConvNet,2,19,0.91,0.91,0.9955,0.91,0.91,0.9923333333333332,FM-Full_A-None_AdaBN-F,50,50,50
Lee2019_SSVEP,DeepConvNet,2,21,0.985,0.985,0.9999666666666668,0.99,0.99,0.9998666666666668,FM-Full_A-None_AdaBN-F,50,50,50
Lee2019_SSVEP,DeepConvNet,2,22,0.865,0.865,0.9759666666666666,0.92,0.92,0.9908,FM-Full_A-None_AdaBN-F,50,50,50
Lee2019_SSVEP,DeepConvNet,2,23,0.3,0.3,0.5851666666666666,0.4,0.4,0.7258333333333333,FM-Full_A-None_AdaBN-F,50,50,50
Lee2019_SSVEP,DeepConvNet,2,24,0.915,0.915,0.9914666666666668,0.96,0.96,0.9928166666666668,FM-Full_A-None_AdaBN-F,50,50,50
Lee2019_SSVEP,DeepConvNet,2,28,0.975,0.975,0.9991333333333332,0.98,0.98,0.9984,FM-Full_A-None_AdaBN-F,50,50,50
Lee2019_SSVEP,DeepConvNet,2,29,0.945,0.945,0.9904,0.97,0.97,0.9942,FM-Full_A-None_AdaBN-F,50,50,50
Lee2019_SSVEP,DeepConvNet,2,30,0.985,0.985,0.9991,0.995,0.995,0.9993333333333334,FM-Full_A-None_AdaBN-F,50,50,50
Lee2019_SSVEP,DeepConvNet,2,32,0.725,0.725,0.9580333333333334,0.895,0.8949999999999999,0.9878,FM-Full_A-None_AdaBN-F,50,50,50
Lee2019_SSVEP,DeepConvNet,2,36,1.0,1.0,1.0,1.0,1.0,1.0,FM-Full_A-None_AdaBN-F,50,50,50
Lee2019_SSVEP,DeepConvNet,2,39,1.0,1.0,1.0,1.0,1.0,1.0,FM-Full_A-None_AdaBN-F,50,50,50
Lee2019_SSVEP,DeepConvNet,2,40,0.905,0.905,0.9922333333333332,0.92,0.92,0.9944666666666666,FM-Full_A-None_AdaBN-F,50,50,50
Lee2019_SSVEP,DeepConvNet,2,41,0.985,0.985,0.9996666666666668,0.99,0.99,0.9999,FM-Full_A-None_AdaBN-F,50,50,50
Lee2019_SSVEP,DeepConvNet,2,42,0.82,0.82,0.9660333333333332,0.845,0.845,0.9594666666666668,FM-Full_A-None_AdaBN-F,50,50,50
Lee2019_SSVEP,DeepConvNet,2,43,1.0,1.0,1.0,1.0,1.0,1.0,FM-Full_A-None_AdaBN-F,50,50,50
Lee2019_SSVEP,DeepConvNet,2,44,0.995,0.995,1.0,0.995,0.995,1.0,FM-Full_A-None_AdaBN-F,50,50,50
Lee2019_SSVEP,DeepConvNet,2,47,0.645,0.645,0.8764000000000001,0.64,0.64,0.8601333333333334,FM-Full_A-None_AdaBN-F,50,50,50
Lee2019_SSVEP,DeepConvNet,2,48,0.995,0.995,1.0,0.995,0.995,1.0,FM-Full_A-None_AdaBN-F,50,50,50
Lee2019_SSVEP,DeepConvNet,2,52,0.96,0.96,0.9990666666666668,0.995,0.995,0.9997333333333334,FM-Full_A-None_AdaBN-F,50,50,50
Lee2019_SSVEP,DeepConvNet,2,54,0.655,0.655,0.8978333333333333,0.865,0.865,0.9701666666666666,FM-Full_A-None_AdaBN-F,50,50,50
Lee2019_SSVEP,ShallowConvNet,1,4,0.855,0.855,0.9900333333333332,0.96,0.96,0.9963333333333334,FM-Full_A-None_AdaBN-F,50,50,50
Lee2019_SSVEP,ShallowConvNet,1,5,0.59,0.59,0.8438666666666667,0.625,0.625,0.8346666666666667,FM-Full_A-None_AdaBN-F,50,50,50
Lee2019_SSVEP,ShallowConvNet,1,6,0.785,0.7849999999999999,0.9505666666666668,0.905,0.905,0.9869,FM-Full_A-None_AdaBN-F,50,50,50
Lee2019_SSVEP,ShallowConvNet,1,7,0.81,0.8099999999999999,0.9551333333333332,0.945,0.945,0.9919333333333332,FM-Full_A-None_AdaBN-F,50,50,50
Lee2019_SSVEP,ShallowConvNet,1,9,0.7,0.7,0.9305,0.81,0.8099999999999999,0.9605,FM-Full_A-None_AdaBN-F,50,50,50
Lee2019_SSVEP,ShallowConvNet,1,10,0.655,0.655,0.8969333333333332,0.86,0.8600000000000001,0.9805,FM-Full_A-None_AdaBN-F,50,50,50
Lee2019_SSVEP,ShallowConvNet,1,13,0.62,0.6199999999999999,0.8309333333333333,0.71,0.7100000000000001,0.8982,FM-Full_A-None_AdaBN-F,50,50,50
Lee2019_SSVEP,ShallowConvNet,1,14,0.585,0.585,0.8337333333333332,0.725,0.7250000000000001,0.9088333333333332,FM-Full_A-None_AdaBN-F,50,50,50
Lee2019_SSVEP,ShallowConvNet,1,16,0.795,0.795,0.9586333333333332,0.915,0.915,0.986,FM-Full_A-None_AdaBN-F,50,50,50
Lee2019_SSVEP,ShallowConvNet,1,17,0.55,0.55,0.8136666666666666,0.87,0.87,0.9636,FM-Full_A-None_AdaBN-F,50,50,50
Lee2019_SSVEP,ShallowConvNet,1,18,0.895,0.895,0.9877333333333334,0.96,0.96,0.9968333333333332,FM-Full_A-None_AdaBN-F,50,50,50
Lee2019_SSVEP,ShallowConvNet,1,20,0.64,0.6400000000000001,0.8655,0.77,0.7699999999999999,0.9251,FM-Full_A-None_AdaBN-F,50,50,50
Lee2019_SSVEP,ShallowConvNet,1,25,0.77,0.77,0.9130333333333334,0.88,0.88,0.9780666666666666,FM-Full_A-None_AdaBN-F,50,50,50
Lee2019_SSVEP,ShallowConvNet,1,26,0.84,0.84,0.9824,0.915,0.915,0.9841333333333334,FM-Full_A-None_AdaBN-F,50,50,50
Lee2019_SSVEP,ShallowConvNet,1,27,0.955,0.955,0.9957,0.965,0.965,0.9981333333333332,FM-Full_A-None_AdaBN-F,50,50,50
Lee2019_SSVEP,ShallowConvNet,1,31,0.955,0.955,0.9986,0.99,0.99,0.9998666666666668,FM-Full_A-None_AdaBN-F,50,50,50
Lee2019_SSVEP,ShallowConvNet,1,33,0.7,0.7,0.9413333333333332,0.82,0.82,0.958,FM-Full_A-None_AdaBN-F,50,50,50
Lee2019_SSVEP,ShallowConvNet,1,34,0.46,0.46,0.7646333333333333,0.59,0.59,0.8078000000000001,FM-Full_A-None_AdaBN-F,50,50,50
Lee2019_SSVEP,ShallowConvNet,1,35,0.51,0.51,0.8012333333333332,0.75,0.75,0.9229333333333334,FM-Full_A-None_AdaBN-F,50,50,50
Lee2019_SSVEP,ShallowConvNet,1,37,0.855,0.855,0.9719,0.895,0.895,0.9740333333333332,FM-Full_A-None_AdaBN-F,50,50,50
Lee2019_SSVEP,ShallowConvNet,1,38,0.505,0.505,0.8494333333333334,0.795,0.795,0.9477,FM-Full_A-None_AdaBN-F,50,50,50
Lee2019_SSVEP,ShallowConvNet,1,45,0.495,0.495,0.8253666666666666,0.775,0.775,0.933,FM-Full_A-None_AdaBN-F,50,50,50
Lee2019_SSVEP,ShallowConvNet,1,46,0.74,0.74,0.9085666666666667,0.77,0.77,0.9188999999999998,FM-Full_A-None_AdaBN-F,50,50,50
Lee2019_SSVEP,ShallowConvNet,1,49,0.845,0.845,0.9630666666666666,0.94,0.94,0.9936666666666668,FM-Full_A-None_AdaBN-F,50,50,50
Lee2019_SSVEP,ShallowConvNet,1,50,0.63,0.63,0.8421666666666666,0.785,0.785,0.9330666666666666,FM-Full_A-None_AdaBN-F,50,50,50
Lee2019_SSVEP,ShallowConvNet,1,51,0.495,0.495,0.7565333333333334,0.61,0.61,0.8035,FM-Full_A-None_AdaBN-F,50,50,50
Lee2019_SSVEP,ShallowConvNet,1,53,0.765,0.765,0.9455666666666668,0.87,0.87,0.9656,FM-Full_A-None_AdaBN-F,50,50,50
Lee2019_SSVEP,ShallowConvNet,2,1,0.825,0.825,0.9718333333333332,0.87,0.87,0.9736333333333334,FM-Full_A-None_AdaBN-F,50,50,50
Lee2019_SSVEP,ShallowConvNet,2,2,0.88,0.8799999999999999,0.9785333333333334,0.95,0.95,0.9956,FM-Full_A-None_AdaBN-F,50,50,50
Lee2019_SSVEP,ShallowConvNet,2,3,0.72,0.72,0.9314,0.88,0.88,0.9802,FM-Full_A-None_AdaBN-F,50,50,50
Lee2019_SSVEP,ShallowConvNet,2,8,0.71,0.71,0.9255666666666666,0.81,0.8099999999999999,0.9508333333333332,FM-Full_A-None_AdaBN-F,50,50,50
Lee2019_SSVEP,ShallowConvNet,2,11,0.98,0.98,0.9998666666666668,0.99,0.99,0.9997666666666668,FM-Full_A-None_AdaBN-F,50,50,50
Lee2019_SSVEP,ShallowConvNet,2,12,0.915,0.915,0.9919,0.95,0.95,0.9908333333333332,FM-Full_A-None_AdaBN-F,50,50,50
Lee2019_SSVEP,ShallowConvNet,2,15,0.485,0.485,0.8513,0.85,0.85,0.9633333333333334,FM-Full_A-None_AdaBN-F,50,50,50
Lee2019_SSVEP,ShallowConvNet,2,19,0.59,0.59,0.8558999999999999,0.815,0.815,0.9416666666666668,FM-Full_A-None_AdaBN-F,50,50,50
Lee2019_SSVEP,ShallowConvNet,2,21,0.765,0.765,0.9676666666666668,0.94,0.94,0.9943666666666668,FM-Full_A-None_AdaBN-F,50,50,50
Lee2019_SSVEP,ShallowConvNet,2,22,0.53,0.53,0.8104666666666667,0.705,0.7050000000000001,0.9158333333333332,FM-Full_A-None_AdaBN-F,50,50,50
Lee2019_SSVEP,ShallowConvNet,2,23,0.42,0.42,0.7159333333333333,0.49,0.49,0.7842,FM-Full_A-None_AdaBN-F,50,50,50
Lee2019_SSVEP,ShallowConvNet,2,24,0.695,0.6950000000000001,0.9025666666666664,0.8,0.7999999999999999,0.9480666666666666,FM-Full_A-None_AdaBN-F,50,50,50
Lee2019_SSVEP,ShallowConvNet,2,28,0.825,0.825,0.9634666666666668,0.89,0.89,0.9775333333333334,FM-Full_A-None_AdaBN-F,50,50,50
Lee2019_SSVEP,ShallowConvNet,2,29,0.74,0.74,0.9305,0.845,0.845,0.9746666666666668,FM-Full_A-None_AdaBN-F,50,50,50
Lee2019_SSVEP,ShallowConvNet,2,30,0.77,0.77,0.9386666666666664,0.88,0.88,0.9741333333333332,FM-Full_A-None_AdaBN-F,50,50,50
Lee2019_SSVEP,ShallowConvNet,2,32,0.285,0.285,0.6810333333333334,0.645,0.645,0.8693,FM-Full_A-None_AdaBN-F,50,50,50
Lee2019_SSVEP,ShallowConvNet,2,36,0.9,0.8999999999999999,0.9991,1.0,1.0,1.0,FM-Full_A-None_AdaBN-F,50,50,50
Lee2019_SSVEP,ShallowConvNet,2,39,0.875,0.875,0.9793,0.925,0.925,0.9906333333333333,FM-Full_A-None_AdaBN-F,50,50,50
Lee2019_SSVEP,ShallowConvNet,2,40,0.685,0.685,0.909,0.805,0.8049999999999999,0.9552666666666666,FM-Full_A-None_AdaBN-F,50,50,50
Lee2019_SSVEP,ShallowConvNet,2,41,0.9,0.8999999999999999,0.9866666666666666,0.955,0.955,0.9937,FM-Full_A-None_AdaBN-F,50,50,50
Lee2019_SSVEP,ShallowConvNet,2,42,0.72,0.72,0.9261333333333334,0.775,0.7749999999999999,0.9207333333333332,FM-Full_A-None_AdaBN-F,50,50,50
Lee2019_SSVEP,ShallowConvNet,2,43,0.99,0.99,0.9995,0.99,0.99,0.9988333333333334,FM-Full_A-None_AdaBN-F,50,50,50
Lee2019_SSVEP,ShallowConvNet,2,44,0.96,0.96,0.9974333333333334,0.97,0.97,0.9976333333333334,FM-Full_A-None_AdaBN-F,50,50,50
Lee2019_SSVEP,ShallowConvNet,2,47,0.615,0.615,0.8134333333333333,0.6,0.6,0.7997666666666667,FM-Full_A-None_AdaBN-F,50,50,50
Lee2019_SSVEP,ShallowConvNet,2,48,0.855,0.855,0.9962333333333332,0.965,0.965,0.9978333333333332,FM-Full_A-None_AdaBN-F,50,50,50
Lee2019_SSVEP,ShallowConvNet,2,52,0.75,0.75,0.9220333333333334,0.87,0.87,0.9788,FM-Full_A-None_AdaBN-F,50,50,50
Lee2019_SSVEP,ShallowConvNet,2,54,0.635,0.635,0.8758666666666666,0.73,0.73,0.9105,FM-Full_A-None_AdaBN-F,50,50,50
Lee2019_SSVEP,ATCNet,1,4,0.995,0.995,1.0,0.995,0.995,1.0,FM-Full_A-None_AdaBN-F,100,100,100
Lee2019_SSVEP,ATCNet,1,5,0.825,0.825,0.9598,0.82,0.8200000000000001,0.9671333333333332,FM-Full_A-None_AdaBN-F,100,100,100
Lee2019_SSVEP,ATCNet,1,6,1.0,1.0,1.0,1.0,1.0,1.0,FM-Full_A-None_AdaBN-F,100,100,100
Lee2019_SSVEP,ATCNet,1,7,1.0,1.0,1.0,0.995,0.995,1.0,FM-Full_A-None_AdaBN-F,100,100,100
Lee2019_SSVEP,ATCNet,1,9,0.935,0.935,0.9970666666666668,0.96,0.96,0.9986666666666668,FM-Full_A-None_AdaBN-F,100,100,100
Lee2019_SSVEP,ATCNet,1,10,0.995,0.995,0.9999666666666668,0.995,0.995,1.0,FM-Full_A-None_AdaBN-F,100,100,100
Lee2019_SSVEP,ATCNet,1,13,0.935,0.935,0.9976,0.985,0.985,1.0,FM-Full_A-None_AdaBN-F,100,100,100
Lee2019_SSVEP,ATCNet,1,14,0.745,0.7450000000000001,0.9498,0.95,0.95,0.9945333333333332,FM-Full_A-None_AdaBN-F,100,100,100
Lee2019_SSVEP,ATCNet,1,16,0.995,0.995,1.0,0.995,0.995,1.0,FM-Full_A-None_AdaBN-F,100,100,100
Lee2019_SSVEP,ATCNet,1,17,0.87,0.8699999999999999,0.9830666666666666,0.945,0.945,0.9964,FM-Full_A-None_AdaBN-F,100,100,100
Lee2019_SSVEP,ATCNet,1,18,0.98,0.98,0.9996333333333334,0.985,0.985,0.9996,FM-Full_A-None_AdaBN-F,100,100,100
Lee2019_SSVEP,ATCNet,1,20,0.97,0.97,0.9985,0.965,0.965,0.9988333333333332,FM-Full_A-None_AdaBN-F,100,100,100
Lee2019_SSVEP,ATCNet,1,25,0.925,0.925,0.9973666666666668,0.955,0.955,0.9979,FM-Full_A-None_AdaBN-F,100,100,100
Lee2019_SSVEP,ATCNet,1,26,0.97,0.97,0.9990333333333334,0.995,0.995,1.0,FM-Full_A-None_AdaBN-F,100,100,100
Lee2019_SSVEP,ATCNet,1,27,0.99,0.99,0.9998,0.985,0.985,0.9996333333333334,FM-Full_A-None_AdaBN-F,100,100,100
Lee2019_SSVEP,ATCNet,1,31,1.0,1.0,1.0,1.0,1.0,1.0,FM-Full_A-None_AdaBN-F,100,100,100
Lee2019_SSVEP,ATCNet,1,33,0.97,0.97,0.9992333333333332,1.0,1.0,1.0,FM-Full_A-None_AdaBN-F,100,100,100
Lee2019_SSVEP,ATCNet,1,34,0.785,0.785,0.9529,0.845,0.845,0.9662333333333332,FM-Full_A-None_AdaBN-F,100,100,100
Lee2019_SSVEP,ATCNet,1,35,0.955,0.955,0.9983666666666666,0.985,0.985,0.9989,FM-Full_A-None_AdaBN-F,100,100,100
Lee2019_SSVEP,ATCNet,1,37,0.985,0.985,0.9998666666666668,0.985,0.985,0.9998333333333334,FM-Full_A-None_AdaBN-F,100,100,100
Lee2019_SSVEP,ATCNet,1,38,0.98,0.98,0.9997666666666668,0.985,0.985,0.9998333333333334,FM-Full_A-None_AdaBN-F,100,100,100
Lee2019_SSVEP,ATCNet,1,45,0.84,0.84,0.9892333333333332,0.93,0.93,0.9945333333333332,FM-Full_A-None_AdaBN-F,100,100,100
Lee2019_SSVEP,ATCNet,1,46,0.98,0.98,0.9997,1.0,1.0,1.0,FM-Full_A-None_AdaBN-F,100,100,100
Lee2019_SSVEP,ATCNet,1,49,0.98,0.98,0.9998333333333334,0.99,0.99,0.9999,FM-Full_A-None_AdaBN-F,100,100,100
Lee2019_SSVEP,ATCNet,1,50,0.99,0.99,0.9998,0.99,0.99,0.9998333333333334,FM-Full_A-None_AdaBN-F,100,100,100
Lee2019_SSVEP,ATCNet,1,51,0.76,0.7599999999999999,0.9334333333333332,0.8,0.7999999999999999,0.9496,FM-Full_A-None_AdaBN-F,100,100,100
Lee2019_SSVEP,ATCNet,1,53,0.995,0.995,1.0,1.0,1.0,1.0,FM-Full_A-None_AdaBN-F,100,100,100
Lee2019_SSVEP,ATCNet,2,1,0.91,0.91,0.9937333333333332,0.935,0.935,0.9957333333333332,FM-Full_A-None_AdaBN-F,100,100,100
Lee2019_SSVEP,ATCNet,2,2,0.975,0.975,0.9994,0.985,0.985,0.9996666666666668,FM-Full_A-None_AdaBN-F,100,100,100
Lee2019_SSVEP,ATCNet,2,3,0.895,0.8949999999999999,0.9851333333333332,0.88,0.8799999999999999,0.9826666666666666,FM-Full_A-None_AdaBN-F,100,100,100
Lee2019_SSVEP,ATCNet,2,8,0.89,0.89,0.9836,0.93,0.93,0.9883,FM-Full_A-None_AdaBN-F,100,100,100
Lee2019_SSVEP,ATCNet,2,11,1.0,1.0,1.0,1.0,1.0,1.0,FM-Full_A-None_AdaBN-F,100,100,100
Lee2019_SSVEP,ATCNet,2,12,0.955,0.955,0.9982666666666667,0.96,0.96,0.9984,FM-Full_A-None_AdaBN-F,100,100,100
Lee2019_SSVEP,ATCNet,2,15,0.695,0.6950000000000001,0.963,0.995,0.995,1.0,FM-Full_A-None_AdaBN-F,100,100,100
Lee2019_SSVEP,ATCNet,2,19,0.98,0.98,0.9996666666666668,0.985,0.985,0.9997333333333334,FM-Full_A-None_AdaBN-F,100,100,100
Lee2019_SSVEP,ATCNet,2,21,0.955,0.955,0.9986,0.98,0.98,0.9995666666666668,FM-Full_A-None_AdaBN-F,100,100,100
Lee2019_SSVEP,ATCNet,2,22,0.72,0.72,0.9201333333333334,0.88,0.8799999999999999,0.9822,FM-Full_A-None_AdaBN-F,100,100,100
Lee2019_SSVEP,ATCNet,2,23,0.4,0.4,0.6470333333333332,0.6,0.6,0.8179333333333333,FM-Full_A-None_AdaBN-F,100,100,100
Lee2019_SSVEP,ATCNet,2,24,0.955,0.955,0.9943333333333332,0.97,0.97,0.9936666666666668,FM-Full_A-None_AdaBN-F,100,100,100
Lee2019_SSVEP,ATCNet,2,28,0.94,0.94,0.9938,0.95,0.95,0.9951,FM-Full_A-None_AdaBN-F,100,100,100
Lee2019_SSVEP,ATCNet,2,29,0.94,0.94,0.9909666666666668,0.95,0.95,0.9963666666666668,FM-Full_A-None_AdaBN-F,100,100,100
Lee2019_SSVEP,ATCNet,2,30,0.92,0.92,0.9953,1.0,1.0,1.0,FM-Full_A-None_AdaBN-F,100,100,100
Lee2019_SSVEP,ATCNet,2,32,0.83,0.83,0.9776,0.955,0.955,0.9971666666666666,FM-Full_A-None_AdaBN-F,100,100,100
Lee2019_SSVEP,ATCNet,2,36,1.0,1.0,1.0,1.0,1.0,1.0,FM-Full_A-None_AdaBN-F,100,100,100
Lee2019_SSVEP,ATCNet,2,39,1.0,1.0,1.0,1.0,1.0,1.0,FM-Full_A-None_AdaBN-F,100,100,100
Lee2019_SSVEP,ATCNet,2,40,0.925,0.925,0.9929666666666668,0.92,0.92,0.9913,FM-Full_A-None_AdaBN-F,100,100,100
Lee2019_SSVEP,ATCNet,2,41,0.955,0.955,0.9983333333333332,0.98,0.98,0.9994666666666668,FM-Full_A-None_AdaBN-F,100,100,100
Lee2019_SSVEP,ATCNet,2,42,0.77,0.77,0.9492,0.765,0.7650000000000001,0.9455666666666668,FM-Full_A-None_AdaBN-F,100,100,100
Lee2019_SSVEP,ATCNet,2,43,1.0,1.0,1.0,1.0,1.0,1.0,FM-Full_A-None_AdaBN-F,100,100,100
Lee2019_SSVEP,ATCNet,2,44,0.975,0.975,0.9999666666666668,0.98,0.98,1.0,FM-Full_A-None_AdaBN-F,100,100,100
Lee2019_SSVEP,ATCNet,2,47,0.615,0.615,0.8683333333333332,0.63,0.63,0.8625999999999999,FM-Full_A-None_AdaBN-F,100,100,100
Lee2019_SSVEP,ATCNet,2,48,0.99,0.99,0.9999666666666668,1.0,1.0,1.0,FM-Full_A-None_AdaBN-F,100,100,100
Lee2019_SSVEP,ATCNet,2,52,0.985,0.985,0.9995333333333334,0.99,0.99,1.0,FM-Full_A-None_AdaBN-F,100,100,100
Lee2019_SSVEP,ATCNet,2,54,0.835,0.8349999999999999,0.9605666666666668,0.89,0.8899999999999999,0.9810666666666666,FM-Full_A-None_AdaBN-F,100,100,100
Lee2019_SSVEP,DeepConvNet,1,4,1.0,1.0,1.0,1.0,1.0,1.0,FM-Full_A-None_AdaBN-F,100,100,100
Lee2019_SSVEP,DeepConvNet,1,5,0.855,0.855,0.9766333333333334,0.855,0.855,0.9791666666666664,FM-Full_A-None_AdaBN-F,100,100,100
Lee2019_SSVEP,DeepConvNet,1,6,1.0,1.0,1.0,0.995,0.995,1.0,FM-Full_A-None_AdaBN-F,100,100,100
Lee2019_SSVEP,DeepConvNet,1,7,1.0,1.0,1.0,0.995,0.995,1.0,FM-Full_A-None_AdaBN-F,100,100,100
Lee2019_SSVEP,DeepConvNet,1,9,0.99,0.99,0.9999666666666668,0.985,0.985,0.9999333333333332,FM-Full_A-None_AdaBN-F,100,100,100
Lee2019_SSVEP,DeepConvNet,1,10,1.0,1.0,1.0,1.0,1.0,1.0,FM-Full_A-None_AdaBN-F,100,100,100
Lee2019_SSVEP,DeepConvNet,1,13,0.9,0.8999999999999999,0.9893666666666668,0.98,0.98,0.9974666666666668,FM-Full_A-None_AdaBN-F,100,100,100
Lee2019_SSVEP,DeepConvNet,1,14,0.88,0.88,0.9751333333333334,0.955,0.955,0.9954666666666668,FM-Full_A-None_AdaBN-F,100,100,100
Lee2019_SSVEP,DeepConvNet,1,16,1.0,1.0,1.0,1.0,1.0,1.0,FM-Full_A-None_AdaBN-F,100,100,100
Lee2019_SSVEP,DeepConvNet,1,17,0.975,0.975,0.9994,0.995,0.995,0.9999,FM-Full_A-None_AdaBN-F,100,100,100
Lee2019_SSVEP,DeepConvNet,1,18,0.995,0.995,1.0,1.0,1.0,1.0,FM-Full_A-None_AdaBN-F,100,100,100
Lee2019_SSVEP,DeepConvNet,1,20,0.985,0.985,0.9999,0.99,0.99,0.9997666666666668,FM-Full_A-None_AdaBN-F,100,100,100
Lee2019_SSVEP,DeepConvNet,1,25,0.97,0.97,0.9995666666666668,0.99,0.99,0.9999333333333332,FM-Full_A-None_AdaBN-F,100,100,100
Lee2019_SSVEP,DeepConvNet,1,26,0.985,0.985,0.9999666666666668,1.0,1.0,1.0,FM-Full_A-None_AdaBN-F,100,100,100
Lee2019_SSVEP,DeepConvNet,1,27,0.99,0.99,1.0,0.995,0.995,1.0,FM-Full_A-None_AdaBN-F,100,100,100
Lee2019_SSVEP,DeepConvNet,1,31,1.0,1.0,1.0,1.0,1.0,1.0,FM-Full_A-None_AdaBN-F,100,100,100
Lee2019_SSVEP,DeepConvNet,1,33,1.0,1.0,1.0,1.0,1.0,1.0,FM-Full_A-None_AdaBN-F,100,100,100
Lee2019_SSVEP,DeepConvNet,1,34,0.785,0.785,0.9448,0.835,0.835,0.9696333333333332,FM-Full_A-None_AdaBN-F,100,100,100
Lee2019_SSVEP,DeepConvNet,1,35,0.99,0.99,0.9998666666666668,0.995,0.995,1.0,FM-Full_A-None_AdaBN-F,100,100,100
Lee2019_SSVEP,DeepConvNet,1,37,0.995,0.995,0.9999333333333332,0.98,0.98,0.9998,FM-Full_A-None_AdaBN-F,100,100,100
Lee2019_SSVEP,DeepConvNet,1,38,0.995,0.995,0.9999666666666668,0.985,0.985,0.9998,FM-Full_A-None_AdaBN-F,100,100,100
Lee2019_SSVEP,DeepConvNet,1,45,0.95,0.95,0.9994,0.985,0.985,0.9999,FM-Full_A-None_AdaBN-F,100,100,100
Lee2019_SSVEP,DeepConvNet,1,46,0.93,0.93,0.9991666666666666,0.995,0.995,0.9999666666666668,FM-Full_A-None_AdaBN-F,100,100,100
Lee2019_SSVEP,DeepConvNet,1,49,0.985,0.985,0.9999666666666668,1.0,1.0,1.0,FM-Full_A-None_AdaBN-F,100,100,100
Lee2019_SSVEP,DeepConvNet,1,50,0.99,0.99,1.0,1.0,1.0,1.0,FM-Full_A-None_AdaBN-F,100,100,100
Lee2019_SSVEP,DeepConvNet,1,51,0.83,0.83,0.9627666666666668,0.84,0.8400000000000001,0.9643666666666666,FM-Full_A-None_AdaBN-F,100,100,100
Lee2019_SSVEP,DeepConvNet,1,53,1.0,1.0,1.0,1.0,1.0,1.0,FM-Full_A-None_AdaBN-F,100,100,100
Lee2019_SSVEP,DeepConvNet,2,1,0.95,0.95,0.9969,0.94,0.94,0.9964,FM-Full_A-None_AdaBN-F,100,100,100
Lee2019_SSVEP,DeepConvNet,2,2,0.995,0.995,0.9998666666666668,0.985,0.985,0.9998333333333334,FM-Full_A-None_AdaBN-F,100,100,100
Lee2019_SSVEP,DeepConvNet,2,3,0.93,0.93,0.9965666666666666,0.93,0.93,0.9946,FM-Full_A-None_AdaBN-F,100,100,100
Lee2019_SSVEP,DeepConvNet,2,8,0.955,0.955,0.9928833333333332,0.955,0.955,0.9902333333333332,FM-Full_A-None_AdaBN-F,100,100,100
Lee2019_SSVEP,DeepConvNet,2,11,1.0,1.0,1.0,1.0,1.0,1.0,FM-Full_A-None_AdaBN-F,100,100,100
Lee2019_SSVEP,DeepConvNet,2,12,0.985,0.985,0.9996333333333334,0.98,0.98,0.9996333333333334,FM-Full_A-None_AdaBN-F,100,100,100
Lee2019_SSVEP,DeepConvNet,2,15,0.885,0.885,0.9862,1.0,1.0,1.0,FM-Full_A-None_AdaBN-F,100,100,100
Lee2019_SSVEP,DeepConvNet,2,19,0.975,0.975,0.9995666666666668,0.975,0.975,0.9984333333333334,FM-Full_A-None_AdaBN-F,100,100,100
Lee2019_SSVEP,DeepConvNet,2,21,0.99,0.99,0.9999333333333332,0.99,0.99,0.9999,FM-Full_A-None_AdaBN-F,100,100,100
Lee2019_SSVEP,DeepConvNet,2,22,0.85,0.8500000000000001,0.9774,0.92,0.92,0.9887,FM-Full_A-None_AdaBN-F,100,100,100
Lee2019_SSVEP,DeepConvNet,2,23,0.32,0.32,0.5816333333333333,0.455,0.4549999999999999,0.7302666666666666,FM-Full_A-None_AdaBN-F,100,100,100
Lee2019_SSVEP,DeepConvNet,2,24,0.975,0.975,0.9944833333333332,0.99,0.99,0.9944833333333332,FM-Full_A-None_AdaBN-F,100,100,100
Lee2019_SSVEP,DeepConvNet,2,28,0.985,0.985,0.9989666666666668,0.98,0.98,0.9988,FM-Full_A-None_AdaBN-F,100,100,100
Lee2019_SSVEP,DeepConvNet,2,29,0.95,0.95,0.9941666666666666,0.965,0.965,0.9979,FM-Full_A-None_AdaBN-F,100,100,100
Lee2019_SSVEP,DeepConvNet,2,30,0.99,0.99,0.9999666666666668,0.995,0.995,0.9999333333333332,FM-Full_A-None_AdaBN-F,100,100,100
Lee2019_SSVEP,DeepConvNet,2,32,0.87,0.87,0.9844,0.925,0.925,0.9976,FM-Full_A-None_AdaBN-F,100,100,100
Lee2019_SSVEP,DeepConvNet,2,36,1.0,1.0,1.0,1.0,1.0,1.0,FM-Full_A-None_AdaBN-F,100,100,100
Lee2019_SSVEP,DeepConvNet,2,39,1.0,1.0,1.0,1.0,1.0,1.0,FM-Full_A-None_AdaBN-F,100,100,100
Lee2019_SSVEP,DeepConvNet,2,40,0.93,0.93,0.9935333333333332,0.93,0.93,0.9956,FM-Full_A-None_AdaBN-F,100,100,100
Lee2019_SSVEP,DeepConvNet,2,41,0.985,0.985,0.9995333333333334,0.99,0.99,0.9996,FM-Full_A-None_AdaBN-F,100,100,100
Lee2019_SSVEP,DeepConvNet,2,42,0.82,0.8200000000000001,0.9664666666666668,0.835,0.835,0.96545,FM-Full_A-None_AdaBN-F,100,100,100
Lee2019_SSVEP,DeepConvNet,2,43,1.0,1.0,1.0,1.0,1.0,1.0,FM-Full_A-None_AdaBN-F,100,100,100
Lee2019_SSVEP,DeepConvNet,2,44,0.995,0.995,1.0,1.0,1.0,1.0,FM-Full_A-None_AdaBN-F,100,100,100
Lee2019_SSVEP,DeepConvNet,2,47,0.595,0.595,0.8726666666666667,0.61,0.6100000000000001,0.8700333333333333,FM-Full_A-None_AdaBN-F,100,100,100
Lee2019_SSVEP,DeepConvNet,2,48,0.995,0.995,1.0,0.995,0.995,1.0,FM-Full_A-None_AdaBN-F,100,100,100
Lee2019_SSVEP,DeepConvNet,2,52,0.985,0.985,0.9999,1.0,1.0,1.0,FM-Full_A-None_AdaBN-F,100,100,100
Lee2019_SSVEP,DeepConvNet,2,54,0.745,0.7449999999999999,0.9534666666666666,0.885,0.885,0.9847333333333332,FM-Full_A-None_AdaBN-F,100,100,100
Lee2019_SSVEP,EEGNetv4,1,4,1.0,1.0,1.0,1.0,1.0,1.0,FM-Full_A-None_AdaBN-F,100,100,100
Lee2019_SSVEP,EEGNetv4,1,5,0.79,0.79,0.9372333333333334,0.85,0.8500000000000001,0.9641333333333332,FM-Full_A-None_AdaBN-F,100,100,100
Lee2019_SSVEP,EEGNetv4,1,6,0.98,0.98,1.0,1.0,1.0,1.0,FM-Full_A-None_AdaBN-F,100,100,100
Lee2019_SSVEP,EEGNetv4,1,7,0.955,0.955,0.9992666666666666,0.99,0.99,0.9999666666666668,FM-Full_A-None_AdaBN-F,100,100,100
Lee2019_SSVEP,EEGNetv4,1,9,0.97,0.97,0.9989666666666668,0.99,0.99,0.9998,FM-Full_A-None_AdaBN-F,100,100,100
Lee2019_SSVEP,EEGNetv4,1,10,0.995,0.995,1.0,0.995,0.995,1.0,FM-Full_A-None_AdaBN-F,100,100,100
Lee2019_SSVEP,EEGNetv4,1,13,0.945,0.945,0.9940666666666668,0.99,0.99,0.9998333333333334,FM-Full_A-None_AdaBN-F,100,100,100
Lee2019_SSVEP,EEGNetv4,1,14,0.89,0.89,0.9668333333333332,0.95,0.95,0.9898333333333332,FM-Full_A-None_AdaBN-F,100,100,100
Lee2019_SSVEP,EEGNetv4,1,16,0.995,0.995,0.9995333333333334,0.995,0.995,0.9990666666666668,FM-Full_A-None_AdaBN-F,100,100,100
Lee2019_SSVEP,EEGNetv4,1,17,0.92,0.92,0.9895833333333331,0.97,0.97,0.9971333333333334,FM-Full_A-None_AdaBN-F,100,100,100
Lee2019_SSVEP,EEGNetv4,1,18,0.99,0.99,1.0,0.99,0.99,1.0,FM-Full_A-None_AdaBN-F,100,100,100
Lee2019_SSVEP,EEGNetv4,1,20,0.945,0.945,0.9967,0.96,0.96,0.9984333333333334,FM-Full_A-None_AdaBN-F,100,100,100
Lee2019_SSVEP,EEGNetv4,1,25,0.945,0.945,0.9970333333333334,0.965,0.965,0.9987333333333333,FM-Full_A-None_AdaBN-F,100,100,100
Lee2019_SSVEP,EEGNetv4,1,26,0.885,0.8849999999999999,0.9893666666666666,0.98,0.98,0.9997,FM-Full_A-None_AdaBN-F,100,100,100
Lee2019_SSVEP,EEGNetv4,1,27,1.0,1.0,1.0,1.0,1.0,1.0,FM-Full_A-None_AdaBN-F,100,100,100
Lee2019_SSVEP,EEGNetv4,1,31,0.985,0.985,1.0,0.99,0.99,1.0,FM-Full_A-None_AdaBN-F,100,100,100
Lee2019_SSVEP,EEGNetv4,1,33,1.0,1.0,1.0,1.0,1.0,1.0,FM-Full_A-None_AdaBN-F,100,100,100
Lee2019_SSVEP,EEGNetv4,1,34,0.75,0.75,0.9397,0.845,0.845,0.9710333333333332,FM-Full_A-None_AdaBN-F,100,100,100
Lee2019_SSVEP,EEGNetv4,1,35,0.965,0.965,0.9988333333333334,0.98,0.98,0.9995333333333334,FM-Full_A-None_AdaBN-F,100,100,100
Lee2019_SSVEP,EEGNetv4,1,37,0.985,0.985,1.0,0.985,0.985,0.9999666666666668,FM-Full_A-None_AdaBN-F,100,100,100
Lee2019_SSVEP,EEGNetv4,1,38,0.99,0.99,0.9999333333333332,0.995,0.995,0.9999,FM-Full_A-None_AdaBN-F,100,100,100
Lee2019_SSVEP,EEGNetv4,1,45,0.945,0.945,0.9952333333333332,0.965,0.965,0.9975666666666668,FM-Full_A-None_AdaBN-F,100,100,100
Lee2019_SSVEP,EEGNetv4,1,46,1.0,1.0,1.0,1.0,1.0,1.0,FM-Full_A-None_AdaBN-F,100,100,100
Lee2019_SSVEP,EEGNetv4,1,49,0.99,0.99,0.9998666666666668,0.99,0.99,0.9999666666666668,FM-Full_A-None_AdaBN-F,100,100,100
Lee2019_SSVEP,EEGNetv4,1,50,0.975,0.975,0.9997,0.985,0.985,0.9995333333333334,FM-Full_A-None_AdaBN-F,100,100,100
Lee2019_SSVEP,EEGNetv4,1,51,0.69,0.69,0.8961333333333333,0.795,0.7949999999999999,0.9425,FM-Full_A-None_AdaBN-F,100,100,100
Lee2019_SSVEP,EEGNetv4,1,53,1.0,1.0,1.0,1.0,1.0,1.0,FM-Full_A-None_AdaBN-F,100,100,100
Lee2019_SSVEP,EEGNetv4,2,1,0.95,0.95,0.9921333333333332,0.955,0.955,0.9916,FM-Full_A-None_AdaBN-F,100,100,100
Lee2019_SSVEP,EEGNetv4,2,2,0.985,0.985,0.9998333333333334,0.995,0.995,0.9998,FM-Full_A-None_AdaBN-F,100,100,100
Lee2019_SSVEP,EEGNetv4,2,3,0.95,0.95,0.9965666666666668,0.94,0.94,0.9965,FM-Full_A-None_AdaBN-F,100,100,100
Lee2019_SSVEP,EEGNetv4,2,8,0.935,0.935,0.9939666666666668,0.97,0.97,0.9933,FM-Full_A-None_AdaBN-F,100,100,100
Lee2019_SSVEP,EEGNetv4,2,11,1.0,1.0,1.0,1.0,1.0,1.0,FM-Full_A-None_AdaBN-F,100,100,100
Lee2019_SSVEP,EEGNetv4,2,12,0.975,0.975,0.9962,0.96,0.96,0.9936666666666666,FM-Full_A-None_AdaBN-F,100,100,100
Lee2019_SSVEP,EEGNetv4,2,15,0.89,0.8899999999999999,0.9856333333333334,0.985,0.985,0.9999,FM-Full_A-None_AdaBN-F,100,100,100
Lee2019_SSVEP,EEGNetv4,2,19,0.99,0.99,0.9965,0.985,0.985,0.9954333333333334,FM-Full_A-None_AdaBN-F,100,100,100
Lee2019_SSVEP,EEGNetv4,2,21,0.97,0.97,0.9993666666666666,0.985,0.985,0.9995,FM-Full_A-None_AdaBN-F,100,100,100
Lee2019_SSVEP,EEGNetv4,2,22,0.88,0.88,0.9814666666666668,0.9,0.9,0.9858333333333332,FM-Full_A-None_AdaBN-F,100,100,100
Lee2019_SSVEP,EEGNetv4,2,23,0.315,0.315,0.5826666666666667,0.61,0.61,0.7862666666666667,FM-Full_A-None_AdaBN-F,100,100,100
Lee2019_SSVEP,EEGNetv4,2,24,0.975,0.975,0.9958833333333332,0.985,0.985,0.9945166666666668,FM-Full_A-None_AdaBN-F,100,100,100
Lee2019_SSVEP,EEGNetv4,2,28,0.98,0.98,0.9991,0.985,0.985,0.9995333333333334,FM-Full_A-None_AdaBN-F,100,100,100
Lee2019_SSVEP,EEGNetv4,2,29,0.95,0.95,0.9939333333333332,0.98,0.98,0.9975333333333334,FM-Full_A-None_AdaBN-F,100,100,100
Lee2019_SSVEP,EEGNetv4,2,30,0.99,0.99,1.0,0.995,0.995,0.9999333333333332,FM-Full_A-None_AdaBN-F,100,100,100
Lee2019_SSVEP,EEGNetv4,2,32,0.67,0.6699999999999999,0.9061333333333332,0.86,0.86,0.9747666666666666,FM-Full_A-None_AdaBN-F,100,100,100
Lee2019_SSVEP,EEGNetv4,2,36,1.0,1.0,1.0,1.0,1.0,1.0,FM-Full_A-None_AdaBN-F,100,100,100
Lee2019_SSVEP,EEGNetv4,2,39,0.995,0.995,1.0,1.0,1.0,1.0,FM-Full_A-None_AdaBN-F,100,100,100
Lee2019_SSVEP,EEGNetv4,2,40,0.96,0.96,0.9981,0.96,0.96,0.9971,FM-Full_A-None_AdaBN-F,100,100,100
Lee2019_SSVEP,EEGNetv4,2,41,0.98,0.98,0.9992333333333332,0.98,0.98,0.9997333333333334,FM-Full_A-None_AdaBN-F,100,100,100
Lee2019_SSVEP,EEGNetv4,2,42,0.82,0.8200000000000001,0.9658666666666664,0.84,0.84,0.9680666666666666,FM-Full_A-None_AdaBN-F,100,100,100
Lee2019_SSVEP,EEGNetv4,2,43,1.0,1.0,1.0,1.0,1.0,1.0,FM-Full_A-None_AdaBN-F,100,100,100
Lee2019_SSVEP,EEGNetv4,2,44,1.0,1.0,1.0,0.995,0.995,1.0,FM-Full_A-None_AdaBN-F,100,100,100
Lee2019_SSVEP,EEGNetv4,2,47,0.64,0.6400000000000001,0.8805000000000001,0.625,0.625,0.8667666666666667,FM-Full_A-None_AdaBN-F,100,100,100
Lee2019_SSVEP,EEGNetv4,2,48,1.0,1.0,1.0,1.0,1.0,1.0,FM-Full_A-None_AdaBN-F,100,100,100
Lee2019_SSVEP,EEGNetv4,2,52,0.935,0.935,0.9972333333333332,0.965,0.965,0.9992333333333332,FM-Full_A-None_AdaBN-F,100,100,100
Lee2019_SSVEP,EEGNetv4,2,54,0.745,0.745,0.9347333333333332,0.885,0.8849999999999999,0.9752666666666668,FM-Full_A-None_AdaBN-F,100,100,100
Lee2019_SSVEP,ShallowConvNet,1,4,0.94,0.94,0.9986666666666668,0.99,0.99,0.9998666666666666,FM-Full_A-None_AdaBN-F,100,100,100
Lee2019_SSVEP,ShallowConvNet,1,5,0.725,0.725,0.9060333333333332,0.725,0.7250000000000001,0.9152,FM-Full_A-None_AdaBN-F,100,100,100
Lee2019_SSVEP,ShallowConvNet,1,6,0.9,0.9,0.9895666666666668,0.975,0.975,0.9996666666666668,FM-Full_A-None_AdaBN-F,100,100,100
Lee2019_SSVEP,ShallowConvNet,1,7,0.965,0.965,0.9973333333333332,0.995,0.995,0.9994,FM-Full_A-None_AdaBN-F,100,100,100
Lee2019_SSVEP,ShallowConvNet,1,9,0.755,0.755,0.9663333333333334,0.885,0.885,0.9836,FM-Full_A-None_AdaBN-F,100,100,100
Lee2019_SSVEP,ShallowConvNet,1,10,0.835,0.835,0.9652,0.96,0.96,0.9969333333333332,FM-Full_A-None_AdaBN-F,100,100,100
Lee2019_SSVEP,ShallowConvNet,1,13,0.74,0.74,0.9301,0.85,0.8500000000000001,0.9689,FM-Full_A-None_AdaBN-F,100,100,100
Lee2019_SSVEP,ShallowConvNet,1,14,0.75,0.75,0.9301,0.855,0.855,0.9589333333333334,FM-Full_A-None_AdaBN-F,100,100,100
Lee2019_SSVEP,ShallowConvNet,1,16,0.955,0.955,0.9945666666666668,0.965,0.965,0.9966666666666668,FM-Full_A-None_AdaBN-F,100,100,100
Lee2019_SSVEP,ShallowConvNet,1,17,0.77,0.77,0.9414666666666668,0.91,0.91,0.9878333333333332,FM-Full_A-None_AdaBN-F,100,100,100
Lee2019_SSVEP,ShallowConvNet,1,18,0.965,0.965,0.9985333333333334,0.985,0.985,0.9997,FM-Full_A-None_AdaBN-F,100,100,100
Lee2019_SSVEP,ShallowConvNet,1,20,0.81,0.8099999999999999,0.9570666666666668,0.87,0.87,0.9706666666666668,FM-Full_A-None_AdaBN-F,100,100,100
Lee2019_SSVEP,ShallowConvNet,1,25,0.85,0.85,0.9507333333333334,0.9,0.9,0.9844333333333334,FM-Full_A-None_AdaBN-F,100,100,100
Lee2019_SSVEP,ShallowConvNet,1,26,0.885,0.885,0.9878666666666668,0.945,0.945,0.9971,FM-Full_A-None_AdaBN-F,100,100,100
Lee2019_SSVEP,ShallowConvNet,1,27,0.965,0.965,0.998,0.99,0.99,0.9995,FM-Full_A-None_AdaBN-F,100,100,100
Lee2019_SSVEP,ShallowConvNet,1,31,0.985,0.985,0.9999666666666668,0.995,0.995,0.9999333333333332,FM-Full_A-None_AdaBN-F,100,100,100
Lee2019_SSVEP,ShallowConvNet,1,33,0.88,0.88,0.9859666666666668,0.9,0.9,0.9883333333333334,FM-Full_A-None_AdaBN-F,100,100,100
Lee2019_SSVEP,ShallowConvNet,1,34,0.58,0.5800000000000001,0.8137666666666667,0.685,0.685,0.8741,FM-Full_A-None_AdaBN-F,100,100,100
Lee2019_SSVEP,ShallowConvNet,1,35,0.725,0.725,0.9375333333333332,0.855,0.855,0.9695666666666668,FM-Full_A-None_AdaBN-F,100,100,100
Lee2019_SSVEP,ShallowConvNet,1,37,0.97,0.97,0.9972,0.965,0.965,0.9976,FM-Full_A-None_AdaBN-F,100,100,100
Lee2019_SSVEP,ShallowConvNet,1,38,0.785,0.7849999999999999,0.9716333333333332,0.95,0.95,0.9973,FM-Full_A-None_AdaBN-F,100,100,100
Lee2019_SSVEP,ShallowConvNet,1,45,0.74,0.74,0.9507666666666664,0.87,0.87,0.9803333333333332,FM-Full_A-None_AdaBN-F,100,100,100
Lee2019_SSVEP,ShallowConvNet,1,46,0.785,0.7849999999999999,0.9590333333333332,0.895,0.895,0.9859666666666668,FM-Full_A-None_AdaBN-F,100,100,100
Lee2019_SSVEP,ShallowConvNet,1,49,0.9,0.8999999999999999,0.9891333333333332,0.955,0.955,0.9973666666666666,FM-Full_A-None_AdaBN-F,100,100,100
Lee2019_SSVEP,ShallowConvNet,1,50,0.805,0.8049999999999999,0.9661,0.9,0.8999999999999999,0.9820666666666666,FM-Full_A-None_AdaBN-F,100,100,100
Lee2019_SSVEP,ShallowConvNet,1,51,0.605,0.6050000000000001,0.8464333333333333,0.7,0.7000000000000001,0.8877666666666667,FM-Full_A-None_AdaBN-F,100,100,100
Lee2019_SSVEP,ShallowConvNet,1,53,0.855,0.855,0.9950333333333334,0.95,0.95,0.9947333333333332,FM-Full_A-None_AdaBN-F,100,100,100
Lee2019_SSVEP,ShallowConvNet,2,1,0.85,0.85,0.9845333333333331,0.905,0.905,0.9860333333333332,FM-Full_A-None_AdaBN-F,100,100,100
Lee2019_SSVEP,ShallowConvNet,2,2,0.98,0.98,0.9987,0.99,0.99,0.9999333333333332,FM-Full_A-None_AdaBN-F,100,100,100
Lee2019_SSVEP,ShallowConvNet,2,3,0.83,0.8300000000000001,0.9775333333333334,0.935,0.935,0.9909333333333332,FM-Full_A-None_AdaBN-F,100,100,100
Lee2019_SSVEP,ShallowConvNet,2,8,0.815,0.815,0.9752,0.91,0.91,0.9838,FM-Full_A-None_AdaBN-F,100,100,100
Lee2019_SSVEP,ShallowConvNet,2,11,1.0,1.0,1.0,1.0,1.0,1.0,FM-Full_A-None_AdaBN-F,100,100,100
Lee2019_SSVEP,ShallowConvNet,2,12,0.95,0.95,0.9964,0.965,0.965,0.9959333333333332,FM-Full_A-None_AdaBN-F,100,100,100
Lee2019_SSVEP,ShallowConvNet,2,15,0.635,0.635,0.8855,0.885,0.885,0.9890333333333332,FM-Full_A-None_AdaBN-F,100,100,100
Lee2019_SSVEP,ShallowConvNet,2,19,0.685,0.6849999999999999,0.9187333333333332,0.855,0.855,0.9639333333333332,FM-Full_A-None_AdaBN-F,100,100,100
Lee2019_SSVEP,ShallowConvNet,2,21,0.945,0.945,0.9926333333333331,0.97,0.97,0.9965333333333332,FM-Full_A-None_AdaBN-F,100,100,100
Lee2019_SSVEP,ShallowConvNet,2,22,0.67,0.6699999999999999,0.8869,0.835,0.835,0.9668333333333332,FM-Full_A-None_AdaBN-F,100,100,100
Lee2019_SSVEP,ShallowConvNet,2,23,0.365,0.365,0.6838,0.515,0.515,0.7848666666666666,FM-Full_A-None_AdaBN-F,100,100,100
Lee2019_SSVEP,ShallowConvNet,2,24,0.83,0.83,0.9679,0.875,0.875,0.9801333333333332,FM-Full_A-None_AdaBN-F,100,100,100
Lee2019_SSVEP,ShallowConvNet,2,28,0.935,0.935,0.9924,0.955,0.955,0.9950666666666668,FM-Full_A-None_AdaBN-F,100,100,100
Lee2019_SSVEP,ShallowConvNet,2,29,0.81,0.8099999999999999,0.9626333333333332,0.91,0.91,0.9906666666666668,FM-Full_A-None_AdaBN-F,100,100,100
Lee2019_SSVEP,ShallowConvNet,2,30,0.935,0.935,0.9949666666666666,0.975,0.975,0.9989666666666668,FM-Full_A-None_AdaBN-F,100,100,100
Lee2019_SSVEP,ShallowConvNet,2,32,0.29,0.29,0.7281,0.73,0.73,0.8960666666666666,FM-Full_A-None_AdaBN-F,100,100,100
Lee2019_SSVEP,ShallowConvNet,2,36,0.94,0.94,0.9999,1.0,1.0,1.0,FM-Full_A-None_AdaBN-F,100,100,100
Lee2019_SSVEP,ShallowConvNet,2,39,0.92,0.92,0.9970333333333332,0.965,0.965,0.9991,FM-Full_A-None_AdaBN-F,100,100,100
Lee2019_SSVEP,ShallowConvNet,2,40,0.755,0.7549999999999999,0.9524,0.875,0.875,0.9744333333333332,FM-Full_A-None_AdaBN-F,100,100,100
Lee2019_SSVEP,ShallowConvNet,2,41,0.935,0.935,0.9975,0.975,0.975,0.9974333333333334,FM-Full_A-None_AdaBN-F,100,100,100
Lee2019_SSVEP,ShallowConvNet,2,42,0.775,0.7749999999999999,0.9489,0.775,0.7749999999999999,0.9410333333333334,FM-Full_A-None_AdaBN-F,100,100,100
Lee2019_SSVEP,ShallowConvNet,2,43,0.99,0.99,0.9999666666666668,0.99,0.99,0.9998666666666668,FM-Full_A-None_AdaBN-F,100,100,100
Lee2019_SSVEP,ShallowConvNet,2,44,0.98,0.98,0.9998333333333334,1.0,1.0,1.0,FM-Full_A-None_AdaBN-F,100,100,100
Lee2019_SSVEP,ShallowConvNet,2,47,0.63,0.63,0.859,0.615,0.615,0.8463166666666666,FM-Full_A-None_AdaBN-F,100,100,100
Lee2019_SSVEP,ShallowConvNet,2,48,0.935,0.935,1.0,0.99,0.99,1.0,FM-Full_A-None_AdaBN-F,100,100,100
Lee2019_SSVEP,ShallowConvNet,2,52,0.82,0.8200000000000001,0.9830333333333332,0.945,0.945,0.9942666666666666,FM-Full_A-None_AdaBN-F,100,100,100
Lee2019_SSVEP,ShallowConvNet,2,54,0.67,0.67,0.8966000000000001,0.815,0.815,0.9425333333333332,FM-Full_A-None_AdaBN-F,100,100,100
Lee2019_SSVEP,EEGNetv4,1,4,0.995,0.995,1.0,0.995,0.995,1.0,FM-Full_A-None_AdaBN-F,150,150,150
Lee2019_SSVEP,EEGNetv4,1,5,0.79,0.79,0.9449,0.84,0.8400000000000001,0.9641166666666666,FM-Full_A-None_AdaBN-F,150,150,150
Lee2019_SSVEP,EEGNetv4,1,6,0.99,0.99,1.0,1.0,1.0,1.0,FM-Full_A-None_AdaBN-F,150,150,150
Lee2019_SSVEP,EEGNetv4,1,7,0.97,0.97,0.9996666666666668,0.995,0.995,1.0,FM-Full_A-None_AdaBN-F,150,150,150
Lee2019_SSVEP,EEGNetv4,1,9,0.985,0.985,0.9999,1.0,1.0,1.0,FM-Full_A-None_AdaBN-F,150,150,150
Lee2019_SSVEP,EEGNetv4,1,10,0.985,0.985,0.9995,0.995,0.995,0.9998,FM-Full_A-None_AdaBN-F,150,150,150
Lee2019_SSVEP,EEGNetv4,1,13,0.94,0.94,0.9936,0.985,0.985,0.9995,FM-Full_A-None_AdaBN-F,150,150,150
Lee2019_SSVEP,EEGNetv4,1,14,0.895,0.8949999999999999,0.9703666666666666,0.955,0.955,0.9927333333333334,FM-Full_A-None_AdaBN-F,150,150,150
Lee2019_SSVEP,EEGNetv4,1,16,0.995,0.995,0.9990333333333332,0.995,0.995,0.9985666666666666,FM-Full_A-None_AdaBN-F,150,150,150
Lee2019_SSVEP,EEGNetv4,1,17,0.945,0.945,0.9945666666666666,0.96,0.96,0.9984333333333336,FM-Full_A-None_AdaBN-F,150,150,150
Lee2019_SSVEP,EEGNetv4,1,18,0.985,0.985,0.9999666666666668,0.985,0.985,1.0,FM-Full_A-None_AdaBN-F,150,150,150
Lee2019_SSVEP,EEGNetv4,1,20,0.96,0.96,0.9988666666666666,0.98,0.98,0.9994666666666668,FM-Full_A-None_AdaBN-F,150,150,150
Lee2019_SSVEP,EEGNetv4,1,25,0.945,0.945,0.9970333333333332,0.97,0.97,0.9988666666666668,FM-Full_A-None_AdaBN-F,150,150,150
Lee2019_SSVEP,EEGNetv4,1,26,0.92,0.92,0.9951333333333332,0.985,0.985,0.9997,FM-Full_A-None_AdaBN-F,150,150,150
Lee2019_SSVEP,EEGNetv4,1,27,1.0,1.0,1.0,1.0,1.0,1.0,FM-Full_A-None_AdaBN-F,150,150,150
Lee2019_SSVEP,EEGNetv4,1,31,0.995,0.995,1.0,0.995,0.995,1.0,FM-Full_A-None_AdaBN-F,150,150,150
Lee2019_SSVEP,EEGNetv4,1,33,1.0,1.0,1.0,1.0,1.0,1.0,FM-Full_A-None_AdaBN-F,150,150,150
Lee2019_SSVEP,EEGNetv4,1,34,0.725,0.725,0.9182,0.825,0.825,0.9631,FM-Full_A-None_AdaBN-F,150,150,150
Lee2019_SSVEP,EEGNetv4,1,35,0.97,0.97,0.9988,0.995,0.995,0.9993666666666668,FM-Full_A-None_AdaBN-F,150,150,150
Lee2019_SSVEP,EEGNetv4,1,37,0.995,0.995,1.0,0.99,0.99,0.9999666666666668,FM-Full_A-None_AdaBN-F,150,150,150
Lee2019_SSVEP,EEGNetv4,1,38,0.995,0.995,0.9999666666666668,0.99,0.99,0.9999333333333332,FM-Full_A-None_AdaBN-F,150,150,150
Lee2019_SSVEP,EEGNetv4,1,45,0.965,0.965,0.998,0.965,0.965,0.9982,FM-Full_A-None_AdaBN-F,150,150,150
Lee2019_SSVEP,EEGNetv4,1,46,0.995,0.995,1.0,1.0,1.0,1.0,FM-Full_A-None_AdaBN-F,150,150,150
Lee2019_SSVEP,EEGNetv4,1,49,0.995,0.995,1.0,1.0,1.0,1.0,FM-Full_A-None_AdaBN-F,150,150,150
Lee2019_SSVEP,EEGNetv4,1,50,0.985,0.985,0.9997,0.995,0.995,0.9995666666666668,FM-Full_A-None_AdaBN-F,150,150,150
Lee2019_SSVEP,EEGNetv4,1,51,0.795,0.7949999999999999,0.93575,0.835,0.835,0.9579833333333334,FM-Full_A-None_AdaBN-F,150,150,150
Lee2019_SSVEP,EEGNetv4,1,53,1.0,1.0,1.0,1.0,1.0,1.0,FM-Full_A-None_AdaBN-F,150,150,150
Lee2019_SSVEP,EEGNetv4,2,1,0.945,0.945,0.9954,0.95,0.95,0.9964333333333334,FM-Full_A-None_AdaBN-F,150,150,150
Lee2019_SSVEP,EEGNetv4,2,2,0.99,0.99,0.9999666666666668,0.99,0.99,0.9996333333333334,FM-Full_A-None_AdaBN-F,150,150,150
Lee2019_SSVEP,EEGNetv4,2,3,0.935,0.935,0.9961666666666668,0.93,0.93,0.9946666666666668,FM-Full_A-None_AdaBN-F,150,150,150
Lee2019_SSVEP,EEGNetv4,2,8,0.95,0.95,0.9967333333333334,0.97,0.97,0.9963,FM-Full_A-None_AdaBN-F,150,150,150
Lee2019_SSVEP,EEGNetv4,2,11,0.995,0.995,1.0,1.0,1.0,1.0,FM-Full_A-None_AdaBN-F,150,150,150
Lee2019_SSVEP,EEGNetv4,2,12,0.975,0.975,0.9987,0.955,0.955,0.9969666666666668,FM-Full_A-None_AdaBN-F,150,150,150
Lee2019_SSVEP,EEGNetv4,2,15,0.905,0.905,0.9928,0.99,0.99,0.9999666666666668,FM-Full_A-None_AdaBN-F,150,150,150
Lee2019_SSVEP,EEGNetv4,2,19,0.995,0.995,0.9955,0.99,0.99,0.9950333333333332,FM-Full_A-None_AdaBN-F,150,150,150
Lee2019_SSVEP,EEGNetv4,2,21,0.915,0.915,0.9969333333333332,0.975,0.975,0.9994,FM-Full_A-None_AdaBN-F,150,150,150
Lee2019_SSVEP,EEGNetv4,2,22,0.915,0.915,0.9892333333333332,0.94,0.94,0.9901333333333334,FM-Full_A-None_AdaBN-F,150,150,150
Lee2019_SSVEP,EEGNetv4,2,23,0.325,0.325,0.5687,0.565,0.5650000000000001,0.7520666666666667,FM-Full_A-None_AdaBN-F,150,150,150
Lee2019_SSVEP,EEGNetv4,2,24,0.965,0.965,0.9947166666666668,0.98,0.98,0.9949333333333332,FM-Full_A-None_AdaBN-F,150,150,150
Lee2019_SSVEP,EEGNetv4,2,28,0.97,0.97,0.9989333333333332,0.985,0.985,0.9996333333333334,FM-Full_A-None_AdaBN-F,150,150,150
Lee2019_SSVEP,EEGNetv4,2,29,0.89,0.89,0.9869,0.97,0.97,0.9968333333333332,FM-Full_A-None_AdaBN-F,150,150,150
Lee2019_SSVEP,EEGNetv4,2,30,0.99,0.99,1.0,0.99,0.99,0.9999666666666668,FM-Full_A-None_AdaBN-F,150,150,150
Lee2019_SSVEP,EEGNetv4,2,32,0.705,0.7050000000000001,0.929,0.885,0.885,0.9815,FM-Full_A-None_AdaBN-F,150,150,150
Lee2019_SSVEP,EEGNetv4,2,36,1.0,1.0,1.0,1.0,1.0,1.0,FM-Full_A-None_AdaBN-F,150,150,150
Lee2019_SSVEP,EEGNetv4,2,39,0.99,0.99,0.9999,0.995,0.995,1.0,FM-Full_A-None_AdaBN-F,150,150,150
Lee2019_SSVEP,EEGNetv4,2,40,0.925,0.925,0.9949666666666668,0.93,0.93,0.9961333333333332,FM-Full_A-None_AdaBN-F,150,150,150
Lee2019_SSVEP,EEGNetv4,2,41,0.97,0.97,0.9993333333333334,0.995,0.995,1.0,FM-Full_A-None_AdaBN-F,150,150,150
Lee2019_SSVEP,EEGNetv4,2,42,0.82,0.82,0.9678333333333332,0.81,0.81,0.9609333333333334,FM-Full_A-None_AdaBN-F,150,150,150
Lee2019_SSVEP,EEGNetv4,2,43,1.0,1.0,1.0,1.0,1.0,1.0,FM-Full_A-None_AdaBN-F,150,150,150
Lee2019_SSVEP,EEGNetv4,2,44,1.0,1.0,1.0,0.995,0.995,1.0,FM-Full_A-None_AdaBN-F,150,150,150
Lee2019_SSVEP,EEGNetv4,2,47,0.68,0.6799999999999999,0.8815833333333333,0.665,0.665,0.8822333333333333,FM-Full_A-None_AdaBN-F,150,150,150
Lee2019_SSVEP,EEGNetv4,2,48,0.995,0.995,1.0,0.995,0.995,1.0,FM-Full_A-None_AdaBN-F,150,150,150
Lee2019_SSVEP,EEGNetv4,2,52,0.915,0.915,0.9942833333333332,0.95,0.95,0.9980666666666668,FM-Full_A-None_AdaBN-F,150,150,150
Lee2019_SSVEP,EEGNetv4,2,54,0.665,0.665,0.9184333333333332,0.87,0.8699999999999999,0.9771,FM-Full_A-None_AdaBN-F,150,150,150
Lee2019_SSVEP,ShallowConvNet,1,4,1.0,1.0,1.0,0.995,0.995,1.0,FM-Full_A-None_AdaBN-F,150,150,150
Lee2019_SSVEP,ShallowConvNet,1,5,0.76,0.76,0.9135666666666666,0.75,0.75,0.9175333333333334,FM-Full_A-None_AdaBN-F,150,150,150
Lee2019_SSVEP,ShallowConvNet,1,6,0.955,0.955,0.9966666666666668,0.98,0.98,0.9995,FM-Full_A-None_AdaBN-F,150,150,150
Lee2019_SSVEP,ShallowConvNet,1,7,0.995,0.995,0.9975,0.99,0.99,0.9987333333333334,FM-Full_A-None_AdaBN-F,150,150,150
Lee2019_SSVEP,ShallowConvNet,1,9,0.815,0.815,0.9839666666666668,0.94,0.94,0.9896333333333333,FM-Full_A-None_AdaBN-F,150,150,150
Lee2019_SSVEP,ShallowConvNet,1,10,0.91,0.91,0.9883666666666666,0.95,0.95,0.9974666666666666,FM-Full_A-None_AdaBN-F,150,150,150
Lee2019_SSVEP,ShallowConvNet,1,13,0.85,0.85,0.9719333333333332,0.92,0.92,0.9866,FM-Full_A-None_AdaBN-F,150,150,150
Lee2019_SSVEP,ShallowConvNet,1,14,0.84,0.84,0.9700333333333334,0.905,0.905,0.9828333333333332,FM-Full_A-None_AdaBN-F,150,150,150
Lee2019_SSVEP,ShallowConvNet,1,16,0.98,0.98,0.9997666666666668,0.98,0.98,0.9986666666666666,FM-Full_A-None_AdaBN-F,150,150,150
Lee2019_SSVEP,ShallowConvNet,1,17,0.78,0.78,0.9681333333333332,0.945,0.945,0.9936333333333331,FM-Full_A-None_AdaBN-F,150,150,150
Lee2019_SSVEP,ShallowConvNet,1,18,0.985,0.985,0.9996666666666668,0.99,0.99,0.9999666666666668,FM-Full_A-None_AdaBN-F,150,150,150
Lee2019_SSVEP,ShallowConvNet,1,20,0.87,0.87,0.9835333333333331,0.905,0.905,0.9875666666666666,FM-Full_A-None_AdaBN-F,150,150,150
Lee2019_SSVEP,ShallowConvNet,1,25,0.85,0.85,0.9542666666666668,0.91,0.91,0.9930333333333332,FM-Full_A-None_AdaBN-F,150,150,150
Lee2019_SSVEP,ShallowConvNet,1,26,0.96,0.96,0.9968333333333332,0.99,0.99,0.9991333333333334,FM-Full_A-None_AdaBN-F,150,150,150
Lee2019_SSVEP,ShallowConvNet,1,27,0.975,0.975,0.9989333333333332,0.98,0.98,0.9997333333333334,FM-Full_A-None_AdaBN-F,150,150,150
Lee2019_SSVEP,ShallowConvNet,1,31,1.0,1.0,1.0,1.0,1.0,1.0,FM-Full_A-None_AdaBN-F,150,150,150
Lee2019_SSVEP,ShallowConvNet,1,33,0.96,0.96,0.9980666666666668,0.97,0.97,0.9978,FM-Full_A-None_AdaBN-F,150,150,150
Lee2019_SSVEP,ShallowConvNet,1,34,0.695,0.6950000000000001,0.88335,0.775,0.7749999999999999,0.9149,FM-Full_A-None_AdaBN-F,150,150,150
Lee2019_SSVEP,ShallowConvNet,1,35,0.795,0.7949999999999999,0.9492666666666668,0.905,0.905,0.9923666666666666,FM-Full_A-None_AdaBN-F,150,150,150
Lee2019_SSVEP,ShallowConvNet,1,37,0.98,0.98,0.9993666666666666,0.99,0.99,0.9998666666666668,FM-Full_A-None_AdaBN-F,150,150,150
Lee2019_SSVEP,ShallowConvNet,1,38,0.85,0.8500000000000001,0.9877,0.97,0.97,0.9971666666666666,FM-Full_A-None_AdaBN-F,150,150,150
Lee2019_SSVEP,ShallowConvNet,1,45,0.9,0.8999999999999999,0.9878333333333332,0.945,0.945,0.9949333333333332,FM-Full_A-None_AdaBN-F,150,150,150
Lee2019_SSVEP,ShallowConvNet,1,46,0.945,0.945,0.9949,0.945,0.945,0.9939666666666668,FM-Full_A-None_AdaBN-F,150,150,150
Lee2019_SSVEP,ShallowConvNet,1,49,0.98,0.98,0.9995666666666668,0.985,0.985,0.9996,FM-Full_A-None_AdaBN-F,150,150,150
Lee2019_SSVEP,ShallowConvNet,1,50,0.915,0.915,0.9856666666666668,0.93,0.93,0.9886666666666668,FM-Full_A-None_AdaBN-F,150,150,150
Lee2019_SSVEP,ShallowConvNet,1,51,0.745,0.745,0.9089333333333334,0.765,0.7649999999999999,0.9219666666666666,FM-Full_A-None_AdaBN-F,150,150,150
Lee2019_SSVEP,ShallowConvNet,1,53,0.985,0.985,0.9999666666666668,0.985,0.985,0.9983333333333332,FM-Full_A-None_AdaBN-F,150,150,150
Lee2019_SSVEP,ShallowConvNet,2,1,0.905,0.905,0.9912,0.91,0.91,0.9898333333333332,FM-Full_A-None_AdaBN-F,150,150,150
Lee2019_SSVEP,ShallowConvNet,2,2,0.955,0.955,0.998,0.99,0.99,0.9996666666666668,FM-Full_A-None_AdaBN-F,150,150,150
Lee2019_SSVEP,ShallowConvNet,2,3,0.92,0.92,0.9926333333333334,0.94,0.94,0.9952333333333332,FM-Full_A-None_AdaBN-F,150,150,150
Lee2019_SSVEP,ShallowConvNet,2,8,0.935,0.935,0.9872333333333332,0.925,0.925,0.99,FM-Full_A-None_AdaBN-F,150,150,150
Lee2019_SSVEP,ShallowConvNet,2,11,1.0,1.0,1.0,1.0,1.0,1.0,FM-Full_A-None_AdaBN-F,150,150,150
Lee2019_SSVEP,ShallowConvNet,2,12,0.95,0.95,0.9966666666666666,0.965,0.965,0.9981666666666666,FM-Full_A-None_AdaBN-F,150,150,150
Lee2019_SSVEP,ShallowConvNet,2,15,0.855,0.855,0.9824,0.955,0.955,0.9970333333333332,FM-Full_A-None_AdaBN-F,150,150,150
Lee2019_SSVEP,ShallowConvNet,2,19,0.745,0.745,0.9550666666666668,0.905,0.905,0.9843,FM-Full_A-None_AdaBN-F,150,150,150
Lee2019_SSVEP,ShallowConvNet,2,21,0.905,0.905,0.9945,0.985,0.985,0.9994333333333334,FM-Full_A-None_AdaBN-F,150,150,150
Lee2019_SSVEP,ShallowConvNet,2,22,0.765,0.765,0.9505666666666666,0.855,0.855,0.9724,FM-Full_A-None_AdaBN-F,150,150,150
Lee2019_SSVEP,ShallowConvNet,2,23,0.45,0.45,0.6845666666666665,0.53,0.53,0.7723333333333334,FM-Full_A-None_AdaBN-F,150,150,150
Lee2019_SSVEP,ShallowConvNet,2,24,0.865,0.865,0.9804666666666668,0.94,0.94,0.9928333333333332,FM-Full_A-None_AdaBN-F,150,150,150
Lee2019_SSVEP,ShallowConvNet,2,28,0.94,0.94,0.9948333333333332,0.975,0.975,0.9949,FM-Full_A-None_AdaBN-F,150,150,150
Lee2019_SSVEP,ShallowConvNet,2,29,0.785,0.7849999999999999,0.9491,0.93,0.93,0.9934333333333334,FM-Full_A-None_AdaBN-F,150,150,150
Lee2019_SSVEP,ShallowConvNet,2,30,0.985,0.985,0.9992333333333334,0.995,0.995,0.9999666666666668,FM-Full_A-None_AdaBN-F,150,150,150
Lee2019_SSVEP,ShallowConvNet,2,32,0.3,0.3,0.68175,0.71,0.71,0.8788666666666666,FM-Full_A-None_AdaBN-F,150,150,150
Lee2019_SSVEP,ShallowConvNet,2,36,0.995,0.995,1.0,1.0,1.0,1.0,FM-Full_A-None_AdaBN-F,150,150,150
Lee2019_SSVEP,ShallowConvNet,2,39,0.985,0.985,0.9988,0.99,0.99,0.9996,FM-Full_A-None_AdaBN-F,150,150,150
Lee2019_SSVEP,ShallowConvNet,2,40,0.865,0.865,0.9823333333333334,0.905,0.905,0.9838333333333332,FM-Full_A-None_AdaBN-F,150,150,150
Lee2019_SSVEP,ShallowConvNet,2,41,0.965,0.965,0.9988,0.99,0.99,0.9996666666666668,FM-Full_A-None_AdaBN-F,150,150,150
Lee2019_SSVEP,ShallowConvNet,2,42,0.805,0.8049999999999999,0.9605666666666668,0.795,0.7949999999999999,0.9548,FM-Full_A-None_AdaBN-F,150,150,150
Lee2019_SSVEP,ShallowConvNet,2,43,0.995,0.995,1.0,0.995,0.995,1.0,FM-Full_A-None_AdaBN-F,150,150,150
Lee2019_SSVEP,ShallowConvNet,2,44,0.99,0.99,0.9999666666666668,1.0,1.0,1.0,FM-Full_A-None_AdaBN-F,150,150,150
Lee2019_SSVEP,ShallowConvNet,2,47,0.615,0.615,0.8564333333333334,0.61,0.61,0.86375,FM-Full_A-None_AdaBN-F,150,150,150
Lee2019_SSVEP,ShallowConvNet,2,48,0.985,0.985,1.0,0.995,0.995,0.9999333333333332,FM-Full_A-None_AdaBN-F,150,150,150
Lee2019_SSVEP,ShallowConvNet,2,52,0.815,0.815,0.9819,0.945,0.945,0.9965666666666668,FM-Full_A-None_AdaBN-F,150,150,150
Lee2019_SSVEP,ShallowConvNet,2,54,0.625,0.625,0.8980666666666667,0.81,0.81,0.9543666666666666,FM-Full_A-None_AdaBN-F,150,150,150
Lee2019_SSVEP,DeepConvNet,1,4,1.0,1.0,1.0,1.0,1.0,1.0,FM-Full_A-None_AdaBN-F,150,150,150
Lee2019_SSVEP,DeepConvNet,1,5,0.86,0.8600000000000001,0.9763333333333332,0.885,0.885,0.9814666666666668,FM-Full_A-None_AdaBN-F,150,150,150
Lee2019_SSVEP,DeepConvNet,1,6,1.0,1.0,1.0,0.995,0.995,1.0,FM-Full_A-None_AdaBN-F,150,150,150
Lee2019_SSVEP,DeepConvNet,1,7,1.0,1.0,1.0,1.0,1.0,1.0,FM-Full_A-None_AdaBN-F,150,150,150
Lee2019_SSVEP,DeepConvNet,1,9,0.99,0.99,0.9999,0.99,0.99,0.9998,FM-Full_A-None_AdaBN-F,150,150,150
Lee2019_SSVEP,DeepConvNet,1,10,1.0,1.0,1.0,1.0,1.0,1.0,FM-Full_A-None_AdaBN-F,150,150,150
Lee2019_SSVEP,DeepConvNet,1,13,0.915,0.915,0.9957333333333334,0.985,0.985,0.9995333333333334,FM-Full_A-None_AdaBN-F,150,150,150
Lee2019_SSVEP,DeepConvNet,1,14,0.825,0.825,0.9617666666666668,0.965,0.965,0.9987666666666666,FM-Full_A-None_AdaBN-F,150,150,150
Lee2019_SSVEP,DeepConvNet,1,16,1.0,1.0,1.0,1.0,1.0,1.0,FM-Full_A-None_AdaBN-F,150,150,150
Lee2019_SSVEP,DeepConvNet,1,17,0.975,0.975,0.9994666666666668,0.995,0.995,0.9999333333333332,FM-Full_A-None_AdaBN-F,150,150,150
Lee2019_SSVEP,DeepConvNet,1,18,0.995,0.995,1.0,0.995,0.995,1.0,FM-Full_A-None_AdaBN-F,150,150,150
Lee2019_SSVEP,DeepConvNet,1,20,1.0,1.0,1.0,0.995,0.995,1.0,FM-Full_A-None_AdaBN-F,150,150,150
Lee2019_SSVEP,DeepConvNet,1,25,0.97,0.97,0.9989666666666668,0.985,0.985,0.9997666666666666,FM-Full_A-None_AdaBN-F,150,150,150
Lee2019_SSVEP,DeepConvNet,1,26,0.995,0.995,0.9998666666666668,0.995,0.995,1.0,FM-Full_A-None_AdaBN-F,150,150,150
Lee2019_SSVEP,DeepConvNet,1,27,1.0,1.0,1.0,0.995,0.995,1.0,FM-Full_A-None_AdaBN-F,150,150,150
Lee2019_SSVEP,DeepConvNet,1,31,1.0,1.0,1.0,1.0,1.0,1.0,FM-Full_A-None_AdaBN-F,150,150,150
Lee2019_SSVEP,DeepConvNet,1,33,0.98,0.98,0.9998333333333334,0.995,0.995,1.0,FM-Full_A-None_AdaBN-F,150,150,150
Lee2019_SSVEP,DeepConvNet,1,34,0.755,0.7549999999999999,0.9342333333333334,0.82,0.8200000000000001,0.9688666666666668,FM-Full_A-None_AdaBN-F,150,150,150
Lee2019_SSVEP,DeepConvNet,1,35,0.97,0.97,0.9996333333333334,0.98,0.98,0.9998666666666668,FM-Full_A-None_AdaBN-F,150,150,150
Lee2019_SSVEP,DeepConvNet,1,37,0.99,0.99,0.9998333333333334,0.985,0.985,0.9997666666666668,FM-Full_A-None_AdaBN-F,150,150,150
Lee2019_SSVEP,DeepConvNet,1,38,0.995,0.995,1.0,0.995,0.995,0.9999666666666668,FM-Full_A-None_AdaBN-F,150,150,150
Lee2019_SSVEP,DeepConvNet,1,45,0.955,0.955,0.9981666666666666,0.985,0.985,0.9996666666666668,FM-Full_A-None_AdaBN-F,150,150,150
Lee2019_SSVEP,DeepConvNet,1,46,0.955,0.955,0.9995666666666668,1.0,1.0,1.0,FM-Full_A-None_AdaBN-F,150,150,150
Lee2019_SSVEP,DeepConvNet,1,49,1.0,1.0,1.0,1.0,1.0,1.0,FM-Full_A-None_AdaBN-F,150,150,150
Lee2019_SSVEP,DeepConvNet,1,50,1.0,1.0,1.0,1.0,1.0,1.0,FM-Full_A-None_AdaBN-F,150,150,150
Lee2019_SSVEP,DeepConvNet,1,51,0.85,0.85,0.9593333333333334,0.87,0.8700000000000001,0.9711,FM-Full_A-None_AdaBN-F,150,150,150
Lee2019_SSVEP,DeepConvNet,1,53,1.0,1.0,1.0,1.0,1.0,1.0,FM-Full_A-None_AdaBN-F,150,150,150
Lee2019_SSVEP,DeepConvNet,2,1,0.965,0.965,0.9981333333333332,0.97,0.97,0.9987333333333334,FM-Full_A-None_AdaBN-F,150,150,150
Lee2019_SSVEP,DeepConvNet,2,2,0.99,0.99,0.9999333333333332,0.995,0.995,0.9999666666666668,FM-Full_A-None_AdaBN-F,150,150,150
Lee2019_SSVEP,DeepConvNet,2,3,0.955,0.955,0.9974,0.945,0.945,0.9962,FM-Full_A-None_AdaBN-F,150,150,150
Lee2019_SSVEP,DeepConvNet,2,8,0.955,0.955,0.9927666666666668,0.97,0.97,0.9920166666666668,FM-Full_A-None_AdaBN-F,150,150,150
Lee2019_SSVEP,DeepConvNet,2,11,1.0,1.0,1.0,1.0,1.0,1.0,FM-Full_A-None_AdaBN-F,150,150,150
Lee2019_SSVEP,DeepConvNet,2,12,0.985,0.985,0.9996333333333334,0.98,0.98,0.9998333333333334,FM-Full_A-None_AdaBN-F,150,150,150
Lee2019_SSVEP,DeepConvNet,2,15,0.87,0.8699999999999999,0.9856,0.985,0.985,0.9999333333333332,FM-Full_A-None_AdaBN-F,150,150,150
Lee2019_SSVEP,DeepConvNet,2,19,0.98,0.98,0.9997,0.98,0.98,0.9991666666666666,FM-Full_A-None_AdaBN-F,150,150,150
Lee2019_SSVEP,DeepConvNet,2,21,0.98,0.98,0.9996,0.98,0.98,0.9998,FM-Full_A-None_AdaBN-F,150,150,150
Lee2019_SSVEP,DeepConvNet,2,22,0.92,0.92,0.9862,0.94,0.94,0.9941,FM-Full_A-None_AdaBN-F,150,150,150
Lee2019_SSVEP,DeepConvNet,2,23,0.3,0.3,0.5506333333333333,0.45,0.4499999999999999,0.7209666666666666,FM-Full_A-None_AdaBN-F,150,150,150
Lee2019_SSVEP,DeepConvNet,2,24,0.945,0.945,0.99385,0.98,0.98,0.994,FM-Full_A-None_AdaBN-F,150,150,150
Lee2019_SSVEP,DeepConvNet,2,28,0.97,0.97,0.9990333333333332,0.99,0.99,0.9997,FM-Full_A-None_AdaBN-F,150,150,150
Lee2019_SSVEP,DeepConvNet,2,29,0.915,0.915,0.9919666666666668,0.96,0.96,0.9986666666666668,FM-Full_A-None_AdaBN-F,150,150,150
Lee2019_SSVEP,DeepConvNet,2,30,0.995,0.995,0.9999333333333332,0.995,0.995,1.0,FM-Full_A-None_AdaBN-F,150,150,150
Lee2019_SSVEP,DeepConvNet,2,32,0.925,0.925,0.9944333333333334,0.965,0.965,0.9993333333333332,FM-Full_A-None_AdaBN-F,150,150,150
Lee2019_SSVEP,DeepConvNet,2,36,1.0,1.0,1.0,1.0,1.0,1.0,FM-Full_A-None_AdaBN-F,150,150,150
Lee2019_SSVEP,DeepConvNet,2,39,0.995,0.995,0.9999666666666668,1.0,1.0,1.0,FM-Full_A-None_AdaBN-F,150,150,150
Lee2019_SSVEP,DeepConvNet,2,40,0.96,0.96,0.9974333333333332,0.935,0.935,0.9957666666666668,FM-Full_A-None_AdaBN-F,150,150,150
Lee2019_SSVEP,DeepConvNet,2,41,0.985,0.985,0.9995666666666668,0.995,0.995,0.9999,FM-Full_A-None_AdaBN-F,150,150,150
Lee2019_SSVEP,DeepConvNet,2,42,0.815,0.815,0.9677666666666668,0.815,0.815,0.9663333333333332,FM-Full_A-None_AdaBN-F,150,150,150
Lee2019_SSVEP,DeepConvNet,2,43,1.0,1.0,1.0,1.0,1.0,1.0,FM-Full_A-None_AdaBN-F,150,150,150
Lee2019_SSVEP,DeepConvNet,2,44,0.995,0.995,1.0,0.995,0.995,1.0,FM-Full_A-None_AdaBN-F,150,150,150
Lee2019_SSVEP,DeepConvNet,2,47,0.585,0.5850000000000001,0.8656666666666667,0.61,0.6100000000000001,0.8693000000000001,FM-Full_A-None_AdaBN-F,150,150,150
Lee2019_SSVEP,DeepConvNet,2,48,0.995,0.995,1.0,1.0,1.0,1.0,FM-Full_A-None_AdaBN-F,150,150,150
Lee2019_SSVEP,DeepConvNet,2,52,0.99,0.99,1.0,1.0,1.0,1.0,FM-Full_A-None_AdaBN-F,150,150,150
Lee2019_SSVEP,DeepConvNet,2,54,0.805,0.805,0.9687333333333332,0.915,0.915,0.9902666666666666,FM-Full_A-None_AdaBN-F,150,150,150
Lee2019_SSVEP,ATCNet,1,4,0.995,0.995,1.0,0.995,0.995,1.0,FM-Full_A-None_AdaBN-F,150,150,150
Lee2019_SSVEP,ATCNet,1,5,0.825,0.825,0.9622333333333334,0.835,0.835,0.9719333333333332,FM-Full_A-None_AdaBN-F,150,150,150
Lee2019_SSVEP,ATCNet,1,6,1.0,1.0,1.0,1.0,1.0,1.0,FM-Full_A-None_AdaBN-F,150,150,150
Lee2019_SSVEP,ATCNet,1,7,1.0,1.0,1.0,1.0,1.0,1.0,FM-Full_A-None_AdaBN-F,150,150,150
Lee2019_SSVEP,ATCNet,1,9,0.965,0.965,0.9988,0.985,0.985,0.9994666666666668,FM-Full_A-None_AdaBN-F,150,150,150
Lee2019_SSVEP,ATCNet,1,10,1.0,1.0,1.0,1.0,1.0,1.0,FM-Full_A-None_AdaBN-F,150,150,150
Lee2019_SSVEP,ATCNet,1,13,0.97,0.97,0.9994333333333334,0.995,0.995,0.9999333333333332,FM-Full_A-None_AdaBN-F,150,150,150
Lee2019_SSVEP,ATCNet,1,14,0.83,0.8300000000000001,0.9649333333333332,0.96,0.96,0.9967666666666668,FM-Full_A-None_AdaBN-F,150,150,150
Lee2019_SSVEP,ATCNet,1,16,0.995,0.995,1.0,0.995,0.995,1.0,FM-Full_A-None_AdaBN-F,150,150,150
Lee2019_SSVEP,ATCNet,1,17,0.855,0.855,0.9845,0.965,0.965,0.9970666666666668,FM-Full_A-None_AdaBN-F,150,150,150
Lee2019_SSVEP,ATCNet,1,18,0.985,0.985,0.9996,0.98,0.98,0.9992333333333334,FM-Full_A-None_AdaBN-F,150,150,150
Lee2019_SSVEP,ATCNet,1,20,0.98,0.98,0.9991333333333334,0.98,0.98,0.9994333333333334,FM-Full_A-None_AdaBN-F,150,150,150
Lee2019_SSVEP,ATCNet,1,25,0.96,0.96,0.9978666666666668,0.95,0.95,0.9982,FM-Full_A-None_AdaBN-F,150,150,150
Lee2019_SSVEP,ATCNet,1,26,1.0,1.0,1.0,0.995,0.995,1.0,FM-Full_A-None_AdaBN-F,150,150,150
Lee2019_SSVEP,ATCNet,1,27,1.0,1.0,1.0,0.99,0.99,0.9999333333333332,FM-Full_A-None_AdaBN-F,150,150,150
Lee2019_SSVEP,ATCNet,1,31,1.0,1.0,1.0,1.0,1.0,1.0,FM-Full_A-None_AdaBN-F,150,150,150
Lee2019_SSVEP,ATCNet,1,33,0.98,0.98,0.9998333333333334,1.0,1.0,1.0,FM-Full_A-None_AdaBN-F,150,150,150
Lee2019_SSVEP,ATCNet,1,34,0.77,0.7699999999999999,0.9481,0.865,0.8649999999999999,0.9729,FM-Full_A-None_AdaBN-F,150,150,150
Lee2019_SSVEP,ATCNet,1,35,0.95,0.95,0.9970666666666668,0.99,0.99,0.9986,FM-Full_A-None_AdaBN-F,150,150,150
Lee2019_SSVEP,ATCNet,1,37,0.99,0.99,0.9998,0.99,0.99,0.9998333333333334,FM-Full_A-None_AdaBN-F,150,150,150
Lee2019_SSVEP,ATCNet,1,38,0.98,0.98,0.9998,0.985,0.985,0.9998333333333334,FM-Full_A-None_AdaBN-F,150,150,150
Lee2019_SSVEP,ATCNet,1,45,0.94,0.94,0.9944666666666666,0.945,0.945,0.9964333333333334,FM-Full_A-None_AdaBN-F,150,150,150
Lee2019_SSVEP,ATCNet,1,46,0.995,0.995,1.0,1.0,1.0,1.0,FM-Full_A-None_AdaBN-F,150,150,150
Lee2019_SSVEP,ATCNet,1,49,0.995,0.995,0.9999,1.0,1.0,1.0,FM-Full_A-None_AdaBN-F,150,150,150
Lee2019_SSVEP,ATCNet,1,50,0.985,0.985,0.9997333333333334,0.995,0.995,0.9998,FM-Full_A-None_AdaBN-F,150,150,150
Lee2019_SSVEP,ATCNet,1,51,0.76,0.7599999999999999,0.9319,0.795,0.7950000000000002,0.9573333333333334,FM-Full_A-None_AdaBN-F,150,150,150
Lee2019_SSVEP,ATCNet,1,53,1.0,1.0,1.0,1.0,1.0,1.0,FM-Full_A-None_AdaBN-F,150,150,150
Lee2019_SSVEP,ATCNet,2,1,0.965,0.965,0.9990666666666668,0.975,0.975,0.9986,FM-Full_A-None_AdaBN-F,150,150,150
Lee2019_SSVEP,ATCNet,2,2,0.99,0.99,0.9998,0.99,0.99,0.9999,FM-Full_A-None_AdaBN-F,150,150,150
Lee2019_SSVEP,ATCNet,2,3,0.9,0.8999999999999999,0.988,0.915,0.915,0.9904666666666668,FM-Full_A-None_AdaBN-F,150,150,150
Lee2019_SSVEP,ATCNet,2,8,0.935,0.935,0.9905666666666668,0.95,0.95,0.9925,FM-Full_A-None_AdaBN-F,150,150,150
Lee2019_SSVEP,ATCNet,2,11,1.0,1.0,1.0,1.0,1.0,1.0,FM-Full_A-None_AdaBN-F,150,150,150
Lee2019_SSVEP,ATCNet,2,12,0.965,0.965,0.9985,0.97,0.97,0.9985666666666666,FM-Full_A-None_AdaBN-F,150,150,150
Lee2019_SSVEP,ATCNet,2,15,0.85,0.8499999999999999,0.9918666666666668,0.99,0.99,1.0,FM-Full_A-None_AdaBN-F,150,150,150
Lee2019_SSVEP,ATCNet,2,19,0.985,0.985,0.9999333333333332,0.98,0.98,0.9998,FM-Full_A-None_AdaBN-F,150,150,150
Lee2019_SSVEP,ATCNet,2,21,0.95,0.95,0.9971,0.975,0.975,0.9993666666666668,FM-Full_A-None_AdaBN-F,150,150,150
Lee2019_SSVEP,ATCNet,2,22,0.8,0.8,0.9675666666666668,0.895,0.8949999999999999,0.9877,FM-Full_A-None_AdaBN-F,150,150,150
Lee2019_SSVEP,ATCNet,2,23,0.375,0.375,0.6633,0.6,0.6,0.8320666666666666,FM-Full_A-None_AdaBN-F,150,150,150
Lee2019_SSVEP,ATCNet,2,24,0.965,0.965,0.9951,0.975,0.975,0.9940333333333332,FM-Full_A-None_AdaBN-F,150,150,150
Lee2019_SSVEP,ATCNet,2,28,0.965,0.965,0.9971333333333332,0.96,0.96,0.9975666666666668,FM-Full_A-None_AdaBN-F,150,150,150
Lee2019_SSVEP,ATCNet,2,29,0.94,0.94,0.9936333333333334,0.97,0.97,0.9982,FM-Full_A-None_AdaBN-F,150,150,150
Lee2019_SSVEP,ATCNet,2,30,0.995,0.995,1.0,1.0,1.0,1.0,FM-Full_A-None_AdaBN-F,150,150,150
Lee2019_SSVEP,ATCNet,2,32,0.83,0.8300000000000001,0.9843333333333334,0.965,0.965,0.9974333333333334,FM-Full_A-None_AdaBN-F,150,150,150
Lee2019_SSVEP,ATCNet,2,36,1.0,1.0,1.0,1.0,1.0,1.0,FM-Full_A-None_AdaBN-F,150,150,150
Lee2019_SSVEP,ATCNet,2,39,1.0,1.0,1.0,1.0,1.0,1.0,FM-Full_A-None_AdaBN-F,150,150,150
Lee2019_SSVEP,ATCNet,2,40,0.94,0.94,0.9959666666666668,0.94,0.94,0.9936666666666666,FM-Full_A-None_AdaBN-F,150,150,150
Lee2019_SSVEP,ATCNet,2,41,0.98,0.98,0.9997333333333334,0.99,0.99,0.9999666666666668,FM-Full_A-None_AdaBN-F,150,150,150
Lee2019_SSVEP,ATCNet,2,42,0.8,0.7999999999999999,0.9527666666666668,0.8,0.8,0.9546666666666668,FM-Full_A-None_AdaBN-F,150,150,150
Lee2019_SSVEP,ATCNet,2,43,1.0,1.0,1.0,1.0,1.0,1.0,FM-Full_A-None_AdaBN-F,150,150,150
Lee2019_SSVEP,ATCNet,2,44,0.99,0.99,0.9999333333333332,0.975,0.975,0.9998,FM-Full_A-None_AdaBN-F,150,150,150
Lee2019_SSVEP,ATCNet,2,47,0.625,0.625,0.8778666666666666,0.61,0.61,0.8559333333333333,FM-Full_A-None_AdaBN-F,150,150,150
Lee2019_SSVEP,ATCNet,2,48,1.0,1.0,1.0,0.995,0.995,1.0,FM-Full_A-None_AdaBN-F,150,150,150
Lee2019_SSVEP,ATCNet,2,52,0.995,0.995,0.9999666666666668,0.995,0.995,1.0,FM-Full_A-None_AdaBN-F,150,150,150
Lee2019_SSVEP,ATCNet,2,54,0.775,0.7749999999999999,0.9493666666666668,0.855,0.855,0.9785,FM-Full_A-None_AdaBN-F,150,150,150
Lee2019_SSVEP,ShallowConvNet,1,4,1.0,1.0,1.0,1.0,1.0,1.0,FM-Full_A-None_AdaBN-F,200,200,200
Lee2019_SSVEP,ShallowConvNet,1,5,0.77,0.77,0.9477666666666666,0.78,0.78,0.9478,FM-Full_A-None_AdaBN-F,200,200,200
Lee2019_SSVEP,ShallowConvNet,1,6,0.94,0.94,0.9979333333333332,1.0,1.0,1.0,FM-Full_A-None_AdaBN-F,200,200,200
Lee2019_SSVEP,ShallowConvNet,1,7,0.995,0.995,0.9989333333333332,0.995,0.995,0.9997333333333334,FM-Full_A-None_AdaBN-F,200,200,200
Lee2019_SSVEP,ShallowConvNet,1,9,0.925,0.925,0.9966,0.98,0.98,0.9986,FM-Full_A-None_AdaBN-F,200,200,200
Lee2019_SSVEP,ShallowConvNet,1,10,0.915,0.915,0.9941,0.97,0.97,0.9973666666666668,FM-Full_A-None_AdaBN-F,200,200,200
Lee2019_SSVEP,ShallowConvNet,1,13,0.895,0.895,0.9884,0.93,0.93,0.9944666666666666,FM-Full_A-None_AdaBN-F,200,200,200
Lee2019_SSVEP,ShallowConvNet,1,14,0.845,0.845,0.9812666666666666,0.93,0.93,0.9940333333333332,FM-Full_A-None_AdaBN-F,200,200,200
Lee2019_SSVEP,ShallowConvNet,1,16,0.985,0.985,0.9997333333333334,0.985,0.985,0.9991666666666664,FM-Full_A-None_AdaBN-F,200,200,200
Lee2019_SSVEP,ShallowConvNet,1,17,0.815,0.815,0.98735,0.95,0.95,0.9963333333333332,FM-Full_A-None_AdaBN-F,200,200,200
Lee2019_SSVEP,ShallowConvNet,1,18,0.98,0.98,0.9999,0.99,0.99,1.0,FM-Full_A-None_AdaBN-F,200,200,200
Lee2019_SSVEP,ShallowConvNet,1,20,0.955,0.955,0.9925666666666668,0.95,0.95,0.9883833333333334,FM-Full_A-None_AdaBN-F,200,200,200
Lee2019_SSVEP,ShallowConvNet,1,25,0.89,0.8899999999999999,0.98735,0.95,0.95,0.9977,FM-Full_A-None_AdaBN-F,200,200,200
Lee2019_SSVEP,ShallowConvNet,1,26,0.96,0.96,0.9987666666666668,0.995,0.995,0.9999,FM-Full_A-None_AdaBN-F,200,200,200
Lee2019_SSVEP,ShallowConvNet,1,27,0.975,0.975,0.9991666666666668,0.995,0.995,0.9999666666666668,FM-Full_A-None_AdaBN-F,200,200,200
Lee2019_SSVEP,ShallowConvNet,1,31,1.0,1.0,1.0,1.0,1.0,1.0,FM-Full_A-None_AdaBN-F,200,200,200
Lee2019_SSVEP,ShallowConvNet,1,33,0.975,0.975,0.9993,0.985,0.985,0.9997333333333334,FM-Full_A-None_AdaBN-F,200,200,200
Lee2019_SSVEP,ShallowConvNet,1,34,0.67,0.67,0.8890333333333335,0.79,0.79,0.9252333333333334,FM-Full_A-None_AdaBN-F,200,200,200
Lee2019_SSVEP,ShallowConvNet,1,35,0.88,0.88,0.9826333333333334,0.95,0.95,0.9963333333333332,FM-Full_A-None_AdaBN-F,200,200,200
Lee2019_SSVEP,ShallowConvNet,1,37,0.985,0.985,0.9994333333333334,0.98,0.98,0.9997,FM-Full_A-None_AdaBN-F,200,200,200
Lee2019_SSVEP,ShallowConvNet,1,38,0.905,0.905,0.9986333333333332,0.965,0.965,0.9995333333333334,FM-Full_A-None_AdaBN-F,200,200,200
Lee2019_SSVEP,ShallowConvNet,1,45,0.805,0.8049999999999999,0.9727,0.925,0.925,0.9946333333333334,FM-Full_A-None_AdaBN-F,200,200,200
Lee2019_SSVEP,ShallowConvNet,1,46,0.975,0.975,0.9981666666666666,0.965,0.965,0.9963,FM-Full_A-None_AdaBN-F,200,200,200
Lee2019_SSVEP,ShallowConvNet,1,49,0.99,0.99,0.9998333333333334,0.98,0.98,0.9997333333333333,FM-Full_A-None_AdaBN-F,200,200,200
Lee2019_SSVEP,ShallowConvNet,1,50,0.89,0.89,0.9878,0.95,0.95,0.9959666666666668,FM-Full_A-None_AdaBN-F,200,200,200
Lee2019_SSVEP,ShallowConvNet,1,51,0.72,0.72,0.9226,0.805,0.805,0.9409333333333334,FM-Full_A-None_AdaBN-F,200,200,200
Lee2019_SSVEP,ShallowConvNet,1,53,0.99,0.99,0.9998666666666668,0.985,0.985,0.9998666666666668,FM-Full_A-None_AdaBN-F,200,200,200
Lee2019_SSVEP,ShallowConvNet,2,1,0.95,0.95,0.9963666666666666,0.94,0.94,0.9957,FM-Full_A-None_AdaBN-F,200,200,200
Lee2019_SSVEP,ShallowConvNet,2,2,0.975,0.975,0.9992,0.985,0.985,0.9997333333333334,FM-Full_A-None_AdaBN-F,200,200,200
Lee2019_SSVEP,ShallowConvNet,2,3,0.91,0.91,0.9892,0.945,0.945,0.9944,FM-Full_A-None_AdaBN-F,200,200,200
Lee2019_SSVEP,ShallowConvNet,2,8,0.9,0.9,0.9910666666666668,0.93,0.93,0.9925,FM-Full_A-None_AdaBN-F,200,200,200
Lee2019_SSVEP,ShallowConvNet,2,11,1.0,1.0,1.0,1.0,1.0,1.0,FM-Full_A-None_AdaBN-F,200,200,200
Lee2019_SSVEP,ShallowConvNet,2,12,0.955,0.955,0.9968333333333336,0.96,0.96,0.9965333333333332,FM-Full_A-None_AdaBN-F,200,200,200
Lee2019_SSVEP,ShallowConvNet,2,15,0.835,0.835,0.9861333333333332,0.97,0.97,0.9989666666666668,FM-Full_A-None_AdaBN-F,200,200,200
Lee2019_SSVEP,ShallowConvNet,2,19,0.785,0.785,0.9522666666666668,0.89,0.8899999999999999,0.9850333333333332,FM-Full_A-None_AdaBN-F,200,200,200
Lee2019_SSVEP,ShallowConvNet,2,21,0.98,0.98,0.9995333333333334,0.995,0.995,0.9999666666666668,FM-Full_A-None_AdaBN-F,200,200,200
Lee2019_SSVEP,ShallowConvNet,2,22,0.825,0.825,0.9446333333333332,0.85,0.8500000000000001,0.9739333333333332,FM-Full_A-None_AdaBN-F,200,200,200
Lee2019_SSVEP,ShallowConvNet,2,23,0.425,0.425,0.6931666666666666,0.505,0.505,0.7757333333333333,FM-Full_A-None_AdaBN-F,200,200,200
Lee2019_SSVEP,ShallowConvNet,2,24,0.86,0.8599999999999999,0.9746,0.935,0.935,0.9910166666666668,FM-Full_A-None_AdaBN-F,200,200,200
Lee2019_SSVEP,ShallowConvNet,2,28,0.955,0.955,0.9968333333333332,0.96,0.96,0.9958666666666668,FM-Full_A-None_AdaBN-F,200,200,200
Lee2019_SSVEP,ShallowConvNet,2,29,0.83,0.83,0.9784,0.95,0.95,0.9958333333333332,FM-Full_A-None_AdaBN-F,200,200,200
Lee2019_SSVEP,ShallowConvNet,2,30,0.995,0.995,0.9997333333333334,1.0,1.0,1.0,FM-Full_A-None_AdaBN-F,200,200,200
Lee2019_SSVEP,ShallowConvNet,2,32,0.445,0.445,0.7898333333333334,0.78,0.7799999999999999,0.9337666666666666,FM-Full_A-None_AdaBN-F,200,200,200
Lee2019_SSVEP,ShallowConvNet,2,36,1.0,1.0,1.0,1.0,1.0,1.0,FM-Full_A-None_AdaBN-F,200,200,200
Lee2019_SSVEP,ShallowConvNet,2,39,0.98,0.98,0.9987333333333333,0.985,0.985,0.9983,FM-Full_A-None_AdaBN-F,200,200,200
Lee2019_SSVEP,ShallowConvNet,2,40,0.84,0.84,0.9763,0.89,0.8899999999999999,0.9825,FM-Full_A-None_AdaBN-F,200,200,200
Lee2019_SSVEP,ShallowConvNet,2,41,0.98,0.98,0.9992333333333334,0.985,0.985,0.9989,FM-Full_A-None_AdaBN-F,200,200,200
Lee2019_SSVEP,ShallowConvNet,2,42,0.845,0.845,0.9662,0.805,0.805,0.9604333333333333,FM-Full_A-None_AdaBN-F,200,200,200
Lee2019_SSVEP,ShallowConvNet,2,43,0.99,0.99,1.0,0.99,0.99,1.0,FM-Full_A-None_AdaBN-F,200,200,200
Lee2019_SSVEP,ShallowConvNet,2,44,0.99,0.99,1.0,0.995,0.995,1.0,FM-Full_A-None_AdaBN-F,200,200,200
Lee2019_SSVEP,ShallowConvNet,2,47,0.67,0.6699999999999999,0.8792333333333333,0.635,0.635,0.8634,FM-Full_A-None_AdaBN-F,200,200,200
Lee2019_SSVEP,ShallowConvNet,2,48,0.975,0.975,1.0,0.995,0.995,1.0,FM-Full_A-None_AdaBN-F,200,200,200
Lee2019_SSVEP,ShallowConvNet,2,52,0.905,0.905,0.98675,0.97,0.97,0.9979666666666668,FM-Full_A-None_AdaBN-F,200,200,200
Lee2019_SSVEP,ShallowConvNet,2,54,0.54,0.54,0.8632333333333332,0.795,0.7949999999999999,0.9440666666666666,FM-Full_A-None_AdaBN-F,200,200,200
Lee2019_SSVEP,DeepConvNet,1,4,1.0,1.0,1.0,1.0,1.0,1.0,FM-Full_A-None_AdaBN-F,200,200,200
Lee2019_SSVEP,DeepConvNet,1,5,0.86,0.8600000000000001,0.9849,0.895,0.895,0.9887333333333332,FM-Full_A-None_AdaBN-F,200,200,200
Lee2019_SSVEP,DeepConvNet,1,6,1.0,1.0,1.0,1.0,1.0,1.0,FM-Full_A-None_AdaBN-F,200,200,200
Lee2019_SSVEP,DeepConvNet,1,7,1.0,1.0,1.0,1.0,1.0,1.0,FM-Full_A-None_AdaBN-F,200,200,200
Lee2019_SSVEP,DeepConvNet,1,9,0.995,0.995,0.9999666666666668,1.0,1.0,1.0,FM-Full_A-None_AdaBN-F,200,200,200
Lee2019_SSVEP,DeepConvNet,1,10,1.0,1.0,1.0,1.0,1.0,1.0,FM-Full_A-None_AdaBN-F,200,200,200
Lee2019_SSVEP,DeepConvNet,1,13,0.945,0.945,0.9979333333333332,0.99,0.99,0.9999666666666668,FM-Full_A-None_AdaBN-F,200,200,200
Lee2019_SSVEP,DeepConvNet,1,14,0.86,0.8600000000000001,0.9769666666666666,0.96,0.96,0.9990333333333332,FM-Full_A-None_AdaBN-F,200,200,200
Lee2019_SSVEP,DeepConvNet,1,16,1.0,1.0,1.0,1.0,1.0,1.0,FM-Full_A-None_AdaBN-F,200,200,200
Lee2019_SSVEP,DeepConvNet,1,17,0.98,0.98,1.0,0.99,0.99,1.0,FM-Full_A-None_AdaBN-F,200,200,200
Lee2019_SSVEP,DeepConvNet,1,18,0.995,0.995,1.0,0.995,0.995,1.0,FM-Full_A-None_AdaBN-F,200,200,200
Lee2019_SSVEP,DeepConvNet,1,20,0.995,0.995,1.0,0.995,0.995,0.9999666666666668,FM-Full_A-None_AdaBN-F,200,200,200
Lee2019_SSVEP,DeepConvNet,1,25,0.975,0.975,0.9995333333333334,0.975,0.975,0.9996333333333334,FM-Full_A-None_AdaBN-F,200,200,200
Lee2019_SSVEP,DeepConvNet,1,26,0.995,0.995,1.0,1.0,1.0,1.0,FM-Full_A-None_AdaBN-F,200,200,200
Lee2019_SSVEP,DeepConvNet,1,27,1.0,1.0,1.0,1.0,1.0,1.0,FM-Full_A-None_AdaBN-F,200,200,200
Lee2019_SSVEP,DeepConvNet,1,31,1.0,1.0,1.0,1.0,1.0,1.0,FM-Full_A-None_AdaBN-F,200,200,200
Lee2019_SSVEP,DeepConvNet,1,33,1.0,1.0,1.0,0.995,0.995,1.0,FM-Full_A-None_AdaBN-F,200,200,200
Lee2019_SSVEP,DeepConvNet,1,34,0.78,0.78,0.9531666666666664,0.845,0.845,0.96875,FM-Full_A-None_AdaBN-F,200,200,200
Lee2019_SSVEP,DeepConvNet,1,35,0.995,0.995,0.9999666666666668,0.99,0.99,0.9999333333333332,FM-Full_A-None_AdaBN-F,200,200,200
Lee2019_SSVEP,DeepConvNet,1,37,0.99,0.99,0.9998666666666668,0.985,0.985,0.9998,FM-Full_A-None_AdaBN-F,200,200,200
Lee2019_SSVEP,DeepConvNet,1,38,1.0,1.0,1.0,0.995,0.995,0.9999666666666668,FM-Full_A-None_AdaBN-F,200,200,200
Lee2019_SSVEP,DeepConvNet,1,45,0.96,0.96,0.9992,0.98,0.98,0.9997666666666668,FM-Full_A-None_AdaBN-F,200,200,200
Lee2019_SSVEP,DeepConvNet,1,46,0.96,0.96,0.9997,0.995,0.995,1.0,FM-Full_A-None_AdaBN-F,200,200,200
Lee2019_SSVEP,DeepConvNet,1,49,1.0,1.0,1.0,1.0,1.0,1.0,FM-Full_A-None_AdaBN-F,200,200,200
Lee2019_SSVEP,DeepConvNet,1,50,0.995,0.995,1.0,1.0,1.0,1.0,FM-Full_A-None_AdaBN-F,200,200,200
Lee2019_SSVEP,DeepConvNet,1,51,0.85,0.85,0.9693,0.885,0.885,0.9739333333333332,FM-Full_A-None_AdaBN-F,200,200,200
Lee2019_SSVEP,DeepConvNet,1,53,1.0,1.0,1.0,1.0,1.0,1.0,FM-Full_A-None_AdaBN-F,200,200,200
Lee2019_SSVEP,DeepConvNet,2,1,0.955,0.955,0.9987333333333334,0.97,0.97,0.9987,FM-Full_A-None_AdaBN-F,200,200,200
Lee2019_SSVEP,DeepConvNet,2,2,0.995,0.995,0.9999666666666668,0.995,0.995,0.9999666666666668,FM-Full_A-None_AdaBN-F,200,200,200
Lee2019_SSVEP,DeepConvNet,2,3,0.95,0.95,0.9971333333333332,0.935,0.935,0.9960333333333332,FM-Full_A-None_AdaBN-F,200,200,200
Lee2019_SSVEP,DeepConvNet,2,8,0.935,0.935,0.99325,0.945,0.945,0.9918833333333332,FM-Full_A-None_AdaBN-F,200,200,200
Lee2019_SSVEP,DeepConvNet,2,11,1.0,1.0,1.0,1.0,1.0,1.0,FM-Full_A-None_AdaBN-F,200,200,200
Lee2019_SSVEP,DeepConvNet,2,12,0.985,0.985,0.9996,0.98,0.98,0.9996333333333334,FM-Full_A-None_AdaBN-F,200,200,200
Lee2019_SSVEP,DeepConvNet,2,15,0.865,0.865,0.9859,0.99,0.99,0.9997,FM-Full_A-None_AdaBN-F,200,200,200
Lee2019_SSVEP,DeepConvNet,2,19,0.985,0.985,1.0,0.985,0.985,1.0,FM-Full_A-None_AdaBN-F,200,200,200
Lee2019_SSVEP,DeepConvNet,2,21,0.98,0.98,0.9999333333333332,0.99,0.99,0.9999,FM-Full_A-None_AdaBN-F,200,200,200
Lee2019_SSVEP,DeepConvNet,2,22,0.935,0.935,0.9934,0.96,0.96,0.9973,FM-Full_A-None_AdaBN-F,200,200,200
Lee2019_SSVEP,DeepConvNet,2,23,0.355,0.355,0.6021666666666666,0.485,0.485,0.7409,FM-Full_A-None_AdaBN-F,200,200,200
Lee2019_SSVEP,DeepConvNet,2,24,0.995,0.995,0.99475,0.995,0.995,0.9943,FM-Full_A-None_AdaBN-F,200,200,200
Lee2019_SSVEP,DeepConvNet,2,28,0.99,0.99,0.9994666666666668,0.99,0.99,0.9991,FM-Full_A-None_AdaBN-F,200,200,200
Lee2019_SSVEP,DeepConvNet,2,29,0.94,0.94,0.9966666666666666,0.98,0.98,0.9985666666666668,FM-Full_A-None_AdaBN-F,200,200,200
Lee2019_SSVEP,DeepConvNet,2,30,0.995,0.995,0.9999666666666668,0.995,0.995,1.0,FM-Full_A-None_AdaBN-F,200,200,200
Lee2019_SSVEP,DeepConvNet,2,32,0.94,0.94,0.9966,0.98,0.98,0.9985333333333334,FM-Full_A-None_AdaBN-F,200,200,200
Lee2019_SSVEP,DeepConvNet,2,36,1.0,1.0,1.0,1.0,1.0,1.0,FM-Full_A-None_AdaBN-F,200,200,200
Lee2019_SSVEP,DeepConvNet,2,39,1.0,1.0,1.0,1.0,1.0,1.0,FM-Full_A-None_AdaBN-F,200,200,200
Lee2019_SSVEP,DeepConvNet,2,40,0.96,0.96,0.9978333333333332,0.95,0.95,0.997,FM-Full_A-None_AdaBN-F,200,200,200
Lee2019_SSVEP,DeepConvNet,2,41,0.985,0.985,0.9999333333333332,0.995,0.995,0.9997333333333334,FM-Full_A-None_AdaBN-F,200,200,200
Lee2019_SSVEP,DeepConvNet,2,42,0.84,0.84,0.9716333333333332,0.81,0.8099999999999999,0.9699333333333332,FM-Full_A-None_AdaBN-F,200,200,200
Lee2019_SSVEP,DeepConvNet,2,43,1.0,1.0,1.0,1.0,1.0,1.0,FM-Full_A-None_AdaBN-F,200,200,200
Lee2019_SSVEP,DeepConvNet,2,44,0.995,0.995,1.0,1.0,1.0,1.0,FM-Full_A-None_AdaBN-F,200,200,200
Lee2019_SSVEP,DeepConvNet,2,47,0.64,0.6399999999999999,0.8769,0.64,0.64,0.8809,FM-Full_A-None_AdaBN-F,200,200,200
Lee2019_SSVEP,DeepConvNet,2,48,0.995,0.995,1.0,0.995,0.995,1.0,FM-Full_A-None_AdaBN-F,200,200,200
Lee2019_SSVEP,DeepConvNet,2,52,0.985,0.985,1.0,1.0,1.0,1.0,FM-Full_A-None_AdaBN-F,200,200,200
Lee2019_SSVEP,DeepConvNet,2,54,0.845,0.845,0.9804,0.92,0.92,0.9883,FM-Full_A-None_AdaBN-F,200,200,200
Lee2019_SSVEP,ATCNet,1,4,1.0,1.0,1.0,1.0,1.0,1.0,FM-Full_A-None_AdaBN-F,200,200,200
Lee2019_SSVEP,ATCNet,1,5,0.835,0.8350000000000001,0.9683666666666666,0.845,0.845,0.9777666666666666,FM-Full_A-None_AdaBN-F,200,200,200
Lee2019_SSVEP,ATCNet,1,6,1.0,1.0,1.0,1.0,1.0,1.0,FM-Full_A-None_AdaBN-F,200,200,200
Lee2019_SSVEP,ATCNet,1,7,1.0,1.0,1.0,1.0,1.0,1.0,FM-Full_A-None_AdaBN-F,200,200,200
Lee2019_SSVEP,ATCNet,1,9,0.935,0.935,0.9982666666666666,0.98,0.98,0.9996333333333334,FM-Full_A-None_AdaBN-F,200,200,200
Lee2019_SSVEP,ATCNet,1,10,1.0,1.0,1.0,1.0,1.0,1.0,FM-Full_A-None_AdaBN-F,200,200,200
Lee2019_SSVEP,ATCNet,1,13,0.97,0.97,0.9997333333333334,0.995,0.995,0.9999666666666668,FM-Full_A-None_AdaBN-F,200,200,200
Lee2019_SSVEP,ATCNet,1,14,0.805,0.8049999999999999,0.9495333333333332,0.915,0.915,0.9937333333333334,FM-Full_A-None_AdaBN-F,200,200,200
Lee2019_SSVEP,ATCNet,1,16,1.0,1.0,1.0,1.0,1.0,1.0,FM-Full_A-None_AdaBN-F,200,200,200
Lee2019_SSVEP,ATCNet,1,17,0.92,0.92,0.9963333333333334,0.99,0.99,0.9994333333333334,FM-Full_A-None_AdaBN-F,200,200,200
Lee2019_SSVEP,ATCNet,1,18,0.98,0.98,0.9996,0.975,0.975,0.9994,FM-Full_A-None_AdaBN-F,200,200,200
Lee2019_SSVEP,ATCNet,1,20,0.98,0.98,0.9996,0.98,0.98,0.9995666666666668,FM-Full_A-None_AdaBN-F,200,200,200
Lee2019_SSVEP,ATCNet,1,25,0.97,0.97,0.9993333333333334,0.97,0.97,0.9995,FM-Full_A-None_AdaBN-F,200,200,200
Lee2019_SSVEP,ATCNet,1,26,0.995,0.995,0.9999,1.0,1.0,1.0,FM-Full_A-None_AdaBN-F,200,200,200
Lee2019_SSVEP,ATCNet,1,27,1.0,1.0,1.0,0.995,0.995,0.9999666666666668,FM-Full_A-None_AdaBN-F,200,200,200
Lee2019_SSVEP,ATCNet,1,31,1.0,1.0,1.0,1.0,1.0,1.0,FM-Full_A-None_AdaBN-F,200,200,200
Lee2019_SSVEP,ATCNet,1,33,0.99,0.99,1.0,1.0,1.0,1.0,FM-Full_A-None_AdaBN-F,200,200,200
Lee2019_SSVEP,ATCNet,1,34,0.835,0.835,0.9530666666666666,0.855,0.855,0.9709333333333334,FM-Full_A-None_AdaBN-F,200,200,200
Lee2019_SSVEP,ATCNet,1,35,0.945,0.945,0.9980333333333332,0.985,0.985,0.9992666666666667,FM-Full_A-None_AdaBN-F,200,200,200
Lee2019_SSVEP,ATCNet,1,37,0.985,0.985,0.9997333333333334,0.985,0.985,0.9998666666666668,FM-Full_A-None_AdaBN-F,200,200,200
Lee2019_SSVEP,ATCNet,1,38,0.995,0.995,0.9998666666666668,0.995,0.995,0.9999666666666668,FM-Full_A-None_AdaBN-F,200,200,200
Lee2019_SSVEP,ATCNet,1,45,0.92,0.92,0.9959666666666668,0.95,0.95,0.9961666666666666,FM-Full_A-None_AdaBN-F,200,200,200
Lee2019_SSVEP,ATCNet,1,46,0.99,0.99,1.0,1.0,1.0,1.0,FM-Full_A-None_AdaBN-F,200,200,200
Lee2019_SSVEP,ATCNet,1,49,0.99,0.99,0.9999666666666668,0.995,0.995,1.0,FM-Full_A-None_AdaBN-F,200,200,200
Lee2019_SSVEP,ATCNet,1,50,0.995,0.995,0.9999666666666668,0.995,0.995,0.9999333333333332,FM-Full_A-None_AdaBN-F,200,200,200
Lee2019_SSVEP,ATCNet,1,51,0.77,0.7699999999999999,0.9439333333333334,0.815,0.8150000000000001,0.9636666666666668,FM-Full_A-None_AdaBN-F,200,200,200
Lee2019_SSVEP,ATCNet,1,53,1.0,1.0,1.0,1.0,1.0,1.0,FM-Full_A-None_AdaBN-F,200,200,200
Lee2019_SSVEP,ATCNet,2,1,0.96,0.96,0.9990666666666668,0.96,0.96,0.9979333333333332,FM-Full_A-None_AdaBN-F,200,200,200
Lee2019_SSVEP,ATCNet,2,2,0.985,0.985,0.9999,0.99,0.99,1.0,FM-Full_A-None_AdaBN-F,200,200,200
Lee2019_SSVEP,ATCNet,2,3,0.905,0.905,0.9883333333333332,0.93,0.93,0.9927666666666668,FM-Full_A-None_AdaBN-F,200,200,200
Lee2019_SSVEP,ATCNet,2,8,0.92,0.92,0.9913333333333334,0.945,0.945,0.9927,FM-Full_A-None_AdaBN-F,200,200,200
Lee2019_SSVEP,ATCNet,2,11,1.0,1.0,1.0,1.0,1.0,1.0,FM-Full_A-None_AdaBN-F,200,200,200
Lee2019_SSVEP,ATCNet,2,12,0.97,0.97,0.9989666666666668,0.975,0.975,0.999,FM-Full_A-None_AdaBN-F,200,200,200
Lee2019_SSVEP,ATCNet,2,15,0.695,0.6950000000000001,0.9700666666666669,0.995,0.995,1.0,FM-Full_A-None_AdaBN-F,200,200,200
Lee2019_SSVEP,ATCNet,2,19,0.985,0.985,0.9998333333333334,0.985,0.985,0.9997666666666668,FM-Full_A-None_AdaBN-F,200,200,200
Lee2019_SSVEP,ATCNet,2,21,0.94,0.94,0.9963,0.97,0.97,0.9994,FM-Full_A-None_AdaBN-F,200,200,200
Lee2019_SSVEP,ATCNet,2,22,0.85,0.8499999999999999,0.9785666666666668,0.92,0.92,0.9920333333333332,FM-Full_A-None_AdaBN-F,200,200,200
Lee2019_SSVEP,ATCNet,2,23,0.41,0.41,0.6487666666666667,0.59,0.59,0.8063666666666666,FM-Full_A-None_AdaBN-F,200,200,200
Lee2019_SSVEP,ATCNet,2,24,0.945,0.945,0.9932666666666666,0.97,0.97,0.9936333333333334,FM-Full_A-None_AdaBN-F,200,200,200
Lee2019_SSVEP,ATCNet,2,28,0.965,0.965,0.9988666666666668,0.98,0.98,0.9988333333333332,FM-Full_A-None_AdaBN-F,200,200,200
Lee2019_SSVEP,ATCNet,2,29,0.92,0.92,0.9944666666666666,0.965,0.965,0.9988,FM-Full_A-None_AdaBN-F,200,200,200
Lee2019_SSVEP,ATCNet,2,30,0.995,0.995,1.0,1.0,1.0,1.0,FM-Full_A-None_AdaBN-F,200,200,200
Lee2019_SSVEP,ATCNet,2,32,0.91,0.91,0.9895333333333334,0.975,0.975,0.9981666666666666,FM-Full_A-None_AdaBN-F,200,200,200
Lee2019_SSVEP,ATCNet,2,36,1.0,1.0,1.0,1.0,1.0,1.0,FM-Full_A-None_AdaBN-F,200,200,200
Lee2019_SSVEP,ATCNet,2,39,1.0,1.0,1.0,1.0,1.0,1.0,FM-Full_A-None_AdaBN-F,200,200,200
Lee2019_SSVEP,ATCNet,2,40,0.94,0.94,0.9956333333333334,0.925,0.925,0.9941666666666668,FM-Full_A-None_AdaBN-F,200,200,200
Lee2019_SSVEP,ATCNet,2,41,0.99,0.99,0.9998,1.0,1.0,1.0,FM-Full_A-None_AdaBN-F,200,200,200
Lee2019_SSVEP,ATCNet,2,42,0.81,0.8099999999999999,0.9567,0.795,0.7949999999999999,0.9564666666666666,FM-Full_A-None_AdaBN-F,200,200,200
Lee2019_SSVEP,ATCNet,2,43,1.0,1.0,1.0,1.0,1.0,1.0,FM-Full_A-None_AdaBN-F,200,200,200
Lee2019_SSVEP,ATCNet,2,44,0.985,0.985,1.0,0.99,0.99,0.9999666666666668,FM-Full_A-None_AdaBN-F,200,200,200
Lee2019_SSVEP,ATCNet,2,47,0.635,0.635,0.8815666666666666,0.625,0.625,0.8755000000000001,FM-Full_A-None_AdaBN-F,200,200,200
Lee2019_SSVEP,ATCNet,2,48,1.0,1.0,1.0,1.0,1.0,1.0,FM-Full_A-None_AdaBN-F,200,200,200
Lee2019_SSVEP,ATCNet,2,52,0.985,0.985,0.9998333333333334,1.0,1.0,1.0,FM-Full_A-None_AdaBN-F,200,200,200
Lee2019_SSVEP,ATCNet,2,54,0.78,0.78,0.9520666666666668,0.89,0.8899999999999999,0.9822333333333332,FM-Full_A-None_AdaBN-F,200,200,200
Lee2019_SSVEP,EEGNetv4,1,4,0.995,0.995,1.0,0.995,0.995,1.0,FM-Full_A-None_AdaBN-F,200,200,200
Lee2019_SSVEP,EEGNetv4,1,5,0.855,0.855,0.9557,0.845,0.845,0.9654666666666668,FM-Full_A-None_AdaBN-F,200,200,200
Lee2019_SSVEP,EEGNetv4,1,6,1.0,1.0,1.0,1.0,1.0,1.0,FM-Full_A-None_AdaBN-F,200,200,200
Lee2019_SSVEP,EEGNetv4,1,7,0.985,0.985,0.9999333333333332,0.995,0.995,1.0,FM-Full_A-None_AdaBN-F,200,200,200
Lee2019_SSVEP,EEGNetv4,1,9,0.975,0.975,0.9998666666666668,0.975,0.975,0.9998,FM-Full_A-None_AdaBN-F,200,200,200
Lee2019_SSVEP,EEGNetv4,1,10,0.985,0.985,0.9994666666666668,0.99,0.99,0.9998666666666668,FM-Full_A-None_AdaBN-F,200,200,200
Lee2019_SSVEP,EEGNetv4,1,13,0.95,0.95,0.9967,0.985,0.985,0.9997666666666668,FM-Full_A-None_AdaBN-F,200,200,200
Lee2019_SSVEP,EEGNetv4,1,14,0.93,0.93,0.9844333333333332,0.965,0.965,0.9911166666666666,FM-Full_A-None_AdaBN-F,200,200,200
Lee2019_SSVEP,EEGNetv4,1,16,0.985,0.985,0.9998666666666668,0.995,0.995,0.9997,FM-Full_A-None_AdaBN-F,200,200,200
Lee2019_SSVEP,EEGNetv4,1,17,0.91,0.91,0.9914833333333332,0.955,0.955,0.9972666666666666,FM-Full_A-None_AdaBN-F,200,200,200
Lee2019_SSVEP,EEGNetv4,1,18,0.98,0.98,0.9998,0.98,0.98,0.9998666666666668,FM-Full_A-None_AdaBN-F,200,200,200
Lee2019_SSVEP,EEGNetv4,1,20,0.975,0.975,0.9985666666666668,0.975,0.975,0.9990333333333332,FM-Full_A-None_AdaBN-F,200,200,200
Lee2019_SSVEP,EEGNetv4,1,25,0.935,0.935,0.9969666666666666,0.97,0.97,0.9988,FM-Full_A-None_AdaBN-F,200,200,200
Lee2019_SSVEP,EEGNetv4,1,26,0.965,0.965,0.9992666666666667,0.99,0.99,1.0,FM-Full_A-None_AdaBN-F,200,200,200
Lee2019_SSVEP,EEGNetv4,1,27,1.0,1.0,1.0,1.0,1.0,1.0,FM-Full_A-None_AdaBN-F,200,200,200
Lee2019_SSVEP,EEGNetv4,1,31,0.98,0.98,1.0,0.99,0.99,1.0,FM-Full_A-None_AdaBN-F,200,200,200
Lee2019_SSVEP,EEGNetv4,1,33,1.0,1.0,1.0,1.0,1.0,1.0,FM-Full_A-None_AdaBN-F,200,200,200
Lee2019_SSVEP,EEGNetv4,1,34,0.735,0.735,0.923,0.83,0.8300000000000001,0.96285,FM-Full_A-None_AdaBN-F,200,200,200
Lee2019_SSVEP,EEGNetv4,1,35,0.955,0.955,0.9985333333333332,0.99,0.99,0.9995,FM-Full_A-None_AdaBN-F,200,200,200
Lee2019_SSVEP,EEGNetv4,1,37,0.995,0.995,0.9999666666666668,0.99,0.99,0.9999,FM-Full_A-None_AdaBN-F,200,200,200
Lee2019_SSVEP,EEGNetv4,1,38,0.995,0.995,1.0,0.995,0.995,0.9999666666666668,FM-Full_A-None_AdaBN-F,200,200,200
Lee2019_SSVEP,EEGNetv4,1,45,0.955,0.955,0.9979666666666668,0.96,0.96,0.9981666666666666,FM-Full_A-None_AdaBN-F,200,200,200
Lee2019_SSVEP,EEGNetv4,1,46,1.0,1.0,1.0,1.0,1.0,1.0,FM-Full_A-None_AdaBN-F,200,200,200
Lee2019_SSVEP,EEGNetv4,1,49,1.0,1.0,1.0,1.0,1.0,1.0,FM-Full_A-None_AdaBN-F,200,200,200
Lee2019_SSVEP,EEGNetv4,1,50,0.99,0.99,1.0,0.995,0.995,1.0,FM-Full_A-None_AdaBN-F,200,200,200
Lee2019_SSVEP,EEGNetv4,1,51,0.78,0.78,0.9468666666666664,0.845,0.845,0.9646333333333332,FM-Full_A-None_AdaBN-F,200,200,200
Lee2019_SSVEP,EEGNetv4,1,53,1.0,1.0,1.0,1.0,1.0,1.0,FM-Full_A-None_AdaBN-F,200,200,200
Lee2019_SSVEP,EEGNetv4,2,1,0.945,0.945,0.9954333333333334,0.95,0.95,0.9955666666666668,FM-Full_A-None_AdaBN-F,200,200,200
Lee2019_SSVEP,EEGNetv4,2,2,0.985,0.985,0.9998,0.99,0.99,1.0,FM-Full_A-None_AdaBN-F,200,200,200
Lee2019_SSVEP,EEGNetv4,2,3,0.93,0.93,0.9947,0.93,0.93,0.9943333333333334,FM-Full_A-None_AdaBN-F,200,200,200
Lee2019_SSVEP,EEGNetv4,2,8,0.93,0.93,0.9966666666666668,0.96,0.96,0.9966333333333331,FM-Full_A-None_AdaBN-F,200,200,200
Lee2019_SSVEP,EEGNetv4,2,11,0.995,0.995,1.0,1.0,1.0,1.0,FM-Full_A-None_AdaBN-F,200,200,200
Lee2019_SSVEP,EEGNetv4,2,12,0.975,0.975,0.9985666666666668,0.965,0.965,0.9978,FM-Full_A-None_AdaBN-F,200,200,200
Lee2019_SSVEP,EEGNetv4,2,15,0.88,0.8799999999999999,0.99155,1.0,1.0,1.0,FM-Full_A-None_AdaBN-F,200,200,200
Lee2019_SSVEP,EEGNetv4,2,19,0.995,0.995,0.9955,0.99,0.99,0.9952,FM-Full_A-None_AdaBN-F,200,200,200
Lee2019_SSVEP,EEGNetv4,2,21,0.87,0.87,0.9941,0.96,0.96,0.9974666666666668,FM-Full_A-None_AdaBN-F,200,200,200
Lee2019_SSVEP,EEGNetv4,2,22,0.925,0.925,0.9917,0.93,0.93,0.9908333333333332,FM-Full_A-None_AdaBN-F,200,200,200
Lee2019_SSVEP,EEGNetv4,2,23,0.355,0.355,0.5992666666666666,0.515,0.515,0.7542,FM-Full_A-None_AdaBN-F,200,200,200
Lee2019_SSVEP,EEGNetv4,2,24,0.97,0.97,0.9952166666666666,0.98,0.98,0.9945833333333334,FM-Full_A-None_AdaBN-F,200,200,200
Lee2019_SSVEP,EEGNetv4,2,28,0.99,0.99,0.9998666666666668,0.985,0.985,0.9997,FM-Full_A-None_AdaBN-F,200,200,200
Lee2019_SSVEP,EEGNetv4,2,29,0.93,0.93,0.9932,0.97,0.97,0.9982333333333332,FM-Full_A-None_AdaBN-F,200,200,200
Lee2019_SSVEP,EEGNetv4,2,30,0.995,0.995,0.9995333333333334,0.995,0.995,0.9996333333333334,FM-Full_A-None_AdaBN-F,200,200,200
Lee2019_SSVEP,EEGNetv4,2,32,0.775,0.775,0.9638333333333332,0.915,0.915,0.9913666666666668,FM-Full_A-None_AdaBN-F,200,200,200
Lee2019_SSVEP,EEGNetv4,2,36,1.0,1.0,1.0,1.0,1.0,1.0,FM-Full_A-None_AdaBN-F,200,200,200
Lee2019_SSVEP,EEGNetv4,2,39,0.995,0.995,1.0,1.0,1.0,1.0,FM-Full_A-None_AdaBN-F,200,200,200
Lee2019_SSVEP,EEGNetv4,2,40,0.94,0.94,0.9966333333333331,0.955,0.955,0.9972,FM-Full_A-None_AdaBN-F,200,200,200
Lee2019_SSVEP,EEGNetv4,2,41,0.97,0.97,0.9997,0.99,0.99,0.9999,FM-Full_A-None_AdaBN-F,200,200,200
Lee2019_SSVEP,EEGNetv4,2,42,0.82,0.82,0.9684333333333331,0.805,0.8049999999999999,0.9619666666666666,FM-Full_A-None_AdaBN-F,200,200,200
Lee2019_SSVEP,EEGNetv4,2,43,1.0,1.0,1.0,1.0,1.0,1.0,FM-Full_A-None_AdaBN-F,200,200,200
Lee2019_SSVEP,EEGNetv4,2,44,1.0,1.0,1.0,0.99,0.99,1.0,FM-Full_A-None_AdaBN-F,200,200,200
Lee2019_SSVEP,EEGNetv4,2,47,0.655,0.655,0.8916999999999999,0.665,0.665,0.8806,FM-Full_A-None_AdaBN-F,200,200,200
Lee2019_SSVEP,EEGNetv4,2,48,0.995,0.995,1.0,0.995,0.995,1.0,FM-Full_A-None_AdaBN-F,200,200,200
Lee2019_SSVEP,EEGNetv4,2,52,0.935,0.935,0.9938333333333332,0.95,0.95,0.9979666666666668,FM-Full_A-None_AdaBN-F,200,200,200
Lee2019_SSVEP,EEGNetv4,2,54,0.665,0.665,0.8974333333333333,0.83,0.83,0.9718,FM-Full_A-None_AdaBN-F,200,200,200
MAMEM2,EEGNetv4,1,1,0.232,0.2339999999999999,0.5380118295739348,0.208,0.2053333333333333,0.5256457142857143,FM-Full_A-None_AdaBN-F,40,40,40
MAMEM2,EEGNetv4,1,2,0.16,0.1553333333333333,0.4562834085213033,0.184,0.182,0.4702466165413533,FM-Full_A-None_AdaBN-F,40,40,40
MAMEM2,EEGNetv4,1,6,0.176,0.1693333333333333,0.4930736842105263,0.2,0.1893333333333333,0.53524671679198,FM-Full_A-None_AdaBN-F,40,40,40
MAMEM2,EEGNetv4,1,8,0.2,0.2066666666666666,0.4787346365914787,0.216,0.2139999999999999,0.4847572932330827,FM-Full_A-None_AdaBN-F,40,40,40
MAMEM2,EEGNetv4,1,9,0.216,0.2066666666666667,0.489394686716792,0.224,0.2106666666666666,0.4828667669172933,FM-Full_A-None_AdaBN-F,40,40,40
MAMEM2,EEGNetv4,2,3,0.168,0.1639999999999999,0.4881243107769424,0.208,0.2013333333333333,0.4707931829573934,FM-Full_A-None_AdaBN-F,40,40,40
MAMEM2,EEGNetv4,2,4,0.208,0.1986666666666666,0.4800878195488722,0.192,0.176,0.4878508270676692,FM-Full_A-None_AdaBN-F,40,40,40
MAMEM2,EEGNetv4,2,5,0.2,0.1926666666666666,0.5344751879699248,0.24,0.2326666666666666,0.5336493233082706,FM-Full_A-None_AdaBN-F,40,40,40
MAMEM2,EEGNetv4,2,7,0.232,0.2313333333333333,0.518860350877193,0.208,0.198,0.5136374937343359,FM-Full_A-None_AdaBN-F,40,40,40
MAMEM2,EEGNetv4,2,10,0.16,0.148,0.4553150877192983,0.224,0.216,0.4801529824561404,FM-Full_A-None_AdaBN-F,40,40,40
MAMEM2,DeepConvNet,1,1,0.184,0.1813333333333333,0.4973764411027568,0.176,0.1746666666666666,0.4993074686716792,FM-Full_A-None_AdaBN-F,40,40,40
MAMEM2,DeepConvNet,1,2,0.184,0.18,0.4875238095238095,0.216,0.2066666666666667,0.5073090726817042,FM-Full_A-None_AdaBN-F,40,40,40
MAMEM2,DeepConvNet,1,6,0.216,0.212,0.5014490225563909,0.248,0.26,0.5202237593984963,FM-Full_A-None_AdaBN-F,40,40,40
MAMEM2,DeepConvNet,1,8,0.12,0.1173333333333333,0.4403071679197994,0.176,0.1746666666666666,0.5038223558897243,FM-Full_A-None_AdaBN-F,40,40,40
MAMEM2,DeepConvNet,1,9,0.192,0.184,0.4700188471177945,0.2,0.1913333333333333,0.4776170426065162,FM-Full_A-None_AdaBN-F,40,40,40
MAMEM2,DeepConvNet,2,3,0.2,0.1746666666666666,0.4931266165413534,0.2,0.188,0.5226107268170426,FM-Full_A-None_AdaBN-F,40,40,40
MAMEM2,DeepConvNet,2,4,0.176,0.152,0.4848521303258145,0.16,0.1493333333333333,0.4744595488721804,FM-Full_A-None_AdaBN-F,40,40,40
MAMEM2,DeepConvNet,2,5,0.216,0.1906666666666666,0.4801249122807017,0.176,0.1946666666666666,0.4908898245614035,FM-Full_A-None_AdaBN-F,40,40,40
MAMEM2,DeepConvNet,2,7,0.224,0.192,0.4836481203007519,0.208,0.1913333333333333,0.4917134837092732,FM-Full_A-None_AdaBN-F,40,40,40
MAMEM2,DeepConvNet,2,10,0.192,0.1733333333333333,0.4229543859649123,0.192,0.1926666666666666,0.4948781954887217,FM-Full_A-None_AdaBN-F,40,40,40
MAMEM2,ShallowConvNet,1,1,0.248,0.25,0.55833664160401,0.248,0.24,0.569622857142857,FM-Full_A-None_AdaBN-F,40,40,40
MAMEM2,ShallowConvNet,1,2,0.168,0.19,0.5075220050125313,0.176,0.1746666666666666,0.5003374436090225,FM-Full_A-None_AdaBN-F,40,40,40
MAMEM2,ShallowConvNet,1,6,0.2,0.2,0.4900066165413534,0.176,0.1813333333333333,0.4670726817042606,FM-Full_A-None_AdaBN-F,40,40,40
MAMEM2,ShallowConvNet,1,8,0.208,0.2086666666666667,0.5309082706766918,0.208,0.2093333333333333,0.5241537844611529,FM-Full_A-None_AdaBN-F,40,40,40
MAMEM2,ShallowConvNet,1,9,0.192,0.2106666666666666,0.4943611027568922,0.232,0.2299999999999999,0.50132992481203,FM-Full_A-None_AdaBN-F,40,40,40
MAMEM2,ShallowConvNet,2,3,0.192,0.2019999999999999,0.5034562406015037,0.216,0.2146666666666666,0.5134919298245615,FM-Full_A-None_AdaBN-F,40,40,40
MAMEM2,ShallowConvNet,2,4,0.168,0.184,0.4656130325814536,0.216,0.2219999999999999,0.4688866165413533,FM-Full_A-None_AdaBN-F,40,40,40
MAMEM2,ShallowConvNet,2,5,0.256,0.2693333333333333,0.6357960902255639,0.28,0.2946666666666666,0.5726231578947367,FM-Full_A-None_AdaBN-F,40,40,40
MAMEM2,ShallowConvNet,2,7,0.192,0.1933333333333333,0.5048292731829573,0.192,0.1953333333333333,0.517800701754386,FM-Full_A-None_AdaBN-F,40,40,40
MAMEM2,ShallowConvNet,2,10,0.248,0.2546666666666666,0.5538069172932332,0.264,0.2686666666666666,0.5472166416040101,FM-Full_A-None_AdaBN-F,40,40,40
MAMEM2,ATCNet,1,1,0.224,0.2313333333333333,0.5252679699248122,0.208,0.2153333333333333,0.4977784461152882,FM-Full_A-None_AdaBN-F,40,40,40
MAMEM2,ATCNet,1,2,0.184,0.1786666666666666,0.4865994987468672,0.248,0.242,0.5915462656641604,FM-Full_A-None_AdaBN-F,40,40,40
MAMEM2,ATCNet,1,6,0.216,0.2086666666666666,0.5422905263157894,0.216,0.2093333333333333,0.5633146867167919,FM-Full_A-None_AdaBN-F,40,40,40
MAMEM2,ATCNet,1,8,0.128,0.1266666666666666,0.4406251629072682,0.224,0.2206666666666666,0.5482347869674186,FM-Full_A-None_AdaBN-F,40,40,40
MAMEM2,ATCNet,1,9,0.208,0.2053333333333333,0.4737545864661654,0.248,0.238,0.5010153383458646,FM-Full_A-None_AdaBN-F,40,40,40
MAMEM2,ATCNet,2,3,0.184,0.1926666666666666,0.4656870175438596,0.2,0.194,0.4673427568922306,FM-Full_A-None_AdaBN-F,40,40,40
MAMEM2,ATCNet,2,4,0.104,0.112,0.4610576441102757,0.216,0.22,0.5059368421052631,FM-Full_A-None_AdaBN-F,40,40,40
MAMEM2,ATCNet,2,5,0.256,0.2486666666666666,0.5279915789473684,0.192,0.2,0.5199007518796993,FM-Full_A-None_AdaBN-F,40,40,40
MAMEM2,ATCNet,2,7,0.184,0.1886666666666666,0.4956593483709273,0.16,0.1593333333333333,0.5015971929824562,FM-Full_A-None_AdaBN-F,40,40,40
MAMEM2,ATCNet,2,10,0.152,0.164,0.4524314786967418,0.184,0.194,0.4992976441102756,FM-Full_A-None_AdaBN-F,40,40,40
MAMEM2,DeepConvNet,1,1,0.248,0.2453333333333333,0.5564477192982455,0.2,0.2013333333333333,0.5100749874686716,FM-Full_A-None_AdaBN-F,60,60,60
MAMEM2,DeepConvNet,1,2,0.184,0.168,0.4680575438596491,0.216,0.2053333333333333,0.5208818045112782,FM-Full_A-None_AdaBN-F,60,60,60
MAMEM2,DeepConvNet,1,6,0.2,0.2,0.4861986967418546,0.184,0.1953333333333333,0.4811199999999999,FM-Full_A-None_AdaBN-F,60,60,60
MAMEM2,DeepConvNet,1,8,0.192,0.1853333333333333,0.4990319799498747,0.208,0.2179999999999999,0.5088413032581454,FM-Full_A-None_AdaBN-F,60,60,60
MAMEM2,DeepConvNet,1,9,0.216,0.208,0.4791598997493734,0.2,0.184,0.4687839598997493,FM-Full_A-None_AdaBN-F,60,60,60
MAMEM2,DeepConvNet,2,3,0.184,0.1746666666666666,0.4849337343358396,0.16,0.1593333333333333,0.4956701754385965,FM-Full_A-None_AdaBN-F,60,60,60
MAMEM2,DeepConvNet,2,4,0.256,0.2353333333333333,0.4763967919799499,0.168,0.156,0.4872006015037594,FM-Full_A-None_AdaBN-F,60,60,60
MAMEM2,DeepConvNet,2,5,0.208,0.1866666666666666,0.5271268170426066,0.176,0.188,0.5232142355889724,FM-Full_A-None_AdaBN-F,60,60,60
MAMEM2,DeepConvNet,2,7,0.2,0.1893333333333333,0.5067997994987469,0.208,0.2033333333333333,0.5041186967418546,FM-Full_A-None_AdaBN-F,60,60,60
MAMEM2,DeepConvNet,2,10,0.152,0.1426666666666666,0.4694107268170426,0.2,0.2046666666666667,0.4743901754385964,FM-Full_A-None_AdaBN-F,60,60,60
MAMEM2,EEGNetv4,1,1,0.248,0.2533333333333333,0.5375873684210527,0.216,0.2093333333333333,0.5264459147869676,FM-Full_A-None_AdaBN-F,60,60,60
MAMEM2,EEGNetv4,1,2,0.176,0.1706666666666666,0.4703134837092732,0.144,0.1386666666666666,0.4713012531328321,FM-Full_A-None_AdaBN-F,60,60,60
MAMEM2,EEGNetv4,1,6,0.2,0.1913333333333333,0.524321604010025,0.216,0.2193333333333333,0.5394209523809523,FM-Full_A-None_AdaBN-F,60,60,60
MAMEM2,EEGNetv4,1,8,0.216,0.2126666666666666,0.5306572431077694,0.224,0.22,0.5316020050125313,FM-Full_A-None_AdaBN-F,60,60,60
MAMEM2,EEGNetv4,1,9,0.152,0.1426666666666666,0.4415937844611529,0.176,0.1686666666666667,0.4421622055137845,FM-Full_A-None_AdaBN-F,60,60,60
MAMEM2,EEGNetv4,2,3,0.224,0.2193333333333333,0.4886780952380952,0.232,0.2186666666666666,0.4869140852130325,FM-Full_A-None_AdaBN-F,60,60,60
MAMEM2,EEGNetv4,2,4,0.176,0.176,0.5079390476190476,0.168,0.1573333333333333,0.4977956892230576,FM-Full_A-None_AdaBN-F,60,60,60
MAMEM2,EEGNetv4,2,5,0.144,0.142,0.4899210025062656,0.136,0.1386666666666666,0.487020350877193,FM-Full_A-None_AdaBN-F,60,60,60
MAMEM2,EEGNetv4,2,7,0.2,0.198,0.5036613533834586,0.184,0.176,0.4820214536340853,FM-Full_A-None_AdaBN-F,60,60,60
MAMEM2,EEGNetv4,2,10,0.208,0.2093333333333333,0.5286963408521304,0.216,0.2153333333333333,0.5055306265664161,FM-Full_A-None_AdaBN-F,60,60,60
MAMEM2,ATCNet,1,1,0.144,0.148,0.5047091729323309,0.208,0.2053333333333333,0.5017828571428571,FM-Full_A-None_AdaBN-F,60,60,60
MAMEM2,ATCNet,1,2,0.144,0.1366666666666666,0.4427651127819548,0.256,0.2433333333333333,0.5443488721804511,FM-Full_A-None_AdaBN-F,60,60,60
MAMEM2,ATCNet,1,6,0.176,0.1733333333333333,0.5051983959899748,0.16,0.1573333333333333,0.5090694736842105,FM-Full_A-None_AdaBN-F,60,60,60
MAMEM2,ATCNet,1,8,0.24,0.2299999999999999,0.5151097744360902,0.248,0.244,0.5286440100250627,FM-Full_A-None_AdaBN-F,60,60,60
MAMEM2,ATCNet,1,9,0.176,0.1706666666666666,0.4990025062656641,0.208,0.1986666666666666,0.4873062656641603,FM-Full_A-None_AdaBN-F,60,60,60
MAMEM2,ATCNet,2,3,0.2,0.1913333333333333,0.5100114285714286,0.176,0.1613333333333333,0.4860164411027569,FM-Full_A-None_AdaBN-F,60,60,60
MAMEM2,ATCNet,2,4,0.184,0.1813333333333333,0.4632908270676692,0.24,0.238,0.5097186967418545,FM-Full_A-None_AdaBN-F,60,60,60
MAMEM2,ATCNet,2,5,0.2,0.2,0.5729880701754386,0.232,0.238,0.5425864661654136,FM-Full_A-None_AdaBN-F,60,60,60
MAMEM2,ATCNet,2,7,0.272,0.2586666666666666,0.5300076190476191,0.248,0.2366666666666666,0.5435089724310777,FM-Full_A-None_AdaBN-F,60,60,60
MAMEM2,ATCNet,2,10,0.192,0.1926666666666666,0.4987512781954887,0.208,0.2086666666666667,0.4999077694235589,FM-Full_A-None_AdaBN-F,60,60,60
MAMEM2,ShallowConvNet,1,1,0.24,0.2,0.5222249624060151,0.248,0.232,0.5614379949874687,FM-Full_A-None_AdaBN-F,60,60,60
MAMEM2,ShallowConvNet,1,2,0.224,0.1866666666666666,0.5017852631578947,0.176,0.1726666666666666,0.4671534837092731,FM-Full_A-None_AdaBN-F,60,60,60
MAMEM2,ShallowConvNet,1,6,0.24,0.2,0.4914658646616542,0.216,0.2166666666666667,0.5073148872180451,FM-Full_A-None_AdaBN-F,60,60,60
MAMEM2,ShallowConvNet,1,8,0.256,0.2193333333333333,0.5700040100250627,0.232,0.2259999999999999,0.5452094235588973,FM-Full_A-None_AdaBN-F,60,60,60
MAMEM2,ShallowConvNet,1,9,0.184,0.1706666666666666,0.4574281704260651,0.208,0.2053333333333333,0.4666754887218045,FM-Full_A-None_AdaBN-F,60,60,60
MAMEM2,ShallowConvNet,2,3,0.16,0.166,0.4884771929824561,0.152,0.1466666666666666,0.46896,FM-Full_A-None_AdaBN-F,60,60,60
MAMEM2,ShallowConvNet,2,4,0.2,0.2126666666666667,0.4802191478696741,0.16,0.168,0.4573303258145363,FM-Full_A-None_AdaBN-F,60,60,60
MAMEM2,ShallowConvNet,2,5,0.248,0.2233333333333333,0.5899376441102756,0.2,0.19,0.527107969924812,FM-Full_A-None_AdaBN-F,60,60,60
MAMEM2,ShallowConvNet,2,7,0.184,0.192,0.4906879197994988,0.264,0.264,0.5242889223057643,FM-Full_A-None_AdaBN-F,60,60,60
MAMEM2,ShallowConvNet,2,10,0.248,0.2313333333333333,0.5351047619047619,0.24,0.2293333333333333,0.5452318796992481,FM-Full_A-None_AdaBN-F,60,60,60
MAMEM2,ATCNet,1,1,0.216,0.218,0.5023709273182957,0.208,0.2073333333333333,0.5142510275689223,FM-Full_A-None_AdaBN-F,80,80,80
MAMEM2,ATCNet,1,2,0.144,0.1366666666666666,0.4103757393483709,0.216,0.2066666666666667,0.4995354385964912,FM-Full_A-None_AdaBN-F,80,80,80
MAMEM2,ATCNet,1,6,0.168,0.1679999999999999,0.4844924310776942,0.224,0.2133333333333333,0.5160423057644111,FM-Full_A-None_AdaBN-F,80,80,80
MAMEM2,ATCNet,1,8,0.2,0.1953333333333333,0.516792380952381,0.344,0.3339999999999999,0.5645656140350878,FM-Full_A-None_AdaBN-F,80,80,80
MAMEM2,ATCNet,1,9,0.224,0.2179999999999999,0.4768601503759398,0.224,0.2159999999999999,0.4754063157894738,FM-Full_A-None_AdaBN-F,80,80,80
MAMEM2,ATCNet,2,3,0.168,0.168,0.4592806015037594,0.192,0.18,0.4899929824561403,FM-Full_A-None_AdaBN-F,80,80,80
MAMEM2,ATCNet,2,4,0.208,0.216,0.5341170927318296,0.216,0.2173333333333333,0.5157395488721803,FM-Full_A-None_AdaBN-F,80,80,80
MAMEM2,ATCNet,2,5,0.2,0.2186666666666666,0.5136691729323308,0.2,0.2339999999999999,0.547751177944862,FM-Full_A-None_AdaBN-F,80,80,80
MAMEM2,ATCNet,2,7,0.224,0.214,0.5102540350877194,0.224,0.2246666666666666,0.5195717293233083,FM-Full_A-None_AdaBN-F,80,80,80
MAMEM2,ATCNet,2,10,0.168,0.1726666666666667,0.4885257142857142,0.208,0.2113333333333333,0.5187131829573934,FM-Full_A-None_AdaBN-F,80,80,80
MAMEM2,DeepConvNet,1,1,0.256,0.2553333333333333,0.5061994987468671,0.264,0.2593333333333333,0.5308330827067669,FM-Full_A-None_AdaBN-F,80,80,80
MAMEM2,DeepConvNet,1,2,0.168,0.1653333333333333,0.4872308771929825,0.256,0.2513333333333333,0.5190895238095237,FM-Full_A-None_AdaBN-F,80,80,80
MAMEM2,DeepConvNet,1,6,0.192,0.19,0.4420234586466165,0.168,0.1726666666666666,0.4549704260651628,FM-Full_A-None_AdaBN-F,80,80,80
MAMEM2,DeepConvNet,1,8,0.216,0.2146666666666666,0.4880942355889724,0.208,0.214,0.512439298245614,FM-Full_A-None_AdaBN-F,80,80,80
MAMEM2,DeepConvNet,1,9,0.184,0.1786666666666666,0.4566488220551378,0.16,0.1526666666666666,0.4427749373433584,FM-Full_A-None_AdaBN-F,80,80,80
MAMEM2,DeepConvNet,2,3,0.24,0.2,0.492078596491228,0.216,0.2013333333333333,0.4893632080200502,FM-Full_A-None_AdaBN-F,80,80,80
MAMEM2,DeepConvNet,2,4,0.24,0.2,0.5334658646616541,0.2,0.1846666666666666,0.4840324812030075,FM-Full_A-None_AdaBN-F,80,80,80
MAMEM2,DeepConvNet,2,5,0.24,0.2,0.4781740350877193,0.192,0.2053333333333333,0.4929864661654135,FM-Full_A-None_AdaBN-F,80,80,80
MAMEM2,DeepConvNet,2,7,0.216,0.18,0.5140677694235588,0.2,0.1926666666666666,0.537382456140351,FM-Full_A-None_AdaBN-F,80,80,80
MAMEM2,DeepConvNet,2,10,0.216,0.184,0.4465587969924812,0.176,0.1693333333333333,0.48334656641604,FM-Full_A-None_AdaBN-F,80,80,80
MAMEM2,ShallowConvNet,1,1,0.264,0.238,0.5783584962406014,0.264,0.2613333333333333,0.5659601002506266,FM-Full_A-None_AdaBN-F,80,80,80
MAMEM2,ShallowConvNet,1,2,0.24,0.24,0.5489724310776942,0.264,0.2613333333333333,0.5582448120300751,FM-Full_A-None_AdaBN-F,80,80,80
MAMEM2,ShallowConvNet,1,6,0.192,0.1673333333333333,0.4919147869674186,0.184,0.1826666666666666,0.5122067167919799,FM-Full_A-None_AdaBN-F,80,80,80
MAMEM2,ShallowConvNet,1,8,0.224,0.198,0.5353920802005012,0.232,0.2253333333333333,0.5495472681704261,FM-Full_A-None_AdaBN-F,80,80,80
MAMEM2,ShallowConvNet,1,9,0.16,0.164,0.4571314285714285,0.168,0.164,0.4643847619047619,FM-Full_A-None_AdaBN-F,80,80,80
MAMEM2,ShallowConvNet,2,3,0.224,0.2306666666666666,0.5319045614035087,0.208,0.2086666666666667,0.5022275689223058,FM-Full_A-None_AdaBN-F,80,80,80
MAMEM2,ShallowConvNet,2,4,0.184,0.1966666666666666,0.4833523809523809,0.216,0.2259999999999999,0.5135801503759398,FM-Full_A-None_AdaBN-F,80,80,80
MAMEM2,ShallowConvNet,2,5,0.24,0.24,0.4956108270676691,0.2,0.1973333333333333,0.5062794987468672,FM-Full_A-None_AdaBN-F,80,80,80
MAMEM2,ShallowConvNet,2,7,0.168,0.1726666666666666,0.4727470676691728,0.192,0.1906666666666666,0.476330626566416,FM-Full_A-None_AdaBN-F,80,80,80
MAMEM2,ShallowConvNet,2,10,0.224,0.214,0.5097443609022557,0.2,0.1953333333333333,0.5570572431077694,FM-Full_A-None_AdaBN-F,80,80,80
MAMEM2,EEGNetv4,1,1,0.184,0.184,0.4922301754385965,0.176,0.17,0.5036152380952382,FM-Full_A-None_AdaBN-F,80,80,80
MAMEM2,EEGNetv4,1,2,0.168,0.1586666666666666,0.4850147368421053,0.192,0.18,0.4507941854636591,FM-Full_A-None_AdaBN-F,80,80,80
MAMEM2,EEGNetv4,1,6,0.232,0.2193333333333333,0.462837694235589,0.232,0.2266666666666666,0.5214945363408521,FM-Full_A-None_AdaBN-F,80,80,80
MAMEM2,EEGNetv4,1,8,0.224,0.2226666666666666,0.538652030075188,0.24,0.2346666666666667,0.5205543859649122,FM-Full_A-None_AdaBN-F,80,80,80
MAMEM2,EEGNetv4,1,9,0.2,0.1986666666666666,0.4847919799498747,0.176,0.1673333333333333,0.4622283709273183,FM-Full_A-None_AdaBN-F,80,80,80
MAMEM2,EEGNetv4,2,3,0.256,0.244,0.50212671679198,0.272,0.2586666666666667,0.5166031077694235,FM-Full_A-None_AdaBN-F,80,80,80
MAMEM2,EEGNetv4,2,4,0.216,0.2066666666666667,0.4970271679197995,0.208,0.1953333333333333,0.4916362907268171,FM-Full_A-None_AdaBN-F,80,80,80
MAMEM2,EEGNetv4,2,5,0.184,0.1766666666666666,0.4664916290726816,0.216,0.2093333333333333,0.4966013032581454,FM-Full_A-None_AdaBN-F,80,80,80
MAMEM2,EEGNetv4,2,7,0.224,0.2193333333333333,0.5141124812030075,0.208,0.1993333333333333,0.4706444110275688,FM-Full_A-None_AdaBN-F,80,80,80
MAMEM2,EEGNetv4,2,10,0.232,0.228,0.5375015538847118,0.192,0.19,0.5188196491228071,FM-Full_A-None_AdaBN-F,80,80,80
Yang2025,EEGNetv4,1,4,0.6016666666666667,0.6016666666666667,0.6388111111111111,0.5483333333333333,0.5483333333333333,0.5739333333333333,FM-Full_A-None_AdaBN-F,50,50,50
Yang2025,EEGNetv4,1,5,0.83,0.83,0.9147388888888888,0.87,0.87,0.9325222222222224,FM-Full_A-None_AdaBN-F,50,50,50
Yang2025,EEGNetv4,1,7,0.7216666666666667,0.7216666666666667,0.7875777777777779,0.7783333333333333,0.7783333333333333,0.8636166666666666,FM-Full_A-None_AdaBN-F,50,50,50
Yang2025,EEGNetv4,1,9,0.7033333333333334,0.7033333333333334,0.7660777777777777,0.68,0.6799999999999999,0.7623666666666667,FM-Full_A-None_AdaBN-F,50,50,50
Yang2025,EEGNetv4,1,10,0.7683333333333333,0.7683333333333333,0.8368111111111113,0.8116666666666666,0.8116666666666668,0.9079555555555556,FM-Full_A-None_AdaBN-F,50,50,50
Yang2025,EEGNetv4,1,13,0.7316666666666667,0.7316666666666667,0.8007333333333333,0.78,0.78,0.8658333333333332,FM-Full_A-None_AdaBN-F,50,50,50
Yang2025,EEGNetv4,1,14,0.5433333333333333,0.5433333333333333,0.5826611111111112,0.5566666666666666,0.5566666666666666,0.5924,FM-Full_A-None_AdaBN-F,50,50,50
Yang2025,EEGNetv4,1,16,0.5766666666666667,0.5766666666666667,0.6088111111111111,0.6033333333333334,0.6033333333333333,0.6352444444444444,FM-Full_A-None_AdaBN-F,50,50,50
Yang2025,EEGNetv4,1,17,0.78,0.78,0.8507,0.7933333333333333,0.7933333333333333,0.8868777777777777,FM-Full_A-None_AdaBN-F,50,50,50
Yang2025,EEGNetv4,1,18,0.63,0.63,0.6646222222222222,0.6816666666666666,0.6816666666666666,0.7255,FM-Full_A-None_AdaBN-F,50,50,50
Yang2025,EEGNetv4,1,20,0.7483333333333333,0.7483333333333333,0.8250222222222221,0.895,0.895,0.9587944444444444,FM-Full_A-None_AdaBN-F,50,50,50
Yang2025,EEGNetv4,1,25,0.91,0.91,0.9533777777777778,0.9383333333333334,0.9383333333333332,0.9828444444444444,FM-Full_A-None_AdaBN-F,50,50,50
Yang2025,EEGNetv4,1,26,0.7562604340567612,0.7562653288740245,0.8278874024526199,0.8948247078464107,0.8948216276477146,0.93314381270903,FM-Full_A-None_AdaBN-F,50,50,50
Yang2025,EEGNetv4,1,27,0.5966666666666667,0.5966666666666667,0.6183944444444445,0.7083333333333334,0.7083333333333333,0.7686555555555556,FM-Full_A-None_AdaBN-F,50,50,50
Yang2025,EEGNetv4,1,31,0.6966666666666667,0.6966666666666667,0.7688777777777778,0.7966666666666666,0.7966666666666666,0.8659722222222221,FM-Full_A-None_AdaBN-F,50,50,50
Yang2025,EEGNetv4,1,32,0.4924874791318864,0.4925696767001115,0.5313043478260869,0.5659432387312187,0.565958751393534,0.5887625418060201,FM-Full_A-None_AdaBN-F,50,50,50
Yang2025,EEGNetv4,1,33,0.8983333333333333,0.8983333333333334,0.9643333333333332,0.9383333333333334,0.9383333333333334,0.9876666666666668,FM-Full_A-None_AdaBN-F,50,50,50
Yang2025,EEGNetv4,1,34,0.5983333333333334,0.5983333333333334,0.6372666666666666,0.7733333333333333,0.7733333333333333,0.8397111111111112,FM-Full_A-None_AdaBN-F,50,50,50
Yang2025,EEGNetv4,1,37,0.8,0.8,0.8820444444444444,0.92,0.92,0.9622666666666666,FM-Full_A-None_AdaBN-F,50,50,50
Yang2025,EEGNetv4,1,41,0.8133333333333334,0.8133333333333332,0.8972111111111112,0.8666666666666667,0.8666666666666667,0.9383777777777778,FM-Full_A-None_AdaBN-F,50,50,50
Yang2025,EEGNetv4,1,44,0.6866666666666666,0.6866666666666666,0.7617111111111111,0.705,0.7050000000000001,0.7801555555555556,FM-Full_A-None_AdaBN-F,50,50,50
Yang2025,EEGNetv4,1,45,0.8466666666666667,0.8466666666666667,0.9164444444444444,0.8766666666666667,0.8766666666666667,0.9373,FM-Full_A-None_AdaBN-F,50,50,50
Yang2025,EEGNetv4,1,47,0.8716666666666667,0.8716666666666666,0.9415777777777778,0.91,0.91,0.9753222222222222,FM-Full_A-None_AdaBN-F,50,50,50
Yang2025,EEGNetv4,1,48,0.82,0.8200000000000001,0.9107277777777776,0.8633333333333333,0.8633333333333333,0.9395555555555556,FM-Full_A-None_AdaBN-F,50,50,50
Yang2025,EEGNetv4,1,49,0.875,0.875,0.9482,0.9466666666666668,0.9466666666666668,0.9832888888888888,FM-Full_A-None_AdaBN-F,50,50,50
Yang2025,EEGNetv4,1,50,0.9083333333333332,0.9083333333333332,0.9702,0.95,0.95,0.9850333333333332,FM-Full_A-None_AdaBN-F,50,50,50
Yang2025,EEGNetv4,2,1,0.895,0.895,0.9692222222222222,0.9416666666666668,0.9416666666666668,0.9849833333333332,FM-Full_A-None_AdaBN-F,50,50,50
Yang2025,EEGNetv4,2,2,0.6566666666666666,0.6566666666666666,0.6979000000000001,0.63,0.63,0.6799000000000001,FM-Full_A-None_AdaBN-F,50,50,50
Yang2025,EEGNetv4,2,3,0.8983333333333333,0.8983333333333334,0.9584388888888888,0.9333333333333332,0.9333333333333332,0.9757833333333332,FM-Full_A-None_AdaBN-F,50,50,50
Yang2025,EEGNetv4,2,6,0.8966666666666666,0.8966666666666667,0.9370944444444445,0.9516666666666668,0.9516666666666668,0.9858388888888888,FM-Full_A-None_AdaBN-F,50,50,50
Yang2025,EEGNetv4,2,8,0.875,0.875,0.9334833333333332,0.905,0.905,0.9638277777777776,FM-Full_A-None_AdaBN-F,50,50,50
Yang2025,EEGNetv4,2,11,0.855,0.855,0.927377777777778,0.9,0.9,0.9613166666666666,FM-Full_A-None_AdaBN-F,50,50,50
Yang2025,EEGNetv4,2,12,0.6,0.6,0.6306444444444445,0.585,0.585,0.6172888888888889,FM-Full_A-None_AdaBN-F,50,50,50
Yang2025,EEGNetv4,2,15,0.7466666666666667,0.7466666666666666,0.7957666666666666,0.7583333333333333,0.7583333333333333,0.8420166666666666,FM-Full_A-None_AdaBN-F,50,50,50
Yang2025,EEGNetv4,2,19,0.8216666666666667,0.8216666666666668,0.8911833333333333,0.8433333333333334,0.8433333333333333,0.9203777777777776,FM-Full_A-None_AdaBN-F,50,50,50
Yang2025,EEGNetv4,2,21,0.7966666666666666,0.7966666666666666,0.8867888888888888,0.8683333333333333,0.8683333333333333,0.9370777777777776,FM-Full_A-None_AdaBN-F,50,50,50
Yang2025,EEGNetv4,2,22,0.6716666666666666,0.6716666666666666,0.7357888888888889,0.8116666666666666,0.8116666666666666,0.8953055555555556,FM-Full_A-None_AdaBN-F,50,50,50
Yang2025,EEGNetv4,2,23,0.8931552587646077,0.8931884057971013,0.953411371237458,0.9348914858096828,0.9348996655518396,0.9803734671125977,FM-Full_A-None_AdaBN-F,50,50,50
Yang2025,EEGNetv4,2,24,0.8922558922558923,0.8924247233810991,0.971272446943588,0.9612794612794612,0.9612960275711954,0.9932999274442228,FM-Full_A-None_AdaBN-F,50,50,50
Yang2025,EEGNetv4,2,28,0.7933333333333333,0.7933333333333333,0.8977944444444446,0.86,0.86,0.9407,FM-Full_A-None_AdaBN-F,50,50,50
Yang2025,EEGNetv4,2,29,0.7216666666666667,0.7216666666666667,0.7859055555555556,0.8216666666666667,0.8216666666666668,0.8962333333333333,FM-Full_A-None_AdaBN-F,50,50,50
Yang2025,EEGNetv4,2,30,0.8516666666666667,0.8516666666666667,0.904388888888889,0.79,0.79,0.9485555555555556,FM-Full_A-None_AdaBN-F,50,50,50
Yang2025,EEGNetv4,2,35,0.9233333333333332,0.9233333333333332,0.9785666666666668,0.955,0.955,0.9872333333333334,FM-Full_A-None_AdaBN-F,50,50,50
Yang2025,EEGNetv4,2,36,0.905,0.905,0.9680333333333332,0.9233333333333332,0.9233333333333332,0.9773333333333332,FM-Full_A-None_AdaBN-F,50,50,50
Yang2025,EEGNetv4,2,38,0.6016666666666667,0.6016666666666666,0.6323666666666666,0.6783333333333333,0.6783333333333333,0.7375388888888889,FM-Full_A-None_AdaBN-F,50,50,50
Yang2025,EEGNetv4,2,39,0.6966666666666667,0.6966666666666668,0.7768666666666666,0.75,0.75,0.8235666666666666,FM-Full_A-None_AdaBN-F,50,50,50
Yang2025,EEGNetv4,2,40,0.7633333333333333,0.7633333333333333,0.8673666666666667,0.8166666666666667,0.8166666666666667,0.9154222222222222,FM-Full_A-None_AdaBN-F,50,50,50
Yang2025,EEGNetv4,2,42,0.7533333333333333,0.7533333333333334,0.8340277777777777,0.7916666666666666,0.7916666666666666,0.8536166666666666,FM-Full_A-None_AdaBN-F,50,50,50
Yang2025,EEGNetv4,2,43,0.9466666666666668,0.9466666666666668,0.9966111111111112,0.99,0.99,0.9994,FM-Full_A-None_AdaBN-F,50,50,50
Yang2025,EEGNetv4,2,46,0.94,0.94,0.9913666666666668,0.9916666666666668,0.9916666666666668,0.9982444444444444,FM-Full_A-None_AdaBN-F,50,50,50
Yang2025,EEGNetv4,2,51,0.8283333333333334,0.8283333333333334,0.9218,0.885,0.885,0.95365,FM-Full_A-None_AdaBN-F,50,50,50
Yang2025,ShallowConvNet,1,4,0.5483333333333333,0.5483333333333333,0.5786,0.5366666666666666,0.5366666666666666,0.5515333333333333,FM-Full_A-None_AdaBN-F,50,50,50
Yang2025,ShallowConvNet,1,5,0.7183333333333334,0.7183333333333333,0.8049555555555556,0.8233333333333334,0.8233333333333333,0.9068944444444444,FM-Full_A-None_AdaBN-F,50,50,50
Yang2025,ShallowConvNet,1,7,0.6816666666666666,0.6816666666666666,0.7605333333333333,0.7516666666666667,0.7516666666666667,0.8274166666666666,FM-Full_A-None_AdaBN-F,50,50,50
Yang2025,ShallowConvNet,1,9,0.6283333333333333,0.6283333333333333,0.6499833333333334,0.6316666666666667,0.6316666666666666,0.6785444444444444,FM-Full_A-None_AdaBN-F,50,50,50
Yang2025,ShallowConvNet,1,10,0.6866666666666666,0.6866666666666668,0.7718333333333334,0.7866666666666666,0.7866666666666666,0.8695555555555555,FM-Full_A-None_AdaBN-F,50,50,50
Yang2025,ShallowConvNet,1,13,0.69,0.69,0.7812833333333333,0.72,0.72,0.7901111111111112,FM-Full_A-None_AdaBN-F,50,50,50
Yang2025,ShallowConvNet,1,14,0.5333333333333333,0.5333333333333333,0.5389888888888889,0.5333333333333333,0.5333333333333333,0.5502222222222223,FM-Full_A-None_AdaBN-F,50,50,50
Yang2025,ShallowConvNet,1,16,0.5516666666666666,0.5516666666666666,0.5606555555555555,0.6016666666666667,0.6016666666666667,0.6422444444444444,FM-Full_A-None_AdaBN-F,50,50,50
Yang2025,ShallowConvNet,1,17,0.7166666666666667,0.7166666666666667,0.7773222222222222,0.7433333333333333,0.7433333333333333,0.8175555555555555,FM-Full_A-None_AdaBN-F,50,50,50
Yang2025,ShallowConvNet,1,18,0.5833333333333334,0.5833333333333333,0.6014777777777778,0.6066666666666667,0.6066666666666667,0.6685222222222222,FM-Full_A-None_AdaBN-F,50,50,50
Yang2025,ShallowConvNet,1,20,0.6966666666666667,0.6966666666666667,0.7701555555555556,0.8466666666666667,0.8466666666666667,0.9193555555555556,FM-Full_A-None_AdaBN-F,50,50,50
Yang2025,ShallowConvNet,1,25,0.825,0.825,0.8956,0.9183333333333332,0.9183333333333332,0.9614166666666668,FM-Full_A-None_AdaBN-F,50,50,50
Yang2025,ShallowConvNet,1,26,0.6944908180300501,0.6946209587513936,0.7558305462653289,0.8764607679465777,0.8764492753623188,0.9293032329988852,FM-Full_A-None_AdaBN-F,50,50,50
Yang2025,ShallowConvNet,1,27,0.535,0.535,0.5776555555555556,0.6816666666666666,0.6816666666666666,0.7508777777777778,FM-Full_A-None_AdaBN-F,50,50,50
Yang2025,ShallowConvNet,1,31,0.6066666666666667,0.6066666666666667,0.6588944444444444,0.7233333333333334,0.7233333333333334,0.7891777777777778,FM-Full_A-None_AdaBN-F,50,50,50
Yang2025,ShallowConvNet,1,32,0.5492487479131887,0.5491861761426979,0.5793589743589744,0.5859766277128547,0.5859420289855073,0.6395039018952063,FM-Full_A-None_AdaBN-F,50,50,50
Yang2025,ShallowConvNet,1,33,0.715,0.715,0.7784888888888888,0.8983333333333333,0.8983333333333333,0.95995,FM-Full_A-None_AdaBN-F,50,50,50
Yang2025,ShallowConvNet,1,34,0.5766666666666667,0.5766666666666667,0.5958555555555556,0.78,0.78,0.8530777777777778,FM-Full_A-None_AdaBN-F,50,50,50
Yang2025,ShallowConvNet,1,37,0.6116666666666667,0.6116666666666667,0.6543000000000001,0.805,0.8049999999999999,0.8841722222222221,FM-Full_A-None_AdaBN-F,50,50,50
Yang2025,ShallowConvNet,1,41,0.6616666666666666,0.6616666666666666,0.7510444444444444,0.7833333333333333,0.7833333333333333,0.8687222222222223,FM-Full_A-None_AdaBN-F,50,50,50
Yang2025,ShallowConvNet,1,44,0.6583333333333333,0.6583333333333333,0.7077555555555556,0.6666666666666666,0.6666666666666667,0.7277944444444444,FM-Full_A-None_AdaBN-F,50,50,50
Yang2025,ShallowConvNet,1,45,0.7366666666666667,0.7366666666666667,0.8073888888888889,0.8033333333333333,0.8033333333333333,0.8785444444444445,FM-Full_A-None_AdaBN-F,50,50,50
Yang2025,ShallowConvNet,1,47,0.7666666666666667,0.7666666666666666,0.8567888888888888,0.855,0.855,0.9388,FM-Full_A-None_AdaBN-F,50,50,50
Yang2025,ShallowConvNet,1,48,0.7233333333333334,0.7233333333333334,0.7857666666666667,0.81,0.81,0.8827222222222223,FM-Full_A-None_AdaBN-F,50,50,50
Yang2025,ShallowConvNet,1,49,0.8333333333333334,0.8333333333333334,0.9192444444444444,0.9133333333333332,0.9133333333333332,0.974188888888889,FM-Full_A-None_AdaBN-F,50,50,50
Yang2025,ShallowConvNet,1,50,0.8033333333333333,0.8033333333333333,0.8780333333333333,0.8783333333333333,0.8783333333333333,0.9548777777777778,FM-Full_A-None_AdaBN-F,50,50,50
Yang2025,ShallowConvNet,2,1,0.8066666666666666,0.8066666666666666,0.9212777777777776,0.8866666666666667,0.8866666666666667,0.9485222222222222,FM-Full_A-None_AdaBN-F,50,50,50
Yang2025,ShallowConvNet,2,2,0.615,0.615,0.6670833333333334,0.6183333333333333,0.6183333333333334,0.6691333333333334,FM-Full_A-None_AdaBN-F,50,50,50
Yang2025,ShallowConvNet,2,3,0.865,0.865,0.9394722222222222,0.9366666666666666,0.9366666666666668,0.9816277777777778,FM-Full_A-None_AdaBN-F,50,50,50
Yang2025,ShallowConvNet,2,6,0.865,0.865,0.9407666666666666,0.94,0.94,0.9876833333333334,FM-Full_A-None_AdaBN-F,50,50,50
Yang2025,ShallowConvNet,2,8,0.8483333333333334,0.8483333333333334,0.9282888888888888,0.895,0.895,0.9640777777777776,FM-Full_A-None_AdaBN-F,50,50,50
Yang2025,ShallowConvNet,2,11,0.7833333333333333,0.7833333333333333,0.8516222222222222,0.83,0.83,0.9071111111111112,FM-Full_A-None_AdaBN-F,50,50,50
Yang2025,ShallowConvNet,2,12,0.5816666666666667,0.5816666666666667,0.6267222222222222,0.5766666666666667,0.5766666666666667,0.6244222222222222,FM-Full_A-None_AdaBN-F,50,50,50
Yang2025,ShallowConvNet,2,15,0.6433333333333333,0.6433333333333333,0.7105777777777779,0.72,0.72,0.7892166666666667,FM-Full_A-None_AdaBN-F,50,50,50
Yang2025,ShallowConvNet,2,19,0.7866666666666666,0.7866666666666666,0.8646111111111111,0.835,0.835,0.9142444444444444,FM-Full_A-None_AdaBN-F,50,50,50
Yang2025,ShallowConvNet,2,21,0.7633333333333333,0.7633333333333334,0.8587222222222223,0.8333333333333334,0.8333333333333333,0.912611111111111,FM-Full_A-None_AdaBN-F,50,50,50
Yang2025,ShallowConvNet,2,22,0.69,0.69,0.7403277777777777,0.765,0.765,0.8533333333333335,FM-Full_A-None_AdaBN-F,50,50,50
Yang2025,ShallowConvNet,2,23,0.8580968280467446,0.8580546265328874,0.9261092530657749,0.9181969949916527,0.9181605351170568,0.9780267558528428,FM-Full_A-None_AdaBN-F,50,50,50
Yang2025,ShallowConvNet,2,24,0.7760942760942761,0.7763241429348813,0.8730954108470886,0.9208754208754208,0.9209028659532016,0.9787207509522944,FM-Full_A-None_AdaBN-F,50,50,50
Yang2025,ShallowConvNet,2,28,0.7066666666666667,0.7066666666666667,0.8439222222222222,0.8466666666666667,0.8466666666666667,0.9186111111111112,FM-Full_A-None_AdaBN-F,50,50,50
Yang2025,ShallowConvNet,2,29,0.635,0.635,0.6896444444444445,0.8583333333333333,0.8583333333333334,0.9384222222222224,FM-Full_A-None_AdaBN-F,50,50,50
Yang2025,ShallowConvNet,2,30,0.8483333333333334,0.8483333333333334,0.913811111111111,0.9383333333333334,0.9383333333333332,0.9767666666666668,FM-Full_A-None_AdaBN-F,50,50,50
Yang2025,ShallowConvNet,2,35,0.88,0.88,0.9594,0.94,0.94,0.9852722222222222,FM-Full_A-None_AdaBN-F,50,50,50
Yang2025,ShallowConvNet,2,36,0.8933333333333333,0.8933333333333333,0.9610444444444444,0.9216666666666666,0.9216666666666666,0.9752222222222222,FM-Full_A-None_AdaBN-F,50,50,50
Yang2025,ShallowConvNet,2,38,0.5983333333333334,0.5983333333333334,0.6193444444444445,0.615,0.615,0.6682277777777776,FM-Full_A-None_AdaBN-F,50,50,50
Yang2025,ShallowConvNet,2,39,0.6433333333333333,0.6433333333333333,0.7054,0.6916666666666667,0.6916666666666667,0.7887944444444446,FM-Full_A-None_AdaBN-F,50,50,50
Yang2025,ShallowConvNet,2,40,0.7716666666666666,0.7716666666666667,0.8538222222222223,0.81,0.81,0.8943666666666666,FM-Full_A-None_AdaBN-F,50,50,50
Yang2025,ShallowConvNet,2,42,0.74,0.74,0.822911111111111,0.7633333333333333,0.7633333333333333,0.8456999999999999,FM-Full_A-None_AdaBN-F,50,50,50
Yang2025,ShallowConvNet,2,43,0.9566666666666668,0.9566666666666668,0.9958555555555556,0.9916666666666668,0.9916666666666668,0.9993333333333334,FM-Full_A-None_AdaBN-F,50,50,50
Yang2025,ShallowConvNet,2,46,0.905,0.905,0.972211111111111,0.9783333333333334,0.9783333333333332,0.9981333333333332,FM-Full_A-None_AdaBN-F,50,50,50
Yang2025,ShallowConvNet,2,51,0.7216666666666667,0.7216666666666667,0.8417555555555556,0.8333333333333334,0.8333333333333333,0.906888888888889,FM-Full_A-None_AdaBN-F,50,50,50
Yang2025,ATCNet,1,4,0.52,0.52,0.5343888888888889,0.4916666666666666,0.4916666666666666,0.4813888888888888,FM-Full_A-None_AdaBN-F,50,50,50
Yang2025,ATCNet,1,5,0.6066666666666667,0.6066666666666667,0.6874333333333335,0.7866666666666666,0.7866666666666666,0.8680777777777778,FM-Full_A-None_AdaBN-F,50,50,50
Yang2025,ATCNet,1,7,0.575,0.575,0.5951,0.61,0.61,0.6651555555555556,FM-Full_A-None_AdaBN-F,50,50,50
Yang2025,ATCNet,1,9,0.5516666666666666,0.5516666666666666,0.6037888888888889,0.655,0.655,0.6917555555555557,FM-Full_A-None_AdaBN-F,50,50,50
Yang2025,ATCNet,1,10,0.7033333333333334,0.7033333333333334,0.7693444444444446,0.7183333333333334,0.7183333333333333,0.8149777777777779,FM-Full_A-None_AdaBN-F,50,50,50
Yang2025,ATCNet,1,13,0.6383333333333333,0.6383333333333333,0.6555666666666666,0.5883333333333334,0.5883333333333334,0.6452333333333333,FM-Full_A-None_AdaBN-F,50,50,50
Yang2025,ATCNet,1,14,0.54,0.54,0.5539999999999999,0.5533333333333333,0.5533333333333333,0.5453222222222222,FM-Full_A-None_AdaBN-F,50,50,50
Yang2025,ATCNet,1,16,0.5816666666666667,0.5816666666666667,0.6736111111111112,0.6433333333333333,0.6433333333333333,0.696188888888889,FM-Full_A-None_AdaBN-F,50,50,50
Yang2025,ATCNet,1,17,0.5683333333333334,0.5683333333333334,0.6238333333333332,0.61,0.61,0.6487888888888889,FM-Full_A-None_AdaBN-F,50,50,50
Yang2025,ATCNet,1,18,0.6283333333333333,0.6283333333333334,0.6895111111111111,0.6483333333333333,0.6483333333333333,0.6934777777777777,FM-Full_A-None_AdaBN-F,50,50,50
Yang2025,ATCNet,1,20,0.55,0.55,0.5692555555555556,0.6266666666666667,0.6266666666666667,0.6717666666666666,FM-Full_A-None_AdaBN-F,50,50,50
Yang2025,ATCNet,1,25,0.685,0.685,0.7565444444444445,0.7833333333333333,0.7833333333333333,0.8650444444444444,FM-Full_A-None_AdaBN-F,50,50,50
Yang2025,ATCNet,1,26,0.5659432387312187,0.5660089186176143,0.6264548494983277,0.7879799666110183,0.7879152731326644,0.8790301003344482,FM-Full_A-None_AdaBN-F,50,50,50
Yang2025,ATCNet,1,27,0.5616666666666666,0.5616666666666666,0.5899111111111112,0.735,0.735,0.8150111111111111,FM-Full_A-None_AdaBN-F,50,50,50
Yang2025,ATCNet,1,31,0.66,0.66,0.7412333333333332,0.7266666666666667,0.7266666666666667,0.8089222222222223,FM-Full_A-None_AdaBN-F,50,50,50
Yang2025,ATCNet,1,32,0.6494156928213689,0.6492976588628763,0.6952173913043478,0.7295492487479132,0.72958751393534,0.7993534002229653,FM-Full_A-None_AdaBN-F,50,50,50
Yang2025,ATCNet,1,33,0.79,0.79,0.8615000000000002,0.925,0.925,0.9802777777777778,FM-Full_A-None_AdaBN-F,50,50,50
Yang2025,ATCNet,1,34,0.4433333333333333,0.4433333333333333,0.4059222222222222,0.8333333333333334,0.8333333333333333,0.924711111111111,FM-Full_A-None_AdaBN-F,50,50,50
Yang2025,ATCNet,1,37,0.7266666666666667,0.7266666666666667,0.7983,0.7316666666666667,0.7316666666666667,0.8183,FM-Full_A-None_AdaBN-F,50,50,50
Yang2025,ATCNet,1,41,0.7066666666666667,0.7066666666666668,0.8102333333333334,0.84,0.8400000000000001,0.9238,FM-Full_A-None_AdaBN-F,50,50,50
Yang2025,ATCNet,1,44,0.555,0.555,0.5854555555555556,0.5783333333333334,0.5783333333333334,0.6126666666666667,FM-Full_A-None_AdaBN-F,50,50,50
Yang2025,ATCNet,1,45,0.6316666666666667,0.6316666666666666,0.6965000000000001,0.6483333333333333,0.6483333333333334,0.7144555555555555,FM-Full_A-None_AdaBN-F,50,50,50
Yang2025,ATCNet,1,47,0.6833333333333333,0.6833333333333333,0.7589333333333333,0.7366666666666667,0.7366666666666667,0.8257555555555556,FM-Full_A-None_AdaBN-F,50,50,50
Yang2025,ATCNet,1,48,0.6883333333333334,0.6883333333333332,0.7798444444444443,0.725,0.725,0.7984111111111112,FM-Full_A-None_AdaBN-F,50,50,50
Yang2025,ATCNet,1,49,0.7833333333333333,0.7833333333333333,0.8734000000000001,0.865,0.865,0.9373555555555556,FM-Full_A-None_AdaBN-F,50,50,50
Yang2025,ATCNet,1,50,0.6866666666666666,0.6866666666666666,0.7693333333333332,0.76,0.76,0.8439777777777776,FM-Full_A-None_AdaBN-F,50,50,50
Yang2025,ATCNet,2,1,0.6816666666666666,0.6816666666666666,0.7781111111111111,0.7983333333333333,0.7983333333333333,0.8798222222222223,FM-Full_A-None_AdaBN-F,50,50,50
Yang2025,ATCNet,2,2,0.54,0.54,0.5730666666666666,0.5116666666666667,0.5116666666666667,0.5450333333333333,FM-Full_A-None_AdaBN-F,50,50,50
Yang2025,ATCNet,2,3,0.6966666666666667,0.6966666666666667,0.7595777777777777,0.8516666666666667,0.8516666666666667,0.9178,FM-Full_A-None_AdaBN-F,50,50,50
Yang2025,ATCNet,2,6,0.7333333333333333,0.7333333333333334,0.8046333333333333,0.8666666666666667,0.8666666666666667,0.9418888888888888,FM-Full_A-None_AdaBN-F,50,50,50
Yang2025,ATCNet,2,8,0.67,0.6699999999999999,0.7225555555555555,0.7866666666666666,0.7866666666666666,0.823088888888889,FM-Full_A-None_AdaBN-F,50,50,50
Yang2025,ATCNet,2,11,0.65,0.65,0.7345222222222223,0.74,0.74,0.8340666666666667,FM-Full_A-None_AdaBN-F,50,50,50
Yang2025,ATCNet,2,12,0.515,0.515,0.5382,0.53,0.53,0.5178555555555556,FM-Full_A-None_AdaBN-F,50,50,50
Yang2025,ATCNet,2,15,0.5783333333333334,0.5783333333333334,0.6264,0.6433333333333333,0.6433333333333333,0.6590666666666666,FM-Full_A-None_AdaBN-F,50,50,50
Yang2025,ATCNet,2,19,0.6333333333333333,0.6333333333333333,0.6636444444444445,0.745,0.745,0.8342555555555555,FM-Full_A-None_AdaBN-F,50,50,50
Yang2025,ATCNet,2,21,0.6533333333333333,0.6533333333333333,0.6985,0.75,0.75,0.7891555555555555,FM-Full_A-None_AdaBN-F,50,50,50
Yang2025,ATCNet,2,22,0.5966666666666667,0.5966666666666667,0.6296555555555555,0.7133333333333334,0.7133333333333334,0.7730666666666667,FM-Full_A-None_AdaBN-F,50,50,50
Yang2025,ATCNet,2,23,0.6944908180300501,0.6943255295429209,0.7398773690078038,0.8230383973288815,0.823076923076923,0.900613154960981,FM-Full_A-None_AdaBN-F,50,50,50
Yang2025,ATCNet,2,24,0.6515151515151515,0.6513921639760566,0.7173045528750227,0.8451178451178452,0.8449800471612552,0.9379648104480318,FM-Full_A-None_AdaBN-F,50,50,50
Yang2025,ATCNet,2,28,0.645,0.645,0.6842777777777778,0.7916666666666666,0.7916666666666667,0.8570777777777778,FM-Full_A-None_AdaBN-F,50,50,50
Yang2025,ATCNet,2,29,0.6883333333333334,0.6883333333333334,0.8473999999999999,0.945,0.945,0.9888888888888888,FM-Full_A-None_AdaBN-F,50,50,50
Yang2025,ATCNet,2,30,0.6216666666666667,0.6216666666666667,0.6730111111111111,0.6766666666666666,0.6766666666666666,0.6509888888888888,FM-Full_A-None_AdaBN-F,50,50,50
Yang2025,ATCNet,2,35,0.59,0.59,0.6281444444444444,0.6516666666666666,0.6516666666666666,0.7137222222222223,FM-Full_A-None_AdaBN-F,50,50,50
Yang2025,ATCNet,2,36,0.64,0.64,0.725388888888889,0.715,0.715,0.7913666666666668,FM-Full_A-None_AdaBN-F,50,50,50
Yang2025,ATCNet,2,38,0.5533333333333333,0.5533333333333333,0.5770555555555555,0.56,0.56,0.5788888888888889,FM-Full_A-None_AdaBN-F,50,50,50
Yang2025,ATCNet,2,39,0.6583333333333333,0.6583333333333334,0.6945444444444445,0.75,0.75,0.8311,FM-Full_A-None_AdaBN-F,50,50,50
Yang2025,ATCNet,2,40,0.6333333333333333,0.6333333333333333,0.6714444444444444,0.685,0.685,0.7507888888888888,FM-Full_A-None_AdaBN-F,50,50,50
Yang2025,ATCNet,2,42,0.5766666666666667,0.5766666666666667,0.6439111111111111,0.5783333333333334,0.5783333333333334,0.614311111111111,FM-Full_A-None_AdaBN-F,50,50,50
Yang2025,ATCNet,2,43,0.6566666666666666,0.6566666666666666,0.717011111111111,0.7816666666666666,0.7816666666666666,0.8526555555555555,FM-Full_A-None_AdaBN-F,50,50,50
Yang2025,ATCNet,2,46,0.61,0.61,0.6975222222222223,0.79,0.79,0.871011111111111,FM-Full_A-None_AdaBN-F,50,50,50
Yang2025,ATCNet,2,51,0.6533333333333333,0.6533333333333333,0.6933555555555556,0.715,0.7150000000000001,0.7954111111111112,FM-Full_A-None_AdaBN-F,50,50,50
Yang2025,DeepConvNet,1,4,0.5933333333333334,0.5933333333333334,0.6368333333333333,0.5633333333333334,0.5633333333333332,0.5790500000000001,FM-Full_A-None_AdaBN-F,50,50,50
Yang2025,DeepConvNet,1,5,0.8516666666666667,0.8516666666666667,0.9360666666666666,0.885,0.885,0.9427666666666666,FM-Full_A-None_AdaBN-F,50,50,50
Yang2025,DeepConvNet,1,7,0.755,0.7549999999999999,0.8380333333333335,0.7616666666666667,0.7616666666666667,0.8773833333333333,FM-Full_A-None_AdaBN-F,50,50,50
Yang2025,DeepConvNet,1,9,0.6916666666666667,0.6916666666666667,0.7846333333333333,0.6866666666666666,0.6866666666666666,0.7763277777777778,FM-Full_A-None_AdaBN-F,50,50,50
Yang2025,DeepConvNet,1,10,0.82,0.8200000000000001,0.8908666666666667,0.8366666666666667,0.8366666666666667,0.9278,FM-Full_A-None_AdaBN-F,50,50,50
Yang2025,DeepConvNet,1,13,0.74,0.74,0.8076666666666666,0.8116666666666666,0.8116666666666666,0.8837277777777778,FM-Full_A-None_AdaBN-F,50,50,50
Yang2025,DeepConvNet,1,14,0.575,0.575,0.6225222222222222,0.5766666666666667,0.5766666666666667,0.5986111111111111,FM-Full_A-None_AdaBN-F,50,50,50
Yang2025,DeepConvNet,1,16,0.5683333333333334,0.5683333333333334,0.5972,0.555,0.555,0.6268444444444443,FM-Full_A-None_AdaBN-F,50,50,50
Yang2025,DeepConvNet,1,17,0.785,0.785,0.8858555555555555,0.815,0.815,0.9019833333333332,FM-Full_A-None_AdaBN-F,50,50,50
Yang2025,DeepConvNet,1,18,0.6416666666666667,0.6416666666666666,0.6792388888888888,0.6483333333333333,0.6483333333333333,0.7317777777777777,FM-Full_A-None_AdaBN-F,50,50,50
Yang2025,DeepConvNet,1,20,0.745,0.745,0.8403222222222222,0.925,0.925,0.9768444444444444,FM-Full_A-None_AdaBN-F,50,50,50
Yang2025,DeepConvNet,1,25,0.9066666666666666,0.9066666666666668,0.9571111111111112,0.9583333333333334,0.9583333333333331,0.9899055555555556,FM-Full_A-None_AdaBN-F,50,50,50
Yang2025,DeepConvNet,1,26,0.7479131886477463,0.748015607580825,0.8455629877369008,0.8998330550918197,0.8999331103678929,0.9664548494983278,FM-Full_A-None_AdaBN-F,50,50,50
Yang2025,DeepConvNet,1,27,0.575,0.575,0.6113444444444445,0.69,0.69,0.7618444444444444,FM-Full_A-None_AdaBN-F,50,50,50
Yang2025,DeepConvNet,1,31,0.71,0.71,0.7916666666666666,0.8016666666666666,0.8016666666666666,0.8655666666666667,FM-Full_A-None_AdaBN-F,50,50,50
Yang2025,DeepConvNet,1,32,0.5542570951585977,0.554448160535117,0.5879041248606466,0.6043405676126878,0.6045986622073579,0.6468227424749163,FM-Full_A-None_AdaBN-F,50,50,50
Yang2025,DeepConvNet,1,33,0.915,0.915,0.9812666666666668,0.9666666666666668,0.9666666666666668,0.993322222222222,FM-Full_A-None_AdaBN-F,50,50,50
Yang2025,DeepConvNet,1,34,0.6316666666666667,0.6316666666666666,0.6843888888888888,0.7616666666666667,0.7616666666666667,0.8661388888888889,FM-Full_A-None_AdaBN-F,50,50,50
Yang2025,DeepConvNet,1,37,0.7933333333333333,0.7933333333333333,0.8760944444444445,0.9066666666666666,0.9066666666666666,0.9636555555555556,FM-Full_A-None_AdaBN-F,50,50,50
Yang2025,DeepConvNet,1,41,0.8366666666666667,0.8366666666666667,0.9144555555555556,0.8916666666666667,0.8916666666666666,0.9565388888888888,FM-Full_A-None_AdaBN-F,50,50,50
Yang2025,DeepConvNet,1,44,0.705,0.7050000000000001,0.791088888888889,0.69,0.69,0.7668555555555556,FM-Full_A-None_AdaBN-F,50,50,50
Yang2025,DeepConvNet,1,45,0.835,0.835,0.9222222222222224,0.8916666666666667,0.8916666666666666,0.9448666666666669,FM-Full_A-None_AdaBN-F,50,50,50
Yang2025,DeepConvNet,1,47,0.8883333333333333,0.8883333333333333,0.9548444444444444,0.9183333333333332,0.9183333333333332,0.9801666666666666,FM-Full_A-None_AdaBN-F,50,50,50
Yang2025,DeepConvNet,1,48,0.8383333333333334,0.8383333333333334,0.9126555555555554,0.8566666666666667,0.8566666666666667,0.9444222222222222,FM-Full_A-None_AdaBN-F,50,50,50
Yang2025,DeepConvNet,1,49,0.8916666666666667,0.8916666666666666,0.9670555555555556,0.9533333333333334,0.9533333333333334,0.9910333333333332,FM-Full_A-None_AdaBN-F,50,50,50
Yang2025,DeepConvNet,1,50,0.9233333333333332,0.9233333333333332,0.983777777777778,0.9433333333333334,0.9433333333333334,0.9876555555555556,FM-Full_A-None_AdaBN-F,50,50,50
Yang2025,DeepConvNet,2,1,0.8983333333333333,0.8983333333333333,0.9735555555555556,0.9466666666666668,0.9466666666666668,0.9878055555555556,FM-Full_A-None_AdaBN-F,50,50,50
Yang2025,DeepConvNet,2,2,0.6783333333333333,0.6783333333333333,0.7317444444444445,0.6616666666666666,0.6616666666666666,0.7249444444444445,FM-Full_A-None_AdaBN-F,50,50,50
Yang2025,DeepConvNet,2,3,0.915,0.915,0.9658222222222224,0.9616666666666668,0.9616666666666668,0.9856555555555556,FM-Full_A-None_AdaBN-F,50,50,50
Yang2025,DeepConvNet,2,6,0.9016666666666666,0.9016666666666666,0.9694444444444444,0.965,0.965,0.996,FM-Full_A-None_AdaBN-F,50,50,50
Yang2025,DeepConvNet,2,8,0.87,0.87,0.9498,0.9116666666666666,0.9116666666666666,0.9653611111111112,FM-Full_A-None_AdaBN-F,50,50,50
Yang2025,DeepConvNet,2,11,0.8883333333333333,0.8883333333333333,0.9489555555555556,0.8983333333333333,0.8983333333333333,0.9748333333333332,FM-Full_A-None_AdaBN-F,50,50,50
Yang2025,DeepConvNet,2,12,0.6,0.6,0.6368666666666667,0.5833333333333334,0.5833333333333333,0.6179555555555556,FM-Full_A-None_AdaBN-F,50,50,50
Yang2025,DeepConvNet,2,15,0.7533333333333333,0.7533333333333333,0.8086111111111112,0.8016666666666666,0.8016666666666666,0.8883444444444444,FM-Full_A-None_AdaBN-F,50,50,50
Yang2025,DeepConvNet,2,19,0.82,0.8200000000000001,0.9032777777777776,0.8366666666666667,0.8366666666666667,0.9178277777777778,FM-Full_A-None_AdaBN-F,50,50,50
Yang2025,DeepConvNet,2,21,0.8433333333333334,0.8433333333333333,0.9207444444444444,0.8816666666666667,0.8816666666666666,0.9547,FM-Full_A-None_AdaBN-F,50,50,50
Yang2025,DeepConvNet,2,22,0.73,0.73,0.820411111111111,0.8433333333333334,0.8433333333333333,0.9165944444444444,FM-Full_A-None_AdaBN-F,50,50,50
Yang2025,DeepConvNet,2,23,0.8964941569282137,0.8965551839464883,0.9536845039018952,0.9415692821368948,0.9416220735785954,0.989453734671126,FM-Full_A-None_AdaBN-F,50,50,50
Yang2025,DeepConvNet,2,24,0.9377104377104376,0.9377947578450934,0.987336749501179,0.9781144781144782,0.978085887901324,0.995646653364774,FM-Full_A-None_AdaBN-F,50,50,50
Yang2025,DeepConvNet,2,28,0.7966666666666666,0.7966666666666666,0.9295444444444446,0.8816666666666667,0.8816666666666666,0.9524555555555554,FM-Full_A-None_AdaBN-F,50,50,50
Yang2025,DeepConvNet,2,29,0.7383333333333333,0.7383333333333333,0.8144111111111112,0.8166666666666667,0.8166666666666667,0.9252333333333332,FM-Full_A-None_AdaBN-F,50,50,50
Yang2025,DeepConvNet,2,30,0.8766666666666667,0.8766666666666667,0.9460111111111112,0.9416666666666668,0.9416666666666668,0.9876,FM-Full_A-None_AdaBN-F,50,50,50
Yang2025,DeepConvNet,2,35,0.9233333333333332,0.9233333333333332,0.9788777777777776,0.96,0.96,0.9946111111111112,FM-Full_A-None_AdaBN-F,50,50,50
Yang2025,DeepConvNet,2,36,0.8966666666666666,0.8966666666666667,0.9715444444444444,0.925,0.925,0.9833,FM-Full_A-None_AdaBN-F,50,50,50
Yang2025,DeepConvNet,2,38,0.585,0.585,0.6676055555555556,0.7116666666666667,0.7116666666666667,0.7983944444444444,FM-Full_A-None_AdaBN-F,50,50,50
Yang2025,DeepConvNet,2,39,0.6666666666666666,0.6666666666666667,0.7544999999999998,0.75,0.75,0.8250833333333333,FM-Full_A-None_AdaBN-F,50,50,50
Yang2025,DeepConvNet,2,40,0.8,0.8,0.8903333333333334,0.84,0.8400000000000001,0.9200555555555554,FM-Full_A-None_AdaBN-F,50,50,50
Yang2025,DeepConvNet,2,42,0.7616666666666667,0.7616666666666667,0.8552777777777779,0.8116666666666666,0.8116666666666666,0.8877944444444444,FM-Full_A-None_AdaBN-F,50,50,50
Yang2025,DeepConvNet,2,43,0.985,0.985,0.9997333333333334,0.995,0.995,0.9999333333333332,FM-Full_A-None_AdaBN-F,50,50,50
Yang2025,DeepConvNet,2,46,0.96,0.96,0.9954222222222222,0.99,0.99,0.9994111111111112,FM-Full_A-None_AdaBN-F,50,50,50
Yang2025,DeepConvNet,2,51,0.8,0.8,0.9329888888888888,0.89,0.8899999999999999,0.9591222222222222,FM-Full_A-None_AdaBN-F,50,50,50
Yang2025,ATCNet,1,4,0.51,0.51,0.5247555555555555,0.5183333333333333,0.5183333333333333,0.5273,FM-Full_A-None_AdaBN-F,150,150,150
Yang2025,ATCNet,1,5,0.7183333333333334,0.7183333333333334,0.8116555555555556,0.8366666666666667,0.8366666666666667,0.9141111111111112,FM-Full_A-None_AdaBN-F,150,150,150
Yang2025,ATCNet,1,7,0.62,0.62,0.7117999999999999,0.655,0.655,0.7099444444444445,FM-Full_A-None_AdaBN-F,150,150,150
Yang2025,ATCNet,1,9,0.61,0.61,0.6708777777777777,0.62,0.62,0.6763555555555555,FM-Full_A-None_AdaBN-F,150,150,150
Yang2025,ATCNet,1,10,0.755,0.755,0.8107888888888889,0.77,0.77,0.8538444444444444,FM-Full_A-None_AdaBN-F,150,150,150
Yang2025,ATCNet,1,13,0.6516666666666666,0.6516666666666666,0.724,0.67,0.67,0.7513444444444445,FM-Full_A-None_AdaBN-F,150,150,150
Yang2025,ATCNet,1,14,0.5716666666666667,0.5716666666666667,0.6004111111111111,0.5566666666666666,0.5566666666666666,0.5811666666666666,FM-Full_A-None_AdaBN-F,150,150,150
Yang2025,ATCNet,1,16,0.6133333333333333,0.6133333333333333,0.6980000000000001,0.6566666666666666,0.6566666666666667,0.7134611111111111,FM-Full_A-None_AdaBN-F,150,150,150
Yang2025,ATCNet,1,17,0.6333333333333333,0.6333333333333333,0.7447111111111112,0.6316666666666667,0.6316666666666667,0.7105888888888888,FM-Full_A-None_AdaBN-F,150,150,150
Yang2025,ATCNet,1,18,0.5883333333333334,0.5883333333333334,0.6869777777777777,0.665,0.665,0.7030222222222223,FM-Full_A-None_AdaBN-F,150,150,150
Yang2025,ATCNet,1,20,0.5716666666666667,0.5716666666666667,0.5991222222222222,0.6816666666666666,0.6816666666666666,0.7176111111111112,FM-Full_A-None_AdaBN-F,150,150,150
Yang2025,ATCNet,1,25,0.6816666666666666,0.6816666666666666,0.7854111111111111,0.8016666666666666,0.8016666666666667,0.8950666666666667,FM-Full_A-None_AdaBN-F,150,150,150
Yang2025,ATCNet,1,26,0.6110183639398998,0.6105741360089186,0.686644370122631,0.8230383973288815,0.8229598662207358,0.9121404682274248,FM-Full_A-None_AdaBN-F,150,150,150
Yang2025,ATCNet,1,27,0.6383333333333333,0.6383333333333333,0.7226888888888888,0.765,0.765,0.8646666666666667,FM-Full_A-None_AdaBN-F,150,150,150
Yang2025,ATCNet,1,31,0.76,0.76,0.8402777777777779,0.775,0.7749999999999999,0.8603111111111111,FM-Full_A-None_AdaBN-F,150,150,150
Yang2025,ATCNet,1,32,0.6928213689482471,0.6927759197324415,0.782051282051282,0.8013355592654424,0.8012987736900781,0.8652508361204013,FM-Full_A-None_AdaBN-F,150,150,150
Yang2025,ATCNet,1,33,0.8433333333333334,0.8433333333333333,0.9668,0.945,0.945,0.9922333333333332,FM-Full_A-None_AdaBN-F,150,150,150
Yang2025,ATCNet,1,34,0.4883333333333333,0.4883333333333334,0.5031777777777777,0.8466666666666667,0.8466666666666667,0.9379333333333332,FM-Full_A-None_AdaBN-F,150,150,150
Yang2025,ATCNet,1,37,0.7766666666666666,0.7766666666666666,0.8604333333333333,0.7933333333333333,0.7933333333333333,0.8617666666666667,FM-Full_A-None_AdaBN-F,150,150,150
Yang2025,ATCNet,1,41,0.82,0.8200000000000001,0.9389444444444444,0.8933333333333333,0.8933333333333333,0.9635444444444444,FM-Full_A-None_AdaBN-F,150,150,150
Yang2025,ATCNet,1,44,0.6333333333333333,0.6333333333333333,0.6825888888888889,0.6183333333333333,0.6183333333333334,0.6730222222222222,FM-Full_A-None_AdaBN-F,150,150,150
Yang2025,ATCNet,1,45,0.6833333333333333,0.6833333333333333,0.7463000000000001,0.7283333333333334,0.7283333333333333,0.8050333333333333,FM-Full_A-None_AdaBN-F,150,150,150
Yang2025,ATCNet,1,47,0.7633333333333333,0.7633333333333334,0.8568666666666667,0.7783333333333333,0.7783333333333333,0.8655888888888889,FM-Full_A-None_AdaBN-F,150,150,150
Yang2025,ATCNet,1,48,0.7716666666666666,0.7716666666666667,0.8510333333333334,0.7816666666666666,0.7816666666666667,0.8660222222222222,FM-Full_A-None_AdaBN-F,150,150,150
Yang2025,ATCNet,1,49,0.8066666666666666,0.8066666666666666,0.8990222222222222,0.865,0.865,0.9508666666666667,FM-Full_A-None_AdaBN-F,150,150,150
Yang2025,ATCNet,1,50,0.8183333333333334,0.8183333333333334,0.8928222222222223,0.8216666666666667,0.8216666666666667,0.912788888888889,FM-Full_A-None_AdaBN-F,150,150,150
Yang2025,ATCNet,2,1,0.6766666666666666,0.6766666666666666,0.8587444444444445,0.8233333333333334,0.8233333333333334,0.8942444444444445,FM-Full_A-None_AdaBN-F,150,150,150
Yang2025,ATCNet,2,2,0.53,0.53,0.5452555555555555,0.5766666666666667,0.5766666666666667,0.6117555555555555,FM-Full_A-None_AdaBN-F,150,150,150
Yang2025,ATCNet,2,3,0.8666666666666667,0.8666666666666667,0.932088888888889,0.8766666666666667,0.8766666666666667,0.9287444444444444,FM-Full_A-None_AdaBN-F,150,150,150
Yang2025,ATCNet,2,6,0.8533333333333334,0.8533333333333333,0.9579,0.9183333333333332,0.9183333333333332,0.9806666666666668,FM-Full_A-None_AdaBN-F,150,150,150
Yang2025,ATCNet,2,8,0.78,0.78,0.8442000000000001,0.8166666666666667,0.8166666666666667,0.8840333333333332,FM-Full_A-None_AdaBN-F,150,150,150
Yang2025,ATCNet,2,11,0.8033333333333333,0.8033333333333333,0.8800222222222223,0.8216666666666667,0.8216666666666668,0.9075333333333336,FM-Full_A-None_AdaBN-F,150,150,150
Yang2025,ATCNet,2,12,0.5183333333333333,0.5183333333333333,0.5554111111111111,0.5316666666666666,0.5316666666666666,0.5380333333333334,FM-Full_A-None_AdaBN-F,150,150,150
Yang2025,ATCNet,2,15,0.7066666666666667,0.7066666666666667,0.7703222222222221,0.7,0.7,0.7825333333333333,FM-Full_A-None_AdaBN-F,150,150,150
Yang2025,ATCNet,2,19,0.715,0.7150000000000001,0.7941444444444445,0.795,0.795,0.8809222222222222,FM-Full_A-None_AdaBN-F,150,150,150
Yang2025,ATCNet,2,21,0.6716666666666666,0.6716666666666666,0.763411111111111,0.76,0.76,0.8509555555555556,FM-Full_A-None_AdaBN-F,150,150,150
Yang2025,ATCNet,2,22,0.6266666666666667,0.6266666666666667,0.6927166666666666,0.7383333333333333,0.7383333333333333,0.8258888888888889,FM-Full_A-None_AdaBN-F,150,150,150
Yang2025,ATCNet,2,23,0.7495826377295493,0.7495875139353401,0.829788182831661,0.8714524207011686,0.8713879598662208,0.9535785953177256,FM-Full_A-None_AdaBN-F,150,150,150
Yang2025,ATCNet,2,24,0.7525252525252525,0.7519952838744786,0.8778455468891709,0.9107744107744108,0.9106656992563034,0.9775643932523128,FM-Full_A-None_AdaBN-F,150,150,150
Yang2025,ATCNet,2,28,0.7716666666666666,0.7716666666666667,0.8650444444444445,0.8783333333333333,0.8783333333333334,0.949922222222222,FM-Full_A-None_AdaBN-F,150,150,150
Yang2025,ATCNet,2,29,0.84,0.84,0.9279444444444443,0.9533333333333334,0.9533333333333334,0.9907111111111112,FM-Full_A-None_AdaBN-F,150,150,150
Yang2025,ATCNet,2,30,0.7083333333333334,0.7083333333333333,0.8016333333333334,0.72,0.72,0.6993777777777779,FM-Full_A-None_AdaBN-F,150,150,150
Yang2025,ATCNet,2,35,0.6333333333333333,0.6333333333333333,0.7139666666666667,0.735,0.735,0.8133222222222224,FM-Full_A-None_AdaBN-F,150,150,150
Yang2025,ATCNet,2,36,0.6166666666666667,0.6166666666666667,0.8152,0.77,0.77,0.8504666666666667,FM-Full_A-None_AdaBN-F,150,150,150
Yang2025,ATCNet,2,38,0.5166666666666667,0.5166666666666666,0.5362111111111111,0.56,0.56,0.5901333333333334,FM-Full_A-None_AdaBN-F,150,150,150
Yang2025,ATCNet,2,39,0.6866666666666666,0.6866666666666666,0.7555222222222222,0.7616666666666667,0.7616666666666667,0.8595444444444444,FM-Full_A-None_AdaBN-F,150,150,150
Yang2025,ATCNet,2,40,0.6983333333333334,0.6983333333333333,0.8087222222222222,0.77,0.77,0.8458222222222223,FM-Full_A-None_AdaBN-F,150,150,150
Yang2025,ATCNet,2,42,0.6416666666666667,0.6416666666666666,0.7393777777777777,0.6716666666666666,0.6716666666666666,0.7345222222222222,FM-Full_A-None_AdaBN-F,150,150,150
Yang2025,ATCNet,2,43,0.705,0.705,0.8302,0.8566666666666667,0.8566666666666667,0.9394222222222224,FM-Full_A-None_AdaBN-F,150,150,150
Yang2025,ATCNet,2,46,0.6466666666666666,0.6466666666666666,0.8437444444444445,0.89,0.8899999999999999,0.9556111111111112,FM-Full_A-None_AdaBN-F,150,150,150
Yang2025,ATCNet,2,51,0.7233333333333334,0.7233333333333334,0.8095,0.8033333333333333,0.8033333333333332,0.8660777777777777,FM-Full_A-None_AdaBN-F,150,150,150
Yang2025,DeepConvNet,1,4,0.6066666666666667,0.6066666666666667,0.6539111111111112,0.555,0.555,0.565338888888889,FM-Full_A-None_AdaBN-F,150,150,150
Yang2025,DeepConvNet,1,5,0.8816666666666667,0.8816666666666666,0.9569444444444444,0.89,0.89,0.9543,FM-Full_A-None_AdaBN-F,150,150,150
Yang2025,DeepConvNet,1,7,0.8316666666666667,0.8316666666666667,0.9160111111111112,0.7966666666666666,0.7966666666666666,0.9183388888888888,FM-Full_A-None_AdaBN-F,150,150,150
Yang2025,DeepConvNet,1,9,0.7166666666666667,0.7166666666666667,0.7961222222222222,0.7033333333333334,0.7033333333333334,0.7990555555555556,FM-Full_A-None_AdaBN-F,150,150,150
Yang2025,DeepConvNet,1,10,0.8466666666666667,0.8466666666666667,0.9240333333333332,0.8783333333333333,0.8783333333333334,0.9494888888888888,FM-Full_A-None_AdaBN-F,150,150,150
Yang2025,DeepConvNet,1,13,0.79,0.79,0.8580777777777777,0.8116666666666666,0.8116666666666666,0.9105166666666666,FM-Full_A-None_AdaBN-F,150,150,150
Yang2025,DeepConvNet,1,14,0.575,0.575,0.6165888888888889,0.575,0.575,0.6095611111111111,FM-Full_A-None_AdaBN-F,150,150,150
Yang2025,DeepConvNet,1,16,0.575,0.575,0.6093,0.5833333333333334,0.5833333333333334,0.6693777777777778,FM-Full_A-None_AdaBN-F,150,150,150
Yang2025,DeepConvNet,1,17,0.8033333333333333,0.8033333333333332,0.9038555555555556,0.8333333333333334,0.8333333333333333,0.9192833333333332,FM-Full_A-None_AdaBN-F,150,150,150
Yang2025,DeepConvNet,1,18,0.68,0.6799999999999999,0.7546055555555555,0.6916666666666667,0.6916666666666667,0.7711777777777777,FM-Full_A-None_AdaBN-F,150,150,150
Yang2025,DeepConvNet,1,20,0.8183333333333334,0.8183333333333334,0.9187444444444444,0.9383333333333334,0.9383333333333334,0.9859555555555556,FM-Full_A-None_AdaBN-F,150,150,150
Yang2025,DeepConvNet,1,25,0.9466666666666668,0.9466666666666668,0.9869,0.9716666666666668,0.9716666666666668,0.9948277777777778,FM-Full_A-None_AdaBN-F,150,150,150
Yang2025,DeepConvNet,1,26,0.8380634390651085,0.8380323299888517,0.917536231884058,0.9282136894824708,0.9282775919732442,0.9814492753623189,FM-Full_A-None_AdaBN-F,150,150,150
Yang2025,DeepConvNet,1,27,0.615,0.615,0.6791444444444444,0.74,0.74,0.7993111111111113,FM-Full_A-None_AdaBN-F,150,150,150
Yang2025,DeepConvNet,1,31,0.7683333333333333,0.7683333333333333,0.8501777777777778,0.8116666666666666,0.8116666666666666,0.8880833333333333,FM-Full_A-None_AdaBN-F,150,150,150
Yang2025,DeepConvNet,1,32,0.5943238731218697,0.5945596432552954,0.6452173913043479,0.6093489148580968,0.6095763656633222,0.682185061315496,FM-Full_A-None_AdaBN-F,150,150,150
Yang2025,DeepConvNet,1,33,0.955,0.955,0.9912444444444444,0.9666666666666668,0.9666666666666668,0.996188888888889,FM-Full_A-None_AdaBN-F,150,150,150
Yang2025,DeepConvNet,1,34,0.6416666666666667,0.6416666666666666,0.6682999999999999,0.8266666666666667,0.8266666666666667,0.9034333333333332,FM-Full_A-None_AdaBN-F,150,150,150
Yang2025,DeepConvNet,1,37,0.8666666666666667,0.8666666666666667,0.9277555555555556,0.93,0.93,0.977211111111111,FM-Full_A-None_AdaBN-F,150,150,150
Yang2025,DeepConvNet,1,41,0.8516666666666667,0.8516666666666666,0.9399333333333332,0.9083333333333332,0.9083333333333332,0.9662888888888888,FM-Full_A-None_AdaBN-F,150,150,150
Yang2025,DeepConvNet,1,44,0.745,0.745,0.8265666666666666,0.7166666666666667,0.7166666666666667,0.7950166666666667,FM-Full_A-None_AdaBN-F,150,150,150
Yang2025,DeepConvNet,1,45,0.865,0.865,0.9459111111111111,0.88,0.88,0.9465888888888888,FM-Full_A-None_AdaBN-F,150,150,150
Yang2025,DeepConvNet,1,47,0.9216666666666666,0.9216666666666666,0.9711,0.925,0.925,0.9820222222222222,FM-Full_A-None_AdaBN-F,150,150,150
Yang2025,DeepConvNet,1,48,0.8616666666666667,0.8616666666666666,0.9389555555555557,0.9066666666666666,0.9066666666666668,0.9650222222222222,FM-Full_A-None_AdaBN-F,150,150,150
Yang2025,DeepConvNet,1,49,0.9366666666666666,0.9366666666666666,0.9875222222222224,0.9666666666666668,0.9666666666666668,0.9938888888888888,FM-Full_A-None_AdaBN-F,150,150,150
Yang2025,DeepConvNet,1,50,0.9516666666666668,0.9516666666666668,0.9936,0.9583333333333334,0.9583333333333334,0.9933888888888888,FM-Full_A-None_AdaBN-F,150,150,150
Yang2025,DeepConvNet,2,1,0.9083333333333332,0.9083333333333332,0.9771111111111112,0.9466666666666668,0.9466666666666668,0.9888944444444444,FM-Full_A-None_AdaBN-F,150,150,150
Yang2025,DeepConvNet,2,2,0.6733333333333333,0.6733333333333333,0.7691666666666667,0.6566666666666666,0.6566666666666667,0.7390666666666665,FM-Full_A-None_AdaBN-F,150,150,150
Yang2025,DeepConvNet,2,3,0.9433333333333334,0.9433333333333334,0.9862666666666666,0.9666666666666668,0.9666666666666668,0.9941222222222222,FM-Full_A-None_AdaBN-F,150,150,150
Yang2025,DeepConvNet,2,6,0.9133333333333332,0.9133333333333332,0.9724333333333334,0.97,0.97,0.9954777777777776,FM-Full_A-None_AdaBN-F,150,150,150
Yang2025,DeepConvNet,2,8,0.8883333333333333,0.8883333333333334,0.9529,0.9333333333333332,0.9333333333333332,0.9741222222222222,FM-Full_A-None_AdaBN-F,150,150,150
Yang2025,DeepConvNet,2,11,0.86,0.86,0.9608444444444444,0.915,0.915,0.9822333333333332,FM-Full_A-None_AdaBN-F,150,150,150
Yang2025,DeepConvNet,2,12,0.605,0.605,0.6866444444444444,0.5983333333333334,0.5983333333333334,0.6312,FM-Full_A-None_AdaBN-F,150,150,150
Yang2025,DeepConvNet,2,15,0.74,0.74,0.8276666666666668,0.8183333333333334,0.8183333333333334,0.8992333333333333,FM-Full_A-None_AdaBN-F,150,150,150
Yang2025,DeepConvNet,2,19,0.825,0.825,0.9162333333333332,0.8733333333333333,0.8733333333333333,0.9588111111111112,FM-Full_A-None_AdaBN-F,150,150,150
Yang2025,DeepConvNet,2,21,0.8366666666666667,0.8366666666666667,0.9403888888888888,0.8883333333333333,0.8883333333333334,0.9612777777777778,FM-Full_A-None_AdaBN-F,150,150,150
Yang2025,DeepConvNet,2,22,0.7783333333333333,0.7783333333333333,0.8817222222222223,0.865,0.865,0.9358444444444444,FM-Full_A-None_AdaBN-F,150,150,150
Yang2025,DeepConvNet,2,23,0.8864774624373957,0.8863879598662208,0.963846153846154,0.96661101836394,0.9666332218506132,0.9945094760312152,FM-Full_A-None_AdaBN-F,150,150,150
Yang2025,DeepConvNet,2,24,0.877104377104377,0.8774487574823145,0.9825072555777254,0.9747474747474748,0.9747755305641213,0.9965082532196624,FM-Full_A-None_AdaBN-F,150,150,150
Yang2025,DeepConvNet,2,28,0.755,0.755,0.9206888888888888,0.8816666666666667,0.8816666666666667,0.957288888888889,FM-Full_A-None_AdaBN-F,150,150,150
Yang2025,DeepConvNet,2,29,0.7266666666666667,0.7266666666666667,0.8331000000000001,0.8333333333333334,0.8333333333333334,0.9423111111111112,FM-Full_A-None_AdaBN-F,150,150,150
Yang2025,DeepConvNet,2,30,0.8733333333333333,0.8733333333333333,0.9660666666666666,0.955,0.955,0.9887111111111112,FM-Full_A-None_AdaBN-F,150,150,150
Yang2025,DeepConvNet,2,35,0.9466666666666668,0.9466666666666668,0.9892555555555556,0.9716666666666668,0.9716666666666668,0.9951333333333332,FM-Full_A-None_AdaBN-F,150,150,150
Yang2025,DeepConvNet,2,36,0.9233333333333332,0.9233333333333332,0.9718111111111112,0.935,0.935,0.987877777777778,FM-Full_A-None_AdaBN-F,150,150,150
Yang2025,DeepConvNet,2,38,0.615,0.615,0.6039222222222221,0.685,0.685,0.7896888888888889,FM-Full_A-None_AdaBN-F,150,150,150
Yang2025,DeepConvNet,2,39,0.6766666666666666,0.6766666666666666,0.7711,0.7933333333333333,0.7933333333333333,0.8708444444444445,FM-Full_A-None_AdaBN-F,150,150,150
Yang2025,DeepConvNet,2,40,0.8066666666666666,0.8066666666666666,0.8800888888888888,0.8466666666666667,0.8466666666666667,0.9351333333333334,FM-Full_A-None_AdaBN-F,150,150,150
Yang2025,DeepConvNet,2,42,0.8183333333333334,0.8183333333333334,0.8858666666666666,0.8166666666666667,0.8166666666666667,0.9071555555555556,FM-Full_A-None_AdaBN-F,150,150,150
Yang2025,DeepConvNet,2,43,0.9783333333333334,0.9783333333333332,0.9987333333333334,0.9966666666666668,0.9966666666666668,0.9999333333333332,FM-Full_A-None_AdaBN-F,150,150,150
Yang2025,DeepConvNet,2,46,0.9716666666666668,0.9716666666666668,0.9916222222222222,0.9916666666666668,0.9916666666666668,0.9994222222222222,FM-Full_A-None_AdaBN-F,150,150,150
Yang2025,DeepConvNet,2,51,0.875,0.875,0.9494888888888888,0.905,0.905,0.9725611111111112,FM-Full_A-None_AdaBN-F,150,150,150
Yang2025,ShallowConvNet,1,4,0.5683333333333334,0.5683333333333334,0.6219333333333332,0.5683333333333334,0.5683333333333334,0.5756333333333332,FM-Full_A-None_AdaBN-F,150,150,150
Yang2025,ShallowConvNet,1,5,0.815,0.815,0.9062777777777776,0.855,0.855,0.9318166666666668,FM-Full_A-None_AdaBN-F,150,150,150
Yang2025,ShallowConvNet,1,7,0.7966666666666666,0.7966666666666666,0.8661888888888888,0.7616666666666667,0.7616666666666667,0.8609166666666667,FM-Full_A-None_AdaBN-F,150,150,150
Yang2025,ShallowConvNet,1,9,0.67,0.67,0.7385000000000002,0.7083333333333334,0.7083333333333333,0.759688888888889,FM-Full_A-None_AdaBN-F,150,150,150
Yang2025,ShallowConvNet,1,10,0.775,0.775,0.8666444444444444,0.8333333333333334,0.8333333333333333,0.9133444444444444,FM-Full_A-None_AdaBN-F,150,150,150
Yang2025,ShallowConvNet,1,13,0.7466666666666667,0.7466666666666667,0.8285277777777779,0.7433333333333333,0.7433333333333334,0.8332055555555555,FM-Full_A-None_AdaBN-F,150,150,150
Yang2025,ShallowConvNet,1,14,0.51,0.51,0.5442333333333332,0.5233333333333333,0.5233333333333333,0.5561111111111111,FM-Full_A-None_AdaBN-F,150,150,150
Yang2025,ShallowConvNet,1,16,0.545,0.545,0.58205,0.6133333333333333,0.6133333333333333,0.6552944444444444,FM-Full_A-None_AdaBN-F,150,150,150
Yang2025,ShallowConvNet,1,17,0.7583333333333333,0.7583333333333333,0.8453444444444445,0.76,0.76,0.8633611111111112,FM-Full_A-None_AdaBN-F,150,150,150
Yang2025,ShallowConvNet,1,18,0.66,0.66,0.731111111111111,0.6866666666666666,0.6866666666666666,0.7371444444444446,FM-Full_A-None_AdaBN-F,150,150,150
Yang2025,ShallowConvNet,1,20,0.7733333333333333,0.7733333333333333,0.8491166666666666,0.8533333333333334,0.8533333333333333,0.9384555555555556,FM-Full_A-None_AdaBN-F,150,150,150
Yang2025,ShallowConvNet,1,25,0.8783333333333333,0.8783333333333334,0.9353555555555556,0.9116666666666666,0.9116666666666666,0.9678666666666668,FM-Full_A-None_AdaBN-F,150,150,150
Yang2025,ShallowConvNet,1,26,0.7445742904841403,0.7444816053511706,0.841159420289855,0.8664440734557596,0.866432552954292,0.9385730211817168,FM-Full_A-None_AdaBN-F,150,150,150
Yang2025,ShallowConvNet,1,27,0.5866666666666667,0.5866666666666667,0.6351,0.6833333333333333,0.6833333333333333,0.75035,FM-Full_A-None_AdaBN-F,150,150,150
Yang2025,ShallowConvNet,1,31,0.665,0.665,0.7311333333333333,0.7616666666666667,0.7616666666666667,0.8415888888888889,FM-Full_A-None_AdaBN-F,150,150,150
Yang2025,ShallowConvNet,1,32,0.5676126878130217,0.5676811594202898,0.5759754738015608,0.6043405676126878,0.6043366778149387,0.6522073578595318,FM-Full_A-None_AdaBN-F,150,150,150
Yang2025,ShallowConvNet,1,33,0.8283333333333334,0.8283333333333334,0.9103666666666668,0.925,0.925,0.9777777777777776,FM-Full_A-None_AdaBN-F,150,150,150
Yang2025,ShallowConvNet,1,34,0.5366666666666666,0.5366666666666666,0.5775222222222223,0.7766666666666666,0.7766666666666666,0.8534777777777779,FM-Full_A-None_AdaBN-F,150,150,150
Yang2025,ShallowConvNet,1,37,0.7566666666666667,0.7566666666666666,0.8357888888888889,0.885,0.885,0.9447888888888888,FM-Full_A-None_AdaBN-F,150,150,150
Yang2025,ShallowConvNet,1,41,0.7883333333333333,0.7883333333333333,0.8686777777777777,0.8516666666666667,0.8516666666666667,0.931911111111111,FM-Full_A-None_AdaBN-F,150,150,150
Yang2025,ShallowConvNet,1,44,0.7116666666666667,0.7116666666666667,0.7714944444444446,0.6966666666666667,0.6966666666666667,0.7733611111111112,FM-Full_A-None_AdaBN-F,150,150,150
Yang2025,ShallowConvNet,1,45,0.8083333333333333,0.8083333333333333,0.8784277777777778,0.8433333333333334,0.8433333333333333,0.9128555555555556,FM-Full_A-None_AdaBN-F,150,150,150
Yang2025,ShallowConvNet,1,47,0.845,0.845,0.918588888888889,0.88,0.88,0.9482555555555556,FM-Full_A-None_AdaBN-F,150,150,150
Yang2025,ShallowConvNet,1,48,0.8,0.8,0.8848611111111111,0.8483333333333334,0.8483333333333334,0.9311944444444444,FM-Full_A-None_AdaBN-F,150,150,150
Yang2025,ShallowConvNet,1,49,0.8716666666666667,0.8716666666666666,0.9577777777777778,0.9533333333333334,0.9533333333333334,0.9849666666666668,FM-Full_A-None_AdaBN-F,150,150,150
Yang2025,ShallowConvNet,1,50,0.915,0.915,0.9667111111111112,0.9266666666666666,0.9266666666666667,0.9801555555555554,FM-Full_A-None_AdaBN-F,150,150,150
Yang2025,ShallowConvNet,2,1,0.8983333333333333,0.8983333333333333,0.9708222222222224,0.92,0.92,0.9762,FM-Full_A-None_AdaBN-F,150,150,150
Yang2025,ShallowConvNet,2,2,0.685,0.685,0.7345833333333333,0.63,0.63,0.6883444444444444,FM-Full_A-None_AdaBN-F,150,150,150
Yang2025,ShallowConvNet,2,3,0.905,0.905,0.9764,0.9433333333333334,0.9433333333333334,0.9843666666666668,FM-Full_A-None_AdaBN-F,150,150,150
Yang2025,ShallowConvNet,2,6,0.8516666666666667,0.8516666666666666,0.9354555555555556,0.9516666666666668,0.9516666666666668,0.9907722222222224,FM-Full_A-None_AdaBN-F,150,150,150
Yang2025,ShallowConvNet,2,8,0.905,0.905,0.9678666666666668,0.9183333333333332,0.9183333333333332,0.9734944444444444,FM-Full_A-None_AdaBN-F,150,150,150
Yang2025,ShallowConvNet,2,11,0.8833333333333333,0.8833333333333333,0.9437333333333332,0.8983333333333333,0.8983333333333333,0.9609888888888888,FM-Full_A-None_AdaBN-F,150,150,150
Yang2025,ShallowConvNet,2,12,0.585,0.585,0.6300777777777778,0.5816666666666667,0.5816666666666667,0.6047,FM-Full_A-None_AdaBN-F,150,150,150
Yang2025,ShallowConvNet,2,15,0.7383333333333333,0.7383333333333333,0.808,0.775,0.775,0.8458944444444445,FM-Full_A-None_AdaBN-F,150,150,150
Yang2025,ShallowConvNet,2,19,0.825,0.825,0.9081555555555556,0.8433333333333334,0.8433333333333333,0.9310833333333334,FM-Full_A-None_AdaBN-F,150,150,150
Yang2025,ShallowConvNet,2,21,0.8133333333333334,0.8133333333333334,0.8982111111111112,0.86,0.86,0.9344444444444444,FM-Full_A-None_AdaBN-F,150,150,150
Yang2025,ShallowConvNet,2,22,0.7183333333333334,0.7183333333333333,0.7965666666666666,0.7916666666666666,0.7916666666666667,0.8857166666666667,FM-Full_A-None_AdaBN-F,150,150,150
Yang2025,ShallowConvNet,2,23,0.8647746243739566,0.8647658862876254,0.9427982162764772,0.9315525876460768,0.9315551839464884,0.9792920847268674,FM-Full_A-None_AdaBN-F,150,150,150
Yang2025,ShallowConvNet,2,24,0.8787878787878788,0.8790245782695447,0.9556276074732452,0.9393939393939394,0.9393819154725196,0.9864978233266825,FM-Full_A-None_AdaBN-F,150,150,150
Yang2025,ShallowConvNet,2,28,0.7383333333333333,0.7383333333333333,0.8755777777777778,0.86,0.86,0.9415,FM-Full_A-None_AdaBN-F,150,150,150
Yang2025,ShallowConvNet,2,29,0.6866666666666666,0.6866666666666666,0.7940777777777778,0.875,0.875,0.9466333333333332,FM-Full_A-None_AdaBN-F,150,150,150
Yang2025,ShallowConvNet,2,30,0.8683333333333333,0.8683333333333333,0.94465,0.945,0.945,0.9809888888888888,FM-Full_A-None_AdaBN-F,150,150,150
Yang2025,ShallowConvNet,2,35,0.9133333333333332,0.9133333333333332,0.9708666666666668,0.9533333333333334,0.9533333333333334,0.9919111111111112,FM-Full_A-None_AdaBN-F,150,150,150
Yang2025,ShallowConvNet,2,36,0.9033333333333332,0.9033333333333332,0.9738444444444444,0.9066666666666666,0.9066666666666668,0.9776,FM-Full_A-None_AdaBN-F,150,150,150
Yang2025,ShallowConvNet,2,38,0.5916666666666667,0.5916666666666667,0.6170277777777777,0.6316666666666667,0.6316666666666667,0.6899500000000001,FM-Full_A-None_AdaBN-F,150,150,150
Yang2025,ShallowConvNet,2,39,0.6816666666666666,0.6816666666666666,0.7414111111111111,0.7283333333333334,0.7283333333333333,0.8258,FM-Full_A-None_AdaBN-F,150,150,150
Yang2025,ShallowConvNet,2,40,0.7316666666666667,0.7316666666666667,0.8492444444444445,0.8083333333333333,0.8083333333333333,0.9002055555555555,FM-Full_A-None_AdaBN-F,150,150,150
Yang2025,ShallowConvNet,2,42,0.7466666666666667,0.7466666666666667,0.8572166666666665,0.7733333333333333,0.7733333333333333,0.85555,FM-Full_A-None_AdaBN-F,150,150,150
Yang2025,ShallowConvNet,2,43,0.96,0.96,0.9962,0.9833333333333332,0.9833333333333334,0.9987777777777778,FM-Full_A-None_AdaBN-F,150,150,150
Yang2025,ShallowConvNet,2,46,0.9333333333333332,0.9333333333333332,0.9867444444444444,0.9833333333333332,0.9833333333333334,0.9989888888888888,FM-Full_A-None_AdaBN-F,150,150,150
Yang2025,ShallowConvNet,2,51,0.78,0.78,0.8987222222222222,0.8583333333333333,0.8583333333333334,0.9327666666666666,FM-Full_A-None_AdaBN-F,150,150,150
Yang2025,EEGNetv4,1,4,0.57,0.5700000000000001,0.6172222222222221,0.555,0.5549999999999999,0.5843722222222222,FM-Full_A-None_AdaBN-F,150,150,150
Yang2025,EEGNetv4,1,5,0.8266666666666667,0.8266666666666667,0.908177777777778,0.8516666666666667,0.8516666666666667,0.9411777777777778,FM-Full_A-None_AdaBN-F,150,150,150
Yang2025,EEGNetv4,1,7,0.735,0.735,0.8205444444444445,0.775,0.7749999999999999,0.8649500000000001,FM-Full_A-None_AdaBN-F,150,150,150
Yang2025,EEGNetv4,1,9,0.685,0.685,0.7575666666666667,0.695,0.6950000000000001,0.7578055555555556,FM-Full_A-None_AdaBN-F,150,150,150
Yang2025,EEGNetv4,1,10,0.77,0.77,0.8660222222222222,0.8383333333333334,0.8383333333333334,0.9240055555555556,FM-Full_A-None_AdaBN-F,150,150,150
Yang2025,EEGNetv4,1,13,0.7133333333333334,0.7133333333333334,0.7746166666666666,0.7916666666666666,0.7916666666666667,0.8554222222222223,FM-Full_A-None_AdaBN-F,150,150,150
Yang2025,EEGNetv4,1,14,0.5716666666666667,0.5716666666666667,0.5980666666666666,0.5766666666666667,0.5766666666666667,0.6043666666666666,FM-Full_A-None_AdaBN-F,150,150,150
Yang2025,EEGNetv4,1,16,0.545,0.5449999999999999,0.5580666666666667,0.5516666666666666,0.5516666666666666,0.59525,FM-Full_A-None_AdaBN-F,150,150,150
Yang2025,EEGNetv4,1,17,0.75,0.75,0.8348500000000001,0.805,0.8049999999999999,0.8997944444444445,FM-Full_A-None_AdaBN-F,150,150,150
Yang2025,EEGNetv4,1,18,0.67,0.6699999999999999,0.72525,0.6733333333333333,0.6733333333333333,0.7324611111111111,FM-Full_A-None_AdaBN-F,150,150,150
Yang2025,EEGNetv4,1,20,0.7766666666666666,0.7766666666666666,0.8620444444444444,0.91,0.91,0.962722222222222,FM-Full_A-None_AdaBN-F,150,150,150
Yang2025,EEGNetv4,1,25,0.885,0.885,0.9324944444444444,0.93,0.93,0.9765111111111112,FM-Full_A-None_AdaBN-F,150,150,150
Yang2025,EEGNetv4,1,26,0.7529215358931552,0.752876254180602,0.8094314381270903,0.8781302170283807,0.8781103678929766,0.9391081382385732,FM-Full_A-None_AdaBN-F,150,150,150
Yang2025,EEGNetv4,1,27,0.5783333333333334,0.5783333333333334,0.6146055555555556,0.6866666666666666,0.6866666666666666,0.7634222222222222,FM-Full_A-None_AdaBN-F,150,150,150
Yang2025,EEGNetv4,1,31,0.6966666666666667,0.6966666666666667,0.7640777777777777,0.8133333333333334,0.8133333333333332,0.8818722222222223,FM-Full_A-None_AdaBN-F,150,150,150
Yang2025,EEGNetv4,1,32,0.5158597662771286,0.5158695652173912,0.5411928651059086,0.5542570951585977,0.5542530657748048,0.6062207357859531,FM-Full_A-None_AdaBN-F,150,150,150
Yang2025,EEGNetv4,1,33,0.935,0.935,0.9796555555555556,0.9566666666666668,0.9566666666666668,0.9890111111111112,FM-Full_A-None_AdaBN-F,150,150,150
Yang2025,EEGNetv4,1,34,0.5366666666666666,0.5366666666666666,0.5516277777777778,0.7683333333333333,0.7683333333333333,0.8395944444444445,FM-Full_A-None_AdaBN-F,150,150,150
Yang2025,EEGNetv4,1,37,0.8,0.8,0.8952,0.9133333333333332,0.9133333333333332,0.9647,FM-Full_A-None_AdaBN-F,150,150,150
Yang2025,EEGNetv4,1,41,0.82,0.8200000000000001,0.9155111111111112,0.8666666666666667,0.8666666666666667,0.94595,FM-Full_A-None_AdaBN-F,150,150,150
Yang2025,EEGNetv4,1,44,0.6866666666666666,0.6866666666666666,0.7577666666666666,0.695,0.6950000000000001,0.7973444444444444,FM-Full_A-None_AdaBN-F,150,150,150
Yang2025,EEGNetv4,1,45,0.84,0.8400000000000001,0.9106,0.8883333333333333,0.8883333333333333,0.9479999999999998,FM-Full_A-None_AdaBN-F,150,150,150
Yang2025,EEGNetv4,1,47,0.89,0.8899999999999999,0.9456333333333332,0.9116666666666666,0.9116666666666666,0.9726166666666668,FM-Full_A-None_AdaBN-F,150,150,150
Yang2025,EEGNetv4,1,48,0.83,0.8300000000000001,0.9001611111111111,0.8883333333333333,0.8883333333333333,0.9516555555555556,FM-Full_A-None_AdaBN-F,150,150,150
Yang2025,EEGNetv4,1,49,0.91,0.91,0.9701,0.9566666666666668,0.9566666666666668,0.988488888888889,FM-Full_A-None_AdaBN-F,150,150,150
Yang2025,EEGNetv4,1,50,0.9283333333333332,0.9283333333333332,0.9767777777777776,0.9516666666666668,0.9516666666666668,0.984677777777778,FM-Full_A-None_AdaBN-F,150,150,150
Yang2025,EEGNetv4,2,1,0.82,0.8200000000000001,0.9608666666666668,0.9333333333333332,0.9333333333333332,0.9830444444444444,FM-Full_A-None_AdaBN-F,150,150,150
Yang2025,EEGNetv4,2,2,0.66,0.6599999999999999,0.7270444444444444,0.6483333333333333,0.6483333333333333,0.7165388888888888,FM-Full_A-None_AdaBN-F,150,150,150
Yang2025,EEGNetv4,2,3,0.8766666666666667,0.8766666666666667,0.9532777777777778,0.925,0.925,0.9775611111111112,FM-Full_A-None_AdaBN-F,150,150,150
Yang2025,EEGNetv4,2,6,0.8466666666666667,0.8466666666666667,0.9336333333333332,0.96,0.96,0.9919555555555556,FM-Full_A-None_AdaBN-F,150,150,150
Yang2025,EEGNetv4,2,8,0.8483333333333334,0.8483333333333334,0.9386888888888888,0.9033333333333332,0.9033333333333332,0.9615888888888888,FM-Full_A-None_AdaBN-F,150,150,150
Yang2025,EEGNetv4,2,11,0.835,0.835,0.9185666666666666,0.91,0.91,0.9621222222222222,FM-Full_A-None_AdaBN-F,150,150,150
Yang2025,EEGNetv4,2,12,0.58,0.5800000000000001,0.6432444444444445,0.5933333333333334,0.5933333333333333,0.6216222222222223,FM-Full_A-None_AdaBN-F,150,150,150
Yang2025,EEGNetv4,2,15,0.7583333333333333,0.7583333333333333,0.8137666666666667,0.7966666666666666,0.7966666666666666,0.8627055555555556,FM-Full_A-None_AdaBN-F,150,150,150
Yang2025,EEGNetv4,2,19,0.7783333333333333,0.7783333333333333,0.8706555555555556,0.8466666666666667,0.8466666666666667,0.931177777777778,FM-Full_A-None_AdaBN-F,150,150,150
Yang2025,EEGNetv4,2,21,0.8133333333333334,0.8133333333333332,0.8999777777777778,0.8816666666666667,0.8816666666666666,0.942822222222222,FM-Full_A-None_AdaBN-F,150,150,150
Yang2025,EEGNetv4,2,22,0.7316666666666667,0.7316666666666667,0.8030222222222222,0.82,0.8200000000000001,0.9102611111111112,FM-Full_A-None_AdaBN-F,150,150,150
Yang2025,EEGNetv4,2,23,0.8797996661101837,0.8799275362318841,0.95273132664437,0.9515859766277128,0.9515997770345596,0.9854515050167224,FM-Full_A-None_AdaBN-F,150,150,150
Yang2025,EEGNetv4,2,24,0.9023569023569024,0.902265100671141,0.9677353528024668,0.9595959595959596,0.959618175222202,0.9908625068021042,FM-Full_A-None_AdaBN-F,150,150,150
Yang2025,EEGNetv4,2,28,0.8,0.8,0.8828444444444444,0.855,0.855,0.9317944444444444,FM-Full_A-None_AdaBN-F,150,150,150
Yang2025,EEGNetv4,2,29,0.7116666666666667,0.7116666666666667,0.7695222222222222,0.8316666666666667,0.8316666666666668,0.9119222222222224,FM-Full_A-None_AdaBN-F,150,150,150
Yang2025,EEGNetv4,2,30,0.8416666666666667,0.8416666666666667,0.91095,0.83,0.8300000000000001,0.9561166666666668,FM-Full_A-None_AdaBN-F,150,150,150
Yang2025,EEGNetv4,2,35,0.9116666666666666,0.9116666666666666,0.9711555555555555,0.965,0.965,0.9921888888888888,FM-Full_A-None_AdaBN-F,150,150,150
Yang2025,EEGNetv4,2,36,0.8466666666666667,0.8466666666666667,0.9607777777777776,0.92,0.92,0.9733666666666668,FM-Full_A-None_AdaBN-F,150,150,150
Yang2025,EEGNetv4,2,38,0.5816666666666667,0.5816666666666667,0.6258111111111111,0.68,0.6799999999999999,0.7458777777777778,FM-Full_A-None_AdaBN-F,150,150,150
Yang2025,EEGNetv4,2,39,0.67,0.67,0.7485888888888889,0.725,0.725,0.8135388888888888,FM-Full_A-None_AdaBN-F,150,150,150
Yang2025,EEGNetv4,2,40,0.7133333333333334,0.7133333333333334,0.8668333333333332,0.845,0.845,0.9223388888888888,FM-Full_A-None_AdaBN-F,150,150,150
Yang2025,EEGNetv4,2,42,0.7266666666666667,0.7266666666666667,0.832188888888889,0.7666666666666667,0.7666666666666666,0.8507277777777779,FM-Full_A-None_AdaBN-F,150,150,150
Yang2025,EEGNetv4,2,43,0.9083333333333332,0.9083333333333332,0.9947,0.98,0.98,0.9991555555555556,FM-Full_A-None_AdaBN-F,150,150,150
Yang2025,EEGNetv4,2,46,0.8816666666666667,0.8816666666666667,0.9849555555555556,0.985,0.985,0.9987444444444444,FM-Full_A-None_AdaBN-F,150,150,150
Yang2025,EEGNetv4,2,51,0.76,0.76,0.8767555555555556,0.8666666666666667,0.8666666666666667,0.9497555555555556,FM-Full_A-None_AdaBN-F,150,150,150
Yang2025,DeepConvNet,1,4,0.6033333333333334,0.6033333333333334,0.6518333333333334,0.55,0.55,0.5786444444444445,FM-Full_A-None_AdaBN-F,300,300,300
Yang2025,DeepConvNet,1,5,0.875,0.875,0.9513888888888888,0.9116666666666666,0.9116666666666666,0.9691333333333332,FM-Full_A-None_AdaBN-F,300,300,300
Yang2025,DeepConvNet,1,7,0.815,0.815,0.9178222222222222,0.8316666666666667,0.8316666666666667,0.9302111111111112,FM-Full_A-None_AdaBN-F,300,300,300
Yang2025,DeepConvNet,1,9,0.7283333333333334,0.7283333333333333,0.8263555555555555,0.7166666666666667,0.7166666666666666,0.8120611111111111,FM-Full_A-None_AdaBN-F,300,300,300
Yang2025,DeepConvNet,1,10,0.8583333333333333,0.8583333333333334,0.9302,0.885,0.885,0.9577444444444444,FM-Full_A-None_AdaBN-F,300,300,300
Yang2025,DeepConvNet,1,13,0.7533333333333333,0.7533333333333334,0.8529222222222222,0.8266666666666667,0.8266666666666667,0.9141166666666668,FM-Full_A-None_AdaBN-F,300,300,300
Yang2025,DeepConvNet,1,14,0.5816666666666667,0.5816666666666667,0.6228,0.6,0.6,0.6302,FM-Full_A-None_AdaBN-F,300,300,300
Yang2025,DeepConvNet,1,16,0.575,0.575,0.6065,0.6333333333333333,0.6333333333333333,0.7076111111111112,FM-Full_A-None_AdaBN-F,300,300,300
Yang2025,DeepConvNet,1,17,0.7966666666666666,0.7966666666666666,0.9065333333333332,0.8483333333333334,0.8483333333333334,0.9332277777777775,FM-Full_A-None_AdaBN-F,300,300,300
Yang2025,DeepConvNet,1,18,0.665,0.665,0.7457666666666667,0.7083333333333334,0.7083333333333333,0.7862611111111111,FM-Full_A-None_AdaBN-F,300,300,300
Yang2025,DeepConvNet,1,20,0.7683333333333333,0.7683333333333333,0.8737,0.9366666666666666,0.9366666666666666,0.9881666666666666,FM-Full_A-None_AdaBN-F,300,300,300
Yang2025,DeepConvNet,1,25,0.9333333333333332,0.9333333333333332,0.9739333333333332,0.9716666666666668,0.9716666666666668,0.9968888888888888,FM-Full_A-None_AdaBN-F,300,300,300
Yang2025,DeepConvNet,1,26,0.8447412353923205,0.8446711259754738,0.912263099219621,0.9365609348914858,0.9366109253065776,0.985340022296544,FM-Full_A-None_AdaBN-F,300,300,300
Yang2025,DeepConvNet,1,27,0.6416666666666667,0.6416666666666667,0.7175444444444444,0.7483333333333333,0.7483333333333333,0.8304666666666668,FM-Full_A-None_AdaBN-F,300,300,300
Yang2025,DeepConvNet,1,31,0.75,0.75,0.8618888888888889,0.8383333333333334,0.8383333333333334,0.9150833333333334,FM-Full_A-None_AdaBN-F,300,300,300
Yang2025,DeepConvNet,1,32,0.5509181969949917,0.5514437012263099,0.644659977703456,0.666110183639399,0.6662374581939798,0.7133221850613155,FM-Full_A-None_AdaBN-F,300,300,300
Yang2025,DeepConvNet,1,33,0.9483333333333334,0.9483333333333333,0.9936777777777778,0.9716666666666668,0.9716666666666668,0.9969222222222222,FM-Full_A-None_AdaBN-F,300,300,300
Yang2025,DeepConvNet,1,34,0.6566666666666666,0.6566666666666667,0.6881111111111111,0.8483333333333334,0.8483333333333334,0.9180444444444444,FM-Full_A-None_AdaBN-F,300,300,300
Yang2025,DeepConvNet,1,37,0.845,0.845,0.9372555555555556,0.945,0.945,0.9848666666666668,FM-Full_A-None_AdaBN-F,300,300,300
Yang2025,DeepConvNet,1,41,0.8133333333333334,0.8133333333333332,0.9391333333333332,0.9133333333333332,0.9133333333333332,0.9726388888888888,FM-Full_A-None_AdaBN-F,300,300,300
Yang2025,DeepConvNet,1,44,0.7483333333333333,0.7483333333333333,0.8472222222222222,0.7716666666666666,0.7716666666666667,0.8458888888888889,FM-Full_A-None_AdaBN-F,300,300,300
Yang2025,DeepConvNet,1,45,0.8966666666666666,0.8966666666666667,0.9595555555555556,0.8983333333333333,0.8983333333333333,0.961022222222222,FM-Full_A-None_AdaBN-F,300,300,300
Yang2025,DeepConvNet,1,47,0.9183333333333332,0.9183333333333332,0.9796,0.9366666666666666,0.9366666666666668,0.9840666666666666,FM-Full_A-None_AdaBN-F,300,300,300
Yang2025,DeepConvNet,1,48,0.8716666666666667,0.8716666666666666,0.9555888888888888,0.9366666666666666,0.9366666666666666,0.9748611111111112,FM-Full_A-None_AdaBN-F,300,300,300
Yang2025,DeepConvNet,1,49,0.9266666666666666,0.9266666666666667,0.9942333333333332,0.9766666666666668,0.9766666666666666,0.9970666666666664,FM-Full_A-None_AdaBN-F,300,300,300
Yang2025,DeepConvNet,1,50,0.9366666666666666,0.9366666666666666,0.9932777777777776,0.97,0.97,0.9958,FM-Full_A-None_AdaBN-F,300,300,300
Yang2025,DeepConvNet,2,1,0.925,0.925,0.9896,0.9616666666666668,0.9616666666666668,0.993677777777778,FM-Full_A-None_AdaBN-F,300,300,300
Yang2025,DeepConvNet,2,2,0.7066666666666667,0.7066666666666667,0.7944666666666667,0.67,0.67,0.7631000000000001,FM-Full_A-None_AdaBN-F,300,300,300
Yang2025,DeepConvNet,2,3,0.9616666666666668,0.9616666666666668,0.9924,0.98,0.98,0.9969,FM-Full_A-None_AdaBN-F,300,300,300
Yang2025,DeepConvNet,2,6,0.9433333333333334,0.9433333333333334,0.9935,0.975,0.975,0.9981333333333332,FM-Full_A-None_AdaBN-F,300,300,300
Yang2025,DeepConvNet,2,8,0.9116666666666666,0.9116666666666666,0.9781888888888888,0.9433333333333334,0.9433333333333334,0.9845333333333334,FM-Full_A-None_AdaBN-F,300,300,300
Yang2025,DeepConvNet,2,11,0.935,0.935,0.9777777777777776,0.9516666666666668,0.9516666666666668,0.9896444444444444,FM-Full_A-None_AdaBN-F,300,300,300
Yang2025,DeepConvNet,2,12,0.6183333333333333,0.6183333333333334,0.6883777777777778,0.6083333333333333,0.6083333333333334,0.6327333333333334,FM-Full_A-None_AdaBN-F,300,300,300
Yang2025,DeepConvNet,2,15,0.8083333333333333,0.8083333333333333,0.8672166666666666,0.865,0.865,0.9338222222222222,FM-Full_A-None_AdaBN-F,300,300,300
Yang2025,DeepConvNet,2,19,0.8466666666666667,0.8466666666666667,0.9401888888888889,0.8916666666666667,0.8916666666666666,0.9592333333333332,FM-Full_A-None_AdaBN-F,300,300,300
Yang2025,DeepConvNet,2,21,0.885,0.885,0.9563555555555556,0.9083333333333332,0.9083333333333334,0.9686222222222224,FM-Full_A-None_AdaBN-F,300,300,300
Yang2025,DeepConvNet,2,22,0.8266666666666667,0.8266666666666667,0.9101444444444444,0.8766666666666667,0.8766666666666667,0.9488888888888888,FM-Full_A-None_AdaBN-F,300,300,300
Yang2025,DeepConvNet,2,23,0.9398998330550918,0.939933110367893,0.9853288740245262,0.98330550918197,0.9833221850613156,0.995752508361204,FM-Full_A-None_AdaBN-F,300,300,300
Yang2025,DeepConvNet,2,24,0.9393939393939394,0.9393705786323236,0.9903410121530928,0.9814814814814816,0.9814756031198985,0.9984695265735536,FM-Full_A-None_AdaBN-F,300,300,300
Yang2025,DeepConvNet,2,28,0.8933333333333333,0.8933333333333333,0.9692111111111112,0.93,0.93,0.9729222222222222,FM-Full_A-None_AdaBN-F,300,300,300
Yang2025,DeepConvNet,2,29,0.7833333333333333,0.7833333333333333,0.8801888888888889,0.8633333333333333,0.8633333333333333,0.944888888888889,FM-Full_A-None_AdaBN-F,300,300,300
Yang2025,DeepConvNet,2,30,0.94,0.94,0.9868111111111112,0.9783333333333334,0.9783333333333332,0.9932777777777778,FM-Full_A-None_AdaBN-F,300,300,300
Yang2025,DeepConvNet,2,35,0.9616666666666668,0.9616666666666668,0.9956777777777776,0.9816666666666668,0.9816666666666668,0.9979888888888888,FM-Full_A-None_AdaBN-F,300,300,300
Yang2025,DeepConvNet,2,36,0.9133333333333332,0.9133333333333332,0.9820555555555556,0.935,0.935,0.9890222222222222,FM-Full_A-None_AdaBN-F,300,300,300
Yang2025,DeepConvNet,2,38,0.6066666666666667,0.6066666666666667,0.6195444444444445,0.7133333333333334,0.7133333333333334,0.8047555555555556,FM-Full_A-None_AdaBN-F,300,300,300
Yang2025,DeepConvNet,2,39,0.7,0.7,0.8074111111111112,0.8033333333333333,0.8033333333333332,0.8826999999999999,FM-Full_A-None_AdaBN-F,300,300,300
Yang2025,DeepConvNet,2,40,0.775,0.7749999999999999,0.9139333333333332,0.8583333333333333,0.8583333333333334,0.9502666666666666,FM-Full_A-None_AdaBN-F,300,300,300
Yang2025,DeepConvNet,2,42,0.825,0.825,0.913111111111111,0.8633333333333333,0.8633333333333333,0.9242833333333332,FM-Full_A-None_AdaBN-F,300,300,300
Yang2025,DeepConvNet,2,43,0.985,0.985,0.999788888888889,1.0,1.0,1.0,FM-Full_A-None_AdaBN-F,300,300,300
Yang2025,DeepConvNet,2,46,0.9533333333333334,0.9533333333333334,0.9973777777777776,0.995,0.995,0.9998333333333334,FM-Full_A-None_AdaBN-F,300,300,300
Yang2025,DeepConvNet,2,51,0.8466666666666667,0.8466666666666667,0.9658444444444444,0.9316666666666666,0.9316666666666666,0.9823888888888888,FM-Full_A-None_AdaBN-F,300,300,300
Yang2025,ATCNet,1,4,0.52,0.52,0.5695555555555556,0.525,0.525,0.5338666666666666,FM-Full_A-None_AdaBN-F,300,300,300
Yang2025,ATCNet,1,5,0.64,0.64,0.6844444444444444,0.8,0.8,0.8665222222222222,FM-Full_A-None_AdaBN-F,300,300,300
Yang2025,ATCNet,1,7,0.5733333333333334,0.5733333333333334,0.6369888888888888,0.6516666666666666,0.6516666666666666,0.7221444444444445,FM-Full_A-None_AdaBN-F,300,300,300
Yang2025,ATCNet,1,9,0.5583333333333333,0.5583333333333333,0.6658999999999999,0.655,0.655,0.7369555555555556,FM-Full_A-None_AdaBN-F,300,300,300
Yang2025,ATCNet,1,10,0.685,0.685,0.7878555555555555,0.79,0.79,0.8754222222222221,FM-Full_A-None_AdaBN-F,300,300,300
Yang2025,ATCNet,1,13,0.5833333333333334,0.5833333333333334,0.7086111111111111,0.6633333333333333,0.6633333333333333,0.7412666666666667,FM-Full_A-None_AdaBN-F,300,300,300
Yang2025,ATCNet,1,14,0.5266666666666666,0.5266666666666667,0.5829222222222222,0.5383333333333333,0.5383333333333333,0.5341666666666667,FM-Full_A-None_AdaBN-F,300,300,300
Yang2025,ATCNet,1,16,0.575,0.575,0.6154222222222223,0.6866666666666666,0.6866666666666668,0.7311,FM-Full_A-None_AdaBN-F,300,300,300
Yang2025,ATCNet,1,17,0.535,0.535,0.6141888888888889,0.6683333333333333,0.6683333333333333,0.7415333333333334,FM-Full_A-None_AdaBN-F,300,300,300
Yang2025,ATCNet,1,18,0.5783333333333334,0.5783333333333334,0.6287666666666667,0.6316666666666667,0.6316666666666666,0.7140555555555556,FM-Full_A-None_AdaBN-F,300,300,300
Yang2025,ATCNet,1,20,0.535,0.535,0.5732,0.67,0.6699999999999999,0.7521111111111111,FM-Full_A-None_AdaBN-F,300,300,300
Yang2025,ATCNet,1,25,0.535,0.535,0.8307111111111112,0.8333333333333334,0.8333333333333333,0.9282777777777778,FM-Full_A-None_AdaBN-F,300,300,300
Yang2025,ATCNet,1,26,0.5659432387312187,0.5659308807134894,0.5894537346711259,0.8514190317195326,0.8514437012263099,0.9306243032329988,FM-Full_A-None_AdaBN-F,300,300,300
Yang2025,ATCNet,1,27,0.5833333333333334,0.5833333333333333,0.6183666666666667,0.73,0.73,0.8289333333333334,FM-Full_A-None_AdaBN-F,300,300,300
Yang2025,ATCNet,1,31,0.6783333333333333,0.6783333333333333,0.7903111111111112,0.7666666666666667,0.7666666666666666,0.8628666666666667,FM-Full_A-None_AdaBN-F,300,300,300
Yang2025,ATCNet,1,32,0.5859766277128547,0.5865830546265329,0.7085395763656632,0.7746243739565943,0.7747547380156076,0.8703567447045707,FM-Full_A-None_AdaBN-F,300,300,300
Yang2025,ATCNet,1,33,0.5966666666666667,0.5966666666666667,0.9530444444444444,0.9383333333333334,0.9383333333333332,0.9908555555555556,FM-Full_A-None_AdaBN-F,300,300,300
Yang2025,ATCNet,1,34,0.38,0.38,0.3174777777777777,0.855,0.855,0.9314777777777778,FM-Full_A-None_AdaBN-F,300,300,300
Yang2025,ATCNet,1,37,0.7216666666666667,0.7216666666666667,0.8099666666666666,0.7883333333333333,0.7883333333333333,0.8782777777777778,FM-Full_A-None_AdaBN-F,300,300,300
Yang2025,ATCNet,1,41,0.7866666666666666,0.7866666666666666,0.9439666666666666,0.9,0.8999999999999999,0.964677777777778,FM-Full_A-None_AdaBN-F,300,300,300
Yang2025,ATCNet,1,44,0.5516666666666666,0.5516666666666666,0.6406777777777779,0.6266666666666667,0.6266666666666667,0.6882555555555555,FM-Full_A-None_AdaBN-F,300,300,300
Yang2025,ATCNet,1,45,0.555,0.5549999999999999,0.7086777777777777,0.71,0.71,0.7915444444444446,FM-Full_A-None_AdaBN-F,300,300,300
Yang2025,ATCNet,1,47,0.685,0.685,0.7676888888888889,0.765,0.7649999999999999,0.8501444444444446,FM-Full_A-None_AdaBN-F,300,300,300
Yang2025,ATCNet,1,48,0.6816666666666666,0.6816666666666666,0.7464444444444446,0.7583333333333333,0.7583333333333333,0.8250888888888889,FM-Full_A-None_AdaBN-F,300,300,300
Yang2025,ATCNet,1,49,0.7833333333333333,0.7833333333333333,0.8952444444444445,0.8783333333333333,0.8783333333333334,0.9557444444444444,FM-Full_A-None_AdaBN-F,300,300,300
Yang2025,ATCNet,1,50,0.7466666666666667,0.7466666666666666,0.8476222222222223,0.8666666666666667,0.8666666666666667,0.9338,FM-Full_A-None_AdaBN-F,300,300,300
Yang2025,ATCNet,2,1,0.7933333333333333,0.7933333333333332,0.8877222222222223,0.8683333333333333,0.8683333333333334,0.9369666666666666,FM-Full_A-None_AdaBN-F,300,300,300
Yang2025,ATCNet,2,2,0.57,0.5700000000000001,0.5810555555555555,0.6066666666666667,0.6066666666666667,0.647888888888889,FM-Full_A-None_AdaBN-F,300,300,300
Yang2025,ATCNet,2,3,0.9066666666666666,0.9066666666666666,0.9753111111111112,0.905,0.905,0.9569666666666669,FM-Full_A-None_AdaBN-F,300,300,300
Yang2025,ATCNet,2,6,0.91,0.91,0.9721666666666666,0.9466666666666668,0.9466666666666668,0.9893555555555557,FM-Full_A-None_AdaBN-F,300,300,300
Yang2025,ATCNet,2,8,0.815,0.815,0.8845444444444446,0.8316666666666667,0.8316666666666667,0.9156777777777778,FM-Full_A-None_AdaBN-F,300,300,300
Yang2025,ATCNet,2,11,0.8133333333333334,0.8133333333333332,0.901588888888889,0.8466666666666667,0.8466666666666667,0.9339333333333332,FM-Full_A-None_AdaBN-F,300,300,300
Yang2025,ATCNet,2,12,0.5816666666666667,0.5816666666666667,0.5781000000000001,0.5516666666666666,0.5516666666666667,0.5695222222222223,FM-Full_A-None_AdaBN-F,300,300,300
Yang2025,ATCNet,2,15,0.7716666666666666,0.7716666666666667,0.8340555555555554,0.7083333333333334,0.7083333333333333,0.7883666666666667,FM-Full_A-None_AdaBN-F,300,300,300
Yang2025,ATCNet,2,19,0.77,0.77,0.8656444444444444,0.85,0.85,0.9235,FM-Full_A-None_AdaBN-F,300,300,300
Yang2025,ATCNet,2,21,0.6933333333333334,0.6933333333333334,0.7797888888888889,0.785,0.7849999999999999,0.8764666666666667,FM-Full_A-None_AdaBN-F,300,300,300
Yang2025,ATCNet,2,22,0.68,0.6799999999999999,0.7367666666666667,0.795,0.795,0.8677222222222222,FM-Full_A-None_AdaBN-F,300,300,300
Yang2025,ATCNet,2,23,0.8514190317195326,0.8514715719063545,0.9072017837235228,0.8848080133555927,0.8848160535117057,0.9524303232998884,FM-Full_A-None_AdaBN-F,300,300,300
Yang2025,ATCNet,2,24,0.8518518518518519,0.8518728460003628,0.9310153274079448,0.925925925925926,0.925845728278614,0.98653183384727,FM-Full_A-None_AdaBN-F,300,300,300
Yang2025,ATCNet,2,28,0.8283333333333334,0.8283333333333334,0.9366111111111112,0.9033333333333332,0.9033333333333332,0.9704555555555556,FM-Full_A-None_AdaBN-F,300,300,300
Yang2025,ATCNet,2,29,0.9016666666666666,0.9016666666666666,0.9614111111111112,0.9516666666666668,0.9516666666666668,0.9930666666666668,FM-Full_A-None_AdaBN-F,300,300,300
Yang2025,ATCNet,2,30,0.7933333333333333,0.7933333333333333,0.8667666666666667,0.73,0.73,0.746388888888889,FM-Full_A-None_AdaBN-F,300,300,300
Yang2025,ATCNet,2,35,0.645,0.645,0.7331000000000001,0.7716666666666666,0.7716666666666667,0.8528777777777778,FM-Full_A-None_AdaBN-F,300,300,300
Yang2025,ATCNet,2,36,0.7616666666666667,0.7616666666666667,0.8701111111111112,0.8316666666666667,0.8316666666666667,0.9195222222222222,FM-Full_A-None_AdaBN-F,300,300,300
Yang2025,ATCNet,2,38,0.52,0.52,0.5317333333333333,0.55,0.55,0.5862222222222222,FM-Full_A-None_AdaBN-F,300,300,300
Yang2025,ATCNet,2,39,0.685,0.685,0.803988888888889,0.795,0.7949999999999999,0.8827333333333333,FM-Full_A-None_AdaBN-F,300,300,300
Yang2025,ATCNet,2,40,0.7433333333333333,0.7433333333333334,0.8383777777777779,0.795,0.795,0.8670444444444445,FM-Full_A-None_AdaBN-F,300,300,300
Yang2025,ATCNet,2,42,0.68,0.68,0.7921777777777778,0.7083333333333334,0.7083333333333333,0.7873222222222221,FM-Full_A-None_AdaBN-F,300,300,300
Yang2025,ATCNet,2,43,0.7716666666666666,0.7716666666666667,0.8766888888888889,0.8883333333333333,0.8883333333333333,0.9596888888888888,FM-Full_A-None_AdaBN-F,300,300,300
Yang2025,ATCNet,2,46,0.7316666666666667,0.7316666666666667,0.8946111111111111,0.91,0.91,0.9729111111111112,FM-Full_A-None_AdaBN-F,300,300,300
Yang2025,ATCNet,2,51,0.7583333333333333,0.7583333333333333,0.8708666666666667,0.84,0.84,0.9162222222222224,FM-Full_A-None_AdaBN-F,300,300,300
Yang2025,ShallowConvNet,1,4,0.575,0.575,0.6176722222222222,0.5516666666666666,0.5516666666666666,0.5834166666666667,FM-Full_A-None_AdaBN-F,300,300,300
Yang2025,ShallowConvNet,1,5,0.8483333333333334,0.8483333333333334,0.9343055555555556,0.865,0.865,0.9468388888888888,FM-Full_A-None_AdaBN-F,300,300,300
Yang2025,ShallowConvNet,1,7,0.785,0.7849999999999999,0.8743611111111111,0.7933333333333333,0.7933333333333333,0.8724444444444444,FM-Full_A-None_AdaBN-F,300,300,300
Yang2025,ShallowConvNet,1,9,0.7033333333333334,0.7033333333333334,0.7844833333333334,0.7016666666666667,0.7016666666666667,0.7882111111111112,FM-Full_A-None_AdaBN-F,300,300,300
Yang2025,ShallowConvNet,1,10,0.7816666666666666,0.7816666666666667,0.8804333333333334,0.81,0.81,0.9009333333333334,FM-Full_A-None_AdaBN-F,300,300,300
Yang2025,ShallowConvNet,1,13,0.7633333333333333,0.7633333333333333,0.8404944444444444,0.7816666666666666,0.7816666666666667,0.8578277777777777,FM-Full_A-None_AdaBN-F,300,300,300
Yang2025,ShallowConvNet,1,14,0.5633333333333334,0.5633333333333334,0.5905,0.5533333333333333,0.5533333333333333,0.57675,FM-Full_A-None_AdaBN-F,300,300,300
Yang2025,ShallowConvNet,1,16,0.63,0.63,0.6476222222222222,0.625,0.625,0.6747111111111112,FM-Full_A-None_AdaBN-F,300,300,300
Yang2025,ShallowConvNet,1,17,0.7966666666666666,0.7966666666666666,0.8586500000000001,0.7716666666666666,0.7716666666666667,0.8692722222222222,FM-Full_A-None_AdaBN-F,300,300,300
Yang2025,ShallowConvNet,1,18,0.68,0.6799999999999999,0.7445999999999999,0.71,0.71,0.7622944444444445,FM-Full_A-None_AdaBN-F,300,300,300
Yang2025,ShallowConvNet,1,20,0.7716666666666666,0.7716666666666667,0.8671222222222223,0.9066666666666666,0.9066666666666666,0.9595722222222224,FM-Full_A-None_AdaBN-F,300,300,300
Yang2025,ShallowConvNet,1,25,0.895,0.895,0.9446888888888888,0.935,0.935,0.9753333333333334,FM-Full_A-None_AdaBN-F,300,300,300
Yang2025,ShallowConvNet,1,26,0.7929883138564274,0.7929096989966555,0.8760813823857303,0.8898163606010017,0.8898049052396878,0.9522519509476032,FM-Full_A-None_AdaBN-F,300,300,300
Yang2025,ShallowConvNet,1,27,0.6033333333333334,0.6033333333333333,0.6339333333333333,0.69,0.69,0.7699166666666666,FM-Full_A-None_AdaBN-F,300,300,300
Yang2025,ShallowConvNet,1,31,0.7133333333333334,0.7133333333333334,0.786038888888889,0.7616666666666667,0.7616666666666667,0.8497111111111111,FM-Full_A-None_AdaBN-F,300,300,300
Yang2025,ShallowConvNet,1,32,0.5776293823038398,0.5776309921962095,0.6129765886287626,0.6477462437395659,0.6477146042363433,0.7095373467112598,FM-Full_A-None_AdaBN-F,300,300,300
Yang2025,ShallowConvNet,1,33,0.9166666666666666,0.9166666666666669,0.971488888888889,0.95,0.95,0.9902777777777778,FM-Full_A-None_AdaBN-F,300,300,300
Yang2025,ShallowConvNet,1,34,0.6116666666666667,0.6116666666666666,0.6395777777777778,0.8183333333333334,0.8183333333333334,0.8874777777777778,FM-Full_A-None_AdaBN-F,300,300,300
Yang2025,ShallowConvNet,1,37,0.8,0.8,0.8974666666666666,0.89,0.8899999999999999,0.9582,FM-Full_A-None_AdaBN-F,300,300,300
Yang2025,ShallowConvNet,1,41,0.8416666666666667,0.8416666666666667,0.9320111111111112,0.8933333333333333,0.8933333333333333,0.9619777777777776,FM-Full_A-None_AdaBN-F,300,300,300
Yang2025,ShallowConvNet,1,44,0.7366666666666667,0.7366666666666666,0.8061444444444443,0.7466666666666667,0.7466666666666667,0.8116388888888889,FM-Full_A-None_AdaBN-F,300,300,300
Yang2025,ShallowConvNet,1,45,0.8516666666666667,0.8516666666666666,0.9326722222222223,0.87,0.87,0.9398666666666666,FM-Full_A-None_AdaBN-F,300,300,300
Yang2025,ShallowConvNet,1,47,0.8666666666666667,0.8666666666666667,0.9398,0.8866666666666667,0.8866666666666667,0.9507666666666666,FM-Full_A-None_AdaBN-F,300,300,300
Yang2025,ShallowConvNet,1,48,0.8133333333333334,0.8133333333333334,0.925788888888889,0.885,0.885,0.9480444444444444,FM-Full_A-None_AdaBN-F,300,300,300
Yang2025,ShallowConvNet,1,49,0.9216666666666666,0.9216666666666666,0.9817444444444444,0.9583333333333334,0.9583333333333331,0.9905222222222222,FM-Full_A-None_AdaBN-F,300,300,300
Yang2025,ShallowConvNet,1,50,0.9433333333333334,0.9433333333333334,0.9809277777777776,0.9383333333333334,0.9383333333333334,0.9843777777777778,FM-Full_A-None_AdaBN-F,300,300,300
Yang2025,ShallowConvNet,2,1,0.9066666666666666,0.9066666666666668,0.9786111111111112,0.9283333333333332,0.9283333333333332,0.9812333333333334,FM-Full_A-None_AdaBN-F,300,300,300
Yang2025,ShallowConvNet,2,2,0.665,0.665,0.7500666666666667,0.655,0.655,0.7352888888888888,FM-Full_A-None_AdaBN-F,300,300,300
Yang2025,ShallowConvNet,2,3,0.9333333333333332,0.9333333333333332,0.9841333333333334,0.9466666666666668,0.9466666666666668,0.9896666666666668,FM-Full_A-None_AdaBN-F,300,300,300
Yang2025,ShallowConvNet,2,6,0.8816666666666667,0.8816666666666666,0.9646222222222224,0.9583333333333334,0.9583333333333331,0.9910666666666668,FM-Full_A-None_AdaBN-F,300,300,300
Yang2025,ShallowConvNet,2,8,0.9216666666666666,0.9216666666666666,0.9754944444444446,0.9266666666666666,0.9266666666666666,0.978311111111111,FM-Full_A-None_AdaBN-F,300,300,300
Yang2025,ShallowConvNet,2,11,0.9,0.8999999999999999,0.9635444444444444,0.915,0.915,0.9714277777777778,FM-Full_A-None_AdaBN-F,300,300,300
Yang2025,ShallowConvNet,2,12,0.625,0.625,0.6747333333333334,0.5716666666666667,0.5716666666666668,0.6265444444444445,FM-Full_A-None_AdaBN-F,300,300,300
Yang2025,ShallowConvNet,2,15,0.765,0.765,0.8540222222222223,0.795,0.7949999999999999,0.8787666666666667,FM-Full_A-None_AdaBN-F,300,300,300
Yang2025,ShallowConvNet,2,19,0.8216666666666667,0.8216666666666667,0.9156222222222224,0.86,0.8600000000000001,0.9419444444444444,FM-Full_A-None_AdaBN-F,300,300,300
Yang2025,ShallowConvNet,2,21,0.8633333333333333,0.8633333333333333,0.9413555555555556,0.89,0.89,0.9561222222222222,FM-Full_A-None_AdaBN-F,300,300,300
Yang2025,ShallowConvNet,2,22,0.785,0.7849999999999999,0.8433888888888889,0.835,0.835,0.9127888888888888,FM-Full_A-None_AdaBN-F,300,300,300
Yang2025,ShallowConvNet,2,23,0.9265442404006676,0.9265384615384616,0.9773857302118172,0.9499165275459098,0.9499052396878483,0.9892196209587514,FM-Full_A-None_AdaBN-F,300,300,300
Yang2025,ShallowConvNet,2,24,0.9494949494949496,0.9494943769272628,0.9860216760384544,0.9646464646464646,0.964640395428986,0.9914066751315074,FM-Full_A-None_AdaBN-F,300,300,300
Yang2025,ShallowConvNet,2,28,0.725,0.725,0.9040444444444444,0.8816666666666667,0.8816666666666666,0.9518,FM-Full_A-None_AdaBN-F,300,300,300
Yang2025,ShallowConvNet,2,29,0.755,0.755,0.8483666666666666,0.8816666666666667,0.8816666666666667,0.95005,FM-Full_A-None_AdaBN-F,300,300,300
Yang2025,ShallowConvNet,2,30,0.9016666666666666,0.9016666666666666,0.970488888888889,0.95,0.95,0.9835,FM-Full_A-None_AdaBN-F,300,300,300
Yang2025,ShallowConvNet,2,35,0.9166666666666666,0.9166666666666666,0.9810666666666668,0.9666666666666668,0.9666666666666668,0.9932222222222222,FM-Full_A-None_AdaBN-F,300,300,300
Yang2025,ShallowConvNet,2,36,0.9233333333333332,0.9233333333333332,0.9808444444444444,0.9366666666666666,0.9366666666666666,0.9845833333333334,FM-Full_A-None_AdaBN-F,300,300,300
Yang2025,ShallowConvNet,2,38,0.5866666666666667,0.5866666666666667,0.6571555555555555,0.6466666666666666,0.6466666666666667,0.7131722222222222,FM-Full_A-None_AdaBN-F,300,300,300
Yang2025,ShallowConvNet,2,39,0.7133333333333334,0.7133333333333334,0.78525,0.7483333333333333,0.7483333333333333,0.84385,FM-Full_A-None_AdaBN-F,300,300,300
Yang2025,ShallowConvNet,2,40,0.7866666666666666,0.7866666666666666,0.8886888888888889,0.8416666666666667,0.8416666666666667,0.9193777777777776,FM-Full_A-None_AdaBN-F,300,300,300
Yang2025,ShallowConvNet,2,42,0.8083333333333333,0.8083333333333333,0.893,0.8116666666666666,0.8116666666666666,0.8989888888888888,FM-Full_A-None_AdaBN-F,300,300,300
Yang2025,ShallowConvNet,2,43,0.9766666666666668,0.9766666666666666,0.9985444444444443,0.9883333333333332,0.9883333333333332,0.9997444444444444,FM-Full_A-None_AdaBN-F,300,300,300
Yang2025,ShallowConvNet,2,46,0.9516666666666668,0.9516666666666668,0.993311111111111,0.9816666666666668,0.9816666666666668,0.999,FM-Full_A-None_AdaBN-F,300,300,300
Yang2025,ShallowConvNet,2,51,0.8316666666666667,0.8316666666666667,0.9305666666666668,0.88,0.88,0.9518222222222222,FM-Full_A-None_AdaBN-F,300,300,300
Yang2025,EEGNetv4,1,4,0.5616666666666666,0.5616666666666666,0.6231333333333333,0.5633333333333334,0.5633333333333334,0.5904555555555555,FM-Full_A-None_AdaBN-F,300,300,300
Yang2025,EEGNetv4,1,5,0.82,0.82,0.9121666666666668,0.8933333333333333,0.8933333333333333,0.940477777777778,FM-Full_A-None_AdaBN-F,300,300,300
Yang2025,EEGNetv4,1,7,0.77,0.77,0.8427000000000001,0.8116666666666666,0.8116666666666666,0.8873666666666666,FM-Full_A-None_AdaBN-F,300,300,300
Yang2025,EEGNetv4,1,9,0.715,0.715,0.7889111111111111,0.7183333333333334,0.7183333333333333,0.7804999999999999,FM-Full_A-None_AdaBN-F,300,300,300
Yang2025,EEGNetv4,1,10,0.7766666666666666,0.7766666666666666,0.8980888888888889,0.855,0.855,0.9416888888888888,FM-Full_A-None_AdaBN-F,300,300,300
Yang2025,EEGNetv4,1,13,0.7266666666666667,0.7266666666666667,0.8064333333333334,0.7966666666666666,0.7966666666666666,0.871538888888889,FM-Full_A-None_AdaBN-F,300,300,300
Yang2025,EEGNetv4,1,14,0.6033333333333334,0.6033333333333333,0.6044111111111111,0.5916666666666667,0.5916666666666667,0.5978666666666668,FM-Full_A-None_AdaBN-F,300,300,300
Yang2025,EEGNetv4,1,16,0.5783333333333334,0.5783333333333334,0.5908444444444444,0.6016666666666667,0.6016666666666667,0.6503666666666666,FM-Full_A-None_AdaBN-F,300,300,300
Yang2025,EEGNetv4,1,17,0.765,0.765,0.8584444444444445,0.8083333333333333,0.8083333333333333,0.9042722222222224,FM-Full_A-None_AdaBN-F,300,300,300
Yang2025,EEGNetv4,1,18,0.655,0.655,0.7005777777777779,0.6666666666666666,0.6666666666666667,0.744388888888889,FM-Full_A-None_AdaBN-F,300,300,300
Yang2025,EEGNetv4,1,20,0.775,0.7749999999999999,0.8495,0.91,0.91,0.9646555555555556,FM-Full_A-None_AdaBN-F,300,300,300
Yang2025,EEGNetv4,1,25,0.8966666666666666,0.8966666666666667,0.935088888888889,0.9383333333333334,0.9383333333333332,0.979422222222222,FM-Full_A-None_AdaBN-F,300,300,300
Yang2025,EEGNetv4,1,26,0.7128547579298832,0.7125808249721293,0.80603121516165,0.8747913188647746,0.8747826086956522,0.937402452619844,FM-Full_A-None_AdaBN-F,300,300,300
Yang2025,EEGNetv4,1,27,0.6316666666666667,0.6316666666666666,0.6622999999999999,0.7216666666666667,0.7216666666666667,0.7844444444444445,FM-Full_A-None_AdaBN-F,300,300,300
Yang2025,EEGNetv4,1,31,0.7316666666666667,0.7316666666666667,0.7978277777777778,0.795,0.795,0.8638388888888888,FM-Full_A-None_AdaBN-F,300,300,300
Yang2025,EEGNetv4,1,32,0.5425709515859767,0.5424972129319956,0.5714158305462653,0.6076794657762938,0.6077201783723523,0.6629765886287626,FM-Full_A-None_AdaBN-F,300,300,300
Yang2025,EEGNetv4,1,33,0.9316666666666666,0.9316666666666666,0.9815555555555556,0.9616666666666668,0.9616666666666668,0.9935,FM-Full_A-None_AdaBN-F,300,300,300
Yang2025,EEGNetv4,1,34,0.64,0.64,0.6762222222222223,0.7683333333333333,0.7683333333333333,0.8624611111111111,FM-Full_A-None_AdaBN-F,300,300,300
Yang2025,EEGNetv4,1,37,0.8366666666666667,0.8366666666666667,0.9135777777777778,0.9166666666666666,0.9166666666666666,0.9657666666666668,FM-Full_A-None_AdaBN-F,300,300,300
Yang2025,EEGNetv4,1,41,0.845,0.845,0.9227333333333334,0.895,0.895,0.9565666666666668,FM-Full_A-None_AdaBN-F,300,300,300
Yang2025,EEGNetv4,1,44,0.6783333333333333,0.6783333333333333,0.7575000000000001,0.74,0.74,0.8060888888888889,FM-Full_A-None_AdaBN-F,300,300,300
Yang2025,EEGNetv4,1,45,0.835,0.835,0.9222555555555556,0.8733333333333333,0.8733333333333333,0.9385222222222224,FM-Full_A-None_AdaBN-F,300,300,300
Yang2025,EEGNetv4,1,47,0.84,0.84,0.9452111111111112,0.9216666666666666,0.9216666666666666,0.973011111111111,FM-Full_A-None_AdaBN-F,300,300,300
Yang2025,EEGNetv4,1,48,0.8083333333333333,0.8083333333333333,0.9027888888888888,0.88,0.88,0.9489888888888888,FM-Full_A-None_AdaBN-F,300,300,300
Yang2025,EEGNetv4,1,49,0.905,0.905,0.9628888888888888,0.9583333333333334,0.9583333333333331,0.9906555555555556,FM-Full_A-None_AdaBN-F,300,300,300
Yang2025,EEGNetv4,1,50,0.9166666666666666,0.9166666666666669,0.9798666666666668,0.955,0.955,0.9874,FM-Full_A-None_AdaBN-F,300,300,300
Yang2025,EEGNetv4,2,1,0.9,0.9,0.9725444444444444,0.9533333333333334,0.9533333333333334,0.9881111111111112,FM-Full_A-None_AdaBN-F,300,300,300
Yang2025,EEGNetv4,2,2,0.67,0.67,0.7331444444444444,0.6616666666666666,0.6616666666666666,0.7268111111111111,FM-Full_A-None_AdaBN-F,300,300,300
Yang2025,EEGNetv4,2,3,0.9033333333333332,0.9033333333333332,0.9530111111111113,0.9233333333333332,0.9233333333333332,0.9772166666666666,FM-Full_A-None_AdaBN-F,300,300,300
Yang2025,EEGNetv4,2,6,0.89,0.89,0.955788888888889,0.9633333333333334,0.9633333333333334,0.9907777777777778,FM-Full_A-None_AdaBN-F,300,300,300
Yang2025,EEGNetv4,2,8,0.8833333333333333,0.8833333333333333,0.9437111111111112,0.9233333333333332,0.9233333333333332,0.9639333333333334,FM-Full_A-None_AdaBN-F,300,300,300
Yang2025,EEGNetv4,2,11,0.8433333333333334,0.8433333333333333,0.9192222222222222,0.9,0.8999999999999999,0.955,FM-Full_A-None_AdaBN-F,300,300,300
Yang2025,EEGNetv4,2,12,0.5933333333333334,0.5933333333333334,0.6421444444444445,0.5883333333333334,0.5883333333333334,0.6319333333333333,FM-Full_A-None_AdaBN-F,300,300,300
Yang2025,EEGNetv4,2,15,0.74,0.74,0.79335,0.7666666666666667,0.7666666666666666,0.8513777777777778,FM-Full_A-None_AdaBN-F,300,300,300
Yang2025,EEGNetv4,2,19,0.8183333333333334,0.8183333333333334,0.8973111111111111,0.8516666666666667,0.8516666666666667,0.9395,FM-Full_A-None_AdaBN-F,300,300,300
Yang2025,EEGNetv4,2,21,0.83,0.8300000000000001,0.9032888888888888,0.9,0.9,0.9508222222222222,FM-Full_A-None_AdaBN-F,300,300,300
Yang2025,EEGNetv4,2,22,0.7716666666666666,0.7716666666666667,0.8405111111111111,0.8466666666666667,0.8466666666666667,0.9315,FM-Full_A-None_AdaBN-F,300,300,300
Yang2025,EEGNetv4,2,23,0.9065108514190318,0.9065440356744704,0.9597881828316612,0.9415692821368948,0.941577480490524,0.9864882943143812,FM-Full_A-None_AdaBN-F,300,300,300
Yang2025,EEGNetv4,2,24,0.9292929292929292,0.9293601487393434,0.982541266098313,0.9663299663299664,0.9663635951387628,0.995442590241248,FM-Full_A-None_AdaBN-F,300,300,300
Yang2025,EEGNetv4,2,28,0.8333333333333334,0.8333333333333333,0.9109333333333334,0.885,0.885,0.9515888888888888,FM-Full_A-None_AdaBN-F,300,300,300
Yang2025,EEGNetv4,2,29,0.73,0.73,0.8060444444444445,0.8333333333333334,0.8333333333333334,0.9189777777777778,FM-Full_A-None_AdaBN-F,300,300,300
Yang2025,EEGNetv4,2,30,0.87,0.87,0.9343333333333332,0.84,0.84,0.9542222222222224,FM-Full_A-None_AdaBN-F,300,300,300
Yang2025,EEGNetv4,2,35,0.9183333333333332,0.9183333333333332,0.9743444444444443,0.965,0.965,0.9903111111111113,FM-Full_A-None_AdaBN-F,300,300,300
Yang2025,EEGNetv4,2,36,0.8683333333333333,0.8683333333333334,0.9569555555555554,0.9316666666666666,0.9316666666666666,0.9767888888888888,FM-Full_A-None_AdaBN-F,300,300,300
Yang2025,EEGNetv4,2,38,0.5916666666666667,0.5916666666666667,0.59,0.68,0.6799999999999999,0.7488666666666666,FM-Full_A-None_AdaBN-F,300,300,300
Yang2025,EEGNetv4,2,39,0.7083333333333334,0.7083333333333333,0.7762888888888889,0.7483333333333333,0.7483333333333333,0.8389555555555556,FM-Full_A-None_AdaBN-F,300,300,300
Yang2025,EEGNetv4,2,40,0.7533333333333333,0.7533333333333333,0.8516777777777778,0.8533333333333334,0.8533333333333333,0.9248222222222222,FM-Full_A-None_AdaBN-F,300,300,300
Yang2025,EEGNetv4,2,42,0.7783333333333333,0.7783333333333333,0.8585,0.8066666666666666,0.8066666666666666,0.8766555555555556,FM-Full_A-None_AdaBN-F,300,300,300
Yang2025,EEGNetv4,2,43,0.9466666666666668,0.9466666666666668,0.9949222222222224,0.9933333333333332,0.9933333333333332,0.9999111111111112,FM-Full_A-None_AdaBN-F,300,300,300
Yang2025,EEGNetv4,2,46,0.925,0.925,0.9800666666666666,0.9916666666666668,0.9916666666666668,0.9987111111111112,FM-Full_A-None_AdaBN-F,300,300,300
Yang2025,EEGNetv4,2,51,0.8083333333333333,0.8083333333333333,0.9056111111111113,0.8866666666666667,0.8866666666666667,0.9573944444444444,FM-Full_A-None_AdaBN-F,300,300,300
Yang2025,EEGNetv4,1,4,0.58,0.58,0.6289222222222223,0.58,0.5800000000000001,0.6170111111111112,FM-Full_A-None_AdaBN-F,450,450,450
Yang2025,EEGNetv4,1,5,0.8266666666666667,0.8266666666666667,0.9108555555555556,0.8883333333333333,0.8883333333333334,0.9470055555555555,FM-Full_A-None_AdaBN-F,450,450,450
Yang2025,EEGNetv4,1,7,0.7683333333333333,0.7683333333333333,0.8475444444444445,0.8066666666666666,0.8066666666666666,0.8962555555555556,FM-Full_A-None_AdaBN-F,450,450,450
Yang2025,EEGNetv4,1,9,0.715,0.715,0.7984222222222223,0.7383333333333333,0.7383333333333333,0.8041666666666667,FM-Full_A-None_AdaBN-F,450,450,450
Yang2025,EEGNetv4,1,10,0.8333333333333334,0.8333333333333333,0.9093888888888888,0.885,0.885,0.9514333333333336,FM-Full_A-None_AdaBN-F,450,450,450
Yang2025,EEGNetv4,1,13,0.7516666666666667,0.7516666666666667,0.8204555555555555,0.83,0.8300000000000001,0.8931777777777778,FM-Full_A-None_AdaBN-F,450,450,450
Yang2025,EEGNetv4,1,14,0.5566666666666666,0.5566666666666666,0.5787222222222222,0.5733333333333334,0.5733333333333334,0.5988111111111111,FM-Full_A-None_AdaBN-F,450,450,450
Yang2025,EEGNetv4,1,16,0.5933333333333334,0.5933333333333333,0.6043444444444445,0.6216666666666667,0.6216666666666666,0.6801444444444444,FM-Full_A-None_AdaBN-F,450,450,450
Yang2025,EEGNetv4,1,17,0.7883333333333333,0.7883333333333333,0.8640222222222222,0.8116666666666666,0.8116666666666666,0.8992555555555557,FM-Full_A-None_AdaBN-F,450,450,450
Yang2025,EEGNetv4,1,18,0.6583333333333333,0.6583333333333333,0.709911111111111,0.6716666666666666,0.6716666666666666,0.7390777777777778,FM-Full_A-None_AdaBN-F,450,450,450
Yang2025,EEGNetv4,1,20,0.7416666666666667,0.7416666666666667,0.8371888888888888,0.9116666666666666,0.9116666666666666,0.9623111111111112,FM-Full_A-None_AdaBN-F,450,450,450
Yang2025,EEGNetv4,1,25,0.8916666666666667,0.8916666666666666,0.9418777777777778,0.94,0.94,0.9790666666666666,FM-Full_A-None_AdaBN-F,450,450,450
Yang2025,EEGNetv4,1,26,0.7813021702838063,0.7813099219620958,0.8307915273132664,0.9065108514190318,0.9065384615384616,0.948422519509476,FM-Full_A-None_AdaBN-F,450,450,450
Yang2025,EEGNetv4,1,27,0.6116666666666667,0.6116666666666666,0.6583222222222223,0.7183333333333334,0.7183333333333333,0.7821888888888888,FM-Full_A-None_AdaBN-F,450,450,450
Yang2025,EEGNetv4,1,31,0.7266666666666667,0.7266666666666667,0.7903333333333333,0.795,0.7949999999999999,0.8695666666666665,FM-Full_A-None_AdaBN-F,450,450,450
Yang2025,EEGNetv4,1,32,0.5575959933222037,0.5578595317725752,0.5731215161649944,0.6093489148580968,0.609386845039019,0.6528539576365663,FM-Full_A-None_AdaBN-F,450,450,450
Yang2025,EEGNetv4,1,33,0.9216666666666666,0.9216666666666666,0.9850555555555556,0.965,0.965,0.995,FM-Full_A-None_AdaBN-F,450,450,450
Yang2025,EEGNetv4,1,34,0.5816666666666667,0.5816666666666667,0.6069888888888889,0.8133333333333334,0.8133333333333334,0.8858777777777778,FM-Full_A-None_AdaBN-F,450,450,450
Yang2025,EEGNetv4,1,37,0.885,0.885,0.9541888888888888,0.9283333333333332,0.9283333333333332,0.9807444444444444,FM-Full_A-None_AdaBN-F,450,450,450
Yang2025,EEGNetv4,1,41,0.8483333333333334,0.8483333333333334,0.9323444444444444,0.895,0.895,0.9553722222222222,FM-Full_A-None_AdaBN-F,450,450,450
Yang2025,EEGNetv4,1,44,0.7066666666666667,0.7066666666666667,0.7852888888888889,0.755,0.755,0.8368444444444445,FM-Full_A-None_AdaBN-F,450,450,450
Yang2025,EEGNetv4,1,45,0.8416666666666667,0.8416666666666666,0.9204444444444444,0.89,0.89,0.9393666666666668,FM-Full_A-None_AdaBN-F,450,450,450
Yang2025,EEGNetv4,1,47,0.8783333333333333,0.8783333333333333,0.9560222222222222,0.925,0.925,0.9753,FM-Full_A-None_AdaBN-F,450,450,450
Yang2025,EEGNetv4,1,48,0.8566666666666667,0.8566666666666667,0.9314777777777776,0.9083333333333332,0.9083333333333332,0.9670444444444444,FM-Full_A-None_AdaBN-F,450,450,450
Yang2025,EEGNetv4,1,49,0.9133333333333332,0.9133333333333332,0.9801444444444444,0.9616666666666668,0.9616666666666668,0.993488888888889,FM-Full_A-None_AdaBN-F,450,450,450
Yang2025,EEGNetv4,1,50,0.9366666666666666,0.9366666666666666,0.9795111111111112,0.9666666666666668,0.9666666666666668,0.9899777777777778,FM-Full_A-None_AdaBN-F,450,450,450
Yang2025,EEGNetv4,2,1,0.9233333333333332,0.9233333333333332,0.9802777777777778,0.9483333333333334,0.9483333333333333,0.9881666666666667,FM-Full_A-None_AdaBN-F,450,450,450
Yang2025,EEGNetv4,2,2,0.7116666666666667,0.7116666666666667,0.7821333333333333,0.715,0.715,0.7858444444444445,FM-Full_A-None_AdaBN-F,450,450,450
Yang2025,EEGNetv4,2,3,0.94,0.94,0.976122222222222,0.955,0.955,0.9846277777777778,FM-Full_A-None_AdaBN-F,450,450,450
Yang2025,EEGNetv4,2,6,0.9283333333333332,0.9283333333333332,0.980638888888889,0.9633333333333334,0.9633333333333334,0.9927055555555556,FM-Full_A-None_AdaBN-F,450,450,450
Yang2025,EEGNetv4,2,8,0.9166666666666666,0.9166666666666669,0.9636222222222222,0.9366666666666666,0.9366666666666666,0.9771777777777778,FM-Full_A-None_AdaBN-F,450,450,450
Yang2025,EEGNetv4,2,11,0.88,0.88,0.9500777777777778,0.945,0.945,0.9798444444444444,FM-Full_A-None_AdaBN-F,450,450,450
Yang2025,EEGNetv4,2,12,0.605,0.605,0.6606666666666667,0.5916666666666667,0.5916666666666667,0.6202555555555554,FM-Full_A-None_AdaBN-F,450,450,450
Yang2025,EEGNetv4,2,15,0.7516666666666667,0.7516666666666667,0.8389722222222222,0.8016666666666666,0.8016666666666666,0.8858666666666667,FM-Full_A-None_AdaBN-F,450,450,450
Yang2025,EEGNetv4,2,19,0.84,0.84,0.9277333333333332,0.8783333333333333,0.8783333333333334,0.9543444444444444,FM-Full_A-None_AdaBN-F,450,450,450
Yang2025,EEGNetv4,2,21,0.845,0.845,0.9186555555555556,0.905,0.905,0.9619777777777778,FM-Full_A-None_AdaBN-F,450,450,450
Yang2025,EEGNetv4,2,22,0.7633333333333333,0.7633333333333334,0.8348888888888889,0.8666666666666667,0.8666666666666667,0.9269444444444443,FM-Full_A-None_AdaBN-F,450,450,450
Yang2025,EEGNetv4,2,23,0.9248747913188649,0.924866220735786,0.974247491638796,0.9565943238731218,0.9566109253065777,0.9904403567447044,FM-Full_A-None_AdaBN-F,450,450,450
Yang2025,EEGNetv4,2,24,0.9393939393939394,0.9395066207146744,0.989762833303102,0.9814814814814816,0.9814869399600944,0.9984808634137494,FM-Full_A-None_AdaBN-F,450,450,450
Yang2025,EEGNetv4,2,28,0.805,0.8049999999999999,0.9363555555555556,0.8933333333333333,0.8933333333333333,0.9602555555555556,FM-Full_A-None_AdaBN-F,450,450,450
Yang2025,EEGNetv4,2,29,0.78,0.78,0.8737777777777778,0.87,0.87,0.9545888888888888,FM-Full_A-None_AdaBN-F,450,450,450
Yang2025,EEGNetv4,2,30,0.9066666666666666,0.9066666666666668,0.9561,0.8516666666666667,0.8516666666666667,0.9596222222222222,FM-Full_A-None_AdaBN-F,450,450,450
Yang2025,EEGNetv4,2,35,0.9316666666666666,0.9316666666666666,0.9860444444444444,0.9716666666666668,0.9716666666666668,0.9945666666666666,FM-Full_A-None_AdaBN-F,450,450,450
Yang2025,EEGNetv4,2,36,0.9133333333333332,0.9133333333333332,0.968,0.93,0.93,0.9819888888888888,FM-Full_A-None_AdaBN-F,450,450,450
Yang2025,EEGNetv4,2,38,0.625,0.625,0.6213444444444445,0.67,0.67,0.7318444444444444,FM-Full_A-None_AdaBN-F,450,450,450
Yang2025,EEGNetv4,2,39,0.7416666666666667,0.7416666666666667,0.816288888888889,0.78,0.78,0.8681722222222223,FM-Full_A-None_AdaBN-F,450,450,450
Yang2025,EEGNetv4,2,40,0.7933333333333333,0.7933333333333333,0.8812777777777778,0.8533333333333334,0.8533333333333333,0.9270666666666668,FM-Full_A-None_AdaBN-F,450,450,450
Yang2025,EEGNetv4,2,42,0.8183333333333334,0.8183333333333334,0.8909888888888887,0.825,0.825,0.8977333333333333,FM-Full_A-None_AdaBN-F,450,450,450
Yang2025,EEGNetv4,2,43,0.9633333333333334,0.9633333333333334,0.9988111111111112,0.9983333333333332,0.9983333333333332,1.0,FM-Full_A-None_AdaBN-F,450,450,450
Yang2025,EEGNetv4,2,46,0.9566666666666668,0.9566666666666668,0.9898666666666668,0.9866666666666668,0.9866666666666668,0.9993333333333332,FM-Full_A-None_AdaBN-F,450,450,450
Yang2025,EEGNetv4,2,51,0.8166666666666667,0.8166666666666667,0.9129777777777778,0.9016666666666666,0.9016666666666666,0.9661111111111113,FM-Full_A-None_AdaBN-F,450,450,450
Yang2025,ATCNet,1,4,0.5616666666666666,0.5616666666666666,0.5787888888888889,0.5433333333333333,0.5433333333333333,0.5507222222222222,FM-Full_A-None_AdaBN-F,450,450,450
Yang2025,ATCNet,1,5,0.7366666666666667,0.7366666666666667,0.8151555555555555,0.8616666666666667,0.8616666666666666,0.9276666666666666,FM-Full_A-None_AdaBN-F,450,450,450
Yang2025,ATCNet,1,7,0.6333333333333333,0.6333333333333333,0.7096333333333333,0.685,0.685,0.7502333333333333,FM-Full_A-None_AdaBN-F,450,450,450
Yang2025,ATCNet,1,9,0.6116666666666667,0.6116666666666667,0.6969111111111111,0.6766666666666666,0.6766666666666667,0.7515888888888889,FM-Full_A-None_AdaBN-F,450,450,450
Yang2025,ATCNet,1,10,0.7866666666666666,0.7866666666666666,0.8683444444444445,0.8183333333333334,0.8183333333333334,0.8957444444444445,FM-Full_A-None_AdaBN-F,450,450,450
Yang2025,ATCNet,1,13,0.72,0.72,0.7984444444444445,0.74,0.74,0.8359222222222222,FM-Full_A-None_AdaBN-F,450,450,450
Yang2025,ATCNet,1,14,0.5833333333333334,0.5833333333333333,0.6049111111111111,0.5866666666666667,0.5866666666666667,0.5916888888888889,FM-Full_A-None_AdaBN-F,450,450,450
Yang2025,ATCNet,1,16,0.5966666666666667,0.5966666666666667,0.6583222222222223,0.6966666666666667,0.6966666666666668,0.7689222222222223,FM-Full_A-None_AdaBN-F,450,450,450
Yang2025,ATCNet,1,17,0.595,0.595,0.6477444444444445,0.6966666666666667,0.6966666666666667,0.783611111111111,FM-Full_A-None_AdaBN-F,450,450,450
Yang2025,ATCNet,1,18,0.5983333333333334,0.5983333333333334,0.6583777777777777,0.6366666666666667,0.6366666666666667,0.7076111111111111,FM-Full_A-None_AdaBN-F,450,450,450
Yang2025,ATCNet,1,20,0.565,0.565,0.5912444444444445,0.6966666666666667,0.6966666666666667,0.7747222222222223,FM-Full_A-None_AdaBN-F,450,450,450
Yang2025,ATCNet,1,25,0.765,0.765,0.8671555555555556,0.8616666666666667,0.8616666666666666,0.9405555555555556,FM-Full_A-None_AdaBN-F,450,450,450
Yang2025,ATCNet,1,26,0.656093489148581,0.655746934225195,0.6990412486064661,0.8530884808013356,0.8530880713489409,0.933846153846154,FM-Full_A-None_AdaBN-F,450,450,450
Yang2025,ATCNet,1,27,0.55,0.55,0.5989888888888888,0.7366666666666667,0.7366666666666667,0.8475111111111111,FM-Full_A-None_AdaBN-F,450,450,450
Yang2025,ATCNet,1,31,0.7733333333333333,0.7733333333333334,0.8407,0.8016666666666666,0.8016666666666667,0.8830666666666667,FM-Full_A-None_AdaBN-F,450,450,450
Yang2025,ATCNet,1,32,0.7028380634390651,0.7029877369007804,0.776566332218506,0.7963272120200334,0.7962820512820513,0.8781828316610925,FM-Full_A-None_AdaBN-F,450,450,450
Yang2025,ATCNet,1,33,0.8333333333333334,0.8333333333333333,0.9591,0.9566666666666668,0.9566666666666668,0.9956777777777778,FM-Full_A-None_AdaBN-F,450,450,450
Yang2025,ATCNet,1,34,0.4866666666666667,0.4866666666666667,0.4690999999999999,0.875,0.875,0.951811111111111,FM-Full_A-None_AdaBN-F,450,450,450
Yang2025,ATCNet,1,37,0.8316666666666667,0.8316666666666667,0.9009666666666668,0.8033333333333333,0.8033333333333332,0.9020222222222224,FM-Full_A-None_AdaBN-F,450,450,450
Yang2025,ATCNet,1,41,0.895,0.895,0.9663222222222224,0.9066666666666666,0.9066666666666668,0.9735666666666668,FM-Full_A-None_AdaBN-F,450,450,450
Yang2025,ATCNet,1,44,0.6333333333333333,0.6333333333333333,0.6884333333333335,0.6516666666666666,0.6516666666666666,0.722111111111111,FM-Full_A-None_AdaBN-F,450,450,450
Yang2025,ATCNet,1,45,0.705,0.7050000000000001,0.7722444444444445,0.7633333333333333,0.7633333333333334,0.8390333333333333,FM-Full_A-None_AdaBN-F,450,450,450
Yang2025,ATCNet,1,47,0.7166666666666667,0.7166666666666667,0.8059666666666666,0.7916666666666666,0.7916666666666667,0.8767888888888888,FM-Full_A-None_AdaBN-F,450,450,450
Yang2025,ATCNet,1,48,0.795,0.7949999999999999,0.8556555555555555,0.8216666666666667,0.8216666666666667,0.9056777777777776,FM-Full_A-None_AdaBN-F,450,450,450
Yang2025,ATCNet,1,49,0.84,0.84,0.9219111111111112,0.8966666666666666,0.8966666666666667,0.9542777777777778,FM-Full_A-None_AdaBN-F,450,450,450
Yang2025,ATCNet,1,50,0.7883333333333333,0.7883333333333333,0.8893222222222223,0.8916666666666667,0.8916666666666666,0.9601222222222222,FM-Full_A-None_AdaBN-F,450,450,450
Yang2025,ATCNet,2,1,0.8083333333333333,0.8083333333333333,0.8754000000000001,0.87,0.87,0.945788888888889,FM-Full_A-None_AdaBN-F,450,450,450
Yang2025,ATCNet,2,2,0.5666666666666667,0.5666666666666667,0.6050777777777777,0.5966666666666667,0.5966666666666667,0.6674333333333334,FM-Full_A-None_AdaBN-F,450,450,450
Yang2025,ATCNet,2,3,0.8933333333333333,0.8933333333333333,0.9608222222222222,0.9166666666666666,0.9166666666666666,0.9587888888888888,FM-Full_A-None_AdaBN-F,450,450,450
Yang2025,ATCNet,2,6,0.9266666666666666,0.9266666666666667,0.9732555555555557,0.945,0.945,0.9895111111111112,FM-Full_A-None_AdaBN-F,450,450,450
Yang2025,ATCNet,2,8,0.8033333333333333,0.8033333333333333,0.8842222222222224,0.835,0.835,0.9112555555555556,FM-Full_A-None_AdaBN-F,450,450,450
Yang2025,ATCNet,2,11,0.83,0.8300000000000001,0.9089888888888888,0.86,0.86,0.9425333333333332,FM-Full_A-None_AdaBN-F,450,450,450
Yang2025,ATCNet,2,12,0.5433333333333333,0.5433333333333333,0.5759666666666667,0.52,0.52,0.5599000000000001,FM-Full_A-None_AdaBN-F,450,450,450
Yang2025,ATCNet,2,15,0.765,0.7649999999999999,0.8343888888888888,0.72,0.72,0.7892666666666668,FM-Full_A-None_AdaBN-F,450,450,450
Yang2025,ATCNet,2,19,0.7933333333333333,0.7933333333333333,0.8830888888888889,0.8666666666666667,0.8666666666666667,0.9335333333333332,FM-Full_A-None_AdaBN-F,450,450,450
Yang2025,ATCNet,2,21,0.75,0.75,0.8205888888888889,0.8166666666666667,0.8166666666666667,0.8870777777777777,FM-Full_A-None_AdaBN-F,450,450,450
Yang2025,ATCNet,2,22,0.6566666666666666,0.6566666666666667,0.7143666666666668,0.78,0.78,0.8729666666666667,FM-Full_A-None_AdaBN-F,450,450,450
Yang2025,ATCNet,2,23,0.8547579298831386,0.8546767001114828,0.9266778149386844,0.8998330550918197,0.8998160535117057,0.9632552954292084,FM-Full_A-None_AdaBN-F,450,450,450
Yang2025,ATCNet,2,24,0.8232323232323232,0.8235874297115908,0.9243719390531472,0.9343434343434344,0.9343370215853436,0.986078360239434,FM-Full_A-None_AdaBN-F,450,450,450
Yang2025,ATCNet,2,28,0.86,0.86,0.96,0.9116666666666666,0.9116666666666666,0.9787444444444444,FM-Full_A-None_AdaBN-F,450,450,450
Yang2025,ATCNet,2,29,0.89,0.89,0.9725333333333332,0.945,0.945,0.9928333333333332,FM-Full_A-None_AdaBN-F,450,450,450
Yang2025,ATCNet,2,30,0.7733333333333333,0.7733333333333334,0.8654333333333333,0.7183333333333334,0.7183333333333333,0.7920555555555555,FM-Full_A-None_AdaBN-F,450,450,450
Yang2025,ATCNet,2,35,0.6866666666666666,0.6866666666666666,0.7420111111111111,0.7733333333333333,0.7733333333333334,0.8541222222222222,FM-Full_A-None_AdaBN-F,450,450,450
Yang2025,ATCNet,2,36,0.8083333333333333,0.8083333333333333,0.8949888888888888,0.85,0.85,0.925188888888889,FM-Full_A-None_AdaBN-F,450,450,450
Yang2025,ATCNet,2,38,0.51,0.51,0.5196555555555555,0.57,0.57,0.5804444444444444,FM-Full_A-None_AdaBN-F,450,450,450
Yang2025,ATCNet,2,39,0.735,0.735,0.8159222222222221,0.805,0.8049999999999999,0.8945555555555555,FM-Full_A-None_AdaBN-F,450,450,450
Yang2025,ATCNet,2,40,0.76,0.76,0.8434444444444444,0.81,0.81,0.874211111111111,FM-Full_A-None_AdaBN-F,450,450,450
Yang2025,ATCNet,2,42,0.71,0.71,0.7897000000000001,0.7283333333333334,0.7283333333333333,0.8165,FM-Full_A-None_AdaBN-F,450,450,450
Yang2025,ATCNet,2,43,0.82,0.8200000000000001,0.8924777777777778,0.885,0.885,0.9543111111111112,FM-Full_A-None_AdaBN-F,450,450,450
Yang2025,ATCNet,2,46,0.82,0.82,0.9177222222222224,0.935,0.935,0.9857333333333332,FM-Full_A-None_AdaBN-F,450,450,450
Yang2025,ATCNet,2,51,0.7866666666666666,0.7866666666666666,0.8758222222222223,0.8383333333333334,0.8383333333333334,0.914211111111111,FM-Full_A-None_AdaBN-F,450,450,450
Yang2025,ShallowConvNet,1,4,0.5766666666666667,0.5766666666666667,0.6245444444444446,0.565,0.565,0.5834666666666666,FM-Full_A-None_AdaBN-F,450,450,450
Yang2025,ShallowConvNet,1,5,0.8633333333333333,0.8633333333333333,0.9499,0.91,0.91,0.9634888888888888,FM-Full_A-None_AdaBN-F,450,450,450
Yang2025,ShallowConvNet,1,7,0.8033333333333333,0.8033333333333333,0.8884944444444445,0.8133333333333334,0.8133333333333334,0.9029,FM-Full_A-None_AdaBN-F,450,450,450
Yang2025,ShallowConvNet,1,9,0.7116666666666667,0.7116666666666667,0.7984888888888888,0.7333333333333333,0.7333333333333333,0.8058000000000001,FM-Full_A-None_AdaBN-F,450,450,450
Yang2025,ShallowConvNet,1,10,0.8366666666666667,0.8366666666666667,0.933188888888889,0.87,0.87,0.9410222222222222,FM-Full_A-None_AdaBN-F,450,450,450
Yang2025,ShallowConvNet,1,13,0.76,0.76,0.8520000000000001,0.805,0.8049999999999999,0.8828777777777778,FM-Full_A-None_AdaBN-F,450,450,450
Yang2025,ShallowConvNet,1,14,0.585,0.585,0.6132277777777777,0.5633333333333334,0.5633333333333334,0.6025944444444444,FM-Full_A-None_AdaBN-F,450,450,450
Yang2025,ShallowConvNet,1,16,0.6183333333333333,0.6183333333333333,0.6502444444444444,0.6733333333333333,0.6733333333333333,0.721438888888889,FM-Full_A-None_AdaBN-F,450,450,450
Yang2025,ShallowConvNet,1,17,0.79,0.79,0.8666666666666667,0.8116666666666666,0.8116666666666668,0.9033777777777776,FM-Full_A-None_AdaBN-F,450,450,450
Yang2025,ShallowConvNet,1,18,0.705,0.7050000000000001,0.787711111111111,0.715,0.7150000000000001,0.7825888888888889,FM-Full_A-None_AdaBN-F,450,450,450
Yang2025,ShallowConvNet,1,20,0.7833333333333333,0.7833333333333333,0.8761000000000001,0.8983333333333333,0.8983333333333333,0.960238888888889,FM-Full_A-None_AdaBN-F,450,450,450
Yang2025,ShallowConvNet,1,25,0.92,0.92,0.9780000000000002,0.9216666666666666,0.9216666666666666,0.9770777777777776,FM-Full_A-None_AdaBN-F,450,450,450
Yang2025,ShallowConvNet,1,26,0.8647746243739566,0.8647491638795987,0.934046822742475,0.9065108514190318,0.9064827201783724,0.9628372352285396,FM-Full_A-None_AdaBN-F,450,450,450
Yang2025,ShallowConvNet,1,27,0.6116666666666667,0.6116666666666667,0.6478944444444444,0.6883333333333334,0.6883333333333334,0.7624888888888889,FM-Full_A-None_AdaBN-F,450,450,450
Yang2025,ShallowConvNet,1,31,0.695,0.6950000000000001,0.8031222222222223,0.79,0.79,0.8742111111111112,FM-Full_A-None_AdaBN-F,450,450,450
Yang2025,ShallowConvNet,1,32,0.5959933222036727,0.5960590858416945,0.6400780379041249,0.6961602671118531,0.6961872909698996,0.7611594202898551,FM-Full_A-None_AdaBN-F,450,450,450
Yang2025,ShallowConvNet,1,33,0.9583333333333334,0.9583333333333331,0.9901777777777778,0.98,0.98,0.99495,FM-Full_A-None_AdaBN-F,450,450,450
Yang2025,ShallowConvNet,1,34,0.65,0.65,0.6680055555555555,0.8166666666666667,0.8166666666666667,0.8944444444444444,FM-Full_A-None_AdaBN-F,450,450,450
Yang2025,ShallowConvNet,1,37,0.87,0.87,0.9437,0.915,0.915,0.9727333333333332,FM-Full_A-None_AdaBN-F,450,450,450
Yang2025,ShallowConvNet,1,41,0.89,0.89,0.9574111111111112,0.9083333333333332,0.9083333333333332,0.9680777777777778,FM-Full_A-None_AdaBN-F,450,450,450
Yang2025,ShallowConvNet,1,44,0.77,0.77,0.8342777777777778,0.75,0.75,0.8348611111111112,FM-Full_A-None_AdaBN-F,450,450,450
Yang2025,ShallowConvNet,1,45,0.8816666666666667,0.8816666666666667,0.9456888888888888,0.8833333333333333,0.8833333333333333,0.9426666666666668,FM-Full_A-None_AdaBN-F,450,450,450
Yang2025,ShallowConvNet,1,47,0.8966666666666666,0.8966666666666667,0.9543222222222222,0.8916666666666667,0.8916666666666666,0.9597388888888888,FM-Full_A-None_AdaBN-F,450,450,450
Yang2025,ShallowConvNet,1,48,0.8383333333333334,0.8383333333333334,0.9516722222222224,0.8833333333333333,0.8833333333333333,0.9583055555555556,FM-Full_A-None_AdaBN-F,450,450,450
Yang2025,ShallowConvNet,1,49,0.9266666666666666,0.9266666666666667,0.9793777777777776,0.9616666666666668,0.9616666666666668,0.9894555555555556,FM-Full_A-None_AdaBN-F,450,450,450
Yang2025,ShallowConvNet,1,50,0.9516666666666668,0.9516666666666668,0.9902000000000002,0.9533333333333334,0.9533333333333334,0.9927888888888888,FM-Full_A-None_AdaBN-F,450,450,450
Yang2025,ShallowConvNet,2,1,0.9233333333333332,0.9233333333333332,0.9834,0.9266666666666666,0.9266666666666667,0.9845333333333331,FM-Full_A-None_AdaBN-F,450,450,450
Yang2025,ShallowConvNet,2,2,0.6866666666666666,0.6866666666666666,0.7675777777777777,0.6616666666666666,0.6616666666666666,0.7463,FM-Full_A-None_AdaBN-F,450,450,450
Yang2025,ShallowConvNet,2,3,0.955,0.955,0.9942777777777778,0.9566666666666668,0.9566666666666668,0.994211111111111,FM-Full_A-None_AdaBN-F,450,450,450
Yang2025,ShallowConvNet,2,6,0.925,0.925,0.9800444444444444,0.9716666666666668,0.9716666666666668,0.9964555555555556,FM-Full_A-None_AdaBN-F,450,450,450
Yang2025,ShallowConvNet,2,8,0.9383333333333334,0.9383333333333332,0.9832222222222222,0.94,0.94,0.9829444444444444,FM-Full_A-None_AdaBN-F,450,450,450
Yang2025,ShallowConvNet,2,11,0.91,0.91,0.9762555555555557,0.9216666666666666,0.9216666666666666,0.9793555555555556,FM-Full_A-None_AdaBN-F,450,450,450
Yang2025,ShallowConvNet,2,12,0.6283333333333333,0.6283333333333333,0.6697555555555554,0.6033333333333334,0.6033333333333333,0.6366111111111112,FM-Full_A-None_AdaBN-F,450,450,450
Yang2025,ShallowConvNet,2,15,0.785,0.7849999999999999,0.8680444444444446,0.8066666666666666,0.8066666666666666,0.8801333333333333,FM-Full_A-None_AdaBN-F,450,450,450
Yang2025,ShallowConvNet,2,19,0.8383333333333334,0.8383333333333334,0.9265333333333334,0.8816666666666667,0.8816666666666666,0.9460555555555556,FM-Full_A-None_AdaBN-F,450,450,450
Yang2025,ShallowConvNet,2,21,0.8716666666666667,0.8716666666666666,0.9522555555555556,0.8916666666666667,0.8916666666666666,0.9634888888888888,FM-Full_A-None_AdaBN-F,450,450,450
Yang2025,ShallowConvNet,2,22,0.7916666666666666,0.7916666666666666,0.8577333333333335,0.8316666666666667,0.8316666666666667,0.9061888888888888,FM-Full_A-None_AdaBN-F,450,450,450
Yang2025,ShallowConvNet,2,23,0.9282136894824708,0.9281716833890749,0.9795094760312152,0.9449081803005008,0.9448996655518396,0.9894370122630992,FM-Full_A-None_AdaBN-F,450,450,450
Yang2025,ShallowConvNet,2,24,0.930976430976431,0.9310833484491204,0.98539814982768,0.9629629629629628,0.9629625430799928,0.9949551061128242,FM-Full_A-None_AdaBN-F,450,450,450
Yang2025,ShallowConvNet,2,28,0.78,0.78,0.9147111111111113,0.89,0.89,0.9615111111111112,FM-Full_A-None_AdaBN-F,450,450,450
Yang2025,ShallowConvNet,2,29,0.7866666666666666,0.7866666666666666,0.8732666666666666,0.9083333333333332,0.9083333333333332,0.9703944444444444,FM-Full_A-None_AdaBN-F,450,450,450
Yang2025,ShallowConvNet,2,30,0.885,0.885,0.9564666666666668,0.955,0.955,0.98595,FM-Full_A-None_AdaBN-F,450,450,450
Yang2025,ShallowConvNet,2,35,0.925,0.925,0.980388888888889,0.9483333333333334,0.9483333333333334,0.986877777777778,FM-Full_A-None_AdaBN-F,450,450,450
Yang2025,ShallowConvNet,2,36,0.93,0.93,0.9811888888888888,0.9416666666666668,0.9416666666666668,0.9853333333333334,FM-Full_A-None_AdaBN-F,450,450,450
Yang2025,ShallowConvNet,2,38,0.6216666666666667,0.6216666666666667,0.6818666666666666,0.63,0.63,0.7277,FM-Full_A-None_AdaBN-F,450,450,450
Yang2025,ShallowConvNet,2,39,0.7133333333333334,0.7133333333333334,0.7830111111111111,0.7633333333333333,0.7633333333333333,0.8547611111111111,FM-Full_A-None_AdaBN-F,450,450,450
Yang2025,ShallowConvNet,2,40,0.7983333333333333,0.7983333333333333,0.8987444444444445,0.855,0.855,0.9344777777777776,FM-Full_A-None_AdaBN-F,450,450,450
Yang2025,ShallowConvNet,2,42,0.83,0.8300000000000001,0.9058555555555556,0.825,0.825,0.9013166666666668,FM-Full_A-None_AdaBN-F,450,450,450
Yang2025,ShallowConvNet,2,43,0.99,0.99,0.9996555555555556,0.995,0.995,0.9999333333333332,FM-Full_A-None_AdaBN-F,450,450,450
Yang2025,ShallowConvNet,2,46,0.97,0.97,0.9975111111111112,0.995,0.995,0.9999,FM-Full_A-None_AdaBN-F,450,450,450
Yang2025,ShallowConvNet,2,51,0.8516666666666667,0.8516666666666666,0.9471333333333332,0.8966666666666666,0.8966666666666667,0.9572111111111112,FM-Full_A-None_AdaBN-F,450,450,450
Yang2025,DeepConvNet,1,4,0.615,0.615,0.6678888888888889,0.5983333333333334,0.5983333333333334,0.6100555555555556,FM-Full_A-None_AdaBN-F,450,450,450
Yang2025,DeepConvNet,1,5,0.8983333333333333,0.8983333333333333,0.9714222222222222,0.9066666666666666,0.9066666666666666,0.9711666666666666,FM-Full_A-None_AdaBN-F,450,450,450
Yang2025,DeepConvNet,1,7,0.845,0.845,0.9376,0.8516666666666667,0.8516666666666666,0.9409222222222222,FM-Full_A-None_AdaBN-F,450,450,450
Yang2025,DeepConvNet,1,9,0.76,0.76,0.8506333333333334,0.73,0.73,0.8266888888888888,FM-Full_A-None_AdaBN-F,450,450,450
Yang2025,DeepConvNet,1,10,0.9,0.8999999999999999,0.9681444444444444,0.91,0.91,0.9678555555555556,FM-Full_A-None_AdaBN-F,450,450,450
Yang2025,DeepConvNet,1,13,0.7733333333333333,0.7733333333333333,0.8752222222222221,0.85,0.8500000000000001,0.9306555555555556,FM-Full_A-None_AdaBN-F,450,450,450
Yang2025,DeepConvNet,1,14,0.585,0.585,0.6326222222222223,0.5866666666666667,0.5866666666666667,0.6401444444444444,FM-Full_A-None_AdaBN-F,450,450,450
Yang2025,DeepConvNet,1,16,0.62,0.62,0.6859666666666666,0.66,0.6599999999999999,0.7392222222222222,FM-Full_A-None_AdaBN-F,450,450,450
Yang2025,DeepConvNet,1,17,0.8183333333333334,0.8183333333333334,0.9061111111111112,0.8416666666666667,0.8416666666666667,0.9376611111111112,FM-Full_A-None_AdaBN-F,450,450,450
Yang2025,DeepConvNet,1,18,0.705,0.7050000000000001,0.7826000000000001,0.7233333333333334,0.7233333333333334,0.8043166666666667,FM-Full_A-None_AdaBN-F,450,450,450
Yang2025,DeepConvNet,1,20,0.7966666666666666,0.7966666666666666,0.8757,0.9483333333333334,0.9483333333333334,0.9889333333333334,FM-Full_A-None_AdaBN-F,450,450,450
Yang2025,DeepConvNet,1,25,0.9433333333333334,0.9433333333333334,0.9871333333333334,0.9683333333333334,0.9683333333333332,0.996488888888889,FM-Full_A-None_AdaBN-F,450,450,450
Yang2025,DeepConvNet,1,26,0.8731218697829716,0.8731103678929766,0.9450501672240804,0.9415692821368948,0.9415997770345595,0.990211817168339,FM-Full_A-None_AdaBN-F,450,450,450
Yang2025,DeepConvNet,1,27,0.675,0.675,0.7397666666666667,0.7583333333333333,0.7583333333333333,0.8525111111111112,FM-Full_A-None_AdaBN-F,450,450,450
Yang2025,DeepConvNet,1,31,0.8016666666666666,0.8016666666666666,0.8828222222222222,0.835,0.835,0.9175944444444446,FM-Full_A-None_AdaBN-F,450,450,450
Yang2025,DeepConvNet,1,32,0.5792988313856428,0.5796655518394649,0.6698439241917502,0.6811352253756261,0.6812709030100335,0.7289186176142699,FM-Full_A-None_AdaBN-F,450,450,450
Yang2025,DeepConvNet,1,33,0.965,0.965,0.9948444444444444,0.9783333333333334,0.9783333333333332,0.9977111111111112,FM-Full_A-None_AdaBN-F,450,450,450
Yang2025,DeepConvNet,1,34,0.6266666666666667,0.6266666666666667,0.6753888888888889,0.8416666666666667,0.8416666666666667,0.9218333333333334,FM-Full_A-None_AdaBN-F,450,450,450
Yang2025,DeepConvNet,1,37,0.8866666666666667,0.8866666666666667,0.9488555555555556,0.955,0.955,0.9866111111111112,FM-Full_A-None_AdaBN-F,450,450,450
Yang2025,DeepConvNet,1,41,0.86,0.86,0.9612444444444443,0.9233333333333332,0.9233333333333332,0.9755888888888888,FM-Full_A-None_AdaBN-F,450,450,450
Yang2025,DeepConvNet,1,44,0.76,0.76,0.8565222222222222,0.7733333333333333,0.7733333333333334,0.8630444444444445,FM-Full_A-None_AdaBN-F,450,450,450
Yang2025,DeepConvNet,1,45,0.9,0.8999999999999999,0.9669444444444444,0.9133333333333332,0.9133333333333332,0.9684444444444444,FM-Full_A-None_AdaBN-F,450,450,450
Yang2025,DeepConvNet,1,47,0.9216666666666666,0.9216666666666666,0.982122222222222,0.94,0.94,0.9848555555555556,FM-Full_A-None_AdaBN-F,450,450,450
Yang2025,DeepConvNet,1,48,0.8916666666666667,0.8916666666666666,0.9678444444444444,0.9416666666666668,0.9416666666666668,0.981777777777778,FM-Full_A-None_AdaBN-F,450,450,450
Yang2025,DeepConvNet,1,49,0.965,0.965,0.9960555555555556,0.9816666666666668,0.9816666666666668,0.9984444444444444,FM-Full_A-None_AdaBN-F,450,450,450
Yang2025,DeepConvNet,1,50,0.9666666666666668,0.9666666666666668,0.9954888888888888,0.9783333333333334,0.9783333333333332,0.9980444444444444,FM-Full_A-None_AdaBN-F,450,450,450
Yang2025,DeepConvNet,2,1,0.945,0.945,0.9914555555555556,0.9616666666666668,0.9616666666666668,0.9952666666666669,FM-Full_A-None_AdaBN-F,450,450,450
Yang2025,DeepConvNet,2,2,0.7333333333333333,0.7333333333333334,0.8141999999999999,0.695,0.6950000000000001,0.7897888888888889,FM-Full_A-None_AdaBN-F,450,450,450
Yang2025,DeepConvNet,2,3,0.98,0.98,0.9981888888888888,0.9866666666666668,0.9866666666666668,0.9984888888888888,FM-Full_A-None_AdaBN-F,450,450,450
Yang2025,DeepConvNet,2,6,0.9616666666666668,0.9616666666666668,0.9963333333333332,0.9783333333333334,0.9783333333333332,0.9976111111111112,FM-Full_A-None_AdaBN-F,450,450,450
Yang2025,DeepConvNet,2,8,0.945,0.945,0.9860666666666668,0.9483333333333334,0.9483333333333333,0.9879777777777776,FM-Full_A-None_AdaBN-F,450,450,450
Yang2025,DeepConvNet,2,11,0.92,0.92,0.9842777777777778,0.955,0.955,0.9937777777777778,FM-Full_A-None_AdaBN-F,450,450,450
Yang2025,DeepConvNet,2,12,0.6516666666666666,0.6516666666666666,0.7087999999999999,0.62,0.62,0.6726555555555556,FM-Full_A-None_AdaBN-F,450,450,450
Yang2025,DeepConvNet,2,15,0.8383333333333334,0.8383333333333334,0.9102333333333332,0.875,0.875,0.9437777777777778,FM-Full_A-None_AdaBN-F,450,450,450
Yang2025,DeepConvNet,2,19,0.8716666666666667,0.8716666666666667,0.9529,0.895,0.895,0.9654111111111112,FM-Full_A-None_AdaBN-F,450,450,450
Yang2025,DeepConvNet,2,21,0.9,0.9,0.9663777777777778,0.92,0.92,0.9731,FM-Full_A-None_AdaBN-F,450,450,450
Yang2025,DeepConvNet,2,22,0.8483333333333334,0.8483333333333334,0.9169888888888889,0.8866666666666667,0.8866666666666667,0.9556944444444444,FM-Full_A-None_AdaBN-F,450,450,450
Yang2025,DeepConvNet,2,23,0.9616026711185308,0.9616053511705686,0.993422519509476,0.988313856427379,0.9883221850613156,0.9964269788182832,FM-Full_A-None_AdaBN-F,450,450,450
Yang2025,DeepConvNet,2,24,0.9528619528619529,0.9528500816252494,0.9919735171413024,0.9797979797979798,0.9797750770905134,0.9985715581353164,FM-Full_A-None_AdaBN-F,450,450,450
Yang2025,DeepConvNet,2,28,0.8416666666666667,0.8416666666666667,0.9683111111111112,0.93,0.93,0.9825888888888888,FM-Full_A-None_AdaBN-F,450,450,450
Yang2025,DeepConvNet,2,29,0.805,0.8049999999999999,0.896,0.895,0.895,0.9767666666666666,FM-Full_A-None_AdaBN-F,450,450,450
Yang2025,DeepConvNet,2,30,0.9466666666666668,0.9466666666666668,0.9835555555555556,0.9733333333333334,0.9733333333333334,0.9887,FM-Full_A-None_AdaBN-F,450,450,450
Yang2025,DeepConvNet,2,35,0.975,0.975,0.9974333333333332,0.9816666666666668,0.9816666666666668,0.9980555555555556,FM-Full_A-None_AdaBN-F,450,450,450
Yang2025,DeepConvNet,2,36,0.9216666666666666,0.9216666666666666,0.9836777777777777,0.9433333333333334,0.9433333333333334,0.9926444444444444,FM-Full_A-None_AdaBN-F,450,450,450
Yang2025,DeepConvNet,2,38,0.605,0.605,0.7092111111111111,0.7266666666666667,0.7266666666666667,0.8093000000000001,FM-Full_A-None_AdaBN-F,450,450,450
Yang2025,DeepConvNet,2,39,0.7383333333333333,0.7383333333333333,0.8356111111111112,0.8133333333333334,0.8133333333333334,0.904877777777778,FM-Full_A-None_AdaBN-F,450,450,450
Yang2025,DeepConvNet,2,40,0.855,0.855,0.9480444444444444,0.8816666666666667,0.8816666666666667,0.9612333333333332,FM-Full_A-None_AdaBN-F,450,450,450
Yang2025,DeepConvNet,2,42,0.8583333333333333,0.8583333333333334,0.9402222222222224,0.86,0.8600000000000001,0.9386,FM-Full_A-None_AdaBN-F,450,450,450
Yang2025,DeepConvNet,2,43,0.995,0.995,1.0,1.0,1.0,1.0,FM-Full_A-None_AdaBN-F,450,450,450
Yang2025,DeepConvNet,2,46,0.9766666666666668,0.9766666666666668,0.9992555555555556,0.9966666666666668,0.9966666666666668,0.9998444444444444,FM-Full_A-None_AdaBN-F,450,450,450
Yang2025,DeepConvNet,2,51,0.885,0.885,0.9735666666666666,0.9383333333333334,0.9383333333333332,0.9848111111111112,FM-Full_A-None_AdaBN-F,450,450,450
Yang2025,DeepConvNet,1,4,0.6116666666666667,0.6116666666666667,0.6678333333333334,0.575,0.575,0.6110055555555556,FM-Full_A-None_AdaBN-F,600,600,600
Yang2025,DeepConvNet,1,5,0.9,0.8999999999999999,0.964277777777778,0.9133333333333332,0.9133333333333332,0.9762555555555557,FM-Full_A-None_AdaBN-F,600,600,600
Yang2025,DeepConvNet,1,7,0.8466666666666667,0.8466666666666667,0.9250777777777778,0.8583333333333333,0.8583333333333334,0.947277777777778,FM-Full_A-None_AdaBN-F,600,600,600
Yang2025,DeepConvNet,1,9,0.77,0.77,0.8509222222222222,0.7433333333333333,0.7433333333333334,0.8361888888888889,FM-Full_A-None_AdaBN-F,600,600,600
Yang2025,DeepConvNet,1,10,0.8766666666666667,0.8766666666666667,0.9650888888888888,0.9033333333333332,0.9033333333333332,0.9701333333333332,FM-Full_A-None_AdaBN-F,600,600,600
Yang2025,DeepConvNet,1,13,0.8033333333333333,0.8033333333333333,0.8935666666666667,0.8683333333333333,0.8683333333333334,0.9426555555555556,FM-Full_A-None_AdaBN-F,600,600,600
Yang2025,DeepConvNet,1,14,0.6,0.6,0.640311111111111,0.62,0.62,0.6482888888888889,FM-Full_A-None_AdaBN-F,600,600,600
Yang2025,DeepConvNet,1,16,0.64,0.6399999999999999,0.7021222222222221,0.6816666666666666,0.6816666666666666,0.7483333333333333,FM-Full_A-None_AdaBN-F,600,600,600
Yang2025,DeepConvNet,1,17,0.8283333333333334,0.8283333333333334,0.9138888888888888,0.8516666666666667,0.8516666666666666,0.930327777777778,FM-Full_A-None_AdaBN-F,600,600,600
Yang2025,DeepConvNet,1,18,0.7033333333333334,0.7033333333333334,0.7858333333333334,0.7333333333333333,0.7333333333333334,0.81645,FM-Full_A-None_AdaBN-F,600,600,600
Yang2025,DeepConvNet,1,20,0.8,0.8,0.8777777777777778,0.9466666666666668,0.9466666666666668,0.9892222222222222,FM-Full_A-None_AdaBN-F,600,600,600
Yang2025,DeepConvNet,1,25,0.9466666666666668,0.9466666666666668,0.9882666666666668,0.98,0.98,0.9971333333333332,FM-Full_A-None_AdaBN-F,600,600,600
Yang2025,DeepConvNet,1,26,0.8797996661101837,0.8797770345596432,0.9485507246376812,0.9499165275459098,0.9499498327759196,0.9934002229654404,FM-Full_A-None_AdaBN-F,600,600,600
Yang2025,DeepConvNet,1,27,0.6816666666666666,0.6816666666666666,0.7756777777777778,0.7633333333333333,0.7633333333333333,0.845511111111111,FM-Full_A-None_AdaBN-F,600,600,600
Yang2025,DeepConvNet,1,31,0.8016666666666666,0.8016666666666667,0.8976222222222221,0.8516666666666667,0.8516666666666667,0.9253555555555556,FM-Full_A-None_AdaBN-F,600,600,600
Yang2025,DeepConvNet,1,32,0.6126878130217028,0.6128428093645485,0.678829431438127,0.67779632721202,0.6778316610925306,0.7462207357859532,FM-Full_A-None_AdaBN-F,600,600,600
Yang2025,DeepConvNet,1,33,0.9583333333333334,0.9583333333333331,0.9916222222222224,0.9766666666666668,0.9766666666666666,0.9979111111111112,FM-Full_A-None_AdaBN-F,600,600,600
Yang2025,DeepConvNet,1,34,0.625,0.625,0.6690666666666667,0.855,0.855,0.9339333333333334,FM-Full_A-None_AdaBN-F,600,600,600
Yang2025,DeepConvNet,1,37,0.8983333333333333,0.8983333333333334,0.9662888888888888,0.9533333333333334,0.9533333333333334,0.988688888888889,FM-Full_A-None_AdaBN-F,600,600,600
Yang2025,DeepConvNet,1,41,0.89,0.8899999999999999,0.9611166666666668,0.9283333333333332,0.9283333333333332,0.9795111111111112,FM-Full_A-None_AdaBN-F,600,600,600
Yang2025,DeepConvNet,1,44,0.7566666666666667,0.7566666666666666,0.8500888888888889,0.76,0.76,0.8564666666666668,FM-Full_A-None_AdaBN-F,600,600,600
Yang2025,DeepConvNet,1,45,0.9066666666666666,0.9066666666666668,0.966,0.91,0.91,0.9675,FM-Full_A-None_AdaBN-F,600,600,600
Yang2025,DeepConvNet,1,47,0.9216666666666666,0.9216666666666666,0.9784555555555556,0.9383333333333334,0.9383333333333334,0.9864888888888887,FM-Full_A-None_AdaBN-F,600,600,600
Yang2025,DeepConvNet,1,48,0.875,0.875,0.9520888888888888,0.925,0.925,0.9815555555555556,FM-Full_A-None_AdaBN-F,600,600,600
Yang2025,DeepConvNet,1,49,0.9566666666666668,0.9566666666666668,0.9931222222222222,0.98,0.98,0.9982888888888888,FM-Full_A-None_AdaBN-F,600,600,600
Yang2025,DeepConvNet,1,50,0.97,0.97,0.9960111111111112,0.975,0.975,0.9975555555555556,FM-Full_A-None_AdaBN-F,600,600,600
Yang2025,DeepConvNet,2,1,0.965,0.965,0.9951444444444444,0.965,0.965,0.9949555555555556,FM-Full_A-None_AdaBN-F,600,600,600
Yang2025,DeepConvNet,2,2,0.74,0.74,0.8225444444444444,0.7,0.7,0.7810444444444444,FM-Full_A-None_AdaBN-F,600,600,600
Yang2025,DeepConvNet,2,3,0.9783333333333334,0.9783333333333332,0.9947222222222222,0.9783333333333334,0.9783333333333332,0.9952277777777776,FM-Full_A-None_AdaBN-F,600,600,600
Yang2025,DeepConvNet,2,6,0.95,0.95,0.995588888888889,0.98,0.98,0.9983555555555556,FM-Full_A-None_AdaBN-F,600,600,600
Yang2025,DeepConvNet,2,8,0.9483333333333334,0.9483333333333333,0.9898333333333332,0.9483333333333334,0.9483333333333334,0.9912777777777776,FM-Full_A-None_AdaBN-F,600,600,600
Yang2025,DeepConvNet,2,11,0.9366666666666666,0.9366666666666666,0.9848555555555556,0.955,0.955,0.9934666666666668,FM-Full_A-None_AdaBN-F,600,600,600
Yang2025,DeepConvNet,2,12,0.6366666666666667,0.6366666666666667,0.7130222222222222,0.5966666666666667,0.5966666666666667,0.6622666666666668,FM-Full_A-None_AdaBN-F,600,600,600
Yang2025,DeepConvNet,2,15,0.8333333333333334,0.8333333333333333,0.9075666666666666,0.8633333333333333,0.8633333333333333,0.9428888888888888,FM-Full_A-None_AdaBN-F,600,600,600
Yang2025,DeepConvNet,2,19,0.865,0.865,0.9541888888888888,0.895,0.895,0.9686666666666668,FM-Full_A-None_AdaBN-F,600,600,600
Yang2025,DeepConvNet,2,21,0.9116666666666666,0.9116666666666666,0.9766666666666668,0.9266666666666666,0.9266666666666666,0.9788222222222224,FM-Full_A-None_AdaBN-F,600,600,600
Yang2025,DeepConvNet,2,22,0.8633333333333333,0.8633333333333333,0.9280888888888889,0.905,0.905,0.9659,FM-Full_A-None_AdaBN-F,600,600,600
Yang2025,DeepConvNet,2,23,0.9682804674457428,0.9682720178372352,0.9937904124860646,0.986644407345576,0.9866443701226312,0.9967001114827202,FM-Full_A-None_AdaBN-F,600,600,600
Yang2025,DeepConvNet,2,24,0.9595959595959596,0.9596068383820062,0.9910325594050426,0.9814814814814816,0.9814642662797024,0.9984922002539453,FM-Full_A-None_AdaBN-F,600,600,600
Yang2025,DeepConvNet,2,28,0.8733333333333333,0.8733333333333333,0.9708444444444444,0.9433333333333334,0.9433333333333334,0.9839666666666668,FM-Full_A-None_AdaBN-F,600,600,600
Yang2025,DeepConvNet,2,29,0.8216666666666667,0.8216666666666667,0.9157333333333332,0.91,0.91,0.9769666666666666,FM-Full_A-None_AdaBN-F,600,600,600
Yang2025,DeepConvNet,2,30,0.9516666666666668,0.9516666666666668,0.9840666666666668,0.975,0.975,0.9933444444444446,FM-Full_A-None_AdaBN-F,600,600,600
Yang2025,DeepConvNet,2,35,0.9733333333333334,0.9733333333333334,0.9970888888888888,0.98,0.98,0.9978,FM-Full_A-None_AdaBN-F,600,600,600
Yang2025,DeepConvNet,2,36,0.935,0.935,0.9865555555555556,0.95,0.95,0.9941333333333334,FM-Full_A-None_AdaBN-F,600,600,600
Yang2025,DeepConvNet,2,38,0.6466666666666666,0.6466666666666667,0.7170000000000001,0.7116666666666667,0.7116666666666667,0.8135111111111111,FM-Full_A-None_AdaBN-F,600,600,600
Yang2025,DeepConvNet,2,39,0.75,0.75,0.8477888888888889,0.825,0.825,0.9030055555555556,FM-Full_A-None_AdaBN-F,600,600,600
Yang2025,DeepConvNet,2,40,0.8616666666666667,0.8616666666666666,0.9524,0.8883333333333333,0.8883333333333334,0.9627444444444444,FM-Full_A-None_AdaBN-F,600,600,600
Yang2025,DeepConvNet,2,42,0.8733333333333333,0.8733333333333333,0.9466,0.855,0.855,0.9435611111111112,FM-Full_A-None_AdaBN-F,600,600,600
Yang2025,DeepConvNet,2,43,0.9916666666666668,0.9916666666666668,0.9999888888888888,1.0,1.0,1.0,FM-Full_A-None_AdaBN-F,600,600,600
Yang2025,DeepConvNet,2,46,0.9833333333333332,0.9833333333333334,0.9994444444444444,0.9966666666666668,0.9966666666666666,0.9999,FM-Full_A-None_AdaBN-F,600,600,600
Yang2025,DeepConvNet,2,51,0.8983333333333333,0.8983333333333333,0.9792222222222222,0.9366666666666666,0.9366666666666666,0.9862666666666666,FM-Full_A-None_AdaBN-F,600,600,600
Yang2025,ATCNet,1,4,0.5316666666666666,0.5316666666666666,0.5555111111111112,0.5383333333333333,0.5383333333333333,0.5385666666666666,FM-Full_A-None_AdaBN-F,600,600,600
Yang2025,ATCNet,1,5,0.72,0.72,0.7988444444444445,0.8616666666666667,0.8616666666666667,0.9389555555555554,FM-Full_A-None_AdaBN-F,600,600,600
Yang2025,ATCNet,1,7,0.675,0.675,0.7001000000000001,0.7116666666666667,0.7116666666666667,0.764188888888889,FM-Full_A-None_AdaBN-F,600,600,600
Yang2025,ATCNet,1,9,0.645,0.645,0.7575555555555555,0.6883333333333334,0.6883333333333334,0.7691222222222222,FM-Full_A-None_AdaBN-F,600,600,600
Yang2025,ATCNet,1,10,0.7683333333333333,0.7683333333333333,0.8770555555555557,0.8216666666666667,0.8216666666666668,0.9155111111111112,FM-Full_A-None_AdaBN-F,600,600,600
Yang2025,ATCNet,1,13,0.705,0.705,0.8157444444444445,0.7333333333333333,0.7333333333333334,0.8129888888888889,FM-Full_A-None_AdaBN-F,600,600,600
Yang2025,ATCNet,1,14,0.565,0.565,0.6076555555555555,0.5466666666666666,0.5466666666666666,0.5935333333333334,FM-Full_A-None_AdaBN-F,600,600,600
Yang2025,ATCNet,1,16,0.635,0.635,0.7153555555555556,0.6933333333333334,0.6933333333333334,0.7651777777777777,FM-Full_A-None_AdaBN-F,600,600,600
Yang2025,ATCNet,1,17,0.6583333333333333,0.6583333333333333,0.7254666666666667,0.695,0.695,0.786088888888889,FM-Full_A-None_AdaBN-F,600,600,600
Yang2025,ATCNet,1,18,0.685,0.685,0.7639777777777779,0.63,0.63,0.7028555555555556,FM-Full_A-None_AdaBN-F,600,600,600
Yang2025,ATCNet,1,20,0.57,0.57,0.5743555555555555,0.715,0.7150000000000001,0.7855444444444444,FM-Full_A-None_AdaBN-F,600,600,600
Yang2025,ATCNet,1,25,0.7283333333333334,0.7283333333333333,0.8886888888888889,0.8583333333333333,0.8583333333333334,0.9372333333333334,FM-Full_A-None_AdaBN-F,600,600,600
Yang2025,ATCNet,1,26,0.7262103505843072,0.7261092530657748,0.7995986622073579,0.8898163606010017,0.8898160535117057,0.9603567447045708,FM-Full_A-None_AdaBN-F,600,600,600
Yang2025,ATCNet,1,27,0.54,0.54,0.6362777777777777,0.7933333333333333,0.7933333333333333,0.8842555555555557,FM-Full_A-None_AdaBN-F,600,600,600
Yang2025,ATCNet,1,31,0.7783333333333333,0.7783333333333333,0.8770222222222221,0.7916666666666666,0.7916666666666666,0.8932666666666668,FM-Full_A-None_AdaBN-F,600,600,600
Yang2025,ATCNet,1,32,0.7278797996661102,0.7280434782608696,0.8045373467112598,0.8030050083472454,0.8030267558528428,0.8861315496098104,FM-Full_A-None_AdaBN-F,600,600,600
Yang2025,ATCNet,1,33,0.785,0.785,0.9774333333333334,0.9616666666666668,0.9616666666666668,0.9951444444444444,FM-Full_A-None_AdaBN-F,600,600,600
Yang2025,ATCNet,1,34,0.4366666666666666,0.4366666666666666,0.3926666666666666,0.8833333333333333,0.8833333333333333,0.9555,FM-Full_A-None_AdaBN-F,600,600,600
Yang2025,ATCNet,1,37,0.835,0.835,0.914277777777778,0.8333333333333334,0.8333333333333333,0.9173333333333332,FM-Full_A-None_AdaBN-F,600,600,600
Yang2025,ATCNet,1,41,0.9066666666666666,0.9066666666666668,0.9669222222222222,0.9283333333333332,0.9283333333333332,0.9827333333333332,FM-Full_A-None_AdaBN-F,600,600,600
Yang2025,ATCNet,1,44,0.6466666666666666,0.6466666666666667,0.6981666666666666,0.66,0.6599999999999999,0.7363111111111111,FM-Full_A-None_AdaBN-F,600,600,600
Yang2025,ATCNet,1,45,0.7233333333333334,0.7233333333333334,0.8200888888888889,0.7716666666666666,0.7716666666666667,0.8538777777777778,FM-Full_A-None_AdaBN-F,600,600,600
Yang2025,ATCNet,1,47,0.7766666666666666,0.7766666666666666,0.8707111111111111,0.82,0.82,0.9048111111111112,FM-Full_A-None_AdaBN-F,600,600,600
Yang2025,ATCNet,1,48,0.805,0.8049999999999999,0.8855666666666667,0.8283333333333334,0.8283333333333334,0.9177666666666666,FM-Full_A-None_AdaBN-F,600,600,600
Yang2025,ATCNet,1,49,0.85,0.85,0.934288888888889,0.8983333333333333,0.8983333333333334,0.961677777777778,FM-Full_A-None_AdaBN-F,600,600,600
Yang2025,ATCNet,1,50,0.8083333333333333,0.8083333333333333,0.897511111111111,0.9066666666666666,0.9066666666666668,0.9615888888888888,FM-Full_A-None_AdaBN-F,600,600,600
Yang2025,ATCNet,2,1,0.795,0.795,0.8635,0.8616666666666667,0.8616666666666666,0.9489888888888888,FM-Full_A-None_AdaBN-F,600,600,600
Yang2025,ATCNet,2,2,0.5533333333333333,0.5533333333333333,0.58945,0.605,0.605,0.6682555555555556,FM-Full_A-None_AdaBN-F,600,600,600
Yang2025,ATCNet,2,3,0.9116666666666666,0.9116666666666666,0.9718666666666668,0.9166666666666666,0.9166666666666669,0.9637888888888888,FM-Full_A-None_AdaBN-F,600,600,600
Yang2025,ATCNet,2,6,0.9516666666666668,0.9516666666666668,0.9835666666666666,0.9483333333333334,0.9483333333333333,0.9884888888888888,FM-Full_A-None_AdaBN-F,600,600,600
Yang2025,ATCNet,2,8,0.8233333333333334,0.8233333333333334,0.9204,0.8566666666666667,0.8566666666666667,0.922,FM-Full_A-None_AdaBN-F,600,600,600
Yang2025,ATCNet,2,11,0.8283333333333334,0.8283333333333334,0.9000555555555555,0.8816666666666667,0.8816666666666666,0.947377777777778,FM-Full_A-None_AdaBN-F,600,600,600
Yang2025,ATCNet,2,12,0.55,0.55,0.5755222222222223,0.5483333333333333,0.5483333333333333,0.5673555555555555,FM-Full_A-None_AdaBN-F,600,600,600
Yang2025,ATCNet,2,15,0.7833333333333333,0.7833333333333333,0.8582333333333333,0.7166666666666667,0.7166666666666667,0.7732000000000001,FM-Full_A-None_AdaBN-F,600,600,600
Yang2025,ATCNet,2,19,0.79,0.79,0.897788888888889,0.88,0.88,0.9439888888888888,FM-Full_A-None_AdaBN-F,600,600,600
Yang2025,ATCNet,2,21,0.7266666666666667,0.7266666666666667,0.8335444444444444,0.81,0.81,0.8997888888888889,FM-Full_A-None_AdaBN-F,600,600,600
Yang2025,ATCNet,2,22,0.6783333333333333,0.6783333333333333,0.7181222222222222,0.7866666666666666,0.7866666666666666,0.8722888888888889,FM-Full_A-None_AdaBN-F,600,600,600
Yang2025,ATCNet,2,23,0.8747913188647746,0.8748272017837235,0.9254292084726868,0.9115191986644408,0.9115384615384616,0.9707134894091416,FM-Full_A-None_AdaBN-F,600,600,600
Yang2025,ATCNet,2,24,0.8804713804713805,0.8803849990930528,0.9485760928713948,0.957912457912458,0.9578496281516417,0.991111917286414,FM-Full_A-None_AdaBN-F,600,600,600
Yang2025,ATCNet,2,28,0.8816666666666667,0.8816666666666667,0.9593555555555556,0.9283333333333332,0.9283333333333332,0.980588888888889,FM-Full_A-None_AdaBN-F,600,600,600
Yang2025,ATCNet,2,29,0.8983333333333333,0.8983333333333333,0.9696888888888888,0.9533333333333334,0.9533333333333334,0.9943222222222224,FM-Full_A-None_AdaBN-F,600,600,600
Yang2025,ATCNet,2,30,0.7783333333333333,0.7783333333333333,0.856788888888889,0.705,0.7050000000000001,0.7484777777777778,FM-Full_A-None_AdaBN-F,600,600,600
Yang2025,ATCNet,2,35,0.63,0.63,0.7484777777777778,0.7933333333333333,0.7933333333333333,0.8726777777777778,FM-Full_A-None_AdaBN-F,600,600,600
Yang2025,ATCNet,2,36,0.745,0.745,0.8854666666666666,0.8533333333333334,0.8533333333333333,0.9256777777777778,FM-Full_A-None_AdaBN-F,600,600,600
Yang2025,ATCNet,2,38,0.5116666666666667,0.5116666666666667,0.5038111111111112,0.5783333333333334,0.5783333333333334,0.6002444444444444,FM-Full_A-None_AdaBN-F,600,600,600
Yang2025,ATCNet,2,39,0.7266666666666667,0.7266666666666667,0.8258222222222222,0.8033333333333333,0.8033333333333333,0.9047,FM-Full_A-None_AdaBN-F,600,600,600
Yang2025,ATCNet,2,40,0.695,0.6950000000000001,0.8461111111111111,0.8133333333333334,0.8133333333333334,0.8855,FM-Full_A-None_AdaBN-F,600,600,600
Yang2025,ATCNet,2,42,0.665,0.665,0.7998000000000001,0.75,0.75,0.8189666666666667,FM-Full_A-None_AdaBN-F,600,600,600
Yang2025,ATCNet,2,43,0.77,0.77,0.9150888888888892,0.9033333333333332,0.9033333333333332,0.9655333333333334,FM-Full_A-None_AdaBN-F,600,600,600
Yang2025,ATCNet,2,46,0.8066666666666666,0.8066666666666666,0.9417111111111112,0.93,0.93,0.9790333333333332,FM-Full_A-None_AdaBN-F,600,600,600
Yang2025,ATCNet,2,51,0.7983333333333333,0.7983333333333333,0.8870333333333333,0.85,0.8500000000000001,0.9232111111111112,FM-Full_A-None_AdaBN-F,600,600,600
Yang2025,ShallowConvNet,1,4,0.59,0.5900000000000001,0.6331388888888888,0.5933333333333334,0.5933333333333333,0.6056666666666667,FM-Full_A-None_AdaBN-F,600,600,600
Yang2025,ShallowConvNet,1,5,0.89,0.89,0.9604111111111112,0.9133333333333332,0.9133333333333332,0.9691777777777778,FM-Full_A-None_AdaBN-F,600,600,600
Yang2025,ShallowConvNet,1,7,0.83,0.8300000000000001,0.90525,0.8133333333333334,0.8133333333333332,0.8960055555555556,FM-Full_A-None_AdaBN-F,600,600,600
Yang2025,ShallowConvNet,1,9,0.7333333333333333,0.7333333333333334,0.8110222222222223,0.7433333333333333,0.7433333333333334,0.8148888888888889,FM-Full_A-None_AdaBN-F,600,600,600
Yang2025,ShallowConvNet,1,10,0.8366666666666667,0.8366666666666667,0.9440666666666668,0.8616666666666667,0.8616666666666667,0.9459111111111111,FM-Full_A-None_AdaBN-F,600,600,600
Yang2025,ShallowConvNet,1,13,0.7816666666666666,0.7816666666666667,0.8717166666666667,0.8016666666666666,0.8016666666666667,0.8875111111111111,FM-Full_A-None_AdaBN-F,600,600,600
Yang2025,ShallowConvNet,1,14,0.585,0.585,0.6068611111111111,0.545,0.545,0.5879277777777777,FM-Full_A-None_AdaBN-F,600,600,600
Yang2025,ShallowConvNet,1,16,0.6283333333333333,0.6283333333333333,0.6857555555555557,0.6683333333333333,0.6683333333333332,0.7334999999999999,FM-Full_A-None_AdaBN-F,600,600,600
Yang2025,ShallowConvNet,1,17,0.82,0.8200000000000001,0.8962777777777777,0.8216666666666667,0.8216666666666667,0.9083166666666668,FM-Full_A-None_AdaBN-F,600,600,600
Yang2025,ShallowConvNet,1,18,0.6816666666666666,0.6816666666666666,0.7778888888888889,0.6983333333333334,0.6983333333333334,0.7764055555555556,FM-Full_A-None_AdaBN-F,600,600,600
Yang2025,ShallowConvNet,1,20,0.77,0.77,0.8889,0.88,0.88,0.9537555555555556,FM-Full_A-None_AdaBN-F,600,600,600
Yang2025,ShallowConvNet,1,25,0.9283333333333332,0.9283333333333332,0.969461111111111,0.9383333333333334,0.9383333333333334,0.9850888888888888,FM-Full_A-None_AdaBN-F,600,600,600
Yang2025,ShallowConvNet,1,26,0.8564273789649416,0.856376811594203,0.9353734671125976,0.9015025041736228,0.90149386845039,0.9664102564102564,FM-Full_A-None_AdaBN-F,600,600,600
Yang2025,ShallowConvNet,1,27,0.59,0.59,0.6339444444444444,0.6983333333333334,0.6983333333333334,0.7792111111111112,FM-Full_A-None_AdaBN-F,600,600,600
Yang2025,ShallowConvNet,1,31,0.755,0.755,0.860511111111111,0.815,0.815,0.8950277777777778,FM-Full_A-None_AdaBN-F,600,600,600
Yang2025,ShallowConvNet,1,32,0.6143572621035058,0.6144425863991081,0.6643645484949833,0.6911519198664441,0.6911538461538461,0.7535228539576365,FM-Full_A-None_AdaBN-F,600,600,600
Yang2025,ShallowConvNet,1,33,0.9583333333333334,0.9583333333333331,0.9933333333333334,0.975,0.975,0.9958666666666668,FM-Full_A-None_AdaBN-F,600,600,600
Yang2025,ShallowConvNet,1,34,0.6066666666666667,0.6066666666666667,0.6648,0.8183333333333334,0.8183333333333334,0.9056,FM-Full_A-None_AdaBN-F,600,600,600
Yang2025,ShallowConvNet,1,37,0.8733333333333333,0.8733333333333333,0.9482611111111112,0.915,0.915,0.9686833333333332,FM-Full_A-None_AdaBN-F,600,600,600
Yang2025,ShallowConvNet,1,41,0.9083333333333332,0.9083333333333332,0.9736333333333332,0.9216666666666666,0.9216666666666666,0.9805666666666666,FM-Full_A-None_AdaBN-F,600,600,600
Yang2025,ShallowConvNet,1,44,0.7883333333333333,0.7883333333333333,0.8625611111111112,0.7833333333333333,0.7833333333333334,0.8637111111111111,FM-Full_A-None_AdaBN-F,600,600,600
Yang2025,ShallowConvNet,1,45,0.9,0.8999999999999999,0.9519833333333334,0.8883333333333333,0.8883333333333334,0.9469666666666668,FM-Full_A-None_AdaBN-F,600,600,600
Yang2025,ShallowConvNet,1,47,0.9066666666666666,0.9066666666666668,0.9666333333333332,0.9066666666666666,0.9066666666666668,0.9681611111111112,FM-Full_A-None_AdaBN-F,600,600,600
Yang2025,ShallowConvNet,1,48,0.8633333333333333,0.8633333333333333,0.9565388888888888,0.8966666666666666,0.8966666666666667,0.9682277777777778,FM-Full_A-None_AdaBN-F,600,600,600
Yang2025,ShallowConvNet,1,49,0.955,0.955,0.9919444444444444,0.96,0.96,0.9929666666666668,FM-Full_A-None_AdaBN-F,600,600,600
Yang2025,ShallowConvNet,1,50,0.955,0.955,0.9904333333333332,0.9466666666666668,0.9466666666666668,0.9911555555555556,FM-Full_A-None_AdaBN-F,600,600,600
Yang2025,ShallowConvNet,2,1,0.8983333333333333,0.8983333333333333,0.9779222222222222,0.9483333333333334,0.9483333333333334,0.9896666666666668,FM-Full_A-None_AdaBN-F,600,600,600
Yang2025,ShallowConvNet,2,2,0.665,0.665,0.758388888888889,0.7,0.7,0.7661888888888889,FM-Full_A-None_AdaBN-F,600,600,600
Yang2025,ShallowConvNet,2,3,0.9583333333333334,0.9583333333333331,0.991877777777778,0.9583333333333334,0.9583333333333331,0.9912333333333334,FM-Full_A-None_AdaBN-F,600,600,600
Yang2025,ShallowConvNet,2,6,0.8916666666666667,0.8916666666666666,0.9889555555555556,0.9716666666666668,0.9716666666666668,0.997211111111111,FM-Full_A-None_AdaBN-F,600,600,600
Yang2025,ShallowConvNet,2,8,0.8966666666666666,0.8966666666666667,0.976022222222222,0.9333333333333332,0.9333333333333332,0.9840277777777778,FM-Full_A-None_AdaBN-F,600,600,600
Yang2025,ShallowConvNet,2,11,0.9066666666666666,0.9066666666666668,0.9729333333333332,0.9116666666666666,0.9116666666666666,0.9776888888888888,FM-Full_A-None_AdaBN-F,600,600,600
Yang2025,ShallowConvNet,2,12,0.6066666666666667,0.6066666666666667,0.6749777777777779,0.59,0.5900000000000001,0.6265222222222222,FM-Full_A-None_AdaBN-F,600,600,600
Yang2025,ShallowConvNet,2,15,0.77,0.77,0.8654222222222222,0.8183333333333334,0.8183333333333334,0.9000055555555556,FM-Full_A-None_AdaBN-F,600,600,600
Yang2025,ShallowConvNet,2,19,0.845,0.845,0.9317333333333332,0.8833333333333333,0.8833333333333333,0.9514333333333334,FM-Full_A-None_AdaBN-F,600,600,600
Yang2025,ShallowConvNet,2,21,0.86,0.86,0.9514222222222222,0.8933333333333333,0.8933333333333333,0.9608111111111112,FM-Full_A-None_AdaBN-F,600,600,600
Yang2025,ShallowConvNet,2,22,0.7433333333333333,0.7433333333333334,0.8340222222222222,0.8233333333333334,0.8233333333333334,0.91535,FM-Full_A-None_AdaBN-F,600,600,600
Yang2025,ShallowConvNet,2,23,0.9282136894824708,0.9282608695652176,0.9819732441471573,0.9565943238731218,0.9565886287625418,0.9912597547380156,FM-Full_A-None_AdaBN-F,600,600,600
Yang2025,ShallowConvNet,2,24,0.930976430976431,0.9308339379648104,0.9887765282060584,0.9747474747474748,0.9747641937239252,0.9966329584618177,FM-Full_A-None_AdaBN-F,600,600,600
Yang2025,ShallowConvNet,2,28,0.8166666666666667,0.8166666666666667,0.9115222222222223,0.9016666666666666,0.9016666666666666,0.9670222222222222,FM-Full_A-None_AdaBN-F,600,600,600
Yang2025,ShallowConvNet,2,29,0.735,0.735,0.8820333333333332,0.9,0.8999999999999999,0.9686722222222222,FM-Full_A-None_AdaBN-F,600,600,600
Yang2025,ShallowConvNet,2,30,0.8766666666666667,0.8766666666666667,0.9544222222222224,0.945,0.945,0.9866444444444444,FM-Full_A-None_AdaBN-F,600,600,600
Yang2025,ShallowConvNet,2,35,0.9316666666666666,0.9316666666666666,0.9902888888888888,0.9633333333333334,0.9633333333333334,0.9935222222222222,FM-Full_A-None_AdaBN-F,600,600,600
Yang2025,ShallowConvNet,2,36,0.895,0.895,0.9759111111111112,0.9316666666666666,0.9316666666666666,0.9827666666666668,FM-Full_A-None_AdaBN-F,600,600,600
Yang2025,ShallowConvNet,2,38,0.5916666666666667,0.5916666666666667,0.6516222222222222,0.6183333333333333,0.6183333333333334,0.69065,FM-Full_A-None_AdaBN-F,600,600,600
Yang2025,ShallowConvNet,2,39,0.7133333333333334,0.7133333333333334,0.8035333333333333,0.7716666666666666,0.7716666666666667,0.8688222222222223,FM-Full_A-None_AdaBN-F,600,600,600
Yang2025,ShallowConvNet,2,40,0.7466666666666667,0.7466666666666667,0.9070444444444444,0.8466666666666667,0.8466666666666667,0.9274111111111112,FM-Full_A-None_AdaBN-F,600,600,600
Yang2025,ShallowConvNet,2,42,0.7983333333333333,0.7983333333333333,0.9057333333333332,0.8366666666666667,0.8366666666666667,0.9148166666666668,FM-Full_A-None_AdaBN-F,600,600,600
Yang2025,ShallowConvNet,2,43,0.965,0.965,0.9994666666666666,0.9883333333333332,0.9883333333333332,0.9997333333333334,FM-Full_A-None_AdaBN-F,600,600,600
Yang2025,ShallowConvNet,2,46,0.9233333333333332,0.9233333333333332,0.9950111111111112,0.9916666666666668,0.9916666666666668,0.9996666666666668,FM-Full_A-None_AdaBN-F,600,600,600
Yang2025,ShallowConvNet,2,51,0.775,0.7749999999999999,0.9510000000000002,0.8916666666666667,0.8916666666666666,0.9652888888888888,FM-Full_A-None_AdaBN-F,600,600,600
Yang2025,EEGNetv4,1,4,0.5866666666666667,0.5866666666666667,0.6315000000000001,0.555,0.5549999999999999,0.5984444444444446,FM-Full_A-None_AdaBN-F,600,600,600
Yang2025,EEGNetv4,1,5,0.8283333333333334,0.8283333333333334,0.9282444444444444,0.8983333333333333,0.8983333333333333,0.9549888888888888,FM-Full_A-None_AdaBN-F,600,600,600
Yang2025,EEGNetv4,1,7,0.7483333333333333,0.7483333333333333,0.874588888888889,0.8333333333333334,0.8333333333333333,0.9098333333333332,FM-Full_A-None_AdaBN-F,600,600,600
Yang2025,EEGNetv4,1,9,0.7116666666666667,0.7116666666666667,0.7977333333333334,0.7383333333333333,0.7383333333333333,0.8182111111111112,FM-Full_A-None_AdaBN-F,600,600,600
Yang2025,EEGNetv4,1,10,0.7866666666666666,0.7866666666666666,0.9269333333333334,0.8883333333333333,0.8883333333333333,0.9563111111111112,FM-Full_A-None_AdaBN-F,600,600,600
Yang2025,EEGNetv4,1,13,0.7816666666666666,0.7816666666666667,0.850688888888889,0.8466666666666667,0.8466666666666667,0.9218111111111112,FM-Full_A-None_AdaBN-F,600,600,600
Yang2025,EEGNetv4,1,14,0.5566666666666666,0.5566666666666666,0.588488888888889,0.5433333333333333,0.5433333333333333,0.5783444444444445,FM-Full_A-None_AdaBN-F,600,600,600
Yang2025,EEGNetv4,1,16,0.5683333333333334,0.5683333333333334,0.6338666666666666,0.6666666666666666,0.6666666666666667,0.7204111111111111,FM-Full_A-None_AdaBN-F,600,600,600
Yang2025,EEGNetv4,1,17,0.7916666666666666,0.7916666666666667,0.8830833333333333,0.8316666666666667,0.8316666666666667,0.9066666666666664,FM-Full_A-None_AdaBN-F,600,600,600
Yang2025,EEGNetv4,1,18,0.6783333333333333,0.6783333333333333,0.7446111111111111,0.6833333333333333,0.6833333333333333,0.7679666666666666,FM-Full_A-None_AdaBN-F,600,600,600
Yang2025,EEGNetv4,1,20,0.7683333333333333,0.7683333333333333,0.8536111111111111,0.915,0.915,0.9706333333333332,FM-Full_A-None_AdaBN-F,600,600,600
Yang2025,EEGNetv4,1,25,0.8983333333333333,0.8983333333333334,0.9524666666666668,0.955,0.955,0.9898444444444444,FM-Full_A-None_AdaBN-F,600,600,600
Yang2025,EEGNetv4,1,26,0.7479131886477463,0.7476867335562988,0.8520958751393535,0.9081803005008348,0.908154960981048,0.9537904124860648,FM-Full_A-None_AdaBN-F,600,600,600
Yang2025,EEGNetv4,1,27,0.5966666666666667,0.5966666666666667,0.6729555555555555,0.7333333333333333,0.7333333333333334,0.8158444444444444,FM-Full_A-None_AdaBN-F,600,600,600
Yang2025,EEGNetv4,1,31,0.7366666666666667,0.7366666666666667,0.8293111111111111,0.825,0.825,0.897661111111111,FM-Full_A-None_AdaBN-F,600,600,600
Yang2025,EEGNetv4,1,32,0.5642737896494157,0.5642586399108138,0.6066778149386846,0.6410684474123539,0.6410089186176142,0.7012597547380156,FM-Full_A-None_AdaBN-F,600,600,600
Yang2025,EEGNetv4,1,33,0.9616666666666668,0.9616666666666668,0.9919222222222224,0.9766666666666668,0.9766666666666668,0.9968222222222224,FM-Full_A-None_AdaBN-F,600,600,600
Yang2025,EEGNetv4,1,34,0.5483333333333333,0.5483333333333333,0.5558777777777778,0.7816666666666666,0.7816666666666667,0.8739111111111112,FM-Full_A-None_AdaBN-F,600,600,600
Yang2025,EEGNetv4,1,37,0.9,0.9,0.9578777777777778,0.9216666666666666,0.9216666666666666,0.9814888888888889,FM-Full_A-None_AdaBN-F,600,600,600
Yang2025,EEGNetv4,1,41,0.875,0.875,0.9505555555555556,0.91,0.91,0.9702222222222224,FM-Full_A-None_AdaBN-F,600,600,600
Yang2025,EEGNetv4,1,44,0.7216666666666667,0.7216666666666667,0.8017555555555556,0.75,0.75,0.8453444444444446,FM-Full_A-None_AdaBN-F,600,600,600
Yang2025,EEGNetv4,1,45,0.8616666666666667,0.8616666666666667,0.9344444444444444,0.8916666666666667,0.8916666666666666,0.9554555555555556,FM-Full_A-None_AdaBN-F,600,600,600
Yang2025,EEGNetv4,1,47,0.89,0.8899999999999999,0.9669666666666666,0.9383333333333334,0.9383333333333334,0.9830111111111112,FM-Full_A-None_AdaBN-F,600,600,600
Yang2025,EEGNetv4,1,48,0.8383333333333334,0.8383333333333334,0.9406222222222222,0.9016666666666666,0.9016666666666666,0.9684888888888888,FM-Full_A-None_AdaBN-F,600,600,600
Yang2025,EEGNetv4,1,49,0.9583333333333334,0.9583333333333331,0.9862111111111111,0.9766666666666668,0.9766666666666668,0.9953999999999998,FM-Full_A-None_AdaBN-F,600,600,600
Yang2025,EEGNetv4,1,50,0.92,0.92,0.9829555555555556,0.9683333333333334,0.9683333333333332,0.9925666666666668,FM-Full_A-None_AdaBN-F,600,600,600
Yang2025,EEGNetv4,2,1,0.94,0.94,0.9882555555555556,0.9583333333333334,0.9583333333333334,0.9906222222222222,FM-Full_A-None_AdaBN-F,600,600,600
Yang2025,EEGNetv4,2,2,0.72,0.72,0.7957444444444445,0.6966666666666667,0.6966666666666667,0.7843444444444445,FM-Full_A-None_AdaBN-F,600,600,600
Yang2025,EEGNetv4,2,3,0.9683333333333334,0.9683333333333334,0.9887111111111112,0.9433333333333334,0.9433333333333334,0.9867444444444444,FM-Full_A-None_AdaBN-F,600,600,600
Yang2025,EEGNetv4,2,6,0.95,0.95,0.9804333333333334,0.9716666666666668,0.9716666666666668,0.9953333333333332,FM-Full_A-None_AdaBN-F,600,600,600
Yang2025,EEGNetv4,2,8,0.9266666666666666,0.9266666666666666,0.9773,0.95,0.95,0.9871888888888888,FM-Full_A-None_AdaBN-F,600,600,600
Yang2025,EEGNetv4,2,11,0.885,0.885,0.9575333333333332,0.925,0.925,0.9803888888888888,FM-Full_A-None_AdaBN-F,600,600,600
Yang2025,EEGNetv4,2,12,0.585,0.585,0.6518555555555556,0.6,0.6000000000000001,0.6368222222222223,FM-Full_A-None_AdaBN-F,600,600,600
Yang2025,EEGNetv4,2,15,0.8116666666666666,0.8116666666666666,0.8773444444444445,0.7916666666666666,0.7916666666666666,0.8833000000000001,FM-Full_A-None_AdaBN-F,600,600,600
Yang2025,EEGNetv4,2,19,0.86,0.86,0.9390888888888888,0.8883333333333333,0.8883333333333333,0.958488888888889,FM-Full_A-None_AdaBN-F,600,600,600
Yang2025,EEGNetv4,2,21,0.885,0.885,0.9524666666666666,0.9183333333333332,0.9183333333333332,0.9695,FM-Full_A-None_AdaBN-F,600,600,600
Yang2025,EEGNetv4,2,22,0.8033333333333333,0.8033333333333333,0.8775,0.8716666666666667,0.8716666666666667,0.9425222222222224,FM-Full_A-None_AdaBN-F,600,600,600
Yang2025,EEGNetv4,2,23,0.9515859766277128,0.9515997770345596,0.9793645484949832,0.9616026711185308,0.9616053511705686,0.9920958751393534,FM-Full_A-None_AdaBN-F,600,600,600
Yang2025,EEGNetv4,2,24,0.968013468013468,0.968075458008344,0.9957600217667332,0.9831649831649832,0.9831534554688915,0.9988436423000182,FM-Full_A-None_AdaBN-F,600,600,600
Yang2025,EEGNetv4,2,28,0.8483333333333334,0.8483333333333334,0.9447777777777778,0.92,0.92,0.9652111111111112,FM-Full_A-None_AdaBN-F,600,600,600
Yang2025,EEGNetv4,2,29,0.8166666666666667,0.8166666666666667,0.909788888888889,0.8983333333333333,0.8983333333333333,0.9680333333333332,FM-Full_A-None_AdaBN-F,600,600,600
Yang2025,EEGNetv4,2,30,0.9333333333333332,0.9333333333333332,0.9761,0.7966666666666666,0.7966666666666666,0.9568,FM-Full_A-None_AdaBN-F,600,600,600
Yang2025,EEGNetv4,2,35,0.9466666666666668,0.9466666666666668,0.989788888888889,0.97,0.97,0.9925333333333332,FM-Full_A-None_AdaBN-F,600,600,600
Yang2025,EEGNetv4,2,36,0.925,0.925,0.9807777777777776,0.95,0.95,0.987688888888889,FM-Full_A-None_AdaBN-F,600,600,600
Yang2025,EEGNetv4,2,38,0.605,0.605,0.6142722222222222,0.66,0.6599999999999999,0.7451944444444445,FM-Full_A-None_AdaBN-F,600,600,600
Yang2025,EEGNetv4,2,39,0.7216666666666667,0.7216666666666667,0.815677777777778,0.795,0.795,0.8874722222222222,FM-Full_A-None_AdaBN-F,600,600,600
Yang2025,EEGNetv4,2,40,0.8283333333333334,0.8283333333333334,0.9242,0.8816666666666667,0.8816666666666666,0.9521111111111112,FM-Full_A-None_AdaBN-F,600,600,600
Yang2025,EEGNetv4,2,42,0.8233333333333334,0.8233333333333334,0.8990555555555555,0.825,0.825,0.9124666666666666,FM-Full_A-None_AdaBN-F,600,600,600
Yang2025,EEGNetv4,2,43,0.9866666666666668,0.9866666666666668,0.9993444444444444,0.9966666666666668,0.9966666666666668,0.9999555555555556,FM-Full_A-None_AdaBN-F,600,600,600
Yang2025,EEGNetv4,2,46,0.9666666666666668,0.9666666666666666,0.9951333333333332,0.9933333333333332,0.9933333333333334,0.9993,FM-Full_A-None_AdaBN-F,600,600,600
Yang2025,EEGNetv4,2,51,0.8566666666666667,0.8566666666666667,0.9431111111111112,0.9016666666666666,0.9016666666666666,0.9710833333333332,FM-Full_A-None_AdaBN-F,600,600,600
