dataset,model,fold,subject_id,zero_shot_accuracy,zero_shot_balanced_accuracy,zero_shot_auroc,finetuned_accuracy,finetuned_balanced_accuracy,finetuned_auroc,num_pretrain_subjects,num_trials,config_tag
MAMEM2,ATCNet,1,2,0.248,0.242,0.5197509774436091,0.272,0.2593333333333333,0.5710203508771929,6,50,FM-Full_A-None_AdaBN-F
MAMEM2,ATCNet,1,9,0.184,0.1713333333333333,0.4716537343358397,0.168,0.1599999999999999,0.4581046616541354,6,50,FM-Full_A-None_AdaBN-F
MAMEM2,ATCNet,2,1,0.208,0.198,0.5109595989974938,0.224,0.21,0.5436629573934837,6,50,FM-Full_A-None_AdaBN-F
MAMEM2,ATCNet,2,6,0.184,0.176,0.4671723308270676,0.248,0.2386666666666666,0.5264793984962407,6,50,FM-Full_A-None_AdaBN-F
MAMEM2,ATCNet,3,3,0.16,0.152,0.4838333834586466,0.192,0.1886666666666666,0.5011865664160401,6,50,FM-Full_A-None_AdaBN-F
MAMEM2,ATCNet,3,8,0.24,0.2226666666666666,0.4849814536340853,0.24,0.2253333333333333,0.5020581453634085,6,50,FM-Full_A-None_AdaBN-F
MAMEM2,ATCNet,4,5,0.248,0.2373333333333333,0.5305387468671678,0.24,0.238,0.5484745864661653,6,50,FM-Full_A-None_AdaBN-F
MAMEM2,ATCNet,4,10,0.216,0.2199999999999999,0.5261716290726817,0.208,0.21,0.4898965413533834,6,50,FM-Full_A-None_AdaBN-F
MAMEM2,ATCNet,5,4,0.2,0.1986666666666666,0.5171582957393484,0.16,0.162,0.4812294736842105,6,50,FM-Full_A-None_AdaBN-F
MAMEM2,ATCNet,5,7,0.16,0.1566666666666666,0.4802187468671679,0.256,0.2493333333333333,0.5162141353383459,6,50,FM-Full_A-None_AdaBN-F
BNCI2014_001,ATCNet,1,2,0.296875,0.296875,0.5617525077160495,0.5694444444444444,0.5694444444444444,0.7750610853909465,5,300,FM-Full_A-None_AdaBN-F
BNCI2014_001,ATCNet,1,8,0.6180555555555556,0.6180555555555556,0.8829089506172839,0.8159722222222222,0.8159722222222223,0.953466595936214,5,300,FM-Full_A-None_AdaBN-F
BNCI2014_001,ATCNet,2,1,0.5763888888888888,0.576388888888889,0.8347519611625515,0.7604166666666666,0.7604166666666666,0.93848058127572,5,300,FM-Full_A-None_AdaBN-F
BNCI2014_001,ATCNet,2,6,0.3142361111111111,0.3142361111111111,0.6566237461419754,0.5399305555555556,0.5399305555555556,0.7976265110596708,5,300,FM-Full_A-None_AdaBN-F
BNCI2014_001,ATCNet,3,3,0.6163194444444444,0.6163194444444444,0.8932693544238683,0.8159722222222222,0.8159722222222223,0.9652375900205762,5,300,FM-Full_A-None_AdaBN-F
BNCI2014_001,ATCNet,3,9,0.359375,0.359375,0.7765681262860082,0.7881944444444444,0.7881944444444444,0.9346064814814814,5,300,FM-Full_A-None_AdaBN-F
BNCI2014_001,ATCNet,4,4,0.3715277777777778,0.3715277777777777,0.6886373135288066,0.6753472222222222,0.6753472222222222,0.8896363811728394,5,300,FM-Full_A-None_AdaBN-F
BNCI2014_001,ATCNet,4,5,0.3125,0.3125,0.6611930941358024,0.6006944444444444,0.6006944444444444,0.8280124742798354,5,300,FM-Full_A-None_AdaBN-F
BNCI2014_001,ATCNet,5,7,0.3368055555555556,0.3368055555555555,0.6698133680555556,0.7465277777777778,0.7465277777777778,0.9351449974279836,5,300,FM-Full_A-None_AdaBN-F
Kalunga2016,DeepConvNet,1,1,0.265625,0.265625,0.4879557291666666,0.265625,0.265625,0.51171875,8,64,FM-Full_A-None_AdaBN-F
Kalunga2016,DeepConvNet,1,10,0.21875,0.21875,0.4954427083333333,0.28125,0.28125,0.5743815104166666,8,64,FM-Full_A-None_AdaBN-F
Kalunga2016,DeepConvNet,1,11,0.25,0.25,0.5091145833333333,0.265625,0.265625,0.5162760416666667,8,64,FM-Full_A-None_AdaBN-F
Kalunga2016,DeepConvNet,2,3,0.265625,0.265625,0.4980468749999999,0.25,0.25,0.4557291666666667,8,64,FM-Full_A-None_AdaBN-F
Kalunga2016,DeepConvNet,2,6,0.40625,0.40625,0.7796223958333334,0.3125,0.3125,0.6263020833333335,8,64,FM-Full_A-None_AdaBN-F
Kalunga2016,DeepConvNet,2,9,0.1875,0.1875,0.4619140625,0.21875,0.21875,0.521484375,8,64,FM-Full_A-None_AdaBN-F
Kalunga2016,DeepConvNet,3,2,0.3125,0.3125,0.6673177083333334,0.28125,0.28125,0.5859375,8,64,FM-Full_A-None_AdaBN-F
Kalunga2016,DeepConvNet,3,12,0.25,0.25,0.6125520833333333,0.2375,0.2375,0.56859375,8,64,FM-Full_A-None_AdaBN-F
Kalunga2016,DeepConvNet,4,5,0.25,0.25,0.6100260416666667,0.296875,0.296875,0.5576171874999999,8,64,FM-Full_A-None_AdaBN-F
Kalunga2016,DeepConvNet,4,8,0.234375,0.234375,0.5550130208333334,0.328125,0.328125,0.5468750000000001,8,64,FM-Full_A-None_AdaBN-F
Kalunga2016,DeepConvNet,5,4,0.21875,0.21875,0.5419921875,0.3125,0.3125,0.6018880208333334,8,64,FM-Full_A-None_AdaBN-F
Kalunga2016,DeepConvNet,5,7,0.3020833333333333,0.3020833333333333,0.622974537037037,0.2708333333333333,0.2708333333333333,0.5332754629629629,8,64,FM-Full_A-None_AdaBN-F
MAMEM2,EEGNetv4,1,2,0.208,0.1993333333333333,0.4951792481203007,0.232,0.2306666666666666,0.5301531829573934,8,75,FM-Full_A-None_AdaBN-F
MAMEM2,EEGNetv4,1,9,0.248,0.2366666666666666,0.5101144862155389,0.24,0.2346666666666666,0.4804900250626566,8,75,FM-Full_A-None_AdaBN-F
MAMEM2,EEGNetv4,2,1,0.232,0.2213333333333333,0.4994201503759399,0.208,0.1999999999999999,0.5004362907268171,8,75,FM-Full_A-None_AdaBN-F
MAMEM2,EEGNetv4,2,6,0.2,0.1873333333333333,0.4724284711779448,0.192,0.184,0.4950650626566416,8,75,FM-Full_A-None_AdaBN-F
MAMEM2,EEGNetv4,3,3,0.152,0.15,0.4402211528822055,0.176,0.1726666666666666,0.4721112781954887,8,75,FM-Full_A-None_AdaBN-F
MAMEM2,EEGNetv4,3,8,0.28,0.2706666666666667,0.524246015037594,0.264,0.2606666666666667,0.5274420050125314,8,75,FM-Full_A-None_AdaBN-F
MAMEM2,EEGNetv4,4,5,0.152,0.1466666666666666,0.4988252631578947,0.184,0.176,0.5028264661654135,8,75,FM-Full_A-None_AdaBN-F
MAMEM2,EEGNetv4,4,10,0.224,0.2273333333333333,0.5181822556390978,0.216,0.2159999999999999,0.5329487719298245,8,75,FM-Full_A-None_AdaBN-F
MAMEM2,EEGNetv4,5,4,0.208,0.2026666666666667,0.5065425563909776,0.168,0.152,0.4459795488721804,8,75,FM-Full_A-None_AdaBN-F
MAMEM2,EEGNetv4,5,7,0.248,0.2333333333333333,0.5525898746867168,0.224,0.2186666666666666,0.5217000501253133,8,75,FM-Full_A-None_AdaBN-F
Yang2025,ShallowConvNet,1,4,0.6116666666666667,0.6116666666666667,0.6583277777777777,0.5516666666666666,0.5516666666666666,0.5808,20,450,FM-Full_A-None_AdaBN-F
Yang2025,ShallowConvNet,1,13,0.7516666666666667,0.7516666666666667,0.8508111111111112,0.7683333333333333,0.7683333333333333,0.8660555555555556,20,450,FM-Full_A-None_AdaBN-F
Yang2025,ShallowConvNet,1,14,0.5633333333333334,0.5633333333333334,0.5940666666666667,0.5516666666666666,0.5516666666666667,0.5701277777777778,20,450,FM-Full_A-None_AdaBN-F
Yang2025,ShallowConvNet,1,18,0.6783333333333333,0.6783333333333333,0.754788888888889,0.7,0.7,0.7797166666666666,20,450,FM-Full_A-None_AdaBN-F
Yang2025,ShallowConvNet,1,25,0.8966666666666666,0.8966666666666667,0.962077777777778,0.9366666666666666,0.9366666666666666,0.976938888888889,20,450,FM-Full_A-None_AdaBN-F
Yang2025,ShallowConvNet,1,31,0.725,0.7250000000000001,0.8110833333333334,0.7933333333333333,0.7933333333333333,0.8787666666666665,20,450,FM-Full_A-None_AdaBN-F
Yang2025,ShallowConvNet,1,32,0.6010016694490818,0.601231884057971,0.6592530657748049,0.672787979966611,0.6727703455964326,0.7436622073578595,20,450,FM-Full_A-None_AdaBN-F
Yang2025,ShallowConvNet,1,33,0.9083333333333332,0.9083333333333332,0.9837666666666668,0.9583333333333334,0.9583333333333331,0.9919,20,450,FM-Full_A-None_AdaBN-F
Yang2025,ShallowConvNet,1,41,0.8133333333333334,0.8133333333333334,0.9534333333333334,0.8866666666666667,0.8866666666666667,0.9642666666666666,20,450,FM-Full_A-None_AdaBN-F
Yang2025,ShallowConvNet,1,44,0.6833333333333333,0.6833333333333333,0.8052888888888889,0.6966666666666667,0.6966666666666667,0.7871722222222223,20,450,FM-Full_A-None_AdaBN-F
Yang2025,ShallowConvNet,1,47,0.8733333333333333,0.8733333333333333,0.947388888888889,0.895,0.895,0.9623722222222224,20,450,FM-Full_A-None_AdaBN-F
Yang2025,ShallowConvNet,2,5,0.8316666666666667,0.8316666666666667,0.9318833333333334,0.8983333333333333,0.8983333333333334,0.9612777777777778,20,450,FM-Full_A-None_AdaBN-F
Yang2025,ShallowConvNet,2,7,0.7966666666666666,0.7966666666666666,0.8870888888888889,0.8116666666666666,0.8116666666666668,0.8901444444444444,20,450,FM-Full_A-None_AdaBN-F
Yang2025,ShallowConvNet,2,9,0.74,0.74,0.8236444444444444,0.735,0.735,0.8106111111111112,20,450,FM-Full_A-None_AdaBN-F
Yang2025,ShallowConvNet,2,16,0.595,0.595,0.6483555555555556,0.66,0.66,0.7072666666666667,20,450,FM-Full_A-None_AdaBN-F
Yang2025,ShallowConvNet,2,20,0.7583333333333333,0.7583333333333333,0.8602555555555556,0.8766666666666667,0.8766666666666667,0.9411222222222224,20,450,FM-Full_A-None_AdaBN-F
Yang2025,ShallowConvNet,2,34,0.5516666666666666,0.5516666666666666,0.5763111111111111,0.8066666666666666,0.8066666666666666,0.8938666666666666,20,450,FM-Full_A-None_AdaBN-F
Yang2025,ShallowConvNet,2,37,0.8583333333333333,0.8583333333333333,0.9440333333333332,0.8933333333333333,0.8933333333333333,0.9580277777777776,20,450,FM-Full_A-None_AdaBN-F
Yang2025,ShallowConvNet,2,48,0.815,0.815,0.9292444444444444,0.8583333333333333,0.8583333333333334,0.9471333333333334,20,450,FM-Full_A-None_AdaBN-F
Yang2025,ShallowConvNet,2,49,0.9216666666666666,0.9216666666666666,0.9797666666666668,0.9366666666666666,0.9366666666666666,0.9869888888888888,20,450,FM-Full_A-None_AdaBN-F
Yang2025,ShallowConvNet,2,50,0.9333333333333332,0.9333333333333332,0.9835444444444444,0.9366666666666666,0.9366666666666668,0.9832444444444444,20,450,FM-Full_A-None_AdaBN-F
Yang2025,ShallowConvNet,3,1,0.9233333333333332,0.9233333333333332,0.9796888888888888,0.93,0.93,0.9818055555555556,20,450,FM-Full_A-None_AdaBN-F
Yang2025,ShallowConvNet,3,10,0.7866666666666666,0.7866666666666666,0.8700888888888889,0.8283333333333334,0.8283333333333334,0.9164555555555556,20,450,FM-Full_A-None_AdaBN-F
Yang2025,ShallowConvNet,3,12,0.5883333333333334,0.5883333333333334,0.6390444444444444,0.575,0.575,0.6307222222222222,20,450,FM-Full_A-None_AdaBN-F
Yang2025,ShallowConvNet,3,17,0.79,0.79,0.8871333333333333,0.7983333333333333,0.7983333333333333,0.8952166666666667,20,450,FM-Full_A-None_AdaBN-F
Yang2025,ShallowConvNet,3,26,0.8196994991652755,0.8196265328874024,0.9086845039018954,0.8998330550918197,0.8997993311036789,0.9594370122630992,20,450,FM-Full_A-None_AdaBN-F
Yang2025,ShallowConvNet,3,27,0.585,0.585,0.6590111111111111,0.715,0.7150000000000001,0.7881277777777778,20,450,FM-Full_A-None_AdaBN-F
Yang2025,ShallowConvNet,3,28,0.7633333333333333,0.7633333333333333,0.8695666666666667,0.8783333333333333,0.8783333333333333,0.9479,20,450,FM-Full_A-None_AdaBN-F
Yang2025,ShallowConvNet,3,35,0.9216666666666666,0.9216666666666666,0.9756333333333334,0.95,0.95,0.9913777777777776,20,450,FM-Full_A-None_AdaBN-F
Yang2025,ShallowConvNet,3,45,0.8533333333333334,0.8533333333333333,0.930722222222222,0.8533333333333334,0.8533333333333334,0.9206777777777776,20,450,FM-Full_A-None_AdaBN-F
Yang2025,ShallowConvNet,3,46,0.965,0.965,0.996577777777778,0.9866666666666668,0.9866666666666666,0.9991777777777776,20,450,FM-Full_A-None_AdaBN-F
Yang2025,ShallowConvNet,4,2,0.6966666666666667,0.6966666666666667,0.7589722222222222,0.6816666666666666,0.6816666666666666,0.7507722222222222,20,450,FM-Full_A-None_AdaBN-F
Yang2025,ShallowConvNet,4,3,0.955,0.955,0.9903555555555555,0.9516666666666668,0.9516666666666668,0.98845,20,450,FM-Full_A-None_AdaBN-F
Yang2025,ShallowConvNet,4,6,0.9166666666666666,0.9166666666666666,0.9803222222222222,0.9616666666666668,0.9616666666666668,0.9912055555555556,20,450,FM-Full_A-None_AdaBN-F
Yang2025,ShallowConvNet,4,22,0.7733333333333333,0.7733333333333333,0.8515333333333333,0.8383333333333334,0.8383333333333334,0.9143444444444444,20,450,FM-Full_A-None_AdaBN-F
Yang2025,ShallowConvNet,4,24,0.9326599326599326,0.9328065481588972,0.9852394340649374,0.9646464646464646,0.964651732269182,0.992676401233448,20,450,FM-Full_A-None_AdaBN-F
Yang2025,ShallowConvNet,4,30,0.9166666666666666,0.9166666666666669,0.9695666666666668,0.9383333333333334,0.9383333333333332,0.9857722222222224,20,450,FM-Full_A-None_AdaBN-F
Yang2025,ShallowConvNet,4,36,0.9066666666666666,0.9066666666666668,0.9803555555555554,0.9416666666666668,0.9416666666666668,0.9868777777777776,20,450,FM-Full_A-None_AdaBN-F
Yang2025,ShallowConvNet,4,38,0.6,0.6,0.6132777777777778,0.655,0.655,0.7061944444444443,20,450,FM-Full_A-None_AdaBN-F
Yang2025,ShallowConvNet,4,40,0.7966666666666666,0.7966666666666666,0.8996888888888889,0.8566666666666667,0.8566666666666667,0.9347666666666667,20,450,FM-Full_A-None_AdaBN-F
Yang2025,ShallowConvNet,4,42,0.8133333333333334,0.8133333333333332,0.9032777777777776,0.8333333333333334,0.8333333333333334,0.9061055555555556,20,450,FM-Full_A-None_AdaBN-F
Yang2025,ShallowConvNet,5,8,0.875,0.875,0.9458444444444444,0.9216666666666666,0.9216666666666666,0.9773,20,450,FM-Full_A-None_AdaBN-F
Yang2025,ShallowConvNet,5,11,0.8433333333333334,0.8433333333333333,0.9368,0.8966666666666666,0.8966666666666667,0.9630333333333332,20,450,FM-Full_A-None_AdaBN-F
Yang2025,ShallowConvNet,5,15,0.71,0.71,0.7526444444444444,0.8,0.8,0.8585111111111111,20,450,FM-Full_A-None_AdaBN-F
Yang2025,ShallowConvNet,5,19,0.8233333333333334,0.8233333333333333,0.8937222222222223,0.855,0.855,0.9326555555555556,20,450,FM-Full_A-None_AdaBN-F
Yang2025,ShallowConvNet,5,21,0.815,0.815,0.9203111111111112,0.8816666666666667,0.8816666666666666,0.9535333333333336,20,450,FM-Full_A-None_AdaBN-F
Yang2025,ShallowConvNet,5,23,0.8781302170283807,0.878010033444816,0.9665886287625418,0.9365609348914858,0.9365440356744704,0.9820958751393534,20,450,FM-Full_A-None_AdaBN-F
Yang2025,ShallowConvNet,5,29,0.655,0.655,0.7466277777777778,0.8666666666666667,0.8666666666666667,0.9362666666666668,20,450,FM-Full_A-None_AdaBN-F
Yang2025,ShallowConvNet,5,39,0.6166666666666667,0.6166666666666667,0.7462888888888888,0.735,0.7350000000000001,0.8142055555555555,20,450,FM-Full_A-None_AdaBN-F
Yang2025,ShallowConvNet,5,43,0.9383333333333334,0.9383333333333332,0.9938666666666668,0.9866666666666668,0.9866666666666668,0.9992666666666666,20,450,FM-Full_A-None_AdaBN-F
Yang2025,ShallowConvNet,5,51,0.7983333333333333,0.7983333333333333,0.8986222222222222,0.8583333333333333,0.8583333333333334,0.9460666666666668,20,450,FM-Full_A-None_AdaBN-F
BI2015a,DeepConvNet,1,5,0.9116161616161615,0.7611111111111111,0.9419957147229876,0.9351851851851852,0.8722222222222222,0.9651515151515152,15,1000,FM-Full_A-None_AdaBN-F
BI2015a,DeepConvNet,1,9,0.8873873873873874,0.7108108108108109,0.8658185212239267,0.9061561561561562,0.8175675675675675,0.927339501663826,15,1000,FM-Full_A-None_AdaBN-F
BI2015a,DeepConvNet,1,13,0.9057017543859648,0.8083333333333333,0.927343028624192,0.945906432748538,0.8868421052631579,0.9695444752231456,15,1000,FM-Full_A-None_AdaBN-F
BI2015a,DeepConvNet,1,25,0.8323754789272031,0.617816091954023,0.7661117717003567,0.8850574712643678,0.7597701149425288,0.8890507332540625,15,1000,FM-Full_A-None_AdaBN-F
BI2015a,DeepConvNet,1,26,0.9336917562724014,0.8655913978494624,0.9661290322580646,0.9560931899641576,0.9005376344086022,0.9808937449416116,15,1000,FM-Full_A-None_AdaBN-F
BI2015a,DeepConvNet,1,35,0.8462157809983897,0.5492753623188406,0.8023407780811688,0.8450080515297906,0.6886473429951692,0.8048670914140353,15,1000,FM-Full_A-None_AdaBN-F
BI2015a,DeepConvNet,1,37,0.8130952380952381,0.5516666666666666,0.6196587301587301,0.8666666666666667,0.7304761904761905,0.8589240362811792,15,1000,FM-Full_A-None_AdaBN-F
BI2015a,DeepConvNet,1,38,0.8761261261261262,0.7436936936936938,0.8420298677055433,0.9294294294294294,0.845945945945946,0.9486242999756516,15,1000,FM-Full_A-None_AdaBN-F
BI2015a,DeepConvNet,1,40,0.8806584362139918,0.682716049382716,0.8841659045877153,0.9243827160493828,0.8287037037037037,0.9412722908093278,15,1000,FM-Full_A-None_AdaBN-F
BI2015a,DeepConvNet,2,4,0.8916666666666667,0.745,0.9164652777777778,0.9458333333333332,0.8791666666666667,0.9649305555555556,15,1000,FM-Full_A-None_AdaBN-F
BI2015a,DeepConvNet,2,7,0.8031045751633987,0.5191176470588235,0.5899990388312188,0.9338235294117648,0.8700980392156863,0.9431132256824298,15,1000,FM-Full_A-None_AdaBN-F
BI2015a,DeepConvNet,2,14,0.7955840455840456,0.5252136752136752,0.5386441668492952,0.8746438746438746,0.7401709401709402,0.8766820074512383,15,1000,FM-Full_A-None_AdaBN-F
BI2015a,DeepConvNet,2,16,0.9158730158730158,0.800952380952381,0.93837641723356,0.9444444444444444,0.901904761904762,0.9631337868480726,15,1000,FM-Full_A-None_AdaBN-F
BI2015a,DeepConvNet,2,18,0.8425925925925926,0.5603703703703704,0.7562194787379972,0.9012345679012346,0.7851851851851852,0.9119423868312756,15,1000,FM-Full_A-None_AdaBN-F
BI2015a,DeepConvNet,2,20,0.901851851851852,0.8122222222222222,0.916971193415638,0.941358024691358,0.8848148148148148,0.9565486968449932,15,1000,FM-Full_A-None_AdaBN-F
BI2015a,DeepConvNet,2,28,0.8727777777777778,0.6743333333333333,0.8815688888888888,0.8894444444444445,0.7883333333333333,0.9047155555555556,15,1000,FM-Full_A-None_AdaBN-F
BI2015a,DeepConvNet,2,32,0.9112903225806452,0.839247311827957,0.9165105792577176,0.9399641577060932,0.8672043010752688,0.948936293213088,15,1000,FM-Full_A-None_AdaBN-F
BI2015a,DeepConvNet,2,41,0.8320987654320988,0.6251851851851852,0.7317338820301783,0.9135802469135802,0.8103703703703704,0.9336899862825788,15,1000,FM-Full_A-None_AdaBN-F
BI2015a,DeepConvNet,3,1,0.7709846650524617,0.5061310270460597,0.540235176749338,0.8682405165456013,0.7381091965405691,0.8627031388687163,15,1000,FM-Full_A-None_AdaBN-F
BI2015a,DeepConvNet,3,6,0.8276515151515151,0.5738636363636364,0.7564365243342516,0.908459595959596,0.7859848484848485,0.9348714416896236,15,1000,FM-Full_A-None_AdaBN-F
BI2015a,DeepConvNet,3,10,0.8870967741935484,0.7473118279569892,0.8797953520638225,0.92831541218638,0.853763440860215,0.9525263036189154,15,1000,FM-Full_A-None_AdaBN-F
BI2015a,DeepConvNet,3,12,0.8400537634408602,0.5567204301075268,0.7677303734535785,0.8584229390681004,0.7247311827956989,0.8588333911434849,15,1000,FM-Full_A-None_AdaBN-F
BI2015a,DeepConvNet,3,17,0.8771604938271605,0.7055555555555555,0.8516652949245542,0.9092592592592592,0.8092592592592592,0.9203374485596708,15,1000,FM-Full_A-None_AdaBN-F
BI2015a,DeepConvNet,3,27,0.8312236286919831,0.5594936708860759,0.6985917498976303,0.8604078762306611,0.7238396624472574,0.8458963129128168,15,1000,FM-Full_A-None_AdaBN-F
BI2015a,DeepConvNet,3,30,0.9166666666666666,0.8092592592592592,0.8754839201341258,0.955761316872428,0.8993827160493827,0.9665599756134736,15,1000,FM-Full_A-None_AdaBN-F
BI2015a,DeepConvNet,3,31,0.81,0.5277777777777778,0.6135535802469135,0.845925925925926,0.6773333333333333,0.8079585185185184,15,1000,FM-Full_A-None_AdaBN-F
BI2015a,DeepConvNet,3,42,0.8586744639376218,0.6239766081871345,0.8098731233541945,0.8679337231968811,0.7195906432748538,0.8495759378954209,15,1000,FM-Full_A-None_AdaBN-F
BI2015a,DeepConvNet,4,2,0.8650793650793651,0.7825396825396825,0.8988567649281936,0.9351851851851852,0.8642857142857143,0.9565539178634416,15,1000,FM-Full_A-None_AdaBN-F
BI2015a,DeepConvNet,4,3,0.8860153256704981,0.7913793103448277,0.9041286827850444,0.9482758620689656,0.8839080459770114,0.9778504425947946,15,1000,FM-Full_A-None_AdaBN-F
BI2015a,DeepConvNet,4,22,0.8800505050505051,0.725,0.8771780303030303,0.9236111111111112,0.8147727272727272,0.9393279384756658,15,1000,FM-Full_A-None_AdaBN-F
BI2015a,DeepConvNet,4,24,0.9205246913580248,0.8171296296296297,0.9373713991769548,0.9344135802469136,0.8606481481481482,0.9632373113854596,15,1000,FM-Full_A-None_AdaBN-F
BI2015a,DeepConvNet,4,33,0.8981481481481481,0.7642857142857142,0.913929831191736,0.9305555555555556,0.8456349206349206,0.9493795666414712,15,1000,FM-Full_A-None_AdaBN-F
BI2015a,DeepConvNet,4,34,0.8984126984126984,0.7504761904761905,0.9288662131519276,0.9301587301587302,0.838095238095238,0.9413151927437642,15,1000,FM-Full_A-None_AdaBN-F
BI2015a,DeepConvNet,4,36,0.8923611111111112,0.7704166666666667,0.9147361111111112,0.9381944444444444,0.8745833333333333,0.966315972222222,15,1000,FM-Full_A-None_AdaBN-F
BI2015a,DeepConvNet,4,43,0.9281609195402298,0.8442528735632184,0.956348262650284,0.9578544061302682,0.9057471264367816,0.981622407187211,15,1000,FM-Full_A-None_AdaBN-F
BI2015a,DeepConvNet,5,8,0.8796296296296297,0.7674603174603174,0.8951562106324011,0.9279100529100528,0.8408730158730159,0.9469009826152684,15,1000,FM-Full_A-None_AdaBN-F
BI2015a,DeepConvNet,5,11,0.8263888888888888,0.6225,0.7091631944444444,0.9041666666666668,0.8091666666666666,0.933371527777778,15,1000,FM-Full_A-None_AdaBN-F
BI2015a,DeepConvNet,5,15,0.8888888888888888,0.7866666666666666,0.91297052154195,0.9246031746031746,0.8385714285714285,0.9527301587301588,15,1000,FM-Full_A-None_AdaBN-F
BI2015a,DeepConvNet,5,19,0.8722222222222222,0.7246666666666666,0.8539511111111111,0.9027777777777778,0.8083333333333333,0.8961200000000001,15,1000,FM-Full_A-None_AdaBN-F
BI2015a,DeepConvNet,5,21,0.9174603174603174,0.819047619047619,0.9358639455782314,0.9428571428571428,0.881904761904762,0.9637596371882088,15,1000,FM-Full_A-None_AdaBN-F
BI2015a,DeepConvNet,5,23,0.8698830409356725,0.7131578947368421,0.8704524469067405,0.9035087719298246,0.8070175438596491,0.9191405047706986,15,1000,FM-Full_A-None_AdaBN-F
BI2015a,DeepConvNet,5,29,0.8529411764705882,0.6215686274509804,0.7580054679824,0.8818082788671024,0.7735294117647059,0.8894527745738818,15,1000,FM-Full_A-None_AdaBN-F
BI2015a,DeepConvNet,5,39,0.68140589569161,0.6578231292517007,0.7100883890971355,0.8939909297052154,0.7935374149659864,0.9068281734462492,15,1000,FM-Full_A-None_AdaBN-F
BNCI2014_001,ShallowConvNet,1,2,0.3177083333333333,0.3177083333333333,0.569311824845679,0.4791666666666667,0.4791666666666666,0.7316864390432098,8,375,FM-Full_A-None_AdaBN-F
BNCI2014_001,ShallowConvNet,1,8,0.6059027777777778,0.6059027777777778,0.8686945408950617,0.7638888888888888,0.7638888888888888,0.9358241705246916,8,375,FM-Full_A-None_AdaBN-F
BNCI2014_001,ShallowConvNet,2,1,0.5607638888888888,0.5607638888888888,0.8453976980452674,0.734375,0.734375,0.9242621527777776,8,375,FM-Full_A-None_AdaBN-F
BNCI2014_001,ShallowConvNet,2,6,0.2760416666666667,0.2760416666666667,0.6338975694444444,0.5243055555555556,0.5243055555555556,0.7709257651748971,8,375,FM-Full_A-None_AdaBN-F
BNCI2014_001,ShallowConvNet,3,3,0.6510416666666666,0.6510416666666666,0.8941132973251029,0.828125,0.828125,0.9621833204732512,8,375,FM-Full_A-None_AdaBN-F
BNCI2014_001,ShallowConvNet,3,9,0.6267361111111112,0.6267361111111112,0.849436567644033,0.8020833333333334,0.8020833333333334,0.9530205118312756,8,375,FM-Full_A-None_AdaBN-F
BNCI2014_001,ShallowConvNet,4,4,0.4184027777777778,0.4184027777777778,0.7208839699074073,0.6145833333333334,0.6145833333333333,0.8497219007201645,8,375,FM-Full_A-None_AdaBN-F
BNCI2014_001,ShallowConvNet,4,5,0.2829861111111111,0.2829861111111111,0.6000795717592593,0.5034722222222222,0.5034722222222223,0.7454467271090535,8,375,FM-Full_A-None_AdaBN-F
BNCI2014_001,ShallowConvNet,5,7,0.40625,0.40625,0.6945489326131686,0.6909722222222222,0.6909722222222222,0.8977543081275721,8,375,FM-Full_A-None_AdaBN-F
Lee2019_MI,EEGNetv4,1,4,0.65,0.65,0.7009000000000001,0.67,0.67,0.7364999999999999,30,100,FM-Full_A-None_AdaBN-F
Lee2019_MI,EEGNetv4,1,6,0.76,0.76,0.8916,0.83,0.8300000000000001,0.8927,30,100,FM-Full_A-None_AdaBN-F
Lee2019_MI,EEGNetv4,1,13,0.665,0.665,0.78955,0.66,0.6599999999999999,0.7289999999999999,30,100,FM-Full_A-None_AdaBN-F
Lee2019_MI,EEGNetv4,1,14,0.59,0.5900000000000001,0.644,0.575,0.575,0.5996,30,100,FM-Full_A-None_AdaBN-F
Lee2019_MI,EEGNetv4,1,18,0.775,0.775,0.872,0.845,0.845,0.90255,30,100,FM-Full_A-None_AdaBN-F
Lee2019_MI,EEGNetv4,1,20,0.79,0.79,0.8835,0.775,0.7749999999999999,0.867,30,100,FM-Full_A-None_AdaBN-F
Lee2019_MI,EEGNetv4,1,33,0.795,0.795,0.9141,0.85,0.85,0.9374,30,100,FM-Full_A-None_AdaBN-F
Lee2019_MI,EEGNetv4,1,45,0.75,0.75,0.8286999999999999,0.795,0.7949999999999999,0.8614999999999999,30,100,FM-Full_A-None_AdaBN-F
Lee2019_MI,EEGNetv4,1,49,0.7,0.7,0.8576,0.835,0.835,0.923,30,100,FM-Full_A-None_AdaBN-F
Lee2019_MI,EEGNetv4,1,50,0.58,0.58,0.6298499999999999,0.59,0.5900000000000001,0.6306,30,100,FM-Full_A-None_AdaBN-F
Lee2019_MI,EEGNetv4,1,53,0.76,0.76,0.8167,0.775,0.775,0.8168,30,100,FM-Full_A-None_AdaBN-F
Lee2019_MI,EEGNetv4,2,5,0.64,0.64,0.7154000000000001,0.725,0.725,0.8083,30,100,FM-Full_A-None_AdaBN-F
Lee2019_MI,EEGNetv4,2,7,0.66,0.66,0.6876,0.705,0.7050000000000001,0.7423000000000001,30,100,FM-Full_A-None_AdaBN-F
Lee2019_MI,EEGNetv4,2,9,0.715,0.715,0.7947,0.735,0.735,0.8162,30,100,FM-Full_A-None_AdaBN-F
Lee2019_MI,EEGNetv4,2,16,0.68,0.6799999999999999,0.7868,0.785,0.7849999999999999,0.8763000000000001,30,100,FM-Full_A-None_AdaBN-F
Lee2019_MI,EEGNetv4,2,25,0.83,0.8300000000000001,0.9099,0.865,0.865,0.9422,30,100,FM-Full_A-None_AdaBN-F
Lee2019_MI,EEGNetv4,2,27,0.855,0.855,0.9373,0.865,0.865,0.9536,30,100,FM-Full_A-None_AdaBN-F
Lee2019_MI,EEGNetv4,2,34,0.61,0.61,0.6516,0.63,0.63,0.6835,30,100,FM-Full_A-None_AdaBN-F
Lee2019_MI,EEGNetv4,2,35,0.645,0.645,0.8223,0.91,0.91,0.9837,30,100,FM-Full_A-None_AdaBN-F
Lee2019_MI,EEGNetv4,2,38,0.635,0.635,0.714,0.76,0.76,0.8418,30,100,FM-Full_A-None_AdaBN-F
Lee2019_MI,EEGNetv4,2,46,0.59,0.59,0.6903,0.55,0.55,0.6536000000000001,30,100,FM-Full_A-None_AdaBN-F
Lee2019_MI,EEGNetv4,2,51,0.69,0.69,0.7638,0.72,0.72,0.7773,30,100,FM-Full_A-None_AdaBN-F
Lee2019_MI,EEGNetv4,3,1,0.59,0.5900000000000001,0.6485,0.565,0.565,0.6079,30,100,FM-Full_A-None_AdaBN-F
Lee2019_MI,EEGNetv4,3,10,0.65,0.65,0.7444,0.67,0.6699999999999999,0.7707,30,100,FM-Full_A-None_AdaBN-F
Lee2019_MI,EEGNetv4,3,12,0.76,0.76,0.80415,0.755,0.755,0.8155,30,100,FM-Full_A-None_AdaBN-F
Lee2019_MI,EEGNetv4,3,17,0.635,0.635,0.6696,0.625,0.625,0.6806000000000001,30,100,FM-Full_A-None_AdaBN-F
Lee2019_MI,EEGNetv4,3,26,0.765,0.765,0.8774,0.775,0.775,0.888,30,100,FM-Full_A-None_AdaBN-F
Lee2019_MI,EEGNetv4,3,28,0.825,0.825,0.9004000000000001,0.835,0.835,0.9219,30,100,FM-Full_A-None_AdaBN-F
Lee2019_MI,EEGNetv4,3,31,0.815,0.815,0.8885000000000001,0.845,0.845,0.9157,30,100,FM-Full_A-None_AdaBN-F
Lee2019_MI,EEGNetv4,3,32,0.735,0.735,0.7675999999999998,0.76,0.76,0.8543999999999999,30,100,FM-Full_A-None_AdaBN-F
Lee2019_MI,EEGNetv4,3,37,0.69,0.69,0.7803,0.76,0.76,0.8462,30,100,FM-Full_A-None_AdaBN-F
Lee2019_MI,EEGNetv4,3,41,0.63,0.6299999999999999,0.7195,0.72,0.72,0.7922,30,100,FM-Full_A-None_AdaBN-F
Lee2019_MI,EEGNetv4,3,48,0.6,0.6000000000000001,0.7005999999999999,0.625,0.625,0.6747,30,100,FM-Full_A-None_AdaBN-F
Lee2019_MI,EEGNetv4,4,2,0.7,0.7,0.7696000000000001,0.665,0.665,0.7289999999999999,30,100,FM-Full_A-None_AdaBN-F
Lee2019_MI,EEGNetv4,4,3,0.74,0.74,0.8858999999999999,0.84,0.84,0.9168,30,100,FM-Full_A-None_AdaBN-F
Lee2019_MI,EEGNetv4,4,11,0.565,0.565,0.695,0.675,0.675,0.7584000000000001,30,100,FM-Full_A-None_AdaBN-F
Lee2019_MI,EEGNetv4,4,22,0.63,0.63,0.67435,0.625,0.625,0.6512,30,100,FM-Full_A-None_AdaBN-F
Lee2019_MI,EEGNetv4,4,24,0.695,0.6950000000000001,0.8354999999999999,0.76,0.76,0.8496,30,100,FM-Full_A-None_AdaBN-F
Lee2019_MI,EEGNetv4,4,30,0.675,0.675,0.7735000000000001,0.745,0.745,0.8022,30,100,FM-Full_A-None_AdaBN-F
Lee2019_MI,EEGNetv4,4,36,0.935,0.935,0.9961,0.98,0.98,0.9988,30,100,FM-Full_A-None_AdaBN-F
Lee2019_MI,EEGNetv4,4,40,0.715,0.7150000000000001,0.8622,0.8,0.8,0.8986,30,100,FM-Full_A-None_AdaBN-F
Lee2019_MI,EEGNetv4,4,42,0.685,0.685,0.7323999999999999,0.625,0.625,0.7017500000000001,30,100,FM-Full_A-None_AdaBN-F
Lee2019_MI,EEGNetv4,4,44,0.685,0.685,0.8019,0.81,0.81,0.8973,30,100,FM-Full_A-None_AdaBN-F
Lee2019_MI,EEGNetv4,4,47,0.835,0.835,0.8911,0.79,0.79,0.8671000000000001,30,100,FM-Full_A-None_AdaBN-F
Lee2019_MI,EEGNetv4,5,8,0.725,0.725,0.7689,0.715,0.7150000000000001,0.7826,30,100,FM-Full_A-None_AdaBN-F
Lee2019_MI,EEGNetv4,5,15,0.735,0.735,0.848,0.84,0.8400000000000001,0.8962,30,100,FM-Full_A-None_AdaBN-F
Lee2019_MI,EEGNetv4,5,19,0.695,0.6950000000000001,0.8284,0.785,0.7849999999999999,0.8542000000000001,30,100,FM-Full_A-None_AdaBN-F
Lee2019_MI,EEGNetv4,5,21,0.885,0.885,0.95695,0.91,0.91,0.9612,30,100,FM-Full_A-None_AdaBN-F
Lee2019_MI,EEGNetv4,5,23,0.67,0.67,0.7548,0.685,0.685,0.7597,30,100,FM-Full_A-None_AdaBN-F
Lee2019_MI,EEGNetv4,5,29,0.685,0.685,0.7918000000000001,0.735,0.735,0.8144999999999999,30,100,FM-Full_A-None_AdaBN-F
Lee2019_MI,EEGNetv4,5,39,0.725,0.725,0.785,0.695,0.6950000000000001,0.778,30,100,FM-Full_A-None_AdaBN-F
Lee2019_MI,EEGNetv4,5,43,0.735,0.735,0.8394000000000001,0.785,0.785,0.8666,30,100,FM-Full_A-None_AdaBN-F
Lee2019_MI,EEGNetv4,5,52,0.7,0.7,0.8159000000000001,0.75,0.75,0.8479,30,100,FM-Full_A-None_AdaBN-F
Lee2019_MI,EEGNetv4,5,54,0.665,0.665,0.7152,0.67,0.6699999999999999,0.7383,30,100,FM-Full_A-None_AdaBN-F
BNCI2014_001,DeepConvNet,1,2,0.2690972222222222,0.2690972222222222,0.5445119598765433,0.3993055555555556,0.3993055555555556,0.6999782986111112,8,375,FM-Full_A-None_AdaBN-F
BNCI2014_001,DeepConvNet,1,8,0.5798611111111112,0.5798611111111112,0.8332007137345679,0.6545138888888888,0.6545138888888888,0.8914448302469137,8,375,FM-Full_A-None_AdaBN-F
BNCI2014_001,DeepConvNet,2,1,0.6041666666666666,0.6041666666666667,0.86694637345679,0.5520833333333334,0.5520833333333334,0.8576348701131687,8,375,FM-Full_A-None_AdaBN-F
BNCI2014_001,DeepConvNet,2,6,0.3854166666666667,0.3854166666666666,0.6870298032407407,0.4149305555555556,0.4149305555555556,0.7129589441872428,8,375,FM-Full_A-None_AdaBN-F
BNCI2014_001,DeepConvNet,3,3,0.3645833333333333,0.3645833333333333,0.6613016010802468,0.4739583333333333,0.4739583333333333,0.8065723058127572,8,375,FM-Full_A-None_AdaBN-F
BNCI2014_001,DeepConvNet,3,9,0.3246527777777778,0.3246527777777778,0.7238900141460904,0.5399305555555556,0.5399305555555556,0.8322723765432098,8,375,FM-Full_A-None_AdaBN-F
BNCI2014_001,DeepConvNet,4,4,0.28125,0.2812499999999999,0.7594320666152264,0.5052083333333334,0.5052083333333334,0.7837938850308641,8,375,FM-Full_A-None_AdaBN-F
BNCI2014_001,DeepConvNet,4,5,0.2725694444444444,0.2725694444444444,0.580005787037037,0.421875,0.421875,0.7024779771090535,8,375,FM-Full_A-None_AdaBN-F
BNCI2014_001,DeepConvNet,5,7,0.4739583333333333,0.4739583333333333,0.7354279192386832,0.6423611111111112,0.642361111111111,0.8879685892489713,8,375,FM-Full_A-None_AdaBN-F
Lee2019_MI,DeepConvNet,1,4,0.57,0.57,0.7572000000000001,0.735,0.7350000000000001,0.8215,30,100,FM-Full_A-None_AdaBN-F
Lee2019_MI,DeepConvNet,1,6,0.865,0.865,0.9219,0.91,0.91,0.9654,30,100,FM-Full_A-None_AdaBN-F
Lee2019_MI,DeepConvNet,1,13,0.7,0.7,0.7774,0.675,0.675,0.7203999999999999,30,100,FM-Full_A-None_AdaBN-F
Lee2019_MI,DeepConvNet,1,14,0.62,0.62,0.7241,0.65,0.65,0.7167,30,100,FM-Full_A-None_AdaBN-F
Lee2019_MI,DeepConvNet,1,18,0.66,0.66,0.9048,0.87,0.87,0.9624,30,100,FM-Full_A-None_AdaBN-F
Lee2019_MI,DeepConvNet,1,20,0.785,0.7849999999999999,0.9082,0.805,0.8049999999999999,0.8944000000000001,30,100,FM-Full_A-None_AdaBN-F
Lee2019_MI,DeepConvNet,1,33,0.8,0.8,0.9556,0.89,0.89,0.9729,30,100,FM-Full_A-None_AdaBN-F
Lee2019_MI,DeepConvNet,1,45,0.755,0.755,0.9137,0.835,0.835,0.9397,30,100,FM-Full_A-None_AdaBN-F
Lee2019_MI,DeepConvNet,1,49,0.6,0.6,0.9092,0.81,0.81,0.9361,30,100,FM-Full_A-None_AdaBN-F
Lee2019_MI,DeepConvNet,1,50,0.53,0.53,0.6913999999999999,0.635,0.635,0.6973,30,100,FM-Full_A-None_AdaBN-F
Lee2019_MI,DeepConvNet,1,53,0.795,0.795,0.8437000000000001,0.78,0.78,0.8409000000000001,30,100,FM-Full_A-None_AdaBN-F
Lee2019_MI,DeepConvNet,2,5,0.71,0.71,0.8433999999999999,0.78,0.78,0.9075,30,100,FM-Full_A-None_AdaBN-F
Lee2019_MI,DeepConvNet,2,7,0.67,0.6699999999999999,0.7316000000000001,0.69,0.69,0.8198000000000001,30,100,FM-Full_A-None_AdaBN-F
Lee2019_MI,DeepConvNet,2,9,0.79,0.79,0.8768999999999999,0.78,0.78,0.8739,30,100,FM-Full_A-None_AdaBN-F
Lee2019_MI,DeepConvNet,2,16,0.71,0.71,0.9263,0.83,0.8300000000000001,0.9253,30,100,FM-Full_A-None_AdaBN-F
Lee2019_MI,DeepConvNet,2,25,0.8,0.8,0.9244,0.88,0.88,0.958,30,100,FM-Full_A-None_AdaBN-F
Lee2019_MI,DeepConvNet,2,27,0.845,0.845,0.956,0.865,0.865,0.9569,30,100,FM-Full_A-None_AdaBN-F
Lee2019_MI,DeepConvNet,2,34,0.575,0.575,0.6602,0.655,0.655,0.7141000000000001,30,100,FM-Full_A-None_AdaBN-F
Lee2019_MI,DeepConvNet,2,35,0.535,0.535,0.81585,0.89,0.89,0.9882,30,100,FM-Full_A-None_AdaBN-F
Lee2019_MI,DeepConvNet,2,38,0.565,0.565,0.8018,0.73,0.73,0.8648000000000001,30,100,FM-Full_A-None_AdaBN-F
Lee2019_MI,DeepConvNet,2,46,0.62,0.62,0.7017,0.585,0.585,0.6672,30,100,FM-Full_A-None_AdaBN-F
Lee2019_MI,DeepConvNet,2,51,0.68,0.6799999999999999,0.7839,0.75,0.75,0.8081,30,100,FM-Full_A-None_AdaBN-F
Lee2019_MI,DeepConvNet,3,1,0.7,0.7,0.7731,0.63,0.63,0.7153999999999999,30,100,FM-Full_A-None_AdaBN-F
Lee2019_MI,DeepConvNet,3,10,0.665,0.665,0.7414000000000001,0.67,0.67,0.7649,30,100,FM-Full_A-None_AdaBN-F
Lee2019_MI,DeepConvNet,3,12,0.78,0.78,0.875,0.75,0.75,0.86,30,100,FM-Full_A-None_AdaBN-F
Lee2019_MI,DeepConvNet,3,17,0.665,0.665,0.7139000000000001,0.63,0.63,0.6974,30,100,FM-Full_A-None_AdaBN-F
Lee2019_MI,DeepConvNet,3,26,0.85,0.8500000000000001,0.9359,0.885,0.885,0.9427,30,100,FM-Full_A-None_AdaBN-F
Lee2019_MI,DeepConvNet,3,28,0.87,0.87,0.9557,0.83,0.8300000000000001,0.9612,30,100,FM-Full_A-None_AdaBN-F
Lee2019_MI,DeepConvNet,3,31,0.825,0.825,0.9411,0.825,0.825,0.94095,30,100,FM-Full_A-None_AdaBN-F
Lee2019_MI,DeepConvNet,3,32,0.825,0.825,0.9155,0.84,0.84,0.9608,30,100,FM-Full_A-None_AdaBN-F
Lee2019_MI,DeepConvNet,3,37,0.8,0.8,0.9034,0.86,0.86,0.9361,30,100,FM-Full_A-None_AdaBN-F
Lee2019_MI,DeepConvNet,3,41,0.65,0.65,0.7578,0.72,0.72,0.8028000000000001,30,100,FM-Full_A-None_AdaBN-F
Lee2019_MI,DeepConvNet,3,48,0.725,0.725,0.7747,0.65,0.65,0.7674,30,100,FM-Full_A-None_AdaBN-F
Lee2019_MI,DeepConvNet,5,8,0.735,0.7350000000000001,0.8325,0.79,0.79,0.85435,30,100,FM-Full_A-None_AdaBN-F
Lee2019_MI,DeepConvNet,5,15,0.75,0.75,0.8419,0.845,0.845,0.9245,30,100,FM-Full_A-None_AdaBN-F
Lee2019_MI,DeepConvNet,5,19,0.73,0.73,0.8855999999999999,0.805,0.8049999999999999,0.9058,30,100,FM-Full_A-None_AdaBN-F
Lee2019_MI,DeepConvNet,5,21,0.925,0.925,0.9884,0.96,0.96,0.9936,30,100,FM-Full_A-None_AdaBN-F
Lee2019_MI,DeepConvNet,5,23,0.775,0.7749999999999999,0.8150000000000001,0.765,0.765,0.8172999999999999,30,100,FM-Full_A-None_AdaBN-F
Lee2019_MI,DeepConvNet,5,29,0.67,0.67,0.8432,0.845,0.845,0.9328,30,100,FM-Full_A-None_AdaBN-F
Lee2019_MI,DeepConvNet,5,39,0.77,0.77,0.8701000000000001,0.81,0.81,0.8832,30,100,FM-Full_A-None_AdaBN-F
Lee2019_MI,DeepConvNet,5,43,0.815,0.815,0.9462,0.825,0.825,0.9216,30,100,FM-Full_A-None_AdaBN-F
Lee2019_MI,DeepConvNet,5,52,0.63,0.63,0.8225,0.76,0.76,0.8502,30,100,FM-Full_A-None_AdaBN-F
Lee2019_MI,DeepConvNet,5,54,0.69,0.69,0.7949,0.71,0.71,0.8302999999999999,30,100,FM-Full_A-None_AdaBN-F
Lee2019_SSVEP,DeepConvNet,1,4,1.0,1.0,1.0,1.0,1.0,1.0,20,100,FM-Full_A-None_AdaBN-F
Lee2019_SSVEP,DeepConvNet,1,6,0.985,0.985,0.9998666666666668,0.995,0.995,0.9999666666666668,20,100,FM-Full_A-None_AdaBN-F
Lee2019_SSVEP,DeepConvNet,1,13,0.9,0.8999999999999999,0.9838333333333332,0.965,0.965,0.9968,20,100,FM-Full_A-None_AdaBN-F
Lee2019_SSVEP,DeepConvNet,1,14,0.92,0.92,0.9895666666666668,0.975,0.975,0.9991666666666666,20,100,FM-Full_A-None_AdaBN-F
Lee2019_SSVEP,DeepConvNet,1,18,0.99,0.99,0.9999666666666668,0.99,0.99,1.0,20,100,FM-Full_A-None_AdaBN-F
Lee2019_SSVEP,DeepConvNet,1,20,0.96,0.96,0.9975666666666666,0.97,0.97,0.9988,20,100,FM-Full_A-None_AdaBN-F
Lee2019_SSVEP,DeepConvNet,1,33,0.99,0.99,0.9999666666666668,0.995,0.995,1.0,20,100,FM-Full_A-None_AdaBN-F
Lee2019_SSVEP,DeepConvNet,1,45,0.905,0.905,0.9859666666666668,0.97,0.97,0.9981666666666666,20,100,FM-Full_A-None_AdaBN-F
Lee2019_SSVEP,DeepConvNet,1,49,1.0,1.0,1.0,1.0,1.0,1.0,20,100,FM-Full_A-None_AdaBN-F
Lee2019_SSVEP,DeepConvNet,1,50,0.985,0.985,0.9994,1.0,1.0,1.0,20,100,FM-Full_A-None_AdaBN-F
Lee2019_SSVEP,DeepConvNet,1,53,1.0,1.0,1.0,1.0,1.0,1.0,20,100,FM-Full_A-None_AdaBN-F
Lee2019_SSVEP,DeepConvNet,2,5,0.82,0.8200000000000001,0.9623333333333332,0.845,0.845,0.9703,20,100,FM-Full_A-None_AdaBN-F
Lee2019_SSVEP,DeepConvNet,2,7,0.995,0.995,1.0,1.0,1.0,1.0,20,100,FM-Full_A-None_AdaBN-F
Lee2019_SSVEP,DeepConvNet,2,9,0.96,0.96,0.9986666666666668,0.97,0.97,0.9985333333333332,20,100,FM-Full_A-None_AdaBN-F
Lee2019_SSVEP,DeepConvNet,2,16,1.0,1.0,1.0,1.0,1.0,1.0,20,100,FM-Full_A-None_AdaBN-F
Lee2019_SSVEP,DeepConvNet,2,25,0.96,0.96,0.9984333333333332,0.99,0.99,0.9994,20,100,FM-Full_A-None_AdaBN-F
Lee2019_SSVEP,DeepConvNet,2,27,1.0,1.0,1.0,1.0,1.0,1.0,20,100,FM-Full_A-None_AdaBN-F
Lee2019_SSVEP,DeepConvNet,2,34,0.81,0.8099999999999999,0.9441,0.835,0.835,0.9647666666666668,20,100,FM-Full_A-None_AdaBN-F
Lee2019_SSVEP,DeepConvNet,2,35,0.98,0.98,0.9995333333333334,0.99,0.99,1.0,20,100,FM-Full_A-None_AdaBN-F
Lee2019_SSVEP,DeepConvNet,2,38,0.98,0.98,0.9997,0.99,0.99,0.9994333333333334,20,100,FM-Full_A-None_AdaBN-F
Lee2019_SSVEP,DeepConvNet,2,46,0.93,0.93,0.9966,0.985,0.985,0.9999,20,100,FM-Full_A-None_AdaBN-F
Lee2019_SSVEP,DeepConvNet,2,51,0.82,0.82,0.9565333333333332,0.825,0.825,0.9643666666666668,20,100,FM-Full_A-None_AdaBN-F
Lee2019_SSVEP,DeepConvNet,3,1,0.92,0.92,0.9931666666666666,0.94,0.94,0.9942333333333332,20,100,FM-Full_A-None_AdaBN-F
Lee2019_SSVEP,DeepConvNet,3,10,0.975,0.975,0.9997666666666668,0.99,0.99,0.9998333333333334,20,100,FM-Full_A-None_AdaBN-F
Lee2019_SSVEP,DeepConvNet,3,12,0.975,0.975,0.9993333333333334,0.965,0.965,0.9988666666666668,20,100,FM-Full_A-None_AdaBN-F
Lee2019_SSVEP,DeepConvNet,3,17,0.96,0.96,0.9984333333333334,0.99,0.99,0.9995666666666668,20,100,FM-Full_A-None_AdaBN-F
Lee2019_SSVEP,DeepConvNet,3,26,0.975,0.975,0.9998666666666668,0.99,0.99,1.0,20,100,FM-Full_A-None_AdaBN-F
Lee2019_SSVEP,DeepConvNet,3,28,0.98,0.98,0.9962,0.96,0.96,0.9981666666666666,20,100,FM-Full_A-None_AdaBN-F
Lee2019_SSVEP,DeepConvNet,3,31,1.0,1.0,1.0,1.0,1.0,1.0,20,100,FM-Full_A-None_AdaBN-F
Lee2019_SSVEP,DeepConvNet,3,32,0.6,0.6,0.9208333333333332,0.86,0.8599999999999999,0.9817333333333332,20,100,FM-Full_A-None_AdaBN-F
Lee2019_SSVEP,DeepConvNet,3,37,0.99,0.99,0.9999666666666668,0.995,0.995,0.9998,20,100,FM-Full_A-None_AdaBN-F
Lee2019_SSVEP,DeepConvNet,3,41,0.98,0.98,0.9989333333333336,0.985,0.985,0.9983333333333332,20,100,FM-Full_A-None_AdaBN-F
Lee2019_SSVEP,DeepConvNet,3,48,1.0,1.0,1.0,1.0,1.0,1.0,20,100,FM-Full_A-None_AdaBN-F
Lee2019_SSVEP,DeepConvNet,4,2,0.985,0.985,0.9999,0.995,0.995,0.9997666666666668,20,100,FM-Full_A-None_AdaBN-F
Lee2019_SSVEP,DeepConvNet,4,3,0.935,0.935,0.9966333333333334,0.94,0.94,0.9956,20,100,FM-Full_A-None_AdaBN-F
Lee2019_SSVEP,DeepConvNet,4,11,1.0,1.0,1.0,1.0,1.0,1.0,20,100,FM-Full_A-None_AdaBN-F
Lee2019_SSVEP,DeepConvNet,4,22,0.83,0.83,0.9614666666666668,0.905,0.905,0.9884333333333332,20,100,FM-Full_A-None_AdaBN-F
Lee2019_SSVEP,DeepConvNet,4,24,0.965,0.965,0.99235,0.965,0.965,0.99265,20,100,FM-Full_A-None_AdaBN-F
Lee2019_SSVEP,DeepConvNet,4,30,0.98,0.98,0.9988333333333332,0.995,0.995,0.9998666666666668,20,100,FM-Full_A-None_AdaBN-F
Lee2019_SSVEP,DeepConvNet,4,36,1.0,1.0,1.0,1.0,1.0,1.0,20,100,FM-Full_A-None_AdaBN-F
Lee2019_SSVEP,DeepConvNet,4,40,0.925,0.925,0.9927,0.935,0.935,0.9953333333333332,20,100,FM-Full_A-None_AdaBN-F
Lee2019_SSVEP,DeepConvNet,4,42,0.81,0.8099999999999999,0.9582,0.82,0.82,0.9572333333333332,20,100,FM-Full_A-None_AdaBN-F
Lee2019_SSVEP,DeepConvNet,4,44,0.995,0.995,1.0,1.0,1.0,1.0,20,100,FM-Full_A-None_AdaBN-F
Lee2019_SSVEP,DeepConvNet,4,47,0.625,0.625,0.8772333333333333,0.63,0.63,0.8768666666666666,20,100,FM-Full_A-None_AdaBN-F
Lee2019_SSVEP,DeepConvNet,5,8,0.94,0.94,0.9866666666666668,0.96,0.96,0.9890333333333332,20,100,FM-Full_A-None_AdaBN-F
Lee2019_SSVEP,DeepConvNet,5,15,0.935,0.935,0.9965333333333332,0.995,0.995,0.9999333333333332,20,100,FM-Full_A-None_AdaBN-F
Lee2019_SSVEP,DeepConvNet,5,19,0.925,0.925,0.9964,0.945,0.945,0.9932666666666669,20,100,FM-Full_A-None_AdaBN-F
Lee2019_SSVEP,DeepConvNet,5,21,0.915,0.915,0.9903666666666666,0.965,0.965,0.9978333333333332,20,100,FM-Full_A-None_AdaBN-F
Lee2019_SSVEP,DeepConvNet,5,23,0.25,0.25,0.5465999999999999,0.405,0.4049999999999999,0.7235999999999999,20,100,FM-Full_A-None_AdaBN-F
Lee2019_SSVEP,DeepConvNet,5,29,0.835,0.835,0.9688,0.945,0.945,0.9959333333333332,20,100,FM-Full_A-None_AdaBN-F
Lee2019_SSVEP,DeepConvNet,5,39,0.995,0.995,1.0,1.0,1.0,1.0,20,100,FM-Full_A-None_AdaBN-F
Lee2019_SSVEP,DeepConvNet,5,43,1.0,1.0,1.0,1.0,1.0,1.0,20,100,FM-Full_A-None_AdaBN-F
Lee2019_SSVEP,DeepConvNet,5,52,0.96,0.96,0.9983666666666666,0.99,0.99,1.0,20,100,FM-Full_A-None_AdaBN-F
Lee2019_SSVEP,DeepConvNet,5,54,0.63,0.63,0.8765833333333334,0.845,0.845,0.9671833333333332,20,100,FM-Full_A-None_AdaBN-F
BI2015a,DeepConvNet,1,5,0.9006734006734006,0.7808080808080808,0.9285991225385164,0.9242424242424242,0.8393939393939394,0.9565860626466688,20,250,FM-Full_A-None_AdaBN-F
BI2015a,DeepConvNet,1,9,0.8581081081081081,0.6481981981981982,0.8187647106566026,0.9039039039039038,0.8072072072072072,0.9119328788247708,20,250,FM-Full_A-None_AdaBN-F
BI2015a,DeepConvNet,1,13,0.8830409356725146,0.7614035087719299,0.8900469375192366,0.9364035087719298,0.8530701754385965,0.9576215758694984,20,250,FM-Full_A-None_AdaBN-F
BI2015a,DeepConvNet,1,25,0.8290229885057471,0.6410919540229885,0.7761758488571806,0.8845785440613027,0.7560344827586207,0.8823011626370723,20,250,FM-Full_A-None_AdaBN-F
BI2015a,DeepConvNet,1,26,0.9148745519713262,0.8327956989247312,0.9524569314371604,0.9507168458781362,0.8930107526881721,0.976268932824604,20,250,FM-Full_A-None_AdaBN-F
BI2015a,DeepConvNet,1,35,0.8438003220611916,0.5429951690821256,0.7961492683609886,0.8409822866344605,0.6707729468599034,0.7915493943849332,20,250,FM-Full_A-None_AdaBN-F
BI2015a,DeepConvNet,1,37,0.7603174603174603,0.5676190476190477,0.6400192743764173,0.8753968253968254,0.75,0.8616009070294784,20,250,FM-Full_A-None_AdaBN-F
BI2015a,DeepConvNet,1,38,0.8468468468468469,0.6936936936936937,0.8094756919081243,0.921921921921922,0.8396396396396397,0.941782322863404,20,250,FM-Full_A-None_AdaBN-F
BI2015a,DeepConvNet,1,40,0.8647119341563786,0.6484567901234568,0.8634678402682517,0.9161522633744856,0.8089506172839507,0.9342459228776102,20,250,FM-Full_A-None_AdaBN-F
BI2015a,DeepConvNet,2,4,0.9006944444444445,0.8204166666666666,0.9116527777777776,0.9368055555555556,0.8604166666666666,0.9632430555555554,20,250,FM-Full_A-None_AdaBN-F
BI2015a,DeepConvNet,2,7,0.7516339869281046,0.5588235294117647,0.6258121876201461,0.9240196078431372,0.8563725490196079,0.9369232987312572,20,250,FM-Full_A-None_AdaBN-F
BI2015a,DeepConvNet,2,14,0.7122507122507122,0.5401709401709403,0.5625648330776536,0.8739316239316239,0.7363247863247864,0.8592738695302797,20,250,FM-Full_A-None_AdaBN-F
BI2015a,DeepConvNet,2,16,0.9087301587301588,0.8157142857142857,0.9229297052154194,0.9373015873015872,0.8690476190476191,0.9564852607709752,20,250,FM-Full_A-None_AdaBN-F
BI2015a,DeepConvNet,2,18,0.8493827160493828,0.6370370370370371,0.7586748971193416,0.9049382716049382,0.7755555555555556,0.8966721536351167,20,250,FM-Full_A-None_AdaBN-F
BI2015a,DeepConvNet,2,20,0.8858024691358025,0.7818518518518518,0.8785980795610425,0.9339506172839506,0.867037037037037,0.9514677640603568,20,250,FM-Full_A-None_AdaBN-F
BI2015a,DeepConvNet,2,28,0.8605555555555555,0.687,0.8638266666666667,0.8783333333333333,0.771,0.8956644444444444,20,250,FM-Full_A-None_AdaBN-F
BI2015a,DeepConvNet,2,32,0.899641577060932,0.8172043010752689,0.905700080934212,0.9292114695340502,0.8413978494623656,0.9350676378772113,20,250,FM-Full_A-None_AdaBN-F
BI2015a,DeepConvNet,2,41,0.8185185185185185,0.6037037037037037,0.722968449931413,0.910493827160494,0.8040740740740742,0.9263539094650206,20,250,FM-Full_A-None_AdaBN-F
BI2015a,DeepConvNet,3,1,0.8127522195318806,0.5762927752470236,0.6427103276776479,0.860774818401937,0.7161699786536389,0.8444893378226711,20,250,FM-Full_A-None_AdaBN-F
BI2015a,DeepConvNet,3,6,0.8061868686868687,0.6170454545454546,0.7439164370982553,0.9122474747474748,0.8003787878787878,0.9271435950413224,20,250,FM-Full_A-None_AdaBN-F
BI2015a,DeepConvNet,3,10,0.8772401433691757,0.7134408602150537,0.8718522372528617,0.9202508960573476,0.8381720430107527,0.942230315643427,20,250,FM-Full_A-None_AdaBN-F
BI2015a,DeepConvNet,3,12,0.8422939068100358,0.5860215053763441,0.7622803214244421,0.8543906810035843,0.718010752688172,0.8510622615331251,20,250,FM-Full_A-None_AdaBN-F
BI2015a,DeepConvNet,3,17,0.8666666666666667,0.6785185185185185,0.8448861454046639,0.9030864197530863,0.8011111111111111,0.9026886145404664,20,250,FM-Full_A-None_AdaBN-F
BI2015a,DeepConvNet,3,27,0.8287623066104078,0.5318565400843882,0.6900274172586301,0.8523206751054853,0.7367088607594936,0.8402517402837864,20,250,FM-Full_A-None_AdaBN-F
BI2015a,DeepConvNet,3,30,0.9207818930041152,0.8487654320987654,0.8801630848955951,0.9506172839506172,0.8790123456790123,0.9652339582380736,20,250,FM-Full_A-None_AdaBN-F
BI2015a,DeepConvNet,3,31,0.8096296296296296,0.5382222222222223,0.659527901234568,0.8474074074074074,0.6737777777777778,0.806635061728395,20,250,FM-Full_A-None_AdaBN-F
BI2015a,DeepConvNet,3,42,0.851364522417154,0.5891812865497076,0.8056598611538593,0.8562378167641326,0.7078947368421052,0.8326904004651002,20,250,FM-Full_A-None_AdaBN-F
BI2015a,DeepConvNet,4,2,0.876984126984127,0.6833333333333333,0.8877141597379693,0.9305555555555556,0.8646825396825397,0.949225245653817,20,250,FM-Full_A-None_AdaBN-F
BI2015a,DeepConvNet,4,3,0.882183908045977,0.7775862068965518,0.8681199630070023,0.9473180076628352,0.8810344827586207,0.9761989694807768,20,250,FM-Full_A-None_AdaBN-F
BI2015a,DeepConvNet,4,22,0.8718434343434344,0.6852272727272728,0.8672520661157025,0.9116161616161615,0.7954545454545454,0.9250401744719926,20,250,FM-Full_A-None_AdaBN-F
BI2015a,DeepConvNet,4,24,0.8912037037037037,0.701388888888889,0.9115312071330588,0.9359567901234568,0.861574074074074,0.9613168724279836,20,250,FM-Full_A-None_AdaBN-F
BI2015a,DeepConvNet,4,33,0.8869047619047619,0.7003968253968254,0.8778691106072058,0.9305555555555556,0.8424603174603175,0.9339096749811036,20,250,FM-Full_A-None_AdaBN-F
BI2015a,DeepConvNet,4,34,0.8722222222222222,0.6490476190476191,0.9003990929705215,0.9198412698412698,0.7976190476190477,0.929501133786848,20,250,FM-Full_A-None_AdaBN-F
BI2015a,DeepConvNet,4,36,0.8743055555555556,0.73125,0.8799201388888889,0.9347222222222222,0.8625,0.958375,20,250,FM-Full_A-None_AdaBN-F
BI2015a,DeepConvNet,4,43,0.9109195402298852,0.7672413793103448,0.9237151539172944,0.9540229885057472,0.8919540229885057,0.9729818998546704,20,250,FM-Full_A-None_AdaBN-F
BI2015a,DeepConvNet,5,8,0.8650793650793651,0.6777777777777778,0.8424981103552532,0.9120370370370372,0.817063492063492,0.9282596371882088,20,250,FM-Full_A-None_AdaBN-F
BI2015a,DeepConvNet,5,11,0.83125,0.6154166666666667,0.7281215277777778,0.9076388888888888,0.8079166666666666,0.9258854166666668,20,250,FM-Full_A-None_AdaBN-F
BI2015a,DeepConvNet,5,15,0.8984126984126984,0.7847619047619048,0.900390022675737,0.9166666666666666,0.8052380952380952,0.9386394557823128,20,250,FM-Full_A-None_AdaBN-F
BI2015a,DeepConvNet,5,19,0.8766666666666667,0.7126666666666667,0.8598666666666667,0.9027777777777778,0.8016666666666667,0.9025733333333332,20,250,FM-Full_A-None_AdaBN-F
BI2015a,DeepConvNet,5,21,0.9103174603174604,0.7671428571428571,0.9263174603174602,0.9365079365079364,0.8571428571428572,0.9574285714285716,20,250,FM-Full_A-None_AdaBN-F
BI2015a,DeepConvNet,5,23,0.8757309941520468,0.6763157894736842,0.8536434287473069,0.8874269005847953,0.7552631578947369,0.9148507232994768,20,250,FM-Full_A-None_AdaBN-F
BI2015a,DeepConvNet,5,29,0.8431372549019608,0.580392156862745,0.7135524798154556,0.8839869281045751,0.7513071895424837,0.870358622751933,20,250,FM-Full_A-None_AdaBN-F
BI2015a,DeepConvNet,5,39,0.3945578231292517,0.6108843537414966,0.7885927159979638,0.8837868480725624,0.7751700680272109,0.8976074783654958,20,250,FM-Full_A-None_AdaBN-F
Lee2019_MI,ShallowConvNet,1,4,0.665,0.665,0.7351,0.7,0.7,0.7866,50,120,FM-Full_A-None_AdaBN-F
Lee2019_MI,ShallowConvNet,1,6,0.77,0.77,0.8959,0.835,0.835,0.9311,50,120,FM-Full_A-None_AdaBN-F
Lee2019_MI,ShallowConvNet,1,13,0.705,0.705,0.8058,0.72,0.72,0.7885,50,120,FM-Full_A-None_AdaBN-F
Lee2019_MI,ShallowConvNet,1,14,0.635,0.635,0.7451,0.69,0.69,0.7517,50,120,FM-Full_A-None_AdaBN-F
Lee2019_MI,ShallowConvNet,1,18,0.77,0.77,0.9007,0.82,0.8200000000000001,0.9144,50,120,FM-Full_A-None_AdaBN-F
Lee2019_MI,ShallowConvNet,1,20,0.815,0.815,0.9007000000000001,0.805,0.8049999999999999,0.9059,50,120,FM-Full_A-None_AdaBN-F
Lee2019_MI,ShallowConvNet,1,33,0.895,0.895,0.9712,0.93,0.93,0.9776,50,120,FM-Full_A-None_AdaBN-F
Lee2019_MI,ShallowConvNet,1,45,0.755,0.755,0.8668999999999999,0.815,0.815,0.892,50,120,FM-Full_A-None_AdaBN-F
Lee2019_MI,ShallowConvNet,1,49,0.665,0.665,0.8946000000000001,0.83,0.8300000000000001,0.9186,50,120,FM-Full_A-None_AdaBN-F
Lee2019_MI,ShallowConvNet,1,50,0.51,0.51,0.5663,0.515,0.515,0.5819000000000001,50,120,FM-Full_A-None_AdaBN-F
Lee2019_MI,ShallowConvNet,1,53,0.77,0.77,0.8279,0.715,0.715,0.8058000000000001,50,120,FM-Full_A-None_AdaBN-F
Lee2019_MI,ShallowConvNet,2,5,0.805,0.8049999999999999,0.9083,0.825,0.825,0.9391,50,120,FM-Full_A-None_AdaBN-F
Lee2019_MI,ShallowConvNet,2,7,0.66,0.66,0.6930499999999999,0.695,0.6950000000000001,0.7654,50,120,FM-Full_A-None_AdaBN-F
Lee2019_MI,ShallowConvNet,2,9,0.775,0.7749999999999999,0.8794000000000001,0.735,0.735,0.8382000000000001,50,120,FM-Full_A-None_AdaBN-F
Lee2019_MI,ShallowConvNet,2,16,0.84,0.8400000000000001,0.9029,0.845,0.845,0.9227,50,120,FM-Full_A-None_AdaBN-F
Lee2019_MI,ShallowConvNet,2,25,0.81,0.81,0.9182,0.86,0.86,0.9463,50,120,FM-Full_A-None_AdaBN-F
Lee2019_MI,ShallowConvNet,2,27,0.64,0.64,0.8535999999999999,0.82,0.8200000000000001,0.8746,50,120,FM-Full_A-None_AdaBN-F
Lee2019_MI,ShallowConvNet,2,34,0.555,0.5549999999999999,0.63575,0.605,0.605,0.65915,50,120,FM-Full_A-None_AdaBN-F
Lee2019_MI,ShallowConvNet,2,35,0.71,0.71,0.8719999999999999,0.88,0.88,0.9649,50,120,FM-Full_A-None_AdaBN-F
Lee2019_MI,ShallowConvNet,2,38,0.675,0.675,0.7661000000000001,0.715,0.715,0.7792,50,120,FM-Full_A-None_AdaBN-F
Lee2019_MI,ShallowConvNet,2,46,0.665,0.665,0.7505999999999999,0.69,0.69,0.7538,50,120,FM-Full_A-None_AdaBN-F
Lee2019_MI,ShallowConvNet,2,51,0.685,0.685,0.7446999999999999,0.665,0.665,0.7191000000000001,50,120,FM-Full_A-None_AdaBN-F
Lee2019_MI,ShallowConvNet,3,1,0.705,0.7050000000000001,0.7943000000000001,0.725,0.7250000000000001,0.7870999999999999,50,120,FM-Full_A-None_AdaBN-F
Lee2019_MI,ShallowConvNet,3,10,0.69,0.69,0.7479,0.735,0.735,0.7872000000000001,50,120,FM-Full_A-None_AdaBN-F
Lee2019_MI,ShallowConvNet,3,12,0.73,0.73,0.8563999999999999,0.72,0.72,0.8177999999999999,50,120,FM-Full_A-None_AdaBN-F
Lee2019_MI,ShallowConvNet,3,17,0.665,0.665,0.6947,0.67,0.67,0.733,50,120,FM-Full_A-None_AdaBN-F
Lee2019_MI,ShallowConvNet,3,26,0.78,0.78,0.899,0.795,0.795,0.903,50,120,FM-Full_A-None_AdaBN-F
Lee2019_MI,ShallowConvNet,3,28,0.87,0.87,0.9638,0.9,0.9,0.9627,50,120,FM-Full_A-None_AdaBN-F
Lee2019_MI,ShallowConvNet,3,31,0.745,0.745,0.8357,0.735,0.735,0.8365,50,120,FM-Full_A-None_AdaBN-F
Lee2019_MI,ShallowConvNet,3,32,0.835,0.835,0.9133,0.865,0.865,0.9384,50,120,FM-Full_A-None_AdaBN-F
Lee2019_MI,ShallowConvNet,3,37,0.845,0.845,0.9567,0.895,0.895,0.9746,50,120,FM-Full_A-None_AdaBN-F
Lee2019_MI,ShallowConvNet,3,41,0.67,0.6699999999999999,0.7411499999999999,0.695,0.6950000000000001,0.7638999999999999,50,120,FM-Full_A-None_AdaBN-F
Lee2019_MI,ShallowConvNet,3,48,0.68,0.68,0.7713000000000001,0.715,0.7150000000000001,0.7603000000000001,50,120,FM-Full_A-None_AdaBN-F
Lee2019_MI,ShallowConvNet,4,2,0.795,0.7949999999999999,0.8714999999999999,0.79,0.79,0.8746999999999999,50,120,FM-Full_A-None_AdaBN-F
Lee2019_MI,ShallowConvNet,4,3,0.77,0.77,0.842,0.84,0.84,0.9132,50,120,FM-Full_A-None_AdaBN-F
Lee2019_MI,ShallowConvNet,4,11,0.64,0.64,0.7483,0.65,0.65,0.6813,50,120,FM-Full_A-None_AdaBN-F
Lee2019_MI,ShallowConvNet,4,22,0.625,0.625,0.7038,0.665,0.665,0.7265,50,120,FM-Full_A-None_AdaBN-F
Lee2019_MI,ShallowConvNet,4,24,0.585,0.585,0.6899,0.68,0.6799999999999999,0.7253000000000001,50,120,FM-Full_A-None_AdaBN-F
Lee2019_MI,ShallowConvNet,4,30,0.67,0.6699999999999999,0.729,0.715,0.7150000000000001,0.7524,50,120,FM-Full_A-None_AdaBN-F
Lee2019_MI,ShallowConvNet,4,36,0.905,0.905,0.9924,0.935,0.935,0.9876,50,120,FM-Full_A-None_AdaBN-F
Lee2019_MI,ShallowConvNet,4,40,0.74,0.74,0.8297,0.77,0.77,0.8616,50,120,FM-Full_A-None_AdaBN-F
Lee2019_MI,ShallowConvNet,4,42,0.695,0.6950000000000001,0.802,0.705,0.705,0.77165,50,120,FM-Full_A-None_AdaBN-F
Lee2019_MI,ShallowConvNet,4,44,0.645,0.645,0.8339000000000001,0.785,0.7849999999999999,0.8631,50,120,FM-Full_A-None_AdaBN-F
Lee2019_MI,ShallowConvNet,4,47,0.79,0.79,0.9073,0.83,0.83,0.9137,50,120,FM-Full_A-None_AdaBN-F
Lee2019_MI,ShallowConvNet,5,8,0.66,0.6599999999999999,0.7851,0.67,0.6699999999999999,0.7537999999999999,50,120,FM-Full_A-None_AdaBN-F
Lee2019_MI,ShallowConvNet,5,15,0.7,0.7,0.8276,0.8,0.8,0.8711,50,120,FM-Full_A-None_AdaBN-F
Lee2019_MI,ShallowConvNet,5,19,0.79,0.79,0.8524999999999999,0.805,0.8049999999999999,0.8789,50,120,FM-Full_A-None_AdaBN-F
Lee2019_MI,ShallowConvNet,5,21,0.895,0.895,0.9958,0.965,0.965,0.9946,50,120,FM-Full_A-None_AdaBN-F
Lee2019_MI,ShallowConvNet,5,23,0.75,0.75,0.8457000000000001,0.73,0.73,0.846,50,120,FM-Full_A-None_AdaBN-F
Lee2019_MI,ShallowConvNet,5,29,0.605,0.605,0.6814,0.845,0.845,0.9033,50,120,FM-Full_A-None_AdaBN-F
Lee2019_MI,ShallowConvNet,5,39,0.835,0.835,0.9002000000000001,0.8,0.8,0.8777499999999999,50,120,FM-Full_A-None_AdaBN-F
Lee2019_MI,ShallowConvNet,5,43,0.825,0.825,0.9559,0.865,0.865,0.9426,50,120,FM-Full_A-None_AdaBN-F
Lee2019_MI,ShallowConvNet,5,52,0.75,0.75,0.8465,0.75,0.75,0.8409,50,120,FM-Full_A-None_AdaBN-F
Lee2019_MI,ShallowConvNet,5,54,0.735,0.735,0.8107,0.76,0.76,0.8290000000000001,50,120,FM-Full_A-None_AdaBN-F
BNCI2014_001,DeepConvNet,1,2,0.328125,0.328125,0.6314059284979424,0.5642361111111112,0.5642361111111112,0.8087022569444444,6,500,FM-Full_A-None_AdaBN-F
BNCI2014_001,DeepConvNet,1,8,0.5815972222222222,0.5815972222222222,0.8503086419753088,0.75,0.75,0.9245273919753088,6,500,FM-Full_A-None_AdaBN-F
BNCI2014_001,DeepConvNet,2,1,0.6458333333333334,0.6458333333333334,0.8569235468106996,0.7048611111111112,0.7048611111111112,0.922513985339506,6,500,FM-Full_A-None_AdaBN-F
BNCI2014_001,DeepConvNet,2,6,0.4149305555555556,0.4149305555555556,0.7141565393518519,0.5329861111111112,0.532986111111111,0.8138181584362139,6,500,FM-Full_A-None_AdaBN-F
BNCI2014_001,DeepConvNet,3,3,0.4670138888888889,0.4670138888888889,0.8720984439300411,0.7899305555555556,0.7899305555555556,0.9538483796296297,6,500,FM-Full_A-None_AdaBN-F
BNCI2014_001,DeepConvNet,3,9,0.4583333333333333,0.4583333333333333,0.8017537937242799,0.7274305555555556,0.7274305555555555,0.9253070344650204,6,500,FM-Full_A-None_AdaBN-F
BNCI2014_001,DeepConvNet,4,4,0.3715277777777778,0.3715277777777777,0.752563978909465,0.6267361111111112,0.626736111111111,0.8666329089506173,6,500,FM-Full_A-None_AdaBN-F
BNCI2014_001,DeepConvNet,4,5,0.3246527777777778,0.3246527777777777,0.6597985789609053,0.5659722222222222,0.5659722222222222,0.8290573559670783,6,500,FM-Full_A-None_AdaBN-F
BNCI2014_001,DeepConvNet,5,7,0.4704861111111111,0.4704861111111111,0.7473556455761317,0.6128472222222222,0.6128472222222223,0.8807589056069959,6,500,FM-Full_A-None_AdaBN-F
BNCI2014_001,ATCNet,1,2,0.2690972222222222,0.2690972222222222,0.4906282150205761,0.515625,0.515625,0.7500160751028806,3,500,FM-Full_A-None_AdaBN-F
BNCI2014_001,ATCNet,1,8,0.4722222222222222,0.4722222222222222,0.8450360082304528,0.7795138888888888,0.779513888888889,0.9389748906893004,3,500,FM-Full_A-None_AdaBN-F
BNCI2014_001,ATCNet,2,1,0.4791666666666667,0.4791666666666667,0.7408050411522634,0.7621527777777778,0.7621527777777779,0.9341644161522634,3,500,FM-Full_A-None_AdaBN-F
BNCI2014_001,ATCNet,2,6,0.3107638888888889,0.3107638888888889,0.6394193672839505,0.5590277777777778,0.5590277777777777,0.7966941550925926,3,500,FM-Full_A-None_AdaBN-F
BNCI2014_001,ATCNet,3,3,0.6649305555555556,0.6649305555555556,0.9166425540123456,0.8784722222222222,0.8784722222222222,0.9768880208333334,3,500,FM-Full_A-None_AdaBN-F
BNCI2014_001,ATCNet,3,9,0.3020833333333333,0.3020833333333333,0.7626068994341564,0.78125,0.78125,0.9385489004629628,3,500,FM-Full_A-None_AdaBN-F
BNCI2014_001,ATCNet,4,4,0.3402777777777778,0.3402777777777778,0.6982140560699588,0.6840277777777778,0.6840277777777778,0.8846410429526749,3,500,FM-Full_A-None_AdaBN-F
BNCI2014_001,ATCNet,4,5,0.3107638888888889,0.3107638888888889,0.5846394354423868,0.5868055555555556,0.5868055555555556,0.8219401041666667,3,500,FM-Full_A-None_AdaBN-F
BNCI2014_001,ATCNet,5,7,0.328125,0.328125,0.6226490162037037,0.7065972222222222,0.7065972222222222,0.9079619984567902,3,500,FM-Full_A-None_AdaBN-F
BI2015a,ATCNet,1,5,0.8922558922558923,0.694949494949495,0.9247576777879808,0.9326599326599326,0.8848484848484849,0.9618865421895726,15,1000,FM-Full_A-None_AdaBN-F
BI2015a,ATCNet,1,9,0.8558558558558559,0.5945945945945946,0.822640207775343,0.9016516516516516,0.8004504504504505,0.9239347455563672,15,1000,FM-Full_A-None_AdaBN-F
BI2015a,ATCNet,1,13,0.9057017543859648,0.7820175438596491,0.9177900892582332,0.9429824561403508,0.8991228070175439,0.9654162819329024,15,1000,FM-Full_A-None_AdaBN-F
BI2015a,ATCNet,1,25,0.8376436781609196,0.5232758620689656,0.7379508521601268,0.8788314176245211,0.7663793103448275,0.8845256969216541,15,1000,FM-Full_A-None_AdaBN-F
BI2015a,ATCNet,1,26,0.9041218637992832,0.7811827956989248,0.9444617874898832,0.946236559139785,0.8924731182795699,0.976448144294138,15,1000,FM-Full_A-None_AdaBN-F
BI2015a,ATCNet,1,35,0.8377616747181964,0.5181159420289855,0.7377383369506874,0.8401771336553945,0.6857487922705314,0.7917022567621183,15,1000,FM-Full_A-None_AdaBN-F
BI2015a,ATCNet,1,37,0.8353174603174603,0.5173809523809524,0.6216502267573696,0.8690476190476191,0.7461904761904762,0.8563571428571429,15,1000,FM-Full_A-None_AdaBN-F
BI2015a,ATCNet,1,38,0.8521021021021021,0.6842342342342342,0.8202459215972728,0.9211711711711712,0.8554054054054054,0.9468996023050076,15,1000,FM-Full_A-None_AdaBN-F
BI2015a,ATCNet,1,40,0.8600823045267489,0.608641975308642,0.8457799878067367,0.910493827160494,0.8265432098765433,0.9362139917695474,15,1000,FM-Full_A-None_AdaBN-F
BI2015a,ATCNet,2,4,0.8763888888888889,0.6425,0.7564861111111111,0.9395833333333332,0.8720833333333333,0.9545729166666668,15,1000,FM-Full_A-None_AdaBN-F
BI2015a,ATCNet,2,7,0.8333333333333334,0.5,0.5589340638216072,0.925653594771242,0.8436274509803922,0.9288014225297964,15,1000,FM-Full_A-None_AdaBN-F
BI2015a,ATCNet,2,14,0.8326210826210826,0.5012820512820513,0.6188691650230113,0.8952991452991453,0.7952991452991454,0.9088538242384396,15,1000,FM-Full_A-None_AdaBN-F
BI2015a,ATCNet,2,16,0.8777777777777778,0.6447619047619048,0.9308072562358276,0.934126984126984,0.8804761904761905,0.9647573696145124,15,1000,FM-Full_A-None_AdaBN-F
BI2015a,ATCNet,2,18,0.832716049382716,0.512962962962963,0.6927434842249657,0.8932098765432098,0.7907407407407407,0.9029492455418382,15,1000,FM-Full_A-None_AdaBN-F
BI2015a,ATCNet,2,20,0.8308641975308642,0.5014814814814814,0.8103319615912208,0.9271604938271604,0.8688888888888888,0.9538710562414268,15,1000,FM-Full_A-None_AdaBN-F
BI2015a,ATCNet,2,28,0.85,0.5553333333333333,0.8350311111111112,0.8888888888888888,0.784,0.8975599999999999,15,1000,FM-Full_A-None_AdaBN-F
BI2015a,ATCNet,2,32,0.8826164874551972,0.6543010752688172,0.8851312290438201,0.9166666666666666,0.8102150537634408,0.9396057347670252,15,1000,FM-Full_A-None_AdaBN-F
BI2015a,ATCNet,2,41,0.8320987654320988,0.5170370370370371,0.728636488340192,0.9024691358024692,0.7844444444444445,0.9262167352537723,15,1000,FM-Full_A-None_AdaBN-F
BI2015a,ATCNet,3,1,0.8335351089588378,0.5009700490746242,0.4959224782318464,0.8642050040355125,0.7322933034044146,0.8545791979343178,15,1000,FM-Full_A-None_AdaBN-F
BI2015a,ATCNet,3,6,0.8194444444444444,0.5446969696969697,0.6481462350780531,0.9122474747474748,0.8291666666666666,0.934056473829201,15,1000,FM-Full_A-None_AdaBN-F
BI2015a,ATCNet,3,10,0.8924731182795699,0.8021505376344086,0.9162446525609896,0.9265232974910396,0.8591397849462366,0.946681697306047,15,1000,FM-Full_A-None_AdaBN-F
BI2015a,ATCNet,3,12,0.8194444444444444,0.578763440860215,0.7412851196670136,0.8646953405017921,0.7543010752688173,0.8571858018268008,15,1000,FM-Full_A-None_AdaBN-F
BI2015a,ATCNet,3,17,0.8512345679012345,0.721111111111111,0.8613031550068586,0.8858024691358025,0.807037037037037,0.9118710562414264,15,1000,FM-Full_A-None_AdaBN-F
BI2015a,ATCNet,3,27,0.8154008438818565,0.5710970464135021,0.7154008438818565,0.8491561181434599,0.730590717299578,0.8407333226512845,15,1000,FM-Full_A-None_AdaBN-F
BI2015a,ATCNet,3,30,0.9074074074074074,0.7864197530864198,0.8661636945587562,0.9197530864197532,0.7938271604938272,0.9154625819234874,15,1000,FM-Full_A-None_AdaBN-F
BI2015a,ATCNet,3,31,0.8081481481481482,0.5373333333333333,0.621433086419753,0.845925925925926,0.704,0.8021402469135803,15,1000,FM-Full_A-None_AdaBN-F
BI2015a,ATCNet,3,42,0.854775828460039,0.6497076023391813,0.8186262439725044,0.854775828460039,0.7222222222222222,0.8325074381861085,15,1000,FM-Full_A-None_AdaBN-F
BI2015a,ATCNet,4,2,0.8558201058201058,0.5912698412698413,0.8202601410934746,0.9265873015873016,0.8702380952380953,0.954976064499874,15,1000,FM-Full_A-None_AdaBN-F
BI2015a,ATCNet,4,3,0.867816091954023,0.6724137931034483,0.8773550006605891,0.935823754789272,0.8971264367816092,0.9707887435592548,15,1000,FM-Full_A-None_AdaBN-F
BI2015a,ATCNet,4,22,0.8484848484848485,0.6833333333333333,0.8372446051423326,0.9065656565656566,0.8378787878787879,0.9269628099173554,15,1000,FM-Full_A-None_AdaBN-F
BI2015a,ATCNet,4,24,0.904320987654321,0.8037037037037037,0.92241512345679,0.9313271604938272,0.8754629629629629,0.9558299039780522,15,1000,FM-Full_A-None_AdaBN-F
BI2015a,ATCNet,4,33,0.8829365079365079,0.7646825396825396,0.9057256235827664,0.917989417989418,0.861904761904762,0.9476095993953136,15,1000,FM-Full_A-None_AdaBN-F
BI2015a,ATCNet,4,34,0.8857142857142857,0.7142857142857143,0.8885306122448979,0.926984126984127,0.8685714285714285,0.9439727891156464,15,1000,FM-Full_A-None_AdaBN-F
BI2015a,ATCNet,4,36,0.8541666666666666,0.7258333333333333,0.8555104166666667,0.9256944444444444,0.87875,0.9535486111111112,15,1000,FM-Full_A-None_AdaBN-F
BI2015a,ATCNet,4,43,0.92911877394636,0.8885057471264368,0.9589245607081516,0.950191570881226,0.9126436781609196,0.9774012419077818,15,1000,FM-Full_A-None_AdaBN-F
BI2015a,ATCNet,5,8,0.873015873015873,0.7682539682539683,0.8841427311665407,0.9153439153439152,0.8555555555555556,0.9336766187956664,15,1000,FM-Full_A-None_AdaBN-F
BI2015a,ATCNet,5,11,0.8222222222222222,0.6033333333333333,0.747451388888889,0.8798611111111111,0.7795833333333333,0.8953854166666667,15,1000,FM-Full_A-None_AdaBN-F
BI2015a,ATCNet,5,15,0.8777777777777778,0.7857142857142858,0.9058866213151926,0.9103174603174604,0.8452380952380952,0.9444444444444444,15,1000,FM-Full_A-None_AdaBN-F
BI2015a,ATCNet,5,19,0.8766666666666667,0.7446666666666666,0.8590088888888888,0.8938888888888888,0.7949999999999999,0.8952355555555556,15,1000,FM-Full_A-None_AdaBN-F
BI2015a,ATCNet,5,21,0.9126984126984128,0.8200000000000001,0.9276190476190476,0.938095238095238,0.8828571428571429,0.9628390022675736,15,1000,FM-Full_A-None_AdaBN-F
BI2015a,ATCNet,5,23,0.8706140350877193,0.7100877192982455,0.855309325946445,0.8918128654970761,0.7964912280701755,0.9066097260695598,15,1000,FM-Full_A-None_AdaBN-F
BI2015a,ATCNet,5,29,0.8398692810457516,0.6320261437908496,0.7641014139860738,0.8763616557734205,0.7715686274509804,0.8873403391857833,15,1000,FM-Full_A-None_AdaBN-F
BI2015a,ATCNet,5,39,0.8361678004535147,0.5125850340136054,0.7441899208663058,0.8996598639455783,0.7942176870748299,0.908251191633116,15,1000,FM-Full_A-None_AdaBN-F
Kalunga2016,EEGNetv4,1,1,0.203125,0.203125,0.5276692708333334,0.203125,0.203125,0.5201822916666666,4,64,FM-Full_A-None_AdaBN-F
Kalunga2016,EEGNetv4,1,10,0.2578125,0.2578125,0.5143229166666666,0.2578125,0.2578125,0.5478515625,4,64,FM-Full_A-None_AdaBN-F
Kalunga2016,EEGNetv4,1,11,0.265625,0.265625,0.3981119791666667,0.171875,0.171875,0.357421875,4,64,FM-Full_A-None_AdaBN-F
Kalunga2016,EEGNetv4,2,3,0.21875,0.21875,0.4713541666666666,0.25,0.25,0.4508463541666667,4,64,FM-Full_A-None_AdaBN-F
Kalunga2016,EEGNetv4,2,6,0.21875,0.21875,0.4915364583333333,0.265625,0.265625,0.5227864583333334,4,64,FM-Full_A-None_AdaBN-F
Kalunga2016,EEGNetv4,2,9,0.28125,0.28125,0.4820963541666667,0.28125,0.28125,0.52734375,4,64,FM-Full_A-None_AdaBN-F
Kalunga2016,EEGNetv4,3,2,0.34375,0.34375,0.5618489583333334,0.359375,0.359375,0.5485026041666667,4,64,FM-Full_A-None_AdaBN-F
Kalunga2016,EEGNetv4,3,12,0.24375,0.24375,0.54171875,0.35625,0.35625,0.6211458333333333,4,64,FM-Full_A-None_AdaBN-F
Kalunga2016,EEGNetv4,4,5,0.21875,0.21875,0.4873046875,0.234375,0.234375,0.517578125,4,64,FM-Full_A-None_AdaBN-F
Kalunga2016,EEGNetv4,4,8,0.21875,0.21875,0.5367838541666666,0.21875,0.21875,0.5419921874999999,4,64,FM-Full_A-None_AdaBN-F
Kalunga2016,EEGNetv4,5,4,0.265625,0.265625,0.548828125,0.25,0.25,0.5208333333333333,4,64,FM-Full_A-None_AdaBN-F
Kalunga2016,EEGNetv4,5,7,0.21875,0.21875,0.4968171296296296,0.2916666666666667,0.2916666666666667,0.5376157407407407,4,64,FM-Full_A-None_AdaBN-F
Kalunga2016,ShallowConvNet,1,1,0.328125,0.328125,0.5813802083333333,0.203125,0.203125,0.5201822916666666,4,64,FM-Full_A-None_AdaBN-F
Kalunga2016,ShallowConvNet,1,10,0.2265625,0.2265625,0.468505859375,0.3515625,0.3515625,0.6223958333333333,4,64,FM-Full_A-None_AdaBN-F
Kalunga2016,ShallowConvNet,1,11,0.328125,0.328125,0.5524088541666666,0.28125,0.28125,0.544921875,4,64,FM-Full_A-None_AdaBN-F
Kalunga2016,ShallowConvNet,2,3,0.390625,0.390625,0.583984375,0.4375,0.4375,0.6344401041666666,4,64,FM-Full_A-None_AdaBN-F
Kalunga2016,ShallowConvNet,2,6,0.25,0.25,0.5465494791666667,0.359375,0.359375,0.666015625,4,64,FM-Full_A-None_AdaBN-F
Kalunga2016,ShallowConvNet,2,9,0.203125,0.203125,0.43359375,0.265625,0.265625,0.4886067708333333,4,64,FM-Full_A-None_AdaBN-F
Kalunga2016,ShallowConvNet,3,2,0.3125,0.3125,0.5501302083333334,0.390625,0.390625,0.6402994791666666,4,64,FM-Full_A-None_AdaBN-F
Kalunga2016,ShallowConvNet,3,12,0.35,0.35,0.6286979166666666,0.55625,0.55625,0.7855208333333333,4,64,FM-Full_A-None_AdaBN-F
Kalunga2016,ShallowConvNet,4,5,0.375,0.375,0.595703125,0.390625,0.390625,0.625,4,64,FM-Full_A-None_AdaBN-F
Kalunga2016,ShallowConvNet,4,8,0.328125,0.328125,0.6546223958333333,0.40625,0.40625,0.705078125,4,64,FM-Full_A-None_AdaBN-F
Kalunga2016,ShallowConvNet,5,4,0.359375,0.359375,0.6396484375,0.46875,0.46875,0.7421875,4,64,FM-Full_A-None_AdaBN-F
Kalunga2016,ShallowConvNet,5,7,0.3229166666666667,0.3229166666666666,0.5886863425925926,0.34375,0.34375,0.6258680555555556,4,64,FM-Full_A-None_AdaBN-F
MAMEM2,ShallowConvNet,1,2,0.216,0.2226666666666666,0.4935037593984962,0.184,0.184,0.4887552882205514,3,100,FM-Full_A-None_AdaBN-F
MAMEM2,ShallowConvNet,1,9,0.216,0.2126666666666666,0.4754305764411027,0.208,0.1993333333333333,0.4867195989974937,3,100,FM-Full_A-None_AdaBN-F
MAMEM2,ShallowConvNet,2,1,0.224,0.2013333333333333,0.520754686716792,0.272,0.2653333333333333,0.575189373433584,3,100,FM-Full_A-None_AdaBN-F
MAMEM2,ShallowConvNet,2,6,0.192,0.1926666666666666,0.490661052631579,0.216,0.2086666666666666,0.4925648120300752,3,100,FM-Full_A-None_AdaBN-F
MAMEM2,ShallowConvNet,3,3,0.12,0.12,0.4884695739348371,0.168,0.1673333333333333,0.4807883709273183,3,100,FM-Full_A-None_AdaBN-F
MAMEM2,ShallowConvNet,3,8,0.144,0.1666666666666666,0.5175091729323309,0.224,0.2186666666666667,0.525929022556391,3,100,FM-Full_A-None_AdaBN-F
MAMEM2,ShallowConvNet,4,5,0.192,0.1906666666666666,0.53280671679198,0.256,0.2526666666666667,0.5445106766917294,3,100,FM-Full_A-None_AdaBN-F
MAMEM2,ShallowConvNet,4,10,0.216,0.2106666666666666,0.5409966917293233,0.296,0.3013333333333333,0.5702428070175438,3,100,FM-Full_A-None_AdaBN-F
MAMEM2,ShallowConvNet,5,4,0.2,0.1886666666666666,0.5130133333333334,0.168,0.1659999999999999,0.4885305263157894,3,100,FM-Full_A-None_AdaBN-F
MAMEM2,ShallowConvNet,5,7,0.168,0.1753333333333333,0.4813966917293233,0.2,0.2006666666666667,0.5198482205513785,3,100,FM-Full_A-None_AdaBN-F
BI2015a,ShallowConvNet,1,5,0.8922558922558923,0.7252525252525253,0.8862769105193347,0.9107744107744108,0.788888888888889,0.9211253953678196,30,500,FM-Full_A-None_AdaBN-F
BI2015a,ShallowConvNet,1,9,0.8551051051051051,0.6608108108108108,0.8004098693287883,0.8993993993993994,0.7558558558558559,0.8976016557097639,30,500,FM-Full_A-None_AdaBN-F
BI2015a,ShallowConvNet,1,13,0.8757309941520468,0.7780701754385965,0.9028431825176978,0.9320175438596492,0.8557017543859649,0.9526084949215144,30,500,FM-Full_A-None_AdaBN-F
BI2015a,ShallowConvNet,1,25,0.8314176245210728,0.603448275862069,0.7466293433742898,0.8486590038314177,0.6528735632183907,0.8109344034879113,30,500,FM-Full_A-None_AdaBN-F
BI2015a,ShallowConvNet,1,26,0.9005376344086021,0.7833333333333333,0.9118279569892472,0.9148745519713262,0.8134408602150538,0.9352988784830616,30,500,FM-Full_A-None_AdaBN-F
BI2015a,ShallowConvNet,1,35,0.8409822866344605,0.5461352657004831,0.7440908772666806,0.8160225442834138,0.5794685990338164,0.6858934864290882,30,500,FM-Full_A-None_AdaBN-F
BI2015a,ShallowConvNet,1,37,0.7817460317460317,0.5404761904761904,0.5872845804988662,0.834920634920635,0.6228571428571429,0.7759138321995465,30,500,FM-Full_A-None_AdaBN-F
BI2015a,ShallowConvNet,1,38,0.8438438438438438,0.6702702702702703,0.7914941968996023,0.8993993993993994,0.763063063063063,0.9074912750588428,30,500,FM-Full_A-None_AdaBN-F
BI2015a,ShallowConvNet,1,40,0.8683127572016461,0.662962962962963,0.8538484987044659,0.897119341563786,0.7629629629629631,0.9033245694253924,30,500,FM-Full_A-None_AdaBN-F
BI2015a,ShallowConvNet,2,4,0.7756944444444445,0.7520833333333333,0.8550208333333333,0.9118055555555556,0.8170833333333334,0.9354861111111112,30,500,FM-Full_A-None_AdaBN-F
BI2015a,ShallowConvNet,2,7,0.8169934640522876,0.5431372549019609,0.6747597078046905,0.8856209150326797,0.7411764705882353,0.8828911956939639,30,500,FM-Full_A-None_AdaBN-F
BI2015a,ShallowConvNet,2,14,0.6631054131054132,0.5329059829059829,0.5637263496237855,0.8632478632478633,0.6871794871794872,0.8096719994155893,30,500,FM-Full_A-None_AdaBN-F
BI2015a,ShallowConvNet,2,16,0.8753968253968254,0.6947619047619048,0.8722857142857143,0.8960317460317461,0.7719047619047619,0.9084217687074831,30,500,FM-Full_A-None_AdaBN-F
BI2015a,ShallowConvNet,2,18,0.6895061728395062,0.55,0.6143072702331962,0.85,0.6537037037037037,0.8076460905349795,30,500,FM-Full_A-None_AdaBN-F
BI2015a,ShallowConvNet,2,20,0.8604938271604938,0.6733333333333333,0.8252921810699588,0.8932098765432098,0.7581481481481482,0.8987901234567901,30,500,FM-Full_A-None_AdaBN-F
BI2015a,ShallowConvNet,2,28,0.8438888888888889,0.5863333333333334,0.8201066666666668,0.8561111111111112,0.6656666666666666,0.8153155555555556,30,500,FM-Full_A-None_AdaBN-F
BI2015a,ShallowConvNet,2,32,0.8888888888888888,0.7440860215053764,0.8815990287894554,0.8951612903225806,0.7478494623655914,0.8877500289050757,30,500,FM-Full_A-None_AdaBN-F
BI2015a,ShallowConvNet,2,41,0.7648148148148148,0.5877777777777778,0.6962798353909464,0.8839506172839506,0.7303703703703703,0.8655418381344308,30,500,FM-Full_A-None_AdaBN-F
BI2015a,ShallowConvNet,3,1,0.183817594834544,0.4968284148676306,0.5478491523807428,0.8363599677158999,0.6292559582755661,0.789959434578171,30,500,FM-Full_A-None_AdaBN-F
BI2015a,ShallowConvNet,3,6,0.8308080808080808,0.5378787878787878,0.728790748393021,0.8794191919191919,0.718560606060606,0.8741649449035813,30,500,FM-Full_A-None_AdaBN-F
BI2015a,ShallowConvNet,3,10,0.8745519713261649,0.6989247311827957,0.8581916984622501,0.9086021505376344,0.7817204301075269,0.9230489073881372,30,500,FM-Full_A-None_AdaBN-F
BI2015a,ShallowConvNet,3,12,0.831989247311828,0.5454301075268817,0.7384119551393225,0.8490143369175627,0.6502688172043011,0.8097670250896057,30,500,FM-Full_A-None_AdaBN-F
BI2015a,ShallowConvNet,3,17,0.8524691358024692,0.6537037037037037,0.8028449931412894,0.8660493827160494,0.6988888888888889,0.8657887517146777,30,500,FM-Full_A-None_AdaBN-F
BI2015a,ShallowConvNet,3,27,0.8287623066104078,0.5521097046413502,0.6723784471861703,0.8336849507735584,0.6141350210970464,0.7576100696113515,30,500,FM-Full_A-None_AdaBN-F
BI2015a,ShallowConvNet,3,30,0.8106995884773662,0.7925925925925925,0.8605319311080628,0.925925925925926,0.8469135802469137,0.935825331504344,30,500,FM-Full_A-None_AdaBN-F
BI2015a,ShallowConvNet,3,31,0.8062962962962963,0.5362222222222223,0.6124266666666667,0.8433333333333334,0.626,0.7524651851851851,30,500,FM-Full_A-None_AdaBN-F
BI2015a,ShallowConvNet,3,42,0.8357699805068226,0.577485380116959,0.7371789610478439,0.8430799220272904,0.6403508771929824,0.7841216100680551,30,500,FM-Full_A-None_AdaBN-F
BI2015a,ShallowConvNet,4,2,0.8670634920634921,0.6281746031746032,0.8829191861929957,0.9034391534391536,0.776984126984127,0.9159769463340892,30,500,FM-Full_A-None_AdaBN-F
BI2015a,ShallowConvNet,4,3,0.8524904214559387,0.6517241379310345,0.7958118641828511,0.9281609195402298,0.8350574712643678,0.9483419209935262,30,500,FM-Full_A-None_AdaBN-F
BI2015a,ShallowConvNet,4,22,0.8674242424242424,0.6643939393939394,0.8275998622589532,0.8832070707070707,0.7253787878787878,0.8602502295684114,30,500,FM-Full_A-None_AdaBN-F
BI2015a,ShallowConvNet,4,24,0.8688271604938271,0.6416666666666666,0.8910922496570646,0.8966049382716049,0.7601851851851852,0.9149391289437584,30,500,FM-Full_A-None_AdaBN-F
BI2015a,ShallowConvNet,4,33,0.8677248677248677,0.638095238095238,0.856516124968506,0.8974867724867724,0.7623015873015873,0.9018864953388762,30,500,FM-Full_A-None_AdaBN-F
BI2015a,ShallowConvNet,4,34,0.8611111111111112,0.6309523809523809,0.8321133786848074,0.8809523809523809,0.7095238095238096,0.8919909297052154,30,500,FM-Full_A-None_AdaBN-F
BI2015a,ShallowConvNet,4,36,0.8548611111111111,0.6545833333333333,0.7918680555555555,0.8895833333333333,0.74375,0.8975347222222222,30,500,FM-Full_A-None_AdaBN-F
BI2015a,ShallowConvNet,4,43,0.907088122605364,0.7718390804597701,0.9274408772625182,0.9281609195402298,0.8373563218390805,0.9500198176773682,30,500,FM-Full_A-None_AdaBN-F
BI2015a,ShallowConvNet,5,8,0.8412698412698413,0.7,0.802053413958176,0.8816137566137566,0.7384920634920635,0.8793241370622322,30,500,FM-Full_A-None_AdaBN-F
BI2015a,ShallowConvNet,5,11,0.8319444444444445,0.5325,0.6520520833333333,0.8638888888888889,0.6799999999999999,0.8319826388888888,30,500,FM-Full_A-None_AdaBN-F
BI2015a,ShallowConvNet,5,15,0.8611111111111112,0.7528571428571429,0.8650521541950111,0.8968253968253969,0.7628571428571429,0.9014965986394556,30,500,FM-Full_A-None_AdaBN-F
BI2015a,ShallowConvNet,5,19,0.8488888888888889,0.608,0.8116866666666668,0.8722222222222222,0.7086666666666667,0.8454911111111112,30,500,FM-Full_A-None_AdaBN-F
BI2015a,ShallowConvNet,5,21,0.8896825396825396,0.7395238095238095,0.8984172335600906,0.9103174603174604,0.8014285714285714,0.9335736961451248,30,500,FM-Full_A-None_AdaBN-F
BI2015a,ShallowConvNet,5,23,0.831140350877193,0.6267543859649123,0.7702677746999076,0.8625730994152047,0.6789473684210526,0.830024622960911,30,500,FM-Full_A-None_AdaBN-F
BI2015a,ShallowConvNet,5,29,0.8224400871459695,0.5562091503267974,0.6635097612029561,0.8507625272331155,0.6516339869281046,0.8102460592079969,30,500,FM-Full_A-None_AdaBN-F
BI2015a,ShallowConvNet,5,39,0.8327664399092971,0.4996598639455782,0.6925933638761628,0.8752834467120182,0.7006802721088435,0.8390948216021101,30,500,FM-Full_A-None_AdaBN-F
Lee2019_MI,ATCNet,1,4,0.635,0.635,0.7823000000000001,0.725,0.725,0.8106999999999999,15,200,FM-Full_A-None_AdaBN-F
Lee2019_MI,ATCNet,1,6,0.755,0.7549999999999999,0.8572499999999998,0.805,0.8049999999999999,0.9138,15,200,FM-Full_A-None_AdaBN-F
Lee2019_MI,ATCNet,1,13,0.55,0.55,0.6487,0.55,0.55,0.5974,15,200,FM-Full_A-None_AdaBN-F
Lee2019_MI,ATCNet,1,14,0.625,0.625,0.7121999999999999,0.625,0.625,0.6874,15,200,FM-Full_A-None_AdaBN-F
Lee2019_MI,ATCNet,1,18,0.845,0.845,0.945,0.845,0.845,0.9112,15,200,FM-Full_A-None_AdaBN-F
Lee2019_MI,ATCNet,1,20,0.765,0.765,0.8628,0.78,0.78,0.868,15,200,FM-Full_A-None_AdaBN-F
Lee2019_MI,ATCNet,1,33,0.95,0.95,0.9958,0.945,0.945,0.9944,15,200,FM-Full_A-None_AdaBN-F
Lee2019_MI,ATCNet,1,45,0.815,0.815,0.9011,0.86,0.8600000000000001,0.9445,15,200,FM-Full_A-None_AdaBN-F
Lee2019_MI,ATCNet,1,49,0.705,0.7050000000000001,0.7897000000000001,0.8,0.8,0.8854,15,200,FM-Full_A-None_AdaBN-F
Lee2019_MI,ATCNet,1,50,0.495,0.495,0.5455,0.545,0.545,0.5984999999999999,15,200,FM-Full_A-None_AdaBN-F
Lee2019_MI,ATCNet,1,53,0.665,0.665,0.7623,0.62,0.62,0.7127,15,200,FM-Full_A-None_AdaBN-F
Lee2019_MI,ATCNet,2,5,0.78,0.78,0.8717999999999999,0.88,0.88,0.9504,15,200,FM-Full_A-None_AdaBN-F
Lee2019_MI,ATCNet,2,7,0.58,0.5800000000000001,0.6229,0.67,0.6699999999999999,0.7028,15,200,FM-Full_A-None_AdaBN-F
Lee2019_MI,ATCNet,2,9,0.82,0.8200000000000001,0.8969,0.78,0.78,0.8574,15,200,FM-Full_A-None_AdaBN-F
Lee2019_MI,ATCNet,2,16,0.625,0.625,0.7905,0.77,0.77,0.8356,15,200,FM-Full_A-None_AdaBN-F
Lee2019_MI,ATCNet,2,25,0.69,0.69,0.7812,0.825,0.825,0.9149,15,200,FM-Full_A-None_AdaBN-F
Lee2019_MI,ATCNet,2,27,0.58,0.5800000000000001,0.6930999999999999,0.69,0.69,0.7467,15,200,FM-Full_A-None_AdaBN-F
Lee2019_MI,ATCNet,2,34,0.57,0.5700000000000001,0.5858,0.55,0.55,0.5659,15,200,FM-Full_A-None_AdaBN-F
Lee2019_MI,ATCNet,2,35,0.59,0.5900000000000001,0.7391999999999999,0.835,0.835,0.9586,15,200,FM-Full_A-None_AdaBN-F
Lee2019_MI,ATCNet,2,38,0.645,0.645,0.67,0.595,0.595,0.6500999999999999,15,200,FM-Full_A-None_AdaBN-F
Lee2019_MI,ATCNet,2,46,0.59,0.5900000000000001,0.7035,0.64,0.64,0.668,15,200,FM-Full_A-None_AdaBN-F
Lee2019_MI,ATCNet,2,51,0.625,0.625,0.6797,0.6,0.6,0.6313,15,200,FM-Full_A-None_AdaBN-F
Lee2019_MI,ATCNet,3,1,0.685,0.685,0.8785000000000001,0.795,0.7949999999999999,0.8787,15,200,FM-Full_A-None_AdaBN-F
Lee2019_MI,ATCNet,3,10,0.66,0.66,0.8044,0.71,0.71,0.8039000000000001,15,200,FM-Full_A-None_AdaBN-F
Lee2019_MI,ATCNet,3,12,0.725,0.7250000000000001,0.8036,0.755,0.755,0.8459999999999999,15,200,FM-Full_A-None_AdaBN-F
Lee2019_MI,ATCNet,3,17,0.675,0.675,0.7443,0.625,0.625,0.6884,15,200,FM-Full_A-None_AdaBN-F
Lee2019_MI,ATCNet,3,26,0.75,0.75,0.8374999999999999,0.76,0.76,0.8429,15,200,FM-Full_A-None_AdaBN-F
Lee2019_MI,ATCNet,3,28,0.955,0.955,0.9936,0.95,0.95,0.991,15,200,FM-Full_A-None_AdaBN-F
Lee2019_MI,ATCNet,3,31,0.69,0.69,0.7704,0.76,0.76,0.8423,15,200,FM-Full_A-None_AdaBN-F
Lee2019_MI,ATCNet,3,32,0.935,0.935,0.9905,0.96,0.96,0.9965,15,200,FM-Full_A-None_AdaBN-F
Lee2019_MI,ATCNet,3,37,0.92,0.92,0.9873,0.955,0.955,0.9949,15,200,FM-Full_A-None_AdaBN-F
Lee2019_MI,ATCNet,3,41,0.54,0.54,0.4995,0.565,0.565,0.5706,15,200,FM-Full_A-None_AdaBN-F
Lee2019_MI,ATCNet,3,48,0.63,0.63,0.6735000000000001,0.695,0.6950000000000001,0.7642,15,200,FM-Full_A-None_AdaBN-F
Lee2019_MI,ATCNet,4,2,0.615,0.615,0.7163999999999999,0.655,0.655,0.7298999999999999,15,200,FM-Full_A-None_AdaBN-F
Lee2019_MI,ATCNet,4,3,0.875,0.875,0.9289,0.875,0.875,0.9564,15,200,FM-Full_A-None_AdaBN-F
Lee2019_MI,ATCNet,4,11,0.465,0.4649999999999999,0.5085999999999999,0.51,0.51,0.5386,15,200,FM-Full_A-None_AdaBN-F
Lee2019_MI,ATCNet,4,22,0.66,0.66,0.7839999999999999,0.715,0.715,0.7874,15,200,FM-Full_A-None_AdaBN-F
Lee2019_MI,ATCNet,4,24,0.63,0.63,0.6822,0.655,0.655,0.6886,15,200,FM-Full_A-None_AdaBN-F
Lee2019_MI,ATCNet,4,30,0.65,0.6499999999999999,0.6973999999999999,0.68,0.6799999999999999,0.7341,15,200,FM-Full_A-None_AdaBN-F
Lee2019_MI,ATCNet,4,36,0.95,0.95,1.0,0.99,0.99,0.9991,15,200,FM-Full_A-None_AdaBN-F
Lee2019_MI,ATCNet,4,40,0.605,0.605,0.6768000000000001,0.745,0.745,0.8074,15,200,FM-Full_A-None_AdaBN-F
Lee2019_MI,ATCNet,4,42,0.62,0.62,0.7164,0.695,0.6950000000000001,0.7696000000000001,15,200,FM-Full_A-None_AdaBN-F
Lee2019_MI,ATCNet,4,44,0.9,0.9,0.9681,0.895,0.895,0.9733,15,200,FM-Full_A-None_AdaBN-F
Lee2019_MI,ATCNet,4,47,0.71,0.71,0.8593000000000001,0.73,0.73,0.7804,15,200,FM-Full_A-None_AdaBN-F
Lee2019_MI,ATCNet,5,8,0.705,0.7050000000000001,0.8196,0.75,0.75,0.8016000000000001,15,200,FM-Full_A-None_AdaBN-F
Lee2019_MI,ATCNet,5,15,0.6,0.6,0.779,0.715,0.715,0.8511,15,200,FM-Full_A-None_AdaBN-F
Lee2019_MI,ATCNet,5,19,0.775,0.7749999999999999,0.8645,0.71,0.71,0.8122000000000001,15,200,FM-Full_A-None_AdaBN-F
Lee2019_MI,ATCNet,5,21,0.81,0.81,0.9824,0.93,0.93,0.9628,15,200,FM-Full_A-None_AdaBN-F
Lee2019_MI,ATCNet,5,23,0.765,0.765,0.8497,0.765,0.765,0.8706,15,200,FM-Full_A-None_AdaBN-F
Lee2019_MI,ATCNet,5,29,0.715,0.715,0.8198,0.83,0.83,0.9013,15,200,FM-Full_A-None_AdaBN-F
Lee2019_MI,ATCNet,5,39,0.735,0.735,0.8651,0.75,0.75,0.835,15,200,FM-Full_A-None_AdaBN-F
Lee2019_MI,ATCNet,5,43,0.79,0.79,0.8861,0.74,0.74,0.8506,15,200,FM-Full_A-None_AdaBN-F
Lee2019_MI,ATCNet,5,52,0.725,0.7250000000000001,0.7768999999999999,0.805,0.8049999999999999,0.8560999999999999,15,200,FM-Full_A-None_AdaBN-F
Lee2019_MI,ATCNet,5,54,0.555,0.5549999999999999,0.6396999999999999,0.62,0.62,0.6789999999999999,15,200,FM-Full_A-None_AdaBN-F
BNCI2014_001,ShallowConvNet,1,2,0.2708333333333333,0.2708333333333333,0.519334329989712,0.4253472222222222,0.4253472222222222,0.6836098251028807,3,500,FM-Full_A-None_AdaBN-F
BNCI2014_001,ShallowConvNet,1,8,0.5173611111111112,0.5173611111111112,0.8524888278034979,0.7604166666666666,0.7604166666666666,0.923146942515432,3,500,FM-Full_A-None_AdaBN-F
BNCI2014_001,ShallowConvNet,2,1,0.3576388888888889,0.3576388888888889,0.710009162808642,0.6944444444444444,0.6944444444444444,0.9044737011316872,3,500,FM-Full_A-None_AdaBN-F
BNCI2014_001,ShallowConvNet,2,6,0.2569444444444444,0.2569444444444444,0.5675676761831275,0.4930555555555556,0.4930555555555554,0.7428385416666666,3,500,FM-Full_A-None_AdaBN-F
BNCI2014_001,ShallowConvNet,3,3,0.5625,0.5625,0.8794568222736625,0.7986111111111112,0.798611111111111,0.9523734889403292,3,500,FM-Full_A-None_AdaBN-F
BNCI2014_001,ShallowConvNet,3,9,0.3871527777777778,0.3871527777777778,0.7527649176954734,0.7447916666666666,0.7447916666666666,0.9219071502057612,3,500,FM-Full_A-None_AdaBN-F
BNCI2014_001,ShallowConvNet,4,4,0.4184027777777778,0.4184027777777777,0.6888422710905351,0.5329861111111112,0.532986111111111,0.8006124614197531,3,500,FM-Full_A-None_AdaBN-F
BNCI2014_001,ShallowConvNet,4,5,0.2934027777777778,0.2934027777777778,0.5919656635802469,0.4826388888888889,0.4826388888888888,0.7379878793724279,3,500,FM-Full_A-None_AdaBN-F
BNCI2014_001,ShallowConvNet,5,7,0.2864583333333333,0.2864583333333333,0.5549808706275721,0.6163194444444444,0.6163194444444444,0.8420219264403291,3,500,FM-Full_A-None_AdaBN-F
BNCI2014_001,EEGNetv4,1,2,0.3177083333333333,0.3177083333333333,0.5935852301954732,0.5225694444444444,0.5225694444444444,0.7473315329218106,3,500,FM-Full_A-None_AdaBN-F
BNCI2014_001,EEGNetv4,1,8,0.5,0.5,0.8722873263888888,0.7569444444444444,0.7569444444444444,0.940381462191358,3,500,FM-Full_A-None_AdaBN-F
BNCI2014_001,EEGNetv4,2,1,0.4930555555555556,0.4930555555555556,0.7552967463991771,0.75,0.75,0.926564911265432,3,500,FM-Full_A-None_AdaBN-F
BNCI2014_001,EEGNetv4,2,6,0.390625,0.390625,0.6870579346707818,0.5798611111111112,0.579861111111111,0.8019949202674898,3,500,FM-Full_A-None_AdaBN-F
BNCI2014_001,EEGNetv4,3,3,0.6267361111111112,0.6267361111111112,0.8998561278292182,0.8385416666666666,0.8385416666666666,0.9651250643004116,3,500,FM-Full_A-None_AdaBN-F
BNCI2014_001,EEGNetv4,3,9,0.3125,0.3125,0.7679960776748971,0.6979166666666666,0.6979166666666666,0.9027174961419754,3,500,FM-Full_A-None_AdaBN-F
BNCI2014_001,EEGNetv4,4,4,0.453125,0.4531249999999999,0.7482076260288065,0.6579861111111112,0.6579861111111112,0.867553208590535,3,500,FM-Full_A-None_AdaBN-F
BNCI2014_001,EEGNetv4,4,5,0.3072916666666667,0.3072916666666667,0.588991769547325,0.5451388888888888,0.5451388888888888,0.7843364197530864,3,500,FM-Full_A-None_AdaBN-F
BNCI2014_001,EEGNetv4,5,7,0.4583333333333333,0.4583333333333333,0.7204258294753086,0.5798611111111112,0.5798611111111112,0.8251752186213992,3,500,FM-Full_A-None_AdaBN-F
Huebner2017,ATCNet,1,1,0.8631906614785992,0.7118434840295211,0.958112358745882,0.9791439688715954,0.9702240613661844,0.995474682087368,12,6250,FM-Full_A-None_AdaBN-F
Huebner2017,ATCNet,1,10,0.933291770573566,0.86950942621955,0.9812079005839586,0.9868298004987532,0.9816466794275424,0.9982829512719928,12,6250,FM-Full_A-None_AdaBN-F
Huebner2017,ATCNet,1,12,0.789760348583878,0.5546143671143671,0.8986152093790983,0.9677871148459384,0.9557005494505496,0.99257123314663,12,6250,FM-Full_A-None_AdaBN-F
Huebner2017,ATCNet,2,3,0.909182879377432,0.8319956058163365,0.9572774275031044,0.9582101167315176,0.9410839883819732,0.9888469252560692,12,6250,FM-Full_A-None_AdaBN-F
Huebner2017,ATCNet,2,6,0.9206071220081729,0.943285264482768,0.992352267147825,0.9859894921190894,0.9808686924697624,0.9982262386466768,12,6250,FM-Full_A-None_AdaBN-F
Huebner2017,ATCNet,2,9,0.9414877061935886,0.93873371998372,0.9852149935235252,0.9792250233426704,0.9709630647130648,0.9975274960807368,12,6250,FM-Full_A-None_AdaBN-F
Huebner2017,ATCNet,3,2,0.8768285091814504,0.8862688237688238,0.9568225260189546,0.9605508870214752,0.9447878510378512,0.9893779152211692,12,6250,FM-Full_A-None_AdaBN-F
Huebner2017,ATCNet,3,5,0.8453937130407718,0.816837098087098,0.906734843945492,0.945066915655151,0.9195538258038258,0.9798990217723684,12,6250,FM-Full_A-None_AdaBN-F
Huebner2017,ATCNet,3,13,0.932067543381838,0.8890781586257062,0.9708817368517684,0.9800793712551552,0.970262963286012,0.9961156546616248,12,6250,FM-Full_A-None_AdaBN-F
Huebner2017,ATCNet,4,8,0.8313618677042801,0.6577239267487079,0.8821638204493639,0.92147859922179,0.8885659079087229,0.9630238605438332,12,6250,FM-Full_A-None_AdaBN-F
Huebner2017,ATCNet,4,11,0.8146159234181648,0.6549176477859984,0.8344647074107667,0.8845824577788155,0.836819828091828,0.9253748771461672,12,6250,FM-Full_A-None_AdaBN-F
Huebner2017,ATCNet,5,4,0.9515175097276264,0.9061474214830108,0.9893909986139784,0.986614785992218,0.9823199464330138,0.998267069226768,12,6250,FM-Full_A-None_AdaBN-F
Huebner2017,ATCNet,5,7,0.971444133208839,0.9475605413105412,0.9959005879971488,0.9941643323996264,0.9918345543345544,0.9994828376111444,12,6250,FM-Full_A-None_AdaBN-F
Huebner2018,ATCNet,1,1,0.92765599831921,0.8827480576670635,0.966115775690256,0.9820715736396106,0.9744729316307528,0.9958015925712717,6,14000,FM-Full_A-None_AdaBN-F
Huebner2018,ATCNet,1,10,0.8679271708683474,0.785794413919414,0.9063209706959708,0.9408963585434174,0.9239583333333334,0.9772497492586778,6,14000,FM-Full_A-None_AdaBN-F
Huebner2018,ATCNet,1,11,0.8122098748065832,0.6925902081608879,0.7993333825494701,0.9314249542833029,0.9031080127857474,0.9658017274314112,6,14000,FM-Full_A-None_AdaBN-F
Huebner2018,ATCNet,2,3,0.96890756302521,0.959065934065934,0.992799635879993,0.9836834733893556,0.9765567765567766,0.9968660741540206,6,14000,FM-Full_A-None_AdaBN-F
Huebner2018,ATCNet,2,6,0.8364145658263306,0.6637133699633699,0.909553176238444,0.9836134453781512,0.9748626373626376,0.9970823930533752,6,14000,FM-Full_A-None_AdaBN-F
Huebner2018,ATCNet,2,9,0.7822676658029274,0.5676384191601359,0.7712030607416518,0.9569997899012536,0.9344884163254092,0.9841087264881224,6,14000,FM-Full_A-None_AdaBN-F
Huebner2018,ATCNet,3,2,0.963515406162465,0.9388507326007328,0.9820652636054422,0.9865546218487397,0.9810096153846154,0.9970679481728588,6,14000,FM-Full_A-None_AdaBN-F
Huebner2018,ATCNet,3,12,0.8283613445378152,0.7893887362637363,0.8768050786019536,0.9413865546218488,0.9174793956043956,0.975210186638758,6,14000,FM-Full_A-None_AdaBN-F
Huebner2018,ATCNet,4,5,0.8116155247302789,0.6301322514987303,0.8496834832063667,0.9365279529213956,0.911218143799576,0.9722960406904196,6,14000,FM-Full_A-None_AdaBN-F
Huebner2018,ATCNet,4,8,0.7611344537815126,0.5774038461538462,0.6900217899659864,0.9350140056022408,0.9116643772893772,0.9722856297967906,6,14000,FM-Full_A-None_AdaBN-F
Huebner2018,ATCNet,5,4,0.9342436974789916,0.8716002747252747,0.9777668214721786,0.965406162464986,0.9493589743589744,0.9891953929007502,6,14000,FM-Full_A-None_AdaBN-F
Huebner2018,ATCNet,5,7,0.8686606892687028,0.7449823544294962,0.9182099861060216,0.9483748949285514,0.9260701853112075,0.979917707624457,6,14000,FM-Full_A-None_AdaBN-F
Huebner2018,ATCNet,1,1,0.9346592898662373,0.896907885555541,0.972519532357315,0.980320750752854,0.9709587291047932,0.9948351006764096,6,7000,FM-Full_A-None_AdaBN-F
Huebner2018,ATCNet,1,10,0.8854341736694678,0.8148580586080586,0.9235090294130472,0.9415266106442576,0.9224130036630036,0.977176121249782,6,7000,FM-Full_A-None_AdaBN-F
Huebner2018,ATCNet,1,11,0.8322548881699254,0.7388133027093484,0.8491049193178424,0.9264312842875227,0.8983941654407313,0.9638591472658168,6,7000,FM-Full_A-None_AdaBN-F
Huebner2018,ATCNet,2,3,0.9383053221288516,0.8970238095238094,0.9125737779085992,0.9842436974789917,0.9760989010989012,0.9960573107448106,6,7000,FM-Full_A-None_AdaBN-F
Huebner2018,ATCNet,2,6,0.8401960784313726,0.6709249084249085,0.8506701061834991,0.9826330532212884,0.9750457875457876,0.9968262962236176,6,7000,FM-Full_A-None_AdaBN-F
Huebner2018,ATCNet,2,9,0.7931928006162896,0.5858048334270974,0.8070727657992403,0.9582603823797184,0.9389182900928482,0.9832640596993444,6,7000,FM-Full_A-None_AdaBN-F
Huebner2018,ATCNet,3,2,0.9612044817927172,0.9460966117216116,0.980841836734694,0.9855742296918768,0.979544413919414,0.997344513125763,6,7000,FM-Full_A-None_AdaBN-F
Huebner2018,ATCNet,3,12,0.8314425770308124,0.8023237179487179,0.882819613422292,0.9387955182072828,0.9149610805860806,0.9727709777821384,6,7000,FM-Full_A-None_AdaBN-F
Huebner2018,ATCNet,4,5,0.838097239736584,0.6970939193434383,0.868824909247188,0.9372285273924618,0.9109552933322862,0.973352296526087,6,7000,FM-Full_A-None_AdaBN-F
Huebner2018,ATCNet,4,8,0.7877450980392157,0.6104624542124542,0.7685170149790685,0.9341036414565826,0.9110691391941392,0.9703110827664398,6,7000,FM-Full_A-None_AdaBN-F
Huebner2018,ATCNet,5,4,0.9163865546218488,0.8303571428571428,0.9719920989229024,0.9647058823529412,0.9492101648351648,0.9885249051543696,6,7000,FM-Full_A-None_AdaBN-F
Huebner2018,ATCNet,5,7,0.8786074530680863,0.7701305096058211,0.9232282314950532,0.9459932754272904,0.9234827862988362,0.978764747356436,6,7000,FM-Full_A-None_AdaBN-F
BNCI2014_001,DeepConvNet,1,2,0.2829861111111111,0.2829861111111111,0.5773373199588478,0.4097222222222222,0.4097222222222222,0.7150125385802468,5,300,FM-Full_A-None_AdaBN-F
BNCI2014_001,DeepConvNet,1,8,0.5920138888888888,0.5920138888888888,0.8391002764917697,0.6145833333333334,0.6145833333333334,0.8866383744855967,5,300,FM-Full_A-None_AdaBN-F
BNCI2014_001,DeepConvNet,2,1,0.5017361111111112,0.5017361111111112,0.8216186021090535,0.6059027777777778,0.6059027777777778,0.8867388438786008,5,300,FM-Full_A-None_AdaBN-F
BNCI2014_001,DeepConvNet,2,6,0.390625,0.390625,0.6901805234053497,0.4756944444444444,0.4756944444444444,0.7667582947530864,5,300,FM-Full_A-None_AdaBN-F
BNCI2014_001,DeepConvNet,3,3,0.5243055555555556,0.5243055555555556,0.8674929269547326,0.7204861111111112,0.7204861111111112,0.924583654835391,5,300,FM-Full_A-None_AdaBN-F
BNCI2014_001,DeepConvNet,3,9,0.4305555555555556,0.4305555555555556,0.7899265367798354,0.6805555555555556,0.6805555555555556,0.9116431970164608,5,300,FM-Full_A-None_AdaBN-F
BNCI2014_001,DeepConvNet,4,4,0.3767361111111111,0.3767361111111111,0.7181069958847736,0.5086805555555556,0.5086805555555556,0.7929325810185186,5,300,FM-Full_A-None_AdaBN-F
BNCI2014_001,DeepConvNet,4,5,0.2552083333333333,0.2552083333333333,0.5954539609053497,0.4600694444444444,0.4600694444444444,0.7542357896090535,5,300,FM-Full_A-None_AdaBN-F
BNCI2014_001,DeepConvNet,5,7,0.3715277777777778,0.3715277777777778,0.6481963734567902,0.4496527777777778,0.4496527777777778,0.7822667502572016,5,300,FM-Full_A-None_AdaBN-F
Yang2025,EEGNetv4,1,4,0.5783333333333334,0.5783333333333334,0.61005,0.5466666666666666,0.5466666666666666,0.5800944444444444,30,150,FM-Full_A-None_AdaBN-F
Yang2025,EEGNetv4,1,13,0.7316666666666667,0.7316666666666667,0.8196444444444444,0.7933333333333333,0.7933333333333333,0.8710055555555556,30,150,FM-Full_A-None_AdaBN-F
Yang2025,EEGNetv4,1,14,0.5483333333333333,0.5483333333333333,0.5641777777777778,0.5883333333333334,0.5883333333333334,0.6006166666666667,30,150,FM-Full_A-None_AdaBN-F
Yang2025,EEGNetv4,1,18,0.7116666666666667,0.7116666666666667,0.7574944444444445,0.7033333333333334,0.7033333333333334,0.7636222222222223,30,150,FM-Full_A-None_AdaBN-F
Yang2025,EEGNetv4,1,25,0.925,0.925,0.9473666666666668,0.95,0.95,0.9887166666666668,30,150,FM-Full_A-None_AdaBN-F
Yang2025,EEGNetv4,1,31,0.7083333333333334,0.7083333333333333,0.798188888888889,0.8083333333333333,0.8083333333333333,0.8724500000000001,30,150,FM-Full_A-None_AdaBN-F
Yang2025,EEGNetv4,1,32,0.5358931552587646,0.5359866220735786,0.5670624303232998,0.5926544240400667,0.5926421404682274,0.6218115942028986,30,150,FM-Full_A-None_AdaBN-F
Yang2025,EEGNetv4,1,33,0.9133333333333332,0.9133333333333332,0.9749222222222222,0.955,0.955,0.9894111111111112,30,150,FM-Full_A-None_AdaBN-F
Yang2025,EEGNetv4,1,41,0.8316666666666667,0.8316666666666667,0.9084333333333332,0.8616666666666667,0.8616666666666667,0.9474444444444444,30,150,FM-Full_A-None_AdaBN-F
Yang2025,EEGNetv4,1,44,0.6966666666666667,0.6966666666666667,0.7866111111111113,0.7016666666666667,0.7016666666666667,0.7980388888888889,30,150,FM-Full_A-None_AdaBN-F
Yang2025,EEGNetv4,1,47,0.89,0.89,0.9533833333333334,0.92,0.92,0.9720888888888888,30,150,FM-Full_A-None_AdaBN-F
Yang2025,EEGNetv4,2,5,0.8383333333333334,0.8383333333333334,0.9200777777777778,0.895,0.895,0.9526,30,150,FM-Full_A-None_AdaBN-F
Yang2025,EEGNetv4,2,7,0.745,0.745,0.8226444444444444,0.82,0.8200000000000001,0.8786333333333334,30,150,FM-Full_A-None_AdaBN-F
Yang2025,EEGNetv4,2,9,0.6683333333333333,0.6683333333333333,0.7526777777777778,0.705,0.7050000000000001,0.7677722222222223,30,150,FM-Full_A-None_AdaBN-F
Yang2025,EEGNetv4,2,16,0.5783333333333334,0.5783333333333334,0.5737777777777777,0.5983333333333334,0.5983333333333334,0.6354166666666666,30,150,FM-Full_A-None_AdaBN-F
Yang2025,EEGNetv4,2,20,0.7333333333333333,0.7333333333333334,0.8235277777777779,0.8883333333333333,0.8883333333333333,0.9431055555555556,30,150,FM-Full_A-None_AdaBN-F
Yang2025,EEGNetv4,2,34,0.5916666666666667,0.5916666666666667,0.6183166666666666,0.7933333333333333,0.7933333333333333,0.8622666666666668,30,150,FM-Full_A-None_AdaBN-F
Yang2025,EEGNetv4,2,37,0.7966666666666666,0.7966666666666666,0.8770666666666667,0.9,0.9,0.9546444444444444,30,150,FM-Full_A-None_AdaBN-F
Yang2025,EEGNetv4,2,48,0.8116666666666666,0.8116666666666666,0.8828444444444444,0.8566666666666667,0.8566666666666667,0.9352833333333332,30,150,FM-Full_A-None_AdaBN-F
Yang2025,EEGNetv4,2,49,0.8933333333333333,0.8933333333333333,0.9663777777777778,0.9466666666666668,0.9466666666666668,0.9885444444444444,30,150,FM-Full_A-None_AdaBN-F
Yang2025,EEGNetv4,2,50,0.915,0.915,0.9701444444444444,0.9433333333333334,0.9433333333333334,0.9868,30,150,FM-Full_A-None_AdaBN-F
Yang2025,EEGNetv4,3,1,0.8683333333333333,0.8683333333333334,0.9399111111111113,0.9216666666666666,0.9216666666666666,0.9803833333333334,30,150,FM-Full_A-None_AdaBN-F
Yang2025,EEGNetv4,3,10,0.78,0.78,0.8436666666666666,0.8316666666666667,0.8316666666666667,0.9257666666666666,30,150,FM-Full_A-None_AdaBN-F
Yang2025,EEGNetv4,3,12,0.6066666666666667,0.6066666666666667,0.6521555555555556,0.59,0.5900000000000001,0.6209777777777779,30,150,FM-Full_A-None_AdaBN-F
Yang2025,EEGNetv4,3,17,0.77,0.77,0.8381555555555555,0.7983333333333333,0.7983333333333333,0.8826111111111111,30,150,FM-Full_A-None_AdaBN-F
Yang2025,EEGNetv4,3,26,0.7479131886477463,0.7477647714604236,0.8213712374581941,0.8814691151919867,0.8814548494983278,0.9456521739130436,30,150,FM-Full_A-None_AdaBN-F
Yang2025,EEGNetv4,3,27,0.6033333333333334,0.6033333333333333,0.6326666666666667,0.6916666666666667,0.6916666666666667,0.7523666666666666,30,150,FM-Full_A-None_AdaBN-F
Yang2025,EEGNetv4,3,28,0.715,0.7150000000000001,0.8166444444444445,0.8516666666666667,0.8516666666666667,0.9271,30,150,FM-Full_A-None_AdaBN-F
Yang2025,EEGNetv4,3,35,0.92,0.92,0.9766111111111112,0.9566666666666668,0.9566666666666668,0.9852,30,150,FM-Full_A-None_AdaBN-F
Yang2025,EEGNetv4,3,45,0.8416666666666667,0.8416666666666667,0.9104222222222222,0.8783333333333333,0.8783333333333334,0.9438666666666666,30,150,FM-Full_A-None_AdaBN-F
Yang2025,EEGNetv4,3,46,0.9216666666666666,0.9216666666666666,0.9878222222222222,0.9883333333333332,0.9883333333333332,0.9985,30,150,FM-Full_A-None_AdaBN-F
Yang2025,EEGNetv4,4,2,0.6583333333333333,0.6583333333333333,0.7269111111111111,0.6583333333333333,0.6583333333333333,0.7134944444444444,30,150,FM-Full_A-None_AdaBN-F
Yang2025,EEGNetv4,4,3,0.9066666666666666,0.9066666666666668,0.9596111111111112,0.945,0.945,0.973922222222222,30,150,FM-Full_A-None_AdaBN-F
Yang2025,EEGNetv4,4,6,0.83,0.8300000000000001,0.9446944444444444,0.9716666666666668,0.9716666666666668,0.9926666666666668,30,150,FM-Full_A-None_AdaBN-F
Yang2025,EEGNetv4,4,22,0.715,0.7150000000000001,0.8075111111111112,0.83,0.8300000000000001,0.9163888888888888,30,150,FM-Full_A-None_AdaBN-F
Yang2025,EEGNetv4,4,24,0.9124579124579124,0.9123548884454924,0.9723154362416108,0.9713804713804712,0.9713744785053512,0.9934586432069652,30,150,FM-Full_A-None_AdaBN-F
Yang2025,EEGNetv4,4,30,0.8866666666666667,0.8866666666666667,0.9548111111111112,0.8016666666666666,0.8016666666666666,0.9319277777777778,30,150,FM-Full_A-None_AdaBN-F
Yang2025,EEGNetv4,4,36,0.8533333333333334,0.8533333333333333,0.9632777777777778,0.9216666666666666,0.9216666666666666,0.9772444444444444,30,150,FM-Full_A-None_AdaBN-F
Yang2025,EEGNetv4,4,38,0.565,0.565,0.5876999999999999,0.6733333333333333,0.6733333333333333,0.7349555555555555,30,150,FM-Full_A-None_AdaBN-F
Yang2025,EEGNetv4,4,40,0.755,0.755,0.8842888888888889,0.83,0.8300000000000001,0.9127666666666668,30,150,FM-Full_A-None_AdaBN-F
Yang2025,EEGNetv4,4,42,0.7433333333333333,0.7433333333333334,0.8466000000000001,0.78,0.78,0.854927777777778,30,150,FM-Full_A-None_AdaBN-F
Yang2025,EEGNetv4,5,8,0.8783333333333333,0.8783333333333334,0.9462666666666668,0.9066666666666666,0.9066666666666666,0.9657,30,150,FM-Full_A-None_AdaBN-F
Yang2025,EEGNetv4,5,11,0.8183333333333334,0.8183333333333334,0.9079111111111112,0.8883333333333333,0.8883333333333333,0.956922222222222,30,150,FM-Full_A-None_AdaBN-F
Yang2025,EEGNetv4,5,15,0.75,0.75,0.8247444444444444,0.8166666666666667,0.8166666666666667,0.8774277777777777,30,150,FM-Full_A-None_AdaBN-F
Yang2025,EEGNetv4,5,19,0.83,0.8300000000000001,0.9056777777777778,0.8533333333333334,0.8533333333333333,0.9331611111111112,30,150,FM-Full_A-None_AdaBN-F
Yang2025,EEGNetv4,5,21,0.8216666666666667,0.8216666666666668,0.9063222222222224,0.8966666666666666,0.8966666666666667,0.955388888888889,30,150,FM-Full_A-None_AdaBN-F
Yang2025,EEGNetv4,5,23,0.9031719532554258,0.9031828316610924,0.9512820512820512,0.9482470784641068,0.9482385730211818,0.9792307692307692,30,150,FM-Full_A-None_AdaBN-F
Yang2025,EEGNetv4,5,29,0.7116666666666667,0.7116666666666667,0.787638888888889,0.825,0.825,0.9001666666666667,30,150,FM-Full_A-None_AdaBN-F
Yang2025,EEGNetv4,5,39,0.705,0.7050000000000001,0.7718222222222223,0.7366666666666667,0.7366666666666667,0.8218777777777778,30,150,FM-Full_A-None_AdaBN-F
Yang2025,EEGNetv4,5,43,0.97,0.97,0.9980888888888888,0.9916666666666668,0.9916666666666668,0.9995666666666668,30,150,FM-Full_A-None_AdaBN-F
Yang2025,EEGNetv4,5,51,0.8116666666666666,0.8116666666666666,0.911,0.8783333333333333,0.8783333333333333,0.9594888888888888,30,150,FM-Full_A-None_AdaBN-F
Huebner2018,EEGNetv4,1,1,0.9394915610336858,0.9084119561140692,0.9753085490996471,0.977239302472162,0.9657503412574848,0.9938735968102784,6,14000,FM-Full_A-None_AdaBN-F
Huebner2018,EEGNetv4,1,10,0.884593837535014,0.8095695970695971,0.920245276796616,0.9420868347338937,0.918349358974359,0.9768283811922204,6,14000,FM-Full_A-None_AdaBN-F
Huebner2018,EEGNetv4,1,11,0.8364045576030384,0.7266236891563791,0.8467224871141019,0.9241806161204108,0.8893677609833439,0.960900240128006,6,14000,FM-Full_A-None_AdaBN-F
Huebner2018,EEGNetv4,2,3,0.9566526610644258,0.9561011904761904,0.9899432834031048,0.9829831932773108,0.9752747252747254,0.9957969349598814,6,14000,FM-Full_A-None_AdaBN-F
Huebner2018,EEGNetv4,2,6,0.8771708683473389,0.758459249084249,0.9373325484039772,0.9801820728291316,0.97014652014652,0.9967608990711668,6,14000,FM-Full_A-None_AdaBN-F
Huebner2018,EEGNetv4,2,9,0.8179144197772953,0.6399828798860876,0.849583349687526,0.9527978149730372,0.9284443428667372,0.9798595665484804,6,14000,FM-Full_A-None_AdaBN-F
Huebner2018,EEGNetv4,3,2,0.9684173669467788,0.9533882783882784,0.9800251013867084,0.9859943977591036,0.9795100732600732,0.9961251335470084,6,14000,FM-Full_A-None_AdaBN-F
Huebner2018,EEGNetv4,3,12,0.8628151260504202,0.8247939560439561,0.9048013965201464,0.9375350140056022,0.9106341575091575,0.9716582450287808,6,14000,FM-Full_A-None_AdaBN-F
Huebner2018,EEGNetv4,4,5,0.8265377609639905,0.6604897215895704,0.8693405204761032,0.9335154826958104,0.9020384205083902,0.9696301495676152,6,14000,FM-Full_A-None_AdaBN-F
Huebner2018,EEGNetv4,4,8,0.7862745098039216,0.5784913003663004,0.7828430250305249,0.9324929971988796,0.9013621794871796,0.9676872247296354,6,14000,FM-Full_A-None_AdaBN-F
Huebner2018,EEGNetv4,5,4,0.9286414565826332,0.8594894688644689,0.9763700696624804,0.9626050420168067,0.9456730769230768,0.986283373124891,6,14000,FM-Full_A-None_AdaBN-F
Huebner2018,EEGNetv4,5,7,0.866629307929392,0.7292333010521908,0.9294266062049592,0.941720369851499,0.9151264417456246,0.9762411472238216,6,14000,FM-Full_A-None_AdaBN-F
Lee2019_MI,DeepConvNet,1,4,0.665,0.665,0.7653000000000001,0.695,0.6950000000000001,0.7988000000000001,50,60,FM-Full_A-None_AdaBN-F
Lee2019_MI,DeepConvNet,1,6,0.905,0.905,0.9694,0.9,0.9,0.9741,50,60,FM-Full_A-None_AdaBN-F
Lee2019_MI,DeepConvNet,1,13,0.675,0.675,0.7568,0.715,0.7150000000000001,0.7628,50,60,FM-Full_A-None_AdaBN-F
Lee2019_MI,DeepConvNet,1,14,0.64,0.64,0.685,0.61,0.61,0.6704,50,60,FM-Full_A-None_AdaBN-F
Lee2019_MI,DeepConvNet,1,18,0.795,0.7949999999999999,0.8875,0.855,0.855,0.9378,50,60,FM-Full_A-None_AdaBN-F
Lee2019_MI,DeepConvNet,1,20,0.815,0.815,0.894,0.8,0.8,0.8632,50,60,FM-Full_A-None_AdaBN-F
Lee2019_MI,DeepConvNet,1,33,0.795,0.795,0.9071,0.88,0.88,0.9385,50,60,FM-Full_A-None_AdaBN-F
Lee2019_MI,DeepConvNet,1,45,0.825,0.825,0.9,0.825,0.825,0.9164,50,60,FM-Full_A-None_AdaBN-F
Lee2019_MI,DeepConvNet,1,49,0.765,0.765,0.8983000000000001,0.84,0.8400000000000001,0.9478,50,60,FM-Full_A-None_AdaBN-F
Lee2019_MI,DeepConvNet,1,50,0.575,0.5750000000000001,0.6988,0.675,0.675,0.7182999999999999,50,60,FM-Full_A-None_AdaBN-F
Lee2019_MI,DeepConvNet,1,53,0.8,0.8,0.8579999999999999,0.815,0.815,0.8701,50,60,FM-Full_A-None_AdaBN-F
Lee2019_MI,DeepConvNet,2,5,0.57,0.57,0.8215,0.74,0.74,0.8825,50,60,FM-Full_A-None_AdaBN-F
Lee2019_MI,DeepConvNet,2,7,0.625,0.625,0.7845,0.74,0.74,0.8563999999999999,50,60,FM-Full_A-None_AdaBN-F
Lee2019_MI,DeepConvNet,2,9,0.79,0.79,0.9004,0.745,0.745,0.847,50,60,FM-Full_A-None_AdaBN-F
Lee2019_MI,DeepConvNet,2,16,0.675,0.675,0.8902,0.795,0.795,0.9144,50,60,FM-Full_A-None_AdaBN-F
Lee2019_MI,DeepConvNet,2,25,0.775,0.7749999999999999,0.9446,0.845,0.845,0.9553,50,60,FM-Full_A-None_AdaBN-F
Lee2019_MI,DeepConvNet,2,27,0.84,0.84,0.948,0.87,0.87,0.959,50,60,FM-Full_A-None_AdaBN-F
Lee2019_MI,DeepConvNet,2,34,0.585,0.585,0.6694,0.665,0.665,0.7339,50,60,FM-Full_A-None_AdaBN-F
Lee2019_MI,DeepConvNet,2,35,0.67,0.67,0.9532,0.905,0.905,0.9879,50,60,FM-Full_A-None_AdaBN-F
Lee2019_MI,DeepConvNet,2,38,0.545,0.545,0.8098000000000002,0.735,0.7350000000000001,0.8413999999999999,50,60,FM-Full_A-None_AdaBN-F
Lee2019_MI,DeepConvNet,2,46,0.65,0.65,0.6983,0.58,0.58,0.6867,50,60,FM-Full_A-None_AdaBN-F
Lee2019_MI,DeepConvNet,2,51,0.685,0.685,0.7909999999999999,0.735,0.7350000000000001,0.8017,50,60,FM-Full_A-None_AdaBN-F
Lee2019_MI,DeepConvNet,3,1,0.66,0.6599999999999999,0.6907000000000001,0.65,0.6499999999999999,0.6422000000000001,50,60,FM-Full_A-None_AdaBN-F
Lee2019_MI,DeepConvNet,3,10,0.66,0.6599999999999999,0.7560000000000001,0.71,0.71,0.8038000000000001,50,60,FM-Full_A-None_AdaBN-F
Lee2019_MI,DeepConvNet,3,12,0.735,0.735,0.8368,0.76,0.76,0.8174,50,60,FM-Full_A-None_AdaBN-F
Lee2019_MI,DeepConvNet,3,17,0.64,0.64,0.692,0.62,0.62,0.6702,50,60,FM-Full_A-None_AdaBN-F
Lee2019_MI,DeepConvNet,3,26,0.84,0.8400000000000001,0.9154,0.85,0.85,0.9208,50,60,FM-Full_A-None_AdaBN-F
Lee2019_MI,DeepConvNet,3,28,0.765,0.765,0.878,0.85,0.8500000000000001,0.939,50,60,FM-Full_A-None_AdaBN-F
Lee2019_MI,DeepConvNet,3,31,0.83,0.8300000000000001,0.9095,0.825,0.825,0.9215,50,60,FM-Full_A-None_AdaBN-F
Lee2019_MI,DeepConvNet,3,32,0.735,0.735,0.7914,0.845,0.845,0.94,50,60,FM-Full_A-None_AdaBN-F
Lee2019_MI,DeepConvNet,3,37,0.72,0.72,0.8035000000000001,0.775,0.7749999999999999,0.876,50,60,FM-Full_A-None_AdaBN-F
Lee2019_MI,DeepConvNet,3,41,0.73,0.73,0.8181,0.73,0.73,0.798,50,60,FM-Full_A-None_AdaBN-F
Lee2019_MI,DeepConvNet,3,48,0.715,0.7150000000000001,0.7725,0.67,0.6699999999999999,0.7261,50,60,FM-Full_A-None_AdaBN-F
Lee2019_MI,DeepConvNet,4,2,0.725,0.725,0.8215,0.755,0.755,0.8302,50,60,FM-Full_A-None_AdaBN-F
Lee2019_MI,DeepConvNet,4,3,0.785,0.785,0.8835000000000001,0.84,0.84,0.9322,50,60,FM-Full_A-None_AdaBN-F
Lee2019_MI,DeepConvNet,4,11,0.58,0.5800000000000001,0.6587000000000001,0.685,0.685,0.7751,50,60,FM-Full_A-None_AdaBN-F
Lee2019_MI,DeepConvNet,4,22,0.64,0.64,0.7084999999999999,0.635,0.635,0.7019000000000001,50,60,FM-Full_A-None_AdaBN-F
Lee2019_MI,DeepConvNet,4,24,0.7,0.7,0.7841,0.77,0.77,0.8502000000000001,50,60,FM-Full_A-None_AdaBN-F
Lee2019_MI,DeepConvNet,4,30,0.645,0.645,0.7343000000000001,0.69,0.69,0.8393,50,60,FM-Full_A-None_AdaBN-F
Lee2019_MI,DeepConvNet,4,36,0.905,0.905,0.9857,0.96,0.96,0.9926,50,60,FM-Full_A-None_AdaBN-F
Lee2019_MI,DeepConvNet,4,40,0.81,0.81,0.9123,0.85,0.8500000000000001,0.9369,50,60,FM-Full_A-None_AdaBN-F
Lee2019_MI,DeepConvNet,4,42,0.62,0.62,0.7189,0.655,0.655,0.7341,50,60,FM-Full_A-None_AdaBN-F
Lee2019_MI,DeepConvNet,4,44,0.735,0.7350000000000001,0.8140000000000001,0.74,0.74,0.8711,50,60,FM-Full_A-None_AdaBN-F
Lee2019_MI,DeepConvNet,4,47,0.73,0.73,0.8493,0.81,0.81,0.9063,50,60,FM-Full_A-None_AdaBN-F
Lee2019_MI,DeepConvNet,5,8,0.68,0.6799999999999999,0.7575,0.74,0.74,0.8080999999999999,50,60,FM-Full_A-None_AdaBN-F
Lee2019_MI,DeepConvNet,5,15,0.815,0.815,0.8973,0.85,0.8500000000000001,0.9299,50,60,FM-Full_A-None_AdaBN-F
Lee2019_MI,DeepConvNet,5,19,0.755,0.755,0.8552,0.795,0.795,0.8861,50,60,FM-Full_A-None_AdaBN-F
Lee2019_MI,DeepConvNet,5,21,0.895,0.895,0.9634,0.93,0.93,0.9777,50,60,FM-Full_A-None_AdaBN-F
Lee2019_MI,DeepConvNet,5,23,0.685,0.685,0.7412,0.645,0.645,0.7163999999999999,50,60,FM-Full_A-None_AdaBN-F
Lee2019_MI,DeepConvNet,5,29,0.71,0.71,0.7712,0.79,0.79,0.8915999999999998,50,60,FM-Full_A-None_AdaBN-F
Lee2019_MI,DeepConvNet,5,39,0.74,0.74,0.8077,0.725,0.725,0.8138,50,60,FM-Full_A-None_AdaBN-F
Lee2019_MI,DeepConvNet,5,43,0.76,0.76,0.8808,0.86,0.86,0.9103,50,60,FM-Full_A-None_AdaBN-F
Lee2019_MI,DeepConvNet,5,52,0.79,0.79,0.8293,0.79,0.79,0.8607,50,60,FM-Full_A-None_AdaBN-F
Lee2019_MI,DeepConvNet,5,54,0.68,0.6799999999999999,0.7799,0.7,0.7,0.7833999999999999,50,60,FM-Full_A-None_AdaBN-F
BNCI2014_001,ATCNet,1,2,0.3298611111111111,0.3298611111111111,0.6207642103909465,0.5572916666666666,0.5572916666666667,0.7914014274691358,8,375,FM-Full_A-None_AdaBN-F
BNCI2014_001,ATCNet,1,8,0.5954861111111112,0.5954861111111112,0.8835318608539094,0.7986111111111112,0.7986111111111112,0.9540935249485596,8,375,FM-Full_A-None_AdaBN-F
BNCI2014_001,ATCNet,2,1,0.6145833333333334,0.6145833333333333,0.868577996399177,0.7534722222222222,0.7534722222222222,0.9347471386316872,8,375,FM-Full_A-None_AdaBN-F
BNCI2014_001,ATCNet,2,6,0.3315972222222222,0.3315972222222222,0.6783934542181069,0.5868055555555556,0.5868055555555556,0.8256494341563785,8,375,FM-Full_A-None_AdaBN-F
BNCI2014_001,ATCNet,3,3,0.6527777777777778,0.6527777777777778,0.9270793145576132,0.8871527777777778,0.8871527777777777,0.982964409722222,8,375,FM-Full_A-None_AdaBN-F
BNCI2014_001,ATCNet,3,9,0.5434027777777778,0.5434027777777778,0.8516026877572016,0.8107638888888888,0.8107638888888888,0.952200681584362,8,375,FM-Full_A-None_AdaBN-F
BNCI2014_001,ATCNet,4,4,0.4027777777777778,0.4027777777777778,0.7441004372427984,0.6805555555555556,0.6805555555555556,0.8903034979423868,8,375,FM-Full_A-None_AdaBN-F
BNCI2014_001,ATCNet,4,5,0.3506944444444444,0.3506944444444444,0.647119341563786,0.6197916666666666,0.6197916666666667,0.840940875771605,8,375,FM-Full_A-None_AdaBN-F
BNCI2014_001,ATCNet,5,7,0.4548611111111111,0.4548611111111111,0.7596772119341563,0.7690972222222222,0.7690972222222222,0.944769965277778,8,375,FM-Full_A-None_AdaBN-F
MAMEM2,DeepConvNet,1,2,0.216,0.212,0.5651540852130326,0.296,0.2813333333333333,0.5616282706766917,3,100,FM-Full_A-None_AdaBN-F
MAMEM2,DeepConvNet,1,9,0.272,0.264,0.5511039598997494,0.184,0.184,0.4817062656641603,3,100,FM-Full_A-None_AdaBN-F
MAMEM2,DeepConvNet,2,1,0.2,0.2,0.4701700250626566,0.184,0.1813333333333333,0.5024142355889725,3,100,FM-Full_A-None_AdaBN-F
MAMEM2,DeepConvNet,2,6,0.184,0.1866666666666666,0.4984425062656641,0.144,0.1493333333333333,0.4905547869674185,3,100,FM-Full_A-None_AdaBN-F
MAMEM2,DeepConvNet,3,3,0.168,0.1639999999999999,0.4521289223057644,0.192,0.188,0.467755588972431,3,100,FM-Full_A-None_AdaBN-F
MAMEM2,DeepConvNet,3,8,0.2,0.1893333333333333,0.4625092731829573,0.184,0.1933333333333333,0.5174608521303258,3,100,FM-Full_A-None_AdaBN-F
MAMEM2,DeepConvNet,4,5,0.232,0.2213333333333333,0.5090770927318296,0.144,0.154,0.4974967418546366,3,100,FM-Full_A-None_AdaBN-F
MAMEM2,DeepConvNet,4,10,0.152,0.1466666666666666,0.5165994987468672,0.168,0.1653333333333333,0.4890406015037595,3,100,FM-Full_A-None_AdaBN-F
MAMEM2,DeepConvNet,5,4,0.248,0.208,0.4642514285714286,0.176,0.16,0.4678546365914787,3,100,FM-Full_A-None_AdaBN-F
MAMEM2,DeepConvNet,5,7,0.208,0.18,0.4931837593984962,0.176,0.1726666666666666,0.4865822556390978,3,100,FM-Full_A-None_AdaBN-F
Kalunga2016,DeepConvNet,1,1,0.25,0.25,0.5221354166666666,0.265625,0.265625,0.5309244791666666,12,42,FM-Full_A-None_AdaBN-F
Kalunga2016,DeepConvNet,1,10,0.1875,0.1875,0.438232421875,0.3046875,0.3046875,0.5560709635416667,12,42,FM-Full_A-None_AdaBN-F
Kalunga2016,DeepConvNet,1,11,0.21875,0.21875,0.5514322916666666,0.28125,0.28125,0.5930989583333334,12,42,FM-Full_A-None_AdaBN-F
Kalunga2016,DeepConvNet,2,3,0.25,0.25,0.6780598958333335,0.21875,0.21875,0.5608723958333333,12,42,FM-Full_A-None_AdaBN-F
Kalunga2016,DeepConvNet,2,6,0.328125,0.328125,0.7679036458333333,0.3125,0.3125,0.6477864583333334,12,42,FM-Full_A-None_AdaBN-F
Kalunga2016,DeepConvNet,2,9,0.28125,0.28125,0.54296875,0.28125,0.28125,0.5527343750000001,12,42,FM-Full_A-None_AdaBN-F
Kalunga2016,DeepConvNet,3,2,0.40625,0.40625,0.6712239583333333,0.3125,0.3125,0.6194661458333334,12,42,FM-Full_A-None_AdaBN-F
Kalunga2016,DeepConvNet,3,12,0.23125,0.2312499999999999,0.5904166666666667,0.2375,0.2375,0.6190625,12,42,FM-Full_A-None_AdaBN-F
Kalunga2016,DeepConvNet,4,5,0.21875,0.21875,0.5042317708333333,0.25,0.25,0.5133463541666666,12,42,FM-Full_A-None_AdaBN-F
Kalunga2016,DeepConvNet,4,8,0.234375,0.234375,0.5247395833333333,0.390625,0.390625,0.5576171875,12,42,FM-Full_A-None_AdaBN-F
Kalunga2016,DeepConvNet,5,4,0.296875,0.296875,0.59765625,0.328125,0.328125,0.5843098958333333,12,42,FM-Full_A-None_AdaBN-F
Kalunga2016,DeepConvNet,5,7,0.3125,0.3125,0.6202256944444444,0.2395833333333333,0.2395833333333333,0.5196759259259258,12,42,FM-Full_A-None_AdaBN-F
Lee2019_SSVEP,EEGNetv4,1,4,1.0,1.0,1.0,1.0,1.0,1.0,10,200,FM-Full_A-None_AdaBN-F
Lee2019_SSVEP,EEGNetv4,1,6,0.97,0.97,0.9994666666666668,1.0,1.0,1.0,10,200,FM-Full_A-None_AdaBN-F
Lee2019_SSVEP,EEGNetv4,1,13,0.935,0.935,0.9950666666666664,0.985,0.985,0.9998,10,200,FM-Full_A-None_AdaBN-F
Lee2019_SSVEP,EEGNetv4,1,14,0.93,0.93,0.9803333333333332,0.955,0.955,0.99195,10,200,FM-Full_A-None_AdaBN-F
Lee2019_SSVEP,EEGNetv4,1,18,0.99,0.99,0.9999666666666668,0.99,0.99,1.0,10,200,FM-Full_A-None_AdaBN-F
Lee2019_SSVEP,EEGNetv4,1,20,0.9,0.9,0.9904,0.94,0.94,0.9945333333333332,10,200,FM-Full_A-None_AdaBN-F
Lee2019_SSVEP,EEGNetv4,1,33,0.99,0.99,0.9999,0.99,0.99,0.9999333333333332,10,200,FM-Full_A-None_AdaBN-F
Lee2019_SSVEP,EEGNetv4,1,45,0.95,0.95,0.9985666666666666,0.96,0.96,0.9960666666666668,10,200,FM-Full_A-None_AdaBN-F
Lee2019_SSVEP,EEGNetv4,1,49,0.975,0.975,0.9996333333333334,1.0,1.0,1.0,10,200,FM-Full_A-None_AdaBN-F
Lee2019_SSVEP,EEGNetv4,1,50,0.985,0.985,0.9999,0.99,0.99,0.9999333333333332,10,200,FM-Full_A-None_AdaBN-F
Lee2019_SSVEP,EEGNetv4,1,53,1.0,1.0,1.0,1.0,1.0,1.0,10,200,FM-Full_A-None_AdaBN-F
Lee2019_SSVEP,EEGNetv4,2,5,0.81,0.81,0.9499166666666669,0.865,0.865,0.9662333333333332,10,200,FM-Full_A-None_AdaBN-F
Lee2019_SSVEP,EEGNetv4,2,7,0.985,0.985,0.9987666666666668,0.995,0.995,0.9997666666666668,10,200,FM-Full_A-None_AdaBN-F
Lee2019_SSVEP,EEGNetv4,2,9,0.975,0.975,0.9997333333333334,0.985,0.985,0.9998,10,200,FM-Full_A-None_AdaBN-F
Lee2019_SSVEP,EEGNetv4,2,16,0.995,0.995,0.9981333333333332,0.995,0.995,0.9955666666666668,10,200,FM-Full_A-None_AdaBN-F
Lee2019_SSVEP,EEGNetv4,2,25,0.95,0.95,0.9973666666666666,0.96,0.96,0.9983,10,200,FM-Full_A-None_AdaBN-F
Lee2019_SSVEP,EEGNetv4,2,27,1.0,1.0,1.0,1.0,1.0,1.0,10,200,FM-Full_A-None_AdaBN-F
Lee2019_SSVEP,EEGNetv4,2,34,0.88,0.8799999999999999,0.9612,0.875,0.875,0.9755333333333333,10,200,FM-Full_A-None_AdaBN-F
Lee2019_SSVEP,EEGNetv4,2,35,0.95,0.95,0.9968333333333332,0.995,0.995,0.998,10,200,FM-Full_A-None_AdaBN-F
Lee2019_SSVEP,EEGNetv4,2,38,0.98,0.98,0.9995333333333334,0.99,0.99,0.9997,10,200,FM-Full_A-None_AdaBN-F
Lee2019_SSVEP,EEGNetv4,2,46,0.995,0.995,0.9999333333333332,1.0,1.0,1.0,10,200,FM-Full_A-None_AdaBN-F
Lee2019_SSVEP,EEGNetv4,2,51,0.77,0.77,0.9411666666666668,0.865,0.865,0.9728333333333332,10,200,FM-Full_A-None_AdaBN-F
Lee2019_SSVEP,EEGNetv4,3,1,0.96,0.96,0.9961,0.96,0.96,0.9971666666666668,10,200,FM-Full_A-None_AdaBN-F
Lee2019_SSVEP,EEGNetv4,3,10,0.985,0.985,0.9998,1.0,1.0,1.0,10,200,FM-Full_A-None_AdaBN-F
Lee2019_SSVEP,EEGNetv4,3,12,0.97,0.97,0.9986333333333332,0.96,0.96,0.9975333333333332,10,200,FM-Full_A-None_AdaBN-F
Lee2019_SSVEP,EEGNetv4,3,17,0.945,0.945,0.9985,0.97,0.97,0.9994666666666668,10,200,FM-Full_A-None_AdaBN-F
Lee2019_SSVEP,EEGNetv4,3,26,0.995,0.995,1.0,1.0,1.0,1.0,10,200,FM-Full_A-None_AdaBN-F
Lee2019_SSVEP,EEGNetv4,3,28,0.98,0.98,0.9981666666666666,0.98,0.98,0.9983333333333334,10,200,FM-Full_A-None_AdaBN-F
Lee2019_SSVEP,EEGNetv4,3,31,0.95,0.95,0.9998,0.965,0.965,0.9998,10,200,FM-Full_A-None_AdaBN-F
Lee2019_SSVEP,EEGNetv4,3,32,0.615,0.615,0.8657666666666666,0.84,0.84,0.9591666666666666,10,200,FM-Full_A-None_AdaBN-F
Lee2019_SSVEP,EEGNetv4,3,37,0.99,0.99,0.9999,0.995,0.995,0.9999333333333332,10,200,FM-Full_A-None_AdaBN-F
Lee2019_SSVEP,EEGNetv4,3,41,0.985,0.985,0.9988666666666668,0.995,0.995,0.9983,10,200,FM-Full_A-None_AdaBN-F
Lee2019_SSVEP,EEGNetv4,3,48,0.995,0.995,1.0,1.0,1.0,1.0,10,200,FM-Full_A-None_AdaBN-F
Lee2019_SSVEP,EEGNetv4,4,2,0.99,0.99,0.9998666666666668,0.98,0.98,0.9993666666666668,10,200,FM-Full_A-None_AdaBN-F
Lee2019_SSVEP,EEGNetv4,4,3,0.94,0.94,0.9952666666666666,0.94,0.94,0.9953,10,200,FM-Full_A-None_AdaBN-F
Lee2019_SSVEP,EEGNetv4,4,11,1.0,1.0,1.0,1.0,1.0,1.0,10,200,FM-Full_A-None_AdaBN-F
Lee2019_SSVEP,EEGNetv4,4,22,0.865,0.865,0.9717,0.9,0.8999999999999999,0.9839666666666668,10,200,FM-Full_A-None_AdaBN-F
Lee2019_SSVEP,EEGNetv4,4,24,0.94,0.94,0.9940333333333332,0.965,0.965,0.9941333333333334,10,200,FM-Full_A-None_AdaBN-F
Lee2019_SSVEP,EEGNetv4,4,30,0.95,0.95,0.9847666666666666,0.975,0.975,0.9867,10,200,FM-Full_A-None_AdaBN-F
Lee2019_SSVEP,EEGNetv4,4,36,1.0,1.0,1.0,1.0,1.0,1.0,10,200,FM-Full_A-None_AdaBN-F
Lee2019_SSVEP,EEGNetv4,4,40,0.955,0.955,0.9978,0.95,0.95,0.9969666666666666,10,200,FM-Full_A-None_AdaBN-F
Lee2019_SSVEP,EEGNetv4,4,42,0.795,0.7949999999999999,0.9542666666666666,0.805,0.805,0.9585,10,200,FM-Full_A-None_AdaBN-F
Lee2019_SSVEP,EEGNetv4,4,44,1.0,1.0,1.0,0.995,0.995,1.0,10,200,FM-Full_A-None_AdaBN-F
Lee2019_SSVEP,EEGNetv4,4,47,0.605,0.605,0.8598,0.635,0.635,0.8579333333333334,10,200,FM-Full_A-None_AdaBN-F
Lee2019_SSVEP,EEGNetv4,5,8,0.915,0.915,0.9938333333333332,0.945,0.945,0.9948666666666668,10,200,FM-Full_A-None_AdaBN-F
Lee2019_SSVEP,EEGNetv4,5,15,0.9,0.8999999999999999,0.9941666666666666,1.0,1.0,1.0,10,200,FM-Full_A-None_AdaBN-F
Lee2019_SSVEP,EEGNetv4,5,19,0.985,0.985,0.9962,0.985,0.985,0.9959666666666668,10,200,FM-Full_A-None_AdaBN-F
Lee2019_SSVEP,EEGNetv4,5,21,0.83,0.83,0.9816333333333334,0.95,0.95,0.9962333333333332,10,200,FM-Full_A-None_AdaBN-F
Lee2019_SSVEP,EEGNetv4,5,23,0.28,0.28,0.5393,0.495,0.495,0.7278999999999999,10,200,FM-Full_A-None_AdaBN-F
Lee2019_SSVEP,EEGNetv4,5,29,0.915,0.915,0.9805,0.98,0.98,0.9965,10,200,FM-Full_A-None_AdaBN-F
Lee2019_SSVEP,EEGNetv4,5,39,1.0,1.0,1.0,1.0,1.0,1.0,10,200,FM-Full_A-None_AdaBN-F
Lee2019_SSVEP,EEGNetv4,5,43,1.0,1.0,1.0,1.0,1.0,1.0,10,200,FM-Full_A-None_AdaBN-F
Lee2019_SSVEP,EEGNetv4,5,52,0.91,0.91,0.9946333333333334,0.965,0.965,0.9985,10,200,FM-Full_A-None_AdaBN-F
Lee2019_SSVEP,EEGNetv4,5,54,0.645,0.645,0.8827666666666667,0.88,0.88,0.9823333333333332,10,200,FM-Full_A-None_AdaBN-F
MAMEM2,DeepConvNet,1,2,0.2,0.1973333333333333,0.512789373433584,0.28,0.2706666666666667,0.5646534335839599,6,50,FM-Full_A-None_AdaBN-F
MAMEM2,DeepConvNet,1,9,0.184,0.1733333333333333,0.4938634586466165,0.16,0.15,0.4782648621553885,6,50,FM-Full_A-None_AdaBN-F
MAMEM2,DeepConvNet,2,1,0.28,0.2753333333333333,0.5321303258145365,0.216,0.2193333333333333,0.5064631578947367,6,50,FM-Full_A-None_AdaBN-F
MAMEM2,DeepConvNet,2,6,0.208,0.2113333333333333,0.4683191979949874,0.24,0.24,0.5201792481203007,6,50,FM-Full_A-None_AdaBN-F
MAMEM2,DeepConvNet,3,3,0.152,0.1433333333333333,0.4530805012531328,0.192,0.1853333333333333,0.4712463157894737,6,50,FM-Full_A-None_AdaBN-F
MAMEM2,DeepConvNet,3,8,0.208,0.194,0.5110528320802006,0.12,0.124,0.4910903258145363,6,50,FM-Full_A-None_AdaBN-F
MAMEM2,DeepConvNet,4,5,0.216,0.1919999999999999,0.5355617042606516,0.144,0.1553333333333333,0.5024683709273182,6,50,FM-Full_A-None_AdaBN-F
MAMEM2,DeepConvNet,4,10,0.184,0.1786666666666666,0.4777028571428571,0.24,0.2453333333333333,0.4738091228070176,6,50,FM-Full_A-None_AdaBN-F
MAMEM2,DeepConvNet,5,4,0.264,0.24,0.5178185463659147,0.256,0.2453333333333333,0.5134833082706767,6,50,FM-Full_A-None_AdaBN-F
MAMEM2,DeepConvNet,5,7,0.16,0.1466666666666666,0.444600701754386,0.128,0.12,0.4722969423558897,6,50,FM-Full_A-None_AdaBN-F
Lee2019_SSVEP,DeepConvNet,1,4,1.0,1.0,1.0,1.0,1.0,1.0,25,160,FM-Full_A-None_AdaBN-F
Lee2019_SSVEP,DeepConvNet,1,6,0.99,0.99,0.9999,0.995,0.995,1.0,25,160,FM-Full_A-None_AdaBN-F
Lee2019_SSVEP,DeepConvNet,1,13,0.94,0.94,0.9993333333333332,0.98,0.98,0.9996666666666668,25,160,FM-Full_A-None_AdaBN-F
Lee2019_SSVEP,DeepConvNet,1,14,0.91,0.91,0.9868333333333332,0.96,0.96,0.9992,25,160,FM-Full_A-None_AdaBN-F
Lee2019_SSVEP,DeepConvNet,1,18,0.995,0.995,1.0,0.995,0.995,1.0,25,160,FM-Full_A-None_AdaBN-F
Lee2019_SSVEP,DeepConvNet,1,20,0.98,0.98,0.9998333333333334,0.98,0.98,0.9998,25,160,FM-Full_A-None_AdaBN-F
Lee2019_SSVEP,DeepConvNet,1,33,0.995,0.995,0.9999333333333332,0.995,0.995,1.0,25,160,FM-Full_A-None_AdaBN-F
Lee2019_SSVEP,DeepConvNet,1,45,0.975,0.975,0.9994666666666668,0.99,0.99,0.9997333333333334,25,160,FM-Full_A-None_AdaBN-F
Lee2019_SSVEP,DeepConvNet,1,49,1.0,1.0,1.0,1.0,1.0,1.0,25,160,FM-Full_A-None_AdaBN-F
Lee2019_SSVEP,DeepConvNet,1,50,0.995,0.995,0.9999666666666668,1.0,1.0,1.0,25,160,FM-Full_A-None_AdaBN-F
Lee2019_SSVEP,DeepConvNet,1,53,1.0,1.0,1.0,1.0,1.0,1.0,25,160,FM-Full_A-None_AdaBN-F
Lee2019_SSVEP,DeepConvNet,2,5,0.85,0.8500000000000001,0.9732,0.865,0.865,0.9798333333333332,25,160,FM-Full_A-None_AdaBN-F
Lee2019_SSVEP,DeepConvNet,2,7,1.0,1.0,1.0,1.0,1.0,1.0,25,160,FM-Full_A-None_AdaBN-F
Lee2019_SSVEP,DeepConvNet,2,9,0.985,0.985,0.9998666666666668,0.99,0.99,0.9999666666666668,25,160,FM-Full_A-None_AdaBN-F
Lee2019_SSVEP,DeepConvNet,2,16,1.0,1.0,1.0,1.0,1.0,1.0,25,160,FM-Full_A-None_AdaBN-F
Lee2019_SSVEP,DeepConvNet,2,25,0.975,0.975,0.9994,0.975,0.975,0.9996333333333334,25,160,FM-Full_A-None_AdaBN-F
Lee2019_SSVEP,DeepConvNet,2,27,1.0,1.0,1.0,1.0,1.0,1.0,25,160,FM-Full_A-None_AdaBN-F
Lee2019_SSVEP,DeepConvNet,2,34,0.75,0.75,0.9448333333333332,0.81,0.81,0.96365,25,160,FM-Full_A-None_AdaBN-F
Lee2019_SSVEP,DeepConvNet,2,35,0.99,0.99,1.0,0.995,0.995,1.0,25,160,FM-Full_A-None_AdaBN-F
Lee2019_SSVEP,DeepConvNet,2,38,0.995,0.995,0.9999666666666668,0.995,0.995,0.9998666666666668,25,160,FM-Full_A-None_AdaBN-F
Lee2019_SSVEP,DeepConvNet,2,46,0.98,0.98,1.0,0.995,0.995,1.0,25,160,FM-Full_A-None_AdaBN-F
Lee2019_SSVEP,DeepConvNet,2,51,0.8,0.8,0.9620333333333334,0.845,0.845,0.96815,25,160,FM-Full_A-None_AdaBN-F
Lee2019_SSVEP,DeepConvNet,3,1,0.965,0.965,0.9980666666666668,0.97,0.97,0.9980666666666668,25,160,FM-Full_A-None_AdaBN-F
Lee2019_SSVEP,DeepConvNet,3,10,1.0,1.0,1.0,1.0,1.0,1.0,25,160,FM-Full_A-None_AdaBN-F
Lee2019_SSVEP,DeepConvNet,3,12,0.985,0.985,0.9997,0.98,0.98,0.9995666666666668,25,160,FM-Full_A-None_AdaBN-F
Lee2019_SSVEP,DeepConvNet,3,17,0.965,0.965,0.9995333333333334,0.98,0.98,0.9998333333333334,25,160,FM-Full_A-None_AdaBN-F
Lee2019_SSVEP,DeepConvNet,3,26,0.98,0.98,0.9998,0.995,0.995,1.0,25,160,FM-Full_A-None_AdaBN-F
Lee2019_SSVEP,DeepConvNet,3,28,0.985,0.985,0.9984333333333334,0.985,0.985,0.9985333333333332,25,160,FM-Full_A-None_AdaBN-F
Lee2019_SSVEP,DeepConvNet,3,31,1.0,1.0,1.0,1.0,1.0,1.0,25,160,FM-Full_A-None_AdaBN-F
Lee2019_SSVEP,DeepConvNet,3,32,0.895,0.895,0.9852333333333332,0.97,0.97,0.9979,25,160,FM-Full_A-None_AdaBN-F
Lee2019_SSVEP,DeepConvNet,3,37,0.99,0.99,0.9999333333333332,0.985,0.985,0.9998333333333334,25,160,FM-Full_A-None_AdaBN-F
Lee2019_SSVEP,DeepConvNet,3,41,0.985,0.985,0.9997666666666668,0.99,0.99,0.9995333333333334,25,160,FM-Full_A-None_AdaBN-F
Lee2019_SSVEP,DeepConvNet,3,48,0.995,0.995,1.0,0.995,0.995,1.0,25,160,FM-Full_A-None_AdaBN-F
Lee2019_SSVEP,DeepConvNet,4,2,0.995,0.995,0.9999333333333332,0.995,0.995,0.9999333333333332,25,160,FM-Full_A-None_AdaBN-F
Lee2019_SSVEP,DeepConvNet,4,3,0.93,0.93,0.9958833333333332,0.94,0.94,0.9970333333333332,25,160,FM-Full_A-None_AdaBN-F
Lee2019_SSVEP,DeepConvNet,4,11,1.0,1.0,1.0,1.0,1.0,1.0,25,160,FM-Full_A-None_AdaBN-F
Lee2019_SSVEP,DeepConvNet,4,22,0.885,0.885,0.9823,0.94,0.94,0.9889,25,160,FM-Full_A-None_AdaBN-F
Lee2019_SSVEP,DeepConvNet,4,24,0.985,0.985,0.9942166666666664,0.995,0.995,0.9942166666666666,25,160,FM-Full_A-None_AdaBN-F
Lee2019_SSVEP,DeepConvNet,4,30,0.995,0.995,1.0,0.995,0.995,1.0,25,160,FM-Full_A-None_AdaBN-F
Lee2019_SSVEP,DeepConvNet,4,36,1.0,1.0,1.0,1.0,1.0,1.0,25,160,FM-Full_A-None_AdaBN-F
Lee2019_SSVEP,DeepConvNet,4,40,0.955,0.955,0.9968,0.955,0.955,0.9976,25,160,FM-Full_A-None_AdaBN-F
Lee2019_SSVEP,DeepConvNet,4,42,0.815,0.815,0.9638,0.82,0.82,0.9634333333333334,25,160,FM-Full_A-None_AdaBN-F
Lee2019_SSVEP,DeepConvNet,4,44,0.995,0.995,1.0,0.995,0.995,1.0,25,160,FM-Full_A-None_AdaBN-F
Lee2019_SSVEP,DeepConvNet,4,47,0.615,0.615,0.8775999999999999,0.64,0.64,0.8823000000000001,25,160,FM-Full_A-None_AdaBN-F
Lee2019_SSVEP,DeepConvNet,5,8,0.925,0.925,0.9907666666666668,0.955,0.955,0.9924666666666666,25,160,FM-Full_A-None_AdaBN-F
Lee2019_SSVEP,DeepConvNet,5,15,0.845,0.845,0.9836666666666668,1.0,1.0,1.0,25,160,FM-Full_A-None_AdaBN-F
Lee2019_SSVEP,DeepConvNet,5,19,0.99,0.99,0.9998666666666668,0.99,0.99,0.9998666666666668,25,160,FM-Full_A-None_AdaBN-F
Lee2019_SSVEP,DeepConvNet,5,21,0.93,0.93,0.998,0.97,0.97,0.9993666666666664,25,160,FM-Full_A-None_AdaBN-F
Lee2019_SSVEP,DeepConvNet,5,23,0.305,0.305,0.5402333333333333,0.47,0.47,0.7088666666666668,25,160,FM-Full_A-None_AdaBN-F
Lee2019_SSVEP,DeepConvNet,5,29,0.89,0.8899999999999999,0.9801,0.975,0.975,0.9990666666666668,25,160,FM-Full_A-None_AdaBN-F
Lee2019_SSVEP,DeepConvNet,5,39,0.99,0.99,0.9999333333333332,1.0,1.0,1.0,25,160,FM-Full_A-None_AdaBN-F
Lee2019_SSVEP,DeepConvNet,5,43,1.0,1.0,1.0,1.0,1.0,1.0,25,160,FM-Full_A-None_AdaBN-F
Lee2019_SSVEP,DeepConvNet,5,52,0.965,0.965,0.9994666666666666,0.995,0.995,1.0,25,160,FM-Full_A-None_AdaBN-F
Lee2019_SSVEP,DeepConvNet,5,54,0.755,0.7550000000000001,0.951,0.87,0.8699999999999999,0.9836333333333334,25,160,FM-Full_A-None_AdaBN-F
Lee2019_SSVEP,ShallowConvNet,1,4,0.995,0.995,0.9999666666666668,0.99,0.99,0.9998,25,160,FM-Full_A-None_AdaBN-F
Lee2019_SSVEP,ShallowConvNet,1,6,0.93,0.93,0.9968666666666666,0.99,0.99,0.9999333333333332,25,160,FM-Full_A-None_AdaBN-F
Lee2019_SSVEP,ShallowConvNet,1,13,0.885,0.885,0.9906,0.925,0.925,0.9942333333333332,25,160,FM-Full_A-None_AdaBN-F
Lee2019_SSVEP,ShallowConvNet,1,14,0.86,0.86,0.9726666666666666,0.9,0.8999999999999999,0.9843,25,160,FM-Full_A-None_AdaBN-F
Lee2019_SSVEP,ShallowConvNet,1,18,0.96,0.96,0.9991333333333332,0.99,0.99,0.9999666666666668,25,160,FM-Full_A-None_AdaBN-F
Lee2019_SSVEP,ShallowConvNet,1,20,0.905,0.905,0.9895666666666666,0.895,0.895,0.9895,25,160,FM-Full_A-None_AdaBN-F
Lee2019_SSVEP,ShallowConvNet,1,33,0.915,0.915,0.9960333333333332,0.965,0.965,0.9972666666666666,25,160,FM-Full_A-None_AdaBN-F
Lee2019_SSVEP,ShallowConvNet,1,45,0.915,0.915,0.9955,0.935,0.935,0.9933333333333334,25,160,FM-Full_A-None_AdaBN-F
Lee2019_SSVEP,ShallowConvNet,1,49,0.96,0.96,0.9972666666666666,0.965,0.965,0.9986666666666668,25,160,FM-Full_A-None_AdaBN-F
Lee2019_SSVEP,ShallowConvNet,1,50,0.905,0.905,0.9859666666666668,0.945,0.945,0.9938333333333332,25,160,FM-Full_A-None_AdaBN-F
Lee2019_SSVEP,ShallowConvNet,1,53,0.98,0.98,0.9999,0.995,0.995,0.999,25,160,FM-Full_A-None_AdaBN-F
Lee2019_SSVEP,ShallowConvNet,2,5,0.77,0.77,0.9444666666666668,0.795,0.7949999999999999,0.9518333333333334,25,160,FM-Full_A-None_AdaBN-F
Lee2019_SSVEP,ShallowConvNet,2,7,0.995,0.995,0.9996666666666668,0.995,0.995,0.9997,25,160,FM-Full_A-None_AdaBN-F
Lee2019_SSVEP,ShallowConvNet,2,9,0.8,0.8,0.9792,0.94,0.94,0.9923666666666666,25,160,FM-Full_A-None_AdaBN-F
Lee2019_SSVEP,ShallowConvNet,2,16,0.915,0.915,0.9982,0.975,0.975,0.9986666666666668,25,160,FM-Full_A-None_AdaBN-F
Lee2019_SSVEP,ShallowConvNet,2,25,0.87,0.87,0.9723333333333332,0.9,0.9,0.9885666666666666,25,160,FM-Full_A-None_AdaBN-F
Lee2019_SSVEP,ShallowConvNet,2,27,0.985,0.985,0.9995333333333334,0.995,0.995,0.9998666666666668,25,160,FM-Full_A-None_AdaBN-F
Lee2019_SSVEP,ShallowConvNet,2,34,0.665,0.665,0.8734333333333333,0.75,0.75,0.9174666666666668,25,160,FM-Full_A-None_AdaBN-F
Lee2019_SSVEP,ShallowConvNet,2,35,0.795,0.7949999999999999,0.9380333333333332,0.875,0.875,0.9823,25,160,FM-Full_A-None_AdaBN-F
Lee2019_SSVEP,ShallowConvNet,2,38,0.955,0.955,0.9996666666666668,0.995,0.995,0.9999666666666668,25,160,FM-Full_A-None_AdaBN-F
Lee2019_SSVEP,ShallowConvNet,2,46,0.94,0.94,0.9941,0.95,0.95,0.9959666666666668,25,160,FM-Full_A-None_AdaBN-F
Lee2019_SSVEP,ShallowConvNet,2,51,0.68,0.68,0.9000333333333332,0.765,0.7649999999999999,0.9343333333333332,25,160,FM-Full_A-None_AdaBN-F
Lee2019_SSVEP,ShallowConvNet,3,1,0.865,0.865,0.9835,0.91,0.91,0.9889333333333332,25,160,FM-Full_A-None_AdaBN-F
Lee2019_SSVEP,ShallowConvNet,3,10,0.775,0.775,0.9613666666666668,0.92,0.92,0.9943666666666666,25,160,FM-Full_A-None_AdaBN-F
Lee2019_SSVEP,ShallowConvNet,3,12,0.95,0.95,0.9970666666666668,0.97,0.97,0.9978333333333332,25,160,FM-Full_A-None_AdaBN-F
Lee2019_SSVEP,ShallowConvNet,3,17,0.85,0.85,0.9867,0.965,0.965,0.9954,25,160,FM-Full_A-None_AdaBN-F
Lee2019_SSVEP,ShallowConvNet,3,26,0.945,0.945,0.9975333333333332,0.985,0.985,0.9996333333333334,25,160,FM-Full_A-None_AdaBN-F
Lee2019_SSVEP,ShallowConvNet,3,28,0.91,0.91,0.9889666666666668,0.96,0.96,0.9951333333333334,25,160,FM-Full_A-None_AdaBN-F
Lee2019_SSVEP,ShallowConvNet,3,31,0.995,0.995,1.0,0.995,0.995,1.0,25,160,FM-Full_A-None_AdaBN-F
Lee2019_SSVEP,ShallowConvNet,3,32,0.255,0.255,0.6280666666666666,0.67,0.67,0.8600666666666666,25,160,FM-Full_A-None_AdaBN-F
Lee2019_SSVEP,ShallowConvNet,3,37,0.985,0.985,0.9990666666666668,0.98,0.98,0.9995,25,160,FM-Full_A-None_AdaBN-F
Lee2019_SSVEP,ShallowConvNet,3,41,0.965,0.965,0.9994333333333334,0.99,0.99,0.9997333333333334,25,160,FM-Full_A-None_AdaBN-F
Lee2019_SSVEP,ShallowConvNet,3,48,0.945,0.945,0.9999333333333332,0.99,0.99,0.9996333333333334,25,160,FM-Full_A-None_AdaBN-F
Lee2019_SSVEP,ShallowConvNet,4,2,0.97,0.97,0.9995666666666668,0.985,0.985,0.9995,25,160,FM-Full_A-None_AdaBN-F
Lee2019_SSVEP,ShallowConvNet,4,3,0.91,0.91,0.9796333333333334,0.93,0.93,0.9922,25,160,FM-Full_A-None_AdaBN-F
Lee2019_SSVEP,ShallowConvNet,4,11,1.0,1.0,1.0,1.0,1.0,1.0,25,160,FM-Full_A-None_AdaBN-F
Lee2019_SSVEP,ShallowConvNet,4,22,0.715,0.715,0.9285333333333334,0.81,0.81,0.9628333333333332,25,160,FM-Full_A-None_AdaBN-F
Lee2019_SSVEP,ShallowConvNet,4,24,0.705,0.7050000000000001,0.9668333333333334,0.89,0.8899999999999999,0.9848,25,160,FM-Full_A-None_AdaBN-F
Lee2019_SSVEP,ShallowConvNet,4,30,0.91,0.91,0.9725666666666666,0.965,0.965,0.9927,25,160,FM-Full_A-None_AdaBN-F
Lee2019_SSVEP,ShallowConvNet,4,36,0.99,0.99,1.0,1.0,1.0,1.0,25,160,FM-Full_A-None_AdaBN-F
Lee2019_SSVEP,ShallowConvNet,4,40,0.72,0.7200000000000001,0.9688333333333332,0.885,0.8849999999999999,0.9827333333333336,25,160,FM-Full_A-None_AdaBN-F
Lee2019_SSVEP,ShallowConvNet,4,42,0.765,0.7650000000000001,0.9557666666666668,0.79,0.7899999999999999,0.9562,25,160,FM-Full_A-None_AdaBN-F
Lee2019_SSVEP,ShallowConvNet,4,44,1.0,1.0,1.0,0.995,0.995,1.0,25,160,FM-Full_A-None_AdaBN-F
Lee2019_SSVEP,ShallowConvNet,4,47,0.65,0.65,0.8782666666666668,0.64,0.64,0.8583666666666667,25,160,FM-Full_A-None_AdaBN-F
Lee2019_SSVEP,ShallowConvNet,5,8,0.755,0.755,0.97555,0.91,0.91,0.9845666666666664,25,160,FM-Full_A-None_AdaBN-F
Lee2019_SSVEP,ShallowConvNet,5,15,0.685,0.685,0.88,0.885,0.885,0.9843333333333332,25,160,FM-Full_A-None_AdaBN-F
Lee2019_SSVEP,ShallowConvNet,5,19,0.695,0.695,0.8865999999999999,0.83,0.8300000000000001,0.9401666666666668,25,160,FM-Full_A-None_AdaBN-F
Lee2019_SSVEP,ShallowConvNet,5,21,0.78,0.78,0.9903333333333332,0.95,0.95,0.9960333333333332,25,160,FM-Full_A-None_AdaBN-F
Lee2019_SSVEP,ShallowConvNet,5,23,0.36,0.36,0.6433666666666666,0.48,0.48,0.7563666666666666,25,160,FM-Full_A-None_AdaBN-F
Lee2019_SSVEP,ShallowConvNet,5,29,0.85,0.85,0.9719333333333332,0.935,0.935,0.9933666666666666,25,160,FM-Full_A-None_AdaBN-F
Lee2019_SSVEP,ShallowConvNet,5,39,0.865,0.865,0.9986,0.96,0.96,0.9985333333333332,25,160,FM-Full_A-None_AdaBN-F
Lee2019_SSVEP,ShallowConvNet,5,43,0.98,0.98,0.9998,0.99,0.99,0.9999666666666668,25,160,FM-Full_A-None_AdaBN-F
Lee2019_SSVEP,ShallowConvNet,5,52,0.92,0.92,0.9912,0.97,0.97,0.9985666666666666,25,160,FM-Full_A-None_AdaBN-F
Lee2019_SSVEP,ShallowConvNet,5,54,0.44,0.44,0.7425999999999999,0.595,0.595,0.7969666666666666,25,160,FM-Full_A-None_AdaBN-F
BI2015a,EEGNetv4,1,5,0.8720538720538721,0.6323232323232323,0.9247372717069688,0.9250841750841752,0.8621212121212121,0.9522650749923478,20,750,FM-Full_A-None_AdaBN-F
BI2015a,EEGNetv4,1,9,0.8438438438438438,0.5387387387387388,0.8460555149744339,0.9031531531531533,0.7941441441441441,0.9189635581527472,20,750,FM-Full_A-None_AdaBN-F
BI2015a,EEGNetv4,1,13,0.8786549707602339,0.6640350877192982,0.9146198830409358,0.945906432748538,0.8798245614035087,0.9637850107725452,20,750,FM-Full_A-None_AdaBN-F
BI2015a,EEGNetv4,1,25,0.8352490421455939,0.5057471264367817,0.5984542211652795,0.8726053639846744,0.743103448275862,0.8885618972123135,20,750,FM-Full_A-None_AdaBN-F
BI2015a,EEGNetv4,1,26,0.8915770609318996,0.6897849462365591,0.9592554052491618,0.9408602150537636,0.8741935483870968,0.974442132038386,20,750,FM-Full_A-None_AdaBN-F
BI2015a,EEGNetv4,1,35,0.8333333333333334,0.5,0.803625522182548,0.8397745571658615,0.6816425120772946,0.7984702093397745,20,750,FM-Full_A-None_AdaBN-F
BI2015a,EEGNetv4,1,37,0.8261904761904761,0.550952380952381,0.650124716553288,0.8607142857142858,0.7250000000000001,0.8520827664399093,20,750,FM-Full_A-None_AdaBN-F
BI2015a,EEGNetv4,1,38,0.8618618618618619,0.6,0.8543868192516841,0.9181681681681682,0.831981981981982,0.9366163460758056,20,750,FM-Full_A-None_AdaBN-F
BI2015a,EEGNetv4,1,40,0.838477366255144,0.5166666666666666,0.8828760859625057,0.9151234567901234,0.8317901234567902,0.93862978204542,20,750,FM-Full_A-None_AdaBN-F
BI2015a,EEGNetv4,2,4,0.8513888888888889,0.5541666666666667,0.7511805555555555,0.9340277777777778,0.86875,0.9463333333333334,20,750,FM-Full_A-None_AdaBN-F
BI2015a,EEGNetv4,2,7,0.8341503267973857,0.5024509803921569,0.7963715878508266,0.9142156862745098,0.8406862745098038,0.924341599384852,20,750,FM-Full_A-None_AdaBN-F
BI2015a,EEGNetv4,2,14,0.8269230769230769,0.502991452991453,0.5590437577617065,0.8803418803418803,0.7589743589743589,0.8892212725546059,20,750,FM-Full_A-None_AdaBN-F
BI2015a,EEGNetv4,2,16,0.8476190476190476,0.5485714285714286,0.9266802721088436,0.9230158730158732,0.8604761904761905,0.9507074829931972,20,750,FM-Full_A-None_AdaBN-F
BI2015a,EEGNetv4,2,18,0.8376543209876544,0.5351851851851852,0.7237887517146776,0.8820987654320988,0.7751851851851852,0.8866145404663923,20,750,FM-Full_A-None_AdaBN-F
BI2015a,EEGNetv4,2,20,0.8444444444444444,0.5481481481481482,0.9034074074074074,0.9111111111111112,0.8296296296296296,0.9346145404663924,20,750,FM-Full_A-None_AdaBN-F
BI2015a,EEGNetv4,2,28,0.8366666666666667,0.51,0.8875755555555555,0.8788888888888889,0.7753333333333333,0.892908888888889,20,750,FM-Full_A-None_AdaBN-F
BI2015a,EEGNetv4,2,32,0.8584229390681004,0.5774193548387097,0.8954040929587237,0.9112903225806452,0.8220430107526882,0.9255752110070528,20,750,FM-Full_A-None_AdaBN-F
BI2015a,EEGNetv4,2,41,0.8123456790123457,0.5333333333333333,0.6918244170096022,0.9,0.7755555555555556,0.9024801097393692,20,750,FM-Full_A-None_AdaBN-F
BI2015a,EEGNetv4,3,1,0.8335351089588378,0.5009700490746242,0.536033391283936,0.8506860371267151,0.708178077066966,0.82362359983275,20,750,FM-Full_A-None_AdaBN-F
BI2015a,EEGNetv4,3,6,0.7973484848484849,0.7041666666666667,0.7988205922865014,0.9097222222222222,0.8200757575757576,0.9297606749311296,20,750,FM-Full_A-None_AdaBN-F
BI2015a,EEGNetv4,3,10,0.8942652329749103,0.7258064516129032,0.9072262689328244,0.9274193548387096,0.853225806451613,0.9396172967973176,20,750,FM-Full_A-None_AdaBN-F
BI2015a,EEGNetv4,3,12,0.8266129032258065,0.6217741935483871,0.759898543184183,0.8548387096774194,0.7193548387096774,0.8480171118048329,20,750,FM-Full_A-None_AdaBN-F
BI2015a,EEGNetv4,3,17,0.8635802469135803,0.6677777777777778,0.8468230452674897,0.8993827160493827,0.8018518518518518,0.9038902606310016,20,750,FM-Full_A-None_AdaBN-F
BI2015a,EEGNetv4,3,27,0.8252461322081576,0.5491561181434599,0.6907715999928786,0.8544303797468354,0.7118143459915611,0.8437964001495487,20,750,FM-Full_A-None_AdaBN-F
BI2015a,EEGNetv4,3,30,0.926954732510288,0.8228395061728395,0.8419105319311081,0.9094650205761317,0.7530864197530864,0.9141518061271148,20,750,FM-Full_A-None_AdaBN-F
BI2015a,EEGNetv4,3,31,0.8092592592592592,0.5282222222222223,0.6258577777777778,0.8496296296296296,0.6946666666666667,0.823440987654321,20,750,FM-Full_A-None_AdaBN-F
BI2015a,EEGNetv4,3,42,0.851364522417154,0.6078947368421053,0.7954105536746348,0.8503898635477583,0.7055555555555555,0.8137580794090489,20,750,FM-Full_A-None_AdaBN-F
BI2015a,EEGNetv4,4,2,0.8902116402116402,0.7055555555555555,0.9151738473167044,0.9272486772486772,0.8515873015873017,0.9544343663391284,20,750,FM-Full_A-None_AdaBN-F
BI2015a,EEGNetv4,4,3,0.8362068965517241,0.6994252873563218,0.8136279561368741,0.9348659003831418,0.8827586206896552,0.9690778174131324,20,750,FM-Full_A-None_AdaBN-F
BI2015a,EEGNetv4,4,22,0.8832070707070707,0.749621212121212,0.8932191230486685,0.9021464646464646,0.8170454545454546,0.9289916207529844,20,750,FM-Full_A-None_AdaBN-F
BI2015a,EEGNetv4,4,24,0.910493827160494,0.7611111111111111,0.944221536351166,0.9367283950617284,0.8842592592592593,0.9656292866941016,20,750,FM-Full_A-None_AdaBN-F
BI2015a,EEGNetv4,4,33,0.9027777777777778,0.7511904761904762,0.9034013605442176,0.9206349206349206,0.8555555555555556,0.9400510204081632,20,750,FM-Full_A-None_AdaBN-F
BI2015a,EEGNetv4,4,34,0.8746031746031746,0.6542857142857142,0.9080680272108844,0.915079365079365,0.8271428571428572,0.9363945578231292,20,750,FM-Full_A-None_AdaBN-F
BI2015a,EEGNetv4,4,36,0.8756944444444444,0.73375,0.8959618055555556,0.9243055555555556,0.8645833333333334,0.9534895833333332,20,750,FM-Full_A-None_AdaBN-F
BI2015a,EEGNetv4,4,43,0.9281609195402298,0.8373563218390805,0.9584159069890342,0.9549808429118772,0.9155172413793105,0.9828444972915842,20,750,FM-Full_A-None_AdaBN-F
BI2015a,EEGNetv4,5,8,0.8657407407407407,0.7257936507936509,0.8604024943310657,0.9054232804232804,0.8273809523809523,0.932363315696649,20,750,FM-Full_A-None_AdaBN-F
BI2015a,EEGNetv4,5,11,0.8354166666666667,0.6179166666666667,0.7210624999999999,0.88125,0.7804166666666666,0.8953298611111111,20,750,FM-Full_A-None_AdaBN-F
BI2015a,EEGNetv4,5,15,0.8944444444444445,0.8033333333333332,0.902671201814059,0.9142857142857144,0.8342857142857143,0.9297460317460318,20,750,FM-Full_A-None_AdaBN-F
BI2015a,EEGNetv4,5,19,0.8866666666666667,0.7346666666666667,0.8681511111111113,0.8833333333333333,0.7566666666666666,0.8759766666666666,20,750,FM-Full_A-None_AdaBN-F
BI2015a,EEGNetv4,5,21,0.9166666666666666,0.7957142857142857,0.9320045351473925,0.9357142857142856,0.8680952380952381,0.9554195011337868,20,750,FM-Full_A-None_AdaBN-F
BI2015a,EEGNetv4,5,23,0.8676900584795322,0.6978070175438597,0.8739612188365651,0.8881578947368421,0.7837719298245613,0.9026642813173286,20,750,FM-Full_A-None_AdaBN-F
BI2015a,EEGNetv4,5,29,0.8311546840958606,0.5862745098039216,0.7316053654577299,0.8725490196078431,0.7522875816993464,0.8720171728822248,20,750,FM-Full_A-None_AdaBN-F
BI2015a,EEGNetv4,5,39,0.8333333333333334,0.5,0.7211000046277015,0.8900226757369615,0.7952380952380952,0.8849368318756075,20,750,FM-Full_A-None_AdaBN-F
Yang2025,ATCNet,1,4,0.5083333333333333,0.5083333333333333,0.5268333333333333,0.5083333333333333,0.5083333333333333,0.5218555555555555,15,300,FM-Full_A-None_AdaBN-F
Yang2025,ATCNet,1,13,0.675,0.675,0.745888888888889,0.6916666666666667,0.6916666666666667,0.7651777777777778,15,300,FM-Full_A-None_AdaBN-F
Yang2025,ATCNet,1,14,0.5733333333333334,0.5733333333333334,0.5718333333333334,0.54,0.54,0.5567888888888889,15,300,FM-Full_A-None_AdaBN-F
Yang2025,ATCNet,1,18,0.65,0.65,0.7158777777777777,0.6616666666666666,0.6616666666666666,0.7131333333333334,15,300,FM-Full_A-None_AdaBN-F
Yang2025,ATCNet,1,25,0.745,0.745,0.8501444444444444,0.82,0.8200000000000001,0.9121555555555556,15,300,FM-Full_A-None_AdaBN-F
Yang2025,ATCNet,1,31,0.7183333333333334,0.7183333333333333,0.7863111111111112,0.7616666666666667,0.7616666666666667,0.8269777777777779,15,300,FM-Full_A-None_AdaBN-F
Yang2025,ATCNet,1,32,0.7045075125208681,0.7043979933110368,0.7669119286510592,0.7746243739565943,0.7745484949832775,0.8477480490523968,15,300,FM-Full_A-None_AdaBN-F
Yang2025,ATCNet,1,33,0.8116666666666666,0.8116666666666666,0.9502222222222224,0.93,0.93,0.9840666666666666,15,300,FM-Full_A-None_AdaBN-F
Yang2025,ATCNet,1,41,0.7816666666666666,0.7816666666666667,0.9302444444444444,0.8833333333333333,0.8833333333333333,0.9616888888888888,15,300,FM-Full_A-None_AdaBN-F
Yang2025,ATCNet,1,44,0.6333333333333333,0.6333333333333333,0.694188888888889,0.6566666666666666,0.6566666666666667,0.7048444444444446,15,300,FM-Full_A-None_AdaBN-F
Yang2025,ATCNet,1,47,0.7116666666666667,0.7116666666666667,0.784,0.7883333333333333,0.7883333333333333,0.8649444444444445,15,300,FM-Full_A-None_AdaBN-F
Yang2025,ATCNet,2,5,0.5233333333333333,0.5233333333333333,0.5697444444444444,0.8083333333333333,0.8083333333333333,0.8722888888888888,15,300,FM-Full_A-None_AdaBN-F
Yang2025,ATCNet,2,7,0.5083333333333333,0.5083333333333333,0.5337666666666667,0.6483333333333333,0.6483333333333334,0.7150555555555556,15,300,FM-Full_A-None_AdaBN-F
Yang2025,ATCNet,2,9,0.53,0.53,0.5610777777777778,0.6283333333333333,0.6283333333333334,0.6914555555555555,15,300,FM-Full_A-None_AdaBN-F
Yang2025,ATCNet,2,16,0.5183333333333333,0.5183333333333333,0.6474666666666665,0.6333333333333333,0.6333333333333333,0.6786444444444444,15,300,FM-Full_A-None_AdaBN-F
Yang2025,ATCNet,2,20,0.5,0.5,0.5697222222222222,0.635,0.635,0.6952111111111111,15,300,FM-Full_A-None_AdaBN-F
Yang2025,ATCNet,2,34,0.3066666666666666,0.3066666666666667,0.1715888888888889,0.8333333333333334,0.8333333333333334,0.9300222222222222,15,300,FM-Full_A-None_AdaBN-F
Yang2025,ATCNet,2,37,0.5316666666666666,0.5316666666666667,0.7923333333333333,0.76,0.76,0.8633222222222223,15,300,FM-Full_A-None_AdaBN-F
Yang2025,ATCNet,2,48,0.5516666666666666,0.5516666666666666,0.6656777777777778,0.7616666666666667,0.7616666666666667,0.8122222222222222,15,300,FM-Full_A-None_AdaBN-F
Yang2025,ATCNet,2,49,0.6033333333333334,0.6033333333333334,0.8524,0.88,0.88,0.9531333333333332,15,300,FM-Full_A-None_AdaBN-F
Yang2025,ATCNet,2,50,0.52,0.52,0.7468666666666666,0.81,0.81,0.8901222222222223,15,300,FM-Full_A-None_AdaBN-F
Yang2025,ATCNet,3,1,0.7516666666666667,0.7516666666666667,0.8555444444444444,0.855,0.855,0.9185333333333334,15,300,FM-Full_A-None_AdaBN-F
Yang2025,ATCNet,3,10,0.7116666666666667,0.7116666666666667,0.7860222222222223,0.79,0.79,0.8668777777777779,15,300,FM-Full_A-None_AdaBN-F
Yang2025,ATCNet,3,12,0.5233333333333333,0.5233333333333333,0.5624444444444444,0.4933333333333333,0.4933333333333333,0.5079222222222222,15,300,FM-Full_A-None_AdaBN-F
Yang2025,ATCNet,3,17,0.6016666666666667,0.6016666666666667,0.6723333333333333,0.65,0.65,0.7239000000000001,15,300,FM-Full_A-None_AdaBN-F
Yang2025,ATCNet,3,26,0.664440734557596,0.6646321070234114,0.750278706800446,0.8514190317195326,0.8513656633221851,0.93438127090301,15,300,FM-Full_A-None_AdaBN-F
Yang2025,ATCNet,3,27,0.6483333333333333,0.6483333333333333,0.7104333333333334,0.7583333333333333,0.7583333333333333,0.8607611111111111,15,300,FM-Full_A-None_AdaBN-F
Yang2025,ATCNet,3,28,0.815,0.815,0.8868333333333335,0.88,0.88,0.9571111111111112,15,300,FM-Full_A-None_AdaBN-F
Yang2025,ATCNet,3,35,0.7016666666666667,0.7016666666666667,0.7952222222222223,0.7616666666666667,0.7616666666666667,0.8353444444444444,15,300,FM-Full_A-None_AdaBN-F
Yang2025,ATCNet,3,45,0.6116666666666667,0.6116666666666667,0.7088666666666668,0.7,0.7,0.7762888888888889,15,300,FM-Full_A-None_AdaBN-F
Yang2025,ATCNet,3,46,0.73,0.73,0.9154444444444444,0.89,0.89,0.9571111111111112,15,300,FM-Full_A-None_AdaBN-F
Yang2025,ATCNet,4,2,0.54,0.54,0.6047444444444444,0.5833333333333334,0.5833333333333333,0.6239000000000001,15,300,FM-Full_A-None_AdaBN-F
Yang2025,ATCNet,4,3,0.8883333333333333,0.8883333333333333,0.9486444444444444,0.8883333333333333,0.8883333333333333,0.9540333333333334,15,300,FM-Full_A-None_AdaBN-F
Yang2025,ATCNet,4,6,0.8766666666666667,0.8766666666666667,0.9318555555555555,0.9216666666666666,0.9216666666666666,0.9782444444444444,15,300,FM-Full_A-None_AdaBN-F
Yang2025,ATCNet,4,22,0.65,0.65,0.7269222222222221,0.775,0.7749999999999999,0.846188888888889,15,300,FM-Full_A-None_AdaBN-F
Yang2025,ATCNet,4,24,0.8417508417508418,0.8420778160711047,0.93089062216579,0.9225589225589226,0.9226260656629784,0.9774510248503536,15,300,FM-Full_A-None_AdaBN-F
Yang2025,ATCNet,4,30,0.7566666666666667,0.7566666666666666,0.8455777777777778,0.7016666666666667,0.7016666666666667,0.7065999999999999,15,300,FM-Full_A-None_AdaBN-F
Yang2025,ATCNet,4,36,0.8016666666666666,0.8016666666666667,0.8802555555555556,0.805,0.8049999999999999,0.8917666666666666,15,300,FM-Full_A-None_AdaBN-F
Yang2025,ATCNet,4,38,0.53,0.53,0.5357888888888889,0.555,0.5549999999999999,0.5921444444444445,15,300,FM-Full_A-None_AdaBN-F
Yang2025,ATCNet,4,40,0.6883333333333334,0.6883333333333334,0.7973555555555556,0.7883333333333333,0.7883333333333333,0.8774444444444445,15,300,FM-Full_A-None_AdaBN-F
Yang2025,ATCNet,4,42,0.6883333333333334,0.6883333333333334,0.7913333333333332,0.6683333333333333,0.6683333333333333,0.7452777777777778,15,300,FM-Full_A-None_AdaBN-F
Yang2025,ATCNet,5,8,0.7533333333333333,0.7533333333333334,0.8322222222222223,0.8016666666666666,0.8016666666666666,0.8709333333333333,15,300,FM-Full_A-None_AdaBN-F
Yang2025,ATCNet,5,11,0.7583333333333333,0.7583333333333333,0.8633666666666667,0.84,0.8400000000000001,0.9107222222222222,15,300,FM-Full_A-None_AdaBN-F
Yang2025,ATCNet,5,15,0.6583333333333333,0.6583333333333333,0.7264222222222221,0.645,0.645,0.692111111111111,15,300,FM-Full_A-None_AdaBN-F
Yang2025,ATCNet,5,19,0.695,0.6950000000000001,0.8004444444444444,0.785,0.785,0.8768111111111112,15,300,FM-Full_A-None_AdaBN-F
Yang2025,ATCNet,5,21,0.7483333333333333,0.7483333333333333,0.8457666666666666,0.77,0.77,0.8564777777777778,15,300,FM-Full_A-None_AdaBN-F
Yang2025,ATCNet,5,23,0.7913188647746243,0.7912486064659978,0.8626867335562988,0.8514190317195326,0.8515161649944258,0.9328316610925308,15,300,FM-Full_A-None_AdaBN-F
Yang2025,ATCNet,5,29,0.8616666666666667,0.8616666666666667,0.9444888888888888,0.9333333333333332,0.9333333333333332,0.9890333333333334,15,300,FM-Full_A-None_AdaBN-F
Yang2025,ATCNet,5,39,0.7183333333333334,0.7183333333333333,0.7964333333333333,0.7583333333333333,0.7583333333333333,0.8512555555555555,15,300,FM-Full_A-None_AdaBN-F
Yang2025,ATCNet,5,43,0.775,0.775,0.8607333333333334,0.8616666666666667,0.8616666666666667,0.9344666666666668,15,300,FM-Full_A-None_AdaBN-F
Yang2025,ATCNet,5,51,0.7233333333333334,0.7233333333333334,0.7977888888888889,0.79,0.79,0.8713666666666666,15,300,FM-Full_A-None_AdaBN-F
BI2015a,ShallowConvNet,1,5,0.8703703703703703,0.706060606060606,0.860090807060504,0.898989898989899,0.7656565656565657,0.9092745638200184,20,250,FM-Full_A-None_AdaBN-F
BI2015a,ShallowConvNet,1,9,0.8423423423423423,0.6657657657657658,0.7932351270189107,0.8656156156156156,0.7013513513513514,0.8480683386088792,20,250,FM-Full_A-None_AdaBN-F
BI2015a,ShallowConvNet,1,13,0.8596491228070176,0.6859649122807017,0.8652585410895659,0.9064327485380116,0.7964912280701755,0.9341489689135116,20,250,FM-Full_A-None_AdaBN-F
BI2015a,ShallowConvNet,1,25,0.8266283524904214,0.5522988505747126,0.6800105694279297,0.8453065134099617,0.6186781609195402,0.7777513542079535,20,250,FM-Full_A-None_AdaBN-F
BI2015a,ShallowConvNet,1,26,0.8673835125448028,0.7032258064516129,0.8745404092958725,0.906810035842294,0.778494623655914,0.9265059544456006,20,250,FM-Full_A-None_AdaBN-F
BI2015a,ShallowConvNet,1,35,0.8264895330112721,0.5693236714975846,0.6935307708464609,0.8160225442834138,0.5794685990338164,0.6658125043758314,20,250,FM-Full_A-None_AdaBN-F
BI2015a,ShallowConvNet,1,37,0.7742063492063492,0.5216666666666666,0.5597823129251701,0.8222222222222222,0.5876190476190476,0.6943174603174603,20,250,FM-Full_A-None_AdaBN-F
BI2015a,ShallowConvNet,1,38,0.8445945945945946,0.6202702702702703,0.7464856748640532,0.8663663663663663,0.6783783783783783,0.8605429754078403,20,250,FM-Full_A-None_AdaBN-F
BI2015a,ShallowConvNet,1,40,0.8410493827160493,0.6540123456790123,0.7982815119646395,0.8739711934156379,0.6996913580246914,0.8701979500076208,20,250,FM-Full_A-None_AdaBN-F
BI2015a,ShallowConvNet,2,4,0.6659722222222222,0.6779166666666667,0.7765104166666668,0.8847222222222222,0.7658333333333334,0.9016770833333334,20,250,FM-Full_A-None_AdaBN-F
BI2015a,ShallowConvNet,2,7,0.1666666666666666,0.5,0.4991325451749328,0.8488562091503268,0.6877450980392157,0.8420078815840062,20,250,FM-Full_A-None_AdaBN-F
BI2015a,ShallowConvNet,2,14,0.7834757834757835,0.4974358974358974,0.576152385126744,0.8433048433048433,0.6341880341880342,0.7721418657316093,20,250,FM-Full_A-None_AdaBN-F
BI2015a,ShallowConvNet,2,16,0.8571428571428571,0.6704761904761904,0.8374784580498867,0.8761904761904762,0.7314285714285714,0.8837641723356008,20,250,FM-Full_A-None_AdaBN-F
BI2015a,ShallowConvNet,2,18,0.7592592592592593,0.537037037037037,0.5850342935528121,0.8345679012345679,0.6207407407407407,0.7517887517146776,20,250,FM-Full_A-None_AdaBN-F
BI2015a,ShallowConvNet,2,20,0.8302469135802469,0.5677777777777778,0.7305349794238684,0.858641975308642,0.6825925925925926,0.8376268861454046,20,250,FM-Full_A-None_AdaBN-F
BI2015a,ShallowConvNet,2,28,0.8377777777777777,0.5853333333333333,0.7630688888888889,0.8405555555555555,0.6283333333333333,0.7812444444444444,20,250,FM-Full_A-None_AdaBN-F
BI2015a,ShallowConvNet,2,32,0.8611111111111112,0.6973118279569892,0.8534628280726095,0.8870967741935484,0.732258064516129,0.8714070990865996,20,250,FM-Full_A-None_AdaBN-F
BI2015a,ShallowConvNet,2,41,0.7166666666666667,0.5707407407407408,0.6364759945130316,0.8537037037037037,0.6677777777777778,0.8021056241426612,20,250,FM-Full_A-None_AdaBN-F
BI2015a,ShallowConvNet,3,1,0.5922114608555287,0.5385801368807904,0.542442287801765,0.835956416464891,0.620283444466451,0.7731517058750174,20,250,FM-Full_A-None_AdaBN-F
BI2015a,ShallowConvNet,3,6,0.759469696969697,0.5602272727272728,0.6542441460055096,0.8642676767676768,0.6867424242424243,0.8447227961432507,20,250,FM-Full_A-None_AdaBN-F
BI2015a,ShallowConvNet,3,10,0.8611111111111112,0.6672043010752688,0.8293386518672679,0.8844086021505376,0.7306451612903226,0.8954908081859175,20,250,FM-Full_A-None_AdaBN-F
BI2015a,ShallowConvNet,3,12,0.8239247311827957,0.5836021505376344,0.7067652329749103,0.8481182795698925,0.6336021505376344,0.7834229390681003,20,250,FM-Full_A-None_AdaBN-F
BI2015a,ShallowConvNet,3,17,0.8222222222222222,0.6148148148148148,0.755122085048011,0.8567901234567902,0.6666666666666666,0.8218957475994512,20,250,FM-Full_A-None_AdaBN-F
BI2015a,ShallowConvNet,3,27,0.8111814345991561,0.5314345991561181,0.6317372572059321,0.819971870604782,0.5848101265822785,0.7289661557086649,20,250,FM-Full_A-None_AdaBN-F
BI2015a,ShallowConvNet,3,30,0.8240740740740741,0.7537037037037038,0.8521033379058071,0.911522633744856,0.8135802469135802,0.9352613930803232,20,250,FM-Full_A-None_AdaBN-F
BI2015a,ShallowConvNet,3,31,0.7574074074074074,0.5406666666666666,0.5966429629629629,0.817037037037037,0.5640000000000001,0.7219328395061729,20,250,FM-Full_A-None_AdaBN-F
BI2015a,ShallowConvNet,3,42,0.8187134502923976,0.5719298245614035,0.7191700010259567,0.8333333333333334,0.6087719298245614,0.7552289593379159,20,250,FM-Full_A-None_AdaBN-F
BI2015a,ShallowConvNet,4,2,0.8492063492063492,0.5904761904761905,0.7962522045855378,0.8809523809523809,0.7206349206349206,0.8679232804232804,20,250,FM-Full_A-None_AdaBN-F
BI2015a,ShallowConvNet,4,3,0.8448275862068966,0.6379310344827587,0.807273087594134,0.9157088122605364,0.7908045977011494,0.9421389879772756,20,250,FM-Full_A-None_AdaBN-F
BI2015a,ShallowConvNet,4,22,0.8402777777777778,0.6632575757575758,0.7947887970615244,0.8623737373737373,0.6871212121212121,0.8426825068870524,20,250,FM-Full_A-None_AdaBN-F
BI2015a,ShallowConvNet,4,24,0.8541666666666666,0.6699074074074074,0.8382673182441702,0.8873456790123457,0.7361111111111112,0.8928712277091906,20,250,FM-Full_A-None_AdaBN-F
BI2015a,ShallowConvNet,4,33,0.8611111111111112,0.6563492063492063,0.8107804232804233,0.8763227513227513,0.7019841269841269,0.8753968253968254,20,250,FM-Full_A-None_AdaBN-F
BI2015a,ShallowConvNet,4,34,0.8301587301587302,0.6580952380952381,0.7745124716553289,0.8587301587301587,0.6657142857142857,0.838467120181406,20,250,FM-Full_A-None_AdaBN-F
BI2015a,ShallowConvNet,4,36,0.7840277777777778,0.5804166666666667,0.66484375,0.8583333333333333,0.67,0.8313472222222221,20,250,FM-Full_A-None_AdaBN-F
BI2015a,ShallowConvNet,4,43,0.8917624521072797,0.7327586206896551,0.888816224071872,0.9099616858237548,0.796551724137931,0.929482098031444,20,250,FM-Full_A-None_AdaBN-F
BI2015a,ShallowConvNet,5,8,0.798941798941799,0.6476190476190476,0.740441546989166,0.8650793650793651,0.6936507936507936,0.8274029982363317,20,250,FM-Full_A-None_AdaBN-F
BI2015a,ShallowConvNet,5,11,0.8215277777777777,0.5345833333333333,0.6241354166666666,0.8506944444444444,0.65375,0.7847465277777778,20,250,FM-Full_A-None_AdaBN-F
BI2015a,ShallowConvNet,5,15,0.8182539682539682,0.6871428571428572,0.7792879818594104,0.8817460317460317,0.7233333333333334,0.8534467120181406,20,250,FM-Full_A-None_AdaBN-F
BI2015a,ShallowConvNet,5,19,0.8261111111111111,0.5983333333333333,0.7335622222222223,0.855,0.6676666666666666,0.8109822222222222,20,250,FM-Full_A-None_AdaBN-F
BI2015a,ShallowConvNet,5,21,0.8563492063492063,0.7328571428571429,0.8421678004535147,0.8968253968253969,0.7647619047619048,0.9079138321995464,20,250,FM-Full_A-None_AdaBN-F
BI2015a,ShallowConvNet,5,23,0.8033625730994152,0.6364035087719297,0.7289550630963373,0.8450292397660819,0.6403508771929824,0.7833179439827639,20,250,FM-Full_A-None_AdaBN-F
BI2015a,ShallowConvNet,5,29,0.8169934640522876,0.5503267973856208,0.6588512965098894,0.8447712418300654,0.6245098039215686,0.78241274723397,20,250,FM-Full_A-None_AdaBN-F
BI2015a,ShallowConvNet,5,39,0.8316326530612245,0.5017006802721088,0.6791036142348095,0.858843537414966,0.6731292517006803,0.8105280207321024,20,250,FM-Full_A-None_AdaBN-F
Lee2019_MI,ShallowConvNet,2,5,0.67,0.67,0.742,0.77,0.77,0.8534,15,200,FM-Full_A-None_AdaBN-F
Lee2019_MI,ShallowConvNet,2,7,0.625,0.625,0.6711,0.69,0.69,0.7458,15,200,FM-Full_A-None_AdaBN-F
Lee2019_MI,ShallowConvNet,2,9,0.72,0.72,0.8155000000000001,0.71,0.71,0.7809500000000001,15,200,FM-Full_A-None_AdaBN-F
Lee2019_MI,ShallowConvNet,2,16,0.72,0.72,0.8136,0.79,0.79,0.8854,15,200,FM-Full_A-None_AdaBN-F
Lee2019_MI,ShallowConvNet,2,25,0.745,0.745,0.8185,0.795,0.7949999999999999,0.8952999999999999,15,200,FM-Full_A-None_AdaBN-F
Lee2019_MI,ShallowConvNet,2,27,0.645,0.645,0.7454000000000002,0.76,0.76,0.8549,15,200,FM-Full_A-None_AdaBN-F
Lee2019_MI,ShallowConvNet,2,34,0.585,0.585,0.5863500000000001,0.59,0.5900000000000001,0.628,15,200,FM-Full_A-None_AdaBN-F
Lee2019_MI,ShallowConvNet,2,35,0.66,0.66,0.78015,0.88,0.88,0.959,15,200,FM-Full_A-None_AdaBN-F
Lee2019_MI,ShallowConvNet,2,38,0.635,0.635,0.7057,0.655,0.655,0.7343000000000001,15,200,FM-Full_A-None_AdaBN-F
Lee2019_MI,ShallowConvNet,2,46,0.635,0.635,0.6830999999999999,0.675,0.675,0.7097,15,200,FM-Full_A-None_AdaBN-F
Lee2019_MI,ShallowConvNet,2,51,0.67,0.6699999999999999,0.7193,0.66,0.66,0.708,15,200,FM-Full_A-None_AdaBN-F
Lee2019_MI,ShallowConvNet,3,1,0.665,0.665,0.7106,0.645,0.645,0.7127,15,200,FM-Full_A-None_AdaBN-F
Lee2019_MI,ShallowConvNet,3,10,0.725,0.7250000000000001,0.7912,0.665,0.665,0.7494,15,200,FM-Full_A-None_AdaBN-F
Lee2019_MI,ShallowConvNet,3,12,0.66,0.6599999999999999,0.7342,0.665,0.665,0.7293999999999999,15,200,FM-Full_A-None_AdaBN-F
Lee2019_MI,ShallowConvNet,3,17,0.605,0.605,0.6321000000000001,0.54,0.54,0.6009,15,200,FM-Full_A-None_AdaBN-F
Lee2019_MI,ShallowConvNet,3,26,0.795,0.7949999999999999,0.8816,0.76,0.76,0.8658,15,200,FM-Full_A-None_AdaBN-F
Lee2019_MI,ShallowConvNet,3,28,0.805,0.8049999999999999,0.906,0.835,0.835,0.9157,15,200,FM-Full_A-None_AdaBN-F
Lee2019_MI,ShallowConvNet,3,31,0.755,0.755,0.8145,0.73,0.73,0.8200999999999999,15,200,FM-Full_A-None_AdaBN-F
Lee2019_MI,ShallowConvNet,3,32,0.725,0.725,0.7935,0.755,0.755,0.8568,15,200,FM-Full_A-None_AdaBN-F
Lee2019_MI,ShallowConvNet,3,37,0.845,0.845,0.9292,0.88,0.88,0.9475,15,200,FM-Full_A-None_AdaBN-F
Lee2019_MI,ShallowConvNet,3,41,0.56,0.5599999999999999,0.6851,0.595,0.595,0.6403,15,200,FM-Full_A-None_AdaBN-F
Lee2019_MI,ShallowConvNet,3,48,0.65,0.6499999999999999,0.6608,0.635,0.635,0.6900000000000001,15,200,FM-Full_A-None_AdaBN-F
Lee2019_MI,ShallowConvNet,4,2,0.73,0.73,0.8268000000000001,0.795,0.7949999999999999,0.8506,15,200,FM-Full_A-None_AdaBN-F
Lee2019_MI,ShallowConvNet,4,3,0.73,0.73,0.8076,0.82,0.8200000000000001,0.8871999999999999,15,200,FM-Full_A-None_AdaBN-F
Lee2019_MI,ShallowConvNet,4,11,0.57,0.5700000000000001,0.6305999999999999,0.59,0.5900000000000001,0.6331,15,200,FM-Full_A-None_AdaBN-F
Lee2019_MI,ShallowConvNet,4,22,0.575,0.5750000000000001,0.6617000000000001,0.585,0.585,0.6339,15,200,FM-Full_A-None_AdaBN-F
Lee2019_MI,ShallowConvNet,4,24,0.555,0.5549999999999999,0.5703,0.575,0.575,0.5993999999999999,15,200,FM-Full_A-None_AdaBN-F
Lee2019_MI,ShallowConvNet,4,30,0.605,0.605,0.6825,0.685,0.685,0.745,15,200,FM-Full_A-None_AdaBN-F
Lee2019_MI,ShallowConvNet,4,36,0.85,0.85,0.9893,0.915,0.915,0.9874,15,200,FM-Full_A-None_AdaBN-F
Lee2019_MI,ShallowConvNet,4,40,0.695,0.6950000000000001,0.7701,0.725,0.7250000000000001,0.8049999999999999,15,200,FM-Full_A-None_AdaBN-F
Lee2019_MI,ShallowConvNet,4,42,0.65,0.65,0.7243999999999999,0.645,0.645,0.6958500000000001,15,200,FM-Full_A-None_AdaBN-F
Lee2019_MI,ShallowConvNet,4,44,0.675,0.6749999999999999,0.8284000000000001,0.77,0.77,0.8604999999999999,15,200,FM-Full_A-None_AdaBN-F
Lee2019_MI,ShallowConvNet,4,47,0.735,0.735,0.8553,0.8,0.8,0.8775999999999999,15,200,FM-Full_A-None_AdaBN-F
Lee2019_MI,ShallowConvNet,5,8,0.64,0.64,0.7074,0.645,0.645,0.6971,15,200,FM-Full_A-None_AdaBN-F
Lee2019_MI,ShallowConvNet,5,15,0.725,0.7250000000000001,0.7662,0.75,0.75,0.8432999999999999,15,200,FM-Full_A-None_AdaBN-F
Lee2019_MI,ShallowConvNet,5,19,0.7,0.7,0.8312,0.76,0.76,0.8476,15,200,FM-Full_A-None_AdaBN-F
Lee2019_MI,ShallowConvNet,5,21,0.875,0.875,0.9747,0.945,0.945,0.9846,15,200,FM-Full_A-None_AdaBN-F
Lee2019_MI,ShallowConvNet,5,23,0.775,0.775,0.8349,0.745,0.745,0.8163,15,200,FM-Full_A-None_AdaBN-F
Lee2019_MI,ShallowConvNet,5,29,0.67,0.6699999999999999,0.75825,0.84,0.8400000000000001,0.91335,15,200,FM-Full_A-None_AdaBN-F
Lee2019_MI,ShallowConvNet,5,39,0.725,0.7250000000000001,0.8315,0.73,0.73,0.8174999999999999,15,200,FM-Full_A-None_AdaBN-F
Lee2019_MI,ShallowConvNet,5,43,0.775,0.7749999999999999,0.8944,0.825,0.825,0.8971,15,200,FM-Full_A-None_AdaBN-F
Lee2019_MI,ShallowConvNet,5,52,0.745,0.745,0.8206,0.75,0.75,0.8125,15,200,FM-Full_A-None_AdaBN-F
Lee2019_MI,ShallowConvNet,5,54,0.615,0.615,0.6973,0.655,0.655,0.70275,15,200,FM-Full_A-None_AdaBN-F
Lee2019_MI,ATCNet,1,4,0.75,0.75,0.8313,0.74,0.74,0.8297,30,100,FM-Full_A-None_AdaBN-F
Lee2019_MI,ATCNet,1,6,0.68,0.6799999999999999,0.8124,0.795,0.7949999999999999,0.8926000000000001,30,100,FM-Full_A-None_AdaBN-F
Lee2019_MI,ATCNet,1,13,0.545,0.5449999999999999,0.6399999999999999,0.59,0.59,0.6291,30,100,FM-Full_A-None_AdaBN-F
Lee2019_MI,ATCNet,1,14,0.62,0.62,0.7003,0.7,0.7,0.7352,30,100,FM-Full_A-None_AdaBN-F
Lee2019_MI,ATCNet,1,18,0.815,0.815,0.9141,0.855,0.855,0.9519,30,100,FM-Full_A-None_AdaBN-F
Lee2019_MI,ATCNet,1,20,0.745,0.745,0.8368,0.745,0.745,0.8389,30,100,FM-Full_A-None_AdaBN-F
Lee2019_MI,ATCNet,1,33,0.955,0.955,0.9902,0.945,0.945,0.9949,30,100,FM-Full_A-None_AdaBN-F
Lee2019_MI,ATCNet,1,45,0.73,0.73,0.9034,0.805,0.8049999999999999,0.9153,30,100,FM-Full_A-None_AdaBN-F
Lee2019_MI,ATCNet,1,49,0.72,0.72,0.8398999999999999,0.79,0.79,0.8925,30,100,FM-Full_A-None_AdaBN-F
Lee2019_MI,ATCNet,1,50,0.56,0.5599999999999999,0.6265000000000001,0.57,0.5700000000000001,0.6125999999999999,30,100,FM-Full_A-None_AdaBN-F
Lee2019_MI,ATCNet,1,53,0.65,0.65,0.6969,0.66,0.6599999999999999,0.7271,30,100,FM-Full_A-None_AdaBN-F
Lee2019_MI,ATCNet,2,5,0.79,0.79,0.8898,0.855,0.855,0.9359,30,100,FM-Full_A-None_AdaBN-F
Lee2019_MI,ATCNet,2,7,0.57,0.5700000000000001,0.6475,0.615,0.615,0.6815999999999999,30,100,FM-Full_A-None_AdaBN-F
Lee2019_MI,ATCNet,2,9,0.83,0.8300000000000001,0.9199,0.805,0.805,0.88,30,100,FM-Full_A-None_AdaBN-F
Lee2019_MI,ATCNet,2,16,0.765,0.765,0.8514,0.83,0.8300000000000001,0.9078,30,100,FM-Full_A-None_AdaBN-F
Lee2019_MI,ATCNet,2,25,0.745,0.745,0.8424,0.82,0.8200000000000001,0.9082,30,100,FM-Full_A-None_AdaBN-F
Lee2019_MI,ATCNet,2,27,0.615,0.615,0.6786000000000001,0.705,0.7050000000000001,0.7777999999999999,30,100,FM-Full_A-None_AdaBN-F
Lee2019_MI,ATCNet,2,34,0.515,0.515,0.5276,0.56,0.56,0.5665,30,100,FM-Full_A-None_AdaBN-F
Lee2019_MI,ATCNet,2,35,0.635,0.635,0.8308,0.8,0.8,0.9613,30,100,FM-Full_A-None_AdaBN-F
Lee2019_MI,ATCNet,2,38,0.58,0.58,0.6779999999999999,0.625,0.625,0.6756000000000001,30,100,FM-Full_A-None_AdaBN-F
Lee2019_MI,ATCNet,2,46,0.655,0.655,0.7464000000000001,0.665,0.665,0.7302,30,100,FM-Full_A-None_AdaBN-F
Lee2019_MI,ATCNet,2,51,0.605,0.605,0.6967000000000001,0.62,0.62,0.6582999999999999,30,100,FM-Full_A-None_AdaBN-F
Lee2019_MI,ATCNet,3,1,0.725,0.725,0.8648,0.82,0.8200000000000001,0.9034,30,100,FM-Full_A-None_AdaBN-F
Lee2019_MI,ATCNet,3,10,0.715,0.715,0.8013,0.71,0.71,0.8003999999999999,30,100,FM-Full_A-None_AdaBN-F
Lee2019_MI,ATCNet,3,12,0.685,0.685,0.7775999999999998,0.755,0.755,0.8458999999999999,30,100,FM-Full_A-None_AdaBN-F
Lee2019_MI,ATCNet,3,17,0.615,0.615,0.6664000000000001,0.595,0.595,0.6234,30,100,FM-Full_A-None_AdaBN-F
Lee2019_MI,ATCNet,3,26,0.695,0.6950000000000001,0.8017000000000001,0.755,0.755,0.8465,30,100,FM-Full_A-None_AdaBN-F
Lee2019_MI,ATCNet,3,28,0.91,0.91,0.9681,0.935,0.935,0.9815,30,100,FM-Full_A-None_AdaBN-F
Lee2019_MI,ATCNet,3,31,0.735,0.7350000000000001,0.7972999999999999,0.73,0.73,0.8306999999999999,30,100,FM-Full_A-None_AdaBN-F
Lee2019_MI,ATCNet,3,32,0.935,0.935,0.9842,0.97,0.97,0.9959,30,100,FM-Full_A-None_AdaBN-F
Lee2019_MI,ATCNet,3,37,0.905,0.905,0.9755,0.95,0.95,0.9915,30,100,FM-Full_A-None_AdaBN-F
Lee2019_MI,ATCNet,3,41,0.535,0.535,0.5896,0.57,0.5700000000000001,0.6112,30,100,FM-Full_A-None_AdaBN-F
Lee2019_MI,ATCNet,3,48,0.59,0.59,0.6688000000000001,0.69,0.69,0.7424999999999999,30,100,FM-Full_A-None_AdaBN-F
Lee2019_MI,ATCNet,4,2,0.685,0.685,0.7401,0.645,0.645,0.7200000000000001,30,100,FM-Full_A-None_AdaBN-F
Lee2019_MI,ATCNet,4,3,0.82,0.8200000000000001,0.9009,0.855,0.855,0.9395,30,100,FM-Full_A-None_AdaBN-F
Lee2019_MI,ATCNet,4,11,0.52,0.52,0.5572999999999999,0.52,0.52,0.5187999999999999,30,100,FM-Full_A-None_AdaBN-F
Lee2019_MI,ATCNet,4,22,0.74,0.74,0.815,0.765,0.7649999999999999,0.8321999999999998,30,100,FM-Full_A-None_AdaBN-F
Lee2019_MI,ATCNet,4,24,0.595,0.595,0.6264,0.66,0.6599999999999999,0.6996,30,100,FM-Full_A-None_AdaBN-F
Lee2019_MI,ATCNet,4,30,0.595,0.595,0.6745,0.635,0.635,0.6827999999999999,30,100,FM-Full_A-None_AdaBN-F
Lee2019_MI,ATCNet,4,36,0.97,0.97,0.9991,0.985,0.985,0.9984,30,100,FM-Full_A-None_AdaBN-F
Lee2019_MI,ATCNet,4,40,0.705,0.7050000000000001,0.7906,0.69,0.69,0.7812,30,100,FM-Full_A-None_AdaBN-F
Lee2019_MI,ATCNet,4,42,0.63,0.63,0.6587000000000001,0.65,0.6499999999999999,0.7428000000000001,30,100,FM-Full_A-None_AdaBN-F
Lee2019_MI,ATCNet,4,44,0.775,0.7749999999999999,0.9571,0.86,0.86,0.9597,30,100,FM-Full_A-None_AdaBN-F
Lee2019_MI,ATCNet,4,47,0.7,0.7,0.8822,0.75,0.75,0.805,30,100,FM-Full_A-None_AdaBN-F
Lee2019_MI,ATCNet,5,8,0.765,0.765,0.8497999999999999,0.765,0.765,0.8466,30,100,FM-Full_A-None_AdaBN-F
Lee2019_MI,ATCNet,5,15,0.675,0.675,0.7299,0.775,0.775,0.8506,30,100,FM-Full_A-None_AdaBN-F
Lee2019_MI,ATCNet,5,19,0.71,0.71,0.8467000000000001,0.74,0.74,0.8209000000000001,30,100,FM-Full_A-None_AdaBN-F
Lee2019_MI,ATCNet,5,21,0.89,0.89,0.9914,0.95,0.95,0.987,30,100,FM-Full_A-None_AdaBN-F
Lee2019_MI,ATCNet,5,23,0.81,0.81,0.9191,0.84,0.8400000000000001,0.9269,30,100,FM-Full_A-None_AdaBN-F
Lee2019_MI,ATCNet,5,29,0.76,0.76,0.8139,0.845,0.845,0.9062,30,100,FM-Full_A-None_AdaBN-F
Lee2019_MI,ATCNet,5,39,0.77,0.77,0.868,0.77,0.77,0.8473,30,100,FM-Full_A-None_AdaBN-F
Lee2019_MI,ATCNet,5,43,0.78,0.78,0.8911000000000001,0.775,0.7749999999999999,0.8825000000000001,30,100,FM-Full_A-None_AdaBN-F
Lee2019_MI,ATCNet,5,52,0.76,0.76,0.8103999999999999,0.76,0.76,0.8416,30,100,FM-Full_A-None_AdaBN-F
Lee2019_MI,ATCNet,5,54,0.54,0.54,0.6063999999999999,0.63,0.63,0.6589,30,100,FM-Full_A-None_AdaBN-F
Huebner2017,EEGNetv4,1,1,0.9340856031128404,0.8676224238253548,0.982614119273238,0.9767315175097276,0.9675020286853688,0.9950563582795672,12,6250,FM-Full_A-None_AdaBN-F
Huebner2017,EEGNetv4,1,10,0.9607231920199502,0.9398210867622564,0.9890220921536812,0.9846477556109726,0.9788445962910668,0.9977114791186896,12,6250,FM-Full_A-None_AdaBN-F
Huebner2017,EEGNetv4,1,12,0.8583099906629318,0.7018849206349206,0.964573299642744,0.9632741985683162,0.9471408221408222,0.9905945086169954,12,6250,FM-Full_A-None_AdaBN-F
Huebner2017,EEGNetv4,2,3,0.916420233463035,0.8696919992526038,0.9584077431433936,0.953929961089494,0.9345081602421824,0.9855719008095356,12,6250,FM-Full_A-None_AdaBN-F
Huebner2017,EEGNetv4,2,6,0.8991243432574431,0.9290696690863542,0.991397266910591,0.98353765323993,0.9773745664033644,0.9968039704362244,12,6250,FM-Full_A-None_AdaBN-F
Huebner2017,EEGNetv4,2,9,0.9415655150949268,0.950574888074888,0.9910288476343372,0.978602552131964,0.9713573463573464,0.9966919776774272,12,6250,FM-Full_A-None_AdaBN-F
Huebner2017,EEGNetv4,3,2,0.8849206349206349,0.8872100122100122,0.9537073544596693,0.956504824151883,0.940768722018722,0.9869141260096946,12,6250,FM-Full_A-None_AdaBN-F
Huebner2017,EEGNetv4,3,5,0.8394024276377218,0.8421092796092796,0.9160013037741211,0.9358076563958916,0.9076617826617828,0.9719244921377858,12,6250,FM-Full_A-None_AdaBN-F
Huebner2017,EEGNetv4,3,13,0.9430394521827096,0.918801617183626,0.9763709125543868,0.9743210645085986,0.963979625295388,0.9929457693494276,12,6250,FM-Full_A-None_AdaBN-F
Huebner2017,EEGNetv4,4,8,0.7932295719844358,0.5697234391642085,0.8814143208225236,0.9156420233463036,0.8774241578599913,0.9586241070822792,12,6250,FM-Full_A-None_AdaBN-F
Huebner2017,EEGNetv4,4,11,0.7986613744260254,0.5976502388668353,0.8302043549827872,0.8772667133629076,0.8210433322813986,0.9136654601175236,12,6250,FM-Full_A-None_AdaBN-F
Huebner2017,EEGNetv4,5,4,0.9464591439688717,0.8958579010227697,0.9898732993774212,0.9852140077821012,0.980488341049607,0.9979985410157912,12,6250,FM-Full_A-None_AdaBN-F
Huebner2017,EEGNetv4,5,7,0.9749455337690632,0.965417684167684,0.9958282794757664,0.9931528166822284,0.9902574277574278,0.9994856976503802,12,6250,FM-Full_A-None_AdaBN-F
Huebner2018,ATCNet,1,1,0.9420827789060858,0.9003195609226381,0.9758232427965232,0.9805308494992646,0.9719202465994182,0.9952234309787658,3,14000,FM-Full_A-None_AdaBN-F
Huebner2018,ATCNet,1,10,0.8371848739495799,0.7349931318681319,0.8536214269361591,0.9371148459383754,0.9181891025641026,0.975268756541078,3,14000,FM-Full_A-None_AdaBN-F
Huebner2018,ATCNet,1,11,0.8338725559150373,0.7336614867370073,0.8434409668248869,0.9281896187930792,0.9004752244180226,0.965398622525566,3,14000,FM-Full_A-None_AdaBN-F
Huebner2018,ATCNet,2,3,0.967436974789916,0.9544986263736264,0.991181305054073,0.9843837535014006,0.977014652014652,0.99698656626112,3,14000,FM-Full_A-None_AdaBN-F
Huebner2018,ATCNet,2,6,0.8210084033613445,0.6319024725274726,0.8889409722222221,0.9831932773109244,0.9762362637362638,0.9968415996206176,3,14000,FM-Full_A-None_AdaBN-F
Huebner2018,ATCNet,2,9,0.7934028993627005,0.5812033905512017,0.8300931180467425,0.9543385391133832,0.9328513480215788,0.9827250255125404,3,14000,FM-Full_A-None_AdaBN-F
Huebner2018,ATCNet,3,2,0.9589635854341736,0.946485805860806,0.9811813186813187,0.98515406162465,0.9795787545787548,0.9973741523853132,3,14000,FM-Full_A-None_AdaBN-F
Huebner2018,ATCNet,3,12,0.8006302521008404,0.7595123626373627,0.834742867499564,0.9396358543417368,0.9172619047619048,0.9744596115689866,3,14000,FM-Full_A-None_AdaBN-F
Huebner2018,ATCNet,4,5,0.813857363037691,0.6336581945862457,0.8665041405970487,0.9352669188734762,0.9091575532081992,0.9712160195074916,3,14000,FM-Full_A-None_AdaBN-F
Huebner2018,ATCNet,4,8,0.7935574229691876,0.5741872710622711,0.7762843406593407,0.9322128851540616,0.90797847985348,0.969818130777952,3,14000,FM-Full_A-None_AdaBN-F
Huebner2018,ATCNet,5,4,0.9253501400560225,0.8587797619047619,0.9691914001177394,0.9650560224089636,0.9488209706959708,0.9883383209052852,3,14000,FM-Full_A-None_AdaBN-F
Huebner2018,ATCNet,5,7,0.8504483048472962,0.6929012022544452,0.9046668880542325,0.94459232277949,0.9231847310195608,0.9784415951246748,3,14000,FM-Full_A-None_AdaBN-F
BI2015a,DeepConvNet,1,5,0.9065656565656566,0.7782828282828282,0.9356290174471992,0.9385521885521886,0.8823232323232324,0.9656208550147944,20,750,FM-Full_A-None_AdaBN-F
BI2015a,DeepConvNet,1,9,0.8798798798798799,0.6972972972972973,0.8647593539485432,0.9114114114114116,0.8153153153153153,0.9278792305819334,20,750,FM-Full_A-None_AdaBN-F
BI2015a,DeepConvNet,1,13,0.9100877192982456,0.8390350877192982,0.9328639581409665,0.9502923976608189,0.8964912280701754,0.9690866420437058,20,750,FM-Full_A-None_AdaBN-F
BI2015a,DeepConvNet,1,25,0.853448275862069,0.6431034482758621,0.8024309684238341,0.8864942528735632,0.7663793103448275,0.8952156823886908,20,750,FM-Full_A-None_AdaBN-F
BI2015a,DeepConvNet,1,26,0.92831541218638,0.8623655913978494,0.9567522256908312,0.956989247311828,0.913978494623656,0.9777719967626316,20,750,FM-Full_A-None_AdaBN-F
BI2015a,DeepConvNet,1,35,0.8494363929146538,0.5608695652173913,0.810336297229807,0.8486312399355878,0.6898550724637681,0.811621624775374,20,750,FM-Full_A-None_AdaBN-F
BI2015a,DeepConvNet,1,37,0.8051587301587302,0.5697619047619047,0.6420839002267574,0.875,0.7516666666666667,0.8741303854875283,20,750,FM-Full_A-None_AdaBN-F
BI2015a,DeepConvNet,1,38,0.8543543543543544,0.7,0.8278629981332684,0.9264264264264264,0.845945945945946,0.947126856586316,20,750,FM-Full_A-None_AdaBN-F
BI2015a,DeepConvNet,1,40,0.8878600823045267,0.7067901234567902,0.9075769699740894,0.9248971193415638,0.8351851851851853,0.9392794543514708,20,750,FM-Full_A-None_AdaBN-F
BI2015a,DeepConvNet,2,4,0.8916666666666667,0.8583333333333334,0.9342083333333332,0.9541666666666668,0.9075,0.9705243055555556,20,750,FM-Full_A-None_AdaBN-F
BI2015a,DeepConvNet,2,7,0.8611111111111112,0.6519607843137255,0.8174932718185313,0.9354575163398692,0.871078431372549,0.948558246828143,20,750,FM-Full_A-None_AdaBN-F
BI2015a,DeepConvNet,2,14,0.7528490028490028,0.544017094017094,0.5603258090437577,0.8696581196581197,0.7371794871794872,0.8704799474030243,20,750,FM-Full_A-None_AdaBN-F
BI2015a,DeepConvNet,2,16,0.9111111111111112,0.8361904761904762,0.9406167800453514,0.9428571428571428,0.8857142857142857,0.9613968253968254,20,750,FM-Full_A-None_AdaBN-F
BI2015a,DeepConvNet,2,18,0.8475308641975309,0.5914814814814815,0.764633744855967,0.8969135802469136,0.7796296296296297,0.8969849108367627,20,750,FM-Full_A-None_AdaBN-F
BI2015a,DeepConvNet,2,20,0.8901234567901235,0.8155555555555556,0.9123429355281208,0.937037037037037,0.8792592592592593,0.9588038408779148,20,750,FM-Full_A-None_AdaBN-F
BI2015a,DeepConvNet,2,28,0.8716666666666667,0.7216666666666667,0.8787555555555556,0.9011111111111112,0.8046666666666666,0.9127577777777776,20,750,FM-Full_A-None_AdaBN-F
BI2015a,DeepConvNet,2,32,0.9112903225806452,0.839247311827957,0.9166608856515204,0.9390681003584228,0.8666666666666667,0.945346282807261,20,750,FM-Full_A-None_AdaBN-F
BI2015a,DeepConvNet,2,41,0.812962962962963,0.6285185185185185,0.7358792866941015,0.9166666666666666,0.827037037037037,0.9347983539094652,20,750,FM-Full_A-None_AdaBN-F
BI2015a,DeepConvNet,3,1,0.8141646489104116,0.5131167888030633,0.5670538353762754,0.8716707021791767,0.7450170550824146,0.8611092772312816,20,750,FM-Full_A-None_AdaBN-F
BI2015a,DeepConvNet,3,6,0.8440656565656566,0.6746212121212122,0.8078282828282828,0.9160353535353536,0.8026515151515152,0.9395316804407714,20,750,FM-Full_A-None_AdaBN-F
BI2015a,DeepConvNet,3,10,0.8978494623655914,0.7731182795698925,0.8941149265811076,0.9327956989247312,0.8693548387096774,0.9571106486298994,20,750,FM-Full_A-None_AdaBN-F
BI2015a,DeepConvNet,3,12,0.8342293906810035,0.6123655913978494,0.7919036882876632,0.8669354838709677,0.7330645161290322,0.8584402821135392,20,750,FM-Full_A-None_AdaBN-F
BI2015a,DeepConvNet,3,17,0.8814814814814815,0.7214814814814815,0.8642688614540467,0.915432098765432,0.8188888888888889,0.9148312757201646,20,750,FM-Full_A-None_AdaBN-F
BI2015a,DeepConvNet,3,27,0.8305203938115331,0.5675105485232068,0.7049956381633997,0.8625175808720112,0.7276371308016878,0.8442842137121901,20,750,FM-Full_A-None_AdaBN-F
BI2015a,DeepConvNet,3,30,0.9300411522633744,0.8493827160493828,0.8897805212620027,0.9598765432098766,0.901851851851852,0.9691739064167048,20,750,FM-Full_A-None_AdaBN-F
BI2015a,DeepConvNet,3,31,0.8155555555555556,0.5302222222222223,0.63968,0.8462962962962963,0.6855555555555555,0.8092859259259261,20,750,FM-Full_A-None_AdaBN-F
BI2015a,DeepConvNet,3,42,0.8596491228070176,0.623391812865497,0.8157672446222772,0.8615984405458089,0.7111111111111111,0.8468810916179337,20,750,FM-Full_A-None_AdaBN-F
BI2015a,DeepConvNet,4,2,0.9041005291005292,0.7503968253968254,0.932161753590325,0.9292328042328042,0.8496031746031746,0.952799823633157,20,750,FM-Full_A-None_AdaBN-F
BI2015a,DeepConvNet,4,3,0.8477011494252874,0.7132183908045977,0.8322169375082573,0.9482758620689656,0.8885057471264368,0.976139516448672,20,750,FM-Full_A-None_AdaBN-F
BI2015a,DeepConvNet,4,22,0.8819444444444444,0.7246212121212121,0.8642848943985308,0.9223484848484848,0.8200757575757576,0.9356031910009184,20,750,FM-Full_A-None_AdaBN-F
BI2015a,DeepConvNet,4,24,0.9189814814814816,0.7791666666666667,0.9487525720164608,0.9405864197530864,0.8773148148148149,0.965659293552812,20,750,FM-Full_A-None_AdaBN-F
BI2015a,DeepConvNet,4,33,0.8981481481481481,0.7341269841269841,0.905580750818846,0.9371693121693122,0.8607142857142858,0.9476190476190476,20,750,FM-Full_A-None_AdaBN-F
BI2015a,DeepConvNet,4,34,0.8865079365079365,0.6919047619047619,0.9188344671201814,0.9206349206349206,0.822857142857143,0.9436916099773244,20,750,FM-Full_A-None_AdaBN-F
BI2015a,DeepConvNet,4,36,0.8868055555555555,0.7770833333333333,0.9065833333333334,0.94375,0.8879166666666667,0.964420138888889,20,750,FM-Full_A-None_AdaBN-F
BI2015a,DeepConvNet,4,43,0.9319923371647508,0.846551724137931,0.9604174924032236,0.9636015325670498,0.9229885057471264,0.9820385784119434,20,750,FM-Full_A-None_AdaBN-F
BI2015a,DeepConvNet,5,8,0.8716931216931217,0.7484126984126984,0.8755542957923911,0.9279100529100528,0.8456349206349206,0.946636432350718,20,750,FM-Full_A-None_AdaBN-F
BI2015a,DeepConvNet,5,11,0.8291666666666667,0.6558333333333334,0.7406979166666667,0.9159722222222222,0.8195833333333333,0.9328090277777776,20,750,FM-Full_A-None_AdaBN-F
BI2015a,DeepConvNet,5,15,0.8849206349206349,0.7995238095238095,0.9198548752834468,0.9293650793650794,0.8509523809523809,0.9517097505668932,20,750,FM-Full_A-None_AdaBN-F
BI2015a,DeepConvNet,5,19,0.8827777777777778,0.7869999999999999,0.8821422222222222,0.9022222222222224,0.8066666666666666,0.9024822222222224,20,750,FM-Full_A-None_AdaBN-F
BI2015a,DeepConvNet,5,21,0.915079365079365,0.8119047619047619,0.9324807256235828,0.938095238095238,0.8657142857142857,0.9626802721088435,20,750,FM-Full_A-None_AdaBN-F
BI2015a,DeepConvNet,5,23,0.881578947368421,0.725438596491228,0.8763042474607572,0.8910818713450293,0.7714912280701753,0.9183518005540168,20,750,FM-Full_A-None_AdaBN-F
BI2015a,DeepConvNet,5,29,0.835511982570806,0.5928104575163399,0.7171750181554104,0.8888888888888888,0.7647058823529411,0.8885193728907684,20,750,FM-Full_A-None_AdaBN-F
BI2015a,DeepConvNet,5,39,0.8010204081632653,0.5908163265306122,0.69586052107918,0.8928571428571429,0.7874149659863946,0.9118607987412652,20,750,FM-Full_A-None_AdaBN-F
Huebner2018,EEGNetv4,1,1,0.9588206457034808,0.9473200112080732,0.9891202098569988,0.9770992366412212,0.9672040245487332,0.9938719341340344,12,7000,FM-Full_A-None_AdaBN-F
Huebner2018,EEGNetv4,1,10,0.8969887955182073,0.85816163003663,0.9432878728414444,0.9416666666666668,0.9209592490842492,0.9767979924341532,12,7000,FM-Full_A-None_AdaBN-F
Huebner2018,EEGNetv4,1,11,0.8380222253481502,0.744550447021372,0.8560861870787845,0.9229849486566324,0.8866196721297953,0.9584409592637484,12,7000,FM-Full_A-None_AdaBN-F
Huebner2018,EEGNetv4,2,3,0.9591036414565828,0.9632669413919416,0.9924199535583464,0.9821428571428572,0.9749313186813188,0.9959102591357056,12,7000,FM-Full_A-None_AdaBN-F
Huebner2018,EEGNetv4,2,6,0.907703081232493,0.8182921245421246,0.9621973252442,0.9793417366946778,0.9688759157509156,0.9964563301282052,12,7000,FM-Full_A-None_AdaBN-F
Huebner2018,EEGNetv4,2,9,0.7970446109671545,0.6436439294327494,0.7787237133611573,0.9505567616779886,0.9269790072132892,0.9797787359517484,12,7000,FM-Full_A-None_AdaBN-F
Huebner2018,EEGNetv4,3,2,0.9736694677871148,0.9685668498168498,0.9938791454081634,0.9853641456582634,0.9796130952380953,0.9960547760770976,12,7000,FM-Full_A-None_AdaBN-F
Huebner2018,EEGNetv4,3,12,0.8644957983193278,0.8325892857142858,0.914406533446712,0.9375350140056022,0.913106684981685,0.9707024981466944,12,7000,FM-Full_A-None_AdaBN-F
Huebner2018,EEGNetv4,4,5,0.8471346504133389,0.7029007631089819,0.901036171867501,0.9320442763065714,0.9043722512369434,0.9688323401790622,12,7000,FM-Full_A-None_AdaBN-F
Huebner2018,EEGNetv4,4,8,0.8076330532212885,0.6071886446886448,0.8758007778431884,0.9345238095238096,0.9071199633699634,0.9701797978806908,12,7000,FM-Full_A-None_AdaBN-F
Huebner2018,EEGNetv4,5,4,0.9321428571428572,0.8798076923076923,0.9701975541819292,0.9611344537815126,0.9448145604395604,0.9859160507151578,12,7000,FM-Full_A-None_AdaBN-F
Huebner2018,EEGNetv4,5,7,0.8960493135332026,0.8498282337852693,0.9366486802901812,0.941790417483889,0.9174383604669424,0.9770361657854788,12,7000,FM-Full_A-None_AdaBN-F
MAMEM2,ShallowConvNet,1,2,0.184,0.1986666666666666,0.4826768922305764,0.176,0.1793333333333333,0.4716312781954886,6,50,FM-Full_A-None_AdaBN-F
MAMEM2,ShallowConvNet,1,9,0.192,0.21,0.4975358395989974,0.248,0.244,0.5143530827067668,6,50,FM-Full_A-None_AdaBN-F
MAMEM2,ShallowConvNet,2,1,0.216,0.2173333333333333,0.4895855639097743,0.224,0.2179999999999999,0.525020350877193,6,50,FM-Full_A-None_AdaBN-F
MAMEM2,ShallowConvNet,2,6,0.2,0.21,0.4750488220551377,0.184,0.1933333333333333,0.4557495739348371,6,50,FM-Full_A-None_AdaBN-F
MAMEM2,ShallowConvNet,3,3,0.152,0.1473333333333333,0.4608615538847118,0.152,0.152,0.4978007017543859,6,50,FM-Full_A-None_AdaBN-F
MAMEM2,ShallowConvNet,3,8,0.296,0.284,0.5684208521303258,0.288,0.2853333333333333,0.5585094736842106,6,50,FM-Full_A-None_AdaBN-F
MAMEM2,ShallowConvNet,4,5,0.24,0.2166666666666666,0.5150059147869674,0.144,0.138,0.46651328320802,6,50,FM-Full_A-None_AdaBN-F
MAMEM2,ShallowConvNet,4,10,0.232,0.2066666666666666,0.4765666165413534,0.272,0.2693333333333333,0.5357186967418547,6,50,FM-Full_A-None_AdaBN-F
MAMEM2,ShallowConvNet,5,4,0.176,0.1713333333333333,0.4777397493734335,0.216,0.2153333333333333,0.5096984461152883,6,50,FM-Full_A-None_AdaBN-F
MAMEM2,ShallowConvNet,5,7,0.192,0.1933333333333333,0.4698760902255639,0.144,0.1406666666666666,0.4886823057644109,6,50,FM-Full_A-None_AdaBN-F
MAMEM2,EEGNetv4,1,2,0.224,0.2213333333333333,0.5311340350877192,0.24,0.2339999999999999,0.5474696741854637,3,100,FM-Full_A-None_AdaBN-F
MAMEM2,EEGNetv4,1,9,0.216,0.2153333333333333,0.515519298245614,0.152,0.1453333333333333,0.4866365914786968,3,100,FM-Full_A-None_AdaBN-F
MAMEM2,EEGNetv4,2,1,0.216,0.2186666666666666,0.4902319799498746,0.224,0.214,0.4717734335839599,3,100,FM-Full_A-None_AdaBN-F
MAMEM2,EEGNetv4,2,6,0.12,0.12,0.4511292230576441,0.224,0.2266666666666666,0.5065439598997494,3,100,FM-Full_A-None_AdaBN-F
MAMEM2,EEGNetv4,3,3,0.168,0.1653333333333333,0.4783272180451128,0.168,0.162,0.4864358897243107,3,100,FM-Full_A-None_AdaBN-F
MAMEM2,EEGNetv4,3,8,0.216,0.2153333333333333,0.4904751879699248,0.184,0.176,0.5010925313283208,3,100,FM-Full_A-None_AdaBN-F
MAMEM2,EEGNetv4,4,5,0.232,0.2213333333333333,0.5235598997493733,0.176,0.1666666666666666,0.525713082706767,3,100,FM-Full_A-None_AdaBN-F
MAMEM2,EEGNetv4,4,10,0.232,0.2173333333333333,0.4905389473684211,0.208,0.1986666666666666,0.5041273182957393,3,100,FM-Full_A-None_AdaBN-F
MAMEM2,EEGNetv4,5,4,0.184,0.1706666666666666,0.4162544360902255,0.256,0.2226666666666666,0.4576503258145363,3,100,FM-Full_A-None_AdaBN-F
MAMEM2,EEGNetv4,5,7,0.2,0.1913333333333333,0.5459073684210527,0.216,0.1973333333333333,0.5362987468671678,3,100,FM-Full_A-None_AdaBN-F
Lee2019_MI,DeepConvNet,1,4,0.725,0.7250000000000001,0.7976,0.755,0.755,0.8548,30,200,FM-Full_A-None_AdaBN-F
Lee2019_MI,DeepConvNet,1,6,0.845,0.845,0.9767,0.92,0.92,0.9814,30,200,FM-Full_A-None_AdaBN-F
Lee2019_MI,DeepConvNet,1,13,0.745,0.745,0.8465999999999999,0.755,0.755,0.8394,30,200,FM-Full_A-None_AdaBN-F
Lee2019_MI,DeepConvNet,1,14,0.655,0.655,0.7788,0.725,0.725,0.8138,30,200,FM-Full_A-None_AdaBN-F
Lee2019_MI,DeepConvNet,1,18,0.925,0.925,0.9839,0.935,0.935,0.9892,30,200,FM-Full_A-None_AdaBN-F
Lee2019_MI,DeepConvNet,1,20,0.845,0.845,0.9407,0.88,0.88,0.9299,30,200,FM-Full_A-None_AdaBN-F
Lee2019_MI,DeepConvNet,1,33,0.965,0.965,0.9949,0.96,0.96,0.994,30,200,FM-Full_A-None_AdaBN-F
Lee2019_MI,DeepConvNet,1,45,0.895,0.895,0.9863,0.94,0.94,0.9784,30,200,FM-Full_A-None_AdaBN-F
Lee2019_MI,DeepConvNet,1,49,0.77,0.77,0.9431,0.87,0.87,0.9717,30,200,FM-Full_A-None_AdaBN-F
Lee2019_MI,DeepConvNet,1,50,0.605,0.605,0.722,0.725,0.725,0.789,30,200,FM-Full_A-None_AdaBN-F
Lee2019_MI,DeepConvNet,1,53,0.81,0.81,0.9028,0.83,0.8300000000000001,0.9081,30,200,FM-Full_A-None_AdaBN-F
Lee2019_MI,DeepConvNet,2,5,0.795,0.7949999999999999,0.9021,0.88,0.88,0.9571,30,200,FM-Full_A-None_AdaBN-F
Lee2019_MI,DeepConvNet,2,7,0.72,0.72,0.8077000000000001,0.78,0.78,0.8974,30,200,FM-Full_A-None_AdaBN-F
Lee2019_MI,DeepConvNet,2,9,0.88,0.8799999999999999,0.9422,0.875,0.875,0.943,30,200,FM-Full_A-None_AdaBN-F
Lee2019_MI,DeepConvNet,2,16,0.845,0.845,0.9154,0.85,0.85,0.9227,30,200,FM-Full_A-None_AdaBN-F
Lee2019_MI,DeepConvNet,2,25,0.87,0.87,0.9501,0.905,0.905,0.9716,30,200,FM-Full_A-None_AdaBN-F
Lee2019_MI,DeepConvNet,2,27,0.88,0.88,0.9643,0.9,0.9,0.9734,30,200,FM-Full_A-None_AdaBN-F
Lee2019_MI,DeepConvNet,2,34,0.64,0.64,0.7166500000000001,0.69,0.69,0.7734000000000001,30,200,FM-Full_A-None_AdaBN-F
Lee2019_MI,DeepConvNet,2,35,0.71,0.71,0.9532,0.94,0.94,0.9911,30,200,FM-Full_A-None_AdaBN-F
Lee2019_MI,DeepConvNet,2,38,0.66,0.6599999999999999,0.8463,0.8,0.8,0.8894,30,200,FM-Full_A-None_AdaBN-F
Lee2019_MI,DeepConvNet,2,46,0.695,0.695,0.8272,0.71,0.71,0.7785,30,200,FM-Full_A-None_AdaBN-F
Lee2019_MI,DeepConvNet,2,51,0.74,0.74,0.8291999999999998,0.795,0.795,0.8748,30,200,FM-Full_A-None_AdaBN-F
Lee2019_MI,DeepConvNet,3,1,0.78,0.78,0.8654000000000001,0.785,0.7849999999999999,0.8574,30,200,FM-Full_A-None_AdaBN-F
Lee2019_MI,DeepConvNet,3,10,0.71,0.71,0.8288,0.755,0.755,0.8472500000000001,30,200,FM-Full_A-None_AdaBN-F
Lee2019_MI,DeepConvNet,3,12,0.81,0.81,0.8958,0.79,0.79,0.9073,30,200,FM-Full_A-None_AdaBN-F
Lee2019_MI,DeepConvNet,3,17,0.675,0.675,0.7343999999999999,0.675,0.675,0.7115,30,200,FM-Full_A-None_AdaBN-F
Lee2019_MI,DeepConvNet,3,26,0.85,0.8500000000000001,0.9435,0.89,0.8899999999999999,0.957,30,200,FM-Full_A-None_AdaBN-F
Lee2019_MI,DeepConvNet,3,28,0.915,0.915,0.9809,0.94,0.94,0.981,30,200,FM-Full_A-None_AdaBN-F
Lee2019_MI,DeepConvNet,3,31,0.805,0.8049999999999999,0.9428,0.865,0.865,0.9474,30,200,FM-Full_A-None_AdaBN-F
Lee2019_MI,DeepConvNet,3,32,0.89,0.89,0.9659,0.92,0.92,0.9813,30,200,FM-Full_A-None_AdaBN-F
Lee2019_MI,DeepConvNet,3,37,0.9,0.8999999999999999,0.9794,0.92,0.92,0.9861,30,200,FM-Full_A-None_AdaBN-F
Lee2019_MI,DeepConvNet,3,41,0.615,0.615,0.8922000000000001,0.795,0.795,0.8948,30,200,FM-Full_A-None_AdaBN-F
Lee2019_MI,DeepConvNet,3,48,0.665,0.665,0.7626,0.72,0.72,0.7842000000000001,30,200,FM-Full_A-None_AdaBN-F
Lee2019_MI,DeepConvNet,4,2,0.765,0.765,0.8854,0.86,0.86,0.9091,30,200,FM-Full_A-None_AdaBN-F
Lee2019_MI,DeepConvNet,4,3,0.89,0.89,0.9298,0.925,0.925,0.9812,30,200,FM-Full_A-None_AdaBN-F
Lee2019_MI,DeepConvNet,4,11,0.6,0.6000000000000001,0.732,0.67,0.6699999999999999,0.7549,30,200,FM-Full_A-None_AdaBN-F
Lee2019_MI,DeepConvNet,4,22,0.695,0.6950000000000001,0.8024,0.675,0.675,0.7715,30,200,FM-Full_A-None_AdaBN-F
Lee2019_MI,DeepConvNet,4,24,0.705,0.705,0.8429,0.805,0.8049999999999999,0.8946,30,200,FM-Full_A-None_AdaBN-F
Lee2019_MI,DeepConvNet,4,30,0.805,0.805,0.9226,0.855,0.855,0.9436,30,200,FM-Full_A-None_AdaBN-F
Lee2019_MI,DeepConvNet,4,36,0.97,0.97,0.9992,0.975,0.975,0.9989,30,200,FM-Full_A-None_AdaBN-F
Lee2019_MI,DeepConvNet,4,40,0.77,0.77,0.9757,0.845,0.845,0.9683,30,200,FM-Full_A-None_AdaBN-F
Lee2019_MI,DeepConvNet,4,42,0.735,0.7350000000000001,0.7994,0.73,0.73,0.77645,30,200,FM-Full_A-None_AdaBN-F
Lee2019_MI,DeepConvNet,4,44,0.84,0.8400000000000001,0.9172,0.91,0.91,0.965,30,200,FM-Full_A-None_AdaBN-F
Lee2019_MI,DeepConvNet,4,47,0.845,0.845,0.9538,0.86,0.8600000000000001,0.9436,30,200,FM-Full_A-None_AdaBN-F
Lee2019_MI,DeepConvNet,5,8,0.805,0.805,0.8599,0.795,0.7949999999999999,0.8788,30,200,FM-Full_A-None_AdaBN-F
Lee2019_MI,DeepConvNet,5,15,0.81,0.81,0.8951,0.9,0.8999999999999999,0.9661,30,200,FM-Full_A-None_AdaBN-F
Lee2019_MI,DeepConvNet,5,19,0.76,0.76,0.9199,0.82,0.8200000000000001,0.9346,30,200,FM-Full_A-None_AdaBN-F
Lee2019_MI,DeepConvNet,5,21,0.975,0.975,0.9973,0.97,0.97,0.999,30,200,FM-Full_A-None_AdaBN-F
Lee2019_MI,DeepConvNet,5,23,0.855,0.855,0.8959,0.81,0.81,0.9036,30,200,FM-Full_A-None_AdaBN-F
Lee2019_MI,DeepConvNet,5,29,0.71,0.71,0.8432,0.84,0.8400000000000001,0.9465,30,200,FM-Full_A-None_AdaBN-F
Lee2019_MI,DeepConvNet,5,39,0.825,0.825,0.9247,0.845,0.845,0.9204,30,200,FM-Full_A-None_AdaBN-F
Lee2019_MI,DeepConvNet,5,43,0.885,0.885,0.9654,0.88,0.88,0.9638,30,200,FM-Full_A-None_AdaBN-F
Lee2019_MI,DeepConvNet,5,52,0.765,0.765,0.897,0.865,0.865,0.9477,30,200,FM-Full_A-None_AdaBN-F
Lee2019_MI,DeepConvNet,5,54,0.75,0.75,0.8085,0.755,0.755,0.8394000000000001,30,200,FM-Full_A-None_AdaBN-F
BI2015a,ShallowConvNet,1,5,0.877104377104377,0.6737373737373737,0.8880675441281503,0.914141414141414,0.801010101010101,0.9333792470156106,20,750,FM-Full_A-None_AdaBN-F
BI2015a,ShallowConvNet,1,9,0.8761261261261262,0.7076576576576576,0.8460960960960962,0.8956456456456456,0.7536036036036036,0.893957470984498,20,750,FM-Full_A-None_AdaBN-F
BI2015a,ShallowConvNet,1,13,0.8698830409356725,0.7412280701754386,0.8959218220991074,0.9283625730994152,0.8412280701754387,0.9549746075715604,20,750,FM-Full_A-None_AdaBN-F
BI2015a,ShallowConvNet,1,25,0.8386015325670498,0.5456896551724137,0.7430506011362135,0.8553639846743295,0.6603448275862069,0.8215632844497291,20,750,FM-Full_A-None_AdaBN-F
BI2015a,ShallowConvNet,1,26,0.8924731182795699,0.7849462365591398,0.9162215285004048,0.921146953405018,0.8258064516129032,0.9470343392299688,20,750,FM-Full_A-None_AdaBN-F
BI2015a,ShallowConvNet,1,35,0.8365539452495975,0.5579710144927537,0.7437524796377979,0.8148148148148148,0.5845410628019324,0.699039650866998,20,750,FM-Full_A-None_AdaBN-F
BI2015a,ShallowConvNet,1,37,0.8202380952380952,0.5178571428571428,0.6009965986394558,0.8361111111111111,0.6245238095238095,0.7676768707482993,20,750,FM-Full_A-None_AdaBN-F
BI2015a,ShallowConvNet,1,38,0.8460960960960962,0.6337837837837839,0.7944485025566107,0.8926426426426426,0.7572072072072071,0.8976381787192597,20,750,FM-Full_A-None_AdaBN-F
BI2015a,ShallowConvNet,1,40,0.86059670781893,0.6546296296296297,0.8390355890870295,0.8966049382716049,0.7589506172839506,0.9031416704770612,20,750,FM-Full_A-None_AdaBN-F
BI2015a,ShallowConvNet,2,4,0.7583333333333333,0.7433333333333334,0.8509618055555555,0.9111111111111112,0.8200000000000001,0.9367083333333333,20,750,FM-Full_A-None_AdaBN-F
BI2015a,ShallowConvNet,2,7,0.8243464052287581,0.4985294117647059,0.6736014994232987,0.8790849673202614,0.7372549019607844,0.8920511341791618,20,750,FM-Full_A-None_AdaBN-F
BI2015a,ShallowConvNet,2,14,0.8333333333333334,0.5136752136752137,0.5849276791584483,0.8582621082621082,0.6653846153846155,0.829918182482285,20,750,FM-Full_A-None_AdaBN-F
BI2015a,ShallowConvNet,2,16,0.8658730158730159,0.6699999999999999,0.8538458049886622,0.8944444444444445,0.7747619047619048,0.9126757369614512,20,750,FM-Full_A-None_AdaBN-F
BI2015a,ShallowConvNet,2,18,0.8302469135802469,0.4996296296296296,0.5867297668038409,0.8592592592592593,0.6696296296296296,0.8022853223593964,20,750,FM-Full_A-None_AdaBN-F
BI2015a,ShallowConvNet,2,20,0.8469135802469135,0.6207407407407407,0.8268065843621399,0.8796296296296297,0.7337037037037037,0.8881783264746228,20,750,FM-Full_A-None_AdaBN-F
BI2015a,ShallowConvNet,2,28,0.8611111111111112,0.6326666666666667,0.8327866666666668,0.8516666666666667,0.651,0.8330466666666667,20,750,FM-Full_A-None_AdaBN-F
BI2015a,ShallowConvNet,2,32,0.8745519713261649,0.8193548387096774,0.8887732685859637,0.8960573476702509,0.7591397849462365,0.9046652792230316,20,750,FM-Full_A-None_AdaBN-F
BI2015a,ShallowConvNet,2,41,0.8067901234567901,0.5566666666666666,0.6944609053497942,0.8703703703703703,0.7088888888888889,0.8554019204389576,20,750,FM-Full_A-None_AdaBN-F
BI2015a,ShallowConvNet,3,1,0.3898305084745763,0.5423172905525846,0.5618004298614321,0.844632768361582,0.6414938051539358,0.7849485413319836,20,750,FM-Full_A-None_AdaBN-F
BI2015a,ShallowConvNet,3,6,0.8263888888888888,0.5761363636363637,0.7514807162534436,0.8762626262626263,0.7227272727272727,0.874905303030303,20,750,FM-Full_A-None_AdaBN-F
BI2015a,ShallowConvNet,3,10,0.8790322580645161,0.7231182795698925,0.8787836744132271,0.8942652329749103,0.7688172043010753,0.9219216094346168,20,750,FM-Full_A-None_AdaBN-F
BI2015a,ShallowConvNet,3,12,0.8364695340501792,0.5943548387096774,0.7606255058388253,0.850358422939068,0.6564516129032258,0.8131518094577408,20,750,FM-Full_A-None_AdaBN-F
BI2015a,ShallowConvNet,3,17,0.85,0.6788888888888889,0.8128148148148149,0.8734567901234568,0.7077777777777778,0.8664554183813442,20,750,FM-Full_A-None_AdaBN-F
BI2015a,ShallowConvNet,3,27,0.8182137834036568,0.5567510548523207,0.6616821556374513,0.830168776371308,0.6145569620253164,0.7578432943438552,20,750,FM-Full_A-None_AdaBN-F
BI2015a,ShallowConvNet,3,30,0.8806584362139918,0.7728395061728395,0.8631839658588628,0.9238683127572016,0.8432098765432099,0.9479500076207896,20,750,FM-Full_A-None_AdaBN-F
BI2015a,ShallowConvNet,3,31,0.7770370370370371,0.5355555555555556,0.5856,0.8351851851851851,0.6086666666666667,0.7373659259259259,20,750,FM-Full_A-None_AdaBN-F
BI2015a,ShallowConvNet,3,42,0.8362573099415205,0.5871345029239766,0.7573526897164939,0.8425925925925926,0.6330409356725146,0.7738227146814405,20,750,FM-Full_A-None_AdaBN-F
BI2015a,ShallowConvNet,4,2,0.8637566137566137,0.623015873015873,0.8440161249685059,0.9027777777777778,0.7654761904761904,0.919932602670698,20,750,FM-Full_A-None_AdaBN-F
BI2015a,ShallowConvNet,4,3,0.8237547892720306,0.6344827586206897,0.7725326991676575,0.9377394636015326,0.8522988505747127,0.9549577222882812,20,750,FM-Full_A-None_AdaBN-F
BI2015a,ShallowConvNet,4,22,0.8667929292929293,0.6837121212121212,0.8357351928374657,0.8806818181818182,0.7344696969696969,0.8763458448117539,20,750,FM-Full_A-None_AdaBN-F
BI2015a,ShallowConvNet,4,24,0.8757716049382716,0.7087962962962963,0.8757373113854595,0.9004629629629629,0.7810185185185186,0.9131258573388203,20,750,FM-Full_A-None_AdaBN-F
BI2015a,ShallowConvNet,4,33,0.8670634920634921,0.6662698412698412,0.8621535651297555,0.8974867724867724,0.7559523809523809,0.903546233308138,20,750,FM-Full_A-None_AdaBN-F
BI2015a,ShallowConvNet,4,34,0.8531746031746031,0.6604761904761904,0.8090113378684806,0.8841269841269841,0.7133333333333334,0.8917052154195011,20,750,FM-Full_A-None_AdaBN-F
BI2015a,ShallowConvNet,4,36,0.8388888888888889,0.6683333333333333,0.7698437499999999,0.8944444444444445,0.7483333333333333,0.8879722222222222,20,750,FM-Full_A-None_AdaBN-F
BI2015a,ShallowConvNet,4,43,0.9032567049808428,0.8063218390804598,0.9317413132514204,0.9339080459770116,0.8454022988505747,0.9561368740916898,20,750,FM-Full_A-None_AdaBN-F
BI2015a,ShallowConvNet,5,8,0.8293650793650794,0.6658730158730158,0.7957010582010583,0.8849206349206349,0.7388888888888889,0.8710600907029478,20,750,FM-Full_A-None_AdaBN-F
BI2015a,ShallowConvNet,5,11,0.8333333333333334,0.5,0.64103125,0.8527777777777777,0.66,0.8247118055555557,20,750,FM-Full_A-None_AdaBN-F
BI2015a,ShallowConvNet,5,15,0.8658730158730159,0.7404761904761905,0.8512607709750567,0.8944444444444445,0.7538095238095237,0.9047437641723356,20,750,FM-Full_A-None_AdaBN-F
BI2015a,ShallowConvNet,5,19,0.8466666666666667,0.5986666666666667,0.7742488888888888,0.8755555555555555,0.7133333333333334,0.8462444444444445,20,750,FM-Full_A-None_AdaBN-F
BI2015a,ShallowConvNet,5,21,0.8857142857142857,0.8019047619047619,0.8900045351473922,0.915079365079365,0.81,0.9362766439909296,20,750,FM-Full_A-None_AdaBN-F
BI2015a,ShallowConvNet,5,23,0.8450292397660819,0.6157894736842106,0.7535934133579564,0.8625730994152047,0.687719298245614,0.8191097260695599,20,750,FM-Full_A-None_AdaBN-F
BI2015a,ShallowConvNet,5,29,0.8257080610021786,0.5333333333333333,0.6679482250416506,0.8600217864923747,0.6663398692810458,0.8093980947498824,20,750,FM-Full_A-None_AdaBN-F
BI2015a,ShallowConvNet,5,39,0.8333333333333334,0.5,0.659468277106761,0.8690476190476191,0.7010204081632653,0.8453144523115368,20,750,FM-Full_A-None_AdaBN-F
Yang2025,ShallowConvNet,1,4,0.5816666666666667,0.5816666666666667,0.6179722222222223,0.5516666666666666,0.5516666666666666,0.5645222222222223,10,450,FM-Full_A-None_AdaBN-F
Yang2025,ShallowConvNet,1,13,0.73,0.73,0.8318388888888889,0.7683333333333333,0.7683333333333333,0.8635111111111111,10,450,FM-Full_A-None_AdaBN-F
Yang2025,ShallowConvNet,1,14,0.54,0.54,0.5524722222222223,0.5533333333333333,0.5533333333333333,0.5799388888888889,10,450,FM-Full_A-None_AdaBN-F
Yang2025,ShallowConvNet,1,18,0.63,0.63,0.7323000000000001,0.7033333333333334,0.7033333333333334,0.7656944444444445,10,450,FM-Full_A-None_AdaBN-F
Yang2025,ShallowConvNet,1,25,0.86,0.86,0.9204444444444444,0.93,0.93,0.9756277777777778,10,450,FM-Full_A-None_AdaBN-F
Yang2025,ShallowConvNet,1,31,0.6783333333333333,0.6783333333333333,0.7751944444444445,0.7666666666666667,0.7666666666666666,0.8611666666666666,10,450,FM-Full_A-None_AdaBN-F
Yang2025,ShallowConvNet,1,32,0.6327212020033389,0.6326142697881828,0.6814771460423635,0.672787979966611,0.6727647714604237,0.7273578595317727,10,450,FM-Full_A-None_AdaBN-F
Yang2025,ShallowConvNet,1,33,0.8533333333333334,0.8533333333333333,0.9486777777777778,0.9416666666666668,0.9416666666666668,0.9826166666666666,10,450,FM-Full_A-None_AdaBN-F
Yang2025,ShallowConvNet,1,41,0.7916666666666666,0.7916666666666666,0.8905500000000001,0.87,0.87,0.9482222222222222,10,450,FM-Full_A-None_AdaBN-F
Yang2025,ShallowConvNet,1,44,0.7166666666666667,0.7166666666666667,0.7972944444444445,0.72,0.72,0.7970277777777779,10,450,FM-Full_A-None_AdaBN-F
Yang2025,ShallowConvNet,1,47,0.8116666666666666,0.8116666666666668,0.9366888888888888,0.8766666666666667,0.8766666666666667,0.94315,10,450,FM-Full_A-None_AdaBN-F
Yang2025,ShallowConvNet,2,5,0.7983333333333333,0.7983333333333333,0.915522222222222,0.8833333333333333,0.8833333333333333,0.9570722222222222,10,450,FM-Full_A-None_AdaBN-F
Yang2025,ShallowConvNet,2,7,0.72,0.72,0.8490555555555555,0.78,0.78,0.8698611111111112,10,450,FM-Full_A-None_AdaBN-F
Yang2025,ShallowConvNet,2,9,0.6933333333333334,0.6933333333333334,0.7642500000000001,0.7133333333333334,0.7133333333333334,0.7888111111111111,10,450,FM-Full_A-None_AdaBN-F
Yang2025,ShallowConvNet,2,16,0.5483333333333333,0.5483333333333333,0.637,0.64,0.6399999999999999,0.6920166666666667,10,450,FM-Full_A-None_AdaBN-F
Yang2025,ShallowConvNet,2,20,0.7516666666666667,0.7516666666666667,0.8542611111111111,0.8583333333333333,0.8583333333333334,0.9283833333333332,10,450,FM-Full_A-None_AdaBN-F
Yang2025,ShallowConvNet,2,34,0.57,0.5700000000000001,0.5596277777777777,0.7766666666666666,0.7766666666666666,0.8514611111111111,10,450,FM-Full_A-None_AdaBN-F
Yang2025,ShallowConvNet,2,37,0.7766666666666666,0.7766666666666666,0.8849166666666668,0.8816666666666667,0.8816666666666666,0.9511944444444445,10,450,FM-Full_A-None_AdaBN-F
Yang2025,ShallowConvNet,2,48,0.82,0.8200000000000001,0.8962277777777778,0.8566666666666667,0.8566666666666667,0.9358277777777776,10,450,FM-Full_A-None_AdaBN-F
Yang2025,ShallowConvNet,2,49,0.8983333333333333,0.8983333333333333,0.9682944444444443,0.925,0.925,0.9846666666666666,10,450,FM-Full_A-None_AdaBN-F
Yang2025,ShallowConvNet,2,50,0.9033333333333332,0.9033333333333332,0.9732333333333332,0.935,0.935,0.9814222222222222,10,450,FM-Full_A-None_AdaBN-F
Yang2025,ShallowConvNet,3,1,0.9033333333333332,0.9033333333333332,0.9648666666666668,0.9116666666666666,0.9116666666666666,0.9672944444444443,10,450,FM-Full_A-None_AdaBN-F
Yang2025,ShallowConvNet,3,10,0.78,0.78,0.8632388888888889,0.8183333333333334,0.8183333333333334,0.9045111111111112,10,450,FM-Full_A-None_AdaBN-F
Yang2025,ShallowConvNet,3,12,0.605,0.605,0.649461111111111,0.5733333333333334,0.5733333333333334,0.6164000000000001,10,450,FM-Full_A-None_AdaBN-F
Yang2025,ShallowConvNet,3,17,0.7783333333333333,0.7783333333333333,0.84405,0.79,0.79,0.8766999999999999,10,450,FM-Full_A-None_AdaBN-F
Yang2025,ShallowConvNet,3,26,0.8146911519198664,0.8147770345596432,0.8873188405797101,0.9115191986644408,0.9114938684503902,0.9614938684503902,10,450,FM-Full_A-None_AdaBN-F
Yang2025,ShallowConvNet,3,27,0.565,0.565,0.6217666666666667,0.6833333333333333,0.6833333333333333,0.7579500000000001,10,450,FM-Full_A-None_AdaBN-F
Yang2025,ShallowConvNet,3,28,0.7683333333333333,0.7683333333333333,0.8702111111111112,0.8633333333333333,0.8633333333333333,0.9415111111111112,10,450,FM-Full_A-None_AdaBN-F
Yang2025,ShallowConvNet,3,35,0.9316666666666666,0.9316666666666666,0.9860111111111112,0.95,0.95,0.992,10,450,FM-Full_A-None_AdaBN-F
Yang2025,ShallowConvNet,3,45,0.8416666666666667,0.8416666666666667,0.9229555555555556,0.8533333333333334,0.8533333333333333,0.929277777777778,10,450,FM-Full_A-None_AdaBN-F
Yang2025,ShallowConvNet,3,46,0.97,0.97,0.9965222222222224,0.9883333333333332,0.9883333333333332,0.9971555555555556,10,450,FM-Full_A-None_AdaBN-F
Yang2025,ShallowConvNet,4,2,0.685,0.685,0.7404111111111111,0.6516666666666666,0.6516666666666666,0.7278833333333333,10,450,FM-Full_A-None_AdaBN-F
Yang2025,ShallowConvNet,4,3,0.9433333333333334,0.9433333333333334,0.9859111111111112,0.95,0.95,0.9879611111111112,10,450,FM-Full_A-None_AdaBN-F
Yang2025,ShallowConvNet,4,6,0.925,0.925,0.9810333333333334,0.9583333333333334,0.9583333333333331,0.9919111111111112,10,450,FM-Full_A-None_AdaBN-F
Yang2025,ShallowConvNet,4,22,0.7433333333333333,0.7433333333333334,0.8324055555555556,0.8166666666666667,0.8166666666666667,0.9031833333333332,10,450,FM-Full_A-None_AdaBN-F
Yang2025,ShallowConvNet,4,24,0.8905723905723906,0.8908715762742608,0.9798941139125704,0.9562289562289562,0.9562284600036276,0.9905960910575003,10,450,FM-Full_A-None_AdaBN-F
Yang2025,ShallowConvNet,4,30,0.8966666666666666,0.8966666666666667,0.9525777777777776,0.9466666666666668,0.9466666666666668,0.98585,10,450,FM-Full_A-None_AdaBN-F
Yang2025,ShallowConvNet,4,36,0.9,0.9,0.9741222222222222,0.9283333333333332,0.9283333333333332,0.9802222222222222,10,450,FM-Full_A-None_AdaBN-F
Yang2025,ShallowConvNet,4,38,0.58,0.5800000000000001,0.5947888888888889,0.63,0.63,0.6867055555555556,10,450,FM-Full_A-None_AdaBN-F
Yang2025,ShallowConvNet,4,40,0.8033333333333333,0.8033333333333333,0.8869444444444445,0.8166666666666667,0.8166666666666667,0.9102888888888888,10,450,FM-Full_A-None_AdaBN-F
Yang2025,ShallowConvNet,4,42,0.805,0.8049999999999999,0.9004055555555555,0.8083333333333333,0.8083333333333333,0.8941888888888888,10,450,FM-Full_A-None_AdaBN-F
Yang2025,ShallowConvNet,5,8,0.885,0.885,0.9601944444444444,0.9,0.8999999999999999,0.9692888888888888,10,450,FM-Full_A-None_AdaBN-F
Yang2025,ShallowConvNet,5,11,0.86,0.8600000000000001,0.9372722222222222,0.9016666666666666,0.9016666666666666,0.9580666666666666,10,450,FM-Full_A-None_AdaBN-F
Yang2025,ShallowConvNet,5,15,0.7383333333333333,0.7383333333333333,0.8010388888888889,0.7766666666666666,0.7766666666666666,0.8457,10,450,FM-Full_A-None_AdaBN-F
Yang2025,ShallowConvNet,5,19,0.8383333333333334,0.8383333333333334,0.9103555555555556,0.8433333333333334,0.8433333333333333,0.9286777777777778,10,450,FM-Full_A-None_AdaBN-F
Yang2025,ShallowConvNet,5,21,0.81,0.81,0.8953555555555556,0.8516666666666667,0.8516666666666667,0.9344,10,450,FM-Full_A-None_AdaBN-F
Yang2025,ShallowConvNet,5,23,0.8681135225375626,0.8679988851727982,0.9370847268673356,0.9298831385642736,0.9298494983277592,0.9798104793756968,10,450,FM-Full_A-None_AdaBN-F
Yang2025,ShallowConvNet,5,29,0.6666666666666666,0.6666666666666667,0.7133611111111111,0.8066666666666666,0.8066666666666666,0.8996222222222222,10,450,FM-Full_A-None_AdaBN-F
Yang2025,ShallowConvNet,5,39,0.6816666666666666,0.6816666666666666,0.7573,0.7266666666666667,0.7266666666666667,0.8061777777777778,10,450,FM-Full_A-None_AdaBN-F
Yang2025,ShallowConvNet,5,43,0.975,0.975,0.9975666666666668,0.9866666666666668,0.9866666666666666,0.9995222222222222,10,450,FM-Full_A-None_AdaBN-F
Yang2025,ShallowConvNet,5,51,0.8116666666666666,0.8116666666666666,0.9126666666666668,0.87,0.87,0.9417944444444444,10,450,FM-Full_A-None_AdaBN-F
BI2015a,DeepConvNet,1,5,0.8914141414141414,0.7005050505050505,0.9271962044689316,0.93013468013468,0.8388888888888888,0.9532496684011836,25,200,FM-Full_A-None_AdaBN-F
BI2015a,DeepConvNet,1,9,0.8618618618618619,0.6360360360360361,0.8156440224007793,0.9046546546546548,0.8040540540540541,0.9077185293401512,25,200,FM-Full_A-None_AdaBN-F
BI2015a,DeepConvNet,1,13,0.8918128654970761,0.7508771929824561,0.8952754693751923,0.9385964912280702,0.8491228070175438,0.9552554632194522,25,200,FM-Full_A-None_AdaBN-F
BI2015a,DeepConvNet,1,25,0.8424329501915708,0.6192528735632183,0.7796967895362664,0.8831417624521073,0.7379310344827585,0.8821079402827321,25,200,FM-Full_A-None_AdaBN-F
BI2015a,DeepConvNet,1,26,0.9059139784946236,0.7650537634408602,0.9431726211122672,0.9444444444444444,0.8720430107526882,0.9754595907041276,25,200,FM-Full_A-None_AdaBN-F
BI2015a,DeepConvNet,1,35,0.8401771336553945,0.5263285024154589,0.7618497514527759,0.8470209339774557,0.6608695652173913,0.7902868211626874,25,200,FM-Full_A-None_AdaBN-F
BI2015a,DeepConvNet,1,37,0.8115079365079365,0.5773809523809524,0.6644478458049886,0.8761904761904762,0.76,0.8675453514739229,25,200,FM-Full_A-None_AdaBN-F
BI2015a,DeepConvNet,1,38,0.8641141141141141,0.6914414414414414,0.8286380975570166,0.9211711711711712,0.8175675675675675,0.9340313286259232,25,200,FM-Full_A-None_AdaBN-F
BI2015a,DeepConvNet,1,40,0.8621399176954733,0.6135802469135803,0.8717421124828533,0.9166666666666666,0.8030864197530865,0.9281969212010364,25,200,FM-Full_A-None_AdaBN-F
BI2015a,DeepConvNet,2,4,0.9006944444444445,0.7770833333333333,0.8936562499999999,0.9444444444444444,0.87,0.96328125,25,200,FM-Full_A-None_AdaBN-F
BI2015a,DeepConvNet,2,7,0.3782679738562091,0.5955882352941176,0.7292363514033064,0.9191176470588236,0.8553921568627451,0.9293685121107266,25,200,FM-Full_A-None_AdaBN-F
BI2015a,DeepConvNet,2,14,0.717948717948718,0.541880341880342,0.5676199868507561,0.8746438746438746,0.7418803418803419,0.8678574037548397,25,200,FM-Full_A-None_AdaBN-F
BI2015a,DeepConvNet,2,16,0.9182539682539682,0.8042857142857143,0.9339138321995464,0.9285714285714286,0.8542857142857143,0.955310657596372,25,200,FM-Full_A-None_AdaBN-F
BI2015a,DeepConvNet,2,18,0.8518518518518519,0.6266666666666667,0.7773223593964336,0.8907407407407407,0.7611111111111111,0.8921618655692729,25,200,FM-Full_A-None_AdaBN-F
BI2015a,DeepConvNet,2,20,0.8790123456790123,0.7540740740740741,0.8759451303155007,0.928395061728395,0.8533333333333333,0.9452825788751714,25,200,FM-Full_A-None_AdaBN-F
BI2015a,DeepConvNet,2,28,0.85,0.618,0.8283866666666667,0.8816666666666667,0.7703333333333333,0.8974622222222224,25,200,FM-Full_A-None_AdaBN-F
BI2015a,DeepConvNet,2,32,0.8942652329749103,0.8096774193548386,0.908081859174471,0.9184587813620072,0.8263440860215054,0.9330153775002892,25,200,FM-Full_A-None_AdaBN-F
BI2015a,DeepConvNet,2,41,0.804320987654321,0.6040740740740741,0.6842880658436215,0.9055555555555556,0.7892592592592593,0.9129574759945132,25,200,FM-Full_A-None_AdaBN-F
BI2015a,DeepConvNet,3,1,0.826271186440678,0.5717915538830571,0.6610752404216457,0.8617836965294592,0.7206553552958781,0.8483186256171005,25,200,FM-Full_A-None_AdaBN-F
BI2015a,DeepConvNet,3,6,0.8238636363636364,0.6321969696969697,0.753236914600551,0.9103535353535354,0.7825757575757576,0.9299414600550964,25,200,FM-Full_A-None_AdaBN-F
BI2015a,DeepConvNet,3,10,0.8637992831541219,0.6774193548387097,0.8604405133541451,0.9256272401433692,0.8327956989247312,0.9446005318533934,25,200,FM-Full_A-None_AdaBN-F
BI2015a,DeepConvNet,3,12,0.8360215053763441,0.5790322580645161,0.759394149612672,0.8629032258064516,0.7263440860215054,0.8444010868308475,25,200,FM-Full_A-None_AdaBN-F
BI2015a,DeepConvNet,3,17,0.8611111111111112,0.6574074074074074,0.8530425240054871,0.9,0.7859259259259259,0.8990397805212621,25,200,FM-Full_A-None_AdaBN-F
BI2015a,DeepConvNet,3,27,0.8312236286919831,0.5443037974683544,0.6875215866403177,0.8544303797468354,0.7371308016877638,0.8311337214477736,25,200,FM-Full_A-None_AdaBN-F
BI2015a,DeepConvNet,3,30,0.9197530864197532,0.8407407407407408,0.8838744093888128,0.9547325102880658,0.8938271604938272,0.966727632982777,25,200,FM-Full_A-None_AdaBN-F
BI2015a,DeepConvNet,3,31,0.8192592592592592,0.5422222222222222,0.6617520987654322,0.8503703703703703,0.6648888888888889,0.7959901234567901,25,200,FM-Full_A-None_AdaBN-F
BI2015a,DeepConvNet,3,42,0.8533138401559455,0.6008771929824561,0.8150610444239255,0.8562378167641326,0.718421052631579,0.8218220991074177,25,200,FM-Full_A-None_AdaBN-F
BI2015a,DeepConvNet,4,2,0.8822751322751323,0.6674603174603175,0.8880542957923911,0.9365079365079364,0.8539682539682539,0.9543556311413454,25,200,FM-Full_A-None_AdaBN-F
BI2015a,DeepConvNet,4,3,0.9003831417624522,0.7747126436781608,0.878359096313912,0.9511494252873564,0.8810344827586207,0.9773682124455012,25,200,FM-Full_A-None_AdaBN-F
BI2015a,DeepConvNet,4,22,0.8762626262626263,0.6848484848484848,0.8630251377410468,0.9160353535353536,0.8132575757575757,0.9313360881542698,25,200,FM-Full_A-None_AdaBN-F
BI2015a,DeepConvNet,4,24,0.8796296296296297,0.6648148148148149,0.9030692729766804,0.9375,0.8606481481481482,0.9611754115226336,25,200,FM-Full_A-None_AdaBN-F
BI2015a,DeepConvNet,4,33,0.8796296296296297,0.6611111111111111,0.8534171075837742,0.9292328042328042,0.8353174603174602,0.9333648274124464,25,200,FM-Full_A-None_AdaBN-F
BI2015a,DeepConvNet,4,34,0.8682539682539683,0.6276190476190476,0.9017052154195012,0.9174603174603174,0.7942857142857143,0.9359863945578232,25,200,FM-Full_A-None_AdaBN-F
BI2015a,DeepConvNet,4,36,0.8736111111111111,0.6991666666666667,0.871423611111111,0.9347222222222222,0.8708333333333333,0.9599618055555555,25,200,FM-Full_A-None_AdaBN-F
BI2015a,DeepConvNet,4,43,0.9013409961685824,0.7362068965517241,0.934694147179284,0.9559386973180076,0.9045977011494252,0.976304663760074,25,200,FM-Full_A-None_AdaBN-F
BI2015a,DeepConvNet,5,8,0.8558201058201058,0.6468253968253969,0.8253527336860671,0.9166666666666666,0.8182539682539682,0.9231638951877048,25,200,FM-Full_A-None_AdaBN-F
BI2015a,DeepConvNet,5,11,0.83125,0.62375,0.7300104166666667,0.9034722222222222,0.81375,0.9295034722222222,25,200,FM-Full_A-None_AdaBN-F
BI2015a,DeepConvNet,5,15,0.8825396825396825,0.72,0.884907029478458,0.915079365079365,0.8176190476190476,0.942625850340136,25,200,FM-Full_A-None_AdaBN-F
BI2015a,DeepConvNet,5,19,0.8705555555555555,0.6743333333333333,0.8605222222222223,0.9011111111111112,0.7926666666666666,0.8937555555555556,25,200,FM-Full_A-None_AdaBN-F
BI2015a,DeepConvNet,5,21,0.903968253968254,0.7461904761904762,0.931482993197279,0.9357142857142856,0.871904761904762,0.9621088435374148,25,200,FM-Full_A-None_AdaBN-F
BI2015a,DeepConvNet,5,23,0.8676900584795322,0.6416666666666667,0.8651315789473684,0.8940058479532164,0.7609649122807017,0.907748538011696,25,200,FM-Full_A-None_AdaBN-F
BI2015a,DeepConvNet,5,29,0.843681917211329,0.5624183006535948,0.7218719295997266,0.8872549019607843,0.7715686274509803,0.883905762740826,25,200,FM-Full_A-None_AdaBN-F
BI2015a,DeepConvNet,5,39,0.5017006802721088,0.6221088435374149,0.6936750890832523,0.8832199546485261,0.789795918367347,0.9006131704382434,25,200,FM-Full_A-None_AdaBN-F
Huebner2017,DeepConvNet,1,1,0.94568093385214,0.8926020427394333,0.9863157969839224,0.9750972762645914,0.9561321693229388,0.9942608531301792,10,3750,FM-Full_A-None_AdaBN-F
Huebner2017,DeepConvNet,1,10,0.9331359102244388,0.8652817336792629,0.9867665758646664,0.9833229426433916,0.9716750404289384,0.997684059659344,10,3750,FM-Full_A-None_AdaBN-F
Huebner2017,DeepConvNet,1,12,0.8345004668534081,0.6499160561660562,0.950342551946388,0.9657640834111424,0.942701973951974,0.9912164998557194,10,3750,FM-Full_A-None_AdaBN-F
Huebner2017,DeepConvNet,2,3,0.918910505836576,0.8522057611972125,0.96285237470613,0.956498054474708,0.9289764925578076,0.9865774092220512,10,3750,FM-Full_A-None_AdaBN-F
Huebner2017,DeepConvNet,2,6,0.926094570928196,0.9448092477978528,0.9929594502351649,0.983420899007589,0.9717962281128724,0.9972596040811555,10,3750,FM-Full_A-None_AdaBN-F
Huebner2017,DeepConvNet,2,9,0.9449112978524744,0.9429181929181928,0.9868016255251704,0.9772019919078744,0.962314306064306,0.9962226788863696,10,3750,FM-Full_A-None_AdaBN-F
Huebner2017,DeepConvNet,3,2,0.8747276688453159,0.8763100325600326,0.949420071526553,0.959772798008092,0.9359228734228736,0.98790311075364,10,3750,FM-Full_A-None_AdaBN-F
Huebner2017,DeepConvNet,3,5,0.8884998443821973,0.8357498982498983,0.9279672032234864,0.939853719265484,0.8949684574684575,0.976261354692241,10,3750,FM-Full_A-None_AdaBN-F
Huebner2017,DeepConvNet,3,13,0.9421834876663294,0.8970661525071568,0.9779403926015304,0.9765776982336004,0.958472866974317,0.9945246716610052,10,3750,FM-Full_A-None_AdaBN-F
Huebner2017,DeepConvNet,4,8,0.8111284046692607,0.60557782801702,0.8969636489736225,0.914863813229572,0.8658128283993336,0.9569085419634984,10,3750,FM-Full_A-None_AdaBN-F
Huebner2017,DeepConvNet,4,11,0.8163281189197603,0.6515711117405811,0.8314729047584773,0.8819363374581679,0.806461423139067,0.9156038523837768,10,3750,FM-Full_A-None_AdaBN-F
Huebner2017,DeepConvNet,5,4,0.932295719844358,0.8625604701703826,0.9875157435138608,0.9834241245136188,0.9706191300049432,0.9983053510716088,10,3750,FM-Full_A-None_AdaBN-F
Huebner2017,DeepConvNet,5,7,0.9632741985683162,0.9298560236060236,0.9938137351331796,0.9929193899782136,0.987128612128612,0.9995060712239944,10,3750,FM-Full_A-None_AdaBN-F
Lee2019_SSVEP,ATCNet,1,4,0.995,0.995,0.9999666666666668,1.0,1.0,1.0,20,200,FM-Full_A-None_AdaBN-F
Lee2019_SSVEP,ATCNet,1,6,0.985,0.985,0.9998666666666668,1.0,1.0,1.0,20,200,FM-Full_A-None_AdaBN-F
Lee2019_SSVEP,ATCNet,1,13,0.96,0.96,0.9984666666666668,0.995,0.995,1.0,20,200,FM-Full_A-None_AdaBN-F
Lee2019_SSVEP,ATCNet,1,14,0.815,0.815,0.9608333333333332,0.93,0.93,0.9945,20,200,FM-Full_A-None_AdaBN-F
Lee2019_SSVEP,ATCNet,1,18,0.98,0.98,0.9995333333333334,0.975,0.975,0.9993666666666666,20,200,FM-Full_A-None_AdaBN-F
Lee2019_SSVEP,ATCNet,1,20,0.97,0.97,0.9995333333333334,0.98,0.98,0.9997333333333333,20,200,FM-Full_A-None_AdaBN-F
Lee2019_SSVEP,ATCNet,1,33,0.985,0.985,0.9998666666666668,1.0,1.0,1.0,20,200,FM-Full_A-None_AdaBN-F
Lee2019_SSVEP,ATCNet,1,45,0.935,0.935,0.9951333333333334,0.94,0.94,0.9950666666666668,20,200,FM-Full_A-None_AdaBN-F
Lee2019_SSVEP,ATCNet,1,49,0.93,0.93,0.9992333333333332,1.0,1.0,1.0,20,200,FM-Full_A-None_AdaBN-F
Lee2019_SSVEP,ATCNet,1,50,0.985,0.985,0.9998666666666668,0.995,0.995,0.9998,20,200,FM-Full_A-None_AdaBN-F
Lee2019_SSVEP,ATCNet,1,53,1.0,1.0,1.0,1.0,1.0,1.0,20,200,FM-Full_A-None_AdaBN-F
Lee2019_SSVEP,ATCNet,2,5,0.82,0.82,0.9592,0.835,0.835,0.9737333333333332,20,200,FM-Full_A-None_AdaBN-F
Lee2019_SSVEP,ATCNet,2,7,0.995,0.995,1.0,0.995,0.995,1.0,20,200,FM-Full_A-None_AdaBN-F
Lee2019_SSVEP,ATCNet,2,9,0.885,0.885,0.9942666666666669,0.955,0.955,0.9989666666666668,20,200,FM-Full_A-None_AdaBN-F
Lee2019_SSVEP,ATCNet,2,16,0.995,0.995,1.0,0.995,0.995,1.0,20,200,FM-Full_A-None_AdaBN-F
Lee2019_SSVEP,ATCNet,2,25,0.955,0.955,0.9983666666666666,0.965,0.965,0.9989666666666668,20,200,FM-Full_A-None_AdaBN-F
Lee2019_SSVEP,ATCNet,2,27,0.99,0.99,0.9999666666666668,0.99,0.99,0.9998666666666668,20,200,FM-Full_A-None_AdaBN-F
Lee2019_SSVEP,ATCNet,2,34,0.74,0.74,0.9458666666666666,0.82,0.8200000000000001,0.9603,20,200,FM-Full_A-None_AdaBN-F
Lee2019_SSVEP,ATCNet,2,35,0.81,0.81,0.9907666666666668,0.985,0.985,0.9989666666666666,20,200,FM-Full_A-None_AdaBN-F
Lee2019_SSVEP,ATCNet,2,38,0.99,0.99,0.9998,0.98,0.98,0.9996,20,200,FM-Full_A-None_AdaBN-F
Lee2019_SSVEP,ATCNet,2,46,0.99,0.99,1.0,1.0,1.0,1.0,20,200,FM-Full_A-None_AdaBN-F
Lee2019_SSVEP,ATCNet,2,51,0.76,0.7599999999999999,0.9375,0.84,0.84,0.9541333333333332,20,200,FM-Full_A-None_AdaBN-F
Lee2019_SSVEP,ATCNet,3,1,0.935,0.935,0.9968666666666668,0.96,0.96,0.9982666666666666,20,200,FM-Full_A-None_AdaBN-F
Lee2019_SSVEP,ATCNet,3,10,0.985,0.985,0.9996333333333334,1.0,1.0,1.0,20,200,FM-Full_A-None_AdaBN-F
Lee2019_SSVEP,ATCNet,3,12,0.965,0.965,0.9989333333333336,0.965,0.965,0.9984,20,200,FM-Full_A-None_AdaBN-F
Lee2019_SSVEP,ATCNet,3,17,0.845,0.845,0.9832666666666666,0.935,0.935,0.9974333333333332,20,200,FM-Full_A-None_AdaBN-F
Lee2019_SSVEP,ATCNet,3,26,0.985,0.985,0.9988666666666668,0.995,0.995,0.9999666666666668,20,200,FM-Full_A-None_AdaBN-F
Lee2019_SSVEP,ATCNet,3,28,0.96,0.96,0.9971,0.965,0.965,0.9976,20,200,FM-Full_A-None_AdaBN-F
Lee2019_SSVEP,ATCNet,3,31,1.0,1.0,1.0,1.0,1.0,1.0,20,200,FM-Full_A-None_AdaBN-F
Lee2019_SSVEP,ATCNet,3,32,0.84,0.84,0.9616,0.97,0.97,0.9970333333333332,20,200,FM-Full_A-None_AdaBN-F
Lee2019_SSVEP,ATCNet,3,37,0.99,0.99,0.9998666666666668,0.99,0.99,0.9998666666666668,20,200,FM-Full_A-None_AdaBN-F
Lee2019_SSVEP,ATCNet,3,41,0.93,0.93,0.9946333333333334,0.985,0.985,0.9996666666666668,20,200,FM-Full_A-None_AdaBN-F
Lee2019_SSVEP,ATCNet,3,48,0.995,0.995,1.0,1.0,1.0,1.0,20,200,FM-Full_A-None_AdaBN-F
Lee2019_SSVEP,ATCNet,4,2,0.985,0.985,0.9997,0.99,0.99,0.9997,20,200,FM-Full_A-None_AdaBN-F
Lee2019_SSVEP,ATCNet,4,3,0.9,0.8999999999999999,0.9844,0.91,0.91,0.9887,20,200,FM-Full_A-None_AdaBN-F
Lee2019_SSVEP,ATCNet,4,11,1.0,1.0,1.0,1.0,1.0,1.0,20,200,FM-Full_A-None_AdaBN-F
Lee2019_SSVEP,ATCNet,4,22,0.835,0.835,0.9678666666666668,0.89,0.8899999999999999,0.985,20,200,FM-Full_A-None_AdaBN-F
Lee2019_SSVEP,ATCNet,4,24,0.945,0.945,0.9910666666666668,0.96,0.96,0.9930666666666668,20,200,FM-Full_A-None_AdaBN-F
Lee2019_SSVEP,ATCNet,4,30,0.89,0.8899999999999999,0.9859,0.995,0.995,1.0,20,200,FM-Full_A-None_AdaBN-F
Lee2019_SSVEP,ATCNet,4,36,1.0,1.0,1.0,1.0,1.0,1.0,20,200,FM-Full_A-None_AdaBN-F
Lee2019_SSVEP,ATCNet,4,40,0.935,0.935,0.9955666666666668,0.945,0.945,0.9951666666666666,20,200,FM-Full_A-None_AdaBN-F
Lee2019_SSVEP,ATCNet,4,42,0.785,0.7849999999999999,0.9506666666666668,0.8,0.8,0.9572666666666668,20,200,FM-Full_A-None_AdaBN-F
Lee2019_SSVEP,ATCNet,4,44,0.98,0.98,1.0,0.98,0.98,0.9998666666666668,20,200,FM-Full_A-None_AdaBN-F
Lee2019_SSVEP,ATCNet,4,47,0.625,0.625,0.8665666666666666,0.575,0.575,0.8413333333333334,20,200,FM-Full_A-None_AdaBN-F
Lee2019_SSVEP,ATCNet,5,8,0.925,0.925,0.9909666666666668,0.97,0.97,0.9939333333333332,20,200,FM-Full_A-None_AdaBN-F
Lee2019_SSVEP,ATCNet,5,15,0.83,0.83,0.9824333333333332,1.0,1.0,1.0,20,200,FM-Full_A-None_AdaBN-F
Lee2019_SSVEP,ATCNet,5,19,0.975,0.975,0.9997333333333334,0.98,0.98,0.9997666666666668,20,200,FM-Full_A-None_AdaBN-F
Lee2019_SSVEP,ATCNet,5,21,0.92,0.92,0.9912999999999998,0.96,0.96,0.9976333333333334,20,200,FM-Full_A-None_AdaBN-F
Lee2019_SSVEP,ATCNet,5,23,0.325,0.325,0.6211666666666666,0.54,0.54,0.7775333333333334,20,200,FM-Full_A-None_AdaBN-F
Lee2019_SSVEP,ATCNet,5,29,0.925,0.925,0.9884333333333334,0.94,0.94,0.997,20,200,FM-Full_A-None_AdaBN-F
Lee2019_SSVEP,ATCNet,5,39,1.0,1.0,1.0,1.0,1.0,1.0,20,200,FM-Full_A-None_AdaBN-F
Lee2019_SSVEP,ATCNet,5,43,1.0,1.0,1.0,1.0,1.0,1.0,20,200,FM-Full_A-None_AdaBN-F
Lee2019_SSVEP,ATCNet,5,52,0.99,0.99,0.9993,0.995,0.995,1.0,20,200,FM-Full_A-None_AdaBN-F
Lee2019_SSVEP,ATCNet,5,54,0.825,0.825,0.9557666666666668,0.905,0.905,0.9857,20,200,FM-Full_A-None_AdaBN-F
Kalunga2016,ATCNet,1,1,0.3125,0.3125,0.5231119791666666,0.328125,0.328125,0.5328776041666666,8,32,FM-Full_A-None_AdaBN-F
Kalunga2016,ATCNet,1,10,0.2578125,0.2578125,0.5298665364583333,0.359375,0.359375,0.6483561197916667,8,32,FM-Full_A-None_AdaBN-F
Kalunga2016,ATCNet,1,11,0.28125,0.28125,0.4967447916666666,0.359375,0.359375,0.5322265625,8,32,FM-Full_A-None_AdaBN-F
Kalunga2016,ATCNet,2,3,0.265625,0.265625,0.5745442708333334,0.34375,0.34375,0.6087239583333333,8,32,FM-Full_A-None_AdaBN-F
Kalunga2016,ATCNet,2,6,0.375,0.375,0.6419270833333334,0.34375,0.34375,0.6761067708333333,8,32,FM-Full_A-None_AdaBN-F
Kalunga2016,ATCNet,2,9,0.296875,0.296875,0.5989583333333334,0.34375,0.34375,0.6204427083333334,8,32,FM-Full_A-None_AdaBN-F
Kalunga2016,ATCNet,3,2,0.3125,0.3125,0.6103515625,0.453125,0.453125,0.6588541666666666,8,32,FM-Full_A-None_AdaBN-F
Kalunga2016,ATCNet,3,12,0.39375,0.3937499999999999,0.6513020833333334,0.64375,0.64375,0.8544270833333334,8,32,FM-Full_A-None_AdaBN-F
Kalunga2016,ATCNet,4,5,0.203125,0.203125,0.46484375,0.234375,0.234375,0.4970703125,8,32,FM-Full_A-None_AdaBN-F
Kalunga2016,ATCNet,4,8,0.328125,0.328125,0.5550130208333333,0.296875,0.296875,0.6106770833333333,8,32,FM-Full_A-None_AdaBN-F
Kalunga2016,ATCNet,5,4,0.453125,0.453125,0.6057942708333333,0.421875,0.421875,0.6341145833333334,8,32,FM-Full_A-None_AdaBN-F
Kalunga2016,ATCNet,5,7,0.4583333333333333,0.4583333333333333,0.7115162037037036,0.5,0.5,0.7335069444444445,8,32,FM-Full_A-None_AdaBN-F
Huebner2017,ShallowConvNet,1,1,0.9309727626459144,0.8776051510569626,0.969466939024745,0.9677821011673152,0.9515778581713348,0.9909620013903292,6,6250,FM-Full_A-None_AdaBN-F
Huebner2017,ShallowConvNet,1,10,0.951215710723192,0.9135483513902424,0.9831698177390572,0.9791926433915212,0.967713611930789,0.9963029963310231,6,6250,FM-Full_A-None_AdaBN-F
Huebner2017,ShallowConvNet,1,12,0.8171490818549642,0.6798941798941799,0.9093607805578704,0.9558045440398382,0.9347018722018724,0.9865122400257984,6,6250,FM-Full_A-None_AdaBN-F
Huebner2017,ShallowConvNet,2,3,0.8905836575875486,0.7991170035872865,0.9396612835830218,0.943579766536965,0.9129752535385548,0.9805350701410898,6,6250,FM-Full_A-None_AdaBN-F
Huebner2017,ShallowConvNet,2,6,0.9085814360770578,0.9314692966665792,0.988196689726638,0.9815528312901344,0.974185737238203,0.996524898144677,6,6250,FM-Full_A-None_AdaBN-F
Huebner2017,ShallowConvNet,2,9,0.9242919389978214,0.9397385022385024,0.9876813904178324,0.9747121070650484,0.9643493080993082,0.994926845579954,6,6250,FM-Full_A-None_AdaBN-F
Huebner2017,ShallowConvNet,3,2,0.8648459383753502,0.8864468864468864,0.951975314698529,0.9503579209461562,0.9270197395197396,0.9827140069782264,6,6250,FM-Full_A-None_AdaBN-F
Huebner2017,ShallowConvNet,3,5,0.8436041083099907,0.8422237484737485,0.919513145951638,0.9272486772486772,0.8887871387871388,0.9661313648995528,6,6250,FM-Full_A-None_AdaBN-F
Huebner2017,ShallowConvNet,3,13,0.9228853785697612,0.8564042525640674,0.9686508138413604,0.9704303167068712,0.9547967200289882,0.9921230710605646,6,6250,FM-Full_A-None_AdaBN-F
Huebner2017,ShallowConvNet,4,8,0.7957976653696498,0.5798725872509711,0.836975880317525,0.9009338521400778,0.8449151142579292,0.942664548999146,6,6250,FM-Full_A-None_AdaBN-F
Huebner2017,ShallowConvNet,4,11,0.779282434430695,0.5436405059009228,0.7827546985426002,0.854619036500895,0.7716526913313151,0.8853416129370868,6,6250,FM-Full_A-None_AdaBN-F
Huebner2017,ShallowConvNet,5,4,0.9401556420233464,0.8893325544366151,0.984399685479728,0.9807003891050584,0.9734164811637842,0.9972169856023916,6,6250,FM-Full_A-None_AdaBN-F
Huebner2017,ShallowConvNet,5,7,0.9618736383442266,0.9258496133496134,0.992578601953602,0.989573607220666,0.9847120472120472,0.9987564381165572,6,6250,FM-Full_A-None_AdaBN-F
MAMEM2,ATCNet,1,2,0.24,0.2373333333333333,0.5258865162907268,0.272,0.2733333333333333,0.5573072681704261,6,100,FM-Full_A-None_AdaBN-F
MAMEM2,ATCNet,1,9,0.2,0.1946666666666666,0.4659099749373434,0.224,0.2073333333333333,0.4825367418546366,6,100,FM-Full_A-None_AdaBN-F
MAMEM2,ATCNet,2,1,0.24,0.2373333333333333,0.4942945363408521,0.208,0.1999999999999999,0.5124479197994988,6,100,FM-Full_A-None_AdaBN-F
MAMEM2,ATCNet,2,6,0.216,0.214,0.4887617042606516,0.16,0.158,0.4760018045112781,6,100,FM-Full_A-None_AdaBN-F
MAMEM2,ATCNet,3,3,0.208,0.194,0.5233044611528822,0.176,0.17,0.5155825563909775,6,100,FM-Full_A-None_AdaBN-F
MAMEM2,ATCNet,3,8,0.184,0.174,0.4440806015037594,0.272,0.2626666666666667,0.5267077694235589,6,100,FM-Full_A-None_AdaBN-F
MAMEM2,ATCNet,4,5,0.152,0.1393333333333333,0.4535821553884711,0.184,0.1826666666666666,0.5224810025062656,6,100,FM-Full_A-None_AdaBN-F
MAMEM2,ATCNet,4,10,0.192,0.178,0.507572731829574,0.216,0.2053333333333333,0.488396992481203,6,100,FM-Full_A-None_AdaBN-F
MAMEM2,ATCNet,5,4,0.224,0.2013333333333333,0.5031805513784461,0.224,0.206,0.5136745864661654,6,100,FM-Full_A-None_AdaBN-F
MAMEM2,ATCNet,5,7,0.16,0.1546666666666666,0.5348577443609022,0.208,0.198,0.5690295739348371,6,100,FM-Full_A-None_AdaBN-F
BI2015a,ATCNet,1,5,0.8787878787878788,0.6727272727272727,0.8995306601367208,0.9217171717171716,0.8681818181818182,0.9597030915212734,30,500,FM-Full_A-None_AdaBN-F
BI2015a,ATCNet,1,9,0.8626126126126126,0.6364864864864865,0.8066471877282688,0.9121621621621622,0.8301801801801802,0.933532180829478,30,500,FM-Full_A-None_AdaBN-F
BI2015a,ATCNet,1,13,0.8961988304093568,0.8008771929824562,0.9203755001538936,0.942251461988304,0.9039473684210526,0.9714912280701754,30,500,FM-Full_A-None_AdaBN-F
BI2015a,ATCNet,1,25,0.8079501915708812,0.6594827586206897,0.7667541947417097,0.8802681992337165,0.7752873563218391,0.8922636741973841,30,500,FM-Full_A-None_AdaBN-F
BI2015a,ATCNet,1,26,0.9175627240143368,0.8193548387096774,0.9601803676725632,0.9516129032258064,0.910752688172043,0.9785524338073766,30,500,FM-Full_A-None_AdaBN-F
BI2015a,ATCNet,1,35,0.8393719806763285,0.5190821256038647,0.7418282807066676,0.8393719806763285,0.7026570048309179,0.7944654484352027,30,500,FM-Full_A-None_AdaBN-F
BI2015a,ATCNet,1,37,0.7702380952380953,0.5678571428571428,0.625657596371882,0.8650793650793651,0.7333333333333334,0.857452380952381,30,500,FM-Full_A-None_AdaBN-F
BI2015a,ATCNet,1,38,0.8521021021021021,0.6986486486486486,0.8164799935070205,0.9129129129129128,0.8432432432432433,0.9329478126775425,30,500,FM-Full_A-None_AdaBN-F
BI2015a,ATCNet,1,40,0.8641975308641975,0.6209876543209877,0.8663199207437892,0.9135802469135802,0.8407407407407408,0.9340249199817102,30,500,FM-Full_A-None_AdaBN-F
BI2015a,ATCNet,2,4,0.8986111111111111,0.7358333333333333,0.9003333333333334,0.93125,0.8670833333333334,0.9635243055555556,30,500,FM-Full_A-None_AdaBN-F
BI2015a,ATCNet,2,7,0.8333333333333334,0.5,0.727859477124183,0.9272875816993464,0.8583333333333334,0.93420799692426,30,500,FM-Full_A-None_AdaBN-F
BI2015a,ATCNet,2,14,0.8311965811965812,0.5038461538461538,0.6093688362919132,0.8710826210826211,0.7517094017094017,0.8849769888231426,30,500,FM-Full_A-None_AdaBN-F
BI2015a,ATCNet,2,16,0.9182539682539682,0.8214285714285714,0.936848072562358,0.9357142857142856,0.8928571428571429,0.9620725623582768,30,500,FM-Full_A-None_AdaBN-F
BI2015a,ATCNet,2,18,0.8253086419753086,0.5974074074074074,0.7127599451303155,0.8925925925925926,0.7933333333333333,0.8912181069958848,30,500,FM-Full_A-None_AdaBN-F
BI2015a,ATCNet,2,20,0.8895061728395062,0.758888888888889,0.8868559670781894,0.9265432098765432,0.87,0.9517421124828532,30,500,FM-Full_A-None_AdaBN-F
BI2015a,ATCNet,2,28,0.8533333333333334,0.628,0.8390466666666666,0.8861111111111111,0.7943333333333333,0.8900911111111113,30,500,FM-Full_A-None_AdaBN-F
BI2015a,ATCNet,2,32,0.9238351254480288,0.8338709677419356,0.926130188461094,0.9292114695340502,0.8413978494623656,0.9400508729332872,30,500,FM-Full_A-None_AdaBN-F
BI2015a,ATCNet,2,41,0.8160493827160494,0.62,0.7068669410150892,0.8962962962962963,0.7955555555555556,0.9269135802469136,30,500,FM-Full_A-None_AdaBN-F
BI2015a,ATCNet,3,1,0.8286924939467313,0.508250698708215,0.6225382363944456,0.8654156577885391,0.7378697651900266,0.8491215715616586,30,500,FM-Full_A-None_AdaBN-F
BI2015a,ATCNet,3,6,0.8244949494949495,0.6356060606060606,0.7486771120293848,0.9059343434343434,0.8178030303030303,0.923817722681359,30,500,FM-Full_A-None_AdaBN-F
BI2015a,ATCNet,3,10,0.8826164874551972,0.7919354838709678,0.8986067753497515,0.9345878136200716,0.8833333333333333,0.9489016071222108,30,500,FM-Full_A-None_AdaBN-F
BI2015a,ATCNet,3,12,0.8328853046594982,0.5975806451612904,0.7439675106948781,0.8525985663082437,0.7212365591397849,0.8391143484795931,30,500,FM-Full_A-None_AdaBN-F
BI2015a,ATCNet,3,17,0.8561728395061728,0.6781481481481482,0.8289382716049383,0.8820987654320988,0.7811111111111111,0.8967489711934156,30,500,FM-Full_A-None_AdaBN-F
BI2015a,ATCNet,3,27,0.830168776371308,0.5850210970464136,0.7253191262084068,0.849507735583685,0.7080168776371308,0.8310455945450338,30,500,FM-Full_A-None_AdaBN-F
BI2015a,ATCNet,3,30,0.9207818930041152,0.8561728395061728,0.9046639231824416,0.9207818930041152,0.7993827160493827,0.935672915714068,30,500,FM-Full_A-None_AdaBN-F
BI2015a,ATCNet,3,31,0.8111111111111111,0.5462222222222223,0.6628434567901235,0.8448148148148148,0.6980000000000001,0.8178558024691358,30,500,FM-Full_A-None_AdaBN-F
BI2015a,ATCNet,3,42,0.8518518518518519,0.6385964912280702,0.7737799664854143,0.8499025341130604,0.7146198830409356,0.8226821928114633,30,500,FM-Full_A-None_AdaBN-F
BI2015a,ATCNet,4,2,0.8683862433862434,0.621031746031746,0.9160336356764928,0.9345238095238096,0.8829365079365079,0.9590671453766692,30,500,FM-Full_A-None_AdaBN-F
BI2015a,ATCNet,4,3,0.8381226053639846,0.6798850574712644,0.8534284581847007,0.943486590038314,0.8902298850574712,0.9745871317214956,30,500,FM-Full_A-None_AdaBN-F
BI2015a,ATCNet,4,22,0.8693181818181818,0.6625000000000001,0.8588556014692379,0.9128787878787878,0.8295454545454546,0.9292097107438017,30,500,FM-Full_A-None_AdaBN-F
BI2015a,ATCNet,4,24,0.8896604938271605,0.674537037037037,0.914900548696845,0.933641975308642,0.8861111111111111,0.9640260631001372,30,500,FM-Full_A-None_AdaBN-F
BI2015a,ATCNet,4,33,0.8915343915343915,0.6857142857142857,0.8889928193499621,0.9126984126984128,0.8476190476190476,0.9297304106827916,30,500,FM-Full_A-None_AdaBN-F
BI2015a,ATCNet,4,34,0.8507936507936508,0.579047619047619,0.8716916099773242,0.9277777777777778,0.8614285714285714,0.944439909297052,30,500,FM-Full_A-None_AdaBN-F
BI2015a,ATCNet,4,36,0.8826388888888889,0.7329166666666667,0.8930381944444443,0.9236111111111112,0.8725,0.955,30,500,FM-Full_A-None_AdaBN-F
BI2015a,ATCNet,4,43,0.914750957854406,0.7741379310344827,0.9426146122341128,0.9454022988505748,0.9005747126436782,0.9824283260668516,30,500,FM-Full_A-None_AdaBN-F
BI2015a,ATCNet,5,8,0.8743386243386243,0.7055555555555556,0.8623519778281684,0.9226190476190476,0.8726190476190476,0.9449452003023432,30,500,FM-Full_A-None_AdaBN-F
BI2015a,ATCNet,5,11,0.8284722222222223,0.5870833333333334,0.7106284722222223,0.8888888888888888,0.8,0.9230173611111112,30,500,FM-Full_A-None_AdaBN-F
BI2015a,ATCNet,5,15,0.8952380952380953,0.7714285714285715,0.912090702947846,0.9166666666666666,0.8452380952380952,0.9455464852607708,30,500,FM-Full_A-None_AdaBN-F
BI2015a,ATCNet,5,19,0.8744444444444445,0.6873333333333334,0.8508888888888889,0.8955555555555555,0.7933333333333333,0.8946066666666667,30,500,FM-Full_A-None_AdaBN-F
BI2015a,ATCNet,5,21,0.9055555555555556,0.7566666666666666,0.9260453514739228,0.9357142857142856,0.8890476190476191,0.9572335600907028,30,500,FM-Full_A-None_AdaBN-F
BI2015a,ATCNet,5,23,0.8706140350877193,0.6662280701754386,0.8397006771314252,0.8896198830409356,0.7776315789473685,0.909699138196368,30,500,FM-Full_A-None_AdaBN-F
BI2015a,ATCNet,5,29,0.8469498910675382,0.5683006535947712,0.751522918535606,0.8769063180827886,0.773202614379085,0.8868213080439147,30,500,FM-Full_A-None_AdaBN-F
BI2015a,ATCNet,5,39,0.8333333333333334,0.5,0.6270442871025962,0.8860544217687075,0.7724489795918368,0.890223980748762,30,500,FM-Full_A-None_AdaBN-F
Lee2019_MI,ATCNet,1,4,0.755,0.755,0.8447,0.81,0.81,0.8669,50,60,FM-Full_A-None_AdaBN-F
Lee2019_MI,ATCNet,1,6,0.67,0.6699999999999999,0.8402,0.78,0.78,0.8821,50,60,FM-Full_A-None_AdaBN-F
Lee2019_MI,ATCNet,1,13,0.52,0.52,0.5977,0.58,0.5800000000000001,0.5878000000000001,50,60,FM-Full_A-None_AdaBN-F
Lee2019_MI,ATCNet,1,14,0.655,0.655,0.7366,0.69,0.69,0.7519,50,60,FM-Full_A-None_AdaBN-F
Lee2019_MI,ATCNet,1,18,0.785,0.7849999999999999,0.9007,0.87,0.87,0.9425,50,60,FM-Full_A-None_AdaBN-F
Lee2019_MI,ATCNet,1,20,0.65,0.65,0.795,0.685,0.685,0.8189000000000001,50,60,FM-Full_A-None_AdaBN-F
Lee2019_MI,ATCNet,1,33,0.895,0.895,0.9911,0.95,0.95,0.9949,50,60,FM-Full_A-None_AdaBN-F
Lee2019_MI,ATCNet,1,45,0.75,0.75,0.8503,0.84,0.8400000000000001,0.9188,50,60,FM-Full_A-None_AdaBN-F
Lee2019_MI,ATCNet,1,49,0.75,0.75,0.8251000000000001,0.805,0.8049999999999999,0.8752,50,60,FM-Full_A-None_AdaBN-F
Lee2019_MI,ATCNet,1,50,0.585,0.585,0.6011,0.65,0.6499999999999999,0.6778,50,60,FM-Full_A-None_AdaBN-F
Lee2019_MI,ATCNet,1,53,0.615,0.615,0.7300000000000001,0.67,0.6699999999999999,0.7179000000000001,50,60,FM-Full_A-None_AdaBN-F
Lee2019_MI,ATCNet,2,5,0.75,0.75,0.8665,0.82,0.8200000000000001,0.9295,50,60,FM-Full_A-None_AdaBN-F
Lee2019_MI,ATCNet,2,7,0.65,0.6499999999999999,0.7115,0.725,0.725,0.7757000000000001,50,60,FM-Full_A-None_AdaBN-F
Lee2019_MI,ATCNet,2,9,0.825,0.825,0.9015,0.8,0.8,0.8805999999999999,50,60,FM-Full_A-None_AdaBN-F
Lee2019_MI,ATCNet,2,16,0.77,0.77,0.8268000000000001,0.74,0.74,0.8414,50,60,FM-Full_A-None_AdaBN-F
Lee2019_MI,ATCNet,2,25,0.725,0.725,0.8638,0.785,0.7849999999999999,0.8996999999999999,50,60,FM-Full_A-None_AdaBN-F
Lee2019_MI,ATCNet,2,27,0.665,0.665,0.7544000000000001,0.75,0.75,0.8292,50,60,FM-Full_A-None_AdaBN-F
Lee2019_MI,ATCNet,2,34,0.5,0.5,0.5640000000000001,0.635,0.635,0.62,50,60,FM-Full_A-None_AdaBN-F
Lee2019_MI,ATCNet,2,35,0.575,0.575,0.8223,0.845,0.845,0.9523,50,60,FM-Full_A-None_AdaBN-F
Lee2019_MI,ATCNet,2,38,0.63,0.63,0.675,0.58,0.5800000000000001,0.6457,50,60,FM-Full_A-None_AdaBN-F
Lee2019_MI,ATCNet,2,46,0.69,0.69,0.7550000000000001,0.675,0.675,0.7512000000000001,50,60,FM-Full_A-None_AdaBN-F
Lee2019_MI,ATCNet,2,51,0.705,0.705,0.7196,0.555,0.5549999999999999,0.63,50,60,FM-Full_A-None_AdaBN-F
Lee2019_MI,ATCNet,3,1,0.745,0.745,0.8545,0.745,0.745,0.8515,50,60,FM-Full_A-None_AdaBN-F
Lee2019_MI,ATCNet,3,10,0.66,0.66,0.7762,0.675,0.675,0.7570999999999999,50,60,FM-Full_A-None_AdaBN-F
Lee2019_MI,ATCNet,3,12,0.69,0.69,0.7982999999999999,0.72,0.72,0.8453999999999999,50,60,FM-Full_A-None_AdaBN-F
Lee2019_MI,ATCNet,3,17,0.62,0.62,0.6748000000000002,0.585,0.585,0.6481,50,60,FM-Full_A-None_AdaBN-F
Lee2019_MI,ATCNet,3,26,0.74,0.74,0.8209000000000001,0.735,0.735,0.805,50,60,FM-Full_A-None_AdaBN-F
Lee2019_MI,ATCNet,3,28,0.94,0.94,0.9844,0.965,0.965,0.991,50,60,FM-Full_A-None_AdaBN-F
Lee2019_MI,ATCNet,3,31,0.7,0.7,0.7901,0.72,0.72,0.8371999999999999,50,60,FM-Full_A-None_AdaBN-F
Lee2019_MI,ATCNet,3,32,0.955,0.955,0.9937,0.99,0.99,0.9986,50,60,FM-Full_A-None_AdaBN-F
Lee2019_MI,ATCNet,3,37,0.94,0.94,0.9795,0.955,0.955,0.9926,50,60,FM-Full_A-None_AdaBN-F
Lee2019_MI,ATCNet,3,41,0.57,0.57,0.5645,0.575,0.575,0.5899000000000001,50,60,FM-Full_A-None_AdaBN-F
Lee2019_MI,ATCNet,3,48,0.63,0.63,0.6909000000000001,0.665,0.665,0.7017999999999999,50,60,FM-Full_A-None_AdaBN-F
Lee2019_MI,ATCNet,4,2,0.66,0.6599999999999999,0.7396999999999999,0.69,0.69,0.7488000000000001,50,60,FM-Full_A-None_AdaBN-F
Lee2019_MI,ATCNet,4,3,0.805,0.8049999999999999,0.9086,0.825,0.825,0.941,50,60,FM-Full_A-None_AdaBN-F
Lee2019_MI,ATCNet,4,11,0.52,0.52,0.5426,0.525,0.525,0.5327999999999999,50,60,FM-Full_A-None_AdaBN-F
Lee2019_MI,ATCNet,4,22,0.675,0.675,0.76,0.745,0.745,0.7923999999999999,50,60,FM-Full_A-None_AdaBN-F
Lee2019_MI,ATCNet,4,24,0.56,0.56,0.5633,0.63,0.63,0.6616,50,60,FM-Full_A-None_AdaBN-F
Lee2019_MI,ATCNet,4,30,0.685,0.685,0.7551999999999999,0.685,0.685,0.7404999999999999,50,60,FM-Full_A-None_AdaBN-F
Lee2019_MI,ATCNet,4,36,0.97,0.97,0.9995,0.985,0.985,0.9991,50,60,FM-Full_A-None_AdaBN-F
Lee2019_MI,ATCNet,4,40,0.58,0.5800000000000001,0.6640999999999999,0.695,0.6950000000000001,0.7318,50,60,FM-Full_A-None_AdaBN-F
Lee2019_MI,ATCNet,4,42,0.615,0.615,0.6577000000000001,0.66,0.6599999999999999,0.7392000000000001,50,60,FM-Full_A-None_AdaBN-F
Lee2019_MI,ATCNet,4,44,0.795,0.795,0.9329,0.89,0.89,0.9688,50,60,FM-Full_A-None_AdaBN-F
Lee2019_MI,ATCNet,4,47,0.74,0.74,0.8348,0.66,0.6599999999999999,0.7537,50,60,FM-Full_A-None_AdaBN-F
Lee2019_MI,ATCNet,5,8,0.75,0.75,0.8165,0.715,0.7150000000000001,0.7828,50,60,FM-Full_A-None_AdaBN-F
Lee2019_MI,ATCNet,5,15,0.54,0.54,0.6766,0.71,0.71,0.7917000000000001,50,60,FM-Full_A-None_AdaBN-F
Lee2019_MI,ATCNet,5,19,0.795,0.795,0.8696999999999999,0.76,0.76,0.8374999999999999,50,60,FM-Full_A-None_AdaBN-F
Lee2019_MI,ATCNet,5,21,0.86,0.86,0.9915,0.93,0.93,0.9834,50,60,FM-Full_A-None_AdaBN-F
Lee2019_MI,ATCNet,5,23,0.825,0.825,0.8851,0.83,0.8300000000000001,0.9018,50,60,FM-Full_A-None_AdaBN-F
Lee2019_MI,ATCNet,5,29,0.76,0.76,0.826,0.82,0.8200000000000001,0.9197,50,60,FM-Full_A-None_AdaBN-F
Lee2019_MI,ATCNet,5,39,0.795,0.7949999999999999,0.8665,0.755,0.755,0.8316,50,60,FM-Full_A-None_AdaBN-F
Lee2019_MI,ATCNet,5,43,0.715,0.7150000000000001,0.8211,0.76,0.76,0.8541000000000001,50,60,FM-Full_A-None_AdaBN-F
Lee2019_MI,ATCNet,5,52,0.69,0.69,0.7579,0.725,0.7250000000000001,0.8074,50,60,FM-Full_A-None_AdaBN-F
Lee2019_MI,ATCNet,5,54,0.59,0.59,0.6062,0.6,0.6000000000000001,0.6302000000000001,50,60,FM-Full_A-None_AdaBN-F
Kalunga2016,EEGNetv4,1,1,0.25,0.25,0.501953125,0.21875,0.21875,0.4853515625,8,32,FM-Full_A-None_AdaBN-F
Kalunga2016,EEGNetv4,1,10,0.2578125,0.2578125,0.5543619791666666,0.3125,0.3125,0.6057942708333334,8,32,FM-Full_A-None_AdaBN-F
Kalunga2016,EEGNetv4,1,11,0.265625,0.265625,0.4065755208333333,0.234375,0.234375,0.4130859375,8,32,FM-Full_A-None_AdaBN-F
Kalunga2016,EEGNetv4,2,3,0.265625,0.265625,0.5263671875,0.265625,0.265625,0.5374348958333333,8,32,FM-Full_A-None_AdaBN-F
Kalunga2016,EEGNetv4,2,6,0.34375,0.34375,0.6064453125,0.296875,0.296875,0.6018880208333333,8,32,FM-Full_A-None_AdaBN-F
Kalunga2016,EEGNetv4,2,9,0.25,0.25,0.474609375,0.28125,0.28125,0.4925130208333332,8,32,FM-Full_A-None_AdaBN-F
Kalunga2016,EEGNetv4,3,2,0.40625,0.40625,0.611328125,0.390625,0.390625,0.6070963541666666,8,32,FM-Full_A-None_AdaBN-F
Kalunga2016,EEGNetv4,3,12,0.25,0.25,0.5156770833333333,0.35625,0.35625,0.6255729166666666,8,32,FM-Full_A-None_AdaBN-F
Kalunga2016,EEGNetv4,4,5,0.25,0.25,0.4625651041666667,0.203125,0.203125,0.4869791666666667,8,32,FM-Full_A-None_AdaBN-F
Kalunga2016,EEGNetv4,4,8,0.21875,0.21875,0.41796875,0.234375,0.234375,0.4397786458333333,8,32,FM-Full_A-None_AdaBN-F
Kalunga2016,EEGNetv4,5,4,0.3125,0.3125,0.5589192708333333,0.296875,0.296875,0.5677083333333334,8,32,FM-Full_A-None_AdaBN-F
Kalunga2016,EEGNetv4,5,7,0.4583333333333333,0.4583333333333333,0.6956018518518517,0.4583333333333333,0.4583333333333332,0.6662326388888888,8,32,FM-Full_A-None_AdaBN-F
Lee2019_SSVEP,ATCNet,1,4,0.995,0.995,0.9999666666666668,0.995,0.995,0.9999666666666668,40,50,FM-Full_A-None_AdaBN-F
Lee2019_SSVEP,ATCNet,1,6,1.0,1.0,1.0,1.0,1.0,1.0,40,50,FM-Full_A-None_AdaBN-F
Lee2019_SSVEP,ATCNet,1,13,0.97,0.97,0.9992333333333334,0.985,0.985,0.9996666666666668,40,50,FM-Full_A-None_AdaBN-F
Lee2019_SSVEP,ATCNet,1,14,0.775,0.775,0.9491333333333332,0.935,0.935,0.9944,40,50,FM-Full_A-None_AdaBN-F
Lee2019_SSVEP,ATCNet,1,18,0.985,0.985,0.9993,0.985,0.985,0.9991666666666666,40,50,FM-Full_A-None_AdaBN-F
Lee2019_SSVEP,ATCNet,1,20,0.965,0.965,0.9987666666666668,0.965,0.965,0.9987333333333336,40,50,FM-Full_A-None_AdaBN-F
Lee2019_SSVEP,ATCNet,1,33,0.99,0.99,0.9998333333333334,1.0,1.0,1.0,40,50,FM-Full_A-None_AdaBN-F
Lee2019_SSVEP,ATCNet,1,45,0.9,0.8999999999999999,0.9917,0.94,0.94,0.9959666666666668,40,50,FM-Full_A-None_AdaBN-F
Lee2019_SSVEP,ATCNet,1,49,0.985,0.985,0.9997666666666668,0.99,0.99,0.9999,40,50,FM-Full_A-None_AdaBN-F
Lee2019_SSVEP,ATCNet,1,50,0.985,0.985,0.9999,0.99,0.99,0.9999,40,50,FM-Full_A-None_AdaBN-F
Lee2019_SSVEP,ATCNet,1,53,1.0,1.0,1.0,1.0,1.0,1.0,40,50,FM-Full_A-None_AdaBN-F
Lee2019_SSVEP,ATCNet,2,5,0.745,0.745,0.9387666666666666,0.815,0.815,0.9612666666666668,40,50,FM-Full_A-None_AdaBN-F
Lee2019_SSVEP,ATCNet,2,7,1.0,1.0,1.0,0.995,0.995,1.0,40,50,FM-Full_A-None_AdaBN-F
Lee2019_SSVEP,ATCNet,2,9,0.93,0.93,0.9939333333333332,0.95,0.95,0.9969666666666668,40,50,FM-Full_A-None_AdaBN-F
Lee2019_SSVEP,ATCNet,2,16,0.995,0.995,1.0,0.995,0.995,1.0,40,50,FM-Full_A-None_AdaBN-F
Lee2019_SSVEP,ATCNet,2,25,0.95,0.95,0.9970666666666668,0.94,0.94,0.9975333333333334,40,50,FM-Full_A-None_AdaBN-F
Lee2019_SSVEP,ATCNet,2,27,0.98,0.98,0.9996666666666668,0.975,0.975,0.9995666666666668,40,50,FM-Full_A-None_AdaBN-F
Lee2019_SSVEP,ATCNet,2,34,0.745,0.7450000000000001,0.9307,0.835,0.835,0.9620666666666666,40,50,FM-Full_A-None_AdaBN-F
Lee2019_SSVEP,ATCNet,2,35,0.95,0.95,0.9976,0.985,0.985,0.9992666666666666,40,50,FM-Full_A-None_AdaBN-F
Lee2019_SSVEP,ATCNet,2,38,0.98,0.98,0.9998,0.97,0.97,0.9995666666666668,40,50,FM-Full_A-None_AdaBN-F
Lee2019_SSVEP,ATCNet,2,46,0.955,0.955,0.9988,0.98,0.98,0.9998,40,50,FM-Full_A-None_AdaBN-F
Lee2019_SSVEP,ATCNet,2,51,0.705,0.7050000000000001,0.9211,0.8,0.8,0.9507333333333334,40,50,FM-Full_A-None_AdaBN-F
Lee2019_SSVEP,ATCNet,3,1,0.925,0.925,0.9946333333333334,0.935,0.935,0.9952666666666669,40,50,FM-Full_A-None_AdaBN-F
Lee2019_SSVEP,ATCNet,3,10,0.965,0.965,0.999,0.985,0.985,0.9998333333333334,40,50,FM-Full_A-None_AdaBN-F
Lee2019_SSVEP,ATCNet,3,12,0.97,0.97,0.9987666666666668,0.96,0.96,0.9982,40,50,FM-Full_A-None_AdaBN-F
Lee2019_SSVEP,ATCNet,3,17,0.695,0.6950000000000001,0.9354,0.87,0.8699999999999999,0.9901333333333332,40,50,FM-Full_A-None_AdaBN-F
Lee2019_SSVEP,ATCNet,3,26,0.965,0.965,0.9990333333333332,0.99,0.99,1.0,40,50,FM-Full_A-None_AdaBN-F
Lee2019_SSVEP,ATCNet,3,28,0.91,0.91,0.9917333333333332,0.95,0.95,0.9962666666666667,40,50,FM-Full_A-None_AdaBN-F
Lee2019_SSVEP,ATCNet,3,31,1.0,1.0,1.0,1.0,1.0,1.0,40,50,FM-Full_A-None_AdaBN-F
Lee2019_SSVEP,ATCNet,3,32,0.81,0.81,0.9605,0.96,0.96,0.9966,40,50,FM-Full_A-None_AdaBN-F
Lee2019_SSVEP,ATCNet,3,37,0.985,0.985,0.9998333333333334,0.985,0.985,0.9996,40,50,FM-Full_A-None_AdaBN-F
Lee2019_SSVEP,ATCNet,3,41,0.93,0.93,0.9946666666666666,0.975,0.975,0.9987666666666668,40,50,FM-Full_A-None_AdaBN-F
Lee2019_SSVEP,ATCNet,3,48,1.0,1.0,1.0,0.995,0.995,1.0,40,50,FM-Full_A-None_AdaBN-F
Lee2019_SSVEP,ATCNet,4,2,0.98,0.98,0.9995,0.98,0.98,0.9995,40,50,FM-Full_A-None_AdaBN-F
Lee2019_SSVEP,ATCNet,4,3,0.88,0.8799999999999999,0.9852333333333332,0.885,0.8849999999999999,0.9842333333333332,40,50,FM-Full_A-None_AdaBN-F
Lee2019_SSVEP,ATCNet,4,11,1.0,1.0,1.0,1.0,1.0,1.0,40,50,FM-Full_A-None_AdaBN-F
Lee2019_SSVEP,ATCNet,4,22,0.82,0.8199999999999998,0.9509,0.87,0.8699999999999999,0.9831,40,50,FM-Full_A-None_AdaBN-F
Lee2019_SSVEP,ATCNet,4,24,0.915,0.915,0.9903333333333332,0.965,0.965,0.9919333333333332,40,50,FM-Full_A-None_AdaBN-F
Lee2019_SSVEP,ATCNet,4,30,0.945,0.945,0.9981666666666666,0.995,0.995,0.9999666666666668,40,50,FM-Full_A-None_AdaBN-F
Lee2019_SSVEP,ATCNet,4,36,1.0,1.0,1.0,1.0,1.0,1.0,40,50,FM-Full_A-None_AdaBN-F
Lee2019_SSVEP,ATCNet,4,40,0.895,0.895,0.9917,0.915,0.915,0.9915333333333334,40,50,FM-Full_A-None_AdaBN-F
Lee2019_SSVEP,ATCNet,4,42,0.77,0.77,0.9479666666666668,0.775,0.7749999999999999,0.9576666666666668,40,50,FM-Full_A-None_AdaBN-F
Lee2019_SSVEP,ATCNet,4,44,0.975,0.975,0.9999666666666668,0.97,0.97,0.9999333333333332,40,50,FM-Full_A-None_AdaBN-F
Lee2019_SSVEP,ATCNet,4,47,0.625,0.625,0.8695666666666667,0.62,0.62,0.8592000000000001,40,50,FM-Full_A-None_AdaBN-F
Lee2019_SSVEP,ATCNet,5,8,0.895,0.895,0.9852,0.925,0.925,0.9912333333333334,40,50,FM-Full_A-None_AdaBN-F
Lee2019_SSVEP,ATCNet,5,15,0.715,0.7150000000000001,0.9612,0.99,0.99,0.9999666666666668,40,50,FM-Full_A-None_AdaBN-F
Lee2019_SSVEP,ATCNet,5,19,0.975,0.975,0.9998333333333334,0.975,0.975,0.9998666666666668,40,50,FM-Full_A-None_AdaBN-F
Lee2019_SSVEP,ATCNet,5,21,0.91,0.91,0.9945333333333334,0.955,0.955,0.9986,40,50,FM-Full_A-None_AdaBN-F
Lee2019_SSVEP,ATCNet,5,23,0.28,0.28,0.5198333333333333,0.535,0.535,0.7440666666666667,40,50,FM-Full_A-None_AdaBN-F
Lee2019_SSVEP,ATCNet,5,29,0.91,0.91,0.9893666666666668,0.95,0.95,0.9948333333333332,40,50,FM-Full_A-None_AdaBN-F
Lee2019_SSVEP,ATCNet,5,39,1.0,1.0,1.0,1.0,1.0,1.0,40,50,FM-Full_A-None_AdaBN-F
Lee2019_SSVEP,ATCNet,5,43,1.0,1.0,1.0,1.0,1.0,1.0,40,50,FM-Full_A-None_AdaBN-F
Lee2019_SSVEP,ATCNet,5,52,0.96,0.96,0.9977333333333332,0.99,0.99,1.0,40,50,FM-Full_A-None_AdaBN-F
Lee2019_SSVEP,ATCNet,5,54,0.775,0.7749999999999999,0.9514333333333334,0.88,0.88,0.985,40,50,FM-Full_A-None_AdaBN-F
BI2015a,EEGNetv4,1,5,0.8872053872053872,0.6757575757575758,0.9064330170390776,0.9234006734006734,0.848989898989899,0.9504897459442914,15,1000,FM-Full_A-None_AdaBN-F
BI2015a,EEGNetv4,1,9,0.8566066066066066,0.5878378378378378,0.8424681438194952,0.9046546546546548,0.7986486486486486,0.9229080431783132,15,1000,FM-Full_A-None_AdaBN-F
BI2015a,EEGNetv4,1,13,0.8896198830409356,0.7092105263157895,0.9188250230840258,0.9378654970760234,0.8714912280701754,0.961819021237304,15,1000,FM-Full_A-None_AdaBN-F
BI2015a,EEGNetv4,1,25,0.8381226053639846,0.517816091954023,0.7194906856916369,0.8769157088122606,0.764080459770115,0.8927533359756904,15,1000,FM-Full_A-None_AdaBN-F
BI2015a,EEGNetv4,1,26,0.9193548387096774,0.7752688172043011,0.9616949936408834,0.9399641577060932,0.8736559139784946,0.9774656029598796,15,1000,FM-Full_A-None_AdaBN-F
BI2015a,EEGNetv4,1,35,0.8341384863123994,0.5033816425120773,0.7992100165698149,0.8353462157809984,0.6780193236714976,0.7912261663049313,15,1000,FM-Full_A-None_AdaBN-F
BI2015a,EEGNetv4,1,37,0.8333333333333334,0.5028571428571429,0.6479671201814059,0.859920634920635,0.7254761904761905,0.8462403628117913,15,1000,FM-Full_A-None_AdaBN-F
BI2015a,EEGNetv4,1,38,0.8708708708708709,0.6450450450450451,0.8601655709763819,0.9324324324324323,0.8621621621621622,0.9399561723886048,15,1000,FM-Full_A-None_AdaBN-F
BI2015a,EEGNetv4,1,40,0.8461934156378601,0.5447530864197531,0.8680993750952598,0.918724279835391,0.8401234567901235,0.9350727785398568,15,1000,FM-Full_A-None_AdaBN-F
BI2015a,EEGNetv4,2,4,0.8506944444444444,0.5520833333333334,0.7925555555555557,0.9388888888888888,0.8833333333333333,0.9533715277777778,15,1000,FM-Full_A-None_AdaBN-F
BI2015a,EEGNetv4,2,7,0.8333333333333334,0.5,0.7296472510572857,0.9183006535947712,0.8509803921568627,0.919713571703191,15,1000,FM-Full_A-None_AdaBN-F
BI2015a,EEGNetv4,2,14,0.801994301994302,0.5034188034188034,0.5649718752282855,0.8739316239316239,0.7431623931623932,0.8748739864124481,15,1000,FM-Full_A-None_AdaBN-F
BI2015a,EEGNetv4,2,16,0.8420634920634921,0.5319047619047619,0.9249115646258504,0.9261904761904762,0.8585714285714285,0.9539818594104308,15,1000,FM-Full_A-None_AdaBN-F
BI2015a,EEGNetv4,2,18,0.8351851851851851,0.5277777777777778,0.7106611796982167,0.8839506172839506,0.7659259259259259,0.8817750342935529,15,1000,FM-Full_A-None_AdaBN-F
BI2015a,EEGNetv4,2,20,0.8401234567901235,0.5396296296296296,0.9017064471879286,0.9123456790123456,0.8333333333333333,0.936320987654321,15,1000,FM-Full_A-None_AdaBN-F
BI2015a,EEGNetv4,2,28,0.8377777777777777,0.5133333333333333,0.8811911111111113,0.8794444444444445,0.761,0.8851622222222223,15,1000,FM-Full_A-None_AdaBN-F
BI2015a,EEGNetv4,2,32,0.8611111111111112,0.5876344086021505,0.8977511851081049,0.9130824372759856,0.8166666666666667,0.9293964620187306,15,1000,FM-Full_A-None_AdaBN-F
BI2015a,EEGNetv4,2,41,0.8265432098765432,0.5344444444444444,0.7399039780521262,0.8950617283950617,0.777037037037037,0.9127297668038408,15,1000,FM-Full_A-None_AdaBN-F
BI2015a,EEGNetv4,3,1,0.8333333333333334,0.4998789639312515,0.528523580026848,0.8468523002421308,0.7010281463876236,0.8226808388899893,15,1000,FM-Full_A-None_AdaBN-F
BI2015a,EEGNetv4,3,6,0.80239898989899,0.7117424242424243,0.789649334251607,0.9217171717171716,0.85,0.9339474288337924,15,1000,FM-Full_A-None_AdaBN-F
BI2015a,EEGNetv4,3,10,0.8987455197132617,0.7521505376344086,0.8998323505607585,0.935483870967742,0.8688172043010753,0.9432824604000464,15,1000,FM-Full_A-None_AdaBN-F
BI2015a,EEGNetv4,3,12,0.8355734767025089,0.5540322580645161,0.7347540178055266,0.8588709677419355,0.7303763440860215,0.8562536131344665,15,1000,FM-Full_A-None_AdaBN-F
BI2015a,EEGNetv4,3,17,0.8660493827160494,0.6840740740740741,0.8539917695473251,0.8919753086419753,0.7914814814814815,0.903761316872428,15,1000,FM-Full_A-None_AdaBN-F
BI2015a,EEGNetv4,3,27,0.8234880450070323,0.5489451476793249,0.6721278641243391,0.8593530239099859,0.7308016877637131,0.8446950275062757,15,1000,FM-Full_A-None_AdaBN-F
BI2015a,EEGNetv4,3,30,0.9053497942386832,0.7580246913580246,0.8334057308337143,0.911522633744856,0.7567901234567902,0.8924554183813443,15,1000,FM-Full_A-None_AdaBN-F
BI2015a,EEGNetv4,3,31,0.8125925925925926,0.5284444444444445,0.6149096296296297,0.8529629629629629,0.7082222222222222,0.8166646913580247,15,1000,FM-Full_A-None_AdaBN-F
BI2015a,EEGNetv4,3,42,0.8499025341130604,0.6081871345029239,0.809517458363257,0.8494152046783626,0.7119883040935673,0.8339574569953148,15,1000,FM-Full_A-None_AdaBN-F
BI2015a,EEGNetv4,4,2,0.8743386243386243,0.6611111111111111,0.904976064499874,0.919973544973545,0.8472222222222223,0.9517636684303352,15,1000,FM-Full_A-None_AdaBN-F
BI2015a,EEGNetv4,4,3,0.8812260536398467,0.6804597701149425,0.8813912009512486,0.9473180076628352,0.9017241379310346,0.9805324349319592,15,1000,FM-Full_A-None_AdaBN-F
BI2015a,EEGNetv4,4,22,0.875,0.7416666666666667,0.8756973140495868,0.9078282828282828,0.8386363636363636,0.9290432736455464,15,1000,FM-Full_A-None_AdaBN-F
BI2015a,EEGNetv4,4,24,0.9236111111111112,0.8300925925925926,0.9398062414266116,0.9320987654320988,0.8759259259259259,0.9622085048010974,15,1000,FM-Full_A-None_AdaBN-F
BI2015a,EEGNetv4,4,33,0.9014550264550264,0.7821428571428571,0.9179453262786595,0.921957671957672,0.8547619047619048,0.945811287477954,15,1000,FM-Full_A-None_AdaBN-F
BI2015a,EEGNetv4,4,34,0.8785714285714286,0.6985714285714285,0.9088390022675736,0.9111111111111112,0.838095238095238,0.93340589569161,15,1000,FM-Full_A-None_AdaBN-F
BI2015a,EEGNetv4,4,36,0.8715277777777778,0.6845833333333333,0.8976909722222222,0.9319444444444444,0.8841666666666667,0.9553784722222222,15,1000,FM-Full_A-None_AdaBN-F
BI2015a,EEGNetv4,4,43,0.9272030651340996,0.8574712643678162,0.9663826132910556,0.9482758620689656,0.9114942528735632,0.9802021403091558,15,1000,FM-Full_A-None_AdaBN-F
BI2015a,EEGNetv4,5,8,0.871031746031746,0.7638888888888888,0.8799508692365834,0.908068783068783,0.8289682539682539,0.9327884857646764,15,1000,FM-Full_A-None_AdaBN-F
BI2015a,EEGNetv4,5,11,0.8388888888888889,0.605,0.7031631944444444,0.8923611111111112,0.8020833333333333,0.9024479166666668,15,1000,FM-Full_A-None_AdaBN-F
BI2015a,EEGNetv4,5,15,0.8738095238095238,0.7909523809523809,0.8995056689342402,0.907936507936508,0.8228571428571428,0.9307369614512472,15,1000,FM-Full_A-None_AdaBN-F
BI2015a,EEGNetv4,5,19,0.8672222222222222,0.6816666666666666,0.8334622222222221,0.8766666666666667,0.7433333333333334,0.8787244444444443,15,1000,FM-Full_A-None_AdaBN-F
BI2015a,EEGNetv4,5,21,0.9222222222222224,0.8180952380952381,0.9335396825396826,0.9412698412698411,0.8771428571428572,0.9586122448979592,15,1000,FM-Full_A-None_AdaBN-F
BI2015a,EEGNetv4,5,23,0.8735380116959064,0.706578947368421,0.8571829793782701,0.89546783625731,0.7916666666666666,0.909468297937827,15,1000,FM-Full_A-None_AdaBN-F
BI2015a,EEGNetv4,5,29,0.8485838779956427,0.6294117647058823,0.7693237643641334,0.8812636165577342,0.7549019607843137,0.8807819642018027,15,1000,FM-Full_A-None_AdaBN-F
BI2015a,EEGNetv4,5,39,0.8435374149659864,0.5551020408163265,0.7129575639779722,0.88718820861678,0.785374149659864,0.8870655745291315,15,1000,FM-Full_A-None_AdaBN-F
Yang2025,ATCNet,1,4,0.5433333333333333,0.5433333333333333,0.5605555555555556,0.525,0.5249999999999999,0.5324222222222222,20,450,FM-Full_A-None_AdaBN-F
Yang2025,ATCNet,1,13,0.7,0.7,0.7908333333333333,0.675,0.675,0.7652555555555555,20,450,FM-Full_A-None_AdaBN-F
Yang2025,ATCNet,1,14,0.58,0.5800000000000001,0.5855666666666668,0.5683333333333334,0.5683333333333334,0.5913555555555555,20,450,FM-Full_A-None_AdaBN-F
Yang2025,ATCNet,1,18,0.6183333333333333,0.6183333333333333,0.6762777777777778,0.66,0.6599999999999999,0.7127333333333333,20,450,FM-Full_A-None_AdaBN-F
Yang2025,ATCNet,1,25,0.7383333333333333,0.7383333333333333,0.8760222222222223,0.8533333333333334,0.8533333333333333,0.930522222222222,20,450,FM-Full_A-None_AdaBN-F
Yang2025,ATCNet,1,31,0.7316666666666667,0.7316666666666667,0.8234555555555556,0.7716666666666666,0.7716666666666667,0.8702555555555556,20,450,FM-Full_A-None_AdaBN-F
Yang2025,ATCNet,1,32,0.7028380634390651,0.7029710144927537,0.7619620958751394,0.7929883138564274,0.7929654403567448,0.8712318840579711,20,450,FM-Full_A-None_AdaBN-F
Yang2025,ATCNet,1,33,0.8116666666666666,0.8116666666666668,0.9513777777777778,0.9033333333333332,0.9033333333333332,0.9792111111111113,20,450,FM-Full_A-None_AdaBN-F
Yang2025,ATCNet,1,41,0.8783333333333333,0.8783333333333333,0.9423222222222224,0.9166666666666666,0.9166666666666666,0.9756666666666668,20,450,FM-Full_A-None_AdaBN-F
Yang2025,ATCNet,1,44,0.6,0.6,0.6424666666666666,0.6366666666666667,0.6366666666666667,0.7109222222222222,20,450,FM-Full_A-None_AdaBN-F
Yang2025,ATCNet,1,47,0.7266666666666667,0.7266666666666667,0.7925444444444444,0.7783333333333333,0.7783333333333333,0.8802888888888889,20,450,FM-Full_A-None_AdaBN-F
Yang2025,ATCNet,2,5,0.5933333333333334,0.5933333333333333,0.6610666666666667,0.8033333333333333,0.8033333333333333,0.8719222222222222,20,450,FM-Full_A-None_AdaBN-F
Yang2025,ATCNet,2,7,0.565,0.565,0.6203444444444445,0.6716666666666666,0.6716666666666666,0.7514777777777778,20,450,FM-Full_A-None_AdaBN-F
Yang2025,ATCNet,2,9,0.56,0.56,0.6598222222222223,0.6666666666666666,0.6666666666666666,0.7279,20,450,FM-Full_A-None_AdaBN-F
Yang2025,ATCNet,2,16,0.5333333333333333,0.5333333333333333,0.6784444444444444,0.6783333333333333,0.6783333333333333,0.7280555555555556,20,450,FM-Full_A-None_AdaBN-F
Yang2025,ATCNet,2,20,0.55,0.55,0.6063111111111111,0.72,0.72,0.7842777777777779,20,450,FM-Full_A-None_AdaBN-F
Yang2025,ATCNet,2,34,0.4033333333333333,0.4033333333333334,0.2974777777777778,0.8783333333333333,0.8783333333333334,0.9569777777777778,20,450,FM-Full_A-None_AdaBN-F
Yang2025,ATCNet,2,37,0.6966666666666667,0.6966666666666667,0.8645555555555556,0.7866666666666666,0.7866666666666666,0.8845777777777777,20,450,FM-Full_A-None_AdaBN-F
Yang2025,ATCNet,2,48,0.67,0.67,0.7983,0.7816666666666666,0.7816666666666667,0.8600333333333334,20,450,FM-Full_A-None_AdaBN-F
Yang2025,ATCNet,2,49,0.7916666666666666,0.7916666666666666,0.9277,0.8766666666666667,0.8766666666666667,0.9529333333333332,20,450,FM-Full_A-None_AdaBN-F
Yang2025,ATCNet,2,50,0.5966666666666667,0.5966666666666667,0.8309666666666666,0.8616666666666667,0.8616666666666667,0.9425444444444444,20,450,FM-Full_A-None_AdaBN-F
Yang2025,ATCNet,3,1,0.77,0.77,0.838588888888889,0.8583333333333333,0.8583333333333334,0.9409666666666666,20,450,FM-Full_A-None_AdaBN-F
Yang2025,ATCNet,3,10,0.755,0.755,0.8293666666666667,0.78,0.78,0.8740555555555556,20,450,FM-Full_A-None_AdaBN-F
Yang2025,ATCNet,3,12,0.56,0.56,0.5777888888888889,0.5333333333333333,0.5333333333333333,0.5540111111111111,20,450,FM-Full_A-None_AdaBN-F
Yang2025,ATCNet,3,17,0.6133333333333333,0.6133333333333333,0.6431,0.665,0.665,0.7365999999999999,20,450,FM-Full_A-None_AdaBN-F
Yang2025,ATCNet,3,26,0.659432387312187,0.6591917502787068,0.7100780379041249,0.8580968280467446,0.8580880713489409,0.935473801560758,20,450,FM-Full_A-None_AdaBN-F
Yang2025,ATCNet,3,27,0.5233333333333333,0.5233333333333333,0.5919444444444445,0.7733333333333333,0.7733333333333333,0.8711555555555557,20,450,FM-Full_A-None_AdaBN-F
Yang2025,ATCNet,3,28,0.75,0.75,0.8822222222222222,0.905,0.905,0.9668888888888888,20,450,FM-Full_A-None_AdaBN-F
Yang2025,ATCNet,3,35,0.6766666666666666,0.6766666666666667,0.7549555555555556,0.7883333333333333,0.7883333333333333,0.8617333333333335,20,450,FM-Full_A-None_AdaBN-F
Yang2025,ATCNet,3,45,0.69,0.69,0.7500111111111111,0.73,0.73,0.8111333333333334,20,450,FM-Full_A-None_AdaBN-F
Yang2025,ATCNet,3,46,0.78,0.78,0.8892333333333333,0.9016666666666666,0.9016666666666666,0.9684333333333334,20,450,FM-Full_A-None_AdaBN-F
Yang2025,ATCNet,4,2,0.5816666666666667,0.5816666666666667,0.6132111111111112,0.615,0.615,0.6691888888888889,20,450,FM-Full_A-None_AdaBN-F
Yang2025,ATCNet,4,3,0.9166666666666666,0.9166666666666666,0.9795,0.9266666666666666,0.9266666666666667,0.9768,20,450,FM-Full_A-None_AdaBN-F
Yang2025,ATCNet,4,6,0.945,0.945,0.9756666666666666,0.9583333333333334,0.9583333333333331,0.9927111111111112,20,450,FM-Full_A-None_AdaBN-F
Yang2025,ATCNet,4,22,0.705,0.705,0.7978888888888889,0.7933333333333333,0.7933333333333333,0.8806,20,450,FM-Full_A-None_AdaBN-F
Yang2025,ATCNet,4,24,0.8468013468013468,0.8471000362778887,0.955400870669327,0.9343434343434344,0.9343823689461273,0.9871666968982408,20,450,FM-Full_A-None_AdaBN-F
Yang2025,ATCNet,4,30,0.75,0.75,0.8762000000000001,0.7016666666666667,0.7016666666666667,0.7102,20,450,FM-Full_A-None_AdaBN-F
Yang2025,ATCNet,4,36,0.7916666666666666,0.7916666666666667,0.8926444444444446,0.8583333333333333,0.8583333333333334,0.9380444444444443,20,450,FM-Full_A-None_AdaBN-F
Yang2025,ATCNet,4,38,0.5483333333333333,0.5483333333333333,0.5451444444444444,0.5883333333333334,0.5883333333333334,0.6063888888888888,20,450,FM-Full_A-None_AdaBN-F
Yang2025,ATCNet,4,40,0.715,0.7150000000000001,0.8197333333333333,0.81,0.81,0.8911111111111112,20,450,FM-Full_A-None_AdaBN-F
Yang2025,ATCNet,4,42,0.68,0.6799999999999999,0.7866555555555554,0.7233333333333334,0.7233333333333334,0.8019666666666666,20,450,FM-Full_A-None_AdaBN-F
Yang2025,ATCNet,5,8,0.805,0.8049999999999999,0.9090222222222224,0.84,0.84,0.9100222222222224,20,450,FM-Full_A-None_AdaBN-F
Yang2025,ATCNet,5,11,0.785,0.7849999999999999,0.8912333333333334,0.85,0.8500000000000001,0.9352333333333332,20,450,FM-Full_A-None_AdaBN-F
Yang2025,ATCNet,5,15,0.7066666666666667,0.7066666666666667,0.8212444444444444,0.7233333333333334,0.7233333333333334,0.7943222222222224,20,450,FM-Full_A-None_AdaBN-F
Yang2025,ATCNet,5,19,0.735,0.7350000000000001,0.8363333333333334,0.8366666666666667,0.8366666666666667,0.9247444444444444,20,450,FM-Full_A-None_AdaBN-F
Yang2025,ATCNet,5,21,0.6766666666666666,0.6766666666666666,0.8329666666666666,0.7833333333333333,0.7833333333333333,0.8771444444444444,20,450,FM-Full_A-None_AdaBN-F
Yang2025,ATCNet,5,23,0.8380634390651085,0.8381159420289854,0.9106020066889632,0.8864774624373957,0.886499442586399,0.9525083612040136,20,450,FM-Full_A-None_AdaBN-F
Yang2025,ATCNet,5,29,0.8966666666666666,0.8966666666666667,0.9689333333333332,0.9483333333333334,0.9483333333333334,0.9909,20,450,FM-Full_A-None_AdaBN-F
Yang2025,ATCNet,5,39,0.7,0.7,0.8285,0.7933333333333333,0.7933333333333333,0.8785,20,450,FM-Full_A-None_AdaBN-F
Yang2025,ATCNet,5,43,0.7466666666666667,0.7466666666666667,0.8786555555555555,0.86,0.86,0.9401444444444444,20,450,FM-Full_A-None_AdaBN-F
Yang2025,ATCNet,5,51,0.76,0.76,0.8928444444444443,0.835,0.835,0.9208333333333332,20,450,FM-Full_A-None_AdaBN-F
Huebner2018,EEGNetv4,1,1,0.951397156663632,0.9356669130698344,0.9834639760749068,0.9761187758246376,0.9653267267846786,0.9929480585392872,6,7000,FM-Full_A-None_AdaBN-F
Huebner2018,EEGNetv4,1,10,0.8746498599439776,0.7628891941391942,0.8929697447889413,0.9376050420168068,0.9139766483516484,0.9743143860108148,6,7000,FM-Full_A-None_AdaBN-F
Huebner2018,EEGNetv4,1,11,0.8381628921085947,0.7356386694211207,0.853575985384732,0.9173582782388522,0.8805605333049584,0.9553804304267356,6,7000,FM-Full_A-None_AdaBN-F
Huebner2018,EEGNetv4,2,3,0.9435574229691877,0.9122023809523808,0.9620199393860108,0.9815126050420168,0.9741071428571428,0.9948327800671553,6,7000,FM-Full_A-None_AdaBN-F
Huebner2018,EEGNetv4,2,6,0.8745098039215686,0.7461080586080586,0.8858875425170067,0.98109243697479,0.9715659340659342,0.9964524054814232,6,7000,FM-Full_A-None_AdaBN-F
Huebner2018,EEGNetv4,2,9,0.8079697457805168,0.6539809920671263,0.809678779126817,0.949856432523286,0.9272422143140616,0.9801262625436656,6,7000,FM-Full_A-None_AdaBN-F
Huebner2018,EEGNetv4,3,2,0.9665966386554622,0.9518887362637364,0.9788410981379732,0.9836134453781512,0.9775412087912088,0.996107322736787,6,7000,FM-Full_A-None_AdaBN-F
Huebner2018,EEGNetv4,3,12,0.8444677871148459,0.8088827838827839,0.8898875888496425,0.9375350140056022,0.9121794871794872,0.9703894121751264,6,7000,FM-Full_A-None_AdaBN-F
Huebner2018,EEGNetv4,4,5,0.8352949418523189,0.6790909120657609,0.8806730051833817,0.9321843912007848,0.904360879865965,0.969418374826566,6,7000,FM-Full_A-None_AdaBN-F
Huebner2018,EEGNetv4,4,8,0.7964985994397759,0.5894001831501832,0.8279303756759113,0.9312324929971988,0.9030105311355312,0.9681386136185244,6,7000,FM-Full_A-None_AdaBN-F
Huebner2018,EEGNetv4,5,4,0.9315826330532212,0.8681089743589744,0.9771349805948022,0.9619747899159664,0.9445398351648352,0.9866565279958136,6,7000,FM-Full_A-None_AdaBN-F
Huebner2018,EEGNetv4,5,7,0.8670495937237321,0.7357914441885218,0.931725083538362,0.9395488932474082,0.9122644349055122,0.9745866023443088,6,7000,FM-Full_A-None_AdaBN-F
BI2015a,ATCNet,1,5,0.8678451178451179,0.7045454545454546,0.865722885419855,0.9082491582491582,0.841919191919192,0.9406948270584636,20,250,FM-Full_A-None_AdaBN-F
BI2015a,ATCNet,1,9,0.8475975975975976,0.6851351351351351,0.7976584692800909,0.9061561561561562,0.8229729729729729,0.918829640451262,20,250,FM-Full_A-None_AdaBN-F
BI2015a,ATCNet,1,13,0.8735380116959064,0.7592105263157896,0.8845375500153893,0.939327485380117,0.8986842105263158,0.9624653739612188,20,250,FM-Full_A-None_AdaBN-F
BI2015a,ATCNet,1,25,0.803639846743295,0.610919540229885,0.7270593869731801,0.8620689655172413,0.7436781609195402,0.8691124983485269,20,250,FM-Full_A-None_AdaBN-F
BI2015a,ATCNet,1,26,0.8879928315412187,0.8123655913978495,0.915452653485952,0.92831541218638,0.8838709677419355,0.9644525378656492,20,250,FM-Full_A-None_AdaBN-F
BI2015a,ATCNet,1,35,0.8450080515297906,0.5765700483091787,0.7213097155126141,0.8345410628019324,0.6891304347826087,0.7833438353287124,20,250,FM-Full_A-None_AdaBN-F
BI2015a,ATCNet,1,37,0.7833333333333333,0.5671428571428572,0.6174727891156463,0.8436507936507937,0.7195238095238095,0.8312551020408162,20,250,FM-Full_A-None_AdaBN-F
BI2015a,ATCNet,1,38,0.8363363363363363,0.6981981981981982,0.8014284554825095,0.9084084084084084,0.8351351351351352,0.9263614966317668,20,250,FM-Full_A-None_AdaBN-F
BI2015a,ATCNet,1,40,0.8477366255144033,0.6567901234567901,0.8006115683584818,0.8940329218106996,0.8216049382716049,0.9141117969821672,20,250,FM-Full_A-None_AdaBN-F
BI2015a,ATCNet,2,4,0.8833333333333333,0.69,0.7231944444444445,0.9284722222222224,0.8670833333333333,0.9421493055555556,20,250,FM-Full_A-None_AdaBN-F
BI2015a,ATCNet,2,7,0.8333333333333334,0.5,0.5611783929257977,0.9084967320261438,0.8352941176470587,0.9070021145713189,20,250,FM-Full_A-None_AdaBN-F
BI2015a,ATCNet,2,14,0.8091168091168092,0.5145299145299146,0.5617539630360143,0.8660968660968661,0.7555555555555555,0.8755825845569436,20,250,FM-Full_A-None_AdaBN-F
BI2015a,ATCNet,2,16,0.9055555555555556,0.7928571428571429,0.9263356009070296,0.9182539682539682,0.8728571428571429,0.9579637188208616,20,250,FM-Full_A-None_AdaBN-F
BI2015a,ATCNet,2,18,0.7925925925925926,0.6177777777777778,0.691846364883402,0.8740740740740741,0.7792592592592593,0.8704965706447189,20,250,FM-Full_A-None_AdaBN-F
BI2015a,ATCNet,2,20,0.8648148148148148,0.6685185185185185,0.8404636488340191,0.9092592592592592,0.8625925925925926,0.9421344307270232,20,250,FM-Full_A-None_AdaBN-F
BI2015a,ATCNet,2,28,0.8555555555555555,0.644,0.82184,0.8705555555555555,0.777,0.8800155555555556,20,250,FM-Full_A-None_AdaBN-F
BI2015a,ATCNet,2,32,0.8951612903225806,0.782258064516129,0.8707943114810961,0.9050179211469536,0.8225806451612904,0.9228928199791882,20,250,FM-Full_A-None_AdaBN-F
BI2015a,ATCNet,2,41,0.8376543209876544,0.595925925925926,0.7098902606310012,0.895679012345679,0.807037037037037,0.9200384087791494,20,250,FM-Full_A-None_AdaBN-F
BI2015a,ATCNet,3,1,0.8274818401937046,0.4992790651614181,0.5515615119972419,0.8579499596448749,0.722720890825466,0.8459118417288352,20,250,FM-Full_A-None_AdaBN-F
BI2015a,ATCNet,3,6,0.7752525252525253,0.6606060606060606,0.7458476813590449,0.9008838383838385,0.8284090909090909,0.9194214876033058,20,250,FM-Full_A-None_AdaBN-F
BI2015a,ATCNet,3,10,0.8548387096774194,0.7129032258064516,0.8450283269742167,0.9112903225806452,0.85,0.9367903803907968,20,250,FM-Full_A-None_AdaBN-F
BI2015a,ATCNet,3,12,0.8355734767025089,0.635752688172043,0.7629697074806335,0.8561827956989247,0.7341397849462366,0.8398716614637529,20,250,FM-Full_A-None_AdaBN-F
BI2015a,ATCNet,3,17,0.8561728395061728,0.7077777777777778,0.840076817558299,0.8709876543209877,0.7759259259259259,0.8905980795610424,20,250,FM-Full_A-None_AdaBN-F
BI2015a,ATCNet,3,27,0.8168073136427567,0.560126582278481,0.6842573305560007,0.8452883263009845,0.7088607594936709,0.818297459452723,20,250,FM-Full_A-None_AdaBN-F
BI2015a,ATCNet,3,30,0.8909465020576132,0.8012345679012345,0.836816034141137,0.918724279835391,0.798148148148148,0.91617131534827,20,250,FM-Full_A-None_AdaBN-F
BI2015a,ATCNet,3,31,0.8166666666666667,0.5673333333333334,0.6909965432098765,0.8448148148148148,0.7042222222222222,0.802544197530864,20,250,FM-Full_A-None_AdaBN-F
BI2015a,ATCNet,3,42,0.8435672514619883,0.6453216374269006,0.782485209124175,0.8494152046783626,0.7190058479532164,0.8104185903354877,20,250,FM-Full_A-None_AdaBN-F
BI2015a,ATCNet,4,2,0.8604497354497355,0.6702380952380953,0.8319349962207105,0.919973544973545,0.8726190476190476,0.9420792391030486,20,250,FM-Full_A-None_AdaBN-F
BI2015a,ATCNet,4,3,0.8448275862068966,0.7275862068965517,0.8253864447086802,0.9272030651340996,0.864367816091954,0.9526555687673404,20,250,FM-Full_A-None_AdaBN-F
BI2015a,ATCNet,4,22,0.8446969696969697,0.7053030303030303,0.8409176997245179,0.904040404040404,0.8393939393939394,0.924687213039486,20,250,FM-Full_A-None_AdaBN-F
BI2015a,ATCNet,4,24,0.8804012345679012,0.7245370370370371,0.8763674554183812,0.929783950617284,0.8800925925925926,0.9525548696844992,20,250,FM-Full_A-None_AdaBN-F
BI2015a,ATCNet,4,33,0.8783068783068783,0.719047619047619,0.8633566389518771,0.9153439153439152,0.8555555555555556,0.935314310909549,20,250,FM-Full_A-None_AdaBN-F
BI2015a,ATCNet,4,34,0.8571428571428571,0.6114285714285714,0.8111156462585034,0.9047619047619048,0.8247619047619048,0.920390022675737,20,250,FM-Full_A-None_AdaBN-F
BI2015a,ATCNet,4,36,0.8291666666666667,0.6941666666666666,0.8077847222222221,0.9111111111111112,0.8433333333333333,0.939951388888889,20,250,FM-Full_A-None_AdaBN-F
BI2015a,ATCNet,4,43,0.907088122605364,0.810919540229885,0.9301691108468754,0.9406130268199234,0.9022988505747128,0.9683709869203329,20,250,FM-Full_A-None_AdaBN-F
BI2015a,ATCNet,5,8,0.8406084656084656,0.6932539682539682,0.8108623078861175,0.906084656084656,0.8261904761904761,0.926155832703452,20,250,FM-Full_A-None_AdaBN-F
BI2015a,ATCNet,5,11,0.8055555555555556,0.6283333333333333,0.7318576388888889,0.88125,0.80875,0.9066458333333334,20,250,FM-Full_A-None_AdaBN-F
BI2015a,ATCNet,5,15,0.846031746031746,0.7342857142857142,0.8420997732426303,0.9087301587301588,0.8347619047619048,0.9390521541950114,20,250,FM-Full_A-None_AdaBN-F
BI2015a,ATCNet,5,19,0.8516666666666667,0.7203333333333333,0.8100888888888889,0.8827777777777778,0.7923333333333333,0.887368888888889,20,250,FM-Full_A-None_AdaBN-F
BI2015a,ATCNet,5,21,0.8849206349206349,0.770952380952381,0.8994195011337869,0.9285714285714286,0.8733333333333333,0.9524308390022675,20,250,FM-Full_A-None_AdaBN-F
BI2015a,ATCNet,5,23,0.8574561403508771,0.7039473684210527,0.8210487842413049,0.8793859649122807,0.7714912280701754,0.8964065866420436,20,250,FM-Full_A-None_AdaBN-F
BI2015a,ATCNet,5,29,0.8213507625272332,0.6013071895424836,0.7039322482805759,0.8681917211328976,0.761437908496732,0.864080054679824,20,250,FM-Full_A-None_AdaBN-F
BI2015a,ATCNet,5,39,0.8378684807256236,0.5190476190476191,0.7439284557360359,0.8962585034013606,0.8003401360544218,0.90689758896756,20,250,FM-Full_A-None_AdaBN-F
Lee2019_SSVEP,ATCNet,1,4,0.99,0.99,0.9999333333333332,0.99,0.99,1.0,25,160,FM-Full_A-None_AdaBN-F
Lee2019_SSVEP,ATCNet,1,6,1.0,1.0,1.0,1.0,1.0,1.0,25,160,FM-Full_A-None_AdaBN-F
Lee2019_SSVEP,ATCNet,1,13,0.95,0.95,0.9985666666666666,0.99,0.99,0.9999333333333332,25,160,FM-Full_A-None_AdaBN-F
Lee2019_SSVEP,ATCNet,1,14,0.825,0.825,0.9580666666666666,0.945,0.945,0.9946,25,160,FM-Full_A-None_AdaBN-F
Lee2019_SSVEP,ATCNet,1,18,0.98,0.98,0.9997333333333334,0.985,0.985,0.9995333333333334,25,160,FM-Full_A-None_AdaBN-F
Lee2019_SSVEP,ATCNet,1,20,0.98,0.98,0.9995,0.96,0.96,0.9990333333333334,25,160,FM-Full_A-None_AdaBN-F
Lee2019_SSVEP,ATCNet,1,33,0.96,0.96,0.9994333333333334,0.995,0.995,1.0,25,160,FM-Full_A-None_AdaBN-F
Lee2019_SSVEP,ATCNet,1,45,0.9,0.8999999999999999,0.9912,0.935,0.935,0.9941,25,160,FM-Full_A-None_AdaBN-F
Lee2019_SSVEP,ATCNet,1,49,0.925,0.925,0.9994333333333334,0.995,0.995,1.0,25,160,FM-Full_A-None_AdaBN-F
Lee2019_SSVEP,ATCNet,1,50,0.995,0.995,1.0,0.995,0.995,0.9999666666666668,25,160,FM-Full_A-None_AdaBN-F
Lee2019_SSVEP,ATCNet,1,53,1.0,1.0,1.0,1.0,1.0,1.0,25,160,FM-Full_A-None_AdaBN-F
Lee2019_SSVEP,ATCNet,2,5,0.86,0.8599999999999999,0.9716,0.845,0.845,0.9738,25,160,FM-Full_A-None_AdaBN-F
Lee2019_SSVEP,ATCNet,2,7,1.0,1.0,1.0,0.995,0.995,1.0,25,160,FM-Full_A-None_AdaBN-F
Lee2019_SSVEP,ATCNet,2,9,0.965,0.965,0.9989666666666668,0.98,0.98,0.9998333333333334,25,160,FM-Full_A-None_AdaBN-F
Lee2019_SSVEP,ATCNet,2,16,0.995,0.995,1.0,0.995,0.995,1.0,25,160,FM-Full_A-None_AdaBN-F
Lee2019_SSVEP,ATCNet,2,25,0.955,0.955,0.9983666666666666,0.965,0.965,0.9993,25,160,FM-Full_A-None_AdaBN-F
Lee2019_SSVEP,ATCNet,2,27,1.0,1.0,1.0,1.0,1.0,1.0,25,160,FM-Full_A-None_AdaBN-F
Lee2019_SSVEP,ATCNet,2,34,0.795,0.795,0.9328666666666666,0.81,0.81,0.9518666666666666,25,160,FM-Full_A-None_AdaBN-F
Lee2019_SSVEP,ATCNet,2,35,0.95,0.95,0.9973,0.985,0.985,0.9986,25,160,FM-Full_A-None_AdaBN-F
Lee2019_SSVEP,ATCNet,2,38,0.995,0.995,1.0,0.99,0.99,0.9998333333333334,25,160,FM-Full_A-None_AdaBN-F
Lee2019_SSVEP,ATCNet,2,46,0.985,0.985,0.9999666666666668,0.995,0.995,0.9999666666666668,25,160,FM-Full_A-None_AdaBN-F
Lee2019_SSVEP,ATCNet,2,51,0.74,0.74,0.9374333333333332,0.795,0.7949999999999999,0.9597333333333332,25,160,FM-Full_A-None_AdaBN-F
Lee2019_SSVEP,ATCNet,3,1,0.935,0.935,0.9977666666666668,0.965,0.965,0.9981,25,160,FM-Full_A-None_AdaBN-F
Lee2019_SSVEP,ATCNet,3,10,0.98,0.98,0.9998666666666668,0.99,0.99,0.9999666666666668,25,160,FM-Full_A-None_AdaBN-F
Lee2019_SSVEP,ATCNet,3,12,0.965,0.965,0.9991333333333332,0.955,0.955,0.9988333333333334,25,160,FM-Full_A-None_AdaBN-F
Lee2019_SSVEP,ATCNet,3,17,0.86,0.86,0.9863666666666666,0.94,0.94,0.9982666666666666,25,160,FM-Full_A-None_AdaBN-F
Lee2019_SSVEP,ATCNet,3,26,0.99,0.99,0.9995666666666668,0.995,0.995,0.9999666666666668,25,160,FM-Full_A-None_AdaBN-F
Lee2019_SSVEP,ATCNet,3,28,0.975,0.975,0.998,0.98,0.98,0.9976666666666666,25,160,FM-Full_A-None_AdaBN-F
Lee2019_SSVEP,ATCNet,3,31,1.0,1.0,1.0,1.0,1.0,1.0,25,160,FM-Full_A-None_AdaBN-F
Lee2019_SSVEP,ATCNet,3,32,0.885,0.885,0.9777666666666668,0.97,0.97,0.9946,25,160,FM-Full_A-None_AdaBN-F
Lee2019_SSVEP,ATCNet,3,37,0.995,0.995,0.9998666666666668,0.99,0.99,0.9998333333333334,25,160,FM-Full_A-None_AdaBN-F
Lee2019_SSVEP,ATCNet,3,41,0.94,0.94,0.9981666666666666,0.99,0.99,0.9998333333333334,25,160,FM-Full_A-None_AdaBN-F
Lee2019_SSVEP,ATCNet,3,48,1.0,1.0,1.0,0.995,0.995,1.0,25,160,FM-Full_A-None_AdaBN-F
Lee2019_SSVEP,ATCNet,4,2,0.985,0.985,1.0,0.99,0.99,1.0,25,160,FM-Full_A-None_AdaBN-F
Lee2019_SSVEP,ATCNet,4,3,0.91,0.91,0.9891666666666666,0.93,0.93,0.9922666666666666,25,160,FM-Full_A-None_AdaBN-F
Lee2019_SSVEP,ATCNet,4,11,1.0,1.0,1.0,1.0,1.0,1.0,25,160,FM-Full_A-None_AdaBN-F
Lee2019_SSVEP,ATCNet,4,22,0.805,0.8049999999999999,0.9555,0.895,0.895,0.9848666666666668,25,160,FM-Full_A-None_AdaBN-F
Lee2019_SSVEP,ATCNet,4,24,0.95,0.95,0.9931,0.97,0.97,0.9931,25,160,FM-Full_A-None_AdaBN-F
Lee2019_SSVEP,ATCNet,4,30,0.91,0.91,0.9951,0.995,0.995,1.0,25,160,FM-Full_A-None_AdaBN-F
Lee2019_SSVEP,ATCNet,4,36,1.0,1.0,1.0,1.0,1.0,1.0,25,160,FM-Full_A-None_AdaBN-F
Lee2019_SSVEP,ATCNet,4,40,0.9,0.8999999999999999,0.9892,0.93,0.93,0.9945,25,160,FM-Full_A-None_AdaBN-F
Lee2019_SSVEP,ATCNet,4,42,0.78,0.7799999999999999,0.9535,0.8,0.8,0.9598,25,160,FM-Full_A-None_AdaBN-F
Lee2019_SSVEP,ATCNet,4,44,0.98,0.98,0.9998666666666668,0.975,0.975,0.9998333333333334,25,160,FM-Full_A-None_AdaBN-F
Lee2019_SSVEP,ATCNet,4,47,0.63,0.63,0.8746333333333334,0.615,0.615,0.8565333333333334,25,160,FM-Full_A-None_AdaBN-F
Lee2019_SSVEP,ATCNet,5,8,0.905,0.905,0.9909,0.95,0.95,0.9948333333333332,25,160,FM-Full_A-None_AdaBN-F
Lee2019_SSVEP,ATCNet,5,15,0.705,0.7050000000000001,0.9729333333333332,0.995,0.995,1.0,25,160,FM-Full_A-None_AdaBN-F
Lee2019_SSVEP,ATCNet,5,19,0.97,0.97,0.9998666666666668,0.985,0.985,0.9999333333333332,25,160,FM-Full_A-None_AdaBN-F
Lee2019_SSVEP,ATCNet,5,21,0.9,0.9,0.9927666666666668,0.935,0.935,0.997,25,160,FM-Full_A-None_AdaBN-F
Lee2019_SSVEP,ATCNet,5,23,0.34,0.34,0.5957,0.56,0.56,0.7887000000000001,25,160,FM-Full_A-None_AdaBN-F
Lee2019_SSVEP,ATCNet,5,29,0.91,0.91,0.9916666666666668,0.965,0.965,0.9983666666666666,25,160,FM-Full_A-None_AdaBN-F
Lee2019_SSVEP,ATCNet,5,39,1.0,1.0,1.0,1.0,1.0,1.0,25,160,FM-Full_A-None_AdaBN-F
Lee2019_SSVEP,ATCNet,5,43,1.0,1.0,1.0,1.0,1.0,1.0,25,160,FM-Full_A-None_AdaBN-F
Lee2019_SSVEP,ATCNet,5,52,0.995,0.995,0.9998,1.0,1.0,1.0,25,160,FM-Full_A-None_AdaBN-F
Lee2019_SSVEP,ATCNet,5,54,0.805,0.8049999999999999,0.9631,0.91,0.91,0.9903666666666668,25,160,FM-Full_A-None_AdaBN-F
Yang2025,DeepConvNet,1,4,0.6333333333333333,0.6333333333333333,0.67245,0.5516666666666666,0.5516666666666667,0.5922555555555555,15,600,FM-Full_A-None_AdaBN-F
Yang2025,DeepConvNet,1,13,0.79,0.79,0.876611111111111,0.83,0.8300000000000001,0.9110833333333332,15,600,FM-Full_A-None_AdaBN-F
Yang2025,DeepConvNet,1,14,0.5766666666666667,0.5766666666666667,0.6217222222222223,0.5733333333333334,0.5733333333333333,0.6144555555555555,15,600,FM-Full_A-None_AdaBN-F
Yang2025,DeepConvNet,1,18,0.6833333333333333,0.6833333333333333,0.7616444444444445,0.715,0.715,0.7790166666666666,15,600,FM-Full_A-None_AdaBN-F
Yang2025,DeepConvNet,1,25,0.935,0.935,0.9764444444444444,0.9683333333333334,0.9683333333333334,0.9963777777777778,15,600,FM-Full_A-None_AdaBN-F
Yang2025,DeepConvNet,1,31,0.775,0.775,0.8661888888888889,0.825,0.825,0.91585,15,600,FM-Full_A-None_AdaBN-F
Yang2025,DeepConvNet,1,32,0.6210350584307178,0.6209977703455964,0.6508695652173913,0.6327212020033389,0.6327201783723523,0.6859420289855073,15,600,FM-Full_A-None_AdaBN-F
Yang2025,DeepConvNet,1,33,0.9633333333333334,0.9633333333333334,0.9919,0.975,0.975,0.9954055555555557,15,600,FM-Full_A-None_AdaBN-F
Yang2025,DeepConvNet,1,41,0.8916666666666667,0.8916666666666666,0.968322222222222,0.9383333333333334,0.9383333333333332,0.9800111111111112,15,600,FM-Full_A-None_AdaBN-F
Yang2025,DeepConvNet,1,44,0.7616666666666667,0.7616666666666667,0.8564666666666666,0.7616666666666667,0.7616666666666667,0.8527444444444445,15,600,FM-Full_A-None_AdaBN-F
Yang2025,DeepConvNet,1,47,0.9066666666666666,0.9066666666666668,0.9798666666666668,0.9383333333333334,0.9383333333333332,0.9844722222222224,15,600,FM-Full_A-None_AdaBN-F
Yang2025,DeepConvNet,2,5,0.8466666666666667,0.8466666666666667,0.9409444444444444,0.9066666666666666,0.9066666666666668,0.9693444444444445,15,600,FM-Full_A-None_AdaBN-F
Yang2025,DeepConvNet,2,7,0.79,0.79,0.8859888888888889,0.8366666666666667,0.8366666666666667,0.931777777777778,15,600,FM-Full_A-None_AdaBN-F
Yang2025,DeepConvNet,2,9,0.7766666666666666,0.7766666666666666,0.8476222222222223,0.7316666666666667,0.7316666666666667,0.8317111111111112,15,600,FM-Full_A-None_AdaBN-F
Yang2025,DeepConvNet,2,16,0.695,0.695,0.7418555555555555,0.68,0.6799999999999999,0.7635777777777778,15,600,FM-Full_A-None_AdaBN-F
Yang2025,DeepConvNet,2,20,0.765,0.765,0.8527444444444444,0.9316666666666666,0.9316666666666666,0.983688888888889,15,600,FM-Full_A-None_AdaBN-F
Yang2025,DeepConvNet,2,34,0.555,0.555,0.5731666666666667,0.8383333333333334,0.8383333333333334,0.927988888888889,15,600,FM-Full_A-None_AdaBN-F
Yang2025,DeepConvNet,2,37,0.8766666666666667,0.8766666666666667,0.9507444444444444,0.945,0.945,0.9834944444444444,15,600,FM-Full_A-None_AdaBN-F
Yang2025,DeepConvNet,2,48,0.8333333333333334,0.8333333333333333,0.9426222222222224,0.92,0.92,0.9745666666666666,15,600,FM-Full_A-None_AdaBN-F
Yang2025,DeepConvNet,2,49,0.94,0.94,0.9865444444444444,0.9716666666666668,0.9716666666666668,0.9949333333333334,15,600,FM-Full_A-None_AdaBN-F
Yang2025,DeepConvNet,2,50,0.9383333333333334,0.9383333333333334,0.9866,0.9666666666666668,0.9666666666666668,0.9939777777777778,15,600,FM-Full_A-None_AdaBN-F
Yang2025,DeepConvNet,3,1,0.9516666666666668,0.9516666666666668,0.9924,0.97,0.97,0.9944555555555556,15,600,FM-Full_A-None_AdaBN-F
Yang2025,DeepConvNet,3,10,0.855,0.855,0.9498,0.8883333333333333,0.8883333333333333,0.9579666666666666,15,600,FM-Full_A-None_AdaBN-F
Yang2025,DeepConvNet,3,12,0.6266666666666667,0.6266666666666667,0.6832333333333332,0.5866666666666667,0.5866666666666667,0.6215666666666666,15,600,FM-Full_A-None_AdaBN-F
Yang2025,DeepConvNet,3,17,0.8333333333333334,0.8333333333333334,0.924688888888889,0.84,0.8400000000000001,0.9309777777777776,15,600,FM-Full_A-None_AdaBN-F
Yang2025,DeepConvNet,3,26,0.8313856427378965,0.831231884057971,0.9435005574136008,0.9415692821368948,0.941588628762542,0.989855072463768,15,600,FM-Full_A-None_AdaBN-F
Yang2025,DeepConvNet,3,27,0.615,0.615,0.6882666666666666,0.7266666666666667,0.7266666666666667,0.8123888888888889,15,600,FM-Full_A-None_AdaBN-F
Yang2025,DeepConvNet,3,28,0.8366666666666667,0.8366666666666667,0.9353,0.9233333333333332,0.9233333333333332,0.9749444444444444,15,600,FM-Full_A-None_AdaBN-F
Yang2025,DeepConvNet,3,35,0.9716666666666668,0.9716666666666668,0.9959444444444444,0.9733333333333334,0.9733333333333334,0.997777777777778,15,600,FM-Full_A-None_AdaBN-F
Yang2025,DeepConvNet,3,45,0.9,0.8999999999999999,0.9703333333333334,0.9083333333333332,0.9083333333333332,0.9725777777777778,15,600,FM-Full_A-None_AdaBN-F
Yang2025,DeepConvNet,3,46,0.9933333333333332,0.9933333333333334,0.9996666666666668,0.9933333333333332,0.9933333333333334,0.9997666666666666,15,600,FM-Full_A-None_AdaBN-F
Yang2025,DeepConvNet,4,2,0.7183333333333334,0.7183333333333333,0.7897111111111113,0.6816666666666666,0.6816666666666666,0.762227777777778,15,600,FM-Full_A-None_AdaBN-F
Yang2025,DeepConvNet,4,3,0.9766666666666668,0.9766666666666668,0.9964777777777778,0.98,0.98,0.9979333333333332,15,600,FM-Full_A-None_AdaBN-F
Yang2025,DeepConvNet,4,6,0.9466666666666668,0.9466666666666668,0.9901,0.9766666666666668,0.9766666666666666,0.9972333333333332,15,600,FM-Full_A-None_AdaBN-F
Yang2025,DeepConvNet,4,22,0.8133333333333334,0.8133333333333334,0.8912388888888889,0.885,0.885,0.9511722222222224,15,600,FM-Full_A-None_AdaBN-F
Yang2025,DeepConvNet,4,24,0.9461279461279462,0.946161345909668,0.9900235806276074,0.9865319865319864,0.9865318338472702,0.9986169054961,15,600,FM-Full_A-None_AdaBN-F
Yang2025,DeepConvNet,4,30,0.9516666666666668,0.9516666666666668,0.9792222222222222,0.9766666666666668,0.9766666666666668,0.9919055555555556,15,600,FM-Full_A-None_AdaBN-F
Yang2025,DeepConvNet,4,36,0.9316666666666666,0.9316666666666666,0.9824555555555556,0.9516666666666668,0.9516666666666668,0.9899777777777778,15,600,FM-Full_A-None_AdaBN-F
Yang2025,DeepConvNet,4,38,0.6166666666666667,0.6166666666666667,0.6481055555555556,0.7533333333333333,0.7533333333333334,0.8338166666666667,15,600,FM-Full_A-None_AdaBN-F
Yang2025,DeepConvNet,4,40,0.8466666666666667,0.8466666666666667,0.9367444444444444,0.875,0.875,0.9531,15,600,FM-Full_A-None_AdaBN-F
Yang2025,DeepConvNet,4,42,0.85,0.8500000000000001,0.9267333333333332,0.8766666666666667,0.8766666666666667,0.9366222222222222,15,600,FM-Full_A-None_AdaBN-F
Yang2025,DeepConvNet,5,8,0.925,0.925,0.9803111111111112,0.95,0.95,0.9866555555555556,15,600,FM-Full_A-None_AdaBN-F
Yang2025,DeepConvNet,5,11,0.9233333333333332,0.9233333333333332,0.983588888888889,0.945,0.945,0.9894333333333332,15,600,FM-Full_A-None_AdaBN-F
Yang2025,DeepConvNet,5,15,0.7866666666666666,0.7866666666666666,0.8751222222222224,0.8466666666666667,0.8466666666666667,0.9332111111111112,15,600,FM-Full_A-None_AdaBN-F
Yang2025,DeepConvNet,5,19,0.8733333333333333,0.8733333333333333,0.9502555555555556,0.8716666666666667,0.8716666666666666,0.9618777777777778,15,600,FM-Full_A-None_AdaBN-F
Yang2025,DeepConvNet,5,21,0.91,0.91,0.9711333333333332,0.9083333333333332,0.9083333333333332,0.9740777777777776,15,600,FM-Full_A-None_AdaBN-F
Yang2025,DeepConvNet,5,23,0.9215358931552587,0.9214604236343368,0.9717335562987738,0.9682804674457428,0.9682552954292084,0.9944704570791528,15,600,FM-Full_A-None_AdaBN-F
Yang2025,DeepConvNet,5,29,0.73,0.73,0.8454444444444443,0.875,0.875,0.9539444444444444,15,600,FM-Full_A-None_AdaBN-F
Yang2025,DeepConvNet,5,39,0.725,0.725,0.8104444444444444,0.8116666666666666,0.8116666666666668,0.8912666666666667,15,600,FM-Full_A-None_AdaBN-F
Yang2025,DeepConvNet,5,43,0.9916666666666668,0.9916666666666668,0.9997888888888888,0.9966666666666668,0.9966666666666668,0.9999777777777776,15,600,FM-Full_A-None_AdaBN-F
Yang2025,DeepConvNet,5,51,0.8883333333333333,0.8883333333333333,0.9658555555555556,0.9266666666666666,0.9266666666666667,0.97715,15,600,FM-Full_A-None_AdaBN-F
Lee2019_SSVEP,ShallowConvNet,1,4,1.0,1.0,1.0,1.0,1.0,1.0,40,100,FM-Full_A-None_AdaBN-F
Lee2019_SSVEP,ShallowConvNet,1,6,0.93,0.93,0.9957,0.985,0.985,0.9999,40,100,FM-Full_A-None_AdaBN-F
Lee2019_SSVEP,ShallowConvNet,1,13,0.865,0.865,0.9645666666666668,0.905,0.905,0.9828333333333332,40,100,FM-Full_A-None_AdaBN-F
Lee2019_SSVEP,ShallowConvNet,1,14,0.8,0.7999999999999999,0.9709666666666666,0.91,0.91,0.9819,40,100,FM-Full_A-None_AdaBN-F
Lee2019_SSVEP,ShallowConvNet,1,18,0.985,0.985,0.9999,0.985,0.985,0.9998,40,100,FM-Full_A-None_AdaBN-F
Lee2019_SSVEP,ShallowConvNet,1,20,0.935,0.935,0.9903666666666666,0.925,0.925,0.9874666666666666,40,100,FM-Full_A-None_AdaBN-F
Lee2019_SSVEP,ShallowConvNet,1,33,0.96,0.96,0.9979333333333332,0.96,0.96,0.9974333333333334,40,100,FM-Full_A-None_AdaBN-F
Lee2019_SSVEP,ShallowConvNet,1,45,0.895,0.8949999999999999,0.9857333333333332,0.925,0.925,0.9914333333333334,40,100,FM-Full_A-None_AdaBN-F
Lee2019_SSVEP,ShallowConvNet,1,49,0.98,0.98,0.9991333333333332,0.97,0.97,0.9971,40,100,FM-Full_A-None_AdaBN-F
Lee2019_SSVEP,ShallowConvNet,1,50,0.895,0.895,0.9862,0.945,0.945,0.9955,40,100,FM-Full_A-None_AdaBN-F
Lee2019_SSVEP,ShallowConvNet,1,53,0.98,0.98,1.0,0.98,0.98,0.9996333333333334,40,100,FM-Full_A-None_AdaBN-F
Lee2019_SSVEP,ShallowConvNet,2,5,0.78,0.78,0.9379666666666666,0.8,0.8,0.9456333333333332,40,100,FM-Full_A-None_AdaBN-F
Lee2019_SSVEP,ShallowConvNet,2,7,0.995,0.995,0.9991333333333332,0.995,0.995,0.9996333333333334,40,100,FM-Full_A-None_AdaBN-F
Lee2019_SSVEP,ShallowConvNet,2,9,0.89,0.89,0.9851,0.895,0.8949999999999999,0.9891666666666666,40,100,FM-Full_A-None_AdaBN-F
Lee2019_SSVEP,ShallowConvNet,2,16,0.98,0.98,0.9983333333333332,0.99,0.99,0.9972,40,100,FM-Full_A-None_AdaBN-F
Lee2019_SSVEP,ShallowConvNet,2,25,0.86,0.86,0.9738666666666668,0.87,0.87,0.9848333333333334,40,100,FM-Full_A-None_AdaBN-F
Lee2019_SSVEP,ShallowConvNet,2,27,0.98,0.98,0.9998,0.995,0.995,0.9996666666666668,40,100,FM-Full_A-None_AdaBN-F
Lee2019_SSVEP,ShallowConvNet,2,34,0.705,0.7050000000000001,0.8843,0.745,0.7450000000000001,0.9195333333333332,40,100,FM-Full_A-None_AdaBN-F
Lee2019_SSVEP,ShallowConvNet,2,35,0.79,0.7899999999999999,0.9724,0.93,0.93,0.9921333333333332,40,100,FM-Full_A-None_AdaBN-F
Lee2019_SSVEP,ShallowConvNet,2,38,0.925,0.925,0.9985666666666666,0.985,0.985,0.9996333333333334,40,100,FM-Full_A-None_AdaBN-F
Lee2019_SSVEP,ShallowConvNet,2,46,0.92,0.92,0.9932,0.945,0.945,0.9945,40,100,FM-Full_A-None_AdaBN-F
Lee2019_SSVEP,ShallowConvNet,2,51,0.72,0.72,0.8906833333333333,0.76,0.76,0.9216666666666666,40,100,FM-Full_A-None_AdaBN-F
Lee2019_SSVEP,ShallowConvNet,3,1,0.885,0.885,0.988,0.93,0.93,0.992,40,100,FM-Full_A-None_AdaBN-F
Lee2019_SSVEP,ShallowConvNet,3,10,0.85,0.85,0.9799,0.95,0.95,0.9958,40,100,FM-Full_A-None_AdaBN-F
Lee2019_SSVEP,ShallowConvNet,3,12,0.96,0.96,0.9983,0.96,0.96,0.9989,40,100,FM-Full_A-None_AdaBN-F
Lee2019_SSVEP,ShallowConvNet,3,17,0.765,0.765,0.9853333333333334,0.935,0.935,0.9944333333333334,40,100,FM-Full_A-None_AdaBN-F
Lee2019_SSVEP,ShallowConvNet,3,26,0.9,0.8999999999999999,0.9917,0.975,0.975,0.9994,40,100,FM-Full_A-None_AdaBN-F
Lee2019_SSVEP,ShallowConvNet,3,28,0.895,0.895,0.9903666666666666,0.935,0.935,0.9916,40,100,FM-Full_A-None_AdaBN-F
Lee2019_SSVEP,ShallowConvNet,3,31,1.0,1.0,1.0,1.0,1.0,1.0,40,100,FM-Full_A-None_AdaBN-F
Lee2019_SSVEP,ShallowConvNet,3,32,0.32,0.32,0.6242666666666667,0.67,0.6699999999999999,0.8556333333333334,40,100,FM-Full_A-None_AdaBN-F
Lee2019_SSVEP,ShallowConvNet,3,37,0.99,0.99,0.9997666666666668,0.985,0.985,0.9999666666666668,40,100,FM-Full_A-None_AdaBN-F
Lee2019_SSVEP,ShallowConvNet,3,41,0.94,0.94,0.998,0.97,0.97,0.9986333333333332,40,100,FM-Full_A-None_AdaBN-F
Lee2019_SSVEP,ShallowConvNet,3,48,0.95,0.95,0.9997333333333334,0.99,0.99,0.9994666666666668,40,100,FM-Full_A-None_AdaBN-F
Lee2019_SSVEP,ShallowConvNet,4,2,0.97,0.97,0.9990333333333334,0.975,0.975,0.9984,40,100,FM-Full_A-None_AdaBN-F
Lee2019_SSVEP,ShallowConvNet,4,3,0.84,0.8400000000000001,0.9661666666666666,0.89,0.89,0.9918333333333332,40,100,FM-Full_A-None_AdaBN-F
Lee2019_SSVEP,ShallowConvNet,4,11,1.0,1.0,1.0,1.0,1.0,1.0,40,100,FM-Full_A-None_AdaBN-F
Lee2019_SSVEP,ShallowConvNet,4,22,0.665,0.665,0.8834666666666666,0.78,0.7799999999999999,0.9417666666666668,40,100,FM-Full_A-None_AdaBN-F
Lee2019_SSVEP,ShallowConvNet,4,24,0.72,0.72,0.9471333333333332,0.865,0.865,0.973,40,100,FM-Full_A-None_AdaBN-F
Lee2019_SSVEP,ShallowConvNet,4,30,0.97,0.97,0.9982666666666666,0.975,0.975,0.9989,40,100,FM-Full_A-None_AdaBN-F
Lee2019_SSVEP,ShallowConvNet,4,36,0.99,0.99,1.0,1.0,1.0,1.0,40,100,FM-Full_A-None_AdaBN-F
Lee2019_SSVEP,ShallowConvNet,4,40,0.87,0.87,0.9766333333333334,0.895,0.8949999999999999,0.976,40,100,FM-Full_A-None_AdaBN-F
Lee2019_SSVEP,ShallowConvNet,4,42,0.79,0.79,0.9415333333333332,0.775,0.775,0.951,40,100,FM-Full_A-None_AdaBN-F
Lee2019_SSVEP,ShallowConvNet,4,44,1.0,1.0,1.0,1.0,1.0,1.0,40,100,FM-Full_A-None_AdaBN-F
Lee2019_SSVEP,ShallowConvNet,4,47,0.64,0.64,0.8600333333333332,0.625,0.6250000000000001,0.8558,40,100,FM-Full_A-None_AdaBN-F
Lee2019_SSVEP,ShallowConvNet,5,8,0.85,0.85,0.9797666666666668,0.9,0.9,0.9844333333333334,40,100,FM-Full_A-None_AdaBN-F
Lee2019_SSVEP,ShallowConvNet,5,15,0.735,0.735,0.9442666666666668,0.94,0.94,0.9896666666666668,40,100,FM-Full_A-None_AdaBN-F
Lee2019_SSVEP,ShallowConvNet,5,19,0.7,0.7000000000000001,0.9125333333333332,0.875,0.875,0.9651666666666668,40,100,FM-Full_A-None_AdaBN-F
Lee2019_SSVEP,ShallowConvNet,5,21,0.93,0.93,0.9966333333333334,0.97,0.97,0.9972666666666666,40,100,FM-Full_A-None_AdaBN-F
Lee2019_SSVEP,ShallowConvNet,5,23,0.34,0.34,0.6085999999999999,0.495,0.495,0.7405333333333333,40,100,FM-Full_A-None_AdaBN-F
Lee2019_SSVEP,ShallowConvNet,5,29,0.87,0.87,0.9799,0.93,0.93,0.9935333333333332,40,100,FM-Full_A-None_AdaBN-F
Lee2019_SSVEP,ShallowConvNet,5,39,0.915,0.915,0.9992666666666666,0.95,0.95,0.9992333333333332,40,100,FM-Full_A-None_AdaBN-F
Lee2019_SSVEP,ShallowConvNet,5,43,0.985,0.985,0.9998333333333334,0.99,0.99,0.9999333333333332,40,100,FM-Full_A-None_AdaBN-F
Lee2019_SSVEP,ShallowConvNet,5,52,0.91,0.91,0.9854666666666668,0.955,0.955,0.9962,40,100,FM-Full_A-None_AdaBN-F
Lee2019_SSVEP,ShallowConvNet,5,54,0.42,0.42,0.7447666666666667,0.675,0.675,0.8468333333333333,40,100,FM-Full_A-None_AdaBN-F
Lee2019_SSVEP,ShallowConvNet,1,4,0.97,0.97,0.9979666666666668,0.975,0.975,0.9985666666666668,10,200,FM-Full_A-None_AdaBN-F
Lee2019_SSVEP,ShallowConvNet,1,6,0.83,0.83,0.965,0.935,0.935,0.9944666666666666,10,200,FM-Full_A-None_AdaBN-F
Lee2019_SSVEP,ShallowConvNet,1,13,0.66,0.66,0.9039333333333334,0.815,0.815,0.9638,10,200,FM-Full_A-None_AdaBN-F
Lee2019_SSVEP,ShallowConvNet,1,14,0.675,0.675,0.9132666666666668,0.825,0.825,0.9592,10,200,FM-Full_A-None_AdaBN-F
Lee2019_SSVEP,ShallowConvNet,1,18,0.98,0.98,0.9991666666666666,0.985,0.985,0.9994666666666668,10,200,FM-Full_A-None_AdaBN-F
Lee2019_SSVEP,ShallowConvNet,1,20,0.72,0.72,0.9205,0.785,0.7849999999999999,0.9503666666666666,10,200,FM-Full_A-None_AdaBN-F
Lee2019_SSVEP,ShallowConvNet,1,33,0.825,0.8250000000000001,0.9906333333333333,0.935,0.935,0.9927666666666668,10,200,FM-Full_A-None_AdaBN-F
Lee2019_SSVEP,ShallowConvNet,1,45,0.585,0.5850000000000001,0.8300333333333333,0.835,0.835,0.9662666666666668,10,200,FM-Full_A-None_AdaBN-F
Lee2019_SSVEP,ShallowConvNet,1,49,0.67,0.6699999999999999,0.9324,0.925,0.925,0.9949,10,200,FM-Full_A-None_AdaBN-F
Lee2019_SSVEP,ShallowConvNet,1,50,0.72,0.72,0.9402,0.86,0.86,0.9710666666666666,10,200,FM-Full_A-None_AdaBN-F
Lee2019_SSVEP,ShallowConvNet,1,53,0.885,0.885,0.9863,0.925,0.925,0.9897666666666668,10,200,FM-Full_A-None_AdaBN-F
Lee2019_SSVEP,ShallowConvNet,2,5,0.645,0.6449999999999999,0.8974,0.73,0.73,0.9173333333333332,10,200,FM-Full_A-None_AdaBN-F
Lee2019_SSVEP,ShallowConvNet,2,7,0.995,0.995,0.9992333333333332,0.995,0.995,0.9993333333333334,10,200,FM-Full_A-None_AdaBN-F
Lee2019_SSVEP,ShallowConvNet,2,9,0.825,0.825,0.9634666666666668,0.91,0.91,0.9850666666666668,10,200,FM-Full_A-None_AdaBN-F
Lee2019_SSVEP,ShallowConvNet,2,16,0.75,0.75,0.9759,0.95,0.95,0.9926,10,200,FM-Full_A-None_AdaBN-F
Lee2019_SSVEP,ShallowConvNet,2,25,0.81,0.81,0.9505666666666668,0.875,0.875,0.9813,10,200,FM-Full_A-None_AdaBN-F
Lee2019_SSVEP,ShallowConvNet,2,27,0.965,0.965,0.9989333333333332,0.96,0.96,0.9987,10,200,FM-Full_A-None_AdaBN-F
Lee2019_SSVEP,ShallowConvNet,2,34,0.625,0.625,0.8467666666666667,0.705,0.7050000000000001,0.8691,10,200,FM-Full_A-None_AdaBN-F
Lee2019_SSVEP,ShallowConvNet,2,35,0.555,0.555,0.8903666666666666,0.81,0.8099999999999999,0.9585333333333332,10,200,FM-Full_A-None_AdaBN-F
Lee2019_SSVEP,ShallowConvNet,2,38,0.815,0.815,0.9752666666666666,0.96,0.96,0.9985333333333332,10,200,FM-Full_A-None_AdaBN-F
Lee2019_SSVEP,ShallowConvNet,2,46,0.81,0.81,0.9624,0.89,0.89,0.9819333333333332,10,200,FM-Full_A-None_AdaBN-F
Lee2019_SSVEP,ShallowConvNet,2,51,0.635,0.635,0.8253666666666667,0.68,0.68,0.8807,10,200,FM-Full_A-None_AdaBN-F
Lee2019_SSVEP,ShallowConvNet,3,1,0.855,0.855,0.9655666666666668,0.855,0.855,0.9740333333333332,10,200,FM-Full_A-None_AdaBN-F
Lee2019_SSVEP,ShallowConvNet,3,10,0.71,0.71,0.9014333333333332,0.895,0.895,0.9809333333333332,10,200,FM-Full_A-None_AdaBN-F
Lee2019_SSVEP,ShallowConvNet,3,12,0.84,0.84,0.9873,0.93,0.93,0.9906333333333333,10,200,FM-Full_A-None_AdaBN-F
Lee2019_SSVEP,ShallowConvNet,3,17,0.58,0.58,0.8739666666666666,0.9,0.8999999999999999,0.986,10,200,FM-Full_A-None_AdaBN-F
Lee2019_SSVEP,ShallowConvNet,3,26,0.88,0.88,0.9871333333333332,0.965,0.965,0.9984666666666666,10,200,FM-Full_A-None_AdaBN-F
Lee2019_SSVEP,ShallowConvNet,3,28,0.86,0.8599999999999999,0.9768333333333332,0.925,0.925,0.9883333333333332,10,200,FM-Full_A-None_AdaBN-F
Lee2019_SSVEP,ShallowConvNet,3,31,0.96,0.96,0.9995666666666668,0.975,0.975,1.0,10,200,FM-Full_A-None_AdaBN-F
Lee2019_SSVEP,ShallowConvNet,3,32,0.285,0.285,0.605,0.665,0.665,0.8542333333333334,10,200,FM-Full_A-None_AdaBN-F
Lee2019_SSVEP,ShallowConvNet,3,37,0.91,0.91,0.9965666666666668,0.96,0.96,0.9966666666666668,10,200,FM-Full_A-None_AdaBN-F
Lee2019_SSVEP,ShallowConvNet,3,41,0.855,0.855,0.9825666666666668,0.925,0.925,0.9950333333333332,10,200,FM-Full_A-None_AdaBN-F
Lee2019_SSVEP,ShallowConvNet,3,48,0.9,0.9,0.9988666666666666,0.96,0.96,0.9984666666666666,10,200,FM-Full_A-None_AdaBN-F
Lee2019_SSVEP,ShallowConvNet,4,2,0.935,0.935,0.9980666666666668,0.96,0.96,0.9969333333333332,10,200,FM-Full_A-None_AdaBN-F
Lee2019_SSVEP,ShallowConvNet,4,3,0.725,0.725,0.9700666666666666,0.92,0.92,0.9887666666666666,10,200,FM-Full_A-None_AdaBN-F
Lee2019_SSVEP,ShallowConvNet,4,11,0.975,0.975,0.9997666666666668,1.0,1.0,1.0,10,200,FM-Full_A-None_AdaBN-F
Lee2019_SSVEP,ShallowConvNet,4,22,0.68,0.6799999999999999,0.8681,0.75,0.75,0.9305,10,200,FM-Full_A-None_AdaBN-F
Lee2019_SSVEP,ShallowConvNet,4,24,0.74,0.74,0.9301333333333331,0.86,0.86,0.9663666666666666,10,200,FM-Full_A-None_AdaBN-F
Lee2019_SSVEP,ShallowConvNet,4,30,0.695,0.6950000000000001,0.8897666666666666,0.88,0.88,0.9771999999999998,10,200,FM-Full_A-None_AdaBN-F
Lee2019_SSVEP,ShallowConvNet,4,36,0.955,0.955,1.0,0.995,0.995,0.9999,10,200,FM-Full_A-None_AdaBN-F
Lee2019_SSVEP,ShallowConvNet,4,40,0.63,0.63,0.9051166666666666,0.865,0.865,0.9626666666666668,10,200,FM-Full_A-None_AdaBN-F
Lee2019_SSVEP,ShallowConvNet,4,42,0.76,0.76,0.9400666666666668,0.745,0.745,0.9283,10,200,FM-Full_A-None_AdaBN-F
Lee2019_SSVEP,ShallowConvNet,4,44,0.965,0.965,0.9971,0.975,0.975,0.9997333333333334,10,200,FM-Full_A-None_AdaBN-F
Lee2019_SSVEP,ShallowConvNet,4,47,0.605,0.605,0.8196333333333334,0.61,0.61,0.8305333333333333,10,200,FM-Full_A-None_AdaBN-F
Lee2019_SSVEP,ShallowConvNet,5,8,0.69,0.69,0.9305,0.8,0.8,0.9509333333333334,10,200,FM-Full_A-None_AdaBN-F
Lee2019_SSVEP,ShallowConvNet,5,15,0.45,0.45,0.8015,0.77,0.77,0.9385666666666668,10,200,FM-Full_A-None_AdaBN-F
Lee2019_SSVEP,ShallowConvNet,5,19,0.385,0.385,0.7106000000000001,0.695,0.6950000000000001,0.9064,10,200,FM-Full_A-None_AdaBN-F
Lee2019_SSVEP,ShallowConvNet,5,21,0.75,0.7499999999999999,0.9693666666666666,0.935,0.935,0.9881333333333332,10,200,FM-Full_A-None_AdaBN-F
Lee2019_SSVEP,ShallowConvNet,5,23,0.39,0.39,0.6714666666666668,0.52,0.52,0.7483,10,200,FM-Full_A-None_AdaBN-F
Lee2019_SSVEP,ShallowConvNet,5,29,0.65,0.65,0.9364,0.875,0.875,0.9797666666666668,10,200,FM-Full_A-None_AdaBN-F
Lee2019_SSVEP,ShallowConvNet,5,39,0.795,0.795,0.9884,0.9,0.8999999999999999,0.9905666666666668,10,200,FM-Full_A-None_AdaBN-F
Lee2019_SSVEP,ShallowConvNet,5,43,0.975,0.975,0.9998333333333334,1.0,1.0,1.0,10,200,FM-Full_A-None_AdaBN-F
Lee2019_SSVEP,ShallowConvNet,5,52,0.66,0.66,0.9272333333333334,0.88,0.88,0.9816333333333334,10,200,FM-Full_A-None_AdaBN-F
Lee2019_SSVEP,ShallowConvNet,5,54,0.47,0.47,0.7859,0.695,0.6950000000000001,0.8606,10,200,FM-Full_A-None_AdaBN-F
Huebner2018,DeepConvNet,1,1,0.9634428181245184,0.9372590073441228,0.9884619536064266,0.9796204215981512,0.9657619936196844,0.9941977914208088,10,4200,FM-Full_A-None_AdaBN-F
Huebner2018,DeepConvNet,1,10,0.8763305322128851,0.7666666666666666,0.92784877572824,0.9393557422969188,0.9068795787545788,0.9746405950200592,10,4200,FM-Full_A-None_AdaBN-F
Huebner2018,DeepConvNet,1,11,0.8264172176114785,0.6924615588290244,0.8250371698686713,0.9284709523139684,0.8883436941549789,0.9621473605372092,10,4200,FM-Full_A-None_AdaBN-F
Huebner2018,DeepConvNet,2,3,0.9544817927170868,0.9306776556776556,0.986233756323042,0.9842436974789917,0.9737293956043956,0.995230341335252,10,4200,FM-Full_A-None_AdaBN-F
Huebner2018,DeepConvNet,2,6,0.8602240896358544,0.7103937728937729,0.9115964318419676,0.9833333333333332,0.97066163003663,0.99727712639543,10,4200,FM-Full_A-None_AdaBN-F
Huebner2018,DeepConvNet,2,9,0.7957139855732194,0.594870616531254,0.7891641072355309,0.9538483087050914,0.9288221656003732,0.9819479833100012,10,4200,FM-Full_A-None_AdaBN-F
Huebner2018,DeepConvNet,3,2,0.97296918767507,0.969345238095238,0.9939043966945752,0.9859243697478992,0.9764766483516484,0.9966068294304902,10,4200,FM-Full_A-None_AdaBN-F
Huebner2018,DeepConvNet,3,12,0.8688375350140056,0.8333676739926741,0.9158748419239492,0.9425770308123248,0.90764652014652,0.9732371113509506,10,4200,FM-Full_A-None_AdaBN-F
Huebner2018,DeepConvNet,4,5,0.8484657419083649,0.7010932877824027,0.9026303999013936,0.9380692167577414,0.9002783940679076,0.972981936154524,10,4200,FM-Full_A-None_AdaBN-F
Huebner2018,DeepConvNet,4,8,0.7883053221288515,0.562305402930403,0.8180617150706436,0.9353641456582632,0.902209249084249,0.9717638834379908,10,4200,FM-Full_A-None_AdaBN-F
Huebner2018,DeepConvNet,5,4,0.9265406162464986,0.855334249084249,0.9744608243938602,0.9653361344537816,0.944471153846154,0.987465018860108,10,4200,FM-Full_A-None_AdaBN-F
Huebner2018,DeepConvNet,5,7,0.8359484449425609,0.6564323448323999,0.9465799029166452,0.9450826562062202,0.912792820499398,0.977276556692666,10,4200,FM-Full_A-None_AdaBN-F
Lee2019_SSVEP,ShallowConvNet,1,4,0.905,0.905,0.9917666666666668,0.97,0.97,0.9955,20,100,FM-Full_A-None_AdaBN-F
Lee2019_SSVEP,ShallowConvNet,1,6,0.75,0.75,0.9454666666666668,0.915,0.915,0.9904,20,100,FM-Full_A-None_AdaBN-F
Lee2019_SSVEP,ShallowConvNet,1,13,0.72,0.72,0.9208,0.865,0.865,0.9663666666666668,20,100,FM-Full_A-None_AdaBN-F
Lee2019_SSVEP,ShallowConvNet,1,14,0.69,0.69,0.9271333333333334,0.83,0.83,0.9562333333333332,20,100,FM-Full_A-None_AdaBN-F
Lee2019_SSVEP,ShallowConvNet,1,18,0.965,0.965,0.9979333333333332,0.965,0.965,0.9989,20,100,FM-Full_A-None_AdaBN-F
Lee2019_SSVEP,ShallowConvNet,1,20,0.73,0.73,0.9340666666666668,0.84,0.84,0.9620333333333332,20,100,FM-Full_A-None_AdaBN-F
Lee2019_SSVEP,ShallowConvNet,1,33,0.845,0.845,0.982,0.89,0.89,0.9891666666666664,20,100,FM-Full_A-None_AdaBN-F
Lee2019_SSVEP,ShallowConvNet,1,45,0.6,0.6000000000000001,0.8738,0.84,0.84,0.9696333333333332,20,100,FM-Full_A-None_AdaBN-F
Lee2019_SSVEP,ShallowConvNet,1,49,0.82,0.8200000000000001,0.9873333333333332,0.955,0.955,0.9973333333333332,20,100,FM-Full_A-None_AdaBN-F
Lee2019_SSVEP,ShallowConvNet,1,50,0.685,0.685,0.9143666666666668,0.855,0.855,0.9651333333333332,20,100,FM-Full_A-None_AdaBN-F
Lee2019_SSVEP,ShallowConvNet,1,53,0.93,0.93,0.9905666666666668,0.95,0.95,0.9906666666666666,20,100,FM-Full_A-None_AdaBN-F
Lee2019_SSVEP,ShallowConvNet,2,5,0.625,0.6249999999999999,0.8751666666666668,0.66,0.66,0.8798666666666667,20,100,FM-Full_A-None_AdaBN-F
Lee2019_SSVEP,ShallowConvNet,2,7,0.95,0.95,0.9971333333333332,0.98,0.98,0.9996,20,100,FM-Full_A-None_AdaBN-F
Lee2019_SSVEP,ShallowConvNet,2,9,0.795,0.795,0.9647666666666668,0.845,0.845,0.9732333333333334,20,100,FM-Full_A-None_AdaBN-F
Lee2019_SSVEP,ShallowConvNet,2,16,0.94,0.94,0.9942333333333332,0.975,0.975,0.9975,20,100,FM-Full_A-None_AdaBN-F
Lee2019_SSVEP,ShallowConvNet,2,25,0.815,0.815,0.9635,0.895,0.895,0.9841666666666667,20,100,FM-Full_A-None_AdaBN-F
Lee2019_SSVEP,ShallowConvNet,2,27,0.98,0.98,0.9997666666666668,0.975,0.975,0.9990666666666668,20,100,FM-Full_A-None_AdaBN-F
Lee2019_SSVEP,ShallowConvNet,2,34,0.56,0.56,0.8422666666666666,0.7,0.7000000000000001,0.8906666666666666,20,100,FM-Full_A-None_AdaBN-F
Lee2019_SSVEP,ShallowConvNet,2,35,0.66,0.66,0.9100666666666666,0.83,0.83,0.9674333333333334,20,100,FM-Full_A-None_AdaBN-F
Lee2019_SSVEP,ShallowConvNet,2,38,0.645,0.645,0.9410666666666664,0.89,0.8899999999999999,0.9886,20,100,FM-Full_A-None_AdaBN-F
Lee2019_SSVEP,ShallowConvNet,2,46,0.83,0.83,0.9626666666666666,0.88,0.88,0.9791333333333334,20,100,FM-Full_A-None_AdaBN-F
Lee2019_SSVEP,ShallowConvNet,2,51,0.59,0.59,0.8468333333333333,0.69,0.69,0.8876,20,100,FM-Full_A-None_AdaBN-F
Lee2019_SSVEP,ShallowConvNet,3,1,0.815,0.815,0.9714666666666666,0.845,0.845,0.9780333333333332,20,100,FM-Full_A-None_AdaBN-F
Lee2019_SSVEP,ShallowConvNet,3,10,0.82,0.82,0.9731666666666668,0.93,0.93,0.9922,20,100,FM-Full_A-None_AdaBN-F
Lee2019_SSVEP,ShallowConvNet,3,12,0.9,0.9,0.9900666666666668,0.95,0.95,0.9947333333333332,20,100,FM-Full_A-None_AdaBN-F
Lee2019_SSVEP,ShallowConvNet,3,17,0.76,0.76,0.9568666666666668,0.935,0.935,0.9920333333333332,20,100,FM-Full_A-None_AdaBN-F
Lee2019_SSVEP,ShallowConvNet,3,26,0.905,0.905,0.9909333333333332,0.96,0.96,0.9988333333333334,20,100,FM-Full_A-None_AdaBN-F
Lee2019_SSVEP,ShallowConvNet,3,28,0.835,0.835,0.9738,0.9,0.8999999999999999,0.9853,20,100,FM-Full_A-None_AdaBN-F
Lee2019_SSVEP,ShallowConvNet,3,31,1.0,1.0,1.0,1.0,1.0,1.0,20,100,FM-Full_A-None_AdaBN-F
Lee2019_SSVEP,ShallowConvNet,3,32,0.25,0.25,0.5628666666666667,0.635,0.635,0.8292333333333334,20,100,FM-Full_A-None_AdaBN-F
Lee2019_SSVEP,ShallowConvNet,3,37,0.975,0.975,0.9961666666666666,0.975,0.975,0.9959333333333332,20,100,FM-Full_A-None_AdaBN-F
Lee2019_SSVEP,ShallowConvNet,3,41,0.935,0.935,0.9959333333333332,0.96,0.96,0.9974,20,100,FM-Full_A-None_AdaBN-F
Lee2019_SSVEP,ShallowConvNet,3,48,0.87,0.87,0.9961666666666666,0.97,0.97,0.9986666666666668,20,100,FM-Full_A-None_AdaBN-F
Lee2019_SSVEP,ShallowConvNet,4,2,0.94,0.94,0.9919333333333332,0.965,0.965,0.9945333333333332,20,100,FM-Full_A-None_AdaBN-F
Lee2019_SSVEP,ShallowConvNet,4,3,0.845,0.845,0.9587,0.89,0.89,0.9862333333333332,20,100,FM-Full_A-None_AdaBN-F
Lee2019_SSVEP,ShallowConvNet,4,11,0.98,0.98,0.9999333333333332,0.985,0.985,0.9999333333333332,20,100,FM-Full_A-None_AdaBN-F
Lee2019_SSVEP,ShallowConvNet,4,22,0.57,0.57,0.8306,0.74,0.74,0.9364333333333332,20,100,FM-Full_A-None_AdaBN-F
Lee2019_SSVEP,ShallowConvNet,4,24,0.595,0.595,0.8737333333333333,0.77,0.7699999999999999,0.9309333333333334,20,100,FM-Full_A-None_AdaBN-F
Lee2019_SSVEP,ShallowConvNet,4,30,0.63,0.63,0.85775,0.88,0.88,0.97485,20,100,FM-Full_A-None_AdaBN-F
Lee2019_SSVEP,ShallowConvNet,4,36,0.98,0.98,0.9993,0.995,0.995,1.0,20,100,FM-Full_A-None_AdaBN-F
Lee2019_SSVEP,ShallowConvNet,4,40,0.715,0.715,0.9148,0.825,0.825,0.9579333333333332,20,100,FM-Full_A-None_AdaBN-F
Lee2019_SSVEP,ShallowConvNet,4,42,0.74,0.7399999999999999,0.9295666666666668,0.75,0.75,0.9242,20,100,FM-Full_A-None_AdaBN-F
Lee2019_SSVEP,ShallowConvNet,4,44,0.955,0.955,0.9995666666666668,0.985,0.985,0.9997666666666668,20,100,FM-Full_A-None_AdaBN-F
Lee2019_SSVEP,ShallowConvNet,4,47,0.595,0.5950000000000001,0.8263,0.605,0.6050000000000001,0.8197666666666666,20,100,FM-Full_A-None_AdaBN-F
Lee2019_SSVEP,ShallowConvNet,5,8,0.635,0.635,0.9335,0.815,0.815,0.9610666666666668,20,100,FM-Full_A-None_AdaBN-F
Lee2019_SSVEP,ShallowConvNet,5,15,0.555,0.555,0.8428333333333333,0.82,0.8200000000000001,0.9594,20,100,FM-Full_A-None_AdaBN-F
Lee2019_SSVEP,ShallowConvNet,5,19,0.6,0.6,0.8163333333333334,0.755,0.7550000000000001,0.9166333333333332,20,100,FM-Full_A-None_AdaBN-F
Lee2019_SSVEP,ShallowConvNet,5,21,0.885,0.885,0.9829333333333334,0.935,0.935,0.9944,20,100,FM-Full_A-None_AdaBN-F
Lee2019_SSVEP,ShallowConvNet,5,23,0.375,0.375,0.6567333333333333,0.565,0.565,0.7630333333333335,20,100,FM-Full_A-None_AdaBN-F
Lee2019_SSVEP,ShallowConvNet,5,29,0.72,0.72,0.9405666666666666,0.88,0.88,0.977,20,100,FM-Full_A-None_AdaBN-F
Lee2019_SSVEP,ShallowConvNet,5,39,0.81,0.8099999999999999,0.9925333333333334,0.945,0.945,0.9953333333333334,20,100,FM-Full_A-None_AdaBN-F
Lee2019_SSVEP,ShallowConvNet,5,43,0.96,0.96,0.9998333333333334,0.99,0.99,0.9998,20,100,FM-Full_A-None_AdaBN-F
Lee2019_SSVEP,ShallowConvNet,5,52,0.805,0.805,0.9435333333333332,0.91,0.91,0.9802333333333332,20,100,FM-Full_A-None_AdaBN-F
Lee2019_SSVEP,ShallowConvNet,5,54,0.52,0.52,0.8154666666666667,0.62,0.62,0.8695999999999999,20,100,FM-Full_A-None_AdaBN-F
Lee2019_SSVEP,DeepConvNet,1,4,1.0,1.0,1.0,1.0,1.0,1.0,20,200,FM-Full_A-None_AdaBN-F
Lee2019_SSVEP,DeepConvNet,1,6,1.0,1.0,1.0,1.0,1.0,1.0,20,200,FM-Full_A-None_AdaBN-F
Lee2019_SSVEP,DeepConvNet,1,13,0.94,0.94,0.9981,0.985,0.985,0.9996,20,200,FM-Full_A-None_AdaBN-F
Lee2019_SSVEP,DeepConvNet,1,14,0.835,0.835,0.9788666666666666,0.955,0.955,0.9981666666666666,20,200,FM-Full_A-None_AdaBN-F
Lee2019_SSVEP,DeepConvNet,1,18,0.99,0.99,1.0,0.99,0.99,1.0,20,200,FM-Full_A-None_AdaBN-F
Lee2019_SSVEP,DeepConvNet,1,20,0.99,0.99,0.9994,0.99,0.99,0.9994333333333334,20,200,FM-Full_A-None_AdaBN-F
Lee2019_SSVEP,DeepConvNet,1,33,0.995,0.995,0.9999,0.995,0.995,1.0,20,200,FM-Full_A-None_AdaBN-F
Lee2019_SSVEP,DeepConvNet,1,45,0.955,0.955,0.9989,0.98,0.98,0.999,20,200,FM-Full_A-None_AdaBN-F
Lee2019_SSVEP,DeepConvNet,1,49,1.0,1.0,1.0,1.0,1.0,1.0,20,200,FM-Full_A-None_AdaBN-F
Lee2019_SSVEP,DeepConvNet,1,50,0.995,0.995,0.9999333333333332,1.0,1.0,1.0,20,200,FM-Full_A-None_AdaBN-F
Lee2019_SSVEP,DeepConvNet,1,53,1.0,1.0,1.0,1.0,1.0,1.0,20,200,FM-Full_A-None_AdaBN-F
Lee2019_SSVEP,DeepConvNet,2,5,0.815,0.8150000000000001,0.9700333333333332,0.835,0.835,0.9737,20,200,FM-Full_A-None_AdaBN-F
Lee2019_SSVEP,DeepConvNet,2,7,1.0,1.0,1.0,1.0,1.0,1.0,20,200,FM-Full_A-None_AdaBN-F
Lee2019_SSVEP,DeepConvNet,2,9,0.98,0.98,0.9991333333333334,0.98,0.98,0.9994666666666668,20,200,FM-Full_A-None_AdaBN-F
Lee2019_SSVEP,DeepConvNet,2,16,1.0,1.0,1.0,1.0,1.0,1.0,20,200,FM-Full_A-None_AdaBN-F
Lee2019_SSVEP,DeepConvNet,2,25,0.98,0.98,0.9993666666666668,0.99,0.99,0.9999333333333332,20,200,FM-Full_A-None_AdaBN-F
Lee2019_SSVEP,DeepConvNet,2,27,1.0,1.0,1.0,1.0,1.0,1.0,20,200,FM-Full_A-None_AdaBN-F
Lee2019_SSVEP,DeepConvNet,2,34,0.74,0.74,0.9565166666666666,0.825,0.825,0.9661333333333332,20,200,FM-Full_A-None_AdaBN-F
Lee2019_SSVEP,DeepConvNet,2,35,0.985,0.985,0.9998666666666668,0.995,0.995,1.0,20,200,FM-Full_A-None_AdaBN-F
Lee2019_SSVEP,DeepConvNet,2,38,0.995,0.995,0.9999,0.99,0.99,0.9998,20,200,FM-Full_A-None_AdaBN-F
Lee2019_SSVEP,DeepConvNet,2,46,0.975,0.975,0.9998,1.0,1.0,1.0,20,200,FM-Full_A-None_AdaBN-F
Lee2019_SSVEP,DeepConvNet,2,51,0.835,0.835,0.9671333333333334,0.83,0.8300000000000001,0.9632666666666666,20,200,FM-Full_A-None_AdaBN-F
Lee2019_SSVEP,DeepConvNet,3,1,0.93,0.93,0.9973666666666666,0.955,0.955,0.9985,20,200,FM-Full_A-None_AdaBN-F
Lee2019_SSVEP,DeepConvNet,3,10,0.995,0.995,1.0,1.0,1.0,1.0,20,200,FM-Full_A-None_AdaBN-F
Lee2019_SSVEP,DeepConvNet,3,12,0.975,0.975,0.9995333333333334,0.97,0.97,0.9991666666666668,20,200,FM-Full_A-None_AdaBN-F
Lee2019_SSVEP,DeepConvNet,3,17,0.99,0.99,0.9999,0.985,0.985,0.9996,20,200,FM-Full_A-None_AdaBN-F
Lee2019_SSVEP,DeepConvNet,3,26,0.995,0.995,0.9999666666666668,1.0,1.0,1.0,20,200,FM-Full_A-None_AdaBN-F
Lee2019_SSVEP,DeepConvNet,3,28,0.99,0.99,0.9992,0.99,0.99,0.9993,20,200,FM-Full_A-None_AdaBN-F
Lee2019_SSVEP,DeepConvNet,3,31,1.0,1.0,1.0,1.0,1.0,1.0,20,200,FM-Full_A-None_AdaBN-F
Lee2019_SSVEP,DeepConvNet,3,32,0.85,0.85,0.9819666666666668,0.95,0.95,0.9971,20,200,FM-Full_A-None_AdaBN-F
Lee2019_SSVEP,DeepConvNet,3,37,0.99,0.99,0.9999333333333332,0.985,0.985,0.9998666666666668,20,200,FM-Full_A-None_AdaBN-F
Lee2019_SSVEP,DeepConvNet,3,41,0.98,0.98,0.9996666666666668,0.995,0.995,0.9996666666666668,20,200,FM-Full_A-None_AdaBN-F
Lee2019_SSVEP,DeepConvNet,3,48,0.995,0.995,1.0,0.995,0.995,1.0,20,200,FM-Full_A-None_AdaBN-F
Lee2019_SSVEP,DeepConvNet,4,2,0.995,0.995,0.9999333333333332,0.995,0.995,0.9998666666666668,20,200,FM-Full_A-None_AdaBN-F
Lee2019_SSVEP,DeepConvNet,4,3,0.95,0.95,0.9975,0.96,0.96,0.9978333333333332,20,200,FM-Full_A-None_AdaBN-F
Lee2019_SSVEP,DeepConvNet,4,11,1.0,1.0,1.0,1.0,1.0,1.0,20,200,FM-Full_A-None_AdaBN-F
Lee2019_SSVEP,DeepConvNet,4,22,0.91,0.91,0.9847,0.945,0.945,0.9892666666666666,20,200,FM-Full_A-None_AdaBN-F
Lee2019_SSVEP,DeepConvNet,4,24,0.98,0.98,0.99375,0.99,0.99,0.9940333333333332,20,200,FM-Full_A-None_AdaBN-F
Lee2019_SSVEP,DeepConvNet,4,30,0.995,0.995,1.0,0.995,0.995,1.0,20,200,FM-Full_A-None_AdaBN-F
Lee2019_SSVEP,DeepConvNet,4,36,1.0,1.0,1.0,1.0,1.0,1.0,20,200,FM-Full_A-None_AdaBN-F
Lee2019_SSVEP,DeepConvNet,4,40,0.935,0.935,0.9958666666666668,0.935,0.935,0.9976333333333331,20,200,FM-Full_A-None_AdaBN-F
Lee2019_SSVEP,DeepConvNet,4,42,0.815,0.815,0.9637833333333332,0.815,0.815,0.9636166666666668,20,200,FM-Full_A-None_AdaBN-F
Lee2019_SSVEP,DeepConvNet,4,44,0.995,0.995,1.0,0.995,0.995,1.0,20,200,FM-Full_A-None_AdaBN-F
Lee2019_SSVEP,DeepConvNet,4,47,0.615,0.6150000000000001,0.8664666666666667,0.615,0.615,0.8693333333333333,20,200,FM-Full_A-None_AdaBN-F
Lee2019_SSVEP,DeepConvNet,5,8,0.97,0.97,0.9922166666666666,0.975,0.975,0.99145,20,200,FM-Full_A-None_AdaBN-F
Lee2019_SSVEP,DeepConvNet,5,15,0.985,0.985,0.9997666666666668,1.0,1.0,1.0,20,200,FM-Full_A-None_AdaBN-F
Lee2019_SSVEP,DeepConvNet,5,19,0.98,0.98,0.9994666666666668,0.975,0.975,0.9985666666666668,20,200,FM-Full_A-None_AdaBN-F
Lee2019_SSVEP,DeepConvNet,5,21,0.94,0.94,0.9924666666666666,0.975,0.975,0.9978333333333332,20,200,FM-Full_A-None_AdaBN-F
Lee2019_SSVEP,DeepConvNet,5,23,0.29,0.29,0.5608000000000001,0.47,0.47,0.7236,20,200,FM-Full_A-None_AdaBN-F
Lee2019_SSVEP,DeepConvNet,5,29,0.84,0.8400000000000001,0.9809333333333334,0.955,0.955,0.9984666666666666,20,200,FM-Full_A-None_AdaBN-F
Lee2019_SSVEP,DeepConvNet,5,39,0.995,0.995,1.0,1.0,1.0,1.0,20,200,FM-Full_A-None_AdaBN-F
Lee2019_SSVEP,DeepConvNet,5,43,1.0,1.0,1.0,1.0,1.0,1.0,20,200,FM-Full_A-None_AdaBN-F
Lee2019_SSVEP,DeepConvNet,5,52,0.99,0.99,0.9998,1.0,1.0,1.0,20,200,FM-Full_A-None_AdaBN-F
Lee2019_SSVEP,DeepConvNet,5,54,0.725,0.7250000000000001,0.9243833333333332,0.905,0.905,0.9762833333333332,20,200,FM-Full_A-None_AdaBN-F
BI2015a,ShallowConvNet,1,5,0.8872053872053872,0.6777777777777778,0.9022599734720946,0.9065656565656566,0.7803030303030303,0.9289817365574942,15,1000,FM-Full_A-None_AdaBN-F
BI2015a,ShallowConvNet,1,9,0.8663663663663663,0.6567567567567567,0.8365433000568137,0.8918918918918919,0.7585585585585586,0.8950206963720477,15,1000,FM-Full_A-None_AdaBN-F
BI2015a,ShallowConvNet,1,13,0.8567251461988304,0.7473684210526316,0.8924399815327795,0.9320175438596492,0.8557017543859649,0.9558056325023084,15,1000,FM-Full_A-None_AdaBN-F
BI2015a,ShallowConvNet,1,25,0.8347701149425287,0.5123563218390804,0.720623596247853,0.8510536398467433,0.6508620689655172,0.8156427533359758,15,1000,FM-Full_A-None_AdaBN-F
BI2015a,ShallowConvNet,1,26,0.8933691756272402,0.8026881720430108,0.9308359347901493,0.9193548387096774,0.8247311827956989,0.9448606775349752,15,1000,FM-Full_A-None_AdaBN-F
BI2015a,ShallowConvNet,1,35,0.8442028985507246,0.5509661835748793,0.7665978202525148,0.8248792270531401,0.6128019323671497,0.7113748278839646,15,1000,FM-Full_A-None_AdaBN-F
BI2015a,ShallowConvNet,1,37,0.821031746031746,0.5078571428571429,0.5563038548752834,0.8444444444444444,0.6352380952380953,0.7742743764172336,15,1000,FM-Full_A-None_AdaBN-F
BI2015a,ShallowConvNet,1,38,0.8536036036036037,0.6653153153153153,0.8132903173443715,0.8963963963963963,0.7576576576576577,0.8986608229851474,15,1000,FM-Full_A-None_AdaBN-F
BI2015a,ShallowConvNet,1,40,0.8600823045267489,0.6444444444444444,0.8392108672458467,0.8981481481481481,0.7623456790123457,0.89743369913123,15,1000,FM-Full_A-None_AdaBN-F
BI2015a,ShallowConvNet,2,4,0.8805555555555555,0.7183333333333333,0.7939097222222222,0.9201388888888888,0.8270833333333334,0.936638888888889,15,1000,FM-Full_A-None_AdaBN-F
BI2015a,ShallowConvNet,2,7,0.8333333333333334,0.5,0.5730440215301807,0.8856209150326797,0.7431372549019608,0.8857987312572088,15,1000,FM-Full_A-None_AdaBN-F
BI2015a,ShallowConvNet,2,14,0.8233618233618234,0.505982905982906,0.5112316458470304,0.8504273504273504,0.658974358974359,0.8155270655270654,15,1000,FM-Full_A-None_AdaBN-F
BI2015a,ShallowConvNet,2,16,0.8746031746031746,0.680952380952381,0.8931655328798187,0.9015873015873016,0.7885714285714286,0.9191156462585036,15,1000,FM-Full_A-None_AdaBN-F
BI2015a,ShallowConvNet,2,18,0.8333333333333334,0.5014814814814815,0.6370973936899863,0.8617283950617284,0.6755555555555556,0.807676268861454,15,1000,FM-Full_A-None_AdaBN-F
BI2015a,ShallowConvNet,2,20,0.8580246913580247,0.66,0.8522935528120713,0.8907407407407407,0.7507407407407407,0.902554183813443,15,1000,FM-Full_A-None_AdaBN-F
BI2015a,ShallowConvNet,2,28,0.8522222222222222,0.63,0.8216911111111111,0.8611111111111112,0.6739999999999999,0.8395688888888888,15,1000,FM-Full_A-None_AdaBN-F
BI2015a,ShallowConvNet,2,32,0.8888888888888888,0.7956989247311828,0.9054572782980692,0.9023297491039428,0.7650537634408602,0.9054572782980692,15,1000,FM-Full_A-None_AdaBN-F
BI2015a,ShallowConvNet,2,41,0.8179012345679012,0.5662962962962963,0.6844389574759945,0.8685185185185185,0.7018518518518518,0.8628888888888888,15,1000,FM-Full_A-None_AdaBN-F
BI2015a,ShallowConvNet,3,1,0.5294592413236481,0.5460452014700381,0.5671800063085466,0.8490718321226796,0.6446416232037148,0.7876340749543365,15,1000,FM-Full_A-None_AdaBN-F
BI2015a,ShallowConvNet,3,6,0.8244949494949495,0.525,0.6709022038567494,0.8781565656565656,0.7193181818181817,0.8797291092745637,15,1000,FM-Full_A-None_AdaBN-F
BI2015a,ShallowConvNet,3,10,0.8844086021505376,0.717741935483871,0.851358538559371,0.9059139784946236,0.771505376344086,0.9259683200369986,15,1000,FM-Full_A-None_AdaBN-F
BI2015a,ShallowConvNet,3,12,0.8337813620071685,0.5024193548387097,0.7232512429182565,0.8575268817204301,0.6725806451612903,0.8038877326858597,15,1000,FM-Full_A-None_AdaBN-F
BI2015a,ShallowConvNet,3,17,0.8518518518518519,0.6814814814814815,0.8004965706447189,0.8808641975308642,0.7166666666666667,0.8739149519890261,15,1000,FM-Full_A-None_AdaBN-F
BI2015a,ShallowConvNet,3,27,0.8220815752461322,0.5286919831223629,0.6387072940590005,0.8357946554149086,0.6111814345991561,0.7702344709715323,15,1000,FM-Full_A-None_AdaBN-F
BI2015a,ShallowConvNet,3,30,0.845679012345679,0.7493827160493827,0.8759487882944673,0.9176954732510288,0.8246913580246914,0.9431184270690444,15,1000,FM-Full_A-None_AdaBN-F
BI2015a,ShallowConvNet,3,31,0.7525925925925926,0.5493333333333333,0.5805659259259259,0.8344444444444444,0.6135555555555555,0.7496987654320988,15,1000,FM-Full_A-None_AdaBN-F
BI2015a,ShallowConvNet,3,42,0.8377192982456141,0.577485380116959,0.762547450497589,0.8416179337231969,0.6383040935672515,0.7695889333470128,15,1000,FM-Full_A-None_AdaBN-F
BI2015a,ShallowConvNet,4,2,0.8432539682539683,0.5392857142857143,0.7452947845804989,0.906084656084656,0.7801587301587302,0.909275006298816,15,1000,FM-Full_A-None_AdaBN-F
BI2015a,ShallowConvNet,4,3,0.8553639846743295,0.6787356321839081,0.8029594398203198,0.9377394636015326,0.85,0.9613489232395296,15,1000,FM-Full_A-None_AdaBN-F
BI2015a,ShallowConvNet,4,22,0.8503787878787878,0.6162878787878787,0.8136191460055096,0.875,0.7204545454545455,0.8581123737373737,15,1000,FM-Full_A-None_AdaBN-F
BI2015a,ShallowConvNet,4,24,0.8773148148148148,0.6837962962962963,0.8839420438957475,0.9035493827160492,0.7865740740740741,0.9192343964334704,15,1000,FM-Full_A-None_AdaBN-F
BI2015a,ShallowConvNet,4,33,0.8723544973544973,0.6678571428571428,0.8660556815318721,0.8935185185185185,0.751984126984127,0.9130605946082138,15,1000,FM-Full_A-None_AdaBN-F
BI2015a,ShallowConvNet,4,34,0.8507936507936508,0.6114285714285714,0.8162131519274376,0.8746031746031746,0.6923809523809524,0.872766439909297,15,1000,FM-Full_A-None_AdaBN-F
BI2015a,ShallowConvNet,4,36,0.7930555555555555,0.6641666666666667,0.7373055555555557,0.8861111111111111,0.7366666666666666,0.8849791666666667,15,1000,FM-Full_A-None_AdaBN-F
BI2015a,ShallowConvNet,4,43,0.9090038314176244,0.7867816091954023,0.9276720834984806,0.9272030651340996,0.8436781609195403,0.9501519355264896,15,1000,FM-Full_A-None_AdaBN-F
BI2015a,ShallowConvNet,5,8,0.83994708994709,0.7087301587301587,0.8172524565381709,0.8921957671957672,0.7607142857142857,0.9005637440161249,15,1000,FM-Full_A-None_AdaBN-F
BI2015a,ShallowConvNet,5,11,0.8291666666666667,0.5041666666666667,0.6116145833333334,0.8569444444444444,0.6591666666666667,0.8274618055555556,15,1000,FM-Full_A-None_AdaBN-F
BI2015a,ShallowConvNet,5,15,0.8412698412698413,0.6876190476190476,0.8281179138321996,0.8888888888888888,0.7466666666666666,0.8959546485260771,15,1000,FM-Full_A-None_AdaBN-F
BI2015a,ShallowConvNet,5,19,0.8483333333333334,0.5916666666666667,0.7691133333333334,0.8777777777777778,0.704,0.8476933333333334,15,1000,FM-Full_A-None_AdaBN-F
BI2015a,ShallowConvNet,5,21,0.9007936507936508,0.7957142857142857,0.9082267573696144,0.9142857142857144,0.8152380952380952,0.929310657596372,15,1000,FM-Full_A-None_AdaBN-F
BI2015a,ShallowConvNet,5,23,0.8421052631578947,0.6421052631578947,0.7730417051400431,0.8647660818713451,0.6978070175438597,0.8295437057556171,15,1000,FM-Full_A-None_AdaBN-F
BI2015a,ShallowConvNet,5,29,0.8322440087145969,0.5738562091503268,0.6954312443931822,0.8562091503267973,0.6640522875816993,0.8173971549404075,15,1000,FM-Full_A-None_AdaBN-F
BI2015a,ShallowConvNet,5,39,0.8327664399092971,0.5023809523809524,0.6309408116988293,0.8758503401360545,0.713265306122449,0.8549724651765468,15,1000,FM-Full_A-None_AdaBN-F
BI2015a,ATCNet,1,5,0.8526936026936027,0.5702020202020202,0.8133251709009285,0.9124579124579124,0.8484848484848484,0.9397102336496276,10,500,FM-Full_A-None_AdaBN-F
BI2015a,ATCNet,1,9,0.8408408408408409,0.5423423423423424,0.760388767145524,0.8903903903903904,0.7954954954954955,0.906833860887915,10,500,FM-Full_A-None_AdaBN-F
BI2015a,ATCNet,1,13,0.8647660818713451,0.6276315789473684,0.8511734379809173,0.9269005847953216,0.8701754385964913,0.9524238227146814,10,500,FM-Full_A-None_AdaBN-F
BI2015a,ATCNet,1,25,0.8352490421455939,0.5103448275862069,0.710547958779231,0.8635057471264368,0.7445402298850574,0.8681513409961685,10,500,FM-Full_A-None_AdaBN-F
BI2015a,ATCNet,1,26,0.8727598566308243,0.6440860215053763,0.8873800439357151,0.9390681003584228,0.8817204301075269,0.9640536478205572,10,500,FM-Full_A-None_AdaBN-F
BI2015a,ATCNet,1,35,0.8337359098228664,0.501207729468599,0.696015076197811,0.8301127214170693,0.6758454106280194,0.7821361058601134,10,500,FM-Full_A-None_AdaBN-F
BI2015a,ATCNet,1,37,0.8063492063492064,0.5266666666666666,0.5627777777777778,0.8484126984126984,0.7214285714285714,0.8435022675736961,10,500,FM-Full_A-None_AdaBN-F
BI2015a,ATCNet,1,38,0.8536036036036037,0.5878378378378378,0.7430646863079295,0.9061561561561562,0.8301801801801802,0.9247260774287802,10,500,FM-Full_A-None_AdaBN-F
BI2015a,ATCNet,1,40,0.8338477366255144,0.5077160493827161,0.7472412741960067,0.8935185185185185,0.8003086419753087,0.9104061880810852,10,500,FM-Full_A-None_AdaBN-F
BI2015a,ATCNet,2,4,0.8381944444444445,0.5229166666666667,0.7501319444444445,0.9145833333333332,0.8504166666666666,0.9401631944444444,10,500,FM-Full_A-None_AdaBN-F
BI2015a,ATCNet,2,7,0.8333333333333334,0.5,0.6393406382160708,0.8921568627450981,0.8117647058823529,0.9061947327950788,10,500,FM-Full_A-None_AdaBN-F
BI2015a,ATCNet,2,14,0.8162393162393162,0.4931623931623931,0.4941997224048506,0.8689458689458689,0.7606837606837606,0.8720688143765067,10,500,FM-Full_A-None_AdaBN-F
BI2015a,ATCNet,2,16,0.8579365079365079,0.5833333333333334,0.8553151927437641,0.9126984126984128,0.8428571428571429,0.9428526077097508,10,500,FM-Full_A-None_AdaBN-F
BI2015a,ATCNet,2,18,0.8160493827160494,0.5237037037037037,0.6437119341563787,0.8802469135802469,0.777037037037037,0.8655555555555555,10,500,FM-Full_A-None_AdaBN-F
BI2015a,ATCNet,2,20,0.8364197530864198,0.53,0.7966886145404664,0.9092592592592592,0.8388888888888888,0.931272976680384,10,500,FM-Full_A-None_AdaBN-F
BI2015a,ATCNet,2,28,0.8338888888888889,0.5096666666666667,0.7360866666666667,0.8588888888888889,0.746,0.8533955555555557,10,500,FM-Full_A-None_AdaBN-F
BI2015a,ATCNet,2,32,0.8808243727598566,0.6661290322580645,0.8611920453231589,0.906810035842294,0.810752688172043,0.926407677188114,10,500,FM-Full_A-None_AdaBN-F
BI2015a,ATCNet,2,41,0.8388888888888889,0.5344444444444445,0.716315500685871,0.8950617283950617,0.78,0.9109272976680384,10,500,FM-Full_A-None_AdaBN-F
BI2015a,ATCNet,3,1,0.8335351089588378,0.5,0.5075950499915641,0.8523002421307506,0.7222420281243811,0.8466750291586891,10,500,FM-Full_A-None_AdaBN-F
BI2015a,ATCNet,3,6,0.8137626262626263,0.6746212121212121,0.7733442378328741,0.9053030303030304,0.825,0.9252955693296602,10,500,FM-Full_A-None_AdaBN-F
BI2015a,ATCNet,3,10,0.8709677419354839,0.7462365591397849,0.8603884842178288,0.9238351254480288,0.8682795698924731,0.9463406174124176,10,500,FM-Full_A-None_AdaBN-F
BI2015a,ATCNet,3,12,0.8207885304659498,0.6172043010752688,0.7535322002543647,0.8494623655913979,0.7387096774193549,0.8518744941611747,10,500,FM-Full_A-None_AdaBN-F
BI2015a,ATCNet,3,17,0.8512345679012345,0.69,0.8232400548696845,0.8845679012345679,0.7974074074074073,0.8971220850480109,10,500,FM-Full_A-None_AdaBN-F
BI2015a,ATCNet,3,27,0.820323488045007,0.5757383966244726,0.6773389236055476,0.8481012658227848,0.7308016877637131,0.8247672203528638,10,500,FM-Full_A-None_AdaBN-F
BI2015a,ATCNet,3,30,0.8981481481481481,0.8277777777777777,0.8920477061423563,0.9156378600823044,0.7962962962962963,0.9197683279987806,10,500,FM-Full_A-None_AdaBN-F
BI2015a,ATCNet,3,31,0.762962962962963,0.5564444444444444,0.6283772839506173,0.8348148148148148,0.6920000000000001,0.7954459259259261,10,500,FM-Full_A-None_AdaBN-F
BI2015a,ATCNet,3,42,0.8333333333333334,0.6415204678362573,0.755834273793646,0.8455165692007798,0.7213450292397661,0.8202780342669539,10,500,FM-Full_A-None_AdaBN-F
BI2015a,ATCNet,4,2,0.8525132275132276,0.6861111111111111,0.8326026706979087,0.9186507936507936,0.8654761904761905,0.935928445452255,10,500,FM-Full_A-None_AdaBN-F
BI2015a,ATCNet,4,3,0.8457854406130269,0.585632183908046,0.7848592944906857,0.9252873563218392,0.8724137931034484,0.9590831021270974,10,500,FM-Full_A-None_AdaBN-F
BI2015a,ATCNet,4,22,0.8339646464646465,0.6806818181818182,0.8281479568411387,0.8882575757575758,0.8147727272727273,0.918603650137741,10,500,FM-Full_A-None_AdaBN-F
BI2015a,ATCNet,4,24,0.8672839506172839,0.6907407407407408,0.8765132030178325,0.9205246913580248,0.8745370370370371,0.9554441015089165,10,500,FM-Full_A-None_AdaBN-F
BI2015a,ATCNet,4,33,0.8578042328042328,0.7019841269841269,0.8444538926681784,0.9074074074074074,0.8412698412698413,0.9262251196775008,10,500,FM-Full_A-None_AdaBN-F
BI2015a,ATCNet,4,34,0.8595238095238096,0.6395238095238096,0.8113469387755102,0.8976190476190476,0.83,0.91718820861678,10,500,FM-Full_A-None_AdaBN-F
BI2015a,ATCNet,4,36,0.8409722222222222,0.6729166666666667,0.8206041666666668,0.9034722222222222,0.8354166666666667,0.926267361111111,10,500,FM-Full_A-None_AdaBN-F
BI2015a,ATCNet,4,43,0.9166666666666666,0.8419540229885057,0.9448606156691768,0.9310344827586208,0.896551724137931,0.9682454749636676,10,500,FM-Full_A-None_AdaBN-F
BI2015a,ATCNet,5,8,0.8386243386243386,0.7111111111111111,0.8208396321491558,0.8988095238095238,0.8313492063492063,0.924899218946838,10,500,FM-Full_A-None_AdaBN-F
BI2015a,ATCNet,5,11,0.7895833333333333,0.58875,0.6723298611111111,0.8659722222222223,0.7779166666666667,0.8809791666666668,10,500,FM-Full_A-None_AdaBN-F
BI2015a,ATCNet,5,15,0.8373015873015873,0.7119047619047619,0.8328934240362813,0.9055555555555556,0.8442857142857143,0.9270385487528344,10,500,FM-Full_A-None_AdaBN-F
BI2015a,ATCNet,5,19,0.8244444444444444,0.6346666666666667,0.7456933333333333,0.8822222222222222,0.7813333333333333,0.8698377777777776,10,500,FM-Full_A-None_AdaBN-F
BI2015a,ATCNet,5,21,0.8873015873015873,0.7761904761904762,0.9024172335600908,0.9246031746031746,0.8728571428571428,0.9504716553287982,10,500,FM-Full_A-None_AdaBN-F
BI2015a,ATCNet,5,23,0.8552631578947368,0.7166666666666667,0.8175630963373345,0.8779239766081871,0.7793859649122807,0.8979609110495536,10,500,FM-Full_A-None_AdaBN-F
BI2015a,ATCNet,5,29,0.8159041394335512,0.6176470588235294,0.7081891580161476,0.8622004357298475,0.7486928104575163,0.8671109402366612,10,500,FM-Full_A-None_AdaBN-F
BI2015a,ATCNet,5,39,0.8344671201814059,0.5034013605442177,0.8172173631357305,0.8962585034013606,0.8166666666666667,0.9021935304734138,10,500,FM-Full_A-None_AdaBN-F
Yang2025,EEGNetv4,1,4,0.5866666666666667,0.5866666666666667,0.6336055555555555,0.5633333333333334,0.5633333333333334,0.5847555555555555,10,450,FM-Full_A-None_AdaBN-F
Yang2025,EEGNetv4,1,13,0.7483333333333333,0.7483333333333333,0.8172666666666667,0.7966666666666666,0.7966666666666666,0.8658333333333333,10,450,FM-Full_A-None_AdaBN-F
Yang2025,EEGNetv4,1,14,0.545,0.5449999999999999,0.5733,0.5633333333333334,0.5633333333333334,0.5841944444444445,10,450,FM-Full_A-None_AdaBN-F
Yang2025,EEGNetv4,1,18,0.6383333333333333,0.6383333333333334,0.695311111111111,0.66,0.6599999999999999,0.7144722222222222,10,450,FM-Full_A-None_AdaBN-F
Yang2025,EEGNetv4,1,25,0.895,0.895,0.95445,0.935,0.935,0.9808444444444444,10,450,FM-Full_A-None_AdaBN-F
Yang2025,EEGNetv4,1,31,0.705,0.7050000000000001,0.7849833333333334,0.79,0.79,0.8623833333333333,10,450,FM-Full_A-None_AdaBN-F
Yang2025,EEGNetv4,1,32,0.5275459098497496,0.5274303232998885,0.5616332218506132,0.5742904841402338,0.5742140468227425,0.6132552954292085,10,450,FM-Full_A-None_AdaBN-F
Yang2025,EEGNetv4,1,33,0.9133333333333332,0.9133333333333332,0.9710277777777776,0.9466666666666668,0.9466666666666668,0.98425,10,450,FM-Full_A-None_AdaBN-F
Yang2025,EEGNetv4,1,41,0.85,0.8500000000000001,0.9317833333333334,0.8816666666666667,0.8816666666666666,0.9578333333333334,10,450,FM-Full_A-None_AdaBN-F
Yang2025,EEGNetv4,1,44,0.7216666666666667,0.7216666666666667,0.8042444444444444,0.72,0.72,0.8043555555555555,10,450,FM-Full_A-None_AdaBN-F
Yang2025,EEGNetv4,1,47,0.8816666666666667,0.8816666666666667,0.9501555555555556,0.91,0.91,0.9685,10,450,FM-Full_A-None_AdaBN-F
Yang2025,EEGNetv4,2,5,0.7883333333333333,0.7883333333333333,0.9239444444444443,0.87,0.87,0.9375444444444444,10,450,FM-Full_A-None_AdaBN-F
Yang2025,EEGNetv4,2,7,0.6483333333333333,0.6483333333333333,0.7728222222222222,0.7433333333333333,0.7433333333333334,0.8445722222222222,10,450,FM-Full_A-None_AdaBN-F
Yang2025,EEGNetv4,2,9,0.5933333333333334,0.5933333333333333,0.7572222222222222,0.7083333333333334,0.7083333333333333,0.7639611111111112,10,450,FM-Full_A-None_AdaBN-F
Yang2025,EEGNetv4,2,16,0.5366666666666666,0.5366666666666666,0.5907111111111112,0.5916666666666667,0.5916666666666667,0.6108722222222221,10,450,FM-Full_A-None_AdaBN-F
Yang2025,EEGNetv4,2,20,0.615,0.615,0.8168888888888888,0.8816666666666667,0.8816666666666666,0.9474055555555556,10,450,FM-Full_A-None_AdaBN-F
Yang2025,EEGNetv4,2,34,0.5833333333333334,0.5833333333333334,0.6832444444444444,0.7683333333333333,0.7683333333333333,0.8610666666666666,10,450,FM-Full_A-None_AdaBN-F
Yang2025,EEGNetv4,2,37,0.7516666666666667,0.7516666666666667,0.9066666666666666,0.89,0.89,0.9582222222222222,10,450,FM-Full_A-None_AdaBN-F
Yang2025,EEGNetv4,2,48,0.7716666666666666,0.7716666666666667,0.8857666666666667,0.8583333333333333,0.8583333333333334,0.9367777777777778,10,450,FM-Full_A-None_AdaBN-F
Yang2025,EEGNetv4,2,49,0.8016666666666666,0.8016666666666667,0.9551888888888888,0.9383333333333334,0.9383333333333334,0.9799555555555556,10,450,FM-Full_A-None_AdaBN-F
Yang2025,EEGNetv4,2,50,0.7983333333333333,0.7983333333333333,0.9721333333333332,0.92,0.92,0.9813555555555556,10,450,FM-Full_A-None_AdaBN-F
Yang2025,EEGNetv4,3,1,0.875,0.875,0.9643111111111112,0.94,0.94,0.9859,10,450,FM-Full_A-None_AdaBN-F
Yang2025,EEGNetv4,3,10,0.7833333333333333,0.7833333333333333,0.8456,0.835,0.835,0.9274222222222224,10,450,FM-Full_A-None_AdaBN-F
Yang2025,EEGNetv4,3,12,0.6083333333333333,0.6083333333333334,0.6479222222222221,0.5766666666666667,0.5766666666666667,0.6347666666666666,10,450,FM-Full_A-None_AdaBN-F
Yang2025,EEGNetv4,3,17,0.7333333333333333,0.7333333333333334,0.8275555555555556,0.7966666666666666,0.7966666666666666,0.8880166666666668,10,450,FM-Full_A-None_AdaBN-F
Yang2025,EEGNetv4,3,26,0.7562604340567612,0.7563322185061316,0.8223076923076924,0.8931552587646077,0.893149386845039,0.9583946488294314,10,450,FM-Full_A-None_AdaBN-F
Yang2025,EEGNetv4,3,27,0.595,0.595,0.6361111111111112,0.7183333333333334,0.7183333333333333,0.7739222222222222,10,450,FM-Full_A-None_AdaBN-F
Yang2025,EEGNetv4,3,28,0.7883333333333333,0.7883333333333333,0.8676222222222222,0.8716666666666667,0.8716666666666666,0.9356555555555556,10,450,FM-Full_A-None_AdaBN-F
Yang2025,EEGNetv4,3,35,0.9333333333333332,0.9333333333333332,0.9862777777777778,0.965,0.965,0.992877777777778,10,450,FM-Full_A-None_AdaBN-F
Yang2025,EEGNetv4,3,45,0.845,0.845,0.9395222222222224,0.8816666666666667,0.8816666666666666,0.9510777777777776,10,450,FM-Full_A-None_AdaBN-F
Yang2025,EEGNetv4,3,46,0.9216666666666666,0.9216666666666666,0.9903444444444444,0.9966666666666668,0.9966666666666666,1.0,10,450,FM-Full_A-None_AdaBN-F
Yang2025,EEGNetv4,4,2,0.6716666666666666,0.6716666666666666,0.7245555555555556,0.67,0.67,0.7228888888888889,10,450,FM-Full_A-None_AdaBN-F
Yang2025,EEGNetv4,4,3,0.9366666666666666,0.9366666666666666,0.9744722222222222,0.945,0.945,0.9794666666666666,10,450,FM-Full_A-None_AdaBN-F
Yang2025,EEGNetv4,4,6,0.935,0.935,0.9788388888888888,0.965,0.965,0.9913611111111112,10,450,FM-Full_A-None_AdaBN-F
Yang2025,EEGNetv4,4,22,0.79,0.79,0.86685,0.8466666666666667,0.8466666666666667,0.92165,10,450,FM-Full_A-None_AdaBN-F
Yang2025,EEGNetv4,4,24,0.930976430976431,0.9310720116089244,0.9857949392345364,0.9747474747474748,0.9747415200435334,0.9960774532922184,10,450,FM-Full_A-None_AdaBN-F
Yang2025,EEGNetv4,4,30,0.8666666666666667,0.8666666666666667,0.9349111111111112,0.8366666666666667,0.8366666666666667,0.9566666666666668,10,450,FM-Full_A-None_AdaBN-F
Yang2025,EEGNetv4,4,36,0.9116666666666666,0.9116666666666666,0.9738666666666668,0.93,0.93,0.9831111111111112,10,450,FM-Full_A-None_AdaBN-F
Yang2025,EEGNetv4,4,38,0.5716666666666667,0.5716666666666667,0.6240111111111111,0.6716666666666666,0.6716666666666666,0.7475055555555555,10,450,FM-Full_A-None_AdaBN-F
Yang2025,EEGNetv4,4,40,0.7966666666666666,0.7966666666666666,0.8930666666666667,0.855,0.855,0.9225722222222222,10,450,FM-Full_A-None_AdaBN-F
Yang2025,EEGNetv4,4,42,0.795,0.7949999999999999,0.8722388888888888,0.81,0.81,0.8876388888888889,10,450,FM-Full_A-None_AdaBN-F
Yang2025,EEGNetv4,5,8,0.8766666666666667,0.8766666666666667,0.9410444444444446,0.9166666666666666,0.9166666666666669,0.9672166666666666,10,450,FM-Full_A-None_AdaBN-F
Yang2025,EEGNetv4,5,11,0.82,0.8200000000000001,0.8929333333333334,0.8916666666666667,0.8916666666666666,0.9557944444444444,10,450,FM-Full_A-None_AdaBN-F
Yang2025,EEGNetv4,5,15,0.75,0.75,0.8130111111111111,0.8016666666666666,0.8016666666666667,0.8596722222222223,10,450,FM-Full_A-None_AdaBN-F
Yang2025,EEGNetv4,5,19,0.8116666666666666,0.8116666666666666,0.8976777777777777,0.8416666666666667,0.8416666666666667,0.9251944444444444,10,450,FM-Full_A-None_AdaBN-F
Yang2025,EEGNetv4,5,21,0.8166666666666667,0.8166666666666667,0.8882555555555555,0.8716666666666667,0.8716666666666666,0.9401777777777776,10,450,FM-Full_A-None_AdaBN-F
Yang2025,EEGNetv4,5,23,0.8981636060100167,0.8981326644370122,0.940752508361204,0.9348914858096828,0.9348829431438128,0.9718673355629878,10,450,FM-Full_A-None_AdaBN-F
Yang2025,EEGNetv4,5,29,0.6683333333333333,0.6683333333333333,0.7406888888888888,0.815,0.815,0.8977777777777778,10,450,FM-Full_A-None_AdaBN-F
Yang2025,EEGNetv4,5,39,0.705,0.7050000000000001,0.7838,0.7566666666666667,0.7566666666666667,0.82165,10,450,FM-Full_A-None_AdaBN-F
Yang2025,EEGNetv4,5,43,0.9766666666666668,0.9766666666666668,0.9959777777777776,0.99,0.99,0.999,10,450,FM-Full_A-None_AdaBN-F
Yang2025,EEGNetv4,5,51,0.8133333333333334,0.8133333333333334,0.8992777777777778,0.8816666666666667,0.8816666666666666,0.9561777777777778,10,450,FM-Full_A-None_AdaBN-F
Yang2025,EEGNetv4,1,4,0.5866666666666667,0.5866666666666667,0.6282555555555556,0.5816666666666667,0.5816666666666667,0.617588888888889,30,300,FM-Full_A-None_AdaBN-F
Yang2025,EEGNetv4,1,13,0.7766666666666666,0.7766666666666666,0.8365111111111112,0.8333333333333334,0.8333333333333333,0.8908,30,300,FM-Full_A-None_AdaBN-F
Yang2025,EEGNetv4,1,14,0.5616666666666666,0.5616666666666666,0.5734666666666667,0.5783333333333334,0.5783333333333334,0.5842444444444445,30,300,FM-Full_A-None_AdaBN-F
Yang2025,EEGNetv4,1,18,0.6933333333333334,0.6933333333333334,0.750038888888889,0.7,0.7,0.7612055555555557,30,300,FM-Full_A-None_AdaBN-F
Yang2025,EEGNetv4,1,25,0.9066666666666666,0.9066666666666666,0.9553666666666668,0.9533333333333334,0.9533333333333334,0.9841333333333332,30,300,FM-Full_A-None_AdaBN-F
Yang2025,EEGNetv4,1,31,0.74,0.74,0.8156666666666669,0.8216666666666667,0.8216666666666667,0.8853166666666666,30,300,FM-Full_A-None_AdaBN-F
Yang2025,EEGNetv4,1,32,0.5459098497495827,0.5461315496098105,0.5713489409141583,0.5926544240400667,0.5927201783723524,0.6377703455964325,30,300,FM-Full_A-None_AdaBN-F
Yang2025,EEGNetv4,1,33,0.91,0.91,0.9640555555555556,0.9483333333333334,0.9483333333333333,0.9908555555555556,30,300,FM-Full_A-None_AdaBN-F
Yang2025,EEGNetv4,1,41,0.865,0.865,0.9439888888888888,0.905,0.905,0.9673944444444444,30,300,FM-Full_A-None_AdaBN-F
Yang2025,EEGNetv4,1,44,0.7283333333333334,0.7283333333333333,0.7966222222222222,0.7433333333333333,0.7433333333333334,0.8253,30,300,FM-Full_A-None_AdaBN-F
Yang2025,EEGNetv4,1,47,0.885,0.885,0.9497888888888888,0.9283333333333332,0.9283333333333332,0.9742666666666668,30,300,FM-Full_A-None_AdaBN-F
Yang2025,EEGNetv4,2,5,0.845,0.845,0.9210444444444446,0.8983333333333333,0.8983333333333333,0.9555666666666668,30,300,FM-Full_A-None_AdaBN-F
Yang2025,EEGNetv4,2,7,0.7383333333333333,0.7383333333333333,0.8115777777777778,0.8,0.8,0.8817111111111111,30,300,FM-Full_A-None_AdaBN-F
Yang2025,EEGNetv4,2,9,0.68,0.6799999999999999,0.7817666666666667,0.71,0.71,0.7808277777777777,30,300,FM-Full_A-None_AdaBN-F
Yang2025,EEGNetv4,2,16,0.5633333333333334,0.5633333333333334,0.5771444444444445,0.64,0.64,0.6909722222222222,30,300,FM-Full_A-None_AdaBN-F
Yang2025,EEGNetv4,2,20,0.7516666666666667,0.7516666666666667,0.8371111111111111,0.9,0.9,0.9565333333333332,30,300,FM-Full_A-None_AdaBN-F
Yang2025,EEGNetv4,2,34,0.645,0.645,0.6886111111111112,0.77,0.77,0.8669777777777778,30,300,FM-Full_A-None_AdaBN-F
Yang2025,EEGNetv4,2,37,0.8516666666666667,0.8516666666666667,0.9327666666666666,0.9083333333333332,0.9083333333333332,0.9643777777777778,30,300,FM-Full_A-None_AdaBN-F
Yang2025,EEGNetv4,2,48,0.8233333333333334,0.8233333333333334,0.905411111111111,0.89,0.89,0.9518444444444444,30,300,FM-Full_A-None_AdaBN-F
Yang2025,EEGNetv4,2,49,0.9083333333333332,0.9083333333333332,0.9824111111111112,0.9666666666666668,0.9666666666666666,0.9937444444444444,30,300,FM-Full_A-None_AdaBN-F
Yang2025,EEGNetv4,2,50,0.93,0.93,0.9804888888888889,0.9583333333333334,0.9583333333333334,0.989177777777778,30,300,FM-Full_A-None_AdaBN-F
Yang2025,EEGNetv4,3,1,0.9033333333333332,0.9033333333333332,0.9660333333333332,0.945,0.945,0.9862111111111111,30,300,FM-Full_A-None_AdaBN-F
Yang2025,EEGNetv4,3,10,0.785,0.785,0.8764777777777778,0.8633333333333333,0.8633333333333333,0.9376333333333332,30,300,FM-Full_A-None_AdaBN-F
Yang2025,EEGNetv4,3,12,0.5833333333333334,0.5833333333333333,0.6435444444444445,0.5866666666666667,0.5866666666666667,0.6293,30,300,FM-Full_A-None_AdaBN-F
Yang2025,EEGNetv4,3,17,0.785,0.785,0.8632833333333332,0.7966666666666666,0.7966666666666666,0.8842555555555556,30,300,FM-Full_A-None_AdaBN-F
Yang2025,EEGNetv4,3,26,0.7896494156928213,0.789659977703456,0.8535117056856186,0.9098497495826378,0.909855072463768,0.957257525083612,30,300,FM-Full_A-None_AdaBN-F
Yang2025,EEGNetv4,3,27,0.5816666666666667,0.5816666666666667,0.6245222222222223,0.6966666666666667,0.6966666666666667,0.7526833333333334,30,300,FM-Full_A-None_AdaBN-F
Yang2025,EEGNetv4,3,28,0.7783333333333333,0.7783333333333333,0.8783777777777777,0.8783333333333333,0.8783333333333334,0.944022222222222,30,300,FM-Full_A-None_AdaBN-F
Yang2025,EEGNetv4,3,35,0.9166666666666666,0.9166666666666669,0.9732666666666666,0.96,0.96,0.9913222222222222,30,300,FM-Full_A-None_AdaBN-F
Yang2025,EEGNetv4,3,45,0.875,0.875,0.9332,0.8916666666666667,0.8916666666666666,0.9532888888888889,30,300,FM-Full_A-None_AdaBN-F
Yang2025,EEGNetv4,3,46,0.9466666666666668,0.9466666666666668,0.9937111111111112,0.9916666666666668,0.9916666666666668,0.9995222222222222,30,300,FM-Full_A-None_AdaBN-F
Yang2025,EEGNetv4,4,2,0.6516666666666666,0.6516666666666666,0.7433333333333334,0.6683333333333333,0.6683333333333333,0.7340222222222222,30,300,FM-Full_A-None_AdaBN-F
Yang2025,EEGNetv4,4,3,0.9183333333333332,0.9183333333333332,0.9650444444444444,0.9516666666666668,0.9516666666666668,0.9822111111111111,30,300,FM-Full_A-None_AdaBN-F
Yang2025,EEGNetv4,4,6,0.8983333333333333,0.8983333333333333,0.9782111111111113,0.9666666666666668,0.9666666666666668,0.9958222222222224,30,300,FM-Full_A-None_AdaBN-F
Yang2025,EEGNetv4,4,22,0.7316666666666667,0.7316666666666667,0.7926222222222222,0.8366666666666667,0.8366666666666667,0.9110722222222222,30,300,FM-Full_A-None_AdaBN-F
Yang2025,EEGNetv4,4,24,0.9124579124579124,0.9123435516052966,0.972508162524941,0.9747474747474748,0.9747528568837294,0.9968823689461274,30,300,FM-Full_A-None_AdaBN-F
Yang2025,EEGNetv4,4,30,0.9,0.9,0.9560944444444444,0.7716666666666666,0.7716666666666667,0.9295055555555556,30,300,FM-Full_A-None_AdaBN-F
Yang2025,EEGNetv4,4,36,0.885,0.885,0.9735555555555556,0.9333333333333332,0.9333333333333332,0.9828333333333332,30,300,FM-Full_A-None_AdaBN-F
Yang2025,EEGNetv4,4,38,0.605,0.605,0.6663777777777778,0.6766666666666666,0.6766666666666667,0.7581111111111111,30,300,FM-Full_A-None_AdaBN-F
Yang2025,EEGNetv4,4,40,0.74,0.74,0.8640888888888889,0.8233333333333334,0.8233333333333333,0.9111333333333334,30,300,FM-Full_A-None_AdaBN-F
Yang2025,EEGNetv4,4,42,0.7716666666666666,0.7716666666666667,0.8562888888888889,0.8066666666666666,0.8066666666666666,0.8791166666666668,30,300,FM-Full_A-None_AdaBN-F
Yang2025,EEGNetv4,5,8,0.8566666666666667,0.8566666666666667,0.9307,0.925,0.925,0.9691666666666666,30,300,FM-Full_A-None_AdaBN-F
Yang2025,EEGNetv4,5,11,0.8166666666666667,0.8166666666666667,0.9068,0.9083333333333332,0.9083333333333332,0.96205,30,300,FM-Full_A-None_AdaBN-F
Yang2025,EEGNetv4,5,15,0.7366666666666667,0.7366666666666666,0.7860444444444443,0.7766666666666666,0.7766666666666666,0.8694833333333334,30,300,FM-Full_A-None_AdaBN-F
Yang2025,EEGNetv4,5,19,0.81,0.81,0.8935555555555554,0.8566666666666667,0.8566666666666667,0.9436111111111112,30,300,FM-Full_A-None_AdaBN-F
Yang2025,EEGNetv4,5,21,0.835,0.835,0.8968777777777779,0.89,0.8899999999999999,0.9535888888888888,30,300,FM-Full_A-None_AdaBN-F
Yang2025,EEGNetv4,5,23,0.8731218697829716,0.8731605351170568,0.9405797101449276,0.9449081803005008,0.9449052396878485,0.9796655518394648,30,300,FM-Full_A-None_AdaBN-F
Yang2025,EEGNetv4,5,29,0.7283333333333334,0.7283333333333333,0.8099555555555555,0.8466666666666667,0.8466666666666667,0.9291444444444444,30,300,FM-Full_A-None_AdaBN-F
Yang2025,EEGNetv4,5,39,0.7066666666666667,0.7066666666666667,0.7795555555555556,0.77,0.77,0.8542777777777777,30,300,FM-Full_A-None_AdaBN-F
Yang2025,EEGNetv4,5,43,0.955,0.955,0.9960333333333332,0.9916666666666668,0.9916666666666668,0.9998666666666666,30,300,FM-Full_A-None_AdaBN-F
Yang2025,EEGNetv4,5,51,0.8316666666666667,0.8316666666666667,0.9178111111111112,0.8966666666666666,0.8966666666666667,0.964577777777778,30,300,FM-Full_A-None_AdaBN-F
Yang2025,EEGNetv4,1,4,0.5766666666666667,0.5766666666666667,0.6224333333333334,0.5383333333333333,0.5383333333333333,0.5762333333333333,15,300,FM-Full_A-None_AdaBN-F
Yang2025,EEGNetv4,1,13,0.735,0.735,0.7927888888888889,0.8083333333333333,0.8083333333333333,0.8650888888888889,15,300,FM-Full_A-None_AdaBN-F
Yang2025,EEGNetv4,1,14,0.5716666666666667,0.5716666666666667,0.5918555555555556,0.5666666666666667,0.5666666666666667,0.5918555555555555,15,300,FM-Full_A-None_AdaBN-F
Yang2025,EEGNetv4,1,18,0.6666666666666666,0.6666666666666666,0.7175833333333334,0.6516666666666666,0.6516666666666666,0.7188222222222223,15,300,FM-Full_A-None_AdaBN-F
Yang2025,EEGNetv4,1,25,0.925,0.925,0.9646111111111112,0.9633333333333334,0.9633333333333334,0.9863222222222222,15,300,FM-Full_A-None_AdaBN-F
Yang2025,EEGNetv4,1,31,0.6983333333333334,0.6983333333333334,0.7646833333333334,0.78,0.78,0.8560944444444445,15,300,FM-Full_A-None_AdaBN-F
Yang2025,EEGNetv4,1,32,0.5425709515859767,0.542603121516165,0.5480936454849498,0.5726210350584308,0.5725752508361204,0.60458751393534,15,300,FM-Full_A-None_AdaBN-F
Yang2025,EEGNetv4,1,33,0.9133333333333332,0.9133333333333332,0.9766,0.95,0.95,0.9912,15,300,FM-Full_A-None_AdaBN-F
Yang2025,EEGNetv4,1,41,0.8383333333333334,0.8383333333333334,0.9089555555555556,0.8666666666666667,0.8666666666666667,0.9499055555555556,15,300,FM-Full_A-None_AdaBN-F
Yang2025,EEGNetv4,1,44,0.7116666666666667,0.7116666666666667,0.7956333333333334,0.7433333333333333,0.7433333333333333,0.8173888888888888,15,300,FM-Full_A-None_AdaBN-F
Yang2025,EEGNetv4,1,47,0.8983333333333333,0.8983333333333333,0.9627777777777776,0.9183333333333332,0.9183333333333332,0.9731888888888888,15,300,FM-Full_A-None_AdaBN-F
Yang2025,EEGNetv4,2,5,0.7833333333333333,0.7833333333333333,0.9071555555555556,0.8916666666666667,0.8916666666666666,0.9416555555555556,15,300,FM-Full_A-None_AdaBN-F
Yang2025,EEGNetv4,2,7,0.695,0.6950000000000001,0.7912111111111112,0.785,0.7849999999999999,0.8515111111111111,15,300,FM-Full_A-None_AdaBN-F
Yang2025,EEGNetv4,2,9,0.595,0.595,0.7519111111111111,0.6916666666666667,0.6916666666666667,0.755211111111111,15,300,FM-Full_A-None_AdaBN-F
Yang2025,EEGNetv4,2,16,0.5416666666666666,0.5416666666666667,0.5862666666666667,0.6266666666666667,0.6266666666666667,0.6475444444444445,15,300,FM-Full_A-None_AdaBN-F
Yang2025,EEGNetv4,2,20,0.6166666666666667,0.6166666666666667,0.7790111111111111,0.8683333333333333,0.8683333333333334,0.9417222222222222,15,300,FM-Full_A-None_AdaBN-F
Yang2025,EEGNetv4,2,34,0.5716666666666667,0.5716666666666667,0.6482666666666667,0.77,0.77,0.8682333333333334,15,300,FM-Full_A-None_AdaBN-F
Yang2025,EEGNetv4,2,37,0.7316666666666667,0.7316666666666667,0.8748666666666667,0.915,0.915,0.9630555555555556,15,300,FM-Full_A-None_AdaBN-F
Yang2025,EEGNetv4,2,48,0.77,0.77,0.8758444444444444,0.8666666666666667,0.8666666666666667,0.9290833333333332,15,300,FM-Full_A-None_AdaBN-F
Yang2025,EEGNetv4,2,49,0.8066666666666666,0.8066666666666666,0.9458222222222222,0.9316666666666666,0.9316666666666666,0.9836222222222224,15,300,FM-Full_A-None_AdaBN-F
Yang2025,EEGNetv4,2,50,0.785,0.7849999999999999,0.9579555555555556,0.925,0.925,0.9770388888888888,15,300,FM-Full_A-None_AdaBN-F
Yang2025,EEGNetv4,3,1,0.895,0.895,0.9633888888888889,0.945,0.945,0.9850666666666666,15,300,FM-Full_A-None_AdaBN-F
Yang2025,EEGNetv4,3,10,0.77,0.77,0.8749333333333333,0.8383333333333334,0.8383333333333334,0.9290888888888889,15,300,FM-Full_A-None_AdaBN-F
Yang2025,EEGNetv4,3,12,0.5983333333333334,0.5983333333333334,0.6204777777777778,0.55,0.55,0.5899999999999999,15,300,FM-Full_A-None_AdaBN-F
Yang2025,EEGNetv4,3,17,0.7733333333333333,0.7733333333333334,0.8510000000000001,0.79,0.79,0.8874888888888889,15,300,FM-Full_A-None_AdaBN-F
Yang2025,EEGNetv4,3,26,0.7879799666110183,0.7878316610925307,0.8848885172798217,0.8864774624373957,0.8864659977703455,0.9483946488294316,15,300,FM-Full_A-None_AdaBN-F
Yang2025,EEGNetv4,3,27,0.5916666666666667,0.5916666666666667,0.6405666666666667,0.7216666666666667,0.7216666666666667,0.7860222222222223,15,300,FM-Full_A-None_AdaBN-F
Yang2025,EEGNetv4,3,28,0.765,0.7649999999999999,0.8691,0.85,0.85,0.9304444444444444,15,300,FM-Full_A-None_AdaBN-F
Yang2025,EEGNetv4,3,35,0.94,0.94,0.9846333333333334,0.9666666666666668,0.9666666666666668,0.9894555555555556,15,300,FM-Full_A-None_AdaBN-F
Yang2025,EEGNetv4,3,45,0.86,0.86,0.9227111111111111,0.8816666666666667,0.8816666666666666,0.9471333333333334,15,300,FM-Full_A-None_AdaBN-F
Yang2025,EEGNetv4,3,46,0.9583333333333334,0.9583333333333334,0.9878555555555556,0.9933333333333332,0.9933333333333334,0.9981222222222222,15,300,FM-Full_A-None_AdaBN-F
Yang2025,EEGNetv4,4,2,0.6866666666666666,0.6866666666666666,0.7435777777777778,0.6633333333333333,0.6633333333333333,0.7330888888888889,15,300,FM-Full_A-None_AdaBN-F
Yang2025,EEGNetv4,4,3,0.9083333333333332,0.9083333333333332,0.9679722222222222,0.94,0.94,0.9852777777777776,15,300,FM-Full_A-None_AdaBN-F
Yang2025,EEGNetv4,4,6,0.9166666666666666,0.9166666666666669,0.9665833333333332,0.9566666666666668,0.9566666666666668,0.9906611111111112,15,300,FM-Full_A-None_AdaBN-F
Yang2025,EEGNetv4,4,22,0.72,0.72,0.81465,0.8283333333333334,0.8283333333333334,0.9108833333333336,15,300,FM-Full_A-None_AdaBN-F
Yang2025,EEGNetv4,4,24,0.9225589225589226,0.9227167603845456,0.9808067295483404,0.968013468013468,0.9680187738073645,0.9955332849628152,15,300,FM-Full_A-None_AdaBN-F
Yang2025,EEGNetv4,4,30,0.8483333333333334,0.8483333333333334,0.9233111111111112,0.82,0.8200000000000001,0.9549166666666666,15,300,FM-Full_A-None_AdaBN-F
Yang2025,EEGNetv4,4,36,0.8966666666666666,0.8966666666666667,0.9657777777777776,0.9216666666666666,0.9216666666666666,0.9766111111111112,15,300,FM-Full_A-None_AdaBN-F
Yang2025,EEGNetv4,4,38,0.6116666666666667,0.6116666666666667,0.6536277777777778,0.7016666666666667,0.7016666666666667,0.764661111111111,15,300,FM-Full_A-None_AdaBN-F
Yang2025,EEGNetv4,4,40,0.78,0.78,0.8684999999999999,0.8433333333333334,0.8433333333333334,0.9112888888888888,15,300,FM-Full_A-None_AdaBN-F
Yang2025,EEGNetv4,4,42,0.78,0.78,0.8358166666666667,0.7833333333333333,0.7833333333333333,0.8649944444444444,15,300,FM-Full_A-None_AdaBN-F
Yang2025,EEGNetv4,5,8,0.8516666666666667,0.8516666666666667,0.9274555555555556,0.915,0.915,0.9657222222222224,15,300,FM-Full_A-None_AdaBN-F
Yang2025,EEGNetv4,5,11,0.7866666666666666,0.7866666666666666,0.8576555555555556,0.8866666666666667,0.8866666666666667,0.95595,15,300,FM-Full_A-None_AdaBN-F
Yang2025,EEGNetv4,5,15,0.6933333333333334,0.6933333333333334,0.7497055555555556,0.735,0.735,0.8283333333333334,15,300,FM-Full_A-None_AdaBN-F
Yang2025,EEGNetv4,5,19,0.7566666666666667,0.7566666666666666,0.8322,0.8416666666666667,0.8416666666666667,0.9207277777777778,15,300,FM-Full_A-None_AdaBN-F
Yang2025,EEGNetv4,5,21,0.785,0.785,0.8771333333333335,0.8933333333333333,0.8933333333333333,0.9517444444444444,15,300,FM-Full_A-None_AdaBN-F
Yang2025,EEGNetv4,5,23,0.8747913188647746,0.87479375696767,0.9387179487179486,0.9415692821368948,0.941571906354515,0.9771404682274248,15,300,FM-Full_A-None_AdaBN-F
Yang2025,EEGNetv4,5,29,0.675,0.675,0.7371555555555556,0.7916666666666666,0.7916666666666667,0.8820388888888889,15,300,FM-Full_A-None_AdaBN-F
Yang2025,EEGNetv4,5,39,0.6783333333333333,0.6783333333333333,0.7394111111111111,0.715,0.7150000000000001,0.8069111111111111,15,300,FM-Full_A-None_AdaBN-F
Yang2025,EEGNetv4,5,43,0.925,0.925,0.9879888888888888,0.9883333333333332,0.9883333333333332,0.9998222222222222,15,300,FM-Full_A-None_AdaBN-F
Yang2025,EEGNetv4,5,51,0.7816666666666666,0.7816666666666667,0.8698555555555555,0.8816666666666667,0.8816666666666666,0.9530777777777776,15,300,FM-Full_A-None_AdaBN-F
Yang2025,DeepConvNet,1,4,0.5866666666666667,0.5866666666666667,0.6377444444444444,0.5733333333333334,0.5733333333333333,0.5912444444444445,30,150,FM-Full_A-None_AdaBN-F
Yang2025,DeepConvNet,1,13,0.8083333333333333,0.8083333333333333,0.8815222222222221,0.8183333333333334,0.8183333333333334,0.9046666666666668,30,150,FM-Full_A-None_AdaBN-F
Yang2025,DeepConvNet,1,14,0.58,0.5800000000000001,0.6255,0.5833333333333334,0.5833333333333333,0.6166333333333334,30,150,FM-Full_A-None_AdaBN-F
Yang2025,DeepConvNet,1,18,0.6766666666666666,0.6766666666666666,0.7462111111111112,0.6866666666666666,0.6866666666666666,0.7497222222222223,30,150,FM-Full_A-None_AdaBN-F
Yang2025,DeepConvNet,1,25,0.9566666666666668,0.9566666666666668,0.9890777777777778,0.9716666666666668,0.9716666666666668,0.9969222222222224,30,150,FM-Full_A-None_AdaBN-F
Yang2025,DeepConvNet,1,31,0.7483333333333333,0.7483333333333333,0.8247444444444445,0.8166666666666667,0.8166666666666667,0.8994500000000001,30,150,FM-Full_A-None_AdaBN-F
Yang2025,DeepConvNet,1,32,0.5943238731218697,0.5944147157190636,0.6156187290969899,0.6410684474123539,0.640958751393534,0.6834392419175028,30,150,FM-Full_A-None_AdaBN-F
Yang2025,DeepConvNet,1,33,0.935,0.935,0.9829444444444444,0.9516666666666668,0.9516666666666668,0.9927444444444444,30,150,FM-Full_A-None_AdaBN-F
Yang2025,DeepConvNet,1,41,0.8683333333333333,0.8683333333333334,0.9362222222222222,0.8933333333333333,0.8933333333333333,0.9673444444444446,30,150,FM-Full_A-None_AdaBN-F
Yang2025,DeepConvNet,1,44,0.755,0.7549999999999999,0.8414666666666666,0.725,0.725,0.8182444444444446,30,150,FM-Full_A-None_AdaBN-F
Yang2025,DeepConvNet,1,47,0.92,0.92,0.9735333333333336,0.9333333333333332,0.9333333333333332,0.9812833333333332,30,150,FM-Full_A-None_AdaBN-F
Yang2025,DeepConvNet,2,5,0.8783333333333333,0.8783333333333333,0.9472,0.8933333333333333,0.8933333333333333,0.9550222222222222,30,150,FM-Full_A-None_AdaBN-F
Yang2025,DeepConvNet,2,7,0.8216666666666667,0.8216666666666667,0.9022333333333332,0.8133333333333334,0.8133333333333332,0.9149166666666668,30,150,FM-Full_A-None_AdaBN-F
Yang2025,DeepConvNet,2,9,0.7266666666666667,0.7266666666666667,0.8068,0.735,0.735,0.8195722222222223,30,150,FM-Full_A-None_AdaBN-F
Yang2025,DeepConvNet,2,16,0.6,0.6,0.6366,0.6316666666666667,0.6316666666666666,0.6861777777777778,30,150,FM-Full_A-None_AdaBN-F
Yang2025,DeepConvNet,2,20,0.7816666666666666,0.7816666666666666,0.8741444444444445,0.9383333333333334,0.9383333333333334,0.9846055555555556,30,150,FM-Full_A-None_AdaBN-F
Yang2025,DeepConvNet,2,34,0.58,0.5800000000000001,0.5934333333333333,0.81,0.81,0.905911111111111,30,150,FM-Full_A-None_AdaBN-F
Yang2025,DeepConvNet,2,37,0.8416666666666667,0.8416666666666666,0.9286333333333332,0.9233333333333332,0.9233333333333332,0.9685111111111112,30,150,FM-Full_A-None_AdaBN-F
Yang2025,DeepConvNet,2,48,0.8883333333333333,0.8883333333333334,0.9501666666666666,0.8883333333333333,0.8883333333333334,0.9632388888888888,30,150,FM-Full_A-None_AdaBN-F
Yang2025,DeepConvNet,2,49,0.9483333333333334,0.9483333333333333,0.9855444444444444,0.975,0.975,0.9943111111111111,30,150,FM-Full_A-None_AdaBN-F
Yang2025,DeepConvNet,2,50,0.9516666666666668,0.9516666666666668,0.991922222222222,0.965,0.965,0.9949666666666668,30,150,FM-Full_A-None_AdaBN-F
Yang2025,DeepConvNet,3,1,0.935,0.935,0.9868555555555556,0.9616666666666668,0.9616666666666668,0.992677777777778,30,150,FM-Full_A-None_AdaBN-F
Yang2025,DeepConvNet,3,10,0.8516666666666667,0.8516666666666667,0.926188888888889,0.8666666666666667,0.8666666666666667,0.9489666666666666,30,150,FM-Full_A-None_AdaBN-F
Yang2025,DeepConvNet,3,12,0.6466666666666666,0.6466666666666667,0.6943444444444443,0.5733333333333334,0.5733333333333334,0.59145,30,150,FM-Full_A-None_AdaBN-F
Yang2025,DeepConvNet,3,17,0.835,0.835,0.9077111111111112,0.83,0.8300000000000001,0.9227111111111111,30,150,FM-Full_A-None_AdaBN-F
Yang2025,DeepConvNet,3,26,0.8146911519198664,0.8146989966555185,0.9048383500557416,0.9265442404006676,0.926577480490524,0.9806577480490524,30,150,FM-Full_A-None_AdaBN-F
Yang2025,DeepConvNet,3,27,0.6216666666666667,0.6216666666666666,0.698288888888889,0.7233333333333334,0.7233333333333334,0.8007777777777778,30,150,FM-Full_A-None_AdaBN-F
Yang2025,DeepConvNet,3,28,0.72,0.72,0.8912,0.8783333333333333,0.8783333333333333,0.9511,30,150,FM-Full_A-None_AdaBN-F
Yang2025,DeepConvNet,3,35,0.9566666666666668,0.9566666666666668,0.9922777777777776,0.965,0.965,0.9943666666666666,30,150,FM-Full_A-None_AdaBN-F
Yang2025,DeepConvNet,3,45,0.9,0.9,0.9569666666666666,0.8983333333333333,0.8983333333333334,0.9583444444444444,30,150,FM-Full_A-None_AdaBN-F
Yang2025,DeepConvNet,3,46,0.9816666666666668,0.9816666666666668,0.9995222222222222,0.995,0.995,0.9997333333333334,30,150,FM-Full_A-None_AdaBN-F
Yang2025,DeepConvNet,4,2,0.7116666666666667,0.7116666666666667,0.7910888888888888,0.69,0.69,0.7478777777777778,30,150,FM-Full_A-None_AdaBN-F
Yang2025,DeepConvNet,4,3,0.9533333333333334,0.9533333333333334,0.9841555555555556,0.96,0.96,0.9942666666666666,30,150,FM-Full_A-None_AdaBN-F
Yang2025,DeepConvNet,4,6,0.925,0.925,0.9739,0.98,0.98,0.9957333333333334,30,150,FM-Full_A-None_AdaBN-F
Yang2025,DeepConvNet,4,22,0.795,0.7949999999999999,0.8820222222222222,0.875,0.875,0.9468,30,150,FM-Full_A-None_AdaBN-F
Yang2025,DeepConvNet,4,24,0.925925925925926,0.9259477598403774,0.9839583711228006,0.9713804713804712,0.9713518048249592,0.9964288953382914,30,150,FM-Full_A-None_AdaBN-F
Yang2025,DeepConvNet,4,30,0.925,0.925,0.9765555555555556,0.9666666666666668,0.9666666666666668,0.9897277777777778,30,150,FM-Full_A-None_AdaBN-F
Yang2025,DeepConvNet,4,36,0.8866666666666667,0.8866666666666667,0.9731555555555556,0.9416666666666668,0.9416666666666668,0.9870333333333334,30,150,FM-Full_A-None_AdaBN-F
Yang2025,DeepConvNet,4,38,0.5883333333333334,0.5883333333333334,0.6723666666666668,0.7066666666666667,0.7066666666666667,0.8090999999999999,30,150,FM-Full_A-None_AdaBN-F
Yang2025,DeepConvNet,4,40,0.82,0.8200000000000001,0.9128444444444443,0.86,0.86,0.9421277777777778,30,150,FM-Full_A-None_AdaBN-F
Yang2025,DeepConvNet,4,42,0.8216666666666667,0.8216666666666667,0.8991333333333333,0.8383333333333334,0.8383333333333334,0.9149222222222224,30,150,FM-Full_A-None_AdaBN-F
Yang2025,DeepConvNet,5,8,0.9266666666666666,0.9266666666666666,0.9816444444444444,0.9333333333333332,0.9333333333333332,0.9805,30,150,FM-Full_A-None_AdaBN-F
Yang2025,DeepConvNet,5,11,0.9216666666666666,0.9216666666666666,0.9766111111111112,0.925,0.925,0.9801888888888888,30,150,FM-Full_A-None_AdaBN-F
Yang2025,DeepConvNet,5,15,0.7666666666666667,0.7666666666666666,0.8574555555555556,0.8466666666666667,0.8466666666666667,0.911372222222222,30,150,FM-Full_A-None_AdaBN-F
Yang2025,DeepConvNet,5,19,0.8483333333333334,0.8483333333333334,0.9414,0.87,0.87,0.9526,30,150,FM-Full_A-None_AdaBN-F
Yang2025,DeepConvNet,5,21,0.88,0.88,0.9589222222222222,0.8966666666666666,0.8966666666666667,0.9609222222222222,30,150,FM-Full_A-None_AdaBN-F
Yang2025,DeepConvNet,5,23,0.9332220367278798,0.9332051282051282,0.9731772575250835,0.9682804674457428,0.9682998885172798,0.9931605351170568,30,150,FM-Full_A-None_AdaBN-F
Yang2025,DeepConvNet,5,29,0.7483333333333333,0.7483333333333333,0.8539111111111112,0.8366666666666667,0.8366666666666667,0.941288888888889,30,150,FM-Full_A-None_AdaBN-F
Yang2025,DeepConvNet,5,39,0.6916666666666667,0.6916666666666667,0.764311111111111,0.7833333333333333,0.7833333333333333,0.8683555555555555,30,150,FM-Full_A-None_AdaBN-F
Yang2025,DeepConvNet,5,43,0.99,0.99,0.9999444444444444,1.0,1.0,1.0,30,150,FM-Full_A-None_AdaBN-F
Yang2025,DeepConvNet,5,51,0.8683333333333333,0.8683333333333334,0.9625888888888888,0.92,0.92,0.9719777777777778,30,150,FM-Full_A-None_AdaBN-F
Huebner2018,ShallowConvNet,1,1,0.9411723510049724,0.8937492368043471,0.9761743264253224,0.9766090062329296,0.9635869132660848,0.9925734248732004,6,14000,FM-Full_A-None_AdaBN-F
Huebner2018,ShallowConvNet,1,10,0.8781512605042017,0.7846497252747253,0.9242319411739054,0.9341736694677872,0.9027701465201464,0.9736851070556428,6,14000,FM-Full_A-None_AdaBN-F
Huebner2018,ShallowConvNet,1,11,0.8174848783232522,0.6691313640554757,0.8142854923613945,0.9108876072584048,0.8646353462320855,0.9498026611632576,6,14000,FM-Full_A-None_AdaBN-F
Huebner2018,ShallowConvNet,2,3,0.9625350140056024,0.956753663003663,0.9887908681100644,0.9801120448179272,0.9705128205128204,0.9953347532923428,6,14000,FM-Full_A-None_AdaBN-F
Huebner2018,ShallowConvNet,2,6,0.8796918767507003,0.7596955128205128,0.9427944030176174,0.9724789915966386,0.9592376373626372,0.9939325505843362,6,14000,FM-Full_A-None_AdaBN-F
Huebner2018,ShallowConvNet,2,9,0.7946634918411654,0.611696763832376,0.7753258572867741,0.9455143917641292,0.9169858459914784,0.9772891235897236,6,14000,FM-Full_A-None_AdaBN-F
Huebner2018,ShallowConvNet,3,2,0.9633053221288516,0.9417010073260071,0.9863700560352346,0.9829831932773108,0.9757898351648352,0.9956260492979244,6,14000,FM-Full_A-None_AdaBN-F
Huebner2018,ShallowConvNet,3,12,0.7852941176470588,0.7567994505494505,0.8388927317721961,0.9273809523809524,0.892147435897436,0.9637434044130472,6,14000,FM-Full_A-None_AdaBN-F
Huebner2018,ShallowConvNet,4,5,0.8080425949278408,0.6191440711798738,0.8400339068649267,0.9253187613843352,0.8877176104086495,0.96529897979441,6,14000,FM-Full_A-None_AdaBN-F
Huebner2018,ShallowConvNet,4,8,0.7913165266106442,0.5864239926739927,0.7990137008328974,0.9262605042016808,0.8887362637362637,0.9648660850558172,6,14000,FM-Full_A-None_AdaBN-F
Huebner2018,ShallowConvNet,5,4,0.9341736694677872,0.8944253663003663,0.9700095390720388,0.9588935574229692,0.938404304029304,0.985153756214024,6,14000,FM-Full_A-None_AdaBN-F
Huebner2018,ShallowConvNet,5,7,0.8896749789857102,0.7970415859638103,0.925174056430927,0.933244606332306,0.8979445309637231,0.9690708483833254,6,14000,FM-Full_A-None_AdaBN-F
Huebner2017,ShallowConvNet,1,1,0.9259143968871596,0.8732674730791972,0.9669298707564534,0.9679377431906616,0.9509928779277956,0.9914462541071792,3,12500,FM-Full_A-None_AdaBN-F
Huebner2017,ShallowConvNet,1,10,0.966490024937656,0.9461132874193784,0.9920900681149992,0.9809850374064838,0.9709485344341164,0.9964068190592408,3,12500,FM-Full_A-None_AdaBN-F
Huebner2017,ShallowConvNet,1,12,0.8809523809523809,0.770260989010989,0.9474665301384876,0.9555711173358232,0.9356939356939356,0.9867755655206052,3,12500,FM-Full_A-None_AdaBN-F
Huebner2017,ShallowConvNet,2,3,0.8629571984435798,0.8158480712546456,0.9070498802173697,0.947704280155642,0.919449310866215,0.9818920984387604,3,12500,FM-Full_A-None_AdaBN-F
Huebner2017,ShallowConvNet,2,6,0.8903677758318739,0.91320101375549,0.9792782760032542,0.980385288966725,0.972046991468816,0.9954318397382268,3,12500,FM-Full_A-None_AdaBN-F
Huebner2017,ShallowConvNet,2,9,0.8959694989106753,0.9198463573463572,0.98208861733994,0.9736227824463118,0.962263431013431,0.9949617885299102,3,12500,FM-Full_A-None_AdaBN-F
Huebner2017,ShallowConvNet,3,2,0.8524743230625583,0.8566086691086692,0.9290242064299604,0.9461562402738872,0.9225554538054538,0.981991291887125,3,12500,FM-Full_A-None_AdaBN-F
Huebner2017,ShallowConvNet,3,5,0.8664799253034547,0.853403540903541,0.927284865156889,0.9260815437286024,0.8896265771265772,0.9654670787276608,3,12500,FM-Full_A-None_AdaBN-F
Huebner2017,ShallowConvNet,3,13,0.8911368765076648,0.7867691250431406,0.945834766863565,0.9685627577620418,0.9510573934355352,0.9914599960264964,3,12500,FM-Full_A-None_AdaBN-F
Huebner2017,ShallowConvNet,4,8,0.8066147859922179,0.6403977825270823,0.7949884202046831,0.8971984435797665,0.8410991126554428,0.9426110722066604,3,12500,FM-Full_A-None_AdaBN-F
Huebner2017,ShallowConvNet,4,11,0.8032531714530313,0.6790940229662014,0.8011460612137127,0.8620126079850572,0.7870220197294654,0.8906696667566434,3,12500,FM-Full_A-None_AdaBN-F
Huebner2017,ShallowConvNet,5,4,0.95284046692607,0.941235567660359,0.9864660469147288,0.9802334630350196,0.9723099591624424,0.9970338890073522,3,12500,FM-Full_A-None_AdaBN-F
Huebner2017,ShallowConvNet,5,7,0.960239651416122,0.9358847171347172,0.9897629101498148,0.989807033924681,0.985208078958079,0.9988936022335492,3,12500,FM-Full_A-None_AdaBN-F
Yang2025,ATCNet,1,4,0.55,0.55,0.5736333333333333,0.5333333333333333,0.5333333333333333,0.5441777777777778,15,600,FM-Full_A-None_AdaBN-F
Yang2025,ATCNet,1,13,0.7083333333333334,0.7083333333333334,0.7893888888888889,0.6916666666666667,0.6916666666666667,0.7765555555555556,15,600,FM-Full_A-None_AdaBN-F
Yang2025,ATCNet,1,14,0.5766666666666667,0.5766666666666667,0.6017611111111111,0.5516666666666666,0.5516666666666667,0.5945,15,600,FM-Full_A-None_AdaBN-F
Yang2025,ATCNet,1,18,0.665,0.665,0.7207611111111112,0.65,0.65,0.7067666666666665,15,600,FM-Full_A-None_AdaBN-F
Yang2025,ATCNet,1,25,0.7883333333333333,0.7883333333333333,0.8770777777777778,0.8316666666666667,0.8316666666666667,0.9128,15,600,FM-Full_A-None_AdaBN-F
Yang2025,ATCNet,1,31,0.7783333333333333,0.7783333333333333,0.8717555555555555,0.795,0.7949999999999999,0.8787444444444444,15,600,FM-Full_A-None_AdaBN-F
Yang2025,ATCNet,1,32,0.7512520868113522,0.7512709030100335,0.8407134894091417,0.7929883138564274,0.7929319955406913,0.8788628762541806,15,600,FM-Full_A-None_AdaBN-F
Yang2025,ATCNet,1,33,0.8466666666666667,0.8466666666666667,0.9663555555555556,0.9533333333333334,0.9533333333333334,0.9922,15,600,FM-Full_A-None_AdaBN-F
Yang2025,ATCNet,1,41,0.865,0.865,0.9700222222222222,0.9083333333333332,0.9083333333333332,0.9796777777777778,15,600,FM-Full_A-None_AdaBN-F
Yang2025,ATCNet,1,44,0.655,0.655,0.7140555555555556,0.6566666666666666,0.6566666666666667,0.723411111111111,15,600,FM-Full_A-None_AdaBN-F
Yang2025,ATCNet,1,47,0.7483333333333333,0.7483333333333333,0.8269555555555556,0.8,0.8,0.890311111111111,15,600,FM-Full_A-None_AdaBN-F
Yang2025,ATCNet,2,5,0.6466666666666666,0.6466666666666667,0.7068444444444446,0.83,0.8300000000000001,0.8973222222222222,15,600,FM-Full_A-None_AdaBN-F
Yang2025,ATCNet,2,7,0.58,0.5800000000000001,0.6078000000000001,0.6683333333333333,0.6683333333333333,0.7234666666666667,15,600,FM-Full_A-None_AdaBN-F
Yang2025,ATCNet,2,9,0.6033333333333334,0.6033333333333333,0.6845888888888889,0.6866666666666666,0.6866666666666668,0.7482444444444445,15,600,FM-Full_A-None_AdaBN-F
Yang2025,ATCNet,2,16,0.5716666666666667,0.5716666666666667,0.6363222222222222,0.6766666666666666,0.6766666666666667,0.7538777777777776,15,600,FM-Full_A-None_AdaBN-F
Yang2025,ATCNet,2,20,0.5583333333333333,0.5583333333333333,0.5964333333333333,0.71,0.71,0.7811,15,600,FM-Full_A-None_AdaBN-F
Yang2025,ATCNet,2,34,0.3866666666666666,0.3866666666666667,0.3050666666666667,0.85,0.85,0.9394888888888888,15,600,FM-Full_A-None_AdaBN-F
Yang2025,ATCNet,2,37,0.7566666666666667,0.7566666666666667,0.8482666666666667,0.8066666666666666,0.8066666666666666,0.9015333333333332,15,600,FM-Full_A-None_AdaBN-F
Yang2025,ATCNet,2,48,0.6716666666666666,0.6716666666666666,0.7488222222222223,0.77,0.77,0.8637222222222222,15,600,FM-Full_A-None_AdaBN-F
Yang2025,ATCNet,2,49,0.7116666666666667,0.7116666666666667,0.9019222222222224,0.89,0.89,0.9615555555555556,15,600,FM-Full_A-None_AdaBN-F
Yang2025,ATCNet,2,50,0.7466666666666667,0.7466666666666667,0.8478777777777777,0.8416666666666667,0.8416666666666667,0.9302444444444444,15,600,FM-Full_A-None_AdaBN-F
Yang2025,ATCNet,3,1,0.6833333333333333,0.6833333333333333,0.8604222222222222,0.88,0.88,0.9450555555555556,15,600,FM-Full_A-None_AdaBN-F
Yang2025,ATCNet,3,10,0.6683333333333333,0.6683333333333333,0.8311555555555555,0.8066666666666666,0.8066666666666666,0.8877555555555556,15,600,FM-Full_A-None_AdaBN-F
Yang2025,ATCNet,3,12,0.5283333333333333,0.5283333333333333,0.5442333333333333,0.5216666666666666,0.5216666666666666,0.520888888888889,15,600,FM-Full_A-None_AdaBN-F
Yang2025,ATCNet,3,17,0.5816666666666667,0.5816666666666667,0.6926555555555556,0.6733333333333333,0.6733333333333333,0.7364444444444443,15,600,FM-Full_A-None_AdaBN-F
Yang2025,ATCNet,3,26,0.6343906510851419,0.6347435897435898,0.7461204013377927,0.8697829716193656,0.8698550724637681,0.9335340022296544,15,600,FM-Full_A-None_AdaBN-F
Yang2025,ATCNet,3,27,0.5683333333333334,0.5683333333333334,0.6383666666666667,0.7783333333333333,0.7783333333333333,0.8579777777777777,15,600,FM-Full_A-None_AdaBN-F
Yang2025,ATCNet,3,28,0.7933333333333333,0.7933333333333333,0.8730888888888889,0.8933333333333333,0.8933333333333333,0.9635444444444444,15,600,FM-Full_A-None_AdaBN-F
Yang2025,ATCNet,3,35,0.605,0.605,0.7509333333333332,0.7966666666666666,0.7966666666666666,0.8746444444444444,15,600,FM-Full_A-None_AdaBN-F
Yang2025,ATCNet,3,45,0.5983333333333334,0.5983333333333333,0.7261,0.715,0.715,0.7998333333333334,15,600,FM-Full_A-None_AdaBN-F
Yang2025,ATCNet,3,46,0.665,0.665,0.9163555555555556,0.9033333333333332,0.9033333333333332,0.9649666666666666,15,600,FM-Full_A-None_AdaBN-F
Yang2025,ATCNet,4,2,0.615,0.615,0.6419,0.6283333333333333,0.6283333333333334,0.6681444444444445,15,600,FM-Full_A-None_AdaBN-F
Yang2025,ATCNet,4,3,0.9166666666666666,0.9166666666666669,0.973611111111111,0.92,0.92,0.9768111111111112,15,600,FM-Full_A-None_AdaBN-F
Yang2025,ATCNet,4,6,0.9116666666666666,0.9116666666666666,0.9639,0.9466666666666668,0.9466666666666668,0.9901,15,600,FM-Full_A-None_AdaBN-F
Yang2025,ATCNet,4,22,0.725,0.725,0.8150333333333334,0.8116666666666666,0.8116666666666666,0.8905222222222223,15,600,FM-Full_A-None_AdaBN-F
Yang2025,ATCNet,4,24,0.8686868686868687,0.8690368220569563,0.9569766914565572,0.9427609427609428,0.9427036096499184,0.9885611282423364,15,600,FM-Full_A-None_AdaBN-F
Yang2025,ATCNet,4,30,0.7816666666666666,0.7816666666666667,0.8906444444444445,0.715,0.7150000000000001,0.7160222222222223,15,600,FM-Full_A-None_AdaBN-F
Yang2025,ATCNet,4,36,0.8083333333333333,0.8083333333333333,0.8958666666666667,0.8416666666666667,0.8416666666666667,0.9286555555555556,15,600,FM-Full_A-None_AdaBN-F
Yang2025,ATCNet,4,38,0.5416666666666666,0.5416666666666666,0.547,0.5616666666666666,0.5616666666666666,0.5905111111111111,15,600,FM-Full_A-None_AdaBN-F
Yang2025,ATCNet,4,40,0.74,0.74,0.8645222222222222,0.8183333333333334,0.8183333333333334,0.8826777777777779,15,600,FM-Full_A-None_AdaBN-F
Yang2025,ATCNet,4,42,0.7333333333333333,0.7333333333333334,0.824111111111111,0.73,0.73,0.8099333333333334,15,600,FM-Full_A-None_AdaBN-F
Yang2025,ATCNet,5,8,0.7966666666666666,0.7966666666666666,0.9128444444444443,0.8683333333333333,0.8683333333333334,0.9193,15,600,FM-Full_A-None_AdaBN-F
Yang2025,ATCNet,5,11,0.79,0.79,0.8904,0.8733333333333333,0.8733333333333333,0.9353555555555556,15,600,FM-Full_A-None_AdaBN-F
Yang2025,ATCNet,5,15,0.7216666666666667,0.7216666666666667,0.7970888888888891,0.745,0.745,0.8010999999999999,15,600,FM-Full_A-None_AdaBN-F
Yang2025,ATCNet,5,19,0.755,0.7549999999999999,0.8421777777777777,0.845,0.845,0.9276777777777778,15,600,FM-Full_A-None_AdaBN-F
Yang2025,ATCNet,5,21,0.6533333333333333,0.6533333333333333,0.8324555555555555,0.7883333333333333,0.7883333333333333,0.8849333333333333,15,600,FM-Full_A-None_AdaBN-F
Yang2025,ATCNet,5,23,0.8564273789649416,0.8563099219620959,0.9226644370122632,0.8681135225375626,0.8681326644370122,0.9406020066889632,15,600,FM-Full_A-None_AdaBN-F
Yang2025,ATCNet,5,29,0.8716666666666667,0.8716666666666666,0.9500555555555557,0.9416666666666668,0.9416666666666668,0.9886333333333333,15,600,FM-Full_A-None_AdaBN-F
Yang2025,ATCNet,5,39,0.7783333333333333,0.7783333333333333,0.8752777777777777,0.8266666666666667,0.8266666666666667,0.9139,15,600,FM-Full_A-None_AdaBN-F
Yang2025,ATCNet,5,43,0.8066666666666666,0.8066666666666666,0.905688888888889,0.8983333333333333,0.8983333333333333,0.9625333333333334,15,600,FM-Full_A-None_AdaBN-F
Yang2025,ATCNet,5,51,0.7683333333333333,0.7683333333333333,0.892788888888889,0.8566666666666667,0.8566666666666667,0.9303,15,600,FM-Full_A-None_AdaBN-F
Kalunga2016,ShallowConvNet,1,1,0.375,0.375,0.5911458333333334,0.296875,0.296875,0.529296875,8,32,FM-Full_A-None_AdaBN-F
Kalunga2016,ShallowConvNet,1,10,0.1953125,0.1953125,0.454833984375,0.2890625,0.2890625,0.5725911458333335,8,32,FM-Full_A-None_AdaBN-F
Kalunga2016,ShallowConvNet,1,11,0.234375,0.234375,0.55078125,0.296875,0.296875,0.5774739583333334,8,32,FM-Full_A-None_AdaBN-F
Kalunga2016,ShallowConvNet,2,3,0.328125,0.328125,0.6640625,0.421875,0.421875,0.6793619791666666,8,32,FM-Full_A-None_AdaBN-F
Kalunga2016,ShallowConvNet,2,6,0.390625,0.390625,0.640625,0.390625,0.390625,0.6858723958333333,8,32,FM-Full_A-None_AdaBN-F
Kalunga2016,ShallowConvNet,2,9,0.265625,0.265625,0.58203125,0.265625,0.265625,0.5504557291666667,8,32,FM-Full_A-None_AdaBN-F
Kalunga2016,ShallowConvNet,3,2,0.296875,0.296875,0.5638020833333334,0.453125,0.453125,0.6595052083333334,8,32,FM-Full_A-None_AdaBN-F
Kalunga2016,ShallowConvNet,3,12,0.475,0.475,0.7415625000000001,0.6125,0.6125,0.8305208333333333,8,32,FM-Full_A-None_AdaBN-F
Kalunga2016,ShallowConvNet,4,5,0.40625,0.40625,0.6748046875,0.4375,0.4375,0.6529947916666667,8,32,FM-Full_A-None_AdaBN-F
Kalunga2016,ShallowConvNet,4,8,0.40625,0.40625,0.7135416666666666,0.46875,0.46875,0.7311197916666666,8,32,FM-Full_A-None_AdaBN-F
Kalunga2016,ShallowConvNet,5,4,0.375,0.375,0.6604817708333333,0.40625,0.40625,0.6985677083333333,8,32,FM-Full_A-None_AdaBN-F
Kalunga2016,ShallowConvNet,5,7,0.5208333333333334,0.5208333333333334,0.7481192129629631,0.5416666666666666,0.5416666666666666,0.7771990740740741,8,32,FM-Full_A-None_AdaBN-F
Huebner2018,ShallowConvNet,1,1,0.9520974858183346,0.918920860426779,0.9817320670827172,0.97674907206387,0.9643996212369004,0.9926270393678124,8,10500,FM-Full_A-None_AdaBN-F
Huebner2018,ShallowConvNet,1,10,0.8874649859943977,0.8075320512820513,0.9359060891985,0.9381652661064426,0.908779761904762,0.9729539099293564,8,10500,FM-Full_A-None_AdaBN-F
Huebner2018,ShallowConvNet,1,11,0.8407652271768181,0.7365122008590278,0.8554327122614306,0.9153186102124068,0.8719825593408448,0.952498055756384,8,10500,FM-Full_A-None_AdaBN-F
Huebner2018,ShallowConvNet,2,3,0.9648459383753502,0.9608402014652015,0.9903776518620272,0.980532212885154,0.970066391941392,0.9949896432932148,8,10500,FM-Full_A-None_AdaBN-F
Huebner2018,ShallowConvNet,2,6,0.871078431372549,0.7357257326007326,0.9394297406462584,0.9746498599439776,0.9617902930402932,0.994287921899529,8,10500,FM-Full_A-None_AdaBN-F
Huebner2018,ShallowConvNet,2,9,0.8004061909097275,0.6048408546264921,0.7897913722912006,0.9444638980320752,0.9167110410424816,0.9753605418034968,8,10500,FM-Full_A-None_AdaBN-F
Huebner2018,ShallowConvNet,3,2,0.9695378151260504,0.9603021978021976,0.9913572191697192,0.9843837535014006,0.977632783882784,0.9958844218777256,8,10500,FM-Full_A-None_AdaBN-F
Huebner2018,ShallowConvNet,3,12,0.7295518207282913,0.7689789377289378,0.8553540767268446,0.9296918767507004,0.8945856227106228,0.9658045934720042,8,10500,FM-Full_A-None_AdaBN-F
Huebner2018,ShallowConvNet,4,5,0.8424408014571949,0.6946814707191288,0.8896157158346204,0.9305730699173322,0.8945524588340008,0.9665065403108284,8,10500,FM-Full_A-None_AdaBN-F
Huebner2018,ShallowConvNet,4,8,0.8111344537815126,0.6397664835164836,0.8453896847200418,0.9258403361344538,0.8881524725274725,0.9660065901360544,8,10500,FM-Full_A-None_AdaBN-F
Huebner2018,ShallowConvNet,5,4,0.9256302521008404,0.8859546703296703,0.9640276687598116,0.9579131652661064,0.9367330586080588,0.9850053691348334,8,10500,FM-Full_A-None_AdaBN-F
Huebner2018,ShallowConvNet,5,7,0.8956290277388624,0.8173127802788392,0.935195497216842,0.9368170355841972,0.9023406554816872,0.9710230668394144,8,10500,FM-Full_A-None_AdaBN-F
Yang2025,ATCNet,1,4,0.5133333333333333,0.5133333333333333,0.5436555555555556,0.545,0.545,0.5351777777777778,10,450,FM-Full_A-None_AdaBN-F
Yang2025,ATCNet,1,13,0.695,0.6950000000000001,0.7731888888888889,0.7,0.7,0.7851777777777779,10,450,FM-Full_A-None_AdaBN-F
Yang2025,ATCNet,1,14,0.5716666666666667,0.5716666666666667,0.6019555555555557,0.5866666666666667,0.5866666666666667,0.6123666666666667,10,450,FM-Full_A-None_AdaBN-F
Yang2025,ATCNet,1,18,0.6533333333333333,0.6533333333333333,0.7073555555555556,0.6566666666666666,0.6566666666666667,0.7126333333333332,10,450,FM-Full_A-None_AdaBN-F
Yang2025,ATCNet,1,25,0.7216666666666667,0.7216666666666667,0.8289000000000001,0.84,0.84,0.9281222222222222,10,450,FM-Full_A-None_AdaBN-F
Yang2025,ATCNet,1,31,0.7433333333333333,0.7433333333333333,0.8264444444444444,0.7883333333333333,0.7883333333333333,0.8641111111111112,10,450,FM-Full_A-None_AdaBN-F
Yang2025,ATCNet,1,32,0.7228714524207012,0.7227480490523969,0.817056856187291,0.7863105175292153,0.7862987736900781,0.8613043478260869,10,450,FM-Full_A-None_AdaBN-F
Yang2025,ATCNet,1,33,0.8483333333333334,0.8483333333333334,0.9461555555555556,0.9533333333333334,0.9533333333333334,0.9878,10,450,FM-Full_A-None_AdaBN-F
Yang2025,ATCNet,1,41,0.75,0.75,0.9269444444444443,0.8966666666666666,0.8966666666666667,0.9668666666666668,10,450,FM-Full_A-None_AdaBN-F
Yang2025,ATCNet,1,44,0.6366666666666667,0.6366666666666667,0.6952222222222222,0.65,0.65,0.7033666666666666,10,450,FM-Full_A-None_AdaBN-F
Yang2025,ATCNet,1,47,0.7283333333333334,0.7283333333333333,0.8159888888888889,0.805,0.8049999999999999,0.8827666666666667,10,450,FM-Full_A-None_AdaBN-F
Yang2025,ATCNet,2,5,0.5683333333333334,0.5683333333333334,0.6825555555555555,0.7933333333333333,0.7933333333333333,0.856611111111111,10,450,FM-Full_A-None_AdaBN-F
Yang2025,ATCNet,2,7,0.5583333333333333,0.5583333333333333,0.5976888888888889,0.6466666666666666,0.6466666666666667,0.6972333333333334,10,450,FM-Full_A-None_AdaBN-F
Yang2025,ATCNet,2,9,0.5083333333333333,0.5083333333333333,0.6510666666666667,0.6316666666666667,0.6316666666666666,0.699111111111111,10,450,FM-Full_A-None_AdaBN-F
Yang2025,ATCNet,2,16,0.505,0.505,0.6179111111111111,0.67,0.67,0.7111666666666667,10,450,FM-Full_A-None_AdaBN-F
Yang2025,ATCNet,2,20,0.4883333333333333,0.4883333333333333,0.5624888888888889,0.6883333333333334,0.6883333333333334,0.7479333333333333,10,450,FM-Full_A-None_AdaBN-F
Yang2025,ATCNet,2,34,0.4433333333333333,0.4433333333333333,0.3252666666666666,0.84,0.8400000000000001,0.9307333333333334,10,450,FM-Full_A-None_AdaBN-F
Yang2025,ATCNet,2,37,0.5433333333333333,0.5433333333333333,0.8081888888888888,0.7616666666666667,0.7616666666666667,0.8556555555555555,10,450,FM-Full_A-None_AdaBN-F
Yang2025,ATCNet,2,48,0.6033333333333334,0.6033333333333333,0.6716555555555556,0.7516666666666667,0.7516666666666667,0.8013777777777777,10,450,FM-Full_A-None_AdaBN-F
Yang2025,ATCNet,2,49,0.6633333333333333,0.6633333333333333,0.8425444444444444,0.8666666666666667,0.8666666666666667,0.954088888888889,10,450,FM-Full_A-None_AdaBN-F
Yang2025,ATCNet,2,50,0.5733333333333334,0.5733333333333334,0.7894000000000001,0.8216666666666667,0.8216666666666667,0.904211111111111,10,450,FM-Full_A-None_AdaBN-F
Yang2025,ATCNet,3,1,0.685,0.685,0.8140444444444443,0.8533333333333334,0.8533333333333333,0.9247111111111112,10,450,FM-Full_A-None_AdaBN-F
Yang2025,ATCNet,3,10,0.745,0.745,0.8101777777777777,0.7566666666666667,0.7566666666666666,0.8590333333333334,10,450,FM-Full_A-None_AdaBN-F
Yang2025,ATCNet,3,12,0.5233333333333333,0.5233333333333333,0.5372666666666667,0.5016666666666667,0.5016666666666667,0.5182111111111111,10,450,FM-Full_A-None_AdaBN-F
Yang2025,ATCNet,3,17,0.5566666666666666,0.5566666666666666,0.6432888888888889,0.6516666666666666,0.6516666666666666,0.6935666666666667,10,450,FM-Full_A-None_AdaBN-F
Yang2025,ATCNet,3,26,0.5876460767946577,0.5876309921962095,0.6268115942028986,0.8263772954924875,0.8264102564102564,0.9148940914158308,10,450,FM-Full_A-None_AdaBN-F
Yang2025,ATCNet,3,27,0.53,0.53,0.6182000000000001,0.77,0.77,0.8476,10,450,FM-Full_A-None_AdaBN-F
Yang2025,ATCNet,3,28,0.71,0.71,0.8444888888888888,0.875,0.875,0.9399222222222222,10,450,FM-Full_A-None_AdaBN-F
Yang2025,ATCNet,3,35,0.6616666666666666,0.6616666666666666,0.7244444444444446,0.795,0.7949999999999999,0.8738444444444444,10,450,FM-Full_A-None_AdaBN-F
Yang2025,ATCNet,3,45,0.6066666666666667,0.6066666666666667,0.6717777777777778,0.72,0.72,0.7884666666666666,10,450,FM-Full_A-None_AdaBN-F
Yang2025,ATCNet,3,46,0.685,0.685,0.8870222222222224,0.89,0.89,0.957,10,450,FM-Full_A-None_AdaBN-F
Yang2025,ATCNet,4,2,0.595,0.595,0.6185777777777778,0.6366666666666667,0.6366666666666667,0.6756222222222222,10,450,FM-Full_A-None_AdaBN-F
Yang2025,ATCNet,4,3,0.89,0.89,0.9603555555555556,0.9,0.8999999999999999,0.9439666666666666,10,450,FM-Full_A-None_AdaBN-F
Yang2025,ATCNet,4,6,0.9133333333333332,0.9133333333333332,0.9737333333333332,0.9516666666666668,0.9516666666666668,0.9870777777777776,10,450,FM-Full_A-None_AdaBN-F
Yang2025,ATCNet,4,22,0.6733333333333333,0.6733333333333333,0.8253777777777778,0.79,0.79,0.8655555555555556,10,450,FM-Full_A-None_AdaBN-F
Yang2025,ATCNet,4,24,0.8821548821548821,0.8823576092871395,0.9636087429711592,0.9427609427609428,0.9427149464901144,0.9836182659169236,10,450,FM-Full_A-None_AdaBN-F
Yang2025,ATCNet,4,30,0.695,0.6950000000000001,0.9038111111111112,0.6883333333333334,0.6883333333333334,0.6602444444444445,10,450,FM-Full_A-None_AdaBN-F
Yang2025,ATCNet,4,36,0.7983333333333333,0.7983333333333333,0.8726444444444444,0.825,0.825,0.910788888888889,10,450,FM-Full_A-None_AdaBN-F
Yang2025,ATCNet,4,38,0.5433333333333333,0.5433333333333333,0.5411333333333332,0.5666666666666667,0.5666666666666667,0.5739000000000001,10,450,FM-Full_A-None_AdaBN-F
Yang2025,ATCNet,4,40,0.755,0.755,0.8490555555555556,0.81,0.81,0.8761,10,450,FM-Full_A-None_AdaBN-F
Yang2025,ATCNet,4,42,0.705,0.705,0.7846666666666666,0.705,0.705,0.7753111111111112,10,450,FM-Full_A-None_AdaBN-F
Yang2025,ATCNet,5,8,0.7466666666666667,0.7466666666666666,0.8419222222222222,0.81,0.81,0.8755555555555555,10,450,FM-Full_A-None_AdaBN-F
Yang2025,ATCNet,5,11,0.775,0.775,0.8701777777777777,0.82,0.8200000000000001,0.9146555555555556,10,450,FM-Full_A-None_AdaBN-F
Yang2025,ATCNet,5,15,0.665,0.665,0.7306111111111111,0.645,0.645,0.7094333333333334,10,450,FM-Full_A-None_AdaBN-F
Yang2025,ATCNet,5,19,0.7183333333333334,0.7183333333333333,0.8154,0.8283333333333334,0.8283333333333334,0.8965444444444445,10,450,FM-Full_A-None_AdaBN-F
Yang2025,ATCNet,5,21,0.69,0.69,0.8176444444444446,0.7883333333333333,0.7883333333333333,0.8747222222222221,10,450,FM-Full_A-None_AdaBN-F
Yang2025,ATCNet,5,23,0.7796327212020033,0.7793701226309921,0.8995317725752509,0.8614357262103506,0.8614437012263099,0.9402341137123746,10,450,FM-Full_A-None_AdaBN-F
Yang2025,ATCNet,5,29,0.8433333333333334,0.8433333333333333,0.9260888888888889,0.9283333333333332,0.9283333333333332,0.9846444444444444,10,450,FM-Full_A-None_AdaBN-F
Yang2025,ATCNet,5,39,0.7766666666666666,0.7766666666666666,0.8309333333333333,0.775,0.775,0.867088888888889,10,450,FM-Full_A-None_AdaBN-F
Yang2025,ATCNet,5,43,0.7466666666666667,0.7466666666666666,0.8350222222222222,0.8616666666666667,0.8616666666666667,0.9312555555555556,10,450,FM-Full_A-None_AdaBN-F
Yang2025,ATCNet,5,51,0.7583333333333333,0.7583333333333333,0.8365555555555556,0.8066666666666666,0.8066666666666666,0.8869555555555556,10,450,FM-Full_A-None_AdaBN-F
Lee2019_SSVEP,ShallowConvNet,1,4,0.945,0.945,0.9999666666666668,0.99,0.99,0.9998,40,50,FM-Full_A-None_AdaBN-F
Lee2019_SSVEP,ShallowConvNet,1,6,0.895,0.8949999999999999,0.9776333333333332,0.965,0.965,0.9979666666666668,40,50,FM-Full_A-None_AdaBN-F
Lee2019_SSVEP,ShallowConvNet,1,13,0.72,0.72,0.9015333333333332,0.83,0.83,0.9510666666666668,40,50,FM-Full_A-None_AdaBN-F
Lee2019_SSVEP,ShallowConvNet,1,14,0.715,0.715,0.9333,0.825,0.825,0.9540333333333332,40,50,FM-Full_A-None_AdaBN-F
Lee2019_SSVEP,ShallowConvNet,1,18,0.96,0.96,0.9977666666666668,0.985,0.985,0.9991666666666666,40,50,FM-Full_A-None_AdaBN-F
Lee2019_SSVEP,ShallowConvNet,1,20,0.83,0.83,0.9664,0.855,0.855,0.9745333333333334,40,50,FM-Full_A-None_AdaBN-F
Lee2019_SSVEP,ShallowConvNet,1,33,0.785,0.7849999999999999,0.9871666666666667,0.9,0.8999999999999999,0.9897,40,50,FM-Full_A-None_AdaBN-F
Lee2019_SSVEP,ShallowConvNet,1,45,0.71,0.7100000000000001,0.9379,0.845,0.845,0.9733666666666666,40,50,FM-Full_A-None_AdaBN-F
Lee2019_SSVEP,ShallowConvNet,1,49,0.875,0.875,0.9816,0.96,0.96,0.9967666666666668,40,50,FM-Full_A-None_AdaBN-F
Lee2019_SSVEP,ShallowConvNet,1,50,0.77,0.77,0.9442,0.91,0.91,0.9817,40,50,FM-Full_A-None_AdaBN-F
Lee2019_SSVEP,ShallowConvNet,1,53,0.88,0.88,0.9923333333333332,0.945,0.945,0.9906333333333333,40,50,FM-Full_A-None_AdaBN-F
Lee2019_SSVEP,ShallowConvNet,2,5,0.725,0.725,0.8923000000000001,0.755,0.7550000000000001,0.9203333333333332,40,50,FM-Full_A-None_AdaBN-F
Lee2019_SSVEP,ShallowConvNet,2,7,0.965,0.965,0.9973333333333334,0.99,0.99,0.9995666666666668,40,50,FM-Full_A-None_AdaBN-F
Lee2019_SSVEP,ShallowConvNet,2,9,0.79,0.7899999999999999,0.9755666666666668,0.91,0.91,0.9887333333333334,40,50,FM-Full_A-None_AdaBN-F
Lee2019_SSVEP,ShallowConvNet,2,16,0.875,0.875,0.9921333333333334,0.955,0.955,0.9960333333333332,40,50,FM-Full_A-None_AdaBN-F
Lee2019_SSVEP,ShallowConvNet,2,25,0.875,0.875,0.9702333333333334,0.865,0.865,0.9763,40,50,FM-Full_A-None_AdaBN-F
Lee2019_SSVEP,ShallowConvNet,2,27,0.955,0.955,0.9969,0.965,0.965,0.9986333333333332,40,50,FM-Full_A-None_AdaBN-F
Lee2019_SSVEP,ShallowConvNet,2,34,0.55,0.55,0.81035,0.7,0.7000000000000001,0.8802333333333333,40,50,FM-Full_A-None_AdaBN-F
Lee2019_SSVEP,ShallowConvNet,2,35,0.605,0.605,0.9219666666666668,0.835,0.835,0.9713666666666666,40,50,FM-Full_A-None_AdaBN-F
Lee2019_SSVEP,ShallowConvNet,2,38,0.88,0.88,0.9895333333333332,0.975,0.975,0.9972,40,50,FM-Full_A-None_AdaBN-F
Lee2019_SSVEP,ShallowConvNet,2,46,0.88,0.88,0.9876666666666668,0.895,0.895,0.9895666666666666,40,50,FM-Full_A-None_AdaBN-F
Lee2019_SSVEP,ShallowConvNet,2,51,0.66,0.66,0.8541666666666665,0.74,0.74,0.9006333333333334,40,50,FM-Full_A-None_AdaBN-F
Lee2019_SSVEP,ShallowConvNet,3,1,0.82,0.82,0.9798,0.885,0.885,0.9787333333333332,40,50,FM-Full_A-None_AdaBN-F
Lee2019_SSVEP,ShallowConvNet,3,10,0.76,0.76,0.9442,0.915,0.915,0.9901,40,50,FM-Full_A-None_AdaBN-F
Lee2019_SSVEP,ShallowConvNet,3,12,0.89,0.89,0.9888,0.95,0.95,0.9925,40,50,FM-Full_A-None_AdaBN-F
Lee2019_SSVEP,ShallowConvNet,3,17,0.72,0.72,0.9406666666666668,0.915,0.915,0.9865,40,50,FM-Full_A-None_AdaBN-F
Lee2019_SSVEP,ShallowConvNet,3,26,0.855,0.855,0.9887,0.95,0.95,0.9971666666666666,40,50,FM-Full_A-None_AdaBN-F
Lee2019_SSVEP,ShallowConvNet,3,28,0.89,0.8899999999999999,0.9757,0.915,0.915,0.9916666666666668,40,50,FM-Full_A-None_AdaBN-F
Lee2019_SSVEP,ShallowConvNet,3,31,0.99,0.99,1.0,0.995,0.995,1.0,40,50,FM-Full_A-None_AdaBN-F
Lee2019_SSVEP,ShallowConvNet,3,32,0.255,0.255,0.5847333333333333,0.6,0.6000000000000001,0.8449,40,50,FM-Full_A-None_AdaBN-F
Lee2019_SSVEP,ShallowConvNet,3,37,0.965,0.965,0.9991666666666666,0.985,0.985,0.9997,40,50,FM-Full_A-None_AdaBN-F
Lee2019_SSVEP,ShallowConvNet,3,41,0.92,0.92,0.9952666666666666,0.975,0.975,0.9979333333333332,40,50,FM-Full_A-None_AdaBN-F
Lee2019_SSVEP,ShallowConvNet,3,48,0.945,0.945,0.9993333333333332,0.985,0.985,0.9984333333333332,40,50,FM-Full_A-None_AdaBN-F
Lee2019_SSVEP,ShallowConvNet,4,2,0.95,0.95,0.9958666666666668,0.955,0.955,0.9956,40,50,FM-Full_A-None_AdaBN-F
Lee2019_SSVEP,ShallowConvNet,4,3,0.77,0.77,0.9400333333333332,0.895,0.8949999999999999,0.9850666666666666,40,50,FM-Full_A-None_AdaBN-F
Lee2019_SSVEP,ShallowConvNet,4,11,0.965,0.965,1.0,0.985,0.985,1.0,40,50,FM-Full_A-None_AdaBN-F
Lee2019_SSVEP,ShallowConvNet,4,22,0.615,0.615,0.8393666666666666,0.78,0.7800000000000001,0.9269333333333334,40,50,FM-Full_A-None_AdaBN-F
Lee2019_SSVEP,ShallowConvNet,4,24,0.605,0.605,0.8935666666666667,0.77,0.77,0.9427333333333332,40,50,FM-Full_A-None_AdaBN-F
Lee2019_SSVEP,ShallowConvNet,4,30,0.915,0.915,0.9922333333333334,0.935,0.935,0.9977,40,50,FM-Full_A-None_AdaBN-F
Lee2019_SSVEP,ShallowConvNet,4,36,0.955,0.955,0.9968,0.98,0.98,0.9955666666666668,40,50,FM-Full_A-None_AdaBN-F
Lee2019_SSVEP,ShallowConvNet,4,40,0.735,0.7350000000000001,0.9288666666666668,0.815,0.815,0.9536,40,50,FM-Full_A-None_AdaBN-F
Lee2019_SSVEP,ShallowConvNet,4,42,0.755,0.7549999999999999,0.9289,0.75,0.75,0.9324,40,50,FM-Full_A-None_AdaBN-F
Lee2019_SSVEP,ShallowConvNet,4,44,0.955,0.955,0.9994,0.99,0.99,0.9999333333333332,40,50,FM-Full_A-None_AdaBN-F
Lee2019_SSVEP,ShallowConvNet,4,47,0.615,0.615,0.8400666666666666,0.59,0.5900000000000001,0.8334000000000001,40,50,FM-Full_A-None_AdaBN-F
Lee2019_SSVEP,ShallowConvNet,5,8,0.745,0.745,0.9151666666666668,0.8,0.7999999999999999,0.9508333333333334,40,50,FM-Full_A-None_AdaBN-F
Lee2019_SSVEP,ShallowConvNet,5,15,0.675,0.675,0.8838333333333335,0.85,0.85,0.9752333333333334,40,50,FM-Full_A-None_AdaBN-F
Lee2019_SSVEP,ShallowConvNet,5,19,0.65,0.65,0.8788666666666667,0.745,0.7450000000000001,0.9398666666666666,40,50,FM-Full_A-None_AdaBN-F
Lee2019_SSVEP,ShallowConvNet,5,21,0.83,0.83,0.9721333333333332,0.945,0.945,0.9956,40,50,FM-Full_A-None_AdaBN-F
Lee2019_SSVEP,ShallowConvNet,5,23,0.335,0.335,0.6346999999999999,0.505,0.5049999999999999,0.7463666666666666,40,50,FM-Full_A-None_AdaBN-F
Lee2019_SSVEP,ShallowConvNet,5,29,0.735,0.735,0.9435,0.88,0.88,0.9795333333333334,40,50,FM-Full_A-None_AdaBN-F
Lee2019_SSVEP,ShallowConvNet,5,39,0.875,0.875,0.9933,0.945,0.945,0.9965,40,50,FM-Full_A-None_AdaBN-F
Lee2019_SSVEP,ShallowConvNet,5,43,0.985,0.985,0.9989,0.995,0.995,0.9991333333333332,40,50,FM-Full_A-None_AdaBN-F
Lee2019_SSVEP,ShallowConvNet,5,52,0.8,0.7999999999999999,0.9569666666666666,0.905,0.905,0.9870333333333332,40,50,FM-Full_A-None_AdaBN-F
Lee2019_SSVEP,ShallowConvNet,5,54,0.465,0.4649999999999999,0.7167000000000001,0.565,0.565,0.8219333333333334,40,50,FM-Full_A-None_AdaBN-F
Kalunga2016,DeepConvNet,1,1,0.234375,0.234375,0.5227864583333334,0.296875,0.296875,0.5390625,8,32,FM-Full_A-None_AdaBN-F
Kalunga2016,DeepConvNet,1,10,0.15625,0.15625,0.4781087239583333,0.2109375,0.2109375,0.5732421875,8,32,FM-Full_A-None_AdaBN-F
Kalunga2016,DeepConvNet,1,11,0.21875,0.21875,0.4791666666666666,0.25,0.25,0.5397135416666666,8,32,FM-Full_A-None_AdaBN-F
Kalunga2016,DeepConvNet,2,3,0.328125,0.328125,0.5387369791666666,0.1875,0.1875,0.4401041666666666,8,32,FM-Full_A-None_AdaBN-F
Kalunga2016,DeepConvNet,2,6,0.3125,0.3125,0.6591796875,0.28125,0.28125,0.5826822916666666,8,32,FM-Full_A-None_AdaBN-F
Kalunga2016,DeepConvNet,2,9,0.25,0.25,0.5670572916666667,0.265625,0.265625,0.556640625,8,32,FM-Full_A-None_AdaBN-F
Kalunga2016,DeepConvNet,3,2,0.265625,0.265625,0.6256510416666666,0.28125,0.28125,0.5764973958333334,8,32,FM-Full_A-None_AdaBN-F
Kalunga2016,DeepConvNet,3,12,0.28125,0.28125,0.5627083333333334,0.2875,0.2875,0.5627083333333334,8,32,FM-Full_A-None_AdaBN-F
Kalunga2016,DeepConvNet,4,5,0.296875,0.296875,0.5035807291666667,0.265625,0.265625,0.5289713541666666,8,32,FM-Full_A-None_AdaBN-F
Kalunga2016,DeepConvNet,4,8,0.25,0.25,0.5117187500000001,0.25,0.25,0.4912109374999999,8,32,FM-Full_A-None_AdaBN-F
Kalunga2016,DeepConvNet,5,4,0.234375,0.234375,0.5875651041666667,0.28125,0.28125,0.5501302083333333,8,32,FM-Full_A-None_AdaBN-F
Kalunga2016,DeepConvNet,5,7,0.3854166666666667,0.3854166666666666,0.6712962962962963,0.34375,0.34375,0.5872395833333333,8,32,FM-Full_A-None_AdaBN-F
Yang2025,DeepConvNet,1,4,0.585,0.585,0.6444222222222222,0.5383333333333333,0.5383333333333333,0.5719888888888889,10,450,FM-Full_A-None_AdaBN-F
Yang2025,DeepConvNet,1,13,0.7566666666666667,0.7566666666666666,0.8631833333333334,0.8166666666666667,0.8166666666666667,0.8966166666666666,10,450,FM-Full_A-None_AdaBN-F
Yang2025,DeepConvNet,1,14,0.55,0.55,0.5832944444444444,0.595,0.595,0.6113055555555555,10,450,FM-Full_A-None_AdaBN-F
Yang2025,DeepConvNet,1,18,0.645,0.645,0.7218888888888889,0.6833333333333333,0.6833333333333333,0.7539277777777778,10,450,FM-Full_A-None_AdaBN-F
Yang2025,DeepConvNet,1,25,0.935,0.935,0.9643166666666666,0.96,0.96,0.9918888888888888,10,450,FM-Full_A-None_AdaBN-F
Yang2025,DeepConvNet,1,31,0.7366666666666667,0.7366666666666666,0.8252888888888888,0.8116666666666666,0.8116666666666666,0.8967833333333334,10,450,FM-Full_A-None_AdaBN-F
Yang2025,DeepConvNet,1,32,0.5692821368948247,0.5693868450390189,0.611923076923077,0.6227045075125208,0.6228483835005574,0.6830323299888517,10,450,FM-Full_A-None_AdaBN-F
Yang2025,DeepConvNet,1,33,0.9383333333333334,0.9383333333333332,0.9874777777777778,0.9666666666666668,0.9666666666666668,0.9942,10,450,FM-Full_A-None_AdaBN-F
Yang2025,DeepConvNet,1,41,0.8666666666666667,0.8666666666666667,0.9421,0.9033333333333332,0.9033333333333332,0.9680222222222222,10,450,FM-Full_A-None_AdaBN-F
Yang2025,DeepConvNet,1,44,0.725,0.7250000000000001,0.8183666666666667,0.7533333333333333,0.7533333333333334,0.8283888888888888,10,450,FM-Full_A-None_AdaBN-F
Yang2025,DeepConvNet,1,47,0.8716666666666667,0.8716666666666666,0.9710444444444444,0.91,0.91,0.9753111111111112,10,450,FM-Full_A-None_AdaBN-F
Yang2025,DeepConvNet,2,5,0.8983333333333333,0.8983333333333333,0.9544888888888888,0.9066666666666666,0.9066666666666666,0.9602,10,450,FM-Full_A-None_AdaBN-F
Yang2025,DeepConvNet,2,7,0.78,0.78,0.8539555555555554,0.7866666666666666,0.7866666666666666,0.9097055555555555,10,450,FM-Full_A-None_AdaBN-F
Yang2025,DeepConvNet,2,9,0.6833333333333333,0.6833333333333333,0.8220999999999999,0.7183333333333334,0.7183333333333333,0.8044,10,450,FM-Full_A-None_AdaBN-F
Yang2025,DeepConvNet,2,16,0.6,0.6,0.6442888888888888,0.62,0.62,0.6993888888888888,10,450,FM-Full_A-None_AdaBN-F
Yang2025,DeepConvNet,2,20,0.6916666666666667,0.6916666666666667,0.8719555555555556,0.93,0.93,0.9831444444444444,10,450,FM-Full_A-None_AdaBN-F
Yang2025,DeepConvNet,2,34,0.5866666666666667,0.5866666666666667,0.642,0.825,0.825,0.91815,10,450,FM-Full_A-None_AdaBN-F
Yang2025,DeepConvNet,2,37,0.8233333333333334,0.8233333333333333,0.9496888888888888,0.935,0.935,0.9811722222222224,10,450,FM-Full_A-None_AdaBN-F
Yang2025,DeepConvNet,2,48,0.8566666666666667,0.8566666666666667,0.9291444444444444,0.8933333333333333,0.8933333333333333,0.9636777777777776,10,450,FM-Full_A-None_AdaBN-F
Yang2025,DeepConvNet,2,49,0.935,0.935,0.9776888888888888,0.9533333333333334,0.9533333333333334,0.9936333333333334,10,450,FM-Full_A-None_AdaBN-F
Yang2025,DeepConvNet,2,50,0.9283333333333332,0.9283333333333332,0.9856222222222224,0.9516666666666668,0.9516666666666668,0.9907111111111112,10,450,FM-Full_A-None_AdaBN-F
Yang2025,DeepConvNet,3,1,0.93,0.93,0.9844833333333332,0.9583333333333334,0.9583333333333331,0.9912555555555556,10,450,FM-Full_A-None_AdaBN-F
Yang2025,DeepConvNet,3,10,0.8016666666666666,0.8016666666666667,0.9289222222222222,0.8733333333333333,0.8733333333333333,0.9516222222222224,10,450,FM-Full_A-None_AdaBN-F
Yang2025,DeepConvNet,3,12,0.6383333333333333,0.6383333333333333,0.6742777777777779,0.585,0.585,0.6298666666666667,10,450,FM-Full_A-None_AdaBN-F
Yang2025,DeepConvNet,3,17,0.815,0.815,0.9146222222222222,0.8283333333333334,0.8283333333333334,0.9247777777777778,10,450,FM-Full_A-None_AdaBN-F
Yang2025,DeepConvNet,3,26,0.7729549248747913,0.7726755852842809,0.9006911928651058,0.9081803005008348,0.9082664437012264,0.9770122630992196,10,450,FM-Full_A-None_AdaBN-F
Yang2025,DeepConvNet,3,27,0.615,0.615,0.6824944444444445,0.71,0.71,0.7988444444444444,10,450,FM-Full_A-None_AdaBN-F
Yang2025,DeepConvNet,3,28,0.7216666666666667,0.7216666666666667,0.9170833333333336,0.9,0.8999999999999999,0.9672888888888888,10,450,FM-Full_A-None_AdaBN-F
Yang2025,DeepConvNet,3,35,0.9533333333333334,0.9533333333333334,0.9935333333333334,0.97,0.97,0.9952333333333334,10,450,FM-Full_A-None_AdaBN-F
Yang2025,DeepConvNet,3,45,0.87,0.87,0.9652055555555556,0.9033333333333332,0.9033333333333332,0.9672888888888888,10,450,FM-Full_A-None_AdaBN-F
Yang2025,DeepConvNet,3,46,0.9916666666666668,0.9916666666666668,0.9991333333333332,0.9933333333333332,0.9933333333333332,0.9998444444444444,10,450,FM-Full_A-None_AdaBN-F
Yang2025,DeepConvNet,4,2,0.7016666666666667,0.7016666666666667,0.7762,0.6766666666666666,0.6766666666666667,0.7695222222222222,10,450,FM-Full_A-None_AdaBN-F
Yang2025,DeepConvNet,4,3,0.9633333333333334,0.9633333333333334,0.9919,0.9716666666666668,0.9716666666666668,0.9944166666666668,10,450,FM-Full_A-None_AdaBN-F
Yang2025,DeepConvNet,4,6,0.9466666666666668,0.9466666666666668,0.9910888888888888,0.97,0.97,0.9955722222222222,10,450,FM-Full_A-None_AdaBN-F
Yang2025,DeepConvNet,4,22,0.795,0.7949999999999999,0.8920555555555555,0.8733333333333333,0.8733333333333333,0.9438277777777776,10,450,FM-Full_A-None_AdaBN-F
Yang2025,DeepConvNet,4,24,0.9764309764309764,0.9764193723925269,0.9967463268637764,0.98989898989899,0.9898988753854524,0.9989456738617812,10,450,FM-Full_A-None_AdaBN-F
Yang2025,DeepConvNet,4,30,0.9416666666666668,0.9416666666666668,0.9776333333333336,0.955,0.955,0.9889166666666668,10,450,FM-Full_A-None_AdaBN-F
Yang2025,DeepConvNet,4,36,0.9083333333333332,0.9083333333333332,0.9822444444444444,0.9466666666666668,0.9466666666666668,0.9891444444444444,10,450,FM-Full_A-None_AdaBN-F
Yang2025,DeepConvNet,4,38,0.59,0.59,0.6788333333333334,0.7366666666666667,0.7366666666666666,0.8272333333333333,10,450,FM-Full_A-None_AdaBN-F
Yang2025,DeepConvNet,4,40,0.7966666666666666,0.7966666666666666,0.9235444444444444,0.8733333333333333,0.8733333333333333,0.9409,10,450,FM-Full_A-None_AdaBN-F
Yang2025,DeepConvNet,4,42,0.8333333333333334,0.8333333333333333,0.9167777777777778,0.8516666666666667,0.8516666666666667,0.9224944444444444,10,450,FM-Full_A-None_AdaBN-F
Yang2025,DeepConvNet,5,8,0.91,0.91,0.9735555555555556,0.9333333333333332,0.9333333333333332,0.976477777777778,10,450,FM-Full_A-None_AdaBN-F
Yang2025,DeepConvNet,5,11,0.895,0.895,0.9681,0.935,0.935,0.9840444444444444,10,450,FM-Full_A-None_AdaBN-F
Yang2025,DeepConvNet,5,15,0.7766666666666666,0.7766666666666666,0.8538111111111112,0.855,0.855,0.9262444444444444,10,450,FM-Full_A-None_AdaBN-F
Yang2025,DeepConvNet,5,19,0.8833333333333333,0.8833333333333333,0.9566111111111112,0.8716666666666667,0.8716666666666667,0.9585666666666666,10,450,FM-Full_A-None_AdaBN-F
Yang2025,DeepConvNet,5,21,0.8466666666666667,0.8466666666666667,0.9247333333333332,0.8916666666666667,0.8916666666666666,0.9599888888888888,10,450,FM-Full_A-None_AdaBN-F
Yang2025,DeepConvNet,5,23,0.8964941569282137,0.8963935340022297,0.9542419175027872,0.9682804674457428,0.9682720178372352,0.9919509476031216,10,450,FM-Full_A-None_AdaBN-F
Yang2025,DeepConvNet,5,29,0.635,0.635,0.7251888888888889,0.8516666666666667,0.8516666666666667,0.9378611111111111,10,450,FM-Full_A-None_AdaBN-F
Yang2025,DeepConvNet,5,39,0.6833333333333333,0.6833333333333333,0.7956444444444444,0.78,0.78,0.8631333333333334,10,450,FM-Full_A-None_AdaBN-F
Yang2025,DeepConvNet,5,43,0.9883333333333332,0.9883333333333332,0.9997,0.9966666666666668,0.9966666666666666,0.9999888888888888,10,450,FM-Full_A-None_AdaBN-F
Yang2025,DeepConvNet,5,51,0.895,0.895,0.9658111111111112,0.9266666666666666,0.9266666666666666,0.9789777777777776,10,450,FM-Full_A-None_AdaBN-F
BI2015a,EEGNetv4,1,5,0.8863636363636364,0.7358585858585858,0.8808846036118764,0.9166666666666666,0.842929292929293,0.9454647484950516,25,200,FM-Full_A-None_AdaBN-F
BI2015a,EEGNetv4,1,9,0.8498498498498499,0.6522522522522523,0.796538430322214,0.9039039039039038,0.8126126126126125,0.922072072072072,25,200,FM-Full_A-None_AdaBN-F
BI2015a,EEGNetv4,1,13,0.8698830409356725,0.7675438596491229,0.8765235457063711,0.9364035087719298,0.8864035087719297,0.9609764542936288,25,200,FM-Full_A-None_AdaBN-F
BI2015a,EEGNetv4,1,25,0.8113026819923371,0.6718390804597701,0.7662075571409697,0.8745210727969349,0.7649425287356322,0.8969414717928392,25,200,FM-Full_A-None_AdaBN-F
BI2015a,EEGNetv4,1,26,0.899641577060932,0.8129032258064516,0.9350213897560412,0.9372759856630823,0.8849462365591398,0.9719620765406404,25,200,FM-Full_A-None_AdaBN-F
BI2015a,EEGNetv4,1,35,0.8369565217391305,0.5195652173913043,0.7321594436276225,0.8289049919484702,0.6722222222222223,0.772924689024248,25,200,FM-Full_A-None_AdaBN-F
BI2015a,EEGNetv4,1,37,0.7781746031746032,0.6164285714285714,0.6966201814058958,0.8595238095238096,0.7319047619047618,0.8472596371882086,25,200,FM-Full_A-None_AdaBN-F
BI2015a,EEGNetv4,1,38,0.8536036036036037,0.7193693693693695,0.8509171333495658,0.9181681681681682,0.8445945945945946,0.9276276276276276,25,200,FM-Full_A-None_AdaBN-F
BI2015a,EEGNetv4,1,40,0.8575102880658436,0.6305555555555555,0.8334114464258497,0.9140946502057612,0.8373456790123457,0.9297286998933088,25,200,FM-Full_A-None_AdaBN-F
BI2015a,EEGNetv4,2,4,0.9006944444444445,0.7354166666666666,0.7467777777777778,0.9340277777777778,0.8720833333333333,0.9495416666666666,25,200,FM-Full_A-None_AdaBN-F
BI2015a,EEGNetv4,2,7,0.8333333333333334,0.5,0.7066032295271047,0.9068627450980392,0.8382352941176471,0.9147347174163782,25,200,FM-Full_A-None_AdaBN-F
BI2015a,EEGNetv4,2,14,0.6623931623931624,0.5461538461538462,0.5758711374095989,0.8660968660968661,0.7487179487179487,0.8793995178610562,25,200,FM-Full_A-None_AdaBN-F
BI2015a,EEGNetv4,2,16,0.8936507936507937,0.7819047619047619,0.9111519274376416,0.9214285714285714,0.8652380952380953,0.9488616780045352,25,200,FM-Full_A-None_AdaBN-F
BI2015a,EEGNetv4,2,18,0.808641975308642,0.6303703703703704,0.7430672153635116,0.8895061728395062,0.787037037037037,0.8912043895747599,25,200,FM-Full_A-None_AdaBN-F
BI2015a,EEGNetv4,2,20,0.8783950617283951,0.7862962962962963,0.8815198902606309,0.9092592592592592,0.8374074074074074,0.9421975308641976,25,200,FM-Full_A-None_AdaBN-F
BI2015a,EEGNetv4,2,28,0.8627777777777778,0.679,0.8370911111111111,0.8794444444444445,0.7823333333333333,0.894888888888889,25,200,FM-Full_A-None_AdaBN-F
BI2015a,EEGNetv4,2,32,0.8906810035842294,0.7774193548387096,0.8696265464215517,0.9032258064516128,0.8301075268817204,0.9118048329286624,25,200,FM-Full_A-None_AdaBN-F
BI2015a,EEGNetv4,2,41,0.7932098765432098,0.5781481481481481,0.6525843621399177,0.8827160493827161,0.7518518518518519,0.8893168724279836,25,200,FM-Full_A-None_AdaBN-F
BI2015a,EEGNetv4,3,1,0.7897497982243745,0.5392134856187144,0.5539104919932807,0.8432203389830508,0.7012746198367114,0.8194802051011202,25,200,FM-Full_A-None_AdaBN-F
BI2015a,EEGNetv4,3,6,0.8263888888888888,0.6306818181818181,0.7475063131313131,0.9090909090909092,0.8242424242424242,0.9263774104683196,25,200,FM-Full_A-None_AdaBN-F
BI2015a,EEGNetv4,3,10,0.8808243727598566,0.7306451612903226,0.8707596253902186,0.9327956989247312,0.8629032258064516,0.9357266736038848,25,200,FM-Full_A-None_AdaBN-F
BI2015a,EEGNetv4,3,12,0.8100358422939068,0.6182795698924731,0.7454922534397039,0.8566308243727598,0.732258064516129,0.8439458318880796,25,200,FM-Full_A-None_AdaBN-F
BI2015a,EEGNetv4,3,17,0.8561728395061728,0.7062962962962963,0.8425569272976681,0.8962962962962963,0.8,0.9129821673525376,25,200,FM-Full_A-None_AdaBN-F
BI2015a,EEGNetv4,3,27,0.8224331926863573,0.5567510548523207,0.7006489344656306,0.85056258790436,0.7069620253164557,0.8281934875109046,25,200,FM-Full_A-None_AdaBN-F
BI2015a,EEGNetv4,3,30,0.8672839506172839,0.8487654320987654,0.8688042981252858,0.912551440329218,0.7895061728395062,0.9107986587410456,25,200,FM-Full_A-None_AdaBN-F
BI2015a,EEGNetv4,3,31,0.8177777777777778,0.5448888888888889,0.6637007407407407,0.8377777777777777,0.6893333333333334,0.8030785185185184,25,200,FM-Full_A-None_AdaBN-F
BI2015a,EEGNetv4,3,42,0.8615984405458089,0.6538011695906433,0.806253206114702,0.851364522417154,0.7190058479532164,0.8228377962449985,25,200,FM-Full_A-None_AdaBN-F
BI2015a,EEGNetv4,4,2,0.8650793650793651,0.646031746031746,0.8778565129755606,0.9206349206349206,0.853968253968254,0.9371567145376668,25,200,FM-Full_A-None_AdaBN-F
BI2015a,EEGNetv4,4,3,0.8505747126436781,0.7724137931034483,0.8385453824811733,0.9310344827586208,0.8850574712643677,0.965860747787026,25,200,FM-Full_A-None_AdaBN-F
BI2015a,EEGNetv4,4,22,0.851010101010101,0.6727272727272727,0.8375803489439853,0.9002525252525253,0.818939393939394,0.9249110422405878,25,200,FM-Full_A-None_AdaBN-F
BI2015a,EEGNetv4,4,24,0.8958333333333334,0.7208333333333333,0.9040166323731138,0.9320987654320988,0.8759259259259259,0.957420267489712,25,200,FM-Full_A-None_AdaBN-F
BI2015a,EEGNetv4,4,33,0.8809523809523809,0.7015873015873015,0.861624464600655,0.9126984126984128,0.8349206349206348,0.9283446712018142,25,200,FM-Full_A-None_AdaBN-F
BI2015a,EEGNetv4,4,34,0.8634920634920635,0.6304761904761904,0.8933650793650794,0.9015873015873016,0.8209523809523809,0.9310929705215418,25,200,FM-Full_A-None_AdaBN-F
BI2015a,EEGNetv4,4,36,0.8722222222222222,0.73,0.8745711805555555,0.9180555555555556,0.8625,0.9487569444444444,25,200,FM-Full_A-None_AdaBN-F
BI2015a,EEGNetv4,4,43,0.9051724137931034,0.7775862068965518,0.9305720702866958,0.9367816091954024,0.8862068965517241,0.9712445501387236,25,200,FM-Full_A-None_AdaBN-F
BI2015a,EEGNetv4,5,8,0.8458994708994709,0.6884920634920635,0.821091584782061,0.9067460317460316,0.825,0.9210348954396572,25,200,FM-Full_A-None_AdaBN-F
BI2015a,EEGNetv4,5,11,0.8083333333333333,0.5883333333333334,0.6862777777777778,0.8923611111111112,0.7987500000000001,0.9026979166666668,25,200,FM-Full_A-None_AdaBN-F
BI2015a,EEGNetv4,5,15,0.8674603174603175,0.7795238095238095,0.8818412698412698,0.9198412698412698,0.8471428571428572,0.9256009070294784,25,200,FM-Full_A-None_AdaBN-F
BI2015a,EEGNetv4,5,19,0.865,0.6816666666666666,0.8189599999999999,0.8822222222222222,0.7506666666666666,0.8796744444444446,25,200,FM-Full_A-None_AdaBN-F
BI2015a,EEGNetv4,5,21,0.9126984126984128,0.7838095238095237,0.93259410430839,0.9373015873015872,0.8785714285714286,0.9520544217687076,25,200,FM-Full_A-None_AdaBN-F
BI2015a,EEGNetv4,5,23,0.8574561403508771,0.6741228070175438,0.8155432440751,0.8779239766081871,0.7723684210526316,0.9013504155124654,25,200,FM-Full_A-None_AdaBN-F
BI2015a,EEGNetv4,5,29,0.8344226579520697,0.5869281045751634,0.730475458157119,0.866557734204793,0.746078431372549,0.8619451920201632,25,200,FM-Full_A-None_AdaBN-F
BI2015a,EEGNetv4,5,39,0.8333333333333334,0.5,0.6628950900087927,0.8883219954648526,0.7982993197278911,0.8829966680549772,25,200,FM-Full_A-None_AdaBN-F
Yang2025,EEGNetv4,1,4,0.5966666666666667,0.5966666666666667,0.627288888888889,0.5883333333333334,0.5883333333333334,0.6273833333333333,20,450,FM-Full_A-None_AdaBN-F
Yang2025,EEGNetv4,1,13,0.7666666666666667,0.7666666666666666,0.826388888888889,0.8166666666666667,0.8166666666666667,0.8808555555555555,20,450,FM-Full_A-None_AdaBN-F
Yang2025,EEGNetv4,1,14,0.5633333333333334,0.5633333333333334,0.5886333333333333,0.6016666666666667,0.6016666666666667,0.6156388888888888,20,450,FM-Full_A-None_AdaBN-F
Yang2025,EEGNetv4,1,18,0.6883333333333334,0.6883333333333334,0.741111111111111,0.6933333333333334,0.6933333333333334,0.7614555555555557,20,450,FM-Full_A-None_AdaBN-F
Yang2025,EEGNetv4,1,25,0.91,0.91,0.9609111111111112,0.9583333333333334,0.9583333333333331,0.9831444444444444,20,450,FM-Full_A-None_AdaBN-F
Yang2025,EEGNetv4,1,31,0.7366666666666667,0.7366666666666666,0.8104888888888889,0.8083333333333333,0.8083333333333333,0.8674055555555555,20,450,FM-Full_A-None_AdaBN-F
Yang2025,EEGNetv4,1,32,0.5409015025041736,0.5409866220735786,0.5604236343366777,0.5792988313856428,0.5793366778149387,0.6181995540691194,20,450,FM-Full_A-None_AdaBN-F
Yang2025,EEGNetv4,1,33,0.925,0.925,0.9810111111111112,0.955,0.955,0.9936333333333331,20,450,FM-Full_A-None_AdaBN-F
Yang2025,EEGNetv4,1,41,0.8566666666666667,0.8566666666666667,0.9418444444444444,0.9033333333333332,0.9033333333333332,0.9662055555555557,20,450,FM-Full_A-None_AdaBN-F
Yang2025,EEGNetv4,1,44,0.7233333333333334,0.7233333333333334,0.7867666666666667,0.735,0.7350000000000001,0.8123166666666667,20,450,FM-Full_A-None_AdaBN-F
Yang2025,EEGNetv4,1,47,0.8533333333333334,0.8533333333333333,0.9436111111111112,0.925,0.925,0.9660388888888888,20,450,FM-Full_A-None_AdaBN-F
Yang2025,EEGNetv4,2,5,0.84,0.84,0.9086222222222224,0.855,0.855,0.9304444444444444,20,450,FM-Full_A-None_AdaBN-F
Yang2025,EEGNetv4,2,7,0.72,0.72,0.8101444444444443,0.8016666666666666,0.8016666666666667,0.8799333333333335,20,450,FM-Full_A-None_AdaBN-F
Yang2025,EEGNetv4,2,9,0.665,0.665,0.7581333333333333,0.7083333333333334,0.7083333333333333,0.7659833333333333,20,450,FM-Full_A-None_AdaBN-F
Yang2025,EEGNetv4,2,16,0.5883333333333334,0.5883333333333334,0.5891555555555557,0.6233333333333333,0.6233333333333333,0.6609666666666666,20,450,FM-Full_A-None_AdaBN-F
Yang2025,EEGNetv4,2,20,0.7083333333333334,0.7083333333333334,0.8033333333333335,0.905,0.905,0.9611222222222222,20,450,FM-Full_A-None_AdaBN-F
Yang2025,EEGNetv4,2,34,0.6366666666666667,0.6366666666666667,0.6888333333333333,0.785,0.7849999999999999,0.8818,20,450,FM-Full_A-None_AdaBN-F
Yang2025,EEGNetv4,2,37,0.8466666666666667,0.8466666666666667,0.9340111111111112,0.91,0.91,0.9767666666666668,20,450,FM-Full_A-None_AdaBN-F
Yang2025,EEGNetv4,2,48,0.7883333333333333,0.7883333333333333,0.8866888888888889,0.87,0.87,0.9372555555555556,20,450,FM-Full_A-None_AdaBN-F
Yang2025,EEGNetv4,2,49,0.8833333333333333,0.8833333333333333,0.9631,0.95,0.95,0.985,20,450,FM-Full_A-None_AdaBN-F
Yang2025,EEGNetv4,2,50,0.905,0.905,0.9686888888888888,0.935,0.935,0.9839111111111112,20,450,FM-Full_A-None_AdaBN-F
Yang2025,EEGNetv4,3,1,0.8983333333333333,0.8983333333333333,0.9651555555555557,0.9533333333333334,0.9533333333333334,0.9860055555555556,20,450,FM-Full_A-None_AdaBN-F
Yang2025,EEGNetv4,3,10,0.7366666666666667,0.7366666666666667,0.8342777777777777,0.8333333333333334,0.8333333333333333,0.9247777777777776,20,450,FM-Full_A-None_AdaBN-F
Yang2025,EEGNetv4,3,12,0.6066666666666667,0.6066666666666667,0.6373111111111112,0.5783333333333334,0.5783333333333334,0.6137666666666667,20,450,FM-Full_A-None_AdaBN-F
Yang2025,EEGNetv4,3,17,0.7633333333333333,0.7633333333333334,0.8442000000000001,0.8083333333333333,0.8083333333333333,0.9089,20,450,FM-Full_A-None_AdaBN-F
Yang2025,EEGNetv4,3,26,0.7479131886477463,0.7478706800445931,0.8213377926421404,0.8981636060100167,0.898149386845039,0.962586399108138,20,450,FM-Full_A-None_AdaBN-F
Yang2025,EEGNetv4,3,27,0.6,0.6,0.6399111111111111,0.7066666666666667,0.7066666666666667,0.757788888888889,20,450,FM-Full_A-None_AdaBN-F
Yang2025,EEGNetv4,3,28,0.7016666666666667,0.7016666666666667,0.8544333333333332,0.8666666666666667,0.8666666666666667,0.9416222222222222,20,450,FM-Full_A-None_AdaBN-F
Yang2025,EEGNetv4,3,35,0.9133333333333332,0.9133333333333332,0.9733222222222222,0.9633333333333334,0.9633333333333334,0.9914222222222222,20,450,FM-Full_A-None_AdaBN-F
Yang2025,EEGNetv4,3,45,0.8433333333333334,0.8433333333333333,0.9032111111111112,0.8866666666666667,0.8866666666666667,0.9465,20,450,FM-Full_A-None_AdaBN-F
Yang2025,EEGNetv4,3,46,0.9433333333333334,0.9433333333333334,0.986688888888889,0.9916666666666668,0.9916666666666668,0.9976444444444446,20,450,FM-Full_A-None_AdaBN-F
Yang2025,EEGNetv4,4,2,0.675,0.675,0.7529444444444445,0.6733333333333333,0.6733333333333333,0.7370222222222222,20,450,FM-Full_A-None_AdaBN-F
Yang2025,EEGNetv4,4,3,0.9266666666666666,0.9266666666666666,0.9735444444444444,0.95,0.95,0.9888444444444444,20,450,FM-Full_A-None_AdaBN-F
Yang2025,EEGNetv4,4,6,0.925,0.925,0.984277777777778,0.97,0.97,0.9964777777777778,20,450,FM-Full_A-None_AdaBN-F
Yang2025,EEGNetv4,4,22,0.7633333333333333,0.7633333333333334,0.8296444444444446,0.845,0.845,0.9170388888888888,20,450,FM-Full_A-None_AdaBN-F
Yang2025,EEGNetv4,4,24,0.9528619528619529,0.952895428986033,0.9912366225285688,0.9781144781144782,0.9781539089424997,0.9969050426265192,20,450,FM-Full_A-None_AdaBN-F
Yang2025,EEGNetv4,4,30,0.9083333333333332,0.9083333333333332,0.9570444444444446,0.8416666666666667,0.8416666666666667,0.9545111111111112,20,450,FM-Full_A-None_AdaBN-F
Yang2025,EEGNetv4,4,36,0.925,0.925,0.9756222222222222,0.94,0.94,0.9813777777777778,20,450,FM-Full_A-None_AdaBN-F
Yang2025,EEGNetv4,4,38,0.6,0.6,0.6465333333333334,0.7033333333333334,0.7033333333333334,0.7692444444444445,20,450,FM-Full_A-None_AdaBN-F
Yang2025,EEGNetv4,4,40,0.7883333333333333,0.7883333333333333,0.8876111111111111,0.8583333333333333,0.8583333333333334,0.9269722222222222,20,450,FM-Full_A-None_AdaBN-F
Yang2025,EEGNetv4,4,42,0.7983333333333333,0.7983333333333333,0.8763000000000001,0.8283333333333334,0.8283333333333334,0.8870888888888888,20,450,FM-Full_A-None_AdaBN-F
Yang2025,EEGNetv4,5,8,0.9,0.9,0.9591222222222222,0.925,0.925,0.9682833333333334,20,450,FM-Full_A-None_AdaBN-F
Yang2025,EEGNetv4,5,11,0.84,0.8400000000000001,0.9135555555555556,0.9083333333333332,0.9083333333333332,0.9689666666666666,20,450,FM-Full_A-None_AdaBN-F
Yang2025,EEGNetv4,5,15,0.7,0.7,0.7505222222222221,0.7633333333333333,0.7633333333333333,0.8527333333333333,20,450,FM-Full_A-None_AdaBN-F
Yang2025,EEGNetv4,5,19,0.8166666666666667,0.8166666666666667,0.895911111111111,0.865,0.865,0.9450555555555556,20,450,FM-Full_A-None_AdaBN-F
Yang2025,EEGNetv4,5,21,0.855,0.855,0.922,0.8983333333333333,0.8983333333333333,0.9575444444444444,20,450,FM-Full_A-None_AdaBN-F
Yang2025,EEGNetv4,5,23,0.9165275459098498,0.9164882943143812,0.967809364548495,0.9465776293823038,0.946571906354515,0.9842251950947604,20,450,FM-Full_A-None_AdaBN-F
Yang2025,EEGNetv4,5,29,0.735,0.735,0.7986111111111112,0.8333333333333334,0.8333333333333334,0.9184,20,450,FM-Full_A-None_AdaBN-F
Yang2025,EEGNetv4,5,39,0.705,0.7050000000000001,0.7828222222222222,0.775,0.7749999999999999,0.8438777777777778,20,450,FM-Full_A-None_AdaBN-F
Yang2025,EEGNetv4,5,43,0.9616666666666668,0.9616666666666668,0.9956666666666668,0.9933333333333332,0.9933333333333334,0.9999444444444444,20,450,FM-Full_A-None_AdaBN-F
Yang2025,EEGNetv4,5,51,0.7816666666666666,0.7816666666666667,0.8936111111111111,0.905,0.905,0.9643777777777778,20,450,FM-Full_A-None_AdaBN-F
Huebner2017,DeepConvNet,1,1,0.9168093385214008,0.8281690703963246,0.9809636080499098,0.9753307392996108,0.9582306201988676,0.9948954399137586,10,7500,FM-Full_A-None_AdaBN-F
Huebner2017,DeepConvNet,1,10,0.9497350374064838,0.9029533373109828,0.9900607244001804,0.9863622194513716,0.9773297597481664,0.9980242296903642,10,7500,FM-Full_A-None_AdaBN-F
Huebner2017,DeepConvNet,1,12,0.8502956738250856,0.6846255596255596,0.9556704012722532,0.9674758792405852,0.9478276353276354,0.9920289697075412,10,7500,FM-Full_A-None_AdaBN-F
Huebner2017,DeepConvNet,2,3,0.90147859922179,0.8037228732323379,0.9638736670177488,0.9584435797665368,0.9316221298207864,0.987602285723978,10,7500,FM-Full_A-None_AdaBN-F
Huebner2017,DeepConvNet,2,6,0.9176882661996496,0.9391419656360598,0.9921204901061218,0.9847051955633392,0.9722919187121988,0.9976788567646684,10,7500,FM-Full_A-None_AdaBN-F
Huebner2017,DeepConvNet,2,9,0.9526143790849672,0.9450931013431012,0.9884162186162848,0.9780578898225956,0.966880341880342,0.9968047809896354,10,7500,FM-Full_A-None_AdaBN-F
Huebner2017,DeepConvNet,3,2,0.8867880485527544,0.8821352258852259,0.9530228293042446,0.9615624027388732,0.941671754171754,0.9883931532410368,10,7500,FM-Full_A-None_AdaBN-F
Huebner2017,DeepConvNet,3,5,0.8755835667600373,0.8308531746031746,0.9210775874135662,0.9411764705882352,0.8983516483516483,0.97661537707834,10,7500,FM-Full_A-None_AdaBN-F
Huebner2017,DeepConvNet,3,13,0.9386818146447748,0.892716195876494,0.9758754528744098,0.978211812310326,0.9641198992571488,0.9950182300626232,10,7500,FM-Full_A-None_AdaBN-F
Huebner2017,DeepConvNet,4,8,0.8154085603112841,0.6175332060928946,0.8951254136795048,0.9197665369649806,0.8727957397876489,0.957300800462438,10,7500,FM-Full_A-None_AdaBN-F
Huebner2017,DeepConvNet,4,11,0.8139933068721301,0.6531364060824405,0.8314337349470601,0.886528134485174,0.8217165749876498,0.923062259161208,10,7500,FM-Full_A-None_AdaBN-F
Huebner2017,DeepConvNet,5,4,0.9322178988326848,0.8614794581808117,0.9899237472766884,0.9852918287937744,0.9751596765195888,0.9983046611570426,10,7500,FM-Full_A-None_AdaBN-F
Huebner2017,DeepConvNet,5,7,0.9659975101151572,0.9347273097273096,0.9950534443755344,0.992530345471522,0.9861874236874236,0.9994381200565065,10,7500,FM-Full_A-None_AdaBN-F
Lee2019_SSVEP,DeepConvNet,1,4,1.0,1.0,1.0,1.0,1.0,1.0,10,200,FM-Full_A-None_AdaBN-F
Lee2019_SSVEP,DeepConvNet,1,6,0.935,0.935,0.9961666666666666,0.985,0.985,0.9997,10,200,FM-Full_A-None_AdaBN-F
Lee2019_SSVEP,DeepConvNet,1,13,0.845,0.845,0.9765,0.96,0.96,0.9953333333333334,10,200,FM-Full_A-None_AdaBN-F
Lee2019_SSVEP,DeepConvNet,1,14,0.9,0.9,0.9921,0.965,0.965,0.9976,10,200,FM-Full_A-None_AdaBN-F
Lee2019_SSVEP,DeepConvNet,1,18,0.985,0.985,1.0,0.985,0.985,1.0,10,200,FM-Full_A-None_AdaBN-F
Lee2019_SSVEP,DeepConvNet,1,20,0.875,0.875,0.9937666666666668,0.965,0.965,0.9975666666666668,10,200,FM-Full_A-None_AdaBN-F
Lee2019_SSVEP,DeepConvNet,1,33,0.965,0.965,0.9996333333333334,1.0,1.0,1.0,10,200,FM-Full_A-None_AdaBN-F
Lee2019_SSVEP,DeepConvNet,1,45,0.91,0.91,0.9869666666666668,0.945,0.945,0.9969,10,200,FM-Full_A-None_AdaBN-F
Lee2019_SSVEP,DeepConvNet,1,49,0.995,0.995,1.0,0.99,0.99,1.0,10,200,FM-Full_A-None_AdaBN-F
Lee2019_SSVEP,DeepConvNet,1,50,0.935,0.935,0.9957333333333334,0.99,0.99,0.9997333333333334,10,200,FM-Full_A-None_AdaBN-F
Lee2019_SSVEP,DeepConvNet,1,53,0.95,0.95,0.9994666666666668,0.995,0.995,0.9999333333333332,10,200,FM-Full_A-None_AdaBN-F
Lee2019_SSVEP,DeepConvNet,2,5,0.835,0.835,0.9611666666666666,0.845,0.845,0.9690333333333332,10,200,FM-Full_A-None_AdaBN-F
Lee2019_SSVEP,DeepConvNet,2,7,0.99,0.99,1.0,0.995,0.995,1.0,10,200,FM-Full_A-None_AdaBN-F
Lee2019_SSVEP,DeepConvNet,2,9,0.935,0.935,0.9968333333333332,0.955,0.955,0.9984,10,200,FM-Full_A-None_AdaBN-F
Lee2019_SSVEP,DeepConvNet,2,16,1.0,1.0,1.0,1.0,1.0,1.0,10,200,FM-Full_A-None_AdaBN-F
Lee2019_SSVEP,DeepConvNet,2,25,0.935,0.935,0.9976,0.98,0.98,0.9991666666666668,10,200,FM-Full_A-None_AdaBN-F
Lee2019_SSVEP,DeepConvNet,2,27,0.995,0.995,0.9999,0.995,0.995,1.0,10,200,FM-Full_A-None_AdaBN-F
Lee2019_SSVEP,DeepConvNet,2,34,0.82,0.82,0.9573166666666666,0.855,0.855,0.9661833333333332,10,200,FM-Full_A-None_AdaBN-F
Lee2019_SSVEP,DeepConvNet,2,35,0.96,0.96,0.9984666666666666,0.975,0.975,0.9992,10,200,FM-Full_A-None_AdaBN-F
Lee2019_SSVEP,DeepConvNet,2,38,0.98,0.98,0.9999,0.99,0.99,0.9997,10,200,FM-Full_A-None_AdaBN-F
Lee2019_SSVEP,DeepConvNet,2,46,0.94,0.94,0.99685,0.99,0.99,0.9999333333333332,10,200,FM-Full_A-None_AdaBN-F
Lee2019_SSVEP,DeepConvNet,2,51,0.775,0.7749999999999999,0.9570666666666666,0.81,0.8099999999999999,0.9579666666666666,10,200,FM-Full_A-None_AdaBN-F
Lee2019_SSVEP,DeepConvNet,3,1,0.905,0.905,0.9932,0.945,0.945,0.9937,10,200,FM-Full_A-None_AdaBN-F
Lee2019_SSVEP,DeepConvNet,3,10,0.905,0.905,0.9969333333333334,0.975,0.975,0.9997333333333334,10,200,FM-Full_A-None_AdaBN-F
Lee2019_SSVEP,DeepConvNet,3,12,0.97,0.97,0.9990666666666664,0.965,0.965,0.9988666666666668,10,200,FM-Full_A-None_AdaBN-F
Lee2019_SSVEP,DeepConvNet,3,17,0.975,0.975,0.9999,0.98,0.98,0.9993666666666668,10,200,FM-Full_A-None_AdaBN-F
Lee2019_SSVEP,DeepConvNet,3,26,0.975,0.975,0.9993333333333332,0.99,0.99,0.9999666666666668,10,200,FM-Full_A-None_AdaBN-F
Lee2019_SSVEP,DeepConvNet,3,28,0.97,0.97,0.9973,0.965,0.965,0.9972333333333334,10,200,FM-Full_A-None_AdaBN-F
Lee2019_SSVEP,DeepConvNet,3,31,1.0,1.0,1.0,1.0,1.0,1.0,10,200,FM-Full_A-None_AdaBN-F
Lee2019_SSVEP,DeepConvNet,3,32,0.45,0.4499999999999999,0.8597666666666668,0.805,0.8049999999999999,0.9740333333333332,10,200,FM-Full_A-None_AdaBN-F
Lee2019_SSVEP,DeepConvNet,3,37,0.99,0.99,0.9999,0.98,0.98,0.9997333333333334,10,200,FM-Full_A-None_AdaBN-F
Lee2019_SSVEP,DeepConvNet,3,41,0.98,0.98,0.9982333333333332,0.985,0.985,0.9992666666666667,10,200,FM-Full_A-None_AdaBN-F
Lee2019_SSVEP,DeepConvNet,3,48,0.995,0.995,1.0,1.0,1.0,1.0,10,200,FM-Full_A-None_AdaBN-F
Lee2019_SSVEP,DeepConvNet,4,2,0.995,0.995,0.9999,0.995,0.995,0.9999666666666668,10,200,FM-Full_A-None_AdaBN-F
Lee2019_SSVEP,DeepConvNet,4,3,0.945,0.945,0.9962333333333334,0.945,0.945,0.9963,10,200,FM-Full_A-None_AdaBN-F
Lee2019_SSVEP,DeepConvNet,4,11,1.0,1.0,1.0,1.0,1.0,1.0,10,200,FM-Full_A-None_AdaBN-F
Lee2019_SSVEP,DeepConvNet,4,22,0.875,0.8749999999999999,0.9749666666666666,0.925,0.925,0.9894666666666668,10,200,FM-Full_A-None_AdaBN-F
Lee2019_SSVEP,DeepConvNet,4,24,0.97,0.97,0.9951666666666666,0.975,0.975,0.9937166666666666,10,200,FM-Full_A-None_AdaBN-F
Lee2019_SSVEP,DeepConvNet,4,30,0.98,0.98,0.9936666666666668,0.99,0.99,0.9975,10,200,FM-Full_A-None_AdaBN-F
Lee2019_SSVEP,DeepConvNet,4,36,1.0,1.0,1.0,1.0,1.0,1.0,10,200,FM-Full_A-None_AdaBN-F
Lee2019_SSVEP,DeepConvNet,4,40,0.955,0.955,0.9962,0.93,0.93,0.9961333333333332,10,200,FM-Full_A-None_AdaBN-F
Lee2019_SSVEP,DeepConvNet,4,42,0.825,0.825,0.96205,0.81,0.81,0.9598166666666668,10,200,FM-Full_A-None_AdaBN-F
Lee2019_SSVEP,DeepConvNet,4,44,0.995,0.995,1.0,0.995,0.995,1.0,10,200,FM-Full_A-None_AdaBN-F
Lee2019_SSVEP,DeepConvNet,4,47,0.645,0.645,0.8751333333333333,0.605,0.605,0.8644333333333334,10,200,FM-Full_A-None_AdaBN-F
Lee2019_SSVEP,DeepConvNet,5,8,0.94,0.94,0.9906333333333334,0.96,0.96,0.9898666666666668,10,200,FM-Full_A-None_AdaBN-F
Lee2019_SSVEP,DeepConvNet,5,15,0.95,0.95,0.9954,1.0,1.0,1.0,10,200,FM-Full_A-None_AdaBN-F
Lee2019_SSVEP,DeepConvNet,5,19,0.91,0.91,0.9961333333333332,0.94,0.94,0.9958666666666668,10,200,FM-Full_A-None_AdaBN-F
Lee2019_SSVEP,DeepConvNet,5,21,0.96,0.96,0.9975666666666668,0.97,0.97,0.9991333333333334,10,200,FM-Full_A-None_AdaBN-F
Lee2019_SSVEP,DeepConvNet,5,23,0.28,0.28,0.5807333333333333,0.415,0.415,0.7423,10,200,FM-Full_A-None_AdaBN-F
Lee2019_SSVEP,DeepConvNet,5,29,0.85,0.85,0.9646,0.95,0.95,0.99445,10,200,FM-Full_A-None_AdaBN-F
Lee2019_SSVEP,DeepConvNet,5,39,1.0,1.0,1.0,1.0,1.0,1.0,10,200,FM-Full_A-None_AdaBN-F
Lee2019_SSVEP,DeepConvNet,5,43,1.0,1.0,1.0,1.0,1.0,1.0,10,200,FM-Full_A-None_AdaBN-F
Lee2019_SSVEP,DeepConvNet,5,52,0.97,0.97,0.9984666666666666,0.975,0.975,0.9999,10,200,FM-Full_A-None_AdaBN-F
Lee2019_SSVEP,DeepConvNet,5,54,0.685,0.685,0.9193,0.9,0.8999999999999999,0.9752666666666666,10,200,FM-Full_A-None_AdaBN-F
Lee2019_SSVEP,ATCNet,1,4,0.995,0.995,1.0,0.99,0.99,1.0,10,200,FM-Full_A-None_AdaBN-F
Lee2019_SSVEP,ATCNet,1,6,0.98,0.98,0.9996333333333334,0.995,0.995,1.0,10,200,FM-Full_A-None_AdaBN-F
Lee2019_SSVEP,ATCNet,1,13,0.89,0.8899999999999999,0.9876,0.96,0.96,0.9987,10,200,FM-Full_A-None_AdaBN-F
Lee2019_SSVEP,ATCNet,1,14,0.775,0.775,0.9795333333333334,0.945,0.945,0.9962,10,200,FM-Full_A-None_AdaBN-F
Lee2019_SSVEP,ATCNet,1,18,0.98,0.98,0.9993,0.97,0.97,0.9989666666666668,10,200,FM-Full_A-None_AdaBN-F
Lee2019_SSVEP,ATCNet,1,20,0.96,0.96,0.9978333333333332,0.965,0.965,0.9984333333333334,10,200,FM-Full_A-None_AdaBN-F
Lee2019_SSVEP,ATCNet,1,33,0.965,0.965,0.9988,1.0,1.0,1.0,10,200,FM-Full_A-None_AdaBN-F
Lee2019_SSVEP,ATCNet,1,45,0.875,0.875,0.9832666666666666,0.925,0.925,0.9895666666666668,10,200,FM-Full_A-None_AdaBN-F
Lee2019_SSVEP,ATCNet,1,49,0.835,0.8350000000000001,0.997,0.995,0.995,1.0,10,200,FM-Full_A-None_AdaBN-F
Lee2019_SSVEP,ATCNet,1,50,0.985,0.985,0.9996333333333334,0.995,0.995,0.9998666666666668,10,200,FM-Full_A-None_AdaBN-F
Lee2019_SSVEP,ATCNet,1,53,0.995,0.995,1.0,1.0,1.0,1.0,10,200,FM-Full_A-None_AdaBN-F
Lee2019_SSVEP,ATCNet,2,5,0.785,0.7849999999999999,0.9601666666666666,0.825,0.825,0.9673666666666668,10,200,FM-Full_A-None_AdaBN-F
Lee2019_SSVEP,ATCNet,2,7,0.99,0.99,0.9998666666666668,0.995,0.995,1.0,10,200,FM-Full_A-None_AdaBN-F
Lee2019_SSVEP,ATCNet,2,9,0.94,0.94,0.9939666666666668,0.945,0.945,0.9966,10,200,FM-Full_A-None_AdaBN-F
Lee2019_SSVEP,ATCNet,2,16,0.995,0.995,1.0,0.995,0.995,1.0,10,200,FM-Full_A-None_AdaBN-F
Lee2019_SSVEP,ATCNet,2,25,0.92,0.92,0.9956666666666668,0.955,0.955,0.9976666666666668,10,200,FM-Full_A-None_AdaBN-F
Lee2019_SSVEP,ATCNet,2,27,0.975,0.975,0.9995666666666668,0.98,0.98,0.9995666666666668,10,200,FM-Full_A-None_AdaBN-F
Lee2019_SSVEP,ATCNet,2,34,0.81,0.81,0.9453333333333334,0.835,0.835,0.9539,10,200,FM-Full_A-None_AdaBN-F
Lee2019_SSVEP,ATCNet,2,35,0.875,0.875,0.9908666666666666,0.985,0.985,0.9983333333333332,10,200,FM-Full_A-None_AdaBN-F
Lee2019_SSVEP,ATCNet,2,38,0.975,0.975,0.9997,0.98,0.98,0.9994333333333334,10,200,FM-Full_A-None_AdaBN-F
Lee2019_SSVEP,ATCNet,2,46,0.93,0.93,0.9966,0.985,0.985,0.9997666666666668,10,200,FM-Full_A-None_AdaBN-F
Lee2019_SSVEP,ATCNet,2,51,0.725,0.7250000000000001,0.9249,0.805,0.8049999999999999,0.9485666666666668,10,200,FM-Full_A-None_AdaBN-F
Lee2019_SSVEP,ATCNet,3,1,0.945,0.945,0.9965333333333334,0.95,0.95,0.9969666666666668,10,200,FM-Full_A-None_AdaBN-F
Lee2019_SSVEP,ATCNet,3,10,0.965,0.965,0.9989333333333332,0.985,0.985,0.9999,10,200,FM-Full_A-None_AdaBN-F
Lee2019_SSVEP,ATCNet,3,12,0.96,0.96,0.9988,0.955,0.955,0.9985,10,200,FM-Full_A-None_AdaBN-F
Lee2019_SSVEP,ATCNet,3,17,0.74,0.74,0.9547333333333334,0.915,0.915,0.9900666666666668,10,200,FM-Full_A-None_AdaBN-F
Lee2019_SSVEP,ATCNet,3,26,0.98,0.98,0.9995333333333334,0.995,0.995,1.0,10,200,FM-Full_A-None_AdaBN-F
Lee2019_SSVEP,ATCNet,3,28,0.93,0.93,0.9957,0.95,0.95,0.9969666666666668,10,200,FM-Full_A-None_AdaBN-F
Lee2019_SSVEP,ATCNet,3,31,0.995,0.995,1.0,1.0,1.0,1.0,10,200,FM-Full_A-None_AdaBN-F
Lee2019_SSVEP,ATCNet,3,32,0.8,0.7999999999999999,0.9595666666666666,0.935,0.935,0.9943333333333332,10,200,FM-Full_A-None_AdaBN-F
Lee2019_SSVEP,ATCNet,3,37,0.985,0.985,0.9998333333333334,0.985,0.985,0.9997333333333334,10,200,FM-Full_A-None_AdaBN-F
Lee2019_SSVEP,ATCNet,3,41,0.95,0.95,0.9980333333333332,0.975,0.975,0.9994,10,200,FM-Full_A-None_AdaBN-F
Lee2019_SSVEP,ATCNet,3,48,0.995,0.995,1.0,0.995,0.995,1.0,10,200,FM-Full_A-None_AdaBN-F
Lee2019_SSVEP,ATCNet,4,2,0.975,0.975,0.9998,0.985,0.985,0.9995333333333334,10,200,FM-Full_A-None_AdaBN-F
Lee2019_SSVEP,ATCNet,4,3,0.88,0.8799999999999999,0.9858666666666668,0.89,0.8899999999999999,0.9841333333333334,10,200,FM-Full_A-None_AdaBN-F
Lee2019_SSVEP,ATCNet,4,11,1.0,1.0,1.0,1.0,1.0,1.0,10,200,FM-Full_A-None_AdaBN-F
Lee2019_SSVEP,ATCNet,4,22,0.725,0.725,0.9388333333333334,0.855,0.855,0.9726,10,200,FM-Full_A-None_AdaBN-F
Lee2019_SSVEP,ATCNet,4,24,0.945,0.945,0.9900333333333332,0.955,0.955,0.9917333333333334,10,200,FM-Full_A-None_AdaBN-F
Lee2019_SSVEP,ATCNet,4,30,0.95,0.95,0.9994666666666668,0.99,0.99,1.0,10,200,FM-Full_A-None_AdaBN-F
Lee2019_SSVEP,ATCNet,4,36,1.0,1.0,1.0,1.0,1.0,1.0,10,200,FM-Full_A-None_AdaBN-F
Lee2019_SSVEP,ATCNet,4,40,0.915,0.915,0.9903333333333334,0.915,0.915,0.9916,10,200,FM-Full_A-None_AdaBN-F
Lee2019_SSVEP,ATCNet,4,42,0.775,0.775,0.9442333333333331,0.78,0.78,0.9487,10,200,FM-Full_A-None_AdaBN-F
Lee2019_SSVEP,ATCNet,4,44,0.99,0.99,0.9998666666666668,0.97,0.97,0.9998333333333334,10,200,FM-Full_A-None_AdaBN-F
Lee2019_SSVEP,ATCNet,4,47,0.635,0.635,0.8729,0.605,0.605,0.8617333333333335,10,200,FM-Full_A-None_AdaBN-F
Lee2019_SSVEP,ATCNet,5,8,0.82,0.82,0.9615,0.955,0.955,0.9910333333333332,10,200,FM-Full_A-None_AdaBN-F
Lee2019_SSVEP,ATCNet,5,15,0.665,0.665,0.9354666666666668,0.985,0.985,0.9997666666666668,10,200,FM-Full_A-None_AdaBN-F
Lee2019_SSVEP,ATCNet,5,19,0.865,0.865,0.9935,0.975,0.975,0.9991333333333332,10,200,FM-Full_A-None_AdaBN-F
Lee2019_SSVEP,ATCNet,5,21,0.905,0.905,0.9877666666666668,0.965,0.965,0.9955333333333332,10,200,FM-Full_A-None_AdaBN-F
Lee2019_SSVEP,ATCNet,5,23,0.36,0.36,0.6367,0.565,0.565,0.8115666666666667,10,200,FM-Full_A-None_AdaBN-F
Lee2019_SSVEP,ATCNet,5,29,0.9,0.8999999999999999,0.9869333333333332,0.94,0.94,0.9951,10,200,FM-Full_A-None_AdaBN-F
Lee2019_SSVEP,ATCNet,5,39,0.995,0.995,1.0,1.0,1.0,1.0,10,200,FM-Full_A-None_AdaBN-F
Lee2019_SSVEP,ATCNet,5,43,1.0,1.0,1.0,1.0,1.0,1.0,10,200,FM-Full_A-None_AdaBN-F
Lee2019_SSVEP,ATCNet,5,52,0.98,0.98,0.9996666666666668,0.995,0.995,1.0,10,200,FM-Full_A-None_AdaBN-F
Lee2019_SSVEP,ATCNet,5,54,0.68,0.6799999999999999,0.9376666666666666,0.825,0.825,0.9776,10,200,FM-Full_A-None_AdaBN-F
Huebner2018,EEGNetv4,1,1,0.9319280061628966,0.8881167983724307,0.9687091962895608,0.9768191049793404,0.9660936975302988,0.9930406232691812,3,14000,FM-Full_A-None_AdaBN-F
Huebner2018,EEGNetv4,1,10,0.85,0.732967032967033,0.8817369968820862,0.9376050420168068,0.9123282967032968,0.975656533446712,3,14000,FM-Full_A-None_AdaBN-F
Huebner2018,EEGNetv4,1,11,0.8525812350541567,0.7616243084823462,0.8661476838789796,0.923406948937966,0.887723515841341,0.9589898016740912,3,14000,FM-Full_A-None_AdaBN-F
Huebner2018,EEGNetv4,2,3,0.9679271708683472,0.959661172161172,0.9910253957352172,0.9834733893557422,0.976522435897436,0.9958710262951336,3,14000,FM-Full_A-None_AdaBN-F
Huebner2018,EEGNetv4,2,6,0.8337535014005603,0.6600160256410257,0.8883370671986743,0.980812324929972,0.970867673992674,0.9965046114599684,3,14000,FM-Full_A-None_AdaBN-F
Huebner2018,EEGNetv4,2,9,0.7887807269416626,0.5758117267192617,0.7775319288352761,0.9500665312696968,0.925731304977344,0.9798083506687776,3,14000,FM-Full_A-None_AdaBN-F
Huebner2018,EEGNetv4,3,2,0.9573529411764706,0.9503777472527472,0.9782010127769056,0.9836834733893556,0.9779990842490842,0.995687944248212,3,14000,FM-Full_A-None_AdaBN-F
Huebner2018,EEGNetv4,3,12,0.8217787114845938,0.7912660256410255,0.8764378379556951,0.9367647058823528,0.9102335164835164,0.9714761713980464,3,14000,FM-Full_A-None_AdaBN-F
Huebner2018,EEGNetv4,4,5,0.811195180047639,0.6390240909447891,0.8332467936551569,0.9314137592826116,0.9043719240032462,0.9683418168669338,3,14000,FM-Full_A-None_AdaBN-F
Huebner2018,EEGNetv4,4,8,0.798389355742297,0.5923878205128205,0.8256421158206873,0.9299019607843138,0.901007326007326,0.9673114806820164,3,14000,FM-Full_A-None_AdaBN-F
Huebner2018,EEGNetv4,5,4,0.9268207282913166,0.8663347069597069,0.966529195011338,0.9605042016806724,0.9446085164835164,0.986434703689168,3,14000,FM-Full_A-None_AdaBN-F
Huebner2018,EEGNetv4,5,7,0.8292939198655086,0.6455916064666981,0.8991224927585546,0.9377977024376576,0.9128704152052908,0.9743273989469368,3,14000,FM-Full_A-None_AdaBN-F
MAMEM2,ATCNet,1,2,0.248,0.244,0.5380651629072682,0.312,0.304,0.6035163909774436,3,100,FM-Full_A-None_AdaBN-F
MAMEM2,ATCNet,1,9,0.264,0.264,0.5090203508771929,0.2,0.192,0.4873094736842105,3,100,FM-Full_A-None_AdaBN-F
MAMEM2,ATCNet,2,1,0.176,0.178,0.4477930827067669,0.24,0.2339999999999999,0.4941802506265664,3,100,FM-Full_A-None_AdaBN-F
MAMEM2,ATCNet,2,6,0.2,0.2033333333333333,0.5422520300751879,0.208,0.214,0.5527284210526316,3,100,FM-Full_A-None_AdaBN-F
MAMEM2,ATCNet,3,3,0.2,0.204,0.5046847117794486,0.216,0.218,0.52854335839599,3,100,FM-Full_A-None_AdaBN-F
MAMEM2,ATCNet,3,8,0.184,0.1886666666666666,0.4841088721804511,0.248,0.242,0.5215137844611529,3,100,FM-Full_A-None_AdaBN-F
MAMEM2,ATCNet,4,5,0.288,0.2706666666666666,0.5143115789473685,0.168,0.174,0.4844934335839599,3,100,FM-Full_A-None_AdaBN-F
MAMEM2,ATCNet,4,10,0.208,0.1906666666666666,0.5272312781954887,0.176,0.174,0.4781451629072681,3,100,FM-Full_A-None_AdaBN-F
MAMEM2,ATCNet,5,4,0.144,0.1473333333333333,0.467387268170426,0.16,0.1673333333333333,0.5020322807017544,3,100,FM-Full_A-None_AdaBN-F
MAMEM2,ATCNet,5,7,0.232,0.2286666666666666,0.508347268170426,0.216,0.2113333333333333,0.4892824060150376,3,100,FM-Full_A-None_AdaBN-F
Huebner2018,ATCNet,1,1,0.9298970516142588,0.8975026875389776,0.9730462736427112,0.9810210799075566,0.9716226820657744,0.9954456708271732,12,7000,FM-Full_A-None_AdaBN-F
Huebner2018,ATCNet,1,10,0.8720588235294118,0.7973557692307692,0.9115604559131344,0.9426470588235294,0.9228365384615383,0.9770413477891154,12,7000,FM-Full_A-None_AdaBN-F
Huebner2018,ATCNet,1,11,0.8404838936559291,0.74885071384707,0.8630426405584685,0.9288226192150796,0.8999576713728566,0.9638561778005804,12,7000,FM-Full_A-None_AdaBN-F
Huebner2018,ATCNet,2,3,0.9727591036414566,0.9639537545787544,0.9935844153366477,0.9846638655462184,0.977712912087912,0.9965621729461014,12,7000,FM-Full_A-None_AdaBN-F
Huebner2018,ATCNet,2,6,0.8486694677871148,0.6848099816849818,0.9152850819815106,0.9833333333333332,0.9744734432234432,0.9972514799188906,12,7000,FM-Full_A-None_AdaBN-F
Huebner2018,ATCNet,2,9,0.7972547097135654,0.6131850226123969,0.7481305522483743,0.9583304152951888,0.9389640818320184,0.9842727181540262,12,7000,FM-Full_A-None_AdaBN-F
Huebner2018,ATCNet,3,2,0.9700280112044818,0.963095238095238,0.9940962138060352,0.986624649859944,0.9814674908424909,0.997725244745334,12,7000,FM-Full_A-None_AdaBN-F
Huebner2018,ATCNet,3,12,0.8420868347338936,0.8147435897435897,0.8996328002354789,0.9432773109243696,0.9216002747252748,0.9754922978806908,12,7000,FM-Full_A-None_AdaBN-F
Huebner2018,ATCNet,4,5,0.829620288636682,0.6635354492264196,0.8842067609754183,0.9397505954883004,0.9138405128406504,0.9739936063989458,12,7000,FM-Full_A-None_AdaBN-F
Huebner2018,ATCNet,4,8,0.805672268907563,0.6045673076923077,0.8333795160692483,0.9380252100840336,0.9169299450549452,0.97347686911303,12,7000,FM-Full_A-None_AdaBN-F
Huebner2018,ATCNet,5,4,0.9111344537815126,0.8281593406593406,0.9557124596633526,0.9626750700280112,0.9463369963369964,0.9885330406200944,12,7000,FM-Full_A-None_AdaBN-F
Huebner2018,ATCNet,5,7,0.8645979265900813,0.7858969031914708,0.8989499904029036,0.9469739422807508,0.9252571040325256,0.9800731833132668,12,7000,FM-Full_A-None_AdaBN-F
Lee2019_MI,ATCNet,1,4,0.745,0.745,0.8719999999999999,0.775,0.775,0.8818999999999999,40,150,FM-Full_A-None_AdaBN-F
Lee2019_MI,ATCNet,1,6,0.825,0.825,0.9105,0.865,0.865,0.9443,40,150,FM-Full_A-None_AdaBN-F
Lee2019_MI,ATCNet,1,13,0.665,0.665,0.7306,0.635,0.635,0.6765000000000001,40,150,FM-Full_A-None_AdaBN-F
Lee2019_MI,ATCNet,1,14,0.63,0.63,0.736,0.69,0.69,0.7352,40,150,FM-Full_A-None_AdaBN-F
Lee2019_MI,ATCNet,1,18,0.76,0.76,0.9166,0.905,0.905,0.9488,40,150,FM-Full_A-None_AdaBN-F
Lee2019_MI,ATCNet,1,20,0.745,0.745,0.8788,0.795,0.7949999999999999,0.8763,40,150,FM-Full_A-None_AdaBN-F
Lee2019_MI,ATCNet,1,33,0.98,0.98,0.9978,0.965,0.965,0.9981,40,150,FM-Full_A-None_AdaBN-F
Lee2019_MI,ATCNet,1,45,0.83,0.8300000000000001,0.916,0.88,0.88,0.9378,40,150,FM-Full_A-None_AdaBN-F
Lee2019_MI,ATCNet,1,49,0.77,0.77,0.899,0.84,0.8400000000000001,0.9187,40,150,FM-Full_A-None_AdaBN-F
Lee2019_MI,ATCNet,1,50,0.475,0.475,0.6309,0.58,0.58,0.6169000000000001,40,150,FM-Full_A-None_AdaBN-F
Lee2019_MI,ATCNet,1,53,0.705,0.7050000000000001,0.8125,0.705,0.705,0.7462000000000001,40,150,FM-Full_A-None_AdaBN-F
Lee2019_MI,ATCNet,2,5,0.825,0.825,0.9581,0.89,0.89,0.9724,40,150,FM-Full_A-None_AdaBN-F
Lee2019_MI,ATCNet,2,7,0.69,0.69,0.7593,0.74,0.74,0.8060999999999999,40,150,FM-Full_A-None_AdaBN-F
Lee2019_MI,ATCNet,2,9,0.835,0.835,0.9399,0.835,0.835,0.9141,40,150,FM-Full_A-None_AdaBN-F
Lee2019_MI,ATCNet,2,16,0.785,0.7849999999999999,0.9059,0.815,0.815,0.9093,40,150,FM-Full_A-None_AdaBN-F
Lee2019_MI,ATCNet,2,25,0.825,0.825,0.8908,0.855,0.855,0.9479,40,150,FM-Full_A-None_AdaBN-F
Lee2019_MI,ATCNet,2,27,0.735,0.735,0.8316000000000001,0.785,0.785,0.872,40,150,FM-Full_A-None_AdaBN-F
Lee2019_MI,ATCNet,2,34,0.5,0.5,0.5203,0.55,0.55,0.5468,40,150,FM-Full_A-None_AdaBN-F
Lee2019_MI,ATCNet,2,35,0.85,0.85,0.9498,0.96,0.96,0.9882,40,150,FM-Full_A-None_AdaBN-F
Lee2019_MI,ATCNet,2,38,0.57,0.57,0.6932,0.665,0.665,0.7251,40,150,FM-Full_A-None_AdaBN-F
Lee2019_MI,ATCNet,2,46,0.65,0.65,0.7965999999999999,0.665,0.665,0.7541,40,150,FM-Full_A-None_AdaBN-F
Lee2019_MI,ATCNet,2,51,0.645,0.645,0.6998,0.625,0.625,0.67,40,150,FM-Full_A-None_AdaBN-F
Lee2019_MI,ATCNet,3,1,0.76,0.76,0.9064,0.845,0.845,0.9191,40,150,FM-Full_A-None_AdaBN-F
Lee2019_MI,ATCNet,3,10,0.7,0.7,0.7856,0.725,0.725,0.8256,40,150,FM-Full_A-None_AdaBN-F
Lee2019_MI,ATCNet,3,12,0.71,0.71,0.8282,0.75,0.75,0.8607,40,150,FM-Full_A-None_AdaBN-F
Lee2019_MI,ATCNet,3,17,0.73,0.73,0.7936,0.705,0.7050000000000001,0.7721,40,150,FM-Full_A-None_AdaBN-F
Lee2019_MI,ATCNet,3,26,0.75,0.75,0.8477999999999999,0.76,0.76,0.8338,40,150,FM-Full_A-None_AdaBN-F
Lee2019_MI,ATCNet,3,28,0.92,0.92,0.9938,0.955,0.955,0.994,40,150,FM-Full_A-None_AdaBN-F
Lee2019_MI,ATCNet,3,31,0.745,0.745,0.8495,0.73,0.73,0.8708,40,150,FM-Full_A-None_AdaBN-F
Lee2019_MI,ATCNet,3,32,0.955,0.955,0.9975,0.965,0.965,0.9976,40,150,FM-Full_A-None_AdaBN-F
Lee2019_MI,ATCNet,3,37,0.905,0.905,0.9912,0.955,0.955,0.9932,40,150,FM-Full_A-None_AdaBN-F
Lee2019_MI,ATCNet,3,41,0.53,0.53,0.5919999999999999,0.555,0.555,0.6299,40,150,FM-Full_A-None_AdaBN-F
Lee2019_MI,ATCNet,3,48,0.67,0.6699999999999999,0.6967000000000001,0.705,0.7050000000000001,0.7388999999999999,40,150,FM-Full_A-None_AdaBN-F
Lee2019_MI,ATCNet,4,2,0.74,0.74,0.8080999999999999,0.74,0.74,0.8151,40,150,FM-Full_A-None_AdaBN-F
Lee2019_MI,ATCNet,4,3,0.87,0.8700000000000001,0.9355,0.87,0.87,0.9575,40,150,FM-Full_A-None_AdaBN-F
Lee2019_MI,ATCNet,4,11,0.565,0.565,0.5665,0.51,0.51,0.5241,40,150,FM-Full_A-None_AdaBN-F
Lee2019_MI,ATCNet,4,22,0.76,0.76,0.8402999999999999,0.775,0.775,0.8505999999999999,40,150,FM-Full_A-None_AdaBN-F
Lee2019_MI,ATCNet,4,24,0.58,0.5800000000000001,0.6399999999999999,0.63,0.63,0.7111000000000001,40,150,FM-Full_A-None_AdaBN-F
Lee2019_MI,ATCNet,4,30,0.645,0.645,0.7617,0.695,0.6950000000000001,0.7365,40,150,FM-Full_A-None_AdaBN-F
Lee2019_MI,ATCNet,4,36,0.97,0.97,1.0,0.985,0.985,0.9997,40,150,FM-Full_A-None_AdaBN-F
Lee2019_MI,ATCNet,4,40,0.725,0.725,0.8112,0.735,0.735,0.8145,40,150,FM-Full_A-None_AdaBN-F
Lee2019_MI,ATCNet,4,42,0.585,0.585,0.6558,0.71,0.71,0.7570999999999999,40,150,FM-Full_A-None_AdaBN-F
Lee2019_MI,ATCNet,4,44,0.815,0.815,0.9699,0.895,0.895,0.9738,40,150,FM-Full_A-None_AdaBN-F
Lee2019_MI,ATCNet,4,47,0.685,0.685,0.915,0.775,0.7749999999999999,0.8272999999999999,40,150,FM-Full_A-None_AdaBN-F
Lee2019_MI,ATCNet,5,8,0.765,0.7649999999999999,0.8475,0.775,0.775,0.8542000000000001,40,150,FM-Full_A-None_AdaBN-F
Lee2019_MI,ATCNet,5,15,0.81,0.81,0.9042,0.83,0.8300000000000001,0.8857,40,150,FM-Full_A-None_AdaBN-F
Lee2019_MI,ATCNet,5,19,0.78,0.78,0.8848,0.8,0.8,0.8884,40,150,FM-Full_A-None_AdaBN-F
Lee2019_MI,ATCNet,5,21,0.94,0.94,0.9974,0.97,0.97,0.9967,40,150,FM-Full_A-None_AdaBN-F
Lee2019_MI,ATCNet,5,23,0.83,0.8300000000000001,0.9017,0.845,0.845,0.9305,40,150,FM-Full_A-None_AdaBN-F
Lee2019_MI,ATCNet,5,29,0.69,0.69,0.7436,0.88,0.8799999999999999,0.9297,40,150,FM-Full_A-None_AdaBN-F
Lee2019_MI,ATCNet,5,39,0.845,0.845,0.9123,0.835,0.835,0.8939,40,150,FM-Full_A-None_AdaBN-F
Lee2019_MI,ATCNet,5,43,0.845,0.845,0.9166,0.835,0.835,0.9271,40,150,FM-Full_A-None_AdaBN-F
Lee2019_MI,ATCNet,5,52,0.745,0.745,0.8345,0.805,0.8049999999999999,0.8765,40,150,FM-Full_A-None_AdaBN-F
Lee2019_MI,ATCNet,5,54,0.62,0.62,0.6689,0.665,0.665,0.7293000000000001,40,150,FM-Full_A-None_AdaBN-F
Lee2019_MI,ShallowConvNet,1,4,0.68,0.6799999999999999,0.7592499999999999,0.7,0.7,0.7757999999999999,40,150,FM-Full_A-None_AdaBN-F
Lee2019_MI,ShallowConvNet,1,6,0.855,0.855,0.9297,0.88,0.88,0.9595,40,150,FM-Full_A-None_AdaBN-F
Lee2019_MI,ShallowConvNet,1,13,0.66,0.66,0.76695,0.665,0.665,0.747,40,150,FM-Full_A-None_AdaBN-F
Lee2019_MI,ShallowConvNet,1,14,0.655,0.655,0.7292,0.67,0.67,0.7683,40,150,FM-Full_A-None_AdaBN-F
Lee2019_MI,ShallowConvNet,1,18,0.845,0.845,0.926,0.845,0.845,0.9319999999999998,40,150,FM-Full_A-None_AdaBN-F
Lee2019_MI,ShallowConvNet,1,20,0.78,0.78,0.8845000000000001,0.79,0.79,0.9046,40,150,FM-Full_A-None_AdaBN-F
Lee2019_MI,ShallowConvNet,1,33,0.915,0.915,0.981,0.93,0.93,0.9864,40,150,FM-Full_A-None_AdaBN-F
Lee2019_MI,ShallowConvNet,1,45,0.845,0.845,0.9214,0.845,0.845,0.9149,40,150,FM-Full_A-None_AdaBN-F
Lee2019_MI,ShallowConvNet,1,49,0.735,0.735,0.92685,0.875,0.875,0.958,40,150,FM-Full_A-None_AdaBN-F
Lee2019_MI,ShallowConvNet,1,50,0.555,0.555,0.59775,0.575,0.575,0.64125,40,150,FM-Full_A-None_AdaBN-F
Lee2019_MI,ShallowConvNet,1,53,0.805,0.8049999999999999,0.8748,0.785,0.785,0.8524,40,150,FM-Full_A-None_AdaBN-F
Lee2019_MI,ShallowConvNet,2,5,0.795,0.7949999999999999,0.9184,0.885,0.885,0.9553,40,150,FM-Full_A-None_AdaBN-F
Lee2019_MI,ShallowConvNet,2,7,0.6,0.6000000000000001,0.6885,0.73,0.73,0.8025499999999999,40,150,FM-Full_A-None_AdaBN-F
Lee2019_MI,ShallowConvNet,2,9,0.795,0.7949999999999999,0.8722000000000001,0.74,0.74,0.8524999999999999,40,150,FM-Full_A-None_AdaBN-F
Lee2019_MI,ShallowConvNet,2,16,0.81,0.81,0.9089,0.83,0.8300000000000001,0.9261,40,150,FM-Full_A-None_AdaBN-F
Lee2019_MI,ShallowConvNet,2,25,0.84,0.84,0.9401,0.86,0.86,0.9438,40,150,FM-Full_A-None_AdaBN-F
Lee2019_MI,ShallowConvNet,2,27,0.785,0.7849999999999999,0.874,0.8,0.8,0.8984,40,150,FM-Full_A-None_AdaBN-F
Lee2019_MI,ShallowConvNet,2,34,0.6,0.6,0.66605,0.61,0.61,0.6799999999999999,40,150,FM-Full_A-None_AdaBN-F
Lee2019_MI,ShallowConvNet,2,35,0.795,0.7949999999999999,0.8909,0.9,0.9,0.9669,40,150,FM-Full_A-None_AdaBN-F
Lee2019_MI,ShallowConvNet,2,38,0.63,0.63,0.7806,0.72,0.72,0.773,40,150,FM-Full_A-None_AdaBN-F
Lee2019_MI,ShallowConvNet,2,46,0.665,0.665,0.7391000000000001,0.66,0.66,0.72265,40,150,FM-Full_A-None_AdaBN-F
Lee2019_MI,ShallowConvNet,2,51,0.705,0.7050000000000001,0.78025,0.7,0.7,0.7454,40,150,FM-Full_A-None_AdaBN-F
Lee2019_MI,ShallowConvNet,3,1,0.745,0.7450000000000001,0.8404999999999999,0.755,0.755,0.8104,40,150,FM-Full_A-None_AdaBN-F
Lee2019_MI,ShallowConvNet,3,10,0.7,0.7,0.7885500000000001,0.755,0.755,0.8185000000000001,40,150,FM-Full_A-None_AdaBN-F
Lee2019_MI,ShallowConvNet,3,12,0.725,0.725,0.8189000000000001,0.715,0.7150000000000001,0.8062999999999999,40,150,FM-Full_A-None_AdaBN-F
Lee2019_MI,ShallowConvNet,3,17,0.625,0.625,0.709,0.65,0.65,0.7010000000000001,40,150,FM-Full_A-None_AdaBN-F
Lee2019_MI,ShallowConvNet,3,26,0.835,0.835,0.9203,0.825,0.825,0.9068,40,150,FM-Full_A-None_AdaBN-F
Lee2019_MI,ShallowConvNet,3,28,0.91,0.91,0.9731,0.925,0.925,0.9784,40,150,FM-Full_A-None_AdaBN-F
Lee2019_MI,ShallowConvNet,3,31,0.765,0.765,0.8642000000000001,0.77,0.77,0.8835,40,150,FM-Full_A-None_AdaBN-F
Lee2019_MI,ShallowConvNet,3,32,0.84,0.8400000000000001,0.9244,0.89,0.89,0.9484,40,150,FM-Full_A-None_AdaBN-F
Lee2019_MI,ShallowConvNet,3,37,0.89,0.89,0.963,0.91,0.91,0.9742,40,150,FM-Full_A-None_AdaBN-F
Lee2019_MI,ShallowConvNet,3,41,0.665,0.665,0.7824000000000001,0.69,0.69,0.7869,40,150,FM-Full_A-None_AdaBN-F
Lee2019_MI,ShallowConvNet,3,48,0.66,0.66,0.7316,0.685,0.685,0.7485,40,150,FM-Full_A-None_AdaBN-F
Lee2019_MI,ShallowConvNet,4,2,0.755,0.755,0.8762,0.79,0.79,0.8935000000000001,40,150,FM-Full_A-None_AdaBN-F
Lee2019_MI,ShallowConvNet,4,3,0.825,0.825,0.87495,0.845,0.845,0.9308999999999998,40,150,FM-Full_A-None_AdaBN-F
Lee2019_MI,ShallowConvNet,4,11,0.6,0.6,0.71655,0.64,0.64,0.7019,40,150,FM-Full_A-None_AdaBN-F
Lee2019_MI,ShallowConvNet,4,22,0.725,0.7250000000000001,0.7855,0.69,0.69,0.7679999999999999,40,150,FM-Full_A-None_AdaBN-F
Lee2019_MI,ShallowConvNet,4,24,0.68,0.6799999999999999,0.7825,0.705,0.705,0.76,40,150,FM-Full_A-None_AdaBN-F
Lee2019_MI,ShallowConvNet,4,30,0.695,0.695,0.7628,0.73,0.73,0.7968,40,150,FM-Full_A-None_AdaBN-F
Lee2019_MI,ShallowConvNet,4,36,0.935,0.935,0.9961,0.96,0.96,0.9956,40,150,FM-Full_A-None_AdaBN-F
Lee2019_MI,ShallowConvNet,4,40,0.805,0.8049999999999999,0.8587,0.815,0.815,0.8986000000000001,40,150,FM-Full_A-None_AdaBN-F
Lee2019_MI,ShallowConvNet,4,42,0.7,0.7,0.7703000000000001,0.65,0.65,0.74255,40,150,FM-Full_A-None_AdaBN-F
Lee2019_MI,ShallowConvNet,4,44,0.805,0.8049999999999999,0.8712000000000001,0.84,0.84,0.9169,40,150,FM-Full_A-None_AdaBN-F
Lee2019_MI,ShallowConvNet,4,47,0.79,0.79,0.9,0.825,0.825,0.9084,40,150,FM-Full_A-None_AdaBN-F
Lee2019_MI,ShallowConvNet,5,8,0.72,0.72,0.7839,0.67,0.6699999999999999,0.7785000000000001,40,150,FM-Full_A-None_AdaBN-F
Lee2019_MI,ShallowConvNet,5,15,0.695,0.695,0.8297,0.745,0.745,0.8512,40,150,FM-Full_A-None_AdaBN-F
Lee2019_MI,ShallowConvNet,5,19,0.82,0.82,0.9156,0.825,0.825,0.9197,40,150,FM-Full_A-None_AdaBN-F
Lee2019_MI,ShallowConvNet,5,21,0.905,0.905,0.9983,0.975,0.975,0.9975,40,150,FM-Full_A-None_AdaBN-F
Lee2019_MI,ShallowConvNet,5,23,0.795,0.7949999999999999,0.8758000000000001,0.755,0.755,0.8622000000000001,40,150,FM-Full_A-None_AdaBN-F
Lee2019_MI,ShallowConvNet,5,29,0.645,0.645,0.7016999999999999,0.835,0.835,0.9037,40,150,FM-Full_A-None_AdaBN-F
Lee2019_MI,ShallowConvNet,5,39,0.815,0.815,0.8719,0.805,0.8049999999999999,0.8703,40,150,FM-Full_A-None_AdaBN-F
Lee2019_MI,ShallowConvNet,5,43,0.82,0.82,0.9537,0.88,0.88,0.9502,40,150,FM-Full_A-None_AdaBN-F
Lee2019_MI,ShallowConvNet,5,52,0.76,0.76,0.87095,0.82,0.8200000000000001,0.8878999999999999,40,150,FM-Full_A-None_AdaBN-F
Lee2019_MI,ShallowConvNet,5,54,0.705,0.7050000000000001,0.7928999999999999,0.74,0.74,0.8172,40,150,FM-Full_A-None_AdaBN-F
Huebner2018,DeepConvNet,1,1,0.9579802507178374,0.92420961550203,0.9876897904046682,0.980881014076616,0.966998316063306,0.9949319720103446,8,10500,FM-Full_A-None_AdaBN-F
Huebner2018,DeepConvNet,1,10,0.875,0.7622939560439561,0.9185465997296356,0.9399159663865546,0.903228021978022,0.974819806929182,8,10500,FM-Full_A-None_AdaBN-F
Huebner2018,DeepConvNet,1,11,0.8139682093121395,0.6453058872260342,0.7918929887213936,0.9304402869601912,0.8899417613630505,0.9632592877930096,8,10500,FM-Full_A-None_AdaBN-F
Huebner2018,DeepConvNet,2,3,0.9725490196078432,0.9673191391941393,0.99328540630996,0.9836834733893556,0.9715086996336996,0.9958133285365428,8,10500,FM-Full_A-None_AdaBN-F
Huebner2018,DeepConvNet,2,6,0.8441176470588235,0.6744162087912088,0.9232217125632304,0.9841736694677872,0.9721382783882784,0.9974830340790162,8,10500,FM-Full_A-None_AdaBN-F
Huebner2018,DeepConvNet,2,9,0.7852090482526788,0.5641017296194052,0.7698060310991326,0.9538483087050914,0.9250105075687204,0.9826150571960628,8,10500,FM-Full_A-None_AdaBN-F
Huebner2018,DeepConvNet,3,2,0.9754901960784312,0.9662545787545788,0.994077735260771,0.986904761904762,0.97639652014652,0.9969087955695098,8,10500,FM-Full_A-None_AdaBN-F
Huebner2018,DeepConvNet,3,12,0.8474789915966386,0.793956043956044,0.883262580673295,0.9441176470588236,0.9146291208791208,0.9748642317503924,8,10500,FM-Full_A-None_AdaBN-F
Huebner2018,DeepConvNet,4,5,0.82737845032927,0.6440450011780413,0.9069907480126006,0.9379991593106348,0.8980696484201157,0.9726215700454636,8,10500,FM-Full_A-None_AdaBN-F
Huebner2018,DeepConvNet,4,8,0.7868347338935574,0.5522779304029304,0.8672859704779348,0.9359943977591036,0.9020032051282052,0.9718345270800628,8,10500,FM-Full_A-None_AdaBN-F
Huebner2018,DeepConvNet,5,4,0.94187675070028,0.8901900183150183,0.9796912338653412,0.9640756302521007,0.943440934065934,0.9878831845238096,8,10500,FM-Full_A-None_AdaBN-F
Huebner2018,DeepConvNet,5,7,0.8823199775847577,0.7685409359786421,0.946062859345827,0.9462034183244606,0.9152767780802318,0.9782505529236246,8,10500,FM-Full_A-None_AdaBN-F
Huebner2017,DeepConvNet,1,1,0.9203112840466926,0.8345794200032954,0.9835884805671596,0.975408560311284,0.9570224620028712,0.9947502549655004,12,6250,FM-Full_A-None_AdaBN-F
Huebner2017,DeepConvNet,1,10,0.9383572319201996,0.8774058930408231,0.9882329179299304,0.9852711970074812,0.975126483856772,0.9978379798489752,12,6250,FM-Full_A-None_AdaBN-F
Huebner2017,DeepConvNet,1,12,0.8537970743853097,0.6917226292226293,0.9669902851533142,0.9664643635231872,0.9446479446479448,0.9919159308626904,12,6250,FM-Full_A-None_AdaBN-F
Huebner2017,DeepConvNet,2,3,0.894863813229572,0.7931023957064564,0.9575007747235764,0.9558754863813228,0.929141701855675,0.9865637623753846,12,6250,FM-Full_A-None_AdaBN-F
Huebner2017,DeepConvNet,2,6,0.939988324576766,0.9538918306096372,0.9938234980688532,0.9855224751897256,0.975749133261491,0.9976892783942414,12,6250,FM-Full_A-None_AdaBN-F
Huebner2017,DeepConvNet,2,9,0.9535480859010272,0.9486797924297924,0.988788915376217,0.9788359788359788,0.9670456857956858,0.996837822854688,12,6250,FM-Full_A-None_AdaBN-F
Huebner2017,DeepConvNet,3,2,0.9001711795829442,0.8888252950752951,0.9610206766704784,0.9590725178960472,0.933633496133496,0.9884208956216232,12,6250,FM-Full_A-None_AdaBN-F
Huebner2017,DeepConvNet,3,5,0.8877217553688141,0.8305479242979243,0.926885031671738,0.940631808278867,0.8944469881969881,0.9763427143966164,12,6250,FM-Full_A-None_AdaBN-F
Huebner2017,DeepConvNet,3,13,0.9344019920628744,0.8700011017319198,0.9799477050863538,0.9786008870904987,0.9627718087732589,0.9950028179300848,12,6250,FM-Full_A-None_AdaBN-F
Huebner2017,DeepConvNet,4,8,0.8047470817120622,0.5937365045979945,0.8868905934153747,0.9172762645914396,0.8684204025708707,0.9568904359129272,12,6250,FM-Full_A-None_AdaBN-F
Huebner2017,DeepConvNet,4,11,0.8154720211689626,0.6460873044766566,0.8443305342264027,0.8846602848470698,0.8132809933531506,0.9218100034884192,12,6250,FM-Full_A-None_AdaBN-F
Huebner2017,DeepConvNet,5,4,0.9469260700389104,0.8955909209127711,0.9895763668789316,0.9857587548638131,0.9758083644838174,0.9982120443333042,12,6250,FM-Full_A-None_AdaBN-F
Huebner2017,DeepConvNet,5,7,0.9682539682539684,0.9445589133089134,0.9940617005349148,0.99354186118892,0.9891381766381766,0.999431861617708,12,6250,FM-Full_A-None_AdaBN-F
Huebner2018,ShallowConvNet,1,1,0.9414524826668534,0.9104152493033112,0.9782548386604392,0.9751383150080538,0.9619041622510348,0.9919134923178904,6,7000,FM-Full_A-None_AdaBN-F
Huebner2018,ShallowConvNet,1,10,0.8867647058823529,0.7942994505494505,0.936412000697715,0.9357142857142856,0.9049107142857142,0.9732768483996164,6,7000,FM-Full_A-None_AdaBN-F
Huebner2018,ShallowConvNet,1,11,0.8278942185961458,0.7001541922319064,0.8358268592804793,0.908425938950626,0.8633363289188658,0.9489133063249472,6,7000,FM-Full_A-None_AdaBN-F
Huebner2018,ShallowConvNet,2,3,0.8646358543417367,0.8918154761904762,0.9184938622885052,0.9788515406162464,0.9672161172161172,0.9939017802633874,6,7000,FM-Full_A-None_AdaBN-F
Huebner2018,ShallowConvNet,2,6,0.8009103641456583,0.6857257326007327,0.850424883895866,0.9696778711484594,0.9541094322344322,0.9922160899616256,6,7000,FM-Full_A-None_AdaBN-F
Huebner2018,ShallowConvNet,2,9,0.7878702990405491,0.5719198650015919,0.7628595060379679,0.9401918901883886,0.9087668557211326,0.9745908181021288,6,7000,FM-Full_A-None_AdaBN-F
Huebner2018,ShallowConvNet,3,2,0.9446078431372548,0.9344207875457876,0.9821557757718472,0.982563025210084,0.974896978021978,0.9946573429051108,6,7000,FM-Full_A-None_AdaBN-F
Huebner2018,ShallowConvNet,3,12,0.7297619047619047,0.7413003663003663,0.8196942318594104,0.930672268907563,0.8951236263736264,0.9636176794435724,6,7000,FM-Full_A-None_AdaBN-F
Huebner2018,ShallowConvNet,4,5,0.8161692587922096,0.6401138609649467,0.8448516186069444,0.9217458315818972,0.8810552959501559,0.9630679822552076,6,7000,FM-Full_A-None_AdaBN-F
Huebner2018,ShallowConvNet,4,8,0.7871848739495798,0.5729052197802198,0.8009478567067853,0.920658263305322,0.8790979853479854,0.9620954070730856,6,7000,FM-Full_A-None_AdaBN-F
Huebner2018,ShallowConvNet,5,4,0.9311624649859944,0.8858630952380953,0.9674858276643992,0.957983193277311,0.9351304945054946,0.9843166481336124,6,7000,FM-Full_A-None_AdaBN-F
Huebner2018,ShallowConvNet,5,7,0.822289156626506,0.6340068204819487,0.8944832781500288,0.927430652843934,0.886623392486346,0.9659229053246436,6,7000,FM-Full_A-None_AdaBN-F
Lee2019_MI,EEGNetv4,1,4,0.645,0.645,0.7195,0.695,0.6950000000000001,0.7859,30,200,FM-Full_A-None_AdaBN-F
Lee2019_MI,EEGNetv4,1,6,0.79,0.79,0.9183,0.865,0.865,0.9177,30,200,FM-Full_A-None_AdaBN-F
Lee2019_MI,EEGNetv4,1,13,0.695,0.6950000000000001,0.8047499999999999,0.68,0.68,0.7713000000000001,30,200,FM-Full_A-None_AdaBN-F
Lee2019_MI,EEGNetv4,1,14,0.61,0.61,0.7098,0.625,0.625,0.6912999999999999,30,200,FM-Full_A-None_AdaBN-F
Lee2019_MI,EEGNetv4,1,18,0.835,0.835,0.9246,0.87,0.87,0.9329,30,200,FM-Full_A-None_AdaBN-F
Lee2019_MI,EEGNetv4,1,20,0.83,0.83,0.9162,0.815,0.815,0.902,30,200,FM-Full_A-None_AdaBN-F
Lee2019_MI,EEGNetv4,1,33,0.92,0.92,0.9646,0.94,0.94,0.9808,30,200,FM-Full_A-None_AdaBN-F
Lee2019_MI,EEGNetv4,1,45,0.81,0.81,0.9207,0.89,0.89,0.9536,30,200,FM-Full_A-None_AdaBN-F
Lee2019_MI,EEGNetv4,1,49,0.725,0.7250000000000001,0.8623000000000001,0.86,0.86,0.9326,30,200,FM-Full_A-None_AdaBN-F
Lee2019_MI,EEGNetv4,1,50,0.57,0.57,0.5880000000000001,0.535,0.535,0.5824999999999999,30,200,FM-Full_A-None_AdaBN-F
Lee2019_MI,EEGNetv4,1,53,0.8,0.8,0.8708,0.735,0.735,0.8393,30,200,FM-Full_A-None_AdaBN-F
Lee2019_MI,EEGNetv4,2,5,0.68,0.6799999999999999,0.7586999999999999,0.765,0.7649999999999999,0.8507999999999999,30,200,FM-Full_A-None_AdaBN-F
Lee2019_MI,EEGNetv4,2,7,0.705,0.7050000000000001,0.72595,0.72,0.72,0.7923,30,200,FM-Full_A-None_AdaBN-F
Lee2019_MI,EEGNetv4,2,9,0.815,0.815,0.8787999999999999,0.81,0.81,0.8888,30,200,FM-Full_A-None_AdaBN-F
Lee2019_MI,EEGNetv4,2,16,0.77,0.77,0.8752,0.815,0.815,0.8923000000000001,30,200,FM-Full_A-None_AdaBN-F
Lee2019_MI,EEGNetv4,2,25,0.79,0.79,0.9205,0.88,0.88,0.9564,30,200,FM-Full_A-None_AdaBN-F
Lee2019_MI,EEGNetv4,2,27,0.885,0.885,0.9468,0.92,0.92,0.9646,30,200,FM-Full_A-None_AdaBN-F
Lee2019_MI,EEGNetv4,2,34,0.565,0.565,0.63605,0.655,0.655,0.6757,30,200,FM-Full_A-None_AdaBN-F
Lee2019_MI,EEGNetv4,2,35,0.6,0.6,0.8046,0.885,0.885,0.9707,30,200,FM-Full_A-None_AdaBN-F
Lee2019_MI,EEGNetv4,2,38,0.61,0.61,0.7744,0.735,0.7350000000000001,0.8392999999999999,30,200,FM-Full_A-None_AdaBN-F
Lee2019_MI,EEGNetv4,2,46,0.63,0.63,0.6849999999999999,0.64,0.64,0.6870999999999999,30,200,FM-Full_A-None_AdaBN-F
Lee2019_MI,EEGNetv4,2,51,0.63,0.63,0.7607,0.75,0.75,0.7762000000000001,30,200,FM-Full_A-None_AdaBN-F
Lee2019_MI,EEGNetv4,3,1,0.625,0.625,0.7966,0.665,0.665,0.7632,30,200,FM-Full_A-None_AdaBN-F
Lee2019_MI,EEGNetv4,3,10,0.73,0.73,0.8088000000000001,0.745,0.745,0.819,30,200,FM-Full_A-None_AdaBN-F
Lee2019_MI,EEGNetv4,3,12,0.715,0.7150000000000001,0.8529,0.77,0.77,0.8587,30,200,FM-Full_A-None_AdaBN-F
Lee2019_MI,EEGNetv4,3,17,0.66,0.6599999999999999,0.7009000000000001,0.645,0.645,0.7134,30,200,FM-Full_A-None_AdaBN-F
Lee2019_MI,EEGNetv4,3,26,0.76,0.76,0.9016,0.82,0.8200000000000001,0.908,30,200,FM-Full_A-None_AdaBN-F
Lee2019_MI,EEGNetv4,3,28,0.85,0.85,0.946,0.875,0.875,0.9584,30,200,FM-Full_A-None_AdaBN-F
Lee2019_MI,EEGNetv4,3,31,0.83,0.8300000000000001,0.9122,0.825,0.825,0.9154,30,200,FM-Full_A-None_AdaBN-F
Lee2019_MI,EEGNetv4,3,32,0.83,0.8300000000000001,0.906,0.885,0.885,0.9515,30,200,FM-Full_A-None_AdaBN-F
Lee2019_MI,EEGNetv4,3,37,0.81,0.81,0.909,0.845,0.845,0.9427,30,200,FM-Full_A-None_AdaBN-F
Lee2019_MI,EEGNetv4,3,41,0.71,0.71,0.8245000000000001,0.735,0.7350000000000001,0.8505,30,200,FM-Full_A-None_AdaBN-F
Lee2019_MI,EEGNetv4,3,48,0.715,0.7150000000000001,0.8,0.695,0.6950000000000001,0.7628999999999999,30,200,FM-Full_A-None_AdaBN-F
Lee2019_MI,EEGNetv4,4,2,0.705,0.705,0.8158,0.755,0.755,0.8104,30,200,FM-Full_A-None_AdaBN-F
Lee2019_MI,EEGNetv4,4,3,0.87,0.87,0.91715,0.85,0.85,0.9196,30,200,FM-Full_A-None_AdaBN-F
Lee2019_MI,EEGNetv4,4,11,0.65,0.65,0.7445,0.695,0.6950000000000001,0.7804,30,200,FM-Full_A-None_AdaBN-F
Lee2019_MI,EEGNetv4,4,22,0.72,0.72,0.7944,0.735,0.735,0.7908000000000001,30,200,FM-Full_A-None_AdaBN-F
Lee2019_MI,EEGNetv4,4,24,0.695,0.6950000000000001,0.7956,0.785,0.7849999999999999,0.8511,30,200,FM-Full_A-None_AdaBN-F
Lee2019_MI,EEGNetv4,4,30,0.775,0.7749999999999999,0.8259,0.725,0.725,0.8212999999999999,30,200,FM-Full_A-None_AdaBN-F
Lee2019_MI,EEGNetv4,4,36,0.935,0.935,0.9972,0.955,0.955,0.9977,30,200,FM-Full_A-None_AdaBN-F
Lee2019_MI,EEGNetv4,4,40,0.63,0.63,0.8716,0.825,0.825,0.908,30,200,FM-Full_A-None_AdaBN-F
Lee2019_MI,EEGNetv4,4,42,0.695,0.6950000000000001,0.7573,0.715,0.715,0.7542,30,200,FM-Full_A-None_AdaBN-F
Lee2019_MI,EEGNetv4,4,44,0.835,0.835,0.8906999999999999,0.845,0.845,0.9248,30,200,FM-Full_A-None_AdaBN-F
Lee2019_MI,EEGNetv4,4,47,0.825,0.825,0.9065,0.845,0.845,0.8904000000000001,30,200,FM-Full_A-None_AdaBN-F
Lee2019_MI,EEGNetv4,5,8,0.725,0.7250000000000001,0.8239,0.735,0.735,0.7927,30,200,FM-Full_A-None_AdaBN-F
Lee2019_MI,EEGNetv4,5,15,0.79,0.79,0.8781,0.805,0.8049999999999999,0.9091,30,200,FM-Full_A-None_AdaBN-F
Lee2019_MI,EEGNetv4,5,19,0.715,0.715,0.9061,0.795,0.7949999999999999,0.8975,30,200,FM-Full_A-None_AdaBN-F
Lee2019_MI,EEGNetv4,5,21,0.92,0.92,0.9885,0.96,0.96,0.992,30,200,FM-Full_A-None_AdaBN-F
Lee2019_MI,EEGNetv4,5,23,0.805,0.8049999999999999,0.8697999999999999,0.785,0.785,0.861,30,200,FM-Full_A-None_AdaBN-F
Lee2019_MI,EEGNetv4,5,29,0.695,0.6950000000000001,0.8272,0.8,0.8,0.8951,30,200,FM-Full_A-None_AdaBN-F
Lee2019_MI,EEGNetv4,5,39,0.815,0.815,0.8953,0.805,0.8049999999999999,0.8834,30,200,FM-Full_A-None_AdaBN-F
Lee2019_MI,EEGNetv4,5,43,0.815,0.815,0.9,0.855,0.855,0.9295,30,200,FM-Full_A-None_AdaBN-F
Lee2019_MI,EEGNetv4,5,52,0.75,0.75,0.8880999999999999,0.805,0.8049999999999999,0.8981,30,200,FM-Full_A-None_AdaBN-F
Lee2019_MI,EEGNetv4,5,54,0.71,0.71,0.7621,0.755,0.755,0.8103,30,200,FM-Full_A-None_AdaBN-F
BNCI2014_001,ShallowConvNet,1,2,0.3211805555555556,0.3211805555555556,0.584181295010288,0.4774305555555556,0.4774305555555556,0.7255256558641976,6,500,FM-Full_A-None_AdaBN-F
BNCI2014_001,ShallowConvNet,1,8,0.6041666666666666,0.6041666666666666,0.8550427597736625,0.7881944444444444,0.7881944444444444,0.936889146090535,6,500,FM-Full_A-None_AdaBN-F
BNCI2014_001,ShallowConvNet,2,1,0.5902777777777778,0.5902777777777778,0.85717672968107,0.7256944444444444,0.7256944444444444,0.9275535300925928,6,500,FM-Full_A-None_AdaBN-F
BNCI2014_001,ShallowConvNet,2,6,0.3385416666666667,0.3385416666666667,0.6696365419238683,0.5677083333333334,0.5677083333333334,0.7935353973765432,6,500,FM-Full_A-None_AdaBN-F
BNCI2014_001,ShallowConvNet,3,3,0.5381944444444444,0.5381944444444444,0.8795572916666666,0.8315972222222222,0.8315972222222223,0.9625651041666666,6,500,FM-Full_A-None_AdaBN-F
BNCI2014_001,ShallowConvNet,3,9,0.515625,0.515625,0.8465108989197532,0.8038194444444444,0.8038194444444444,0.9503641010802468,6,500,FM-Full_A-None_AdaBN-F
BNCI2014_001,ShallowConvNet,4,4,0.4201388888888889,0.4201388888888888,0.7259556648662551,0.5920138888888888,0.5920138888888888,0.8574419688786008,6,500,FM-Full_A-None_AdaBN-F
BNCI2014_001,ShallowConvNet,4,5,0.3125,0.3125,0.6198278356481481,0.5208333333333334,0.5208333333333334,0.765580793467078,6,500,FM-Full_A-None_AdaBN-F
BNCI2014_001,ShallowConvNet,5,7,0.4513888888888889,0.4513888888888888,0.7156193737139918,0.6822916666666666,0.6822916666666666,0.8986022698045267,6,500,FM-Full_A-None_AdaBN-F
Huebner2018,ShallowConvNet,1,1,0.9144197772953288,0.8592588579758307,0.9583726379094544,0.9765389733174592,0.9633350859576362,0.9919468139852332,3,14000,FM-Full_A-None_AdaBN-F
Huebner2018,ShallowConvNet,1,10,0.8488795518207283,0.7407852564102564,0.8776305081327402,0.9326330532212884,0.8993933150183151,0.9707007266047444,3,14000,FM-Full_A-None_AdaBN-F
Huebner2018,ShallowConvNet,1,11,0.8580672387114925,0.7584842364700647,0.8776829427730433,0.9127162751441834,0.8682112697529583,0.9522721151954548,3,14000,FM-Full_A-None_AdaBN-F
Huebner2018,ShallowConvNet,2,3,0.9564425770308124,0.946588827838828,0.9873763736263736,0.978781512605042,0.9675824175824176,0.9946934823608928,3,14000,FM-Full_A-None_AdaBN-F
Huebner2018,ShallowConvNet,2,6,0.8530812324929972,0.7155105311355311,0.8895854864381652,0.9710084033613444,0.9555975274725276,0.993271997100122,3,14000,FM-Full_A-None_AdaBN-F
Huebner2018,ShallowConvNet,2,9,0.7814272708172841,0.572857914229892,0.72222601548633,0.9427130751453184,0.9140209807936364,0.9763401034239138,3,14000,FM-Full_A-None_AdaBN-F
Huebner2018,ShallowConvNet,3,2,0.9065126050420168,0.9097184065934064,0.9635283801020408,0.9803921568627452,0.9723443223443224,0.9947500490580848,3,14000,FM-Full_A-None_AdaBN-F
Huebner2018,ShallowConvNet,3,12,0.6872549019607843,0.7133012820512821,0.7844211282269317,0.9289915966386556,0.8940247252747253,0.963873299319728,3,14000,FM-Full_A-None_AdaBN-F
Huebner2018,ShallowConvNet,4,5,0.794101162953622,0.5771713591978848,0.8127670499664041,0.9188734762505254,0.8759840735359564,0.9572710782132168,3,14000,FM-Full_A-None_AdaBN-F
Huebner2018,ShallowConvNet,4,8,0.7862044817927171,0.5588713369963371,0.8044222865428222,0.9184873949579831,0.8762362637362637,0.9585112642813538,3,14000,FM-Full_A-None_AdaBN-F
Huebner2018,ShallowConvNet,5,4,0.920658263305322,0.848397435897436,0.9618867739403454,0.9544117647058824,0.931146978021978,0.9832943594104308,3,14000,FM-Full_A-None_AdaBN-F
Huebner2018,ShallowConvNet,5,7,0.8269823479966377,0.6542775785653213,0.8557376868162069,0.9289016531241244,0.8895423820865833,0.9656131263196008,3,14000,FM-Full_A-None_AdaBN-F
Kalunga2016,ATCNet,1,1,0.3125,0.3125,0.6041666666666667,0.28125,0.28125,0.5423177083333334,4,64,FM-Full_A-None_AdaBN-F
Kalunga2016,ATCNet,1,10,0.2265625,0.2265625,0.480224609375,0.3515625,0.3515625,0.634765625,4,64,FM-Full_A-None_AdaBN-F
Kalunga2016,ATCNet,1,11,0.203125,0.203125,0.4674479166666666,0.296875,0.296875,0.5319010416666667,4,64,FM-Full_A-None_AdaBN-F
Kalunga2016,ATCNet,2,3,0.25,0.25,0.4970703125,0.265625,0.265625,0.5315755208333334,4,64,FM-Full_A-None_AdaBN-F
Kalunga2016,ATCNet,2,6,0.234375,0.234375,0.5250651041666667,0.265625,0.265625,0.55078125,4,64,FM-Full_A-None_AdaBN-F
Kalunga2016,ATCNet,2,9,0.3125,0.3125,0.4951171874999999,0.390625,0.390625,0.5465494791666666,4,64,FM-Full_A-None_AdaBN-F
Kalunga2016,ATCNet,3,2,0.265625,0.265625,0.53125,0.28125,0.28125,0.6201171875,4,64,FM-Full_A-None_AdaBN-F
Kalunga2016,ATCNet,3,12,0.26875,0.26875,0.5405729166666667,0.39375,0.39375,0.6489583333333333,4,64,FM-Full_A-None_AdaBN-F
Kalunga2016,ATCNet,4,5,0.265625,0.265625,0.5810546875,0.359375,0.359375,0.6399739583333334,4,64,FM-Full_A-None_AdaBN-F
Kalunga2016,ATCNet,4,8,0.375,0.375,0.6725260416666666,0.4375,0.4375,0.7395833333333334,4,64,FM-Full_A-None_AdaBN-F
Kalunga2016,ATCNet,5,4,0.21875,0.21875,0.4645182291666666,0.25,0.25,0.4967447916666667,4,64,FM-Full_A-None_AdaBN-F
Kalunga2016,ATCNet,5,7,0.2604166666666667,0.2604166666666667,0.5345775462962963,0.28125,0.28125,0.5454282407407407,4,64,FM-Full_A-None_AdaBN-F
Kalunga2016,ShallowConvNet,1,1,0.4375,0.4375,0.6569010416666666,0.3125,0.3125,0.5953776041666666,8,64,FM-Full_A-None_AdaBN-F
Kalunga2016,ShallowConvNet,1,10,0.1953125,0.1953125,0.48828125,0.40625,0.40625,0.6709798177083334,8,64,FM-Full_A-None_AdaBN-F
Kalunga2016,ShallowConvNet,1,11,0.296875,0.296875,0.5784505208333334,0.34375,0.34375,0.5830078125,8,64,FM-Full_A-None_AdaBN-F
Kalunga2016,ShallowConvNet,2,3,0.453125,0.453125,0.7415364583333333,0.484375,0.484375,0.7535807291666667,8,64,FM-Full_A-None_AdaBN-F
Kalunga2016,ShallowConvNet,2,6,0.40625,0.40625,0.7021484375,0.53125,0.53125,0.75390625,8,64,FM-Full_A-None_AdaBN-F
Kalunga2016,ShallowConvNet,2,9,0.3125,0.3125,0.6344401041666666,0.28125,0.28125,0.6123046875,8,64,FM-Full_A-None_AdaBN-F
Kalunga2016,ShallowConvNet,3,2,0.234375,0.234375,0.5494791666666666,0.4375,0.4375,0.6982421875,8,64,FM-Full_A-None_AdaBN-F
Kalunga2016,ShallowConvNet,3,12,0.54375,0.54375,0.7775520833333334,0.66875,0.66875,0.85859375,8,64,FM-Full_A-None_AdaBN-F
Kalunga2016,ShallowConvNet,4,5,0.34375,0.34375,0.6357421875,0.40625,0.40625,0.6490885416666666,8,64,FM-Full_A-None_AdaBN-F
Kalunga2016,ShallowConvNet,4,8,0.453125,0.453125,0.7096354166666667,0.5,0.5,0.7669270833333334,8,64,FM-Full_A-None_AdaBN-F
Kalunga2016,ShallowConvNet,5,4,0.453125,0.453125,0.7545572916666666,0.4375,0.4375,0.7708333333333333,8,64,FM-Full_A-None_AdaBN-F
Kalunga2016,ShallowConvNet,5,7,0.5520833333333334,0.5520833333333334,0.8289930555555557,0.6458333333333334,0.6458333333333333,0.8673321759259259,8,64,FM-Full_A-None_AdaBN-F
BI2015a,DeepConvNet,1,5,0.872895622895623,0.6227272727272727,0.9203652688501174,0.9318181818181818,0.8580808080808081,0.9562799714314866,10,500,FM-Full_A-None_AdaBN-F
BI2015a,DeepConvNet,1,9,0.8686186186186187,0.6238738738738738,0.804163623082542,0.9054054054054054,0.7972972972972973,0.9124421719016316,10,500,FM-Full_A-None_AdaBN-F
BI2015a,DeepConvNet,1,13,0.8698830409356725,0.6517543859649123,0.8510195444752231,0.939327485380117,0.8635964912280703,0.9569136657433056,10,500,FM-Full_A-None_AdaBN-F
BI2015a,DeepConvNet,1,25,0.821360153256705,0.621551724137931,0.7325059453032106,0.875,0.7330459770114942,0.8732362267142291,10,500,FM-Full_A-None_AdaBN-F
BI2015a,DeepConvNet,1,26,0.8960573476702509,0.7290322580645161,0.9259856630824372,0.9489247311827956,0.8876344086021506,0.976049254249046,10,500,FM-Full_A-None_AdaBN-F
BI2015a,DeepConvNet,1,35,0.8405797101449275,0.5236714975845411,0.7640423347102615,0.8502415458937198,0.672463768115942,0.7913813624588671,10,500,FM-Full_A-None_AdaBN-F
BI2015a,DeepConvNet,1,37,0.8238095238095238,0.5228571428571429,0.5975204081632652,0.8654761904761905,0.7316666666666667,0.8612766439909295,10,500,FM-Full_A-None_AdaBN-F
BI2015a,DeepConvNet,1,38,0.8693693693693694,0.6765765765765765,0.8188742796850905,0.9234234234234234,0.8225225225225226,0.9362998133268404,10,500,FM-Full_A-None_AdaBN-F
BI2015a,DeepConvNet,1,40,0.852880658436214,0.5771604938271605,0.8042962200884013,0.9161522633744856,0.8015432098765432,0.9187414266117968,10,500,FM-Full_A-None_AdaBN-F
BI2015a,DeepConvNet,2,4,0.8944444444444445,0.7516666666666667,0.8794409722222223,0.9423611111111112,0.8587499999999999,0.9592916666666668,10,500,FM-Full_A-None_AdaBN-F
BI2015a,DeepConvNet,2,7,0.8341503267973857,0.5024509803921569,0.6492791234140716,0.9199346405228758,0.8343137254901961,0.9382785467128028,10,500,FM-Full_A-None_AdaBN-F
BI2015a,DeepConvNet,2,14,0.7784900284900285,0.5064102564102564,0.5281320768500256,0.8810541310541311,0.7491452991452991,0.8727628022499818,10,500,FM-Full_A-None_AdaBN-F
BI2015a,DeepConvNet,2,16,0.8984126984126984,0.7466666666666667,0.8899365079365078,0.938095238095238,0.8657142857142857,0.9513061224489796,10,500,FM-Full_A-None_AdaBN-F
BI2015a,DeepConvNet,2,18,0.812962962962963,0.5914814814814815,0.6899122085048012,0.8950617283950617,0.7711111111111111,0.8859423868312757,10,500,FM-Full_A-None_AdaBN-F
BI2015a,DeepConvNet,2,20,0.8827160493827161,0.7281481481481481,0.8751687242798353,0.9296296296296296,0.854074074074074,0.9517366255144032,10,500,FM-Full_A-None_AdaBN-F
BI2015a,DeepConvNet,2,28,0.8594444444444445,0.6436666666666667,0.8451666666666667,0.8866666666666667,0.7733333333333334,0.8872111111111111,10,500,FM-Full_A-None_AdaBN-F
BI2015a,DeepConvNet,2,32,0.9014336917562724,0.764516129032258,0.8965776390334143,0.9121863799283154,0.7903225806451613,0.9274135738235634,10,500,FM-Full_A-None_AdaBN-F
BI2015a,DeepConvNet,2,41,0.8438271604938271,0.607037037037037,0.7257064471879286,0.9160493827160494,0.8074074074074074,0.9255308641975308,10,500,FM-Full_A-None_AdaBN-F
BI2015a,DeepConvNet,3,1,0.8272800645682001,0.5059483726150392,0.4923345290229822,0.8601694915254238,0.7279324838801963,0.8449048216368479,10,500,FM-Full_A-None_AdaBN-F
BI2015a,DeepConvNet,3,6,0.82260101010101,0.6208333333333333,0.7590076905417814,0.9154040404040404,0.8037878787878787,0.9349919651056016,10,500,FM-Full_A-None_AdaBN-F
BI2015a,DeepConvNet,3,10,0.8870967741935484,0.7258064516129032,0.8763093999306277,0.9238351254480288,0.853225806451613,0.9539137472540178,10,500,FM-Full_A-None_AdaBN-F
BI2015a,DeepConvNet,3,12,0.8440860215053764,0.5870967741935483,0.7678922418776738,0.8637992831541219,0.7408602150537634,0.8642053994681466,10,500,FM-Full_A-None_AdaBN-F
BI2015a,DeepConvNet,3,17,0.8666666666666667,0.6562962962962963,0.8430342935528121,0.9055555555555556,0.8159259259259259,0.9113196159122086,10,500,FM-Full_A-None_AdaBN-F
BI2015a,DeepConvNet,3,27,0.8312236286919831,0.5476793248945148,0.6768938382381741,0.8554852320675106,0.7132911392405064,0.832371058769072,10,500,FM-Full_A-None_AdaBN-F
BI2015a,DeepConvNet,3,30,0.8991769547325102,0.7790123456790123,0.8770080780368847,0.9547325102880658,0.9135802469135804,0.9656454808718185,10,500,FM-Full_A-None_AdaBN-F
BI2015a,DeepConvNet,3,31,0.8003703703703704,0.5308888888888889,0.6091713580246914,0.8425925925925926,0.6655555555555556,0.7970311111111112,10,500,FM-Full_A-None_AdaBN-F
BI2015a,DeepConvNet,3,42,0.8601364522417154,0.6119883040935672,0.8012944153756711,0.8528265107212476,0.7116959064327486,0.8220426797989124,10,500,FM-Full_A-None_AdaBN-F
BI2015a,DeepConvNet,4,2,0.8703703703703703,0.6857142857142857,0.8611331569664903,0.923941798941799,0.8416666666666667,0.9412257495590828,10,500,FM-Full_A-None_AdaBN-F
BI2015a,DeepConvNet,4,3,0.8793103448275862,0.7505747126436781,0.8568767340467698,0.9473180076628352,0.878735632183908,0.9743030783458844,10,500,FM-Full_A-None_AdaBN-F
BI2015a,DeepConvNet,4,22,0.8409090909090909,0.6696969696969697,0.8251779155188245,0.9065656565656566,0.7969696969696969,0.9286443985307622,10,500,FM-Full_A-None_AdaBN-F
BI2015a,DeepConvNet,4,24,0.8858024691358025,0.6925925925925926,0.9183341906721536,0.9328703703703703,0.8467592592592592,0.9557398834019204,10,500,FM-Full_A-None_AdaBN-F
BI2015a,DeepConvNet,4,33,0.8822751322751323,0.6944444444444444,0.8832766439909299,0.9292328042328042,0.8353174603174602,0.9385613504661124,10,500,FM-Full_A-None_AdaBN-F
BI2015a,DeepConvNet,4,34,0.873015873015873,0.6552380952380953,0.8875147392290248,0.9166666666666666,0.8052380952380952,0.9229841269841268,10,500,FM-Full_A-None_AdaBN-F
BI2015a,DeepConvNet,4,36,0.8680555555555556,0.7208333333333333,0.851628472222222,0.9361111111111112,0.8683333333333334,0.957828125,10,500,FM-Full_A-None_AdaBN-F
BI2015a,DeepConvNet,4,43,0.9281609195402298,0.8281609195402299,0.9550006605892456,0.9511494252873564,0.8902298850574712,0.9774871185097106,10,500,FM-Full_A-None_AdaBN-F
BI2015a,DeepConvNet,5,8,0.8624338624338624,0.7,0.8326688082640463,0.916005291005291,0.8178571428571428,0.9250787351977828,10,500,FM-Full_A-None_AdaBN-F
BI2015a,DeepConvNet,5,11,0.8013888888888889,0.5608333333333333,0.6298159722222223,0.89375,0.7695833333333333,0.9134444444444444,10,500,FM-Full_A-None_AdaBN-F
BI2015a,DeepConvNet,5,15,0.8753968253968254,0.7233333333333334,0.8642585034013606,0.9142857142857144,0.819047619047619,0.940716553287982,10,500,FM-Full_A-None_AdaBN-F
BI2015a,DeepConvNet,5,19,0.8627777777777778,0.6616666666666666,0.813491111111111,0.9005555555555556,0.791,0.8929555555555555,10,500,FM-Full_A-None_AdaBN-F
BI2015a,DeepConvNet,5,21,0.8952380952380953,0.7466666666666667,0.9162222222222222,0.934126984126984,0.848095238095238,0.9491836734693876,10,500,FM-Full_A-None_AdaBN-F
BI2015a,DeepConvNet,5,23,0.8830409356725146,0.7105263157894737,0.8496922129886119,0.8888888888888888,0.7543859649122807,0.9070098491843644,10,500,FM-Full_A-None_AdaBN-F
BI2015a,DeepConvNet,5,29,0.8474945533769063,0.6039215686274509,0.7567388611217908,0.8769063180827886,0.7352941176470589,0.8784228288265197,10,500,FM-Full_A-None_AdaBN-F
BI2015a,DeepConvNet,5,39,0.8344671201814059,0.5047619047619047,0.7541070850108751,0.8900226757369615,0.7816326530612245,0.9020940348928688,10,500,FM-Full_A-None_AdaBN-F
Lee2019_MI,DeepConvNet,1,4,0.545,0.5449999999999999,0.8,0.68,0.6799999999999999,0.8121,15,200,FM-Full_A-None_AdaBN-F
Lee2019_MI,DeepConvNet,1,6,0.865,0.865,0.935,0.875,0.875,0.9602,15,200,FM-Full_A-None_AdaBN-F
Lee2019_MI,DeepConvNet,1,13,0.65,0.65,0.718,0.63,0.63,0.67,15,200,FM-Full_A-None_AdaBN-F
Lee2019_MI,DeepConvNet,1,14,0.64,0.64,0.7194000000000002,0.665,0.665,0.7627,15,200,FM-Full_A-None_AdaBN-F
Lee2019_MI,DeepConvNet,1,18,0.61,0.61,0.9338,0.88,0.88,0.9688,15,200,FM-Full_A-None_AdaBN-F
Lee2019_MI,DeepConvNet,1,20,0.655,0.655,0.9002,0.79,0.79,0.8941,15,200,FM-Full_A-None_AdaBN-F
Lee2019_MI,DeepConvNet,1,33,0.825,0.825,0.9819,0.895,0.895,0.988,15,200,FM-Full_A-None_AdaBN-F
Lee2019_MI,DeepConvNet,1,45,0.73,0.73,0.931,0.87,0.87,0.9588,15,200,FM-Full_A-None_AdaBN-F
Lee2019_MI,DeepConvNet,1,49,0.575,0.575,0.8896,0.74,0.74,0.9145,15,200,FM-Full_A-None_AdaBN-F
Lee2019_MI,DeepConvNet,1,50,0.545,0.545,0.6626,0.625,0.625,0.7177999999999999,15,200,FM-Full_A-None_AdaBN-F
Lee2019_MI,DeepConvNet,1,53,0.745,0.745,0.8323,0.725,0.725,0.83925,15,200,FM-Full_A-None_AdaBN-F
Lee2019_MI,DeepConvNet,2,5,0.62,0.62,0.8104000000000001,0.805,0.8049999999999999,0.88755,15,200,FM-Full_A-None_AdaBN-F
Lee2019_MI,DeepConvNet,2,7,0.68,0.6799999999999999,0.7436000000000001,0.76,0.76,0.8455,15,200,FM-Full_A-None_AdaBN-F
Lee2019_MI,DeepConvNet,2,9,0.695,0.6950000000000001,0.8932,0.725,0.725,0.8335,15,200,FM-Full_A-None_AdaBN-F
Lee2019_MI,DeepConvNet,2,16,0.69,0.69,0.7527,0.785,0.7849999999999999,0.904,15,200,FM-Full_A-None_AdaBN-F
Lee2019_MI,DeepConvNet,2,25,0.765,0.765,0.898,0.84,0.8400000000000001,0.932,15,200,FM-Full_A-None_AdaBN-F
Lee2019_MI,DeepConvNet,2,27,0.825,0.825,0.91,0.89,0.89,0.9515,15,200,FM-Full_A-None_AdaBN-F
Lee2019_MI,DeepConvNet,2,34,0.625,0.625,0.6654,0.725,0.7250000000000001,0.7566999999999999,15,200,FM-Full_A-None_AdaBN-F
Lee2019_MI,DeepConvNet,2,35,0.61,0.61,0.86805,0.925,0.925,0.9861,15,200,FM-Full_A-None_AdaBN-F
Lee2019_MI,DeepConvNet,2,38,0.565,0.565,0.7942999999999999,0.765,0.765,0.8449,15,200,FM-Full_A-None_AdaBN-F
Lee2019_MI,DeepConvNet,2,46,0.57,0.57,0.6738,0.615,0.615,0.6543,15,200,FM-Full_A-None_AdaBN-F
Lee2019_MI,DeepConvNet,2,51,0.7,0.7,0.7644,0.735,0.735,0.8071,15,200,FM-Full_A-None_AdaBN-F
Lee2019_MI,DeepConvNet,3,1,0.705,0.705,0.8011,0.645,0.645,0.7088,15,200,FM-Full_A-None_AdaBN-F
Lee2019_MI,DeepConvNet,3,10,0.695,0.6950000000000001,0.7753000000000001,0.69,0.69,0.8078000000000001,15,200,FM-Full_A-None_AdaBN-F
Lee2019_MI,DeepConvNet,3,12,0.705,0.705,0.8712,0.72,0.72,0.86445,15,200,FM-Full_A-None_AdaBN-F
Lee2019_MI,DeepConvNet,3,17,0.69,0.69,0.7242999999999999,0.645,0.645,0.6729,15,200,FM-Full_A-None_AdaBN-F
Lee2019_MI,DeepConvNet,3,26,0.88,0.8799999999999999,0.9422,0.855,0.855,0.9368,15,200,FM-Full_A-None_AdaBN-F
Lee2019_MI,DeepConvNet,3,28,0.83,0.8300000000000001,0.9369,0.775,0.775,0.9192,15,200,FM-Full_A-None_AdaBN-F
Lee2019_MI,DeepConvNet,3,31,0.795,0.795,0.9049,0.785,0.7849999999999999,0.9028,15,200,FM-Full_A-None_AdaBN-F
Lee2019_MI,DeepConvNet,3,32,0.79,0.79,0.8524000000000002,0.83,0.8300000000000001,0.9287,15,200,FM-Full_A-None_AdaBN-F
Lee2019_MI,DeepConvNet,3,37,0.81,0.81,0.8716999999999999,0.845,0.845,0.9407,15,200,FM-Full_A-None_AdaBN-F
Lee2019_MI,DeepConvNet,3,41,0.71,0.71,0.8082,0.695,0.6950000000000001,0.7752,15,200,FM-Full_A-None_AdaBN-F
Lee2019_MI,DeepConvNet,3,48,0.68,0.6799999999999999,0.7041,0.65,0.6499999999999999,0.7218999999999999,15,200,FM-Full_A-None_AdaBN-F
Lee2019_MI,DeepConvNet,4,2,0.72,0.72,0.8214,0.71,0.71,0.8161,15,200,FM-Full_A-None_AdaBN-F
Lee2019_MI,DeepConvNet,4,3,0.81,0.81,0.8854,0.85,0.8500000000000001,0.9126,15,200,FM-Full_A-None_AdaBN-F
Lee2019_MI,DeepConvNet,4,11,0.655,0.655,0.7294,0.67,0.67,0.7698,15,200,FM-Full_A-None_AdaBN-F
Lee2019_MI,DeepConvNet,4,22,0.69,0.69,0.7494,0.66,0.66,0.7263000000000001,15,200,FM-Full_A-None_AdaBN-F
Lee2019_MI,DeepConvNet,4,24,0.7,0.7,0.8093,0.8,0.8,0.8830999999999999,15,200,FM-Full_A-None_AdaBN-F
Lee2019_MI,DeepConvNet,4,30,0.71,0.71,0.8552,0.775,0.7749999999999999,0.8886999999999999,15,200,FM-Full_A-None_AdaBN-F
Lee2019_MI,DeepConvNet,4,36,0.83,0.8300000000000001,0.9912,0.945,0.945,0.9885,15,200,FM-Full_A-None_AdaBN-F
Lee2019_MI,DeepConvNet,4,40,0.72,0.72,0.851,0.81,0.81,0.9328,15,200,FM-Full_A-None_AdaBN-F
Lee2019_MI,DeepConvNet,4,42,0.72,0.72,0.7575,0.695,0.6950000000000001,0.7433,15,200,FM-Full_A-None_AdaBN-F
Lee2019_MI,DeepConvNet,4,44,0.675,0.675,0.7782,0.805,0.8049999999999999,0.8839,15,200,FM-Full_A-None_AdaBN-F
Lee2019_MI,DeepConvNet,4,47,0.825,0.825,0.9135,0.835,0.835,0.92015,15,200,FM-Full_A-None_AdaBN-F
Lee2019_MI,DeepConvNet,5,8,0.705,0.7050000000000001,0.8321,0.72,0.72,0.8553499999999999,15,200,FM-Full_A-None_AdaBN-F
Lee2019_MI,DeepConvNet,5,15,0.73,0.73,0.9423,0.835,0.835,0.9656,15,200,FM-Full_A-None_AdaBN-F
Lee2019_MI,DeepConvNet,5,19,0.58,0.58,0.8412999999999999,0.695,0.6950000000000001,0.8266,15,200,FM-Full_A-None_AdaBN-F
Lee2019_MI,DeepConvNet,5,21,0.83,0.8300000000000001,0.9796,0.86,0.86,0.9806,15,200,FM-Full_A-None_AdaBN-F
Lee2019_MI,DeepConvNet,5,23,0.635,0.635,0.7647,0.655,0.655,0.7743,15,200,FM-Full_A-None_AdaBN-F
Lee2019_MI,DeepConvNet,5,29,0.62,0.62,0.8283,0.79,0.79,0.9192,15,200,FM-Full_A-None_AdaBN-F
Lee2019_MI,DeepConvNet,5,39,0.73,0.73,0.8454999999999999,0.76,0.76,0.844,15,200,FM-Full_A-None_AdaBN-F
Lee2019_MI,DeepConvNet,5,43,0.79,0.79,0.9465,0.78,0.78,0.9307,15,200,FM-Full_A-None_AdaBN-F
Lee2019_MI,DeepConvNet,5,52,0.67,0.67,0.8141999999999999,0.705,0.7050000000000001,0.8229,15,200,FM-Full_A-None_AdaBN-F
Lee2019_MI,DeepConvNet,5,54,0.635,0.635,0.7623,0.625,0.625,0.7622999999999999,15,200,FM-Full_A-None_AdaBN-F
Yang2025,ShallowConvNet,2,5,0.515,0.515,0.8298555555555555,0.9016666666666666,0.9016666666666666,0.9473166666666666,15,600,FM-Full_A-None_AdaBN-F
Yang2025,ShallowConvNet,2,7,0.5116666666666667,0.5116666666666667,0.7613111111111112,0.81,0.81,0.8855999999999999,15,600,FM-Full_A-None_AdaBN-F
Yang2025,ShallowConvNet,2,9,0.5233333333333333,0.5233333333333333,0.7245444444444445,0.7033333333333334,0.7033333333333334,0.7839833333333334,15,600,FM-Full_A-None_AdaBN-F
Yang2025,ShallowConvNet,2,16,0.5016666666666667,0.5016666666666667,0.5730777777777778,0.6683333333333333,0.6683333333333333,0.7106388888888888,15,600,FM-Full_A-None_AdaBN-F
Yang2025,ShallowConvNet,2,20,0.5316666666666666,0.5316666666666666,0.7468277777777778,0.8283333333333334,0.8283333333333334,0.9116388888888888,15,600,FM-Full_A-None_AdaBN-F
Yang2025,ShallowConvNet,2,34,0.5,0.5,0.6139055555555556,0.8016666666666666,0.8016666666666667,0.8876722222222222,15,600,FM-Full_A-None_AdaBN-F
Yang2025,ShallowConvNet,2,37,0.5083333333333333,0.5083333333333333,0.8656388888888888,0.88,0.88,0.9452611111111112,15,600,FM-Full_A-None_AdaBN-F
Yang2025,ShallowConvNet,2,48,0.5483333333333333,0.5483333333333333,0.8668944444444445,0.845,0.845,0.9281833333333332,15,600,FM-Full_A-None_AdaBN-F
Yang2025,ShallowConvNet,2,49,0.65,0.65,0.9552111111111112,0.9316666666666666,0.9316666666666666,0.9857666666666668,15,600,FM-Full_A-None_AdaBN-F
Yang2025,ShallowConvNet,2,50,0.525,0.525,0.94275,0.91,0.91,0.9652388888888888,15,600,FM-Full_A-None_AdaBN-F
Yang2025,ShallowConvNet,3,1,0.91,0.91,0.9764055555555556,0.9216666666666666,0.9216666666666666,0.9797555555555556,15,600,FM-Full_A-None_AdaBN-F
Yang2025,ShallowConvNet,3,10,0.8033333333333333,0.8033333333333333,0.8991555555555556,0.8466666666666667,0.8466666666666667,0.9193666666666668,15,600,FM-Full_A-None_AdaBN-F
Yang2025,ShallowConvNet,3,12,0.59,0.59,0.6464444444444445,0.5566666666666666,0.5566666666666666,0.5942111111111111,15,600,FM-Full_A-None_AdaBN-F
Yang2025,ShallowConvNet,3,17,0.7766666666666666,0.7766666666666666,0.8562555555555555,0.7983333333333333,0.7983333333333333,0.8793722222222222,15,600,FM-Full_A-None_AdaBN-F
Yang2025,ShallowConvNet,3,26,0.7963272120200334,0.7961984392419175,0.8837513935340022,0.8914858096828047,0.8914771460423634,0.9569620958751394,15,600,FM-Full_A-None_AdaBN-F
Yang2025,ShallowConvNet,3,27,0.5833333333333334,0.5833333333333333,0.6223055555555556,0.7,0.7,0.7647388888888889,15,600,FM-Full_A-None_AdaBN-F
Yang2025,ShallowConvNet,3,28,0.75,0.75,0.8657555555555555,0.8666666666666667,0.8666666666666667,0.9422777777777778,15,600,FM-Full_A-None_AdaBN-F
Yang2025,ShallowConvNet,3,35,0.935,0.935,0.9877388888888888,0.9616666666666668,0.9616666666666668,0.9927666666666668,15,600,FM-Full_A-None_AdaBN-F
Yang2025,ShallowConvNet,3,45,0.86,0.86,0.9351,0.88,0.88,0.9345111111111112,15,600,FM-Full_A-None_AdaBN-F
Yang2025,ShallowConvNet,3,46,0.9783333333333334,0.9783333333333332,0.9969444444444444,0.99,0.99,0.9997,15,600,FM-Full_A-None_AdaBN-F
Yang2025,ShallowConvNet,4,2,0.6433333333333333,0.6433333333333333,0.7286222222222223,0.66,0.66,0.7148777777777777,15,600,FM-Full_A-None_AdaBN-F
Yang2025,ShallowConvNet,4,3,0.945,0.945,0.985188888888889,0.95,0.95,0.9885166666666666,15,600,FM-Full_A-None_AdaBN-F
Yang2025,ShallowConvNet,4,6,0.89,0.8899999999999999,0.9649333333333332,0.9666666666666668,0.9666666666666668,0.9960333333333332,15,600,FM-Full_A-None_AdaBN-F
Yang2025,ShallowConvNet,4,22,0.7633333333333333,0.7633333333333333,0.8526,0.8483333333333334,0.8483333333333334,0.9154222222222224,15,600,FM-Full_A-None_AdaBN-F
Yang2025,ShallowConvNet,4,24,0.914141414141414,0.9142141302376202,0.9809881189914746,0.9612794612794612,0.9612733538908036,0.9931978958824595,15,600,FM-Full_A-None_AdaBN-F
Yang2025,ShallowConvNet,4,30,0.875,0.875,0.9605333333333332,0.9333333333333332,0.9333333333333332,0.9838222222222224,15,600,FM-Full_A-None_AdaBN-F
Yang2025,ShallowConvNet,4,36,0.9266666666666666,0.9266666666666666,0.97625,0.9166666666666666,0.9166666666666669,0.9830333333333332,15,600,FM-Full_A-None_AdaBN-F
Yang2025,ShallowConvNet,4,38,0.6333333333333333,0.6333333333333333,0.6395111111111111,0.6333333333333333,0.6333333333333333,0.7019722222222223,15,600,FM-Full_A-None_AdaBN-F
Yang2025,ShallowConvNet,4,40,0.7833333333333333,0.7833333333333333,0.8851777777777778,0.85,0.8500000000000001,0.9264833333333332,15,600,FM-Full_A-None_AdaBN-F
Yang2025,ShallowConvNet,4,42,0.815,0.815,0.890938888888889,0.8116666666666666,0.8116666666666666,0.8942666666666667,15,600,FM-Full_A-None_AdaBN-F
Yang2025,ShallowConvNet,5,8,0.9033333333333332,0.9033333333333332,0.9615333333333332,0.9283333333333332,0.9283333333333332,0.9776611111111112,15,600,FM-Full_A-None_AdaBN-F
Yang2025,ShallowConvNet,5,11,0.8816666666666667,0.8816666666666666,0.9508444444444444,0.9016666666666666,0.9016666666666666,0.9619666666666666,15,600,FM-Full_A-None_AdaBN-F
Yang2025,ShallowConvNet,5,15,0.6933333333333334,0.6933333333333334,0.7886333333333333,0.7583333333333333,0.7583333333333333,0.8307666666666668,15,600,FM-Full_A-None_AdaBN-F
Yang2025,ShallowConvNet,5,19,0.81,0.81,0.8843777777777779,0.83,0.83,0.9270444444444444,15,600,FM-Full_A-None_AdaBN-F
Yang2025,ShallowConvNet,5,21,0.86,0.86,0.9289777777777778,0.8716666666666667,0.8716666666666666,0.947761111111111,15,600,FM-Full_A-None_AdaBN-F
Yang2025,ShallowConvNet,5,23,0.9148580968280468,0.914782608695652,0.9688015607580824,0.9415692821368948,0.941571906354515,0.9846376811594204,15,600,FM-Full_A-None_AdaBN-F
Yang2025,ShallowConvNet,5,29,0.685,0.685,0.7795944444444445,0.8433333333333334,0.8433333333333333,0.9265666666666668,15,600,FM-Full_A-None_AdaBN-F
Yang2025,ShallowConvNet,5,39,0.6916666666666667,0.6916666666666667,0.7757611111111111,0.7433333333333333,0.7433333333333333,0.8247611111111111,15,600,FM-Full_A-None_AdaBN-F
Yang2025,ShallowConvNet,5,43,0.985,0.985,0.9995555555555556,0.995,0.995,0.9998333333333334,15,600,FM-Full_A-None_AdaBN-F
Yang2025,ShallowConvNet,5,51,0.7916666666666666,0.7916666666666667,0.9004555555555556,0.855,0.855,0.9411333333333334,15,600,FM-Full_A-None_AdaBN-F
Lee2019_MI,ATCNet,1,4,0.76,0.76,0.8711000000000001,0.77,0.77,0.8558999999999999,50,120,FM-Full_A-None_AdaBN-F
Lee2019_MI,ATCNet,1,6,0.795,0.7949999999999999,0.9014,0.84,0.84,0.9222,50,120,FM-Full_A-None_AdaBN-F
Lee2019_MI,ATCNet,1,13,0.64,0.6399999999999999,0.6978000000000001,0.595,0.595,0.6465,50,120,FM-Full_A-None_AdaBN-F
Lee2019_MI,ATCNet,1,14,0.65,0.65,0.7079,0.7,0.7,0.7752,50,120,FM-Full_A-None_AdaBN-F
Lee2019_MI,ATCNet,1,18,0.775,0.775,0.9605,0.885,0.885,0.9479,50,120,FM-Full_A-None_AdaBN-F
Lee2019_MI,ATCNet,1,20,0.8,0.8,0.8696999999999999,0.775,0.775,0.8694,50,120,FM-Full_A-None_AdaBN-F
Lee2019_MI,ATCNet,1,33,0.98,0.98,0.9967,0.98,0.98,0.9978,50,120,FM-Full_A-None_AdaBN-F
Lee2019_MI,ATCNet,1,45,0.84,0.84,0.9266,0.855,0.855,0.9505,50,120,FM-Full_A-None_AdaBN-F
Lee2019_MI,ATCNet,1,49,0.66,0.6599999999999999,0.8753,0.785,0.7849999999999999,0.9223,50,120,FM-Full_A-None_AdaBN-F
Lee2019_MI,ATCNet,1,50,0.52,0.52,0.6719,0.635,0.635,0.6869,50,120,FM-Full_A-None_AdaBN-F
Lee2019_MI,ATCNet,1,53,0.735,0.735,0.8280000000000001,0.725,0.725,0.8113,50,120,FM-Full_A-None_AdaBN-F
Lee2019_MI,ATCNet,2,5,0.74,0.74,0.9241,0.885,0.885,0.9518,50,120,FM-Full_A-None_AdaBN-F
Lee2019_MI,ATCNet,2,7,0.645,0.645,0.7051,0.77,0.77,0.8047,50,120,FM-Full_A-None_AdaBN-F
Lee2019_MI,ATCNet,2,9,0.81,0.81,0.9546,0.835,0.835,0.9325,50,120,FM-Full_A-None_AdaBN-F
Lee2019_MI,ATCNet,2,16,0.8,0.8,0.8751000000000001,0.83,0.8300000000000001,0.8868,50,120,FM-Full_A-None_AdaBN-F
Lee2019_MI,ATCNet,2,25,0.85,0.8500000000000001,0.927,0.88,0.88,0.9478,50,120,FM-Full_A-None_AdaBN-F
Lee2019_MI,ATCNet,2,27,0.735,0.735,0.8158,0.725,0.7250000000000001,0.8468,50,120,FM-Full_A-None_AdaBN-F
Lee2019_MI,ATCNet,2,34,0.515,0.515,0.5332000000000001,0.58,0.5800000000000001,0.5851,50,120,FM-Full_A-None_AdaBN-F
Lee2019_MI,ATCNet,2,35,0.84,0.8400000000000001,0.9682,0.945,0.945,0.9973,50,120,FM-Full_A-None_AdaBN-F
Lee2019_MI,ATCNet,2,38,0.595,0.595,0.6603999999999999,0.645,0.645,0.6986,50,120,FM-Full_A-None_AdaBN-F
Lee2019_MI,ATCNet,2,46,0.765,0.765,0.8226000000000001,0.71,0.71,0.7918000000000001,50,120,FM-Full_A-None_AdaBN-F
Lee2019_MI,ATCNet,2,51,0.625,0.625,0.7194,0.605,0.605,0.6585000000000001,50,120,FM-Full_A-None_AdaBN-F
Lee2019_MI,ATCNet,3,1,0.785,0.785,0.8752,0.82,0.8200000000000001,0.8855999999999999,50,120,FM-Full_A-None_AdaBN-F
Lee2019_MI,ATCNet,3,10,0.69,0.69,0.7961999999999999,0.735,0.735,0.8079,50,120,FM-Full_A-None_AdaBN-F
Lee2019_MI,ATCNet,3,12,0.73,0.73,0.8451,0.815,0.815,0.8763,50,120,FM-Full_A-None_AdaBN-F
Lee2019_MI,ATCNet,3,17,0.66,0.6599999999999999,0.7489999999999999,0.665,0.665,0.7542,50,120,FM-Full_A-None_AdaBN-F
Lee2019_MI,ATCNet,3,26,0.78,0.78,0.873,0.805,0.8049999999999999,0.8722,50,120,FM-Full_A-None_AdaBN-F
Lee2019_MI,ATCNet,3,28,0.975,0.975,0.9867,0.975,0.975,0.9929,50,120,FM-Full_A-None_AdaBN-F
Lee2019_MI,ATCNet,3,31,0.745,0.745,0.8374999999999999,0.765,0.765,0.8456,50,120,FM-Full_A-None_AdaBN-F
Lee2019_MI,ATCNet,3,32,0.98,0.98,0.9983,0.965,0.965,0.9958,50,120,FM-Full_A-None_AdaBN-F
Lee2019_MI,ATCNet,3,37,0.92,0.92,0.9891,0.93,0.93,0.9927,50,120,FM-Full_A-None_AdaBN-F
Lee2019_MI,ATCNet,3,41,0.57,0.5700000000000001,0.6174,0.585,0.585,0.6011000000000001,50,120,FM-Full_A-None_AdaBN-F
Lee2019_MI,ATCNet,3,48,0.66,0.6599999999999999,0.7095,0.665,0.665,0.7332,50,120,FM-Full_A-None_AdaBN-F
Lee2019_MI,ATCNet,4,2,0.72,0.72,0.8036,0.71,0.71,0.7877,50,120,FM-Full_A-None_AdaBN-F
Lee2019_MI,ATCNet,4,3,0.875,0.875,0.9296,0.875,0.875,0.9564,50,120,FM-Full_A-None_AdaBN-F
Lee2019_MI,ATCNet,4,11,0.55,0.55,0.5546,0.495,0.495,0.5166,50,120,FM-Full_A-None_AdaBN-F
Lee2019_MI,ATCNet,4,22,0.74,0.74,0.8390000000000001,0.73,0.73,0.8284,50,120,FM-Full_A-None_AdaBN-F
Lee2019_MI,ATCNet,4,24,0.575,0.575,0.5932999999999999,0.66,0.66,0.7221000000000001,50,120,FM-Full_A-None_AdaBN-F
Lee2019_MI,ATCNet,4,30,0.645,0.645,0.7012,0.675,0.675,0.7407999999999999,50,120,FM-Full_A-None_AdaBN-F
Lee2019_MI,ATCNet,4,36,0.985,0.985,0.9983,0.985,0.985,0.9985,50,120,FM-Full_A-None_AdaBN-F
Lee2019_MI,ATCNet,4,40,0.76,0.76,0.8602000000000001,0.725,0.725,0.8090999999999999,50,120,FM-Full_A-None_AdaBN-F
Lee2019_MI,ATCNet,4,42,0.55,0.55,0.5742,0.67,0.6699999999999999,0.7435999999999999,50,120,FM-Full_A-None_AdaBN-F
Lee2019_MI,ATCNet,4,44,0.895,0.895,0.9779,0.895,0.895,0.973,50,120,FM-Full_A-None_AdaBN-F
Lee2019_MI,ATCNet,4,47,0.795,0.7949999999999999,0.9432,0.82,0.8200000000000001,0.8856,50,120,FM-Full_A-None_AdaBN-F
Lee2019_MI,ATCNet,5,8,0.8,0.8,0.8516000000000001,0.765,0.765,0.8327000000000001,50,120,FM-Full_A-None_AdaBN-F
Lee2019_MI,ATCNet,5,15,0.795,0.7949999999999999,0.8466,0.79,0.79,0.8679,50,120,FM-Full_A-None_AdaBN-F
Lee2019_MI,ATCNet,5,19,0.76,0.76,0.8817,0.78,0.78,0.8826,50,120,FM-Full_A-None_AdaBN-F
Lee2019_MI,ATCNet,5,21,0.875,0.875,0.9934,0.945,0.945,0.9905,50,120,FM-Full_A-None_AdaBN-F
Lee2019_MI,ATCNet,5,23,0.785,0.7849999999999999,0.8713000000000001,0.855,0.855,0.9252,50,120,FM-Full_A-None_AdaBN-F
Lee2019_MI,ATCNet,5,29,0.625,0.625,0.6518000000000002,0.85,0.85,0.9052,50,120,FM-Full_A-None_AdaBN-F
Lee2019_MI,ATCNet,5,39,0.805,0.8049999999999999,0.892,0.78,0.78,0.8657,50,120,FM-Full_A-None_AdaBN-F
Lee2019_MI,ATCNet,5,43,0.785,0.7849999999999999,0.8895,0.825,0.825,0.8872,50,120,FM-Full_A-None_AdaBN-F
Lee2019_MI,ATCNet,5,52,0.75,0.75,0.838,0.81,0.81,0.8758,50,120,FM-Full_A-None_AdaBN-F
Lee2019_MI,ATCNet,5,54,0.62,0.62,0.6845,0.625,0.625,0.6942,50,120,FM-Full_A-None_AdaBN-F
Lee2019_MI,EEGNetv4,1,4,0.64,0.64,0.7454000000000001,0.73,0.73,0.8233,15,200,FM-Full_A-None_AdaBN-F
Lee2019_MI,EEGNetv4,1,6,0.78,0.78,0.8848,0.825,0.825,0.9215,15,200,FM-Full_A-None_AdaBN-F
Lee2019_MI,EEGNetv4,1,13,0.595,0.595,0.6904999999999999,0.595,0.595,0.6623999999999999,15,200,FM-Full_A-None_AdaBN-F
Lee2019_MI,EEGNetv4,1,14,0.675,0.675,0.7115,0.65,0.6499999999999999,0.6860999999999999,15,200,FM-Full_A-None_AdaBN-F
Lee2019_MI,EEGNetv4,1,18,0.715,0.7150000000000001,0.8499000000000001,0.8,0.8,0.8858,15,200,FM-Full_A-None_AdaBN-F
Lee2019_MI,EEGNetv4,1,20,0.775,0.775,0.8597,0.765,0.765,0.8543000000000001,15,200,FM-Full_A-None_AdaBN-F
Lee2019_MI,EEGNetv4,1,33,0.785,0.785,0.9041,0.855,0.855,0.9334,15,200,FM-Full_A-None_AdaBN-F
Lee2019_MI,EEGNetv4,1,45,0.725,0.725,0.815,0.8,0.8,0.8860999999999999,15,200,FM-Full_A-None_AdaBN-F
Lee2019_MI,EEGNetv4,1,49,0.725,0.7250000000000001,0.8373,0.79,0.79,0.8796,15,200,FM-Full_A-None_AdaBN-F
Lee2019_MI,EEGNetv4,1,50,0.59,0.59,0.5985,0.575,0.575,0.5859,15,200,FM-Full_A-None_AdaBN-F
Lee2019_MI,EEGNetv4,1,53,0.735,0.735,0.8228000000000001,0.75,0.75,0.8362,15,200,FM-Full_A-None_AdaBN-F
Lee2019_MI,EEGNetv4,2,5,0.64,0.64,0.7142499999999999,0.755,0.755,0.8363,15,200,FM-Full_A-None_AdaBN-F
Lee2019_MI,EEGNetv4,2,7,0.665,0.665,0.7143,0.74,0.74,0.7773,15,200,FM-Full_A-None_AdaBN-F
Lee2019_MI,EEGNetv4,2,9,0.7,0.7,0.8264999999999999,0.775,0.7749999999999999,0.8555,15,200,FM-Full_A-None_AdaBN-F
Lee2019_MI,EEGNetv4,2,16,0.695,0.6950000000000001,0.7921,0.745,0.745,0.8704,15,200,FM-Full_A-None_AdaBN-F
Lee2019_MI,EEGNetv4,2,25,0.82,0.8200000000000001,0.9033,0.865,0.865,0.9325,15,200,FM-Full_A-None_AdaBN-F
Lee2019_MI,EEGNetv4,2,27,0.785,0.785,0.9087,0.845,0.845,0.9371,15,200,FM-Full_A-None_AdaBN-F
Lee2019_MI,EEGNetv4,2,34,0.61,0.61,0.6317,0.635,0.635,0.6675,15,200,FM-Full_A-None_AdaBN-F
Lee2019_MI,EEGNetv4,2,35,0.705,0.705,0.9271,0.94,0.94,0.9874,15,200,FM-Full_A-None_AdaBN-F
Lee2019_MI,EEGNetv4,2,38,0.63,0.63,0.7389000000000001,0.735,0.7350000000000001,0.8076000000000001,15,200,FM-Full_A-None_AdaBN-F
Lee2019_MI,EEGNetv4,2,46,0.585,0.585,0.60755,0.62,0.62,0.6328000000000001,15,200,FM-Full_A-None_AdaBN-F
Lee2019_MI,EEGNetv4,2,51,0.665,0.665,0.7655000000000001,0.685,0.685,0.7777000000000001,15,200,FM-Full_A-None_AdaBN-F
Lee2019_MI,EEGNetv4,3,1,0.58,0.58,0.6542,0.61,0.6100000000000001,0.6302000000000001,15,200,FM-Full_A-None_AdaBN-F
Lee2019_MI,EEGNetv4,3,10,0.66,0.6599999999999999,0.7271,0.66,0.6599999999999999,0.7130000000000001,15,200,FM-Full_A-None_AdaBN-F
Lee2019_MI,EEGNetv4,3,12,0.755,0.755,0.8122999999999999,0.72,0.72,0.8044999999999999,15,200,FM-Full_A-None_AdaBN-F
Lee2019_MI,EEGNetv4,3,17,0.565,0.565,0.6225999999999999,0.6,0.6,0.6695,15,200,FM-Full_A-None_AdaBN-F
Lee2019_MI,EEGNetv4,3,26,0.77,0.77,0.8626999999999999,0.81,0.81,0.8817,15,200,FM-Full_A-None_AdaBN-F
Lee2019_MI,EEGNetv4,3,28,0.855,0.855,0.9243,0.86,0.86,0.9305,15,200,FM-Full_A-None_AdaBN-F
Lee2019_MI,EEGNetv4,3,31,0.805,0.8049999999999999,0.8752,0.81,0.81,0.8907999999999999,15,200,FM-Full_A-None_AdaBN-F
Lee2019_MI,EEGNetv4,3,32,0.64,0.64,0.7607,0.755,0.755,0.8455,15,200,FM-Full_A-None_AdaBN-F
Lee2019_MI,EEGNetv4,3,37,0.67,0.6699999999999999,0.7413,0.76,0.76,0.8189000000000001,15,200,FM-Full_A-None_AdaBN-F
Lee2019_MI,EEGNetv4,3,41,0.745,0.745,0.8192999999999999,0.75,0.75,0.8096,15,200,FM-Full_A-None_AdaBN-F
Lee2019_MI,EEGNetv4,3,48,0.61,0.61,0.6796,0.6,0.6,0.6543,15,200,FM-Full_A-None_AdaBN-F
Lee2019_MI,EEGNetv4,4,2,0.695,0.695,0.7845,0.695,0.695,0.7615,15,200,FM-Full_A-None_AdaBN-F
Lee2019_MI,EEGNetv4,4,3,0.825,0.825,0.9043,0.87,0.87,0.94,15,200,FM-Full_A-None_AdaBN-F
Lee2019_MI,EEGNetv4,4,11,0.59,0.59,0.6770999999999999,0.67,0.67,0.737,15,200,FM-Full_A-None_AdaBN-F
Lee2019_MI,EEGNetv4,4,22,0.645,0.645,0.6735000000000001,0.64,0.64,0.66845,15,200,FM-Full_A-None_AdaBN-F
Lee2019_MI,EEGNetv4,4,24,0.69,0.69,0.7706000000000002,0.74,0.74,0.8182999999999999,15,200,FM-Full_A-None_AdaBN-F
Lee2019_MI,EEGNetv4,4,30,0.73,0.73,0.7858999999999999,0.77,0.77,0.8301999999999999,15,200,FM-Full_A-None_AdaBN-F
Lee2019_MI,EEGNetv4,4,36,0.89,0.89,0.9961,0.96,0.96,0.9966,15,200,FM-Full_A-None_AdaBN-F
Lee2019_MI,EEGNetv4,4,40,0.75,0.75,0.8439000000000001,0.815,0.815,0.8832,15,200,FM-Full_A-None_AdaBN-F
Lee2019_MI,EEGNetv4,4,42,0.675,0.675,0.7324,0.68,0.6799999999999999,0.70215,15,200,FM-Full_A-None_AdaBN-F
Lee2019_MI,EEGNetv4,4,44,0.705,0.7050000000000001,0.7815000000000001,0.78,0.78,0.8545,15,200,FM-Full_A-None_AdaBN-F
Lee2019_MI,EEGNetv4,4,47,0.775,0.775,0.8471000000000001,0.74,0.74,0.8294,15,200,FM-Full_A-None_AdaBN-F
Lee2019_MI,EEGNetv4,5,8,0.66,0.6599999999999999,0.73125,0.73,0.73,0.7741999999999999,15,200,FM-Full_A-None_AdaBN-F
Lee2019_MI,EEGNetv4,5,15,0.765,0.765,0.8796999999999999,0.825,0.825,0.9096,15,200,FM-Full_A-None_AdaBN-F
Lee2019_MI,EEGNetv4,5,19,0.735,0.735,0.8236,0.72,0.72,0.8236,15,200,FM-Full_A-None_AdaBN-F
Lee2019_MI,EEGNetv4,5,21,0.89,0.8899999999999999,0.93645,0.88,0.88,0.9442,15,200,FM-Full_A-None_AdaBN-F
Lee2019_MI,EEGNetv4,5,23,0.64,0.6399999999999999,0.6903,0.685,0.685,0.7038999999999999,15,200,FM-Full_A-None_AdaBN-F
Lee2019_MI,EEGNetv4,5,29,0.65,0.65,0.7633,0.78,0.78,0.8557,15,200,FM-Full_A-None_AdaBN-F
Lee2019_MI,EEGNetv4,5,39,0.72,0.72,0.7761000000000001,0.725,0.725,0.7653,15,200,FM-Full_A-None_AdaBN-F
Lee2019_MI,EEGNetv4,5,43,0.795,0.7949999999999999,0.8831,0.825,0.825,0.8887499999999999,15,200,FM-Full_A-None_AdaBN-F
Lee2019_MI,EEGNetv4,5,52,0.735,0.735,0.8301,0.795,0.795,0.8653000000000001,15,200,FM-Full_A-None_AdaBN-F
Lee2019_MI,EEGNetv4,5,54,0.635,0.635,0.6975,0.71,0.71,0.7779000000000001,15,200,FM-Full_A-None_AdaBN-F
BNCI2014_001,EEGNetv4,1,2,0.3958333333333333,0.3958333333333333,0.6800331147119342,0.5555555555555556,0.5555555555555556,0.804956757973251,6,500,FM-Full_A-None_AdaBN-F
BNCI2014_001,EEGNetv4,1,8,0.6284722222222222,0.6284722222222222,0.8906129436728395,0.7934027777777778,0.7934027777777778,0.9452281057098766,6,500,FM-Full_A-None_AdaBN-F
BNCI2014_001,EEGNetv4,2,1,0.6614583333333334,0.6614583333333334,0.8792599022633745,0.7847222222222222,0.7847222222222222,0.9488570601851852,6,500,FM-Full_A-None_AdaBN-F
BNCI2014_001,EEGNetv4,2,6,0.4027777777777778,0.4027777777777778,0.7611400462962963,0.6145833333333334,0.6145833333333334,0.8464787487139918,6,500,FM-Full_A-None_AdaBN-F
BNCI2014_001,EEGNetv4,3,3,0.5746527777777778,0.5746527777777778,0.9170283564814816,0.8541666666666666,0.8541666666666667,0.9729295267489712,6,500,FM-Full_A-None_AdaBN-F
BNCI2014_001,EEGNetv4,3,9,0.625,0.625,0.8860797646604939,0.8229166666666666,0.8229166666666666,0.9584498778292182,6,500,FM-Full_A-None_AdaBN-F
BNCI2014_001,EEGNetv4,4,4,0.5208333333333334,0.5208333333333334,0.7995434670781894,0.6631944444444444,0.6631944444444444,0.8891340342078189,6,500,FM-Full_A-None_AdaBN-F
BNCI2014_001,EEGNetv4,4,5,0.4253472222222222,0.4253472222222221,0.7196984310699588,0.5434027777777778,0.5434027777777778,0.8041951999742799,6,500,FM-Full_A-None_AdaBN-F
BNCI2014_001,EEGNetv4,5,7,0.5815972222222222,0.5815972222222222,0.828904642489712,0.71875,0.71875,0.9154409400720164,6,500,FM-Full_A-None_AdaBN-F
Kalunga2016,ShallowConvNet,1,1,0.359375,0.359375,0.640625,0.375,0.375,0.5924479166666666,12,42,FM-Full_A-None_AdaBN-F
Kalunga2016,ShallowConvNet,1,10,0.2421875,0.2421875,0.4982096354166666,0.390625,0.390625,0.6638997395833335,12,42,FM-Full_A-None_AdaBN-F
Kalunga2016,ShallowConvNet,1,11,0.28125,0.28125,0.5553385416666666,0.328125,0.328125,0.572265625,12,42,FM-Full_A-None_AdaBN-F
Kalunga2016,ShallowConvNet,2,3,0.609375,0.609375,0.8984375,0.71875,0.71875,0.9108072916666666,12,42,FM-Full_A-None_AdaBN-F
Kalunga2016,ShallowConvNet,2,6,0.4375,0.4375,0.6897786458333334,0.4375,0.4375,0.7288411458333334,12,42,FM-Full_A-None_AdaBN-F
Kalunga2016,ShallowConvNet,2,9,0.375,0.375,0.615234375,0.359375,0.359375,0.6168619791666667,12,42,FM-Full_A-None_AdaBN-F
Kalunga2016,ShallowConvNet,3,2,0.265625,0.265625,0.5,0.375,0.375,0.6725260416666666,12,42,FM-Full_A-None_AdaBN-F
Kalunga2016,ShallowConvNet,3,12,0.38125,0.38125,0.6801562499999999,0.6,0.6,0.8076041666666667,12,42,FM-Full_A-None_AdaBN-F
Kalunga2016,ShallowConvNet,4,5,0.3125,0.3125,0.6796875,0.390625,0.390625,0.6891276041666666,12,42,FM-Full_A-None_AdaBN-F
Kalunga2016,ShallowConvNet,4,8,0.28125,0.28125,0.6614583333333333,0.453125,0.453125,0.7236328125000001,12,42,FM-Full_A-None_AdaBN-F
Kalunga2016,ShallowConvNet,5,4,0.40625,0.40625,0.7278645833333333,0.46875,0.46875,0.7294921875,12,42,FM-Full_A-None_AdaBN-F
Kalunga2016,ShallowConvNet,5,7,0.4375,0.4374999999999999,0.740306712962963,0.59375,0.59375,0.8145254629629629,12,42,FM-Full_A-None_AdaBN-F
Huebner2017,ATCNet,1,1,0.9248249027237354,0.8601935583922151,0.9711128227723232,0.9799221789883268,0.9718775005196234,0.9953906471277476,10,7500,FM-Full_A-None_AdaBN-F
Huebner2017,ATCNet,1,10,0.9602556109725686,0.9304615513373272,0.9893297975448364,0.9882325436408976,0.9837099726514094,0.9984781440755068,10,7500,FM-Full_A-None_AdaBN-F
Huebner2017,ATCNet,1,12,0.8818860877684407,0.7571352258852259,0.9532250172544484,0.96817615935263,0.9572140822140822,0.9927750866490946,10,7500,FM-Full_A-None_AdaBN-F
Huebner2017,ATCNet,2,3,0.9006225680933853,0.8079703911553087,0.9555342658016686,0.9602334630350194,0.945611847199472,0.9886824395271372,10,7500,FM-Full_A-None_AdaBN-F
Huebner2017,ATCNet,2,6,0.930881494454174,0.9467349754587676,0.9913250355434414,0.9864565090484532,0.980314299673314,0.9981559021212678,10,7500,FM-Full_A-None_AdaBN-F
Huebner2017,ATCNet,2,9,0.9247587924058512,0.9228734228734228,0.9769691134605156,0.9829598506069094,0.9768391330891332,0.9976446230993188,10,7500,FM-Full_A-None_AdaBN-F
Huebner2017,ATCNet,3,2,0.8967475879240585,0.8891051078551079,0.9584006283741732,0.9606286959228136,0.9450676638176638,0.9891162721023832,10,7500,FM-Full_A-None_AdaBN-F
Huebner2017,ATCNet,3,5,0.8302209772798008,0.7811609686609686,0.876640131559113,0.9444444444444444,0.9210927960927962,0.9794668866676142,10,7500,FM-Full_A-None_AdaBN-F
Huebner2017,ATCNet,3,13,0.9039763442533656,0.8119905247016777,0.9648179376224556,0.979923741343086,0.9698178117679236,0.9957025388426122,10,7500,FM-Full_A-None_AdaBN-F
Huebner2017,ATCNet,4,8,0.795408560311284,0.5737807762474463,0.8333040708594088,0.92147859922179,0.8891382004551147,0.9612874128890312,10,7500,FM-Full_A-None_AdaBN-F
Huebner2017,ATCNet,4,11,0.7820063818195968,0.5470246799774225,0.8057698832325535,0.8827146081407113,0.8333083142545323,0.926662431097659,10,7500,FM-Full_A-None_AdaBN-F
Huebner2017,ATCNet,5,4,0.9473929961089494,0.8995589056460724,0.9896788276056292,0.9865369649805448,0.9830702705918968,0.9985519029795694,10,7500,FM-Full_A-None_AdaBN-F
Huebner2017,ATCNet,5,7,0.9724556489262371,0.9568070818070816,0.9951037474185624,0.9936196700902584,0.9915928978428978,0.999403025692708,10,7500,FM-Full_A-None_AdaBN-F
BNCI2014_001,DeepConvNet,1,2,0.2569444444444444,0.2569444444444444,0.5342459972993828,0.4010416666666667,0.4010416666666667,0.7099770126028807,3,500,FM-Full_A-None_AdaBN-F
BNCI2014_001,DeepConvNet,1,8,0.5034722222222222,0.5034722222222222,0.8092327353395061,0.6354166666666666,0.6354166666666666,0.8829129693930042,3,500,FM-Full_A-None_AdaBN-F
BNCI2014_001,DeepConvNet,2,1,0.421875,0.421875,0.6891316229423868,0.4739583333333333,0.4739583333333333,0.8303775237911522,3,500,FM-Full_A-None_AdaBN-F
BNCI2014_001,DeepConvNet,2,6,0.3993055555555556,0.3993055555555555,0.6641669881687243,0.4461805555555556,0.4461805555555556,0.7469135802469136,3,500,FM-Full_A-None_AdaBN-F
BNCI2014_001,DeepConvNet,3,3,0.7204861111111112,0.720486111111111,0.92114358281893,0.6545138888888888,0.6545138888888888,0.9251101144547326,3,500,FM-Full_A-None_AdaBN-F
BNCI2014_001,DeepConvNet,3,9,0.3315972222222222,0.3315972222222222,0.7729190779320987,0.5815972222222222,0.5815972222222222,0.8814059284979424,3,500,FM-Full_A-None_AdaBN-F
BNCI2014_001,DeepConvNet,4,4,0.4322916666666667,0.4322916666666667,0.7231184092078189,0.4913194444444444,0.4913194444444445,0.7919962062757202,3,500,FM-Full_A-None_AdaBN-F
BNCI2014_001,DeepConvNet,4,5,0.2673611111111111,0.2673611111111111,0.6053984214248971,0.4895833333333333,0.4895833333333333,0.758961869855967,3,500,FM-Full_A-None_AdaBN-F
BNCI2014_001,DeepConvNet,5,7,0.2725694444444444,0.2725694444444444,0.5596667631172839,0.4010416666666667,0.4010416666666667,0.7290380658436214,3,500,FM-Full_A-None_AdaBN-F
Huebner2017,ATCNet,1,1,0.9360311284046692,0.8795392003398822,0.9766600892567716,0.9752529182879376,0.9649327868402262,0.9944935730924436,3,12500,FM-Full_A-None_AdaBN-F
Huebner2017,ATCNet,1,10,0.9586970074812968,0.9263480587360252,0.990603140363334,0.986673940149626,0.9806279241798798,0.9979824508710784,3,12500,FM-Full_A-None_AdaBN-F
Huebner2017,ATCNet,1,12,0.8706816059757236,0.736759768009768,0.9411498811300396,0.9661531279178338,0.9513125763125764,0.991408240250833,3,12500,FM-Full_A-None_AdaBN-F
Huebner2017,ATCNet,2,3,0.8710505836575876,0.7632241477906041,0.9132550054816236,0.9541634241245136,0.935919860062441,0.9861656480162228,3,12500,FM-Full_A-None_AdaBN-F
Huebner2017,ATCNet,2,6,0.93543490951547,0.940598909450364,0.9839862755854796,0.986339754816112,0.980066037508468,0.9978186202914509,3,12500,FM-Full_A-None_AdaBN-F
Huebner2017,ATCNet,2,9,0.9301276065981948,0.9185999185999186,0.978417403681954,0.976890756302521,0.9654304029304028,0.9963215353013632,3,12500,FM-Full_A-None_AdaBN-F
Huebner2017,ATCNet,3,2,0.8618892001244942,0.8660841473341474,0.9405341651538742,0.9614067849361968,0.9444317256817256,0.988640327926042,3,12500,FM-Full_A-None_AdaBN-F
Huebner2017,ATCNet,3,5,0.8720043572984749,0.8627391127391127,0.9366628833394706,0.940865234982882,0.9128001628001629,0.9768156134723596,3,12500,FM-Full_A-None_AdaBN-F
Huebner2017,ATCNet,3,13,0.8797758929266205,0.7658338966501428,0.9373026372110528,0.977355847793946,0.9658494904977808,0.9953464613743692,3,12500,FM-Full_A-None_AdaBN-F
Huebner2017,ATCNet,4,8,0.7988326848249028,0.5919294669040243,0.8145824145690572,0.9157198443579768,0.8770172092289434,0.9580762476078476,3,12500,FM-Full_A-None_AdaBN-F
Huebner2017,ATCNet,4,11,0.8192855475134252,0.656367587285725,0.829843814290588,0.8841933224375438,0.8282059371267128,0.9206733551490274,3,12500,FM-Full_A-None_AdaBN-F
Huebner2017,ATCNet,5,4,0.9561089494163424,0.943143837696555,0.988509035390396,0.9867704280155642,0.981849424698753,0.9983674938641354,3,12500,FM-Full_A-None_AdaBN-F
Huebner2017,ATCNet,5,7,0.949346405228758,0.9182310744810744,0.983234517295364,0.9933862433862434,0.9909823972323972,0.9995166870166868,3,12500,FM-Full_A-None_AdaBN-F
Yang2025,DeepConvNet,1,4,0.5733333333333334,0.5733333333333333,0.6406666666666666,0.5516666666666666,0.5516666666666666,0.6053944444444443,30,300,FM-Full_A-None_AdaBN-F
Yang2025,DeepConvNet,1,13,0.7783333333333333,0.7783333333333333,0.8881555555555556,0.84,0.8400000000000001,0.9133555555555556,30,300,FM-Full_A-None_AdaBN-F
Yang2025,DeepConvNet,1,14,0.5566666666666666,0.5566666666666666,0.6332333333333333,0.6,0.6,0.6303222222222222,30,300,FM-Full_A-None_AdaBN-F
Yang2025,DeepConvNet,1,18,0.6733333333333333,0.6733333333333333,0.785088888888889,0.705,0.7050000000000001,0.7779888888888888,30,300,FM-Full_A-None_AdaBN-F
Yang2025,DeepConvNet,1,25,0.93,0.93,0.9810444444444444,0.9766666666666668,0.9766666666666668,0.9966111111111112,30,300,FM-Full_A-None_AdaBN-F
Yang2025,DeepConvNet,1,31,0.7216666666666667,0.7216666666666667,0.8741777777777776,0.8383333333333334,0.8383333333333334,0.91545,30,300,FM-Full_A-None_AdaBN-F
Yang2025,DeepConvNet,1,32,0.5843071786310517,0.5842140468227425,0.6101560758082497,0.6243739565943238,0.6243812709030101,0.668695652173913,30,300,FM-Full_A-None_AdaBN-F
Yang2025,DeepConvNet,1,33,0.915,0.915,0.9878666666666668,0.9666666666666668,0.9666666666666666,0.9970666666666668,30,300,FM-Full_A-None_AdaBN-F
Yang2025,DeepConvNet,1,41,0.87,0.87,0.9506555555555556,0.9266666666666666,0.9266666666666666,0.9781,30,300,FM-Full_A-None_AdaBN-F
Yang2025,DeepConvNet,1,44,0.7266666666666667,0.7266666666666666,0.8289111111111113,0.7466666666666667,0.7466666666666666,0.8454111111111112,30,300,FM-Full_A-None_AdaBN-F
Yang2025,DeepConvNet,1,47,0.845,0.845,0.9692444444444444,0.9416666666666668,0.9416666666666668,0.9843555555555557,30,300,FM-Full_A-None_AdaBN-F
Yang2025,DeepConvNet,2,5,0.875,0.875,0.9682666666666666,0.9183333333333332,0.9183333333333332,0.9702555555555556,30,300,FM-Full_A-None_AdaBN-F
Yang2025,DeepConvNet,2,7,0.835,0.835,0.9267777777777778,0.8233333333333334,0.8233333333333334,0.9318111111111111,30,300,FM-Full_A-None_AdaBN-F
Yang2025,DeepConvNet,2,9,0.7383333333333333,0.7383333333333333,0.848,0.7516666666666667,0.7516666666666667,0.842511111111111,30,300,FM-Full_A-None_AdaBN-F
Yang2025,DeepConvNet,2,16,0.64,0.64,0.7103888888888888,0.675,0.675,0.7438,30,300,FM-Full_A-None_AdaBN-F
Yang2025,DeepConvNet,2,20,0.815,0.815,0.8998888888888888,0.9333333333333332,0.9333333333333332,0.986922222222222,30,300,FM-Full_A-None_AdaBN-F
Yang2025,DeepConvNet,2,34,0.525,0.525,0.5377666666666667,0.845,0.845,0.9226888888888888,30,300,FM-Full_A-None_AdaBN-F
Yang2025,DeepConvNet,2,37,0.9,0.9,0.9642222222222222,0.935,0.935,0.9831111111111112,30,300,FM-Full_A-None_AdaBN-F
Yang2025,DeepConvNet,2,48,0.8916666666666667,0.8916666666666666,0.9673666666666668,0.9133333333333332,0.9133333333333332,0.9769666666666668,30,300,FM-Full_A-None_AdaBN-F
Yang2025,DeepConvNet,2,49,0.9666666666666668,0.9666666666666668,0.9965444444444445,0.9866666666666668,0.9866666666666668,0.9977111111111112,30,300,FM-Full_A-None_AdaBN-F
Yang2025,DeepConvNet,2,50,0.9716666666666668,0.9716666666666668,0.9977,0.98,0.98,0.9972555555555556,30,300,FM-Full_A-None_AdaBN-F
Yang2025,DeepConvNet,3,1,0.95,0.95,0.990688888888889,0.9733333333333334,0.9733333333333334,0.9949055555555556,30,300,FM-Full_A-None_AdaBN-F
Yang2025,DeepConvNet,3,10,0.865,0.865,0.9569111111111112,0.8883333333333333,0.8883333333333333,0.9598888888888888,30,300,FM-Full_A-None_AdaBN-F
Yang2025,DeepConvNet,3,12,0.6366666666666667,0.6366666666666667,0.7071555555555555,0.5883333333333334,0.5883333333333334,0.6237333333333333,30,300,FM-Full_A-None_AdaBN-F
Yang2025,DeepConvNet,3,17,0.83,0.83,0.9222111111111112,0.85,0.85,0.9351666666666668,30,300,FM-Full_A-None_AdaBN-F
Yang2025,DeepConvNet,3,26,0.8664440734557596,0.8664214046822742,0.9388740245261984,0.9315525876460768,0.9315719063545151,0.9795652173913044,30,300,FM-Full_A-None_AdaBN-F
Yang2025,DeepConvNet,3,27,0.6766666666666666,0.6766666666666666,0.7571333333333332,0.7516666666666667,0.7516666666666667,0.8407222222222223,30,300,FM-Full_A-None_AdaBN-F
Yang2025,DeepConvNet,3,28,0.7383333333333333,0.7383333333333333,0.914588888888889,0.92,0.92,0.9702333333333332,30,300,FM-Full_A-None_AdaBN-F
Yang2025,DeepConvNet,3,35,0.965,0.965,0.9946555555555556,0.9783333333333334,0.9783333333333332,0.9964111111111112,30,300,FM-Full_A-None_AdaBN-F
Yang2025,DeepConvNet,3,45,0.89,0.89,0.9691333333333334,0.905,0.905,0.9684111111111112,30,300,FM-Full_A-None_AdaBN-F
Yang2025,DeepConvNet,3,46,0.985,0.985,0.9995888888888887,0.995,0.995,0.9999555555555556,30,300,FM-Full_A-None_AdaBN-F
Yang2025,DeepConvNet,4,2,0.7183333333333334,0.7183333333333333,0.7941222222222222,0.6883333333333334,0.6883333333333334,0.7672444444444445,30,300,FM-Full_A-None_AdaBN-F
Yang2025,DeepConvNet,4,3,0.9583333333333334,0.9583333333333331,0.9925444444444445,0.9733333333333334,0.9733333333333334,0.9966111111111112,30,300,FM-Full_A-None_AdaBN-F
Yang2025,DeepConvNet,4,6,0.9383333333333334,0.9383333333333332,0.9908555555555556,0.9833333333333332,0.9833333333333334,0.9965555555555556,30,300,FM-Full_A-None_AdaBN-F
Yang2025,DeepConvNet,4,22,0.82,0.8200000000000001,0.8902666666666668,0.8866666666666667,0.8866666666666667,0.9593,30,300,FM-Full_A-None_AdaBN-F
Yang2025,DeepConvNet,4,24,0.9528619528619529,0.9529181026664248,0.9920075276618902,0.9831649831649832,0.9831421186286956,0.9985715581353164,30,300,FM-Full_A-None_AdaBN-F
Yang2025,DeepConvNet,4,30,0.9516666666666668,0.9516666666666668,0.9811333333333332,0.97,0.97,0.9898,30,300,FM-Full_A-None_AdaBN-F
Yang2025,DeepConvNet,4,36,0.93,0.93,0.9777333333333332,0.9416666666666668,0.9416666666666668,0.9910222222222222,30,300,FM-Full_A-None_AdaBN-F
Yang2025,DeepConvNet,4,38,0.6216666666666667,0.6216666666666667,0.690911111111111,0.6916666666666667,0.6916666666666667,0.8030222222222222,30,300,FM-Full_A-None_AdaBN-F
Yang2025,DeepConvNet,4,40,0.8416666666666667,0.8416666666666666,0.9382444444444444,0.8766666666666667,0.8766666666666667,0.9601555555555557,30,300,FM-Full_A-None_AdaBN-F
Yang2025,DeepConvNet,4,42,0.82,0.8200000000000001,0.9039111111111112,0.84,0.84,0.9222722222222224,30,300,FM-Full_A-None_AdaBN-F
Yang2025,DeepConvNet,5,8,0.945,0.945,0.9853888888888888,0.9416666666666668,0.9416666666666668,0.9815388888888888,30,300,FM-Full_A-None_AdaBN-F
Yang2025,DeepConvNet,5,11,0.915,0.915,0.9778333333333334,0.945,0.945,0.9884111111111112,30,300,FM-Full_A-None_AdaBN-F
Yang2025,DeepConvNet,5,15,0.7783333333333333,0.7783333333333333,0.8803333333333333,0.865,0.865,0.92945,30,300,FM-Full_A-None_AdaBN-F
Yang2025,DeepConvNet,5,19,0.8666666666666667,0.8666666666666667,0.9476555555555556,0.8983333333333333,0.8983333333333333,0.9615222222222222,30,300,FM-Full_A-None_AdaBN-F
Yang2025,DeepConvNet,5,21,0.8966666666666666,0.8966666666666667,0.9700555555555556,0.905,0.905,0.9715555555555556,30,300,FM-Full_A-None_AdaBN-F
Yang2025,DeepConvNet,5,23,0.9382303839732888,0.9381661092530658,0.9840579710144928,0.9782971619365608,0.9782998885172798,0.9964659977703456,30,300,FM-Full_A-None_AdaBN-F
Yang2025,DeepConvNet,5,29,0.76,0.76,0.8574777777777777,0.8833333333333333,0.8833333333333333,0.9637888888888888,30,300,FM-Full_A-None_AdaBN-F
Yang2025,DeepConvNet,5,39,0.735,0.735,0.8273666666666667,0.8066666666666666,0.8066666666666666,0.8907166666666666,30,300,FM-Full_A-None_AdaBN-F
Yang2025,DeepConvNet,5,43,0.9983333333333332,0.9983333333333332,0.9999777777777776,1.0,1.0,1.0,30,300,FM-Full_A-None_AdaBN-F
Yang2025,DeepConvNet,5,51,0.905,0.905,0.9725444444444444,0.9233333333333332,0.9233333333333332,0.9784833333333331,30,300,FM-Full_A-None_AdaBN-F
Lee2019_MI,DeepConvNet,1,4,0.795,0.7949999999999999,0.8644,0.795,0.7949999999999999,0.8984,40,150,FM-Full_A-None_AdaBN-F
Lee2019_MI,DeepConvNet,1,6,0.86,0.86,0.9797,0.94,0.94,0.9885,40,150,FM-Full_A-None_AdaBN-F
Lee2019_MI,DeepConvNet,1,13,0.755,0.755,0.8446,0.74,0.74,0.8195,40,150,FM-Full_A-None_AdaBN-F
Lee2019_MI,DeepConvNet,1,14,0.62,0.62,0.7153999999999999,0.66,0.6599999999999999,0.7305999999999999,40,150,FM-Full_A-None_AdaBN-F
Lee2019_MI,DeepConvNet,1,18,0.885,0.885,0.987,0.92,0.92,0.9898,40,150,FM-Full_A-None_AdaBN-F
Lee2019_MI,DeepConvNet,1,20,0.845,0.845,0.9456,0.87,0.87,0.9383,40,150,FM-Full_A-None_AdaBN-F
Lee2019_MI,DeepConvNet,1,33,0.965,0.965,0.9967,0.97,0.97,0.9968,40,150,FM-Full_A-None_AdaBN-F
Lee2019_MI,DeepConvNet,1,45,0.93,0.93,0.9775,0.935,0.935,0.9738,40,150,FM-Full_A-None_AdaBN-F
Lee2019_MI,DeepConvNet,1,49,0.805,0.8049999999999999,0.9665,0.875,0.875,0.9817,40,150,FM-Full_A-None_AdaBN-F
Lee2019_MI,DeepConvNet,1,50,0.615,0.615,0.6890999999999999,0.71,0.71,0.774,40,150,FM-Full_A-None_AdaBN-F
Lee2019_MI,DeepConvNet,1,53,0.82,0.8200000000000001,0.8983,0.82,0.8200000000000001,0.9046,40,150,FM-Full_A-None_AdaBN-F
Lee2019_MI,DeepConvNet,2,5,0.74,0.74,0.9307,0.84,0.84,0.9763,40,150,FM-Full_A-None_AdaBN-F
Lee2019_MI,DeepConvNet,2,7,0.59,0.59,0.8088500000000001,0.7,0.7,0.8904,40,150,FM-Full_A-None_AdaBN-F
Lee2019_MI,DeepConvNet,2,9,0.865,0.865,0.9527,0.85,0.85,0.9492,40,150,FM-Full_A-None_AdaBN-F
Lee2019_MI,DeepConvNet,2,16,0.81,0.81,0.9643,0.835,0.835,0.9406,40,150,FM-Full_A-None_AdaBN-F
Lee2019_MI,DeepConvNet,2,25,0.83,0.83,0.9554,0.875,0.875,0.9688,40,150,FM-Full_A-None_AdaBN-F
Lee2019_MI,DeepConvNet,2,27,0.93,0.93,0.9773,0.925,0.925,0.9766,40,150,FM-Full_A-None_AdaBN-F
Lee2019_MI,DeepConvNet,2,34,0.585,0.585,0.7212999999999999,0.665,0.665,0.7737,40,150,FM-Full_A-None_AdaBN-F
Lee2019_MI,DeepConvNet,2,35,0.78,0.78,0.9732,0.93,0.93,0.9913,40,150,FM-Full_A-None_AdaBN-F
Lee2019_MI,DeepConvNet,2,38,0.6,0.6,0.8351999999999999,0.73,0.73,0.8998999999999999,40,150,FM-Full_A-None_AdaBN-F
Lee2019_MI,DeepConvNet,2,46,0.74,0.74,0.8077,0.695,0.6950000000000001,0.7925000000000001,40,150,FM-Full_A-None_AdaBN-F
Lee2019_MI,DeepConvNet,2,51,0.74,0.74,0.8253,0.8,0.8,0.8571000000000001,40,150,FM-Full_A-None_AdaBN-F
Lee2019_MI,DeepConvNet,3,1,0.76,0.76,0.8836,0.765,0.765,0.8675999999999999,40,150,FM-Full_A-None_AdaBN-F
Lee2019_MI,DeepConvNet,3,10,0.76,0.76,0.8315,0.745,0.745,0.8498,40,150,FM-Full_A-None_AdaBN-F
Lee2019_MI,DeepConvNet,3,12,0.84,0.84,0.9289,0.805,0.8049999999999999,0.9205,40,150,FM-Full_A-None_AdaBN-F
Lee2019_MI,DeepConvNet,3,17,0.725,0.725,0.7649,0.665,0.665,0.7761,40,150,FM-Full_A-None_AdaBN-F
Lee2019_MI,DeepConvNet,3,26,0.865,0.865,0.9439,0.835,0.835,0.9409,40,150,FM-Full_A-None_AdaBN-F
Lee2019_MI,DeepConvNet,3,28,0.905,0.905,0.9817,0.95,0.95,0.9916,40,150,FM-Full_A-None_AdaBN-F
Lee2019_MI,DeepConvNet,3,31,0.825,0.825,0.9423,0.875,0.875,0.947,40,150,FM-Full_A-None_AdaBN-F
Lee2019_MI,DeepConvNet,3,32,0.945,0.945,0.9937,0.94,0.94,0.9942,40,150,FM-Full_A-None_AdaBN-F
Lee2019_MI,DeepConvNet,3,37,0.9,0.8999999999999999,0.9792,0.96,0.96,0.9864,40,150,FM-Full_A-None_AdaBN-F
Lee2019_MI,DeepConvNet,3,41,0.605,0.605,0.8489,0.735,0.735,0.8812,40,150,FM-Full_A-None_AdaBN-F
Lee2019_MI,DeepConvNet,3,48,0.72,0.72,0.7787999999999999,0.695,0.695,0.7961999999999999,40,150,FM-Full_A-None_AdaBN-F
Lee2019_MI,DeepConvNet,4,2,0.8,0.8,0.904,0.825,0.825,0.9055,40,150,FM-Full_A-None_AdaBN-F
Lee2019_MI,DeepConvNet,4,3,0.905,0.905,0.9465,0.915,0.915,0.9763,40,150,FM-Full_A-None_AdaBN-F
Lee2019_MI,DeepConvNet,4,11,0.705,0.7050000000000001,0.8077,0.685,0.685,0.8119,40,150,FM-Full_A-None_AdaBN-F
Lee2019_MI,DeepConvNet,4,22,0.705,0.7050000000000001,0.7968000000000001,0.725,0.7250000000000001,0.7849999999999999,40,150,FM-Full_A-None_AdaBN-F
Lee2019_MI,DeepConvNet,4,24,0.685,0.685,0.7966,0.83,0.8300000000000001,0.9013,40,150,FM-Full_A-None_AdaBN-F
Lee2019_MI,DeepConvNet,4,30,0.85,0.8500000000000001,0.9136,0.85,0.85,0.9363,40,150,FM-Full_A-None_AdaBN-F
Lee2019_MI,DeepConvNet,4,36,0.955,0.955,0.9996,0.98,0.98,0.999,40,150,FM-Full_A-None_AdaBN-F
Lee2019_MI,DeepConvNet,4,40,0.835,0.835,0.9713,0.88,0.88,0.9708,40,150,FM-Full_A-None_AdaBN-F
Lee2019_MI,DeepConvNet,4,42,0.745,0.745,0.8252,0.71,0.71,0.8034999999999999,40,150,FM-Full_A-None_AdaBN-F
Lee2019_MI,DeepConvNet,4,44,0.84,0.8400000000000001,0.939,0.88,0.88,0.9662,40,150,FM-Full_A-None_AdaBN-F
Lee2019_MI,DeepConvNet,4,47,0.9,0.9,0.9629,0.885,0.885,0.9421,40,150,FM-Full_A-None_AdaBN-F
Lee2019_MI,DeepConvNet,5,8,0.785,0.7849999999999999,0.8846999999999999,0.795,0.7949999999999999,0.90175,40,150,FM-Full_A-None_AdaBN-F
Lee2019_MI,DeepConvNet,5,15,0.865,0.865,0.9425,0.89,0.8899999999999999,0.9741,40,150,FM-Full_A-None_AdaBN-F
Lee2019_MI,DeepConvNet,5,19,0.765,0.765,0.9331,0.84,0.84,0.9461,40,150,FM-Full_A-None_AdaBN-F
Lee2019_MI,DeepConvNet,5,21,0.965,0.965,0.9989,0.96,0.96,0.9997,40,150,FM-Full_A-None_AdaBN-F
Lee2019_MI,DeepConvNet,5,23,0.815,0.815,0.9058999999999998,0.815,0.815,0.9136,40,150,FM-Full_A-None_AdaBN-F
Lee2019_MI,DeepConvNet,5,29,0.67,0.6699999999999999,0.7813,0.8,0.8,0.913,40,150,FM-Full_A-None_AdaBN-F
Lee2019_MI,DeepConvNet,5,39,0.86,0.8600000000000001,0.9437,0.885,0.885,0.9577,40,150,FM-Full_A-None_AdaBN-F
Lee2019_MI,DeepConvNet,5,43,0.9,0.8999999999999999,0.975,0.89,0.89,0.9767,40,150,FM-Full_A-None_AdaBN-F
Lee2019_MI,DeepConvNet,5,52,0.755,0.755,0.8881,0.865,0.865,0.93385,40,150,FM-Full_A-None_AdaBN-F
Lee2019_MI,DeepConvNet,5,54,0.75,0.75,0.8220000000000001,0.755,0.755,0.8535,40,150,FM-Full_A-None_AdaBN-F
Huebner2017,EEGNetv4,1,1,0.9168093385214008,0.8345787469159136,0.9733307298313404,0.977431906614786,0.9688756654141856,0.9949644313703953,10,7500,FM-Full_A-None_AdaBN-F
Huebner2017,EEGNetv4,1,10,0.9392923940149626,0.8785904136845544,0.9886661622611048,0.9848815461346634,0.9786536556129406,0.9978550220975532,10,7500,FM-Full_A-None_AdaBN-F
Huebner2017,EEGNetv4,1,12,0.8324774354186119,0.6457315832315832,0.9559863346652366,0.9640522875816994,0.947306166056166,0.9901275819761268,10,7500,FM-Full_A-None_AdaBN-F
Huebner2017,EEGNetv4,2,3,0.898988326848249,0.8125102645825728,0.9514790825980528,0.956887159533074,0.937700849274735,0.9857895099600776,10,7500,FM-Full_A-None_AdaBN-F
Huebner2017,EEGNetv4,2,6,0.9410391126678342,0.9485609207536256,0.989773918094632,0.9858727378867485,0.9806204303049164,0.996414921530056,10,7500,FM-Full_A-None_AdaBN-F
Huebner2017,EEGNetv4,2,9,0.958216619981326,0.9447496947496948,0.9884340518021074,0.9790694055399938,0.970517908017908,0.9969117969283314,10,7500,FM-Full_A-None_AdaBN-F
Huebner2017,EEGNetv4,3,2,0.8892779333955805,0.8916615791615792,0.9588909063942131,0.956504824151883,0.940883190883191,0.987704758620764,10,7500,FM-Full_A-None_AdaBN-F
Huebner2017,EEGNetv4,3,5,0.8607998755057579,0.8520935083435084,0.926658869863235,0.9353408029878618,0.9073565323565324,0.9720066257351312,10,7500,FM-Full_A-None_AdaBN-F
Huebner2017,EEGNetv4,3,13,0.9402381137654656,0.8951073646841683,0.9793796771447631,0.9771224029258424,0.9668414866879556,0.9937176378867638,10,7500,FM-Full_A-None_AdaBN-F
Huebner2017,EEGNetv4,4,8,0.8280155642023346,0.6603431116775814,0.8831993990406621,0.9192217898832684,0.8823974322524089,0.9606874901056156,10,7500,FM-Full_A-None_AdaBN-F
Huebner2017,EEGNetv4,4,11,0.7796715697719667,0.5366806010423243,0.8280531967447615,0.8757879990660752,0.8172136794515001,0.9141415576448664,10,7500,FM-Full_A-None_AdaBN-F
Huebner2017,EEGNetv4,5,4,0.9550972762645914,0.9145544511537794,0.9907073556066026,0.98568093385214,0.9807936534860002,0.9981243915290068,10,7500,FM-Full_A-None_AdaBN-F
Huebner2017,EEGNetv4,5,7,0.972922502334267,0.9540216727716728,0.99583339389887,0.9943977591036416,0.9919871794871796,0.9996058361220398,10,7500,FM-Full_A-None_AdaBN-F
Lee2019_MI,EEGNetv4,1,4,0.665,0.665,0.7535,0.71,0.71,0.7953999999999999,40,150,FM-Full_A-None_AdaBN-F
Lee2019_MI,EEGNetv4,1,6,0.845,0.845,0.9304,0.885,0.885,0.9468,40,150,FM-Full_A-None_AdaBN-F
Lee2019_MI,EEGNetv4,1,13,0.715,0.7150000000000001,0.8319,0.72,0.72,0.8011,40,150,FM-Full_A-None_AdaBN-F
Lee2019_MI,EEGNetv4,1,14,0.615,0.615,0.6986,0.63,0.63,0.6805999999999999,40,150,FM-Full_A-None_AdaBN-F
Lee2019_MI,EEGNetv4,1,18,0.84,0.84,0.9247,0.865,0.865,0.9240000000000002,40,150,FM-Full_A-None_AdaBN-F
Lee2019_MI,EEGNetv4,1,20,0.83,0.8300000000000001,0.9001,0.82,0.82,0.8853,40,150,FM-Full_A-None_AdaBN-F
Lee2019_MI,EEGNetv4,1,33,0.855,0.855,0.9529,0.91,0.91,0.9699,40,150,FM-Full_A-None_AdaBN-F
Lee2019_MI,EEGNetv4,1,45,0.81,0.81,0.9143,0.85,0.85,0.9441,40,150,FM-Full_A-None_AdaBN-F
Lee2019_MI,EEGNetv4,1,49,0.69,0.69,0.9013,0.855,0.855,0.9494,40,150,FM-Full_A-None_AdaBN-F
Lee2019_MI,EEGNetv4,1,50,0.62,0.62,0.6074999999999999,0.595,0.595,0.6104,40,150,FM-Full_A-None_AdaBN-F
Lee2019_MI,EEGNetv4,1,53,0.76,0.76,0.85,0.75,0.75,0.8421,40,150,FM-Full_A-None_AdaBN-F
Lee2019_MI,EEGNetv4,2,5,0.665,0.665,0.7930999999999999,0.805,0.8049999999999999,0.8783,40,150,FM-Full_A-None_AdaBN-F
Lee2019_MI,EEGNetv4,2,7,0.715,0.715,0.7718,0.715,0.7150000000000001,0.7882,40,150,FM-Full_A-None_AdaBN-F
Lee2019_MI,EEGNetv4,2,9,0.8,0.8,0.8881,0.78,0.78,0.8795000000000002,40,150,FM-Full_A-None_AdaBN-F
Lee2019_MI,EEGNetv4,2,16,0.815,0.815,0.895,0.825,0.825,0.9028,40,150,FM-Full_A-None_AdaBN-F
Lee2019_MI,EEGNetv4,2,25,0.85,0.8500000000000001,0.942,0.88,0.88,0.954,40,150,FM-Full_A-None_AdaBN-F
Lee2019_MI,EEGNetv4,2,27,0.83,0.8300000000000001,0.9439,0.875,0.875,0.9568,40,150,FM-Full_A-None_AdaBN-F
Lee2019_MI,EEGNetv4,2,34,0.61,0.61,0.655,0.64,0.6399999999999999,0.6966,40,150,FM-Full_A-None_AdaBN-F
Lee2019_MI,EEGNetv4,2,35,0.78,0.78,0.8834,0.93,0.93,0.9754,40,150,FM-Full_A-None_AdaBN-F
Lee2019_MI,EEGNetv4,2,38,0.67,0.6699999999999999,0.8037,0.755,0.755,0.8386999999999999,40,150,FM-Full_A-None_AdaBN-F
Lee2019_MI,EEGNetv4,2,46,0.61,0.61,0.6965,0.615,0.615,0.6765,40,150,FM-Full_A-None_AdaBN-F
Lee2019_MI,EEGNetv4,2,51,0.715,0.7150000000000001,0.8161,0.77,0.77,0.8289,40,150,FM-Full_A-None_AdaBN-F
Lee2019_MI,EEGNetv4,3,1,0.66,0.6599999999999999,0.7651,0.67,0.6699999999999999,0.7423,40,150,FM-Full_A-None_AdaBN-F
Lee2019_MI,EEGNetv4,3,10,0.72,0.72,0.8209,0.755,0.755,0.8627,40,150,FM-Full_A-None_AdaBN-F
Lee2019_MI,EEGNetv4,3,12,0.725,0.725,0.8293,0.75,0.75,0.8522,40,150,FM-Full_A-None_AdaBN-F
Lee2019_MI,EEGNetv4,3,17,0.645,0.645,0.7177,0.64,0.6399999999999999,0.7436999999999999,40,150,FM-Full_A-None_AdaBN-F
Lee2019_MI,EEGNetv4,3,26,0.81,0.81,0.9129,0.815,0.815,0.921,40,150,FM-Full_A-None_AdaBN-F
Lee2019_MI,EEGNetv4,3,28,0.885,0.885,0.9622,0.9,0.9,0.9676,40,150,FM-Full_A-None_AdaBN-F
Lee2019_MI,EEGNetv4,3,31,0.81,0.81,0.8944,0.83,0.8300000000000001,0.9301,40,150,FM-Full_A-None_AdaBN-F
Lee2019_MI,EEGNetv4,3,32,0.875,0.875,0.9472,0.92,0.92,0.9738,40,150,FM-Full_A-None_AdaBN-F
Lee2019_MI,EEGNetv4,3,37,0.84,0.8400000000000001,0.9257,0.865,0.865,0.9475,40,150,FM-Full_A-None_AdaBN-F
Lee2019_MI,EEGNetv4,3,41,0.74,0.74,0.8426999999999999,0.805,0.805,0.8694,40,150,FM-Full_A-None_AdaBN-F
Lee2019_MI,EEGNetv4,3,48,0.685,0.685,0.7249,0.66,0.6599999999999999,0.7126,40,150,FM-Full_A-None_AdaBN-F
Lee2019_MI,EEGNetv4,4,2,0.745,0.745,0.8166,0.745,0.745,0.7963,40,150,FM-Full_A-None_AdaBN-F
Lee2019_MI,EEGNetv4,4,3,0.77,0.77,0.8952,0.865,0.865,0.9348,40,150,FM-Full_A-None_AdaBN-F
Lee2019_MI,EEGNetv4,4,11,0.68,0.6799999999999999,0.7721999999999999,0.695,0.6950000000000001,0.7753,40,150,FM-Full_A-None_AdaBN-F
Lee2019_MI,EEGNetv4,4,22,0.69,0.69,0.7650999999999999,0.705,0.7050000000000001,0.7687999999999999,40,150,FM-Full_A-None_AdaBN-F
Lee2019_MI,EEGNetv4,4,24,0.655,0.655,0.7879,0.76,0.76,0.8453,40,150,FM-Full_A-None_AdaBN-F
Lee2019_MI,EEGNetv4,4,30,0.75,0.75,0.8648,0.765,0.765,0.8599,40,150,FM-Full_A-None_AdaBN-F
Lee2019_MI,EEGNetv4,4,36,0.91,0.91,0.9978,0.97,0.97,0.9991,40,150,FM-Full_A-None_AdaBN-F
Lee2019_MI,EEGNetv4,4,40,0.825,0.825,0.9123,0.82,0.8200000000000001,0.9205,40,150,FM-Full_A-None_AdaBN-F
Lee2019_MI,EEGNetv4,4,42,0.66,0.66,0.7494,0.69,0.69,0.7388,40,150,FM-Full_A-None_AdaBN-F
Lee2019_MI,EEGNetv4,4,44,0.7,0.7,0.8599,0.82,0.8200000000000001,0.9177,40,150,FM-Full_A-None_AdaBN-F
Lee2019_MI,EEGNetv4,4,47,0.84,0.8400000000000001,0.9183,0.81,0.81,0.8863000000000001,40,150,FM-Full_A-None_AdaBN-F
Lee2019_MI,EEGNetv4,5,8,0.725,0.7250000000000001,0.8344999999999999,0.74,0.74,0.8528,40,150,FM-Full_A-None_AdaBN-F
Lee2019_MI,EEGNetv4,5,15,0.745,0.7450000000000001,0.9031,0.82,0.8200000000000001,0.924,40,150,FM-Full_A-None_AdaBN-F
Lee2019_MI,EEGNetv4,5,19,0.79,0.79,0.9205,0.79,0.79,0.8975,40,150,FM-Full_A-None_AdaBN-F
Lee2019_MI,EEGNetv4,5,21,0.95,0.95,0.9975,0.97,0.97,0.9908,40,150,FM-Full_A-None_AdaBN-F
Lee2019_MI,EEGNetv4,5,23,0.79,0.79,0.8768,0.8,0.8,0.8876999999999999,40,150,FM-Full_A-None_AdaBN-F
Lee2019_MI,EEGNetv4,5,29,0.68,0.6799999999999999,0.744,0.81,0.81,0.8881,40,150,FM-Full_A-None_AdaBN-F
Lee2019_MI,EEGNetv4,5,39,0.81,0.81,0.8787000000000001,0.79,0.79,0.865,40,150,FM-Full_A-None_AdaBN-F
Lee2019_MI,EEGNetv4,5,43,0.85,0.85,0.9286,0.855,0.855,0.9314,40,150,FM-Full_A-None_AdaBN-F
Lee2019_MI,EEGNetv4,5,52,0.73,0.73,0.8634,0.835,0.835,0.9219,40,150,FM-Full_A-None_AdaBN-F
Lee2019_MI,EEGNetv4,5,54,0.68,0.6799999999999999,0.7583,0.665,0.665,0.7671,40,150,FM-Full_A-None_AdaBN-F
Huebner2017,EEGNetv4,1,1,0.9587548638132296,0.9307955448615431,0.9881990281695148,0.9765758754863814,0.9677436334010728,0.9940767132496984,10,3750,FM-Full_A-None_AdaBN-F
Huebner2017,EEGNetv4,1,10,0.965321072319202,0.9413377456446088,0.9916367105558,0.984413965087282,0.979493956582425,0.9975856364554284,10,3750,FM-Full_A-None_AdaBN-F
Huebner2017,EEGNetv4,1,12,0.8609554933084345,0.7111696174196174,0.9470310302816916,0.9611733582321818,0.945538258038258,0.9880158804183276,10,3750,FM-Full_A-None_AdaBN-F
Huebner2017,EEGNetv4,2,3,0.9193774319066148,0.8841016221944371,0.9585310022701892,0.953385214007782,0.9347242549461152,0.9840767381539312,10,3750,FM-Full_A-None_AdaBN-F
Huebner2017,EEGNetv4,2,6,0.917454757734968,0.9384735033668306,0.9910730973856188,0.98353765323993,0.9780623181615123,0.9964840453567508,10,3750,FM-Full_A-None_AdaBN-F
Huebner2017,EEGNetv4,2,9,0.9334733893557424,0.9470009157509156,0.9905837750579816,0.9775132275132276,0.97018722018722,0.9964402269296448,10,3750,FM-Full_A-None_AdaBN-F
Huebner2017,EEGNetv4,3,2,0.8703703703703703,0.8810159747659747,0.9475913960867663,0.9590725178960472,0.943821225071225,0.9869208891612992,10,3750,FM-Full_A-None_AdaBN-F
Huebner2017,EEGNetv4,3,5,0.849128540305011,0.8395400895400895,0.9140418740699824,0.9349517584811704,0.9077889702889704,0.9722933194328698,10,3750,FM-Full_A-None_AdaBN-F
Huebner2017,EEGNetv4,3,13,0.9316006536456308,0.9015928102469012,0.9721249878183584,0.9747879542448058,0.96462829772525,0.99396981806415,10,3750,FM-Full_A-None_AdaBN-F
Huebner2017,EEGNetv4,4,8,0.8379766536964981,0.6724649106086109,0.8982877801255067,0.9132295719844358,0.8789370900224758,0.9591617861100612,10,3750,FM-Full_A-None_AdaBN-F
Huebner2017,EEGNetv4,4,11,0.797649622538719,0.5894308570852987,0.8328079943985991,0.8740758035644798,0.8209037551106757,0.9107417122772496,10,3750,FM-Full_A-None_AdaBN-F
Huebner2017,EEGNetv4,5,4,0.9459143968871596,0.8979053318751569,0.9876072833977882,0.9860700389105058,0.9815059145534416,0.9980912251482678,10,3750,FM-Full_A-None_AdaBN-F
Huebner2017,EEGNetv4,5,7,0.9774354186118892,0.9689916564916564,0.99623874557737,0.992530345471522,0.9903083028083028,0.9995637598977548,10,3750,FM-Full_A-None_AdaBN-F
Huebner2017,EEGNetv4,1,1,0.9057587548638132,0.8056059024917157,0.9780385049059992,0.976420233463035,0.9679852381167768,0.9947071942002484,6,12500,FM-Full_A-None_AdaBN-F
Huebner2017,EEGNetv4,1,10,0.9474750623441396,0.9023923942300685,0.9871396154998744,0.9840243142144638,0.9777493027864246,0.9977447368136868,6,12500,FM-Full_A-None_AdaBN-F
Huebner2017,EEGNetv4,1,12,0.8658574540927482,0.7204415954415955,0.9594527190426664,0.9606286959228136,0.9435795685795686,0.989235131968267,6,12500,FM-Full_A-None_AdaBN-F
Huebner2017,EEGNetv4,2,3,0.9161867704280156,0.8574067410508994,0.9599483055429016,0.956342412451362,0.937916943978668,0.9861742130531568,6,12500,FM-Full_A-None_AdaBN-F
Huebner2017,EEGNetv4,2,6,0.915936952714536,0.9355899711029056,0.986940674930501,0.984938704028021,0.9794940226838328,0.99730083583743,6,12500,FM-Full_A-None_AdaBN-F
Huebner2017,EEGNetv4,2,9,0.925925925925926,0.944469881969882,0.9917001156667165,0.9804699657640834,0.972120472120472,0.9972051864826336,6,12500,FM-Full_A-None_AdaBN-F
Huebner2017,EEGNetv4,3,2,0.8934796140678494,0.902879527879528,0.9651688271066576,0.9607843137254902,0.9465430402930404,0.9883498657060166,6,12500,FM-Full_A-None_AdaBN-F
Huebner2017,EEGNetv4,3,5,0.888422035480859,0.860309829059829,0.9409776058254892,0.9396202925614692,0.9130163817663816,0.9742421669918362,6,12500,FM-Full_A-None_AdaBN-F
Huebner2017,EEGNetv4,3,13,0.9361139210956346,0.883597008673329,0.9765140300209496,0.975955178585324,0.9652770374570008,0.9945012001272814,6,12500,FM-Full_A-None_AdaBN-F
Huebner2017,EEGNetv4,4,8,0.8295719844357977,0.6825356440153916,0.8631629843402182,0.9140077821011672,0.8768133983697286,0.9571132614906788,6,12500,FM-Full_A-None_AdaBN-F
Huebner2017,EEGNetv4,4,11,0.8030196902482684,0.6054238894037092,0.8359810352801668,0.8761771344073469,0.8226212006882037,0.91493520501853,6,12500,FM-Full_A-None_AdaBN-F
Huebner2017,EEGNetv4,5,4,0.9447470817120622,0.8911902083016983,0.990848165486879,0.9849805447470816,0.9805646018499672,0.998257629176238,6,12500,FM-Full_A-None_AdaBN-F
Huebner2017,EEGNetv4,5,7,0.9576719576719576,0.9179512617012616,0.993078267631839,0.9928415810768751,0.9900539275539276,0.9995242072375008,6,12500,FM-Full_A-None_AdaBN-F
Yang2025,EEGNetv4,1,4,0.58,0.58,0.6294000000000001,0.5733333333333334,0.5733333333333333,0.6037,15,600,FM-Full_A-None_AdaBN-F
Yang2025,EEGNetv4,1,13,0.7766666666666666,0.7766666666666666,0.824388888888889,0.8166666666666667,0.8166666666666667,0.8712444444444444,15,600,FM-Full_A-None_AdaBN-F
Yang2025,EEGNetv4,1,14,0.5616666666666666,0.5616666666666666,0.5728888888888889,0.5716666666666667,0.5716666666666667,0.5991333333333333,15,600,FM-Full_A-None_AdaBN-F
Yang2025,EEGNetv4,1,18,0.6683333333333333,0.6683333333333333,0.7175555555555555,0.6666666666666666,0.6666666666666667,0.7290055555555555,15,600,FM-Full_A-None_AdaBN-F
Yang2025,EEGNetv4,1,25,0.9183333333333332,0.9183333333333332,0.9660777777777776,0.9433333333333334,0.9433333333333334,0.9799888888888888,15,600,FM-Full_A-None_AdaBN-F
Yang2025,EEGNetv4,1,31,0.745,0.745,0.8103,0.7966666666666666,0.7966666666666666,0.8765000000000001,15,600,FM-Full_A-None_AdaBN-F
Yang2025,EEGNetv4,1,32,0.5342237061769616,0.534319955406912,0.5524637681159421,0.5709515859766278,0.5709253065774804,0.5985061315496099,15,600,FM-Full_A-None_AdaBN-F
Yang2025,EEGNetv4,1,33,0.9483333333333334,0.9483333333333334,0.9874444444444443,0.96,0.96,0.9936444444444444,15,600,FM-Full_A-None_AdaBN-F
Yang2025,EEGNetv4,1,41,0.8533333333333334,0.8533333333333333,0.9529,0.9033333333333332,0.9033333333333332,0.9688,15,600,FM-Full_A-None_AdaBN-F
Yang2025,EEGNetv4,1,44,0.7133333333333334,0.7133333333333334,0.7960333333333334,0.7333333333333333,0.7333333333333334,0.8185722222222223,15,600,FM-Full_A-None_AdaBN-F
Yang2025,EEGNetv4,1,47,0.88,0.88,0.9545333333333336,0.9033333333333332,0.9033333333333332,0.9696,15,600,FM-Full_A-None_AdaBN-F
Yang2025,EEGNetv4,2,5,0.8433333333333334,0.8433333333333333,0.9250111111111112,0.8933333333333333,0.8933333333333333,0.9484111111111112,15,600,FM-Full_A-None_AdaBN-F
Yang2025,EEGNetv4,2,7,0.7416666666666667,0.7416666666666667,0.8149333333333333,0.79,0.79,0.8852000000000001,15,600,FM-Full_A-None_AdaBN-F
Yang2025,EEGNetv4,2,9,0.6533333333333333,0.6533333333333333,0.7716555555555557,0.6916666666666667,0.6916666666666667,0.7829777777777778,15,600,FM-Full_A-None_AdaBN-F
Yang2025,EEGNetv4,2,16,0.5866666666666667,0.5866666666666667,0.6211666666666666,0.64,0.6399999999999999,0.6984444444444444,15,600,FM-Full_A-None_AdaBN-F
Yang2025,EEGNetv4,2,20,0.745,0.745,0.8261555555555555,0.905,0.905,0.9535277777777778,15,600,FM-Full_A-None_AdaBN-F
Yang2025,EEGNetv4,2,34,0.615,0.615,0.6443222222222222,0.8016666666666666,0.8016666666666667,0.8947888888888889,15,600,FM-Full_A-None_AdaBN-F
Yang2025,EEGNetv4,2,37,0.8583333333333333,0.8583333333333334,0.9336333333333332,0.9233333333333332,0.9233333333333332,0.9737,15,600,FM-Full_A-None_AdaBN-F
Yang2025,EEGNetv4,2,48,0.83,0.8300000000000001,0.9127111111111113,0.8816666666666667,0.8816666666666667,0.9503611111111112,15,600,FM-Full_A-None_AdaBN-F
Yang2025,EEGNetv4,2,49,0.8833333333333333,0.8833333333333333,0.9703777777777778,0.9516666666666668,0.9516666666666668,0.9895,15,600,FM-Full_A-None_AdaBN-F
Yang2025,EEGNetv4,2,50,0.875,0.875,0.9623,0.94,0.94,0.9842222222222224,15,600,FM-Full_A-None_AdaBN-F
Yang2025,EEGNetv4,3,1,0.925,0.925,0.9805222222222222,0.94,0.94,0.9841666666666667,15,600,FM-Full_A-None_AdaBN-F
Yang2025,EEGNetv4,3,10,0.7866666666666666,0.7866666666666666,0.8946888888888889,0.8533333333333334,0.8533333333333333,0.9360611111111112,15,600,FM-Full_A-None_AdaBN-F
Yang2025,EEGNetv4,3,12,0.59,0.59,0.6339333333333333,0.5616666666666666,0.5616666666666668,0.5881666666666666,15,600,FM-Full_A-None_AdaBN-F
Yang2025,EEGNetv4,3,17,0.7766666666666666,0.7766666666666666,0.8606055555555556,0.8083333333333333,0.8083333333333333,0.8974,15,600,FM-Full_A-None_AdaBN-F
Yang2025,EEGNetv4,3,26,0.7863105175292153,0.7862764771460424,0.843210702341137,0.8964941569282137,0.8964715719063545,0.9582720178372351,15,600,FM-Full_A-None_AdaBN-F
Yang2025,EEGNetv4,3,27,0.62,0.62,0.6658,0.7083333333333334,0.7083333333333333,0.7693722222222221,15,600,FM-Full_A-None_AdaBN-F
Yang2025,EEGNetv4,3,28,0.7933333333333333,0.7933333333333333,0.8949222222222223,0.89,0.89,0.957011111111111,15,600,FM-Full_A-None_AdaBN-F
Yang2025,EEGNetv4,3,35,0.9633333333333334,0.9633333333333334,0.9910444444444444,0.9733333333333334,0.9733333333333334,0.9911333333333332,15,600,FM-Full_A-None_AdaBN-F
Yang2025,EEGNetv4,3,45,0.8466666666666667,0.8466666666666667,0.9099166666666668,0.8816666666666667,0.8816666666666666,0.9448277777777778,15,600,FM-Full_A-None_AdaBN-F
Yang2025,EEGNetv4,3,46,0.965,0.965,0.9942333333333334,0.99,0.99,0.9989444444444444,15,600,FM-Full_A-None_AdaBN-F
Yang2025,EEGNetv4,4,2,0.68,0.6799999999999999,0.7465111111111111,0.68,0.6799999999999999,0.7456888888888888,15,600,FM-Full_A-None_AdaBN-F
Yang2025,EEGNetv4,4,3,0.94,0.94,0.9860666666666668,0.9566666666666668,0.9566666666666668,0.9899111111111112,15,600,FM-Full_A-None_AdaBN-F
Yang2025,EEGNetv4,4,6,0.9283333333333332,0.9283333333333332,0.9764944444444446,0.9716666666666668,0.9716666666666668,0.9932388888888888,15,600,FM-Full_A-None_AdaBN-F
Yang2025,EEGNetv4,4,22,0.8,0.8,0.8563555555555555,0.85,0.85,0.9209611111111112,15,600,FM-Full_A-None_AdaBN-F
Yang2025,EEGNetv4,4,24,0.9478114478114478,0.9478732087792492,0.9882777072374388,0.9848484848484848,0.9848653183384728,0.9974605477961184,15,600,FM-Full_A-None_AdaBN-F
Yang2025,EEGNetv4,4,30,0.8683333333333333,0.8683333333333333,0.9468944444444444,0.8216666666666667,0.8216666666666667,0.9543111111111112,15,600,FM-Full_A-None_AdaBN-F
Yang2025,EEGNetv4,4,36,0.9016666666666666,0.9016666666666666,0.9688,0.93,0.93,0.9803333333333332,15,600,FM-Full_A-None_AdaBN-F
Yang2025,EEGNetv4,4,38,0.585,0.585,0.6312277777777778,0.6766666666666666,0.6766666666666667,0.7306555555555556,15,600,FM-Full_A-None_AdaBN-F
Yang2025,EEGNetv4,4,40,0.7866666666666666,0.7866666666666666,0.8764222222222222,0.8533333333333334,0.8533333333333333,0.9313888888888888,15,600,FM-Full_A-None_AdaBN-F
Yang2025,EEGNetv4,4,42,0.7966666666666666,0.7966666666666666,0.8699222222222222,0.8083333333333333,0.8083333333333333,0.8878444444444444,15,600,FM-Full_A-None_AdaBN-F
Yang2025,EEGNetv4,5,8,0.8666666666666667,0.8666666666666667,0.9550555555555555,0.93,0.93,0.9781222222222222,15,600,FM-Full_A-None_AdaBN-F
Yang2025,EEGNetv4,5,11,0.84,0.84,0.9183222222222224,0.8983333333333333,0.8983333333333333,0.9555444444444444,15,600,FM-Full_A-None_AdaBN-F
Yang2025,EEGNetv4,5,15,0.7166666666666667,0.7166666666666667,0.800788888888889,0.7716666666666666,0.7716666666666667,0.8659555555555555,15,600,FM-Full_A-None_AdaBN-F
Yang2025,EEGNetv4,5,19,0.82,0.8200000000000001,0.9020222222222224,0.84,0.84,0.9362,15,600,FM-Full_A-None_AdaBN-F
Yang2025,EEGNetv4,5,21,0.8666666666666667,0.8666666666666667,0.9269444444444443,0.9016666666666666,0.9016666666666666,0.9572833333333332,15,600,FM-Full_A-None_AdaBN-F
Yang2025,EEGNetv4,5,23,0.9048414023372288,0.904860646599777,0.9617279821627648,0.9515859766277128,0.951577480490524,0.9855072463768116,15,600,FM-Full_A-None_AdaBN-F
Yang2025,EEGNetv4,5,29,0.6966666666666667,0.6966666666666667,0.7665555555555557,0.8016666666666666,0.8016666666666667,0.8770555555555557,15,600,FM-Full_A-None_AdaBN-F
Yang2025,EEGNetv4,5,39,0.705,0.7050000000000001,0.7834555555555556,0.7533333333333333,0.7533333333333334,0.8438777777777777,15,600,FM-Full_A-None_AdaBN-F
Yang2025,EEGNetv4,5,43,0.9666666666666668,0.9666666666666668,0.9962777777777778,0.9933333333333332,0.9933333333333334,0.9997666666666666,15,600,FM-Full_A-None_AdaBN-F
Yang2025,EEGNetv4,5,51,0.8033333333333333,0.8033333333333333,0.8877666666666666,0.875,0.875,0.9530111111111113,15,600,FM-Full_A-None_AdaBN-F
Lee2019_MI,ShallowConvNet,1,4,0.6,0.6,0.68565,0.715,0.7150000000000001,0.7988999999999999,30,200,FM-Full_A-None_AdaBN-F
Lee2019_MI,ShallowConvNet,1,6,0.815,0.815,0.8934,0.85,0.85,0.9242,30,200,FM-Full_A-None_AdaBN-F
Lee2019_MI,ShallowConvNet,1,13,,,,,,,30,200,FM-Full_A-None_AdaBN-F
Lee2019_MI,ShallowConvNet,1,14,0.715,0.7150000000000001,0.7599,0.72,0.72,0.7681,30,200,FM-Full_A-None_AdaBN-F
Lee2019_MI,ShallowConvNet,1,18,0.75,0.75,0.92355,0.87,0.87,0.9417,30,200,FM-Full_A-None_AdaBN-F
Lee2019_MI,ShallowConvNet,1,20,0.765,0.765,0.8331,0.795,0.7949999999999999,0.8842,30,200,FM-Full_A-None_AdaBN-F
Lee2019_MI,ShallowConvNet,1,33,0.885,0.885,0.9625,0.91,0.91,0.9693,30,200,FM-Full_A-None_AdaBN-F
Lee2019_MI,ShallowConvNet,1,45,0.79,0.79,0.9281,0.87,0.87,0.9334,30,200,FM-Full_A-None_AdaBN-F
Lee2019_MI,ShallowConvNet,1,49,0.645,0.645,0.8937999999999999,0.83,0.8300000000000001,0.9159,30,200,FM-Full_A-None_AdaBN-F
Lee2019_MI,ShallowConvNet,1,50,0.535,0.535,0.59765,0.6,0.6000000000000001,0.6468499999999999,30,200,FM-Full_A-None_AdaBN-F
Lee2019_MI,ShallowConvNet,1,53,0.725,0.725,0.8180999999999999,0.74,0.74,0.7804000000000001,30,200,FM-Full_A-None_AdaBN-F
Lee2019_MI,ShallowConvNet,2,5,0.825,0.825,0.9265,0.835,0.835,0.9285,30,200,FM-Full_A-None_AdaBN-F
Lee2019_MI,ShallowConvNet,2,7,0.615,0.615,0.7182999999999999,0.67,0.67,0.7438,30,200,FM-Full_A-None_AdaBN-F
Lee2019_MI,ShallowConvNet,2,9,0.73,0.73,0.8190000000000001,0.735,0.735,0.8149,30,200,FM-Full_A-None_AdaBN-F
Lee2019_MI,ShallowConvNet,2,16,0.8,0.8,0.8712,0.805,0.8049999999999999,0.9075,30,200,FM-Full_A-None_AdaBN-F
Lee2019_MI,ShallowConvNet,2,25,0.82,0.8200000000000001,0.9122,0.84,0.8400000000000001,0.94,30,200,FM-Full_A-None_AdaBN-F
Lee2019_MI,ShallowConvNet,2,27,0.755,0.755,0.8468,0.765,0.7649999999999999,0.8594999999999999,30,200,FM-Full_A-None_AdaBN-F
Lee2019_MI,ShallowConvNet,2,34,0.565,0.565,0.6097,0.625,0.625,0.6957000000000001,30,200,FM-Full_A-None_AdaBN-F
Lee2019_MI,ShallowConvNet,2,35,0.755,0.755,0.8394,0.91,0.91,0.9767,30,200,FM-Full_A-None_AdaBN-F
Lee2019_MI,ShallowConvNet,2,38,0.605,0.605,0.6877,0.605,0.605,0.6866999999999999,30,200,FM-Full_A-None_AdaBN-F
Lee2019_MI,ShallowConvNet,2,46,0.645,0.645,0.7568,0.695,0.6950000000000001,0.7478,30,200,FM-Full_A-None_AdaBN-F
Lee2019_MI,ShallowConvNet,2,51,0.605,0.605,0.72955,0.62,0.62,0.6869,30,200,FM-Full_A-None_AdaBN-F
Lee2019_MI,ShallowConvNet,3,1,0.65,0.65,0.8025,0.68,0.6799999999999999,0.7535499999999999,30,200,FM-Full_A-None_AdaBN-F
Lee2019_MI,ShallowConvNet,3,10,0.715,0.7150000000000001,0.7872,0.715,0.715,0.8044000000000001,30,200,FM-Full_A-None_AdaBN-F
Lee2019_MI,ShallowConvNet,3,12,0.76,0.76,0.8601000000000001,0.78,0.78,0.8558999999999999,30,200,FM-Full_A-None_AdaBN-F
Lee2019_MI,ShallowConvNet,3,17,0.64,0.64,0.7064,0.675,0.675,0.7073999999999998,30,200,FM-Full_A-None_AdaBN-F
Lee2019_MI,ShallowConvNet,3,26,0.825,0.825,0.9177,0.805,0.805,0.8983000000000001,30,200,FM-Full_A-None_AdaBN-F
Lee2019_MI,ShallowConvNet,3,28,0.92,0.92,0.9801,0.925,0.925,0.9811,30,200,FM-Full_A-None_AdaBN-F
Lee2019_MI,ShallowConvNet,3,31,0.77,0.77,0.8803,0.795,0.7949999999999999,0.8881,30,200,FM-Full_A-None_AdaBN-F
Lee2019_MI,ShallowConvNet,3,32,0.82,0.8200000000000001,0.9077,0.895,0.895,0.9415,30,200,FM-Full_A-None_AdaBN-F
Lee2019_MI,ShallowConvNet,3,37,0.875,0.875,0.9612,0.89,0.89,0.9751,30,200,FM-Full_A-None_AdaBN-F
Lee2019_MI,ShallowConvNet,3,41,0.62,0.62,0.7824000000000001,0.67,0.6699999999999999,0.7459,30,200,FM-Full_A-None_AdaBN-F
Lee2019_MI,ShallowConvNet,3,48,0.73,0.73,0.8067000000000001,0.705,0.705,0.7942,30,200,FM-Full_A-None_AdaBN-F
Lee2019_MI,ShallowConvNet,4,2,0.8,0.8,0.8801,0.79,0.79,0.8941,30,200,FM-Full_A-None_AdaBN-F
Lee2019_MI,ShallowConvNet,4,3,0.81,0.81,0.86235,0.855,0.855,0.9344,30,200,FM-Full_A-None_AdaBN-F
Lee2019_MI,ShallowConvNet,4,11,0.685,0.685,0.768,0.67,0.6699999999999999,0.7318,30,200,FM-Full_A-None_AdaBN-F
Lee2019_MI,ShallowConvNet,4,22,0.66,0.66,0.7141000000000001,0.61,0.6100000000000001,0.7060000000000001,30,200,FM-Full_A-None_AdaBN-F
Lee2019_MI,ShallowConvNet,4,24,0.625,0.625,0.7462,0.68,0.6799999999999999,0.7256,30,200,FM-Full_A-None_AdaBN-F
Lee2019_MI,ShallowConvNet,4,30,0.685,0.685,0.7715,0.715,0.715,0.7965000000000001,30,200,FM-Full_A-None_AdaBN-F
Lee2019_MI,ShallowConvNet,4,36,0.895,0.895,0.9964,0.96,0.96,0.9947,30,200,FM-Full_A-None_AdaBN-F
Lee2019_MI,ShallowConvNet,4,40,0.745,0.745,0.8577000000000001,0.765,0.765,0.8492000000000001,30,200,FM-Full_A-None_AdaBN-F
Lee2019_MI,ShallowConvNet,4,42,0.685,0.685,0.7845000000000001,0.645,0.645,0.7379999999999999,30,200,FM-Full_A-None_AdaBN-F
Lee2019_MI,ShallowConvNet,4,44,0.64,0.64,0.8356,0.775,0.775,0.8553,30,200,FM-Full_A-None_AdaBN-F
Lee2019_MI,ShallowConvNet,4,47,0.805,0.8049999999999999,0.8986999999999999,0.83,0.8300000000000001,0.9034,30,200,FM-Full_A-None_AdaBN-F
Lee2019_MI,ShallowConvNet,5,8,0.71,0.71,0.7763,0.695,0.6950000000000001,0.78335,30,200,FM-Full_A-None_AdaBN-F
Lee2019_MI,ShallowConvNet,5,15,0.665,0.665,0.7385999999999999,0.725,0.725,0.8057000000000001,30,200,FM-Full_A-None_AdaBN-F
Lee2019_MI,ShallowConvNet,5,19,0.775,0.775,0.8902,0.79,0.79,0.8895,30,200,FM-Full_A-None_AdaBN-F
Lee2019_MI,ShallowConvNet,5,21,0.91,0.91,0.9955,0.97,0.97,0.9944,30,200,FM-Full_A-None_AdaBN-F
Lee2019_MI,ShallowConvNet,5,23,0.76,0.76,0.8463999999999999,0.745,0.745,0.8382000000000001,30,200,FM-Full_A-None_AdaBN-F
Lee2019_MI,ShallowConvNet,5,29,0.74,0.74,0.8001,0.895,0.895,0.9412,30,200,FM-Full_A-None_AdaBN-F
Lee2019_MI,ShallowConvNet,5,39,0.805,0.8049999999999999,0.8924000000000001,0.79,0.79,0.882,30,200,FM-Full_A-None_AdaBN-F
Lee2019_MI,ShallowConvNet,5,43,0.855,0.855,0.9451,0.86,0.86,0.9308,30,200,FM-Full_A-None_AdaBN-F
Lee2019_MI,ShallowConvNet,5,52,0.77,0.77,0.8485,0.73,0.73,0.8247,30,200,FM-Full_A-None_AdaBN-F
Lee2019_MI,ShallowConvNet,5,54,0.66,0.66,0.7373,0.705,0.705,0.7924500000000001,30,200,FM-Full_A-None_AdaBN-F
MAMEM2,ShallowConvNet,1,2,0.232,0.232,0.5250297744360902,0.288,0.2800000000000001,0.5194518295739348,8,75,FM-Full_A-None_AdaBN-F
MAMEM2,ShallowConvNet,1,9,0.168,0.182,0.4609399498746868,0.168,0.1713333333333333,0.4887059649122807,8,75,FM-Full_A-None_AdaBN-F
MAMEM2,ShallowConvNet,2,1,0.2,0.1973333333333333,0.4949030576441102,0.24,0.236,0.5547027568922307,8,75,FM-Full_A-None_AdaBN-F
MAMEM2,ShallowConvNet,2,6,0.216,0.206,0.500282105263158,0.208,0.1986666666666666,0.5342225563909774,8,75,FM-Full_A-None_AdaBN-F
MAMEM2,ShallowConvNet,3,3,0.192,0.1846666666666666,0.4829599999999999,0.224,0.2186666666666666,0.5064511278195488,8,75,FM-Full_A-None_AdaBN-F
MAMEM2,ShallowConvNet,3,8,0.248,0.2506666666666667,0.5405828571428571,0.256,0.252,0.5246648621553884,8,75,FM-Full_A-None_AdaBN-F
MAMEM2,ShallowConvNet,4,5,0.192,0.1853333333333333,0.5037142857142858,0.256,0.2493333333333333,0.5237930827067669,8,75,FM-Full_A-None_AdaBN-F
MAMEM2,ShallowConvNet,4,10,0.24,0.2286666666666666,0.5113407518796993,0.248,0.2446666666666666,0.5492795989974937,8,75,FM-Full_A-None_AdaBN-F
MAMEM2,ShallowConvNet,5,4,0.184,0.1793333333333333,0.471350977443609,0.208,0.22,0.4745437593984962,8,75,FM-Full_A-None_AdaBN-F
MAMEM2,ShallowConvNet,5,7,0.176,0.174,0.4782570426065163,0.192,0.1833333333333333,0.486674686716792,8,75,FM-Full_A-None_AdaBN-F
Lee2019_SSVEP,ATCNet,1,4,0.995,0.995,1.0,1.0,1.0,1.0,40,100,FM-Full_A-None_AdaBN-F
Lee2019_SSVEP,ATCNet,1,6,0.99,0.99,1.0,1.0,1.0,1.0,40,100,FM-Full_A-None_AdaBN-F
Lee2019_SSVEP,ATCNet,1,13,0.975,0.975,0.9995666666666668,0.995,0.995,1.0,40,100,FM-Full_A-None_AdaBN-F
Lee2019_SSVEP,ATCNet,1,14,0.78,0.78,0.9422333333333331,0.935,0.935,0.9959,40,100,FM-Full_A-None_AdaBN-F
Lee2019_SSVEP,ATCNet,1,18,0.98,0.98,0.9994,0.98,0.98,0.9993333333333332,40,100,FM-Full_A-None_AdaBN-F
Lee2019_SSVEP,ATCNet,1,20,0.97,0.97,0.9992333333333334,0.98,0.98,0.9994666666666668,40,100,FM-Full_A-None_AdaBN-F
Lee2019_SSVEP,ATCNet,1,33,0.995,0.995,0.9999666666666668,1.0,1.0,1.0,40,100,FM-Full_A-None_AdaBN-F
Lee2019_SSVEP,ATCNet,1,45,0.885,0.885,0.9902333333333334,0.91,0.91,0.9934,40,100,FM-Full_A-None_AdaBN-F
Lee2019_SSVEP,ATCNet,1,49,0.99,0.99,0.9999666666666668,0.995,0.995,0.9999666666666668,40,100,FM-Full_A-None_AdaBN-F
Lee2019_SSVEP,ATCNet,1,50,0.99,0.99,1.0,0.99,0.99,0.9999,40,100,FM-Full_A-None_AdaBN-F
Lee2019_SSVEP,ATCNet,1,53,1.0,1.0,1.0,1.0,1.0,1.0,40,100,FM-Full_A-None_AdaBN-F
Lee2019_SSVEP,ATCNet,2,5,0.81,0.81,0.9615,0.86,0.8599999999999999,0.972,40,100,FM-Full_A-None_AdaBN-F
Lee2019_SSVEP,ATCNet,2,7,1.0,1.0,1.0,1.0,1.0,1.0,40,100,FM-Full_A-None_AdaBN-F
Lee2019_SSVEP,ATCNet,2,9,0.94,0.94,0.9960333333333332,0.975,0.975,0.9990666666666668,40,100,FM-Full_A-None_AdaBN-F
Lee2019_SSVEP,ATCNet,2,16,0.995,0.995,1.0,0.995,0.995,1.0,40,100,FM-Full_A-None_AdaBN-F
Lee2019_SSVEP,ATCNet,2,25,0.95,0.95,0.9990666666666668,0.975,0.975,0.9993,40,100,FM-Full_A-None_AdaBN-F
Lee2019_SSVEP,ATCNet,2,27,0.99,0.99,0.9999666666666668,0.99,0.99,0.9999,40,100,FM-Full_A-None_AdaBN-F
Lee2019_SSVEP,ATCNet,2,34,0.83,0.83,0.9548666666666668,0.855,0.855,0.9735333333333334,40,100,FM-Full_A-None_AdaBN-F
Lee2019_SSVEP,ATCNet,2,35,0.97,0.97,0.9995,0.985,0.985,0.9987666666666668,40,100,FM-Full_A-None_AdaBN-F
Lee2019_SSVEP,ATCNet,2,38,0.985,0.985,0.9998,0.99,0.99,0.9997,40,100,FM-Full_A-None_AdaBN-F
Lee2019_SSVEP,ATCNet,2,46,0.98,0.98,0.9999333333333332,1.0,1.0,1.0,40,100,FM-Full_A-None_AdaBN-F
Lee2019_SSVEP,ATCNet,2,51,0.765,0.7649999999999999,0.9395666666666668,0.83,0.8300000000000001,0.9614,40,100,FM-Full_A-None_AdaBN-F
Lee2019_SSVEP,ATCNet,3,1,0.945,0.945,0.9956333333333334,0.96,0.96,0.9974,40,100,FM-Full_A-None_AdaBN-F
Lee2019_SSVEP,ATCNet,3,10,1.0,1.0,1.0,1.0,1.0,1.0,40,100,FM-Full_A-None_AdaBN-F
Lee2019_SSVEP,ATCNet,3,12,0.96,0.96,0.9987,0.965,0.965,0.9982666666666666,40,100,FM-Full_A-None_AdaBN-F
Lee2019_SSVEP,ATCNet,3,17,0.745,0.745,0.9629,0.925,0.925,0.9954,40,100,FM-Full_A-None_AdaBN-F
Lee2019_SSVEP,ATCNet,3,26,0.99,0.99,0.9998333333333334,0.995,0.995,1.0,40,100,FM-Full_A-None_AdaBN-F
Lee2019_SSVEP,ATCNet,3,28,0.955,0.955,0.9976333333333334,0.97,0.97,0.9987333333333334,40,100,FM-Full_A-None_AdaBN-F
Lee2019_SSVEP,ATCNet,3,31,1.0,1.0,1.0,1.0,1.0,1.0,40,100,FM-Full_A-None_AdaBN-F
Lee2019_SSVEP,ATCNet,3,32,0.87,0.87,0.9746666666666666,0.945,0.945,0.9963333333333332,40,100,FM-Full_A-None_AdaBN-F
Lee2019_SSVEP,ATCNet,3,37,0.985,0.985,0.9997333333333334,0.99,0.99,0.9998333333333334,40,100,FM-Full_A-None_AdaBN-F
Lee2019_SSVEP,ATCNet,3,41,0.965,0.965,0.9995333333333334,0.99,0.99,0.9999,40,100,FM-Full_A-None_AdaBN-F
Lee2019_SSVEP,ATCNet,3,48,0.995,0.995,1.0,0.995,0.995,1.0,40,100,FM-Full_A-None_AdaBN-F
Lee2019_SSVEP,ATCNet,4,2,0.99,0.99,0.9999333333333332,0.99,0.99,0.9999333333333332,40,100,FM-Full_A-None_AdaBN-F
Lee2019_SSVEP,ATCNet,4,3,0.9,0.8999999999999999,0.9882666666666666,0.91,0.91,0.9908,40,100,FM-Full_A-None_AdaBN-F
Lee2019_SSVEP,ATCNet,4,11,1.0,1.0,1.0,1.0,1.0,1.0,40,100,FM-Full_A-None_AdaBN-F
Lee2019_SSVEP,ATCNet,4,22,0.78,0.78,0.9622666666666668,0.895,0.895,0.9841666666666666,40,100,FM-Full_A-None_AdaBN-F
Lee2019_SSVEP,ATCNet,4,24,0.905,0.905,0.9955666666666668,0.97,0.97,0.9938333333333332,40,100,FM-Full_A-None_AdaBN-F
Lee2019_SSVEP,ATCNet,4,30,0.975,0.975,0.9994333333333334,0.995,0.995,1.0,40,100,FM-Full_A-None_AdaBN-F
Lee2019_SSVEP,ATCNet,4,36,1.0,1.0,1.0,1.0,1.0,1.0,40,100,FM-Full_A-None_AdaBN-F
Lee2019_SSVEP,ATCNet,4,40,0.92,0.92,0.9913666666666668,0.92,0.92,0.9934,40,100,FM-Full_A-None_AdaBN-F
Lee2019_SSVEP,ATCNet,4,42,0.8,0.7999999999999999,0.9502333333333334,0.785,0.785,0.9563666666666666,40,100,FM-Full_A-None_AdaBN-F
Lee2019_SSVEP,ATCNet,4,44,0.985,0.985,0.9999333333333332,0.99,0.99,1.0,40,100,FM-Full_A-None_AdaBN-F
Lee2019_SSVEP,ATCNet,4,47,0.6,0.6000000000000001,0.8660333333333333,0.6,0.6,0.8557666666666667,40,100,FM-Full_A-None_AdaBN-F
Lee2019_SSVEP,ATCNet,5,8,0.965,0.965,0.9927333333333334,0.96,0.96,0.9942,40,100,FM-Full_A-None_AdaBN-F
Lee2019_SSVEP,ATCNet,5,15,0.805,0.8049999999999999,0.9835333333333334,1.0,1.0,1.0,40,100,FM-Full_A-None_AdaBN-F
Lee2019_SSVEP,ATCNet,5,19,0.985,0.985,0.9999666666666668,0.985,0.985,0.9998333333333334,40,100,FM-Full_A-None_AdaBN-F
Lee2019_SSVEP,ATCNet,5,21,0.96,0.96,0.9984666666666666,0.985,0.985,0.9994333333333334,40,100,FM-Full_A-None_AdaBN-F
Lee2019_SSVEP,ATCNet,5,23,0.31,0.31,0.569,0.55,0.55,0.7812666666666668,40,100,FM-Full_A-None_AdaBN-F
Lee2019_SSVEP,ATCNet,5,29,0.96,0.96,0.9946666666666666,0.965,0.965,0.9976666666666668,40,100,FM-Full_A-None_AdaBN-F
Lee2019_SSVEP,ATCNet,5,39,1.0,1.0,1.0,1.0,1.0,1.0,40,100,FM-Full_A-None_AdaBN-F
Lee2019_SSVEP,ATCNet,5,43,1.0,1.0,1.0,1.0,1.0,1.0,40,100,FM-Full_A-None_AdaBN-F
Lee2019_SSVEP,ATCNet,5,52,0.995,0.995,0.9997333333333334,1.0,1.0,1.0,40,100,FM-Full_A-None_AdaBN-F
Lee2019_SSVEP,ATCNet,5,54,0.795,0.7949999999999999,0.9593333333333334,0.9,0.9,0.9859,40,100,FM-Full_A-None_AdaBN-F
Huebner2017,DeepConvNet,1,1,0.9239688715953308,0.8547121030265239,0.9705425663152611,0.9751750972762646,0.9593878929887988,0.9940262653504308,3,12500,FM-Full_A-None_AdaBN-F
Huebner2017,DeepConvNet,1,10,0.9593204488778054,0.9241198100447352,0.99243955232544,0.9850374064837906,0.9754320294382064,0.9980038971066648,3,12500,FM-Full_A-None_AdaBN-F
Huebner2017,DeepConvNet,1,12,0.8766728913787737,0.7457137769637769,0.956529910357622,0.9656084656084656,0.9494683557183556,0.9916445299629824,3,12500,FM-Full_A-None_AdaBN-F
Huebner2017,DeepConvNet,2,3,0.8650583657587548,0.7318359292967476,0.9231749841420612,0.956887159533074,0.9290020025695784,0.9858728550051316,3,12500,FM-Full_A-None_AdaBN-F
Huebner2017,DeepConvNet,2,6,0.9309982486865148,0.9265226228187152,0.9788468205389322,0.9840046701692936,0.972865600997566,0.997339490608937,3,12500,FM-Full_A-None_AdaBN-F
Huebner2017,DeepConvNet,2,9,0.943821973233738,0.9258368945868948,0.98239383399767,0.9757236227824464,0.9611187423687424,0.9959836973725864,3,12500,FM-Full_A-None_AdaBN-F
Huebner2017,DeepConvNet,3,2,0.8723155929038282,0.8770222832722833,0.945721721143348,0.9593059446000622,0.939166157916158,0.9886959304535364,3,12500,FM-Full_A-None_AdaBN-F
Huebner2017,DeepConvNet,3,5,0.8800186741363212,0.8567612942612942,0.935095682780868,0.9409430438842205,0.8999160561660562,0.975072823328445,3,12500,FM-Full_A-None_AdaBN-F
Huebner2017,DeepConvNet,3,13,0.8974398879464633,0.7953545073151769,0.9555821835478648,0.9755661038051512,0.9602151614464628,0.9946815355383584,3,12500,FM-Full_A-None_AdaBN-F
Huebner2017,DeepConvNet,4,8,0.7905836575875487,0.5661619992095261,0.8235858837960404,0.9142412451361868,0.8659780376972012,0.9547993553438292,3,12500,FM-Full_A-None_AdaBN-F
Huebner2017,DeepConvNet,4,11,0.8233325550626508,0.6508831908755178,0.8663808151347168,0.8849715931200872,0.8101636520444151,0.9180114744149928,3,12500,FM-Full_A-None_AdaBN-F
Huebner2017,DeepConvNet,5,4,0.9629571984435796,0.9496820065973332,0.9915925833039868,0.9845136186770428,0.9746508224589336,0.9983379958096272,3,12500,FM-Full_A-None_AdaBN-F
Huebner2017,DeepConvNet,5,7,0.9674758792405852,0.9493157305657306,0.9932100144980436,0.9922191098661688,0.9878154253154252,0.999475906221938,3,12500,FM-Full_A-None_AdaBN-F
Huebner2017,DeepConvNet,1,1,0.9235797665369648,0.8463311218374316,0.9763944553215363,0.9731517509727626,0.9538299075877948,0.9946352243319474,6,6250,FM-Full_A-None_AdaBN-F
Huebner2017,DeepConvNet,1,10,0.9470074812967582,0.8939496980316034,0.9904984233389038,0.9856608478802992,0.9765273229428488,0.9979124089167744,6,6250,FM-Full_A-None_AdaBN-F
Huebner2017,DeepConvNet,1,12,0.8490507314036726,0.6827813390313391,0.9428082328214602,0.9630407718643011,0.9416081603581604,0.9912928460795524,6,6250,FM-Full_A-None_AdaBN-F
Huebner2017,DeepConvNet,2,3,0.9084046692607004,0.8468241919989834,0.9512859906553932,0.9570428015564202,0.929561607418823,0.9865805054240072,6,6250,FM-Full_A-None_AdaBN-F
Huebner2017,DeepConvNet,2,6,0.8960887332165791,0.9262255495306326,0.9903082634654656,0.9836544074722708,0.9726366283216386,0.9969268319746812,6,6250,FM-Full_A-None_AdaBN-F
Huebner2017,DeepConvNet,2,9,0.9482570806100218,0.949341168091168,0.9891654143059566,0.976657329598506,0.9624160561660562,0.9962903104024136,6,6250,FM-Full_A-None_AdaBN-F
Huebner2017,DeepConvNet,3,2,0.8946467475879241,0.90100986975987,0.9652042242981396,0.9603174603174603,0.939484126984127,0.9892825749720592,6,6250,FM-Full_A-None_AdaBN-F
Huebner2017,DeepConvNet,3,5,0.8860877684407096,0.8531746031746033,0.935266309356918,0.9410208527855588,0.8969907407407407,0.9752170534247254,6,6250,FM-Full_A-None_AdaBN-F
Huebner2017,DeepConvNet,3,13,0.9267761263714888,0.8528816885290122,0.9772250071743812,0.9765776982336004,0.9599608949105236,0.994853441387862,6,6250,FM-Full_A-None_AdaBN-F
Huebner2017,DeepConvNet,4,8,0.8014007782101167,0.5878857598402683,0.863383605556794,0.9153307392996108,0.8677205599656241,0.9551680894387744,6,6250,FM-Full_A-None_AdaBN-F
Huebner2017,DeepConvNet,4,11,0.8193633745816795,0.6558459066688599,0.8409613749637339,0.8855942096661219,0.8174415275681071,0.9204513984952464,6,6250,FM-Full_A-None_AdaBN-F
Huebner2017,DeepConvNet,5,4,0.9397665369649806,0.8784334860433984,0.9908828967957812,0.9854474708171206,0.9760626568966688,0.9984157710565964,6,6250,FM-Full_A-None_AdaBN-F
Huebner2017,DeepConvNet,5,7,0.95479302832244,0.9087428774928776,0.9935059276163772,0.9921413009648304,0.9859330484330484,0.9993283618448962,6,6250,FM-Full_A-None_AdaBN-F
Lee2019_SSVEP,EEGNetv4,1,4,1.0,1.0,1.0,1.0,1.0,1.0,40,50,FM-Full_A-None_AdaBN-F
Lee2019_SSVEP,EEGNetv4,1,6,1.0,1.0,1.0,1.0,1.0,1.0,40,50,FM-Full_A-None_AdaBN-F
Lee2019_SSVEP,EEGNetv4,1,13,0.95,0.95,0.9966333333333331,0.975,0.975,0.9997,40,50,FM-Full_A-None_AdaBN-F
Lee2019_SSVEP,EEGNetv4,1,14,0.9,0.8999999999999999,0.9771833333333334,0.96,0.96,0.9947,40,50,FM-Full_A-None_AdaBN-F
Lee2019_SSVEP,EEGNetv4,1,18,0.995,0.995,1.0,0.995,0.995,1.0,40,50,FM-Full_A-None_AdaBN-F
Lee2019_SSVEP,EEGNetv4,1,20,0.965,0.965,0.9976,0.985,0.985,0.9985666666666668,40,50,FM-Full_A-None_AdaBN-F
Lee2019_SSVEP,EEGNetv4,1,33,1.0,1.0,1.0,1.0,1.0,1.0,40,50,FM-Full_A-None_AdaBN-F
Lee2019_SSVEP,EEGNetv4,1,45,0.97,0.97,0.9992666666666666,0.97,0.97,0.9993,40,50,FM-Full_A-None_AdaBN-F
Lee2019_SSVEP,EEGNetv4,1,49,1.0,1.0,1.0,1.0,1.0,1.0,40,50,FM-Full_A-None_AdaBN-F
Lee2019_SSVEP,EEGNetv4,1,50,0.975,0.975,0.9995333333333334,0.99,0.99,1.0,40,50,FM-Full_A-None_AdaBN-F
Lee2019_SSVEP,EEGNetv4,1,53,1.0,1.0,1.0,1.0,1.0,1.0,40,50,FM-Full_A-None_AdaBN-F
Lee2019_SSVEP,EEGNetv4,2,5,0.79,0.79,0.9401833333333331,0.82,0.8200000000000001,0.9648333333333332,40,50,FM-Full_A-None_AdaBN-F
Lee2019_SSVEP,EEGNetv4,2,7,0.95,0.95,0.9986666666666666,0.995,0.995,0.9999666666666668,40,50,FM-Full_A-None_AdaBN-F
Lee2019_SSVEP,EEGNetv4,2,9,0.985,0.985,0.9999,0.985,0.985,0.9997,40,50,FM-Full_A-None_AdaBN-F
Lee2019_SSVEP,EEGNetv4,2,16,0.995,0.995,0.9994333333333334,0.995,0.995,0.9982666666666666,40,50,FM-Full_A-None_AdaBN-F
Lee2019_SSVEP,EEGNetv4,2,25,0.945,0.945,0.9962,0.975,0.975,0.9985666666666666,40,50,FM-Full_A-None_AdaBN-F
Lee2019_SSVEP,EEGNetv4,2,27,0.995,0.995,0.9999666666666668,0.995,0.995,0.9999666666666668,40,50,FM-Full_A-None_AdaBN-F
Lee2019_SSVEP,EEGNetv4,2,34,0.8,0.8,0.9457333333333332,0.88,0.8799999999999999,0.9728,40,50,FM-Full_A-None_AdaBN-F
Lee2019_SSVEP,EEGNetv4,2,35,0.925,0.925,0.9923666666666668,0.98,0.98,0.9985666666666666,40,50,FM-Full_A-None_AdaBN-F
Lee2019_SSVEP,EEGNetv4,2,38,0.995,0.995,0.9999333333333332,0.995,0.995,0.9999333333333332,40,50,FM-Full_A-None_AdaBN-F
Lee2019_SSVEP,EEGNetv4,2,46,1.0,1.0,1.0,1.0,1.0,1.0,40,50,FM-Full_A-None_AdaBN-F
Lee2019_SSVEP,EEGNetv4,2,51,0.76,0.76,0.9286333333333332,0.845,0.845,0.9633333333333332,40,50,FM-Full_A-None_AdaBN-F
Lee2019_SSVEP,EEGNetv4,3,1,0.955,0.955,0.9926333333333331,0.94,0.94,0.9935333333333334,40,50,FM-Full_A-None_AdaBN-F
Lee2019_SSVEP,EEGNetv4,3,10,0.985,0.985,0.9997666666666668,0.99,0.99,0.9999,40,50,FM-Full_A-None_AdaBN-F
Lee2019_SSVEP,EEGNetv4,3,12,0.97,0.97,0.997,0.97,0.97,0.9951333333333334,40,50,FM-Full_A-None_AdaBN-F
Lee2019_SSVEP,EEGNetv4,3,17,0.945,0.945,0.999,0.975,0.975,0.9994666666666668,40,50,FM-Full_A-None_AdaBN-F
Lee2019_SSVEP,EEGNetv4,3,26,0.935,0.935,0.9971666666666666,0.995,0.995,0.9999666666666668,40,50,FM-Full_A-None_AdaBN-F
Lee2019_SSVEP,EEGNetv4,3,28,0.95,0.95,0.9981666666666668,0.97,0.97,0.9986,40,50,FM-Full_A-None_AdaBN-F
Lee2019_SSVEP,EEGNetv4,3,31,0.995,0.995,1.0,0.995,0.995,1.0,40,50,FM-Full_A-None_AdaBN-F
Lee2019_SSVEP,EEGNetv4,3,32,0.58,0.5800000000000001,0.8693000000000001,0.815,0.8150000000000001,0.9506333333333334,40,50,FM-Full_A-None_AdaBN-F
Lee2019_SSVEP,EEGNetv4,3,37,0.99,0.99,1.0,0.995,0.995,1.0,40,50,FM-Full_A-None_AdaBN-F
Lee2019_SSVEP,EEGNetv4,3,41,0.975,0.975,0.9993333333333334,0.99,0.99,0.9996333333333334,40,50,FM-Full_A-None_AdaBN-F
Lee2019_SSVEP,EEGNetv4,3,48,0.995,0.995,1.0,0.995,0.995,1.0,40,50,FM-Full_A-None_AdaBN-F
Lee2019_SSVEP,EEGNetv4,4,2,0.995,0.995,0.9998,0.99,0.99,0.9999333333333332,40,50,FM-Full_A-None_AdaBN-F
Lee2019_SSVEP,EEGNetv4,4,3,0.91,0.91,0.9924333333333332,0.925,0.925,0.9923333333333332,40,50,FM-Full_A-None_AdaBN-F
Lee2019_SSVEP,EEGNetv4,4,11,0.995,0.995,1.0,1.0,1.0,1.0,40,50,FM-Full_A-None_AdaBN-F
Lee2019_SSVEP,EEGNetv4,4,22,0.9,0.8999999999999999,0.9825,0.91,0.91,0.9896,40,50,FM-Full_A-None_AdaBN-F
Lee2019_SSVEP,EEGNetv4,4,24,0.95,0.95,0.9964,0.965,0.965,0.9959666666666668,40,50,FM-Full_A-None_AdaBN-F
Lee2019_SSVEP,EEGNetv4,4,30,0.97,0.97,0.9859,0.98,0.98,0.9946666666666668,40,50,FM-Full_A-None_AdaBN-F
Lee2019_SSVEP,EEGNetv4,4,36,1.0,1.0,1.0,1.0,1.0,1.0,40,50,FM-Full_A-None_AdaBN-F
Lee2019_SSVEP,EEGNetv4,4,40,0.945,0.945,0.9943666666666666,0.955,0.955,0.9959,40,50,FM-Full_A-None_AdaBN-F
Lee2019_SSVEP,EEGNetv4,4,42,0.795,0.7949999999999999,0.9602333333333332,0.825,0.8250000000000001,0.9635,40,50,FM-Full_A-None_AdaBN-F
Lee2019_SSVEP,EEGNetv4,4,44,0.99,0.99,1.0,0.995,0.995,1.0,40,50,FM-Full_A-None_AdaBN-F
Lee2019_SSVEP,EEGNetv4,4,47,0.635,0.635,0.8566333333333334,0.635,0.635,0.834,40,50,FM-Full_A-None_AdaBN-F
Lee2019_SSVEP,EEGNetv4,5,8,0.91,0.91,0.9960333333333332,0.94,0.94,0.9942,40,50,FM-Full_A-None_AdaBN-F
Lee2019_SSVEP,EEGNetv4,5,15,0.865,0.865,0.9844333333333332,0.985,0.985,0.9997666666666668,40,50,FM-Full_A-None_AdaBN-F
Lee2019_SSVEP,EEGNetv4,5,19,0.985,0.985,0.9959666666666668,0.98,0.98,0.9953666666666666,40,50,FM-Full_A-None_AdaBN-F
Lee2019_SSVEP,EEGNetv4,5,21,0.855,0.855,0.9900666666666668,0.955,0.955,0.9975,40,50,FM-Full_A-None_AdaBN-F
Lee2019_SSVEP,EEGNetv4,5,23,0.31,0.31,0.5942999999999999,0.565,0.5650000000000001,0.7975000000000001,40,50,FM-Full_A-None_AdaBN-F
Lee2019_SSVEP,EEGNetv4,5,29,0.92,0.92,0.9938,0.975,0.975,0.9991666666666666,40,50,FM-Full_A-None_AdaBN-F
Lee2019_SSVEP,EEGNetv4,5,39,1.0,1.0,1.0,1.0,1.0,1.0,40,50,FM-Full_A-None_AdaBN-F
Lee2019_SSVEP,EEGNetv4,5,43,1.0,1.0,1.0,1.0,1.0,1.0,40,50,FM-Full_A-None_AdaBN-F
Lee2019_SSVEP,EEGNetv4,5,52,0.9,0.9,0.9955666666666668,0.96,0.96,0.9989666666666668,40,50,FM-Full_A-None_AdaBN-F
Lee2019_SSVEP,EEGNetv4,5,54,0.65,0.6499999999999999,0.8712,0.855,0.8549999999999999,0.9730666666666666,40,50,FM-Full_A-None_AdaBN-F
Lee2019_SSVEP,EEGNetv4,1,4,0.995,0.995,1.0,0.995,0.995,1.0,20,200,FM-Full_A-None_AdaBN-F
Lee2019_SSVEP,EEGNetv4,1,6,0.98,0.98,0.9998,1.0,1.0,1.0,20,200,FM-Full_A-None_AdaBN-F
Lee2019_SSVEP,EEGNetv4,1,13,0.995,0.995,0.9993666666666666,0.995,0.995,0.9998333333333334,20,200,FM-Full_A-None_AdaBN-F
Lee2019_SSVEP,EEGNetv4,1,14,0.9,0.8999999999999999,0.9837833333333336,0.945,0.945,0.9904166666666668,20,200,FM-Full_A-None_AdaBN-F
Lee2019_SSVEP,EEGNetv4,1,18,0.995,0.995,0.9999666666666668,0.995,0.995,0.9999666666666668,20,200,FM-Full_A-None_AdaBN-F
Lee2019_SSVEP,EEGNetv4,1,20,0.96,0.96,0.9996333333333334,0.98,0.98,0.9993333333333334,20,200,FM-Full_A-None_AdaBN-F
Lee2019_SSVEP,EEGNetv4,1,33,0.995,0.995,1.0,0.995,0.995,1.0,20,200,FM-Full_A-None_AdaBN-F
Lee2019_SSVEP,EEGNetv4,1,45,0.97,0.97,0.9981333333333332,0.97,0.97,0.9975333333333334,20,200,FM-Full_A-None_AdaBN-F
Lee2019_SSVEP,EEGNetv4,1,49,0.945,0.945,0.9992666666666667,0.995,0.995,0.9999666666666668,20,200,FM-Full_A-None_AdaBN-F
Lee2019_SSVEP,EEGNetv4,1,50,0.995,0.995,1.0,1.0,1.0,1.0,20,200,FM-Full_A-None_AdaBN-F
Lee2019_SSVEP,EEGNetv4,1,53,1.0,1.0,1.0,1.0,1.0,1.0,20,200,FM-Full_A-None_AdaBN-F
Lee2019_SSVEP,EEGNetv4,2,5,0.775,0.775,0.9372166666666668,0.82,0.8200000000000001,0.9595833333333332,20,200,FM-Full_A-None_AdaBN-F
Lee2019_SSVEP,EEGNetv4,2,7,0.98,0.98,0.9998333333333334,0.99,0.99,0.9999666666666668,20,200,FM-Full_A-None_AdaBN-F
Lee2019_SSVEP,EEGNetv4,2,9,0.98,0.98,0.9995333333333334,0.98,0.98,0.9994666666666668,20,200,FM-Full_A-None_AdaBN-F
Lee2019_SSVEP,EEGNetv4,2,16,0.995,0.995,0.9988666666666668,0.995,0.995,0.9973333333333332,20,200,FM-Full_A-None_AdaBN-F
Lee2019_SSVEP,EEGNetv4,2,25,0.975,0.975,0.9981666666666666,0.98,0.98,0.9987666666666668,20,200,FM-Full_A-None_AdaBN-F
Lee2019_SSVEP,EEGNetv4,2,27,1.0,1.0,1.0,1.0,1.0,1.0,20,200,FM-Full_A-None_AdaBN-F
Lee2019_SSVEP,EEGNetv4,2,34,0.8,0.8,0.94815,0.875,0.875,0.9705,20,200,FM-Full_A-None_AdaBN-F
Lee2019_SSVEP,EEGNetv4,2,35,0.98,0.98,0.9996,0.995,0.995,0.9998666666666668,20,200,FM-Full_A-None_AdaBN-F
Lee2019_SSVEP,EEGNetv4,2,38,0.995,0.995,0.9999,0.99,0.99,0.9998666666666668,20,200,FM-Full_A-None_AdaBN-F
Lee2019_SSVEP,EEGNetv4,2,46,0.99,0.99,1.0,1.0,1.0,1.0,20,200,FM-Full_A-None_AdaBN-F
Lee2019_SSVEP,EEGNetv4,2,51,0.84,0.8399999999999999,0.9529666666666666,0.855,0.855,0.9647666666666668,20,200,FM-Full_A-None_AdaBN-F
Lee2019_SSVEP,EEGNetv4,3,1,0.945,0.945,0.9963,0.95,0.95,0.9957666666666668,20,200,FM-Full_A-None_AdaBN-F
Lee2019_SSVEP,EEGNetv4,3,10,0.985,0.985,0.9999333333333332,0.99,0.99,0.9999,20,200,FM-Full_A-None_AdaBN-F
Lee2019_SSVEP,EEGNetv4,3,12,0.975,0.975,0.9988,0.96,0.96,0.9976333333333334,20,200,FM-Full_A-None_AdaBN-F
Lee2019_SSVEP,EEGNetv4,3,17,0.945,0.945,0.9972666666666666,0.96,0.96,0.9985666666666666,20,200,FM-Full_A-None_AdaBN-F
Lee2019_SSVEP,EEGNetv4,3,26,0.99,0.99,0.9999666666666668,1.0,1.0,1.0,20,200,FM-Full_A-None_AdaBN-F
Lee2019_SSVEP,EEGNetv4,3,28,0.98,0.98,0.9991,0.985,0.985,0.9992,20,200,FM-Full_A-None_AdaBN-F
Lee2019_SSVEP,EEGNetv4,3,31,0.99,0.99,1.0,0.995,0.995,1.0,20,200,FM-Full_A-None_AdaBN-F
Lee2019_SSVEP,EEGNetv4,3,32,0.715,0.715,0.9045333333333334,0.85,0.85,0.9669666666666666,20,200,FM-Full_A-None_AdaBN-F
Lee2019_SSVEP,EEGNetv4,3,37,0.99,0.99,0.9999333333333332,0.995,0.995,0.9999666666666668,20,200,FM-Full_A-None_AdaBN-F
Lee2019_SSVEP,EEGNetv4,3,41,0.98,0.98,0.999,0.995,0.995,0.9998,20,200,FM-Full_A-None_AdaBN-F
Lee2019_SSVEP,EEGNetv4,3,48,0.995,0.995,1.0,0.995,0.995,1.0,20,200,FM-Full_A-None_AdaBN-F
Lee2019_SSVEP,EEGNetv4,4,2,0.99,0.99,0.9997333333333334,0.99,0.99,0.9998,20,200,FM-Full_A-None_AdaBN-F
Lee2019_SSVEP,EEGNetv4,4,3,0.945,0.945,0.9974666666666666,0.95,0.95,0.9966333333333334,20,200,FM-Full_A-None_AdaBN-F
Lee2019_SSVEP,EEGNetv4,4,11,1.0,1.0,1.0,1.0,1.0,1.0,20,200,FM-Full_A-None_AdaBN-F
Lee2019_SSVEP,EEGNetv4,4,22,0.88,0.88,0.9778333333333332,0.91,0.91,0.9822333333333332,20,200,FM-Full_A-None_AdaBN-F
Lee2019_SSVEP,EEGNetv4,4,24,0.955,0.955,0.9961,0.975,0.975,0.9948666666666666,20,200,FM-Full_A-None_AdaBN-F
Lee2019_SSVEP,EEGNetv4,4,30,0.975,0.975,0.9971333333333332,0.97,0.97,0.999,20,200,FM-Full_A-None_AdaBN-F
Lee2019_SSVEP,EEGNetv4,4,36,1.0,1.0,1.0,1.0,1.0,1.0,20,200,FM-Full_A-None_AdaBN-F
Lee2019_SSVEP,EEGNetv4,4,40,0.94,0.94,0.9965333333333334,0.945,0.945,0.9970333333333332,20,200,FM-Full_A-None_AdaBN-F
Lee2019_SSVEP,EEGNetv4,4,42,0.8,0.7999999999999999,0.9569,0.785,0.7849999999999999,0.9539666666666666,20,200,FM-Full_A-None_AdaBN-F
Lee2019_SSVEP,EEGNetv4,4,44,0.995,0.995,1.0,0.995,0.995,1.0,20,200,FM-Full_A-None_AdaBN-F
Lee2019_SSVEP,EEGNetv4,4,47,0.605,0.605,0.8506833333333333,0.59,0.5900000000000001,0.8175333333333333,20,200,FM-Full_A-None_AdaBN-F
Lee2019_SSVEP,EEGNetv4,5,8,0.925,0.925,0.9957666666666668,0.94,0.94,0.9953666666666668,20,200,FM-Full_A-None_AdaBN-F
Lee2019_SSVEP,EEGNetv4,5,15,0.89,0.8899999999999999,0.9884,0.995,0.995,1.0,20,200,FM-Full_A-None_AdaBN-F
Lee2019_SSVEP,EEGNetv4,5,19,0.98,0.98,0.9950666666666668,0.985,0.985,0.9951,20,200,FM-Full_A-None_AdaBN-F
Lee2019_SSVEP,EEGNetv4,5,21,0.82,0.82,0.9856,0.95,0.95,0.9955333333333334,20,200,FM-Full_A-None_AdaBN-F
Lee2019_SSVEP,EEGNetv4,5,23,0.285,0.285,0.5334333333333332,0.495,0.495,0.7302000000000002,20,200,FM-Full_A-None_AdaBN-F
Lee2019_SSVEP,EEGNetv4,5,29,0.935,0.935,0.9924,0.985,0.985,0.9963,20,200,FM-Full_A-None_AdaBN-F
Lee2019_SSVEP,EEGNetv4,5,39,1.0,1.0,1.0,1.0,1.0,1.0,20,200,FM-Full_A-None_AdaBN-F
Lee2019_SSVEP,EEGNetv4,5,43,1.0,1.0,1.0,1.0,1.0,1.0,20,200,FM-Full_A-None_AdaBN-F
Lee2019_SSVEP,EEGNetv4,5,52,0.925,0.925,0.9976666666666666,0.965,0.965,0.9976666666666668,20,200,FM-Full_A-None_AdaBN-F
Lee2019_SSVEP,EEGNetv4,5,54,0.61,0.6100000000000001,0.8385166666666667,0.855,0.8549999999999999,0.9629,20,200,FM-Full_A-None_AdaBN-F
BNCI2014_001,ATCNet,1,2,0.3263888888888889,0.3263888888888888,0.6112477494855967,0.5520833333333334,0.5520833333333334,0.7964289158950618,6,500,FM-Full_A-None_AdaBN-F
BNCI2014_001,ATCNet,1,8,0.5746527777777778,0.5746527777777778,0.8679349922839507,0.8072916666666666,0.8072916666666666,0.9495804398148148,6,500,FM-Full_A-None_AdaBN-F
BNCI2014_001,ATCNet,2,1,0.6892361111111112,0.6892361111111112,0.9012787744341564,0.7795138888888888,0.779513888888889,0.9492629565329218,6,500,FM-Full_A-None_AdaBN-F
BNCI2014_001,ATCNet,2,6,0.3819444444444444,0.3819444444444444,0.72485452031893,0.6493055555555556,0.6493055555555556,0.8578197337962963,6,500,FM-Full_A-None_AdaBN-F
BNCI2014_001,ATCNet,3,3,0.7152777777777778,0.7152777777777778,0.9469441229423868,0.9027777777777778,0.9027777777777778,0.9862959747942388,6,500,FM-Full_A-None_AdaBN-F
BNCI2014_001,ATCNet,3,9,0.4583333333333333,0.4583333333333333,0.8602952996399178,0.8385416666666666,0.8385416666666666,0.9646749614197532,6,500,FM-Full_A-None_AdaBN-F
BNCI2014_001,ATCNet,4,4,0.4826388888888889,0.4826388888888889,0.7812942065329218,0.7378472222222222,0.7378472222222222,0.9293780542695472,6,500,FM-Full_A-None_AdaBN-F
BNCI2014_001,ATCNet,4,5,0.4045138888888889,0.4045138888888889,0.7121310763888888,0.6579861111111112,0.6579861111111112,0.8575625321502057,6,500,FM-Full_A-None_AdaBN-F
BNCI2014_001,ATCNet,5,7,0.4479166666666667,0.4479166666666667,0.7658902391975309,0.7777777777777778,0.7777777777777778,0.9519474987139918,6,500,FM-Full_A-None_AdaBN-F
BI2015a,ShallowConvNet,1,5,0.8543771043771043,0.5772727272727273,0.8444291398836853,0.9082491582491582,0.7772727272727273,0.9160850933578208,10,500,FM-Full_A-None_AdaBN-F
BI2015a,ShallowConvNet,1,9,0.8543543543543544,0.6261261261261262,0.804492330168006,0.8776276276276276,0.7211711711711712,0.8540865189513839,10,500,FM-Full_A-None_AdaBN-F
BI2015a,ShallowConvNet,1,13,0.8581871345029239,0.6903508771929825,0.8564596799015083,0.9078947368421052,0.7991228070175438,0.9289896891351186,10,500,FM-Full_A-None_AdaBN-F
BI2015a,ShallowConvNet,1,25,0.8309386973180076,0.5135057471264368,0.6274260140044922,0.8405172413793104,0.6169540229885058,0.7646733386180473,10,500,FM-Full_A-None_AdaBN-F
BI2015a,ShallowConvNet,1,26,0.8709677419354839,0.7118279569892474,0.8656896751069489,0.9050179211469536,0.7838709677419355,0.9280321424442132,10,500,FM-Full_A-None_AdaBN-F
BI2015a,ShallowConvNet,1,35,0.8297101449275363,0.558695652173913,0.6956603421316716,0.8184380032206119,0.5683574879227054,0.6544633480361269,10,500,FM-Full_A-None_AdaBN-F
BI2015a,ShallowConvNet,1,37,0.8321428571428572,0.5021428571428571,0.5227936507936508,0.8281746031746032,0.5873809523809524,0.7126201814058957,10,500,FM-Full_A-None_AdaBN-F
BI2015a,ShallowConvNet,1,38,0.8370870870870871,0.5851351351351352,0.7400576251927604,0.8701201201201201,0.6968468468468468,0.8460555149744338,10,500,FM-Full_A-None_AdaBN-F
BI2015a,ShallowConvNet,1,40,0.838477366255144,0.6228395061728396,0.773653025453437,0.8713991769547325,0.712962962962963,0.864692882182594,10,500,FM-Full_A-None_AdaBN-F
BI2015a,ShallowConvNet,2,4,0.8465277777777778,0.6895833333333333,0.7263263888888889,0.8958333333333334,0.7758333333333334,0.8937673611111112,10,500,FM-Full_A-None_AdaBN-F
BI2015a,ShallowConvNet,2,7,0.8308823529411765,0.4985294117647059,0.5692714340638216,0.8627450980392157,0.7019607843137254,0.8642973856209151,10,500,FM-Full_A-None_AdaBN-F
BI2015a,ShallowConvNet,2,14,0.7685185185185185,0.5158119658119659,0.5557381839433121,0.8454415954415955,0.6337606837606837,0.7946088099934253,10,500,FM-Full_A-None_AdaBN-F
BI2015a,ShallowConvNet,2,16,0.8571428571428571,0.6857142857142857,0.8287210884353742,0.8817460317460317,0.7328571428571429,0.8906167800453515,10,500,FM-Full_A-None_AdaBN-F
BI2015a,ShallowConvNet,2,18,0.8320987654320988,0.5022222222222222,0.6319862825788752,0.8493827160493828,0.64,0.7669465020576133,10,500,FM-Full_A-None_AdaBN-F
BI2015a,ShallowConvNet,2,20,0.8339506172839506,0.5566666666666666,0.7406282578875172,0.8574074074074074,0.672962962962963,0.8498683127572016,10,500,FM-Full_A-None_AdaBN-F
BI2015a,ShallowConvNet,2,28,0.8361111111111111,0.5843333333333334,0.7455022222222224,0.8366666666666667,0.622,0.7819488888888889,10,500,FM-Full_A-None_AdaBN-F
BI2015a,ShallowConvNet,2,32,0.850358422939068,0.7080645161290322,0.8309284310324894,0.8745519713261649,0.7139784946236559,0.8526187998612555,10,500,FM-Full_A-None_AdaBN-F
BI2015a,ShallowConvNet,2,41,0.8290123456790124,0.5418518518518518,0.6936406035665296,0.858641975308642,0.6633333333333333,0.8173909465020577,10,500,FM-Full_A-None_AdaBN-F
BI2015a,ShallowConvNet,3,1,0.5669895076674738,0.5326660944961599,0.5424487430587648,0.8361581920903954,0.6228296032217601,0.7656187143768841,10,500,FM-Full_A-None_AdaBN-F
BI2015a,ShallowConvNet,3,6,0.7803030303030303,0.5484848484848485,0.6619404269972452,0.8636363636363636,0.6863636363636364,0.8392447199265382,10,500,FM-Full_A-None_AdaBN-F
BI2015a,ShallowConvNet,3,10,0.8548387096774194,0.6741935483870968,0.8632732107758123,0.8817204301075269,0.7311827956989247,0.8991386287432073,10,500,FM-Full_A-None_AdaBN-F
BI2015a,ShallowConvNet,3,12,0.8297491039426523,0.5645161290322581,0.7223335067637877,0.8422939068100358,0.6258064516129033,0.7733726442363279,10,500,FM-Full_A-None_AdaBN-F
BI2015a,ShallowConvNet,3,17,0.8351851851851851,0.6359259259259259,0.7465404663923183,0.8617283950617284,0.6844444444444444,0.8310178326474623,10,500,FM-Full_A-None_AdaBN-F
BI2015a,ShallowConvNet,3,27,0.8143459915611815,0.5535864978902953,0.6353842867061902,0.8340365682137834,0.6016877637130802,0.7390384375723265,10,500,FM-Full_A-None_AdaBN-F
BI2015a,ShallowConvNet,3,30,0.8024691358024691,0.7333333333333334,0.8276139308032313,0.910493827160494,0.8203703703703704,0.9416247523243408,10,500,FM-Full_A-None_AdaBN-F
BI2015a,ShallowConvNet,3,31,0.6425925925925926,0.5215555555555556,0.5387348148148148,0.82,0.5773333333333334,0.6952533333333333,10,500,FM-Full_A-None_AdaBN-F
BI2015a,ShallowConvNet,3,42,0.8216374269005848,0.5573099415204679,0.711170103621627,0.8255360623781677,0.5970760233918129,0.7533531684962894,10,500,FM-Full_A-None_AdaBN-F
BI2015a,ShallowConvNet,4,2,0.8386243386243386,0.5238095238095238,0.7918524817334341,0.8849206349206349,0.7293650793650794,0.8801177878558831,10,500,FM-Full_A-None_AdaBN-F
BI2015a,ShallowConvNet,4,3,0.7672413793103449,0.646551724137931,0.6991280221957986,0.9157088122605364,0.806896551724138,0.932560443915973,10,500,FM-Full_A-None_AdaBN-F
BI2015a,ShallowConvNet,4,22,0.8440656565656566,0.5882575757575758,0.7641844582185492,0.860479797979798,0.6799242424242424,0.8224747474747474,10,500,FM-Full_A-None_AdaBN-F
BI2015a,ShallowConvNet,4,24,0.8611111111111112,0.6518518518518519,0.849537037037037,0.8819444444444444,0.7458333333333333,0.8918810013717421,10,500,FM-Full_A-None_AdaBN-F
BI2015a,ShallowConvNet,4,33,0.8452380952380952,0.6484126984126984,0.8158572688334592,0.8829365079365079,0.7265873015873016,0.8792548500881834,10,500,FM-Full_A-None_AdaBN-F
BI2015a,ShallowConvNet,4,34,0.8396825396825397,0.6390476190476191,0.7699773242630386,0.8642857142857143,0.6861904761904762,0.8466666666666667,10,500,FM-Full_A-None_AdaBN-F
BI2015a,ShallowConvNet,4,36,0.7388888888888889,0.6033333333333333,0.6796006944444445,0.8618055555555556,0.6870833333333334,0.8359895833333333,10,500,FM-Full_A-None_AdaBN-F
BI2015a,ShallowConvNet,4,43,0.8984674329501916,0.7666666666666666,0.9123860483551328,0.9166666666666666,0.8258620689655173,0.9385387765887172,10,500,FM-Full_A-None_AdaBN-F
BI2015a,ShallowConvNet,5,8,0.8187830687830688,0.6531746031746032,0.7555713025951122,0.8756613756613757,0.7142857142857143,0.854371378180902,10,500,FM-Full_A-None_AdaBN-F
BI2015a,ShallowConvNet,5,11,0.7645833333333333,0.5370833333333334,0.6129131944444445,0.8326388888888889,0.6045833333333334,0.7553645833333335,10,500,FM-Full_A-None_AdaBN-F
BI2015a,ShallowConvNet,5,15,0.8285714285714286,0.6742857142857143,0.7823673469387756,0.8706349206349207,0.709047619047619,0.8418548752834468,10,500,FM-Full_A-None_AdaBN-F
BI2015a,ShallowConvNet,5,19,0.8422222222222222,0.6066666666666667,0.7424822222222222,0.8622222222222222,0.684,0.8183044444444444,10,500,FM-Full_A-None_AdaBN-F
BI2015a,ShallowConvNet,5,21,0.8666666666666667,0.6857142857142857,0.8473877551020408,0.8960317460317461,0.7604761904761905,0.8963628117913832,10,500,FM-Full_A-None_AdaBN-F
BI2015a,ShallowConvNet,5,23,0.7997076023391813,0.6412280701754386,0.713080947983995,0.8574561403508771,0.6688596491228069,0.8006502000615575,10,500,FM-Full_A-None_AdaBN-F
BI2015a,ShallowConvNet,5,29,0.8262527233115469,0.527124183006536,0.6378871374257765,0.8453159041394336,0.6261437908496732,0.7603314964329959,10,500,FM-Full_A-None_AdaBN-F
BI2015a,ShallowConvNet,5,39,0.8339002267573696,0.5193877551020408,0.7076796705076589,0.8560090702947846,0.665986394557823,0.8323939099449302,10,500,FM-Full_A-None_AdaBN-F
BI2015a,EEGNetv4,1,5,0.8846801346801347,0.6843434343434344,0.9089123558820528,0.9225589225589226,0.8424242424242424,0.9497704315886132,30,500,FM-Full_A-None_AdaBN-F
BI2015a,EEGNetv4,1,9,0.8483483483483484,0.5792792792792792,0.823196169142115,0.9091591591591592,0.813963963963964,0.9234558883207532,30,500,FM-Full_A-None_AdaBN-F
BI2015a,EEGNetv4,1,13,0.904970760233918,0.7938596491228069,0.924168975069252,0.9415204678362572,0.8824561403508773,0.9648930440135426,30,500,FM-Full_A-None_AdaBN-F
BI2015a,EEGNetv4,1,25,0.8405172413793104,0.585919540229885,0.7804614215880564,0.8702107279693486,0.7554597701149426,0.8911497555819792,30,500,FM-Full_A-None_AdaBN-F
BI2015a,EEGNetv4,1,26,0.9121863799283154,0.7731182795698925,0.9501503063938028,0.9507168458781362,0.8951612903225806,0.9775870042779512,30,500,FM-Full_A-None_AdaBN-F
BI2015a,EEGNetv4,1,35,0.8341384863123994,0.5024154589371981,0.7973861700389742,0.8317230273752013,0.6700483091787439,0.7902494807346729,30,500,FM-Full_A-None_AdaBN-F
BI2015a,EEGNetv4,1,37,0.821031746031746,0.5726190476190476,0.6712539682539682,0.8698412698412699,0.7466666666666666,0.8664897959183675,30,500,FM-Full_A-None_AdaBN-F
BI2015a,EEGNetv4,1,38,0.8678678678678678,0.6630630630630631,0.8377160944728512,0.9196696696696696,0.8364864864864865,0.934230176122068,30,500,FM-Full_A-None_AdaBN-F
BI2015a,EEGNetv4,1,40,0.8508230452674898,0.5561728395061728,0.8746513488797439,0.911522633744856,0.825925925925926,0.93358291418991,30,500,FM-Full_A-None_AdaBN-F
BI2015a,EEGNetv4,2,4,0.8847222222222222,0.6625,0.9225,0.9354166666666668,0.8729166666666667,0.9600520833333333,30,500,FM-Full_A-None_AdaBN-F
BI2015a,EEGNetv4,2,7,0.8333333333333334,0.5,0.7954008073817762,0.9199346405228758,0.8578431372549019,0.9148644752018456,30,500,FM-Full_A-None_AdaBN-F
BI2015a,EEGNetv4,2,14,0.8319088319088319,0.5008547008547009,0.5556030389363723,0.8817663817663818,0.7547008547008547,0.8836949375410914,30,500,FM-Full_A-None_AdaBN-F
BI2015a,EEGNetv4,2,16,0.8888888888888888,0.6780952380952381,0.9420997732426304,0.9261904761904762,0.871904761904762,0.9536054421768708,30,500,FM-Full_A-None_AdaBN-F
BI2015a,EEGNetv4,2,18,0.828395061728395,0.5874074074074074,0.7318820301783264,0.8839506172839506,0.7733333333333333,0.8935445816186556,30,500,FM-Full_A-None_AdaBN-F
BI2015a,EEGNetv4,2,20,0.8753086419753087,0.6688888888888889,0.9027023319615912,0.9160493827160494,0.8488888888888888,0.9435418381344308,30,500,FM-Full_A-None_AdaBN-F
BI2015a,EEGNetv4,2,28,0.8505555555555555,0.5623333333333334,0.8670977777777779,0.8783333333333333,0.7763333333333333,0.892331111111111,30,500,FM-Full_A-None_AdaBN-F
BI2015a,EEGNetv4,2,32,0.8853046594982079,0.6731182795698925,0.8969418429876286,0.9059139784946236,0.8209677419354839,0.9336397271360852,30,500,FM-Full_A-None_AdaBN-F
BI2015a,EEGNetv4,2,41,0.8055555555555556,0.5603703703703704,0.6870260631001371,0.9055555555555556,0.7951851851851852,0.9185706447187928,30,500,FM-Full_A-None_AdaBN-F
BI2015a,EEGNetv4,3,1,0.8323244552058111,0.5007288571994454,0.5314209634471073,0.8436238902340597,0.7010316674368962,0.8157305810464851,30,500,FM-Full_A-None_AdaBN-F
BI2015a,EEGNetv4,3,6,0.80239898989899,0.6329545454545454,0.7481376262626263,0.9071969696969696,0.8185606060606061,0.9312012167125804,30,500,FM-Full_A-None_AdaBN-F
BI2015a,EEGNetv4,3,10,0.8826164874551972,0.7317204301075269,0.8820788530465951,0.9372759856630823,0.8698924731182796,0.9478783674413228,30,500,FM-Full_A-None_AdaBN-F
BI2015a,EEGNetv4,3,12,0.8315412186379928,0.5795698924731183,0.7473132732107758,0.8597670250896058,0.7266129032258064,0.8514698231009366,30,500,FM-Full_A-None_AdaBN-F
BI2015a,EEGNetv4,3,17,0.8561728395061728,0.6470370370370371,0.8403031550068586,0.8876543209876543,0.7785185185185185,0.8960109739368999,30,500,FM-Full_A-None_AdaBN-F
BI2015a,EEGNetv4,3,27,0.8284106891701828,0.5510548523206751,0.7135475084121136,0.8646272855133614,0.7364978902953587,0.8581610852961599,30,500,FM-Full_A-None_AdaBN-F
BI2015a,EEGNetv4,3,30,0.8662551440329218,0.8382716049382716,0.8603642737387593,0.9074074074074074,0.7641975308641975,0.9089544276787076,30,500,FM-Full_A-None_AdaBN-F
BI2015a,EEGNetv4,3,31,0.812962962962963,0.5384444444444444,0.6495861728395061,0.8437037037037037,0.6928888888888889,0.8179318518518517,30,500,FM-Full_A-None_AdaBN-F
BI2015a,EEGNetv4,3,42,0.8494152046783626,0.6008771929824561,0.7952874388700797,0.854775828460039,0.7163742690058479,0.8210355323005367,30,500,FM-Full_A-None_AdaBN-F
BI2015a,EEGNetv4,4,2,0.8697089947089947,0.6154761904761905,0.9338277903754094,0.9292328042328042,0.8591269841269842,0.9533698664651046,30,500,FM-Full_A-None_AdaBN-F
BI2015a,EEGNetv4,4,3,0.8611111111111112,0.7258620689655173,0.8491808693354472,0.9415708812260536,0.8913793103448275,0.9699365834324216,30,500,FM-Full_A-None_AdaBN-F
BI2015a,EEGNetv4,4,22,0.8882575757575758,0.6981060606060606,0.8780618686868685,0.9071969696969696,0.8246212121212122,0.9265094123048668,30,500,FM-Full_A-None_AdaBN-F
BI2015a,EEGNetv4,4,24,0.8804012345679012,0.6449074074074074,0.9379243827160492,0.929783950617284,0.8634259259259258,0.956652949245542,30,500,FM-Full_A-None_AdaBN-F
BI2015a,EEGNetv4,4,33,0.8855820105820106,0.6662698412698413,0.8908887629125725,0.9166666666666666,0.8293650793650793,0.9336892164273116,30,500,FM-Full_A-None_AdaBN-F
BI2015a,EEGNetv4,4,34,0.846031746031746,0.5476190476190477,0.9100816326530612,0.9198412698412698,0.8357142857142857,0.9487074829931972,30,500,FM-Full_A-None_AdaBN-F
BI2015a,EEGNetv4,4,36,0.8861111111111111,0.6833333333333333,0.9058263888888888,0.9277777777777778,0.8683333333333334,0.954440972222222,30,500,FM-Full_A-None_AdaBN-F
BI2015a,EEGNetv4,4,43,0.8946360153256705,0.7068965517241379,0.9511956665345488,0.9540229885057472,0.9126436781609196,0.9773285770907648,30,500,FM-Full_A-None_AdaBN-F
BI2015a,EEGNetv4,5,8,0.871031746031746,0.6686507936507936,0.8518140589569161,0.9252645502645502,0.859920634920635,0.9445798689846308,30,500,FM-Full_A-None_AdaBN-F
BI2015a,EEGNetv4,5,11,0.8291666666666667,0.5375,0.7115729166666667,0.9,0.815,0.9199791666666668,30,500,FM-Full_A-None_AdaBN-F
BI2015a,EEGNetv4,5,15,0.9087301587301588,0.77,0.9201678004535148,0.9182539682539682,0.8442857142857143,0.9338185941043085,30,500,FM-Full_A-None_AdaBN-F
BI2015a,EEGNetv4,5,19,0.8716666666666667,0.647,0.8576533333333333,0.8916666666666667,0.7683333333333333,0.8827866666666666,30,500,FM-Full_A-None_AdaBN-F
BI2015a,EEGNetv4,5,21,0.8960317460317461,0.7052380952380952,0.9384580498866214,0.9285714285714286,0.8466666666666667,0.9568163265306122,30,500,FM-Full_A-None_AdaBN-F
BI2015a,EEGNetv4,5,23,0.8567251461988304,0.5982456140350877,0.8550284702985534,0.8925438596491229,0.7758771929824562,0.9060441674361344,30,500,FM-Full_A-None_AdaBN-F
BI2015a,EEGNetv4,5,29,0.8404139433551199,0.5369281045751634,0.7673907471485326,0.8709150326797386,0.7421568627450981,0.8791981716433851,30,500,FM-Full_A-None_AdaBN-F
BI2015a,EEGNetv4,5,39,0.8333333333333334,0.5,0.5695231153685965,0.8883219954648526,0.7860544217687075,0.8872391133324079,30,500,FM-Full_A-None_AdaBN-F
MAMEM2,DeepConvNet,1,2,0.264,0.254,0.550135939849624,0.28,0.2733333333333333,0.5645583959899749,6,100,FM-Full_A-None_AdaBN-F
MAMEM2,DeepConvNet,1,9,0.16,0.1506666666666666,0.4555342355889724,0.192,0.1826666666666666,0.444279298245614,6,100,FM-Full_A-None_AdaBN-F
MAMEM2,DeepConvNet,2,1,0.256,0.2326666666666666,0.515121604010025,0.208,0.2013333333333333,0.4739709273182957,6,100,FM-Full_A-None_AdaBN-F
MAMEM2,DeepConvNet,2,6,0.176,0.16,0.4641347368421052,0.168,0.1673333333333333,0.4895657142857142,6,100,FM-Full_A-None_AdaBN-F
MAMEM2,DeepConvNet,3,3,0.248,0.2106666666666666,0.5070851127819549,0.192,0.1813333333333333,0.4863989974937343,6,100,FM-Full_A-None_AdaBN-F
MAMEM2,DeepConvNet,3,8,0.24,0.2026666666666667,0.4982502255639097,0.184,0.2006666666666667,0.4648012030075188,6,100,FM-Full_A-None_AdaBN-F
MAMEM2,DeepConvNet,4,5,0.216,0.184,0.5278039097744361,0.184,0.194,0.5206658646616541,6,100,FM-Full_A-None_AdaBN-F
MAMEM2,DeepConvNet,4,10,0.216,0.1866666666666666,0.4692417042606516,0.184,0.18,0.4516615538847118,6,100,FM-Full_A-None_AdaBN-F
MAMEM2,DeepConvNet,5,4,0.24,0.2026666666666667,0.4603081704260652,0.16,0.1526666666666666,0.4508870175438597,6,100,FM-Full_A-None_AdaBN-F
MAMEM2,DeepConvNet,5,7,0.232,0.2013333333333333,0.5275149874686716,0.232,0.2226666666666666,0.5200386967418547,6,100,FM-Full_A-None_AdaBN-F
Huebner2017,ATCNet,1,1,0.9233463035019456,0.8517869325738754,0.9734624530319624,0.9782101167315176,0.9709869386047384,0.9949623279723272,6,12500,FM-Full_A-None_AdaBN-F
Huebner2017,ATCNet,1,10,0.9059382793017456,0.8063542276925403,0.9821489364287006,0.9864401496259352,0.981850308987778,0.9980288024125076,6,12500,FM-Full_A-None_AdaBN-F
Huebner2017,ATCNet,1,12,0.821817615935263,0.6290318477818477,0.9147614431179244,0.9675536881419234,0.9556623931623932,0.992557370368217,6,12500,FM-Full_A-None_AdaBN-F
Huebner2017,ATCNet,2,3,0.9130739299610896,0.8556002418268345,0.9538759804190804,0.9590661478599222,0.9445051905806536,0.98921527232577,6,12500,FM-Full_A-None_AdaBN-F
Huebner2017,ATCNet,2,6,0.8946876824284881,0.9251377208873862,0.9863626724059654,0.9845884413309982,0.9792650500079052,0.997494791837992,6,12500,FM-Full_A-None_AdaBN-F
Huebner2017,ATCNet,2,9,0.9376750700280112,0.9445970695970696,0.9884548123222066,0.9812480547774666,0.9753764753764752,0.9977202122539424,6,12500,FM-Full_A-None_AdaBN-F
Huebner2017,ATCNet,3,2,0.9045284780578898,0.9119352869352868,0.9716244403744402,0.964207905384376,0.9490104802604802,0.9905788625200002,6,12500,FM-Full_A-None_AdaBN-F
Huebner2017,ATCNet,3,5,0.880718954248366,0.8529838217338217,0.933900253675386,0.9438997821350764,0.9166157916157917,0.9797813395696994,6,12500,FM-Full_A-None_AdaBN-F
Huebner2017,ATCNet,3,13,0.9115243949887168,0.826769783928632,0.967576255059083,0.9800015562991208,0.97055547412027,0.9958938612870382,6,12500,FM-Full_A-None_AdaBN-F
Huebner2017,ATCNet,4,8,0.8038910505836576,0.6048515330776678,0.8260440157416293,0.918910505836576,0.8835673927394871,0.960348607436054,6,12500,FM-Full_A-None_AdaBN-F
Huebner2017,ATCNet,4,11,0.779749396840221,0.5547100595684122,0.7909878326816477,0.8862168262121566,0.8363997499595845,0.9268745742576472,6,12500,FM-Full_A-None_AdaBN-F
Huebner2017,ATCNet,5,4,0.9182879377431906,0.8333708579548698,0.986836228147545,0.9870038910505836,0.9829177489911768,0.998631916242083,6,12500,FM-Full_A-None_AdaBN-F
Huebner2017,ATCNet,5,7,0.9498910675381264,0.9031339031339032,0.988449008124934,0.9934640522875816,0.9908043345543344,0.999450350930179,6,12500,FM-Full_A-None_AdaBN-F
BI2015a,EEGNetv4,1,5,0.867003367003367,0.6171717171717171,0.8539944903581266,0.90993265993266,0.8207070707070707,0.9420926436077952,10,500,FM-Full_A-None_AdaBN-F
BI2015a,EEGNetv4,1,9,0.8378378378378378,0.5153153153153153,0.8164231799366933,0.9031531531531533,0.8067567567567568,0.9136352568785,10,500,FM-Full_A-None_AdaBN-F
BI2015a,EEGNetv4,1,13,0.8676900584795322,0.6153508771929824,0.861491997537704,0.925438596491228,0.862280701754386,0.953412588488766,10,500,FM-Full_A-None_AdaBN-F
BI2015a,EEGNetv4,1,25,0.8366858237547893,0.5376436781609195,0.7448028141101863,0.8764367816091954,0.7591954022988505,0.8867155502708416,10,500,FM-Full_A-None_AdaBN-F
BI2015a,EEGNetv4,1,26,0.8673835125448028,0.6064516129032258,0.943010752688172,0.9507168458781362,0.9059139784946236,0.9811827956989247,10,500,FM-Full_A-None_AdaBN-F
BI2015a,EEGNetv4,1,35,0.8333333333333334,0.5,0.76504469182478,0.8325281803542673,0.6753623188405797,0.7938073233914444,10,500,FM-Full_A-None_AdaBN-F
BI2015a,EEGNetv4,1,37,0.830952380952381,0.5128571428571429,0.6040124716553288,0.8571428571428571,0.7390476190476191,0.8425260770975057,10,500,FM-Full_A-None_AdaBN-F
BI2015a,EEGNetv4,1,38,0.8513513513513513,0.5756756756756757,0.8210129047966885,0.9106606606606606,0.8292792792792794,0.9270229689148608,10,500,FM-Full_A-None_AdaBN-F
BI2015a,EEGNetv4,1,40,0.8328189300411523,0.5033950617283951,0.811840801707057,0.9032921810699588,0.8135802469135802,0.9212258039932938,10,500,FM-Full_A-None_AdaBN-F
BI2015a,EEGNetv4,2,4,0.8631944444444445,0.5979166666666667,0.7325416666666666,0.9243055555555556,0.8529166666666667,0.9343715277777778,10,500,FM-Full_A-None_AdaBN-F
BI2015a,EEGNetv4,2,7,0.8333333333333334,0.5,0.6521770472895041,0.9060457516339868,0.8200980392156862,0.9027921953094964,10,500,FM-Full_A-None_AdaBN-F
BI2015a,EEGNetv4,2,14,0.8319088319088319,0.5008547008547009,0.5384469281905179,0.8575498575498576,0.717948717948718,0.8619585068303016,10,500,FM-Full_A-None_AdaBN-F
BI2015a,EEGNetv4,2,16,0.8634920634920635,0.6038095238095238,0.8899546485260771,0.9246031746031746,0.8652380952380953,0.9419727891156462,10,500,FM-Full_A-None_AdaBN-F
BI2015a,EEGNetv4,2,18,0.8302469135802469,0.5277777777777778,0.6921700960219479,0.8907407407407407,0.7966666666666666,0.8935994513031551,10,500,FM-Full_A-None_AdaBN-F
BI2015a,EEGNetv4,2,20,0.8475308641975309,0.5662962962962963,0.8696131687242799,0.9111111111111112,0.8281481481481481,0.9359835390946502,10,500,FM-Full_A-None_AdaBN-F
BI2015a,EEGNetv4,2,28,0.8438888888888889,0.5529999999999999,0.8166000000000001,0.8727777777777778,0.761,0.8775022222222223,10,500,FM-Full_A-None_AdaBN-F
BI2015a,EEGNetv4,2,32,0.8691756272401434,0.613978494623656,0.8702335530119089,0.8969534050179212,0.8069892473118279,0.9118163949589548,10,500,FM-Full_A-None_AdaBN-F
BI2015a,EEGNetv4,2,41,0.8265432098765432,0.5611111111111111,0.710702331961591,0.8895061728395062,0.7707407407407407,0.9028367626886146,10,500,FM-Full_A-None_AdaBN-F
BI2015a,EEGNetv4,3,1,0.8333333333333334,0.4998789639312515,0.5264382385951013,0.8436238902340597,0.6927862503025901,0.8116782934647857,10,500,FM-Full_A-None_AdaBN-F
BI2015a,EEGNetv4,3,6,0.8402777777777778,0.5617424242424243,0.7350809228650139,0.9065656565656566,0.8181818181818181,0.9231634527089072,10,500,FM-Full_A-None_AdaBN-F
BI2015a,EEGNetv4,3,10,0.8673835125448028,0.6967741935483871,0.8021100705283849,0.921146953405018,0.843010752688172,0.9234246733726442,10,500,FM-Full_A-None_AdaBN-F
BI2015a,EEGNetv4,3,12,0.8270609318996416,0.5844086021505376,0.718565730142213,0.8490143369175627,0.718010752688172,0.8429681177014683,10,500,FM-Full_A-None_AdaBN-F
BI2015a,EEGNetv4,3,17,0.8493827160493828,0.6711111111111111,0.8321783264746229,0.9,0.8140740740740742,0.9061783264746228,10,500,FM-Full_A-None_AdaBN-F
BI2015a,EEGNetv4,3,27,0.8277074542897328,0.5683544303797469,0.6789047339279675,0.8386075949367089,0.6972573839662447,0.8384722889850272,10,500,FM-Full_A-None_AdaBN-F
BI2015a,EEGNetv4,3,30,0.8837448559670782,0.7672839506172839,0.8121475384849871,0.9053497942386832,0.7679012345679013,0.8898795915256821,10,500,FM-Full_A-None_AdaBN-F
BI2015a,EEGNetv4,3,31,0.8096296296296296,0.54,0.6232246913580247,0.8503703703703703,0.7057777777777777,0.8212172839506173,10,500,FM-Full_A-None_AdaBN-F
BI2015a,EEGNetv4,3,42,0.8386939571150097,0.6119883040935673,0.7665093533052905,0.8425925925925926,0.7078947368421054,0.8100321466434116,10,500,FM-Full_A-None_AdaBN-F
BI2015a,EEGNetv4,4,2,0.8630952380952381,0.6734126984126985,0.847099395313681,0.916005291005291,0.8496031746031746,0.9382385361552028,10,500,FM-Full_A-None_AdaBN-F
BI2015a,EEGNetv4,4,3,0.7806513409961686,0.7005747126436781,0.7739595719381688,0.9319923371647508,0.8879310344827587,0.9670630202140308,10,500,FM-Full_A-None_AdaBN-F
BI2015a,EEGNetv4,4,22,0.8200757575757576,0.7299242424242425,0.836610422405877,0.8996212121212122,0.8246212121212122,0.9214072543617998,10,500,FM-Full_A-None_AdaBN-F
BI2015a,EEGNetv4,4,24,0.9058641975308642,0.7657407407407408,0.9282793209876544,0.9282407407407408,0.8717592592592593,0.9594864540466392,10,500,FM-Full_A-None_AdaBN-F
BI2015a,EEGNetv4,4,33,0.8862433862433863,0.7698412698412698,0.9004031242126481,0.9107142857142856,0.8384920634920634,0.926914840010078,10,500,FM-Full_A-None_AdaBN-F
BI2015a,EEGNetv4,4,34,0.8650793650793651,0.6295238095238096,0.876344671201814,0.9087301587301588,0.8176190476190477,0.9229342403628118,10,500,FM-Full_A-None_AdaBN-F
BI2015a,EEGNetv4,4,36,0.8555555555555555,0.6633333333333333,0.8402812500000001,0.9159722222222222,0.8529166666666667,0.942746527777778,10,500,FM-Full_A-None_AdaBN-F
BI2015a,EEGNetv4,4,43,0.921455938697318,0.8264367816091954,0.9523847271766416,0.9377394636015326,0.8982758620689655,0.9789602325274144,10,500,FM-Full_A-None_AdaBN-F
BI2015a,EEGNetv4,5,8,0.8551587301587301,0.6988095238095238,0.8327254976064502,0.9093915343915344,0.8345238095238094,0.9246724615772236,10,500,FM-Full_A-None_AdaBN-F
BI2015a,EEGNetv4,5,11,0.7840277777777778,0.5754166666666667,0.635125,0.8770833333333333,0.7729166666666667,0.8707569444444444,10,500,FM-Full_A-None_AdaBN-F
BI2015a,EEGNetv4,5,15,0.8706349206349207,0.7452380952380953,0.8692290249433107,0.9142857142857144,0.8323809523809524,0.9242857142857144,10,500,FM-Full_A-None_AdaBN-F
BI2015a,EEGNetv4,5,19,0.845,0.6536666666666666,0.7736888888888889,0.8827777777777778,0.759,0.8779166666666666,10,500,FM-Full_A-None_AdaBN-F
BI2015a,EEGNetv4,5,21,0.9134920634920636,0.8033333333333332,0.9282086167800454,0.9349206349206348,0.8638095238095238,0.9409297052154194,10,500,FM-Full_A-None_AdaBN-F
BI2015a,EEGNetv4,5,23,0.8596491228070176,0.6736842105263158,0.8284048938134811,0.8764619883040936,0.7539473684210527,0.8918667282240689,10,500,FM-Full_A-None_AdaBN-F
BI2015a,EEGNetv4,5,29,0.8387799564270153,0.5633986928104575,0.7380473322226494,0.8758169934640523,0.7542483660130719,0.8717800845828527,10,500,FM-Full_A-None_AdaBN-F
BI2015a,EEGNetv4,5,39,0.4654195011337868,0.5908163265306122,0.6861377203942801,0.8718820861678005,0.7884353741496599,0.8826391781202276,10,500,FM-Full_A-None_AdaBN-F
BI2015a,ATCNet,1,5,0.8754208754208754,0.6565656565656566,0.9130445872870114,0.9326599326599326,0.8848484848484849,0.95821854912764,20,750,FM-Full_A-None_AdaBN-F
BI2015a,ATCNet,1,9,0.8686186186186187,0.6599099099099099,0.8228025322619917,0.9031531531531533,0.8103603603603604,0.9230581933284636,20,750,FM-Full_A-None_AdaBN-F
BI2015a,ATCNet,1,13,0.9013157894736842,0.7793859649122807,0.9103147122191444,0.9437134502923976,0.8978070175438597,0.9698099415204676,20,750,FM-Full_A-None_AdaBN-F
BI2015a,ATCNet,1,25,0.8362068965517241,0.514367816091954,0.7694378385519883,0.8884099616858238,0.7870689655172414,0.8946211520676443,20,750,FM-Full_A-None_AdaBN-F
BI2015a,ATCNet,1,26,0.9274193548387096,0.8424731182795699,0.9549369869349058,0.9560931899641576,0.9220430107526882,0.9824372759856632,20,750,FM-Full_A-None_AdaBN-F
BI2015a,ATCNet,1,35,0.8369565217391305,0.5118357487922706,0.7611087773343602,0.8345410628019324,0.6987922705314009,0.7944292748955634,20,750,FM-Full_A-None_AdaBN-F
BI2015a,ATCNet,1,37,0.8206349206349206,0.5257142857142857,0.626501133786848,0.8650793650793651,0.7533333333333334,0.8596910430839004,20,750,FM-Full_A-None_AdaBN-F
BI2015a,ATCNet,1,38,0.8626126126126126,0.7103603603603603,0.8336863890917945,0.9196696696696696,0.8563063063063063,0.946643941238536,20,750,FM-Full_A-None_AdaBN-F
BI2015a,ATCNet,1,40,0.8647119341563786,0.6101851851851852,0.8534274500838288,0.9212962962962964,0.8478395061728394,0.935541457094955,20,750,FM-Full_A-None_AdaBN-F
BI2015a,ATCNet,2,4,0.8694444444444445,0.6183333333333333,0.8815381944444445,0.9388888888888888,0.8766666666666667,0.9642951388888888,20,750,FM-Full_A-None_AdaBN-F
BI2015a,ATCNet,2,7,0.8341503267973857,0.5024509803921569,0.7164984621299502,0.9272875816993464,0.8446078431372549,0.9374327181853132,20,750,FM-Full_A-None_AdaBN-F
BI2015a,ATCNet,2,14,0.8219373219373219,0.5051282051282051,0.5712798597413982,0.8881766381766382,0.7876068376068376,0.8970852509314049,20,750,FM-Full_A-None_AdaBN-F
BI2015a,ATCNet,2,16,0.8865079365079365,0.670952380952381,0.920453514739229,0.9277777777777778,0.8823809523809524,0.9652743764172336,20,750,FM-Full_A-None_AdaBN-F
BI2015a,ATCNet,2,18,0.825925925925926,0.5281481481481481,0.6651056241426612,0.8870370370370371,0.7825925925925925,0.894886145404664,20,750,FM-Full_A-None_AdaBN-F
BI2015a,ATCNet,2,20,0.8395061728395061,0.5496296296296297,0.8725843621399175,0.9320987654320988,0.8807407407407407,0.9550644718792868,20,750,FM-Full_A-None_AdaBN-F
BI2015a,ATCNet,2,28,0.8433333333333334,0.5313333333333333,0.8369800000000001,0.8738888888888889,0.7656666666666667,0.8892688888888889,20,750,FM-Full_A-None_AdaBN-F
BI2015a,ATCNet,2,32,0.8987455197132617,0.7112903225806452,0.9003179558330443,0.922043010752688,0.8349462365591398,0.9444155393687133,20,750,FM-Full_A-None_AdaBN-F
BI2015a,ATCNet,2,41,0.8339506172839506,0.5314814814814814,0.723755829903978,0.9074074074074074,0.8066666666666666,0.933920438957476,20,750,FM-Full_A-None_AdaBN-F
BI2015a,ATCNet,3,1,0.831315577078289,0.5015787504676393,0.5291564886336129,0.8579499596448749,0.7212658172135296,0.8417279549305694,20,750,FM-Full_A-None_AdaBN-F
BI2015a,ATCNet,3,6,0.8194444444444444,0.6522727272727273,0.7692407024793388,0.9109848484848484,0.8375,0.9336260330578512,20,750,FM-Full_A-None_AdaBN-F
BI2015a,ATCNet,3,10,0.8835125448028673,0.7602150537634409,0.9005723204994798,0.9345878136200716,0.8682795698924731,0.9587235518557058,20,750,FM-Full_A-None_AdaBN-F
BI2015a,ATCNet,3,12,0.8257168458781362,0.6190860215053764,0.7507630939993063,0.8552867383512545,0.728225806451613,0.8472453462828072,20,750,FM-Full_A-None_AdaBN-F
BI2015a,ATCNet,3,17,0.8629629629629629,0.6940740740740741,0.8410041152263374,0.891358024691358,0.794074074074074,0.9054128943758571,20,750,FM-Full_A-None_AdaBN-F
BI2015a,ATCNet,3,27,0.8266526019690577,0.5694092827004219,0.694998130641457,0.8491561181434599,0.7213080168776371,0.8399820185511581,20,750,FM-Full_A-None_AdaBN-F
BI2015a,ATCNet,3,30,0.9218106995884774,0.8345679012345679,0.9255677488187776,0.9248971193415638,0.7969135802469136,0.9219097698521568,20,750,FM-Full_A-None_AdaBN-F
BI2015a,ATCNet,3,31,0.8177777777777778,0.5422222222222223,0.6550370370370371,0.845925925925926,0.6933333333333334,0.7981985185185184,20,750,FM-Full_A-None_AdaBN-F
BI2015a,ATCNet,3,42,0.8450292397660819,0.6169590643274854,0.8017526760370712,0.8586744639376218,0.7222222222222223,0.8299562258472694,20,750,FM-Full_A-None_AdaBN-F
BI2015a,ATCNet,4,2,0.8849206349206349,0.6896825396825397,0.8962427563618041,0.9312169312169312,0.8746031746031746,0.959760015117158,20,750,FM-Full_A-None_AdaBN-F
BI2015a,ATCNet,4,3,0.8342911877394636,0.6729885057471264,0.8058924560708152,0.9559386973180076,0.9160919540229884,0.9732197119830888,20,750,FM-Full_A-None_AdaBN-F
BI2015a,ATCNet,4,22,0.8737373737373737,0.7681818181818182,0.8778380394857668,0.9065656565656566,0.843939393939394,0.9300390266299358,20,750,FM-Full_A-None_AdaBN-F
BI2015a,ATCNet,4,24,0.8919753086419753,0.737037037037037,0.9152863511659808,0.9290123456790124,0.8722222222222222,0.9600351508916324,20,750,FM-Full_A-None_AdaBN-F
BI2015a,ATCNet,4,33,0.8809523809523809,0.7238095238095238,0.885997732426304,0.914021164021164,0.8404761904761904,0.9396101033005796,20,750,FM-Full_A-None_AdaBN-F
BI2015a,ATCNet,4,34,,,,,,,20,750,FM-Full_A-None_AdaBN-F
BI2015a,ATCNet,4,36,0.88125,0.7954166666666667,0.9025972222222222,0.9333333333333332,0.8883333333333333,0.9583090277777776,20,750,FM-Full_A-None_AdaBN-F
BI2015a,ATCNet,4,43,0.9233716475095786,0.8367816091954023,0.947212313383538,0.9473180076628352,0.9132183908045975,0.9783921257761924,20,750,FM-Full_A-None_AdaBN-F
BI2015a,ATCNet,5,8,0.8611111111111112,0.7261904761904763,0.8686917359536407,0.9206349206349206,0.8634920634920635,0.939424288233812,20,750,FM-Full_A-None_AdaBN-F
BI2015a,ATCNet,5,11,0.7833333333333333,0.63,0.7419895833333334,0.8895833333333333,0.8104166666666667,0.9143333333333332,20,750,FM-Full_A-None_AdaBN-F
BI2015a,ATCNet,5,15,0.8888888888888888,0.8019047619047619,0.9046712018140588,0.9174603174603174,0.8495238095238096,0.9559455782312926,20,750,FM-Full_A-None_AdaBN-F
BI2015a,ATCNet,5,19,0.8811111111111111,0.7726666666666666,0.8694155555555556,0.8916666666666667,0.7936666666666666,0.9015311111111112,20,750,FM-Full_A-None_AdaBN-F
BI2015a,ATCNet,5,21,0.9031746031746032,0.7971428571428572,0.9184535147392292,0.9404761904761904,0.8842857142857143,0.960716553287982,20,750,FM-Full_A-None_AdaBN-F
BI2015a,ATCNet,5,23,0.8757309941520468,0.7289473684210526,0.8714719913819636,0.8896198830409356,0.7828947368421053,0.9079139735303168,20,750,FM-Full_A-None_AdaBN-F
BI2015a,ATCNet,5,29,0.8327886710239651,0.6277777777777778,0.7228993122303388,0.8594771241830066,0.7457516339869281,0.8599577085736255,20,750,FM-Full_A-None_AdaBN-F
BI2015a,ATCNet,5,39,0.8333333333333334,0.5,0.6525220972742839,0.90702947845805,0.8163265306122449,0.9051830255911888,20,750,FM-Full_A-None_AdaBN-F
Huebner2017,ATCNet,1,1,0.9294941634241244,0.8637045167932609,0.977511612103511,0.978443579766537,0.9695371756930378,0.9953144368089412,6,6250,FM-Full_A-None_AdaBN-F
Huebner2017,ATCNet,1,10,0.9521508728179552,0.9132430082909696,0.9880673718895366,0.9850374064837906,0.978297152020907,0.9980140887087848,6,6250,FM-Full_A-None_AdaBN-F
Huebner2017,ATCNet,1,12,0.840958605664488,0.6675315425315426,0.927275258789809,0.9658418923124804,0.9536273911273913,0.9915038665038666,6,6250,FM-Full_A-None_AdaBN-F
Huebner2017,ATCNet,2,3,0.8953307392996109,0.8082873143490383,0.9385693675778656,0.957976653696498,0.9408168736544984,0.9881021035865326,6,6250,FM-Full_A-None_AdaBN-F
Huebner2017,ATCNet,2,6,0.93543490951547,0.9435218544224924,0.987788881887238,0.9854057209573848,0.9784238160687734,0.997835029620924,6,6250,FM-Full_A-None_AdaBN-F
Huebner2017,ATCNet,2,9,0.9322284469343292,0.9424094424094424,0.9872048910574044,0.9780578898225956,0.9682539682539684,0.9964942480236793,6,6250,FM-Full_A-None_AdaBN-F
Huebner2017,ATCNet,3,2,0.8919234360410832,0.8945360195360195,0.9611203238022022,0.961484593837535,0.9464285714285714,0.9895029998783306,6,6250,FM-Full_A-None_AdaBN-F
Huebner2017,ATCNet,3,5,0.8595549330843448,0.8517373829873829,0.9294637608129672,0.9437441643323996,0.9184600122100122,0.9788910430031462,6,6250,FM-Full_A-None_AdaBN-F
Huebner2017,ATCNet,3,13,0.9323788032059762,0.8732567633014108,0.973411160564539,0.9784452571784296,0.9677064505629938,0.9960143316680156,6,6250,FM-Full_A-None_AdaBN-F
Huebner2017,ATCNet,4,8,0.8027237354085603,0.598365326522766,0.8217783412865339,0.9157198443579768,0.8812521740722432,0.9567132793140324,6,6250,FM-Full_A-None_AdaBN-F
Huebner2017,ATCNet,4,11,0.8051988481593898,0.6185290276413296,0.8279854954205154,0.8818585103899136,0.8309163635144333,0.922116443719125,6,6250,FM-Full_A-None_AdaBN-F
Huebner2017,ATCNet,5,4,0.8838910505836576,0.7561683410388377,0.9787097412975186,0.9863035019455252,0.9814296537530812,0.9984484157946146,6,6250,FM-Full_A-None_AdaBN-F
Huebner2017,ATCNet,5,7,0.949813258636788,0.9101800976800978,0.9845708958638852,0.9936974789915968,0.9910714285714286,0.9993745598904328,6,6250,FM-Full_A-None_AdaBN-F
Lee2019_MI,ATCNet,1,4,0.81,0.81,0.8998999999999999,0.815,0.815,0.8781000000000001,30,200,FM-Full_A-None_AdaBN-F
Lee2019_MI,ATCNet,1,6,0.735,0.735,0.8629000000000001,0.855,0.855,0.9357,30,200,FM-Full_A-None_AdaBN-F
Lee2019_MI,ATCNet,1,13,0.635,0.635,0.7028,0.635,0.635,0.6818,30,200,FM-Full_A-None_AdaBN-F
Lee2019_MI,ATCNet,1,14,0.63,0.63,0.7048000000000001,0.68,0.6799999999999999,0.7616999999999999,30,200,FM-Full_A-None_AdaBN-F
Lee2019_MI,ATCNet,1,18,0.82,0.82,0.9399,0.905,0.905,0.9615,30,200,FM-Full_A-None_AdaBN-F
Lee2019_MI,ATCNet,1,20,0.8,0.8,0.8916,0.81,0.81,0.8897,30,200,FM-Full_A-None_AdaBN-F
Lee2019_MI,ATCNet,1,33,0.98,0.98,0.9989,0.965,0.965,0.9973,30,200,FM-Full_A-None_AdaBN-F
Lee2019_MI,ATCNet,1,45,0.77,0.77,0.9343,0.855,0.855,0.9439,30,200,FM-Full_A-None_AdaBN-F
Lee2019_MI,ATCNet,1,49,0.77,0.77,0.8739999999999999,0.855,0.855,0.9268,30,200,FM-Full_A-None_AdaBN-F
Lee2019_MI,ATCNet,1,50,0.505,0.505,0.6515,0.59,0.59,0.6296999999999999,30,200,FM-Full_A-None_AdaBN-F
Lee2019_MI,ATCNet,1,53,0.685,0.685,0.7867999999999999,0.695,0.6950000000000001,0.7757999999999999,30,200,FM-Full_A-None_AdaBN-F
Lee2019_MI,ATCNet,2,5,0.855,0.855,0.9293,0.89,0.8899999999999999,0.9666,30,200,FM-Full_A-None_AdaBN-F
Lee2019_MI,ATCNet,2,7,0.62,0.62,0.7099,0.685,0.685,0.7815,30,200,FM-Full_A-None_AdaBN-F
Lee2019_MI,ATCNet,2,9,0.805,0.8049999999999999,0.9088,0.79,0.79,0.8910000000000001,30,200,FM-Full_A-None_AdaBN-F
Lee2019_MI,ATCNet,2,16,0.79,0.79,0.9012,0.805,0.8049999999999999,0.904,30,200,FM-Full_A-None_AdaBN-F
Lee2019_MI,ATCNet,2,25,0.775,0.775,0.8755,0.84,0.8400000000000001,0.9198,30,200,FM-Full_A-None_AdaBN-F
Lee2019_MI,ATCNet,2,27,0.71,0.71,0.7652,0.71,0.71,0.8049000000000001,30,200,FM-Full_A-None_AdaBN-F
Lee2019_MI,ATCNet,2,34,0.525,0.525,0.5081,0.525,0.525,0.5663,30,200,FM-Full_A-None_AdaBN-F
Lee2019_MI,ATCNet,2,35,0.595,0.595,0.8566,0.895,0.895,0.9916,30,200,FM-Full_A-None_AdaBN-F
Lee2019_MI,ATCNet,2,38,0.625,0.625,0.7205,0.635,0.635,0.7034,30,200,FM-Full_A-None_AdaBN-F
Lee2019_MI,ATCNet,2,46,0.66,0.66,0.7783,0.72,0.72,0.7861,30,200,FM-Full_A-None_AdaBN-F
Lee2019_MI,ATCNet,2,51,0.575,0.575,0.7089000000000001,0.625,0.625,0.6798000000000001,30,200,FM-Full_A-None_AdaBN-F
Lee2019_MI,ATCNet,3,1,0.68,0.6799999999999999,0.9011,0.82,0.8200000000000001,0.9215,30,200,FM-Full_A-None_AdaBN-F
Lee2019_MI,ATCNet,3,10,0.74,0.74,0.8367,0.74,0.74,0.8127000000000001,30,200,FM-Full_A-None_AdaBN-F
Lee2019_MI,ATCNet,3,12,0.75,0.75,0.8599,0.815,0.815,0.8847,30,200,FM-Full_A-None_AdaBN-F
Lee2019_MI,ATCNet,3,17,0.685,0.685,0.8037,0.71,0.71,0.8119000000000001,30,200,FM-Full_A-None_AdaBN-F
Lee2019_MI,ATCNet,3,26,0.735,0.735,0.8583999999999998,0.785,0.7849999999999999,0.859,30,200,FM-Full_A-None_AdaBN-F
Lee2019_MI,ATCNet,3,28,0.9,0.9,0.9937,0.97,0.97,0.9971,30,200,FM-Full_A-None_AdaBN-F
Lee2019_MI,ATCNet,3,31,0.74,0.74,0.8467,0.805,0.8049999999999999,0.878,30,200,FM-Full_A-None_AdaBN-F
Lee2019_MI,ATCNet,3,32,0.97,0.97,0.9977,0.98,0.98,0.9968,30,200,FM-Full_A-None_AdaBN-F
Lee2019_MI,ATCNet,3,37,0.92,0.92,0.9945,0.955,0.955,0.9961,30,200,FM-Full_A-None_AdaBN-F
Lee2019_MI,ATCNet,3,41,0.595,0.595,0.6471,0.58,0.5800000000000001,0.5867000000000001,30,200,FM-Full_A-None_AdaBN-F
Lee2019_MI,ATCNet,3,48,0.615,0.615,0.7010000000000001,0.685,0.685,0.7705,30,200,FM-Full_A-None_AdaBN-F
Lee2019_MI,ATCNet,4,2,0.645,0.645,0.737,0.735,0.735,0.8114,30,200,FM-Full_A-None_AdaBN-F
Lee2019_MI,ATCNet,4,3,0.82,0.8200000000000001,0.8922000000000001,0.875,0.875,0.9534,30,200,FM-Full_A-None_AdaBN-F
Lee2019_MI,ATCNet,4,11,0.51,0.51,0.552,0.55,0.55,0.5758,30,200,FM-Full_A-None_AdaBN-F
Lee2019_MI,ATCNet,4,22,0.655,0.655,0.8145000000000001,0.765,0.7649999999999999,0.8396,30,200,FM-Full_A-None_AdaBN-F
Lee2019_MI,ATCNet,4,24,0.53,0.53,0.6518999999999999,0.615,0.615,0.6871,30,200,FM-Full_A-None_AdaBN-F
Lee2019_MI,ATCNet,4,30,0.675,0.675,0.7878999999999999,0.69,0.69,0.7536999999999999,30,200,FM-Full_A-None_AdaBN-F
Lee2019_MI,ATCNet,4,36,0.955,0.955,0.9995,0.99,0.99,0.9996,30,200,FM-Full_A-None_AdaBN-F
Lee2019_MI,ATCNet,4,40,0.66,0.6599999999999999,0.7847,0.745,0.745,0.8394999999999999,30,200,FM-Full_A-None_AdaBN-F
Lee2019_MI,ATCNet,4,42,0.62,0.62,0.6652,0.725,0.7250000000000001,0.8100999999999999,30,200,FM-Full_A-None_AdaBN-F
Lee2019_MI,ATCNet,4,44,0.89,0.89,0.9808,0.895,0.895,0.9799,30,200,FM-Full_A-None_AdaBN-F
Lee2019_MI,ATCNet,4,47,0.815,0.815,0.9014,0.765,0.765,0.8444,30,200,FM-Full_A-None_AdaBN-F
Lee2019_MI,ATCNet,5,8,0.76,0.76,0.8328,0.755,0.755,0.8324,30,200,FM-Full_A-None_AdaBN-F
Lee2019_MI,ATCNet,5,15,0.74,0.74,0.8488999999999999,0.78,0.78,0.863,30,200,FM-Full_A-None_AdaBN-F
Lee2019_MI,ATCNet,5,19,0.78,0.78,0.8759,0.78,0.78,0.8795,30,200,FM-Full_A-None_AdaBN-F
Lee2019_MI,ATCNet,5,21,0.955,0.955,0.9987,0.96,0.96,0.9943,30,200,FM-Full_A-None_AdaBN-F
Lee2019_MI,ATCNet,5,23,0.8,0.8,0.9296,0.86,0.86,0.9377,30,200,FM-Full_A-None_AdaBN-F
Lee2019_MI,ATCNet,5,29,0.795,0.7949999999999999,0.8479000000000001,0.845,0.845,0.9149,30,200,FM-Full_A-None_AdaBN-F
Lee2019_MI,ATCNet,5,39,0.8,0.8,0.9012,0.81,0.81,0.8813000000000001,30,200,FM-Full_A-None_AdaBN-F
Lee2019_MI,ATCNet,5,43,0.8,0.8,0.9038,0.85,0.85,0.9215,30,200,FM-Full_A-None_AdaBN-F
Lee2019_MI,ATCNet,5,52,0.78,0.78,0.8442,0.835,0.835,0.8825,30,200,FM-Full_A-None_AdaBN-F
Lee2019_MI,ATCNet,5,54,0.55,0.55,0.6730999999999999,0.655,0.655,0.72,30,200,FM-Full_A-None_AdaBN-F
Lee2019_SSVEP,ATCNet,1,4,0.995,0.995,0.9999666666666668,0.99,0.99,1.0,20,100,FM-Full_A-None_AdaBN-F
Lee2019_SSVEP,ATCNet,1,6,0.99,0.99,0.9999,0.995,0.995,1.0,20,100,FM-Full_A-None_AdaBN-F
Lee2019_SSVEP,ATCNet,1,13,0.965,0.965,0.9975333333333332,0.99,0.99,0.9999,20,100,FM-Full_A-None_AdaBN-F
Lee2019_SSVEP,ATCNet,1,14,0.77,0.77,0.9439,0.93,0.93,0.9944333333333332,20,100,FM-Full_A-None_AdaBN-F
Lee2019_SSVEP,ATCNet,1,18,0.98,0.98,0.9991,0.98,0.98,0.9992,20,100,FM-Full_A-None_AdaBN-F
Lee2019_SSVEP,ATCNet,1,20,0.98,0.98,0.9989666666666668,0.975,0.975,0.9992666666666667,20,100,FM-Full_A-None_AdaBN-F
Lee2019_SSVEP,ATCNet,1,33,0.99,0.99,0.9998333333333334,1.0,1.0,1.0,20,100,FM-Full_A-None_AdaBN-F
Lee2019_SSVEP,ATCNet,1,45,0.885,0.885,0.9854,0.925,0.925,0.9930333333333332,20,100,FM-Full_A-None_AdaBN-F
Lee2019_SSVEP,ATCNet,1,49,0.955,0.955,0.9991666666666668,0.985,0.985,0.9996333333333334,20,100,FM-Full_A-None_AdaBN-F
Lee2019_SSVEP,ATCNet,1,50,1.0,1.0,1.0,0.995,0.995,0.9998333333333334,20,100,FM-Full_A-None_AdaBN-F
Lee2019_SSVEP,ATCNet,1,53,1.0,1.0,1.0,1.0,1.0,1.0,20,100,FM-Full_A-None_AdaBN-F
Lee2019_SSVEP,ATCNet,2,5,0.78,0.78,0.9562666666666666,0.825,0.825,0.9686,20,100,FM-Full_A-None_AdaBN-F
Lee2019_SSVEP,ATCNet,2,7,1.0,1.0,1.0,0.995,0.995,1.0,20,100,FM-Full_A-None_AdaBN-F
Lee2019_SSVEP,ATCNet,2,9,0.895,0.895,0.9940333333333332,0.955,0.955,0.9977333333333334,20,100,FM-Full_A-None_AdaBN-F
Lee2019_SSVEP,ATCNet,2,16,0.995,0.995,1.0,0.995,0.995,1.0,20,100,FM-Full_A-None_AdaBN-F
Lee2019_SSVEP,ATCNet,2,25,,,,,,,20,100,FM-Full_A-None_AdaBN-F
Lee2019_SSVEP,ATCNet,2,27,0.99,0.99,0.9998333333333334,0.985,0.985,0.9996,20,100,FM-Full_A-None_AdaBN-F
Lee2019_SSVEP,ATCNet,2,34,0.78,0.78,0.9484,0.81,0.81,0.9605,20,100,FM-Full_A-None_AdaBN-F
Lee2019_SSVEP,ATCNet,2,35,0.725,0.725,0.9774,0.985,0.985,0.9995666666666668,20,100,FM-Full_A-None_AdaBN-F
Lee2019_SSVEP,ATCNet,2,38,0.985,0.985,0.9995333333333334,0.98,0.98,0.9995666666666668,20,100,FM-Full_A-None_AdaBN-F
Lee2019_SSVEP,ATCNet,2,46,0.945,0.945,0.9992666666666666,0.99,0.99,1.0,20,100,FM-Full_A-None_AdaBN-F
Lee2019_SSVEP,ATCNet,2,51,0.775,0.7750000000000001,0.9335333333333332,0.795,0.7949999999999999,0.9512333333333334,20,100,FM-Full_A-None_AdaBN-F
Lee2019_SSVEP,ATCNet,3,1,0.9,0.9,0.9933333333333332,0.955,0.955,0.9954333333333334,20,100,FM-Full_A-None_AdaBN-F
Lee2019_SSVEP,ATCNet,3,10,0.99,0.99,0.9998,0.99,0.99,0.9999,20,100,FM-Full_A-None_AdaBN-F
Lee2019_SSVEP,ATCNet,3,12,0.97,0.97,0.9983666666666668,0.965,0.965,0.9982,20,100,FM-Full_A-None_AdaBN-F
Lee2019_SSVEP,ATCNet,3,17,0.725,0.725,0.9517,0.915,0.915,0.9905666666666666,20,100,FM-Full_A-None_AdaBN-F
Lee2019_SSVEP,ATCNet,3,26,0.97,0.97,0.9988333333333334,0.995,0.995,1.0,20,100,FM-Full_A-None_AdaBN-F
Lee2019_SSVEP,ATCNet,3,28,0.945,0.945,0.9936,0.97,0.97,0.9968666666666666,20,100,FM-Full_A-None_AdaBN-F
Lee2019_SSVEP,ATCNet,3,31,0.995,0.995,1.0,1.0,1.0,1.0,20,100,FM-Full_A-None_AdaBN-F
Lee2019_SSVEP,ATCNet,3,32,0.755,0.7549999999999999,0.9175333333333332,0.95,0.95,0.9933666666666666,20,100,FM-Full_A-None_AdaBN-F
Lee2019_SSVEP,ATCNet,3,37,0.985,0.985,0.9999,0.98,0.98,0.9996666666666668,20,100,FM-Full_A-None_AdaBN-F
Lee2019_SSVEP,ATCNet,3,41,0.9,0.8999999999999999,0.9932666666666666,0.965,0.965,0.9991666666666668,20,100,FM-Full_A-None_AdaBN-F
Lee2019_SSVEP,ATCNet,3,48,0.995,0.995,1.0,0.995,0.995,1.0,20,100,FM-Full_A-None_AdaBN-F
Lee2019_SSVEP,ATCNet,4,2,0.99,0.99,0.9996666666666668,0.99,0.99,0.9994333333333334,20,100,FM-Full_A-None_AdaBN-F
Lee2019_SSVEP,ATCNet,4,3,0.885,0.885,0.9832,0.895,0.8949999999999999,0.9836666666666668,20,100,FM-Full_A-None_AdaBN-F
Lee2019_SSVEP,ATCNet,4,11,1.0,1.0,1.0,1.0,1.0,1.0,20,100,FM-Full_A-None_AdaBN-F
Lee2019_SSVEP,ATCNet,4,22,0.81,0.8099999999999998,0.9580333333333332,0.875,0.8749999999999999,0.9779666666666668,20,100,FM-Full_A-None_AdaBN-F
Lee2019_SSVEP,ATCNet,4,24,0.93,0.93,0.9891666666666664,0.955,0.955,0.9924666666666666,20,100,FM-Full_A-None_AdaBN-F
Lee2019_SSVEP,ATCNet,4,30,0.9,0.8999999999999999,0.9935333333333332,0.995,0.995,1.0,20,100,FM-Full_A-None_AdaBN-F
Lee2019_SSVEP,ATCNet,4,36,1.0,1.0,1.0,1.0,1.0,1.0,20,100,FM-Full_A-None_AdaBN-F
Lee2019_SSVEP,ATCNet,4,40,0.91,0.91,0.9882333333333332,0.925,0.925,0.9922,20,100,FM-Full_A-None_AdaBN-F
Lee2019_SSVEP,ATCNet,4,42,0.78,0.78,0.9499,0.775,0.7750000000000001,0.9548,20,100,FM-Full_A-None_AdaBN-F
Lee2019_SSVEP,ATCNet,4,44,0.99,0.99,1.0,0.97,0.97,0.9999,20,100,FM-Full_A-None_AdaBN-F
Lee2019_SSVEP,ATCNet,4,47,0.62,0.6200000000000001,0.8710333333333333,0.615,0.615,0.8593333333333333,20,100,FM-Full_A-None_AdaBN-F
Lee2019_SSVEP,ATCNet,5,8,0.885,0.885,0.9820333333333332,0.935,0.935,0.9909333333333332,20,100,FM-Full_A-None_AdaBN-F
Lee2019_SSVEP,ATCNet,5,15,0.745,0.7450000000000001,0.9586,0.99,0.99,0.9998666666666668,20,100,FM-Full_A-None_AdaBN-F
Lee2019_SSVEP,ATCNet,5,19,0.975,0.975,0.9991,0.98,0.98,0.9995666666666668,20,100,FM-Full_A-None_AdaBN-F
Lee2019_SSVEP,ATCNet,5,21,0.9,0.9,0.9878333333333332,0.965,0.965,0.9988,20,100,FM-Full_A-None_AdaBN-F
Lee2019_SSVEP,ATCNet,5,23,0.265,0.265,0.5425666666666666,0.52,0.52,0.7530666666666667,20,100,FM-Full_A-None_AdaBN-F
Lee2019_SSVEP,ATCNet,5,29,0.92,0.92,0.9862,0.95,0.95,0.9962666666666666,20,100,FM-Full_A-None_AdaBN-F
Lee2019_SSVEP,ATCNet,5,39,1.0,1.0,1.0,1.0,1.0,1.0,20,100,FM-Full_A-None_AdaBN-F
Lee2019_SSVEP,ATCNet,5,43,1.0,1.0,1.0,1.0,1.0,1.0,20,100,FM-Full_A-None_AdaBN-F
Lee2019_SSVEP,ATCNet,5,52,0.97,0.97,0.9975333333333332,0.985,0.985,0.9998666666666668,20,100,FM-Full_A-None_AdaBN-F
Lee2019_SSVEP,ATCNet,5,54,0.775,0.7750000000000001,0.9407666666666666,0.865,0.8649999999999999,0.9765,20,100,FM-Full_A-None_AdaBN-F
BI2015a,ATCNet,1,5,0.8779461279461279,0.7449494949494949,0.8517702275278033,0.914983164983165,0.8479797979797981,0.9373482297724722,25,200,FM-Full_A-None_AdaBN-F
BI2015a,ATCNet,1,9,0.8303303303303303,0.6531531531531531,0.7787841895950003,0.9024024024024024,0.8225225225225226,0.9250791331872412,25,200,FM-Full_A-None_AdaBN-F
BI2015a,ATCNet,1,13,0.8720760233918129,0.8021929824561403,0.8895660203139427,0.9415204678362572,0.9017543859649122,0.9657356109572176,25,200,FM-Full_A-None_AdaBN-F
BI2015a,ATCNet,1,25,0.8266283524904214,0.5787356321839081,0.7431843704584489,0.8735632183908046,0.7666666666666666,0.8813664288545382,25,200,FM-Full_A-None_AdaBN-F
BI2015a,ATCNet,1,26,0.8745519713261649,0.7827956989247311,0.8989189501676494,0.9372759856630823,0.8935483870967742,0.970100589663545,25,200,FM-Full_A-None_AdaBN-F
BI2015a,ATCNet,1,35,0.8349436392914654,0.5541062801932367,0.6879320404210133,0.8132045088566827,0.6531400966183575,0.7652383952951061,25,200,FM-Full_A-None_AdaBN-F
BI2015a,ATCNet,1,37,0.7746031746031746,0.579047619047619,0.6427573696145125,0.8603174603174604,0.7457142857142858,0.8462346938775512,25,200,FM-Full_A-None_AdaBN-F
BI2015a,ATCNet,1,38,0.8626126126126126,0.7265765765765766,0.8430403376349322,0.9016516516516516,0.8310810810810811,0.9252333414495576,25,200,FM-Full_A-None_AdaBN-F
BI2015a,ATCNet,1,40,0.8549382716049383,0.6611111111111111,0.8087696235329981,0.8981481481481481,0.8166666666666667,0.9198959762231366,25,200,FM-Full_A-None_AdaBN-F
BI2015a,ATCNet,2,4,0.8916666666666667,0.7233333333333334,0.8273194444444445,0.9256944444444444,0.8670833333333333,0.9477847222222222,25,200,FM-Full_A-None_AdaBN-F
BI2015a,ATCNet,2,7,0.8333333333333334,0.5,0.6816945405613226,0.9052287581699346,0.8058823529411765,0.8997164552095347,25,200,FM-Full_A-None_AdaBN-F
BI2015a,ATCNet,2,14,0.7628205128205128,0.5089743589743589,0.518449119731171,0.8725071225071225,0.767948717948718,0.8756921615895974,25,200,FM-Full_A-None_AdaBN-F
BI2015a,ATCNet,2,16,0.9007936507936508,0.812857142857143,0.9027981859410432,0.9103174603174604,0.8528571428571429,0.9464353741496598,25,200,FM-Full_A-None_AdaBN-F
BI2015a,ATCNet,2,18,0.8395061728395061,0.6029629629629629,0.7045404663923183,0.8703703703703703,0.777037037037037,0.868962962962963,25,200,FM-Full_A-None_AdaBN-F
BI2015a,ATCNet,2,20,0.8623456790123457,0.6818518518518518,0.8132098765432098,0.9209876543209876,0.8725925925925926,0.9388943758573388,25,200,FM-Full_A-None_AdaBN-F
BI2015a,ATCNet,2,28,0.8494444444444444,0.6763333333333333,0.8202266666666667,0.8638888888888889,0.7743333333333333,0.8776577777777778,25,200,FM-Full_A-None_AdaBN-F
BI2015a,ATCNet,2,32,0.8826164874551972,0.806989247311828,0.8769857787027403,0.8978494623655914,0.8204301075268817,0.9239276216903688,25,200,FM-Full_A-None_AdaBN-F
BI2015a,ATCNet,2,41,0.804320987654321,0.5951851851851852,0.6678655692729768,0.8925925925925926,0.7948148148148149,0.9149876543209876,25,200,FM-Full_A-None_AdaBN-F
BI2015a,ATCNet,3,1,0.7806698950766747,0.5662635065249444,0.5680981199063988,0.8438256658595642,0.7079430470280144,0.8355115424396469,25,200,FM-Full_A-None_AdaBN-F
BI2015a,ATCNet,3,6,0.80239898989899,0.6299242424242424,0.7534234389348026,0.9008838383838385,0.8132575757575757,0.9171946740128558,25,200,FM-Full_A-None_AdaBN-F
BI2015a,ATCNet,3,10,0.8602150537634409,0.7333333333333334,0.8658110764250203,0.910394265232975,0.8408602150537634,0.9366285119667016,25,200,FM-Full_A-None_AdaBN-F
BI2015a,ATCNet,3,12,0.8239247311827957,0.6233870967741936,0.7583954792461557,0.8539426523297491,0.7446236559139785,0.8366733148340849,25,200,FM-Full_A-None_AdaBN-F
BI2015a,ATCNet,3,17,0.8481481481481481,0.697037037037037,0.8198600823045268,0.8808641975308642,0.7922222222222222,0.8894732510288067,25,200,FM-Full_A-None_AdaBN-F
BI2015a,ATCNet,3,27,0.8122362869198312,0.5835443037974684,0.6655566237604373,0.8449367088607594,0.7179324894514768,0.8330760739909915,25,200,FM-Full_A-None_AdaBN-F
BI2015a,ATCNet,3,30,0.8888888888888888,0.8419753086419752,0.8788523090992226,0.9084362139917695,0.7895061728395062,0.9192424935223288,25,200,FM-Full_A-None_AdaBN-F
BI2015a,ATCNet,3,31,0.7988888888888889,0.5646666666666667,0.666952098765432,0.8385185185185186,0.696,0.8152543209876544,25,200,FM-Full_A-None_AdaBN-F
BI2015a,ATCNet,3,42,0.8464912280701754,0.6564327485380117,0.7829827981259191,0.8484405458089669,0.7160818713450292,0.820240415854451,25,200,FM-Full_A-None_AdaBN-F
BI2015a,ATCNet,4,2,0.8677248677248677,0.6746031746031746,0.870830183925422,0.914021164021164,0.8626984126984127,0.9385644998740236,25,200,FM-Full_A-None_AdaBN-F
BI2015a,ATCNet,4,3,0.8151340996168582,0.7810344827586206,0.8740586603250098,0.9348659003831418,0.8988505747126436,0.971845686352226,25,200,FM-Full_A-None_AdaBN-F
BI2015a,ATCNet,4,22,0.8503787878787878,0.7359848484848486,0.8398129017447199,0.9015151515151516,0.8378787878787879,0.9266959366391184,25,200,FM-Full_A-None_AdaBN-F
BI2015a,ATCNet,4,24,0.8842592592592593,0.7546296296296297,0.875017146776406,0.929783950617284,0.8782407407407408,0.9532064471879288,25,200,FM-Full_A-None_AdaBN-F
BI2015a,ATCNet,4,33,0.8783068783068783,0.7285714285714286,0.8666666666666666,0.9041005291005292,0.8392857142857143,0.9201719576719576,25,200,FM-Full_A-None_AdaBN-F
BI2015a,ATCNet,4,34,0.8468253968253968,0.6357142857142857,0.8486938775510204,0.9055555555555556,0.8309523809523809,0.9344807256235828,25,200,FM-Full_A-None_AdaBN-F
BI2015a,ATCNet,4,36,0.8270833333333333,0.7195833333333334,0.8507569444444445,0.9111111111111112,0.865,0.9454236111111112,25,200,FM-Full_A-None_AdaBN-F
BI2015a,ATCNet,4,43,0.9042145593869731,0.8275862068965517,0.931919672347734,0.9377394636015326,0.9051724137931034,0.974990091161316,25,200,FM-Full_A-None_AdaBN-F
BI2015a,ATCNet,5,8,0.8597883597883598,0.7031746031746031,0.8208018392542202,0.8981481481481481,0.8341269841269842,0.9228269085411942,25,200,FM-Full_A-None_AdaBN-F
BI2015a,ATCNet,5,11,0.7881944444444444,0.6079166666666667,0.7172118055555556,0.8736111111111111,0.7941666666666667,0.8950277777777776,25,200,FM-Full_A-None_AdaBN-F
BI2015a,ATCNet,5,15,0.8555555555555555,0.7304761904761905,0.8572879818594105,0.911904761904762,0.8423809523809525,0.9324489795918368,25,200,FM-Full_A-None_AdaBN-F
BI2015a,ATCNet,5,19,0.8738888888888889,0.7296666666666667,0.8324288888888889,0.8911111111111111,0.792,0.8921377777777777,25,200,FM-Full_A-None_AdaBN-F
BI2015a,ATCNet,5,21,0.8952380952380953,0.7619047619047619,0.8975963718820861,0.926984126984127,0.8647619047619048,0.939560090702948,25,200,FM-Full_A-None_AdaBN-F
BI2015a,ATCNet,5,23,0.8596491228070176,0.6947368421052632,0.8391889812249923,0.8852339181286549,0.7802631578947369,0.8957794706063404,25,200,FM-Full_A-None_AdaBN-F
BI2015a,ATCNet,5,29,0.829520697167756,0.5944444444444444,0.7360929557007989,0.869281045751634,0.7686274509803921,0.8619206288179758,25,200,FM-Full_A-None_AdaBN-F
BI2015a,ATCNet,5,39,0.8367346938775511,0.5210884353741496,0.771280484983109,0.8832199546485261,0.7870748299319728,0.8969434032116247,25,200,FM-Full_A-None_AdaBN-F
Lee2019_MI,DeepConvNet,1,4,0.785,0.785,0.874,0.775,0.7749999999999999,0.8766,50,120,FM-Full_A-None_AdaBN-F
Lee2019_MI,DeepConvNet,1,6,0.905,0.905,0.9774,0.925,0.925,0.989,50,120,FM-Full_A-None_AdaBN-F
Lee2019_MI,DeepConvNet,1,13,0.695,0.6950000000000001,0.8363999999999999,0.715,0.715,0.8159000000000001,50,120,FM-Full_A-None_AdaBN-F
Lee2019_MI,DeepConvNet,1,14,0.65,0.65,0.7191000000000001,0.64,0.64,0.7092999999999999,50,120,FM-Full_A-None_AdaBN-F
Lee2019_MI,DeepConvNet,1,18,0.86,0.86,0.9759,0.935,0.935,0.9858,50,120,FM-Full_A-None_AdaBN-F
Lee2019_MI,DeepConvNet,1,20,0.89,0.89,0.9555,0.85,0.85,0.9343,50,120,FM-Full_A-None_AdaBN-F
Lee2019_MI,DeepConvNet,1,33,0.945,0.945,0.9911,0.96,0.96,0.9971,50,120,FM-Full_A-None_AdaBN-F
Lee2019_MI,DeepConvNet,1,45,0.91,0.91,0.971,0.915,0.915,0.9708,50,120,FM-Full_A-None_AdaBN-F
Lee2019_MI,DeepConvNet,1,49,0.75,0.75,0.9481,0.91,0.91,0.9783,50,120,FM-Full_A-None_AdaBN-F
Lee2019_MI,DeepConvNet,1,50,0.615,0.615,0.7135,0.675,0.675,0.7294,50,120,FM-Full_A-None_AdaBN-F
Lee2019_MI,DeepConvNet,1,53,0.85,0.8500000000000001,0.8981,0.85,0.8500000000000001,0.903,50,120,FM-Full_A-None_AdaBN-F
Lee2019_MI,DeepConvNet,2,5,0.725,0.725,0.9408,0.865,0.865,0.978,50,120,FM-Full_A-None_AdaBN-F
Lee2019_MI,DeepConvNet,2,7,0.61,0.61,0.7809999999999999,0.675,0.675,0.8945000000000001,50,120,FM-Full_A-None_AdaBN-F
Lee2019_MI,DeepConvNet,2,9,0.825,0.825,0.9572,0.85,0.85,0.9514,50,120,FM-Full_A-None_AdaBN-F
Lee2019_MI,DeepConvNet,2,16,0.78,0.78,0.9449,0.83,0.8300000000000001,0.9353,50,120,FM-Full_A-None_AdaBN-F
Lee2019_MI,DeepConvNet,2,25,0.85,0.85,0.947,0.885,0.885,0.961,50,120,FM-Full_A-None_AdaBN-F
Lee2019_MI,DeepConvNet,2,27,0.895,0.895,0.9811,0.91,0.91,0.9785,50,120,FM-Full_A-None_AdaBN-F
Lee2019_MI,DeepConvNet,2,34,0.59,0.59,0.7049,0.7,0.7,0.7713000000000001,50,120,FM-Full_A-None_AdaBN-F
Lee2019_MI,DeepConvNet,2,35,0.7,0.7,0.93685,0.935,0.935,0.9917,50,120,FM-Full_A-None_AdaBN-F
Lee2019_MI,DeepConvNet,2,38,0.595,0.595,0.8082,0.75,0.75,0.8819,50,120,FM-Full_A-None_AdaBN-F
Lee2019_MI,DeepConvNet,2,46,0.725,0.725,0.8141999999999999,0.685,0.685,0.7952,50,120,FM-Full_A-None_AdaBN-F
Lee2019_MI,DeepConvNet,2,51,0.71,0.71,0.8279000000000001,0.785,0.785,0.8565999999999999,50,120,FM-Full_A-None_AdaBN-F
Lee2019_MI,DeepConvNet,3,1,0.745,0.745,0.8755,0.775,0.775,0.87,50,120,FM-Full_A-None_AdaBN-F
Lee2019_MI,DeepConvNet,3,10,0.705,0.705,0.7654,0.75,0.75,0.8168,50,120,FM-Full_A-None_AdaBN-F
Lee2019_MI,DeepConvNet,3,12,0.795,0.7949999999999999,0.9087,0.805,0.8049999999999999,0.9052,50,120,FM-Full_A-None_AdaBN-F
Lee2019_MI,DeepConvNet,3,17,0.74,0.74,0.8048000000000001,0.715,0.7150000000000001,0.7784,50,120,FM-Full_A-None_AdaBN-F
Lee2019_MI,DeepConvNet,3,26,0.84,0.84,0.9242,0.88,0.88,0.9518,50,120,FM-Full_A-None_AdaBN-F
Lee2019_MI,DeepConvNet,3,28,0.9,0.9,0.9846,0.94,0.94,0.9901,50,120,FM-Full_A-None_AdaBN-F
Lee2019_MI,DeepConvNet,3,31,0.86,0.86,0.9352,0.875,0.875,0.9435,50,120,FM-Full_A-None_AdaBN-F
Lee2019_MI,DeepConvNet,3,32,0.955,0.955,0.9879,0.96,0.96,0.9953,50,120,FM-Full_A-None_AdaBN-F
Lee2019_MI,DeepConvNet,3,37,0.915,0.915,0.9808,0.95,0.95,0.9892,50,120,FM-Full_A-None_AdaBN-F
Lee2019_MI,DeepConvNet,3,41,0.735,0.7350000000000001,0.8523,0.785,0.785,0.8912000000000001,50,120,FM-Full_A-None_AdaBN-F
Lee2019_MI,DeepConvNet,3,48,0.7,0.7,0.7727,0.725,0.7250000000000001,0.8024,50,120,FM-Full_A-None_AdaBN-F
Lee2019_MI,DeepConvNet,4,2,0.775,0.775,0.8734999999999999,0.795,0.795,0.8718,50,120,FM-Full_A-None_AdaBN-F
Lee2019_MI,DeepConvNet,4,3,0.895,0.895,0.9571,0.905,0.905,0.972,50,120,FM-Full_A-None_AdaBN-F
Lee2019_MI,DeepConvNet,4,11,0.69,0.69,0.7938,0.7,0.7,0.7862,50,120,FM-Full_A-None_AdaBN-F
Lee2019_MI,DeepConvNet,4,22,0.76,0.76,0.8088,0.715,0.715,0.7875000000000001,50,120,FM-Full_A-None_AdaBN-F
Lee2019_MI,DeepConvNet,4,24,0.7,0.7,0.8005,0.785,0.785,0.8777999999999999,50,120,FM-Full_A-None_AdaBN-F
Lee2019_MI,DeepConvNet,4,30,0.75,0.75,0.8765999999999999,0.82,0.8200000000000001,0.9146,50,120,FM-Full_A-None_AdaBN-F
Lee2019_MI,DeepConvNet,4,36,0.955,0.955,0.9983,0.975,0.975,0.9965,50,120,FM-Full_A-None_AdaBN-F
Lee2019_MI,DeepConvNet,4,40,0.845,0.845,0.9504,0.885,0.885,0.9576,50,120,FM-Full_A-None_AdaBN-F
Lee2019_MI,DeepConvNet,4,42,0.71,0.71,0.8123,0.73,0.73,0.8057,50,120,FM-Full_A-None_AdaBN-F
Lee2019_MI,DeepConvNet,4,44,0.83,0.8300000000000001,0.9095,0.89,0.89,0.9562,50,120,FM-Full_A-None_AdaBN-F
Lee2019_MI,DeepConvNet,4,47,0.87,0.87,0.958,0.885,0.885,0.9536,50,120,FM-Full_A-None_AdaBN-F
Lee2019_MI,DeepConvNet,5,8,0.79,0.79,0.869,0.805,0.8049999999999999,0.8886,50,120,FM-Full_A-None_AdaBN-F
Lee2019_MI,DeepConvNet,5,15,0.87,0.87,0.9446,0.885,0.885,0.9784,50,120,FM-Full_A-None_AdaBN-F
Lee2019_MI,DeepConvNet,5,19,0.74,0.74,0.9056,0.805,0.8049999999999999,0.9157,50,120,FM-Full_A-None_AdaBN-F
Lee2019_MI,DeepConvNet,5,21,0.9,0.9,0.9908,0.955,0.955,0.9946,50,120,FM-Full_A-None_AdaBN-F
Lee2019_MI,DeepConvNet,5,23,0.78,0.78,0.8504999999999999,0.825,0.825,0.8896999999999999,50,120,FM-Full_A-None_AdaBN-F
Lee2019_MI,DeepConvNet,5,29,0.62,0.62,0.6939000000000001,0.81,0.81,0.9188,50,120,FM-Full_A-None_AdaBN-F
Lee2019_MI,DeepConvNet,5,39,0.8,0.8,0.9123,0.845,0.845,0.9261,50,120,FM-Full_A-None_AdaBN-F
Lee2019_MI,DeepConvNet,5,43,0.855,0.855,0.9569,0.855,0.855,0.9592,50,120,FM-Full_A-None_AdaBN-F
Lee2019_MI,DeepConvNet,5,52,0.715,0.7150000000000001,0.8703,0.82,0.82,0.9066,50,120,FM-Full_A-None_AdaBN-F
Lee2019_MI,DeepConvNet,5,54,0.7,0.7,0.8414,0.73,0.73,0.8299,50,120,FM-Full_A-None_AdaBN-F
Kalunga2016,EEGNetv4,1,1,0.28125,0.28125,0.5618489583333334,0.296875,0.296875,0.52734375,12,42,FM-Full_A-None_AdaBN-F
Kalunga2016,EEGNetv4,1,10,0.28125,0.28125,0.5873209635416667,0.3203125,0.3203125,0.6451822916666666,12,42,FM-Full_A-None_AdaBN-F
Kalunga2016,EEGNetv4,1,11,0.265625,0.265625,0.4309895833333333,0.234375,0.234375,0.4622395833333333,12,42,FM-Full_A-None_AdaBN-F
Kalunga2016,EEGNetv4,2,3,0.375,0.375,0.697265625,0.359375,0.359375,0.6764322916666667,12,42,FM-Full_A-None_AdaBN-F
Kalunga2016,EEGNetv4,2,6,0.421875,0.421875,0.7044270833333333,0.34375,0.34375,0.669921875,12,42,FM-Full_A-None_AdaBN-F
Kalunga2016,EEGNetv4,2,9,0.296875,0.296875,0.4866536458333333,0.359375,0.359375,0.53125,12,42,FM-Full_A-None_AdaBN-F
Kalunga2016,EEGNetv4,3,2,0.375,0.375,0.7001953125,0.4375,0.4375,0.6806640624999999,12,42,FM-Full_A-None_AdaBN-F
Kalunga2016,EEGNetv4,3,12,0.3375,0.3374999999999999,0.6002083333333335,0.45625,0.4562499999999999,0.7559895833333333,12,42,FM-Full_A-None_AdaBN-F
Kalunga2016,EEGNetv4,4,5,0.15625,0.15625,0.4527994791666667,0.1875,0.1875,0.4820963541666666,12,42,FM-Full_A-None_AdaBN-F
Kalunga2016,EEGNetv4,4,8,0.265625,0.265625,0.5159505208333333,0.296875,0.296875,0.5045572916666666,12,42,FM-Full_A-None_AdaBN-F
Kalunga2016,EEGNetv4,5,4,0.359375,0.359375,0.6123046875,0.296875,0.296875,0.6031901041666667,12,42,FM-Full_A-None_AdaBN-F
Kalunga2016,EEGNetv4,5,7,0.46875,0.46875,0.6969039351851851,0.4479166666666667,0.4479166666666666,0.6727430555555556,12,42,FM-Full_A-None_AdaBN-F
MAMEM2,ShallowConvNet,1,2,0.2,0.1826666666666666,0.4880208521303258,0.184,0.1766666666666666,0.4782805012531329,6,100,FM-Full_A-None_AdaBN-F
MAMEM2,ShallowConvNet,1,9,0.192,0.2093333333333333,0.500473984962406,0.216,0.2133333333333333,0.4910432080200501,6,100,FM-Full_A-None_AdaBN-F
MAMEM2,ShallowConvNet,2,1,0.216,0.2126666666666667,0.4977096741854637,0.224,0.2233333333333333,0.5609794486215538,6,100,FM-Full_A-None_AdaBN-F
MAMEM2,ShallowConvNet,2,6,0.176,0.1706666666666666,0.4999147869674186,0.24,0.2386666666666666,0.5331961904761905,6,100,FM-Full_A-None_AdaBN-F
MAMEM2,ShallowConvNet,3,3,0.184,0.1833333333333333,0.5211376441102755,0.208,0.206,0.5013646115288222,6,100,FM-Full_A-None_AdaBN-F
MAMEM2,ShallowConvNet,3,8,0.288,0.3013333333333333,0.5329664160401002,0.216,0.2153333333333333,0.5332767919799499,6,100,FM-Full_A-None_AdaBN-F
MAMEM2,ShallowConvNet,4,5,0.216,0.2106666666666666,0.544448320802005,0.184,0.1846666666666666,0.4905377443609023,6,100,FM-Full_A-None_AdaBN-F
MAMEM2,ShallowConvNet,4,10,0.24,0.2293333333333333,0.5234073182957394,0.256,0.2573333333333333,0.5500541353383459,6,100,FM-Full_A-None_AdaBN-F
MAMEM2,ShallowConvNet,5,4,0.2,0.1886666666666666,0.4848040100250627,0.184,0.1826666666666666,0.4836826065162907,6,100,FM-Full_A-None_AdaBN-F
MAMEM2,ShallowConvNet,5,7,0.176,0.1633333333333333,0.4611693233082706,0.16,0.16,0.4939344360902256,6,100,FM-Full_A-None_AdaBN-F
Kalunga2016,EEGNetv4,1,1,0.203125,0.203125,0.5270182291666667,0.203125,0.203125,0.5091145833333334,8,64,FM-Full_A-None_AdaBN-F
Kalunga2016,EEGNetv4,1,10,0.328125,0.328125,0.6017252604166667,0.390625,0.390625,0.6564127604166667,8,64,FM-Full_A-None_AdaBN-F
Kalunga2016,EEGNetv4,1,11,0.1875,0.1875,0.4612630208333333,0.171875,0.171875,0.4479166666666666,8,64,FM-Full_A-None_AdaBN-F
Kalunga2016,EEGNetv4,2,3,0.296875,0.296875,0.5699869791666667,0.296875,0.296875,0.56640625,8,64,FM-Full_A-None_AdaBN-F
Kalunga2016,EEGNetv4,2,6,0.34375,0.34375,0.681640625,0.390625,0.390625,0.7021484375,8,64,FM-Full_A-None_AdaBN-F
Kalunga2016,EEGNetv4,2,9,0.296875,0.296875,0.4908854166666667,0.34375,0.34375,0.5465494791666667,8,64,FM-Full_A-None_AdaBN-F
Kalunga2016,EEGNetv4,3,2,0.3125,0.3125,0.6100260416666666,0.265625,0.265625,0.5947265625,8,64,FM-Full_A-None_AdaBN-F
Kalunga2016,EEGNetv4,3,12,0.39375,0.39375,0.6736979166666667,0.38125,0.38125,0.7013541666666666,8,64,FM-Full_A-None_AdaBN-F
Kalunga2016,EEGNetv4,4,5,0.265625,0.265625,0.4755859375,0.3125,0.3125,0.5266927083333333,8,64,FM-Full_A-None_AdaBN-F
Kalunga2016,EEGNetv4,4,8,0.34375,0.34375,0.6643880208333333,0.359375,0.359375,0.6653645833333333,8,64,FM-Full_A-None_AdaBN-F
Kalunga2016,EEGNetv4,5,4,0.34375,0.34375,0.6497395833333334,0.3125,0.3125,0.6344401041666667,8,64,FM-Full_A-None_AdaBN-F
Kalunga2016,EEGNetv4,5,7,0.4479166666666667,0.4479166666666666,0.689525462962963,0.46875,0.4687499999999999,0.6627604166666667,8,64,FM-Full_A-None_AdaBN-F
Huebner2018,EEGNetv4,1,1,0.9487359058757616,0.9482462990462236,0.9887264417856164,0.9754184466699348,0.96569295167009,0.9931701757312504,10,4200,FM-Full_A-None_AdaBN-F
Huebner2018,EEGNetv4,1,10,0.8872549019607843,0.8372710622710623,0.9206179138321996,0.9362044817927172,0.9142971611721612,0.9743150537458573,10,4200,FM-Full_A-None_AdaBN-F
Huebner2018,EEGNetv4,1,11,0.8259248839499226,0.6941059964363667,0.8230811446243674,0.9204529469686312,0.8877584620479659,0.9566123598216506,10,4200,FM-Full_A-None_AdaBN-F
Huebner2018,EEGNetv4,2,3,0.9271008403361344,0.9023695054945056,0.9164306972789116,0.980812324929972,0.9744734432234432,0.9953009849773244,10,4200,FM-Full_A-None_AdaBN-F
Huebner2018,EEGNetv4,2,6,0.8709383753501401,0.7444940476190476,0.8715291813840922,0.980252100840336,0.9712225274725276,0.9954026306035236,10,4200,FM-Full_A-None_AdaBN-F
Huebner2018,EEGNetv4,2,9,0.8053785279081168,0.6642367607359823,0.7915304226141413,0.9482456754674696,0.923613559697164,0.9792274088635362,10,4200,FM-Full_A-None_AdaBN-F
Huebner2018,EEGNetv4,3,2,0.963655462184874,0.9608859890109892,0.9910129949415664,0.9841736694677872,0.978937728937729,0.996058659842142,10,4200,FM-Full_A-None_AdaBN-F
Huebner2018,EEGNetv4,3,12,0.8544817927170868,0.8207875457875458,0.9035753940999476,0.9323529411764706,0.907760989010989,0.968036504665969,10,4200,FM-Full_A-None_AdaBN-F
Huebner2018,EEGNetv4,4,5,0.8572229227966933,0.7594512454514516,0.8937052098876933,0.9302928401289056,0.9019909716222938,0.9673957160745916,10,4200,FM-Full_A-None_AdaBN-F
Huebner2018,EEGNetv4,4,8,0.8281512605042017,0.6801510989010989,0.8655281647915576,0.9315126050420168,0.9043269230769232,0.9679410321821036,10,4200,FM-Full_A-None_AdaBN-F
Huebner2018,EEGNetv4,5,4,0.9283613445378152,0.8641483516483517,0.9731891025641024,0.9598039215686276,0.9432234432234432,0.985733650030525,10,4200,FM-Full_A-None_AdaBN-F
Huebner2018,EEGNetv4,5,7,0.8826001681143177,0.774183428868066,0.9401226519831092,0.9402493695713084,0.9156066237414716,0.975226186113874,10,4200,FM-Full_A-None_AdaBN-F
Huebner2018,ATCNet,1,1,0.9263954058407452,0.8925346381798438,0.9715017836972686,0.9809510469920862,0.9701346413416544,0.9950243459413256,10,4200,FM-Full_A-None_AdaBN-F
Huebner2018,ATCNet,1,10,0.8793417366946779,0.8276671245421245,0.9228442923643816,0.940686274509804,0.918360805860806,0.9757838800584336,10,4200,FM-Full_A-None_AdaBN-F
Huebner2018,ATCNet,1,11,0.8213532142354761,0.6975334054528455,0.81613446563442,0.9262906175270784,0.8962323672535621,0.9640105899928748,10,4200,FM-Full_A-None_AdaBN-F
Huebner2018,ATCNet,2,3,0.9462885154061624,0.9323260073260072,0.9865831589045874,0.9838235294117648,0.975412087912088,0.9965506715506716,10,4200,FM-Full_A-None_AdaBN-F
Huebner2018,ATCNet,2,6,0.8839635854341736,0.7645489926739927,0.9141167364381648,0.9829131652661064,0.9756410256410256,0.9969244805293912,10,4200,FM-Full_A-None_AdaBN-F
Huebner2018,ATCNet,2,9,0.8174942222844737,0.6665957712419155,0.8192979472217496,0.9566496253239022,0.9352896354759506,0.983426974714238,10,4200,FM-Full_A-None_AdaBN-F
Huebner2018,ATCNet,3,2,0.9666666666666668,0.965327380952381,0.9934588675213676,0.9853641456582634,0.9797161172161172,0.9970296147305076,10,4200,FM-Full_A-None_AdaBN-F
Huebner2018,ATCNet,3,12,0.8432072829131653,0.8248511904761905,0.903892745399442,0.940546218487395,0.9150755494505496,0.9738488929225536,10,4200,FM-Full_A-None_AdaBN-F
Huebner2018,ATCNet,4,5,0.8517584419223764,0.7311586199900522,0.8922989912475894,0.9396104805940872,0.9136458905992304,0.9750456491007616,10,4200,FM-Full_A-None_AdaBN-F
Huebner2018,ATCNet,4,8,0.8096638655462185,0.648385989010989,0.8146123866213152,0.9392156862745098,0.9168841575091576,0.9725020304596196,10,4200,FM-Full_A-None_AdaBN-F
Huebner2018,ATCNet,5,4,0.9228991596638656,0.8523351648351649,0.9694302584815978,0.9643557422969188,0.9460966117216116,0.9879218859017966,10,4200,FM-Full_A-None_AdaBN-F
Huebner2018,ATCNet,5,7,0.8551414962174279,0.7101848095412588,0.919708809916418,0.94424208461754,0.9201745690031234,0.9785255833507828,10,4200,FM-Full_A-None_AdaBN-F
Huebner2017,ShallowConvNet,1,1,0.9453696498054476,0.923187840111054,0.980430994004676,0.9705836575875486,0.9553555274474266,0.991769756730066,10,3750,FM-Full_A-None_AdaBN-F
Huebner2017,ShallowConvNet,1,10,0.9424875311720698,0.9363776751268214,0.9840947393784608,0.978647132169576,0.9675861156632102,0.9958045696174166,10,3750,FM-Full_A-None_AdaBN-F
Huebner2017,ShallowConvNet,1,12,0.8570650482415189,0.7189280626780626,0.9376670599388854,0.9573607220666044,0.935833842083842,0.9872420715674682,10,3750,FM-Full_A-None_AdaBN-F
Huebner2017,ShallowConvNet,2,3,0.911206225680934,0.8578127473596129,0.9528807870706916,0.9505836575875486,0.9243079921318778,0.9825706546555572,10,3750,FM-Full_A-None_AdaBN-F
Huebner2017,ShallowConvNet,2,6,0.9584354932866316,0.9601051682642204,0.9927663279649688,0.9815528312901344,0.973669923419592,0.9965536618422984,10,3750,FM-Full_A-None_AdaBN-F
Huebner2017,ShallowConvNet,2,9,0.9507469654528478,0.9514270451770452,0.9895008464370236,0.975645813881108,0.9658755596255596,0.9954875142127126,10,3750,FM-Full_A-None_AdaBN-F
Huebner2017,ShallowConvNet,3,2,0.8729380641145347,0.8604878917378918,0.937065963810342,0.9474011826953004,0.9243996743996744,0.9814372686396498,10,3750,FM-Full_A-None_AdaBN-F
Huebner2017,ShallowConvNet,3,5,0.844926859632742,0.8318706756206755,0.9092248277516136,0.9263149704326176,0.8870319495319495,0.9667852035163544,10,3750,FM-Full_A-None_AdaBN-F
Huebner2017,ShallowConvNet,3,13,0.9318340985137344,0.8848048251954581,0.9685034058793852,0.9715197260913548,0.955509043220196,0.9919238742951474,10,3750,FM-Full_A-None_AdaBN-F
Huebner2017,ShallowConvNet,4,8,0.8366536964980544,0.7263110261405601,0.8454777648275765,0.9024124513618677,0.8478277316309069,0.9463945132070516,10,3750,FM-Full_A-None_AdaBN-F
Huebner2017,ShallowConvNet,4,11,0.7972604871974472,0.6037196070374096,0.7945878362905895,0.855085998910421,0.7741337546548448,0.883785744935749,10,3750,FM-Full_A-None_AdaBN-F
Huebner2017,ShallowConvNet,5,4,0.9472373540856032,0.9131921559473464,0.9829624083389604,0.9807003891050584,0.9725008130895572,0.9969218872670176,10,3750,FM-Full_A-None_AdaBN-F
Huebner2017,ShallowConvNet,5,7,0.9586834733893558,0.9187271062271064,0.9933997023944112,0.9915966386554622,0.9877518315018315,0.9991514936538084,10,3750,FM-Full_A-None_AdaBN-F
Huebner2017,ShallowConvNet,1,1,0.9244357976653697,0.8523848697495146,0.9747059819698736,0.9722178988326848,0.9584843741418136,0.992380179676638,6,12500,FM-Full_A-None_AdaBN-F
Huebner2017,ShallowConvNet,1,10,0.966100374064838,0.9428787698803736,0.9916435949492848,0.9819201995012468,0.9723622648844636,0.9970008004794778,6,12500,FM-Full_A-None_AdaBN-F
Huebner2017,ShallowConvNet,1,12,0.8758948023653906,0.8156033781033781,0.9393278006042556,0.9586056644880174,0.93893722018722,0.9881819814028808,6,12500,FM-Full_A-None_AdaBN-F
Huebner2017,ShallowConvNet,2,3,0.896887159533074,0.8164014500456084,0.9446103268296938,0.9499610894941636,0.92344307484624,0.983271961225859,6,12500,FM-Full_A-None_AdaBN-F
Huebner2017,ShallowConvNet,2,6,0.9350846468184472,0.9470755164163782,0.9891955744985832,0.9827203736135436,0.975980607128516,0.996647191230612,6,12500,FM-Full_A-None_AdaBN-F
Huebner2017,ShallowConvNet,2,9,0.9409430438842205,0.9476495726495726,0.9897272942494504,0.9772798008092126,0.96751628001628,0.9960379708230236,6,12500,FM-Full_A-None_AdaBN-F
Huebner2017,ShallowConvNet,3,2,0.8885776532835357,0.8889143264143264,0.9556266090244266,0.9524587612822908,0.9306827431827432,0.9851702254976066,6,12500,FM-Full_A-None_AdaBN-F
Huebner2017,ShallowConvNet,3,5,0.8699035169623405,0.851521164021164,0.9225675332652846,0.9318394024276376,0.8962530525030525,0.9685769339787196,6,12500,FM-Full_A-None_AdaBN-F
Huebner2017,ShallowConvNet,3,13,0.9277099058439032,0.8634505920681763,0.9704497596784154,0.972686950431873,0.957302419825952,0.9928155401945724,6,12500,FM-Full_A-None_AdaBN-F
Huebner2017,ShallowConvNet,4,8,0.790739299610895,0.5686673987165032,0.8313470524695846,0.9042023346303502,0.8506005151003115,0.9469029297609088,6,12500,FM-Full_A-None_AdaBN-F
Huebner2017,ShallowConvNet,4,11,0.8009183594054012,0.6480230540010136,0.8114085349722957,0.8637248034866527,0.7882560118674935,0.8949727070409849,6,12500,FM-Full_A-None_AdaBN-F
Huebner2017,ShallowConvNet,5,4,0.94568093385214,0.900728596898198,0.9879639860557834,0.9827237354085604,0.9755407112864368,0.9971687084099308,6,12500,FM-Full_A-None_AdaBN-F
Huebner2017,ShallowConvNet,5,7,0.9410986616868968,0.8786121286121287,0.9909682652738208,0.990818549642079,0.9859839234839236,0.9988980773537652,6,12500,FM-Full_A-None_AdaBN-F
Yang2025,ATCNet,1,4,0.5016666666666667,0.5016666666666667,0.5131111111111111,0.495,0.495,0.5152777777777778,30,150,FM-Full_A-None_AdaBN-F
Yang2025,ATCNet,1,13,0.68,0.6799999999999999,0.7508111111111111,0.7066666666666667,0.7066666666666667,0.7827555555555556,30,150,FM-Full_A-None_AdaBN-F
Yang2025,ATCNet,1,14,0.5516666666666666,0.5516666666666667,0.5976555555555555,0.5316666666666666,0.5316666666666667,0.5491111111111111,30,150,FM-Full_A-None_AdaBN-F
Yang2025,ATCNet,1,18,0.6583333333333333,0.6583333333333333,0.7291444444444444,0.65,0.6499999999999999,0.7183777777777777,30,150,FM-Full_A-None_AdaBN-F
Yang2025,ATCNet,1,25,0.7633333333333333,0.7633333333333333,0.8329333333333333,0.83,0.83,0.9074666666666668,30,150,FM-Full_A-None_AdaBN-F
Yang2025,ATCNet,1,31,0.7233333333333334,0.7233333333333334,0.8146111111111112,0.7833333333333333,0.7833333333333333,0.8664555555555555,30,150,FM-Full_A-None_AdaBN-F
Yang2025,ATCNet,1,32,0.654424040066778,0.6543645484949833,0.7283835005574135,0.7445742904841403,0.7444760312151617,0.8329542920847268,30,150,FM-Full_A-None_AdaBN-F
Yang2025,ATCNet,1,33,0.8333333333333334,0.8333333333333334,0.9318444444444444,0.94,0.94,0.9855555555555556,30,150,FM-Full_A-None_AdaBN-F
Yang2025,ATCNet,1,41,0.8116666666666666,0.8116666666666668,0.9084666666666668,0.89,0.89,0.9558333333333332,30,150,FM-Full_A-None_AdaBN-F
Yang2025,ATCNet,1,44,0.6033333333333334,0.6033333333333333,0.6364,0.6016666666666667,0.6016666666666667,0.6414333333333334,30,150,FM-Full_A-None_AdaBN-F
Yang2025,ATCNet,1,47,0.7883333333333333,0.7883333333333333,0.8697333333333334,0.8166666666666667,0.8166666666666667,0.8856111111111111,30,150,FM-Full_A-None_AdaBN-F
Yang2025,ATCNet,2,5,0.7233333333333334,0.7233333333333334,0.792,0.8533333333333334,0.8533333333333333,0.9272222222222224,30,150,FM-Full_A-None_AdaBN-F
Yang2025,ATCNet,2,7,0.62,0.62,0.6938555555555557,0.6966666666666667,0.6966666666666667,0.7387444444444444,30,150,FM-Full_A-None_AdaBN-F
Yang2025,ATCNet,2,9,0.5716666666666667,0.5716666666666667,0.6628333333333334,0.6583333333333333,0.6583333333333333,0.7095222222222223,30,150,FM-Full_A-None_AdaBN-F
Yang2025,ATCNet,2,16,0.6366666666666667,0.6366666666666667,0.7394666666666667,0.6766666666666666,0.6766666666666666,0.7314333333333334,30,150,FM-Full_A-None_AdaBN-F
Yang2025,ATCNet,2,20,0.5783333333333334,0.5783333333333334,0.6288333333333334,0.6783333333333333,0.6783333333333333,0.7406888888888888,30,150,FM-Full_A-None_AdaBN-F
Yang2025,ATCNet,2,34,0.4733333333333333,0.4733333333333334,0.4513444444444444,0.8516666666666667,0.8516666666666667,0.9337444444444446,30,150,FM-Full_A-None_AdaBN-F
Yang2025,ATCNet,2,37,0.7733333333333333,0.7733333333333333,0.8553444444444445,0.7933333333333333,0.7933333333333333,0.8773555555555556,30,150,FM-Full_A-None_AdaBN-F
Yang2025,ATCNet,2,48,0.7483333333333333,0.7483333333333333,0.8505444444444445,0.7966666666666666,0.7966666666666666,0.8876222222222221,30,150,FM-Full_A-None_AdaBN-F
Yang2025,ATCNet,2,49,0.8533333333333334,0.8533333333333333,0.9367333333333332,0.9066666666666666,0.9066666666666668,0.9663555555555556,30,150,FM-Full_A-None_AdaBN-F
Yang2025,ATCNet,2,50,0.84,0.8400000000000001,0.9323444444444444,0.86,0.86,0.9436111111111112,30,150,FM-Full_A-None_AdaBN-F
Yang2025,ATCNet,3,1,0.7466666666666667,0.7466666666666666,0.8271444444444446,0.8283333333333334,0.8283333333333334,0.9014111111111112,30,150,FM-Full_A-None_AdaBN-F
Yang2025,ATCNet,3,10,0.725,0.725,0.8125333333333333,0.77,0.77,0.8617777777777778,30,150,FM-Full_A-None_AdaBN-F
Yang2025,ATCNet,3,12,0.5366666666666666,0.5366666666666666,0.5719777777777778,0.5583333333333333,0.5583333333333333,0.5542222222222222,30,150,FM-Full_A-None_AdaBN-F
Yang2025,ATCNet,3,17,0.59,0.59,0.7180111111111112,0.6566666666666666,0.6566666666666666,0.731811111111111,30,150,FM-Full_A-None_AdaBN-F
Yang2025,ATCNet,3,26,0.6944908180300501,0.6947714604236344,0.761984392419175,0.8564273789649416,0.8564492753623189,0.9356410256410256,30,150,FM-Full_A-None_AdaBN-F
Yang2025,ATCNet,3,27,0.6266666666666667,0.6266666666666667,0.6704444444444444,0.7783333333333333,0.7783333333333333,0.8604222222222223,30,150,FM-Full_A-None_AdaBN-F
Yang2025,ATCNet,3,28,0.7266666666666667,0.7266666666666666,0.8446222222222223,0.865,0.865,0.9368,30,150,FM-Full_A-None_AdaBN-F
Yang2025,ATCNet,3,35,0.675,0.675,0.7296222222222223,0.755,0.755,0.8307777777777778,30,150,FM-Full_A-None_AdaBN-F
Yang2025,ATCNet,3,45,0.6916666666666667,0.6916666666666667,0.7334777777777777,0.7083333333333334,0.7083333333333333,0.7936777777777777,30,150,FM-Full_A-None_AdaBN-F
Yang2025,ATCNet,3,46,0.8316666666666667,0.8316666666666667,0.904177777777778,0.8733333333333333,0.8733333333333333,0.9431111111111112,30,150,FM-Full_A-None_AdaBN-F
Yang2025,ATCNet,4,2,0.53,0.53,0.5827333333333333,0.5933333333333334,0.5933333333333333,0.6283222222222221,30,150,FM-Full_A-None_AdaBN-F
Yang2025,ATCNet,4,3,0.8716666666666667,0.8716666666666666,0.9582888888888887,0.9,0.9,0.9623555555555556,30,150,FM-Full_A-None_AdaBN-F
Yang2025,ATCNet,4,6,0.9033333333333332,0.9033333333333332,0.9553111111111112,0.95,0.95,0.9874333333333334,30,150,FM-Full_A-None_AdaBN-F
Yang2025,ATCNet,4,22,0.6716666666666666,0.6716666666666666,0.7500888888888889,0.7733333333333333,0.7733333333333333,0.8469555555555556,30,150,FM-Full_A-None_AdaBN-F
Yang2025,ATCNet,4,24,0.8198653198653199,0.8201977144930166,0.9169122982042446,0.9074074074074074,0.9074460366406676,0.9739025938690368,30,150,FM-Full_A-None_AdaBN-F
Yang2025,ATCNet,4,30,0.7633333333333333,0.7633333333333334,0.8654222222222223,0.71,0.71,0.7101333333333333,30,150,FM-Full_A-None_AdaBN-F
Yang2025,ATCNet,4,36,0.7233333333333334,0.7233333333333334,0.8503444444444446,0.825,0.825,0.9018,30,150,FM-Full_A-None_AdaBN-F
Yang2025,ATCNet,4,38,0.525,0.5249999999999999,0.5230555555555556,0.5733333333333334,0.5733333333333333,0.5907555555555555,30,150,FM-Full_A-None_AdaBN-F
Yang2025,ATCNet,4,40,0.7366666666666667,0.7366666666666666,0.8097777777777778,0.81,0.81,0.8738555555555556,30,150,FM-Full_A-None_AdaBN-F
Yang2025,ATCNet,4,42,0.6983333333333334,0.6983333333333333,0.7452666666666666,0.68,0.6799999999999999,0.7533777777777777,30,150,FM-Full_A-None_AdaBN-F
Yang2025,ATCNet,5,8,0.775,0.7749999999999999,0.8663555555555555,0.8016666666666666,0.8016666666666667,0.8760888888888889,30,150,FM-Full_A-None_AdaBN-F
Yang2025,ATCNet,5,11,0.7516666666666667,0.7516666666666667,0.8480222222222222,0.8416666666666667,0.8416666666666667,0.9266,30,150,FM-Full_A-None_AdaBN-F
Yang2025,ATCNet,5,15,0.7133333333333334,0.7133333333333334,0.7763000000000001,0.7033333333333334,0.7033333333333334,0.7824777777777779,30,150,FM-Full_A-None_AdaBN-F
Yang2025,ATCNet,5,19,0.73,0.73,0.8292666666666668,0.8116666666666666,0.8116666666666668,0.9106777777777776,30,150,FM-Full_A-None_AdaBN-F
Yang2025,ATCNet,5,21,0.7466666666666667,0.7466666666666667,0.8490333333333334,0.8066666666666666,0.8066666666666666,0.8718777777777779,30,150,FM-Full_A-None_AdaBN-F
Yang2025,ATCNet,5,23,0.8030050083472454,0.8029152731326644,0.8897658862876254,0.8697829716193656,0.8698160535117057,0.9501895206243032,30,150,FM-Full_A-None_AdaBN-F
Yang2025,ATCNet,5,29,0.855,0.855,0.9708555555555556,0.945,0.945,0.990488888888889,30,150,FM-Full_A-None_AdaBN-F
Yang2025,ATCNet,5,39,0.7333333333333333,0.7333333333333334,0.8299222222222222,0.7716666666666666,0.7716666666666667,0.8638666666666668,30,150,FM-Full_A-None_AdaBN-F
Yang2025,ATCNet,5,43,0.7883333333333333,0.7883333333333333,0.8769888888888889,0.8866666666666667,0.8866666666666667,0.9486222222222224,30,150,FM-Full_A-None_AdaBN-F
Yang2025,ATCNet,5,51,0.7583333333333333,0.7583333333333333,0.8513777777777778,0.805,0.805,0.8921,30,150,FM-Full_A-None_AdaBN-F
Lee2019_SSVEP,EEGNetv4,1,4,0.995,0.995,1.0,1.0,1.0,1.0,20,100,FM-Full_A-None_AdaBN-F
Lee2019_SSVEP,EEGNetv4,1,6,0.98,0.98,0.9997,1.0,1.0,1.0,20,100,FM-Full_A-None_AdaBN-F
Lee2019_SSVEP,EEGNetv4,1,13,0.975,0.975,0.9973666666666666,0.995,0.995,0.9997666666666668,20,100,FM-Full_A-None_AdaBN-F
Lee2019_SSVEP,EEGNetv4,1,14,0.92,0.92,0.9845333333333331,0.965,0.965,0.9928333333333336,20,100,FM-Full_A-None_AdaBN-F
Lee2019_SSVEP,EEGNetv4,1,18,0.995,0.995,1.0,1.0,1.0,1.0,20,100,FM-Full_A-None_AdaBN-F
Lee2019_SSVEP,EEGNetv4,1,20,0.955,0.955,0.9982,0.96,0.96,0.9988,20,100,FM-Full_A-None_AdaBN-F
Lee2019_SSVEP,EEGNetv4,1,33,1.0,1.0,1.0,1.0,1.0,1.0,20,100,FM-Full_A-None_AdaBN-F
Lee2019_SSVEP,EEGNetv4,1,45,0.98,0.98,0.9984,0.98,0.98,0.9986,20,100,FM-Full_A-None_AdaBN-F
Lee2019_SSVEP,EEGNetv4,1,49,0.99,0.99,0.9999,1.0,1.0,1.0,20,100,FM-Full_A-None_AdaBN-F
Lee2019_SSVEP,EEGNetv4,1,50,0.985,0.985,0.9999,0.995,0.995,1.0,20,100,FM-Full_A-None_AdaBN-F
Lee2019_SSVEP,EEGNetv4,1,53,1.0,1.0,1.0,1.0,1.0,1.0,20,100,FM-Full_A-None_AdaBN-F
Lee2019_SSVEP,EEGNetv4,2,5,0.785,0.785,0.9271,0.84,0.8400000000000001,0.9644,20,100,FM-Full_A-None_AdaBN-F
Lee2019_SSVEP,EEGNetv4,2,7,0.965,0.965,0.9994,0.995,0.995,1.0,20,100,FM-Full_A-None_AdaBN-F
Lee2019_SSVEP,EEGNetv4,2,9,0.975,0.975,0.9996333333333334,0.98,0.98,0.9997,20,100,FM-Full_A-None_AdaBN-F
Lee2019_SSVEP,EEGNetv4,2,16,0.995,0.995,0.9999666666666668,0.995,0.995,0.9996666666666668,20,100,FM-Full_A-None_AdaBN-F
Lee2019_SSVEP,EEGNetv4,2,25,0.94,0.94,0.9973333333333332,0.975,0.975,0.9984666666666668,20,100,FM-Full_A-None_AdaBN-F
Lee2019_SSVEP,EEGNetv4,2,27,0.995,0.995,1.0,0.995,0.995,1.0,20,100,FM-Full_A-None_AdaBN-F
Lee2019_SSVEP,EEGNetv4,2,34,0.815,0.815,0.9485666666666668,0.9,0.8999999999999999,0.9737333333333332,20,100,FM-Full_A-None_AdaBN-F
Lee2019_SSVEP,EEGNetv4,2,35,0.98,0.98,0.999,0.995,0.995,0.9997,20,100,FM-Full_A-None_AdaBN-F
Lee2019_SSVEP,EEGNetv4,2,38,0.985,0.985,0.9997666666666668,0.995,0.995,0.9999,20,100,FM-Full_A-None_AdaBN-F
Lee2019_SSVEP,EEGNetv4,2,46,0.995,0.995,0.9998333333333334,0.995,0.995,0.9998333333333334,20,100,FM-Full_A-None_AdaBN-F
Lee2019_SSVEP,EEGNetv4,2,51,0.78,0.78,0.9378666666666666,0.83,0.83,0.9546666666666666,20,100,FM-Full_A-None_AdaBN-F
Lee2019_SSVEP,EEGNetv4,3,1,0.955,0.955,0.9926666666666668,0.955,0.955,0.9937333333333334,20,100,FM-Full_A-None_AdaBN-F
Lee2019_SSVEP,EEGNetv4,3,10,0.985,0.985,0.9998333333333334,0.995,0.995,1.0,20,100,FM-Full_A-None_AdaBN-F
Lee2019_SSVEP,EEGNetv4,3,12,0.97,0.97,0.9963666666666666,0.955,0.955,0.9936,20,100,FM-Full_A-None_AdaBN-F
Lee2019_SSVEP,EEGNetv4,3,17,0.955,0.955,0.9978666666666668,0.975,0.975,0.9996,20,100,FM-Full_A-None_AdaBN-F
Lee2019_SSVEP,EEGNetv4,3,26,0.93,0.93,0.9986,0.995,0.995,1.0,20,100,FM-Full_A-None_AdaBN-F
Lee2019_SSVEP,EEGNetv4,3,28,0.98,0.98,0.9968333333333332,0.985,0.985,0.9982333333333332,20,100,FM-Full_A-None_AdaBN-F
Lee2019_SSVEP,EEGNetv4,3,31,0.98,0.98,1.0,0.99,0.99,1.0,20,100,FM-Full_A-None_AdaBN-F
Lee2019_SSVEP,EEGNetv4,3,32,0.62,0.62,0.8498666666666668,0.815,0.815,0.9509666666666666,20,100,FM-Full_A-None_AdaBN-F
Lee2019_SSVEP,EEGNetv4,3,37,0.995,0.995,0.9998666666666668,0.99,0.99,0.9999,20,100,FM-Full_A-None_AdaBN-F
Lee2019_SSVEP,EEGNetv4,3,41,0.975,0.975,0.9989333333333336,0.985,0.985,0.9990666666666668,20,100,FM-Full_A-None_AdaBN-F
Lee2019_SSVEP,EEGNetv4,3,48,0.995,0.995,1.0,0.995,0.995,1.0,20,100,FM-Full_A-None_AdaBN-F
Lee2019_SSVEP,EEGNetv4,4,2,0.98,0.98,0.9996,0.985,0.985,0.9996333333333334,20,100,FM-Full_A-None_AdaBN-F
Lee2019_SSVEP,EEGNetv4,4,3,0.945,0.945,0.9967666666666668,0.94,0.94,0.9957333333333334,20,100,FM-Full_A-None_AdaBN-F
Lee2019_SSVEP,EEGNetv4,4,11,,,,,,,20,100,FM-Full_A-None_AdaBN-F
Lee2019_SSVEP,EEGNetv4,4,22,0.85,0.85,0.9650666666666669,0.895,0.8949999999999999,0.9835666666666668,20,100,FM-Full_A-None_AdaBN-F
Lee2019_SSVEP,EEGNetv4,4,24,0.975,0.975,0.9989,0.985,0.985,0.9948,20,100,FM-Full_A-None_AdaBN-F
Lee2019_SSVEP,EEGNetv4,4,30,0.94,0.94,0.9796333333333332,0.96,0.96,0.9891333333333334,20,100,FM-Full_A-None_AdaBN-F
Lee2019_SSVEP,EEGNetv4,4,36,1.0,1.0,1.0,1.0,1.0,1.0,20,100,FM-Full_A-None_AdaBN-F
Lee2019_SSVEP,EEGNetv4,4,40,0.935,0.935,0.9967,0.955,0.955,0.9974333333333334,20,100,FM-Full_A-None_AdaBN-F
Lee2019_SSVEP,EEGNetv4,4,42,0.8,0.8,0.9550666666666666,0.795,0.795,0.9616,20,100,FM-Full_A-None_AdaBN-F
Lee2019_SSVEP,EEGNetv4,4,44,0.995,0.995,1.0,0.995,0.995,1.0,20,100,FM-Full_A-None_AdaBN-F
Lee2019_SSVEP,EEGNetv4,4,47,0.61,0.61,0.8570666666666666,0.6,0.6000000000000001,0.8346666666666666,20,100,FM-Full_A-None_AdaBN-F
Lee2019_SSVEP,EEGNetv4,5,8,0.94,0.94,0.9962666666666666,0.965,0.965,0.9952,20,100,FM-Full_A-None_AdaBN-F
Lee2019_SSVEP,EEGNetv4,5,15,0.91,0.91,0.992,1.0,1.0,1.0,20,100,FM-Full_A-None_AdaBN-F
Lee2019_SSVEP,EEGNetv4,5,19,0.99,0.99,0.9951,0.99,0.99,0.9950666666666668,20,100,FM-Full_A-None_AdaBN-F
Lee2019_SSVEP,EEGNetv4,5,21,0.815,0.815,0.9673666666666668,0.94,0.94,0.994,20,100,FM-Full_A-None_AdaBN-F
Lee2019_SSVEP,EEGNetv4,5,23,0.255,0.255,0.5054666666666667,0.525,0.525,0.7398,20,100,FM-Full_A-None_AdaBN-F
Lee2019_SSVEP,EEGNetv4,5,29,0.84,0.84,0.9536333333333332,0.965,0.965,0.9938666666666668,20,100,FM-Full_A-None_AdaBN-F
Lee2019_SSVEP,EEGNetv4,5,39,0.995,0.995,1.0,1.0,1.0,1.0,20,100,FM-Full_A-None_AdaBN-F
Lee2019_SSVEP,EEGNetv4,5,43,1.0,1.0,1.0,1.0,1.0,1.0,20,100,FM-Full_A-None_AdaBN-F
Lee2019_SSVEP,EEGNetv4,5,52,0.89,0.89,0.9864333333333332,0.95,0.95,0.9964,20,100,FM-Full_A-None_AdaBN-F
Lee2019_SSVEP,EEGNetv4,5,54,0.645,0.645,0.8679,0.855,0.8549999999999999,0.9656333333333332,20,100,FM-Full_A-None_AdaBN-F
BI2015a,EEGNetv4,1,5,0.8796296296296297,0.7318181818181818,0.8953627180899909,0.93013468013468,0.8712121212121212,0.9533670033670032,20,250,FM-Full_A-None_AdaBN-F
BI2015a,EEGNetv4,1,9,0.8558558558558559,0.609009009009009,0.8134526418310203,0.8948948948948949,0.7945945945945946,0.9159118578037496,20,250,FM-Full_A-None_AdaBN-F
BI2015a,EEGNetv4,1,13,0.8859649122807017,0.7561403508771929,0.884052785472453,0.939327485380117,0.888157894736842,0.9619228993536472,20,250,FM-Full_A-None_AdaBN-F
BI2015a,EEGNetv4,1,25,0.828544061302682,0.6281609195402299,0.7690662571013344,0.8711685823754789,0.7698275862068966,0.8899540890474302,20,250,FM-Full_A-None_AdaBN-F
BI2015a,EEGNetv4,1,26,0.9193548387096774,0.8354838709677419,0.9489016071222108,0.9372759856630823,0.8806451612903226,0.9755000578101516,20,250,FM-Full_A-None_AdaBN-F
BI2015a,EEGNetv4,1,35,0.8421900161030595,0.536231884057971,0.7706527573572313,0.823268921095008,0.6601449275362319,0.7815129874676187,20,250,FM-Full_A-None_AdaBN-F
BI2015a,EEGNetv4,1,37,0.8138888888888889,0.5854761904761905,0.6864761904761906,0.8670634920634921,0.746904761904762,0.8496417233560091,20,250,FM-Full_A-None_AdaBN-F
BI2015a,EEGNetv4,1,38,0.8641141141141141,0.6896396396396397,0.8255255255255254,0.9114114114114116,0.8261261261261261,0.9313651489327166,20,250,FM-Full_A-None_AdaBN-F
BI2015a,EEGNetv4,1,40,0.8595679012345679,0.6280864197530864,0.8524767565919829,0.919238683127572,0.8354938271604939,0.937206599603719,20,250,FM-Full_A-None_AdaBN-F
BI2015a,EEGNetv4,2,4,0.6986111111111111,0.7091666666666667,0.7603229166666666,0.9076388888888888,0.8479166666666667,0.93765625,20,250,FM-Full_A-None_AdaBN-F
BI2015a,EEGNetv4,2,7,0.8333333333333334,0.5,0.7204921184159938,0.9109477124183006,0.8308823529411764,0.9137831603229528,20,250,FM-Full_A-None_AdaBN-F
BI2015a,EEGNetv4,2,14,0.7207977207977208,0.5623931623931624,0.5800168018116736,0.8732193732193733,0.7632478632478632,0.8816056687851559,20,250,FM-Full_A-None_AdaBN-F
BI2015a,EEGNetv4,2,16,0.8912698412698413,0.7461904761904762,0.9123945578231294,0.9277777777777778,0.8766666666666667,0.947015873015873,20,250,FM-Full_A-None_AdaBN-F
BI2015a,EEGNetv4,2,18,0.8228395061728395,0.5648148148148148,0.688721536351166,0.8851851851851852,0.782962962962963,0.8828916323731139,20,250,FM-Full_A-None_AdaBN-F
BI2015a,EEGNetv4,2,20,0.8790123456790123,0.7244444444444444,0.8631330589849109,0.9098765432098764,0.8377777777777777,0.9388724279835392,20,250,FM-Full_A-None_AdaBN-F
BI2015a,EEGNetv4,2,28,0.8605555555555555,0.647,0.8388755555555556,0.8733333333333333,0.764,0.8828311111111111,20,250,FM-Full_A-None_AdaBN-F
BI2015a,EEGNetv4,2,32,0.8906810035842294,0.7279569892473119,0.8702277719967627,0.9023297491039428,0.8123655913978494,0.918967510694878,20,250,FM-Full_A-None_AdaBN-F
BI2015a,EEGNetv4,2,41,0.8018518518518518,0.5907407407407408,0.6782770919067216,0.8833333333333333,0.7507407407407407,0.8965541838134431,20,250,FM-Full_A-None_AdaBN-F
BI2015a,EEGNetv4,3,1,0.8307102502017756,0.4992755441121454,0.5429763136081219,0.8428167877320419,0.6986074250126537,0.8191942665581011,20,250,FM-Full_A-None_AdaBN-F
BI2015a,EEGNetv4,3,6,0.8345959595959596,0.6446969696969698,0.7652892561983471,0.9071969696969696,0.8170454545454545,0.9335600321395776,20,250,FM-Full_A-None_AdaBN-F
BI2015a,EEGNetv4,3,10,0.8781362007168458,0.7225806451612904,0.8540813966932593,0.9247311827956988,0.8516129032258064,0.92755809920222,20,250,FM-Full_A-None_AdaBN-F
BI2015a,EEGNetv4,3,12,0.8185483870967742,0.6212365591397849,0.7424572204879176,0.8557347670250897,0.7209677419354839,0.8411767256330213,20,250,FM-Full_A-None_AdaBN-F
BI2015a,EEGNetv4,3,17,0.8512345679012345,0.6840740740740741,0.838713305898491,0.8919753086419753,0.7974074074074073,0.9035089163237312,20,250,FM-Full_A-None_AdaBN-F
BI2015a,EEGNetv4,3,27,0.8189170182841069,0.54957805907173,0.6897185280136731,0.8473980309423348,0.7143459915611814,0.8347629475333369,20,250,FM-Full_A-None_AdaBN-F
BI2015a,EEGNetv4,3,30,0.8991769547325102,0.7839506172839507,0.8090725499161713,0.912551440329218,0.7648148148148148,0.904839201341259,20,250,FM-Full_A-None_AdaBN-F
BI2015a,EEGNetv4,3,31,0.8174074074074074,0.5366666666666666,0.6415575308641974,0.8466666666666667,0.6920000000000001,0.811918024691358,20,250,FM-Full_A-None_AdaBN-F
BI2015a,EEGNetv4,3,42,0.854775828460039,0.6391812865497075,0.7871738312643207,0.8489278752436648,0.7187134502923976,0.8129527033959167,20,250,FM-Full_A-None_AdaBN-F
BI2015a,EEGNetv4,4,2,0.8703703703703703,0.7063492063492063,0.867696523053666,0.914021164021164,0.8357142857142857,0.9400006298815824,20,250,FM-Full_A-None_AdaBN-F
BI2015a,EEGNetv4,4,3,0.842911877394636,0.7379310344827587,0.8267142290923504,0.9348659003831418,0.8942528735632185,0.9605430043598888,20,250,FM-Full_A-None_AdaBN-F
BI2015a,EEGNetv4,4,22,0.8491161616161617,0.709469696969697,0.8509527089072544,0.8964646464646465,0.8151515151515152,0.9154929981634526,20,250,FM-Full_A-None_AdaBN-F
BI2015a,EEGNetv4,4,24,0.902006172839506,0.7652777777777777,0.9141032235939642,0.922067901234568,0.8513888888888889,0.9524391289437586,20,250,FM-Full_A-None_AdaBN-F
BI2015a,EEGNetv4,4,33,0.8855820105820106,0.7218253968253968,0.8736866969009827,0.9087301587301588,0.8246031746031746,0.928483245149912,20,250,FM-Full_A-None_AdaBN-F
BI2015a,EEGNetv4,4,34,0.8746031746031746,0.6561904761904762,0.873560090702948,0.8960317460317461,0.8042857142857143,0.9225124716553288,20,250,FM-Full_A-None_AdaBN-F
BI2015a,EEGNetv4,4,36,0.8319444444444445,0.7241666666666666,0.8483437499999998,0.9173611111111112,0.8570833333333334,0.950934027777778,20,250,FM-Full_A-None_AdaBN-F
BI2015a,EEGNetv4,4,43,0.9109195402298852,0.792528735632184,0.9396617783062492,0.9454022988505748,0.9097701149425288,0.9720372572334522,20,250,FM-Full_A-None_AdaBN-F
BI2015a,EEGNetv4,5,8,0.8425925925925926,0.6928571428571428,0.8279383975812546,0.9120370370370372,0.8376984126984126,0.9323759133282942,20,250,FM-Full_A-None_AdaBN-F
BI2015a,EEGNetv4,5,11,0.7979166666666667,0.61375,0.6943784722222222,0.8895833333333333,0.79375,0.9055416666666668,20,250,FM-Full_A-None_AdaBN-F
BI2015a,EEGNetv4,5,15,0.8722222222222222,0.7919047619047619,0.898888888888889,0.907936507936508,0.8266666666666667,0.9277278911564626,20,250,FM-Full_A-None_AdaBN-F
BI2015a,EEGNetv4,5,19,0.8655555555555555,0.7113333333333334,0.8235811111111113,0.8822222222222222,0.7586666666666666,0.8761099999999999,20,250,FM-Full_A-None_AdaBN-F
BI2015a,EEGNetv4,5,21,0.9142857142857144,0.8,0.931845804988662,0.9349206349206348,0.8676190476190476,0.957655328798186,20,250,FM-Full_A-None_AdaBN-F
BI2015a,EEGNetv4,5,23,0.8538011695906432,0.6666666666666666,0.8155086180363188,0.8771929824561403,0.763157894736842,0.8906163434903047,20,250,FM-Full_A-None_AdaBN-F
BI2015a,EEGNetv4,5,29,0.8208061002178649,0.5709150326797385,0.7238839762484514,0.8758169934640523,0.7620915032679738,0.8664616173266692,20,250,FM-Full_A-None_AdaBN-F
BI2015a,EEGNetv4,5,39,0.8412698412698413,0.5374149659863946,0.7247373779443751,0.8820861678004536,0.7836734693877552,0.8860312832616041,20,250,FM-Full_A-None_AdaBN-F
Kalunga2016,ATCNet,1,1,0.28125,0.28125,0.5901692708333333,0.28125,0.28125,0.5970052083333334,12,42,FM-Full_A-None_AdaBN-F
Kalunga2016,ATCNet,1,10,0.234375,0.234375,0.4827473958333333,0.3828125,0.3828125,0.6497395833333334,12,42,FM-Full_A-None_AdaBN-F
Kalunga2016,ATCNet,1,11,0.359375,0.359375,0.5472005208333334,0.28125,0.28125,0.5862630208333334,12,42,FM-Full_A-None_AdaBN-F
Kalunga2016,ATCNet,2,3,0.640625,0.640625,0.8460286458333333,0.59375,0.59375,0.8483072916666667,12,42,FM-Full_A-None_AdaBN-F
Kalunga2016,ATCNet,2,6,0.3125,0.3125,0.6975911458333333,0.296875,0.296875,0.6927083333333335,12,42,FM-Full_A-None_AdaBN-F
Kalunga2016,ATCNet,2,9,0.234375,0.234375,0.53125,0.21875,0.21875,0.525390625,12,42,FM-Full_A-None_AdaBN-F
Kalunga2016,ATCNet,3,2,0.359375,0.359375,0.7356770833333333,0.46875,0.46875,0.7610677083333333,12,42,FM-Full_A-None_AdaBN-F
Kalunga2016,ATCNet,3,12,0.48125,0.48125,0.7285416666666666,0.6375,0.6375,0.8687499999999999,12,42,FM-Full_A-None_AdaBN-F
Kalunga2016,ATCNet,4,5,0.34375,0.34375,0.642578125,0.390625,0.390625,0.6246744791666667,12,42,FM-Full_A-None_AdaBN-F
Kalunga2016,ATCNet,4,8,0.578125,0.578125,0.7753906249999999,0.625,0.625,0.8219401041666667,12,42,FM-Full_A-None_AdaBN-F
Kalunga2016,ATCNet,5,4,0.4375,0.4375,0.7347005208333333,0.453125,0.453125,0.7591145833333333,12,42,FM-Full_A-None_AdaBN-F
Kalunga2016,ATCNet,5,7,0.6666666666666666,0.6666666666666666,0.8914930555555556,0.7395833333333334,0.7395833333333334,0.9133391203703703,12,42,FM-Full_A-None_AdaBN-F
Huebner2017,ATCNet,1,1,0.8846692607003891,0.7596531163407307,0.9524832784901734,0.97852140077821,0.96981697811766,0.9955544429421136,10,3750,FM-Full_A-None_AdaBN-F
Huebner2017,ATCNet,1,10,0.9599438902743144,0.9226937956766008,0.9922794226828616,0.9872194513715712,0.9817868645772307,0.9982562742472388,10,3750,FM-Full_A-None_AdaBN-F
Huebner2017,ATCNet,1,12,0.8285091814503579,0.6383292633292633,0.9379263982025224,0.9673980703392469,0.9536146723646725,0.991923585673586,10,3750,FM-Full_A-None_AdaBN-F
Huebner2017,ATCNet,2,3,0.9032684824902724,0.8227487650192717,0.9523559135303488,0.958988326848249,0.9418217594611856,0.9876900226641984,10,3750,FM-Full_A-None_AdaBN-F
Huebner2017,ATCNet,2,6,0.9349678925861062,0.9514695786190304,0.993220748911186,0.9876240513718624,0.9817652936845532,0.9978304820007468,10,3750,FM-Full_A-None_AdaBN-F
Huebner2017,ATCNet,2,9,0.9489573607220666,0.94510582010582,0.9875016621875088,0.9785247432306255,0.9670711233211232,0.9971415253739988,10,3750,FM-Full_A-None_AdaBN-F
Huebner2017,ATCNet,3,2,0.8750389044506691,0.887273606023606,0.9559435350192624,0.9605508870214752,0.9444444444444444,0.9881461299698736,10,3750,FM-Full_A-None_AdaBN-F
Huebner2017,ATCNet,3,5,0.8348117024587612,0.7988146113146113,0.8858946128704728,0.9429660753190166,0.9178367928367928,0.9782624904979405,10,3750,FM-Full_A-None_AdaBN-F
Huebner2017,ATCNet,3,13,0.9200062251964828,0.8565820305033697,0.965797348359422,0.9791455917827406,0.9695379368632904,0.9954271563390572,10,3750,FM-Full_A-None_AdaBN-F
Huebner2017,ATCNet,4,8,0.7852918287937743,0.5498824385578914,0.7971216360438832,0.91852140077821,0.8857165944040053,0.960346016049634,10,3750,FM-Full_A-None_AdaBN-F
Huebner2017,ATCNet,4,11,0.7861312164370768,0.563692217458404,0.7783448881191011,0.8796793524787921,0.8269722816437033,0.9193136896925458,10,3750,FM-Full_A-None_AdaBN-F
Huebner2017,ATCNet,5,4,0.9426459143968872,0.8962259788575176,0.9833302169387556,0.9872373540856032,0.9821547371351462,0.9981985489312988,10,3750,FM-Full_A-None_AdaBN-F
Huebner2017,ATCNet,5,7,0.9710550887021476,0.951655982905983,0.9949285111322148,0.993308434484905,0.9903591778591778,0.9993817268122824,10,3750,FM-Full_A-None_AdaBN-F
Huebner2017,EEGNetv4,1,1,0.9160311284046692,0.828804801428453,0.9783735341503,0.9743968871595332,0.9648308814106188,0.9941773734676492,6,6250,FM-Full_A-None_AdaBN-F
Huebner2017,EEGNetv4,1,10,0.9505143391521196,0.9101100018088406,0.9868334287249292,0.9833229426433916,0.9776344954009552,0.99724782871629,6,6250,FM-Full_A-None_AdaBN-F
Huebner2017,EEGNetv4,1,12,0.8713040771864301,0.7381969881969882,0.926310146961602,0.9599284158107688,0.9427782865282864,0.988624278058802,6,6250,FM-Full_A-None_AdaBN-F
Huebner2017,EEGNetv4,2,3,0.9052140077821011,0.8624789592884443,0.9465838695147418,0.9562645914396888,0.9387817266468296,0.9862242402728104,6,6250,FM-Full_A-None_AdaBN-F
Huebner2017,EEGNetv4,2,6,0.915820198482195,0.9337942674822268,0.9861261582599108,0.9843549328663164,0.978768525678213,0.996614296777996,6,6250,FM-Full_A-None_AdaBN-F
Huebner2017,EEGNetv4,2,9,0.9290382819794584,0.9416971916971916,0.9883564774437792,0.9765795206971678,0.9685464997965,0.9964521549756338,6,6250,FM-Full_A-None_AdaBN-F
Huebner2017,EEGNetv4,3,2,0.8800186741363212,0.8949938949938949,0.9591137202744344,0.9574385309679428,0.9417226292226292,0.9875045895217852,6,6250,FM-Full_A-None_AdaBN-F
Huebner2017,EEGNetv4,3,5,0.8764394646747588,0.8559091371591372,0.9316482587811952,0.9354964207905384,0.9081450956450956,0.972207854731003,6,6250,FM-Full_A-None_AdaBN-F
Huebner2017,EEGNetv4,3,13,0.9400824838533968,0.8987829059124979,0.975761712682314,0.9761108084973932,0.9667523621616936,0.9936623157341588,6,6250,FM-Full_A-None_AdaBN-F
Huebner2017,EEGNetv4,4,8,0.8313618677042801,0.7293749535569707,0.8517887330826218,0.9129182879377432,0.8778178803239866,0.9593306973885288,6,6250,FM-Full_A-None_AdaBN-F
Huebner2017,EEGNetv4,4,11,0.79694917892443,0.5901180204765702,0.8328496217916525,0.8721301268581213,0.8182574615040036,0.909874320621756,6,6250,FM-Full_A-None_AdaBN-F
Huebner2017,EEGNetv4,5,4,0.9487937743190662,0.909288148169687,0.9879504233450396,0.9858365758754865,0.982268926409472,0.9981443653970624,6,6250,FM-Full_A-None_AdaBN-F
Huebner2017,EEGNetv4,5,7,0.9734671646436353,0.9666259666259668,0.9955517473291944,0.992530345471522,0.9903083028083028,0.999532467703764,6,6250,FM-Full_A-None_AdaBN-F
Lee2019_MI,ShallowConvNet,1,4,0.53,0.53,0.64455,0.625,0.625,0.7008000000000001,30,100,FM-Full_A-None_AdaBN-F
Lee2019_MI,ShallowConvNet,1,6,0.77,0.77,0.8551,0.825,0.825,0.8782,30,100,FM-Full_A-None_AdaBN-F
Lee2019_MI,ShallowConvNet,1,13,0.62,0.62,0.7284999999999999,0.63,0.63,0.7031000000000001,30,100,FM-Full_A-None_AdaBN-F
Lee2019_MI,ShallowConvNet,1,14,0.6,0.6,0.67495,0.615,0.615,0.6911,30,100,FM-Full_A-None_AdaBN-F
Lee2019_MI,ShallowConvNet,1,18,0.63,0.63,0.8852,0.8,0.8,0.879,30,100,FM-Full_A-None_AdaBN-F
Lee2019_MI,ShallowConvNet,1,20,0.69,0.69,0.7519000000000001,0.695,0.6950000000000001,0.7898999999999999,30,100,FM-Full_A-None_AdaBN-F
Lee2019_MI,ShallowConvNet,1,33,0.8,0.8,0.90415,0.845,0.845,0.9259,30,100,FM-Full_A-None_AdaBN-F
Lee2019_MI,ShallowConvNet,1,45,0.77,0.77,0.84645,0.83,0.8300000000000001,0.8926,30,100,FM-Full_A-None_AdaBN-F
Lee2019_MI,ShallowConvNet,1,49,0.575,0.575,0.8230999999999999,0.775,0.7749999999999999,0.8443,30,100,FM-Full_A-None_AdaBN-F
Lee2019_MI,ShallowConvNet,1,50,0.515,0.515,0.5448,0.585,0.585,0.5949,30,100,FM-Full_A-None_AdaBN-F
Lee2019_MI,ShallowConvNet,1,53,0.625,0.625,0.7142,0.645,0.645,0.6985999999999999,30,100,FM-Full_A-None_AdaBN-F
Lee2019_MI,ShallowConvNet,2,5,0.715,0.7150000000000001,0.8343,0.795,0.7949999999999999,0.8873000000000001,30,100,FM-Full_A-None_AdaBN-F
Lee2019_MI,ShallowConvNet,2,7,0.605,0.605,0.6417999999999999,0.65,0.65,0.7077,30,100,FM-Full_A-None_AdaBN-F
Lee2019_MI,ShallowConvNet,2,9,0.72,0.72,0.8059,0.72,0.72,0.7972,30,100,FM-Full_A-None_AdaBN-F
Lee2019_MI,ShallowConvNet,2,16,0.755,0.755,0.869,0.815,0.815,0.8959999999999999,30,100,FM-Full_A-None_AdaBN-F
Lee2019_MI,ShallowConvNet,2,25,0.7,0.7,0.8249,0.79,0.79,0.8938,30,100,FM-Full_A-None_AdaBN-F
Lee2019_MI,ShallowConvNet,2,27,0.695,0.6950000000000001,0.7246,0.73,0.73,0.8402999999999999,30,100,FM-Full_A-None_AdaBN-F
Lee2019_MI,ShallowConvNet,2,34,0.54,0.54,0.6073999999999999,0.58,0.5800000000000001,0.62305,30,100,FM-Full_A-None_AdaBN-F
Lee2019_MI,ShallowConvNet,2,35,0.57,0.5700000000000001,0.7237,0.835,0.835,0.9394,30,100,FM-Full_A-None_AdaBN-F
Lee2019_MI,ShallowConvNet,2,38,0.57,0.57,0.6642999999999999,0.65,0.6499999999999999,0.6743,30,100,FM-Full_A-None_AdaBN-F
Lee2019_MI,ShallowConvNet,2,46,0.655,0.655,0.7332000000000001,0.62,0.62,0.6875,30,100,FM-Full_A-None_AdaBN-F
Lee2019_MI,ShallowConvNet,2,51,0.555,0.555,0.67965,0.595,0.595,0.6378,30,100,FM-Full_A-None_AdaBN-F
Lee2019_MI,ShallowConvNet,3,1,0.7,0.7,0.8013,0.7,0.7,0.7448,30,100,FM-Full_A-None_AdaBN-F
Lee2019_MI,ShallowConvNet,3,10,0.645,0.645,0.7398,0.67,0.6699999999999999,0.7556,30,100,FM-Full_A-None_AdaBN-F
Lee2019_MI,ShallowConvNet,3,12,0.73,0.73,0.8102,0.735,0.735,0.8090999999999999,30,100,FM-Full_A-None_AdaBN-F
Lee2019_MI,ShallowConvNet,3,17,0.565,0.565,0.6298999999999999,0.62,0.62,0.6569,30,100,FM-Full_A-None_AdaBN-F
Lee2019_MI,ShallowConvNet,3,26,0.76,0.76,0.87,0.735,0.735,0.8492999999999999,30,100,FM-Full_A-None_AdaBN-F
Lee2019_MI,ShallowConvNet,3,28,0.895,0.895,0.9726,0.92,0.92,0.9797,30,100,FM-Full_A-None_AdaBN-F
Lee2019_MI,ShallowConvNet,3,31,0.75,0.75,0.8304999999999999,0.76,0.76,0.8444,30,100,FM-Full_A-None_AdaBN-F
Lee2019_MI,ShallowConvNet,3,32,0.77,0.77,0.9128,0.89,0.89,0.9511,30,100,FM-Full_A-None_AdaBN-F
Lee2019_MI,ShallowConvNet,3,37,0.85,0.85,0.9443,0.91,0.91,0.9678,30,100,FM-Full_A-None_AdaBN-F
Lee2019_MI,ShallowConvNet,3,41,0.55,0.55,0.7378,0.655,0.655,0.7120000000000001,30,100,FM-Full_A-None_AdaBN-F
Lee2019_MI,ShallowConvNet,3,48,0.68,0.6799999999999999,0.7657,0.685,0.685,0.7303000000000001,30,100,FM-Full_A-None_AdaBN-F
Lee2019_MI,ShallowConvNet,4,2,0.745,0.745,0.8524,0.845,0.845,0.8787,30,100,FM-Full_A-None_AdaBN-F
Lee2019_MI,ShallowConvNet,4,3,0.705,0.705,0.7749999999999999,0.805,0.805,0.8736,30,100,FM-Full_A-None_AdaBN-F
Lee2019_MI,ShallowConvNet,4,11,0.595,0.595,0.6301000000000001,0.595,0.595,0.6194999999999999,30,100,FM-Full_A-None_AdaBN-F
Lee2019_MI,ShallowConvNet,4,22,0.6,0.6,0.6416999999999999,0.615,0.615,0.6631,30,100,FM-Full_A-None_AdaBN-F
Lee2019_MI,ShallowConvNet,4,24,0.575,0.575,0.6757999999999998,0.605,0.605,0.6547000000000001,30,100,FM-Full_A-None_AdaBN-F
Lee2019_MI,ShallowConvNet,4,30,0.67,0.6699999999999999,0.7394000000000001,0.66,0.66,0.7336000000000001,30,100,FM-Full_A-None_AdaBN-F
Lee2019_MI,ShallowConvNet,4,36,0.81,0.81,0.9978,0.94,0.94,0.9908,30,100,FM-Full_A-None_AdaBN-F
Lee2019_MI,ShallowConvNet,4,40,0.68,0.6799999999999999,0.8190000000000001,0.69,0.69,0.7947,30,100,FM-Full_A-None_AdaBN-F
Lee2019_MI,ShallowConvNet,4,42,0.67,0.6699999999999999,0.7474000000000001,0.635,0.635,0.7245,30,100,FM-Full_A-None_AdaBN-F
Lee2019_MI,ShallowConvNet,4,44,0.63,0.63,0.8162999999999999,0.775,0.775,0.8484,30,100,FM-Full_A-None_AdaBN-F
Lee2019_MI,ShallowConvNet,4,47,0.755,0.755,0.9051,0.815,0.815,0.8839,30,100,FM-Full_A-None_AdaBN-F
Lee2019_MI,ShallowConvNet,5,8,0.7,0.7,0.7109,0.645,0.645,0.6715000000000001,30,100,FM-Full_A-None_AdaBN-F
Lee2019_MI,ShallowConvNet,5,15,0.675,0.675,0.6860499999999999,0.72,0.72,0.7871000000000001,30,100,FM-Full_A-None_AdaBN-F
Lee2019_MI,ShallowConvNet,5,19,0.765,0.765,0.8422,0.74,0.74,0.8509,30,100,FM-Full_A-None_AdaBN-F
Lee2019_MI,ShallowConvNet,5,21,0.83,0.8300000000000001,0.9856,0.95,0.95,0.987,30,100,FM-Full_A-None_AdaBN-F
Lee2019_MI,ShallowConvNet,5,23,0.725,0.725,0.8194,0.715,0.715,0.8025999999999999,30,100,FM-Full_A-None_AdaBN-F
Lee2019_MI,ShallowConvNet,5,29,0.64,0.64,0.7099,0.82,0.8200000000000001,0.897,30,100,FM-Full_A-None_AdaBN-F
Lee2019_MI,ShallowConvNet,5,39,0.745,0.745,0.8357,0.725,0.7250000000000001,0.8229,30,100,FM-Full_A-None_AdaBN-F
Lee2019_MI,ShallowConvNet,5,43,0.735,0.7350000000000001,0.8398,0.75,0.75,0.8709,30,100,FM-Full_A-None_AdaBN-F
Lee2019_MI,ShallowConvNet,5,52,0.725,0.725,0.7711,0.665,0.665,0.7651,30,100,FM-Full_A-None_AdaBN-F
Lee2019_MI,ShallowConvNet,5,54,0.685,0.685,0.6894999999999999,0.655,0.655,0.7008000000000001,30,100,FM-Full_A-None_AdaBN-F
MAMEM2,ATCNet,1,2,0.176,0.174,0.4969361403508772,0.304,0.2886666666666667,0.5578728822055138,8,75,FM-Full_A-None_AdaBN-F
MAMEM2,ATCNet,1,9,0.176,0.17,0.4652597493734335,0.224,0.2146666666666667,0.5048200501253133,8,75,FM-Full_A-None_AdaBN-F
MAMEM2,ATCNet,2,1,0.224,0.21,0.5318634586466165,0.168,0.1526666666666666,0.491923007518797,8,75,FM-Full_A-None_AdaBN-F
MAMEM2,ATCNet,2,6,0.224,0.208,0.5059887719298246,0.296,0.2866666666666667,0.5638035087719299,8,75,FM-Full_A-None_AdaBN-F
MAMEM2,ATCNet,3,3,0.184,0.1853333333333333,0.5229245112781955,0.248,0.2433333333333333,0.5271979949874687,8,75,FM-Full_A-None_AdaBN-F
MAMEM2,ATCNet,3,8,0.192,0.186,0.494596290726817,0.2,0.194,0.5015524812030074,8,75,FM-Full_A-None_AdaBN-F
MAMEM2,ATCNet,4,5,0.208,0.192,0.4738494235588972,0.168,0.1546666666666666,0.4779047619047619,8,75,FM-Full_A-None_AdaBN-F
MAMEM2,ATCNet,4,10,0.2,0.1906666666666666,0.5276340852130327,0.232,0.216,0.5235685213032581,8,75,FM-Full_A-None_AdaBN-F
MAMEM2,ATCNet,5,4,0.192,0.1893333333333333,0.5041152882205514,0.2,0.1993333333333333,0.4899224060150375,8,75,FM-Full_A-None_AdaBN-F
MAMEM2,ATCNet,5,7,0.216,0.22,0.5308072180451128,0.272,0.2686666666666666,0.541669373433584,8,75,FM-Full_A-None_AdaBN-F
Huebner2018,DeepConvNet,1,1,0.9602913369283564,0.9311806854805298,0.9891724887592184,0.980320750752854,0.9663229287960262,0.9943182536775128,12,7000,FM-Full_A-None_AdaBN-F
Huebner2018,DeepConvNet,1,10,0.8785714285714286,0.7666895604395605,0.9266270386359672,0.940686274509804,0.9056891025641024,0.975231417887668,12,7000,FM-Full_A-None_AdaBN-F
Huebner2018,DeepConvNet,1,11,0.8331692221128147,0.6876654325514154,0.8438005333214555,0.9295962863975242,0.8854572639649757,0.9634923083289236,12,7000,FM-Full_A-None_AdaBN-F
Huebner2018,DeepConvNet,2,3,0.9723389355742296,0.9680059523809524,0.9930668661695448,0.9831932773109244,0.970260989010989,0.9959661172161172,12,7000,FM-Full_A-None_AdaBN-F
Huebner2018,DeepConvNet,2,6,0.8537114845938375,0.6920215201465202,0.94896588282749,0.9836834733893556,0.9707875457875458,0.9972410959576136,12,7000,FM-Full_A-None_AdaBN-F
Huebner2018,DeepConvNet,2,9,0.7990755655157924,0.5986138867810151,0.806391327480713,0.9548287695216752,0.9257546097017432,0.983145887029599,12,7000,FM-Full_A-None_AdaBN-F
Huebner2018,DeepConvNet,3,2,0.9705882352941176,0.9673763736263736,0.9943217447235306,0.9859943977591036,0.9751831501831504,0.996905116213152,12,7000,FM-Full_A-None_AdaBN-F
Huebner2018,DeepConvNet,3,12,0.8502801120448179,0.81371336996337,0.90152100503663,0.9447478991596638,0.9120535714285714,0.9742745126896912,12,7000,FM-Full_A-None_AdaBN-F
Huebner2018,DeepConvNet,4,5,0.829830460978002,0.6500773089609675,0.9044562139497544,0.938139274204848,0.9013541748475092,0.9733747120343464,12,7000,FM-Full_A-None_AdaBN-F
Huebner2018,DeepConvNet,4,8,0.7908263305322129,0.562099358974359,0.855631173142334,0.9379551820728292,0.9044184981684982,0.972033443986569,12,7000,FM-Full_A-None_AdaBN-F
Huebner2018,DeepConvNet,5,4,0.944187675070028,0.9006639194139194,0.9780578585600908,0.965406162464986,0.9445169413919414,0.9878730049712192,12,7000,FM-Full_A-None_AdaBN-F
Huebner2018,DeepConvNet,5,7,0.8926870271784814,0.791594797501265,0.9509062031050968,0.9458531801625104,0.9140177044617774,0.9780508269861627,12,7000,FM-Full_A-None_AdaBN-F
Lee2019_SSVEP,DeepConvNet,1,4,1.0,1.0,1.0,1.0,1.0,1.0,40,50,FM-Full_A-None_AdaBN-F
Lee2019_SSVEP,DeepConvNet,1,6,0.99,0.99,0.9999333333333332,0.99,0.99,1.0,40,50,FM-Full_A-None_AdaBN-F
Lee2019_SSVEP,DeepConvNet,1,13,0.935,0.935,0.9917666666666666,0.99,0.99,0.9984333333333334,40,50,FM-Full_A-None_AdaBN-F
Lee2019_SSVEP,DeepConvNet,1,14,0.855,0.855,0.9733,0.955,0.955,0.9965,40,50,FM-Full_A-None_AdaBN-F
Lee2019_SSVEP,DeepConvNet,1,18,0.995,0.995,1.0,0.995,0.995,1.0,40,50,FM-Full_A-None_AdaBN-F
Lee2019_SSVEP,DeepConvNet,1,20,0.97,0.97,0.9993333333333334,0.975,0.975,0.9993666666666668,40,50,FM-Full_A-None_AdaBN-F
Lee2019_SSVEP,DeepConvNet,1,33,0.99,0.99,1.0,0.99,0.99,1.0,40,50,FM-Full_A-None_AdaBN-F
Lee2019_SSVEP,DeepConvNet,1,45,0.945,0.945,0.9974666666666668,0.975,0.975,0.9989,40,50,FM-Full_A-None_AdaBN-F
Lee2019_SSVEP,DeepConvNet,1,49,0.99,0.99,0.9999333333333332,0.995,0.995,1.0,40,50,FM-Full_A-None_AdaBN-F
Lee2019_SSVEP,DeepConvNet,1,50,0.995,0.995,1.0,0.99,0.99,1.0,40,50,FM-Full_A-None_AdaBN-F
Lee2019_SSVEP,DeepConvNet,1,53,1.0,1.0,1.0,1.0,1.0,1.0,40,50,FM-Full_A-None_AdaBN-F
Lee2019_SSVEP,DeepConvNet,2,5,0.84,0.8400000000000001,0.9679,0.86,0.8600000000000001,0.9766666666666668,40,50,FM-Full_A-None_AdaBN-F
Lee2019_SSVEP,DeepConvNet,2,7,1.0,1.0,1.0,0.995,0.995,1.0,40,50,FM-Full_A-None_AdaBN-F
Lee2019_SSVEP,DeepConvNet,2,9,0.975,0.975,0.9999333333333332,0.975,0.975,0.9996666666666666,40,50,FM-Full_A-None_AdaBN-F
Lee2019_SSVEP,DeepConvNet,2,16,1.0,1.0,1.0,1.0,1.0,1.0,40,50,FM-Full_A-None_AdaBN-F
Lee2019_SSVEP,DeepConvNet,2,25,0.955,0.955,0.999,0.99,0.99,0.9997333333333334,40,50,FM-Full_A-None_AdaBN-F
Lee2019_SSVEP,DeepConvNet,2,27,0.995,0.995,0.9999333333333332,0.995,0.995,0.9999666666666668,40,50,FM-Full_A-None_AdaBN-F
Lee2019_SSVEP,DeepConvNet,2,34,0.8,0.7999999999999999,0.9508666666666664,0.87,0.87,0.9658333333333332,40,50,FM-Full_A-None_AdaBN-F
Lee2019_SSVEP,DeepConvNet,2,35,0.975,0.975,0.9997333333333334,0.99,0.99,1.0,40,50,FM-Full_A-None_AdaBN-F
Lee2019_SSVEP,DeepConvNet,2,38,0.985,0.985,0.9998333333333334,0.985,0.985,0.9998,40,50,FM-Full_A-None_AdaBN-F
Lee2019_SSVEP,DeepConvNet,2,46,0.945,0.945,0.9993333333333332,0.98,0.98,0.9999666666666668,40,50,FM-Full_A-None_AdaBN-F
Lee2019_SSVEP,DeepConvNet,2,51,0.82,0.82,0.9672333333333334,0.855,0.855,0.9715,40,50,FM-Full_A-None_AdaBN-F
Lee2019_SSVEP,DeepConvNet,3,1,0.91,0.91,0.9958,0.96,0.96,0.9968666666666668,40,50,FM-Full_A-None_AdaBN-F
Lee2019_SSVEP,DeepConvNet,3,10,0.99,0.99,0.9999,0.995,0.995,0.9999333333333332,40,50,FM-Full_A-None_AdaBN-F
Lee2019_SSVEP,DeepConvNet,3,12,0.98,0.98,0.9995666666666668,0.985,0.985,0.9994333333333334,40,50,FM-Full_A-None_AdaBN-F
Lee2019_SSVEP,DeepConvNet,3,17,0.96,0.96,0.9984,0.985,0.985,0.9998333333333334,40,50,FM-Full_A-None_AdaBN-F
Lee2019_SSVEP,DeepConvNet,3,26,0.985,0.985,0.9991333333333334,0.985,0.985,0.9996,40,50,FM-Full_A-None_AdaBN-F
Lee2019_SSVEP,DeepConvNet,3,28,0.975,0.975,0.9971,0.98,0.98,0.9988333333333336,40,50,FM-Full_A-None_AdaBN-F
Lee2019_SSVEP,DeepConvNet,3,31,1.0,1.0,1.0,1.0,1.0,1.0,40,50,FM-Full_A-None_AdaBN-F
Lee2019_SSVEP,DeepConvNet,3,32,0.815,0.815,0.9777,0.925,0.925,0.996,40,50,FM-Full_A-None_AdaBN-F
Lee2019_SSVEP,DeepConvNet,3,37,0.99,0.99,0.9999,0.99,0.99,0.9998333333333334,40,50,FM-Full_A-None_AdaBN-F
Lee2019_SSVEP,DeepConvNet,3,41,0.975,0.975,0.9995333333333334,0.995,0.995,0.9997333333333334,40,50,FM-Full_A-None_AdaBN-F
Lee2019_SSVEP,DeepConvNet,3,48,0.995,0.995,1.0,0.995,0.995,1.0,40,50,FM-Full_A-None_AdaBN-F
Lee2019_SSVEP,DeepConvNet,4,2,0.985,0.985,0.9999666666666668,0.995,0.995,1.0,40,50,FM-Full_A-None_AdaBN-F
Lee2019_SSVEP,DeepConvNet,4,3,0.935,0.935,0.9953,0.945,0.945,0.9955333333333334,40,50,FM-Full_A-None_AdaBN-F
Lee2019_SSVEP,DeepConvNet,4,11,1.0,1.0,1.0,1.0,1.0,1.0,40,50,FM-Full_A-None_AdaBN-F
Lee2019_SSVEP,DeepConvNet,4,22,0.77,0.77,0.947,0.91,0.91,0.9888333333333336,40,50,FM-Full_A-None_AdaBN-F
Lee2019_SSVEP,DeepConvNet,4,24,0.91,0.91,0.9907666666666666,0.965,0.965,0.9923333333333332,40,50,FM-Full_A-None_AdaBN-F
Lee2019_SSVEP,DeepConvNet,4,30,0.98,0.98,0.9962,0.99,0.99,0.9989333333333336,40,50,FM-Full_A-None_AdaBN-F
Lee2019_SSVEP,DeepConvNet,4,36,1.0,1.0,1.0,1.0,1.0,1.0,40,50,FM-Full_A-None_AdaBN-F
Lee2019_SSVEP,DeepConvNet,4,40,0.925,0.925,0.9936,0.93,0.93,0.9964,40,50,FM-Full_A-None_AdaBN-F
Lee2019_SSVEP,DeepConvNet,4,42,0.815,0.815,0.9610666666666666,0.795,0.7949999999999999,0.9558166666666666,40,50,FM-Full_A-None_AdaBN-F
Lee2019_SSVEP,DeepConvNet,4,44,0.995,0.995,1.0,1.0,1.0,1.0,40,50,FM-Full_A-None_AdaBN-F
Lee2019_SSVEP,DeepConvNet,4,47,0.63,0.63,0.8784333333333333,0.665,0.6649999999999999,0.8734333333333333,40,50,FM-Full_A-None_AdaBN-F
Lee2019_SSVEP,DeepConvNet,5,8,0.945,0.945,0.9902333333333332,0.965,0.965,0.9902333333333332,40,50,FM-Full_A-None_AdaBN-F
Lee2019_SSVEP,DeepConvNet,5,15,0.81,0.81,0.9605,0.985,0.985,0.9998,40,50,FM-Full_A-None_AdaBN-F
Lee2019_SSVEP,DeepConvNet,5,19,0.95,0.95,0.9971333333333334,0.945,0.945,0.9957666666666668,40,50,FM-Full_A-None_AdaBN-F
Lee2019_SSVEP,DeepConvNet,5,21,0.985,0.985,0.9995666666666668,0.985,0.985,0.9996,40,50,FM-Full_A-None_AdaBN-F
Lee2019_SSVEP,DeepConvNet,5,23,0.325,0.325,0.5951,0.465,0.4649999999999999,0.7581,40,50,FM-Full_A-None_AdaBN-F
Lee2019_SSVEP,DeepConvNet,5,29,0.94,0.94,0.9923,0.965,0.965,0.9947,40,50,FM-Full_A-None_AdaBN-F
Lee2019_SSVEP,DeepConvNet,5,39,0.99,0.99,1.0,1.0,1.0,1.0,40,50,FM-Full_A-None_AdaBN-F
Lee2019_SSVEP,DeepConvNet,5,43,1.0,1.0,1.0,1.0,1.0,1.0,40,50,FM-Full_A-None_AdaBN-F
Lee2019_SSVEP,DeepConvNet,5,52,0.985,0.985,0.9997666666666668,1.0,1.0,1.0,40,50,FM-Full_A-None_AdaBN-F
Lee2019_SSVEP,DeepConvNet,5,54,0.725,0.7249999999999999,0.9372333333333333,0.875,0.875,0.9746,40,50,FM-Full_A-None_AdaBN-F
Lee2019_SSVEP,DeepConvNet,1,4,1.0,1.0,1.0,1.0,1.0,1.0,40,100,FM-Full_A-None_AdaBN-F
Lee2019_SSVEP,DeepConvNet,1,6,1.0,1.0,1.0,1.0,1.0,1.0,40,100,FM-Full_A-None_AdaBN-F
Lee2019_SSVEP,DeepConvNet,1,13,0.92,0.92,0.9946666666666666,0.985,0.985,0.9993,40,100,FM-Full_A-None_AdaBN-F
Lee2019_SSVEP,DeepConvNet,1,14,0.82,0.8200000000000001,0.9723,0.95,0.95,0.9975,40,100,FM-Full_A-None_AdaBN-F
Lee2019_SSVEP,DeepConvNet,1,18,0.995,0.995,1.0,1.0,1.0,1.0,40,100,FM-Full_A-None_AdaBN-F
Lee2019_SSVEP,DeepConvNet,1,20,0.99,0.99,0.9996666666666668,0.99,0.99,0.9997666666666668,40,100,FM-Full_A-None_AdaBN-F
Lee2019_SSVEP,DeepConvNet,1,33,1.0,1.0,1.0,1.0,1.0,1.0,40,100,FM-Full_A-None_AdaBN-F
Lee2019_SSVEP,DeepConvNet,1,45,0.965,0.965,0.9971,0.975,0.975,0.9997333333333334,40,100,FM-Full_A-None_AdaBN-F
Lee2019_SSVEP,DeepConvNet,1,49,1.0,1.0,1.0,1.0,1.0,1.0,40,100,FM-Full_A-None_AdaBN-F
Lee2019_SSVEP,DeepConvNet,1,50,0.995,0.995,1.0,1.0,1.0,1.0,40,100,FM-Full_A-None_AdaBN-F
Lee2019_SSVEP,DeepConvNet,1,53,1.0,1.0,1.0,1.0,1.0,1.0,40,100,FM-Full_A-None_AdaBN-F
Lee2019_SSVEP,DeepConvNet,2,5,0.855,0.855,0.9761333333333332,0.87,0.8700000000000001,0.9784,40,100,FM-Full_A-None_AdaBN-F
Lee2019_SSVEP,DeepConvNet,2,7,1.0,1.0,1.0,1.0,1.0,1.0,40,100,FM-Full_A-None_AdaBN-F
Lee2019_SSVEP,DeepConvNet,2,9,0.995,0.995,0.9999333333333332,0.995,0.995,0.9999333333333332,40,100,FM-Full_A-None_AdaBN-F
Lee2019_SSVEP,DeepConvNet,2,16,1.0,1.0,1.0,1.0,1.0,1.0,40,100,FM-Full_A-None_AdaBN-F
Lee2019_SSVEP,DeepConvNet,2,25,0.98,0.98,0.9990333333333332,0.98,0.98,0.9995333333333334,40,100,FM-Full_A-None_AdaBN-F
Lee2019_SSVEP,DeepConvNet,2,27,0.995,0.995,1.0,1.0,1.0,1.0,40,100,FM-Full_A-None_AdaBN-F
Lee2019_SSVEP,DeepConvNet,2,34,0.735,0.7350000000000001,0.9524,0.855,0.855,0.9761333333333336,40,100,FM-Full_A-None_AdaBN-F
Lee2019_SSVEP,DeepConvNet,2,35,0.985,0.985,0.9999666666666668,1.0,1.0,1.0,40,100,FM-Full_A-None_AdaBN-F
Lee2019_SSVEP,DeepConvNet,2,38,0.99,0.99,1.0,0.995,0.995,1.0,40,100,FM-Full_A-None_AdaBN-F
Lee2019_SSVEP,DeepConvNet,2,46,0.95,0.95,0.9998,1.0,1.0,1.0,40,100,FM-Full_A-None_AdaBN-F
Lee2019_SSVEP,DeepConvNet,2,51,0.825,0.825,0.9681,0.84,0.84,0.9693,40,100,FM-Full_A-None_AdaBN-F
Lee2019_SSVEP,DeepConvNet,3,1,0.91,0.91,0.9963333333333332,0.955,0.955,0.9978,40,100,FM-Full_A-None_AdaBN-F
Lee2019_SSVEP,DeepConvNet,3,10,1.0,1.0,1.0,1.0,1.0,1.0,40,100,FM-Full_A-None_AdaBN-F
Lee2019_SSVEP,DeepConvNet,3,12,0.995,0.995,0.9999666666666668,0.995,0.995,0.9999666666666668,40,100,FM-Full_A-None_AdaBN-F
Lee2019_SSVEP,DeepConvNet,3,17,0.93,0.93,0.9985,0.99,0.99,0.9999,40,100,FM-Full_A-None_AdaBN-F
Lee2019_SSVEP,DeepConvNet,3,26,0.99,0.99,1.0,1.0,1.0,1.0,40,100,FM-Full_A-None_AdaBN-F
Lee2019_SSVEP,DeepConvNet,3,28,0.98,0.98,0.9977333333333334,0.97,0.97,0.9979333333333332,40,100,FM-Full_A-None_AdaBN-F
Lee2019_SSVEP,DeepConvNet,3,31,1.0,1.0,1.0,1.0,1.0,1.0,40,100,FM-Full_A-None_AdaBN-F
Lee2019_SSVEP,DeepConvNet,3,32,0.865,0.865,0.9899,0.94,0.94,0.9983666666666666,40,100,FM-Full_A-None_AdaBN-F
Lee2019_SSVEP,DeepConvNet,3,37,0.99,0.99,0.9999333333333332,0.985,0.985,0.9998333333333334,40,100,FM-Full_A-None_AdaBN-F
Lee2019_SSVEP,DeepConvNet,3,41,0.98,0.98,0.9998,0.995,0.995,0.9996666666666668,40,100,FM-Full_A-None_AdaBN-F
Lee2019_SSVEP,DeepConvNet,3,48,0.995,0.995,1.0,0.995,0.995,1.0,40,100,FM-Full_A-None_AdaBN-F
Lee2019_SSVEP,DeepConvNet,4,2,0.995,0.995,1.0,0.995,0.995,1.0,40,100,FM-Full_A-None_AdaBN-F
Lee2019_SSVEP,DeepConvNet,4,3,0.945,0.945,0.9973,0.955,0.955,0.997,40,100,FM-Full_A-None_AdaBN-F
Lee2019_SSVEP,DeepConvNet,4,11,1.0,1.0,1.0,1.0,1.0,1.0,40,100,FM-Full_A-None_AdaBN-F
Lee2019_SSVEP,DeepConvNet,4,22,0.82,0.8200000000000001,0.9709333333333332,0.925,0.925,0.9927,40,100,FM-Full_A-None_AdaBN-F
Lee2019_SSVEP,DeepConvNet,4,24,0.98,0.98,0.9939,0.99,0.99,0.9940666666666668,40,100,FM-Full_A-None_AdaBN-F
Lee2019_SSVEP,DeepConvNet,4,30,0.995,0.995,0.9999333333333332,0.995,0.995,1.0,40,100,FM-Full_A-None_AdaBN-F
Lee2019_SSVEP,DeepConvNet,4,36,1.0,1.0,1.0,1.0,1.0,1.0,40,100,FM-Full_A-None_AdaBN-F
Lee2019_SSVEP,DeepConvNet,4,40,0.945,0.945,0.9958,0.95,0.95,0.9972666666666666,40,100,FM-Full_A-None_AdaBN-F
Lee2019_SSVEP,DeepConvNet,4,42,0.815,0.815,0.9646666666666668,0.81,0.8099999999999999,0.9639,40,100,FM-Full_A-None_AdaBN-F
Lee2019_SSVEP,DeepConvNet,4,44,0.995,0.995,1.0,0.995,0.995,1.0,40,100,FM-Full_A-None_AdaBN-F
Lee2019_SSVEP,DeepConvNet,4,47,0.625,0.625,0.8738,0.645,0.645,0.876,40,100,FM-Full_A-None_AdaBN-F
Lee2019_SSVEP,DeepConvNet,5,8,0.95,0.95,0.9931666666666666,0.96,0.96,0.99005,40,100,FM-Full_A-None_AdaBN-F
Lee2019_SSVEP,DeepConvNet,5,15,0.855,0.855,0.9834,0.99,0.99,0.9995666666666668,40,100,FM-Full_A-None_AdaBN-F
Lee2019_SSVEP,DeepConvNet,5,19,0.975,0.975,0.9999333333333332,0.98,0.98,0.9998666666666668,40,100,FM-Full_A-None_AdaBN-F
Lee2019_SSVEP,DeepConvNet,5,21,0.99,0.99,0.9999,0.985,0.985,0.9998333333333334,40,100,FM-Full_A-None_AdaBN-F
Lee2019_SSVEP,DeepConvNet,5,23,0.29,0.29,0.5785333333333333,0.47,0.47,0.7448333333333332,40,100,FM-Full_A-None_AdaBN-F
Lee2019_SSVEP,DeepConvNet,5,29,0.96,0.96,0.9974333333333334,0.98,0.98,0.9987666666666668,40,100,FM-Full_A-None_AdaBN-F
Lee2019_SSVEP,DeepConvNet,5,39,1.0,1.0,1.0,1.0,1.0,1.0,40,100,FM-Full_A-None_AdaBN-F
Lee2019_SSVEP,DeepConvNet,5,43,1.0,1.0,1.0,1.0,1.0,1.0,40,100,FM-Full_A-None_AdaBN-F
Lee2019_SSVEP,DeepConvNet,5,52,0.995,0.995,1.0,1.0,1.0,1.0,40,100,FM-Full_A-None_AdaBN-F
Lee2019_SSVEP,DeepConvNet,5,54,0.81,0.81,0.9586666666666666,0.915,0.915,0.9871666666666667,40,100,FM-Full_A-None_AdaBN-F
Huebner2018,ShallowConvNet,1,1,0.9515372224945724,0.9328739985782756,0.9827522961286356,0.9750682820925836,0.9608281926654716,0.9923772699619277,12,7000,FM-Full_A-None_AdaBN-F
Huebner2018,ShallowConvNet,1,10,0.8855042016806722,0.8036744505494506,0.9315195060395952,0.9359943977591036,0.9049908424908424,0.9733642944357233,12,7000,FM-Full_A-None_AdaBN-F
Huebner2018,ShallowConvNet,1,11,0.8347165564777043,0.7262444774476677,0.8496661345000032,0.914826276550851,0.8713501869732034,0.9522093714948108,12,7000,FM-Full_A-None_AdaBN-F
Huebner2018,ShallowConvNet,2,3,0.9508403361344536,0.9564217032967032,0.9896994919762776,0.9811624649859944,0.9708905677655676,0.9951018227803944,12,7000,FM-Full_A-None_AdaBN-F
Huebner2018,ShallowConvNet,2,6,0.8715686274509804,0.7836423992673993,0.93914832439386,0.9754201680672268,0.9619848901098902,0.9943808733429268,12,7000,FM-Full_A-None_AdaBN-F
Huebner2018,ShallowConvNet,2,9,0.7995657959240843,0.6098543141269697,0.7855659804447468,0.9432733384690803,0.9149024036301948,0.9763322397829908,12,7000,FM-Full_A-None_AdaBN-F
Huebner2018,ShallowConvNet,3,2,0.9637254901960784,0.9581501831501832,0.9904659700418628,0.9836134453781512,0.9764079670329672,0.9956733085862548,12,7000,FM-Full_A-None_AdaBN-F
Huebner2018,ShallowConvNet,3,12,0.7390056022408964,0.7673305860805861,0.8545908555729984,0.9291316526610645,0.8931891025641026,0.9634027096415492,12,7000,FM-Full_A-None_AdaBN-F
Huebner2018,ShallowConvNet,4,5,0.8193218439120078,0.6317727558313044,0.8804826097105509,0.9270701975620008,0.8897898996047017,0.965624045568383,12,7000,FM-Full_A-None_AdaBN-F
Huebner2018,ShallowConvNet,4,8,0.7967787114845938,0.5830929487179487,0.8555501727934764,0.9257703081232492,0.888209706959707,0.9646125910300016,12,7000,FM-Full_A-None_AdaBN-F
Huebner2018,ShallowConvNet,5,4,0.9331932773109244,0.8995535714285714,0.9677942531179138,0.957703081232493,0.936492673992674,0.9839846066631782,12,7000,FM-Full_A-None_AdaBN-F
Huebner2018,ShallowConvNet,5,7,0.8770664051555057,0.7669597052818928,0.9278840638032422,0.9352759876716168,0.9005089187562163,0.9704591692622452,12,7000,FM-Full_A-None_AdaBN-F
Huebner2017,EEGNetv4,1,1,0.9432684824902724,0.9091090396173848,0.977602142356366,0.9744747081712062,0.9649962253259629,0.9949615707490224,3,12500,FM-Full_A-None_AdaBN-F
Huebner2017,EEGNetv4,1,10,0.9716334164588528,0.9612808211596556,0.9942169407375208,0.984959476309227,0.9792776381400798,0.9975418496880424,3,12500,FM-Full_A-None_AdaBN-F
Huebner2017,EEGNetv4,1,12,0.873249299719888,0.7393543956043955,0.9506207496452204,0.9609399315281668,0.9449277574277576,0.9877623631757232,3,12500,FM-Full_A-None_AdaBN-F
Huebner2017,EEGNetv4,2,3,0.8770428015564202,0.7891183578390988,0.9227294844312196,0.9544747081712064,0.9346354410660842,0.9860466461671176,3,12500,FM-Full_A-None_AdaBN-F
Huebner2017,EEGNetv4,2,6,0.9214244016345592,0.9276573677434572,0.9792715682634928,0.984938704028021,0.9788062709256848,0.9967343918475118,3,12500,FM-Full_A-None_AdaBN-F
Huebner2017,EEGNetv4,2,9,0.9397759103641457,0.9410485347985348,0.9846528948711488,0.9768129474011829,0.9675544363044364,0.996016537352516,3,12500,FM-Full_A-None_AdaBN-F
Huebner2017,EEGNetv4,3,2,0.8584656084656085,0.8575498575498575,0.9333372128924378,0.9566604419545596,0.9402981277981278,0.986920485391054,3,12500,FM-Full_A-None_AdaBN-F
Huebner2017,EEGNetv4,3,5,0.8545751633986928,0.8543192918192919,0.9303411199079188,0.933395580454404,0.9059701872201872,0.97050365829301,3,12500,FM-Full_A-None_AdaBN-F
Huebner2017,EEGNetv4,3,13,0.9081783518792312,0.851938755415783,0.9487110140348668,0.9731538401680804,0.9631019581888364,0.9927450078150952,3,12500,FM-Full_A-None_AdaBN-F
Huebner2017,EEGNetv4,4,8,0.8150972762645914,0.6374743621016266,0.835352831059375,0.906225680933852,0.8671465173920394,0.9542533805140664,3,12500,FM-Full_A-None_AdaBN-F
Huebner2017,EEGNetv4,4,11,0.8288582769087088,0.7132413286588559,0.8446306116772564,0.8733753599501907,0.8180410091597772,0.9098304713055796,3,12500,FM-Full_A-None_AdaBN-F
Huebner2017,EEGNetv4,5,4,0.9530739299610896,0.9326893771733992,0.9873570799907814,0.9863813229571984,0.9821672902148172,0.9981262425193068,3,12500,FM-Full_A-None_AdaBN-F
Huebner2017,EEGNetv4,5,7,0.9559601618425148,0.9388100325600326,0.9883266152694062,0.991051976346094,0.9879680504680504,0.9994708590938748,3,12500,FM-Full_A-None_AdaBN-F
BI2015a,ShallowConvNet,1,5,0.8653198653198653,0.6343434343434343,0.8327109478624629,0.9023569023569024,0.7676767676767677,0.9112692582389552,25,200,FM-Full_A-None_AdaBN-F
BI2015a,ShallowConvNet,1,9,0.81006006006006,0.6968468468468468,0.7714308903498093,0.8708708708708709,0.7081081081081081,0.8558193328463598,25,200,FM-Full_A-None_AdaBN-F
BI2015a,ShallowConvNet,1,13,0.8523391812865497,0.7289473684210526,0.8606763619575254,0.9130116959064328,0.8144736842105262,0.9359533702677748,25,200,FM-Full_A-None_AdaBN-F
BI2015a,ShallowConvNet,1,25,0.8055555555555556,0.575287356321839,0.6796852292244683,0.8381226053639846,0.621264367816092,0.7631473774606949,25,200,FM-Full_A-None_AdaBN-F
BI2015a,ShallowConvNet,1,26,0.8485663082437276,0.7220430107526882,0.8544109145565961,0.906810035842294,0.7741935483870968,0.9252052260376922,25,200,FM-Full_A-None_AdaBN-F
BI2015a,ShallowConvNet,1,35,0.8136070853462157,0.5722222222222222,0.6727321524422973,0.8119967793880838,0.5606280193236715,0.6440453686200378,25,200,FM-Full_A-None_AdaBN-F
BI2015a,ShallowConvNet,1,37,0.7313492063492063,0.5159523809523809,0.5535510204081633,0.8293650793650794,0.59,0.7020464852607711,25,200,FM-Full_A-None_AdaBN-F
BI2015a,ShallowConvNet,1,38,0.8355855855855856,0.6563063063063063,0.7752576901225551,0.8768768768768769,0.6990990990990991,0.8678191705218733,25,200,FM-Full_A-None_AdaBN-F
BI2015a,ShallowConvNet,1,40,0.8266460905349794,0.6762345679012346,0.7786294010059442,0.8842592592592593,0.729320987654321,0.8749809480262156,25,200,FM-Full_A-None_AdaBN-F
BI2015a,ShallowConvNet,2,4,0.8590277777777777,0.69375,0.8231944444444446,0.9111111111111112,0.7949999999999999,0.9129756944444444,25,200,FM-Full_A-None_AdaBN-F
BI2015a,ShallowConvNet,2,7,0.1707516339869281,0.5004901960784314,0.5118031526336024,0.863562091503268,0.7240196078431372,0.8580257593233371,25,200,FM-Full_A-None_AdaBN-F
BI2015a,ShallowConvNet,2,14,0.7072649572649573,0.5303418803418803,0.5772189349112427,0.8461538461538461,0.6239316239316239,0.791412813207685,25,200,FM-Full_A-None_AdaBN-F
BI2015a,ShallowConvNet,2,16,0.8555555555555555,0.6752380952380952,0.8175873015873016,0.8746031746031746,0.7266666666666667,0.8838503401360543,25,200,FM-Full_A-None_AdaBN-F
BI2015a,ShallowConvNet,2,18,0.7111111111111111,0.5051851851851852,0.544639231824417,0.841358024691358,0.6188888888888888,0.7651989026063101,25,200,FM-Full_A-None_AdaBN-F
BI2015a,ShallowConvNet,2,20,0.8135802469135802,0.5844444444444444,0.7170123456790124,0.858641975308642,0.6811111111111111,0.8402688614540467,25,200,FM-Full_A-None_AdaBN-F
BI2015a,ShallowConvNet,2,28,0.8383333333333334,0.6003333333333334,0.7595377777777779,0.8355555555555556,0.6106666666666667,0.7794777777777777,25,200,FM-Full_A-None_AdaBN-F
BI2015a,ShallowConvNet,2,32,0.8673835125448028,0.7333333333333334,0.8463868655335877,0.8763440860215054,0.7043010752688172,0.8669268123482483,25,200,FM-Full_A-None_AdaBN-F
BI2015a,ShallowConvNet,2,41,0.7432098765432099,0.5585185185185185,0.6227654320987654,0.8598765432098765,0.6714814814814815,0.8083648834019205,25,200,FM-Full_A-None_AdaBN-F
BI2015a,ShallowConvNet,3,1,0.769774011299435,0.5151053013798111,0.5718260308238522,0.8347457627118644,0.6147069826808389,0.7591693257924196,25,200,FM-Full_A-None_AdaBN-F
BI2015a,ShallowConvNet,3,6,0.7973484848484849,0.531439393939394,0.6340622130394857,0.8623737373737373,0.6765151515151515,0.8304493801652892,25,200,FM-Full_A-None_AdaBN-F
BI2015a,ShallowConvNet,3,10,0.8431899641577061,0.6543010752688172,0.8252919412648863,0.8709677419354839,0.7053763440860215,0.8855879292403747,25,200,FM-Full_A-None_AdaBN-F
BI2015a,ShallowConvNet,3,12,0.8234767025089605,0.5672043010752689,0.722106601919297,0.8409498207885304,0.6239247311827957,0.7570036998496937,25,200,FM-Full_A-None_AdaBN-F
BI2015a,ShallowConvNet,3,17,0.8339506172839506,0.6277777777777778,0.7448230452674897,0.8469135802469135,0.6370370370370371,0.8101262002743483,25,200,FM-Full_A-None_AdaBN-F
BI2015a,ShallowConvNet,3,27,0.8090717299578059,0.5453586497890296,0.6233073403478788,0.8294655414908579,0.5938818565400844,0.7267309369937154,25,200,FM-Full_A-None_AdaBN-F
BI2015a,ShallowConvNet,3,30,0.8117283950617284,0.6746913580246914,0.8230224051211705,0.9063786008230452,0.7932098765432098,0.92274043590916,25,200,FM-Full_A-None_AdaBN-F
BI2015a,ShallowConvNet,3,31,0.8081481481481482,0.5204444444444444,0.5625985185185185,0.8192592592592592,0.5697777777777777,0.6897688888888889,25,200,FM-Full_A-None_AdaBN-F
BI2015a,ShallowConvNet,3,42,0.8118908382066277,0.5643274853801169,0.694311070072843,0.8347953216374269,0.6096491228070176,0.7407561300913101,25,200,FM-Full_A-None_AdaBN-F
BI2015a,ShallowConvNet,4,2,0.8538359788359788,0.6138888888888889,0.8065759637188208,0.8855820105820106,0.7297619047619048,0.8809429327286471,25,200,FM-Full_A-None_AdaBN-F
BI2015a,ShallowConvNet,4,3,0.8448275862068966,0.6977011494252874,0.8092482494384992,0.9118773946360154,0.806896551724138,0.9431100541683182,25,200,FM-Full_A-None_AdaBN-F
BI2015a,ShallowConvNet,4,22,0.8383838383838383,0.6257575757575757,0.7637224517906337,0.8573232323232324,0.6719696969696969,0.8279729109274564,25,200,FM-Full_A-None_AdaBN-F
BI2015a,ShallowConvNet,4,24,0.8510802469135802,0.6476851851851851,0.821386316872428,0.8672839506172839,0.7055555555555556,0.888957475994513,25,200,FM-Full_A-None_AdaBN-F
BI2015a,ShallowConvNet,4,33,0.8425925925925926,0.6309523809523809,0.7949735449735451,0.8796296296296297,0.7119047619047619,0.8687893675988916,25,200,FM-Full_A-None_AdaBN-F
BI2015a,ShallowConvNet,4,34,0.8468253968253968,0.6433333333333333,0.7704761904761905,0.8626984126984127,0.6661904761904762,0.8323174603174602,25,200,FM-Full_A-None_AdaBN-F
BI2015a,ShallowConvNet,4,36,0.825,0.6083333333333334,0.7293506944444446,0.8618055555555556,0.6920833333333334,0.83165625,25,200,FM-Full_A-None_AdaBN-F
BI2015a,ShallowConvNet,4,43,0.8840996168582376,0.7580459770114942,0.9011824547496368,0.9157088122605364,0.8114942528735631,0.9338684106222752,25,200,FM-Full_A-None_AdaBN-F
BI2015a,ShallowConvNet,5,8,0.8029100529100529,0.6563492063492063,0.7330939783320737,0.8591269841269841,0.6821428571428572,0.8248740236835476,25,200,FM-Full_A-None_AdaBN-F
BI2015a,ShallowConvNet,5,11,0.8333333333333334,0.5183333333333333,0.6505208333333333,0.8555555555555555,0.6416666666666667,0.7927430555555555,25,200,FM-Full_A-None_AdaBN-F
BI2015a,ShallowConvNet,5,15,0.8317460317460318,0.7047619047619047,0.7816870748299319,0.8841269841269841,0.7266666666666667,0.8417142857142856,25,200,FM-Full_A-None_AdaBN-F
BI2015a,ShallowConvNet,5,19,0.8311111111111111,0.6053333333333333,0.7260266666666666,0.8466666666666667,0.6466666666666667,0.8042711111111112,25,200,FM-Full_A-None_AdaBN-F
BI2015a,ShallowConvNet,5,21,0.8738095238095238,0.7128571428571429,0.8443809523809522,0.8984126984126984,0.7638095238095238,0.9028526077097506,25,200,FM-Full_A-None_AdaBN-F
BI2015a,ShallowConvNet,5,23,0.8296783625730995,0.5890350877192982,0.7173861188057864,0.85453216374269,0.6460526315789473,0.7984379809172053,25,200,FM-Full_A-None_AdaBN-F
BI2015a,ShallowConvNet,5,29,0.829520697167756,0.5225490196078431,0.659403434576445,0.8404139433551199,0.615359477124183,0.7599181938570635,25,200,FM-Full_A-None_AdaBN-F
BI2015a,ShallowConvNet,5,39,0.8321995464852607,0.4993197278911565,0.7093919200333194,0.8520408163265306,0.6568027210884354,0.812568837058633,25,200,FM-Full_A-None_AdaBN-F
Yang2025,ShallowConvNet,1,4,0.6166666666666667,0.6166666666666667,0.6521000000000001,0.585,0.585,0.5951833333333333,30,300,FM-Full_A-None_AdaBN-F
Yang2025,ShallowConvNet,1,13,0.7616666666666667,0.7616666666666667,0.8492444444444445,0.79,0.79,0.8673944444444444,30,300,FM-Full_A-None_AdaBN-F
Yang2025,ShallowConvNet,1,14,0.5433333333333333,0.5433333333333333,0.5692499999999999,0.585,0.585,0.6196666666666666,30,300,FM-Full_A-None_AdaBN-F
Yang2025,ShallowConvNet,1,18,0.7183333333333334,0.7183333333333333,0.7699666666666667,0.6866666666666666,0.6866666666666668,0.7653611111111112,30,300,FM-Full_A-None_AdaBN-F
Yang2025,ShallowConvNet,1,25,0.925,0.925,0.9694777777777778,0.935,0.935,0.97755,30,300,FM-Full_A-None_AdaBN-F
Yang2025,ShallowConvNet,1,31,0.73,0.73,0.8154,0.7833333333333333,0.7833333333333333,0.8633166666666667,30,300,FM-Full_A-None_AdaBN-F
Yang2025,ShallowConvNet,1,32,0.5626043405676127,0.5626532887402453,0.6009531772575252,0.6227045075125208,0.6227090301003344,0.676850613154961,30,300,FM-Full_A-None_AdaBN-F
Yang2025,ShallowConvNet,1,33,0.92,0.92,0.9755333333333333,0.9616666666666668,0.9616666666666668,0.9924111111111112,30,300,FM-Full_A-None_AdaBN-F
Yang2025,ShallowConvNet,1,41,0.8566666666666667,0.8566666666666667,0.9384777777777776,0.895,0.895,0.9631,30,300,FM-Full_A-None_AdaBN-F
Yang2025,ShallowConvNet,1,44,0.72,0.72,0.8078333333333334,0.7333333333333333,0.7333333333333334,0.8051555555555556,30,300,FM-Full_A-None_AdaBN-F
Yang2025,ShallowConvNet,1,47,0.8683333333333333,0.8683333333333334,0.9403888888888888,0.8733333333333333,0.8733333333333333,0.9436444444444444,30,300,FM-Full_A-None_AdaBN-F
Yang2025,ShallowConvNet,2,5,0.845,0.845,0.9312222222222222,0.89,0.89,0.9580111111111111,30,300,FM-Full_A-None_AdaBN-F
Yang2025,ShallowConvNet,2,7,0.7916666666666666,0.7916666666666666,0.8815666666666668,0.8116666666666666,0.8116666666666668,0.8979888888888891,30,300,FM-Full_A-None_AdaBN-F
Yang2025,ShallowConvNet,2,9,0.7183333333333334,0.7183333333333334,0.7934111111111111,0.7433333333333333,0.7433333333333333,0.8030055555555556,30,300,FM-Full_A-None_AdaBN-F
Yang2025,ShallowConvNet,2,16,0.595,0.595,0.6543388888888889,0.6566666666666666,0.6566666666666666,0.7146055555555555,30,300,FM-Full_A-None_AdaBN-F
Yang2025,ShallowConvNet,2,20,0.7533333333333333,0.7533333333333334,0.8460833333333333,0.8566666666666667,0.8566666666666667,0.9348333333333332,30,300,FM-Full_A-None_AdaBN-F
Yang2025,ShallowConvNet,2,34,0.5766666666666667,0.5766666666666667,0.6002611111111111,0.8083333333333333,0.8083333333333333,0.8833166666666666,30,300,FM-Full_A-None_AdaBN-F
Yang2025,ShallowConvNet,2,37,0.8316666666666667,0.8316666666666667,0.9293777777777776,0.9083333333333332,0.9083333333333332,0.963422222222222,30,300,FM-Full_A-None_AdaBN-F
Yang2025,ShallowConvNet,2,48,0.825,0.825,0.9154222222222222,0.885,0.885,0.9487055555555556,30,300,FM-Full_A-None_AdaBN-F
Yang2025,ShallowConvNet,2,49,0.9166666666666666,0.9166666666666669,0.9724,0.9383333333333334,0.9383333333333334,0.9880777777777778,30,300,FM-Full_A-None_AdaBN-F
Yang2025,ShallowConvNet,2,50,0.9383333333333334,0.9383333333333334,0.9855222222222222,0.945,0.945,0.9871111111111112,30,300,FM-Full_A-None_AdaBN-F
Yang2025,ShallowConvNet,3,1,0.9066666666666666,0.9066666666666668,0.9726,0.9083333333333332,0.9083333333333332,0.9798222222222224,30,300,FM-Full_A-None_AdaBN-F
Yang2025,ShallowConvNet,3,10,0.8083333333333333,0.8083333333333333,0.8997666666666667,0.8416666666666667,0.8416666666666667,0.9230333333333332,30,300,FM-Full_A-None_AdaBN-F
Yang2025,ShallowConvNet,3,12,0.5833333333333334,0.5833333333333334,0.6511,0.5816666666666667,0.5816666666666667,0.6276111111111111,30,300,FM-Full_A-None_AdaBN-F
Yang2025,ShallowConvNet,3,17,0.78,0.78,0.8594888888888887,0.7733333333333333,0.7733333333333333,0.8696222222222222,30,300,FM-Full_A-None_AdaBN-F
Yang2025,ShallowConvNet,3,26,0.8230383973288815,0.8231215161649944,0.9088628762541806,0.8914858096828047,0.8914771460423634,0.9552452619843924,30,300,FM-Full_A-None_AdaBN-F
Yang2025,ShallowConvNet,3,27,0.6166666666666667,0.6166666666666667,0.66885,0.7033333333333334,0.7033333333333334,0.7727944444444443,30,300,FM-Full_A-None_AdaBN-F
Yang2025,ShallowConvNet,3,28,0.7433333333333333,0.7433333333333334,0.8847222222222222,0.86,0.86,0.9439555555555555,30,300,FM-Full_A-None_AdaBN-F
Yang2025,ShallowConvNet,3,35,0.9283333333333332,0.9283333333333332,0.9853111111111112,0.95,0.95,0.9898444444444444,30,300,FM-Full_A-None_AdaBN-F
Yang2025,ShallowConvNet,3,45,0.8633333333333333,0.8633333333333333,0.9362777777777778,0.875,0.875,0.93155,30,300,FM-Full_A-None_AdaBN-F
Yang2025,ShallowConvNet,3,46,0.9133333333333332,0.9133333333333332,0.9907777777777778,0.9916666666666668,0.9916666666666668,0.9997444444444444,30,300,FM-Full_A-None_AdaBN-F
Yang2025,ShallowConvNet,4,2,0.6716666666666666,0.6716666666666666,0.741811111111111,0.6683333333333333,0.6683333333333333,0.7482222222222221,30,300,FM-Full_A-None_AdaBN-F
Yang2025,ShallowConvNet,4,3,0.9483333333333334,0.9483333333333334,0.9878444444444444,0.95,0.95,0.9864055555555556,30,300,FM-Full_A-None_AdaBN-F
Yang2025,ShallowConvNet,4,6,0.9083333333333332,0.9083333333333332,0.9707333333333332,0.96,0.96,0.9907222222222224,30,300,FM-Full_A-None_AdaBN-F
Yang2025,ShallowConvNet,4,22,0.7833333333333333,0.7833333333333333,0.8561666666666667,0.84,0.8400000000000001,0.9149444444444444,30,300,FM-Full_A-None_AdaBN-F
Yang2025,ShallowConvNet,4,24,0.9343434343434344,0.9344730636676946,0.9848426446580808,0.957912457912458,0.957917649192817,0.9921095592236532,30,300,FM-Full_A-None_AdaBN-F
Yang2025,ShallowConvNet,4,30,0.9283333333333332,0.9283333333333332,0.972311111111111,0.955,0.955,0.9858277777777776,30,300,FM-Full_A-None_AdaBN-F
Yang2025,ShallowConvNet,4,36,0.9033333333333332,0.9033333333333332,0.9763222222222222,0.9333333333333332,0.9333333333333332,0.9828277777777776,30,300,FM-Full_A-None_AdaBN-F
Yang2025,ShallowConvNet,4,38,0.6166666666666667,0.6166666666666667,0.6662833333333333,0.6483333333333333,0.6483333333333334,0.7114611111111112,30,300,FM-Full_A-None_AdaBN-F
Yang2025,ShallowConvNet,4,40,0.7916666666666666,0.7916666666666666,0.9001666666666667,0.8316666666666667,0.8316666666666667,0.9252666666666668,30,300,FM-Full_A-None_AdaBN-F
Yang2025,ShallowConvNet,4,42,0.8183333333333334,0.8183333333333334,0.9059611111111112,0.7983333333333333,0.7983333333333333,0.8975277777777777,30,300,FM-Full_A-None_AdaBN-F
Yang2025,ShallowConvNet,5,8,0.9083333333333332,0.9083333333333332,0.9592666666666668,0.9316666666666666,0.9316666666666666,0.9737444444444444,30,300,FM-Full_A-None_AdaBN-F
Yang2025,ShallowConvNet,5,11,0.8866666666666667,0.8866666666666667,0.9628555555555556,0.91,0.91,0.9727888888888888,30,300,FM-Full_A-None_AdaBN-F
Yang2025,ShallowConvNet,5,15,0.7316666666666667,0.7316666666666667,0.8111888888888888,0.8083333333333333,0.8083333333333333,0.8706499999999999,30,300,FM-Full_A-None_AdaBN-F
Yang2025,ShallowConvNet,5,19,0.825,0.825,0.8965333333333334,0.8566666666666667,0.8566666666666667,0.9231222222222224,30,300,FM-Full_A-None_AdaBN-F
Yang2025,ShallowConvNet,5,21,0.845,0.845,0.9395888888888888,0.8866666666666667,0.8866666666666667,0.9574666666666668,30,300,FM-Full_A-None_AdaBN-F
Yang2025,ShallowConvNet,5,23,0.9048414023372288,0.90479375696767,0.9715273132664436,0.9432387312186978,0.943216276477146,0.9872129319955408,30,300,FM-Full_A-None_AdaBN-F
Yang2025,ShallowConvNet,5,29,0.74,0.74,0.8345444444444445,0.885,0.885,0.9557611111111112,30,300,FM-Full_A-None_AdaBN-F
Yang2025,ShallowConvNet,5,39,0.6816666666666666,0.6816666666666666,0.7780277777777778,0.755,0.755,0.8474611111111111,30,300,FM-Full_A-None_AdaBN-F
Yang2025,ShallowConvNet,5,43,0.975,0.975,0.9991444444444444,0.9883333333333332,0.9883333333333332,0.9996888888888888,30,300,FM-Full_A-None_AdaBN-F
Yang2025,ShallowConvNet,5,51,0.8283333333333334,0.8283333333333334,0.9186222222222222,0.8766666666666667,0.8766666666666667,0.9448722222222222,30,300,FM-Full_A-None_AdaBN-F
Huebner2018,ATCNet,1,1,0.8859864136143988,0.8382980028260045,0.9382420306019652,0.9809510469920862,0.971885943680522,0.9952409844787812,8,10500,FM-Full_A-None_AdaBN-F
Huebner2018,ATCNet,1,10,0.8682773109243698,0.8144574175824175,0.911347448434502,0.9425070028011204,0.9238782051282052,0.9782534231641375,8,10500,FM-Full_A-None_AdaBN-F
Huebner2018,ATCNet,1,11,0.8465325643550429,0.766673306720876,0.8725369557509812,0.929244619496413,0.9004405669094067,0.9657275457905974,8,10500,FM-Full_A-None_AdaBN-F
Huebner2018,ATCNet,2,3,0.969327731092437,0.9697458791208792,0.9943686769579628,0.98515406162465,0.9781364468864469,0.996504407051282,8,10500,FM-Full_A-None_AdaBN-F
Huebner2018,ATCNet,2,6,0.8735994397759104,0.7437614468864469,0.939282934327577,0.9846638655462184,0.9763736263736263,0.9974507783882784,8,10500,FM-Full_A-None_AdaBN-F
Huebner2018,ATCNet,2,9,0.77778555921283,0.5884018383202718,0.7386230560316442,0.9587506127880104,0.93923883226704,0.9848961672314316,8,10500,FM-Full_A-None_AdaBN-F
Huebner2018,ATCNet,3,2,0.9688375350140056,0.965716575091575,0.9937032176652713,0.9859943977591036,0.9818795787545788,0.9975635983560092,8,10500,FM-Full_A-None_AdaBN-F
Huebner2018,ATCNet,3,12,0.8221988795518207,0.79566163003663,0.8738000392464678,0.9410364145658264,0.9190018315018316,0.976428884855224,8,10500,FM-Full_A-None_AdaBN-F
Huebner2018,ATCNet,4,5,0.8230348886086591,0.644809500903165,0.8773867880485526,0.94059128485358,0.9148022526767716,0.9755598832212014,8,10500,FM-Full_A-None_AdaBN-F
Huebner2018,ATCNet,4,8,0.8081232492997199,0.6094665750915751,0.8467036101299495,0.9379551820728292,0.9161630036630036,0.9735442285888716,8,10500,FM-Full_A-None_AdaBN-F
Huebner2018,ATCNet,5,4,0.9313025210084034,0.8651442307692307,0.9740035349075528,0.9644957983193276,0.94948489010989,0.9887691735347984,8,10500,FM-Full_A-None_AdaBN-F
Huebner2018,ATCNet,5,7,0.8667694031941721,0.7347841852937584,0.9333710810038562,0.9461333706920706,0.9251194729449126,0.9816832189315812,8,10500,FM-Full_A-None_AdaBN-F
Lee2019_SSVEP,EEGNetv4,1,4,1.0,1.0,1.0,1.0,1.0,1.0,25,160,FM-Full_A-None_AdaBN-F
Lee2019_SSVEP,EEGNetv4,1,6,0.99,0.99,0.9998666666666668,1.0,1.0,1.0,25,160,FM-Full_A-None_AdaBN-F
Lee2019_SSVEP,EEGNetv4,1,13,0.98,0.98,0.9998333333333334,0.99,0.99,1.0,25,160,FM-Full_A-None_AdaBN-F
Lee2019_SSVEP,EEGNetv4,1,14,0.935,0.935,0.97935,0.955,0.955,0.9877166666666668,25,160,FM-Full_A-None_AdaBN-F
Lee2019_SSVEP,EEGNetv4,1,18,0.995,0.995,1.0,0.995,0.995,1.0,25,160,FM-Full_A-None_AdaBN-F
Lee2019_SSVEP,EEGNetv4,1,20,0.95,0.95,0.9990333333333334,0.975,0.975,0.9993666666666668,25,160,FM-Full_A-None_AdaBN-F
Lee2019_SSVEP,EEGNetv4,1,33,0.995,0.995,1.0,1.0,1.0,1.0,25,160,FM-Full_A-None_AdaBN-F
Lee2019_SSVEP,EEGNetv4,1,45,0.99,0.99,0.9984666666666668,0.985,0.985,0.9980333333333332,25,160,FM-Full_A-None_AdaBN-F
Lee2019_SSVEP,EEGNetv4,1,49,0.98,0.98,0.9997333333333334,0.985,0.985,0.9999,25,160,FM-Full_A-None_AdaBN-F
Lee2019_SSVEP,EEGNetv4,1,50,0.99,0.99,0.9999666666666668,1.0,1.0,1.0,25,160,FM-Full_A-None_AdaBN-F
Lee2019_SSVEP,EEGNetv4,1,53,1.0,1.0,1.0,1.0,1.0,1.0,25,160,FM-Full_A-None_AdaBN-F
Lee2019_SSVEP,EEGNetv4,2,5,0.83,0.8300000000000001,0.9641333333333332,0.865,0.865,0.9793666666666668,25,160,FM-Full_A-None_AdaBN-F
Lee2019_SSVEP,EEGNetv4,2,7,0.98,0.98,0.9996,0.995,0.995,0.9999666666666668,25,160,FM-Full_A-None_AdaBN-F
Lee2019_SSVEP,EEGNetv4,2,9,0.995,0.995,0.9999666666666668,0.995,0.995,0.9998333333333334,25,160,FM-Full_A-None_AdaBN-F
Lee2019_SSVEP,EEGNetv4,2,16,0.995,0.995,0.9994333333333334,0.995,0.995,0.9980333333333332,25,160,FM-Full_A-None_AdaBN-F
Lee2019_SSVEP,EEGNetv4,2,25,0.97,0.97,0.9977333333333334,0.97,0.97,0.9984333333333332,25,160,FM-Full_A-None_AdaBN-F
Lee2019_SSVEP,EEGNetv4,2,27,1.0,1.0,1.0,0.995,0.995,1.0,25,160,FM-Full_A-None_AdaBN-F
Lee2019_SSVEP,EEGNetv4,2,34,0.8,0.8,0.9414666666666668,0.855,0.855,0.9718,25,160,FM-Full_A-None_AdaBN-F
Lee2019_SSVEP,EEGNetv4,2,35,0.985,0.985,0.9992333333333334,0.99,0.99,0.9998,25,160,FM-Full_A-None_AdaBN-F
Lee2019_SSVEP,EEGNetv4,2,38,0.995,0.995,0.9999666666666668,0.99,0.99,0.9999333333333332,25,160,FM-Full_A-None_AdaBN-F
Lee2019_SSVEP,EEGNetv4,2,46,0.995,0.995,0.9999666666666668,0.995,0.995,1.0,25,160,FM-Full_A-None_AdaBN-F
Lee2019_SSVEP,EEGNetv4,2,51,0.785,0.7849999999999999,0.9426666666666664,0.83,0.83,0.9542,25,160,FM-Full_A-None_AdaBN-F
Lee2019_SSVEP,EEGNetv4,3,1,0.94,0.94,0.9929333333333334,0.955,0.955,0.9947333333333334,25,160,FM-Full_A-None_AdaBN-F
Lee2019_SSVEP,EEGNetv4,3,10,0.985,0.985,0.9996,0.995,0.995,1.0,25,160,FM-Full_A-None_AdaBN-F
Lee2019_SSVEP,EEGNetv4,3,12,0.96,0.96,0.9985,0.945,0.945,0.997,25,160,FM-Full_A-None_AdaBN-F
Lee2019_SSVEP,EEGNetv4,3,17,0.91,0.91,0.9945,0.95,0.95,0.9979,25,160,FM-Full_A-None_AdaBN-F
Lee2019_SSVEP,EEGNetv4,3,26,0.985,0.985,0.9997,0.995,0.995,1.0,25,160,FM-Full_A-None_AdaBN-F
Lee2019_SSVEP,EEGNetv4,3,28,0.965,0.965,0.9972333333333334,0.97,0.97,0.9973,25,160,FM-Full_A-None_AdaBN-F
Lee2019_SSVEP,EEGNetv4,3,31,0.97,0.97,1.0,0.98,0.98,1.0,25,160,FM-Full_A-None_AdaBN-F
Lee2019_SSVEP,EEGNetv4,3,32,0.675,0.675,0.8889333333333334,0.845,0.845,0.9604666666666668,25,160,FM-Full_A-None_AdaBN-F
Lee2019_SSVEP,EEGNetv4,3,37,0.99,0.99,0.9999333333333332,0.99,0.99,0.9999666666666668,25,160,FM-Full_A-None_AdaBN-F
Lee2019_SSVEP,EEGNetv4,3,41,0.97,0.97,0.9989333333333332,0.985,0.985,0.9994333333333334,25,160,FM-Full_A-None_AdaBN-F
Lee2019_SSVEP,EEGNetv4,3,48,0.995,0.995,0.9999666666666668,0.995,0.995,0.9999666666666668,25,160,FM-Full_A-None_AdaBN-F
Lee2019_SSVEP,EEGNetv4,4,2,0.985,0.985,0.9998666666666668,0.985,0.985,0.9998,25,160,FM-Full_A-None_AdaBN-F
Lee2019_SSVEP,EEGNetv4,4,3,0.945,0.945,0.9958,0.945,0.945,0.9951,25,160,FM-Full_A-None_AdaBN-F
Lee2019_SSVEP,EEGNetv4,4,11,1.0,1.0,1.0,1.0,1.0,1.0,25,160,FM-Full_A-None_AdaBN-F
Lee2019_SSVEP,EEGNetv4,4,22,0.865,0.865,0.9756666666666668,0.875,0.875,0.9818666666666668,25,160,FM-Full_A-None_AdaBN-F
Lee2019_SSVEP,EEGNetv4,4,24,0.98,0.98,0.9959666666666668,0.985,0.985,0.9947,25,160,FM-Full_A-None_AdaBN-F
Lee2019_SSVEP,EEGNetv4,4,30,0.935,0.935,0.9997333333333334,0.98,0.98,0.9997333333333334,25,160,FM-Full_A-None_AdaBN-F
Lee2019_SSVEP,EEGNetv4,4,36,1.0,1.0,1.0,1.0,1.0,1.0,25,160,FM-Full_A-None_AdaBN-F
Lee2019_SSVEP,EEGNetv4,4,40,0.95,0.95,0.9974,0.95,0.95,0.9971333333333332,25,160,FM-Full_A-None_AdaBN-F
Lee2019_SSVEP,EEGNetv4,4,42,0.82,0.8200000000000001,0.9626333333333332,0.8,0.8,0.96,25,160,FM-Full_A-None_AdaBN-F
Lee2019_SSVEP,EEGNetv4,4,44,0.995,0.995,1.0,0.995,0.995,1.0,25,160,FM-Full_A-None_AdaBN-F
Lee2019_SSVEP,EEGNetv4,4,47,0.6,0.6000000000000001,0.8619666666666667,0.585,0.585,0.8518333333333333,25,160,FM-Full_A-None_AdaBN-F
Lee2019_SSVEP,EEGNetv4,5,8,0.93,0.93,0.9965,0.935,0.935,0.9966,25,160,FM-Full_A-None_AdaBN-F
Lee2019_SSVEP,EEGNetv4,5,15,0.84,0.8399999999999999,0.9781333333333334,0.975,0.975,0.9994666666666668,25,160,FM-Full_A-None_AdaBN-F
Lee2019_SSVEP,EEGNetv4,5,19,0.98,0.98,0.9949666666666668,0.98,0.98,0.9949,25,160,FM-Full_A-None_AdaBN-F
Lee2019_SSVEP,EEGNetv4,5,21,0.77,0.77,0.985,0.945,0.945,0.9943333333333332,25,160,FM-Full_A-None_AdaBN-F
Lee2019_SSVEP,EEGNetv4,5,23,0.3,0.3,0.5591666666666667,0.425,0.425,0.6918333333333333,25,160,FM-Full_A-None_AdaBN-F
Lee2019_SSVEP,EEGNetv4,5,29,0.885,0.885,0.9875,0.975,0.975,0.9971666666666666,25,160,FM-Full_A-None_AdaBN-F
Lee2019_SSVEP,EEGNetv4,5,39,0.99,0.99,1.0,1.0,1.0,1.0,25,160,FM-Full_A-None_AdaBN-F
Lee2019_SSVEP,EEGNetv4,5,43,1.0,1.0,1.0,1.0,1.0,1.0,25,160,FM-Full_A-None_AdaBN-F
Lee2019_SSVEP,EEGNetv4,5,52,0.925,0.925,0.9968666666666668,0.965,0.965,0.9973666666666668,25,160,FM-Full_A-None_AdaBN-F
Lee2019_SSVEP,EEGNetv4,5,54,0.58,0.5800000000000001,0.8255666666666666,0.835,0.835,0.9588,25,160,FM-Full_A-None_AdaBN-F
Yang2025,ShallowConvNet,1,4,0.6116666666666667,0.6116666666666666,0.6442833333333334,0.5633333333333334,0.5633333333333334,0.5886,30,150,FM-Full_A-None_AdaBN-F
Yang2025,ShallowConvNet,1,13,0.7466666666666667,0.7466666666666667,0.8473777777777778,0.79,0.79,0.8717111111111111,30,150,FM-Full_A-None_AdaBN-F
Yang2025,ShallowConvNet,1,14,0.56,0.56,0.5861777777777778,0.5383333333333333,0.5383333333333333,0.5846777777777777,30,150,FM-Full_A-None_AdaBN-F
Yang2025,ShallowConvNet,1,18,0.6566666666666666,0.6566666666666666,0.7457944444444444,0.6766666666666666,0.6766666666666666,0.7648722222222222,30,150,FM-Full_A-None_AdaBN-F
Yang2025,ShallowConvNet,1,25,0.9133333333333332,0.9133333333333332,0.9717222222222224,0.9233333333333332,0.9233333333333332,0.9724888888888888,30,150,FM-Full_A-None_AdaBN-F
Yang2025,ShallowConvNet,1,31,0.6733333333333333,0.6733333333333333,0.7565666666666666,0.7633333333333333,0.7633333333333334,0.8404555555555557,30,150,FM-Full_A-None_AdaBN-F
Yang2025,ShallowConvNet,1,32,0.5392320534223706,0.5392530657748049,0.563288740245262,0.5859766277128547,0.5859698996655518,0.6447491638795987,30,150,FM-Full_A-None_AdaBN-F
Yang2025,ShallowConvNet,1,33,0.865,0.865,0.9257833333333334,0.9333333333333332,0.9333333333333332,0.9757833333333332,30,150,FM-Full_A-None_AdaBN-F
Yang2025,ShallowConvNet,1,41,0.79,0.79,0.8878777777777778,0.8583333333333333,0.8583333333333334,0.9362333333333333,30,150,FM-Full_A-None_AdaBN-F
Yang2025,ShallowConvNet,1,44,0.7116666666666667,0.7116666666666667,0.78295,0.6933333333333334,0.6933333333333334,0.7813444444444445,30,150,FM-Full_A-None_AdaBN-F
Yang2025,ShallowConvNet,1,47,0.8483333333333334,0.8483333333333334,0.92725,0.8583333333333333,0.8583333333333334,0.9448277777777778,30,150,FM-Full_A-None_AdaBN-F
Yang2025,ShallowConvNet,2,5,0.8166666666666667,0.8166666666666667,0.9149944444444446,0.875,0.875,0.9507111111111112,30,150,FM-Full_A-None_AdaBN-F
Yang2025,ShallowConvNet,2,7,0.7766666666666666,0.7766666666666666,0.86645,0.78,0.78,0.8775055555555555,30,150,FM-Full_A-None_AdaBN-F
Yang2025,ShallowConvNet,2,9,0.69,0.69,0.7710555555555555,0.7166666666666667,0.7166666666666667,0.7741722222222223,30,150,FM-Full_A-None_AdaBN-F
Yang2025,ShallowConvNet,2,16,0.5783333333333334,0.5783333333333334,0.6165777777777778,0.625,0.625,0.6692166666666666,30,150,FM-Full_A-None_AdaBN-F
Yang2025,ShallowConvNet,2,20,0.7816666666666666,0.7816666666666667,0.8666666666666667,0.8516666666666667,0.8516666666666667,0.9271555555555556,30,150,FM-Full_A-None_AdaBN-F
Yang2025,ShallowConvNet,2,34,0.575,0.575,0.5838555555555556,0.7933333333333333,0.7933333333333333,0.8667055555555555,30,150,FM-Full_A-None_AdaBN-F
Yang2025,ShallowConvNet,2,37,0.82,0.8200000000000001,0.9075555555555554,0.8783333333333333,0.8783333333333333,0.9437944444444444,30,150,FM-Full_A-None_AdaBN-F
Yang2025,ShallowConvNet,2,48,0.7783333333333333,0.7783333333333333,0.868138888888889,0.86,0.8600000000000001,0.9233,30,150,FM-Full_A-None_AdaBN-F
Yang2025,ShallowConvNet,2,49,0.8966666666666666,0.8966666666666667,0.9686444444444444,0.9133333333333332,0.9133333333333332,0.9845166666666668,30,150,FM-Full_A-None_AdaBN-F
Yang2025,ShallowConvNet,2,50,0.9166666666666666,0.9166666666666669,0.9756,0.935,0.935,0.9860222222222222,30,150,FM-Full_A-None_AdaBN-F
Yang2025,ShallowConvNet,3,1,0.885,0.885,0.9526,0.9016666666666666,0.9016666666666666,0.9651,30,150,FM-Full_A-None_AdaBN-F
Yang2025,ShallowConvNet,3,10,0.7466666666666667,0.7466666666666666,0.8442833333333335,0.8116666666666666,0.8116666666666666,0.9014111111111112,30,150,FM-Full_A-None_AdaBN-F
Yang2025,ShallowConvNet,3,12,0.6016666666666667,0.6016666666666667,0.6360222222222223,0.5583333333333333,0.5583333333333333,0.594,30,150,FM-Full_A-None_AdaBN-F
Yang2025,ShallowConvNet,3,17,0.7533333333333333,0.7533333333333333,0.8274055555555555,0.775,0.775,0.8543111111111112,30,150,FM-Full_A-None_AdaBN-F
Yang2025,ShallowConvNet,3,26,0.7512520868113522,0.7510702341137123,0.8301560758082498,0.8848080133555927,0.88479375696767,0.9384169453734672,30,150,FM-Full_A-None_AdaBN-F
Yang2025,ShallowConvNet,3,27,0.5883333333333334,0.5883333333333334,0.6376555555555555,0.6666666666666666,0.6666666666666667,0.7488944444444444,30,150,FM-Full_A-None_AdaBN-F
Yang2025,ShallowConvNet,3,28,0.6733333333333333,0.6733333333333333,0.8338888888888889,0.8733333333333333,0.8733333333333333,0.9403666666666668,30,150,FM-Full_A-None_AdaBN-F
Yang2025,ShallowConvNet,3,35,0.9,0.9,0.9772777777777778,0.9466666666666668,0.9466666666666668,0.9889,30,150,FM-Full_A-None_AdaBN-F
Yang2025,ShallowConvNet,3,45,0.8,0.8,0.8958444444444444,0.8483333333333334,0.8483333333333334,0.9154333333333332,30,150,FM-Full_A-None_AdaBN-F
Yang2025,ShallowConvNet,3,46,0.8733333333333333,0.8733333333333333,0.9531222222222222,0.985,0.985,0.9989222222222224,30,150,FM-Full_A-None_AdaBN-F
Yang2025,ShallowConvNet,4,2,0.6583333333333333,0.6583333333333333,0.7115333333333335,0.6433333333333333,0.6433333333333333,0.6987222222222222,30,150,FM-Full_A-None_AdaBN-F
Yang2025,ShallowConvNet,4,3,0.94,0.94,0.9750555555555556,0.9416666666666668,0.9416666666666668,0.9808,30,150,FM-Full_A-None_AdaBN-F
Yang2025,ShallowConvNet,4,6,0.905,0.905,0.9681055555555556,0.96,0.96,0.9908166666666668,30,150,FM-Full_A-None_AdaBN-F
Yang2025,ShallowConvNet,4,22,0.7666666666666667,0.7666666666666666,0.8307388888888889,0.8066666666666666,0.8066666666666666,0.906338888888889,30,150,FM-Full_A-None_AdaBN-F
Yang2025,ShallowConvNet,4,24,0.8518518518518519,0.8520882459640848,0.9518070923272266,0.9528619528619529,0.9528274079448577,0.9850240341012152,30,150,FM-Full_A-None_AdaBN-F
Yang2025,ShallowConvNet,4,30,0.8933333333333333,0.8933333333333333,0.9667,0.935,0.935,0.9759611111111112,30,150,FM-Full_A-None_AdaBN-F
Yang2025,ShallowConvNet,4,36,0.9216666666666666,0.9216666666666666,0.9818666666666668,0.9383333333333334,0.9383333333333332,0.9836722222222224,30,150,FM-Full_A-None_AdaBN-F
Yang2025,ShallowConvNet,4,38,0.5966666666666667,0.5966666666666667,0.64315,0.6316666666666667,0.6316666666666666,0.69015,30,150,FM-Full_A-None_AdaBN-F
Yang2025,ShallowConvNet,4,40,0.7366666666666667,0.7366666666666666,0.8750666666666667,0.8333333333333334,0.8333333333333333,0.9204166666666668,30,150,FM-Full_A-None_AdaBN-F
Yang2025,ShallowConvNet,4,42,0.7966666666666666,0.7966666666666666,0.8856277777777778,0.81,0.81,0.89065,30,150,FM-Full_A-None_AdaBN-F
Yang2025,ShallowConvNet,5,8,0.8666666666666667,0.8666666666666667,0.9515333333333336,0.9033333333333332,0.9033333333333332,0.9663222222222222,30,150,FM-Full_A-None_AdaBN-F
Yang2025,ShallowConvNet,5,11,0.8283333333333334,0.8283333333333334,0.9164777777777778,0.8616666666666667,0.8616666666666667,0.9387722222222222,30,150,FM-Full_A-None_AdaBN-F
Yang2025,ShallowConvNet,5,15,0.725,0.725,0.8142666666666665,0.7616666666666667,0.7616666666666667,0.8457111111111111,30,150,FM-Full_A-None_AdaBN-F
Yang2025,ShallowConvNet,5,19,0.79,0.79,0.8816388888888889,0.8333333333333334,0.8333333333333333,0.9200055555555556,30,150,FM-Full_A-None_AdaBN-F
Yang2025,ShallowConvNet,5,21,0.83,0.8300000000000001,0.9117,0.8683333333333333,0.8683333333333334,0.9495111111111112,30,150,FM-Full_A-None_AdaBN-F
Yang2025,ShallowConvNet,5,23,0.8714524207011686,0.8713879598662208,0.940557413600892,0.9215358931552587,0.921505016722408,0.9799777034559644,30,150,FM-Full_A-None_AdaBN-F
Yang2025,ShallowConvNet,5,29,0.6883333333333334,0.6883333333333334,0.7714055555555556,0.8466666666666667,0.8466666666666667,0.9175555555555556,30,150,FM-Full_A-None_AdaBN-F
Yang2025,ShallowConvNet,5,39,0.6633333333333333,0.6633333333333333,0.7331444444444445,0.7283333333333334,0.7283333333333333,0.8203,30,150,FM-Full_A-None_AdaBN-F
Yang2025,ShallowConvNet,5,43,0.98,0.98,0.9980888888888888,0.9866666666666668,0.9866666666666666,0.9990111111111112,30,150,FM-Full_A-None_AdaBN-F
Yang2025,ShallowConvNet,5,51,0.7983333333333333,0.7983333333333333,0.8882166666666668,0.8433333333333334,0.8433333333333333,0.9223833333333332,30,150,FM-Full_A-None_AdaBN-F
Huebner2018,ShallowConvNet,1,1,0.9470551159044752,0.918405335391781,0.9789544437612028,0.9745780516842916,0.9592714370756088,0.9919329129215568,10,4200,FM-Full_A-None_AdaBN-F
Huebner2018,ShallowConvNet,1,10,0.8985294117647059,0.8337225274725275,0.9422356586865516,0.938095238095238,0.9072916666666666,0.9730144012733298,10,4200,FM-Full_A-None_AdaBN-F
Huebner2018,ShallowConvNet,1,11,0.8250105500070334,0.6703261201448384,0.832601951296096,0.9134899423266282,0.8699590062574606,0.9516003149282852,10,4200,FM-Full_A-None_AdaBN-F
Huebner2018,ShallowConvNet,2,3,0.857422969187675,0.8964743589743589,0.956954719387755,0.9778711484593836,0.9658539377289376,0.9942172373757197,10,4200,FM-Full_A-None_AdaBN-F
Huebner2018,ShallowConvNet,2,6,0.8188375350140056,0.7203182234432235,0.8722352362419327,0.9710084033613444,0.9558035714285716,0.9930310537676608,10,4200,FM-Full_A-None_AdaBN-F
Huebner2018,ShallowConvNet,2,9,0.8020169479655438,0.6434955560207415,0.7863150297210193,0.9409622522585616,0.9107128138369552,0.9747363976729074,10,4200,FM-Full_A-None_AdaBN-F
Huebner2018,ShallowConvNet,3,2,0.955952380952381,0.951522435897436,0.9882809229461016,0.982002801120448,0.9740155677655676,0.9951114981248912,10,4200,FM-Full_A-None_AdaBN-F
Huebner2018,ShallowConvNet,3,12,0.8271008403361344,0.7915521978021978,0.8715988983734518,0.928501400560224,0.891643772893773,0.9649709194575266,10,4200,FM-Full_A-None_AdaBN-F
Huebner2018,ShallowConvNet,4,5,0.8463640184951661,0.712799500641378,0.888190517640078,0.9265097379851478,0.8880844393832299,0.9638968924797332,10,4200,FM-Full_A-None_AdaBN-F
Huebner2018,ShallowConvNet,4,8,0.8030112044817928,0.6003548534798535,0.8555274289202859,0.9212885154061624,0.8800251831501832,0.9622951552415838,10,4200,FM-Full_A-None_AdaBN-F
Huebner2018,ShallowConvNet,5,4,0.9258403361344538,0.8723901098901099,0.964581098465027,0.9551120448179272,0.9326350732600732,0.9834393805599162,10,4200,FM-Full_A-None_AdaBN-F
Huebner2018,ShallowConvNet,5,7,0.8446343513589241,0.6810650377776615,0.9277859116805388,0.933034463435136,0.8969830763928877,0.9702451022090772,10,4200,FM-Full_A-None_AdaBN-F
MAMEM2,DeepConvNet,1,2,0.184,0.176,0.4730686716791979,0.296,0.288,0.5340982456140351,8,75,FM-Full_A-None_AdaBN-F
MAMEM2,DeepConvNet,1,9,0.232,0.2246666666666666,0.5121391478696742,0.192,0.182,0.4782811027568922,8,75,FM-Full_A-None_AdaBN-F
MAMEM2,DeepConvNet,2,1,0.296,0.26,0.5608978446115287,0.2,0.194,0.5232880200501253,8,75,FM-Full_A-None_AdaBN-F
MAMEM2,DeepConvNet,2,6,0.216,0.1919999999999999,0.5004868170426066,0.2,0.208,0.5063228070175438,8,75,FM-Full_A-None_AdaBN-F
MAMEM2,DeepConvNet,3,3,0.2,0.168,0.5064489223057644,0.16,0.1493333333333333,0.4705998997493735,8,75,FM-Full_A-None_AdaBN-F
MAMEM2,DeepConvNet,3,8,0.224,0.1906666666666666,0.4784962406015037,0.184,0.1813333333333333,0.4839498746867168,8,75,FM-Full_A-None_AdaBN-F
MAMEM2,DeepConvNet,4,5,0.216,0.1866666666666666,0.5186035087719298,0.216,0.2333333333333333,0.4993972932330827,8,75,FM-Full_A-None_AdaBN-F
MAMEM2,DeepConvNet,4,10,0.24,0.2206666666666667,0.4766608521303258,0.224,0.218,0.4753271177944862,8,75,FM-Full_A-None_AdaBN-F
MAMEM2,DeepConvNet,5,4,0.192,0.1826666666666666,0.4730881203007518,0.152,0.152,0.4712214536340853,8,75,FM-Full_A-None_AdaBN-F
MAMEM2,DeepConvNet,5,7,0.192,0.1773333333333333,0.5091755388471177,0.184,0.1726666666666667,0.5042422055137845,8,75,FM-Full_A-None_AdaBN-F
Lee2019_MI,ShallowConvNet,1,4,0.585,0.585,0.6606,0.625,0.625,0.7048,50,60,FM-Full_A-None_AdaBN-F
Lee2019_MI,ShallowConvNet,1,6,0.76,0.76,0.8573999999999999,0.81,0.81,0.9027,50,60,FM-Full_A-None_AdaBN-F
Lee2019_MI,ShallowConvNet,1,13,0.605,0.605,0.6909,0.625,0.625,0.6990000000000001,50,60,FM-Full_A-None_AdaBN-F
Lee2019_MI,ShallowConvNet,1,14,0.66,0.6599999999999999,0.695,0.67,0.6699999999999999,0.7152000000000001,50,60,FM-Full_A-None_AdaBN-F
Lee2019_MI,ShallowConvNet,1,18,0.69,0.6900000000000001,0.8592,0.8,0.8,0.8920000000000001,50,60,FM-Full_A-None_AdaBN-F
Lee2019_MI,ShallowConvNet,1,20,0.715,0.715,0.762,0.73,0.73,0.8279,50,60,FM-Full_A-None_AdaBN-F
Lee2019_MI,ShallowConvNet,1,33,0.87,0.87,0.9316,0.895,0.895,0.9598,50,60,FM-Full_A-None_AdaBN-F
Lee2019_MI,ShallowConvNet,1,45,0.675,0.675,0.7742,0.69,0.69,0.7922,50,60,FM-Full_A-None_AdaBN-F
Lee2019_MI,ShallowConvNet,1,49,0.62,0.62,0.7813999999999999,0.775,0.775,0.866,50,60,FM-Full_A-None_AdaBN-F
Lee2019_MI,ShallowConvNet,1,50,0.51,0.51,0.54535,0.52,0.52,0.57885,50,60,FM-Full_A-None_AdaBN-F
Lee2019_MI,ShallowConvNet,1,53,0.68,0.6799999999999999,0.7264,0.67,0.67,0.7264999999999999,50,60,FM-Full_A-None_AdaBN-F
Lee2019_MI,ShallowConvNet,2,5,0.69,0.69,0.8511499999999999,0.78,0.78,0.8801999999999999,50,60,FM-Full_A-None_AdaBN-F
Lee2019_MI,ShallowConvNet,2,7,0.65,0.65,0.6860999999999999,0.685,0.685,0.7359,50,60,FM-Full_A-None_AdaBN-F
Lee2019_MI,ShallowConvNet,2,9,0.75,0.75,0.8244,0.76,0.76,0.8229000000000001,50,60,FM-Full_A-None_AdaBN-F
Lee2019_MI,ShallowConvNet,2,16,0.71,0.71,0.8476,0.785,0.7849999999999999,0.86885,50,60,FM-Full_A-None_AdaBN-F
Lee2019_MI,ShallowConvNet,2,25,0.785,0.7849999999999999,0.8605999999999999,0.78,0.78,0.889,50,60,FM-Full_A-None_AdaBN-F
Lee2019_MI,ShallowConvNet,2,27,0.695,0.6950000000000001,0.7757,0.75,0.75,0.8356,50,60,FM-Full_A-None_AdaBN-F
Lee2019_MI,ShallowConvNet,2,34,0.58,0.58,0.6398,0.635,0.635,0.6457999999999999,50,60,FM-Full_A-None_AdaBN-F
Lee2019_MI,ShallowConvNet,2,35,0.675,0.675,0.7547,0.845,0.845,0.926,50,60,FM-Full_A-None_AdaBN-F
Lee2019_MI,ShallowConvNet,2,38,0.54,0.54,0.6205999999999999,0.55,0.55,0.6079,50,60,FM-Full_A-None_AdaBN-F
Lee2019_MI,ShallowConvNet,2,46,0.685,0.685,0.7452,0.675,0.675,0.7253,50,60,FM-Full_A-None_AdaBN-F
Lee2019_MI,ShallowConvNet,2,51,0.575,0.575,0.6664,0.6,0.6,0.6648000000000001,50,60,FM-Full_A-None_AdaBN-F
Lee2019_MI,ShallowConvNet,3,1,0.64,0.64,0.7295,0.625,0.625,0.6686,50,60,FM-Full_A-None_AdaBN-F
Lee2019_MI,ShallowConvNet,3,10,0.56,0.56,0.6905,0.7,0.7,0.7598999999999999,50,60,FM-Full_A-None_AdaBN-F
Lee2019_MI,ShallowConvNet,3,12,0.695,0.6950000000000001,0.7741,0.705,0.705,0.7828,50,60,FM-Full_A-None_AdaBN-F
Lee2019_MI,ShallowConvNet,3,17,0.535,0.535,0.6425000000000001,0.625,0.625,0.645,50,60,FM-Full_A-None_AdaBN-F
Lee2019_MI,ShallowConvNet,3,26,0.78,0.78,0.8612,0.78,0.78,0.8621,50,60,FM-Full_A-None_AdaBN-F
Lee2019_MI,ShallowConvNet,3,28,0.785,0.7849999999999999,0.9162,0.86,0.86,0.9504,50,60,FM-Full_A-None_AdaBN-F
Lee2019_MI,ShallowConvNet,3,31,0.67,0.6699999999999999,0.7731000000000001,0.7,0.7,0.77665,50,60,FM-Full_A-None_AdaBN-F
Lee2019_MI,ShallowConvNet,3,32,0.755,0.755,0.8667999999999999,0.86,0.86,0.9196,50,60,FM-Full_A-None_AdaBN-F
Lee2019_MI,ShallowConvNet,3,37,0.835,0.835,0.9382,0.895,0.895,0.9572,50,60,FM-Full_A-None_AdaBN-F
Lee2019_MI,ShallowConvNet,3,41,0.61,0.6100000000000001,0.6654,0.625,0.625,0.6638,50,60,FM-Full_A-None_AdaBN-F
Lee2019_MI,ShallowConvNet,3,48,0.655,0.655,0.7051999999999999,0.68,0.6799999999999999,0.713,50,60,FM-Full_A-None_AdaBN-F
Lee2019_MI,ShallowConvNet,4,2,0.68,0.6799999999999999,0.8019,0.74,0.74,0.8142999999999999,50,60,FM-Full_A-None_AdaBN-F
Lee2019_MI,ShallowConvNet,4,3,0.69,0.69,0.7575999999999999,0.795,0.7949999999999999,0.8778,50,60,FM-Full_A-None_AdaBN-F
Lee2019_MI,ShallowConvNet,4,11,0.61,0.61,0.6569999999999999,0.62,0.62,0.6578,50,60,FM-Full_A-None_AdaBN-F
Lee2019_MI,ShallowConvNet,4,22,0.655,0.655,0.7238,0.64,0.6399999999999999,0.7199,50,60,FM-Full_A-None_AdaBN-F
Lee2019_MI,ShallowConvNet,4,24,0.605,0.605,0.6722,0.635,0.635,0.6636,50,60,FM-Full_A-None_AdaBN-F
Lee2019_MI,ShallowConvNet,4,30,0.6,0.6000000000000001,0.6445000000000001,0.66,0.66,0.7414,50,60,FM-Full_A-None_AdaBN-F
Lee2019_MI,ShallowConvNet,4,36,0.905,0.905,0.9895,0.935,0.935,0.9882,50,60,FM-Full_A-None_AdaBN-F
Lee2019_MI,ShallowConvNet,4,40,0.66,0.66,0.7102,0.69,0.69,0.7738999999999999,50,60,FM-Full_A-None_AdaBN-F
Lee2019_MI,ShallowConvNet,4,42,0.66,0.66,0.7264999999999999,0.66,0.66,0.7273999999999999,50,60,FM-Full_A-None_AdaBN-F
Lee2019_MI,ShallowConvNet,4,44,0.625,0.625,0.8025,0.725,0.725,0.8219000000000001,50,60,FM-Full_A-None_AdaBN-F
Lee2019_MI,ShallowConvNet,4,47,0.685,0.6849999999999999,0.8267,0.79,0.79,0.87075,50,60,FM-Full_A-None_AdaBN-F
Lee2019_MI,ShallowConvNet,5,8,0.65,0.6499999999999999,0.7166,0.675,0.675,0.76,50,60,FM-Full_A-None_AdaBN-F
Lee2019_MI,ShallowConvNet,5,15,0.675,0.675,0.7607,0.755,0.755,0.8331,50,60,FM-Full_A-None_AdaBN-F
Lee2019_MI,ShallowConvNet,5,19,0.755,0.755,0.8375000000000001,0.78,0.78,0.8441,50,60,FM-Full_A-None_AdaBN-F
Lee2019_MI,ShallowConvNet,5,21,0.795,0.7949999999999999,0.982,0.94,0.94,0.9858,50,60,FM-Full_A-None_AdaBN-F
Lee2019_MI,ShallowConvNet,5,23,0.745,0.745,0.7964,0.715,0.715,0.7871,50,60,FM-Full_A-None_AdaBN-F
Lee2019_MI,ShallowConvNet,5,29,0.745,0.745,0.8562,0.84,0.8400000000000001,0.9238,50,60,FM-Full_A-None_AdaBN-F
Lee2019_MI,ShallowConvNet,5,39,0.72,0.72,0.8115000000000001,0.735,0.735,0.831,50,60,FM-Full_A-None_AdaBN-F
Lee2019_MI,ShallowConvNet,5,43,0.68,0.6799999999999999,0.808,0.75,0.75,0.8547,50,60,FM-Full_A-None_AdaBN-F
Lee2019_MI,ShallowConvNet,5,52,0.685,0.685,0.7571000000000001,0.68,0.6799999999999999,0.7414000000000001,50,60,FM-Full_A-None_AdaBN-F
Lee2019_MI,ShallowConvNet,5,54,0.635,0.635,0.6887,0.675,0.675,0.736,50,60,FM-Full_A-None_AdaBN-F
MAMEM2,EEGNetv4,1,2,0.216,0.208,0.5203981954887217,0.264,0.2533333333333333,0.5215015538847118,6,100,FM-Full_A-None_AdaBN-F
MAMEM2,EEGNetv4,1,9,0.144,0.142,0.4333988972431077,0.176,0.1673333333333333,0.4472370927318295,6,100,FM-Full_A-None_AdaBN-F
MAMEM2,EEGNetv4,2,1,0.208,0.198,0.4721207017543859,0.208,0.1993333333333333,0.4990081203007519,6,100,FM-Full_A-None_AdaBN-F
MAMEM2,EEGNetv4,2,6,0.152,0.1426666666666666,0.4613722305764411,0.224,0.2133333333333333,0.5166889223057645,6,100,FM-Full_A-None_AdaBN-F
MAMEM2,EEGNetv4,3,3,0.24,0.2293333333333333,0.4800575438596491,0.256,0.2386666666666666,0.5212372932330827,6,100,FM-Full_A-None_AdaBN-F
MAMEM2,EEGNetv4,3,8,0.224,0.212,0.505103558897243,0.24,0.224,0.5075691228070175,6,100,FM-Full_A-None_AdaBN-F
MAMEM2,EEGNetv4,4,5,0.192,0.1866666666666666,0.4585273182957393,0.184,0.1786666666666667,0.4850935338345866,6,100,FM-Full_A-None_AdaBN-F
MAMEM2,EEGNetv4,4,10,0.248,0.242,0.4886091228070174,0.232,0.2226666666666666,0.5223645112781955,6,100,FM-Full_A-None_AdaBN-F
MAMEM2,EEGNetv4,5,4,0.248,0.2326666666666666,0.4968210526315789,0.256,0.2306666666666666,0.4932018045112781,6,100,FM-Full_A-None_AdaBN-F
MAMEM2,EEGNetv4,5,7,0.288,0.288,0.5558412030075188,0.24,0.2319999999999999,0.550407619047619,6,100,FM-Full_A-None_AdaBN-F
Yang2025,ATCNet,1,4,0.5,0.5,0.5489111111111111,0.52,0.52,0.528,30,300,FM-Full_A-None_AdaBN-F
Yang2025,ATCNet,1,13,0.5516666666666666,0.5516666666666666,0.7792888888888889,0.7083333333333334,0.7083333333333333,0.7985555555555555,30,300,FM-Full_A-None_AdaBN-F
Yang2025,ATCNet,1,14,0.5216666666666666,0.5216666666666667,0.5823222222222222,0.5566666666666666,0.5566666666666666,0.5827333333333333,30,300,FM-Full_A-None_AdaBN-F
Yang2025,ATCNet,1,18,0.52,0.52,0.6709333333333334,0.6466666666666666,0.6466666666666667,0.712188888888889,30,300,FM-Full_A-None_AdaBN-F
Yang2025,ATCNet,1,25,0.5466666666666666,0.5466666666666666,0.8348444444444444,0.83,0.8300000000000001,0.9263888888888888,30,300,FM-Full_A-None_AdaBN-F
Yang2025,ATCNet,1,31,0.625,0.625,0.7589444444444444,0.7683333333333333,0.7683333333333333,0.8666333333333334,30,300,FM-Full_A-None_AdaBN-F
Yang2025,ATCNet,1,32,0.5158597662771286,0.5166499442586399,0.7007023411371237,0.7212020033388982,0.721304347826087,0.8074247491638796,30,300,FM-Full_A-None_AdaBN-F
Yang2025,ATCNet,1,33,0.5383333333333333,0.5383333333333333,0.9113666666666668,0.9116666666666666,0.9116666666666666,0.9787222222222224,30,300,FM-Full_A-None_AdaBN-F
Yang2025,ATCNet,1,41,0.5883333333333334,0.5883333333333333,0.8945333333333334,0.8866666666666667,0.8866666666666667,0.9662666666666666,30,300,FM-Full_A-None_AdaBN-F
Yang2025,ATCNet,1,44,0.5266666666666666,0.5266666666666667,0.6506111111111113,0.63,0.63,0.6931666666666667,30,300,FM-Full_A-None_AdaBN-F
Yang2025,ATCNet,1,47,0.6433333333333333,0.6433333333333333,0.7877111111111113,0.785,0.7849999999999999,0.8708111111111112,30,300,FM-Full_A-None_AdaBN-F
Yang2025,ATCNet,2,5,0.6066666666666667,0.6066666666666667,0.695788888888889,0.835,0.835,0.9179555555555556,30,300,FM-Full_A-None_AdaBN-F
Yang2025,ATCNet,2,7,0.5383333333333333,0.5383333333333333,0.6291777777777778,0.6783333333333333,0.6783333333333333,0.7412777777777779,30,300,FM-Full_A-None_AdaBN-F
Yang2025,ATCNet,2,9,0.535,0.535,0.6695333333333334,0.6833333333333333,0.6833333333333333,0.7451666666666666,30,300,FM-Full_A-None_AdaBN-F
Yang2025,ATCNet,2,16,0.58,0.5800000000000001,0.6933555555555556,0.67,0.6699999999999999,0.7403333333333333,30,300,FM-Full_A-None_AdaBN-F
Yang2025,ATCNet,2,20,0.5516666666666666,0.5516666666666667,0.5907444444444444,0.7,0.7,0.7584222222222222,30,300,FM-Full_A-None_AdaBN-F
Yang2025,ATCNet,2,34,0.3833333333333333,0.3833333333333333,0.2829777777777778,0.8533333333333334,0.8533333333333333,0.9399444444444444,30,300,FM-Full_A-None_AdaBN-F
Yang2025,ATCNet,2,37,0.7333333333333333,0.7333333333333334,0.8805333333333332,0.83,0.8300000000000001,0.9043777777777776,30,300,FM-Full_A-None_AdaBN-F
Yang2025,ATCNet,2,48,0.6983333333333334,0.6983333333333334,0.8326333333333333,0.8116666666666666,0.8116666666666666,0.8821777777777777,30,300,FM-Full_A-None_AdaBN-F
Yang2025,ATCNet,2,49,0.785,0.785,0.9182,0.8933333333333333,0.8933333333333333,0.9579666666666666,30,300,FM-Full_A-None_AdaBN-F
Yang2025,ATCNet,2,50,0.6366666666666667,0.6366666666666667,0.8730555555555556,0.8666666666666667,0.8666666666666667,0.9477222222222222,30,300,FM-Full_A-None_AdaBN-F
Yang2025,ATCNet,3,1,0.78,0.78,0.8467888888888889,0.865,0.865,0.9420444444444444,30,300,FM-Full_A-None_AdaBN-F
Yang2025,ATCNet,3,10,0.7883333333333333,0.7883333333333333,0.8538666666666666,0.82,0.8200000000000001,0.9004666666666667,30,300,FM-Full_A-None_AdaBN-F
Yang2025,ATCNet,3,12,0.5366666666666666,0.5366666666666666,0.5540333333333334,0.5416666666666666,0.5416666666666667,0.5453777777777777,30,300,FM-Full_A-None_AdaBN-F
Yang2025,ATCNet,3,17,0.6316666666666667,0.6316666666666666,0.7280888888888888,0.6983333333333334,0.6983333333333333,0.763688888888889,30,300,FM-Full_A-None_AdaBN-F
Yang2025,ATCNet,3,26,0.7128547579298832,0.7130824972129319,0.7817725752508362,0.8547579298831386,0.8547826086956521,0.9363433667781492,30,300,FM-Full_A-None_AdaBN-F
Yang2025,ATCNet,3,27,0.5933333333333334,0.5933333333333333,0.6562888888888889,0.7683333333333333,0.7683333333333333,0.8585,30,300,FM-Full_A-None_AdaBN-F
Yang2025,ATCNet,3,28,0.75,0.75,0.8866,0.8666666666666667,0.8666666666666667,0.9520555555555554,30,300,FM-Full_A-None_AdaBN-F
Yang2025,ATCNet,3,35,0.68,0.6799999999999999,0.7605111111111111,0.8083333333333333,0.8083333333333333,0.8900444444444445,30,300,FM-Full_A-None_AdaBN-F
Yang2025,ATCNet,3,45,0.7233333333333334,0.7233333333333334,0.7871,0.7616666666666667,0.7616666666666667,0.8348333333333333,30,300,FM-Full_A-None_AdaBN-F
Yang2025,ATCNet,3,46,0.8583333333333333,0.8583333333333334,0.943177777777778,0.9183333333333332,0.9183333333333332,0.9726111111111112,30,300,FM-Full_A-None_AdaBN-F
Yang2025,ATCNet,4,2,0.5283333333333333,0.5283333333333333,0.6026111111111111,0.6083333333333333,0.6083333333333334,0.6657666666666667,30,300,FM-Full_A-None_AdaBN-F
Yang2025,ATCNet,4,3,0.8983333333333333,0.8983333333333333,0.9568222222222222,0.9166666666666666,0.9166666666666669,0.9686,30,300,FM-Full_A-None_AdaBN-F
Yang2025,ATCNet,4,6,0.92,0.92,0.9735444444444444,0.9516666666666668,0.9516666666666668,0.9919555555555556,30,300,FM-Full_A-None_AdaBN-F
Yang2025,ATCNet,4,22,0.6883333333333334,0.6883333333333334,0.7461,0.78,0.78,0.8512888888888889,30,300,FM-Full_A-None_AdaBN-F
Yang2025,ATCNet,4,24,0.8888888888888888,0.8890236713223291,0.9661935425358243,0.9511784511784512,0.9511155450752766,0.989728822782514,30,300,FM-Full_A-None_AdaBN-F
Yang2025,ATCNet,4,30,0.8033333333333333,0.8033333333333333,0.8989333333333334,0.72,0.72,0.7384666666666667,30,300,FM-Full_A-None_AdaBN-F
Yang2025,ATCNet,4,36,0.78,0.78,0.8982000000000001,0.8433333333333334,0.8433333333333333,0.9280111111111112,30,300,FM-Full_A-None_AdaBN-F
Yang2025,ATCNet,4,38,0.52,0.52,0.5407222222222222,0.555,0.555,0.5946666666666667,30,300,FM-Full_A-None_AdaBN-F
Yang2025,ATCNet,4,40,0.7133333333333334,0.7133333333333334,0.8141,0.805,0.8049999999999999,0.8771777777777778,30,300,FM-Full_A-None_AdaBN-F
Yang2025,ATCNet,4,42,0.7116666666666667,0.7116666666666667,0.8124777777777777,0.7133333333333334,0.7133333333333334,0.775811111111111,30,300,FM-Full_A-None_AdaBN-F
Yang2025,ATCNet,5,8,0.7516666666666667,0.7516666666666667,0.8277555555555556,0.7933333333333333,0.7933333333333333,0.8802777777777778,30,300,FM-Full_A-None_AdaBN-F
Yang2025,ATCNet,5,11,0.7016666666666667,0.7016666666666667,0.8411333333333334,0.825,0.825,0.9060111111111112,30,300,FM-Full_A-None_AdaBN-F
Yang2025,ATCNet,5,15,0.6933333333333334,0.6933333333333334,0.7906888888888889,0.71,0.71,0.7679777777777779,30,300,FM-Full_A-None_AdaBN-F
Yang2025,ATCNet,5,19,0.68,0.68,0.8757777777777779,0.855,0.855,0.9330444444444445,30,300,FM-Full_A-None_AdaBN-F
Yang2025,ATCNet,5,21,0.68,0.6799999999999999,0.7931,0.785,0.7849999999999999,0.8646777777777778,30,300,FM-Full_A-None_AdaBN-F
Yang2025,ATCNet,5,23,0.7412353923205343,0.7415440356744705,0.8748829431438129,0.8898163606010017,0.8898773690078039,0.9563991081382386,30,300,FM-Full_A-None_AdaBN-F
Yang2025,ATCNet,5,29,0.85,0.85,0.942711111111111,0.9383333333333334,0.9383333333333334,0.9894888888888888,30,300,FM-Full_A-None_AdaBN-F
Yang2025,ATCNet,5,39,0.6666666666666666,0.6666666666666667,0.8183111111111112,0.7833333333333333,0.7833333333333333,0.8775444444444443,30,300,FM-Full_A-None_AdaBN-F
Yang2025,ATCNet,5,43,0.5916666666666667,0.5916666666666667,0.8924555555555558,0.88,0.88,0.9503222222222224,30,300,FM-Full_A-None_AdaBN-F
Yang2025,ATCNet,5,51,0.6683333333333333,0.6683333333333333,0.7964444444444445,0.815,0.815,0.8981555555555556,30,300,FM-Full_A-None_AdaBN-F
Huebner2018,DeepConvNet,1,1,0.9440437005392536,0.9050013165125012,0.9789087065360076,0.9796904545136214,0.9685892655441148,0.9946069324331986,3,14000,FM-Full_A-None_AdaBN-F
Huebner2018,DeepConvNet,1,10,0.8346638655462185,0.706043956043956,0.853531514368568,0.9373249299719888,0.9082303113553114,0.9729736966902144,3,14000,FM-Full_A-None_AdaBN-F
Huebner2018,DeepConvNet,1,11,0.8430862287241525,0.7390646349475538,0.8545116556322164,0.9291742861161908,0.8951165219533528,0.963830112494616,3,14000,FM-Full_A-None_AdaBN-F
Huebner2018,DeepConvNet,2,3,0.9633053221288516,0.9444826007326008,0.9888143478545264,0.9823529411764704,0.971462912087912,0.9956500332504796,3,14000,FM-Full_A-None_AdaBN-F
Huebner2018,DeepConvNet,2,6,0.8074929971988796,0.6007097069597069,0.8634386174341531,0.9831932773109244,0.9725274725274724,0.9969636588609804,3,14000,FM-Full_A-None_AdaBN-F
Huebner2018,DeepConvNet,2,9,0.7805168429161706,0.5520711358313817,0.7663747034439748,0.9525877162266264,0.9286160210031444,0.9821541142787364,3,14000,FM-Full_A-None_AdaBN-F
Huebner2018,DeepConvNet,3,2,0.963095238095238,0.9529990842490844,0.9894520757020758,0.9856442577030812,0.97639652014652,0.9971303200767486,3,14000,FM-Full_A-None_AdaBN-F
Huebner2018,DeepConvNet,3,12,0.842296918767507,0.7896405677655678,0.8812172537284144,0.9410364145658264,0.908184523809524,0.9739048736481772,3,14000,FM-Full_A-None_AdaBN-F
Huebner2018,DeepConvNet,4,5,0.7868852459016393,0.5545312050053666,0.8629358071110065,0.9330951380131708,0.8934208029005994,0.9700787596970252,3,14000,FM-Full_A-None_AdaBN-F
Huebner2018,DeepConvNet,4,8,0.7760504201680672,0.5274038461538462,0.8102191533664749,0.9322128851540616,0.8969551282051282,0.9698237588304552,3,14000,FM-Full_A-None_AdaBN-F
Huebner2018,DeepConvNet,5,4,0.9185574229691876,0.8386790293040294,0.9700492488662132,0.9646358543417368,0.9431891025641026,0.9877301369265654,3,14000,FM-Full_A-None_AdaBN-F
Huebner2018,DeepConvNet,5,7,0.8421826842252732,0.6727665484478877,0.9193028145666474,0.9439618940879798,0.9142230605140552,0.9771669807534592,3,14000,FM-Full_A-None_AdaBN-F
BNCI2014_001,EEGNetv4,1,2,0.3802083333333333,0.3802083333333333,0.6763157471707819,0.5833333333333334,0.5833333333333334,0.8192756558641975,5,300,FM-Full_A-None_AdaBN-F
BNCI2014_001,EEGNetv4,1,8,0.578125,0.578125,0.8604038065843622,0.7465277777777778,0.7465277777777778,0.9199901941872428,5,300,FM-Full_A-None_AdaBN-F
BNCI2014_001,EEGNetv4,2,1,0.53125,0.53125,0.8042012281378601,0.7482638888888888,0.7482638888888888,0.9320907278806584,5,300,FM-Full_A-None_AdaBN-F
BNCI2014_001,EEGNetv4,2,6,0.390625,0.390625,0.7249791023662552,0.578125,0.578125,0.8109206211419754,5,300,FM-Full_A-None_AdaBN-F
BNCI2014_001,EEGNetv4,3,3,0.6145833333333334,0.6145833333333334,0.8910992155349794,0.7777777777777778,0.7777777777777778,0.9521403999485596,5,300,FM-Full_A-None_AdaBN-F
BNCI2014_001,EEGNetv4,3,9,0.4861111111111111,0.4861111111111111,0.8228644225823046,0.7916666666666666,0.7916666666666666,0.942017103909465,5,300,FM-Full_A-None_AdaBN-F
BNCI2014_001,EEGNetv4,4,4,0.4270833333333333,0.4270833333333333,0.7462946887860082,0.6423611111111112,0.6423611111111112,0.8583140432098766,5,300,FM-Full_A-None_AdaBN-F
BNCI2014_001,EEGNetv4,4,5,0.375,0.375,0.7024418081275721,0.5486111111111112,0.5486111111111112,0.8031523276748971,5,300,FM-Full_A-None_AdaBN-F
BNCI2014_001,EEGNetv4,5,7,0.4774305555555556,0.4774305555555556,0.7592672968106995,0.7361111111111112,0.736111111111111,0.918169688786008,5,300,FM-Full_A-None_AdaBN-F
Lee2019_SSVEP,ShallowConvNet,1,4,0.985,0.985,0.9999333333333332,0.99,0.99,0.9999,20,200,FM-Full_A-None_AdaBN-F
Lee2019_SSVEP,ShallowConvNet,1,6,0.955,0.955,0.9968666666666668,0.99,0.99,0.9999,20,200,FM-Full_A-None_AdaBN-F
Lee2019_SSVEP,ShallowConvNet,1,13,0.845,0.845,0.9772,0.935,0.935,0.9917,20,200,FM-Full_A-None_AdaBN-F
Lee2019_SSVEP,ShallowConvNet,1,14,0.895,0.895,0.9770333333333332,0.93,0.93,0.9770666666666666,20,200,FM-Full_A-None_AdaBN-F
Lee2019_SSVEP,ShallowConvNet,1,18,0.985,0.985,0.9998333333333334,0.995,0.995,1.0,20,200,FM-Full_A-None_AdaBN-F
Lee2019_SSVEP,ShallowConvNet,1,20,0.905,0.905,0.9810666666666668,0.915,0.915,0.9869666666666668,20,200,FM-Full_A-None_AdaBN-F
Lee2019_SSVEP,ShallowConvNet,1,33,0.945,0.945,0.9962,0.965,0.965,0.9990666666666668,20,200,FM-Full_A-None_AdaBN-F
Lee2019_SSVEP,ShallowConvNet,1,45,0.905,0.905,0.9885666666666666,0.93,0.93,0.9957666666666668,20,200,FM-Full_A-None_AdaBN-F
Lee2019_SSVEP,ShallowConvNet,1,49,0.96,0.96,0.9980666666666668,0.97,0.97,0.9994,20,200,FM-Full_A-None_AdaBN-F
Lee2019_SSVEP,ShallowConvNet,1,50,0.93,0.93,0.9866666666666668,0.95,0.95,0.9956,20,200,FM-Full_A-None_AdaBN-F
Lee2019_SSVEP,ShallowConvNet,1,53,0.99,0.99,0.9997333333333334,0.98,0.98,0.9997,20,200,FM-Full_A-None_AdaBN-F
Lee2019_SSVEP,ShallowConvNet,2,5,0.7,0.7,0.9014666666666667,0.76,0.76,0.9339,20,200,FM-Full_A-None_AdaBN-F
Lee2019_SSVEP,ShallowConvNet,2,7,0.98,0.98,0.9996666666666668,0.99,0.99,0.9995333333333334,20,200,FM-Full_A-None_AdaBN-F
Lee2019_SSVEP,ShallowConvNet,2,9,0.75,0.75,0.9798333333333332,0.92,0.92,0.9914333333333332,20,200,FM-Full_A-None_AdaBN-F
Lee2019_SSVEP,ShallowConvNet,2,16,0.97,0.97,0.9992666666666667,0.98,0.98,0.9995,20,200,FM-Full_A-None_AdaBN-F
Lee2019_SSVEP,ShallowConvNet,2,25,0.865,0.865,0.9653666666666668,0.905,0.905,0.9876333333333334,20,200,FM-Full_A-None_AdaBN-F
Lee2019_SSVEP,ShallowConvNet,2,27,0.98,0.98,0.9995666666666668,0.985,0.985,0.9999,20,200,FM-Full_A-None_AdaBN-F
Lee2019_SSVEP,ShallowConvNet,2,34,0.665,0.665,0.8776333333333333,0.73,0.73,0.9202666666666668,20,200,FM-Full_A-None_AdaBN-F
Lee2019_SSVEP,ShallowConvNet,2,35,0.545,0.545,0.8651666666666668,0.845,0.845,0.9735,20,200,FM-Full_A-None_AdaBN-F
Lee2019_SSVEP,ShallowConvNet,2,38,0.845,0.845,0.9946333333333334,0.965,0.965,0.9993333333333332,20,200,FM-Full_A-None_AdaBN-F
Lee2019_SSVEP,ShallowConvNet,2,46,0.92,0.92,0.9973333333333332,0.965,0.965,0.9978,20,200,FM-Full_A-None_AdaBN-F
Lee2019_SSVEP,ShallowConvNet,2,51,0.73,0.73,0.9044,0.77,0.77,0.9203666666666668,20,200,FM-Full_A-None_AdaBN-F
Lee2019_SSVEP,ShallowConvNet,3,1,0.915,0.915,0.9962333333333332,0.935,0.935,0.9950666666666668,20,200,FM-Full_A-None_AdaBN-F
Lee2019_SSVEP,ShallowConvNet,3,10,0.84,0.84,0.9838333333333332,0.935,0.935,0.9962,20,200,FM-Full_A-None_AdaBN-F
Lee2019_SSVEP,ShallowConvNet,3,12,0.955,0.955,0.996,0.95,0.95,0.9938333333333332,20,200,FM-Full_A-None_AdaBN-F
Lee2019_SSVEP,ShallowConvNet,3,17,0.845,0.845,0.9902166666666667,0.97,0.97,0.9971,20,200,FM-Full_A-None_AdaBN-F
Lee2019_SSVEP,ShallowConvNet,3,26,0.965,0.965,0.9986666666666668,0.98,0.98,0.9998,20,200,FM-Full_A-None_AdaBN-F
Lee2019_SSVEP,ShallowConvNet,3,28,0.95,0.95,0.9968666666666668,0.95,0.95,0.9950666666666668,20,200,FM-Full_A-None_AdaBN-F
Lee2019_SSVEP,ShallowConvNet,3,31,0.985,0.985,1.0,0.995,0.995,1.0,20,200,FM-Full_A-None_AdaBN-F
Lee2019_SSVEP,ShallowConvNet,3,32,0.33,0.33,0.6721833333333334,0.7,0.7,0.8711666666666666,20,200,FM-Full_A-None_AdaBN-F
Lee2019_SSVEP,ShallowConvNet,3,37,0.975,0.975,0.9971333333333332,0.985,0.985,0.9977333333333334,20,200,FM-Full_A-None_AdaBN-F
Lee2019_SSVEP,ShallowConvNet,3,41,0.9,0.9,0.9984,0.975,0.975,0.9992333333333334,20,200,FM-Full_A-None_AdaBN-F
Lee2019_SSVEP,ShallowConvNet,3,48,0.935,0.935,0.9998666666666668,0.98,0.98,0.9997333333333334,20,200,FM-Full_A-None_AdaBN-F
Lee2019_SSVEP,ShallowConvNet,4,2,0.97,0.97,0.9995666666666668,0.975,0.975,0.9992666666666666,20,200,FM-Full_A-None_AdaBN-F
Lee2019_SSVEP,ShallowConvNet,4,3,0.845,0.845,0.9800666666666666,0.915,0.915,0.9893666666666666,20,200,FM-Full_A-None_AdaBN-F
Lee2019_SSVEP,ShallowConvNet,4,11,1.0,1.0,1.0,1.0,1.0,1.0,20,200,FM-Full_A-None_AdaBN-F
Lee2019_SSVEP,ShallowConvNet,4,22,0.7,0.7,0.9076333333333332,0.85,0.85,0.9697333333333332,20,200,FM-Full_A-None_AdaBN-F
Lee2019_SSVEP,ShallowConvNet,4,24,0.775,0.775,0.9388,0.885,0.8849999999999999,0.9767333333333332,20,200,FM-Full_A-None_AdaBN-F
Lee2019_SSVEP,ShallowConvNet,4,30,0.935,0.935,0.9896666666666668,0.965,0.965,0.9918666666666668,20,200,FM-Full_A-None_AdaBN-F
Lee2019_SSVEP,ShallowConvNet,4,36,0.985,0.985,0.9996666666666668,0.995,0.995,1.0,20,200,FM-Full_A-None_AdaBN-F
Lee2019_SSVEP,ShallowConvNet,4,40,0.69,0.6900000000000001,0.9366,0.875,0.875,0.9783333333333332,20,200,FM-Full_A-None_AdaBN-F
Lee2019_SSVEP,ShallowConvNet,4,42,0.77,0.7699999999999999,0.9476666666666668,0.765,0.7649999999999999,0.9462666666666666,20,200,FM-Full_A-None_AdaBN-F
Lee2019_SSVEP,ShallowConvNet,4,44,0.995,0.995,1.0,0.995,0.995,1.0,20,200,FM-Full_A-None_AdaBN-F
Lee2019_SSVEP,ShallowConvNet,4,47,0.61,0.61,0.8560666666666666,0.6,0.6,0.8464999999999999,20,200,FM-Full_A-None_AdaBN-F
Lee2019_SSVEP,ShallowConvNet,5,8,0.815,0.815,0.9861333333333332,0.925,0.925,0.9905333333333332,20,200,FM-Full_A-None_AdaBN-F
Lee2019_SSVEP,ShallowConvNet,5,15,0.805,0.8049999999999999,0.9596333333333332,0.935,0.935,0.9935,20,200,FM-Full_A-None_AdaBN-F
Lee2019_SSVEP,ShallowConvNet,5,19,0.66,0.66,0.8807666666666667,0.83,0.8300000000000001,0.9409333333333334,20,200,FM-Full_A-None_AdaBN-F
Lee2019_SSVEP,ShallowConvNet,5,21,0.91,0.91,0.9961333333333332,0.96,0.96,0.9980666666666668,20,200,FM-Full_A-None_AdaBN-F
Lee2019_SSVEP,ShallowConvNet,5,23,0.345,0.345,0.6615666666666666,0.515,0.515,0.7586666666666666,20,200,FM-Full_A-None_AdaBN-F
Lee2019_SSVEP,ShallowConvNet,5,29,0.825,0.825,0.9612333333333332,0.94,0.94,0.9923666666666666,20,200,FM-Full_A-None_AdaBN-F
Lee2019_SSVEP,ShallowConvNet,5,39,0.935,0.935,0.9980666666666668,0.965,0.965,0.9983,20,200,FM-Full_A-None_AdaBN-F
Lee2019_SSVEP,ShallowConvNet,5,43,0.99,0.99,0.9999666666666668,0.99,0.99,1.0,20,200,FM-Full_A-None_AdaBN-F
Lee2019_SSVEP,ShallowConvNet,5,52,0.89,0.89,0.9834666666666666,0.95,0.95,0.9951,20,200,FM-Full_A-None_AdaBN-F
Lee2019_SSVEP,ShallowConvNet,5,54,0.4,0.4,0.7660666666666667,0.625,0.625,0.8344666666666667,20,200,FM-Full_A-None_AdaBN-F
Huebner2017,ShallowConvNet,1,1,0.948249027237354,0.9157994608839306,0.9820213312160696,0.9714396887159532,0.9576321445533232,0.9922782069382926,12,6250,FM-Full_A-None_AdaBN-F
Huebner2017,ShallowConvNet,1,10,0.958852867830424,0.9411194023806504,0.9882269109591446,0.9803615960099752,0.9708846850592464,0.9965522687451236,12,6250,FM-Full_A-None_AdaBN-F
Huebner2017,ShallowConvNet,1,12,0.8604886399004046,0.7829797517297516,0.9313650139542996,0.9593059446000622,0.9401963776963778,0.9885519022423784,12,6250,FM-Full_A-None_AdaBN-F
Huebner2017,ShallowConvNet,2,3,0.9091050583657588,0.8485412042556353,0.9509759497801428,0.9505058365758756,0.9252872333093176,0.9828724502103804,12,6250,FM-Full_A-None_AdaBN-F
Huebner2017,ShallowConvNet,2,6,0.9258610624635144,0.9434530337704758,0.9919892912640064,0.9806187974314068,0.973231267556656,0.996202282389932,12,6250,FM-Full_A-None_AdaBN-F
Huebner2017,ShallowConvNet,2,9,0.9554933084344848,0.9544159544159544,0.990871747361496,0.976657329598506,0.966765873015873,0.9959737713540624,12,6250,FM-Full_A-None_AdaBN-F
Huebner2017,ShallowConvNet,3,2,0.8779178338001867,0.8803418803418803,0.9487628176864288,0.9519140989729225,0.9298687423687424,0.9836398353263432,12,6250,FM-Full_A-None_AdaBN-F
Huebner2017,ShallowConvNet,3,5,,,,,,,12,6250,FM-Full_A-None_AdaBN-F
Huebner2017,ShallowConvNet,3,13,0.9372033304801184,0.9077743877816382,0.9722242581043588,0.9736207299042876,0.957684055186472,0.9925733879986194,12,6250,FM-Full_A-None_AdaBN-F
Huebner2017,ShallowConvNet,4,8,0.782568093385214,0.5452399866136382,0.8387961610057326,0.9050583657587548,0.8503590450020839,0.9477569935125144,12,6250,FM-Full_A-None_AdaBN-F
Huebner2017,ShallowConvNet,4,11,0.7825511712973773,0.5543661832996353,0.784898955352744,0.8610786831660051,0.7835485647420257,0.8901243697902215,12,6250,FM-Full_A-None_AdaBN-F
Huebner2017,ShallowConvNet,5,4,0.9321400778210116,0.8607418217190759,0.9878819703583086,0.983035019455253,0.9758587114199776,0.9971663694312788,12,6250,FM-Full_A-None_AdaBN-F
Huebner2017,ShallowConvNet,5,7,0.9632741985683162,0.9260785510785512,0.994135102600711,0.9922191098661688,0.9882733007733008,0.9991149019753518,12,6250,FM-Full_A-None_AdaBN-F
Kalunga2016,DeepConvNet,1,1,0.265625,0.265625,0.50390625,0.28125,0.28125,0.5205078125,4,64,FM-Full_A-None_AdaBN-F
Kalunga2016,DeepConvNet,1,10,0.3359375,0.3359375,0.5115559895833334,0.2890625,0.2890625,0.5724283854166666,4,64,FM-Full_A-None_AdaBN-F
Kalunga2016,DeepConvNet,1,11,0.21875,0.21875,0.3935546875,0.25,0.25,0.48828125,4,64,FM-Full_A-None_AdaBN-F
Kalunga2016,DeepConvNet,2,3,0.234375,0.234375,0.4951171875,0.21875,0.21875,0.4573567708333332,4,64,FM-Full_A-None_AdaBN-F
Kalunga2016,DeepConvNet,2,6,0.296875,0.296875,0.6139322916666666,0.28125,0.28125,0.5201822916666667,4,64,FM-Full_A-None_AdaBN-F
Kalunga2016,DeepConvNet,2,9,0.25,0.25,0.5139973958333334,0.234375,0.234375,0.5289713541666666,4,64,FM-Full_A-None_AdaBN-F
Kalunga2016,DeepConvNet,3,2,0.28125,0.28125,0.6901041666666666,0.25,0.25,0.5475260416666667,4,64,FM-Full_A-None_AdaBN-F
Kalunga2016,DeepConvNet,3,12,0.25,0.25,0.6166145833333334,0.24375,0.24375,0.5600520833333333,4,64,FM-Full_A-None_AdaBN-F
Kalunga2016,DeepConvNet,4,5,0.234375,0.234375,0.5152994791666667,0.296875,0.296875,0.5231119791666666,4,64,FM-Full_A-None_AdaBN-F
Kalunga2016,DeepConvNet,4,8,0.25,0.25,0.5745442708333334,0.296875,0.296875,0.5266927083333333,4,64,FM-Full_A-None_AdaBN-F
Kalunga2016,DeepConvNet,5,4,0.28125,0.28125,0.4977213541666666,0.3125,0.3125,0.5296223958333334,4,64,FM-Full_A-None_AdaBN-F
Kalunga2016,DeepConvNet,5,7,0.2916666666666667,0.2916666666666667,0.4887152777777778,0.2604166666666667,0.2604166666666666,0.4307002314814814,4,64,FM-Full_A-None_AdaBN-F
Yang2025,DeepConvNet,1,4,0.6333333333333333,0.6333333333333333,0.6722388888888888,0.585,0.585,0.5950499999999999,20,450,FM-Full_A-None_AdaBN-F
Yang2025,DeepConvNet,1,13,0.795,0.7949999999999999,0.8714666666666667,0.8283333333333334,0.8283333333333334,0.91755,20,450,FM-Full_A-None_AdaBN-F
Yang2025,DeepConvNet,1,14,0.5733333333333334,0.5733333333333334,0.6181666666666668,0.5883333333333334,0.5883333333333334,0.6360333333333333,20,450,FM-Full_A-None_AdaBN-F
Yang2025,DeepConvNet,1,18,0.69,0.69,0.7578444444444444,0.7166666666666667,0.7166666666666666,0.78305,20,450,FM-Full_A-None_AdaBN-F
Yang2025,DeepConvNet,1,25,0.9433333333333334,0.9433333333333334,0.9838888888888888,0.9666666666666668,0.9666666666666668,0.9960555555555556,20,450,FM-Full_A-None_AdaBN-F
Yang2025,DeepConvNet,1,31,0.7733333333333333,0.7733333333333333,0.8741222222222222,0.8283333333333334,0.8283333333333334,0.9078777777777776,20,450,FM-Full_A-None_AdaBN-F
Yang2025,DeepConvNet,1,32,0.5893155258764607,0.5893534002229655,0.6316945373467113,0.6343906510851419,0.6345039018952062,0.6839855072463769,20,450,FM-Full_A-None_AdaBN-F
Yang2025,DeepConvNet,1,33,0.97,0.97,0.9943444444444444,0.9716666666666668,0.9716666666666668,0.996388888888889,20,450,FM-Full_A-None_AdaBN-F
Yang2025,DeepConvNet,1,41,0.885,0.885,0.9673555555555556,0.935,0.935,0.9797722222222222,20,450,FM-Full_A-None_AdaBN-F
Yang2025,DeepConvNet,1,44,0.76,0.76,0.851,0.735,0.735,0.8371555555555554,20,450,FM-Full_A-None_AdaBN-F
Yang2025,DeepConvNet,1,47,0.905,0.905,0.9758333333333332,0.925,0.925,0.9819666666666668,20,450,FM-Full_A-None_AdaBN-F
Yang2025,DeepConvNet,2,5,0.87,0.87,0.9620444444444444,0.91,0.91,0.9651666666666666,20,450,FM-Full_A-None_AdaBN-F
Yang2025,DeepConvNet,2,7,0.8283333333333334,0.8283333333333334,0.9173666666666668,0.8483333333333334,0.8483333333333334,0.93085,20,450,FM-Full_A-None_AdaBN-F
Yang2025,DeepConvNet,2,9,0.7466666666666667,0.7466666666666666,0.8515111111111111,0.7566666666666667,0.7566666666666666,0.8354833333333334,20,450,FM-Full_A-None_AdaBN-F
Yang2025,DeepConvNet,2,16,0.6533333333333333,0.6533333333333333,0.7124888888888887,0.6416666666666667,0.6416666666666666,0.7331000000000001,20,450,FM-Full_A-None_AdaBN-F
Yang2025,DeepConvNet,2,20,0.775,0.7749999999999999,0.8682444444444445,0.9433333333333334,0.9433333333333334,0.9858333333333332,20,450,FM-Full_A-None_AdaBN-F
Yang2025,DeepConvNet,2,34,0.6,0.6000000000000001,0.6049555555555556,0.82,0.8200000000000001,0.9142555555555556,20,450,FM-Full_A-None_AdaBN-F
Yang2025,DeepConvNet,2,37,0.8866666666666667,0.8866666666666667,0.9547777777777778,0.935,0.935,0.9832,20,450,FM-Full_A-None_AdaBN-F
Yang2025,DeepConvNet,2,48,0.8816666666666667,0.8816666666666666,0.9569111111111112,0.9083333333333332,0.9083333333333332,0.9703555555555556,20,450,FM-Full_A-None_AdaBN-F
Yang2025,DeepConvNet,2,49,0.9566666666666668,0.9566666666666668,0.9922555555555556,0.9766666666666668,0.9766666666666668,0.9963555555555555,20,450,FM-Full_A-None_AdaBN-F
Yang2025,DeepConvNet,2,50,0.9616666666666668,0.9616666666666668,0.9934444444444444,0.9816666666666668,0.9816666666666668,0.9971333333333332,20,450,FM-Full_A-None_AdaBN-F
Yang2025,DeepConvNet,3,1,0.9466666666666668,0.9466666666666668,0.9929111111111112,0.9633333333333334,0.9633333333333334,0.9951777777777776,20,450,FM-Full_A-None_AdaBN-F
Yang2025,DeepConvNet,3,10,0.8416666666666667,0.8416666666666667,0.9309333333333332,0.8883333333333333,0.8883333333333333,0.9600555555555556,20,450,FM-Full_A-None_AdaBN-F
Yang2025,DeepConvNet,3,12,0.6066666666666667,0.6066666666666667,0.6686777777777778,0.5783333333333334,0.5783333333333334,0.6102888888888889,20,450,FM-Full_A-None_AdaBN-F
Yang2025,DeepConvNet,3,17,0.845,0.845,0.934,0.8533333333333334,0.8533333333333333,0.9378222222222222,20,450,FM-Full_A-None_AdaBN-F
Yang2025,DeepConvNet,3,26,0.8464106844741235,0.8464158305462653,0.9258082497212932,0.9398998330550918,0.9399442586399108,0.986845039018952,20,450,FM-Full_A-None_AdaBN-F
Yang2025,DeepConvNet,3,27,0.6216666666666667,0.6216666666666666,0.6532222222222224,0.7083333333333334,0.7083333333333333,0.7998444444444444,20,450,FM-Full_A-None_AdaBN-F
Yang2025,DeepConvNet,3,28,0.785,0.785,0.9178222222222224,0.905,0.905,0.9676666666666668,20,450,FM-Full_A-None_AdaBN-F
Yang2025,DeepConvNet,3,35,0.9583333333333334,0.9583333333333331,0.9919888888888888,0.975,0.975,0.9963,20,450,FM-Full_A-None_AdaBN-F
Yang2025,DeepConvNet,3,45,0.8866666666666667,0.8866666666666667,0.9565333333333332,0.9083333333333332,0.9083333333333332,0.9670444444444444,20,450,FM-Full_A-None_AdaBN-F
Yang2025,DeepConvNet,3,46,0.99,0.99,0.9997666666666668,0.995,0.995,0.9999333333333332,20,450,FM-Full_A-None_AdaBN-F
Yang2025,DeepConvNet,4,2,0.7316666666666667,0.7316666666666667,0.8157,0.6833333333333333,0.6833333333333333,0.7682611111111111,20,450,FM-Full_A-None_AdaBN-F
Yang2025,DeepConvNet,4,3,0.97,0.97,0.9943055555555556,0.98,0.98,0.9947722222222222,20,450,FM-Full_A-None_AdaBN-F
Yang2025,DeepConvNet,4,6,0.9466666666666668,0.9466666666666668,0.991272222222222,0.975,0.975,0.9960611111111112,20,450,FM-Full_A-None_AdaBN-F
Yang2025,DeepConvNet,4,22,0.8283333333333334,0.8283333333333334,0.8917444444444445,0.8766666666666667,0.8766666666666667,0.9470222222222222,20,450,FM-Full_A-None_AdaBN-F
Yang2025,DeepConvNet,4,24,0.968013468013468,0.9680187738073645,0.993628695809904,0.9814814814814816,0.9814756031198985,0.9985035370941412,20,450,FM-Full_A-None_AdaBN-F
Yang2025,DeepConvNet,4,30,0.965,0.965,0.9917444444444444,0.98,0.98,0.9949666666666666,20,450,FM-Full_A-None_AdaBN-F
Yang2025,DeepConvNet,4,36,0.9333333333333332,0.9333333333333332,0.9859666666666668,0.9433333333333334,0.9433333333333334,0.9897555555555556,20,450,FM-Full_A-None_AdaBN-F
Yang2025,DeepConvNet,4,38,0.6383333333333333,0.6383333333333333,0.7190888888888889,0.7333333333333333,0.7333333333333334,0.8370888888888889,20,450,FM-Full_A-None_AdaBN-F
Yang2025,DeepConvNet,4,40,0.845,0.845,0.9473222222222224,0.8916666666666667,0.8916666666666666,0.9586,20,450,FM-Full_A-None_AdaBN-F
Yang2025,DeepConvNet,4,42,0.845,0.845,0.932277777777778,0.8616666666666667,0.8616666666666666,0.9291888888888888,20,450,FM-Full_A-None_AdaBN-F
Yang2025,DeepConvNet,5,8,0.9383333333333334,0.9383333333333334,0.9793777777777778,0.9466666666666668,0.9466666666666668,0.9842833333333332,20,450,FM-Full_A-None_AdaBN-F
Yang2025,DeepConvNet,5,11,0.9033333333333332,0.9033333333333332,0.976677777777778,0.9533333333333334,0.9533333333333334,0.9890777777777776,20,450,FM-Full_A-None_AdaBN-F
Yang2025,DeepConvNet,5,15,0.7366666666666667,0.7366666666666667,0.8448222222222223,0.8716666666666667,0.8716666666666667,0.9334,20,450,FM-Full_A-None_AdaBN-F
Yang2025,DeepConvNet,5,19,0.875,0.875,0.9510444444444444,0.8766666666666667,0.8766666666666667,0.9603333333333334,20,450,FM-Full_A-None_AdaBN-F
Yang2025,DeepConvNet,5,21,0.8933333333333333,0.8933333333333333,0.9668888888888888,0.9133333333333332,0.9133333333333332,0.9693333333333334,20,450,FM-Full_A-None_AdaBN-F
Yang2025,DeepConvNet,5,23,0.9382303839732888,0.9381884057971016,0.9881828316610924,0.9749582637729548,0.9749554069119286,0.9960758082497212,20,450,FM-Full_A-None_AdaBN-F
Yang2025,DeepConvNet,5,29,0.7733333333333333,0.7733333333333333,0.8622222222222222,0.8833333333333333,0.8833333333333333,0.9628333333333332,20,450,FM-Full_A-None_AdaBN-F
Yang2025,DeepConvNet,5,39,0.7033333333333334,0.7033333333333334,0.8172777777777778,0.8133333333333334,0.8133333333333334,0.8968333333333334,20,450,FM-Full_A-None_AdaBN-F
Yang2025,DeepConvNet,5,43,0.99,0.99,0.9997777777777778,1.0,1.0,1.0,20,450,FM-Full_A-None_AdaBN-F
Yang2025,DeepConvNet,5,51,0.9,0.8999999999999999,0.9683555555555556,0.93,0.93,0.9812111111111111,20,450,FM-Full_A-None_AdaBN-F
Lee2019_SSVEP,EEGNetv4,1,4,1.0,1.0,1.0,1.0,1.0,1.0,40,100,FM-Full_A-None_AdaBN-F
Lee2019_SSVEP,EEGNetv4,1,6,0.995,0.995,1.0,1.0,1.0,1.0,40,100,FM-Full_A-None_AdaBN-F
Lee2019_SSVEP,EEGNetv4,1,13,0.96,0.96,0.9972333333333332,0.99,0.99,1.0,40,100,FM-Full_A-None_AdaBN-F
Lee2019_SSVEP,EEGNetv4,1,14,0.9,0.8999999999999999,0.9792166666666666,0.945,0.945,0.9908166666666666,40,100,FM-Full_A-None_AdaBN-F
Lee2019_SSVEP,EEGNetv4,1,18,0.99,0.99,1.0,0.99,0.99,1.0,40,100,FM-Full_A-None_AdaBN-F
Lee2019_SSVEP,EEGNetv4,1,20,0.955,0.955,0.9983333333333332,0.98,0.98,0.9986,40,100,FM-Full_A-None_AdaBN-F
Lee2019_SSVEP,EEGNetv4,1,33,1.0,1.0,1.0,1.0,1.0,1.0,40,100,FM-Full_A-None_AdaBN-F
Lee2019_SSVEP,EEGNetv4,1,45,0.975,0.975,0.9984333333333332,0.975,0.975,0.9985333333333332,40,100,FM-Full_A-None_AdaBN-F
Lee2019_SSVEP,EEGNetv4,1,49,1.0,1.0,1.0,1.0,1.0,1.0,40,100,FM-Full_A-None_AdaBN-F
Lee2019_SSVEP,EEGNetv4,1,50,0.985,0.985,0.9999,0.99,0.99,0.9999666666666668,40,100,FM-Full_A-None_AdaBN-F
Lee2019_SSVEP,EEGNetv4,1,53,1.0,1.0,1.0,1.0,1.0,1.0,40,100,FM-Full_A-None_AdaBN-F
Lee2019_SSVEP,EEGNetv4,2,5,0.825,0.825,0.9607,0.835,0.835,0.96595,40,100,FM-Full_A-None_AdaBN-F
Lee2019_SSVEP,EEGNetv4,2,7,0.955,0.955,0.9991333333333332,0.995,0.995,1.0,40,100,FM-Full_A-None_AdaBN-F
Lee2019_SSVEP,EEGNetv4,2,9,0.985,0.985,0.9996666666666668,0.98,0.98,0.9997,40,100,FM-Full_A-None_AdaBN-F
Lee2019_SSVEP,EEGNetv4,2,16,0.995,0.995,0.9993333333333334,0.995,0.995,0.9981666666666666,40,100,FM-Full_A-None_AdaBN-F
Lee2019_SSVEP,EEGNetv4,2,25,0.95,0.95,0.9979,0.97,0.97,0.9988333333333334,40,100,FM-Full_A-None_AdaBN-F
Lee2019_SSVEP,EEGNetv4,2,27,1.0,1.0,1.0,1.0,1.0,1.0,40,100,FM-Full_A-None_AdaBN-F
Lee2019_SSVEP,EEGNetv4,2,34,0.775,0.7749999999999999,0.9356,0.855,0.855,0.9727,40,100,FM-Full_A-None_AdaBN-F
Lee2019_SSVEP,EEGNetv4,2,35,0.935,0.935,0.9952666666666669,0.98,0.98,0.9979666666666668,40,100,FM-Full_A-None_AdaBN-F
Lee2019_SSVEP,EEGNetv4,2,38,0.99,0.99,0.9999,0.99,0.99,0.9999,40,100,FM-Full_A-None_AdaBN-F
Lee2019_SSVEP,EEGNetv4,2,46,0.995,0.995,1.0,0.995,0.995,1.0,40,100,FM-Full_A-None_AdaBN-F
Lee2019_SSVEP,EEGNetv4,2,51,0.715,0.7150000000000001,0.9117666666666666,0.83,0.83,0.9593666666666668,40,100,FM-Full_A-None_AdaBN-F
Lee2019_SSVEP,EEGNetv4,3,1,0.955,0.955,0.9919333333333332,0.935,0.935,0.9905666666666666,40,100,FM-Full_A-None_AdaBN-F
Lee2019_SSVEP,EEGNetv4,3,10,0.99,0.99,0.9999666666666668,0.99,0.99,0.9999,40,100,FM-Full_A-None_AdaBN-F
Lee2019_SSVEP,EEGNetv4,3,12,0.96,0.96,0.9967333333333334,0.96,0.96,0.9949666666666666,40,100,FM-Full_A-None_AdaBN-F
Lee2019_SSVEP,EEGNetv4,3,17,0.915,0.915,0.9939333333333332,0.97,0.97,0.9986,40,100,FM-Full_A-None_AdaBN-F
Lee2019_SSVEP,EEGNetv4,3,26,0.975,0.975,0.9994666666666668,0.995,0.995,0.9999666666666668,40,100,FM-Full_A-None_AdaBN-F
Lee2019_SSVEP,EEGNetv4,3,28,0.98,0.98,0.9976333333333331,0.97,0.97,0.9983666666666666,40,100,FM-Full_A-None_AdaBN-F
Lee2019_SSVEP,EEGNetv4,3,31,0.99,0.99,1.0,0.995,0.995,1.0,40,100,FM-Full_A-None_AdaBN-F
Lee2019_SSVEP,EEGNetv4,3,32,0.595,0.595,0.8868333333333334,0.83,0.83,0.9620666666666666,40,100,FM-Full_A-None_AdaBN-F
Lee2019_SSVEP,EEGNetv4,3,37,1.0,1.0,1.0,1.0,1.0,1.0,40,100,FM-Full_A-None_AdaBN-F
Lee2019_SSVEP,EEGNetv4,3,41,0.96,0.96,0.9987666666666668,0.985,0.985,0.9995666666666668,40,100,FM-Full_A-None_AdaBN-F
Lee2019_SSVEP,EEGNetv4,3,48,0.995,0.995,0.9999666666666668,0.995,0.995,0.9999666666666668,40,100,FM-Full_A-None_AdaBN-F
Lee2019_SSVEP,EEGNetv4,4,2,0.99,0.99,0.9999333333333332,0.99,0.99,0.9997,40,100,FM-Full_A-None_AdaBN-F
Lee2019_SSVEP,EEGNetv4,4,3,0.94,0.94,0.9954666666666668,0.945,0.945,0.9951,40,100,FM-Full_A-None_AdaBN-F
Lee2019_SSVEP,EEGNetv4,4,11,1.0,1.0,1.0,1.0,1.0,1.0,40,100,FM-Full_A-None_AdaBN-F
Lee2019_SSVEP,EEGNetv4,4,22,0.88,0.88,0.9768333333333332,0.905,0.905,0.9878,40,100,FM-Full_A-None_AdaBN-F
Lee2019_SSVEP,EEGNetv4,4,24,0.945,0.945,0.9943,0.965,0.965,0.99375,40,100,FM-Full_A-None_AdaBN-F
Lee2019_SSVEP,EEGNetv4,4,30,0.945,0.945,0.9935333333333334,0.98,0.98,0.9987666666666668,40,100,FM-Full_A-None_AdaBN-F
Lee2019_SSVEP,EEGNetv4,4,36,1.0,1.0,1.0,1.0,1.0,1.0,40,100,FM-Full_A-None_AdaBN-F
Lee2019_SSVEP,EEGNetv4,4,40,0.94,0.94,0.9956333333333334,0.94,0.94,0.9961,40,100,FM-Full_A-None_AdaBN-F
Lee2019_SSVEP,EEGNetv4,4,42,0.79,0.79,0.9621666666666668,0.79,0.79,0.9594333333333334,40,100,FM-Full_A-None_AdaBN-F
Lee2019_SSVEP,EEGNetv4,4,44,0.995,0.995,1.0,0.995,0.995,1.0,40,100,FM-Full_A-None_AdaBN-F
Lee2019_SSVEP,EEGNetv4,4,47,0.65,0.6500000000000001,0.8677666666666667,0.635,0.635,0.8615666666666667,40,100,FM-Full_A-None_AdaBN-F
Lee2019_SSVEP,EEGNetv4,5,8,0.91,0.91,0.9934666666666666,0.935,0.935,0.9931666666666668,40,100,FM-Full_A-None_AdaBN-F
Lee2019_SSVEP,EEGNetv4,5,15,0.905,0.905,0.9877333333333334,0.985,0.985,0.9999,40,100,FM-Full_A-None_AdaBN-F
Lee2019_SSVEP,EEGNetv4,5,19,0.99,0.99,0.9955666666666668,0.99,0.99,0.9955,40,100,FM-Full_A-None_AdaBN-F
Lee2019_SSVEP,EEGNetv4,5,21,0.865,0.865,0.9941,0.96,0.96,0.9978666666666668,40,100,FM-Full_A-None_AdaBN-F
Lee2019_SSVEP,EEGNetv4,5,23,0.335,0.3349999999999999,0.5782,0.485,0.485,0.7475333333333334,40,100,FM-Full_A-None_AdaBN-F
Lee2019_SSVEP,EEGNetv4,5,29,0.94,0.94,0.9949333333333332,0.95,0.95,0.9978333333333332,40,100,FM-Full_A-None_AdaBN-F
Lee2019_SSVEP,EEGNetv4,5,39,1.0,1.0,1.0,1.0,1.0,1.0,40,100,FM-Full_A-None_AdaBN-F
Lee2019_SSVEP,EEGNetv4,5,43,1.0,1.0,1.0,1.0,1.0,1.0,40,100,FM-Full_A-None_AdaBN-F
Lee2019_SSVEP,EEGNetv4,5,52,0.92,0.92,0.9958,0.95,0.95,0.9964333333333332,40,100,FM-Full_A-None_AdaBN-F
Lee2019_SSVEP,EEGNetv4,5,54,0.61,0.61,0.8644333333333333,0.815,0.815,0.965,40,100,FM-Full_A-None_AdaBN-F
Lee2019_MI,EEGNetv4,1,4,0.64,0.64,0.7273,0.665,0.665,0.7552000000000001,50,120,FM-Full_A-None_AdaBN-F
Lee2019_MI,EEGNetv4,1,6,0.84,0.84,0.9393,0.87,0.87,0.9549,50,120,FM-Full_A-None_AdaBN-F
Lee2019_MI,EEGNetv4,1,13,0.73,0.73,0.8309,0.725,0.7250000000000001,0.7815,50,120,FM-Full_A-None_AdaBN-F
Lee2019_MI,EEGNetv4,1,14,0.64,0.64,0.6921,0.595,0.595,0.6471,50,120,FM-Full_A-None_AdaBN-F
Lee2019_MI,EEGNetv4,1,18,0.79,0.79,0.9333,0.87,0.87,0.9373,50,120,FM-Full_A-None_AdaBN-F
Lee2019_MI,EEGNetv4,1,20,0.83,0.8300000000000001,0.9175,0.82,0.8200000000000001,0.9034,50,120,FM-Full_A-None_AdaBN-F
Lee2019_MI,EEGNetv4,1,33,0.885,0.885,0.9663,0.91,0.91,0.9822,50,120,FM-Full_A-None_AdaBN-F
Lee2019_MI,EEGNetv4,1,45,0.84,0.8400000000000001,0.9179,0.855,0.855,0.9242,50,120,FM-Full_A-None_AdaBN-F
Lee2019_MI,EEGNetv4,1,49,0.705,0.705,0.9015,0.865,0.865,0.9448,50,120,FM-Full_A-None_AdaBN-F
Lee2019_MI,EEGNetv4,1,50,0.575,0.575,0.5817,0.57,0.5700000000000001,0.6038999999999999,50,120,FM-Full_A-None_AdaBN-F
Lee2019_MI,EEGNetv4,1,53,0.79,0.79,0.8659,0.78,0.78,0.8685999999999999,50,120,FM-Full_A-None_AdaBN-F
Lee2019_MI,EEGNetv4,2,5,0.65,0.65,0.7681500000000001,0.76,0.76,0.8457,50,120,FM-Full_A-None_AdaBN-F
Lee2019_MI,EEGNetv4,2,7,0.69,0.69,0.7481,0.74,0.74,0.8007000000000001,50,120,FM-Full_A-None_AdaBN-F
Lee2019_MI,EEGNetv4,2,9,0.795,0.7949999999999999,0.8794,0.78,0.78,0.8772000000000001,50,120,FM-Full_A-None_AdaBN-F
Lee2019_MI,EEGNetv4,2,16,0.79,0.79,0.8857,0.835,0.835,0.9027,50,120,FM-Full_A-None_AdaBN-F
Lee2019_MI,EEGNetv4,2,25,0.865,0.865,0.9436,0.88,0.88,0.9476,50,120,FM-Full_A-None_AdaBN-F
Lee2019_MI,EEGNetv4,2,27,0.88,0.88,0.9546,0.895,0.895,0.9587,50,120,FM-Full_A-None_AdaBN-F
Lee2019_MI,EEGNetv4,2,34,0.6,0.6,0.6986,0.67,0.6699999999999999,0.7415,50,120,FM-Full_A-None_AdaBN-F
Lee2019_MI,EEGNetv4,2,35,0.695,0.695,0.8619,0.905,0.905,0.9807,50,120,FM-Full_A-None_AdaBN-F
Lee2019_MI,EEGNetv4,2,38,0.685,0.685,0.7849,0.755,0.755,0.8299000000000001,50,120,FM-Full_A-None_AdaBN-F
Lee2019_MI,EEGNetv4,2,46,0.615,0.615,0.70645,0.62,0.62,0.6780999999999999,50,120,FM-Full_A-None_AdaBN-F
Lee2019_MI,EEGNetv4,2,51,0.72,0.72,0.8064,0.725,0.725,0.7904,50,120,FM-Full_A-None_AdaBN-F
Lee2019_MI,EEGNetv4,3,1,0.67,0.67,0.7707999999999999,0.68,0.6799999999999999,0.7484,50,120,FM-Full_A-None_AdaBN-F
Lee2019_MI,EEGNetv4,3,10,0.695,0.695,0.7923000000000001,0.75,0.75,0.8304,50,120,FM-Full_A-None_AdaBN-F
Lee2019_MI,EEGNetv4,3,12,0.76,0.76,0.8166999999999999,0.775,0.775,0.8476000000000001,50,120,FM-Full_A-None_AdaBN-F
Lee2019_MI,EEGNetv4,3,17,0.63,0.63,0.6910000000000001,0.675,0.675,0.7449,50,120,FM-Full_A-None_AdaBN-F
Lee2019_MI,EEGNetv4,3,26,0.745,0.745,0.8765999999999999,0.8,0.8,0.9068,50,120,FM-Full_A-None_AdaBN-F
Lee2019_MI,EEGNetv4,3,28,0.87,0.87,0.9464,0.9,0.9,0.967,50,120,FM-Full_A-None_AdaBN-F
Lee2019_MI,EEGNetv4,3,31,0.785,0.7849999999999999,0.8734999999999999,0.81,0.81,0.8915,50,120,FM-Full_A-None_AdaBN-F
Lee2019_MI,EEGNetv4,3,32,0.825,0.825,0.9059,0.875,0.875,0.9569,50,120,FM-Full_A-None_AdaBN-F
Lee2019_MI,EEGNetv4,3,37,0.835,0.835,0.9151,0.875,0.875,0.9484,50,120,FM-Full_A-None_AdaBN-F
Lee2019_MI,EEGNetv4,3,41,0.69,0.69,0.7962000000000001,0.765,0.765,0.8494999999999999,50,120,FM-Full_A-None_AdaBN-F
Lee2019_MI,EEGNetv4,3,48,0.65,0.65,0.7366999999999999,0.64,0.64,0.703,50,120,FM-Full_A-None_AdaBN-F
Lee2019_MI,EEGNetv4,4,2,0.74,0.74,0.7943,0.725,0.725,0.8086,50,120,FM-Full_A-None_AdaBN-F
Lee2019_MI,EEGNetv4,4,3,0.815,0.815,0.8976,0.85,0.85,0.9288,50,120,FM-Full_A-None_AdaBN-F
Lee2019_MI,EEGNetv4,4,11,0.62,0.62,0.7340000000000001,0.665,0.665,0.7365,50,120,FM-Full_A-None_AdaBN-F
Lee2019_MI,EEGNetv4,4,22,0.695,0.6950000000000001,0.7772,0.655,0.655,0.7345,50,120,FM-Full_A-None_AdaBN-F
Lee2019_MI,EEGNetv4,4,24,0.68,0.68,0.8063,0.785,0.7849999999999999,0.8675,50,120,FM-Full_A-None_AdaBN-F
Lee2019_MI,EEGNetv4,4,30,0.765,0.765,0.8271000000000001,0.735,0.735,0.8185000000000001,50,120,FM-Full_A-None_AdaBN-F
Lee2019_MI,EEGNetv4,4,36,0.96,0.96,0.9982,0.99,0.99,0.9992,50,120,FM-Full_A-None_AdaBN-F
Lee2019_MI,EEGNetv4,4,40,0.69,0.69,0.8825,0.81,0.81,0.9268,50,120,FM-Full_A-None_AdaBN-F
Lee2019_MI,EEGNetv4,4,42,0.68,0.6799999999999999,0.7668999999999999,0.68,0.6799999999999999,0.7431000000000001,50,120,FM-Full_A-None_AdaBN-F
Lee2019_MI,EEGNetv4,4,44,0.78,0.78,0.8947999999999999,0.855,0.855,0.9351,50,120,FM-Full_A-None_AdaBN-F
Lee2019_MI,EEGNetv4,4,47,0.85,0.85,0.9171,0.815,0.815,0.8923,50,120,FM-Full_A-None_AdaBN-F
Lee2019_MI,EEGNetv4,5,8,0.735,0.735,0.8008,0.74,0.74,0.8149,50,120,FM-Full_A-None_AdaBN-F
Lee2019_MI,EEGNetv4,5,15,0.735,0.7350000000000001,0.8936999999999999,0.845,0.845,0.9287,50,120,FM-Full_A-None_AdaBN-F
Lee2019_MI,EEGNetv4,5,19,0.85,0.85,0.9367,0.83,0.8300000000000001,0.9236,50,120,FM-Full_A-None_AdaBN-F
Lee2019_MI,EEGNetv4,5,21,0.93,0.93,0.9892,0.95,0.95,0.9886,50,120,FM-Full_A-None_AdaBN-F
Lee2019_MI,EEGNetv4,5,23,0.755,0.7549999999999999,0.8527,0.77,0.77,0.8458,50,120,FM-Full_A-None_AdaBN-F
Lee2019_MI,EEGNetv4,5,29,0.735,0.735,0.8129000000000001,0.825,0.825,0.8973,50,120,FM-Full_A-None_AdaBN-F
Lee2019_MI,EEGNetv4,5,39,0.785,0.785,0.8631,0.75,0.75,0.8167,50,120,FM-Full_A-None_AdaBN-F
Lee2019_MI,EEGNetv4,5,43,0.83,0.83,0.9063,0.87,0.87,0.9422,50,120,FM-Full_A-None_AdaBN-F
Lee2019_MI,EEGNetv4,5,52,0.78,0.78,0.8727999999999999,0.79,0.79,0.8859999999999999,50,120,FM-Full_A-None_AdaBN-F
Lee2019_MI,EEGNetv4,5,54,0.665,0.665,0.7301000000000001,0.695,0.6950000000000001,0.7684,50,120,FM-Full_A-None_AdaBN-F
BI2015a,DeepConvNet,1,5,0.9057239057239056,0.7676767676767676,0.930547903275176,0.9335016835016836,0.8732323232323232,0.9638812366085094,30,500,FM-Full_A-None_AdaBN-F
BI2015a,DeepConvNet,1,9,0.8671171171171171,0.6770270270270271,0.8095487379271163,0.9151651651651652,0.8229729729729729,0.9247301355409464,30,500,FM-Full_A-None_AdaBN-F
BI2015a,DeepConvNet,1,13,0.8998538011695907,0.8364035087719298,0.9208525700215452,0.952485380116959,0.9048245614035088,0.9688634964604492,30,500,FM-Full_A-None_AdaBN-F
BI2015a,DeepConvNet,1,25,0.8395593869731801,0.6531609195402299,0.7949762187871581,0.8855363984674329,0.7600574712643678,0.8956747919143876,30,500,FM-Full_A-None_AdaBN-F
BI2015a,DeepConvNet,1,26,0.922043010752688,0.860752688172043,0.9542663891779396,0.953405017921147,0.9010752688172043,0.9792230315643428,30,500,FM-Full_A-None_AdaBN-F
BI2015a,DeepConvNet,1,35,0.8454106280193237,0.5449275362318841,0.8144169058787837,0.8458132045088567,0.673671497584541,0.8003138929729982,30,500,FM-Full_A-None_AdaBN-F
BI2015a,DeepConvNet,1,37,0.7746031746031746,0.5847619047619047,0.641077097505669,0.8698412698412699,0.7514285714285713,0.8727845804988662,30,500,FM-Full_A-None_AdaBN-F
BI2015a,DeepConvNet,1,38,0.8415915915915916,0.7013513513513514,0.8146416686957227,0.921921921921922,0.827027027027027,0.9427359792224655,30,500,FM-Full_A-None_AdaBN-F
BI2015a,DeepConvNet,1,40,0.8786008230452675,0.6851851851851851,0.889216582837982,0.9274691358024691,0.8441358024691358,0.9419391098917848,30,500,FM-Full_A-None_AdaBN-F
BI2015a,DeepConvNet,2,4,0.9083333333333332,0.7983333333333333,0.9239340277777776,0.9493055555555556,0.8929166666666667,0.9727083333333332,30,500,FM-Full_A-None_AdaBN-F
BI2015a,DeepConvNet,2,7,0.1821895424836601,0.5053921568627451,0.696784890426759,0.9191176470588236,0.875,0.9414888504421376,30,500,FM-Full_A-None_AdaBN-F
BI2015a,DeepConvNet,2,14,0.792022792022792,0.535042735042735,0.5499890422967346,0.8696581196581197,0.7286324786324787,0.8717619986850755,30,500,FM-Full_A-None_AdaBN-F
BI2015a,DeepConvNet,2,16,0.9261904761904762,0.8452380952380952,0.9362448979591836,0.9404761904761904,0.8861904761904762,0.954408163265306,30,500,FM-Full_A-None_AdaBN-F
BI2015a,DeepConvNet,2,18,0.8549382716049383,0.6270370370370371,0.8041426611796983,0.9123456790123456,0.8051851851851852,0.9137037037037036,30,500,FM-Full_A-None_AdaBN-F
BI2015a,DeepConvNet,2,20,0.895679012345679,0.7922222222222222,0.9073772290809328,0.9438271604938272,0.8833333333333333,0.957278463648834,30,500,FM-Full_A-None_AdaBN-F
BI2015a,DeepConvNet,2,28,0.8694444444444445,0.6936666666666667,0.8700800000000001,0.895,0.8009999999999999,0.9019111111111112,30,500,FM-Full_A-None_AdaBN-F
BI2015a,DeepConvNet,2,32,0.9184587813620072,0.839247311827957,0.9160885651520408,0.92831541218638,0.843010752688172,0.9384957798589432,30,500,FM-Full_A-None_AdaBN-F
BI2015a,DeepConvNet,2,41,0.8222222222222222,0.6088888888888888,0.7161069958847737,0.915432098765432,0.8218518518518518,0.928124828532236,30,500,FM-Full_A-None_AdaBN-F
BI2015a,DeepConvNet,3,1,0.8165859564164649,0.5286349332100966,0.5797662903545256,0.8771186440677966,0.7545903479236813,0.8670944741532978,30,500,FM-Full_A-None_AdaBN-F
BI2015a,DeepConvNet,3,6,0.8295454545454546,0.6401515151515151,0.7753013085399449,0.9154040404040404,0.8143939393939394,0.9349948347107436,30,500,FM-Full_A-None_AdaBN-F
BI2015a,DeepConvNet,3,10,0.8978494623655914,0.7688172043010753,0.9032373684819056,0.9363799283154122,0.8736559139784946,0.9590877558099202,30,500,FM-Full_A-None_AdaBN-F
BI2015a,DeepConvNet,3,12,0.8355734767025089,0.592741935483871,0.7715068215978726,0.8557347670250897,0.7166666666666667,0.8527922303156434,30,500,FM-Full_A-None_AdaBN-F
BI2015a,DeepConvNet,3,17,0.8697530864197531,0.6862962962962963,0.853764060356653,0.8987654320987655,0.8,0.9120727023319616,30,500,FM-Full_A-None_AdaBN-F
BI2015a,DeepConvNet,3,27,0.8343881856540084,0.5681434599156118,0.7463129128166782,0.8656821378340366,0.7388185654008439,0.8529518061564209,30,500,FM-Full_A-None_AdaBN-F
BI2015a,DeepConvNet,3,30,0.926954732510288,0.884567901234568,0.9105471726870904,0.9578189300411524,0.910493827160494,0.9716811461667428,30,500,FM-Full_A-None_AdaBN-F
BI2015a,DeepConvNet,3,31,0.8022222222222222,0.5488888888888889,0.6648375308641976,0.855925925925926,0.6913333333333334,0.818155061728395,30,500,FM-Full_A-None_AdaBN-F
BI2015a,DeepConvNet,3,42,0.8625730994152047,0.6286549707602339,0.8178499367326697,0.8679337231968811,0.7289473684210526,0.8497024725556581,30,500,FM-Full_A-None_AdaBN-F
BI2015a,DeepConvNet,4,2,0.8915343915343915,0.6968253968253968,0.9313649533887628,0.9371693121693122,0.8654761904761905,0.9598198538674728,30,500,FM-Full_A-None_AdaBN-F
BI2015a,DeepConvNet,4,3,0.8745210727969349,0.7545977011494253,0.8570286695732594,0.9492337164750958,0.889080459770115,0.9788743559254856,30,500,FM-Full_A-None_AdaBN-F
BI2015a,DeepConvNet,4,22,0.8819444444444444,0.7049242424242425,0.8646694214876033,0.9204545454545454,0.8265151515151514,0.9340335169880624,30,500,FM-Full_A-None_AdaBN-F
BI2015a,DeepConvNet,4,24,0.8896604938271605,0.6930555555555555,0.9229766803840878,0.945216049382716,0.874537037037037,0.9638074417009602,30,500,FM-Full_A-None_AdaBN-F
BI2015a,DeepConvNet,4,33,0.8862433862433863,0.6984126984126984,0.8807886117409925,0.925925925925926,0.8476190476190476,0.9394998740236836,30,500,FM-Full_A-None_AdaBN-F
BI2015a,DeepConvNet,4,34,0.8793650793650793,0.6552380952380952,0.924498866213152,0.9277777777777778,0.8309523809523809,0.9450702947845804,30,500,FM-Full_A-None_AdaBN-F
BI2015a,DeepConvNet,4,36,0.89375,0.7395833333333333,0.9081875,0.9430555555555556,0.8875,0.9708333333333332,30,500,FM-Full_A-None_AdaBN-F
BI2015a,DeepConvNet,4,43,0.914750957854406,0.7833333333333333,0.9473642489100278,0.956896551724138,0.9051724137931034,0.9812855066719514,30,500,FM-Full_A-None_AdaBN-F
BI2015a,DeepConvNet,5,8,0.8683862433862434,0.7305555555555556,0.8700081884605695,0.919973544973545,0.8488095238095239,0.9412635424540188,30,500,FM-Full_A-None_AdaBN-F
BI2015a,DeepConvNet,5,11,0.8263888888888888,0.5908333333333333,0.6998923611111112,0.90625,0.81875,0.9308368055555556,30,500,FM-Full_A-None_AdaBN-F
BI2015a,DeepConvNet,5,15,0.8984126984126984,0.822857142857143,0.926798185941043,0.934126984126984,0.8576190476190476,0.9545532879818592,30,500,FM-Full_A-None_AdaBN-F
BI2015a,DeepConvNet,5,19,0.8872222222222222,0.7496666666666667,0.8817777777777777,0.9083333333333332,0.8183333333333334,0.9060111111111112,30,500,FM-Full_A-None_AdaBN-F
BI2015a,DeepConvNet,5,21,0.9174603174603174,0.8228571428571428,0.9413650793650794,0.9396825396825396,0.8761904761904762,0.9601043083900228,30,500,FM-Full_A-None_AdaBN-F
BI2015a,DeepConvNet,5,23,0.8793859649122807,0.7013157894736842,0.8765966451215759,0.8961988304093568,0.7763157894736842,0.9199599876885196,30,500,FM-Full_A-None_AdaBN-F
BI2015a,DeepConvNet,5,29,0.8415032679738562,0.5702614379084967,0.7405100602332436,0.8845315904139434,0.7633986928104575,0.8949485240719383,30,500,FM-Full_A-None_AdaBN-F
BI2015a,DeepConvNet,5,39,0.8333333333333334,0.5,0.6851242537831458,0.8883219954648526,0.7833333333333333,0.891438752371697,30,500,FM-Full_A-None_AdaBN-F
BNCI2014_001,EEGNetv4,1,2,0.4114583333333333,0.4114583333333333,0.6992709940843621,0.578125,0.578125,0.8169206532921812,8,375,FM-Full_A-None_AdaBN-F
BNCI2014_001,EEGNetv4,1,8,0.5798611111111112,0.5798611111111112,0.8811205954218106,0.7777777777777778,0.7777777777777778,0.9437411586934156,8,375,FM-Full_A-None_AdaBN-F
BNCI2014_001,EEGNetv4,2,1,0.6111111111111112,0.6111111111111112,0.8710736561213992,0.7760416666666666,0.7760416666666667,0.9419809349279836,8,375,FM-Full_A-None_AdaBN-F
BNCI2014_001,EEGNetv4,2,6,0.375,0.375,0.7524072466563786,0.6128472222222222,0.6128472222222221,0.8366005979938271,8,375,FM-Full_A-None_AdaBN-F
BNCI2014_001,EEGNetv4,3,3,0.5677083333333334,0.5677083333333333,0.8876511059670782,0.8125,0.8125,0.9569669495884774,8,375,FM-Full_A-None_AdaBN-F
BNCI2014_001,EEGNetv4,3,9,0.6145833333333334,0.6145833333333334,0.8521291473765431,0.8246527777777778,0.8246527777777777,0.9531893004115226,8,375,FM-Full_A-None_AdaBN-F
BNCI2014_001,EEGNetv4,4,4,0.4618055555555556,0.4618055555555556,0.7666216563786008,0.6423611111111112,0.6423611111111112,0.871045524691358,8,375,FM-Full_A-None_AdaBN-F
BNCI2014_001,EEGNetv4,4,5,0.4565972222222222,0.4565972222222222,0.7514467592592593,0.5833333333333334,0.5833333333333334,0.8185924639917697,8,375,FM-Full_A-None_AdaBN-F
BNCI2014_001,EEGNetv4,5,7,0.5572916666666666,0.5572916666666666,0.8247452096193416,0.7569444444444444,0.7569444444444444,0.9212681648662552,8,375,FM-Full_A-None_AdaBN-F
Huebner2017,ShallowConvNet,1,1,0.9450583657587548,0.9190927091713272,0.9801888171646976,0.973385214007782,0.9606211573441372,0.9925641008037204,10,7500,FM-Full_A-None_AdaBN-F
Huebner2017,ShallowConvNet,1,10,0.9464619700748128,0.945165198446017,0.9868525632891744,0.9816084788029924,0.9722730377453748,0.9969057351047372,10,7500,FM-Full_A-None_AdaBN-F
Huebner2017,ShallowConvNet,1,12,0.8331777155306567,0.7315832315832316,0.9099179834960258,0.958761282290694,0.9398402523402524,0.987965779260422,10,7500,FM-Full_A-None_AdaBN-F
Huebner2017,ShallowConvNet,2,3,0.9083268482490272,0.8384178354155964,0.9506544832465856,0.95136186770428,0.9255035972482034,0.9843675960388,10,7500,FM-Full_A-None_AdaBN-F
Huebner2017,ShallowConvNet,2,6,0.9214244016345592,0.943647596120395,0.9929451631284414,0.9840046701692936,0.977507925365064,0.9965657509326032,10,7500,FM-Full_A-None_AdaBN-F
Huebner2017,ShallowConvNet,2,9,0.9540927482103952,0.9570487382987384,0.9915551453249865,0.9778244631185808,0.9685592185592186,0.995910379425591,10,7500,FM-Full_A-None_AdaBN-F
Huebner2017,ShallowConvNet,3,2,0.882197323373794,0.8871464183964184,0.9548513365064292,0.9498910675381264,0.9269434269434268,0.9832846184532692,10,7500,FM-Full_A-None_AdaBN-F
Huebner2017,ShallowConvNet,3,5,0.8687363834422658,0.8541921041921042,0.9248182159061789,0.9319950202303144,0.8964692714692715,0.9687617261608664,10,7500,FM-Full_A-None_AdaBN-F
Huebner2017,ShallowConvNet,3,13,0.9358026612714964,0.8958700296882092,0.9726300716684356,0.973387285036184,0.9592483698136492,0.992291662292044,10,7500,FM-Full_A-None_AdaBN-F
Huebner2017,ShallowConvNet,4,8,0.7848249027237354,0.547059038917374,0.8568168304422884,0.906225680933852,0.852953662241521,0.950545157028594,10,7500,FM-Full_A-None_AdaBN-F
Huebner2017,ShallowConvNet,4,11,0.7918125924196435,0.5930578099284817,0.7873298065802455,0.8627130515993463,0.7864493695427801,0.894733042333224,10,7500,FM-Full_A-None_AdaBN-F
Huebner2017,ShallowConvNet,5,4,0.9413229571984436,0.882083739878112,0.9893974265984748,0.983035019455253,0.9758587114199776,0.9974114405469992,10,7500,FM-Full_A-None_AdaBN-F
Huebner2017,ShallowConvNet,5,7,0.9626517273576096,0.9241834554334556,0.994651087326352,0.9922191098661688,0.9883877696377696,0.999173566427204,10,7500,FM-Full_A-None_AdaBN-F
MAMEM2,EEGNetv4,1,2,0.2,0.2006666666666667,0.4872576441102756,0.248,0.242,0.5167781453634085,6,50,FM-Full_A-None_AdaBN-F
MAMEM2,EEGNetv4,1,9,0.168,0.1553333333333333,0.4585972932330827,0.2,0.19,0.4719809523809523,6,50,FM-Full_A-None_AdaBN-F
MAMEM2,EEGNetv4,2,1,0.208,0.1973333333333333,0.4925499749373433,0.176,0.162,0.500879799498747,6,50,FM-Full_A-None_AdaBN-F
MAMEM2,EEGNetv4,2,6,0.192,0.1873333333333333,0.4435494736842106,0.2,0.1926666666666666,0.4915384461152882,6,50,FM-Full_A-None_AdaBN-F
MAMEM2,EEGNetv4,3,3,0.152,0.1493333333333333,0.4498977443609022,0.256,0.2506666666666666,0.4895989974937343,6,50,FM-Full_A-None_AdaBN-F
MAMEM2,EEGNetv4,3,8,0.288,0.27,0.5158452130325815,0.24,0.224,0.5170770927318296,6,50,FM-Full_A-None_AdaBN-F
MAMEM2,EEGNetv4,4,5,0.208,0.196,0.5019711278195489,0.208,0.198,0.5251869674185464,6,50,FM-Full_A-None_AdaBN-F
MAMEM2,EEGNetv4,4,10,0.192,0.1773333333333333,0.4689541854636592,0.24,0.246,0.4976306766917293,6,50,FM-Full_A-None_AdaBN-F
MAMEM2,EEGNetv4,5,4,0.232,0.2206666666666666,0.5183617042606516,0.248,0.2293333333333333,0.5213299248120301,6,50,FM-Full_A-None_AdaBN-F
MAMEM2,EEGNetv4,5,7,0.208,0.206,0.4999701253132832,0.184,0.1853333333333333,0.4887508771929824,6,50,FM-Full_A-None_AdaBN-F
Huebner2018,DeepConvNet,1,1,0.9506968275089293,0.9036855535785152,0.9875000545139752,0.980881014076616,0.9666892627093882,0.994445816379487,6,14000,FM-Full_A-None_AdaBN-F
Huebner2018,DeepConvNet,1,10,0.8743697478991597,0.7710508241758242,0.9224227198892376,0.940266106442577,0.9038690476190476,0.9746738182452468,6,14000,FM-Full_A-None_AdaBN-F
Huebner2018,DeepConvNet,1,11,0.8150935433956956,0.6584606182234157,0.8158176401907222,0.9307919538613024,0.8879983700935258,0.9634863831459752,6,14000,FM-Full_A-None_AdaBN-F
Huebner2018,DeepConvNet,2,3,0.9687675070028012,0.9567078754578756,0.9912489915838132,0.9844537815126052,0.9727335164835164,0.9956243322649572,6,14000,FM-Full_A-None_AdaBN-F
Huebner2018,DeepConvNet,2,6,0.819047619047619,0.6208333333333333,0.9209161733603696,0.9830532212885154,0.970684523809524,0.9971480627507412,6,14000,FM-Full_A-None_AdaBN-F
Huebner2018,DeepConvNet,2,9,0.7835282582813923,0.5540401806157026,0.788685910645053,0.9540584074515022,0.928547469679327,0.9825094363691076,6,14000,FM-Full_A-None_AdaBN-F
Huebner2018,DeepConvNet,3,2,0.9686274509803922,0.9472413003663004,0.9917240646258504,0.9852941176470588,0.9742101648351648,0.9970234688426652,6,14000,FM-Full_A-None_AdaBN-F
Huebner2018,DeepConvNet,3,12,0.8235994397759103,0.7931776556776557,0.8826871702206525,0.9411064425770308,0.9072000915750916,0.9745532034929356,6,14000,FM-Full_A-None_AdaBN-F
Huebner2018,DeepConvNet,4,5,0.8056606417262155,0.5990470136652792,0.8705058269413684,0.9372985848395684,0.9017313934919762,0.9727747154157612,6,14000,FM-Full_A-None_AdaBN-F
Huebner2018,DeepConvNet,4,8,0.7806022408963585,0.5488209706959707,0.7943273182670503,0.934453781512605,0.8983173076923077,0.9715344142464678,6,14000,FM-Full_A-None_AdaBN-F
Huebner2018,DeepConvNet,5,4,0.9392857142857144,0.8907623626373626,0.974840547597244,0.9657563025210084,0.9451579670329672,0.9878288254404326,6,14000,FM-Full_A-None_AdaBN-F
Huebner2018,DeepConvNet,5,7,0.8929672177080414,0.7995034047880787,0.938595732127589,0.9459232277949006,0.913033456786892,0.9775684093030764,6,14000,FM-Full_A-None_AdaBN-F
BNCI2014_001,ShallowConvNet,1,2,0.2951388888888889,0.2951388888888889,0.5679775913065843,0.4652777777777778,0.4652777777777777,0.6993754822530864,5,300,FM-Full_A-None_AdaBN-F
BNCI2014_001,ShallowConvNet,1,8,0.5954861111111112,0.5954861111111112,0.8582296489197531,0.7361111111111112,0.7361111111111112,0.9245515046296298,5,300,FM-Full_A-None_AdaBN-F
BNCI2014_001,ShallowConvNet,2,1,0.5538194444444444,0.5538194444444444,0.8169206532921811,0.7256944444444444,0.7256944444444444,0.9218066808127572,5,300,FM-Full_A-None_AdaBN-F
BNCI2014_001,ShallowConvNet,2,6,0.2829861111111111,0.2829861111111111,0.616773566100823,0.5,0.5,0.7516718106995884,5,300,FM-Full_A-None_AdaBN-F
BNCI2014_001,ShallowConvNet,3,3,0.546875,0.546875,0.8804052533436215,0.8177083333333334,0.8177083333333333,0.9586789480452674,5,300,FM-Full_A-None_AdaBN-F
BNCI2014_001,ShallowConvNet,3,9,0.5,0.4999999999999999,0.8150760352366255,0.7829861111111112,0.7829861111111112,0.9405221193415638,5,300,FM-Full_A-None_AdaBN-F
BNCI2014_001,ShallowConvNet,4,4,0.3836805555555556,0.3836805555555555,0.6855549125514404,0.5694444444444444,0.5694444444444444,0.8331504790380658,5,300,FM-Full_A-None_AdaBN-F
BNCI2014_001,ShallowConvNet,4,5,0.2760416666666667,0.2760416666666666,0.6097768775720165,0.4635416666666667,0.4635416666666667,0.7111183449074074,5,300,FM-Full_A-None_AdaBN-F
BNCI2014_001,ShallowConvNet,5,7,0.3576388888888889,0.3576388888888889,0.6471474729938271,0.6545138888888888,0.654513888888889,0.8731031378600822,5,300,FM-Full_A-None_AdaBN-F
Kalunga2016,ATCNet,1,1,0.375,0.375,0.6510416666666667,0.375,0.375,0.6380208333333333,8,64,FM-Full_A-None_AdaBN-F
Kalunga2016,ATCNet,1,10,0.3515625,0.3515625,0.633056640625,0.515625,0.515625,0.755126953125,8,64,FM-Full_A-None_AdaBN-F
Kalunga2016,ATCNet,1,11,0.375,0.375,0.595703125,0.4375,0.4375,0.6735026041666666,8,64,FM-Full_A-None_AdaBN-F
Kalunga2016,ATCNet,2,3,0.46875,0.46875,0.728515625,0.484375,0.484375,0.7584635416666667,8,64,FM-Full_A-None_AdaBN-F
Kalunga2016,ATCNet,2,6,0.3125,0.3125,0.6692708333333334,0.328125,0.328125,0.6774088541666666,8,64,FM-Full_A-None_AdaBN-F
Kalunga2016,ATCNet,2,9,0.296875,0.296875,0.57421875,0.296875,0.296875,0.6110026041666666,8,64,FM-Full_A-None_AdaBN-F
Kalunga2016,ATCNet,3,2,0.328125,0.328125,0.5706380208333333,0.34375,0.34375,0.634765625,8,64,FM-Full_A-None_AdaBN-F
Kalunga2016,ATCNet,3,12,0.68125,0.68125,0.8744791666666667,0.7375,0.7375,0.9199479166666666,8,64,FM-Full_A-None_AdaBN-F
Kalunga2016,ATCNet,4,5,0.453125,0.453125,0.7089843750000001,0.453125,0.453125,0.7067057291666666,8,64,FM-Full_A-None_AdaBN-F
Kalunga2016,ATCNet,4,8,0.59375,0.59375,0.8343098958333333,0.640625,0.640625,0.861328125,8,64,FM-Full_A-None_AdaBN-F
Kalunga2016,ATCNet,5,4,0.40625,0.40625,0.7041015625,0.515625,0.515625,0.7532552083333333,8,64,FM-Full_A-None_AdaBN-F
Kalunga2016,ATCNet,5,7,0.6145833333333334,0.6145833333333334,0.8585069444444444,0.6979166666666666,0.6979166666666666,0.9312789351851852,8,64,FM-Full_A-None_AdaBN-F
Yang2025,DeepConvNet,1,4,0.5933333333333334,0.5933333333333333,0.6523666666666667,0.5533333333333333,0.5533333333333333,0.5925666666666667,15,300,FM-Full_A-None_AdaBN-F
Yang2025,DeepConvNet,1,13,0.7683333333333333,0.7683333333333333,0.8468222222222223,0.8083333333333333,0.8083333333333333,0.8990388888888888,15,300,FM-Full_A-None_AdaBN-F
Yang2025,DeepConvNet,1,14,0.5816666666666667,0.5816666666666667,0.6216444444444444,0.59,0.5900000000000001,0.6319888888888889,15,300,FM-Full_A-None_AdaBN-F
Yang2025,DeepConvNet,1,18,0.6483333333333333,0.6483333333333333,0.730811111111111,0.6766666666666666,0.6766666666666667,0.7535000000000001,15,300,FM-Full_A-None_AdaBN-F
Yang2025,DeepConvNet,1,25,0.9466666666666668,0.9466666666666668,0.9903666666666666,0.9683333333333334,0.9683333333333332,0.9953277777777778,15,300,FM-Full_A-None_AdaBN-F
Yang2025,DeepConvNet,1,31,0.755,0.755,0.8288666666666668,0.7966666666666666,0.7966666666666666,0.8806333333333334,15,300,FM-Full_A-None_AdaBN-F
Yang2025,DeepConvNet,1,32,0.5676126878130217,0.5677369007803791,0.6104905239687848,0.6193656093489148,0.6195484949832776,0.6701114827201784,15,300,FM-Full_A-None_AdaBN-F
Yang2025,DeepConvNet,1,33,0.9633333333333334,0.9633333333333334,0.9902333333333334,0.975,0.975,0.9949666666666666,15,300,FM-Full_A-None_AdaBN-F
Yang2025,DeepConvNet,1,41,0.865,0.865,0.9561888888888888,0.9216666666666666,0.9216666666666666,0.9768111111111112,15,300,FM-Full_A-None_AdaBN-F
Yang2025,DeepConvNet,1,44,0.7383333333333333,0.7383333333333333,0.8256444444444445,0.735,0.735,0.8253333333333335,15,300,FM-Full_A-None_AdaBN-F
Yang2025,DeepConvNet,1,47,0.9166666666666666,0.9166666666666669,0.9755666666666668,0.92,0.92,0.9781222222222222,15,300,FM-Full_A-None_AdaBN-F
Yang2025,DeepConvNet,2,5,0.89,0.8899999999999999,0.9522111111111112,0.9033333333333332,0.9033333333333332,0.96,15,300,FM-Full_A-None_AdaBN-F
Yang2025,DeepConvNet,2,7,0.8233333333333334,0.8233333333333333,0.8905888888888889,0.81,0.81,0.9257555555555556,15,300,FM-Full_A-None_AdaBN-F
Yang2025,DeepConvNet,2,9,0.7233333333333334,0.7233333333333334,0.8116444444444445,0.7333333333333333,0.7333333333333334,0.808988888888889,15,300,FM-Full_A-None_AdaBN-F
Yang2025,DeepConvNet,2,16,0.6283333333333333,0.6283333333333333,0.6825888888888889,0.635,0.635,0.7078,15,300,FM-Full_A-None_AdaBN-F
Yang2025,DeepConvNet,2,20,0.7233333333333334,0.7233333333333334,0.8368777777777778,0.9266666666666666,0.9266666666666667,0.9794611111111112,15,300,FM-Full_A-None_AdaBN-F
Yang2025,DeepConvNet,2,34,0.5583333333333333,0.5583333333333333,0.5562777777777778,0.8166666666666667,0.8166666666666667,0.9002222222222223,15,300,FM-Full_A-None_AdaBN-F
Yang2025,DeepConvNet,2,37,0.8333333333333334,0.8333333333333333,0.9253888888888888,0.9316666666666666,0.9316666666666666,0.9771444444444446,15,300,FM-Full_A-None_AdaBN-F
Yang2025,DeepConvNet,2,48,0.8816666666666667,0.8816666666666666,0.951922222222222,0.9083333333333332,0.9083333333333332,0.9678555555555556,15,300,FM-Full_A-None_AdaBN-F
Yang2025,DeepConvNet,2,49,0.9233333333333332,0.9233333333333332,0.9752666666666664,0.965,0.965,0.9930111111111112,15,300,FM-Full_A-None_AdaBN-F
Yang2025,DeepConvNet,2,50,0.9516666666666668,0.9516666666666668,0.988688888888889,0.965,0.965,0.9915666666666668,15,300,FM-Full_A-None_AdaBN-F
Yang2025,DeepConvNet,3,1,0.9183333333333332,0.9183333333333332,0.9851888888888888,0.9616666666666668,0.9616666666666668,0.99405,15,300,FM-Full_A-None_AdaBN-F
Yang2025,DeepConvNet,3,10,0.84,0.8400000000000001,0.9240444444444446,0.8666666666666667,0.8666666666666667,0.9486555555555556,15,300,FM-Full_A-None_AdaBN-F
Yang2025,DeepConvNet,3,12,0.6083333333333333,0.6083333333333333,0.6582333333333334,0.5783333333333334,0.5783333333333334,0.6013111111111111,15,300,FM-Full_A-None_AdaBN-F
Yang2025,DeepConvNet,3,17,0.7933333333333333,0.7933333333333333,0.8930222222222223,0.8333333333333334,0.8333333333333333,0.9178277777777778,15,300,FM-Full_A-None_AdaBN-F
Yang2025,DeepConvNet,3,26,0.8697829716193656,0.8697937569676699,0.9435562987736902,0.9332220367278798,0.9332664437012264,0.9792642140468228,15,300,FM-Full_A-None_AdaBN-F
Yang2025,DeepConvNet,3,27,0.6666666666666666,0.6666666666666667,0.7128444444444446,0.7183333333333334,0.7183333333333333,0.81585,15,300,FM-Full_A-None_AdaBN-F
Yang2025,DeepConvNet,3,28,0.8483333333333334,0.8483333333333334,0.9057222222222224,0.8883333333333333,0.8883333333333333,0.9593777777777778,15,300,FM-Full_A-None_AdaBN-F
Yang2025,DeepConvNet,3,35,0.9383333333333334,0.9383333333333334,0.9912,0.9716666666666668,0.9716666666666668,0.9958,15,300,FM-Full_A-None_AdaBN-F
Yang2025,DeepConvNet,3,45,0.8916666666666667,0.8916666666666666,0.9535888888888888,0.9116666666666666,0.9116666666666666,0.9710888888888888,15,300,FM-Full_A-None_AdaBN-F
Yang2025,DeepConvNet,3,46,0.9733333333333334,0.9733333333333334,0.9987555555555556,0.995,0.995,0.9999111111111112,15,300,FM-Full_A-None_AdaBN-F
Yang2025,DeepConvNet,4,2,0.7033333333333334,0.7033333333333334,0.7832000000000001,0.6833333333333333,0.6833333333333333,0.7485166666666667,15,300,FM-Full_A-None_AdaBN-F
Yang2025,DeepConvNet,4,3,0.9666666666666668,0.9666666666666668,0.9912,0.965,0.965,0.9928,15,300,FM-Full_A-None_AdaBN-F
Yang2025,DeepConvNet,4,6,0.9216666666666666,0.9216666666666666,0.9789777777777778,0.9666666666666668,0.9666666666666666,0.9963555555555555,15,300,FM-Full_A-None_AdaBN-F
Yang2025,DeepConvNet,4,22,0.7983333333333333,0.7983333333333333,0.8671833333333335,0.8766666666666667,0.8766666666666667,0.9397888888888888,15,300,FM-Full_A-None_AdaBN-F
Yang2025,DeepConvNet,4,24,0.9478114478114478,0.9478051877380737,0.9915257119535644,0.9764309764309764,0.9763740250317432,0.9982541266098314,15,300,FM-Full_A-None_AdaBN-F
Yang2025,DeepConvNet,4,30,0.9416666666666668,0.9416666666666668,0.9833888888888888,0.9716666666666668,0.9716666666666668,0.9951833333333334,15,300,FM-Full_A-None_AdaBN-F
Yang2025,DeepConvNet,4,36,0.9216666666666666,0.9216666666666666,0.9815111111111112,0.9383333333333334,0.9383333333333334,0.9869444444444444,15,300,FM-Full_A-None_AdaBN-F
Yang2025,DeepConvNet,4,38,0.62,0.62,0.6824777777777777,0.72,0.72,0.817711111111111,15,300,FM-Full_A-None_AdaBN-F
Yang2025,DeepConvNet,4,40,0.8483333333333334,0.8483333333333334,0.9345555555555556,0.8633333333333333,0.8633333333333333,0.9422444444444444,15,300,FM-Full_A-None_AdaBN-F
Yang2025,DeepConvNet,4,42,0.8266666666666667,0.8266666666666667,0.9001333333333332,0.845,0.845,0.9171222222222222,15,300,FM-Full_A-None_AdaBN-F
Yang2025,DeepConvNet,5,8,0.9083333333333332,0.9083333333333334,0.9724666666666666,0.94,0.94,0.9785,15,300,FM-Full_A-None_AdaBN-F
Yang2025,DeepConvNet,5,11,0.835,0.835,0.9662111111111112,0.9216666666666666,0.9216666666666666,0.979111111111111,15,300,FM-Full_A-None_AdaBN-F
Yang2025,DeepConvNet,5,15,0.675,0.675,0.8017611111111111,0.82,0.8200000000000001,0.9113,15,300,FM-Full_A-None_AdaBN-F
Yang2025,DeepConvNet,5,19,0.8366666666666667,0.8366666666666667,0.9306444444444444,0.8633333333333333,0.8633333333333333,0.9482444444444444,15,300,FM-Full_A-None_AdaBN-F
Yang2025,DeepConvNet,5,21,0.8583333333333333,0.8583333333333334,0.9449,0.89,0.89,0.9602222222222222,15,300,FM-Full_A-None_AdaBN-F
Yang2025,DeepConvNet,5,23,0.9048414023372288,0.9047324414715718,0.97396878483835,0.9582637729549248,0.9582720178372351,0.9934559643255296,15,300,FM-Full_A-None_AdaBN-F
Yang2025,DeepConvNet,5,29,0.6916666666666667,0.6916666666666667,0.7889333333333334,0.8433333333333334,0.8433333333333334,0.9342111111111112,15,300,FM-Full_A-None_AdaBN-F
Yang2025,DeepConvNet,5,39,0.68,0.6799999999999999,0.7785333333333334,0.7666666666666667,0.7666666666666666,0.8578222222222223,15,300,FM-Full_A-None_AdaBN-F
Yang2025,DeepConvNet,5,43,0.99,0.99,0.9996888888888888,0.995,0.995,1.0,15,300,FM-Full_A-None_AdaBN-F
Yang2025,DeepConvNet,5,51,0.8866666666666667,0.8866666666666667,0.9547666666666668,0.9133333333333332,0.9133333333333332,0.9740555555555556,15,300,FM-Full_A-None_AdaBN-F
