dataset,model,fold,subject_id,zero_shot_accuracy,finetuned_accuracy,config_tag,num_trials,nt_numeric,nt_categorical
BI2015a,EEGNetv4,1,4,0.8826388888888889,0.9104166666666668,FM-Full_A-None_AdaBN-F,50,50,50
BI2015a,EEGNetv4,1,5,0.851010101010101,0.9023569023569024,FM-Full_A-None_AdaBN-F,50,50,50
BI2015a,EEGNetv4,1,7,0.8333333333333334,0.90359477124183,FM-Full_A-None_AdaBN-F,50,50,50
BI2015a,EEGNetv4,1,9,0.8603603603603603,0.8776276276276276,FM-Full_A-None_AdaBN-F,50,50,50
BI2015a,EEGNetv4,1,10,0.8530465949820788,0.8951612903225806,FM-Full_A-None_AdaBN-F,50,50,50
BI2015a,EEGNetv4,1,13,0.8450292397660819,0.9100877192982456,FM-Full_A-None_AdaBN-F,50,50,50
BI2015a,EEGNetv4,1,14,0.7977207977207977,0.8746438746438746,FM-Full_A-None_AdaBN-F,50,50,50
BI2015a,EEGNetv4,1,16,0.8714285714285714,0.9063492063492063,FM-Full_A-None_AdaBN-F,50,50,50
BI2015a,EEGNetv4,1,17,0.8617283950617284,0.8771604938271605,FM-Full_A-None_AdaBN-F,50,50,50
BI2015a,EEGNetv4,1,18,0.8067901234567901,0.8691358024691358,FM-Full_A-None_AdaBN-F,50,50,50
BI2015a,EEGNetv4,1,20,0.8475308641975309,0.895679012345679,FM-Full_A-None_AdaBN-F,50,50,50
BI2015a,EEGNetv4,1,25,0.8184865900383141,0.8467432950191571,FM-Full_A-None_AdaBN-F,50,50,50
BI2015a,EEGNetv4,1,26,0.9059139784946236,0.9399641577060932,FM-Full_A-None_AdaBN-F,50,50,50
BI2015a,EEGNetv4,1,27,0.8245428973277075,0.8428270042194093,FM-Full_A-None_AdaBN-F,50,50,50
BI2015a,EEGNetv4,1,28,0.8438888888888889,0.8577777777777778,FM-Full_A-None_AdaBN-F,50,50,50
BI2015a,EEGNetv4,1,31,0.8125925925925926,0.845925925925926,FM-Full_A-None_AdaBN-F,50,50,50
BI2015a,EEGNetv4,1,32,0.8817204301075269,0.8933691756272402,FM-Full_A-None_AdaBN-F,50,50,50
BI2015a,EEGNetv4,1,35,0.8333333333333334,0.8107890499194848,FM-Full_A-None_AdaBN-F,50,50,50
BI2015a,EEGNetv4,1,37,0.7575396825396825,0.8472222222222222,FM-Full_A-None_AdaBN-F,50,50,50
BI2015a,EEGNetv4,1,38,0.8108108108108109,0.9009009009009008,FM-Full_A-None_AdaBN-F,50,50,50
BI2015a,EEGNetv4,1,40,0.8436213991769548,0.8955761316872428,FM-Full_A-None_AdaBN-F,50,50,50
BI2015a,EEGNetv4,1,41,0.8141975308641975,0.8820987654320988,FM-Full_A-None_AdaBN-F,50,50,50
BI2015a,EEGNetv4,2,1,0.8218321226795803,0.83454398708636,FM-Full_A-None_AdaBN-F,50,50,50
BI2015a,EEGNetv4,2,2,0.8657407407407407,0.9093915343915344,FM-Full_A-None_AdaBN-F,50,50,50
BI2015a,EEGNetv4,2,3,0.8400383141762452,0.9348659003831418,FM-Full_A-None_AdaBN-F,50,50,50
BI2015a,EEGNetv4,2,6,0.7727272727272727,0.9021464646464646,FM-Full_A-None_AdaBN-F,50,50,50
BI2015a,EEGNetv4,2,8,0.8101851851851852,0.8955026455026455,FM-Full_A-None_AdaBN-F,50,50,50
BI2015a,EEGNetv4,2,11,0.7854166666666667,0.8763888888888889,FM-Full_A-None_AdaBN-F,50,50,50
BI2015a,EEGNetv4,2,12,0.8194444444444444,0.8633512544802867,FM-Full_A-None_AdaBN-F,50,50,50
BI2015a,EEGNetv4,2,15,0.8301587301587302,0.8912698412698413,FM-Full_A-None_AdaBN-F,50,50,50
BI2015a,EEGNetv4,2,19,0.855,0.8755555555555555,FM-Full_A-None_AdaBN-F,50,50,50
BI2015a,EEGNetv4,2,21,0.8904761904761904,0.9166666666666666,FM-Full_A-None_AdaBN-F,50,50,50
BI2015a,EEGNetv4,2,22,0.8516414141414141,0.8819444444444444,FM-Full_A-None_AdaBN-F,50,50,50
BI2015a,EEGNetv4,2,23,0.8472222222222222,0.868421052631579,FM-Full_A-None_AdaBN-F,50,50,50
BI2015a,EEGNetv4,2,24,0.8665123456790124,0.9097222222222222,FM-Full_A-None_AdaBN-F,50,50,50
BI2015a,EEGNetv4,2,29,0.8202614379084967,0.8507625272331155,FM-Full_A-None_AdaBN-F,50,50,50
BI2015a,EEGNetv4,2,30,0.8703703703703703,0.8847736625514403,FM-Full_A-None_AdaBN-F,50,50,50
BI2015a,EEGNetv4,2,33,0.8756613756613757,0.91005291005291,FM-Full_A-None_AdaBN-F,50,50,50
BI2015a,EEGNetv4,2,34,0.8555555555555555,0.8849206349206349,FM-Full_A-None_AdaBN-F,50,50,50
BI2015a,EEGNetv4,2,36,0.8444444444444444,0.9076388888888888,FM-Full_A-None_AdaBN-F,50,50,50
BI2015a,EEGNetv4,2,39,0.822562358276644,0.8662131519274376,FM-Full_A-None_AdaBN-F,50,50,50
BI2015a,EEGNetv4,2,42,0.8265107212475633,0.8255360623781677,FM-Full_A-None_AdaBN-F,50,50,50
BI2015a,EEGNetv4,2,43,0.8754789272030651,0.9233716475095786,FM-Full_A-None_AdaBN-F,50,50,50
BI2015a,DeepConvNet,1,4,0.8923611111111112,0.90625,FM-Full_A-None_AdaBN-F,50,50,50
BI2015a,DeepConvNet,1,5,0.8787878787878788,0.90993265993266,FM-Full_A-None_AdaBN-F,50,50,50
BI2015a,DeepConvNet,1,7,0.1772875816993464,0.8872549019607843,FM-Full_A-None_AdaBN-F,50,50,50
BI2015a,DeepConvNet,1,9,0.8483483483483484,0.8881381381381381,FM-Full_A-None_AdaBN-F,50,50,50
BI2015a,DeepConvNet,1,10,0.8512544802867383,0.9059139784946236,FM-Full_A-None_AdaBN-F,50,50,50
BI2015a,DeepConvNet,1,13,0.8508771929824561,0.9027777777777778,FM-Full_A-None_AdaBN-F,50,50,50
BI2015a,DeepConvNet,1,14,0.8198005698005698,0.8461538461538461,FM-Full_A-None_AdaBN-F,50,50,50
BI2015a,DeepConvNet,1,16,0.8666666666666667,0.9134920634920636,FM-Full_A-None_AdaBN-F,50,50,50
BI2015a,DeepConvNet,1,17,0.8623456790123457,0.8839506172839506,FM-Full_A-None_AdaBN-F,50,50,50
BI2015a,DeepConvNet,1,18,0.804320987654321,0.8746913580246913,FM-Full_A-None_AdaBN-F,50,50,50
BI2015a,DeepConvNet,1,20,0.8512345679012345,0.904320987654321,FM-Full_A-None_AdaBN-F,50,50,50
BI2015a,DeepConvNet,1,25,0.835727969348659,0.8611111111111112,FM-Full_A-None_AdaBN-F,50,50,50
BI2015a,DeepConvNet,1,26,0.8978494623655914,0.9310035842293908,FM-Full_A-None_AdaBN-F,50,50,50
BI2015a,DeepConvNet,1,27,0.8375527426160337,0.8213783403656821,FM-Full_A-None_AdaBN-F,50,50,50
BI2015a,DeepConvNet,1,28,0.8461111111111111,0.8561111111111112,FM-Full_A-None_AdaBN-F,50,50,50
BI2015a,DeepConvNet,1,31,0.8314814814814815,0.8240740740740741,FM-Full_A-None_AdaBN-F,50,50,50
BI2015a,DeepConvNet,1,32,0.8718637992831542,0.8862007168458781,FM-Full_A-None_AdaBN-F,50,50,50
BI2015a,DeepConvNet,1,35,0.8349436392914654,0.8079710144927537,FM-Full_A-None_AdaBN-F,50,50,50
BI2015a,DeepConvNet,1,37,0.7968253968253968,0.8472222222222222,FM-Full_A-None_AdaBN-F,50,50,50
BI2015a,DeepConvNet,1,38,0.8325825825825826,0.9084084084084084,FM-Full_A-None_AdaBN-F,50,50,50
BI2015a,DeepConvNet,1,40,0.845164609053498,0.8950617283950617,FM-Full_A-None_AdaBN-F,50,50,50
BI2015a,DeepConvNet,1,41,0.7913580246913581,0.8858024691358025,FM-Full_A-None_AdaBN-F,50,50,50
BI2015a,DeepConvNet,2,1,0.8250605326876513,0.8147699757869249,FM-Full_A-None_AdaBN-F,50,50,50
BI2015a,DeepConvNet,2,2,0.8465608465608465,0.8842592592592593,FM-Full_A-None_AdaBN-F,50,50,50
BI2015a,DeepConvNet,2,3,0.8419540229885057,0.9118773946360154,FM-Full_A-None_AdaBN-F,50,50,50
BI2015a,DeepConvNet,2,6,0.8200757575757576,0.8832070707070707,FM-Full_A-None_AdaBN-F,50,50,50
BI2015a,DeepConvNet,2,8,0.8247354497354498,0.8736772486772487,FM-Full_A-None_AdaBN-F,50,50,50
BI2015a,DeepConvNet,2,11,0.8041666666666667,0.8534722222222222,FM-Full_A-None_AdaBN-F,50,50,50
BI2015a,DeepConvNet,2,12,0.8409498207885304,0.8351254480286738,FM-Full_A-None_AdaBN-F,50,50,50
BI2015a,DeepConvNet,2,15,0.8333333333333334,0.8714285714285714,FM-Full_A-None_AdaBN-F,50,50,50
BI2015a,DeepConvNet,2,19,0.8288888888888889,0.8538888888888889,FM-Full_A-None_AdaBN-F,50,50,50
BI2015a,DeepConvNet,2,21,0.8428571428571429,0.8873015873015873,FM-Full_A-None_AdaBN-F,50,50,50
BI2015a,DeepConvNet,2,22,0.8390151515151515,0.8661616161616161,FM-Full_A-None_AdaBN-F,50,50,50
BI2015a,DeepConvNet,2,23,0.8347953216374269,0.8596491228070176,FM-Full_A-None_AdaBN-F,50,50,50
BI2015a,DeepConvNet,2,24,0.8433641975308642,0.8850308641975309,FM-Full_A-None_AdaBN-F,50,50,50
BI2015a,DeepConvNet,2,29,0.8289760348583878,0.840958605664488,FM-Full_A-None_AdaBN-F,50,50,50
BI2015a,DeepConvNet,2,30,0.8281893004115226,0.8899176954732511,FM-Full_A-None_AdaBN-F,50,50,50
BI2015a,DeepConvNet,2,33,0.8306878306878307,0.8869047619047619,FM-Full_A-None_AdaBN-F,50,50,50
BI2015a,DeepConvNet,2,34,0.8333333333333334,0.8666666666666667,FM-Full_A-None_AdaBN-F,50,50,50
BI2015a,DeepConvNet,2,36,0.8243055555555555,0.8680555555555556,FM-Full_A-None_AdaBN-F,50,50,50
BI2015a,DeepConvNet,2,39,0.8412698412698413,0.8707482993197279,FM-Full_A-None_AdaBN-F,50,50,50
BI2015a,DeepConvNet,2,42,0.8367446393762183,0.8167641325536062,FM-Full_A-None_AdaBN-F,50,50,50
BI2015a,DeepConvNet,2,43,0.8477011494252874,0.9243295019157088,FM-Full_A-None_AdaBN-F,50,50,50
BI2015a,ATCNet,1,4,0.85625,0.8965277777777778,FM-Full_A-None_AdaBN-F,50,50,50
BI2015a,ATCNet,1,5,0.8375420875420876,0.8863636363636364,FM-Full_A-None_AdaBN-F,50,50,50
BI2015a,ATCNet,1,7,0.8333333333333334,0.8627450980392157,FM-Full_A-None_AdaBN-F,50,50,50
BI2015a,ATCNet,1,9,0.8198198198198198,0.8888888888888888,FM-Full_A-None_AdaBN-F,50,50,50
BI2015a,ATCNet,1,10,0.8494623655913979,0.8915770609318996,FM-Full_A-None_AdaBN-F,50,50,50
BI2015a,ATCNet,1,13,0.8252923976608187,0.9108187134502924,FM-Full_A-None_AdaBN-F,50,50,50
BI2015a,ATCNet,1,14,0.7891737891737892,0.8618233618233618,FM-Full_A-None_AdaBN-F,50,50,50
BI2015a,ATCNet,1,16,0.8357142857142857,0.8944444444444445,FM-Full_A-None_AdaBN-F,50,50,50
BI2015a,ATCNet,1,17,0.8395061728395061,0.8598765432098765,FM-Full_A-None_AdaBN-F,50,50,50
BI2015a,ATCNet,1,18,0.7635802469135803,0.8524691358024692,FM-Full_A-None_AdaBN-F,50,50,50
BI2015a,ATCNet,1,20,0.8098765432098766,0.8746913580246913,FM-Full_A-None_AdaBN-F,50,50,50
BI2015a,ATCNet,1,25,0.8251915708812261,0.8333333333333334,FM-Full_A-None_AdaBN-F,50,50,50
BI2015a,ATCNet,1,26,0.8781362007168458,0.9077060931899642,FM-Full_A-None_AdaBN-F,50,50,50
BI2015a,ATCNet,1,27,0.789381153305204,0.8073136427566807,FM-Full_A-None_AdaBN-F,50,50,50
BI2015a,ATCNet,1,28,0.8072222222222222,0.825,FM-Full_A-None_AdaBN-F,50,50,50
BI2015a,ATCNet,1,31,0.7844444444444445,0.8237037037037037,FM-Full_A-None_AdaBN-F,50,50,50
BI2015a,ATCNet,1,32,0.8225806451612904,0.8736559139784946,FM-Full_A-None_AdaBN-F,50,50,50
BI2015a,ATCNet,1,35,0.821658615136876,0.7894524959742351,FM-Full_A-None_AdaBN-F,50,50,50
BI2015a,ATCNet,1,37,0.7265873015873016,0.8202380952380952,FM-Full_A-None_AdaBN-F,50,50,50
BI2015a,ATCNet,1,38,0.7732732732732732,0.8701201201201201,FM-Full_A-None_AdaBN-F,50,50,50
BI2015a,ATCNet,1,40,0.8240740740740741,0.8662551440329218,FM-Full_A-None_AdaBN-F,50,50,50
BI2015a,ATCNet,1,41,0.778395061728395,0.8820987654320988,FM-Full_A-None_AdaBN-F,50,50,50
BI2015a,ATCNet,2,1,0.8044794188861986,0.8254640839386602,FM-Full_A-None_AdaBN-F,50,50,50
BI2015a,ATCNet,2,2,0.8154761904761905,0.8849206349206349,FM-Full_A-None_AdaBN-F,50,50,50
BI2015a,ATCNet,2,3,0.7844827586206896,0.9003831417624522,FM-Full_A-None_AdaBN-F,50,50,50
BI2015a,ATCNet,2,6,0.7727272727272727,0.8869949494949495,FM-Full_A-None_AdaBN-F,50,50,50
BI2015a,ATCNet,2,8,0.791005291005291,0.878968253968254,FM-Full_A-None_AdaBN-F,50,50,50
BI2015a,ATCNet,2,11,0.7777777777777778,0.8458333333333333,FM-Full_A-None_AdaBN-F,50,50,50
BI2015a,ATCNet,2,12,0.8109318996415771,0.8422939068100358,FM-Full_A-None_AdaBN-F,50,50,50
BI2015a,ATCNet,2,15,0.803968253968254,0.8706349206349207,FM-Full_A-None_AdaBN-F,50,50,50
BI2015a,ATCNet,2,19,0.7972222222222223,0.8394444444444444,FM-Full_A-None_AdaBN-F,50,50,50
BI2015a,ATCNet,2,21,0.8468253968253968,0.8944444444444445,FM-Full_A-None_AdaBN-F,50,50,50
BI2015a,ATCNet,2,22,0.8061868686868687,0.8667929292929293,FM-Full_A-None_AdaBN-F,50,50,50
BI2015a,ATCNet,2,23,0.820906432748538,0.8435672514619883,FM-Full_A-None_AdaBN-F,50,50,50
BI2015a,ATCNet,2,24,0.8217592592592593,0.8827160493827161,FM-Full_A-None_AdaBN-F,50,50,50
BI2015a,ATCNet,2,29,0.7984749455337691,0.826797385620915,FM-Full_A-None_AdaBN-F,50,50,50
BI2015a,ATCNet,2,30,0.8220164609053497,0.8580246913580247,FM-Full_A-None_AdaBN-F,50,50,50
BI2015a,ATCNet,2,33,0.8359788359788359,0.8783068783068783,FM-Full_A-None_AdaBN-F,50,50,50
BI2015a,ATCNet,2,34,0.803968253968254,0.8547619047619047,FM-Full_A-None_AdaBN-F,50,50,50
BI2015a,ATCNet,2,36,0.76875,0.8465277777777778,FM-Full_A-None_AdaBN-F,50,50,50
BI2015a,ATCNet,2,39,0.8361678004535147,0.8639455782312925,FM-Full_A-None_AdaBN-F,50,50,50
BI2015a,ATCNet,2,42,0.807504873294347,0.8221247563352827,FM-Full_A-None_AdaBN-F,50,50,50
BI2015a,ATCNet,2,43,0.85727969348659,0.9118773946360154,FM-Full_A-None_AdaBN-F,50,50,50
BI2015a,ShallowConvNet,1,4,0.84375,0.8701388888888889,FM-Full_A-None_AdaBN-F,50,50,50
BI2015a,ShallowConvNet,1,5,0.8476430976430976,0.8821548821548821,FM-Full_A-None_AdaBN-F,50,50,50
BI2015a,ShallowConvNet,1,7,0.2254901960784313,0.8300653594771242,FM-Full_A-None_AdaBN-F,50,50,50
BI2015a,ShallowConvNet,1,9,0.8318318318318318,0.8581081081081081,FM-Full_A-None_AdaBN-F,50,50,50
BI2015a,ShallowConvNet,1,10,0.8216845878136201,0.8494623655913979,FM-Full_A-None_AdaBN-F,50,50,50
BI2015a,ShallowConvNet,1,13,0.85453216374269,0.8859649122807017,FM-Full_A-None_AdaBN-F,50,50,50
BI2015a,ShallowConvNet,1,14,0.7870370370370371,0.8326210826210826,FM-Full_A-None_AdaBN-F,50,50,50
BI2015a,ShallowConvNet,1,16,0.8253968253968254,0.8547619047619047,FM-Full_A-None_AdaBN-F,50,50,50
BI2015a,ShallowConvNet,1,17,0.8037037037037037,0.8308641975308642,FM-Full_A-None_AdaBN-F,50,50,50
BI2015a,ShallowConvNet,1,18,0.7895061728395062,0.825925925925926,FM-Full_A-None_AdaBN-F,50,50,50
BI2015a,ShallowConvNet,1,20,0.8049382716049382,0.8432098765432099,FM-Full_A-None_AdaBN-F,50,50,50
BI2015a,ShallowConvNet,1,25,0.8189655172413793,0.8089080459770115,FM-Full_A-None_AdaBN-F,50,50,50
BI2015a,ShallowConvNet,1,26,0.8440860215053764,0.8862007168458781,FM-Full_A-None_AdaBN-F,50,50,50
BI2015a,ShallowConvNet,1,27,0.8217299578059072,0.8066104078762306,FM-Full_A-None_AdaBN-F,50,50,50
BI2015a,ShallowConvNet,1,28,0.8288888888888889,0.8255555555555556,FM-Full_A-None_AdaBN-F,50,50,50
BI2015a,ShallowConvNet,1,31,0.8033333333333333,0.8059259259259259,FM-Full_A-None_AdaBN-F,50,50,50
BI2015a,ShallowConvNet,1,32,0.8369175627240143,0.8449820788530465,FM-Full_A-None_AdaBN-F,50,50,50
BI2015a,ShallowConvNet,1,35,0.8349436392914654,0.7954911433172303,FM-Full_A-None_AdaBN-F,50,50,50
BI2015a,ShallowConvNet,1,37,0.8055555555555556,0.7976190476190477,FM-Full_A-None_AdaBN-F,50,50,50
BI2015a,ShallowConvNet,1,38,0.825075075075075,0.8393393393393394,FM-Full_A-None_AdaBN-F,50,50,50
BI2015a,ShallowConvNet,1,40,0.8281893004115226,0.8482510288065843,FM-Full_A-None_AdaBN-F,50,50,50
BI2015a,ShallowConvNet,1,41,0.6771604938271605,0.837037037037037,FM-Full_A-None_AdaBN-F,50,50,50
BI2015a,ShallowConvNet,2,1,0.5320823244552058,0.8163841807909604,FM-Full_A-None_AdaBN-F,50,50,50
BI2015a,ShallowConvNet,2,2,0.8141534391534392,0.8406084656084656,FM-Full_A-None_AdaBN-F,50,50,50
BI2015a,ShallowConvNet,2,3,0.8304597701149425,0.89272030651341,FM-Full_A-None_AdaBN-F,50,50,50
BI2015a,ShallowConvNet,2,6,0.8080808080808081,0.836489898989899,FM-Full_A-None_AdaBN-F,50,50,50
BI2015a,ShallowConvNet,2,8,0.8141534391534392,0.8187830687830688,FM-Full_A-None_AdaBN-F,50,50,50
BI2015a,ShallowConvNet,2,11,0.8263888888888888,0.8201388888888889,FM-Full_A-None_AdaBN-F,50,50,50
BI2015a,ShallowConvNet,2,12,0.8279569892473119,0.8252688172043011,FM-Full_A-None_AdaBN-F,50,50,50
BI2015a,ShallowConvNet,2,15,0.8087301587301587,0.8301587301587302,FM-Full_A-None_AdaBN-F,50,50,50
BI2015a,ShallowConvNet,2,19,0.8261111111111111,0.825,FM-Full_A-None_AdaBN-F,50,50,50
BI2015a,ShallowConvNet,2,21,0.8095238095238095,0.8444444444444444,FM-Full_A-None_AdaBN-F,50,50,50
BI2015a,ShallowConvNet,2,22,0.8282828282828283,0.8156565656565656,FM-Full_A-None_AdaBN-F,50,50,50
BI2015a,ShallowConvNet,2,23,0.8223684210526315,0.8318713450292398,FM-Full_A-None_AdaBN-F,50,50,50
BI2015a,ShallowConvNet,2,24,0.8310185185185185,0.8302469135802469,FM-Full_A-None_AdaBN-F,50,50,50
BI2015a,ShallowConvNet,2,29,0.8240740740740741,0.8186274509803921,FM-Full_A-None_AdaBN-F,50,50,50
BI2015a,ShallowConvNet,2,30,0.7962962962962963,0.8724279835390947,FM-Full_A-None_AdaBN-F,50,50,50
BI2015a,ShallowConvNet,2,33,0.8253968253968254,0.8432539682539683,FM-Full_A-None_AdaBN-F,50,50,50
BI2015a,ShallowConvNet,2,34,0.834920634920635,0.8142857142857143,FM-Full_A-None_AdaBN-F,50,50,50
BI2015a,ShallowConvNet,2,36,0.8173611111111111,0.8083333333333333,FM-Full_A-None_AdaBN-F,50,50,50
BI2015a,ShallowConvNet,2,39,0.8333333333333334,0.81859410430839,FM-Full_A-None_AdaBN-F,50,50,50
BI2015a,ShallowConvNet,2,42,0.8245614035087719,0.8065302144249513,FM-Full_A-None_AdaBN-F,50,50,50
BI2015a,ShallowConvNet,2,43,0.8371647509578544,0.8745210727969349,FM-Full_A-None_AdaBN-F,50,50,50
BI2015a,ATCNet,1,4,0.8819444444444444,0.9173611111111112,FM-Full_A-None_AdaBN-F,250,250,250
BI2015a,ATCNet,1,5,0.8846801346801347,0.9183501683501684,FM-Full_A-None_AdaBN-F,250,250,250
BI2015a,ATCNet,1,7,0.8333333333333334,0.9142156862745098,FM-Full_A-None_AdaBN-F,250,250,250
BI2015a,ATCNet,1,9,0.8363363363363363,0.9031531531531533,FM-Full_A-None_AdaBN-F,250,250,250
BI2015a,ATCNet,1,10,0.8745519713261649,0.9310035842293908,FM-Full_A-None_AdaBN-F,250,250,250
BI2015a,ATCNet,1,13,0.8837719298245614,0.929093567251462,FM-Full_A-None_AdaBN-F,250,250,250
BI2015a,ATCNet,1,14,0.7649572649572649,0.8653846153846154,FM-Full_A-None_AdaBN-F,250,250,250
BI2015a,ATCNet,1,16,0.8952380952380953,0.9166666666666666,FM-Full_A-None_AdaBN-F,250,250,250
BI2015a,ATCNet,1,17,0.8709876543209877,0.8839506172839506,FM-Full_A-None_AdaBN-F,250,250,250
BI2015a,ATCNet,1,18,0.7944444444444444,0.8666666666666667,FM-Full_A-None_AdaBN-F,250,250,250
BI2015a,ATCNet,1,20,0.8635802469135803,0.912962962962963,FM-Full_A-None_AdaBN-F,250,250,250
BI2015a,ATCNet,1,25,0.7907088122605364,0.8558429118773946,FM-Full_A-None_AdaBN-F,250,250,250
BI2015a,ATCNet,1,26,0.9130824372759856,0.9327956989247312,FM-Full_A-None_AdaBN-F,250,250,250
BI2015a,ATCNet,1,27,0.8347398030942335,0.8326300984528833,FM-Full_A-None_AdaBN-F,250,250,250
BI2015a,ATCNet,1,28,0.8594444444444445,0.8555555555555555,FM-Full_A-None_AdaBN-F,250,250,250
BI2015a,ATCNet,1,31,0.8151851851851852,0.8448148148148148,FM-Full_A-None_AdaBN-F,250,250,250
BI2015a,ATCNet,1,32,0.8906810035842294,0.9014336917562724,FM-Full_A-None_AdaBN-F,250,250,250
BI2015a,ATCNet,1,35,0.8397745571658615,0.8156199677938808,FM-Full_A-None_AdaBN-F,250,250,250
BI2015a,ATCNet,1,37,0.7246031746031746,0.8353174603174603,FM-Full_A-None_AdaBN-F,250,250,250
BI2015a,ATCNet,1,38,0.8378378378378378,0.9061561561561562,FM-Full_A-None_AdaBN-F,250,250,250
BI2015a,ATCNet,1,40,0.8533950617283951,0.8981481481481481,FM-Full_A-None_AdaBN-F,250,250,250
BI2015a,ATCNet,1,41,0.8098765432098766,0.891358024691358,FM-Full_A-None_AdaBN-F,250,250,250
BI2015a,ATCNet,2,1,0.8333333333333334,0.8436238902340597,FM-Full_A-None_AdaBN-F,250,250,250
BI2015a,ATCNet,2,2,0.8670634920634921,0.9093915343915344,FM-Full_A-None_AdaBN-F,250,250,250
BI2015a,ATCNet,2,3,0.8055555555555556,0.9310344827586208,FM-Full_A-None_AdaBN-F,250,250,250
BI2015a,ATCNet,2,6,0.7619949494949495,0.8964646464646465,FM-Full_A-None_AdaBN-F,250,250,250
BI2015a,ATCNet,2,8,0.826058201058201,0.9074074074074074,FM-Full_A-None_AdaBN-F,250,250,250
BI2015a,ATCNet,2,11,0.7826388888888889,0.8722222222222222,FM-Full_A-None_AdaBN-F,250,250,250
BI2015a,ATCNet,2,12,0.8239247311827957,0.853494623655914,FM-Full_A-None_AdaBN-F,250,250,250
BI2015a,ATCNet,2,15,0.8634920634920635,0.9023809523809524,FM-Full_A-None_AdaBN-F,250,250,250
BI2015a,ATCNet,2,19,0.8544444444444445,0.8827777777777778,FM-Full_A-None_AdaBN-F,250,250,250
BI2015a,ATCNet,2,21,0.9023809523809524,0.9325396825396826,FM-Full_A-None_AdaBN-F,250,250,250
BI2015a,ATCNet,2,22,0.8579545454545454,0.8939393939393939,FM-Full_A-None_AdaBN-F,250,250,250
BI2015a,ATCNet,2,23,0.8691520467836257,0.8713450292397661,FM-Full_A-None_AdaBN-F,250,250,250
BI2015a,ATCNet,2,24,0.8665123456790124,0.922067901234568,FM-Full_A-None_AdaBN-F,250,250,250
BI2015a,ATCNet,2,29,0.8251633986928104,0.8431372549019608,FM-Full_A-None_AdaBN-F,250,250,250
BI2015a,ATCNet,2,30,0.8765432098765432,0.8960905349794238,FM-Full_A-None_AdaBN-F,250,250,250
BI2015a,ATCNet,2,33,0.8783068783068783,0.8948412698412699,FM-Full_A-None_AdaBN-F,250,250,250
BI2015a,ATCNet,2,34,0.8682539682539683,0.8920634920634921,FM-Full_A-None_AdaBN-F,250,250,250
BI2015a,ATCNet,2,36,0.8236111111111111,0.9090277777777778,FM-Full_A-None_AdaBN-F,250,250,250
BI2015a,ATCNet,2,39,0.8327664399092971,0.8854875283446711,FM-Full_A-None_AdaBN-F,250,250,250
BI2015a,ATCNet,2,42,0.8425925925925926,0.844541910331384,FM-Full_A-None_AdaBN-F,250,250,250
BI2015a,ATCNet,2,43,0.9099616858237548,0.9262452107279694,FM-Full_A-None_AdaBN-F,250,250,250
BI2015a,DeepConvNet,1,4,0.8944444444444445,0.9347222222222222,FM-Full_A-None_AdaBN-F,250,250,250
BI2015a,DeepConvNet,1,5,0.8880471380471381,0.9183501683501684,FM-Full_A-None_AdaBN-F,250,250,250
BI2015a,DeepConvNet,1,7,0.8545751633986928,0.9264705882352942,FM-Full_A-None_AdaBN-F,250,250,250
BI2015a,DeepConvNet,1,9,0.8536036036036037,0.8873873873873874,FM-Full_A-None_AdaBN-F,250,250,250
BI2015a,DeepConvNet,1,10,0.8682795698924731,0.9247311827956988,FM-Full_A-None_AdaBN-F,250,250,250
BI2015a,DeepConvNet,1,13,0.8888888888888888,0.932748538011696,FM-Full_A-None_AdaBN-F,250,250,250
BI2015a,DeepConvNet,1,14,0.8005698005698005,0.8668091168091168,FM-Full_A-None_AdaBN-F,250,250,250
BI2015a,DeepConvNet,1,16,0.8952380952380953,0.923809523809524,FM-Full_A-None_AdaBN-F,250,250,250
BI2015a,DeepConvNet,1,17,0.8641975308641975,0.8944444444444445,FM-Full_A-None_AdaBN-F,250,250,250
BI2015a,DeepConvNet,1,18,0.8376543209876544,0.8962962962962963,FM-Full_A-None_AdaBN-F,250,250,250
BI2015a,DeepConvNet,1,20,0.8820987654320988,0.9290123456790124,FM-Full_A-None_AdaBN-F,250,250,250
BI2015a,DeepConvNet,1,25,0.828544061302682,0.8812260536398467,FM-Full_A-None_AdaBN-F,250,250,250
BI2015a,DeepConvNet,1,26,0.921146953405018,0.949820788530466,FM-Full_A-None_AdaBN-F,250,250,250
BI2015a,DeepConvNet,1,27,0.8421237693389592,0.8554852320675106,FM-Full_A-None_AdaBN-F,250,250,250
BI2015a,DeepConvNet,1,28,0.8611111111111112,0.8827777777777778,FM-Full_A-None_AdaBN-F,250,250,250
BI2015a,DeepConvNet,1,31,0.8162962962962963,0.8448148148148148,FM-Full_A-None_AdaBN-F,250,250,250
BI2015a,DeepConvNet,1,32,0.8924731182795699,0.913978494623656,FM-Full_A-None_AdaBN-F,250,250,250
BI2015a,DeepConvNet,1,35,0.8353462157809984,0.8289049919484702,FM-Full_A-None_AdaBN-F,250,250,250
BI2015a,DeepConvNet,1,37,0.7722222222222223,0.8650793650793651,FM-Full_A-None_AdaBN-F,250,250,250
BI2015a,DeepConvNet,1,38,0.8528528528528528,0.9264264264264264,FM-Full_A-None_AdaBN-F,250,250,250
BI2015a,DeepConvNet,1,40,0.8569958847736625,0.9099794238683128,FM-Full_A-None_AdaBN-F,250,250,250
BI2015a,DeepConvNet,1,41,0.8111111111111111,0.9024691358024692,FM-Full_A-None_AdaBN-F,250,250,250
BI2015a,DeepConvNet,2,1,0.8321226795803067,0.8533091202582728,FM-Full_A-None_AdaBN-F,250,250,250
BI2015a,DeepConvNet,2,2,0.875,0.9166666666666666,FM-Full_A-None_AdaBN-F,250,250,250
BI2015a,DeepConvNet,2,3,0.8716475095785441,0.943486590038314,FM-Full_A-None_AdaBN-F,250,250,250
BI2015a,DeepConvNet,2,6,0.8042929292929293,0.9097222222222222,FM-Full_A-None_AdaBN-F,250,250,250
BI2015a,DeepConvNet,2,8,0.8637566137566137,0.9153439153439152,FM-Full_A-None_AdaBN-F,250,250,250
BI2015a,DeepConvNet,2,11,0.825,0.8909722222222223,FM-Full_A-None_AdaBN-F,250,250,250
BI2015a,DeepConvNet,2,12,0.8418458781362007,0.8620071684587813,FM-Full_A-None_AdaBN-F,250,250,250
BI2015a,DeepConvNet,2,15,0.8873015873015873,0.919047619047619,FM-Full_A-None_AdaBN-F,250,250,250
BI2015a,DeepConvNet,2,19,0.8583333333333333,0.8944444444444445,FM-Full_A-None_AdaBN-F,250,250,250
BI2015a,DeepConvNet,2,21,0.9103174603174604,0.9396825396825396,FM-Full_A-None_AdaBN-F,250,250,250
BI2015a,DeepConvNet,2,22,0.8756313131313131,0.9090909090909092,FM-Full_A-None_AdaBN-F,250,250,250
BI2015a,DeepConvNet,2,23,0.8757309941520468,0.8910818713450293,FM-Full_A-None_AdaBN-F,250,250,250
BI2015a,DeepConvNet,2,24,0.8819444444444444,0.9359567901234568,FM-Full_A-None_AdaBN-F,250,250,250
BI2015a,DeepConvNet,2,29,0.8453159041394336,0.8774509803921569,FM-Full_A-None_AdaBN-F,250,250,250
BI2015a,DeepConvNet,2,30,0.8415637860082305,0.9495884773662552,FM-Full_A-None_AdaBN-F,250,250,250
BI2015a,DeepConvNet,2,33,0.8822751322751323,0.9285714285714286,FM-Full_A-None_AdaBN-F,250,250,250
BI2015a,DeepConvNet,2,34,0.8841269841269841,0.9087301587301588,FM-Full_A-None_AdaBN-F,250,250,250
BI2015a,DeepConvNet,2,36,0.8333333333333334,0.9277777777777778,FM-Full_A-None_AdaBN-F,250,250,250
BI2015a,DeepConvNet,2,39,0.4892290249433106,0.8945578231292517,FM-Full_A-None_AdaBN-F,250,250,250
BI2015a,DeepConvNet,2,42,0.8523391812865497,0.8518518518518519,FM-Full_A-None_AdaBN-F,250,250,250
BI2015a,DeepConvNet,2,43,0.9185823754789272,0.9511494252873564,FM-Full_A-None_AdaBN-F,250,250,250
BI2015a,ShallowConvNet,1,4,0.8027777777777778,0.8888888888888888,FM-Full_A-None_AdaBN-F,250,250,250
BI2015a,ShallowConvNet,1,5,0.8712121212121212,0.8947811447811448,FM-Full_A-None_AdaBN-F,250,250,250
BI2015a,ShallowConvNet,1,7,0.343954248366013,0.8439542483660131,FM-Full_A-None_AdaBN-F,250,250,250
BI2015a,ShallowConvNet,1,9,0.8363363363363363,0.8693693693693694,FM-Full_A-None_AdaBN-F,250,250,250
BI2015a,ShallowConvNet,1,10,0.8378136200716846,0.8727598566308243,FM-Full_A-None_AdaBN-F,250,250,250
BI2015a,ShallowConvNet,1,13,0.8516081871345029,0.8961988304093568,FM-Full_A-None_AdaBN-F,250,250,250
BI2015a,ShallowConvNet,1,14,0.7977207977207977,0.8518518518518519,FM-Full_A-None_AdaBN-F,250,250,250
BI2015a,ShallowConvNet,1,16,0.8428571428571429,0.8658730158730159,FM-Full_A-None_AdaBN-F,250,250,250
BI2015a,ShallowConvNet,1,17,0.8314814814814815,0.8574074074074074,FM-Full_A-None_AdaBN-F,250,250,250
BI2015a,ShallowConvNet,1,18,0.7469135802469136,0.8401234567901235,FM-Full_A-None_AdaBN-F,250,250,250
BI2015a,ShallowConvNet,1,20,0.828395061728395,0.8561728395061728,FM-Full_A-None_AdaBN-F,250,250,250
BI2015a,ShallowConvNet,1,25,0.8338122605363985,0.828544061302682,FM-Full_A-None_AdaBN-F,250,250,250
BI2015a,ShallowConvNet,1,26,0.8781362007168458,0.9086021505376344,FM-Full_A-None_AdaBN-F,250,250,250
BI2015a,ShallowConvNet,1,27,0.8294655414908579,0.8150492264416315,FM-Full_A-None_AdaBN-F,250,250,250
BI2015a,ShallowConvNet,1,28,0.8372222222222222,0.8494444444444444,FM-Full_A-None_AdaBN-F,250,250,250
BI2015a,ShallowConvNet,1,31,0.8122222222222222,0.8222222222222222,FM-Full_A-None_AdaBN-F,250,250,250
BI2015a,ShallowConvNet,1,32,0.8646953405017921,0.8808243727598566,FM-Full_A-None_AdaBN-F,250,250,250
BI2015a,ShallowConvNet,1,35,0.8357487922705314,0.8083735909822867,FM-Full_A-None_AdaBN-F,250,250,250
BI2015a,ShallowConvNet,1,37,0.7023809523809523,0.8103174603174603,FM-Full_A-None_AdaBN-F,250,250,250
BI2015a,ShallowConvNet,1,38,0.8295795795795796,0.8686186186186187,FM-Full_A-None_AdaBN-F,250,250,250
BI2015a,ShallowConvNet,1,40,0.8410493827160493,0.8719135802469136,FM-Full_A-None_AdaBN-F,250,250,250
BI2015a,ShallowConvNet,1,41,0.7555555555555555,0.8580246913580247,FM-Full_A-None_AdaBN-F,250,250,250
BI2015a,ShallowConvNet,2,1,0.7530266343825666,0.8286924939467313,FM-Full_A-None_AdaBN-F,250,250,250
BI2015a,ShallowConvNet,2,2,0.8452380952380952,0.8875661375661376,FM-Full_A-None_AdaBN-F,250,250,250
BI2015a,ShallowConvNet,2,3,0.8409961685823755,0.914750957854406,FM-Full_A-None_AdaBN-F,250,250,250
BI2015a,ShallowConvNet,2,6,0.7619949494949495,0.8661616161616161,FM-Full_A-None_AdaBN-F,250,250,250
BI2015a,ShallowConvNet,2,8,0.8273809523809523,0.8538359788359788,FM-Full_A-None_AdaBN-F,250,250,250
BI2015a,ShallowConvNet,2,11,0.8215277777777777,0.8347222222222223,FM-Full_A-None_AdaBN-F,250,250,250
BI2015a,ShallowConvNet,2,12,0.8257168458781362,0.8436379928315412,FM-Full_A-None_AdaBN-F,250,250,250
BI2015a,ShallowConvNet,2,15,0.8436507936507937,0.8841269841269841,FM-Full_A-None_AdaBN-F,250,250,250
BI2015a,ShallowConvNet,2,19,0.8288888888888889,0.8461111111111111,FM-Full_A-None_AdaBN-F,250,250,250
BI2015a,ShallowConvNet,2,21,0.861904761904762,0.8904761904761904,FM-Full_A-None_AdaBN-F,250,250,250
BI2015a,ShallowConvNet,2,22,0.8282828282828283,0.8547979797979798,FM-Full_A-None_AdaBN-F,250,250,250
BI2015a,ShallowConvNet,2,23,0.8150584795321637,0.8530701754385965,FM-Full_A-None_AdaBN-F,250,250,250
BI2015a,ShallowConvNet,2,24,0.8626543209876543,0.8757716049382716,FM-Full_A-None_AdaBN-F,250,250,250
BI2015a,ShallowConvNet,2,29,0.8273420479302832,0.8398692810457516,FM-Full_A-None_AdaBN-F,250,250,250
BI2015a,ShallowConvNet,2,30,0.815843621399177,0.911522633744856,FM-Full_A-None_AdaBN-F,250,250,250
BI2015a,ShallowConvNet,2,33,0.8379629629629629,0.876984126984127,FM-Full_A-None_AdaBN-F,250,250,250
BI2015a,ShallowConvNet,2,34,0.8396825396825397,0.8539682539682539,FM-Full_A-None_AdaBN-F,250,250,250
BI2015a,ShallowConvNet,2,36,0.7944444444444444,0.8625,FM-Full_A-None_AdaBN-F,250,250,250
BI2015a,ShallowConvNet,2,39,0.8327664399092971,0.8594104308390023,FM-Full_A-None_AdaBN-F,250,250,250
BI2015a,ShallowConvNet,2,42,0.8157894736842105,0.8289473684210527,FM-Full_A-None_AdaBN-F,250,250,250
BI2015a,ShallowConvNet,2,43,0.8888888888888888,0.9166666666666666,FM-Full_A-None_AdaBN-F,250,250,250
BI2015a,EEGNetv4,1,4,0.8944444444444445,0.9152777777777776,FM-Full_A-None_AdaBN-F,250,250,250
BI2015a,EEGNetv4,1,5,0.8594276094276094,0.9166666666666666,FM-Full_A-None_AdaBN-F,250,250,250
BI2015a,EEGNetv4,1,7,0.8333333333333334,0.9076797385620916,FM-Full_A-None_AdaBN-F,250,250,250
BI2015a,EEGNetv4,1,9,0.8543543543543544,0.9061561561561562,FM-Full_A-None_AdaBN-F,250,250,250
BI2015a,EEGNetv4,1,10,0.8682795698924731,0.9229390681003584,FM-Full_A-None_AdaBN-F,250,250,250
BI2015a,EEGNetv4,1,13,0.8786549707602339,0.9239766081871345,FM-Full_A-None_AdaBN-F,250,250,250
BI2015a,EEGNetv4,1,14,0.7492877492877493,0.8782051282051282,FM-Full_A-None_AdaBN-F,250,250,250
BI2015a,EEGNetv4,1,16,0.8968253968253969,0.9206349206349206,FM-Full_A-None_AdaBN-F,250,250,250
BI2015a,EEGNetv4,1,17,0.8611111111111112,0.8771604938271605,FM-Full_A-None_AdaBN-F,250,250,250
BI2015a,EEGNetv4,1,18,0.8160493827160494,0.8833333333333333,FM-Full_A-None_AdaBN-F,250,250,250
BI2015a,EEGNetv4,1,20,0.8716049382716049,0.908641975308642,FM-Full_A-None_AdaBN-F,250,250,250
BI2015a,EEGNetv4,1,25,0.8323754789272031,0.8510536398467433,FM-Full_A-None_AdaBN-F,250,250,250
BI2015a,EEGNetv4,1,26,0.921146953405018,0.9444444444444444,FM-Full_A-None_AdaBN-F,250,250,250
BI2015a,EEGNetv4,1,27,0.8379043600562588,0.8389592123769339,FM-Full_A-None_AdaBN-F,250,250,250
BI2015a,EEGNetv4,1,28,0.8616666666666667,0.8722222222222222,FM-Full_A-None_AdaBN-F,250,250,250
BI2015a,EEGNetv4,1,31,0.8125925925925926,0.8440740740740741,FM-Full_A-None_AdaBN-F,250,250,250
BI2015a,EEGNetv4,1,32,0.8897849462365591,0.8960573476702509,FM-Full_A-None_AdaBN-F,250,250,250
BI2015a,EEGNetv4,1,35,0.8381642512077294,0.823268921095008,FM-Full_A-None_AdaBN-F,250,250,250
BI2015a,EEGNetv4,1,37,0.7626984126984127,0.8527777777777777,FM-Full_A-None_AdaBN-F,250,250,250
BI2015a,EEGNetv4,1,38,0.8498498498498499,0.9001501501501501,FM-Full_A-None_AdaBN-F,250,250,250
BI2015a,EEGNetv4,1,40,0.8549382716049383,0.9068930041152264,FM-Full_A-None_AdaBN-F,250,250,250
BI2015a,EEGNetv4,1,41,0.7969135802469136,0.8932098765432098,FM-Full_A-None_AdaBN-F,250,250,250
BI2015a,EEGNetv4,2,1,0.8117433414043583,0.8353510895883777,FM-Full_A-None_AdaBN-F,250,250,250
BI2015a,EEGNetv4,2,2,0.8756613756613757,0.9047619047619048,FM-Full_A-None_AdaBN-F,250,250,250
BI2015a,EEGNetv4,2,3,0.8477011494252874,0.9300766283524904,FM-Full_A-None_AdaBN-F,250,250,250
BI2015a,EEGNetv4,2,6,0.7424242424242424,0.9021464646464646,FM-Full_A-None_AdaBN-F,250,250,250
BI2015a,EEGNetv4,2,8,0.8498677248677249,0.9041005291005292,FM-Full_A-None_AdaBN-F,250,250,250
BI2015a,EEGNetv4,2,11,0.7972222222222223,0.8798611111111111,FM-Full_A-None_AdaBN-F,250,250,250
BI2015a,EEGNetv4,2,12,0.8239247311827957,0.8512544802867383,FM-Full_A-None_AdaBN-F,250,250,250
BI2015a,EEGNetv4,2,15,0.8682539682539683,0.911904761904762,FM-Full_A-None_AdaBN-F,250,250,250
BI2015a,EEGNetv4,2,19,0.8561111111111112,0.8755555555555555,FM-Full_A-None_AdaBN-F,250,250,250
BI2015a,EEGNetv4,2,21,0.9142857142857144,0.9388888888888888,FM-Full_A-None_AdaBN-F,250,250,250
BI2015a,EEGNetv4,2,22,0.865530303030303,0.8901515151515151,FM-Full_A-None_AdaBN-F,250,250,250
BI2015a,EEGNetv4,2,23,0.8603801169590644,0.8713450292397661,FM-Full_A-None_AdaBN-F,250,250,250
BI2015a,EEGNetv4,2,24,0.902006172839506,0.9359567901234568,FM-Full_A-None_AdaBN-F,250,250,250
BI2015a,EEGNetv4,2,29,0.8366013071895425,0.866557734204793,FM-Full_A-None_AdaBN-F,250,250,250
BI2015a,EEGNetv4,2,30,0.7314814814814815,0.8827160493827161,FM-Full_A-None_AdaBN-F,250,250,250
BI2015a,EEGNetv4,2,33,0.8783068783068783,0.906084656084656,FM-Full_A-None_AdaBN-F,250,250,250
BI2015a,EEGNetv4,2,34,0.876984126984127,0.9063492063492063,FM-Full_A-None_AdaBN-F,250,250,250
BI2015a,EEGNetv4,2,36,0.8159722222222222,0.9173611111111112,FM-Full_A-None_AdaBN-F,250,250,250
BI2015a,EEGNetv4,2,39,0.8339002267573696,0.8894557823129252,FM-Full_A-None_AdaBN-F,250,250,250
BI2015a,EEGNetv4,2,42,0.8464912280701754,0.8328460038986355,FM-Full_A-None_AdaBN-F,250,250,250
BI2015a,EEGNetv4,2,43,0.9013409961685824,0.9377394636015326,FM-Full_A-None_AdaBN-F,250,250,250
BI2015a,DeepConvNet,1,4,0.9326388888888888,0.9486111111111112,FM-Full_A-None_AdaBN-F,500,500,500
BI2015a,DeepConvNet,1,5,0.8973063973063973,0.925925925925926,FM-Full_A-None_AdaBN-F,500,500,500
BI2015a,DeepConvNet,1,7,0.6576797385620915,0.9297385620915032,FM-Full_A-None_AdaBN-F,500,500,500
BI2015a,DeepConvNet,1,9,0.8641141141141141,0.9061561561561562,FM-Full_A-None_AdaBN-F,500,500,500
BI2015a,DeepConvNet,1,10,0.8888888888888888,0.931899641577061,FM-Full_A-None_AdaBN-F,500,500,500
BI2015a,DeepConvNet,1,13,0.8983918128654971,0.9444444444444444,FM-Full_A-None_AdaBN-F,500,500,500
BI2015a,DeepConvNet,1,14,0.8005698005698005,0.8753561253561254,FM-Full_A-None_AdaBN-F,500,500,500
BI2015a,DeepConvNet,1,16,0.9031746031746032,0.9349206349206348,FM-Full_A-None_AdaBN-F,500,500,500
BI2015a,DeepConvNet,1,17,0.8703703703703703,0.8962962962962963,FM-Full_A-None_AdaBN-F,500,500,500
BI2015a,DeepConvNet,1,18,0.8487654320987654,0.9061728395061728,FM-Full_A-None_AdaBN-F,500,500,500
BI2015a,DeepConvNet,1,20,0.8901234567901235,0.9358024691358025,FM-Full_A-None_AdaBN-F,500,500,500
BI2015a,DeepConvNet,1,25,0.8371647509578544,0.8864942528735632,FM-Full_A-None_AdaBN-F,500,500,500
BI2015a,DeepConvNet,1,26,0.9256272401433692,0.9507168458781362,FM-Full_A-None_AdaBN-F,500,500,500
BI2015a,DeepConvNet,1,27,0.840014064697609,0.8639240506329114,FM-Full_A-None_AdaBN-F,500,500,500
BI2015a,DeepConvNet,1,28,0.875,0.8816666666666667,FM-Full_A-None_AdaBN-F,500,500,500
BI2015a,DeepConvNet,1,31,0.8211111111111111,0.8537037037037037,FM-Full_A-None_AdaBN-F,500,500,500
BI2015a,DeepConvNet,1,32,0.9148745519713262,0.9274193548387096,FM-Full_A-None_AdaBN-F,500,500,500
BI2015a,DeepConvNet,1,35,0.8462157809983897,0.8393719806763285,FM-Full_A-None_AdaBN-F,500,500,500
BI2015a,DeepConvNet,1,37,0.7944444444444444,0.8666666666666667,FM-Full_A-None_AdaBN-F,500,500,500
BI2015a,DeepConvNet,1,38,0.8483483483483484,0.9271771771771772,FM-Full_A-None_AdaBN-F,500,500,500
BI2015a,DeepConvNet,1,40,0.8693415637860082,0.9182098765432098,FM-Full_A-None_AdaBN-F,500,500,500
BI2015a,DeepConvNet,1,41,0.8271604938271605,0.9049382716049382,FM-Full_A-None_AdaBN-F,500,500,500
BI2015a,DeepConvNet,2,1,0.8307102502017756,0.8617836965294592,FM-Full_A-None_AdaBN-F,500,500,500
BI2015a,DeepConvNet,2,2,0.8968253968253969,0.9305555555555556,FM-Full_A-None_AdaBN-F,500,500,500
BI2015a,DeepConvNet,2,3,0.8716475095785441,0.9511494252873564,FM-Full_A-None_AdaBN-F,500,500,500
BI2015a,DeepConvNet,2,6,0.8106060606060606,0.9059343434343434,FM-Full_A-None_AdaBN-F,500,500,500
BI2015a,DeepConvNet,2,8,0.8697089947089947,0.9193121693121692,FM-Full_A-None_AdaBN-F,500,500,500
BI2015a,DeepConvNet,2,11,0.8326388888888889,0.9090277777777778,FM-Full_A-None_AdaBN-F,500,500,500
BI2015a,DeepConvNet,2,12,0.8413978494623656,0.867831541218638,FM-Full_A-None_AdaBN-F,500,500,500
BI2015a,DeepConvNet,2,15,0.8992063492063492,0.9325396825396826,FM-Full_A-None_AdaBN-F,500,500,500
BI2015a,DeepConvNet,2,19,0.88,0.9038888888888889,FM-Full_A-None_AdaBN-F,500,500,500
BI2015a,DeepConvNet,2,21,0.9253968253968254,0.9404761904761904,FM-Full_A-None_AdaBN-F,500,500,500
BI2015a,DeepConvNet,2,22,0.8775252525252525,0.9122474747474748,FM-Full_A-None_AdaBN-F,500,500,500
BI2015a,DeepConvNet,2,23,0.8728070175438597,0.8918128654970761,FM-Full_A-None_AdaBN-F,500,500,500
BI2015a,DeepConvNet,2,24,0.9197530864197532,0.9375,FM-Full_A-None_AdaBN-F,500,500,500
BI2015a,DeepConvNet,2,29,0.840958605664488,0.8823529411764706,FM-Full_A-None_AdaBN-F,500,500,500
BI2015a,DeepConvNet,2,30,0.8909465020576132,0.9578189300411524,FM-Full_A-None_AdaBN-F,500,500,500
BI2015a,DeepConvNet,2,33,0.8842592592592593,0.9206349206349206,FM-Full_A-None_AdaBN-F,500,500,500
BI2015a,DeepConvNet,2,34,0.8952380952380953,0.911904761904762,FM-Full_A-None_AdaBN-F,500,500,500
BI2015a,DeepConvNet,2,36,0.8770833333333333,0.9347222222222222,FM-Full_A-None_AdaBN-F,500,500,500
BI2015a,DeepConvNet,2,39,0.8310657596371882,0.8962585034013606,FM-Full_A-None_AdaBN-F,500,500,500
BI2015a,DeepConvNet,2,42,0.8562378167641326,0.8630604288499025,FM-Full_A-None_AdaBN-F,500,500,500
BI2015a,DeepConvNet,2,43,0.9329501915708812,0.9578544061302682,FM-Full_A-None_AdaBN-F,500,500,500
BI2015a,ATCNet,1,4,0.9041666666666668,0.9402777777777778,FM-Full_A-None_AdaBN-F,500,500,500
BI2015a,ATCNet,1,5,0.8737373737373737,0.9225589225589226,FM-Full_A-None_AdaBN-F,500,500,500
BI2015a,ATCNet,1,7,0.8325163398692811,0.9109477124183006,FM-Full_A-None_AdaBN-F,500,500,500
BI2015a,ATCNet,1,9,0.8453453453453453,0.8971471471471472,FM-Full_A-None_AdaBN-F,500,500,500
BI2015a,ATCNet,1,10,0.9023297491039428,0.9336917562724014,FM-Full_A-None_AdaBN-F,500,500,500
BI2015a,ATCNet,1,13,0.9027777777777778,0.9378654970760234,FM-Full_A-None_AdaBN-F,500,500,500
BI2015a,ATCNet,1,14,0.8084045584045584,0.863960113960114,FM-Full_A-None_AdaBN-F,500,500,500
BI2015a,ATCNet,1,16,0.9063492063492063,0.923809523809524,FM-Full_A-None_AdaBN-F,500,500,500
BI2015a,ATCNet,1,17,,,FM-Full_A-None_AdaBN-F,500,500,500
BI2015a,ATCNet,1,18,0.8185185185185185,0.8746913580246913,FM-Full_A-None_AdaBN-F,500,500,500
BI2015a,ATCNet,1,20,0.8716049382716049,0.915432098765432,FM-Full_A-None_AdaBN-F,500,500,500
BI2015a,ATCNet,1,25,0.7868773946360154,0.8711685823754789,FM-Full_A-None_AdaBN-F,500,500,500
BI2015a,ATCNet,1,26,0.921146953405018,0.946236559139785,FM-Full_A-None_AdaBN-F,500,500,500
BI2015a,ATCNet,1,27,0.8389592123769339,0.8470464135021097,FM-Full_A-None_AdaBN-F,500,500,500
BI2015a,ATCNet,1,28,0.8722222222222222,0.8733333333333333,FM-Full_A-None_AdaBN-F,500,500,500
BI2015a,ATCNet,1,31,0.807037037037037,0.8396296296296296,FM-Full_A-None_AdaBN-F,500,500,500
BI2015a,ATCNet,1,32,0.8969534050179212,0.913978494623656,FM-Full_A-None_AdaBN-F,500,500,500
BI2015a,ATCNet,1,35,0.8369565217391305,0.8272946859903382,FM-Full_A-None_AdaBN-F,500,500,500
BI2015a,ATCNet,1,37,0.8035714285714286,0.85,FM-Full_A-None_AdaBN-F,500,500,500
BI2015a,ATCNet,1,38,0.8370870870870871,0.9204204204204204,FM-Full_A-None_AdaBN-F,500,500,500
BI2015a,ATCNet,1,40,0.8647119341563786,0.9146090534979424,FM-Full_A-None_AdaBN-F,500,500,500
BI2015a,ATCNet,1,41,0.8333333333333334,0.8987654320987655,FM-Full_A-None_AdaBN-F,500,500,500
BI2015a,ATCNet,2,1,0.8333333333333334,0.8456416464891041,FM-Full_A-None_AdaBN-F,500,500,500
BI2015a,ATCNet,2,2,0.8862433862433863,0.921957671957672,FM-Full_A-None_AdaBN-F,500,500,500
BI2015a,ATCNet,2,3,0.8323754789272031,0.9415708812260536,FM-Full_A-None_AdaBN-F,500,500,500
BI2015a,ATCNet,2,6,0.8005050505050505,0.8945707070707071,FM-Full_A-None_AdaBN-F,500,500,500
BI2015a,ATCNet,2,8,0.8597883597883598,0.91005291005291,FM-Full_A-None_AdaBN-F,500,500,500
BI2015a,ATCNet,2,11,0.7840277777777778,0.8701388888888889,FM-Full_A-None_AdaBN-F,500,500,500
BI2015a,ATCNet,2,12,0.8328853046594982,0.8508064516129032,FM-Full_A-None_AdaBN-F,500,500,500
BI2015a,ATCNet,2,15,0.888095238095238,0.9206349206349206,FM-Full_A-None_AdaBN-F,500,500,500
BI2015a,ATCNet,2,19,0.8711111111111111,0.8844444444444445,FM-Full_A-None_AdaBN-F,500,500,500
BI2015a,ATCNet,2,21,0.9023809523809524,0.930952380952381,FM-Full_A-None_AdaBN-F,500,500,500
BI2015a,ATCNet,2,22,0.8547979797979798,0.9053030303030304,FM-Full_A-None_AdaBN-F,500,500,500
BI2015a,ATCNet,2,23,0.8720760233918129,0.8888888888888888,FM-Full_A-None_AdaBN-F,500,500,500
BI2015a,ATCNet,2,24,0.908179012345679,0.9282407407407408,FM-Full_A-None_AdaBN-F,500,500,500
BI2015a,ATCNet,2,29,0.818082788671024,0.8447712418300654,FM-Full_A-None_AdaBN-F,500,500,500
BI2015a,ATCNet,2,30,0.8786008230452675,0.9022633744855968,FM-Full_A-None_AdaBN-F,500,500,500
BI2015a,ATCNet,2,33,0.8869047619047619,0.9107142857142856,FM-Full_A-None_AdaBN-F,500,500,500
BI2015a,ATCNet,2,34,0.8841269841269841,0.919047619047619,FM-Full_A-None_AdaBN-F,500,500,500
BI2015a,ATCNet,2,36,0.8159722222222222,0.9222222222222224,FM-Full_A-None_AdaBN-F,500,500,500
BI2015a,ATCNet,2,39,0.8321995464852607,0.8849206349206349,FM-Full_A-None_AdaBN-F,500,500,500
BI2015a,ATCNet,2,42,0.8430799220272904,0.8440545808966862,FM-Full_A-None_AdaBN-F,500,500,500
BI2015a,ATCNet,2,43,0.9204980842911876,0.9540229885057472,FM-Full_A-None_AdaBN-F,500,500,500
BI2015a,EEGNetv4,1,4,0.8805555555555555,0.9361111111111112,FM-Full_A-None_AdaBN-F,500,500,500
BI2015a,EEGNetv4,1,5,0.8695286195286195,0.9166666666666666,FM-Full_A-None_AdaBN-F,500,500,500
BI2015a,EEGNetv4,1,7,0.8333333333333334,0.9215686274509804,FM-Full_A-None_AdaBN-F,500,500,500
BI2015a,EEGNetv4,1,9,0.8453453453453453,0.9016516516516516,FM-Full_A-None_AdaBN-F,500,500,500
BI2015a,EEGNetv4,1,10,0.8664874551971327,0.913978494623656,FM-Full_A-None_AdaBN-F,500,500,500
BI2015a,EEGNetv4,1,13,0.8976608187134503,0.9349415204678364,FM-Full_A-None_AdaBN-F,500,500,500
BI2015a,EEGNetv4,1,14,0.7243589743589743,0.8903133903133903,FM-Full_A-None_AdaBN-F,500,500,500
BI2015a,EEGNetv4,1,16,0.8849206349206349,0.923809523809524,FM-Full_A-None_AdaBN-F,500,500,500
BI2015a,EEGNetv4,1,17,0.8549382716049383,0.8876543209876543,FM-Full_A-None_AdaBN-F,500,500,500
BI2015a,EEGNetv4,1,18,0.8234567901234567,0.8851851851851852,FM-Full_A-None_AdaBN-F,500,500,500
BI2015a,EEGNetv4,1,20,0.8617283950617284,0.915432098765432,FM-Full_A-None_AdaBN-F,500,500,500
BI2015a,EEGNetv4,1,25,0.7653256704980843,0.8625478927203065,FM-Full_A-None_AdaBN-F,500,500,500
BI2015a,EEGNetv4,1,26,0.9032258064516128,0.9453405017921148,FM-Full_A-None_AdaBN-F,500,500,500
BI2015a,EEGNetv4,1,27,0.8379043600562588,0.8561884669479606,FM-Full_A-None_AdaBN-F,500,500,500
BI2015a,EEGNetv4,1,28,0.8516666666666667,0.8638888888888889,FM-Full_A-None_AdaBN-F,500,500,500
BI2015a,EEGNetv4,1,31,0.8277777777777777,0.8507407407407407,FM-Full_A-None_AdaBN-F,500,500,500
BI2015a,EEGNetv4,1,32,0.8835125448028673,0.9094982078853048,FM-Full_A-None_AdaBN-F,500,500,500
BI2015a,EEGNetv4,1,35,0.8333333333333334,0.8240740740740741,FM-Full_A-None_AdaBN-F,500,500,500
BI2015a,EEGNetv4,1,37,0.5027777777777778,0.8523809523809524,FM-Full_A-None_AdaBN-F,500,500,500
BI2015a,EEGNetv4,1,38,0.8506006006006006,0.9264264264264264,FM-Full_A-None_AdaBN-F,500,500,500
BI2015a,EEGNetv4,1,40,0.8436213991769548,0.911522633744856,FM-Full_A-None_AdaBN-F,500,500,500
BI2015a,EEGNetv4,1,41,0.7882716049382716,0.8845679012345679,FM-Full_A-None_AdaBN-F,500,500,500
BI2015a,EEGNetv4,2,1,0.8335351089588378,0.8361581920903954,FM-Full_A-None_AdaBN-F,500,500,500
BI2015a,EEGNetv4,2,2,0.8842592592592593,0.9226190476190476,FM-Full_A-None_AdaBN-F,500,500,500
BI2015a,EEGNetv4,2,3,0.85727969348659,0.9367816091954024,FM-Full_A-None_AdaBN-F,500,500,500
BI2015a,EEGNetv4,2,6,0.7891414141414141,0.8958333333333334,FM-Full_A-None_AdaBN-F,500,500,500
BI2015a,EEGNetv4,2,8,0.8664021164021164,0.9113756613756614,FM-Full_A-None_AdaBN-F,500,500,500
BI2015a,EEGNetv4,2,11,0.8090277777777778,0.8756944444444444,FM-Full_A-None_AdaBN-F,500,500,500
BI2015a,EEGNetv4,2,12,0.8422939068100358,0.8673835125448028,FM-Full_A-None_AdaBN-F,500,500,500
BI2015a,EEGNetv4,2,15,0.8841269841269841,0.9103174603174604,FM-Full_A-None_AdaBN-F,500,500,500
BI2015a,EEGNetv4,2,19,0.8627777777777778,0.8827777777777778,FM-Full_A-None_AdaBN-F,500,500,500
BI2015a,EEGNetv4,2,21,0.919047619047619,0.934126984126984,FM-Full_A-None_AdaBN-F,500,500,500
BI2015a,EEGNetv4,2,22,0.8718434343434344,0.898989898989899,FM-Full_A-None_AdaBN-F,500,500,500
BI2015a,EEGNetv4,2,23,0.8654970760233918,0.8852339181286549,FM-Full_A-None_AdaBN-F,500,500,500
BI2015a,EEGNetv4,2,24,0.9012345679012346,0.9375,FM-Full_A-None_AdaBN-F,500,500,500
BI2015a,EEGNetv4,2,29,0.835511982570806,0.8545751633986928,FM-Full_A-None_AdaBN-F,500,500,500
BI2015a,EEGNetv4,2,30,0.852880658436214,0.8827160493827161,FM-Full_A-None_AdaBN-F,500,500,500
BI2015a,EEGNetv4,2,33,0.8875661375661376,0.9107142857142856,FM-Full_A-None_AdaBN-F,500,500,500
BI2015a,EEGNetv4,2,34,0.8833333333333333,0.9023809523809524,FM-Full_A-None_AdaBN-F,500,500,500
BI2015a,EEGNetv4,2,36,0.8465277777777778,0.9152777777777776,FM-Full_A-None_AdaBN-F,500,500,500
BI2015a,EEGNetv4,2,39,0.8333333333333334,0.8832199546485261,FM-Full_A-None_AdaBN-F,500,500,500
BI2015a,EEGNetv4,2,42,0.8508771929824561,0.8494152046783626,FM-Full_A-None_AdaBN-F,500,500,500
BI2015a,EEGNetv4,2,43,0.9185823754789272,0.9530651340996168,FM-Full_A-None_AdaBN-F,500,500,500
BI2015a,ShallowConvNet,1,4,0.8736111111111111,0.9125,FM-Full_A-None_AdaBN-F,500,500,500
BI2015a,ShallowConvNet,1,5,0.882996632996633,0.9006734006734006,FM-Full_A-None_AdaBN-F,500,500,500
BI2015a,ShallowConvNet,1,7,0.1732026143790849,0.863562091503268,FM-Full_A-None_AdaBN-F,500,500,500
BI2015a,ShallowConvNet,1,9,0.8543543543543544,0.8723723723723724,FM-Full_A-None_AdaBN-F,500,500,500
BI2015a,ShallowConvNet,1,10,0.8476702508960573,0.8924731182795699,FM-Full_A-None_AdaBN-F,500,500,500
BI2015a,ShallowConvNet,1,13,0.8633040935672515,0.9203216374269004,FM-Full_A-None_AdaBN-F,500,500,500
BI2015a,ShallowConvNet,1,14,0.8183760683760684,0.8433048433048433,FM-Full_A-None_AdaBN-F,500,500,500
BI2015a,ShallowConvNet,1,16,0.8674603174603175,0.8809523809523809,FM-Full_A-None_AdaBN-F,500,500,500
BI2015a,ShallowConvNet,1,17,0.8611111111111112,0.8709876543209877,FM-Full_A-None_AdaBN-F,500,500,500
BI2015a,ShallowConvNet,1,18,0.758641975308642,0.8475308641975309,FM-Full_A-None_AdaBN-F,500,500,500
BI2015a,ShallowConvNet,1,20,0.858641975308642,0.8759259259259259,FM-Full_A-None_AdaBN-F,500,500,500
BI2015a,ShallowConvNet,1,25,0.8189655172413793,0.8424329501915708,FM-Full_A-None_AdaBN-F,500,500,500
BI2015a,ShallowConvNet,1,26,0.8978494623655914,0.9175627240143368,FM-Full_A-None_AdaBN-F,500,500,500
BI2015a,ShallowConvNet,1,27,0.8280590717299579,0.8255977496483825,FM-Full_A-None_AdaBN-F,500,500,500
BI2015a,ShallowConvNet,1,28,0.8516666666666667,0.8461111111111111,FM-Full_A-None_AdaBN-F,500,500,500
BI2015a,ShallowConvNet,1,31,0.8062962962962963,0.8388888888888889,FM-Full_A-None_AdaBN-F,500,500,500
BI2015a,ShallowConvNet,1,32,0.8853046594982079,0.8799283154121864,FM-Full_A-None_AdaBN-F,500,500,500
BI2015a,ShallowConvNet,1,35,0.8397745571658615,0.8099838969404187,FM-Full_A-None_AdaBN-F,500,500,500
BI2015a,ShallowConvNet,1,37,0.669047619047619,0.819047619047619,FM-Full_A-None_AdaBN-F,500,500,500
BI2015a,ShallowConvNet,1,38,0.8190690690690691,0.8821321321321322,FM-Full_A-None_AdaBN-F,500,500,500
BI2015a,ShallowConvNet,1,40,0.8497942386831275,0.8765432098765432,FM-Full_A-None_AdaBN-F,500,500,500
BI2015a,ShallowConvNet,1,41,0.667283950617284,0.8561728395061728,FM-Full_A-None_AdaBN-F,500,500,500
BI2015a,ShallowConvNet,2,1,0.7905569007263923,0.8319209039548022,FM-Full_A-None_AdaBN-F,500,500,500
BI2015a,ShallowConvNet,2,2,0.8538359788359788,0.8822751322751323,FM-Full_A-None_AdaBN-F,500,500,500
BI2015a,ShallowConvNet,2,3,0.8295019157088123,0.9262452107279694,FM-Full_A-None_AdaBN-F,500,500,500
BI2015a,ShallowConvNet,2,6,0.7670454545454546,0.8667929292929293,FM-Full_A-None_AdaBN-F,500,500,500
BI2015a,ShallowConvNet,2,8,0.83994708994709,0.8650793650793651,FM-Full_A-None_AdaBN-F,500,500,500
BI2015a,ShallowConvNet,2,11,0.7638888888888888,0.8298611111111112,FM-Full_A-None_AdaBN-F,500,500,500
BI2015a,ShallowConvNet,2,12,0.8378136200716846,0.8512544802867383,FM-Full_A-None_AdaBN-F,500,500,500
BI2015a,ShallowConvNet,2,15,0.8555555555555555,0.8920634920634921,FM-Full_A-None_AdaBN-F,500,500,500
BI2015a,ShallowConvNet,2,19,0.8427777777777777,0.8627777777777778,FM-Full_A-None_AdaBN-F,500,500,500
BI2015a,ShallowConvNet,2,21,0.888095238095238,0.9023809523809524,FM-Full_A-None_AdaBN-F,500,500,500
BI2015a,ShallowConvNet,2,22,0.8516414141414141,0.8611111111111112,FM-Full_A-None_AdaBN-F,500,500,500
BI2015a,ShallowConvNet,2,23,0.7843567251461988,0.85453216374269,FM-Full_A-None_AdaBN-F,500,500,500
BI2015a,ShallowConvNet,2,24,0.8742283950617284,0.8865740740740741,FM-Full_A-None_AdaBN-F,500,500,500
BI2015a,ShallowConvNet,2,29,0.8257080610021786,0.8327886710239651,FM-Full_A-None_AdaBN-F,500,500,500
BI2015a,ShallowConvNet,2,30,0.6049382716049383,0.9012345679012346,FM-Full_A-None_AdaBN-F,500,500,500
BI2015a,ShallowConvNet,2,33,0.8670634920634921,0.8849206349206349,FM-Full_A-None_AdaBN-F,500,500,500
BI2015a,ShallowConvNet,2,34,0.8571428571428571,0.8738095238095238,FM-Full_A-None_AdaBN-F,500,500,500
BI2015a,ShallowConvNet,2,36,0.8201388888888889,0.8729166666666667,FM-Full_A-None_AdaBN-F,500,500,500
BI2015a,ShallowConvNet,2,39,0.8304988662131519,0.8582766439909297,FM-Full_A-None_AdaBN-F,500,500,500
BI2015a,ShallowConvNet,2,42,0.8114035087719298,0.8333333333333334,FM-Full_A-None_AdaBN-F,500,500,500
BI2015a,ShallowConvNet,2,43,0.8984674329501916,0.9166666666666666,FM-Full_A-None_AdaBN-F,500,500,500
BI2015a,ShallowConvNet,2,1,0.7949959644874899,0.8329297820823245,FM-Full_A-None_AdaBN-F,750,750,750
BI2015a,ShallowConvNet,2,2,0.8657407407407407,0.9041005291005292,FM-Full_A-None_AdaBN-F,750,750,750
BI2015a,ShallowConvNet,2,3,0.7203065134099617,0.9262452107279694,FM-Full_A-None_AdaBN-F,750,750,750
BI2015a,ShallowConvNet,2,6,0.7563131313131313,0.8731060606060606,FM-Full_A-None_AdaBN-F,750,750,750
BI2015a,ShallowConvNet,2,8,0.8544973544973545,0.8763227513227513,FM-Full_A-None_AdaBN-F,750,750,750
BI2015a,ShallowConvNet,2,11,0.8013888888888889,0.8416666666666667,FM-Full_A-None_AdaBN-F,750,750,750
BI2015a,ShallowConvNet,2,12,0.8351254480286738,0.8467741935483871,FM-Full_A-None_AdaBN-F,750,750,750
BI2015a,ShallowConvNet,2,15,0.8698412698412699,0.8992063492063492,FM-Full_A-None_AdaBN-F,750,750,750
BI2015a,ShallowConvNet,2,19,0.8516666666666667,0.8672222222222222,FM-Full_A-None_AdaBN-F,750,750,750
BI2015a,ShallowConvNet,2,21,0.8928571428571429,0.907936507936508,FM-Full_A-None_AdaBN-F,750,750,750
BI2015a,ShallowConvNet,2,22,0.8491161616161617,0.8737373737373737,FM-Full_A-None_AdaBN-F,750,750,750
BI2015a,ShallowConvNet,2,23,0.8421052631578947,0.8633040935672515,FM-Full_A-None_AdaBN-F,750,750,750
BI2015a,ShallowConvNet,2,24,0.8804012345679012,0.8927469135802469,FM-Full_A-None_AdaBN-F,750,750,750
BI2015a,ShallowConvNet,2,29,0.8327886710239651,0.8469498910675382,FM-Full_A-None_AdaBN-F,750,750,750
BI2015a,ShallowConvNet,2,30,0.8055555555555556,0.925925925925926,FM-Full_A-None_AdaBN-F,750,750,750
BI2015a,ShallowConvNet,2,33,0.8630952380952381,0.8822751322751323,FM-Full_A-None_AdaBN-F,750,750,750
BI2015a,ShallowConvNet,2,34,0.8658730158730159,0.8746031746031746,FM-Full_A-None_AdaBN-F,750,750,750
BI2015a,ShallowConvNet,2,36,0.81875,0.89375,FM-Full_A-None_AdaBN-F,750,750,750
BI2015a,ShallowConvNet,2,39,0.8010204081632653,0.8594104308390023,FM-Full_A-None_AdaBN-F,750,750,750
BI2015a,ShallowConvNet,2,42,0.8230994152046783,0.8313840155945419,FM-Full_A-None_AdaBN-F,750,750,750
BI2015a,ShallowConvNet,2,43,0.9051724137931034,0.9233716475095786,FM-Full_A-None_AdaBN-F,750,750,750
BI2015a,ATCNet,1,4,0.8944444444444445,0.9361111111111112,FM-Full_A-None_AdaBN-F,750,750,750
BI2015a,ATCNet,1,5,0.8602693602693603,0.9250841750841752,FM-Full_A-None_AdaBN-F,750,750,750
BI2015a,ATCNet,1,7,0.8341503267973857,0.9264705882352942,FM-Full_A-None_AdaBN-F,750,750,750
BI2015a,ATCNet,1,9,0.8581081081081081,0.8986486486486487,FM-Full_A-None_AdaBN-F,750,750,750
BI2015a,ATCNet,1,10,0.906810035842294,0.9408602150537636,FM-Full_A-None_AdaBN-F,750,750,750
BI2015a,ATCNet,1,13,0.9042397660818714,0.9451754385964912,FM-Full_A-None_AdaBN-F,750,750,750
BI2015a,ATCNet,1,14,0.8034188034188035,0.8739316239316239,FM-Full_A-None_AdaBN-F,750,750,750
BI2015a,ATCNet,1,16,0.9063492063492063,0.9246031746031746,FM-Full_A-None_AdaBN-F,750,750,750
BI2015a,ATCNet,1,17,0.858641975308642,0.8802469135802469,FM-Full_A-None_AdaBN-F,750,750,750
BI2015a,ATCNet,1,18,0.837037037037037,0.891358024691358,FM-Full_A-None_AdaBN-F,750,750,750
BI2015a,ATCNet,1,20,0.8685185185185185,0.917283950617284,FM-Full_A-None_AdaBN-F,750,750,750
BI2015a,ATCNet,1,25,0.835727969348659,0.8706896551724138,FM-Full_A-None_AdaBN-F,750,750,750
BI2015a,ATCNet,1,26,0.9292114695340502,0.9453405017921148,FM-Full_A-None_AdaBN-F,750,750,750
BI2015a,ATCNet,1,27,0.8414205344585092,0.85056258790436,FM-Full_A-None_AdaBN-F,750,750,750
BI2015a,ATCNet,1,28,0.8677777777777778,0.8777777777777778,FM-Full_A-None_AdaBN-F,750,750,750
BI2015a,ATCNet,1,31,0.8262962962962963,0.8488888888888889,FM-Full_A-None_AdaBN-F,750,750,750
BI2015a,ATCNet,1,32,0.8978494623655914,0.9130824372759856,FM-Full_A-None_AdaBN-F,750,750,750
BI2015a,ATCNet,1,35,0.8341384863123994,0.8405797101449275,FM-Full_A-None_AdaBN-F,750,750,750
BI2015a,ATCNet,1,37,0.8063492063492064,0.8571428571428571,FM-Full_A-None_AdaBN-F,750,750,750
BI2015a,ATCNet,1,38,0.8581081081081081,0.9181681681681682,FM-Full_A-None_AdaBN-F,750,750,750
BI2015a,ATCNet,1,40,0.8559670781893004,0.9166666666666666,FM-Full_A-None_AdaBN-F,750,750,750
BI2015a,ATCNet,1,41,0.8320987654320988,0.9,FM-Full_A-None_AdaBN-F,750,750,750
BI2015a,ATCNet,2,1,0.8335351089588378,0.857546408393866,FM-Full_A-None_AdaBN-F,750,750,750
BI2015a,ATCNet,2,2,0.9034391534391536,0.9279100529100528,FM-Full_A-None_AdaBN-F,750,750,750
BI2015a,ATCNet,2,3,0.8496168582375478,0.9549808429118772,FM-Full_A-None_AdaBN-F,750,750,750
BI2015a,ATCNet,2,6,0.803030303030303,0.9015151515151516,FM-Full_A-None_AdaBN-F,750,750,750
BI2015a,ATCNet,2,8,0.8677248677248677,0.9067460317460316,FM-Full_A-None_AdaBN-F,750,750,750
BI2015a,ATCNet,2,11,0.7958333333333333,0.8930555555555556,FM-Full_A-None_AdaBN-F,750,750,750
BI2015a,ATCNet,2,12,0.8239247311827957,0.8539426523297491,FM-Full_A-None_AdaBN-F,750,750,750
BI2015a,ATCNet,2,15,0.8928571428571429,0.9253968253968254,FM-Full_A-None_AdaBN-F,750,750,750
BI2015a,ATCNet,2,19,0.8855555555555555,0.8938888888888888,FM-Full_A-None_AdaBN-F,750,750,750
BI2015a,ATCNet,2,21,0.9214285714285714,0.938095238095238,FM-Full_A-None_AdaBN-F,750,750,750
BI2015a,ATCNet,2,22,0.8541666666666666,0.9160353535353536,FM-Full_A-None_AdaBN-F,750,750,750
BI2015a,ATCNet,2,23,0.8706140350877193,0.8896198830409356,FM-Full_A-None_AdaBN-F,750,750,750
BI2015a,ATCNet,2,24,0.9135802469135802,0.9367283950617284,FM-Full_A-None_AdaBN-F,750,750,750
BI2015a,ATCNet,2,29,0.8186274509803921,0.8671023965141612,FM-Full_A-None_AdaBN-F,750,750,750
BI2015a,ATCNet,2,30,0.9012345679012346,0.8940329218106996,FM-Full_A-None_AdaBN-F,750,750,750
BI2015a,ATCNet,2,33,0.8835978835978836,0.916005291005291,FM-Full_A-None_AdaBN-F,750,750,750
BI2015a,ATCNet,2,34,0.8841269841269841,0.9063492063492063,FM-Full_A-None_AdaBN-F,750,750,750
BI2015a,ATCNet,2,36,0.875,0.9270833333333334,FM-Full_A-None_AdaBN-F,750,750,750
BI2015a,ATCNet,2,39,0.8333333333333334,0.8968253968253969,FM-Full_A-None_AdaBN-F,750,750,750
BI2015a,ATCNet,2,42,0.8455165692007798,0.8528265107212476,FM-Full_A-None_AdaBN-F,750,750,750
BI2015a,ATCNet,2,43,0.9310344827586208,0.9530651340996168,FM-Full_A-None_AdaBN-F,750,750,750
BI2015a,EEGNetv4,1,4,0.8611111111111112,0.93125,FM-Full_A-None_AdaBN-F,750,750,750
BI2015a,EEGNetv4,1,5,0.8569023569023569,0.914983164983165,FM-Full_A-None_AdaBN-F,750,750,750
BI2015a,EEGNetv4,1,7,0.5449346405228758,0.9142156862745098,FM-Full_A-None_AdaBN-F,750,750,750
BI2015a,EEGNetv4,1,9,0.8355855855855856,0.90990990990991,FM-Full_A-None_AdaBN-F,750,750,750
BI2015a,EEGNetv4,1,10,0.8637992831541219,0.9229390681003584,FM-Full_A-None_AdaBN-F,750,750,750
BI2015a,EEGNetv4,1,13,0.8830409356725146,0.932748538011696,FM-Full_A-None_AdaBN-F,750,750,750
BI2015a,EEGNetv4,1,14,0.8311965811965812,0.8846153846153846,FM-Full_A-None_AdaBN-F,750,750,750
BI2015a,EEGNetv4,1,16,0.8738095238095238,0.9301587301587302,FM-Full_A-None_AdaBN-F,750,750,750
BI2015a,EEGNetv4,1,17,0.8419753086419753,0.8845679012345679,FM-Full_A-None_AdaBN-F,750,750,750
BI2015a,EEGNetv4,1,18,0.825925925925926,0.8845679012345679,FM-Full_A-None_AdaBN-F,750,750,750
BI2015a,EEGNetv4,1,20,0.845679012345679,0.915432098765432,FM-Full_A-None_AdaBN-F,750,750,750
BI2015a,EEGNetv4,1,25,0.835727969348659,0.8735632183908046,FM-Full_A-None_AdaBN-F,750,750,750
BI2015a,EEGNetv4,1,26,0.8897849462365591,0.9489247311827956,FM-Full_A-None_AdaBN-F,750,750,750
BI2015a,EEGNetv4,1,27,0.8340365682137834,0.8540787623066104,FM-Full_A-None_AdaBN-F,750,750,750
BI2015a,EEGNetv4,1,28,0.8422222222222222,0.8783333333333333,FM-Full_A-None_AdaBN-F,750,750,750
BI2015a,EEGNetv4,1,31,0.8288888888888889,0.845925925925926,FM-Full_A-None_AdaBN-F,750,750,750
BI2015a,EEGNetv4,1,32,0.8664874551971327,0.913978494623656,FM-Full_A-None_AdaBN-F,750,750,750
BI2015a,EEGNetv4,1,35,0.8333333333333334,0.8377616747181964,FM-Full_A-None_AdaBN-F,750,750,750
BI2015a,EEGNetv4,1,37,0.7583333333333333,0.8623015873015873,FM-Full_A-None_AdaBN-F,750,750,750
BI2015a,EEGNetv4,1,38,0.8506006006006006,0.918918918918919,FM-Full_A-None_AdaBN-F,750,750,750
BI2015a,EEGNetv4,1,40,0.8374485596707819,0.912551440329218,FM-Full_A-None_AdaBN-F,750,750,750
BI2015a,EEGNetv4,1,41,0.782716049382716,0.8932098765432098,FM-Full_A-None_AdaBN-F,750,750,750
BI2015a,EEGNetv4,2,1,0.8333333333333334,0.8317191283292978,FM-Full_A-None_AdaBN-F,750,750,750
BI2015a,EEGNetv4,2,2,0.8869047619047619,0.9285714285714286,FM-Full_A-None_AdaBN-F,750,750,750
BI2015a,EEGNetv4,2,3,0.8486590038314177,0.9511494252873564,FM-Full_A-None_AdaBN-F,750,750,750
BI2015a,EEGNetv4,2,6,0.8042929292929293,0.9034090909090908,FM-Full_A-None_AdaBN-F,750,750,750
BI2015a,EEGNetv4,2,8,0.8829365079365079,0.9087301587301588,FM-Full_A-None_AdaBN-F,750,750,750
BI2015a,EEGNetv4,2,11,0.8388888888888889,0.8868055555555555,FM-Full_A-None_AdaBN-F,750,750,750
BI2015a,EEGNetv4,2,12,0.8436379928315412,0.860663082437276,FM-Full_A-None_AdaBN-F,750,750,750
BI2015a,EEGNetv4,2,15,0.8992063492063492,0.9198412698412698,FM-Full_A-None_AdaBN-F,750,750,750
BI2015a,EEGNetv4,2,19,0.8733333333333333,0.8894444444444445,FM-Full_A-None_AdaBN-F,750,750,750
BI2015a,EEGNetv4,2,21,0.9222222222222224,0.9325396825396826,FM-Full_A-None_AdaBN-F,750,750,750
BI2015a,EEGNetv4,2,22,0.8781565656565656,0.9021464646464646,FM-Full_A-None_AdaBN-F,750,750,750
BI2015a,EEGNetv4,2,23,0.875,0.8764619883040936,FM-Full_A-None_AdaBN-F,750,750,750
BI2015a,EEGNetv4,2,24,0.8950617283950617,0.9359567901234568,FM-Full_A-None_AdaBN-F,750,750,750
BI2015a,EEGNetv4,2,29,0.843681917211329,0.8589324618736384,FM-Full_A-None_AdaBN-F,750,750,750
BI2015a,EEGNetv4,2,30,0.8734567901234568,0.8868312757201646,FM-Full_A-None_AdaBN-F,750,750,750
BI2015a,EEGNetv4,2,33,0.8882275132275133,0.9133597883597884,FM-Full_A-None_AdaBN-F,750,750,750
BI2015a,EEGNetv4,2,34,0.8801587301587301,0.9031746031746032,FM-Full_A-None_AdaBN-F,750,750,750
BI2015a,EEGNetv4,2,36,0.8638888888888889,0.9201388888888888,FM-Full_A-None_AdaBN-F,750,750,750
BI2015a,EEGNetv4,2,39,0.8321995464852607,0.8900226757369615,FM-Full_A-None_AdaBN-F,750,750,750
BI2015a,EEGNetv4,2,42,0.8528265107212476,0.8401559454191033,FM-Full_A-None_AdaBN-F,750,750,750
BI2015a,EEGNetv4,2,43,0.9204980842911876,0.9521072796934866,FM-Full_A-None_AdaBN-F,750,750,750
BI2015a,DeepConvNet,1,4,0.9090277777777778,0.9486111111111112,FM-Full_A-None_AdaBN-F,750,750,750
BI2015a,DeepConvNet,1,5,0.9031986531986532,0.9326599326599326,FM-Full_A-None_AdaBN-F,750,750,750
BI2015a,DeepConvNet,1,7,0.5416666666666666,0.925653594771242,FM-Full_A-None_AdaBN-F,750,750,750
BI2015a,DeepConvNet,1,9,0.8663663663663663,0.9069069069069068,FM-Full_A-None_AdaBN-F,750,750,750
BI2015a,DeepConvNet,1,10,0.9148745519713262,0.942652329749104,FM-Full_A-None_AdaBN-F,750,750,750
BI2015a,DeepConvNet,1,13,0.918859649122807,0.9444444444444444,FM-Full_A-None_AdaBN-F,750,750,750
BI2015a,DeepConvNet,1,14,0.8041310541310541,0.8782051282051282,FM-Full_A-None_AdaBN-F,750,750,750
BI2015a,DeepConvNet,1,16,0.9198412698412698,0.9388888888888888,FM-Full_A-None_AdaBN-F,750,750,750
BI2015a,DeepConvNet,1,17,0.8604938271604938,0.8975308641975308,FM-Full_A-None_AdaBN-F,750,750,750
BI2015a,DeepConvNet,1,18,0.8395061728395061,0.9,FM-Full_A-None_AdaBN-F,750,750,750
BI2015a,DeepConvNet,1,20,0.8944444444444445,0.9333333333333332,FM-Full_A-None_AdaBN-F,750,750,750
BI2015a,DeepConvNet,1,25,0.8280651340996169,0.8745210727969349,FM-Full_A-None_AdaBN-F,750,750,750
BI2015a,DeepConvNet,1,26,0.9408602150537636,0.9516129032258064,FM-Full_A-None_AdaBN-F,750,750,750
BI2015a,DeepConvNet,1,27,0.8431786216596343,0.8621659634317862,FM-Full_A-None_AdaBN-F,750,750,750
BI2015a,DeepConvNet,1,28,0.8738888888888889,0.8922222222222222,FM-Full_A-None_AdaBN-F,750,750,750
BI2015a,DeepConvNet,1,31,0.8225925925925925,0.8514814814814815,FM-Full_A-None_AdaBN-F,750,750,750
BI2015a,DeepConvNet,1,32,0.9193548387096774,0.9247311827956988,FM-Full_A-None_AdaBN-F,750,750,750
BI2015a,DeepConvNet,1,35,0.8514492753623188,0.8462157809983897,FM-Full_A-None_AdaBN-F,750,750,750
BI2015a,DeepConvNet,1,37,0.7654761904761904,0.8682539682539683,FM-Full_A-None_AdaBN-F,750,750,750
BI2015a,DeepConvNet,1,38,0.8438438438438438,0.921921921921922,FM-Full_A-None_AdaBN-F,750,750,750
BI2015a,DeepConvNet,1,40,0.8734567901234568,0.9207818930041152,FM-Full_A-None_AdaBN-F,750,750,750
BI2015a,DeepConvNet,1,41,0.8160493827160494,0.8993827160493827,FM-Full_A-None_AdaBN-F,750,750,750
BI2015a,DeepConvNet,2,1,0.8254640839386602,0.8686440677966102,FM-Full_A-None_AdaBN-F,750,750,750
BI2015a,DeepConvNet,2,2,0.9001322751322751,0.9358465608465608,FM-Full_A-None_AdaBN-F,750,750,750
BI2015a,DeepConvNet,2,3,0.8735632183908046,0.9530651340996168,FM-Full_A-None_AdaBN-F,750,750,750
BI2015a,DeepConvNet,2,6,0.8074494949494949,0.9046717171717172,FM-Full_A-None_AdaBN-F,750,750,750
BI2015a,DeepConvNet,2,8,0.8816137566137566,0.9252645502645502,FM-Full_A-None_AdaBN-F,750,750,750
BI2015a,DeepConvNet,2,11,0.8430555555555556,0.9131944444444444,FM-Full_A-None_AdaBN-F,750,750,750
BI2015a,DeepConvNet,2,12,0.839605734767025,0.8655913978494624,FM-Full_A-None_AdaBN-F,750,750,750
BI2015a,DeepConvNet,2,15,0.8968253968253969,0.9277777777777778,FM-Full_A-None_AdaBN-F,750,750,750
BI2015a,DeepConvNet,2,19,0.88,0.9055555555555556,FM-Full_A-None_AdaBN-F,750,750,750
BI2015a,DeepConvNet,2,21,0.9198412698412698,0.9412698412698411,FM-Full_A-None_AdaBN-F,750,750,750
BI2015a,DeepConvNet,2,22,0.8787878787878788,0.9166666666666666,FM-Full_A-None_AdaBN-F,750,750,750
BI2015a,DeepConvNet,2,23,0.8793859649122807,0.9005847953216374,FM-Full_A-None_AdaBN-F,750,750,750
BI2015a,DeepConvNet,2,24,0.9074074074074074,0.9444444444444444,FM-Full_A-None_AdaBN-F,750,750,750
BI2015a,DeepConvNet,2,29,0.8453159041394336,0.8769063180827886,FM-Full_A-None_AdaBN-F,750,750,750
BI2015a,DeepConvNet,2,30,0.8960905349794238,0.9578189300411524,FM-Full_A-None_AdaBN-F,750,750,750
BI2015a,DeepConvNet,2,33,0.8908730158730159,0.9279100529100528,FM-Full_A-None_AdaBN-F,750,750,750
BI2015a,DeepConvNet,2,34,0.8896825396825396,0.9142857142857144,FM-Full_A-None_AdaBN-F,750,750,750
BI2015a,DeepConvNet,2,36,0.8652777777777778,0.9375,FM-Full_A-None_AdaBN-F,750,750,750
BI2015a,DeepConvNet,2,39,0.8163265306122449,0.9024943310657596,FM-Full_A-None_AdaBN-F,750,750,750
BI2015a,DeepConvNet,2,42,0.854775828460039,0.8669590643274854,FM-Full_A-None_AdaBN-F,750,750,750
BI2015a,DeepConvNet,2,43,0.9319923371647508,0.950191570881226,FM-Full_A-None_AdaBN-F,750,750,750
BI2015a,EEGNetv4,1,4,0.86875,0.9347222222222222,FM-Full_A-None_AdaBN-F,1044,1044,1044
BI2015a,EEGNetv4,1,5,0.8543771043771043,0.9191919191919192,FM-Full_A-None_AdaBN-F,1044,1044,1044
BI2015a,EEGNetv4,1,7,0.8333333333333334,0.9174836601307188,FM-Full_A-None_AdaBN-F,1044,1044,1044
BI2015a,EEGNetv4,1,9,0.8385885885885885,0.9024024024024024,FM-Full_A-None_AdaBN-F,1044,1044,1044
BI2015a,EEGNetv4,1,10,0.8709677419354839,0.9247311827956988,FM-Full_A-None_AdaBN-F,1044,1044,1044
BI2015a,EEGNetv4,1,13,0.8896198830409356,0.935672514619883,FM-Full_A-None_AdaBN-F,1044,1044,1044
BI2015a,EEGNetv4,1,14,0.834045584045584,0.8817663817663818,FM-Full_A-None_AdaBN-F,1044,1044,1044
BI2015a,EEGNetv4,1,16,0.8714285714285714,0.9277777777777778,FM-Full_A-None_AdaBN-F,1044,1044,1044
BI2015a,EEGNetv4,1,17,,,FM-Full_A-None_AdaBN-F,1044,1044,1044
BI2015a,EEGNetv4,1,18,0.8382716049382716,0.8820987654320988,FM-Full_A-None_AdaBN-F,1044,1044,1044
BI2015a,EEGNetv4,1,20,0.8444444444444444,0.9191358024691358,FM-Full_A-None_AdaBN-F,1044,1044,1044
BI2015a,EEGNetv4,1,25,0.7552681992337165,0.8730842911877394,FM-Full_A-None_AdaBN-F,1044,1044,1044
BI2015a,EEGNetv4,1,26,0.9077060931899642,0.9471326164874552,FM-Full_A-None_AdaBN-F,1044,1044,1044
BI2015a,EEGNetv4,1,27,0.8347398030942335,0.8565400843881856,FM-Full_A-None_AdaBN-F,1044,1044,1044
BI2015a,EEGNetv4,1,28,0.8444444444444444,0.8616666666666667,FM-Full_A-None_AdaBN-F,1044,1044,1044
BI2015a,EEGNetv4,1,31,0.8296296296296296,0.85,FM-Full_A-None_AdaBN-F,1044,1044,1044
BI2015a,EEGNetv4,1,32,0.8709677419354839,0.9112903225806452,FM-Full_A-None_AdaBN-F,1044,1044,1044
BI2015a,EEGNetv4,1,35,0.8333333333333334,0.8413848631239935,FM-Full_A-None_AdaBN-F,1044,1044,1044
BI2015a,EEGNetv4,1,37,0.7138888888888889,0.8626984126984127,FM-Full_A-None_AdaBN-F,1044,1044,1044
BI2015a,EEGNetv4,1,38,0.8453453453453453,0.9181681681681682,FM-Full_A-None_AdaBN-F,1044,1044,1044
BI2015a,EEGNetv4,1,40,0.8410493827160493,0.9135802469135802,FM-Full_A-None_AdaBN-F,1044,1044,1044
BI2015a,EEGNetv4,1,41,0.7851851851851852,0.8925925925925926,FM-Full_A-None_AdaBN-F,1044,1044,1044
BI2015a,EEGNetv4,2,1,0.8335351089588378,0.8482647296206618,FM-Full_A-None_AdaBN-F,1044,1044,1044
BI2015a,EEGNetv4,2,2,0.8961640211640212,0.923941798941799,FM-Full_A-None_AdaBN-F,1044,1044,1044
BI2015a,EEGNetv4,2,3,0.8515325670498084,0.9521072796934866,FM-Full_A-None_AdaBN-F,1044,1044,1044
BI2015a,EEGNetv4,2,6,0.8156565656565656,0.8970959595959596,FM-Full_A-None_AdaBN-F,1044,1044,1044
BI2015a,EEGNetv4,2,8,0.875,0.91005291005291,FM-Full_A-None_AdaBN-F,1044,1044,1044
BI2015a,EEGNetv4,2,11,0.8006944444444445,0.8895833333333333,FM-Full_A-None_AdaBN-F,1044,1044,1044
BI2015a,EEGNetv4,2,12,0.8364695340501792,0.8673835125448028,FM-Full_A-None_AdaBN-F,1044,1044,1044
BI2015a,EEGNetv4,2,15,0.9023809523809524,0.9293650793650794,FM-Full_A-None_AdaBN-F,1044,1044,1044
BI2015a,EEGNetv4,2,19,0.8733333333333333,0.8833333333333333,FM-Full_A-None_AdaBN-F,1044,1044,1044
BI2015a,EEGNetv4,2,21,0.934126984126984,0.9396825396825396,FM-Full_A-None_AdaBN-F,1044,1044,1044
BI2015a,EEGNetv4,2,22,0.875,0.9154040404040404,FM-Full_A-None_AdaBN-F,1044,1044,1044
BI2015a,EEGNetv4,2,23,0.8779239766081871,0.881578947368421,FM-Full_A-None_AdaBN-F,1044,1044,1044
BI2015a,EEGNetv4,2,24,0.9151234567901234,0.9382716049382716,FM-Full_A-None_AdaBN-F,1044,1044,1044
BI2015a,EEGNetv4,2,29,0.8447712418300654,0.8671023965141612,FM-Full_A-None_AdaBN-F,1044,1044,1044
BI2015a,EEGNetv4,2,30,0.8569958847736625,0.8847736625514403,FM-Full_A-None_AdaBN-F,1044,1044,1044
BI2015a,EEGNetv4,2,33,0.8895502645502645,0.9107142857142856,FM-Full_A-None_AdaBN-F,1044,1044,1044
BI2015a,EEGNetv4,2,34,0.8793650793650793,0.9198412698412698,FM-Full_A-None_AdaBN-F,1044,1044,1044
BI2015a,EEGNetv4,2,36,0.8951388888888889,0.9263888888888888,FM-Full_A-None_AdaBN-F,1044,1044,1044
BI2015a,EEGNetv4,2,39,0.8333333333333334,0.9007936507936508,FM-Full_A-None_AdaBN-F,1044,1044,1044
BI2015a,EEGNetv4,2,42,0.8538011695906432,0.8464912280701754,FM-Full_A-None_AdaBN-F,1044,1044,1044
BI2015a,EEGNetv4,2,43,0.9310344827586208,0.956896551724138,FM-Full_A-None_AdaBN-F,1044,1044,1044
BI2015a,ATCNet,1,4,0.8895833333333333,0.9368055555555556,FM-Full_A-None_AdaBN-F,1044,1044,1044
BI2015a,ATCNet,1,5,0.8577441077441077,0.930976430976431,FM-Full_A-None_AdaBN-F,1044,1044,1044
BI2015a,ATCNet,1,7,0.8341503267973857,0.9215686274509804,FM-Full_A-None_AdaBN-F,1044,1044,1044
BI2015a,ATCNet,1,9,0.8603603603603603,0.90990990990991,FM-Full_A-None_AdaBN-F,1044,1044,1044
BI2015a,ATCNet,1,10,0.910394265232975,0.9363799283154122,FM-Full_A-None_AdaBN-F,1044,1044,1044
BI2015a,ATCNet,1,13,0.8925438596491229,0.9444444444444444,FM-Full_A-None_AdaBN-F,1044,1044,1044
BI2015a,ATCNet,1,14,0.8311965811965812,0.8789173789173789,FM-Full_A-None_AdaBN-F,1044,1044,1044
BI2015a,ATCNet,1,16,0.8952380952380953,0.9253968253968254,FM-Full_A-None_AdaBN-F,1044,1044,1044
BI2015a,ATCNet,1,17,0.8604938271604938,0.8814814814814815,FM-Full_A-None_AdaBN-F,1044,1044,1044
BI2015a,ATCNet,1,18,0.8296296296296296,0.8882716049382716,FM-Full_A-None_AdaBN-F,1044,1044,1044
BI2015a,ATCNet,1,20,0.8604938271604938,0.928395061728395,FM-Full_A-None_AdaBN-F,1044,1044,1044
BI2015a,ATCNet,1,25,0.8347701149425287,0.8759578544061303,FM-Full_A-None_AdaBN-F,1044,1044,1044
BI2015a,ATCNet,1,26,0.9301075268817204,0.9489247311827956,FM-Full_A-None_AdaBN-F,1044,1044,1044
BI2015a,ATCNet,1,27,0.8379043600562588,0.8558368495077355,FM-Full_A-None_AdaBN-F,1044,1044,1044
BI2015a,ATCNet,1,28,0.8622222222222222,0.8794444444444445,FM-Full_A-None_AdaBN-F,1044,1044,1044
BI2015a,ATCNet,1,31,0.8314814814814815,0.8496296296296296,FM-Full_A-None_AdaBN-F,1044,1044,1044
BI2015a,ATCNet,1,32,0.8906810035842294,0.9130824372759856,FM-Full_A-None_AdaBN-F,1044,1044,1044
BI2015a,ATCNet,1,35,0.8337359098228664,0.8466183574879227,FM-Full_A-None_AdaBN-F,1044,1044,1044
BI2015a,ATCNet,1,37,0.8333333333333334,0.8611111111111112,FM-Full_A-None_AdaBN-F,1044,1044,1044
BI2015a,ATCNet,1,38,0.8573573573573574,0.9166666666666666,FM-Full_A-None_AdaBN-F,1044,1044,1044
BI2015a,ATCNet,1,40,0.8503086419753086,0.9171810699588476,FM-Full_A-None_AdaBN-F,1044,1044,1044
BI2015a,ATCNet,1,41,0.8148148148148148,0.8925925925925926,FM-Full_A-None_AdaBN-F,1044,1044,1044
BI2015a,ATCNet,2,1,0.8341404358353511,0.8549233252623083,FM-Full_A-None_AdaBN-F,1044,1044,1044
BI2015a,ATCNet,2,2,0.902116402116402,0.9279100529100528,FM-Full_A-None_AdaBN-F,1044,1044,1044
BI2015a,ATCNet,2,3,0.8515325670498084,0.9521072796934866,FM-Full_A-None_AdaBN-F,1044,1044,1044
BI2015a,ATCNet,2,6,0.8232323232323232,0.9027777777777778,FM-Full_A-None_AdaBN-F,1044,1044,1044
BI2015a,ATCNet,2,8,0.8664021164021164,0.914021164021164,FM-Full_A-None_AdaBN-F,1044,1044,1044
BI2015a,ATCNet,2,11,0.8097222222222222,0.8847222222222222,FM-Full_A-None_AdaBN-F,1044,1044,1044
BI2015a,ATCNet,2,12,0.8413978494623656,0.8669354838709677,FM-Full_A-None_AdaBN-F,1044,1044,1044
BI2015a,ATCNet,2,15,0.8984126984126984,0.9253968253968254,FM-Full_A-None_AdaBN-F,1044,1044,1044
BI2015a,ATCNet,2,19,0.8766666666666667,0.9011111111111112,FM-Full_A-None_AdaBN-F,1044,1044,1044
BI2015a,ATCNet,2,21,0.9253968253968254,0.9388888888888888,FM-Full_A-None_AdaBN-F,1044,1044,1044
BI2015a,ATCNet,2,22,0.8806818181818182,0.9122474747474748,FM-Full_A-None_AdaBN-F,1044,1044,1044
BI2015a,ATCNet,2,23,0.8757309941520468,0.8874269005847953,FM-Full_A-None_AdaBN-F,1044,1044,1044
BI2015a,ATCNet,2,24,0.8996913580246914,0.941358024691358,FM-Full_A-None_AdaBN-F,1044,1044,1044
BI2015a,ATCNet,2,29,0.8387799564270153,0.8649237472766884,FM-Full_A-None_AdaBN-F,1044,1044,1044
BI2015a,ATCNet,2,30,0.9146090534979424,0.8919753086419753,FM-Full_A-None_AdaBN-F,1044,1044,1044
BI2015a,ATCNet,2,33,0.8855820105820106,0.9153439153439152,FM-Full_A-None_AdaBN-F,1044,1044,1044
BI2015a,ATCNet,2,34,0.8912698412698413,0.9174603174603174,FM-Full_A-None_AdaBN-F,1044,1044,1044
BI2015a,ATCNet,2,36,0.8486111111111111,0.9263888888888888,FM-Full_A-None_AdaBN-F,1044,1044,1044
BI2015a,ATCNet,2,39,0.8327664399092971,0.9098639455782312,FM-Full_A-None_AdaBN-F,1044,1044,1044
BI2015a,ATCNet,2,42,0.8503898635477583,0.8581871345029239,FM-Full_A-None_AdaBN-F,1044,1044,1044
BI2015a,ATCNet,2,43,0.9396551724137931,0.9578544061302682,FM-Full_A-None_AdaBN-F,1044,1044,1044
BI2015a,ShallowConvNet,1,4,0.8819444444444444,0.9166666666666666,FM-Full_A-None_AdaBN-F,1044,1044,1044
BI2015a,ShallowConvNet,1,5,0.8813131313131313,0.9023569023569024,FM-Full_A-None_AdaBN-F,1044,1044,1044
BI2015a,ShallowConvNet,1,7,0.8325163398692811,0.8880718954248366,FM-Full_A-None_AdaBN-F,1044,1044,1044
BI2015a,ShallowConvNet,1,9,0.8618618618618619,0.8888888888888888,FM-Full_A-None_AdaBN-F,1044,1044,1044
BI2015a,ShallowConvNet,1,10,0.8736559139784946,0.9041218637992832,FM-Full_A-None_AdaBN-F,1044,1044,1044
BI2015a,ShallowConvNet,1,13,0.8713450292397661,0.9320175438596492,FM-Full_A-None_AdaBN-F,1044,1044,1044
BI2015a,ShallowConvNet,1,14,0.8368945868945868,0.8568376068376068,FM-Full_A-None_AdaBN-F,1044,1044,1044
BI2015a,ShallowConvNet,1,16,0.8857142857142857,0.8960317460317461,FM-Full_A-None_AdaBN-F,1044,1044,1044
BI2015a,ShallowConvNet,1,17,0.8611111111111112,0.8790123456790123,FM-Full_A-None_AdaBN-F,1044,1044,1044
BI2015a,ShallowConvNet,1,18,0.8351851851851851,0.8611111111111112,FM-Full_A-None_AdaBN-F,1044,1044,1044
BI2015a,ShallowConvNet,1,20,0.8604938271604938,0.8987654320987655,FM-Full_A-None_AdaBN-F,1044,1044,1044
BI2015a,ShallowConvNet,1,25,0.8045977011494253,0.8477011494252874,FM-Full_A-None_AdaBN-F,1044,1044,1044
BI2015a,ShallowConvNet,1,26,0.9077060931899642,0.9310035842293908,FM-Full_A-None_AdaBN-F,1044,1044,1044
BI2015a,ShallowConvNet,1,27,0.819971870604782,0.8326300984528833,FM-Full_A-None_AdaBN-F,1044,1044,1044
BI2015a,ShallowConvNet,1,28,0.8555555555555555,0.8611111111111112,FM-Full_A-None_AdaBN-F,1044,1044,1044
BI2015a,ShallowConvNet,1,31,0.8311111111111111,0.8422222222222222,FM-Full_A-None_AdaBN-F,1044,1044,1044
BI2015a,ShallowConvNet,1,32,0.8915770609318996,0.8888888888888888,FM-Full_A-None_AdaBN-F,1044,1044,1044
BI2015a,ShallowConvNet,1,35,0.8450080515297906,0.8164251207729468,FM-Full_A-None_AdaBN-F,1044,1044,1044
BI2015a,ShallowConvNet,1,37,0.6511904761904762,0.8321428571428572,FM-Full_A-None_AdaBN-F,1044,1044,1044
BI2015a,ShallowConvNet,1,38,0.8378378378378378,0.8903903903903904,FM-Full_A-None_AdaBN-F,1044,1044,1044
BI2015a,ShallowConvNet,1,40,0.8554526748971193,0.8868312757201646,FM-Full_A-None_AdaBN-F,1044,1044,1044
BI2015a,ShallowConvNet,1,41,0.7728395061728395,0.8685185185185185,FM-Full_A-None_AdaBN-F,1044,1044,1044
BI2015a,ShallowConvNet,2,1,0.2592816787732042,0.8319209039548022,FM-Full_A-None_AdaBN-F,1044,1044,1044
BI2015a,ShallowConvNet,2,2,0.8796296296296297,0.9047619047619048,FM-Full_A-None_AdaBN-F,1044,1044,1044
BI2015a,ShallowConvNet,2,3,0.8151340996168582,0.9348659003831418,FM-Full_A-None_AdaBN-F,1044,1044,1044
BI2015a,ShallowConvNet,2,6,0.7752525252525253,0.8813131313131313,FM-Full_A-None_AdaBN-F,1044,1044,1044
BI2015a,ShallowConvNet,2,8,0.8617724867724867,0.8855820105820106,FM-Full_A-None_AdaBN-F,1044,1044,1044
BI2015a,ShallowConvNet,2,11,0.7923611111111111,0.8520833333333333,FM-Full_A-None_AdaBN-F,1044,1044,1044
BI2015a,ShallowConvNet,2,12,0.8364695340501792,0.8521505376344086,FM-Full_A-None_AdaBN-F,1044,1044,1044
BI2015a,ShallowConvNet,2,15,0.8817460317460317,0.9023809523809524,FM-Full_A-None_AdaBN-F,1044,1044,1044
BI2015a,ShallowConvNet,2,19,0.8533333333333334,0.8627777777777778,FM-Full_A-None_AdaBN-F,1044,1044,1044
BI2015a,ShallowConvNet,2,21,0.9055555555555556,0.9103174603174604,FM-Full_A-None_AdaBN-F,1044,1044,1044
BI2015a,ShallowConvNet,2,22,0.8535353535353535,0.8781565656565656,FM-Full_A-None_AdaBN-F,1044,1044,1044
BI2015a,ShallowConvNet,2,23,0.8442982456140351,0.8618421052631579,FM-Full_A-None_AdaBN-F,1044,1044,1044
BI2015a,ShallowConvNet,2,24,0.8742283950617284,0.8966049382716049,FM-Full_A-None_AdaBN-F,1044,1044,1044
BI2015a,ShallowConvNet,2,29,0.8240740740740741,0.8523965141612201,FM-Full_A-None_AdaBN-F,1044,1044,1044
BI2015a,ShallowConvNet,2,30,0.4002057613168724,0.9074074074074074,FM-Full_A-None_AdaBN-F,1044,1044,1044
BI2015a,ShallowConvNet,2,33,0.8683862433862434,0.8915343915343915,FM-Full_A-None_AdaBN-F,1044,1044,1044
BI2015a,ShallowConvNet,2,34,0.861904761904762,0.8753968253968254,FM-Full_A-None_AdaBN-F,1044,1044,1044
BI2015a,ShallowConvNet,2,36,0.7847222222222222,0.8881944444444444,FM-Full_A-None_AdaBN-F,1044,1044,1044
BI2015a,ShallowConvNet,2,39,0.8293650793650794,0.8696145124716553,FM-Full_A-None_AdaBN-F,1044,1044,1044
BI2015a,ShallowConvNet,2,42,0.8245614035087719,0.8396686159844055,FM-Full_A-None_AdaBN-F,1044,1044,1044
BI2015a,ShallowConvNet,2,43,0.913793103448276,0.92911877394636,FM-Full_A-None_AdaBN-F,1044,1044,1044
BI2015a,DeepConvNet,1,4,0.9131944444444444,0.9541666666666668,FM-Full_A-None_AdaBN-F,1044,1044,1044
BI2015a,DeepConvNet,1,5,0.9082491582491582,0.930976430976431,FM-Full_A-None_AdaBN-F,1044,1044,1044
BI2015a,DeepConvNet,1,7,0.6699346405228758,0.9297385620915032,FM-Full_A-None_AdaBN-F,1044,1044,1044
BI2015a,DeepConvNet,1,9,0.8731231231231231,0.9144144144144144,FM-Full_A-None_AdaBN-F,1044,1044,1044
BI2015a,DeepConvNet,1,10,0.9086021505376344,0.9435483870967742,FM-Full_A-None_AdaBN-F,1044,1044,1044
BI2015a,DeepConvNet,1,13,0.9181286549707602,0.9444444444444444,FM-Full_A-None_AdaBN-F,1044,1044,1044
BI2015a,DeepConvNet,1,14,0.7556980056980057,0.8625356125356125,FM-Full_A-None_AdaBN-F,1044,1044,1044
BI2015a,DeepConvNet,1,16,0.9055555555555556,0.9436507936507936,FM-Full_A-None_AdaBN-F,1044,1044,1044
BI2015a,DeepConvNet,1,17,0.8697530864197531,0.8938271604938272,FM-Full_A-None_AdaBN-F,1044,1044,1044
BI2015a,DeepConvNet,1,18,0.8512345679012345,0.9030864197530863,FM-Full_A-None_AdaBN-F,1044,1044,1044
BI2015a,DeepConvNet,1,20,0.90679012345679,0.934567901234568,FM-Full_A-None_AdaBN-F,1044,1044,1044
BI2015a,DeepConvNet,1,25,0.8290229885057471,0.8745210727969349,FM-Full_A-None_AdaBN-F,1044,1044,1044
BI2015a,DeepConvNet,1,26,0.9399641577060932,0.9587813620071683,FM-Full_A-None_AdaBN-F,1044,1044,1044
BI2015a,DeepConvNet,1,27,0.849507735583685,0.8621659634317862,FM-Full_A-None_AdaBN-F,1044,1044,1044
BI2015a,DeepConvNet,1,28,0.8744444444444445,0.8955555555555555,FM-Full_A-None_AdaBN-F,1044,1044,1044
BI2015a,DeepConvNet,1,31,0.8211111111111111,0.8455555555555555,FM-Full_A-None_AdaBN-F,1044,1044,1044
BI2015a,DeepConvNet,1,32,0.9148745519713262,0.9327956989247312,FM-Full_A-None_AdaBN-F,1044,1044,1044
BI2015a,DeepConvNet,1,35,0.8433977455716586,0.8425925925925926,FM-Full_A-None_AdaBN-F,1044,1044,1044
BI2015a,DeepConvNet,1,37,0.7634920634920634,0.8714285714285714,FM-Full_A-None_AdaBN-F,1044,1044,1044
BI2015a,DeepConvNet,1,38,0.8671171171171171,0.927927927927928,FM-Full_A-None_AdaBN-F,1044,1044,1044
BI2015a,DeepConvNet,1,40,0.8791152263374485,0.925925925925926,FM-Full_A-None_AdaBN-F,1044,1044,1044
BI2015a,DeepConvNet,1,41,0.8191358024691358,0.8981481481481481,FM-Full_A-None_AdaBN-F,1044,1044,1044
BI2015a,DeepConvNet,2,1,0.8292978208232445,0.8652138821630347,FM-Full_A-None_AdaBN-F,1044,1044,1044
BI2015a,DeepConvNet,2,2,0.9107142857142856,0.9332010582010584,FM-Full_A-None_AdaBN-F,1044,1044,1044
BI2015a,DeepConvNet,2,3,0.8591954022988506,0.9482758620689656,FM-Full_A-None_AdaBN-F,1044,1044,1044
BI2015a,DeepConvNet,2,6,0.8181818181818182,0.9078282828282828,FM-Full_A-None_AdaBN-F,1044,1044,1044
BI2015a,DeepConvNet,2,8,0.8835978835978836,0.9305555555555556,FM-Full_A-None_AdaBN-F,1044,1044,1044
BI2015a,DeepConvNet,2,11,0.8395833333333333,0.9118055555555556,FM-Full_A-None_AdaBN-F,1044,1044,1044
BI2015a,DeepConvNet,2,12,0.8431899641577061,0.8687275985663082,FM-Full_A-None_AdaBN-F,1044,1044,1044
BI2015a,DeepConvNet,2,15,0.8952380952380953,0.926984126984127,FM-Full_A-None_AdaBN-F,1044,1044,1044
BI2015a,DeepConvNet,2,19,0.8866666666666667,0.9033333333333332,FM-Full_A-None_AdaBN-F,1044,1044,1044
BI2015a,DeepConvNet,2,21,0.919047619047619,0.942063492063492,FM-Full_A-None_AdaBN-F,1044,1044,1044
BI2015a,DeepConvNet,2,22,0.8737373737373737,0.922979797979798,FM-Full_A-None_AdaBN-F,1044,1044,1044
BI2015a,DeepConvNet,2,23,0.8764619883040936,0.8976608187134503,FM-Full_A-None_AdaBN-F,1044,1044,1044
BI2015a,DeepConvNet,2,24,0.910493827160494,0.9429012345679012,FM-Full_A-None_AdaBN-F,1044,1044,1044
BI2015a,DeepConvNet,2,29,0.8447712418300654,0.8839869281045751,FM-Full_A-None_AdaBN-F,1044,1044,1044
BI2015a,DeepConvNet,2,30,0.9012345679012346,0.9526748971193416,FM-Full_A-None_AdaBN-F,1044,1044,1044
BI2015a,DeepConvNet,2,33,0.8941798941798942,0.9212962962962964,FM-Full_A-None_AdaBN-F,1044,1044,1044
BI2015a,DeepConvNet,2,34,0.8928571428571429,0.9253968253968254,FM-Full_A-None_AdaBN-F,1044,1044,1044
BI2015a,DeepConvNet,2,36,0.8958333333333334,0.9347222222222222,FM-Full_A-None_AdaBN-F,1044,1044,1044
BI2015a,DeepConvNet,2,39,0.8304988662131519,0.8979591836734694,FM-Full_A-None_AdaBN-F,1044,1044,1044
BI2015a,DeepConvNet,2,42,0.8552631578947368,0.865009746588694,FM-Full_A-None_AdaBN-F,1044,1044,1044
BI2015a,DeepConvNet,2,43,0.9348659003831418,0.9636015325670498,FM-Full_A-None_AdaBN-F,1044,1044,1044
BNCI2014_001,ShallowConvNet,1,1,0.3663194444444444,0.6215277777777778,FM-Full_A-None_AdaBN-F,50,50,50
BNCI2014_001,ShallowConvNet,1,2,0.2638888888888889,0.3628472222222222,FM-Full_A-None_AdaBN-F,50,50,50
BNCI2014_001,ShallowConvNet,1,6,0.2378472222222222,0.3836805555555556,FM-Full_A-None_AdaBN-F,50,50,50
BNCI2014_001,ShallowConvNet,1,8,0.3142361111111111,0.625,FM-Full_A-None_AdaBN-F,50,50,50
BNCI2014_001,ShallowConvNet,1,9,0.4201388888888889,0.7048611111111112,FM-Full_A-None_AdaBN-F,50,50,50
BNCI2014_001,ShallowConvNet,2,3,0.4079861111111111,0.7256944444444444,FM-Full_A-None_AdaBN-F,50,50,50
BNCI2014_001,ShallowConvNet,2,4,0.3229166666666667,0.4878472222222222,FM-Full_A-None_AdaBN-F,50,50,50
BNCI2014_001,ShallowConvNet,2,5,0.2725694444444444,0.40625,FM-Full_A-None_AdaBN-F,50,50,50
BNCI2014_001,ShallowConvNet,2,7,0.3107638888888889,0.5711805555555556,FM-Full_A-None_AdaBN-F,50,50,50
BNCI2014_001,ATCNet,1,1,0.2795138888888889,0.640625,FM-Full_A-None_AdaBN-F,50,50,50
BNCI2014_001,ATCNet,1,2,0.265625,0.4166666666666667,FM-Full_A-None_AdaBN-F,50,50,50
BNCI2014_001,ATCNet,1,6,0.2951388888888889,0.4253472222222222,FM-Full_A-None_AdaBN-F,50,50,50
BNCI2014_001,ATCNet,1,8,0.3194444444444444,0.6302083333333334,FM-Full_A-None_AdaBN-F,50,50,50
BNCI2014_001,ATCNet,1,9,0.3923611111111111,0.65625,FM-Full_A-None_AdaBN-F,50,50,50
BNCI2014_001,ATCNet,2,3,0.2743055555555556,0.7013888888888888,FM-Full_A-None_AdaBN-F,50,50,50
BNCI2014_001,ATCNet,2,4,0.2309027777777778,0.4895833333333333,FM-Full_A-None_AdaBN-F,50,50,50
BNCI2014_001,ATCNet,2,5,0.2621527777777778,0.4166666666666667,FM-Full_A-None_AdaBN-F,50,50,50
BNCI2014_001,ATCNet,2,7,0.2378472222222222,0.5572916666666666,FM-Full_A-None_AdaBN-F,50,50,50
BNCI2014_001,EEGNetv4,1,1,0.3211805555555556,0.5486111111111112,FM-Full_A-None_AdaBN-F,50,50,50
BNCI2014_001,EEGNetv4,1,2,0.2621527777777778,0.3819444444444444,FM-Full_A-None_AdaBN-F,50,50,50
BNCI2014_001,EEGNetv4,1,6,0.2777777777777778,0.3697916666666667,FM-Full_A-None_AdaBN-F,50,50,50
BNCI2014_001,EEGNetv4,1,8,0.2743055555555556,0.4947916666666667,FM-Full_A-None_AdaBN-F,50,50,50
BNCI2014_001,EEGNetv4,1,9,0.3402777777777778,0.578125,FM-Full_A-None_AdaBN-F,50,50,50
BNCI2014_001,EEGNetv4,2,3,0.3229166666666667,0.6302083333333334,FM-Full_A-None_AdaBN-F,50,50,50
BNCI2014_001,EEGNetv4,2,4,0.2934027777777778,0.4496527777777778,FM-Full_A-None_AdaBN-F,50,50,50
BNCI2014_001,EEGNetv4,2,5,0.3402777777777778,0.4496527777777778,FM-Full_A-None_AdaBN-F,50,50,50
BNCI2014_001,EEGNetv4,2,7,0.3263888888888889,0.5121527777777778,FM-Full_A-None_AdaBN-F,50,50,50
BNCI2014_001,DeepConvNet,1,1,0.2708333333333333,0.2829861111111111,FM-Full_A-None_AdaBN-F,50,50,50
BNCI2014_001,DeepConvNet,1,2,0.2517361111111111,0.3385416666666667,FM-Full_A-None_AdaBN-F,50,50,50
BNCI2014_001,DeepConvNet,1,6,0.2638888888888889,0.2552083333333333,FM-Full_A-None_AdaBN-F,50,50,50
BNCI2014_001,DeepConvNet,1,8,0.2760416666666667,0.2986111111111111,FM-Full_A-None_AdaBN-F,50,50,50
BNCI2014_001,DeepConvNet,1,9,0.3229166666666667,0.2864583333333333,FM-Full_A-None_AdaBN-F,50,50,50
BNCI2014_001,DeepConvNet,2,3,0.3194444444444444,0.4079861111111111,FM-Full_A-None_AdaBN-F,50,50,50
BNCI2014_001,DeepConvNet,2,4,0.2534722222222222,0.2673611111111111,FM-Full_A-None_AdaBN-F,50,50,50
BNCI2014_001,DeepConvNet,2,5,0.2673611111111111,0.3246527777777778,FM-Full_A-None_AdaBN-F,50,50,50
BNCI2014_001,DeepConvNet,2,7,0.2777777777777778,0.28125,FM-Full_A-None_AdaBN-F,50,50,50
BNCI2014_001,EEGNetv4,1,1,0.3975694444444444,0.6892361111111112,FM-Full_A-None_AdaBN-F,150,150,150
BNCI2014_001,EEGNetv4,1,2,0.3263888888888889,0.4548611111111111,FM-Full_A-None_AdaBN-F,150,150,150
BNCI2014_001,EEGNetv4,1,6,0.2795138888888889,0.5017361111111112,FM-Full_A-None_AdaBN-F,150,150,150
BNCI2014_001,EEGNetv4,1,8,0.3680555555555556,0.6493055555555556,FM-Full_A-None_AdaBN-F,150,150,150
BNCI2014_001,EEGNetv4,1,9,0.421875,0.7048611111111112,FM-Full_A-None_AdaBN-F,150,150,150
BNCI2014_001,EEGNetv4,2,3,0.5503472222222222,0.7708333333333334,FM-Full_A-None_AdaBN-F,150,150,150
BNCI2014_001,EEGNetv4,2,4,0.4166666666666667,0.5486111111111112,FM-Full_A-None_AdaBN-F,150,150,150
BNCI2014_001,EEGNetv4,2,5,0.3541666666666667,0.4652777777777778,FM-Full_A-None_AdaBN-F,150,150,150
BNCI2014_001,EEGNetv4,2,7,0.4010416666666667,0.5677083333333334,FM-Full_A-None_AdaBN-F,150,150,150
BNCI2014_001,ATCNet,1,1,0.5190972222222222,0.7118055555555556,FM-Full_A-None_AdaBN-F,150,150,150
BNCI2014_001,ATCNet,1,2,0.2517361111111111,0.46875,FM-Full_A-None_AdaBN-F,150,150,150
BNCI2014_001,ATCNet,1,6,0.28125,0.5121527777777778,FM-Full_A-None_AdaBN-F,150,150,150
BNCI2014_001,ATCNet,1,8,0.359375,0.703125,FM-Full_A-None_AdaBN-F,150,150,150
BNCI2014_001,ATCNet,1,9,0.3194444444444444,0.7361111111111112,FM-Full_A-None_AdaBN-F,150,150,150
BNCI2014_001,ATCNet,2,3,0.5138888888888888,0.7256944444444444,FM-Full_A-None_AdaBN-F,150,150,150
BNCI2014_001,ATCNet,2,4,0.3958333333333333,0.5868055555555556,FM-Full_A-None_AdaBN-F,150,150,150
BNCI2014_001,ATCNet,2,5,0.2881944444444444,0.4913194444444444,FM-Full_A-None_AdaBN-F,150,150,150
BNCI2014_001,ATCNet,2,7,0.2586805555555556,0.6354166666666666,FM-Full_A-None_AdaBN-F,150,150,150
BNCI2014_001,DeepConvNet,1,1,0.3003472222222222,0.2986111111111111,FM-Full_A-None_AdaBN-F,150,150,150
BNCI2014_001,DeepConvNet,1,2,0.2447916666666666,0.3611111111111111,FM-Full_A-None_AdaBN-F,150,150,150
BNCI2014_001,DeepConvNet,1,6,0.2881944444444444,0.2725694444444444,FM-Full_A-None_AdaBN-F,150,150,150
BNCI2014_001,DeepConvNet,1,8,0.3836805555555556,0.3159722222222222,FM-Full_A-None_AdaBN-F,150,150,150
BNCI2014_001,DeepConvNet,1,9,0.4131944444444444,0.3541666666666667,FM-Full_A-None_AdaBN-F,150,150,150
BNCI2014_001,DeepConvNet,2,3,0.5902777777777778,0.5659722222222222,FM-Full_A-None_AdaBN-F,150,150,150
BNCI2014_001,DeepConvNet,2,4,0.3177083333333333,0.3680555555555556,FM-Full_A-None_AdaBN-F,150,150,150
BNCI2014_001,DeepConvNet,2,5,0.2673611111111111,0.3611111111111111,FM-Full_A-None_AdaBN-F,150,150,150
BNCI2014_001,DeepConvNet,2,7,0.2673611111111111,0.3263888888888889,FM-Full_A-None_AdaBN-F,150,150,150
BNCI2014_001,ShallowConvNet,1,1,0.3628472222222222,0.640625,FM-Full_A-None_AdaBN-F,150,150,150
BNCI2014_001,ShallowConvNet,1,2,0.2482638888888889,0.359375,FM-Full_A-None_AdaBN-F,150,150,150
BNCI2014_001,ShallowConvNet,1,6,0.21875,0.453125,FM-Full_A-None_AdaBN-F,150,150,150
BNCI2014_001,ShallowConvNet,1,8,0.3836805555555556,0.6284722222222222,FM-Full_A-None_AdaBN-F,150,150,150
BNCI2014_001,ShallowConvNet,1,9,0.4184027777777778,0.7135416666666666,FM-Full_A-None_AdaBN-F,150,150,150
BNCI2014_001,ShallowConvNet,2,3,0.5538194444444444,0.75,FM-Full_A-None_AdaBN-F,150,150,150
BNCI2014_001,ShallowConvNet,2,4,0.4184027777777778,0.5538194444444444,FM-Full_A-None_AdaBN-F,150,150,150
BNCI2014_001,ShallowConvNet,2,5,0.25,0.375,FM-Full_A-None_AdaBN-F,150,150,150
BNCI2014_001,ShallowConvNet,2,7,0.25,0.5711805555555556,FM-Full_A-None_AdaBN-F,150,150,150
BNCI2014_001,ShallowConvNet,1,1,0.5868055555555556,0.6753472222222222,FM-Full_A-None_AdaBN-F,300,300,300
BNCI2014_001,ShallowConvNet,1,2,0.2690972222222222,0.3715277777777778,FM-Full_A-None_AdaBN-F,300,300,300
BNCI2014_001,ShallowConvNet,1,6,0.265625,0.4704861111111111,FM-Full_A-None_AdaBN-F,300,300,300
BNCI2014_001,ShallowConvNet,1,8,0.515625,0.6753472222222222,FM-Full_A-None_AdaBN-F,300,300,300
BNCI2014_001,ShallowConvNet,1,9,0.4444444444444444,0.75,FM-Full_A-None_AdaBN-F,300,300,300
BNCI2014_001,ShallowConvNet,2,3,0.6371527777777778,0.7934027777777778,FM-Full_A-None_AdaBN-F,300,300,300
BNCI2014_001,ShallowConvNet,2,4,0.4166666666666667,0.5434027777777778,FM-Full_A-None_AdaBN-F,300,300,300
BNCI2014_001,ShallowConvNet,2,5,0.2690972222222222,0.4236111111111111,FM-Full_A-None_AdaBN-F,300,300,300
BNCI2014_001,ShallowConvNet,2,7,0.2951388888888889,0.6458333333333334,FM-Full_A-None_AdaBN-F,300,300,300
BNCI2014_001,ATCNet,1,1,0.5954861111111112,0.7743055555555556,FM-Full_A-None_AdaBN-F,300,300,300
BNCI2014_001,ATCNet,1,2,0.2951388888888889,0.5034722222222222,FM-Full_A-None_AdaBN-F,300,300,300
BNCI2014_001,ATCNet,1,6,0.265625,0.5486111111111112,FM-Full_A-None_AdaBN-F,300,300,300
BNCI2014_001,ATCNet,1,8,0.5034722222222222,0.7309027777777778,FM-Full_A-None_AdaBN-F,300,300,300
BNCI2014_001,ATCNet,1,9,0.3697916666666667,0.7881944444444444,FM-Full_A-None_AdaBN-F,300,300,300
BNCI2014_001,ATCNet,2,3,0.5104166666666666,0.8107638888888888,FM-Full_A-None_AdaBN-F,300,300,300
BNCI2014_001,ATCNet,2,4,0.3420138888888889,0.5850694444444444,FM-Full_A-None_AdaBN-F,300,300,300
BNCI2014_001,ATCNet,2,5,0.3229166666666667,0.5104166666666666,FM-Full_A-None_AdaBN-F,300,300,300
BNCI2014_001,ATCNet,2,7,0.2864583333333333,0.6927083333333334,FM-Full_A-None_AdaBN-F,300,300,300
BNCI2014_001,EEGNetv4,1,1,0.5815972222222222,0.7256944444444444,FM-Full_A-None_AdaBN-F,300,300,300
BNCI2014_001,EEGNetv4,1,2,0.34375,0.4895833333333333,FM-Full_A-None_AdaBN-F,300,300,300
BNCI2014_001,EEGNetv4,1,6,0.3003472222222222,0.5746527777777778,FM-Full_A-None_AdaBN-F,300,300,300
BNCI2014_001,EEGNetv4,1,8,0.4461805555555556,0.7135416666666666,FM-Full_A-None_AdaBN-F,300,300,300
BNCI2014_001,EEGNetv4,1,9,0.4149305555555556,0.703125,FM-Full_A-None_AdaBN-F,300,300,300
BNCI2014_001,EEGNetv4,2,3,0.5434027777777778,0.7864583333333334,FM-Full_A-None_AdaBN-F,300,300,300
BNCI2014_001,EEGNetv4,2,4,0.4375,0.5850694444444444,FM-Full_A-None_AdaBN-F,300,300,300
BNCI2014_001,EEGNetv4,2,5,0.3767361111111111,0.4861111111111111,FM-Full_A-None_AdaBN-F,300,300,300
BNCI2014_001,EEGNetv4,2,7,0.4583333333333333,0.6354166666666666,FM-Full_A-None_AdaBN-F,300,300,300
BNCI2014_001,DeepConvNet,1,1,0.4045138888888889,0.4010416666666667,FM-Full_A-None_AdaBN-F,300,300,300
BNCI2014_001,DeepConvNet,1,2,0.2604166666666667,0.3697916666666667,FM-Full_A-None_AdaBN-F,300,300,300
BNCI2014_001,DeepConvNet,1,6,0.3368055555555556,0.3055555555555556,FM-Full_A-None_AdaBN-F,300,300,300
BNCI2014_001,DeepConvNet,1,8,0.3628472222222222,0.5121527777777778,FM-Full_A-None_AdaBN-F,300,300,300
BNCI2014_001,DeepConvNet,1,9,0.5243055555555556,0.4947916666666667,FM-Full_A-None_AdaBN-F,300,300,300
BNCI2014_001,DeepConvNet,2,3,0.7118055555555556,0.6961805555555556,FM-Full_A-None_AdaBN-F,300,300,300
BNCI2014_001,DeepConvNet,2,4,0.3489583333333333,0.4583333333333333,FM-Full_A-None_AdaBN-F,300,300,300
BNCI2014_001,DeepConvNet,2,5,0.2604166666666667,0.4305555555555556,FM-Full_A-None_AdaBN-F,300,300,300
BNCI2014_001,DeepConvNet,2,7,0.2881944444444444,0.3923611111111111,FM-Full_A-None_AdaBN-F,300,300,300
BNCI2014_001,EEGNetv4,1,1,0.5225694444444444,0.6875,FM-Full_A-None_AdaBN-F,450,450,450
BNCI2014_001,EEGNetv4,1,2,0.3350694444444444,0.546875,FM-Full_A-None_AdaBN-F,450,450,450
BNCI2014_001,EEGNetv4,1,6,0.2986111111111111,0.5225694444444444,FM-Full_A-None_AdaBN-F,450,450,450
BNCI2014_001,EEGNetv4,1,8,0.4270833333333333,0.6649305555555556,FM-Full_A-None_AdaBN-F,450,450,450
BNCI2014_001,EEGNetv4,1,9,0.4600694444444444,0.7309027777777778,FM-Full_A-None_AdaBN-F,450,450,450
BNCI2014_001,EEGNetv4,2,3,0.5069444444444444,0.8125,FM-Full_A-None_AdaBN-F,450,450,450
BNCI2014_001,EEGNetv4,2,4,0.4288194444444444,0.640625,FM-Full_A-None_AdaBN-F,450,450,450
BNCI2014_001,EEGNetv4,2,5,0.4079861111111111,0.5069444444444444,FM-Full_A-None_AdaBN-F,450,450,450
BNCI2014_001,EEGNetv4,2,7,0.5225694444444444,0.7135416666666666,FM-Full_A-None_AdaBN-F,450,450,450
BNCI2014_001,ShallowConvNet,1,1,0.5086805555555556,0.6996527777777778,FM-Full_A-None_AdaBN-F,450,450,450
BNCI2014_001,ShallowConvNet,1,2,0.265625,0.4131944444444444,FM-Full_A-None_AdaBN-F,450,450,450
BNCI2014_001,ShallowConvNet,1,6,0.2291666666666666,0.4670138888888889,FM-Full_A-None_AdaBN-F,450,450,450
BNCI2014_001,ShallowConvNet,1,8,0.4409722222222222,0.6736111111111112,FM-Full_A-None_AdaBN-F,450,450,450
BNCI2014_001,ShallowConvNet,1,9,0.4826388888888889,0.7847222222222222,FM-Full_A-None_AdaBN-F,450,450,450
BNCI2014_001,ShallowConvNet,2,3,0.5885416666666666,0.7951388888888888,FM-Full_A-None_AdaBN-F,450,450,450
BNCI2014_001,ShallowConvNet,2,4,0.4236111111111111,0.5763888888888888,FM-Full_A-None_AdaBN-F,450,450,450
BNCI2014_001,ShallowConvNet,2,5,0.2951388888888889,0.4427083333333333,FM-Full_A-None_AdaBN-F,450,450,450
BNCI2014_001,ShallowConvNet,2,7,0.3559027777777778,0.6649305555555556,FM-Full_A-None_AdaBN-F,450,450,450
BNCI2014_001,DeepConvNet,1,1,0.484375,0.4756944444444444,FM-Full_A-None_AdaBN-F,450,450,450
BNCI2014_001,DeepConvNet,1,2,0.2621527777777778,0.4010416666666667,FM-Full_A-None_AdaBN-F,450,450,450
BNCI2014_001,DeepConvNet,1,6,0.3263888888888889,0.3489583333333333,FM-Full_A-None_AdaBN-F,450,450,450
BNCI2014_001,DeepConvNet,1,8,0.3854166666666667,0.5625,FM-Full_A-None_AdaBN-F,450,450,450
BNCI2014_001,DeepConvNet,1,9,0.5520833333333334,0.5694444444444444,FM-Full_A-None_AdaBN-F,450,450,450
BNCI2014_001,DeepConvNet,2,3,0.7152777777777778,0.7118055555555556,FM-Full_A-None_AdaBN-F,450,450,450
BNCI2014_001,DeepConvNet,2,4,0.3940972222222222,0.53125,FM-Full_A-None_AdaBN-F,450,450,450
BNCI2014_001,DeepConvNet,2,5,0.2586805555555556,0.3993055555555556,FM-Full_A-None_AdaBN-F,450,450,450
BNCI2014_001,DeepConvNet,2,7,0.3072916666666667,0.4496527777777778,FM-Full_A-None_AdaBN-F,450,450,450
BNCI2014_001,ATCNet,1,1,0.6701388888888888,0.765625,FM-Full_A-None_AdaBN-F,450,450,450
BNCI2014_001,ATCNet,1,2,0.3211805555555556,0.5416666666666666,FM-Full_A-None_AdaBN-F,450,450,450
BNCI2014_001,ATCNet,1,6,0.2864583333333333,0.5677083333333334,FM-Full_A-None_AdaBN-F,450,450,450
BNCI2014_001,ATCNet,1,8,0.5503472222222222,0.7690972222222222,FM-Full_A-None_AdaBN-F,450,450,450
BNCI2014_001,ATCNet,1,9,0.4704861111111111,0.8003472222222222,FM-Full_A-None_AdaBN-F,450,450,450
BNCI2014_001,ATCNet,2,3,0.671875,0.8489583333333334,FM-Full_A-None_AdaBN-F,450,450,450
BNCI2014_001,ATCNet,2,4,0.421875,0.6458333333333334,FM-Full_A-None_AdaBN-F,450,450,450
BNCI2014_001,ATCNet,2,5,0.3385416666666667,0.59375,FM-Full_A-None_AdaBN-F,450,450,450
BNCI2014_001,ATCNet,2,7,0.3055555555555556,0.7048611111111112,FM-Full_A-None_AdaBN-F,450,450,450
Huebner2017,DeepConvNet,1,1,0.9417898832684825,0.9719066147859924,FM-Full_A-None_AdaBN-F,2000,2000,2000
Huebner2017,DeepConvNet,1,2,0.8907563025210085,0.9537037037037036,FM-Full_A-None_AdaBN-F,2000,2000,2000
Huebner2017,DeepConvNet,1,3,0.8792996108949417,0.9516731517509728,FM-Full_A-None_AdaBN-F,2000,2000,2000
Huebner2017,DeepConvNet,1,6,0.9598365440747229,0.980268534734384,FM-Full_A-None_AdaBN-F,2000,2000,2000
Huebner2017,DeepConvNet,1,9,0.9456115779645192,0.9747899159663864,FM-Full_A-None_AdaBN-F,2000,2000,2000
Huebner2017,DeepConvNet,1,10,0.9468516209476308,0.9806733167082294,FM-Full_A-None_AdaBN-F,2000,2000,2000
Huebner2017,DeepConvNet,1,12,0.8667911609088079,0.9593837535014006,FM-Full_A-None_AdaBN-F,2000,2000,2000
Huebner2017,DeepConvNet,2,4,0.9275486381322956,0.9838132295719844,FM-Full_A-None_AdaBN-F,2000,2000,2000
Huebner2017,DeepConvNet,2,5,0.8845315904139434,0.9362745098039216,FM-Full_A-None_AdaBN-F,2000,2000,2000
Huebner2017,DeepConvNet,2,7,0.9428882664176782,0.9916744475568005,FM-Full_A-None_AdaBN-F,2000,2000,2000
Huebner2017,DeepConvNet,2,8,0.7894941634241245,0.9113618677042802,FM-Full_A-None_AdaBN-F,2000,2000,2000
Huebner2017,DeepConvNet,2,11,0.8111137053467196,0.8737644952914624,FM-Full_A-None_AdaBN-F,2000,2000,2000
Huebner2017,DeepConvNet,2,13,0.8800093377947241,0.9738541747723912,FM-Full_A-None_AdaBN-F,2000,2000,2000
Huebner2017,ShallowConvNet,1,1,0.9331517509727626,0.9659922178988328,FM-Full_A-None_AdaBN-F,2000,2000,2000
Huebner2017,ShallowConvNet,1,2,0.8106909430438842,0.9399315281668222,FM-Full_A-None_AdaBN-F,2000,2000,2000
Huebner2017,ShallowConvNet,1,3,0.8883268482490272,0.9403112840466926,FM-Full_A-None_AdaBN-F,2000,2000,2000
Huebner2017,ShallowConvNet,1,6,0.9501459427904262,0.977699941622884,FM-Full_A-None_AdaBN-F,2000,2000,2000
Huebner2017,ShallowConvNet,1,9,0.9251478369125428,0.967942732648615,FM-Full_A-None_AdaBN-F,2000,2000,2000
Huebner2017,ShallowConvNet,1,10,0.9495791770573566,0.9747506234413964,FM-Full_A-None_AdaBN-F,2000,2000,2000
Huebner2017,ShallowConvNet,1,12,0.8962029256146903,0.9504357298474946,FM-Full_A-None_AdaBN-F,2000,2000,2000
Huebner2017,ShallowConvNet,2,4,0.9362645914396888,0.9765758754863814,FM-Full_A-None_AdaBN-F,2000,2000,2000
Huebner2017,ShallowConvNet,2,5,0.8788515406162465,0.9193899782135077,FM-Full_A-None_AdaBN-F,2000,2000,2000
Huebner2017,ShallowConvNet,2,7,0.9538593215063804,0.9896514161220044,FM-Full_A-None_AdaBN-F,2000,2000,2000
Huebner2017,ShallowConvNet,2,8,0.7994552529182879,0.8920622568093385,FM-Full_A-None_AdaBN-F,2000,2000,2000
Huebner2017,ShallowConvNet,2,11,0.7903338781228111,0.8453576153786286,FM-Full_A-None_AdaBN-F,2000,2000,2000
Huebner2017,ShallowConvNet,2,13,0.8778305190257567,0.963504785619796,FM-Full_A-None_AdaBN-F,2000,2000,2000
Huebner2017,EEGNetv4,1,1,0.9480933852140078,0.9720622568093386,FM-Full_A-None_AdaBN-F,2000,2000,2000
Huebner2017,EEGNetv4,1,2,0.85286336756925,0.951291627762216,FM-Full_A-None_AdaBN-F,2000,2000,2000
Huebner2017,EEGNetv4,1,3,0.9028015564202334,0.9498832684824904,FM-Full_A-None_AdaBN-F,2000,2000,2000
Huebner2017,EEGNetv4,1,6,0.9028604786923526,0.9814360770577932,FM-Full_A-None_AdaBN-F,2000,2000,2000
Huebner2017,EEGNetv4,1,9,0.9176003734827264,0.971444133208839,FM-Full_A-None_AdaBN-F,2000,2000,2000
Huebner2017,EEGNetv4,1,10,0.9555798004987532,0.9806733167082294,FM-Full_A-None_AdaBN-F,2000,2000,2000
Huebner2017,EEGNetv4,1,12,0.8838313103018985,0.9590725178960472,FM-Full_A-None_AdaBN-F,2000,2000,2000
Huebner2017,EEGNetv4,2,4,0.9388326848249028,0.983035019455253,FM-Full_A-None_AdaBN-F,2000,2000,2000
Huebner2017,EEGNetv4,2,5,0.8924680983504513,0.927404295051354,FM-Full_A-None_AdaBN-F,2000,2000,2000
Huebner2017,EEGNetv4,2,7,0.9812480547774666,0.9909741674447556,FM-Full_A-None_AdaBN-F,2000,2000,2000
Huebner2017,EEGNetv4,2,8,0.8016342412451362,0.906070038910506,FM-Full_A-None_AdaBN-F,2000,2000,2000
Huebner2017,EEGNetv4,2,11,0.8142267880768932,0.8627908786676006,FM-Full_A-None_AdaBN-F,2000,2000,2000
Huebner2017,EEGNetv4,2,13,0.9287215002723525,0.9706637615749748,FM-Full_A-None_AdaBN-F,2000,2000,2000
Huebner2017,ATCNet,1,1,0.9428793774319066,0.9753307392996108,FM-Full_A-None_AdaBN-F,2000,2000,2000
Huebner2017,ATCNet,1,2,0.8520074696545284,0.9580610021786492,FM-Full_A-None_AdaBN-F,2000,2000,2000
Huebner2017,ATCNet,1,3,0.8642801556420233,0.9503501945525292,FM-Full_A-None_AdaBN-F,2000,2000,2000
Huebner2017,ATCNet,1,6,0.9425569176882662,0.983420899007589,FM-Full_A-None_AdaBN-F,2000,2000,2000
Huebner2017,ATCNet,1,9,0.9446000622471212,0.9750233426704016,FM-Full_A-None_AdaBN-F,2000,2000,2000
Huebner2017,ATCNet,1,10,0.9458385286783042,0.983790523690773,FM-Full_A-None_AdaBN-F,2000,2000,2000
Huebner2017,ATCNet,1,12,0.868036103330221,0.9624183006535948,FM-Full_A-None_AdaBN-F,2000,2000,2000
Huebner2017,ATCNet,2,4,0.947704280155642,0.9855252918287938,FM-Full_A-None_AdaBN-F,2000,2000,2000
Huebner2017,ATCNet,2,5,0.8853874883286648,0.9357298474945532,FM-Full_A-None_AdaBN-F,2000,2000,2000
Huebner2017,ATCNet,2,7,0.9719887955182072,0.99307500778089,FM-Full_A-None_AdaBN-F,2000,2000,2000
Huebner2017,ATCNet,2,8,0.8199221789883269,0.9136964980544748,FM-Full_A-None_AdaBN-F,2000,2000,2000
Huebner2017,ATCNet,2,11,0.8214647054245466,0.8767997509533816,FM-Full_A-None_AdaBN-F,2000,2000,2000
Huebner2017,ATCNet,2,13,0.9001634114076725,0.9751770290249786,FM-Full_A-None_AdaBN-F,2000,2000,2000
Huebner2017,ATCNet,1,1,0.93431906614786,0.9768093385214008,FM-Full_A-None_AdaBN-F,4500,4500,4500
Huebner2017,ATCNet,1,2,0.88468720821662,0.9603952692187986,FM-Full_A-None_AdaBN-F,4500,4500,4500
Huebner2017,ATCNet,1,3,0.8919844357976654,0.9560311284046692,FM-Full_A-None_AdaBN-F,4500,4500,4500
Huebner2017,ATCNet,1,6,0.93671920607122,0.9841214244016344,FM-Full_A-None_AdaBN-F,4500,4500,4500
Huebner2017,ATCNet,1,9,0.9474789915966386,0.9789915966386554,FM-Full_A-None_AdaBN-F,4500,4500,4500
Huebner2017,ATCNet,1,10,0.9349283042394017,0.9841022443890274,FM-Full_A-None_AdaBN-F,4500,4500,4500
Huebner2017,ATCNet,1,12,0.8641456582633054,0.9651416122004356,FM-Full_A-None_AdaBN-F,4500,4500,4500
Huebner2017,ATCNet,2,4,0.9100389105058366,0.986614785992218,FM-Full_A-None_AdaBN-F,4500,4500,4500
Huebner2017,ATCNet,2,5,0.8832088390911921,0.9422657952069716,FM-Full_A-None_AdaBN-F,4500,4500,4500
Huebner2017,ATCNet,2,7,0.9516806722689076,0.9933862433862434,FM-Full_A-None_AdaBN-F,4500,4500,4500
Huebner2017,ATCNet,2,8,0.7973540856031128,0.9152529182879378,FM-Full_A-None_AdaBN-F,4500,4500,4500
Huebner2017,ATCNet,2,11,0.7977274496069733,0.8747762471787688,FM-Full_A-None_AdaBN-F,4500,4500,4500
Huebner2017,ATCNet,2,13,0.8685705392576453,0.975955178585324,FM-Full_A-None_AdaBN-F,4500,4500,4500
Huebner2017,EEGNetv4,1,1,0.9596887159533074,0.9744747081712062,FM-Full_A-None_AdaBN-F,4500,4500,4500
Huebner2017,EEGNetv4,1,2,0.873015873015873,0.9566604419545596,FM-Full_A-None_AdaBN-F,4500,4500,4500
Huebner2017,EEGNetv4,1,3,0.9028015564202334,0.9527626459143969,FM-Full_A-None_AdaBN-F,4500,4500,4500
Huebner2017,EEGNetv4,1,6,0.9361354349095156,0.9836544074722708,FM-Full_A-None_AdaBN-F,4500,4500,4500
Huebner2017,EEGNetv4,1,9,0.9419545596016184,0.97416744475568,FM-Full_A-None_AdaBN-F,4500,4500,4500
Huebner2017,EEGNetv4,1,10,0.9595542394014964,0.9826995012468828,FM-Full_A-None_AdaBN-F,4500,4500,4500
Huebner2017,EEGNetv4,1,12,0.8922346716464363,0.9594615624027388,FM-Full_A-None_AdaBN-F,4500,4500,4500
Huebner2017,EEGNetv4,2,4,0.9226459143968871,0.9842023346303502,FM-Full_A-None_AdaBN-F,4500,4500,4500
Huebner2017,EEGNetv4,2,5,0.8758169934640523,0.9312947401182696,FM-Full_A-None_AdaBN-F,4500,4500,4500
Huebner2017,EEGNetv4,2,7,0.9747121070650484,0.993308434484905,FM-Full_A-None_AdaBN-F,4500,4500,4500
Huebner2017,EEGNetv4,2,8,0.8500389105058366,0.909260700389105,FM-Full_A-None_AdaBN-F,4500,4500,4500
Huebner2017,EEGNetv4,2,11,0.816950735465795,0.8653591719199938,FM-Full_A-None_AdaBN-F,4500,4500,4500
Huebner2017,EEGNetv4,2,13,0.9193837055482064,0.973387285036184,FM-Full_A-None_AdaBN-F,4500,4500,4500
Huebner2017,ShallowConvNet,1,1,0.9447470817120622,0.9698054474708172,FM-Full_A-None_AdaBN-F,4500,4500,4500
Huebner2017,ShallowConvNet,1,2,0.8815748521630875,0.9442888266417678,FM-Full_A-None_AdaBN-F,4500,4500,4500
Huebner2017,ShallowConvNet,1,3,0.883579766536965,0.9455252918287936,FM-Full_A-None_AdaBN-F,4500,4500,4500
Huebner2017,ShallowConvNet,1,6,0.9523642732049036,0.9793345008756568,FM-Full_A-None_AdaBN-F,4500,4500,4500
Huebner2017,ShallowConvNet,1,9,0.9603952692187986,0.9735449735449736,FM-Full_A-None_AdaBN-F,4500,4500,4500
Huebner2017,ShallowConvNet,1,10,0.942643391521197,0.978647132169576,FM-Full_A-None_AdaBN-F,4500,4500,4500
Huebner2017,ShallowConvNet,1,12,0.8402583255524432,0.9556489262371616,FM-Full_A-None_AdaBN-F,4500,4500,4500
Huebner2017,ShallowConvNet,2,4,0.9268482490272374,0.9793774319066147,FM-Full_A-None_AdaBN-F,4500,4500,4500
Huebner2017,ShallowConvNet,2,5,0.8460161842514784,0.9249922191098662,FM-Full_A-None_AdaBN-F,4500,4500,4500
Huebner2017,ShallowConvNet,2,7,0.9354964207905384,0.9903516962340492,FM-Full_A-None_AdaBN-F,4500,4500,4500
Huebner2017,ShallowConvNet,2,8,0.8314396887159533,0.8976653696498055,FM-Full_A-None_AdaBN-F,4500,4500,4500
Huebner2017,ShallowConvNet,2,11,0.7849638104132617,0.8535294575453343,FM-Full_A-None_AdaBN-F,4500,4500,4500
Huebner2017,ShallowConvNet,2,13,0.8670920550929889,0.9698077970585948,FM-Full_A-None_AdaBN-F,4500,4500,4500
Huebner2017,DeepConvNet,1,1,0.949727626459144,0.9746303501945526,FM-Full_A-None_AdaBN-F,4500,4500,4500
Huebner2017,DeepConvNet,1,2,0.8921568627450981,0.9565826330532212,FM-Full_A-None_AdaBN-F,4500,4500,4500
Huebner2017,DeepConvNet,1,3,0.8855252918287938,0.9529961089494164,FM-Full_A-None_AdaBN-F,4500,4500,4500
Huebner2017,DeepConvNet,1,6,0.9510799766491536,0.98353765323993,FM-Full_A-None_AdaBN-F,4500,4500,4500
Huebner2017,DeepConvNet,1,9,0.953781512605042,0.978369125427949,FM-Full_A-None_AdaBN-F,4500,4500,4500
Huebner2017,DeepConvNet,1,10,0.944357855361596,0.9831670822942644,FM-Full_A-None_AdaBN-F,4500,4500,4500
Huebner2017,DeepConvNet,1,12,0.8733271086212263,0.962729536258948,FM-Full_A-None_AdaBN-F,4500,4500,4500
Huebner2017,DeepConvNet,2,4,0.9316731517509728,0.984124513618677,FM-Full_A-None_AdaBN-F,4500,4500,4500
Huebner2017,DeepConvNet,2,5,0.8832866479925303,0.9405539993775288,FM-Full_A-None_AdaBN-F,4500,4500,4500
Huebner2017,DeepConvNet,2,7,0.954014939309057,0.9918300653594772,FM-Full_A-None_AdaBN-F,4500,4500,4500
Huebner2017,DeepConvNet,2,8,0.7915953307392997,0.9116731517509729,FM-Full_A-None_AdaBN-F,4500,4500,4500
Huebner2017,DeepConvNet,2,11,0.8182737956261188,0.8786676005914857,FM-Full_A-None_AdaBN-F,4500,4500,4500
Huebner2017,DeepConvNet,2,13,0.8921484709361139,0.975799548673255,FM-Full_A-None_AdaBN-F,4500,4500,4500
Huebner2017,DeepConvNet,1,1,0.9488715953307392,0.9746303501945526,FM-Full_A-None_AdaBN-F,7000,7000,7000
Huebner2017,DeepConvNet,1,2,0.8934796140678494,0.958994708994709,FM-Full_A-None_AdaBN-F,7000,7000,7000
Huebner2017,DeepConvNet,1,3,0.8680933852140078,0.9565758754863812,FM-Full_A-None_AdaBN-F,7000,7000,7000
Huebner2017,DeepConvNet,1,6,0.9543490951546992,0.985055458260362,FM-Full_A-None_AdaBN-F,7000,7000,7000
Huebner2017,DeepConvNet,1,9,0.954248366013072,0.9784469343292872,FM-Full_A-None_AdaBN-F,7000,7000,7000
Huebner2017,DeepConvNet,1,10,0.9423316708229428,0.9839463840399002,FM-Full_A-None_AdaBN-F,7000,7000,7000
Huebner2017,DeepConvNet,1,12,0.8691254279489573,0.9658418923124804,FM-Full_A-None_AdaBN-F,7000,7000,7000
Huebner2017,DeepConvNet,2,4,0.9336186770428015,0.98568093385214,FM-Full_A-None_AdaBN-F,7000,7000,7000
Huebner2017,DeepConvNet,2,5,0.875505757858699,0.94187675070028,FM-Full_A-None_AdaBN-F,7000,7000,7000
Huebner2017,DeepConvNet,2,7,0.9523809523809524,0.9926859632741986,FM-Full_A-None_AdaBN-F,7000,7000,7000
Huebner2017,DeepConvNet,2,8,0.7871595330739299,0.914863813229572,FM-Full_A-None_AdaBN-F,7000,7000,7000
Huebner2017,DeepConvNet,2,11,0.8122811113705347,0.8818585103899136,FM-Full_A-None_AdaBN-F,7000,7000,7000
Huebner2017,DeepConvNet,2,13,0.8973620729904288,0.9775892926620496,FM-Full_A-None_AdaBN-F,7000,7000,7000
Huebner2017,EEGNetv4,1,1,0.9582101167315176,0.9757198443579768,FM-Full_A-None_AdaBN-F,7000,7000,7000
Huebner2017,EEGNetv4,1,2,0.8907563025210085,0.9563492063492064,FM-Full_A-None_AdaBN-F,7000,7000,7000
Huebner2017,EEGNetv4,1,3,0.8868482490272374,0.9523735408560312,FM-Full_A-None_AdaBN-F,7000,7000,7000
Huebner2017,EEGNetv4,1,6,0.9561004086398132,0.9829538820782252,FM-Full_A-None_AdaBN-F,7000,7000,7000
Huebner2017,EEGNetv4,1,9,0.9553376906318084,0.9784469343292872,FM-Full_A-None_AdaBN-F,7000,7000,7000
Huebner2017,EEGNetv4,1,10,0.961112842892768,0.9827774314214464,FM-Full_A-None_AdaBN-F,7000,7000,7000
Huebner2017,EEGNetv4,1,12,0.8935574229691877,0.962729536258948,FM-Full_A-None_AdaBN-F,7000,7000,7000
Huebner2017,EEGNetv4,2,4,0.9417898832684825,0.986692607003891,FM-Full_A-None_AdaBN-F,7000,7000,7000
Huebner2017,EEGNetv4,2,5,0.8716931216931217,0.9336290071584188,FM-Full_A-None_AdaBN-F,7000,7000,7000
Huebner2017,EEGNetv4,2,7,0.9767351384998444,0.9927637721755368,FM-Full_A-None_AdaBN-F,7000,7000,7000
Huebner2017,EEGNetv4,2,8,0.8457587548638132,0.9140077821011672,FM-Full_A-None_AdaBN-F,7000,7000,7000
Huebner2017,EEGNetv4,2,11,0.817417697875321,0.8738423223597167,FM-Full_A-None_AdaBN-F,7000,7000,7000
Huebner2017,EEGNetv4,2,13,0.9082561668352658,0.973698544860322,FM-Full_A-None_AdaBN-F,7000,7000,7000
Huebner2017,ShallowConvNet,1,1,0.9450583657587548,0.9694163424124512,FM-Full_A-None_AdaBN-F,7000,7000,7000
Huebner2017,ShallowConvNet,1,2,0.8930905695611578,0.945845004668534,FM-Full_A-None_AdaBN-F,7000,7000,7000
Huebner2017,ShallowConvNet,1,3,0.877976653696498,0.9479377431906616,FM-Full_A-None_AdaBN-F,7000,7000,7000
Huebner2017,ShallowConvNet,1,6,0.9589025102159954,0.9814360770577932,FM-Full_A-None_AdaBN-F,7000,7000,7000
Huebner2017,ShallowConvNet,1,9,0.9528478057889822,0.974400871459695,FM-Full_A-None_AdaBN-F,7000,7000,7000
Huebner2017,ShallowConvNet,1,10,0.9551122194513716,0.9795822942643392,FM-Full_A-None_AdaBN-F,7000,7000,7000
Huebner2017,ShallowConvNet,1,12,0.8614223467164643,0.9561157796451916,FM-Full_A-None_AdaBN-F,7000,7000,7000
Huebner2017,ShallowConvNet,2,4,0.9268482490272374,0.9807782101167316,FM-Full_A-None_AdaBN-F,7000,7000,7000
Huebner2017,ShallowConvNet,2,5,0.8739495798319328,0.9260037348272644,FM-Full_A-None_AdaBN-F,7000,7000,7000
Huebner2017,ShallowConvNet,2,7,0.9514472455648926,0.9912854030501088,FM-Full_A-None_AdaBN-F,7000,7000,7000
Huebner2017,ShallowConvNet,2,8,0.8169649805447471,0.8981322957198443,FM-Full_A-None_AdaBN-F,7000,7000,7000
Huebner2017,ShallowConvNet,2,11,0.7916569382831349,0.8595999688691727,FM-Full_A-None_AdaBN-F,7000,7000,7000
Huebner2017,ShallowConvNet,2,13,0.87036028324644,0.9705081316629056,FM-Full_A-None_AdaBN-F,7000,7000,7000
Huebner2017,ATCNet,1,1,0.9386770428015564,0.9766536964980544,FM-Full_A-None_AdaBN-F,7000,7000,7000
Huebner2017,ATCNet,1,2,0.8891223155929038,0.9606286959228136,FM-Full_A-None_AdaBN-F,7000,7000,7000
Huebner2017,ATCNet,1,3,0.886147859922179,0.957431906614786,FM-Full_A-None_AdaBN-F,7000,7000,7000
Huebner2017,ATCNet,1,6,0.9387040280210156,0.983304144775248,FM-Full_A-None_AdaBN-F,7000,7000,7000
Huebner2017,ATCNet,1,9,0.9529256146903206,0.9782135076252724,FM-Full_A-None_AdaBN-F,7000,7000,7000
Huebner2017,ATCNet,1,10,0.9569046134663342,0.9865960099750624,FM-Full_A-None_AdaBN-F,7000,7000,7000
Huebner2017,ATCNet,1,12,0.857609710550887,0.9666199813258636,FM-Full_A-None_AdaBN-F,7000,7000,7000
Huebner2017,ATCNet,2,4,0.903657587548638,0.986225680933852,FM-Full_A-None_AdaBN-F,7000,7000,7000
Huebner2017,ATCNet,2,5,0.8867880485527544,0.9414877061935886,FM-Full_A-None_AdaBN-F,7000,7000,7000
Huebner2017,ATCNet,2,7,0.9297385620915032,0.9934640522875816,FM-Full_A-None_AdaBN-F,7000,7000,7000
Huebner2017,ATCNet,2,8,0.7973540856031128,0.9181322957198444,FM-Full_A-None_AdaBN-F,7000,7000,7000
Huebner2017,ATCNet,2,11,0.821542532492801,0.8799906607518094,FM-Full_A-None_AdaBN-F,7000,7000,7000
Huebner2017,ATCNet,2,13,0.8638238269395377,0.9784452571784296,FM-Full_A-None_AdaBN-F,7000,7000,7000
Huebner2017,EEGNetv4,1,1,0.9545525291828794,0.9754863813229572,FM-Full_A-None_AdaBN-F,9500,9500,9500
Huebner2017,EEGNetv4,1,2,0.8708372237784002,0.9568160597572364,FM-Full_A-None_AdaBN-F,9500,9500,9500
Huebner2017,EEGNetv4,1,3,0.9045136186770428,0.9566536964980544,FM-Full_A-None_AdaBN-F,9500,9500,9500
Huebner2017,EEGNetv4,1,6,0.9244600116754232,0.9845884413309982,FM-Full_A-None_AdaBN-F,9500,9500,9500
Huebner2017,EEGNetv4,1,9,0.9390756302521008,0.9780578898225956,FM-Full_A-None_AdaBN-F,9500,9500,9500
Huebner2017,EEGNetv4,1,10,0.9650872817955112,0.9835567331670824,FM-Full_A-None_AdaBN-F,9500,9500,9500
Huebner2017,EEGNetv4,1,12,0.8924680983504513,0.963974478680361,FM-Full_A-None_AdaBN-F,9500,9500,9500
Huebner2017,EEGNetv4,2,4,0.9357976653696498,0.9849027237354084,FM-Full_A-None_AdaBN-F,9500,9500,9500
Huebner2017,EEGNetv4,2,5,0.8927793339558046,0.9328509181450358,FM-Full_A-None_AdaBN-F,9500,9500,9500
Huebner2017,EEGNetv4,2,7,0.9695767195767196,0.993308434484905,FM-Full_A-None_AdaBN-F,9500,9500,9500
Huebner2017,EEGNetv4,2,8,0.8173540856031128,0.9147081712062256,FM-Full_A-None_AdaBN-F,9500,9500,9500
Huebner2017,EEGNetv4,2,11,0.8109580512102109,0.872752743404156,FM-Full_A-None_AdaBN-F,9500,9500,9500
Huebner2017,EEGNetv4,2,13,0.9197727803283792,0.9729203952999766,FM-Full_A-None_AdaBN-F,9500,9500,9500
Huebner2017,ATCNet,1,1,0.9596887159533074,0.9776653696498054,FM-Full_A-None_AdaBN-F,9500,9500,9500
Huebner2017,ATCNet,1,2,0.8759726112667289,0.9593059446000622,FM-Full_A-None_AdaBN-F,9500,9500,9500
Huebner2017,ATCNet,1,3,0.8864591439688716,0.9568093385214008,FM-Full_A-None_AdaBN-F,9500,9500,9500
Huebner2017,ATCNet,1,6,0.92025685931115,0.9852889667250436,FM-Full_A-None_AdaBN-F,9500,9500,9500
Huebner2017,ATCNet,1,9,0.94281045751634,0.9790694055399938,FM-Full_A-None_AdaBN-F,9500,9500,9500
Huebner2017,ATCNet,1,10,0.9511377805486284,0.9859725685785536,FM-Full_A-None_AdaBN-F,9500,9500,9500
Huebner2017,ATCNet,1,12,0.8888888888888888,0.966697790227202,FM-Full_A-None_AdaBN-F,9500,9500,9500
Huebner2017,ATCNet,2,4,0.9067704280155642,0.9870038910505836,FM-Full_A-None_AdaBN-F,9500,9500,9500
Huebner2017,ATCNet,2,5,0.8881107998755058,0.943355119825708,FM-Full_A-None_AdaBN-F,9500,9500,9500
Huebner2017,ATCNet,2,7,0.9126206037970744,0.9939309056956116,FM-Full_A-None_AdaBN-F,9500,9500,9500
Huebner2017,ATCNet,2,8,0.7834241245136186,0.9171984435797664,FM-Full_A-None_AdaBN-F,9500,9500,9500
Huebner2017,ATCNet,2,11,0.8027862090435053,0.8830259164137287,FM-Full_A-None_AdaBN-F,9500,9500,9500
Huebner2017,ATCNet,2,13,0.861878453038674,0.9772780328379116,FM-Full_A-None_AdaBN-F,9500,9500,9500
Huebner2017,DeepConvNet,1,1,0.9526070038910506,0.975953307392996,FM-Full_A-None_AdaBN-F,9500,9500,9500
Huebner2017,DeepConvNet,1,2,0.8917678182384065,0.9603174603174603,FM-Full_A-None_AdaBN-F,9500,9500,9500
Huebner2017,DeepConvNet,1,3,0.8662256809338521,0.9547081712062256,FM-Full_A-None_AdaBN-F,9500,9500,9500
Huebner2017,DeepConvNet,1,6,0.9515469935785172,0.9847051955633392,FM-Full_A-None_AdaBN-F,9500,9500,9500
Huebner2017,DeepConvNet,1,9,0.9501244942421412,0.9765017117958296,FM-Full_A-None_AdaBN-F,9500,9500,9500
Huebner2017,DeepConvNet,1,10,,,FM-Full_A-None_AdaBN-F,9500,9500,9500
Huebner2017,DeepConvNet,1,12,0.8434484905073141,0.9651416122004356,FM-Full_A-None_AdaBN-F,9500,9500,9500
Huebner2017,DeepConvNet,2,4,0.9241245136186772,0.9859143968871596,FM-Full_A-None_AdaBN-F,9500,9500,9500
Huebner2017,DeepConvNet,2,5,0.8747276688453159,0.939386865857454,FM-Full_A-None_AdaBN-F,9500,9500,9500
Huebner2017,DeepConvNet,2,7,0.940320572673514,0.992530345471522,FM-Full_A-None_AdaBN-F,9500,9500,9500
Huebner2017,DeepConvNet,2,8,0.7871595330739299,0.9150194552529184,FM-Full_A-None_AdaBN-F,9500,9500,9500
Huebner2017,DeepConvNet,2,11,0.8177290061483384,0.8841933224375438,FM-Full_A-None_AdaBN-F,9500,9500,9500
Huebner2017,DeepConvNet,2,13,0.8903587269473193,0.9788343319586024,FM-Full_A-None_AdaBN-F,9500,9500,9500
Huebner2017,ShallowConvNet,1,1,0.9526070038910506,0.971284046692607,FM-Full_A-None_AdaBN-F,9500,9500,9500
Huebner2017,ShallowConvNet,1,2,0.896125116713352,0.9495798319327732,FM-Full_A-None_AdaBN-F,9500,9500,9500
Huebner2017,ShallowConvNet,1,3,0.896964980544747,0.949260700389105,FM-Full_A-None_AdaBN-F,9500,9500,9500
Huebner2017,ShallowConvNet,1,6,0.9535318155283128,0.9788674839462932,FM-Full_A-None_AdaBN-F,9500,9500,9500
Huebner2017,ShallowConvNet,1,9,0.9570494864612512,0.9750233426704016,FM-Full_A-None_AdaBN-F,9500,9500,9500
Huebner2017,ShallowConvNet,1,10,0.9497350374064838,0.9801278054862844,FM-Full_A-None_AdaBN-F,9500,9500,9500
Huebner2017,ShallowConvNet,1,12,0.8709150326797386,0.9603174603174603,FM-Full_A-None_AdaBN-F,9500,9500,9500
Huebner2017,ShallowConvNet,2,4,0.9249027237354086,0.9813229571984436,FM-Full_A-None_AdaBN-F,9500,9500,9500
Huebner2017,ShallowConvNet,2,5,0.8748832866479925,0.9255368814192344,FM-Full_A-None_AdaBN-F,9500,9500,9500
Huebner2017,ShallowConvNet,2,7,0.9457671957671958,0.9912075941487706,FM-Full_A-None_AdaBN-F,9500,9500,9500
Huebner2017,ShallowConvNet,2,8,0.8068482490272374,0.8987548638132296,FM-Full_A-None_AdaBN-F,9500,9500,9500
Huebner2017,ShallowConvNet,2,11,0.7867538329831115,0.859677795937427,FM-Full_A-None_AdaBN-F,9500,9500,9500
Huebner2017,ShallowConvNet,2,13,0.8936269551007704,0.9708972064430784,FM-Full_A-None_AdaBN-F,9500,9500,9500
Huebner2018,ATCNet,1,1,0.951677288325513,0.9773793683031023,FM-Full_A-None_AdaBN-F,3000,3000,3000
Huebner2018,ATCNet,1,3,0.917296918767507,0.982282913165266,FM-Full_A-None_AdaBN-F,3000,3000,3000
Huebner2018,ATCNet,1,6,0.8476890756302521,0.9799019607843136,FM-Full_A-None_AdaBN-F,3000,3000,3000
Huebner2018,ATCNet,1,9,0.7947335247566356,0.9521675187338048,FM-Full_A-None_AdaBN-F,3000,3000,3000
Huebner2018,ATCNet,1,10,0.8794117647058823,0.9367647058823528,FM-Full_A-None_AdaBN-F,3000,3000,3000
Huebner2018,ATCNet,1,11,0.8111548741032494,0.9213672809115206,FM-Full_A-None_AdaBN-F,3000,3000,3000
Huebner2018,ATCNet,2,2,0.963655462184874,0.9843837535014006,FM-Full_A-None_AdaBN-F,3000,3000,3000
Huebner2018,ATCNet,2,4,0.9274509803921568,0.961764705882353,FM-Full_A-None_AdaBN-F,3000,3000,3000
Huebner2018,ATCNet,2,5,,,FM-Full_A-None_AdaBN-F,3000,3000,3000
Huebner2018,ATCNet,2,7,0.8600448304847296,0.9398991314093584,FM-Full_A-None_AdaBN-F,3000,3000,3000
Huebner2018,ATCNet,2,8,0.8077731092436975,0.9336134453781512,FM-Full_A-None_AdaBN-F,3000,3000,3000
Huebner2018,ATCNet,2,12,0.8175070028011204,0.936624649859944,FM-Full_A-None_AdaBN-F,3000,3000,3000
Huebner2018,DeepConvNet,1,1,0.9506968275089293,0.9766090062329296,FM-Full_A-None_AdaBN-F,3000,3000,3000
Huebner2018,DeepConvNet,1,3,0.8730392156862745,0.982422969187675,FM-Full_A-None_AdaBN-F,3000,3000,3000
Huebner2018,DeepConvNet,1,6,0.7866946778711484,0.9806022408963584,FM-Full_A-None_AdaBN-F,3000,3000,3000
Huebner2018,DeepConvNet,1,9,0.7788360529448841,0.9502766300161076,FM-Full_A-None_AdaBN-F,3000,3000,3000
Huebner2018,DeepConvNet,1,10,0.8747198879551821,0.934873949579832,FM-Full_A-None_AdaBN-F,3000,3000,3000
Huebner2018,DeepConvNet,1,11,0.8167112111408075,0.922562948375299,FM-Full_A-None_AdaBN-F,3000,3000,3000
Huebner2018,DeepConvNet,2,2,0.9638655462184874,0.9844537815126052,FM-Full_A-None_AdaBN-F,3000,3000,3000
Huebner2018,DeepConvNet,2,4,0.8992296918767507,0.9593837535014006,FM-Full_A-None_AdaBN-F,3000,3000,3000
Huebner2018,DeepConvNet,2,5,0.8313016673672411,0.9327448507776376,FM-Full_A-None_AdaBN-F,3000,3000,3000
Huebner2018,DeepConvNet,2,7,0.8257214906136172,0.9412300364247688,FM-Full_A-None_AdaBN-F,3000,3000,3000
Huebner2018,DeepConvNet,2,8,0.7946078431372549,0.932282913165266,FM-Full_A-None_AdaBN-F,3000,3000,3000
Huebner2018,DeepConvNet,2,12,0.8581932773109243,0.9376750700280112,FM-Full_A-None_AdaBN-F,3000,3000,3000
Huebner2018,ShallowConvNet,1,1,0.9309475453463129,0.9700959450941944,FM-Full_A-None_AdaBN-F,3000,3000,3000
Huebner2018,ShallowConvNet,1,3,0.8364145658263306,0.9745098039215686,FM-Full_A-None_AdaBN-F,3000,3000,3000
Huebner2018,ShallowConvNet,1,6,0.8140756302521008,0.9668067226890756,FM-Full_A-None_AdaBN-F,3000,3000,3000
Huebner2018,ShallowConvNet,1,9,0.7743539463547867,0.9337488619651236,FM-Full_A-None_AdaBN-F,3000,3000,3000
Huebner2018,ShallowConvNet,1,10,0.8800420168067227,0.9320728291316528,FM-Full_A-None_AdaBN-F,3000,3000,3000
Huebner2018,ShallowConvNet,1,11,0.7987761991841328,0.898719932479955,FM-Full_A-None_AdaBN-F,3000,3000,3000
Huebner2018,ShallowConvNet,2,2,0.951470588235294,0.9788515406162464,FM-Full_A-None_AdaBN-F,3000,3000,3000
Huebner2018,ShallowConvNet,2,4,0.9027310924369748,0.9489495798319328,FM-Full_A-None_AdaBN-F,3000,3000,3000
Huebner2018,ShallowConvNet,2,5,0.8271682779879501,0.9150203166596608,FM-Full_A-None_AdaBN-F,3000,3000,3000
Huebner2018,ShallowConvNet,2,7,0.8286634911739983,0.925119080975063,FM-Full_A-None_AdaBN-F,3000,3000,3000
Huebner2018,ShallowConvNet,2,8,0.7892857142857143,0.9159663865546218,FM-Full_A-None_AdaBN-F,3000,3000,3000
Huebner2018,ShallowConvNet,2,12,0.7890056022408963,0.9219187675070027,FM-Full_A-None_AdaBN-F,3000,3000,3000
Huebner2018,EEGNetv4,1,1,0.9471951817354156,0.9730373275439456,FM-Full_A-None_AdaBN-F,3000,3000,3000
Huebner2018,EEGNetv4,1,3,0.8552521008403361,0.980672268907563,FM-Full_A-None_AdaBN-F,3000,3000,3000
Huebner2018,EEGNetv4,1,6,0.8541316526610644,0.9769607843137256,FM-Full_A-None_AdaBN-F,3000,3000,3000
Huebner2018,EEGNetv4,1,9,0.7742839134393165,0.9463547867497724,FM-Full_A-None_AdaBN-F,3000,3000,3000
Huebner2018,EEGNetv4,1,10,0.8829131652661064,0.9350840336134454,FM-Full_A-None_AdaBN-F,3000,3000,3000
Huebner2018,EEGNetv4,1,11,0.8150935433956956,0.9110986073990716,FM-Full_A-None_AdaBN-F,3000,3000,3000
Huebner2018,EEGNetv4,2,2,0.967296918767507,0.98109243697479,FM-Full_A-None_AdaBN-F,3000,3000,3000
Huebner2018,EEGNetv4,2,4,0.9072128851540616,0.9558823529411764,FM-Full_A-None_AdaBN-F,3000,3000,3000
Huebner2018,EEGNetv4,2,5,0.8376768950539443,0.9281911167157068,FM-Full_A-None_AdaBN-F,3000,3000,3000
Huebner2018,EEGNetv4,2,7,0.830344634351359,0.9351358924068368,FM-Full_A-None_AdaBN-F,3000,3000,3000
Huebner2018,EEGNetv4,2,8,0.8067226890756303,0.9280812324929972,FM-Full_A-None_AdaBN-F,3000,3000,3000
Huebner2018,EEGNetv4,2,12,0.8338235294117647,0.9280112044817928,FM-Full_A-None_AdaBN-F,3000,3000,3000
Huebner2018,EEGNetv4,1,1,0.9546887036907348,0.975208347923524,FM-Full_A-None_AdaBN-F,6000,6000,6000
Huebner2018,EEGNetv4,1,3,0.9488095238095238,0.9796918767507002,FM-Full_A-None_AdaBN-F,6000,6000,6000
Huebner2018,EEGNetv4,1,6,0.8710084033613446,0.9788515406162464,FM-Full_A-None_AdaBN-F,6000,6000,6000
Huebner2018,EEGNetv4,1,9,0.7763148679879543,0.9482456754674696,FM-Full_A-None_AdaBN-F,6000,6000,6000
Huebner2018,EEGNetv4,1,10,0.8954481792717087,0.9346638655462184,FM-Full_A-None_AdaBN-F,6000,6000,6000
Huebner2018,EEGNetv4,1,11,0.8238148825432551,0.9137009424672948,FM-Full_A-None_AdaBN-F,6000,6000,6000
Huebner2018,EEGNetv4,2,2,0.9687675070028012,0.9842436974789917,FM-Full_A-None_AdaBN-F,6000,6000,6000
Huebner2018,EEGNetv4,2,4,0.8907563025210085,0.9579131652661064,FM-Full_A-None_AdaBN-F,6000,6000,6000
Huebner2018,EEGNetv4,2,5,0.8362757461118117,0.9300126103404792,FM-Full_A-None_AdaBN-F,6000,6000,6000
Huebner2018,EEGNetv4,2,7,0.838960493135332,0.9368870832165872,FM-Full_A-None_AdaBN-F,6000,6000,6000
Huebner2018,EEGNetv4,2,8,0.803921568627451,0.930952380952381,FM-Full_A-None_AdaBN-F,6000,6000,6000
Huebner2018,EEGNetv4,2,12,0.8453081232492997,0.9306022408963586,FM-Full_A-None_AdaBN-F,6000,6000,6000
Huebner2018,ShallowConvNet,1,1,0.952937880803978,0.9729672946284754,FM-Full_A-None_AdaBN-F,6000,6000,6000
Huebner2018,ShallowConvNet,1,3,0.9461484593837536,0.9766806722689076,FM-Full_A-None_AdaBN-F,6000,6000,6000
Huebner2018,ShallowConvNet,1,6,0.8452380952380952,0.9703781512605042,FM-Full_A-None_AdaBN-F,6000,6000,6000
Huebner2018,ShallowConvNet,1,9,0.7782057567056516,0.9365501785839344,FM-Full_A-None_AdaBN-F,6000,6000,6000
Huebner2018,ShallowConvNet,1,10,0.8768207282913165,0.9337535014005602,FM-Full_A-None_AdaBN-F,6000,6000,6000
Huebner2018,ShallowConvNet,1,11,0.8099592066394711,0.9050499366999578,FM-Full_A-None_AdaBN-F,6000,6000,6000
Huebner2018,ShallowConvNet,2,2,0.9616946778711484,0.9807422969187676,FM-Full_A-None_AdaBN-F,6000,6000,6000
Huebner2018,ShallowConvNet,2,4,0.9049719887955182,0.9514005602240896,FM-Full_A-None_AdaBN-F,6000,6000,6000
Huebner2018,ShallowConvNet,2,5,0.8268880481995237,0.920274625192658,FM-Full_A-None_AdaBN-F,6000,6000,6000
Huebner2018,ShallowConvNet,2,7,0.844424208461754,0.9310731297282152,FM-Full_A-None_AdaBN-F,6000,6000,6000
Huebner2018,ShallowConvNet,2,8,0.7840336134453781,0.9217086834733892,FM-Full_A-None_AdaBN-F,6000,6000,6000
Huebner2018,ShallowConvNet,2,12,0.7745798319327731,0.923109243697479,FM-Full_A-None_AdaBN-F,6000,6000,6000
Huebner2018,ATCNet,1,1,0.962532390223405,0.9789200924434484,FM-Full_A-None_AdaBN-F,6000,6000,6000
Huebner2018,ATCNet,1,3,0.9620448179271708,0.985014005602241,FM-Full_A-None_AdaBN-F,6000,6000,6000
Huebner2018,ATCNet,1,6,0.8572829131652661,0.982563025210084,FM-Full_A-None_AdaBN-F,6000,6000,6000
Huebner2018,ATCNet,1,9,0.7941732614328735,0.9541284403669724,FM-Full_A-None_AdaBN-F,6000,6000,6000
Huebner2018,ATCNet,1,10,0.8940476190476191,0.9383053221288516,FM-Full_A-None_AdaBN-F,6000,6000,6000
Huebner2018,ATCNet,1,11,0.8119285412856941,0.9236882824588548,FM-Full_A-None_AdaBN-F,6000,6000,6000
Huebner2018,ATCNet,2,2,0.9642857142857144,0.9855042016806724,FM-Full_A-None_AdaBN-F,6000,6000,6000
Huebner2018,ATCNet,2,4,0.9162464985994396,0.9627450980392156,FM-Full_A-None_AdaBN-F,6000,6000,6000
Huebner2018,ATCNet,2,5,0.830180748213535,0.9337256550371305,FM-Full_A-None_AdaBN-F,6000,6000,6000
Huebner2018,ATCNet,2,7,0.8758755954048754,0.94424208461754,FM-Full_A-None_AdaBN-F,6000,6000,6000
Huebner2018,ATCNet,2,8,0.8052521008403362,0.9353641456582632,FM-Full_A-None_AdaBN-F,6000,6000,6000
Huebner2018,ATCNet,2,12,0.8320728291316527,0.9406162464985994,FM-Full_A-None_AdaBN-F,6000,6000,6000
Huebner2018,DeepConvNet,1,1,0.9544085720288537,0.978289796204216,FM-Full_A-None_AdaBN-F,6000,6000,6000
Huebner2018,DeepConvNet,1,3,0.9644957983193276,0.982563025210084,FM-Full_A-None_AdaBN-F,6000,6000,6000
Huebner2018,DeepConvNet,1,6,0.8392857142857143,0.9815826330532212,FM-Full_A-None_AdaBN-F,6000,6000,6000
Huebner2018,DeepConvNet,1,9,0.7859794103228518,0.9515372224945724,FM-Full_A-None_AdaBN-F,6000,6000,6000
Huebner2018,DeepConvNet,1,10,0.8896358543417366,0.9404761904761904,FM-Full_A-None_AdaBN-F,6000,6000,6000
Huebner2018,DeepConvNet,1,11,0.8204388802925868,0.923406948937966,FM-Full_A-None_AdaBN-F,6000,6000,6000
Huebner2018,DeepConvNet,2,2,0.9703081232492996,0.9846638655462184,FM-Full_A-None_AdaBN-F,6000,6000,6000
Huebner2018,DeepConvNet,2,4,0.9084733893557424,0.9629551820728292,FM-Full_A-None_AdaBN-F,6000,6000,6000
Huebner2018,DeepConvNet,2,5,0.83340339078044,0.9357573210032226,FM-Full_A-None_AdaBN-F,6000,6000,6000
Huebner2018,DeepConvNet,2,7,0.841762398430933,0.9424908938077892,FM-Full_A-None_AdaBN-F,6000,6000,6000
Huebner2018,DeepConvNet,2,8,0.7966386554621848,0.9359943977591036,FM-Full_A-None_AdaBN-F,6000,6000,6000
Huebner2018,DeepConvNet,2,12,0.8544817927170868,0.9395658263305322,FM-Full_A-None_AdaBN-F,6000,6000,6000
Huebner2018,DeepConvNet,1,1,0.9574900203095454,0.9787800266125078,FM-Full_A-None_AdaBN-F,9000,9000,9000
Huebner2018,DeepConvNet,1,3,0.9667366946778712,0.982843137254902,FM-Full_A-None_AdaBN-F,9000,9000,9000
Huebner2018,DeepConvNet,1,6,0.8416666666666667,0.9819327731092437,FM-Full_A-None_AdaBN-F,9000,9000,9000
Huebner2018,DeepConvNet,1,9,0.7962042159815114,0.9543385391133832,FM-Full_A-None_AdaBN-F,9000,9000,9000
Huebner2018,DeepConvNet,1,10,0.8960084033613446,0.9399159663865546,FM-Full_A-None_AdaBN-F,9000,9000,9000
Huebner2018,DeepConvNet,1,11,0.8198058798705866,0.9274862849908566,FM-Full_A-None_AdaBN-F,9000,9000,9000
Huebner2018,DeepConvNet,2,2,0.9727591036414566,0.9853641456582634,FM-Full_A-None_AdaBN-F,9000,9000,9000
Huebner2018,DeepConvNet,2,4,0.9027310924369748,0.9635854341736696,FM-Full_A-None_AdaBN-F,9000,9000,9000
Huebner2018,DeepConvNet,2,5,0.8275185652234832,0.9351968614263696,FM-Full_A-None_AdaBN-F,9000,9000,9000
Huebner2018,DeepConvNet,2,7,0.8572429251891286,0.9431213224992996,FM-Full_A-None_AdaBN-F,9000,9000,9000
Huebner2018,DeepConvNet,2,8,0.8030112044817928,0.936904761904762,FM-Full_A-None_AdaBN-F,9000,9000,9000
Huebner2018,DeepConvNet,2,12,0.8438375350140056,0.9397759103641457,FM-Full_A-None_AdaBN-F,9000,9000,9000
Huebner2018,EEGNetv4,1,1,0.9578401848868968,0.9743679529378808,FM-Full_A-None_AdaBN-F,9000,9000,9000
Huebner2018,EEGNetv4,1,3,0.947829131652661,0.980252100840336,FM-Full_A-None_AdaBN-F,9000,9000,9000
Huebner2018,EEGNetv4,1,6,0.880532212885154,0.9793417366946778,FM-Full_A-None_AdaBN-F,9000,9000,9000
Huebner2018,EEGNetv4,1,9,0.810841095314798,0.9492961691995238,FM-Full_A-None_AdaBN-F,9000,9000,9000
Huebner2018,EEGNetv4,1,10,0.878781512605042,0.9397058823529412,FM-Full_A-None_AdaBN-F,9000,9000,9000
Huebner2018,EEGNetv4,1,11,0.8308482205654804,0.916725277816852,FM-Full_A-None_AdaBN-F,9000,9000,9000
Huebner2018,EEGNetv4,2,2,0.9717787114845938,0.984873949579832,FM-Full_A-None_AdaBN-F,9000,9000,9000
Huebner2018,EEGNetv4,2,4,0.9076330532212884,0.9592436974789916,FM-Full_A-None_AdaBN-F,9000,9000,9000
Huebner2018,EEGNetv4,2,5,0.819672131147541,0.9327448507776376,FM-Full_A-None_AdaBN-F,9000,9000,9000
Huebner2018,EEGNetv4,2,7,0.8439338750350238,0.9414401793219388,FM-Full_A-None_AdaBN-F,9000,9000,9000
Huebner2018,EEGNetv4,2,8,0.7932072829131652,0.9310224089635856,FM-Full_A-None_AdaBN-F,9000,9000,9000
Huebner2018,EEGNetv4,2,12,0.8640056022408964,0.9330532212885154,FM-Full_A-None_AdaBN-F,9000,9000,9000
Huebner2018,ShallowConvNet,1,1,0.9518173541564536,0.973667623783178,FM-Full_A-None_AdaBN-F,9000,9000,9000
Huebner2018,ShallowConvNet,1,3,0.9353641456582632,0.9779411764705882,FM-Full_A-None_AdaBN-F,9000,9000,9000
Huebner2018,ShallowConvNet,1,6,0.8512605042016806,0.9725490196078432,FM-Full_A-None_AdaBN-F,9000,9000,9000
Huebner2018,ShallowConvNet,1,9,0.783458225365922,0.9388612647944534,FM-Full_A-None_AdaBN-F,9000,9000,9000
Huebner2018,ShallowConvNet,1,10,0.8820728291316526,0.9338235294117648,FM-Full_A-None_AdaBN-F,9000,9000,9000
Huebner2018,ShallowConvNet,1,11,0.8219158812772542,0.9080039386692924,FM-Full_A-None_AdaBN-F,9000,9000,9000
Huebner2018,ATCNet,1,1,0.9505567616779886,0.9792002241053296,FM-Full_A-None_AdaBN-F,9000,9000,9000
Huebner2018,ATCNet,1,3,0.9660364145658265,0.98515406162465,FM-Full_A-None_AdaBN-F,9000,9000,9000
Huebner2018,ATCNet,1,6,0.8373949579831933,0.9822128851540616,FM-Full_A-None_AdaBN-F,9000,9000,9000
Huebner2018,ATCNet,1,9,0.7965543805588626,0.955038868268086,FM-Full_A-None_AdaBN-F,9000,9000,9000
Huebner2018,ATCNet,1,10,0.8934173669467788,0.9409663865546218,FM-Full_A-None_AdaBN-F,9000,9000,9000
Huebner2018,ATCNet,1,11,0.8252215501477,0.9250246166830778,FM-Full_A-None_AdaBN-F,9000,9000,9000
Huebner2018,ATCNet,2,2,0.953781512605042,0.9859243697478992,FM-Full_A-None_AdaBN-F,9000,9000,9000
Huebner2018,ATCNet,2,4,0.9049019607843136,0.963935574229692,FM-Full_A-None_AdaBN-F,9000,9000,9000
Huebner2018,ATCNet,2,5,0.8297604035308953,0.9376488720751016,FM-Full_A-None_AdaBN-F,9000,9000,9000
Huebner2018,ATCNet,2,7,0.8652984029139815,0.9459932754272904,FM-Full_A-None_AdaBN-F,9000,9000,9000
Huebner2018,ATCNet,2,8,0.8032212885154062,0.9378851540616246,FM-Full_A-None_AdaBN-F,9000,9000,9000
Huebner2018,ATCNet,2,12,0.7964985994397759,0.9390056022408964,FM-Full_A-None_AdaBN-F,9000,9000,9000
Huebner2018,DeepConvNet,1,1,0.9533580782967996,0.9786399607815672,FM-Full_A-None_AdaBN-F,12000,12000,12000
Huebner2018,DeepConvNet,1,3,0.9658963585434174,0.9834033613445378,FM-Full_A-None_AdaBN-F,12000,12000,12000
Huebner2018,DeepConvNet,1,6,0.8198879551820728,0.9819327731092437,FM-Full_A-None_AdaBN-F,12000,12000,12000
Huebner2018,DeepConvNet,1,9,0.7888507598571328,0.9516072554100428,FM-Full_A-None_AdaBN-F,12000,12000,12000
Huebner2018,DeepConvNet,1,10,0.8945378151260505,0.938515406162465,FM-Full_A-None_AdaBN-F,12000,12000,12000
Huebner2018,DeepConvNet,1,11,0.8257842171894781,0.9253059502039668,FM-Full_A-None_AdaBN-F,12000,12000,12000
Huebner2018,DeepConvNet,2,2,0.9638655462184874,0.9852941176470588,FM-Full_A-None_AdaBN-F,12000,12000,12000
Huebner2018,DeepConvNet,2,4,0.9060224089635854,0.9637254901960784,FM-Full_A-None_AdaBN-F,12000,12000,12000
Huebner2018,DeepConvNet,2,5,0.813647190696371,0.9359674933445424,FM-Full_A-None_AdaBN-F,12000,12000,12000
Huebner2018,DeepConvNet,2,7,0.8689408797982628,0.94473241804427,FM-Full_A-None_AdaBN-F,12000,12000,12000
Huebner2018,DeepConvNet,2,8,0.7796218487394958,0.9373249299719888,FM-Full_A-None_AdaBN-F,12000,12000,12000
Huebner2018,DeepConvNet,2,12,0.8399859943977591,0.93984593837535,FM-Full_A-None_AdaBN-F,12000,12000,12000
Huebner2018,ATCNet,1,1,0.9560193290846698,0.9786399607815672,FM-Full_A-None_AdaBN-F,12000,12000,12000
Huebner2018,ATCNet,1,3,0.9586134453781512,0.9842436974789917,FM-Full_A-None_AdaBN-F,12000,12000,12000
Huebner2018,ATCNet,1,6,0.8549719887955182,0.9823529411764704,FM-Full_A-None_AdaBN-F,12000,12000,12000
Huebner2018,ATCNet,1,9,0.8164437285524196,0.9525877162266264,FM-Full_A-None_AdaBN-F,12000,12000,12000
Huebner2018,ATCNet,1,10,0.8950280112044818,0.9430672268907564,FM-Full_A-None_AdaBN-F,12000,12000,12000
Huebner2018,ATCNet,1,11,0.8194542129694753,0.9248839499226332,FM-Full_A-None_AdaBN-F,12000,12000,12000
Huebner2018,ATCNet,2,2,0.9645658263305322,0.986344537815126,FM-Full_A-None_AdaBN-F,12000,12000,12000
Huebner2018,ATCNet,2,4,0.8931372549019608,0.9647058823529412,FM-Full_A-None_AdaBN-F,12000,12000,12000
Huebner2018,ATCNet,2,5,0.8209331651954602,0.9382093316519546,FM-Full_A-None_AdaBN-F,12000,12000,12000
Huebner2018,ATCNet,2,7,0.863617259736621,0.9458531801625104,FM-Full_A-None_AdaBN-F,12000,12000,12000
Huebner2018,ATCNet,2,8,0.790266106442577,0.9384453781512604,FM-Full_A-None_AdaBN-F,12000,12000,12000
Huebner2018,ATCNet,2,12,0.8649859943977591,0.9404761904761904,FM-Full_A-None_AdaBN-F,12000,12000,12000
Huebner2018,ShallowConvNet,1,1,0.9491561033685832,0.9737376566986484,FM-Full_A-None_AdaBN-F,12000,12000,12000
Huebner2018,ShallowConvNet,1,3,0.938375350140056,0.9778711484593836,FM-Full_A-None_AdaBN-F,12000,12000,12000
Huebner2018,ShallowConvNet,1,6,0.8569327731092437,0.973529411764706,FM-Full_A-None_AdaBN-F,12000,12000,12000
Huebner2018,ShallowConvNet,1,9,0.7736536172000841,0.9407521535121508,FM-Full_A-None_AdaBN-F,12000,12000,12000
Huebner2018,ShallowConvNet,1,10,0.8759103641456583,0.9381652661064426,FM-Full_A-None_AdaBN-F,12000,12000,12000
Huebner2018,ShallowConvNet,1,11,0.8199465466310311,0.9109579406386272,FM-Full_A-None_AdaBN-F,12000,12000,12000
Huebner2018,ShallowConvNet,2,2,0.9626050420168067,0.9822128851540616,FM-Full_A-None_AdaBN-F,12000,12000,12000
Huebner2018,ShallowConvNet,2,4,0.9074929971988795,0.951610644257703,FM-Full_A-None_AdaBN-F,12000,12000,12000
Huebner2018,ShallowConvNet,2,5,0.8233851758441922,0.9217458315818972,FM-Full_A-None_AdaBN-F,12000,12000,12000
Huebner2018,ShallowConvNet,2,7,0.844354160829364,0.9328243205379658,FM-Full_A-None_AdaBN-F,12000,12000,12000
Huebner2018,ShallowConvNet,2,8,0.7898459383753501,0.924719887955182,FM-Full_A-None_AdaBN-F,12000,12000,12000
Huebner2018,ShallowConvNet,2,12,0.711764705882353,0.9247899159663866,FM-Full_A-None_AdaBN-F,12000,12000,12000
Huebner2018,EEGNetv4,1,1,0.9644933118565726,0.9768891378948106,FM-Full_A-None_AdaBN-F,12000,12000,12000
Huebner2018,EEGNetv4,1,3,0.9406162464985994,0.9819327731092437,FM-Full_A-None_AdaBN-F,12000,12000,12000
Huebner2018,EEGNetv4,1,6,0.8608543417366947,0.980672268907563,FM-Full_A-None_AdaBN-F,12000,12000,12000
Huebner2018,EEGNetv4,1,9,0.7896211219273058,0.9515372224945724,FM-Full_A-None_AdaBN-F,12000,12000,12000
Huebner2018,EEGNetv4,1,10,0.8861344537815126,0.942156862745098,FM-Full_A-None_AdaBN-F,12000,12000,12000
Huebner2018,EEGNetv4,1,11,0.8205795470530314,0.918131945421297,FM-Full_A-None_AdaBN-F,12000,12000,12000
Huebner2018,EEGNetv4,2,2,0.9716386554621848,0.984033613445378,FM-Full_A-None_AdaBN-F,12000,12000,12000
Huebner2018,EEGNetv4,2,4,0.8906162464985994,0.9587535014005604,FM-Full_A-None_AdaBN-F,12000,12000,12000
Huebner2018,EEGNetv4,2,5,0.813086731119518,0.9321843912007848,FM-Full_A-None_AdaBN-F,12000,12000,12000
Huebner2018,EEGNetv4,2,7,0.8088400112076212,0.9431213224992996,FM-Full_A-None_AdaBN-F,12000,12000,12000
Huebner2018,EEGNetv4,2,8,0.8030812324929972,0.9334033613445378,FM-Full_A-None_AdaBN-F,12000,12000,12000
Huebner2018,EEGNetv4,2,12,0.8757703081232493,0.9376050420168068,FM-Full_A-None_AdaBN-F,12000,12000,12000
Kalunga2016,ShallowConvNet,1,1,0.28125,0.125,FM-Full_A-None_AdaBN-F,30,30,30
Kalunga2016,ShallowConvNet,1,3,0.71875,0.703125,FM-Full_A-None_AdaBN-F,30,30,30
Kalunga2016,ShallowConvNet,1,6,0.375,0.40625,FM-Full_A-None_AdaBN-F,30,30,30
Kalunga2016,ShallowConvNet,1,9,0.40625,0.375,FM-Full_A-None_AdaBN-F,30,30,30
Kalunga2016,ShallowConvNet,1,10,0.234375,0.3984375,FM-Full_A-None_AdaBN-F,30,30,30
Kalunga2016,ShallowConvNet,1,11,0.3125,0.3125,FM-Full_A-None_AdaBN-F,30,30,30
Kalunga2016,ShallowConvNet,2,2,0.328125,0.46875,FM-Full_A-None_AdaBN-F,30,30,30
Kalunga2016,ShallowConvNet,2,4,0.359375,0.46875,FM-Full_A-None_AdaBN-F,30,30,30
Kalunga2016,ShallowConvNet,2,5,0.390625,0.296875,FM-Full_A-None_AdaBN-F,30,30,30
Kalunga2016,ShallowConvNet,2,7,0.5520833333333334,0.625,FM-Full_A-None_AdaBN-F,30,30,30
Kalunga2016,ShallowConvNet,2,8,0.34375,0.375,FM-Full_A-None_AdaBN-F,30,30,30
Kalunga2016,ShallowConvNet,2,12,0.31875,0.5,FM-Full_A-None_AdaBN-F,30,30,30
Kalunga2016,EEGNetv4,1,1,0.171875,0.171875,FM-Full_A-None_AdaBN-F,30,30,30
Kalunga2016,EEGNetv4,1,3,0.375,0.421875,FM-Full_A-None_AdaBN-F,30,30,30
Kalunga2016,EEGNetv4,1,6,0.1875,0.25,FM-Full_A-None_AdaBN-F,30,30,30
Kalunga2016,EEGNetv4,1,9,0.171875,0.1875,FM-Full_A-None_AdaBN-F,30,30,30
Kalunga2016,EEGNetv4,1,10,0.25,0.2421875,FM-Full_A-None_AdaBN-F,30,30,30
Kalunga2016,EEGNetv4,1,11,0.234375,0.171875,FM-Full_A-None_AdaBN-F,30,30,30
Kalunga2016,EEGNetv4,2,2,0.3125,0.3125,FM-Full_A-None_AdaBN-F,30,30,30
Kalunga2016,EEGNetv4,2,4,0.265625,0.265625,FM-Full_A-None_AdaBN-F,30,30,30
Kalunga2016,EEGNetv4,2,5,0.265625,0.265625,FM-Full_A-None_AdaBN-F,30,30,30
Kalunga2016,EEGNetv4,2,7,0.4895833333333333,0.4895833333333333,FM-Full_A-None_AdaBN-F,30,30,30
Kalunga2016,EEGNetv4,2,8,0.234375,0.265625,FM-Full_A-None_AdaBN-F,30,30,30
Kalunga2016,EEGNetv4,2,12,0.25,0.25625,FM-Full_A-None_AdaBN-F,30,30,30
Kalunga2016,DeepConvNet,1,1,0.25,0.328125,FM-Full_A-None_AdaBN-F,30,30,30
Kalunga2016,DeepConvNet,1,3,0.3125,0.265625,FM-Full_A-None_AdaBN-F,30,30,30
Kalunga2016,DeepConvNet,1,6,0.34375,0.25,FM-Full_A-None_AdaBN-F,30,30,30
Kalunga2016,DeepConvNet,1,9,0.34375,0.296875,FM-Full_A-None_AdaBN-F,30,30,30
Kalunga2016,DeepConvNet,1,10,0.234375,0.2890625,FM-Full_A-None_AdaBN-F,30,30,30
Kalunga2016,DeepConvNet,1,11,0.265625,0.296875,FM-Full_A-None_AdaBN-F,30,30,30
Kalunga2016,DeepConvNet,2,2,0.296875,0.25,FM-Full_A-None_AdaBN-F,30,30,30
Kalunga2016,DeepConvNet,2,4,0.328125,0.296875,FM-Full_A-None_AdaBN-F,30,30,30
Kalunga2016,DeepConvNet,2,5,0.265625,0.25,FM-Full_A-None_AdaBN-F,30,30,30
Kalunga2016,DeepConvNet,2,7,0.4583333333333333,0.3854166666666667,FM-Full_A-None_AdaBN-F,30,30,30
Kalunga2016,DeepConvNet,2,8,0.296875,0.265625,FM-Full_A-None_AdaBN-F,30,30,30
Kalunga2016,DeepConvNet,2,12,0.26875,0.275,FM-Full_A-None_AdaBN-F,30,30,30
Kalunga2016,ATCNet,1,1,0.265625,0.234375,FM-Full_A-None_AdaBN-F,30,30,30
Kalunga2016,ATCNet,1,3,0.265625,0.375,FM-Full_A-None_AdaBN-F,30,30,30
Kalunga2016,ATCNet,1,6,0.265625,0.34375,FM-Full_A-None_AdaBN-F,30,30,30
Kalunga2016,ATCNet,1,9,0.265625,0.265625,FM-Full_A-None_AdaBN-F,30,30,30
Kalunga2016,ATCNet,1,10,0.2265625,0.3828125,FM-Full_A-None_AdaBN-F,30,30,30
Kalunga2016,ATCNet,1,11,0.25,0.3125,FM-Full_A-None_AdaBN-F,30,30,30
Kalunga2016,ATCNet,2,2,0.25,0.265625,FM-Full_A-None_AdaBN-F,30,30,30
Kalunga2016,ATCNet,2,4,0.359375,0.390625,FM-Full_A-None_AdaBN-F,30,30,30
Kalunga2016,ATCNet,2,5,0.15625,0.15625,FM-Full_A-None_AdaBN-F,30,30,30
Kalunga2016,ATCNet,2,7,0.375,0.4479166666666667,FM-Full_A-None_AdaBN-F,30,30,30
Kalunga2016,ATCNet,2,8,0.328125,0.328125,FM-Full_A-None_AdaBN-F,30,30,30
Kalunga2016,ATCNet,2,12,0.29375,0.49375,FM-Full_A-None_AdaBN-F,30,30,30
Kalunga2016,DeepConvNet,1,1,0.25,0.296875,FM-Full_A-None_AdaBN-F,40,40,40
Kalunga2016,DeepConvNet,1,3,0.28125,0.359375,FM-Full_A-None_AdaBN-F,40,40,40
Kalunga2016,DeepConvNet,1,6,0.4375,0.265625,FM-Full_A-None_AdaBN-F,40,40,40
Kalunga2016,DeepConvNet,1,9,0.296875,0.296875,FM-Full_A-None_AdaBN-F,40,40,40
Kalunga2016,DeepConvNet,1,10,0.1953125,0.234375,FM-Full_A-None_AdaBN-F,40,40,40
Kalunga2016,DeepConvNet,1,11,0.28125,0.234375,FM-Full_A-None_AdaBN-F,40,40,40
Kalunga2016,DeepConvNet,2,2,0.265625,0.21875,FM-Full_A-None_AdaBN-F,40,40,40
Kalunga2016,DeepConvNet,2,4,0.390625,0.34375,FM-Full_A-None_AdaBN-F,40,40,40
Kalunga2016,DeepConvNet,2,5,0.3125,0.265625,FM-Full_A-None_AdaBN-F,40,40,40
Kalunga2016,DeepConvNet,2,7,0.40625,0.3645833333333333,FM-Full_A-None_AdaBN-F,40,40,40
Kalunga2016,DeepConvNet,2,8,0.296875,0.25,FM-Full_A-None_AdaBN-F,40,40,40
Kalunga2016,DeepConvNet,2,12,0.3125,0.31875,FM-Full_A-None_AdaBN-F,40,40,40
Kalunga2016,ATCNet,1,1,0.265625,0.265625,FM-Full_A-None_AdaBN-F,40,40,40
Kalunga2016,ATCNet,1,3,0.34375,0.515625,FM-Full_A-None_AdaBN-F,40,40,40
Kalunga2016,ATCNet,1,6,0.390625,0.484375,FM-Full_A-None_AdaBN-F,40,40,40
Kalunga2016,ATCNet,1,9,0.296875,0.375,FM-Full_A-None_AdaBN-F,40,40,40
Kalunga2016,ATCNet,1,10,0.234375,0.390625,FM-Full_A-None_AdaBN-F,40,40,40
Kalunga2016,ATCNet,1,11,0.28125,0.25,FM-Full_A-None_AdaBN-F,40,40,40
Kalunga2016,ATCNet,2,2,0.34375,0.484375,FM-Full_A-None_AdaBN-F,40,40,40
Kalunga2016,ATCNet,2,4,0.4375,0.5,FM-Full_A-None_AdaBN-F,40,40,40
Kalunga2016,ATCNet,2,5,0.265625,0.28125,FM-Full_A-None_AdaBN-F,40,40,40
Kalunga2016,ATCNet,2,7,0.3854166666666667,0.4791666666666667,FM-Full_A-None_AdaBN-F,40,40,40
Kalunga2016,ATCNet,2,8,0.28125,0.3125,FM-Full_A-None_AdaBN-F,40,40,40
Kalunga2016,ATCNet,2,12,0.33125,0.55,FM-Full_A-None_AdaBN-F,40,40,40
Kalunga2016,EEGNetv4,1,1,0.265625,0.265625,FM-Full_A-None_AdaBN-F,40,40,40
Kalunga2016,EEGNetv4,1,3,0.3125,0.359375,FM-Full_A-None_AdaBN-F,40,40,40
Kalunga2016,EEGNetv4,1,6,0.296875,0.328125,FM-Full_A-None_AdaBN-F,40,40,40
Kalunga2016,EEGNetv4,1,9,0.234375,0.265625,FM-Full_A-None_AdaBN-F,40,40,40
Kalunga2016,EEGNetv4,1,10,0.2421875,0.265625,FM-Full_A-None_AdaBN-F,40,40,40
Kalunga2016,EEGNetv4,1,11,0.203125,0.1875,FM-Full_A-None_AdaBN-F,40,40,40
Kalunga2016,EEGNetv4,2,2,0.296875,0.34375,FM-Full_A-None_AdaBN-F,40,40,40
Kalunga2016,EEGNetv4,2,4,0.203125,0.265625,FM-Full_A-None_AdaBN-F,40,40,40
Kalunga2016,EEGNetv4,2,5,0.234375,0.234375,FM-Full_A-None_AdaBN-F,40,40,40
Kalunga2016,EEGNetv4,2,7,0.5,0.5104166666666666,FM-Full_A-None_AdaBN-F,40,40,40
Kalunga2016,EEGNetv4,2,8,0.21875,0.203125,FM-Full_A-None_AdaBN-F,40,40,40
Kalunga2016,EEGNetv4,2,12,0.28125,0.33125,FM-Full_A-None_AdaBN-F,40,40,40
Kalunga2016,ShallowConvNet,1,1,0.34375,0.28125,FM-Full_A-None_AdaBN-F,40,40,40
Kalunga2016,ShallowConvNet,1,3,0.78125,0.75,FM-Full_A-None_AdaBN-F,40,40,40
Kalunga2016,ShallowConvNet,1,6,0.3125,0.375,FM-Full_A-None_AdaBN-F,40,40,40
Kalunga2016,ShallowConvNet,1,9,0.3125,0.34375,FM-Full_A-None_AdaBN-F,40,40,40
Kalunga2016,ShallowConvNet,1,10,0.25,0.40625,FM-Full_A-None_AdaBN-F,40,40,40
Kalunga2016,ShallowConvNet,1,11,0.359375,0.375,FM-Full_A-None_AdaBN-F,40,40,40
Kalunga2016,ShallowConvNet,2,2,0.25,0.4375,FM-Full_A-None_AdaBN-F,40,40,40
Kalunga2016,ShallowConvNet,2,4,0.46875,0.5,FM-Full_A-None_AdaBN-F,40,40,40
Kalunga2016,ShallowConvNet,2,5,0.4375,0.359375,FM-Full_A-None_AdaBN-F,40,40,40
Kalunga2016,ShallowConvNet,2,7,0.5625,0.5625,FM-Full_A-None_AdaBN-F,40,40,40
Kalunga2016,ShallowConvNet,2,8,0.25,0.40625,FM-Full_A-None_AdaBN-F,40,40,40
Kalunga2016,ShallowConvNet,2,12,0.35,0.4875,FM-Full_A-None_AdaBN-F,40,40,40
Kalunga2016,ShallowConvNet,1,1,0.328125,0.28125,FM-Full_A-None_AdaBN-F,50,50,50
Kalunga2016,ShallowConvNet,1,3,0.703125,0.75,FM-Full_A-None_AdaBN-F,50,50,50
Kalunga2016,ShallowConvNet,1,6,0.296875,0.375,FM-Full_A-None_AdaBN-F,50,50,50
Kalunga2016,ShallowConvNet,1,9,0.296875,0.3125,FM-Full_A-None_AdaBN-F,50,50,50
Kalunga2016,ShallowConvNet,1,10,0.28125,0.359375,FM-Full_A-None_AdaBN-F,50,50,50
Kalunga2016,ShallowConvNet,1,11,0.3125,0.34375,FM-Full_A-None_AdaBN-F,50,50,50
Kalunga2016,ShallowConvNet,2,2,0.375,0.484375,FM-Full_A-None_AdaBN-F,50,50,50
Kalunga2016,ShallowConvNet,2,4,0.59375,0.546875,FM-Full_A-None_AdaBN-F,50,50,50
Kalunga2016,ShallowConvNet,2,5,0.390625,0.375,FM-Full_A-None_AdaBN-F,50,50,50
Kalunga2016,ShallowConvNet,2,7,0.5729166666666666,0.5729166666666666,FM-Full_A-None_AdaBN-F,50,50,50
Kalunga2016,ShallowConvNet,2,8,0.375,0.453125,FM-Full_A-None_AdaBN-F,50,50,50
Kalunga2016,ShallowConvNet,2,12,0.375,0.55625,FM-Full_A-None_AdaBN-F,50,50,50
Kalunga2016,DeepConvNet,1,1,0.203125,0.28125,FM-Full_A-None_AdaBN-F,50,50,50
Kalunga2016,DeepConvNet,1,3,0.296875,0.34375,FM-Full_A-None_AdaBN-F,50,50,50
Kalunga2016,DeepConvNet,1,6,0.40625,0.359375,FM-Full_A-None_AdaBN-F,50,50,50
Kalunga2016,DeepConvNet,1,9,0.296875,0.265625,FM-Full_A-None_AdaBN-F,50,50,50
Kalunga2016,DeepConvNet,1,10,0.1640625,0.296875,FM-Full_A-None_AdaBN-F,50,50,50
Kalunga2016,DeepConvNet,1,11,0.25,0.25,FM-Full_A-None_AdaBN-F,50,50,50
Kalunga2016,DeepConvNet,2,2,0.328125,0.25,FM-Full_A-None_AdaBN-F,50,50,50
Kalunga2016,DeepConvNet,2,4,0.265625,0.3125,FM-Full_A-None_AdaBN-F,50,50,50
Kalunga2016,DeepConvNet,2,5,0.21875,0.28125,FM-Full_A-None_AdaBN-F,50,50,50
Kalunga2016,DeepConvNet,2,7,0.25,0.28125,FM-Full_A-None_AdaBN-F,50,50,50
Kalunga2016,DeepConvNet,2,8,0.21875,0.28125,FM-Full_A-None_AdaBN-F,50,50,50
Kalunga2016,DeepConvNet,2,12,0.25625,0.26875,FM-Full_A-None_AdaBN-F,50,50,50
Kalunga2016,EEGNetv4,1,1,0.234375,0.265625,FM-Full_A-None_AdaBN-F,50,50,50
Kalunga2016,EEGNetv4,1,3,0.53125,0.53125,FM-Full_A-None_AdaBN-F,50,50,50
Kalunga2016,EEGNetv4,1,6,0.4375,0.421875,FM-Full_A-None_AdaBN-F,50,50,50
Kalunga2016,EEGNetv4,1,9,0.203125,0.25,FM-Full_A-None_AdaBN-F,50,50,50
Kalunga2016,EEGNetv4,1,10,0.234375,0.2578125,FM-Full_A-None_AdaBN-F,50,50,50
Kalunga2016,EEGNetv4,1,11,0.203125,0.203125,FM-Full_A-None_AdaBN-F,50,50,50
Kalunga2016,EEGNetv4,2,2,0.484375,0.4375,FM-Full_A-None_AdaBN-F,50,50,50
Kalunga2016,EEGNetv4,2,4,0.265625,0.34375,FM-Full_A-None_AdaBN-F,50,50,50
Kalunga2016,EEGNetv4,2,5,0.234375,0.25,FM-Full_A-None_AdaBN-F,50,50,50
Kalunga2016,EEGNetv4,2,7,0.34375,0.34375,FM-Full_A-None_AdaBN-F,50,50,50
Kalunga2016,EEGNetv4,2,8,0.25,0.25,FM-Full_A-None_AdaBN-F,50,50,50
Kalunga2016,EEGNetv4,2,12,0.2625,0.4,FM-Full_A-None_AdaBN-F,50,50,50
Kalunga2016,ATCNet,1,1,0.328125,0.328125,FM-Full_A-None_AdaBN-F,50,50,50
Kalunga2016,ATCNet,1,3,0.671875,0.765625,FM-Full_A-None_AdaBN-F,50,50,50
Kalunga2016,ATCNet,1,6,0.484375,0.453125,FM-Full_A-None_AdaBN-F,50,50,50
Kalunga2016,ATCNet,1,9,0.484375,0.5,FM-Full_A-None_AdaBN-F,50,50,50
Kalunga2016,ATCNet,1,10,0.25,0.375,FM-Full_A-None_AdaBN-F,50,50,50
Kalunga2016,ATCNet,1,11,0.3125,0.328125,FM-Full_A-None_AdaBN-F,50,50,50
Kalunga2016,ATCNet,2,2,0.40625,0.453125,FM-Full_A-None_AdaBN-F,50,50,50
Kalunga2016,ATCNet,2,4,0.4375,0.453125,FM-Full_A-None_AdaBN-F,50,50,50
Kalunga2016,ATCNet,2,5,0.28125,0.359375,FM-Full_A-None_AdaBN-F,50,50,50
Kalunga2016,ATCNet,2,7,0.4791666666666667,0.5104166666666666,FM-Full_A-None_AdaBN-F,50,50,50
Kalunga2016,ATCNet,2,8,0.453125,0.53125,FM-Full_A-None_AdaBN-F,50,50,50
Kalunga2016,ATCNet,2,12,0.36875,0.54375,FM-Full_A-None_AdaBN-F,50,50,50
Kalunga2016,ShallowConvNet,1,1,0.3125,0.28125,FM-Full_A-None_AdaBN-F,64,64,64
Kalunga2016,ShallowConvNet,1,3,0.78125,0.765625,FM-Full_A-None_AdaBN-F,64,64,64
Kalunga2016,ShallowConvNet,1,6,0.234375,0.390625,FM-Full_A-None_AdaBN-F,64,64,64
Kalunga2016,ShallowConvNet,1,9,0.359375,0.3125,FM-Full_A-None_AdaBN-F,64,64,64
Kalunga2016,ShallowConvNet,1,10,0.265625,0.3671875,FM-Full_A-None_AdaBN-F,64,64,64
Kalunga2016,ShallowConvNet,1,11,0.375,0.421875,FM-Full_A-None_AdaBN-F,64,64,64
Kalunga2016,ShallowConvNet,2,2,0.375,0.453125,FM-Full_A-None_AdaBN-F,64,64,64
Kalunga2016,ShallowConvNet,2,4,0.546875,0.5625,FM-Full_A-None_AdaBN-F,64,64,64
Kalunga2016,ShallowConvNet,2,5,0.328125,0.328125,FM-Full_A-None_AdaBN-F,64,64,64
Kalunga2016,ShallowConvNet,2,7,0.4895833333333333,0.5625,FM-Full_A-None_AdaBN-F,64,64,64
Kalunga2016,ShallowConvNet,2,8,0.328125,0.46875,FM-Full_A-None_AdaBN-F,64,64,64
Kalunga2016,ShallowConvNet,2,12,0.3375,0.55,FM-Full_A-None_AdaBN-F,64,64,64
Kalunga2016,EEGNetv4,1,1,0.296875,0.296875,FM-Full_A-None_AdaBN-F,64,64,64
Kalunga2016,EEGNetv4,1,3,0.65625,0.734375,FM-Full_A-None_AdaBN-F,64,64,64
Kalunga2016,EEGNetv4,1,6,0.421875,0.40625,FM-Full_A-None_AdaBN-F,64,64,64
Kalunga2016,EEGNetv4,1,9,0.234375,0.28125,FM-Full_A-None_AdaBN-F,64,64,64
Kalunga2016,EEGNetv4,1,10,0.2890625,0.3359375,FM-Full_A-None_AdaBN-F,64,64,64
Kalunga2016,EEGNetv4,1,11,0.21875,0.28125,FM-Full_A-None_AdaBN-F,64,64,64
Kalunga2016,EEGNetv4,2,2,0.375,0.40625,FM-Full_A-None_AdaBN-F,64,64,64
Kalunga2016,EEGNetv4,2,4,0.34375,0.390625,FM-Full_A-None_AdaBN-F,64,64,64
Kalunga2016,EEGNetv4,2,5,0.21875,0.296875,FM-Full_A-None_AdaBN-F,64,64,64
Kalunga2016,EEGNetv4,2,7,0.4166666666666667,0.4583333333333333,FM-Full_A-None_AdaBN-F,64,64,64
Kalunga2016,EEGNetv4,2,8,0.25,0.28125,FM-Full_A-None_AdaBN-F,64,64,64
Kalunga2016,EEGNetv4,2,12,0.25625,0.275,FM-Full_A-None_AdaBN-F,64,64,64
Kalunga2016,DeepConvNet,1,1,0.203125,0.234375,FM-Full_A-None_AdaBN-F,64,64,64
Kalunga2016,DeepConvNet,1,3,0.390625,0.28125,FM-Full_A-None_AdaBN-F,64,64,64
Kalunga2016,DeepConvNet,1,6,0.453125,0.34375,FM-Full_A-None_AdaBN-F,64,64,64
Kalunga2016,DeepConvNet,1,9,0.28125,0.25,FM-Full_A-None_AdaBN-F,64,64,64
Kalunga2016,DeepConvNet,1,10,0.2578125,0.3515625,FM-Full_A-None_AdaBN-F,64,64,64
Kalunga2016,DeepConvNet,1,11,0.34375,0.328125,FM-Full_A-None_AdaBN-F,64,64,64
Kalunga2016,DeepConvNet,2,2,0.40625,0.265625,FM-Full_A-None_AdaBN-F,64,64,64
Kalunga2016,DeepConvNet,2,4,0.46875,0.375,FM-Full_A-None_AdaBN-F,64,64,64
Kalunga2016,DeepConvNet,2,5,0.234375,0.25,FM-Full_A-None_AdaBN-F,64,64,64
Kalunga2016,DeepConvNet,2,7,0.28125,0.3333333333333333,FM-Full_A-None_AdaBN-F,64,64,64
Kalunga2016,DeepConvNet,2,8,0.28125,0.1875,FM-Full_A-None_AdaBN-F,64,64,64
Kalunga2016,DeepConvNet,2,12,0.2625,0.25625,FM-Full_A-None_AdaBN-F,64,64,64
Kalunga2016,ATCNet,1,1,0.296875,0.359375,FM-Full_A-None_AdaBN-F,64,64,64
Kalunga2016,ATCNet,1,3,0.828125,0.890625,FM-Full_A-None_AdaBN-F,64,64,64
Kalunga2016,ATCNet,1,6,0.484375,0.53125,FM-Full_A-None_AdaBN-F,64,64,64
Kalunga2016,ATCNet,1,9,0.359375,0.40625,FM-Full_A-None_AdaBN-F,64,64,64
Kalunga2016,ATCNet,1,10,0.375,0.4765625,FM-Full_A-None_AdaBN-F,64,64,64
Kalunga2016,ATCNet,1,11,0.484375,0.5,FM-Full_A-None_AdaBN-F,64,64,64
Kalunga2016,ATCNet,2,2,0.265625,0.390625,FM-Full_A-None_AdaBN-F,64,64,64
Kalunga2016,ATCNet,2,4,0.515625,0.609375,FM-Full_A-None_AdaBN-F,64,64,64
Kalunga2016,ATCNet,2,5,0.296875,0.265625,FM-Full_A-None_AdaBN-F,64,64,64
Kalunga2016,ATCNet,2,7,0.5416666666666666,0.5729166666666666,FM-Full_A-None_AdaBN-F,64,64,64
Kalunga2016,ATCNet,2,8,0.4375,0.4375,FM-Full_A-None_AdaBN-F,64,64,64
Kalunga2016,ATCNet,2,12,0.33125,0.5375,FM-Full_A-None_AdaBN-F,64,64,64
Lee2019_MI,DeepConvNet,1,4,0.58,0.555,FM-Full_A-None_AdaBN-F,50,50,50
Lee2019_MI,DeepConvNet,1,5,0.61,0.615,FM-Full_A-None_AdaBN-F,50,50,50
Lee2019_MI,DeepConvNet,1,6,0.77,0.82,FM-Full_A-None_AdaBN-F,50,50,50
Lee2019_MI,DeepConvNet,1,7,0.58,0.585,FM-Full_A-None_AdaBN-F,50,50,50
Lee2019_MI,DeepConvNet,1,9,0.635,0.635,FM-Full_A-None_AdaBN-F,50,50,50
Lee2019_MI,DeepConvNet,1,10,0.61,0.605,FM-Full_A-None_AdaBN-F,50,50,50
Lee2019_MI,DeepConvNet,1,13,0.605,0.6,FM-Full_A-None_AdaBN-F,50,50,50
Lee2019_MI,DeepConvNet,1,14,0.545,0.5,FM-Full_A-None_AdaBN-F,50,50,50
Lee2019_MI,DeepConvNet,1,16,0.63,0.74,FM-Full_A-None_AdaBN-F,50,50,50
Lee2019_MI,DeepConvNet,1,17,0.545,0.55,FM-Full_A-None_AdaBN-F,50,50,50
Lee2019_MI,DeepConvNet,1,18,0.655,0.72,FM-Full_A-None_AdaBN-F,50,50,50
Lee2019_MI,DeepConvNet,1,20,0.725,0.69,FM-Full_A-None_AdaBN-F,50,50,50
Lee2019_MI,DeepConvNet,1,25,0.765,0.81,FM-Full_A-None_AdaBN-F,50,50,50
Lee2019_MI,DeepConvNet,1,26,0.75,0.765,FM-Full_A-None_AdaBN-F,50,50,50
Lee2019_MI,DeepConvNet,1,27,0.73,0.755,FM-Full_A-None_AdaBN-F,50,50,50
Lee2019_MI,DeepConvNet,1,31,0.645,0.73,FM-Full_A-None_AdaBN-F,50,50,50
Lee2019_MI,DeepConvNet,1,33,0.715,0.72,FM-Full_A-None_AdaBN-F,50,50,50
Lee2019_MI,DeepConvNet,1,34,0.545,0.6,FM-Full_A-None_AdaBN-F,50,50,50
Lee2019_MI,DeepConvNet,1,35,0.78,0.915,FM-Full_A-None_AdaBN-F,50,50,50
Lee2019_MI,DeepConvNet,1,37,0.625,0.665,FM-Full_A-None_AdaBN-F,50,50,50
Lee2019_MI,DeepConvNet,1,38,0.565,0.635,FM-Full_A-None_AdaBN-F,50,50,50
Lee2019_MI,DeepConvNet,1,45,0.65,0.675,FM-Full_A-None_AdaBN-F,50,50,50
Lee2019_MI,DeepConvNet,1,46,0.555,0.525,FM-Full_A-None_AdaBN-F,50,50,50
Lee2019_MI,DeepConvNet,1,49,0.705,0.73,FM-Full_A-None_AdaBN-F,50,50,50
Lee2019_MI,DeepConvNet,1,50,0.495,0.52,FM-Full_A-None_AdaBN-F,50,50,50
Lee2019_MI,DeepConvNet,1,51,0.62,0.67,FM-Full_A-None_AdaBN-F,50,50,50
Lee2019_MI,DeepConvNet,1,53,0.725,0.71,FM-Full_A-None_AdaBN-F,50,50,50
Lee2019_MI,DeepConvNet,2,1,0.53,0.545,FM-Full_A-None_AdaBN-F,50,50,50
Lee2019_MI,DeepConvNet,2,2,0.69,0.64,FM-Full_A-None_AdaBN-F,50,50,50
Lee2019_MI,DeepConvNet,2,3,0.71,0.8,FM-Full_A-None_AdaBN-F,50,50,50
Lee2019_MI,DeepConvNet,2,8,0.645,0.675,FM-Full_A-None_AdaBN-F,50,50,50
Lee2019_MI,DeepConvNet,2,11,0.61,0.61,FM-Full_A-None_AdaBN-F,50,50,50
Lee2019_MI,DeepConvNet,2,12,0.61,0.655,FM-Full_A-None_AdaBN-F,50,50,50
Lee2019_MI,DeepConvNet,2,15,0.73,0.76,FM-Full_A-None_AdaBN-F,50,50,50
Lee2019_MI,DeepConvNet,2,19,0.685,0.65,FM-Full_A-None_AdaBN-F,50,50,50
Lee2019_MI,DeepConvNet,2,21,0.7,0.78,FM-Full_A-None_AdaBN-F,50,50,50
Lee2019_MI,DeepConvNet,2,22,0.62,0.535,FM-Full_A-None_AdaBN-F,50,50,50
Lee2019_MI,DeepConvNet,2,23,0.615,0.59,FM-Full_A-None_AdaBN-F,50,50,50
Lee2019_MI,DeepConvNet,2,24,0.56,0.61,FM-Full_A-None_AdaBN-F,50,50,50
Lee2019_MI,DeepConvNet,2,28,0.685,0.7,FM-Full_A-None_AdaBN-F,50,50,50
Lee2019_MI,DeepConvNet,2,29,0.635,0.715,FM-Full_A-None_AdaBN-F,50,50,50
Lee2019_MI,DeepConvNet,2,30,0.58,0.615,FM-Full_A-None_AdaBN-F,50,50,50
Lee2019_MI,DeepConvNet,2,32,0.58,0.58,FM-Full_A-None_AdaBN-F,50,50,50
Lee2019_MI,DeepConvNet,2,36,0.745,0.755,FM-Full_A-None_AdaBN-F,50,50,50
Lee2019_MI,DeepConvNet,2,39,0.61,0.61,FM-Full_A-None_AdaBN-F,50,50,50
Lee2019_MI,DeepConvNet,2,40,0.745,0.725,FM-Full_A-None_AdaBN-F,50,50,50
Lee2019_MI,DeepConvNet,2,41,0.62,0.61,FM-Full_A-None_AdaBN-F,50,50,50
Lee2019_MI,DeepConvNet,2,42,0.63,0.59,FM-Full_A-None_AdaBN-F,50,50,50
Lee2019_MI,DeepConvNet,2,43,0.72,0.705,FM-Full_A-None_AdaBN-F,50,50,50
Lee2019_MI,DeepConvNet,2,44,0.64,0.615,FM-Full_A-None_AdaBN-F,50,50,50
Lee2019_MI,DeepConvNet,2,47,0.7,0.79,FM-Full_A-None_AdaBN-F,50,50,50
Lee2019_MI,DeepConvNet,2,48,0.68,0.525,FM-Full_A-None_AdaBN-F,50,50,50
Lee2019_MI,DeepConvNet,2,52,0.645,0.715,FM-Full_A-None_AdaBN-F,50,50,50
Lee2019_MI,DeepConvNet,2,54,0.645,0.615,FM-Full_A-None_AdaBN-F,50,50,50
Lee2019_MI,ATCNet,1,4,0.68,0.65,FM-Full_A-None_AdaBN-F,50,50,50
Lee2019_MI,ATCNet,1,5,0.655,0.76,FM-Full_A-None_AdaBN-F,50,50,50
Lee2019_MI,ATCNet,1,6,0.705,0.72,FM-Full_A-None_AdaBN-F,50,50,50
Lee2019_MI,ATCNet,1,7,0.595,0.63,FM-Full_A-None_AdaBN-F,50,50,50
Lee2019_MI,ATCNet,1,9,0.725,0.735,FM-Full_A-None_AdaBN-F,50,50,50
Lee2019_MI,ATCNet,1,10,0.55,0.665,FM-Full_A-None_AdaBN-F,50,50,50
Lee2019_MI,ATCNet,1,13,0.55,0.56,FM-Full_A-None_AdaBN-F,50,50,50
Lee2019_MI,ATCNet,1,14,0.62,0.63,FM-Full_A-None_AdaBN-F,50,50,50
Lee2019_MI,ATCNet,1,16,0.725,0.775,FM-Full_A-None_AdaBN-F,50,50,50
Lee2019_MI,ATCNet,1,17,0.585,0.625,FM-Full_A-None_AdaBN-F,50,50,50
Lee2019_MI,ATCNet,1,18,0.775,0.815,FM-Full_A-None_AdaBN-F,50,50,50
Lee2019_MI,ATCNet,1,20,0.64,0.71,FM-Full_A-None_AdaBN-F,50,50,50
Lee2019_MI,ATCNet,1,25,0.695,0.72,FM-Full_A-None_AdaBN-F,50,50,50
Lee2019_MI,ATCNet,1,26,0.655,0.685,FM-Full_A-None_AdaBN-F,50,50,50
Lee2019_MI,ATCNet,1,27,0.645,0.645,FM-Full_A-None_AdaBN-F,50,50,50
Lee2019_MI,ATCNet,1,31,0.66,0.665,FM-Full_A-None_AdaBN-F,50,50,50
Lee2019_MI,ATCNet,1,33,0.91,0.94,FM-Full_A-None_AdaBN-F,50,50,50
Lee2019_MI,ATCNet,1,34,0.57,0.54,FM-Full_A-None_AdaBN-F,50,50,50
Lee2019_MI,ATCNet,1,35,0.545,0.755,FM-Full_A-None_AdaBN-F,50,50,50
Lee2019_MI,ATCNet,1,37,0.915,0.93,FM-Full_A-None_AdaBN-F,50,50,50
Lee2019_MI,ATCNet,1,38,0.525,0.57,FM-Full_A-None_AdaBN-F,50,50,50
Lee2019_MI,ATCNet,1,45,0.65,0.78,FM-Full_A-None_AdaBN-F,50,50,50
Lee2019_MI,ATCNet,1,46,0.58,0.635,FM-Full_A-None_AdaBN-F,50,50,50
Lee2019_MI,ATCNet,1,49,0.57,0.665,FM-Full_A-None_AdaBN-F,50,50,50
Lee2019_MI,ATCNet,1,50,0.495,0.575,FM-Full_A-None_AdaBN-F,50,50,50
Lee2019_MI,ATCNet,1,51,0.56,0.54,FM-Full_A-None_AdaBN-F,50,50,50
Lee2019_MI,ATCNet,1,53,0.585,0.59,FM-Full_A-None_AdaBN-F,50,50,50
Lee2019_MI,ATCNet,2,1,0.665,0.74,FM-Full_A-None_AdaBN-F,50,50,50
Lee2019_MI,ATCNet,2,2,0.595,0.545,FM-Full_A-None_AdaBN-F,50,50,50
Lee2019_MI,ATCNet,2,3,0.74,0.81,FM-Full_A-None_AdaBN-F,50,50,50
Lee2019_MI,ATCNet,2,8,0.675,0.69,FM-Full_A-None_AdaBN-F,50,50,50
Lee2019_MI,ATCNet,2,11,0.505,0.495,FM-Full_A-None_AdaBN-F,50,50,50
Lee2019_MI,ATCNet,2,12,0.595,0.63,FM-Full_A-None_AdaBN-F,50,50,50
Lee2019_MI,ATCNet,2,15,0.565,0.655,FM-Full_A-None_AdaBN-F,50,50,50
Lee2019_MI,ATCNet,2,19,0.735,0.74,FM-Full_A-None_AdaBN-F,50,50,50
Lee2019_MI,ATCNet,2,21,0.8,0.925,FM-Full_A-None_AdaBN-F,50,50,50
Lee2019_MI,ATCNet,2,22,0.62,0.69,FM-Full_A-None_AdaBN-F,50,50,50
Lee2019_MI,ATCNet,2,23,0.74,0.79,FM-Full_A-None_AdaBN-F,50,50,50
Lee2019_MI,ATCNet,2,24,0.55,0.61,FM-Full_A-None_AdaBN-F,50,50,50
Lee2019_MI,ATCNet,2,28,0.795,0.87,FM-Full_A-None_AdaBN-F,50,50,50
Lee2019_MI,ATCNet,2,29,0.79,0.825,FM-Full_A-None_AdaBN-F,50,50,50
Lee2019_MI,ATCNet,2,30,0.545,0.57,FM-Full_A-None_AdaBN-F,50,50,50
Lee2019_MI,ATCNet,2,32,0.85,0.925,FM-Full_A-None_AdaBN-F,50,50,50
Lee2019_MI,ATCNet,2,36,0.93,0.94,FM-Full_A-None_AdaBN-F,50,50,50
Lee2019_MI,ATCNet,2,39,0.69,0.715,FM-Full_A-None_AdaBN-F,50,50,50
Lee2019_MI,ATCNet,2,40,0.59,0.59,FM-Full_A-None_AdaBN-F,50,50,50
Lee2019_MI,ATCNet,2,41,0.575,0.575,FM-Full_A-None_AdaBN-F,50,50,50
Lee2019_MI,ATCNet,2,42,0.635,0.66,FM-Full_A-None_AdaBN-F,50,50,50
Lee2019_MI,ATCNet,2,43,0.685,0.67,FM-Full_A-None_AdaBN-F,50,50,50
Lee2019_MI,ATCNet,2,44,0.73,0.8,FM-Full_A-None_AdaBN-F,50,50,50
Lee2019_MI,ATCNet,2,47,0.61,0.62,FM-Full_A-None_AdaBN-F,50,50,50
Lee2019_MI,ATCNet,2,48,0.62,0.615,FM-Full_A-None_AdaBN-F,50,50,50
Lee2019_MI,ATCNet,2,52,0.575,0.685,FM-Full_A-None_AdaBN-F,50,50,50
Lee2019_MI,ATCNet,2,54,0.585,0.655,FM-Full_A-None_AdaBN-F,50,50,50
Lee2019_MI,ShallowConvNet,1,4,0.515,0.645,FM-Full_A-None_AdaBN-F,50,50,50
Lee2019_MI,ShallowConvNet,1,5,0.67,0.7,FM-Full_A-None_AdaBN-F,50,50,50
Lee2019_MI,ShallowConvNet,1,6,0.65,0.665,FM-Full_A-None_AdaBN-F,50,50,50
Lee2019_MI,ShallowConvNet,1,7,0.525,0.655,FM-Full_A-None_AdaBN-F,50,50,50
Lee2019_MI,ShallowConvNet,1,9,,,FM-Full_A-None_AdaBN-F,50,50,50
Lee2019_MI,ShallowConvNet,1,10,0.545,0.585,FM-Full_A-None_AdaBN-F,50,50,50
Lee2019_MI,ShallowConvNet,1,13,0.575,0.55,FM-Full_A-None_AdaBN-F,50,50,50
Lee2019_MI,ShallowConvNet,1,14,0.595,0.585,FM-Full_A-None_AdaBN-F,50,50,50
Lee2019_MI,ShallowConvNet,1,16,0.65,0.74,FM-Full_A-None_AdaBN-F,50,50,50
Lee2019_MI,ShallowConvNet,1,17,0.52,0.525,FM-Full_A-None_AdaBN-F,50,50,50
Lee2019_MI,ShallowConvNet,1,18,0.585,0.755,FM-Full_A-None_AdaBN-F,50,50,50
Lee2019_MI,ShallowConvNet,1,20,0.61,0.69,FM-Full_A-None_AdaBN-F,50,50,50
Lee2019_MI,ShallowConvNet,1,25,0.72,0.805,FM-Full_A-None_AdaBN-F,50,50,50
Lee2019_MI,ShallowConvNet,1,26,0.635,0.685,FM-Full_A-None_AdaBN-F,50,50,50
Lee2019_MI,ShallowConvNet,1,27,0.595,0.66,FM-Full_A-None_AdaBN-F,50,50,50
Lee2019_MI,ShallowConvNet,1,31,0.58,0.72,FM-Full_A-None_AdaBN-F,50,50,50
Lee2019_MI,ShallowConvNet,1,33,0.73,0.82,FM-Full_A-None_AdaBN-F,50,50,50
Lee2019_MI,ShallowConvNet,1,34,0.53,0.56,FM-Full_A-None_AdaBN-F,50,50,50
Lee2019_MI,ShallowConvNet,1,35,0.645,0.84,FM-Full_A-None_AdaBN-F,50,50,50
Lee2019_MI,ShallowConvNet,1,37,0.745,0.88,FM-Full_A-None_AdaBN-F,50,50,50
Lee2019_MI,ShallowConvNet,1,38,0.515,0.54,FM-Full_A-None_AdaBN-F,50,50,50
Lee2019_MI,ShallowConvNet,1,45,0.595,0.71,FM-Full_A-None_AdaBN-F,50,50,50
Lee2019_MI,ShallowConvNet,1,46,0.61,0.565,FM-Full_A-None_AdaBN-F,50,50,50
Lee2019_MI,ShallowConvNet,1,49,0.565,0.675,FM-Full_A-None_AdaBN-F,50,50,50
Lee2019_MI,ShallowConvNet,1,50,0.495,0.555,FM-Full_A-None_AdaBN-F,50,50,50
Lee2019_MI,ShallowConvNet,1,51,0.555,0.575,FM-Full_A-None_AdaBN-F,50,50,50
Lee2019_MI,ShallowConvNet,1,53,0.595,0.58,FM-Full_A-None_AdaBN-F,50,50,50
Lee2019_MI,ShallowConvNet,2,1,0.575,0.61,FM-Full_A-None_AdaBN-F,50,50,50
Lee2019_MI,ShallowConvNet,2,2,0.675,0.66,FM-Full_A-None_AdaBN-F,50,50,50
Lee2019_MI,ShallowConvNet,2,3,0.575,0.66,FM-Full_A-None_AdaBN-F,50,50,50
Lee2019_MI,ShallowConvNet,2,8,0.565,0.555,FM-Full_A-None_AdaBN-F,50,50,50
Lee2019_MI,ShallowConvNet,2,11,0.605,0.55,FM-Full_A-None_AdaBN-F,50,50,50
Lee2019_MI,ShallowConvNet,2,12,0.64,0.64,FM-Full_A-None_AdaBN-F,50,50,50
Lee2019_MI,ShallowConvNet,2,15,0.67,0.735,FM-Full_A-None_AdaBN-F,50,50,50
Lee2019_MI,ShallowConvNet,2,19,0.685,0.715,FM-Full_A-None_AdaBN-F,50,50,50
Lee2019_MI,ShallowConvNet,2,21,0.71,0.865,FM-Full_A-None_AdaBN-F,50,50,50
Lee2019_MI,ShallowConvNet,2,22,0.605,0.57,FM-Full_A-None_AdaBN-F,50,50,50
Lee2019_MI,ShallowConvNet,2,23,0.655,0.695,FM-Full_A-None_AdaBN-F,50,50,50
Lee2019_MI,ShallowConvNet,2,24,0.575,0.59,FM-Full_A-None_AdaBN-F,50,50,50
Lee2019_MI,ShallowConvNet,2,28,0.755,0.745,FM-Full_A-None_AdaBN-F,50,50,50
Lee2019_MI,ShallowConvNet,2,29,0.745,0.85,FM-Full_A-None_AdaBN-F,50,50,50
Lee2019_MI,ShallowConvNet,2,30,0.585,0.615,FM-Full_A-None_AdaBN-F,50,50,50
Lee2019_MI,ShallowConvNet,2,32,0.695,0.755,FM-Full_A-None_AdaBN-F,50,50,50
Lee2019_MI,ShallowConvNet,2,36,0.865,0.92,FM-Full_A-None_AdaBN-F,50,50,50
Lee2019_MI,ShallowConvNet,2,39,0.655,0.675,FM-Full_A-None_AdaBN-F,50,50,50
Lee2019_MI,ShallowConvNet,2,40,0.585,0.67,FM-Full_A-None_AdaBN-F,50,50,50
Lee2019_MI,ShallowConvNet,2,41,0.61,0.58,FM-Full_A-None_AdaBN-F,50,50,50
Lee2019_MI,ShallowConvNet,2,42,0.58,0.57,FM-Full_A-None_AdaBN-F,50,50,50
Lee2019_MI,ShallowConvNet,2,43,0.61,0.655,FM-Full_A-None_AdaBN-F,50,50,50
Lee2019_MI,ShallowConvNet,2,44,0.645,0.68,FM-Full_A-None_AdaBN-F,50,50,50
Lee2019_MI,ShallowConvNet,2,47,0.73,0.79,FM-Full_A-None_AdaBN-F,50,50,50
Lee2019_MI,ShallowConvNet,2,48,0.595,0.605,FM-Full_A-None_AdaBN-F,50,50,50
Lee2019_MI,ShallowConvNet,2,52,0.6,0.56,FM-Full_A-None_AdaBN-F,50,50,50
Lee2019_MI,ShallowConvNet,2,54,0.57,0.585,FM-Full_A-None_AdaBN-F,50,50,50
Lee2019_MI,EEGNetv4,1,4,0.65,0.625,FM-Full_A-None_AdaBN-F,50,50,50
Lee2019_MI,EEGNetv4,1,5,0.64,0.67,FM-Full_A-None_AdaBN-F,50,50,50
Lee2019_MI,EEGNetv4,1,6,0.785,0.795,FM-Full_A-None_AdaBN-F,50,50,50
Lee2019_MI,EEGNetv4,1,7,0.6,0.63,FM-Full_A-None_AdaBN-F,50,50,50
Lee2019_MI,EEGNetv4,1,9,0.645,0.635,FM-Full_A-None_AdaBN-F,50,50,50
Lee2019_MI,EEGNetv4,1,10,0.595,0.57,FM-Full_A-None_AdaBN-F,50,50,50
Lee2019_MI,EEGNetv4,1,13,0.66,0.58,FM-Full_A-None_AdaBN-F,50,50,50
Lee2019_MI,EEGNetv4,1,14,0.515,0.555,FM-Full_A-None_AdaBN-F,50,50,50
Lee2019_MI,EEGNetv4,1,16,0.64,0.68,FM-Full_A-None_AdaBN-F,50,50,50
Lee2019_MI,EEGNetv4,1,17,0.585,0.555,FM-Full_A-None_AdaBN-F,50,50,50
Lee2019_MI,EEGNetv4,1,18,0.74,0.815,FM-Full_A-None_AdaBN-F,50,50,50
Lee2019_MI,EEGNetv4,1,20,0.725,0.695,FM-Full_A-None_AdaBN-F,50,50,50
Lee2019_MI,EEGNetv4,1,25,0.775,0.85,FM-Full_A-None_AdaBN-F,50,50,50
Lee2019_MI,EEGNetv4,1,26,0.685,0.765,FM-Full_A-None_AdaBN-F,50,50,50
Lee2019_MI,EEGNetv4,1,27,0.785,0.815,FM-Full_A-None_AdaBN-F,50,50,50
Lee2019_MI,EEGNetv4,1,31,0.755,0.75,FM-Full_A-None_AdaBN-F,50,50,50
Lee2019_MI,EEGNetv4,1,33,0.735,0.755,FM-Full_A-None_AdaBN-F,50,50,50
Lee2019_MI,EEGNetv4,1,34,0.635,0.64,FM-Full_A-None_AdaBN-F,50,50,50
Lee2019_MI,EEGNetv4,1,35,0.78,0.935,FM-Full_A-None_AdaBN-F,50,50,50
Lee2019_MI,EEGNetv4,1,37,0.695,0.7,FM-Full_A-None_AdaBN-F,50,50,50
Lee2019_MI,EEGNetv4,1,38,0.595,0.63,FM-Full_A-None_AdaBN-F,50,50,50
Lee2019_MI,EEGNetv4,1,45,0.67,0.705,FM-Full_A-None_AdaBN-F,50,50,50
Lee2019_MI,EEGNetv4,1,46,0.48,0.52,FM-Full_A-None_AdaBN-F,50,50,50
Lee2019_MI,EEGNetv4,1,49,0.655,0.725,FM-Full_A-None_AdaBN-F,50,50,50
Lee2019_MI,EEGNetv4,1,50,0.525,0.525,FM-Full_A-None_AdaBN-F,50,50,50
Lee2019_MI,EEGNetv4,1,51,0.645,0.67,FM-Full_A-None_AdaBN-F,50,50,50
Lee2019_MI,EEGNetv4,1,53,0.66,0.69,FM-Full_A-None_AdaBN-F,50,50,50
Lee2019_MI,EEGNetv4,2,1,0.57,0.58,FM-Full_A-None_AdaBN-F,50,50,50
Lee2019_MI,EEGNetv4,2,2,0.645,0.635,FM-Full_A-None_AdaBN-F,50,50,50
Lee2019_MI,EEGNetv4,2,3,0.77,0.775,FM-Full_A-None_AdaBN-F,50,50,50
Lee2019_MI,EEGNetv4,2,8,0.645,0.69,FM-Full_A-None_AdaBN-F,50,50,50
Lee2019_MI,EEGNetv4,2,11,0.555,0.64,FM-Full_A-None_AdaBN-F,50,50,50
Lee2019_MI,EEGNetv4,2,12,0.59,0.635,FM-Full_A-None_AdaBN-F,50,50,50
Lee2019_MI,EEGNetv4,2,15,0.66,0.77,FM-Full_A-None_AdaBN-F,50,50,50
Lee2019_MI,EEGNetv4,2,19,0.655,0.67,FM-Full_A-None_AdaBN-F,50,50,50
Lee2019_MI,EEGNetv4,2,21,0.775,0.785,FM-Full_A-None_AdaBN-F,50,50,50
Lee2019_MI,EEGNetv4,2,22,0.54,0.55,FM-Full_A-None_AdaBN-F,50,50,50
Lee2019_MI,EEGNetv4,2,23,0.585,0.605,FM-Full_A-None_AdaBN-F,50,50,50
Lee2019_MI,EEGNetv4,2,24,0.665,0.7,FM-Full_A-None_AdaBN-F,50,50,50
Lee2019_MI,EEGNetv4,2,28,0.735,0.78,FM-Full_A-None_AdaBN-F,50,50,50
Lee2019_MI,EEGNetv4,2,29,0.605,0.77,FM-Full_A-None_AdaBN-F,50,50,50
Lee2019_MI,EEGNetv4,2,30,0.64,0.66,FM-Full_A-None_AdaBN-F,50,50,50
Lee2019_MI,EEGNetv4,2,32,0.635,0.715,FM-Full_A-None_AdaBN-F,50,50,50
Lee2019_MI,EEGNetv4,2,36,0.78,0.805,FM-Full_A-None_AdaBN-F,50,50,50
Lee2019_MI,EEGNetv4,2,39,0.645,0.605,FM-Full_A-None_AdaBN-F,50,50,50
Lee2019_MI,EEGNetv4,2,40,0.675,0.735,FM-Full_A-None_AdaBN-F,50,50,50
Lee2019_MI,EEGNetv4,2,41,0.625,0.675,FM-Full_A-None_AdaBN-F,50,50,50
Lee2019_MI,EEGNetv4,2,42,0.63,0.58,FM-Full_A-None_AdaBN-F,50,50,50
Lee2019_MI,EEGNetv4,2,43,0.675,0.7,FM-Full_A-None_AdaBN-F,50,50,50
Lee2019_MI,EEGNetv4,2,44,0.62,0.625,FM-Full_A-None_AdaBN-F,50,50,50
Lee2019_MI,EEGNetv4,2,47,0.72,0.715,FM-Full_A-None_AdaBN-F,50,50,50
Lee2019_MI,EEGNetv4,2,48,0.61,0.635,FM-Full_A-None_AdaBN-F,50,50,50
Lee2019_MI,EEGNetv4,2,52,0.665,0.75,FM-Full_A-None_AdaBN-F,50,50,50
Lee2019_MI,EEGNetv4,2,54,0.655,0.72,FM-Full_A-None_AdaBN-F,50,50,50
Lee2019_MI,ATCNet,1,4,0.655,0.62,FM-Full_A-None_AdaBN-F,100,100,100
Lee2019_MI,ATCNet,1,5,0.7,0.87,FM-Full_A-None_AdaBN-F,100,100,100
Lee2019_MI,ATCNet,1,6,0.58,0.7,FM-Full_A-None_AdaBN-F,100,100,100
Lee2019_MI,ATCNet,1,7,0.6,0.685,FM-Full_A-None_AdaBN-F,100,100,100
Lee2019_MI,ATCNet,1,9,0.855,0.8,FM-Full_A-None_AdaBN-F,100,100,100
Lee2019_MI,ATCNet,1,10,0.7,0.715,FM-Full_A-None_AdaBN-F,100,100,100
Lee2019_MI,ATCNet,1,13,0.57,0.6,FM-Full_A-None_AdaBN-F,100,100,100
Lee2019_MI,ATCNet,1,14,0.595,0.65,FM-Full_A-None_AdaBN-F,100,100,100
Lee2019_MI,ATCNet,1,16,0.74,0.755,FM-Full_A-None_AdaBN-F,100,100,100
Lee2019_MI,ATCNet,1,17,0.64,0.67,FM-Full_A-None_AdaBN-F,100,100,100
Lee2019_MI,ATCNet,1,18,0.79,0.85,FM-Full_A-None_AdaBN-F,100,100,100
Lee2019_MI,ATCNet,1,20,0.73,0.735,FM-Full_A-None_AdaBN-F,100,100,100
Lee2019_MI,ATCNet,1,25,0.705,0.81,FM-Full_A-None_AdaBN-F,100,100,100
Lee2019_MI,ATCNet,1,26,0.75,0.74,FM-Full_A-None_AdaBN-F,100,100,100
Lee2019_MI,ATCNet,1,27,0.715,0.72,FM-Full_A-None_AdaBN-F,100,100,100
Lee2019_MI,ATCNet,1,31,0.73,0.73,FM-Full_A-None_AdaBN-F,100,100,100
Lee2019_MI,ATCNet,1,33,0.97,0.97,FM-Full_A-None_AdaBN-F,100,100,100
Lee2019_MI,ATCNet,1,34,0.555,0.57,FM-Full_A-None_AdaBN-F,100,100,100
Lee2019_MI,ATCNet,1,35,0.85,0.91,FM-Full_A-None_AdaBN-F,100,100,100
Lee2019_MI,ATCNet,1,37,0.885,0.94,FM-Full_A-None_AdaBN-F,100,100,100
Lee2019_MI,ATCNet,1,38,0.585,0.565,FM-Full_A-None_AdaBN-F,100,100,100
Lee2019_MI,ATCNet,1,45,0.795,0.82,FM-Full_A-None_AdaBN-F,100,100,100
Lee2019_MI,ATCNet,1,46,0.655,0.68,FM-Full_A-None_AdaBN-F,100,100,100
Lee2019_MI,ATCNet,1,49,0.605,0.7,FM-Full_A-None_AdaBN-F,100,100,100
Lee2019_MI,ATCNet,1,50,0.51,0.525,FM-Full_A-None_AdaBN-F,100,100,100
Lee2019_MI,ATCNet,1,51,0.605,0.54,FM-Full_A-None_AdaBN-F,100,100,100
Lee2019_MI,ATCNet,1,53,0.57,0.61,FM-Full_A-None_AdaBN-F,100,100,100
Lee2019_MI,ATCNet,2,1,0.725,0.795,FM-Full_A-None_AdaBN-F,100,100,100
Lee2019_MI,ATCNet,2,2,0.585,0.635,FM-Full_A-None_AdaBN-F,100,100,100
Lee2019_MI,ATCNet,2,3,0.85,0.885,FM-Full_A-None_AdaBN-F,100,100,100
Lee2019_MI,ATCNet,2,8,0.745,0.75,FM-Full_A-None_AdaBN-F,100,100,100
Lee2019_MI,ATCNet,2,11,0.55,0.5,FM-Full_A-None_AdaBN-F,100,100,100
Lee2019_MI,ATCNet,2,12,0.65,0.755,FM-Full_A-None_AdaBN-F,100,100,100
Lee2019_MI,ATCNet,2,15,0.69,0.72,FM-Full_A-None_AdaBN-F,100,100,100
Lee2019_MI,ATCNet,2,19,0.74,0.77,FM-Full_A-None_AdaBN-F,100,100,100
Lee2019_MI,ATCNet,2,21,0.875,0.925,FM-Full_A-None_AdaBN-F,100,100,100
Lee2019_MI,ATCNet,2,22,0.7,0.7,FM-Full_A-None_AdaBN-F,100,100,100
Lee2019_MI,ATCNet,2,23,0.775,0.81,FM-Full_A-None_AdaBN-F,100,100,100
Lee2019_MI,ATCNet,2,24,0.595,0.64,FM-Full_A-None_AdaBN-F,100,100,100
Lee2019_MI,ATCNet,2,28,0.935,0.93,FM-Full_A-None_AdaBN-F,100,100,100
Lee2019_MI,ATCNet,2,29,0.77,0.895,FM-Full_A-None_AdaBN-F,100,100,100
Lee2019_MI,ATCNet,2,30,0.715,0.685,FM-Full_A-None_AdaBN-F,100,100,100
Lee2019_MI,ATCNet,2,32,0.915,0.9,FM-Full_A-None_AdaBN-F,100,100,100
Lee2019_MI,ATCNet,2,36,0.985,0.99,FM-Full_A-None_AdaBN-F,100,100,100
Lee2019_MI,ATCNet,2,39,0.79,0.8,FM-Full_A-None_AdaBN-F,100,100,100
Lee2019_MI,ATCNet,2,40,0.635,0.685,FM-Full_A-None_AdaBN-F,100,100,100
Lee2019_MI,ATCNet,2,41,0.535,0.615,FM-Full_A-None_AdaBN-F,100,100,100
Lee2019_MI,ATCNet,2,42,0.68,0.72,FM-Full_A-None_AdaBN-F,100,100,100
Lee2019_MI,ATCNet,2,43,0.64,0.765,FM-Full_A-None_AdaBN-F,100,100,100
Lee2019_MI,ATCNet,2,44,0.84,0.865,FM-Full_A-None_AdaBN-F,100,100,100
Lee2019_MI,ATCNet,2,47,0.805,0.68,FM-Full_A-None_AdaBN-F,100,100,100
Lee2019_MI,ATCNet,2,48,0.625,0.655,FM-Full_A-None_AdaBN-F,100,100,100
Lee2019_MI,ATCNet,2,52,0.695,0.72,FM-Full_A-None_AdaBN-F,100,100,100
Lee2019_MI,ATCNet,2,54,0.58,0.595,FM-Full_A-None_AdaBN-F,100,100,100
Lee2019_MI,DeepConvNet,1,4,0.67,0.71,FM-Full_A-None_AdaBN-F,100,100,100
Lee2019_MI,DeepConvNet,1,5,0.625,0.785,FM-Full_A-None_AdaBN-F,100,100,100
Lee2019_MI,DeepConvNet,1,6,0.9,0.9,FM-Full_A-None_AdaBN-F,100,100,100
Lee2019_MI,DeepConvNet,1,7,0.685,0.72,FM-Full_A-None_AdaBN-F,100,100,100
Lee2019_MI,DeepConvNet,1,9,0.825,0.755,FM-Full_A-None_AdaBN-F,100,100,100
Lee2019_MI,DeepConvNet,1,10,0.695,0.715,FM-Full_A-None_AdaBN-F,100,100,100
Lee2019_MI,DeepConvNet,1,13,0.66,0.665,FM-Full_A-None_AdaBN-F,100,100,100
Lee2019_MI,DeepConvNet,1,14,0.65,0.62,FM-Full_A-None_AdaBN-F,100,100,100
Lee2019_MI,DeepConvNet,1,16,0.79,0.82,FM-Full_A-None_AdaBN-F,100,100,100
Lee2019_MI,DeepConvNet,1,17,0.625,0.615,FM-Full_A-None_AdaBN-F,100,100,100
Lee2019_MI,DeepConvNet,1,18,0.825,0.895,FM-Full_A-None_AdaBN-F,100,100,100
Lee2019_MI,DeepConvNet,1,20,0.835,0.845,FM-Full_A-None_AdaBN-F,100,100,100
Lee2019_MI,DeepConvNet,1,25,0.875,0.88,FM-Full_A-None_AdaBN-F,100,100,100
Lee2019_MI,DeepConvNet,1,26,0.815,0.84,FM-Full_A-None_AdaBN-F,100,100,100
Lee2019_MI,DeepConvNet,1,27,0.905,0.895,FM-Full_A-None_AdaBN-F,100,100,100
Lee2019_MI,DeepConvNet,1,31,0.78,0.785,FM-Full_A-None_AdaBN-F,100,100,100
Lee2019_MI,DeepConvNet,1,33,0.86,0.915,FM-Full_A-None_AdaBN-F,100,100,100
Lee2019_MI,DeepConvNet,1,34,0.66,0.65,FM-Full_A-None_AdaBN-F,100,100,100
Lee2019_MI,DeepConvNet,1,35,0.705,0.935,FM-Full_A-None_AdaBN-F,100,100,100
Lee2019_MI,DeepConvNet,1,37,0.835,0.885,FM-Full_A-None_AdaBN-F,100,100,100
Lee2019_MI,DeepConvNet,1,38,0.585,0.66,FM-Full_A-None_AdaBN-F,100,100,100
Lee2019_MI,DeepConvNet,1,45,0.88,0.825,FM-Full_A-None_AdaBN-F,100,100,100
Lee2019_MI,DeepConvNet,1,46,0.665,0.585,FM-Full_A-None_AdaBN-F,100,100,100
Lee2019_MI,DeepConvNet,1,49,0.745,0.815,FM-Full_A-None_AdaBN-F,100,100,100
Lee2019_MI,DeepConvNet,1,50,0.565,0.685,FM-Full_A-None_AdaBN-F,100,100,100
Lee2019_MI,DeepConvNet,1,51,0.73,0.77,FM-Full_A-None_AdaBN-F,100,100,100
Lee2019_MI,DeepConvNet,1,53,0.765,0.715,FM-Full_A-None_AdaBN-F,100,100,100
Lee2019_MI,DeepConvNet,2,1,0.685,0.615,FM-Full_A-None_AdaBN-F,100,100,100
Lee2019_MI,DeepConvNet,2,2,0.725,0.73,FM-Full_A-None_AdaBN-F,100,100,100
Lee2019_MI,DeepConvNet,2,3,0.825,0.835,FM-Full_A-None_AdaBN-F,100,100,100
Lee2019_MI,DeepConvNet,2,8,0.76,0.795,FM-Full_A-None_AdaBN-F,100,100,100
Lee2019_MI,DeepConvNet,2,11,0.665,0.695,FM-Full_A-None_AdaBN-F,100,100,100
Lee2019_MI,DeepConvNet,2,12,0.81,0.81,FM-Full_A-None_AdaBN-F,100,100,100
Lee2019_MI,DeepConvNet,2,15,0.795,0.86,FM-Full_A-None_AdaBN-F,100,100,100
Lee2019_MI,DeepConvNet,2,19,0.77,0.81,FM-Full_A-None_AdaBN-F,100,100,100
Lee2019_MI,DeepConvNet,2,21,0.91,0.935,FM-Full_A-None_AdaBN-F,100,100,100
Lee2019_MI,DeepConvNet,2,22,0.705,0.65,FM-Full_A-None_AdaBN-F,100,100,100
Lee2019_MI,DeepConvNet,2,23,0.69,0.66,FM-Full_A-None_AdaBN-F,100,100,100
Lee2019_MI,DeepConvNet,2,24,0.685,0.74,FM-Full_A-None_AdaBN-F,100,100,100
Lee2019_MI,DeepConvNet,2,28,0.83,0.855,FM-Full_A-None_AdaBN-F,100,100,100
Lee2019_MI,DeepConvNet,2,29,0.71,0.82,FM-Full_A-None_AdaBN-F,100,100,100
Lee2019_MI,DeepConvNet,2,30,0.705,0.725,FM-Full_A-None_AdaBN-F,100,100,100
Lee2019_MI,DeepConvNet,2,32,0.825,0.875,FM-Full_A-None_AdaBN-F,100,100,100
Lee2019_MI,DeepConvNet,2,36,0.87,0.925,FM-Full_A-None_AdaBN-F,100,100,100
Lee2019_MI,DeepConvNet,2,39,0.695,0.705,FM-Full_A-None_AdaBN-F,100,100,100
Lee2019_MI,DeepConvNet,2,40,0.795,0.87,FM-Full_A-None_AdaBN-F,100,100,100
Lee2019_MI,DeepConvNet,2,41,0.705,0.735,FM-Full_A-None_AdaBN-F,100,100,100
Lee2019_MI,DeepConvNet,2,42,0.69,0.665,FM-Full_A-None_AdaBN-F,100,100,100
Lee2019_MI,DeepConvNet,2,43,0.85,0.835,FM-Full_A-None_AdaBN-F,100,100,100
Lee2019_MI,DeepConvNet,2,44,0.705,0.685,FM-Full_A-None_AdaBN-F,100,100,100
Lee2019_MI,DeepConvNet,2,47,0.76,0.795,FM-Full_A-None_AdaBN-F,100,100,100
Lee2019_MI,DeepConvNet,2,48,0.67,0.685,FM-Full_A-None_AdaBN-F,100,100,100
Lee2019_MI,DeepConvNet,2,52,0.72,0.78,FM-Full_A-None_AdaBN-F,100,100,100
Lee2019_MI,DeepConvNet,2,54,0.695,0.68,FM-Full_A-None_AdaBN-F,100,100,100
Lee2019_MI,EEGNetv4,1,4,0.595,0.635,FM-Full_A-None_AdaBN-F,100,100,100
Lee2019_MI,EEGNetv4,1,5,0.635,0.705,FM-Full_A-None_AdaBN-F,100,100,100
Lee2019_MI,EEGNetv4,1,6,0.785,0.85,FM-Full_A-None_AdaBN-F,100,100,100
Lee2019_MI,EEGNetv4,1,7,0.61,0.63,FM-Full_A-None_AdaBN-F,100,100,100
Lee2019_MI,EEGNetv4,1,9,0.685,0.74,FM-Full_A-None_AdaBN-F,100,100,100
Lee2019_MI,EEGNetv4,1,10,0.72,0.695,FM-Full_A-None_AdaBN-F,100,100,100
Lee2019_MI,EEGNetv4,1,13,0.725,0.715,FM-Full_A-None_AdaBN-F,100,100,100
Lee2019_MI,EEGNetv4,1,14,0.575,0.585,FM-Full_A-None_AdaBN-F,100,100,100
Lee2019_MI,EEGNetv4,1,16,0.735,0.775,FM-Full_A-None_AdaBN-F,100,100,100
Lee2019_MI,EEGNetv4,1,17,0.64,0.575,FM-Full_A-None_AdaBN-F,100,100,100
Lee2019_MI,EEGNetv4,1,18,0.775,0.83,FM-Full_A-None_AdaBN-F,100,100,100
Lee2019_MI,EEGNetv4,1,20,0.75,0.78,FM-Full_A-None_AdaBN-F,100,100,100
Lee2019_MI,EEGNetv4,1,25,0.885,0.86,FM-Full_A-None_AdaBN-F,100,100,100
Lee2019_MI,EEGNetv4,1,26,0.75,0.755,FM-Full_A-None_AdaBN-F,100,100,100
Lee2019_MI,EEGNetv4,1,27,0.83,0.83,FM-Full_A-None_AdaBN-F,100,100,100
Lee2019_MI,EEGNetv4,1,31,0.795,0.82,FM-Full_A-None_AdaBN-F,100,100,100
Lee2019_MI,EEGNetv4,1,33,0.8,0.805,FM-Full_A-None_AdaBN-F,100,100,100
Lee2019_MI,EEGNetv4,1,34,0.655,0.64,FM-Full_A-None_AdaBN-F,100,100,100
Lee2019_MI,EEGNetv4,1,35,0.83,0.925,FM-Full_A-None_AdaBN-F,100,100,100
Lee2019_MI,EEGNetv4,1,37,0.81,0.825,FM-Full_A-None_AdaBN-F,100,100,100
Lee2019_MI,EEGNetv4,1,38,0.615,0.73,FM-Full_A-None_AdaBN-F,100,100,100
Lee2019_MI,EEGNetv4,1,45,0.76,0.79,FM-Full_A-None_AdaBN-F,100,100,100
Lee2019_MI,EEGNetv4,1,46,0.545,0.515,FM-Full_A-None_AdaBN-F,100,100,100
Lee2019_MI,EEGNetv4,1,49,0.735,0.81,FM-Full_A-None_AdaBN-F,100,100,100
Lee2019_MI,EEGNetv4,1,50,0.51,0.57,FM-Full_A-None_AdaBN-F,100,100,100
Lee2019_MI,EEGNetv4,1,51,0.715,0.72,FM-Full_A-None_AdaBN-F,100,100,100
Lee2019_MI,EEGNetv4,1,53,0.775,0.72,FM-Full_A-None_AdaBN-F,100,100,100
Lee2019_MI,EEGNetv4,2,1,0.62,0.645,FM-Full_A-None_AdaBN-F,100,100,100
Lee2019_MI,EEGNetv4,2,2,0.695,0.715,FM-Full_A-None_AdaBN-F,100,100,100
Lee2019_MI,EEGNetv4,2,3,0.79,0.81,FM-Full_A-None_AdaBN-F,100,100,100
Lee2019_MI,EEGNetv4,2,8,,,FM-Full_A-None_AdaBN-F,100,100,100
Lee2019_MI,EEGNetv4,2,11,0.635,0.66,FM-Full_A-None_AdaBN-F,100,100,100
Lee2019_MI,EEGNetv4,2,12,0.73,0.715,FM-Full_A-None_AdaBN-F,100,100,100
Lee2019_MI,EEGNetv4,2,15,0.745,0.805,FM-Full_A-None_AdaBN-F,100,100,100
Lee2019_MI,EEGNetv4,2,19,0.705,0.735,FM-Full_A-None_AdaBN-F,100,100,100
Lee2019_MI,EEGNetv4,2,21,0.9,0.89,FM-Full_A-None_AdaBN-F,100,100,100
Lee2019_MI,EEGNetv4,2,22,0.55,0.56,FM-Full_A-None_AdaBN-F,100,100,100
Lee2019_MI,EEGNetv4,2,23,0.605,0.625,FM-Full_A-None_AdaBN-F,100,100,100
Lee2019_MI,EEGNetv4,2,24,0.69,0.785,FM-Full_A-None_AdaBN-F,100,100,100
Lee2019_MI,EEGNetv4,2,28,0.775,0.83,FM-Full_A-None_AdaBN-F,100,100,100
Lee2019_MI,EEGNetv4,2,29,0.73,0.775,FM-Full_A-None_AdaBN-F,100,100,100
Lee2019_MI,EEGNetv4,2,30,0.67,0.69,FM-Full_A-None_AdaBN-F,100,100,100
Lee2019_MI,EEGNetv4,2,32,0.745,0.805,FM-Full_A-None_AdaBN-F,100,100,100
Lee2019_MI,EEGNetv4,2,36,0.845,0.905,FM-Full_A-None_AdaBN-F,100,100,100
Lee2019_MI,EEGNetv4,2,39,0.655,0.695,FM-Full_A-None_AdaBN-F,100,100,100
Lee2019_MI,EEGNetv4,2,40,0.72,0.795,FM-Full_A-None_AdaBN-F,100,100,100
Lee2019_MI,EEGNetv4,2,41,0.62,0.66,FM-Full_A-None_AdaBN-F,100,100,100
Lee2019_MI,EEGNetv4,2,42,0.69,0.665,FM-Full_A-None_AdaBN-F,100,100,100
Lee2019_MI,EEGNetv4,2,43,0.74,0.795,FM-Full_A-None_AdaBN-F,100,100,100
Lee2019_MI,EEGNetv4,2,44,0.61,0.735,FM-Full_A-None_AdaBN-F,100,100,100
Lee2019_MI,EEGNetv4,2,47,0.745,0.77,FM-Full_A-None_AdaBN-F,100,100,100
Lee2019_MI,EEGNetv4,2,48,0.605,0.665,FM-Full_A-None_AdaBN-F,100,100,100
Lee2019_MI,EEGNetv4,2,52,0.765,0.815,FM-Full_A-None_AdaBN-F,100,100,100
Lee2019_MI,EEGNetv4,2,54,0.72,0.7,FM-Full_A-None_AdaBN-F,100,100,100
Lee2019_MI,ShallowConvNet,1,4,0.6,0.65,FM-Full_A-None_AdaBN-F,100,100,100
Lee2019_MI,ShallowConvNet,1,5,,,FM-Full_A-None_AdaBN-F,100,100,100
Lee2019_MI,ShallowConvNet,1,6,0.73,0.815,FM-Full_A-None_AdaBN-F,100,100,100
Lee2019_MI,ShallowConvNet,1,7,0.6,0.695,FM-Full_A-None_AdaBN-F,100,100,100
Lee2019_MI,ShallowConvNet,1,9,0.715,0.7,FM-Full_A-None_AdaBN-F,100,100,100
Lee2019_MI,ShallowConvNet,1,10,0.595,0.65,FM-Full_A-None_AdaBN-F,100,100,100
Lee2019_MI,ShallowConvNet,1,13,0.66,0.705,FM-Full_A-None_AdaBN-F,100,100,100
Lee2019_MI,ShallowConvNet,1,14,0.625,0.63,FM-Full_A-None_AdaBN-F,100,100,100
Lee2019_MI,ShallowConvNet,1,16,0.775,0.805,FM-Full_A-None_AdaBN-F,100,100,100
Lee2019_MI,ShallowConvNet,1,17,0.575,0.545,FM-Full_A-None_AdaBN-F,100,100,100
Lee2019_MI,ShallowConvNet,1,18,0.73,0.795,FM-Full_A-None_AdaBN-F,100,100,100
Lee2019_MI,ShallowConvNet,1,20,0.735,0.695,FM-Full_A-None_AdaBN-F,100,100,100
Lee2019_MI,ShallowConvNet,1,25,0.815,0.845,FM-Full_A-None_AdaBN-F,100,100,100
Lee2019_MI,ShallowConvNet,1,26,0.77,0.775,FM-Full_A-None_AdaBN-F,100,100,100
Lee2019_MI,ShallowConvNet,1,27,0.735,0.74,FM-Full_A-None_AdaBN-F,100,100,100
Lee2019_MI,ShallowConvNet,1,31,0.745,0.745,FM-Full_A-None_AdaBN-F,100,100,100
Lee2019_MI,ShallowConvNet,1,33,0.865,0.9,FM-Full_A-None_AdaBN-F,100,100,100
Lee2019_MI,ShallowConvNet,1,34,0.595,0.58,FM-Full_A-None_AdaBN-F,100,100,100
Lee2019_MI,ShallowConvNet,1,35,0.7,0.88,FM-Full_A-None_AdaBN-F,100,100,100
Lee2019_MI,ShallowConvNet,1,37,0.895,0.935,FM-Full_A-None_AdaBN-F,100,100,100
Lee2019_MI,ShallowConvNet,1,38,0.57,0.615,FM-Full_A-None_AdaBN-F,100,100,100
Lee2019_MI,ShallowConvNet,1,45,0.81,0.785,FM-Full_A-None_AdaBN-F,100,100,100
Lee2019_MI,ShallowConvNet,1,46,0.625,0.61,FM-Full_A-None_AdaBN-F,100,100,100
Lee2019_MI,ShallowConvNet,1,49,0.675,0.77,FM-Full_A-None_AdaBN-F,100,100,100
Lee2019_MI,ShallowConvNet,1,50,0.53,0.545,FM-Full_A-None_AdaBN-F,100,100,100
Lee2019_MI,ShallowConvNet,1,51,0.595,0.62,FM-Full_A-None_AdaBN-F,100,100,100
Lee2019_MI,ShallowConvNet,1,53,0.7,0.665,FM-Full_A-None_AdaBN-F,100,100,100
Lee2019_MI,ShallowConvNet,2,1,0.615,0.645,FM-Full_A-None_AdaBN-F,100,100,100
Lee2019_MI,ShallowConvNet,2,2,0.71,0.715,FM-Full_A-None_AdaBN-F,100,100,100
Lee2019_MI,ShallowConvNet,2,3,0.655,0.765,FM-Full_A-None_AdaBN-F,100,100,100
Lee2019_MI,ShallowConvNet,2,8,0.66,0.665,FM-Full_A-None_AdaBN-F,100,100,100
Lee2019_MI,ShallowConvNet,2,11,0.585,0.575,FM-Full_A-None_AdaBN-F,100,100,100
Lee2019_MI,ShallowConvNet,2,12,0.725,0.675,FM-Full_A-None_AdaBN-F,100,100,100
Lee2019_MI,ShallowConvNet,2,15,0.66,0.765,FM-Full_A-None_AdaBN-F,100,100,100
Lee2019_MI,ShallowConvNet,2,19,0.73,0.77,FM-Full_A-None_AdaBN-F,100,100,100
Lee2019_MI,ShallowConvNet,2,21,0.865,0.945,FM-Full_A-None_AdaBN-F,100,100,100
Lee2019_MI,ShallowConvNet,2,22,0.695,0.67,FM-Full_A-None_AdaBN-F,100,100,100
Lee2019_MI,ShallowConvNet,2,23,0.675,0.71,FM-Full_A-None_AdaBN-F,100,100,100
Lee2019_MI,ShallowConvNet,2,24,0.53,0.55,FM-Full_A-None_AdaBN-F,100,100,100
Lee2019_MI,ShallowConvNet,2,28,0.73,0.825,FM-Full_A-None_AdaBN-F,100,100,100
Lee2019_MI,ShallowConvNet,2,29,0.67,0.815,FM-Full_A-None_AdaBN-F,100,100,100
Lee2019_MI,ShallowConvNet,2,30,0.635,0.655,FM-Full_A-None_AdaBN-F,100,100,100
Lee2019_MI,ShallowConvNet,2,32,0.795,0.87,FM-Full_A-None_AdaBN-F,100,100,100
Lee2019_MI,ShallowConvNet,2,36,0.93,0.935,FM-Full_A-None_AdaBN-F,100,100,100
Lee2019_MI,ShallowConvNet,2,39,0.7,0.71,FM-Full_A-None_AdaBN-F,100,100,100
Lee2019_MI,ShallowConvNet,2,40,0.63,0.7,FM-Full_A-None_AdaBN-F,100,100,100
Lee2019_MI,ShallowConvNet,2,41,0.655,0.62,FM-Full_A-None_AdaBN-F,100,100,100
Lee2019_MI,ShallowConvNet,2,42,0.635,0.62,FM-Full_A-None_AdaBN-F,100,100,100
Lee2019_MI,ShallowConvNet,2,43,0.685,0.755,FM-Full_A-None_AdaBN-F,100,100,100
Lee2019_MI,ShallowConvNet,2,44,0.61,0.7,FM-Full_A-None_AdaBN-F,100,100,100
Lee2019_MI,ShallowConvNet,2,47,0.66,0.75,FM-Full_A-None_AdaBN-F,100,100,100
Lee2019_MI,ShallowConvNet,2,48,0.66,0.685,FM-Full_A-None_AdaBN-F,100,100,100
Lee2019_MI,ShallowConvNet,2,52,0.68,0.665,FM-Full_A-None_AdaBN-F,100,100,100
Lee2019_MI,ShallowConvNet,2,54,0.635,0.685,FM-Full_A-None_AdaBN-F,100,100,100
Lee2019_MI,ATCNet,1,4,0.73,0.74,FM-Full_A-None_AdaBN-F,150,150,150
Lee2019_MI,ATCNet,1,5,0.775,0.87,FM-Full_A-None_AdaBN-F,150,150,150
Lee2019_MI,ATCNet,1,6,0.745,0.805,FM-Full_A-None_AdaBN-F,150,150,150
Lee2019_MI,ATCNet,1,7,0.625,0.74,FM-Full_A-None_AdaBN-F,150,150,150
Lee2019_MI,ATCNet,1,9,0.81,0.8,FM-Full_A-None_AdaBN-F,150,150,150
Lee2019_MI,ATCNet,1,10,0.645,0.69,FM-Full_A-None_AdaBN-F,150,150,150
Lee2019_MI,ATCNet,1,13,0.655,0.625,FM-Full_A-None_AdaBN-F,150,150,150
Lee2019_MI,ATCNet,1,14,0.655,0.67,FM-Full_A-None_AdaBN-F,150,150,150
Lee2019_MI,ATCNet,1,16,0.775,0.79,FM-Full_A-None_AdaBN-F,150,150,150
Lee2019_MI,ATCNet,1,17,0.63,0.685,FM-Full_A-None_AdaBN-F,150,150,150
Lee2019_MI,ATCNet,1,18,0.82,0.88,FM-Full_A-None_AdaBN-F,150,150,150
Lee2019_MI,ATCNet,1,20,0.785,0.765,FM-Full_A-None_AdaBN-F,150,150,150
Lee2019_MI,ATCNet,1,25,0.795,0.84,FM-Full_A-None_AdaBN-F,150,150,150
Lee2019_MI,ATCNet,1,26,0.775,0.77,FM-Full_A-None_AdaBN-F,150,150,150
Lee2019_MI,ATCNet,1,27,0.675,0.7,FM-Full_A-None_AdaBN-F,150,150,150
Lee2019_MI,ATCNet,1,31,0.715,0.745,FM-Full_A-None_AdaBN-F,150,150,150
Lee2019_MI,ATCNet,1,33,0.965,0.965,FM-Full_A-None_AdaBN-F,150,150,150
Lee2019_MI,ATCNet,1,34,0.535,0.585,FM-Full_A-None_AdaBN-F,150,150,150
Lee2019_MI,ATCNet,1,35,0.74,0.93,FM-Full_A-None_AdaBN-F,150,150,150
Lee2019_MI,ATCNet,1,37,0.965,0.965,FM-Full_A-None_AdaBN-F,150,150,150
Lee2019_MI,ATCNet,1,38,0.58,0.64,FM-Full_A-None_AdaBN-F,150,150,150
Lee2019_MI,ATCNet,1,45,0.835,0.875,FM-Full_A-None_AdaBN-F,150,150,150
Lee2019_MI,ATCNet,1,46,0.705,0.675,FM-Full_A-None_AdaBN-F,150,150,150
Lee2019_MI,ATCNet,1,49,0.72,0.785,FM-Full_A-None_AdaBN-F,150,150,150
Lee2019_MI,ATCNet,1,50,0.505,0.53,FM-Full_A-None_AdaBN-F,150,150,150
Lee2019_MI,ATCNet,1,51,0.63,0.575,FM-Full_A-None_AdaBN-F,150,150,150
Lee2019_MI,ATCNet,1,53,0.605,0.66,FM-Full_A-None_AdaBN-F,150,150,150
Lee2019_MI,ATCNet,2,1,0.735,0.79,FM-Full_A-None_AdaBN-F,150,150,150
Lee2019_MI,ATCNet,2,2,0.645,0.68,FM-Full_A-None_AdaBN-F,150,150,150
Lee2019_MI,ATCNet,2,3,0.825,0.87,FM-Full_A-None_AdaBN-F,150,150,150
Lee2019_MI,ATCNet,2,8,0.755,0.76,FM-Full_A-None_AdaBN-F,150,150,150
Lee2019_MI,ATCNet,2,11,0.525,0.535,FM-Full_A-None_AdaBN-F,150,150,150
Lee2019_MI,ATCNet,2,12,0.71,0.755,FM-Full_A-None_AdaBN-F,150,150,150
Lee2019_MI,ATCNet,2,15,0.675,0.73,FM-Full_A-None_AdaBN-F,150,150,150
Lee2019_MI,ATCNet,2,19,0.745,0.765,FM-Full_A-None_AdaBN-F,150,150,150
Lee2019_MI,ATCNet,2,21,0.85,0.945,FM-Full_A-None_AdaBN-F,150,150,150
Lee2019_MI,ATCNet,2,22,0.73,0.725,FM-Full_A-None_AdaBN-F,150,150,150
Lee2019_MI,ATCNet,2,23,0.8,0.825,FM-Full_A-None_AdaBN-F,150,150,150
Lee2019_MI,ATCNet,2,24,0.595,0.63,FM-Full_A-None_AdaBN-F,150,150,150
Lee2019_MI,ATCNet,2,28,0.925,0.94,FM-Full_A-None_AdaBN-F,150,150,150
Lee2019_MI,ATCNet,2,29,0.74,0.83,FM-Full_A-None_AdaBN-F,150,150,150
Lee2019_MI,ATCNet,2,30,0.705,0.64,FM-Full_A-None_AdaBN-F,150,150,150
Lee2019_MI,ATCNet,2,32,0.93,0.945,FM-Full_A-None_AdaBN-F,150,150,150
Lee2019_MI,ATCNet,2,36,0.98,0.985,FM-Full_A-None_AdaBN-F,150,150,150
Lee2019_MI,ATCNet,2,39,0.78,0.775,FM-Full_A-None_AdaBN-F,150,150,150
Lee2019_MI,ATCNet,2,40,0.715,0.765,FM-Full_A-None_AdaBN-F,150,150,150
Lee2019_MI,ATCNet,2,41,0.625,0.615,FM-Full_A-None_AdaBN-F,150,150,150
Lee2019_MI,ATCNet,2,42,0.585,0.66,FM-Full_A-None_AdaBN-F,150,150,150
Lee2019_MI,ATCNet,2,43,0.73,0.78,FM-Full_A-None_AdaBN-F,150,150,150
Lee2019_MI,ATCNet,2,44,0.82,0.88,FM-Full_A-None_AdaBN-F,150,150,150
Lee2019_MI,ATCNet,2,47,0.84,0.795,FM-Full_A-None_AdaBN-F,150,150,150
Lee2019_MI,ATCNet,2,48,0.585,0.675,FM-Full_A-None_AdaBN-F,150,150,150
Lee2019_MI,ATCNet,2,52,0.685,0.76,FM-Full_A-None_AdaBN-F,150,150,150
Lee2019_MI,ATCNet,2,54,0.635,0.68,FM-Full_A-None_AdaBN-F,150,150,150
Lee2019_MI,ShallowConvNet,1,4,0.595,0.705,FM-Full_A-None_AdaBN-F,150,150,150
Lee2019_MI,ShallowConvNet,1,5,0.745,0.81,FM-Full_A-None_AdaBN-F,150,150,150
Lee2019_MI,ShallowConvNet,1,6,0.8,0.84,FM-Full_A-None_AdaBN-F,150,150,150
Lee2019_MI,ShallowConvNet,1,7,0.63,0.675,FM-Full_A-None_AdaBN-F,150,150,150
Lee2019_MI,ShallowConvNet,1,9,0.73,0.705,FM-Full_A-None_AdaBN-F,150,150,150
Lee2019_MI,ShallowConvNet,1,10,0.62,0.68,FM-Full_A-None_AdaBN-F,150,150,150
Lee2019_MI,ShallowConvNet,1,13,0.66,0.705,FM-Full_A-None_AdaBN-F,150,150,150
Lee2019_MI,ShallowConvNet,1,14,0.605,0.655,FM-Full_A-None_AdaBN-F,150,150,150
Lee2019_MI,ShallowConvNet,1,16,0.795,0.81,FM-Full_A-None_AdaBN-F,150,150,150
Lee2019_MI,ShallowConvNet,1,17,0.595,0.59,FM-Full_A-None_AdaBN-F,150,150,150
Lee2019_MI,ShallowConvNet,1,18,0.71,0.84,FM-Full_A-None_AdaBN-F,150,150,150
Lee2019_MI,ShallowConvNet,1,20,0.75,0.805,FM-Full_A-None_AdaBN-F,150,150,150
Lee2019_MI,ShallowConvNet,1,25,0.815,0.85,FM-Full_A-None_AdaBN-F,150,150,150
Lee2019_MI,ShallowConvNet,1,26,0.795,0.785,FM-Full_A-None_AdaBN-F,150,150,150
Lee2019_MI,ShallowConvNet,1,27,0.725,0.765,FM-Full_A-None_AdaBN-F,150,150,150
Lee2019_MI,ShallowConvNet,1,31,0.725,0.755,FM-Full_A-None_AdaBN-F,150,150,150
Lee2019_MI,ShallowConvNet,1,33,0.905,0.915,FM-Full_A-None_AdaBN-F,150,150,150
Lee2019_MI,ShallowConvNet,1,34,0.515,0.555,FM-Full_A-None_AdaBN-F,150,150,150
Lee2019_MI,ShallowConvNet,1,35,0.68,0.875,FM-Full_A-None_AdaBN-F,150,150,150
Lee2019_MI,ShallowConvNet,1,37,0.92,0.905,FM-Full_A-None_AdaBN-F,150,150,150
Lee2019_MI,ShallowConvNet,1,38,0.58,0.615,FM-Full_A-None_AdaBN-F,150,150,150
Lee2019_MI,ShallowConvNet,1,45,0.74,0.805,FM-Full_A-None_AdaBN-F,150,150,150
Lee2019_MI,ShallowConvNet,1,46,0.67,0.66,FM-Full_A-None_AdaBN-F,150,150,150
Lee2019_MI,ShallowConvNet,1,49,0.665,0.81,FM-Full_A-None_AdaBN-F,150,150,150
Lee2019_MI,ShallowConvNet,1,50,0.515,0.595,FM-Full_A-None_AdaBN-F,150,150,150
Lee2019_MI,ShallowConvNet,1,51,0.565,0.6,FM-Full_A-None_AdaBN-F,150,150,150
Lee2019_MI,ShallowConvNet,1,53,0.715,0.73,FM-Full_A-None_AdaBN-F,150,150,150
Lee2019_MI,ShallowConvNet,2,1,0.68,0.725,FM-Full_A-None_AdaBN-F,150,150,150
Lee2019_MI,ShallowConvNet,2,2,0.775,0.795,FM-Full_A-None_AdaBN-F,150,150,150
Lee2019_MI,ShallowConvNet,2,3,0.74,0.815,FM-Full_A-None_AdaBN-F,150,150,150
Lee2019_MI,ShallowConvNet,2,8,0.72,0.665,FM-Full_A-None_AdaBN-F,150,150,150
Lee2019_MI,ShallowConvNet,2,11,0.615,0.67,FM-Full_A-None_AdaBN-F,150,150,150
Lee2019_MI,ShallowConvNet,2,12,0.69,0.675,FM-Full_A-None_AdaBN-F,150,150,150
Lee2019_MI,ShallowConvNet,2,15,0.675,0.745,FM-Full_A-None_AdaBN-F,150,150,150
Lee2019_MI,ShallowConvNet,2,19,0.805,0.81,FM-Full_A-None_AdaBN-F,150,150,150
Lee2019_MI,ShallowConvNet,2,21,0.885,0.94,FM-Full_A-None_AdaBN-F,150,150,150
Lee2019_MI,ShallowConvNet,2,22,0.615,0.615,FM-Full_A-None_AdaBN-F,150,150,150
Lee2019_MI,ShallowConvNet,2,23,0.775,0.76,FM-Full_A-None_AdaBN-F,150,150,150
Lee2019_MI,ShallowConvNet,2,24,0.62,0.665,FM-Full_A-None_AdaBN-F,150,150,150
Lee2019_MI,ShallowConvNet,2,28,0.855,0.865,FM-Full_A-None_AdaBN-F,150,150,150
Lee2019_MI,ShallowConvNet,2,29,0.66,0.845,FM-Full_A-None_AdaBN-F,150,150,150
Lee2019_MI,ShallowConvNet,2,30,0.715,0.745,FM-Full_A-None_AdaBN-F,150,150,150
Lee2019_MI,ShallowConvNet,2,32,0.835,0.895,FM-Full_A-None_AdaBN-F,150,150,150
Lee2019_MI,ShallowConvNet,2,36,0.93,0.945,FM-Full_A-None_AdaBN-F,150,150,150
Lee2019_MI,ShallowConvNet,2,39,0.78,0.775,FM-Full_A-None_AdaBN-F,150,150,150
Lee2019_MI,ShallowConvNet,2,40,0.715,0.735,FM-Full_A-None_AdaBN-F,150,150,150
Lee2019_MI,ShallowConvNet,2,41,0.61,0.67,FM-Full_A-None_AdaBN-F,150,150,150
Lee2019_MI,ShallowConvNet,2,42,0.675,0.655,FM-Full_A-None_AdaBN-F,150,150,150
Lee2019_MI,ShallowConvNet,2,43,0.695,0.81,FM-Full_A-None_AdaBN-F,150,150,150
Lee2019_MI,ShallowConvNet,2,44,0.75,0.795,FM-Full_A-None_AdaBN-F,150,150,150
Lee2019_MI,ShallowConvNet,2,47,0.695,0.775,FM-Full_A-None_AdaBN-F,150,150,150
Lee2019_MI,ShallowConvNet,2,48,0.63,0.655,FM-Full_A-None_AdaBN-F,150,150,150
Lee2019_MI,ShallowConvNet,2,52,0.71,0.745,FM-Full_A-None_AdaBN-F,150,150,150
Lee2019_MI,ShallowConvNet,2,54,0.685,0.645,FM-Full_A-None_AdaBN-F,150,150,150
Lee2019_MI,DeepConvNet,1,4,0.69,0.755,FM-Full_A-None_AdaBN-F,150,150,150
Lee2019_MI,DeepConvNet,1,5,0.785,0.86,FM-Full_A-None_AdaBN-F,150,150,150
Lee2019_MI,DeepConvNet,1,6,0.89,0.945,FM-Full_A-None_AdaBN-F,150,150,150
Lee2019_MI,DeepConvNet,1,7,0.665,0.76,FM-Full_A-None_AdaBN-F,150,150,150
Lee2019_MI,DeepConvNet,1,9,0.865,0.855,FM-Full_A-None_AdaBN-F,150,150,150
Lee2019_MI,DeepConvNet,1,10,0.685,0.725,FM-Full_A-None_AdaBN-F,150,150,150
Lee2019_MI,DeepConvNet,1,13,0.74,0.67,FM-Full_A-None_AdaBN-F,150,150,150
Lee2019_MI,DeepConvNet,1,14,0.66,0.67,FM-Full_A-None_AdaBN-F,150,150,150
Lee2019_MI,DeepConvNet,1,16,0.82,0.8,FM-Full_A-None_AdaBN-F,150,150,150
Lee2019_MI,DeepConvNet,1,17,0.72,0.64,FM-Full_A-None_AdaBN-F,150,150,150
Lee2019_MI,DeepConvNet,1,18,0.91,0.945,FM-Full_A-None_AdaBN-F,150,150,150
Lee2019_MI,DeepConvNet,1,20,0.83,0.87,FM-Full_A-None_AdaBN-F,150,150,150
Lee2019_MI,DeepConvNet,1,25,0.895,0.895,FM-Full_A-None_AdaBN-F,150,150,150
Lee2019_MI,DeepConvNet,1,26,0.85,0.845,FM-Full_A-None_AdaBN-F,150,150,150
Lee2019_MI,DeepConvNet,1,27,0.875,0.885,FM-Full_A-None_AdaBN-F,150,150,150
Lee2019_MI,DeepConvNet,1,31,0.83,0.85,FM-Full_A-None_AdaBN-F,150,150,150
Lee2019_MI,DeepConvNet,1,33,0.95,0.96,FM-Full_A-None_AdaBN-F,150,150,150
Lee2019_MI,DeepConvNet,1,34,0.58,0.66,FM-Full_A-None_AdaBN-F,150,150,150
Lee2019_MI,DeepConvNet,1,35,0.885,0.97,FM-Full_A-None_AdaBN-F,150,150,150
Lee2019_MI,DeepConvNet,1,37,0.935,0.955,FM-Full_A-None_AdaBN-F,150,150,150
Lee2019_MI,DeepConvNet,1,38,0.58,0.745,FM-Full_A-None_AdaBN-F,150,150,150
Lee2019_MI,DeepConvNet,1,45,0.91,0.93,FM-Full_A-None_AdaBN-F,150,150,150
Lee2019_MI,DeepConvNet,1,46,0.67,0.705,FM-Full_A-None_AdaBN-F,150,150,150
Lee2019_MI,DeepConvNet,1,49,0.755,0.865,FM-Full_A-None_AdaBN-F,150,150,150
Lee2019_MI,DeepConvNet,1,50,0.54,0.66,FM-Full_A-None_AdaBN-F,150,150,150
Lee2019_MI,DeepConvNet,1,51,0.715,0.765,FM-Full_A-None_AdaBN-F,150,150,150
Lee2019_MI,DeepConvNet,1,53,0.78,0.77,FM-Full_A-None_AdaBN-F,150,150,150
Lee2019_MI,DeepConvNet,2,1,0.73,0.65,FM-Full_A-None_AdaBN-F,150,150,150
Lee2019_MI,DeepConvNet,2,2,0.775,0.78,FM-Full_A-None_AdaBN-F,150,150,150
Lee2019_MI,DeepConvNet,2,3,0.895,0.87,FM-Full_A-None_AdaBN-F,150,150,150
Lee2019_MI,DeepConvNet,2,8,0.765,0.745,FM-Full_A-None_AdaBN-F,150,150,150
Lee2019_MI,DeepConvNet,2,11,0.63,0.665,FM-Full_A-None_AdaBN-F,150,150,150
Lee2019_MI,DeepConvNet,2,12,0.79,0.755,FM-Full_A-None_AdaBN-F,150,150,150
Lee2019_MI,DeepConvNet,2,15,0.81,0.88,FM-Full_A-None_AdaBN-F,150,150,150
Lee2019_MI,DeepConvNet,2,19,0.705,0.8,FM-Full_A-None_AdaBN-F,150,150,150
Lee2019_MI,DeepConvNet,2,21,0.915,0.925,FM-Full_A-None_AdaBN-F,150,150,150
Lee2019_MI,DeepConvNet,2,22,0.715,0.615,FM-Full_A-None_AdaBN-F,150,150,150
Lee2019_MI,DeepConvNet,2,23,0.735,0.7,FM-Full_A-None_AdaBN-F,150,150,150
Lee2019_MI,DeepConvNet,2,24,0.785,0.8,FM-Full_A-None_AdaBN-F,150,150,150
Lee2019_MI,DeepConvNet,2,28,0.895,0.88,FM-Full_A-None_AdaBN-F,150,150,150
Lee2019_MI,DeepConvNet,2,29,0.735,0.845,FM-Full_A-None_AdaBN-F,150,150,150
Lee2019_MI,DeepConvNet,2,30,0.715,0.79,FM-Full_A-None_AdaBN-F,150,150,150
Lee2019_MI,DeepConvNet,2,32,0.805,0.86,FM-Full_A-None_AdaBN-F,150,150,150
Lee2019_MI,DeepConvNet,2,36,0.94,0.96,FM-Full_A-None_AdaBN-F,150,150,150
Lee2019_MI,DeepConvNet,2,39,0.795,0.755,FM-Full_A-None_AdaBN-F,150,150,150
Lee2019_MI,DeepConvNet,2,40,0.82,0.87,FM-Full_A-None_AdaBN-F,150,150,150
Lee2019_MI,DeepConvNet,2,41,0.67,0.7,FM-Full_A-None_AdaBN-F,150,150,150
Lee2019_MI,DeepConvNet,2,42,0.7,0.655,FM-Full_A-None_AdaBN-F,150,150,150
Lee2019_MI,DeepConvNet,2,43,0.845,0.81,FM-Full_A-None_AdaBN-F,150,150,150
Lee2019_MI,DeepConvNet,2,44,0.735,0.82,FM-Full_A-None_AdaBN-F,150,150,150
Lee2019_MI,DeepConvNet,2,47,0.87,0.825,FM-Full_A-None_AdaBN-F,150,150,150
Lee2019_MI,DeepConvNet,2,48,0.695,0.69,FM-Full_A-None_AdaBN-F,150,150,150
Lee2019_MI,DeepConvNet,2,52,0.78,0.81,FM-Full_A-None_AdaBN-F,150,150,150
Lee2019_MI,DeepConvNet,2,54,0.69,0.72,FM-Full_A-None_AdaBN-F,150,150,150
Lee2019_MI,EEGNetv4,1,4,0.655,0.68,FM-Full_A-None_AdaBN-F,150,150,150
Lee2019_MI,EEGNetv4,1,5,0.735,0.77,FM-Full_A-None_AdaBN-F,150,150,150
Lee2019_MI,EEGNetv4,1,6,0.795,0.88,FM-Full_A-None_AdaBN-F,150,150,150
Lee2019_MI,EEGNetv4,1,7,0.625,0.63,FM-Full_A-None_AdaBN-F,150,150,150
Lee2019_MI,EEGNetv4,1,9,0.77,0.745,FM-Full_A-None_AdaBN-F,150,150,150
Lee2019_MI,EEGNetv4,1,10,0.72,0.68,FM-Full_A-None_AdaBN-F,150,150,150
Lee2019_MI,EEGNetv4,1,13,0.68,0.675,FM-Full_A-None_AdaBN-F,150,150,150
Lee2019_MI,EEGNetv4,1,14,0.63,0.655,FM-Full_A-None_AdaBN-F,150,150,150
Lee2019_MI,EEGNetv4,1,16,0.73,0.78,FM-Full_A-None_AdaBN-F,150,150,150
Lee2019_MI,EEGNetv4,1,17,0.595,0.635,FM-Full_A-None_AdaBN-F,150,150,150
Lee2019_MI,EEGNetv4,1,18,0.895,0.875,FM-Full_A-None_AdaBN-F,150,150,150
Lee2019_MI,EEGNetv4,1,20,0.79,0.79,FM-Full_A-None_AdaBN-F,150,150,150
Lee2019_MI,EEGNetv4,1,25,0.885,0.895,FM-Full_A-None_AdaBN-F,150,150,150
Lee2019_MI,EEGNetv4,1,26,0.77,0.81,FM-Full_A-None_AdaBN-F,150,150,150
Lee2019_MI,EEGNetv4,1,27,0.86,0.845,FM-Full_A-None_AdaBN-F,150,150,150
Lee2019_MI,EEGNetv4,1,31,0.85,0.865,FM-Full_A-None_AdaBN-F,150,150,150
Lee2019_MI,EEGNetv4,1,33,0.885,0.92,FM-Full_A-None_AdaBN-F,150,150,150
Lee2019_MI,EEGNetv4,1,34,0.605,0.665,FM-Full_A-None_AdaBN-F,150,150,150
Lee2019_MI,EEGNetv4,1,35,0.885,0.95,FM-Full_A-None_AdaBN-F,150,150,150
Lee2019_MI,EEGNetv4,1,37,0.88,0.89,FM-Full_A-None_AdaBN-F,150,150,150
Lee2019_MI,EEGNetv4,1,38,0.685,0.75,FM-Full_A-None_AdaBN-F,150,150,150
Lee2019_MI,EEGNetv4,1,45,0.805,0.87,FM-Full_A-None_AdaBN-F,150,150,150
Lee2019_MI,EEGNetv4,1,46,0.56,0.63,FM-Full_A-None_AdaBN-F,150,150,150
Lee2019_MI,EEGNetv4,1,49,0.77,0.85,FM-Full_A-None_AdaBN-F,150,150,150
Lee2019_MI,EEGNetv4,1,50,0.54,0.615,FM-Full_A-None_AdaBN-F,150,150,150
Lee2019_MI,EEGNetv4,1,51,0.735,0.73,FM-Full_A-None_AdaBN-F,150,150,150
Lee2019_MI,EEGNetv4,1,53,0.77,0.76,FM-Full_A-None_AdaBN-F,150,150,150
Lee2019_MI,EEGNetv4,2,1,0.655,0.64,FM-Full_A-None_AdaBN-F,150,150,150
Lee2019_MI,EEGNetv4,2,2,0.71,0.75,FM-Full_A-None_AdaBN-F,150,150,150
Lee2019_MI,EEGNetv4,2,3,0.84,0.88,FM-Full_A-None_AdaBN-F,150,150,150
Lee2019_MI,EEGNetv4,2,8,0.78,0.795,FM-Full_A-None_AdaBN-F,150,150,150
Lee2019_MI,EEGNetv4,2,11,0.585,0.63,FM-Full_A-None_AdaBN-F,150,150,150
Lee2019_MI,EEGNetv4,2,12,0.76,0.755,FM-Full_A-None_AdaBN-F,150,150,150
Lee2019_MI,EEGNetv4,2,15,0.79,0.83,FM-Full_A-None_AdaBN-F,150,150,150
Lee2019_MI,EEGNetv4,2,19,0.74,0.77,FM-Full_A-None_AdaBN-F,150,150,150
Lee2019_MI,EEGNetv4,2,21,0.885,0.94,FM-Full_A-None_AdaBN-F,150,150,150
Lee2019_MI,EEGNetv4,2,22,0.68,0.66,FM-Full_A-None_AdaBN-F,150,150,150
Lee2019_MI,EEGNetv4,2,23,0.73,0.72,FM-Full_A-None_AdaBN-F,150,150,150
Lee2019_MI,EEGNetv4,2,24,0.7,0.795,FM-Full_A-None_AdaBN-F,150,150,150
Lee2019_MI,EEGNetv4,2,28,0.865,0.87,FM-Full_A-None_AdaBN-F,150,150,150
Lee2019_MI,EEGNetv4,2,29,0.72,0.825,FM-Full_A-None_AdaBN-F,150,150,150
Lee2019_MI,EEGNetv4,2,30,0.79,0.805,FM-Full_A-None_AdaBN-F,150,150,150
Lee2019_MI,EEGNetv4,2,32,0.81,0.88,FM-Full_A-None_AdaBN-F,150,150,150
Lee2019_MI,EEGNetv4,2,36,0.94,0.97,FM-Full_A-None_AdaBN-F,150,150,150
Lee2019_MI,EEGNetv4,2,39,0.745,0.77,FM-Full_A-None_AdaBN-F,150,150,150
Lee2019_MI,EEGNetv4,2,40,0.82,0.825,FM-Full_A-None_AdaBN-F,150,150,150
Lee2019_MI,EEGNetv4,2,41,0.655,0.705,FM-Full_A-None_AdaBN-F,150,150,150
Lee2019_MI,EEGNetv4,2,42,0.69,0.675,FM-Full_A-None_AdaBN-F,150,150,150
Lee2019_MI,EEGNetv4,2,43,0.79,0.81,FM-Full_A-None_AdaBN-F,150,150,150
Lee2019_MI,EEGNetv4,2,44,0.7,0.725,FM-Full_A-None_AdaBN-F,150,150,150
Lee2019_MI,EEGNetv4,2,47,0.835,0.835,FM-Full_A-None_AdaBN-F,150,150,150
Lee2019_MI,EEGNetv4,2,48,0.695,0.68,FM-Full_A-None_AdaBN-F,150,150,150
Lee2019_MI,EEGNetv4,2,52,0.76,0.84,FM-Full_A-None_AdaBN-F,150,150,150
Lee2019_MI,EEGNetv4,2,54,0.705,0.68,FM-Full_A-None_AdaBN-F,150,150,150
Lee2019_MI,ATCNet,2,1,0.73,0.83,FM-Full_A-None_AdaBN-F,200,200,200
Lee2019_MI,ATCNet,2,2,0.635,0.72,FM-Full_A-None_AdaBN-F,200,200,200
Lee2019_MI,ATCNet,2,3,0.88,0.9,FM-Full_A-None_AdaBN-F,200,200,200
Lee2019_MI,ATCNet,2,8,0.725,0.775,FM-Full_A-None_AdaBN-F,200,200,200
Lee2019_MI,ATCNet,2,11,0.64,0.615,FM-Full_A-None_AdaBN-F,200,200,200
Lee2019_MI,ATCNet,2,12,0.74,0.8,FM-Full_A-None_AdaBN-F,200,200,200
Lee2019_MI,ATCNet,2,15,0.73,0.805,FM-Full_A-None_AdaBN-F,200,200,200
Lee2019_MI,ATCNet,2,19,0.775,0.77,FM-Full_A-None_AdaBN-F,200,200,200
Lee2019_MI,ATCNet,2,21,0.88,0.935,FM-Full_A-None_AdaBN-F,200,200,200
Lee2019_MI,ATCNet,2,22,0.785,0.76,FM-Full_A-None_AdaBN-F,200,200,200
Lee2019_MI,ATCNet,2,23,0.775,0.815,FM-Full_A-None_AdaBN-F,200,200,200
Lee2019_MI,ATCNet,2,24,0.59,0.695,FM-Full_A-None_AdaBN-F,200,200,200
Lee2019_MI,ATCNet,2,28,0.925,0.955,FM-Full_A-None_AdaBN-F,200,200,200
Lee2019_MI,ATCNet,2,29,0.765,0.825,FM-Full_A-None_AdaBN-F,200,200,200
Lee2019_MI,ATCNet,2,30,0.7,0.725,FM-Full_A-None_AdaBN-F,200,200,200
Lee2019_MI,ATCNet,2,32,0.96,0.955,FM-Full_A-None_AdaBN-F,200,200,200
Lee2019_MI,ATCNet,2,36,0.985,0.98,FM-Full_A-None_AdaBN-F,200,200,200
Lee2019_MI,ATCNet,2,39,0.83,0.815,FM-Full_A-None_AdaBN-F,200,200,200
Lee2019_MI,ATCNet,2,40,0.75,0.76,FM-Full_A-None_AdaBN-F,200,200,200
Lee2019_MI,ATCNet,2,41,0.695,0.675,FM-Full_A-None_AdaBN-F,200,200,200
Lee2019_MI,ATCNet,2,42,0.61,0.725,FM-Full_A-None_AdaBN-F,200,200,200
Lee2019_MI,ATCNet,2,43,0.825,0.825,FM-Full_A-None_AdaBN-F,200,200,200
Lee2019_MI,ATCNet,2,44,0.81,0.845,FM-Full_A-None_AdaBN-F,200,200,200
Lee2019_MI,ATCNet,2,47,0.86,0.755,FM-Full_A-None_AdaBN-F,200,200,200
Lee2019_MI,ATCNet,2,48,0.715,0.68,FM-Full_A-None_AdaBN-F,200,200,200
Lee2019_MI,ATCNet,2,52,0.77,0.83,FM-Full_A-None_AdaBN-F,200,200,200
Lee2019_MI,ATCNet,2,54,0.64,0.715,FM-Full_A-None_AdaBN-F,200,200,200
Lee2019_MI,EEGNetv4,1,4,0.66,0.69,FM-Full_A-None_AdaBN-F,200,200,200
Lee2019_MI,EEGNetv4,1,5,0.705,0.81,FM-Full_A-None_AdaBN-F,200,200,200
Lee2019_MI,EEGNetv4,1,6,0.785,0.885,FM-Full_A-None_AdaBN-F,200,200,200
Lee2019_MI,EEGNetv4,1,7,0.695,0.705,FM-Full_A-None_AdaBN-F,200,200,200
Lee2019_MI,EEGNetv4,1,9,0.77,0.79,FM-Full_A-None_AdaBN-F,200,200,200
Lee2019_MI,EEGNetv4,1,10,0.695,0.73,FM-Full_A-None_AdaBN-F,200,200,200
Lee2019_MI,EEGNetv4,1,13,0.685,0.72,FM-Full_A-None_AdaBN-F,200,200,200
Lee2019_MI,EEGNetv4,1,14,0.69,0.65,FM-Full_A-None_AdaBN-F,200,200,200
Lee2019_MI,EEGNetv4,1,16,0.745,0.765,FM-Full_A-None_AdaBN-F,200,200,200
Lee2019_MI,EEGNetv4,1,17,0.62,0.625,FM-Full_A-None_AdaBN-F,200,200,200
Lee2019_MI,EEGNetv4,1,18,0.89,0.91,FM-Full_A-None_AdaBN-F,200,200,200
Lee2019_MI,EEGNetv4,1,20,0.805,0.77,FM-Full_A-None_AdaBN-F,200,200,200
Lee2019_MI,EEGNetv4,1,25,0.875,0.885,FM-Full_A-None_AdaBN-F,200,200,200
Lee2019_MI,EEGNetv4,1,26,0.795,0.805,FM-Full_A-None_AdaBN-F,200,200,200
Lee2019_MI,EEGNetv4,1,27,0.89,0.895,FM-Full_A-None_AdaBN-F,200,200,200
Lee2019_MI,EEGNetv4,1,31,0.835,0.85,FM-Full_A-None_AdaBN-F,200,200,200
Lee2019_MI,EEGNetv4,1,33,0.9,0.93,FM-Full_A-None_AdaBN-F,200,200,200
Lee2019_MI,EEGNetv4,1,34,0.62,0.695,FM-Full_A-None_AdaBN-F,200,200,200
Lee2019_MI,EEGNetv4,1,35,0.815,0.94,FM-Full_A-None_AdaBN-F,200,200,200
Lee2019_MI,EEGNetv4,1,37,0.905,0.95,FM-Full_A-None_AdaBN-F,200,200,200
Lee2019_MI,EEGNetv4,1,38,0.625,0.755,FM-Full_A-None_AdaBN-F,200,200,200
Lee2019_MI,EEGNetv4,1,45,0.775,0.855,FM-Full_A-None_AdaBN-F,200,200,200
Lee2019_MI,EEGNetv4,1,46,0.645,0.65,FM-Full_A-None_AdaBN-F,200,200,200
Lee2019_MI,EEGNetv4,1,49,0.705,0.86,FM-Full_A-None_AdaBN-F,200,200,200
Lee2019_MI,EEGNetv4,1,50,0.485,0.6,FM-Full_A-None_AdaBN-F,200,200,200
Lee2019_MI,EEGNetv4,1,51,0.72,0.74,FM-Full_A-None_AdaBN-F,200,200,200
Lee2019_MI,EEGNetv4,1,53,0.82,0.795,FM-Full_A-None_AdaBN-F,200,200,200
Lee2019_MI,EEGNetv4,2,1,0.685,0.715,FM-Full_A-None_AdaBN-F,200,200,200
Lee2019_MI,EEGNetv4,2,2,0.695,0.685,FM-Full_A-None_AdaBN-F,200,200,200
Lee2019_MI,EEGNetv4,2,3,0.835,0.85,FM-Full_A-None_AdaBN-F,200,200,200
Lee2019_MI,EEGNetv4,2,8,0.745,0.735,FM-Full_A-None_AdaBN-F,200,200,200
Lee2019_MI,EEGNetv4,2,11,0.655,0.67,FM-Full_A-None_AdaBN-F,200,200,200
Lee2019_MI,EEGNetv4,2,12,0.765,0.785,FM-Full_A-None_AdaBN-F,200,200,200
Lee2019_MI,EEGNetv4,2,15,0.725,0.825,FM-Full_A-None_AdaBN-F,200,200,200
Lee2019_MI,EEGNetv4,2,19,0.795,0.78,FM-Full_A-None_AdaBN-F,200,200,200
Lee2019_MI,EEGNetv4,2,21,0.985,0.97,FM-Full_A-None_AdaBN-F,200,200,200
Lee2019_MI,EEGNetv4,2,22,0.705,0.695,FM-Full_A-None_AdaBN-F,200,200,200
Lee2019_MI,EEGNetv4,2,23,0.705,0.78,FM-Full_A-None_AdaBN-F,200,200,200
Lee2019_MI,EEGNetv4,2,24,0.58,0.75,FM-Full_A-None_AdaBN-F,200,200,200
Lee2019_MI,EEGNetv4,2,28,0.815,0.875,FM-Full_A-None_AdaBN-F,200,200,200
Lee2019_MI,EEGNetv4,2,29,0.695,0.785,FM-Full_A-None_AdaBN-F,200,200,200
Lee2019_MI,EEGNetv4,2,30,0.77,0.81,FM-Full_A-None_AdaBN-F,200,200,200
Lee2019_MI,EEGNetv4,2,32,0.875,0.865,FM-Full_A-None_AdaBN-F,200,200,200
Lee2019_MI,EEGNetv4,2,36,0.935,0.965,FM-Full_A-None_AdaBN-F,200,200,200
Lee2019_MI,EEGNetv4,2,39,0.835,0.79,FM-Full_A-None_AdaBN-F,200,200,200
Lee2019_MI,EEGNetv4,2,40,0.805,0.84,FM-Full_A-None_AdaBN-F,200,200,200
Lee2019_MI,EEGNetv4,2,41,0.68,0.745,FM-Full_A-None_AdaBN-F,200,200,200
Lee2019_MI,EEGNetv4,2,42,0.685,0.635,FM-Full_A-None_AdaBN-F,200,200,200
Lee2019_MI,EEGNetv4,2,43,0.795,0.815,FM-Full_A-None_AdaBN-F,200,200,200
Lee2019_MI,EEGNetv4,2,44,0.69,0.765,FM-Full_A-None_AdaBN-F,200,200,200
Lee2019_MI,EEGNetv4,2,47,0.82,0.835,FM-Full_A-None_AdaBN-F,200,200,200
Lee2019_MI,EEGNetv4,2,48,0.645,0.635,FM-Full_A-None_AdaBN-F,200,200,200
Lee2019_MI,EEGNetv4,2,52,0.825,0.835,FM-Full_A-None_AdaBN-F,200,200,200
Lee2019_MI,EEGNetv4,2,54,0.715,0.74,FM-Full_A-None_AdaBN-F,200,200,200
Lee2019_MI,DeepConvNet,1,4,0.645,0.745,FM-Full_A-None_AdaBN-F,200,200,200
Lee2019_MI,DeepConvNet,1,5,0.825,0.945,FM-Full_A-None_AdaBN-F,200,200,200
Lee2019_MI,DeepConvNet,1,6,0.855,0.94,FM-Full_A-None_AdaBN-F,200,200,200
Lee2019_MI,DeepConvNet,1,7,0.7,0.8,FM-Full_A-None_AdaBN-F,200,200,200
Lee2019_MI,DeepConvNet,1,9,0.87,0.9,FM-Full_A-None_AdaBN-F,200,200,200
Lee2019_MI,DeepConvNet,1,10,0.725,0.765,FM-Full_A-None_AdaBN-F,200,200,200
Lee2019_MI,DeepConvNet,1,13,0.75,0.76,FM-Full_A-None_AdaBN-F,200,200,200
Lee2019_MI,DeepConvNet,1,14,0.69,0.705,FM-Full_A-None_AdaBN-F,200,200,200
Lee2019_MI,DeepConvNet,1,16,0.72,0.81,FM-Full_A-None_AdaBN-F,200,200,200
Lee2019_MI,DeepConvNet,1,17,0.65,0.65,FM-Full_A-None_AdaBN-F,200,200,200
Lee2019_MI,DeepConvNet,1,18,0.86,0.95,FM-Full_A-None_AdaBN-F,200,200,200
Lee2019_MI,DeepConvNet,1,20,0.865,0.87,FM-Full_A-None_AdaBN-F,200,200,200
Lee2019_MI,DeepConvNet,1,25,0.895,0.895,FM-Full_A-None_AdaBN-F,200,200,200
Lee2019_MI,DeepConvNet,1,26,0.905,0.89,FM-Full_A-None_AdaBN-F,200,200,200
Lee2019_MI,DeepConvNet,1,27,0.905,0.92,FM-Full_A-None_AdaBN-F,200,200,200
Lee2019_MI,DeepConvNet,1,31,0.845,0.88,FM-Full_A-None_AdaBN-F,200,200,200
Lee2019_MI,DeepConvNet,1,33,0.98,0.985,FM-Full_A-None_AdaBN-F,200,200,200
Lee2019_MI,DeepConvNet,1,34,0.615,0.705,FM-Full_A-None_AdaBN-F,200,200,200
Lee2019_MI,DeepConvNet,1,35,0.925,0.945,FM-Full_A-None_AdaBN-F,200,200,200
Lee2019_MI,DeepConvNet,1,37,0.955,0.98,FM-Full_A-None_AdaBN-F,200,200,200
Lee2019_MI,DeepConvNet,1,38,0.595,0.735,FM-Full_A-None_AdaBN-F,200,200,200
Lee2019_MI,DeepConvNet,1,45,0.905,0.94,FM-Full_A-None_AdaBN-F,200,200,200
Lee2019_MI,DeepConvNet,1,46,0.69,0.72,FM-Full_A-None_AdaBN-F,200,200,200
Lee2019_MI,DeepConvNet,1,49,0.685,0.865,FM-Full_A-None_AdaBN-F,200,200,200
Lee2019_MI,DeepConvNet,1,50,0.52,0.645,FM-Full_A-None_AdaBN-F,200,200,200
Lee2019_MI,DeepConvNet,1,51,0.74,0.79,FM-Full_A-None_AdaBN-F,200,200,200
Lee2019_MI,DeepConvNet,1,53,0.755,0.81,FM-Full_A-None_AdaBN-F,200,200,200
Lee2019_MI,DeepConvNet,2,1,0.715,0.705,FM-Full_A-None_AdaBN-F,200,200,200
Lee2019_MI,DeepConvNet,2,2,0.81,0.82,FM-Full_A-None_AdaBN-F,200,200,200
Lee2019_MI,DeepConvNet,2,3,0.885,0.89,FM-Full_A-None_AdaBN-F,200,200,200
Lee2019_MI,DeepConvNet,2,8,0.715,0.755,FM-Full_A-None_AdaBN-F,200,200,200
Lee2019_MI,DeepConvNet,2,11,0.655,0.685,FM-Full_A-None_AdaBN-F,200,200,200
Lee2019_MI,DeepConvNet,2,12,0.815,0.785,FM-Full_A-None_AdaBN-F,200,200,200
Lee2019_MI,DeepConvNet,2,15,0.74,0.875,FM-Full_A-None_AdaBN-F,200,200,200
Lee2019_MI,DeepConvNet,2,19,0.775,0.82,FM-Full_A-None_AdaBN-F,200,200,200
Lee2019_MI,DeepConvNet,2,21,0.95,0.95,FM-Full_A-None_AdaBN-F,200,200,200
Lee2019_MI,DeepConvNet,2,22,0.71,0.675,FM-Full_A-None_AdaBN-F,200,200,200
Lee2019_MI,DeepConvNet,2,23,0.76,0.77,FM-Full_A-None_AdaBN-F,200,200,200
Lee2019_MI,DeepConvNet,2,24,0.74,0.84,FM-Full_A-None_AdaBN-F,200,200,200
Lee2019_MI,DeepConvNet,2,28,0.86,0.92,FM-Full_A-None_AdaBN-F,200,200,200
Lee2019_MI,DeepConvNet,2,29,0.765,0.815,FM-Full_A-None_AdaBN-F,200,200,200
Lee2019_MI,DeepConvNet,2,30,0.845,0.845,FM-Full_A-None_AdaBN-F,200,200,200
Lee2019_MI,DeepConvNet,2,32,0.925,0.93,FM-Full_A-None_AdaBN-F,200,200,200
Lee2019_MI,DeepConvNet,2,36,0.96,0.975,FM-Full_A-None_AdaBN-F,200,200,200
Lee2019_MI,DeepConvNet,2,39,0.795,0.82,FM-Full_A-None_AdaBN-F,200,200,200
Lee2019_MI,DeepConvNet,2,40,0.895,0.865,FM-Full_A-None_AdaBN-F,200,200,200
Lee2019_MI,DeepConvNet,2,41,0.72,0.75,FM-Full_A-None_AdaBN-F,200,200,200
Lee2019_MI,DeepConvNet,2,42,0.645,0.73,FM-Full_A-None_AdaBN-F,200,200,200
Lee2019_MI,DeepConvNet,2,43,0.895,0.83,FM-Full_A-None_AdaBN-F,200,200,200
Lee2019_MI,DeepConvNet,2,44,0.815,0.875,FM-Full_A-None_AdaBN-F,200,200,200
Lee2019_MI,DeepConvNet,2,47,0.855,0.85,FM-Full_A-None_AdaBN-F,200,200,200
Lee2019_MI,DeepConvNet,2,48,0.7,0.71,FM-Full_A-None_AdaBN-F,200,200,200
Lee2019_MI,DeepConvNet,2,52,0.845,0.855,FM-Full_A-None_AdaBN-F,200,200,200
Lee2019_MI,DeepConvNet,2,54,0.78,0.76,FM-Full_A-None_AdaBN-F,200,200,200
Lee2019_MI,ShallowConvNet,1,4,0.59,0.66,FM-Full_A-None_AdaBN-F,200,200,200
Lee2019_MI,ShallowConvNet,1,5,0.71,0.815,FM-Full_A-None_AdaBN-F,200,200,200
Lee2019_MI,ShallowConvNet,1,6,0.85,0.83,FM-Full_A-None_AdaBN-F,200,200,200
Lee2019_MI,ShallowConvNet,1,7,0.63,0.68,FM-Full_A-None_AdaBN-F,200,200,200
Lee2019_MI,ShallowConvNet,1,9,0.785,0.745,FM-Full_A-None_AdaBN-F,200,200,200
Lee2019_MI,ShallowConvNet,1,10,0.645,0.665,FM-Full_A-None_AdaBN-F,200,200,200
Lee2019_MI,ShallowConvNet,1,13,0.72,0.755,FM-Full_A-None_AdaBN-F,200,200,200
Lee2019_MI,ShallowConvNet,1,14,0.665,0.695,FM-Full_A-None_AdaBN-F,200,200,200
Lee2019_MI,ShallowConvNet,1,16,0.765,0.795,FM-Full_A-None_AdaBN-F,200,200,200
Lee2019_MI,ShallowConvNet,1,17,0.62,0.61,FM-Full_A-None_AdaBN-F,200,200,200
Lee2019_MI,ShallowConvNet,1,18,0.755,0.905,FM-Full_A-None_AdaBN-F,200,200,200
Lee2019_MI,ShallowConvNet,1,20,0.8,0.8,FM-Full_A-None_AdaBN-F,200,200,200
Lee2019_MI,ShallowConvNet,1,25,0.88,0.865,FM-Full_A-None_AdaBN-F,200,200,200
Lee2019_MI,ShallowConvNet,1,26,0.815,0.815,FM-Full_A-None_AdaBN-F,200,200,200
Lee2019_MI,ShallowConvNet,1,27,0.81,0.765,FM-Full_A-None_AdaBN-F,200,200,200
Lee2019_MI,ShallowConvNet,1,31,0.725,0.8,FM-Full_A-None_AdaBN-F,200,200,200
Lee2019_MI,ShallowConvNet,1,33,0.895,0.93,FM-Full_A-None_AdaBN-F,200,200,200
Lee2019_MI,ShallowConvNet,1,34,0.535,0.63,FM-Full_A-None_AdaBN-F,200,200,200
Lee2019_MI,ShallowConvNet,1,35,0.825,0.92,FM-Full_A-None_AdaBN-F,200,200,200
Lee2019_MI,ShallowConvNet,1,37,0.885,0.91,FM-Full_A-None_AdaBN-F,200,200,200
Lee2019_MI,ShallowConvNet,1,38,0.59,0.65,FM-Full_A-None_AdaBN-F,200,200,200
Lee2019_MI,ShallowConvNet,1,45,0.76,0.81,FM-Full_A-None_AdaBN-F,200,200,200
Lee2019_MI,ShallowConvNet,1,46,0.655,0.625,FM-Full_A-None_AdaBN-F,200,200,200
Lee2019_MI,ShallowConvNet,1,49,0.68,0.85,FM-Full_A-None_AdaBN-F,200,200,200
Lee2019_MI,ShallowConvNet,1,50,0.545,0.62,FM-Full_A-None_AdaBN-F,200,200,200
Lee2019_MI,ShallowConvNet,1,51,0.65,0.655,FM-Full_A-None_AdaBN-F,200,200,200
Lee2019_MI,ShallowConvNet,1,53,0.74,0.735,FM-Full_A-None_AdaBN-F,200,200,200
Lee2019_MI,ShallowConvNet,2,1,0.67,0.69,FM-Full_A-None_AdaBN-F,200,200,200
Lee2019_MI,ShallowConvNet,2,2,0.86,0.825,FM-Full_A-None_AdaBN-F,200,200,200
Lee2019_MI,ShallowConvNet,2,3,0.75,0.845,FM-Full_A-None_AdaBN-F,200,200,200
Lee2019_MI,ShallowConvNet,2,8,0.735,0.75,FM-Full_A-None_AdaBN-F,200,200,200
Lee2019_MI,ShallowConvNet,2,11,0.69,0.645,FM-Full_A-None_AdaBN-F,200,200,200
Lee2019_MI,ShallowConvNet,2,12,0.81,0.775,FM-Full_A-None_AdaBN-F,200,200,200
Lee2019_MI,ShallowConvNet,2,15,0.685,0.745,FM-Full_A-None_AdaBN-F,200,200,200
Lee2019_MI,ShallowConvNet,2,19,0.79,0.8,FM-Full_A-None_AdaBN-F,200,200,200
Lee2019_MI,ShallowConvNet,2,21,0.9,0.98,FM-Full_A-None_AdaBN-F,200,200,200
Lee2019_MI,ShallowConvNet,2,22,0.69,0.68,FM-Full_A-None_AdaBN-F,200,200,200
Lee2019_MI,ShallowConvNet,2,23,0.795,0.76,FM-Full_A-None_AdaBN-F,200,200,200
Lee2019_MI,ShallowConvNet,2,24,0.635,0.705,FM-Full_A-None_AdaBN-F,200,200,200
Lee2019_MI,ShallowConvNet,2,28,0.92,0.91,FM-Full_A-None_AdaBN-F,200,200,200
Lee2019_MI,ShallowConvNet,2,29,0.77,0.845,FM-Full_A-None_AdaBN-F,200,200,200
Lee2019_MI,ShallowConvNet,2,30,0.625,0.67,FM-Full_A-None_AdaBN-F,200,200,200
Lee2019_MI,ShallowConvNet,2,32,0.86,0.865,FM-Full_A-None_AdaBN-F,200,200,200
Lee2019_MI,ShallowConvNet,2,36,0.92,0.94,FM-Full_A-None_AdaBN-F,200,200,200
Lee2019_MI,ShallowConvNet,2,39,0.81,0.825,FM-Full_A-None_AdaBN-F,200,200,200
Lee2019_MI,ShallowConvNet,2,40,0.79,0.74,FM-Full_A-None_AdaBN-F,200,200,200
Lee2019_MI,ShallowConvNet,2,41,0.685,0.705,FM-Full_A-None_AdaBN-F,200,200,200
Lee2019_MI,ShallowConvNet,2,42,0.725,0.695,FM-Full_A-None_AdaBN-F,200,200,200
Lee2019_MI,ShallowConvNet,2,43,0.75,0.83,FM-Full_A-None_AdaBN-F,200,200,200
Lee2019_MI,ShallowConvNet,2,44,0.75,0.82,FM-Full_A-None_AdaBN-F,200,200,200
Lee2019_MI,ShallowConvNet,2,47,0.745,0.815,FM-Full_A-None_AdaBN-F,200,200,200
Lee2019_MI,ShallowConvNet,2,48,0.705,0.65,FM-Full_A-None_AdaBN-F,200,200,200
Lee2019_MI,ShallowConvNet,2,52,0.81,0.8,FM-Full_A-None_AdaBN-F,200,200,200
Lee2019_MI,ShallowConvNet,2,54,0.665,0.715,FM-Full_A-None_AdaBN-F,200,200,200
Lee2019_SSVEP,EEGNetv4,1,4,0.995,0.995,FM-Full_A-None_AdaBN-F,50,50,50
Lee2019_SSVEP,EEGNetv4,1,5,0.785,0.845,FM-Full_A-None_AdaBN-F,50,50,50
Lee2019_SSVEP,EEGNetv4,1,6,0.99,1.0,FM-Full_A-None_AdaBN-F,50,50,50
Lee2019_SSVEP,EEGNetv4,1,7,0.905,0.985,FM-Full_A-None_AdaBN-F,50,50,50
Lee2019_SSVEP,EEGNetv4,1,9,0.99,0.99,FM-Full_A-None_AdaBN-F,50,50,50
Lee2019_SSVEP,EEGNetv4,1,10,0.98,0.985,FM-Full_A-None_AdaBN-F,50,50,50
Lee2019_SSVEP,EEGNetv4,1,13,0.875,0.975,FM-Full_A-None_AdaBN-F,50,50,50
Lee2019_SSVEP,EEGNetv4,1,14,0.86,0.935,FM-Full_A-None_AdaBN-F,50,50,50
Lee2019_SSVEP,EEGNetv4,1,16,0.99,0.995,FM-Full_A-None_AdaBN-F,50,50,50
Lee2019_SSVEP,EEGNetv4,1,17,0.915,0.975,FM-Full_A-None_AdaBN-F,50,50,50
Lee2019_SSVEP,EEGNetv4,1,18,1.0,1.0,FM-Full_A-None_AdaBN-F,50,50,50
Lee2019_SSVEP,EEGNetv4,1,20,0.91,0.965,FM-Full_A-None_AdaBN-F,50,50,50
Lee2019_SSVEP,EEGNetv4,1,25,0.93,0.96,FM-Full_A-None_AdaBN-F,50,50,50
Lee2019_SSVEP,EEGNetv4,1,26,0.825,0.965,FM-Full_A-None_AdaBN-F,50,50,50
Lee2019_SSVEP,EEGNetv4,1,27,0.995,0.995,FM-Full_A-None_AdaBN-F,50,50,50
Lee2019_SSVEP,EEGNetv4,1,31,0.995,0.995,FM-Full_A-None_AdaBN-F,50,50,50
Lee2019_SSVEP,EEGNetv4,1,33,0.99,0.995,FM-Full_A-None_AdaBN-F,50,50,50
Lee2019_SSVEP,EEGNetv4,1,34,0.775,0.845,FM-Full_A-None_AdaBN-F,50,50,50
Lee2019_SSVEP,EEGNetv4,1,35,0.93,0.98,FM-Full_A-None_AdaBN-F,50,50,50
Lee2019_SSVEP,EEGNetv4,1,37,0.99,0.99,FM-Full_A-None_AdaBN-F,50,50,50
Lee2019_SSVEP,EEGNetv4,1,38,0.99,0.98,FM-Full_A-None_AdaBN-F,50,50,50
Lee2019_SSVEP,EEGNetv4,1,45,0.95,0.96,FM-Full_A-None_AdaBN-F,50,50,50
Lee2019_SSVEP,EEGNetv4,1,46,0.975,0.985,FM-Full_A-None_AdaBN-F,50,50,50
Lee2019_SSVEP,EEGNetv4,1,49,0.995,0.995,FM-Full_A-None_AdaBN-F,50,50,50
Lee2019_SSVEP,EEGNetv4,1,50,0.935,0.99,FM-Full_A-None_AdaBN-F,50,50,50
Lee2019_SSVEP,EEGNetv4,1,51,0.65,0.82,FM-Full_A-None_AdaBN-F,50,50,50
Lee2019_SSVEP,EEGNetv4,1,53,0.995,1.0,FM-Full_A-None_AdaBN-F,50,50,50
Lee2019_SSVEP,EEGNetv4,2,1,0.94,0.955,FM-Full_A-None_AdaBN-F,50,50,50
Lee2019_SSVEP,EEGNetv4,2,2,0.98,0.985,FM-Full_A-None_AdaBN-F,50,50,50
Lee2019_SSVEP,EEGNetv4,2,3,0.94,0.935,FM-Full_A-None_AdaBN-F,50,50,50
Lee2019_SSVEP,EEGNetv4,2,8,0.94,0.955,FM-Full_A-None_AdaBN-F,50,50,50
Lee2019_SSVEP,EEGNetv4,2,11,0.985,1.0,FM-Full_A-None_AdaBN-F,50,50,50
Lee2019_SSVEP,EEGNetv4,2,12,0.97,0.965,FM-Full_A-None_AdaBN-F,50,50,50
Lee2019_SSVEP,EEGNetv4,2,15,0.885,0.99,FM-Full_A-None_AdaBN-F,50,50,50
Lee2019_SSVEP,EEGNetv4,2,19,0.99,0.99,FM-Full_A-None_AdaBN-F,50,50,50
Lee2019_SSVEP,EEGNetv4,2,21,0.97,0.995,FM-Full_A-None_AdaBN-F,50,50,50
Lee2019_SSVEP,EEGNetv4,2,22,0.875,0.905,FM-Full_A-None_AdaBN-F,50,50,50
Lee2019_SSVEP,EEGNetv4,2,23,0.4,0.62,FM-Full_A-None_AdaBN-F,50,50,50
Lee2019_SSVEP,EEGNetv4,2,24,0.96,0.99,FM-Full_A-None_AdaBN-F,50,50,50
Lee2019_SSVEP,EEGNetv4,2,28,0.98,0.98,FM-Full_A-None_AdaBN-F,50,50,50
Lee2019_SSVEP,EEGNetv4,2,29,0.945,0.97,FM-Full_A-None_AdaBN-F,50,50,50
Lee2019_SSVEP,EEGNetv4,2,30,0.95,0.99,FM-Full_A-None_AdaBN-F,50,50,50
Lee2019_SSVEP,EEGNetv4,2,32,0.625,0.875,FM-Full_A-None_AdaBN-F,50,50,50
Lee2019_SSVEP,EEGNetv4,2,36,1.0,1.0,FM-Full_A-None_AdaBN-F,50,50,50
Lee2019_SSVEP,EEGNetv4,2,39,1.0,1.0,FM-Full_A-None_AdaBN-F,50,50,50
Lee2019_SSVEP,EEGNetv4,2,40,0.97,0.96,FM-Full_A-None_AdaBN-F,50,50,50
Lee2019_SSVEP,EEGNetv4,2,41,0.975,0.99,FM-Full_A-None_AdaBN-F,50,50,50
Lee2019_SSVEP,EEGNetv4,2,42,0.805,0.815,FM-Full_A-None_AdaBN-F,50,50,50
Lee2019_SSVEP,EEGNetv4,2,43,1.0,1.0,FM-Full_A-None_AdaBN-F,50,50,50
Lee2019_SSVEP,EEGNetv4,2,44,0.995,0.995,FM-Full_A-None_AdaBN-F,50,50,50
Lee2019_SSVEP,EEGNetv4,2,47,0.655,0.64,FM-Full_A-None_AdaBN-F,50,50,50
Lee2019_SSVEP,EEGNetv4,2,48,1.0,1.0,FM-Full_A-None_AdaBN-F,50,50,50
Lee2019_SSVEP,EEGNetv4,2,52,0.905,0.97,FM-Full_A-None_AdaBN-F,50,50,50
Lee2019_SSVEP,EEGNetv4,2,54,0.715,0.88,FM-Full_A-None_AdaBN-F,50,50,50
Lee2019_SSVEP,ATCNet,1,4,0.99,0.995,FM-Full_A-None_AdaBN-F,50,50,50
Lee2019_SSVEP,ATCNet,1,5,0.785,0.83,FM-Full_A-None_AdaBN-F,50,50,50
Lee2019_SSVEP,ATCNet,1,6,0.995,1.0,FM-Full_A-None_AdaBN-F,50,50,50
Lee2019_SSVEP,ATCNet,1,7,0.99,0.995,FM-Full_A-None_AdaBN-F,50,50,50
Lee2019_SSVEP,ATCNet,1,9,0.93,0.93,FM-Full_A-None_AdaBN-F,50,50,50
Lee2019_SSVEP,ATCNet,1,10,0.98,0.99,FM-Full_A-None_AdaBN-F,50,50,50
Lee2019_SSVEP,ATCNet,1,13,0.915,0.98,FM-Full_A-None_AdaBN-F,50,50,50
Lee2019_SSVEP,ATCNet,1,14,0.845,0.95,FM-Full_A-None_AdaBN-F,50,50,50
Lee2019_SSVEP,ATCNet,1,16,0.995,0.995,FM-Full_A-None_AdaBN-F,50,50,50
Lee2019_SSVEP,ATCNet,1,17,0.76,0.925,FM-Full_A-None_AdaBN-F,50,50,50
Lee2019_SSVEP,ATCNet,1,18,0.965,0.965,FM-Full_A-None_AdaBN-F,50,50,50
Lee2019_SSVEP,ATCNet,1,20,0.98,0.965,FM-Full_A-None_AdaBN-F,50,50,50
Lee2019_SSVEP,ATCNet,1,25,0.905,0.955,FM-Full_A-None_AdaBN-F,50,50,50
Lee2019_SSVEP,ATCNet,1,26,0.96,0.99,FM-Full_A-None_AdaBN-F,50,50,50
Lee2019_SSVEP,ATCNet,1,27,0.985,0.975,FM-Full_A-None_AdaBN-F,50,50,50
Lee2019_SSVEP,ATCNet,1,31,1.0,1.0,FM-Full_A-None_AdaBN-F,50,50,50
Lee2019_SSVEP,ATCNet,1,33,0.97,1.0,FM-Full_A-None_AdaBN-F,50,50,50
Lee2019_SSVEP,ATCNet,1,34,0.765,0.815,FM-Full_A-None_AdaBN-F,50,50,50
Lee2019_SSVEP,ATCNet,1,35,0.94,0.965,FM-Full_A-None_AdaBN-F,50,50,50
Lee2019_SSVEP,ATCNet,1,37,0.985,0.99,FM-Full_A-None_AdaBN-F,50,50,50
Lee2019_SSVEP,ATCNet,1,38,0.97,0.98,FM-Full_A-None_AdaBN-F,50,50,50
Lee2019_SSVEP,ATCNet,1,45,0.835,0.915,FM-Full_A-None_AdaBN-F,50,50,50
Lee2019_SSVEP,ATCNet,1,46,0.975,0.995,FM-Full_A-None_AdaBN-F,50,50,50
Lee2019_SSVEP,ATCNet,1,49,0.945,0.985,FM-Full_A-None_AdaBN-F,50,50,50
Lee2019_SSVEP,ATCNet,1,50,0.975,0.99,FM-Full_A-None_AdaBN-F,50,50,50
Lee2019_SSVEP,ATCNet,1,51,0.715,0.775,FM-Full_A-None_AdaBN-F,50,50,50
Lee2019_SSVEP,ATCNet,1,53,0.995,0.995,FM-Full_A-None_AdaBN-F,50,50,50
Lee2019_SSVEP,ATCNet,2,1,0.94,0.925,FM-Full_A-None_AdaBN-F,50,50,50
Lee2019_SSVEP,ATCNet,2,2,0.985,0.98,FM-Full_A-None_AdaBN-F,50,50,50
Lee2019_SSVEP,ATCNet,2,3,0.89,0.87,FM-Full_A-None_AdaBN-F,50,50,50
Lee2019_SSVEP,ATCNet,2,8,0.88,0.89,FM-Full_A-None_AdaBN-F,50,50,50
Lee2019_SSVEP,ATCNet,2,11,0.995,1.0,FM-Full_A-None_AdaBN-F,50,50,50
Lee2019_SSVEP,ATCNet,2,12,0.965,0.955,FM-Full_A-None_AdaBN-F,50,50,50
Lee2019_SSVEP,ATCNet,2,15,0.76,0.99,FM-Full_A-None_AdaBN-F,50,50,50
Lee2019_SSVEP,ATCNet,2,19,0.935,0.985,FM-Full_A-None_AdaBN-F,50,50,50
Lee2019_SSVEP,ATCNet,2,21,0.945,0.97,FM-Full_A-None_AdaBN-F,50,50,50
Lee2019_SSVEP,ATCNet,2,22,0.78,0.855,FM-Full_A-None_AdaBN-F,50,50,50
Lee2019_SSVEP,ATCNet,2,23,0.245,0.515,FM-Full_A-None_AdaBN-F,50,50,50
Lee2019_SSVEP,ATCNet,2,24,0.905,0.935,FM-Full_A-None_AdaBN-F,50,50,50
Lee2019_SSVEP,ATCNet,2,28,0.92,0.95,FM-Full_A-None_AdaBN-F,50,50,50
Lee2019_SSVEP,ATCNet,2,29,0.9,0.945,FM-Full_A-None_AdaBN-F,50,50,50
Lee2019_SSVEP,ATCNet,2,30,0.975,0.99,FM-Full_A-None_AdaBN-F,50,50,50
Lee2019_SSVEP,ATCNet,2,32,0.76,0.95,FM-Full_A-None_AdaBN-F,50,50,50
Lee2019_SSVEP,ATCNet,2,36,1.0,1.0,FM-Full_A-None_AdaBN-F,50,50,50
Lee2019_SSVEP,ATCNet,2,39,1.0,1.0,FM-Full_A-None_AdaBN-F,50,50,50
Lee2019_SSVEP,ATCNet,2,40,0.915,0.905,FM-Full_A-None_AdaBN-F,50,50,50
Lee2019_SSVEP,ATCNet,2,41,0.945,0.965,FM-Full_A-None_AdaBN-F,50,50,50
Lee2019_SSVEP,ATCNet,2,42,0.76,0.745,FM-Full_A-None_AdaBN-F,50,50,50
Lee2019_SSVEP,ATCNet,2,43,1.0,1.0,FM-Full_A-None_AdaBN-F,50,50,50
Lee2019_SSVEP,ATCNet,2,44,0.975,0.97,FM-Full_A-None_AdaBN-F,50,50,50
Lee2019_SSVEP,ATCNet,2,47,0.59,0.61,FM-Full_A-None_AdaBN-F,50,50,50
Lee2019_SSVEP,ATCNet,2,48,0.995,1.0,FM-Full_A-None_AdaBN-F,50,50,50
Lee2019_SSVEP,ATCNet,2,52,0.95,0.98,FM-Full_A-None_AdaBN-F,50,50,50
Lee2019_SSVEP,ATCNet,2,54,0.685,0.855,FM-Full_A-None_AdaBN-F,50,50,50
Lee2019_SSVEP,DeepConvNet,1,4,1.0,1.0,FM-Full_A-None_AdaBN-F,50,50,50
Lee2019_SSVEP,DeepConvNet,1,5,0.81,0.825,FM-Full_A-None_AdaBN-F,50,50,50
Lee2019_SSVEP,DeepConvNet,1,6,0.995,0.99,FM-Full_A-None_AdaBN-F,50,50,50
Lee2019_SSVEP,DeepConvNet,1,7,0.995,0.99,FM-Full_A-None_AdaBN-F,50,50,50
Lee2019_SSVEP,DeepConvNet,1,9,0.975,0.96,FM-Full_A-None_AdaBN-F,50,50,50
Lee2019_SSVEP,DeepConvNet,1,10,0.995,0.995,FM-Full_A-None_AdaBN-F,50,50,50
Lee2019_SSVEP,DeepConvNet,1,13,0.805,0.97,FM-Full_A-None_AdaBN-F,50,50,50
Lee2019_SSVEP,DeepConvNet,1,14,0.875,0.93,FM-Full_A-None_AdaBN-F,50,50,50
Lee2019_SSVEP,DeepConvNet,1,16,1.0,1.0,FM-Full_A-None_AdaBN-F,50,50,50
Lee2019_SSVEP,DeepConvNet,1,17,0.965,0.98,FM-Full_A-None_AdaBN-F,50,50,50
Lee2019_SSVEP,DeepConvNet,1,18,0.995,0.995,FM-Full_A-None_AdaBN-F,50,50,50
Lee2019_SSVEP,DeepConvNet,1,20,0.965,0.975,FM-Full_A-None_AdaBN-F,50,50,50
Lee2019_SSVEP,DeepConvNet,1,25,0.94,0.985,FM-Full_A-None_AdaBN-F,50,50,50
Lee2019_SSVEP,DeepConvNet,1,26,0.985,0.995,FM-Full_A-None_AdaBN-F,50,50,50
Lee2019_SSVEP,DeepConvNet,1,27,0.985,0.995,FM-Full_A-None_AdaBN-F,50,50,50
Lee2019_SSVEP,DeepConvNet,1,31,1.0,1.0,FM-Full_A-None_AdaBN-F,50,50,50
Lee2019_SSVEP,DeepConvNet,1,33,0.98,0.99,FM-Full_A-None_AdaBN-F,50,50,50
Lee2019_SSVEP,DeepConvNet,1,34,0.8,0.835,FM-Full_A-None_AdaBN-F,50,50,50
Lee2019_SSVEP,DeepConvNet,1,35,0.97,0.985,FM-Full_A-None_AdaBN-F,50,50,50
Lee2019_SSVEP,DeepConvNet,1,37,0.995,0.985,FM-Full_A-None_AdaBN-F,50,50,50
Lee2019_SSVEP,DeepConvNet,1,38,0.98,0.985,FM-Full_A-None_AdaBN-F,50,50,50
Lee2019_SSVEP,DeepConvNet,1,45,0.955,0.98,FM-Full_A-None_AdaBN-F,50,50,50
Lee2019_SSVEP,DeepConvNet,1,46,0.9,0.965,FM-Full_A-None_AdaBN-F,50,50,50
Lee2019_SSVEP,DeepConvNet,1,49,0.985,0.995,FM-Full_A-None_AdaBN-F,50,50,50
Lee2019_SSVEP,DeepConvNet,1,50,0.955,0.985,FM-Full_A-None_AdaBN-F,50,50,50
Lee2019_SSVEP,DeepConvNet,1,51,0.82,0.83,FM-Full_A-None_AdaBN-F,50,50,50
Lee2019_SSVEP,DeepConvNet,1,53,0.985,0.995,FM-Full_A-None_AdaBN-F,50,50,50
Lee2019_SSVEP,DeepConvNet,2,1,0.94,0.945,FM-Full_A-None_AdaBN-F,50,50,50
Lee2019_SSVEP,DeepConvNet,2,2,0.975,0.98,FM-Full_A-None_AdaBN-F,50,50,50
Lee2019_SSVEP,DeepConvNet,2,3,0.925,0.92,FM-Full_A-None_AdaBN-F,50,50,50
Lee2019_SSVEP,DeepConvNet,2,8,0.94,0.965,FM-Full_A-None_AdaBN-F,50,50,50
Lee2019_SSVEP,DeepConvNet,2,11,1.0,1.0,FM-Full_A-None_AdaBN-F,50,50,50
Lee2019_SSVEP,DeepConvNet,2,12,0.985,0.96,FM-Full_A-None_AdaBN-F,50,50,50
Lee2019_SSVEP,DeepConvNet,2,15,0.825,0.99,FM-Full_A-None_AdaBN-F,50,50,50
Lee2019_SSVEP,DeepConvNet,2,19,0.92,0.895,FM-Full_A-None_AdaBN-F,50,50,50
Lee2019_SSVEP,DeepConvNet,2,21,0.995,1.0,FM-Full_A-None_AdaBN-F,50,50,50
Lee2019_SSVEP,DeepConvNet,2,22,0.86,0.93,FM-Full_A-None_AdaBN-F,50,50,50
Lee2019_SSVEP,DeepConvNet,2,23,0.28,0.4,FM-Full_A-None_AdaBN-F,50,50,50
Lee2019_SSVEP,DeepConvNet,2,24,0.895,0.965,FM-Full_A-None_AdaBN-F,50,50,50
Lee2019_SSVEP,DeepConvNet,2,28,0.98,0.98,FM-Full_A-None_AdaBN-F,50,50,50
Lee2019_SSVEP,DeepConvNet,2,29,0.945,0.97,FM-Full_A-None_AdaBN-F,50,50,50
Lee2019_SSVEP,DeepConvNet,2,30,0.98,0.995,FM-Full_A-None_AdaBN-F,50,50,50
Lee2019_SSVEP,DeepConvNet,2,32,0.73,0.925,FM-Full_A-None_AdaBN-F,50,50,50
Lee2019_SSVEP,DeepConvNet,2,36,1.0,1.0,FM-Full_A-None_AdaBN-F,50,50,50
Lee2019_SSVEP,DeepConvNet,2,39,1.0,1.0,FM-Full_A-None_AdaBN-F,50,50,50
Lee2019_SSVEP,DeepConvNet,2,40,0.905,0.905,FM-Full_A-None_AdaBN-F,50,50,50
Lee2019_SSVEP,DeepConvNet,2,41,0.985,0.99,FM-Full_A-None_AdaBN-F,50,50,50
Lee2019_SSVEP,DeepConvNet,2,42,0.79,0.815,FM-Full_A-None_AdaBN-F,50,50,50
Lee2019_SSVEP,DeepConvNet,2,43,1.0,1.0,FM-Full_A-None_AdaBN-F,50,50,50
Lee2019_SSVEP,DeepConvNet,2,44,0.995,1.0,FM-Full_A-None_AdaBN-F,50,50,50
Lee2019_SSVEP,DeepConvNet,2,47,0.675,0.61,FM-Full_A-None_AdaBN-F,50,50,50
Lee2019_SSVEP,DeepConvNet,2,48,0.995,0.995,FM-Full_A-None_AdaBN-F,50,50,50
Lee2019_SSVEP,DeepConvNet,2,52,0.99,0.99,FM-Full_A-None_AdaBN-F,50,50,50
Lee2019_SSVEP,DeepConvNet,2,54,0.63,0.875,FM-Full_A-None_AdaBN-F,50,50,50
Lee2019_SSVEP,ShallowConvNet,1,4,0.9,0.975,FM-Full_A-None_AdaBN-F,50,50,50
Lee2019_SSVEP,ShallowConvNet,1,5,0.665,0.675,FM-Full_A-None_AdaBN-F,50,50,50
Lee2019_SSVEP,ShallowConvNet,1,6,0.77,0.89,FM-Full_A-None_AdaBN-F,50,50,50
Lee2019_SSVEP,ShallowConvNet,1,7,0.82,0.945,FM-Full_A-None_AdaBN-F,50,50,50
Lee2019_SSVEP,ShallowConvNet,1,9,0.71,0.84,FM-Full_A-None_AdaBN-F,50,50,50
Lee2019_SSVEP,ShallowConvNet,1,10,0.685,0.885,FM-Full_A-None_AdaBN-F,50,50,50
Lee2019_SSVEP,ShallowConvNet,1,13,0.635,0.76,FM-Full_A-None_AdaBN-F,50,50,50
Lee2019_SSVEP,ShallowConvNet,1,14,0.605,0.725,FM-Full_A-None_AdaBN-F,50,50,50
Lee2019_SSVEP,ShallowConvNet,1,16,0.835,0.915,FM-Full_A-None_AdaBN-F,50,50,50
Lee2019_SSVEP,ShallowConvNet,1,17,0.535,0.875,FM-Full_A-None_AdaBN-F,50,50,50
Lee2019_SSVEP,ShallowConvNet,1,18,0.92,0.97,FM-Full_A-None_AdaBN-F,50,50,50
Lee2019_SSVEP,ShallowConvNet,1,20,0.69,0.765,FM-Full_A-None_AdaBN-F,50,50,50
Lee2019_SSVEP,ShallowConvNet,1,25,0.78,0.875,FM-Full_A-None_AdaBN-F,50,50,50
Lee2019_SSVEP,ShallowConvNet,1,26,0.755,0.92,FM-Full_A-None_AdaBN-F,50,50,50
Lee2019_SSVEP,ShallowConvNet,1,27,0.935,0.96,FM-Full_A-None_AdaBN-F,50,50,50
Lee2019_SSVEP,ShallowConvNet,1,31,0.945,0.995,FM-Full_A-None_AdaBN-F,50,50,50
Lee2019_SSVEP,ShallowConvNet,1,33,0.67,0.78,FM-Full_A-None_AdaBN-F,50,50,50
Lee2019_SSVEP,ShallowConvNet,1,34,0.49,0.56,FM-Full_A-None_AdaBN-F,50,50,50
Lee2019_SSVEP,ShallowConvNet,1,35,0.57,0.73,FM-Full_A-None_AdaBN-F,50,50,50
Lee2019_SSVEP,ShallowConvNet,1,37,0.885,0.9,FM-Full_A-None_AdaBN-F,50,50,50
Lee2019_SSVEP,ShallowConvNet,1,38,0.505,0.82,FM-Full_A-None_AdaBN-F,50,50,50
Lee2019_SSVEP,ShallowConvNet,1,45,0.585,0.805,FM-Full_A-None_AdaBN-F,50,50,50
Lee2019_SSVEP,ShallowConvNet,1,46,0.665,0.72,FM-Full_A-None_AdaBN-F,50,50,50
Lee2019_SSVEP,ShallowConvNet,1,49,0.755,0.92,FM-Full_A-None_AdaBN-F,50,50,50
Lee2019_SSVEP,ShallowConvNet,1,50,0.73,0.81,FM-Full_A-None_AdaBN-F,50,50,50
Lee2019_SSVEP,ShallowConvNet,1,51,0.48,0.535,FM-Full_A-None_AdaBN-F,50,50,50
Lee2019_SSVEP,ShallowConvNet,1,53,0.795,0.845,FM-Full_A-None_AdaBN-F,50,50,50
Lee2019_SSVEP,ShallowConvNet,2,1,0.785,0.82,FM-Full_A-None_AdaBN-F,50,50,50
Lee2019_SSVEP,ShallowConvNet,2,2,0.78,0.945,FM-Full_A-None_AdaBN-F,50,50,50
Lee2019_SSVEP,ShallowConvNet,2,3,0.705,0.87,FM-Full_A-None_AdaBN-F,50,50,50
Lee2019_SSVEP,ShallowConvNet,2,8,0.685,0.77,FM-Full_A-None_AdaBN-F,50,50,50
Lee2019_SSVEP,ShallowConvNet,2,11,0.945,0.995,FM-Full_A-None_AdaBN-F,50,50,50
Lee2019_SSVEP,ShallowConvNet,2,12,0.855,0.94,FM-Full_A-None_AdaBN-F,50,50,50
Lee2019_SSVEP,ShallowConvNet,2,15,0.46,0.765,FM-Full_A-None_AdaBN-F,50,50,50
Lee2019_SSVEP,ShallowConvNet,2,19,0.49,0.745,FM-Full_A-None_AdaBN-F,50,50,50
Lee2019_SSVEP,ShallowConvNet,2,21,0.735,0.9,FM-Full_A-None_AdaBN-F,50,50,50
Lee2019_SSVEP,ShallowConvNet,2,22,0.425,0.605,FM-Full_A-None_AdaBN-F,50,50,50
Lee2019_SSVEP,ShallowConvNet,2,23,0.325,0.465,FM-Full_A-None_AdaBN-F,50,50,50
Lee2019_SSVEP,ShallowConvNet,2,24,0.525,0.715,FM-Full_A-None_AdaBN-F,50,50,50
Lee2019_SSVEP,ShallowConvNet,2,28,0.67,0.85,FM-Full_A-None_AdaBN-F,50,50,50
Lee2019_SSVEP,ShallowConvNet,2,29,0.675,0.81,FM-Full_A-None_AdaBN-F,50,50,50
Lee2019_SSVEP,ShallowConvNet,2,30,0.705,0.87,FM-Full_A-None_AdaBN-F,50,50,50
Lee2019_SSVEP,ShallowConvNet,2,32,0.28,0.58,FM-Full_A-None_AdaBN-F,50,50,50
Lee2019_SSVEP,ShallowConvNet,2,36,0.84,0.985,FM-Full_A-None_AdaBN-F,50,50,50
Lee2019_SSVEP,ShallowConvNet,2,39,0.84,0.89,FM-Full_A-None_AdaBN-F,50,50,50
Lee2019_SSVEP,ShallowConvNet,2,40,0.56,0.8,FM-Full_A-None_AdaBN-F,50,50,50
Lee2019_SSVEP,ShallowConvNet,2,41,0.89,0.94,FM-Full_A-None_AdaBN-F,50,50,50
Lee2019_SSVEP,ShallowConvNet,2,42,0.72,0.725,FM-Full_A-None_AdaBN-F,50,50,50
Lee2019_SSVEP,ShallowConvNet,2,43,0.98,0.99,FM-Full_A-None_AdaBN-F,50,50,50
Lee2019_SSVEP,ShallowConvNet,2,44,0.925,0.95,FM-Full_A-None_AdaBN-F,50,50,50
Lee2019_SSVEP,ShallowConvNet,2,47,0.54,0.55,FM-Full_A-None_AdaBN-F,50,50,50
Lee2019_SSVEP,ShallowConvNet,2,48,0.845,0.95,FM-Full_A-None_AdaBN-F,50,50,50
Lee2019_SSVEP,ShallowConvNet,2,52,0.6,0.84,FM-Full_A-None_AdaBN-F,50,50,50
Lee2019_SSVEP,ShallowConvNet,2,54,0.5,0.64,FM-Full_A-None_AdaBN-F,50,50,50
Lee2019_SSVEP,ATCNet,1,4,0.995,0.995,FM-Full_A-None_AdaBN-F,100,100,100
Lee2019_SSVEP,ATCNet,1,5,0.825,0.815,FM-Full_A-None_AdaBN-F,100,100,100
Lee2019_SSVEP,ATCNet,1,6,1.0,1.0,FM-Full_A-None_AdaBN-F,100,100,100
Lee2019_SSVEP,ATCNet,1,7,1.0,0.995,FM-Full_A-None_AdaBN-F,100,100,100
Lee2019_SSVEP,ATCNet,1,9,0.945,0.97,FM-Full_A-None_AdaBN-F,100,100,100
Lee2019_SSVEP,ATCNet,1,10,0.995,0.995,FM-Full_A-None_AdaBN-F,100,100,100
Lee2019_SSVEP,ATCNet,1,13,0.94,0.99,FM-Full_A-None_AdaBN-F,100,100,100
Lee2019_SSVEP,ATCNet,1,14,0.74,0.96,FM-Full_A-None_AdaBN-F,100,100,100
Lee2019_SSVEP,ATCNet,1,16,0.995,0.995,FM-Full_A-None_AdaBN-F,100,100,100
Lee2019_SSVEP,ATCNet,1,17,0.87,0.955,FM-Full_A-None_AdaBN-F,100,100,100
Lee2019_SSVEP,ATCNet,1,18,0.98,0.985,FM-Full_A-None_AdaBN-F,100,100,100
Lee2019_SSVEP,ATCNet,1,20,0.965,0.965,FM-Full_A-None_AdaBN-F,100,100,100
Lee2019_SSVEP,ATCNet,1,25,0.92,0.95,FM-Full_A-None_AdaBN-F,100,100,100
Lee2019_SSVEP,ATCNet,1,26,0.965,0.99,FM-Full_A-None_AdaBN-F,100,100,100
Lee2019_SSVEP,ATCNet,1,27,0.985,0.98,FM-Full_A-None_AdaBN-F,100,100,100
Lee2019_SSVEP,ATCNet,1,31,1.0,1.0,FM-Full_A-None_AdaBN-F,100,100,100
Lee2019_SSVEP,ATCNet,1,33,0.965,1.0,FM-Full_A-None_AdaBN-F,100,100,100
Lee2019_SSVEP,ATCNet,1,34,0.79,0.84,FM-Full_A-None_AdaBN-F,100,100,100
Lee2019_SSVEP,ATCNet,1,35,0.955,0.985,FM-Full_A-None_AdaBN-F,100,100,100
Lee2019_SSVEP,ATCNet,1,37,0.985,0.985,FM-Full_A-None_AdaBN-F,100,100,100
Lee2019_SSVEP,ATCNet,1,38,0.98,0.98,FM-Full_A-None_AdaBN-F,100,100,100
Lee2019_SSVEP,ATCNet,1,45,0.84,0.92,FM-Full_A-None_AdaBN-F,100,100,100
Lee2019_SSVEP,ATCNet,1,46,0.98,1.0,FM-Full_A-None_AdaBN-F,100,100,100
Lee2019_SSVEP,ATCNet,1,49,0.98,0.99,FM-Full_A-None_AdaBN-F,100,100,100
Lee2019_SSVEP,ATCNet,1,50,0.99,0.99,FM-Full_A-None_AdaBN-F,100,100,100
Lee2019_SSVEP,ATCNet,1,51,0.755,0.805,FM-Full_A-None_AdaBN-F,100,100,100
Lee2019_SSVEP,ATCNet,1,53,0.995,0.995,FM-Full_A-None_AdaBN-F,100,100,100
Lee2019_SSVEP,ATCNet,2,1,0.93,0.945,FM-Full_A-None_AdaBN-F,100,100,100
Lee2019_SSVEP,ATCNet,2,2,0.985,0.985,FM-Full_A-None_AdaBN-F,100,100,100
Lee2019_SSVEP,ATCNet,2,3,0.885,0.895,FM-Full_A-None_AdaBN-F,100,100,100
Lee2019_SSVEP,ATCNet,2,8,0.895,0.935,FM-Full_A-None_AdaBN-F,100,100,100
Lee2019_SSVEP,ATCNet,2,11,1.0,1.0,FM-Full_A-None_AdaBN-F,100,100,100
Lee2019_SSVEP,ATCNet,2,12,0.965,0.955,FM-Full_A-None_AdaBN-F,100,100,100
Lee2019_SSVEP,ATCNet,2,15,0.74,0.985,FM-Full_A-None_AdaBN-F,100,100,100
Lee2019_SSVEP,ATCNet,2,19,0.905,0.98,FM-Full_A-None_AdaBN-F,100,100,100
Lee2019_SSVEP,ATCNet,2,21,0.965,0.99,FM-Full_A-None_AdaBN-F,100,100,100
Lee2019_SSVEP,ATCNet,2,22,0.695,0.87,FM-Full_A-None_AdaBN-F,100,100,100
Lee2019_SSVEP,ATCNet,2,23,0.3,0.61,FM-Full_A-None_AdaBN-F,100,100,100
Lee2019_SSVEP,ATCNet,2,24,0.94,0.96,FM-Full_A-None_AdaBN-F,100,100,100
Lee2019_SSVEP,ATCNet,2,28,0.935,0.95,FM-Full_A-None_AdaBN-F,100,100,100
Lee2019_SSVEP,ATCNet,2,29,0.93,0.95,FM-Full_A-None_AdaBN-F,100,100,100
Lee2019_SSVEP,ATCNet,2,30,0.925,1.0,FM-Full_A-None_AdaBN-F,100,100,100
Lee2019_SSVEP,ATCNet,2,32,0.735,0.95,FM-Full_A-None_AdaBN-F,100,100,100
Lee2019_SSVEP,ATCNet,2,36,1.0,1.0,FM-Full_A-None_AdaBN-F,100,100,100
Lee2019_SSVEP,ATCNet,2,39,1.0,1.0,FM-Full_A-None_AdaBN-F,100,100,100
Lee2019_SSVEP,ATCNet,2,40,0.89,0.91,FM-Full_A-None_AdaBN-F,100,100,100
Lee2019_SSVEP,ATCNet,2,41,0.955,0.975,FM-Full_A-None_AdaBN-F,100,100,100
Lee2019_SSVEP,ATCNet,2,42,0.755,0.765,FM-Full_A-None_AdaBN-F,100,100,100
Lee2019_SSVEP,ATCNet,2,43,1.0,1.0,FM-Full_A-None_AdaBN-F,100,100,100
Lee2019_SSVEP,ATCNet,2,44,0.97,0.97,FM-Full_A-None_AdaBN-F,100,100,100
Lee2019_SSVEP,ATCNet,2,47,0.61,0.62,FM-Full_A-None_AdaBN-F,100,100,100
Lee2019_SSVEP,ATCNet,2,48,0.99,1.0,FM-Full_A-None_AdaBN-F,100,100,100
Lee2019_SSVEP,ATCNet,2,52,0.995,1.0,FM-Full_A-None_AdaBN-F,100,100,100
Lee2019_SSVEP,ATCNet,2,54,0.695,0.87,FM-Full_A-None_AdaBN-F,100,100,100
Lee2019_SSVEP,DeepConvNet,1,4,1.0,1.0,FM-Full_A-None_AdaBN-F,100,100,100
Lee2019_SSVEP,DeepConvNet,1,5,0.835,0.86,FM-Full_A-None_AdaBN-F,100,100,100
Lee2019_SSVEP,DeepConvNet,1,6,0.99,0.995,FM-Full_A-None_AdaBN-F,100,100,100
Lee2019_SSVEP,DeepConvNet,1,7,1.0,0.995,FM-Full_A-None_AdaBN-F,100,100,100
Lee2019_SSVEP,DeepConvNet,1,9,0.995,0.99,FM-Full_A-None_AdaBN-F,100,100,100
Lee2019_SSVEP,DeepConvNet,1,10,1.0,1.0,FM-Full_A-None_AdaBN-F,100,100,100
Lee2019_SSVEP,DeepConvNet,1,13,0.905,0.975,FM-Full_A-None_AdaBN-F,100,100,100
Lee2019_SSVEP,DeepConvNet,1,14,0.875,0.955,FM-Full_A-None_AdaBN-F,100,100,100
Lee2019_SSVEP,DeepConvNet,1,16,1.0,1.0,FM-Full_A-None_AdaBN-F,100,100,100
Lee2019_SSVEP,DeepConvNet,1,17,0.96,0.995,FM-Full_A-None_AdaBN-F,100,100,100
Lee2019_SSVEP,DeepConvNet,1,18,0.995,1.0,FM-Full_A-None_AdaBN-F,100,100,100
Lee2019_SSVEP,DeepConvNet,1,20,0.99,0.985,FM-Full_A-None_AdaBN-F,100,100,100
Lee2019_SSVEP,DeepConvNet,1,25,0.97,0.99,FM-Full_A-None_AdaBN-F,100,100,100
Lee2019_SSVEP,DeepConvNet,1,26,0.985,1.0,FM-Full_A-None_AdaBN-F,100,100,100
Lee2019_SSVEP,DeepConvNet,1,27,1.0,0.995,FM-Full_A-None_AdaBN-F,100,100,100
Lee2019_SSVEP,DeepConvNet,1,31,1.0,1.0,FM-Full_A-None_AdaBN-F,100,100,100
Lee2019_SSVEP,DeepConvNet,1,33,1.0,1.0,FM-Full_A-None_AdaBN-F,100,100,100
Lee2019_SSVEP,DeepConvNet,1,34,0.79,0.845,FM-Full_A-None_AdaBN-F,100,100,100
Lee2019_SSVEP,DeepConvNet,1,35,0.99,0.99,FM-Full_A-None_AdaBN-F,100,100,100
Lee2019_SSVEP,DeepConvNet,1,37,0.995,0.99,FM-Full_A-None_AdaBN-F,100,100,100
Lee2019_SSVEP,DeepConvNet,1,38,0.995,0.985,FM-Full_A-None_AdaBN-F,100,100,100
Lee2019_SSVEP,DeepConvNet,1,45,0.95,0.985,FM-Full_A-None_AdaBN-F,100,100,100
Lee2019_SSVEP,DeepConvNet,1,46,0.94,0.995,FM-Full_A-None_AdaBN-F,100,100,100
Lee2019_SSVEP,DeepConvNet,1,49,0.99,1.0,FM-Full_A-None_AdaBN-F,100,100,100
Lee2019_SSVEP,DeepConvNet,1,50,0.985,1.0,FM-Full_A-None_AdaBN-F,100,100,100
Lee2019_SSVEP,DeepConvNet,1,51,0.82,0.845,FM-Full_A-None_AdaBN-F,100,100,100
Lee2019_SSVEP,DeepConvNet,1,53,1.0,1.0,FM-Full_A-None_AdaBN-F,100,100,100
Lee2019_SSVEP,DeepConvNet,2,1,0.955,0.93,FM-Full_A-None_AdaBN-F,100,100,100
Lee2019_SSVEP,DeepConvNet,2,2,0.995,0.99,FM-Full_A-None_AdaBN-F,100,100,100
Lee2019_SSVEP,DeepConvNet,2,3,0.925,0.935,FM-Full_A-None_AdaBN-F,100,100,100
Lee2019_SSVEP,DeepConvNet,2,8,0.97,0.965,FM-Full_A-None_AdaBN-F,100,100,100
Lee2019_SSVEP,DeepConvNet,2,11,1.0,1.0,FM-Full_A-None_AdaBN-F,100,100,100
Lee2019_SSVEP,DeepConvNet,2,12,0.98,0.975,FM-Full_A-None_AdaBN-F,100,100,100
Lee2019_SSVEP,DeepConvNet,2,15,0.88,0.995,FM-Full_A-None_AdaBN-F,100,100,100
Lee2019_SSVEP,DeepConvNet,2,19,0.965,0.96,FM-Full_A-None_AdaBN-F,100,100,100
Lee2019_SSVEP,DeepConvNet,2,21,0.99,0.985,FM-Full_A-None_AdaBN-F,100,100,100
Lee2019_SSVEP,DeepConvNet,2,22,0.885,0.935,FM-Full_A-None_AdaBN-F,100,100,100
Lee2019_SSVEP,DeepConvNet,2,23,0.285,0.455,FM-Full_A-None_AdaBN-F,100,100,100
Lee2019_SSVEP,DeepConvNet,2,24,0.95,0.98,FM-Full_A-None_AdaBN-F,100,100,100
Lee2019_SSVEP,DeepConvNet,2,28,0.98,0.98,FM-Full_A-None_AdaBN-F,100,100,100
Lee2019_SSVEP,DeepConvNet,2,29,0.885,0.965,FM-Full_A-None_AdaBN-F,100,100,100
Lee2019_SSVEP,DeepConvNet,2,30,0.995,1.0,FM-Full_A-None_AdaBN-F,100,100,100
Lee2019_SSVEP,DeepConvNet,2,32,0.865,0.925,FM-Full_A-None_AdaBN-F,100,100,100
Lee2019_SSVEP,DeepConvNet,2,36,1.0,1.0,FM-Full_A-None_AdaBN-F,100,100,100
Lee2019_SSVEP,DeepConvNet,2,39,1.0,1.0,FM-Full_A-None_AdaBN-F,100,100,100
Lee2019_SSVEP,DeepConvNet,2,40,0.945,0.935,FM-Full_A-None_AdaBN-F,100,100,100
Lee2019_SSVEP,DeepConvNet,2,41,0.99,0.985,FM-Full_A-None_AdaBN-F,100,100,100
Lee2019_SSVEP,DeepConvNet,2,42,0.805,0.82,FM-Full_A-None_AdaBN-F,100,100,100
Lee2019_SSVEP,DeepConvNet,2,43,1.0,1.0,FM-Full_A-None_AdaBN-F,100,100,100
Lee2019_SSVEP,DeepConvNet,2,44,0.99,1.0,FM-Full_A-None_AdaBN-F,100,100,100
Lee2019_SSVEP,DeepConvNet,2,47,0.62,0.64,FM-Full_A-None_AdaBN-F,100,100,100
Lee2019_SSVEP,DeepConvNet,2,48,0.995,0.995,FM-Full_A-None_AdaBN-F,100,100,100
Lee2019_SSVEP,DeepConvNet,2,52,0.995,0.995,FM-Full_A-None_AdaBN-F,100,100,100
Lee2019_SSVEP,DeepConvNet,2,54,0.76,0.89,FM-Full_A-None_AdaBN-F,100,100,100
Lee2019_SSVEP,EEGNetv4,1,4,1.0,1.0,FM-Full_A-None_AdaBN-F,100,100,100
Lee2019_SSVEP,EEGNetv4,1,5,0.8,0.845,FM-Full_A-None_AdaBN-F,100,100,100
Lee2019_SSVEP,EEGNetv4,1,6,0.975,1.0,FM-Full_A-None_AdaBN-F,100,100,100
Lee2019_SSVEP,EEGNetv4,1,7,0.955,0.99,FM-Full_A-None_AdaBN-F,100,100,100
Lee2019_SSVEP,EEGNetv4,1,9,0.98,0.99,FM-Full_A-None_AdaBN-F,100,100,100
Lee2019_SSVEP,EEGNetv4,1,10,0.995,0.995,FM-Full_A-None_AdaBN-F,100,100,100
Lee2019_SSVEP,EEGNetv4,1,13,0.945,0.995,FM-Full_A-None_AdaBN-F,100,100,100
Lee2019_SSVEP,EEGNetv4,1,14,0.885,0.96,FM-Full_A-None_AdaBN-F,100,100,100
Lee2019_SSVEP,EEGNetv4,1,16,0.995,0.995,FM-Full_A-None_AdaBN-F,100,100,100
Lee2019_SSVEP,EEGNetv4,1,17,0.905,0.97,FM-Full_A-None_AdaBN-F,100,100,100
Lee2019_SSVEP,EEGNetv4,1,18,0.99,0.99,FM-Full_A-None_AdaBN-F,100,100,100
Lee2019_SSVEP,EEGNetv4,1,20,0.935,0.96,FM-Full_A-None_AdaBN-F,100,100,100
Lee2019_SSVEP,EEGNetv4,1,25,0.955,0.99,FM-Full_A-None_AdaBN-F,100,100,100
Lee2019_SSVEP,EEGNetv4,1,26,0.905,0.985,FM-Full_A-None_AdaBN-F,100,100,100
Lee2019_SSVEP,EEGNetv4,1,27,1.0,1.0,FM-Full_A-None_AdaBN-F,100,100,100
Lee2019_SSVEP,EEGNetv4,1,31,0.985,0.995,FM-Full_A-None_AdaBN-F,100,100,100
Lee2019_SSVEP,EEGNetv4,1,33,1.0,1.0,FM-Full_A-None_AdaBN-F,100,100,100
Lee2019_SSVEP,EEGNetv4,1,34,0.755,0.84,FM-Full_A-None_AdaBN-F,100,100,100
Lee2019_SSVEP,EEGNetv4,1,35,0.965,0.985,FM-Full_A-None_AdaBN-F,100,100,100
Lee2019_SSVEP,EEGNetv4,1,37,0.985,0.99,FM-Full_A-None_AdaBN-F,100,100,100
Lee2019_SSVEP,EEGNetv4,1,38,0.995,0.99,FM-Full_A-None_AdaBN-F,100,100,100
Lee2019_SSVEP,EEGNetv4,1,45,0.95,0.955,FM-Full_A-None_AdaBN-F,100,100,100
Lee2019_SSVEP,EEGNetv4,1,46,1.0,1.0,FM-Full_A-None_AdaBN-F,100,100,100
Lee2019_SSVEP,EEGNetv4,1,49,0.99,0.995,FM-Full_A-None_AdaBN-F,100,100,100
Lee2019_SSVEP,EEGNetv4,1,50,0.975,0.99,FM-Full_A-None_AdaBN-F,100,100,100
Lee2019_SSVEP,EEGNetv4,1,51,0.69,0.78,FM-Full_A-None_AdaBN-F,100,100,100
Lee2019_SSVEP,EEGNetv4,1,53,1.0,1.0,FM-Full_A-None_AdaBN-F,100,100,100
Lee2019_SSVEP,EEGNetv4,2,1,0.95,0.955,FM-Full_A-None_AdaBN-F,100,100,100
Lee2019_SSVEP,EEGNetv4,2,2,0.985,0.99,FM-Full_A-None_AdaBN-F,100,100,100
Lee2019_SSVEP,EEGNetv4,2,3,0.95,0.945,FM-Full_A-None_AdaBN-F,100,100,100
Lee2019_SSVEP,EEGNetv4,2,8,0.935,0.955,FM-Full_A-None_AdaBN-F,100,100,100
Lee2019_SSVEP,EEGNetv4,2,11,0.995,1.0,FM-Full_A-None_AdaBN-F,100,100,100
Lee2019_SSVEP,EEGNetv4,2,12,0.97,0.96,FM-Full_A-None_AdaBN-F,100,100,100
Lee2019_SSVEP,EEGNetv4,2,15,0.865,0.985,FM-Full_A-None_AdaBN-F,100,100,100
Lee2019_SSVEP,EEGNetv4,2,19,0.99,0.99,FM-Full_A-None_AdaBN-F,100,100,100
Lee2019_SSVEP,EEGNetv4,2,21,0.96,0.975,FM-Full_A-None_AdaBN-F,100,100,100
Lee2019_SSVEP,EEGNetv4,2,22,0.89,0.91,FM-Full_A-None_AdaBN-F,100,100,100
Lee2019_SSVEP,EEGNetv4,2,23,0.33,0.59,FM-Full_A-None_AdaBN-F,100,100,100
Lee2019_SSVEP,EEGNetv4,2,24,0.985,0.99,FM-Full_A-None_AdaBN-F,100,100,100
Lee2019_SSVEP,EEGNetv4,2,28,0.985,0.99,FM-Full_A-None_AdaBN-F,100,100,100
Lee2019_SSVEP,EEGNetv4,2,29,0.935,0.965,FM-Full_A-None_AdaBN-F,100,100,100
Lee2019_SSVEP,EEGNetv4,2,30,,,FM-Full_A-None_AdaBN-F,100,100,100
Lee2019_SSVEP,EEGNetv4,2,32,0.67,0.865,FM-Full_A-None_AdaBN-F,100,100,100
Lee2019_SSVEP,EEGNetv4,2,36,1.0,1.0,FM-Full_A-None_AdaBN-F,100,100,100
Lee2019_SSVEP,EEGNetv4,2,39,0.995,1.0,FM-Full_A-None_AdaBN-F,100,100,100
Lee2019_SSVEP,EEGNetv4,2,40,0.95,0.95,FM-Full_A-None_AdaBN-F,100,100,100
Lee2019_SSVEP,EEGNetv4,2,41,0.98,0.98,FM-Full_A-None_AdaBN-F,100,100,100
Lee2019_SSVEP,EEGNetv4,2,42,0.81,0.83,FM-Full_A-None_AdaBN-F,100,100,100
Lee2019_SSVEP,EEGNetv4,2,43,1.0,1.0,FM-Full_A-None_AdaBN-F,100,100,100
Lee2019_SSVEP,EEGNetv4,2,44,,,FM-Full_A-None_AdaBN-F,100,100,100
Lee2019_SSVEP,EEGNetv4,2,47,0.65,0.63,FM-Full_A-None_AdaBN-F,100,100,100
Lee2019_SSVEP,EEGNetv4,2,48,0.995,1.0,FM-Full_A-None_AdaBN-F,100,100,100
Lee2019_SSVEP,EEGNetv4,2,52,0.935,0.965,FM-Full_A-None_AdaBN-F,100,100,100
Lee2019_SSVEP,EEGNetv4,2,54,0.74,0.86,FM-Full_A-None_AdaBN-F,100,100,100
Lee2019_SSVEP,ShallowConvNet,1,4,0.995,0.99,FM-Full_A-None_AdaBN-F,100,100,100
Lee2019_SSVEP,ShallowConvNet,1,5,0.705,0.7,FM-Full_A-None_AdaBN-F,100,100,100
Lee2019_SSVEP,ShallowConvNet,1,6,0.905,0.98,FM-Full_A-None_AdaBN-F,100,100,100
Lee2019_SSVEP,ShallowConvNet,1,7,0.945,0.975,FM-Full_A-None_AdaBN-F,100,100,100
Lee2019_SSVEP,ShallowConvNet,1,9,0.7,0.895,FM-Full_A-None_AdaBN-F,100,100,100
Lee2019_SSVEP,ShallowConvNet,1,10,0.895,0.985,FM-Full_A-None_AdaBN-F,100,100,100
Lee2019_SSVEP,ShallowConvNet,1,13,0.76,0.855,FM-Full_A-None_AdaBN-F,100,100,100
Lee2019_SSVEP,ShallowConvNet,1,14,0.755,0.86,FM-Full_A-None_AdaBN-F,100,100,100
Lee2019_SSVEP,ShallowConvNet,1,16,0.905,0.95,FM-Full_A-None_AdaBN-F,100,100,100
Lee2019_SSVEP,ShallowConvNet,1,17,0.695,0.935,FM-Full_A-None_AdaBN-F,100,100,100
Lee2019_SSVEP,ShallowConvNet,1,18,0.945,0.985,FM-Full_A-None_AdaBN-F,100,100,100
Lee2019_SSVEP,ShallowConvNet,1,20,0.805,0.835,FM-Full_A-None_AdaBN-F,100,100,100
Lee2019_SSVEP,ShallowConvNet,1,25,0.83,0.88,FM-Full_A-None_AdaBN-F,100,100,100
Lee2019_SSVEP,ShallowConvNet,1,26,0.82,0.96,FM-Full_A-None_AdaBN-F,100,100,100
Lee2019_SSVEP,ShallowConvNet,1,27,0.9,0.99,FM-Full_A-None_AdaBN-F,100,100,100
Lee2019_SSVEP,ShallowConvNet,1,31,0.99,0.99,FM-Full_A-None_AdaBN-F,100,100,100
Lee2019_SSVEP,ShallowConvNet,1,33,0.79,0.915,FM-Full_A-None_AdaBN-F,100,100,100
Lee2019_SSVEP,ShallowConvNet,1,34,0.655,0.695,FM-Full_A-None_AdaBN-F,100,100,100
Lee2019_SSVEP,ShallowConvNet,1,35,0.64,0.81,FM-Full_A-None_AdaBN-F,100,100,100
Lee2019_SSVEP,ShallowConvNet,1,37,0.925,0.96,FM-Full_A-None_AdaBN-F,100,100,100
Lee2019_SSVEP,ShallowConvNet,1,38,0.73,0.935,FM-Full_A-None_AdaBN-F,100,100,100
Lee2019_SSVEP,ShallowConvNet,1,45,0.835,0.89,FM-Full_A-None_AdaBN-F,100,100,100
Lee2019_SSVEP,ShallowConvNet,1,46,0.785,0.9,FM-Full_A-None_AdaBN-F,100,100,100
Lee2019_SSVEP,ShallowConvNet,1,49,0.885,0.955,FM-Full_A-None_AdaBN-F,100,100,100
Lee2019_SSVEP,ShallowConvNet,1,50,0.8,0.91,FM-Full_A-None_AdaBN-F,100,100,100
Lee2019_SSVEP,ShallowConvNet,1,51,0.63,0.7,FM-Full_A-None_AdaBN-F,100,100,100
Lee2019_SSVEP,ShallowConvNet,1,53,0.82,0.96,FM-Full_A-None_AdaBN-F,100,100,100
Lee2019_SSVEP,ShallowConvNet,2,1,0.845,0.87,FM-Full_A-None_AdaBN-F,100,100,100
Lee2019_SSVEP,ShallowConvNet,2,2,0.94,0.965,FM-Full_A-None_AdaBN-F,100,100,100
Lee2019_SSVEP,ShallowConvNet,2,3,0.855,0.945,FM-Full_A-None_AdaBN-F,100,100,100
Lee2019_SSVEP,ShallowConvNet,2,8,0.705,0.85,FM-Full_A-None_AdaBN-F,100,100,100
Lee2019_SSVEP,ShallowConvNet,2,11,,,FM-Full_A-None_AdaBN-F,100,100,100
Lee2019_SSVEP,ShallowConvNet,2,12,0.945,0.945,FM-Full_A-None_AdaBN-F,100,100,100
Lee2019_SSVEP,ShallowConvNet,2,15,0.605,0.935,FM-Full_A-None_AdaBN-F,100,100,100
Lee2019_SSVEP,ShallowConvNet,2,19,0.685,0.895,FM-Full_A-None_AdaBN-F,100,100,100
Lee2019_SSVEP,ShallowConvNet,2,21,0.9,0.955,FM-Full_A-None_AdaBN-F,100,100,100
Lee2019_SSVEP,ShallowConvNet,2,22,0.6,0.785,FM-Full_A-None_AdaBN-F,100,100,100
Lee2019_SSVEP,ShallowConvNet,2,23,0.4,0.52,FM-Full_A-None_AdaBN-F,100,100,100
Lee2019_SSVEP,ShallowConvNet,2,24,0.775,0.915,FM-Full_A-None_AdaBN-F,100,100,100
Lee2019_SSVEP,ShallowConvNet,2,28,0.935,0.95,FM-Full_A-None_AdaBN-F,100,100,100
Lee2019_SSVEP,ShallowConvNet,2,29,0.755,0.865,FM-Full_A-None_AdaBN-F,100,100,100
Lee2019_SSVEP,ShallowConvNet,2,30,0.85,0.965,FM-Full_A-None_AdaBN-F,100,100,100
Lee2019_SSVEP,ShallowConvNet,2,32,0.27,0.7,FM-Full_A-None_AdaBN-F,100,100,100
Lee2019_SSVEP,ShallowConvNet,2,36,0.95,0.995,FM-Full_A-None_AdaBN-F,100,100,100
Lee2019_SSVEP,ShallowConvNet,2,39,0.92,0.96,FM-Full_A-None_AdaBN-F,100,100,100
Lee2019_SSVEP,ShallowConvNet,2,40,0.835,0.885,FM-Full_A-None_AdaBN-F,100,100,100
Lee2019_SSVEP,ShallowConvNet,2,41,0.97,0.97,FM-Full_A-None_AdaBN-F,100,100,100
Lee2019_SSVEP,ShallowConvNet,2,42,0.8,0.785,FM-Full_A-None_AdaBN-F,100,100,100
Lee2019_SSVEP,ShallowConvNet,2,43,0.99,0.99,FM-Full_A-None_AdaBN-F,100,100,100
Lee2019_SSVEP,ShallowConvNet,2,44,0.99,0.99,FM-Full_A-None_AdaBN-F,100,100,100
Lee2019_SSVEP,ShallowConvNet,2,47,0.625,0.605,FM-Full_A-None_AdaBN-F,100,100,100
Lee2019_SSVEP,ShallowConvNet,2,48,0.905,0.98,FM-Full_A-None_AdaBN-F,100,100,100
Lee2019_SSVEP,ShallowConvNet,2,52,0.87,0.97,FM-Full_A-None_AdaBN-F,100,100,100
Lee2019_SSVEP,ShallowConvNet,2,54,0.715,0.83,FM-Full_A-None_AdaBN-F,100,100,100
Lee2019_SSVEP,EEGNetv4,1,4,0.995,0.995,FM-Full_A-None_AdaBN-F,150,150,150
Lee2019_SSVEP,EEGNetv4,1,5,0.785,0.83,FM-Full_A-None_AdaBN-F,150,150,150
Lee2019_SSVEP,EEGNetv4,1,6,0.99,1.0,FM-Full_A-None_AdaBN-F,150,150,150
Lee2019_SSVEP,EEGNetv4,1,7,0.975,0.995,FM-Full_A-None_AdaBN-F,150,150,150
Lee2019_SSVEP,EEGNetv4,1,9,0.985,1.0,FM-Full_A-None_AdaBN-F,150,150,150
Lee2019_SSVEP,EEGNetv4,1,10,0.975,0.995,FM-Full_A-None_AdaBN-F,150,150,150
Lee2019_SSVEP,EEGNetv4,1,13,0.93,0.985,FM-Full_A-None_AdaBN-F,150,150,150
Lee2019_SSVEP,EEGNetv4,1,14,0.89,0.96,FM-Full_A-None_AdaBN-F,150,150,150
Lee2019_SSVEP,EEGNetv4,1,16,0.995,0.995,FM-Full_A-None_AdaBN-F,150,150,150
Lee2019_SSVEP,EEGNetv4,1,17,0.93,0.965,FM-Full_A-None_AdaBN-F,150,150,150
Lee2019_SSVEP,EEGNetv4,1,18,0.99,0.99,FM-Full_A-None_AdaBN-F,150,150,150
Lee2019_SSVEP,EEGNetv4,1,20,0.95,0.975,FM-Full_A-None_AdaBN-F,150,150,150
Lee2019_SSVEP,EEGNetv4,1,25,0.94,0.97,FM-Full_A-None_AdaBN-F,150,150,150
Lee2019_SSVEP,EEGNetv4,1,26,0.925,0.99,FM-Full_A-None_AdaBN-F,150,150,150
Lee2019_SSVEP,EEGNetv4,1,27,1.0,1.0,FM-Full_A-None_AdaBN-F,150,150,150
Lee2019_SSVEP,EEGNetv4,1,31,0.995,0.995,FM-Full_A-None_AdaBN-F,150,150,150
Lee2019_SSVEP,EEGNetv4,1,33,0.985,1.0,FM-Full_A-None_AdaBN-F,150,150,150
Lee2019_SSVEP,EEGNetv4,1,34,0.715,0.825,FM-Full_A-None_AdaBN-F,150,150,150
Lee2019_SSVEP,EEGNetv4,1,35,0.96,0.985,FM-Full_A-None_AdaBN-F,150,150,150
Lee2019_SSVEP,EEGNetv4,1,37,0.995,0.995,FM-Full_A-None_AdaBN-F,150,150,150
Lee2019_SSVEP,EEGNetv4,1,38,0.995,0.99,FM-Full_A-None_AdaBN-F,150,150,150
Lee2019_SSVEP,EEGNetv4,1,45,0.96,0.96,FM-Full_A-None_AdaBN-F,150,150,150
Lee2019_SSVEP,EEGNetv4,1,46,0.995,0.995,FM-Full_A-None_AdaBN-F,150,150,150
Lee2019_SSVEP,EEGNetv4,1,49,0.995,1.0,FM-Full_A-None_AdaBN-F,150,150,150
Lee2019_SSVEP,EEGNetv4,1,50,0.985,0.995,FM-Full_A-None_AdaBN-F,150,150,150
Lee2019_SSVEP,EEGNetv4,1,51,0.775,0.825,FM-Full_A-None_AdaBN-F,150,150,150
Lee2019_SSVEP,EEGNetv4,1,53,1.0,1.0,FM-Full_A-None_AdaBN-F,150,150,150
Lee2019_SSVEP,EEGNetv4,2,1,0.95,0.95,FM-Full_A-None_AdaBN-F,150,150,150
Lee2019_SSVEP,EEGNetv4,2,2,0.99,0.99,FM-Full_A-None_AdaBN-F,150,150,150
Lee2019_SSVEP,EEGNetv4,2,3,0.935,0.94,FM-Full_A-None_AdaBN-F,150,150,150
Lee2019_SSVEP,EEGNetv4,2,8,0.94,0.94,FM-Full_A-None_AdaBN-F,150,150,150
Lee2019_SSVEP,EEGNetv4,2,11,0.995,1.0,FM-Full_A-None_AdaBN-F,150,150,150
Lee2019_SSVEP,EEGNetv4,2,12,0.975,0.96,FM-Full_A-None_AdaBN-F,150,150,150
Lee2019_SSVEP,EEGNetv4,2,15,0.9,0.995,FM-Full_A-None_AdaBN-F,150,150,150
Lee2019_SSVEP,EEGNetv4,2,19,0.995,0.98,FM-Full_A-None_AdaBN-F,150,150,150
Lee2019_SSVEP,EEGNetv4,2,21,0.945,0.975,FM-Full_A-None_AdaBN-F,150,150,150
Lee2019_SSVEP,EEGNetv4,2,22,0.925,0.895,FM-Full_A-None_AdaBN-F,150,150,150
Lee2019_SSVEP,EEGNetv4,2,23,0.325,0.55,FM-Full_A-None_AdaBN-F,150,150,150
Lee2019_SSVEP,EEGNetv4,2,24,0.975,0.99,FM-Full_A-None_AdaBN-F,150,150,150
Lee2019_SSVEP,EEGNetv4,2,28,0.98,0.98,FM-Full_A-None_AdaBN-F,150,150,150
Lee2019_SSVEP,EEGNetv4,2,29,0.95,0.965,FM-Full_A-None_AdaBN-F,150,150,150
Lee2019_SSVEP,EEGNetv4,2,30,,,FM-Full_A-None_AdaBN-F,150,150,150
Lee2019_SSVEP,EEGNetv4,2,32,0.7,0.87,FM-Full_A-None_AdaBN-F,150,150,150
Lee2019_SSVEP,EEGNetv4,2,36,1.0,1.0,FM-Full_A-None_AdaBN-F,150,150,150
Lee2019_SSVEP,EEGNetv4,2,39,1.0,1.0,FM-Full_A-None_AdaBN-F,150,150,150
Lee2019_SSVEP,EEGNetv4,2,40,0.945,0.94,FM-Full_A-None_AdaBN-F,150,150,150
Lee2019_SSVEP,EEGNetv4,2,41,0.97,1.0,FM-Full_A-None_AdaBN-F,150,150,150
Lee2019_SSVEP,EEGNetv4,2,42,0.82,0.8,FM-Full_A-None_AdaBN-F,150,150,150
Lee2019_SSVEP,EEGNetv4,2,43,1.0,1.0,FM-Full_A-None_AdaBN-F,150,150,150
Lee2019_SSVEP,EEGNetv4,2,44,0.995,0.995,FM-Full_A-None_AdaBN-F,150,150,150
Lee2019_SSVEP,EEGNetv4,2,47,0.66,0.66,FM-Full_A-None_AdaBN-F,150,150,150
Lee2019_SSVEP,EEGNetv4,2,48,0.995,1.0,FM-Full_A-None_AdaBN-F,150,150,150
Lee2019_SSVEP,EEGNetv4,2,52,0.92,0.945,FM-Full_A-None_AdaBN-F,150,150,150
Lee2019_SSVEP,EEGNetv4,2,54,0.705,0.86,FM-Full_A-None_AdaBN-F,150,150,150
Lee2019_SSVEP,ShallowConvNet,1,4,1.0,1.0,FM-Full_A-None_AdaBN-F,150,150,150
Lee2019_SSVEP,ShallowConvNet,1,5,0.755,0.765,FM-Full_A-None_AdaBN-F,150,150,150
Lee2019_SSVEP,ShallowConvNet,1,6,0.985,1.0,FM-Full_A-None_AdaBN-F,150,150,150
Lee2019_SSVEP,ShallowConvNet,1,7,0.995,0.995,FM-Full_A-None_AdaBN-F,150,150,150
Lee2019_SSVEP,ShallowConvNet,1,9,0.805,0.955,FM-Full_A-None_AdaBN-F,150,150,150
Lee2019_SSVEP,ShallowConvNet,1,10,0.855,0.955,FM-Full_A-None_AdaBN-F,150,150,150
Lee2019_SSVEP,ShallowConvNet,1,13,0.845,0.94,FM-Full_A-None_AdaBN-F,150,150,150
Lee2019_SSVEP,ShallowConvNet,1,14,0.81,0.915,FM-Full_A-None_AdaBN-F,150,150,150
Lee2019_SSVEP,ShallowConvNet,1,16,0.965,0.97,FM-Full_A-None_AdaBN-F,150,150,150
Lee2019_SSVEP,ShallowConvNet,1,17,0.825,0.91,FM-Full_A-None_AdaBN-F,150,150,150
Lee2019_SSVEP,ShallowConvNet,1,18,0.95,0.995,FM-Full_A-None_AdaBN-F,150,150,150
Lee2019_SSVEP,ShallowConvNet,1,20,0.895,0.915,FM-Full_A-None_AdaBN-F,150,150,150
Lee2019_SSVEP,ShallowConvNet,1,25,0.86,0.94,FM-Full_A-None_AdaBN-F,150,150,150
Lee2019_SSVEP,ShallowConvNet,1,26,0.91,0.995,FM-Full_A-None_AdaBN-F,150,150,150
Lee2019_SSVEP,ShallowConvNet,1,27,0.98,0.985,FM-Full_A-None_AdaBN-F,150,150,150
Lee2019_SSVEP,ShallowConvNet,1,31,1.0,1.0,FM-Full_A-None_AdaBN-F,150,150,150
Lee2019_SSVEP,ShallowConvNet,1,33,0.965,0.985,FM-Full_A-None_AdaBN-F,150,150,150
Lee2019_SSVEP,ShallowConvNet,1,34,0.65,0.755,FM-Full_A-None_AdaBN-F,150,150,150
Lee2019_SSVEP,ShallowConvNet,1,35,0.79,0.86,FM-Full_A-None_AdaBN-F,150,150,150
Lee2019_SSVEP,ShallowConvNet,1,37,0.995,0.985,FM-Full_A-None_AdaBN-F,150,150,150
Lee2019_SSVEP,ShallowConvNet,1,38,0.915,0.975,FM-Full_A-None_AdaBN-F,150,150,150
Lee2019_SSVEP,ShallowConvNet,1,45,0.85,0.92,FM-Full_A-None_AdaBN-F,150,150,150
Lee2019_SSVEP,ShallowConvNet,1,46,0.925,0.955,FM-Full_A-None_AdaBN-F,150,150,150
Lee2019_SSVEP,ShallowConvNet,1,49,0.97,0.98,FM-Full_A-None_AdaBN-F,150,150,150
Lee2019_SSVEP,ShallowConvNet,1,50,0.92,0.93,FM-Full_A-None_AdaBN-F,150,150,150
Lee2019_SSVEP,ShallowConvNet,1,51,0.715,0.73,FM-Full_A-None_AdaBN-F,150,150,150
Lee2019_SSVEP,ShallowConvNet,1,53,0.97,0.99,FM-Full_A-None_AdaBN-F,150,150,150
Lee2019_SSVEP,ShallowConvNet,2,1,0.915,0.925,FM-Full_A-None_AdaBN-F,150,150,150
Lee2019_SSVEP,ShallowConvNet,2,2,0.965,0.99,FM-Full_A-None_AdaBN-F,150,150,150
Lee2019_SSVEP,ShallowConvNet,2,3,0.875,0.945,FM-Full_A-None_AdaBN-F,150,150,150
Lee2019_SSVEP,ShallowConvNet,2,8,0.875,0.935,FM-Full_A-None_AdaBN-F,150,150,150
Lee2019_SSVEP,ShallowConvNet,2,11,1.0,1.0,FM-Full_A-None_AdaBN-F,150,150,150
Lee2019_SSVEP,ShallowConvNet,2,12,0.96,0.965,FM-Full_A-None_AdaBN-F,150,150,150
Lee2019_SSVEP,ShallowConvNet,2,15,0.765,0.955,FM-Full_A-None_AdaBN-F,150,150,150
Lee2019_SSVEP,ShallowConvNet,2,19,0.79,0.92,FM-Full_A-None_AdaBN-F,150,150,150
Lee2019_SSVEP,ShallowConvNet,2,21,0.875,0.955,FM-Full_A-None_AdaBN-F,150,150,150
Lee2019_SSVEP,ShallowConvNet,2,22,0.78,0.855,FM-Full_A-None_AdaBN-F,150,150,150
Lee2019_SSVEP,ShallowConvNet,2,23,0.425,0.54,FM-Full_A-None_AdaBN-F,150,150,150
Lee2019_SSVEP,ShallowConvNet,2,24,0.835,0.925,FM-Full_A-None_AdaBN-F,150,150,150
Lee2019_SSVEP,ShallowConvNet,2,28,0.935,0.94,FM-Full_A-None_AdaBN-F,150,150,150
Lee2019_SSVEP,ShallowConvNet,2,29,0.84,0.91,FM-Full_A-None_AdaBN-F,150,150,150
Lee2019_SSVEP,ShallowConvNet,2,30,0.99,0.985,FM-Full_A-None_AdaBN-F,150,150,150
Lee2019_SSVEP,ShallowConvNet,2,32,0.315,0.68,FM-Full_A-None_AdaBN-F,150,150,150
Lee2019_SSVEP,ShallowConvNet,2,36,0.995,1.0,FM-Full_A-None_AdaBN-F,150,150,150
Lee2019_SSVEP,ShallowConvNet,2,39,0.975,0.985,FM-Full_A-None_AdaBN-F,150,150,150
Lee2019_SSVEP,ShallowConvNet,2,40,0.885,0.875,FM-Full_A-None_AdaBN-F,150,150,150
Lee2019_SSVEP,ShallowConvNet,2,41,0.965,0.985,FM-Full_A-None_AdaBN-F,150,150,150
Lee2019_SSVEP,ShallowConvNet,2,42,0.835,0.78,FM-Full_A-None_AdaBN-F,150,150,150
Lee2019_SSVEP,ShallowConvNet,2,43,0.99,0.99,FM-Full_A-None_AdaBN-F,150,150,150
Lee2019_SSVEP,ShallowConvNet,2,44,1.0,0.995,FM-Full_A-None_AdaBN-F,150,150,150
Lee2019_SSVEP,ShallowConvNet,2,47,0.63,0.61,FM-Full_A-None_AdaBN-F,150,150,150
Lee2019_SSVEP,ShallowConvNet,2,48,0.985,0.995,FM-Full_A-None_AdaBN-F,150,150,150
Lee2019_SSVEP,ShallowConvNet,2,52,0.855,0.965,FM-Full_A-None_AdaBN-F,150,150,150
Lee2019_SSVEP,ShallowConvNet,2,54,0.59,0.805,FM-Full_A-None_AdaBN-F,150,150,150
Lee2019_SSVEP,DeepConvNet,1,4,1.0,1.0,FM-Full_A-None_AdaBN-F,150,150,150
Lee2019_SSVEP,DeepConvNet,1,5,0.875,0.865,FM-Full_A-None_AdaBN-F,150,150,150
Lee2019_SSVEP,DeepConvNet,1,6,0.995,1.0,FM-Full_A-None_AdaBN-F,150,150,150
Lee2019_SSVEP,DeepConvNet,1,7,1.0,1.0,FM-Full_A-None_AdaBN-F,150,150,150
Lee2019_SSVEP,DeepConvNet,1,9,0.995,0.985,FM-Full_A-None_AdaBN-F,150,150,150
Lee2019_SSVEP,DeepConvNet,1,10,1.0,1.0,FM-Full_A-None_AdaBN-F,150,150,150
Lee2019_SSVEP,DeepConvNet,1,13,0.935,0.99,FM-Full_A-None_AdaBN-F,150,150,150
Lee2019_SSVEP,DeepConvNet,1,14,0.9,0.975,FM-Full_A-None_AdaBN-F,150,150,150
Lee2019_SSVEP,DeepConvNet,1,16,1.0,1.0,FM-Full_A-None_AdaBN-F,150,150,150
Lee2019_SSVEP,DeepConvNet,1,17,1.0,0.995,FM-Full_A-None_AdaBN-F,150,150,150
Lee2019_SSVEP,DeepConvNet,1,18,0.995,0.995,FM-Full_A-None_AdaBN-F,150,150,150
Lee2019_SSVEP,DeepConvNet,1,20,0.995,0.99,FM-Full_A-None_AdaBN-F,150,150,150
Lee2019_SSVEP,DeepConvNet,1,25,0.965,0.98,FM-Full_A-None_AdaBN-F,150,150,150
Lee2019_SSVEP,DeepConvNet,1,26,0.99,0.985,FM-Full_A-None_AdaBN-F,150,150,150
Lee2019_SSVEP,DeepConvNet,1,27,1.0,1.0,FM-Full_A-None_AdaBN-F,150,150,150
Lee2019_SSVEP,DeepConvNet,1,31,1.0,1.0,FM-Full_A-None_AdaBN-F,150,150,150
Lee2019_SSVEP,DeepConvNet,1,33,0.995,1.0,FM-Full_A-None_AdaBN-F,150,150,150
Lee2019_SSVEP,DeepConvNet,1,34,0.75,0.85,FM-Full_A-None_AdaBN-F,150,150,150
Lee2019_SSVEP,DeepConvNet,1,35,0.98,0.99,FM-Full_A-None_AdaBN-F,150,150,150
Lee2019_SSVEP,DeepConvNet,1,37,0.995,0.99,FM-Full_A-None_AdaBN-F,150,150,150
Lee2019_SSVEP,DeepConvNet,1,38,0.995,0.995,FM-Full_A-None_AdaBN-F,150,150,150
Lee2019_SSVEP,DeepConvNet,1,45,0.945,0.98,FM-Full_A-None_AdaBN-F,150,150,150
Lee2019_SSVEP,DeepConvNet,1,46,0.96,0.995,FM-Full_A-None_AdaBN-F,150,150,150
Lee2019_SSVEP,DeepConvNet,1,49,1.0,1.0,FM-Full_A-None_AdaBN-F,150,150,150
Lee2019_SSVEP,DeepConvNet,1,50,1.0,1.0,FM-Full_A-None_AdaBN-F,150,150,150
Lee2019_SSVEP,DeepConvNet,1,51,0.825,0.87,FM-Full_A-None_AdaBN-F,150,150,150
Lee2019_SSVEP,DeepConvNet,1,53,1.0,1.0,FM-Full_A-None_AdaBN-F,150,150,150
Lee2019_SSVEP,DeepConvNet,2,1,0.975,0.96,FM-Full_A-None_AdaBN-F,150,150,150
Lee2019_SSVEP,DeepConvNet,2,2,0.995,0.995,FM-Full_A-None_AdaBN-F,150,150,150
Lee2019_SSVEP,DeepConvNet,2,3,0.945,0.94,FM-Full_A-None_AdaBN-F,150,150,150
Lee2019_SSVEP,DeepConvNet,2,8,0.97,0.965,FM-Full_A-None_AdaBN-F,150,150,150
Lee2019_SSVEP,DeepConvNet,2,11,1.0,1.0,FM-Full_A-None_AdaBN-F,150,150,150
Lee2019_SSVEP,DeepConvNet,2,12,0.985,0.975,FM-Full_A-None_AdaBN-F,150,150,150
Lee2019_SSVEP,DeepConvNet,2,15,0.865,0.99,FM-Full_A-None_AdaBN-F,150,150,150
Lee2019_SSVEP,DeepConvNet,2,19,0.975,0.98,FM-Full_A-None_AdaBN-F,150,150,150
Lee2019_SSVEP,DeepConvNet,2,21,0.99,0.99,FM-Full_A-None_AdaBN-F,150,150,150
Lee2019_SSVEP,DeepConvNet,2,22,0.88,0.94,FM-Full_A-None_AdaBN-F,150,150,150
Lee2019_SSVEP,DeepConvNet,2,23,0.275,0.49,FM-Full_A-None_AdaBN-F,150,150,150
Lee2019_SSVEP,DeepConvNet,2,24,0.96,0.99,FM-Full_A-None_AdaBN-F,150,150,150
Lee2019_SSVEP,DeepConvNet,2,28,0.975,0.985,FM-Full_A-None_AdaBN-F,150,150,150
Lee2019_SSVEP,DeepConvNet,2,29,0.95,0.97,FM-Full_A-None_AdaBN-F,150,150,150
Lee2019_SSVEP,DeepConvNet,2,30,0.985,0.99,FM-Full_A-None_AdaBN-F,150,150,150
Lee2019_SSVEP,DeepConvNet,2,32,0.885,0.975,FM-Full_A-None_AdaBN-F,150,150,150
Lee2019_SSVEP,DeepConvNet,2,36,1.0,1.0,FM-Full_A-None_AdaBN-F,150,150,150
Lee2019_SSVEP,DeepConvNet,2,39,1.0,1.0,FM-Full_A-None_AdaBN-F,150,150,150
Lee2019_SSVEP,DeepConvNet,2,40,0.965,0.945,FM-Full_A-None_AdaBN-F,150,150,150
Lee2019_SSVEP,DeepConvNet,2,41,0.99,0.995,FM-Full_A-None_AdaBN-F,150,150,150
Lee2019_SSVEP,DeepConvNet,2,42,0.84,0.82,FM-Full_A-None_AdaBN-F,150,150,150
Lee2019_SSVEP,DeepConvNet,2,43,1.0,1.0,FM-Full_A-None_AdaBN-F,150,150,150
Lee2019_SSVEP,DeepConvNet,2,44,0.995,1.0,FM-Full_A-None_AdaBN-F,150,150,150
Lee2019_SSVEP,DeepConvNet,2,47,0.615,0.62,FM-Full_A-None_AdaBN-F,150,150,150
Lee2019_SSVEP,DeepConvNet,2,48,0.995,0.995,FM-Full_A-None_AdaBN-F,150,150,150
Lee2019_SSVEP,DeepConvNet,2,52,0.99,1.0,FM-Full_A-None_AdaBN-F,150,150,150
Lee2019_SSVEP,DeepConvNet,2,54,0.74,0.915,FM-Full_A-None_AdaBN-F,150,150,150
Lee2019_SSVEP,ATCNet,1,4,0.995,0.995,FM-Full_A-None_AdaBN-F,150,150,150
Lee2019_SSVEP,ATCNet,1,5,0.83,0.815,FM-Full_A-None_AdaBN-F,150,150,150
Lee2019_SSVEP,ATCNet,1,6,1.0,1.0,FM-Full_A-None_AdaBN-F,150,150,150
Lee2019_SSVEP,ATCNet,1,7,1.0,1.0,FM-Full_A-None_AdaBN-F,150,150,150
Lee2019_SSVEP,ATCNet,1,9,0.965,0.985,FM-Full_A-None_AdaBN-F,150,150,150
Lee2019_SSVEP,ATCNet,1,10,1.0,1.0,FM-Full_A-None_AdaBN-F,150,150,150
Lee2019_SSVEP,ATCNet,1,13,0.97,0.995,FM-Full_A-None_AdaBN-F,150,150,150
Lee2019_SSVEP,ATCNet,1,14,0.835,0.96,FM-Full_A-None_AdaBN-F,150,150,150
Lee2019_SSVEP,ATCNet,1,16,0.995,0.995,FM-Full_A-None_AdaBN-F,150,150,150
Lee2019_SSVEP,ATCNet,1,17,0.855,0.96,FM-Full_A-None_AdaBN-F,150,150,150
Lee2019_SSVEP,ATCNet,1,18,0.985,0.975,FM-Full_A-None_AdaBN-F,150,150,150
Lee2019_SSVEP,ATCNet,1,20,0.98,0.975,FM-Full_A-None_AdaBN-F,150,150,150
Lee2019_SSVEP,ATCNet,1,25,0.965,0.97,FM-Full_A-None_AdaBN-F,150,150,150
Lee2019_SSVEP,ATCNet,1,26,1.0,0.995,FM-Full_A-None_AdaBN-F,150,150,150
Lee2019_SSVEP,ATCNet,1,27,1.0,0.99,FM-Full_A-None_AdaBN-F,150,150,150
Lee2019_SSVEP,ATCNet,1,31,1.0,1.0,FM-Full_A-None_AdaBN-F,150,150,150
Lee2019_SSVEP,ATCNet,1,33,0.98,1.0,FM-Full_A-None_AdaBN-F,150,150,150
Lee2019_SSVEP,ATCNet,1,34,0.765,0.855,FM-Full_A-None_AdaBN-F,150,150,150
Lee2019_SSVEP,ATCNet,1,35,0.95,0.985,FM-Full_A-None_AdaBN-F,150,150,150
Lee2019_SSVEP,ATCNet,1,37,0.99,0.985,FM-Full_A-None_AdaBN-F,150,150,150
Lee2019_SSVEP,ATCNet,1,38,0.98,0.985,FM-Full_A-None_AdaBN-F,150,150,150
Lee2019_SSVEP,ATCNet,1,45,0.94,0.94,FM-Full_A-None_AdaBN-F,150,150,150
Lee2019_SSVEP,ATCNet,1,46,0.995,1.0,FM-Full_A-None_AdaBN-F,150,150,150
Lee2019_SSVEP,ATCNet,1,49,0.995,0.995,FM-Full_A-None_AdaBN-F,150,150,150
Lee2019_SSVEP,ATCNet,1,50,0.985,0.995,FM-Full_A-None_AdaBN-F,150,150,150
Lee2019_SSVEP,ATCNet,1,51,0.765,0.81,FM-Full_A-None_AdaBN-F,150,150,150
Lee2019_SSVEP,ATCNet,1,53,1.0,1.0,FM-Full_A-None_AdaBN-F,150,150,150
Lee2019_SSVEP,ATCNet,2,1,0.965,0.95,FM-Full_A-None_AdaBN-F,150,150,150
Lee2019_SSVEP,ATCNet,2,2,0.99,0.99,FM-Full_A-None_AdaBN-F,150,150,150
Lee2019_SSVEP,ATCNet,2,3,0.885,0.885,FM-Full_A-None_AdaBN-F,150,150,150
Lee2019_SSVEP,ATCNet,2,8,0.92,0.945,FM-Full_A-None_AdaBN-F,150,150,150
Lee2019_SSVEP,ATCNet,2,11,1.0,1.0,FM-Full_A-None_AdaBN-F,150,150,150
Lee2019_SSVEP,ATCNet,2,12,0.965,0.97,FM-Full_A-None_AdaBN-F,150,150,150
Lee2019_SSVEP,ATCNet,2,15,0.76,1.0,FM-Full_A-None_AdaBN-F,150,150,150
Lee2019_SSVEP,ATCNet,2,19,0.985,0.985,FM-Full_A-None_AdaBN-F,150,150,150
Lee2019_SSVEP,ATCNet,2,21,0.94,0.985,FM-Full_A-None_AdaBN-F,150,150,150
Lee2019_SSVEP,ATCNet,2,22,0.845,0.89,FM-Full_A-None_AdaBN-F,150,150,150
Lee2019_SSVEP,ATCNet,2,23,0.395,0.57,FM-Full_A-None_AdaBN-F,150,150,150
Lee2019_SSVEP,ATCNet,2,24,0.96,0.975,FM-Full_A-None_AdaBN-F,150,150,150
Lee2019_SSVEP,ATCNet,2,28,0.97,0.97,FM-Full_A-None_AdaBN-F,150,150,150
Lee2019_SSVEP,ATCNet,2,29,0.92,0.96,FM-Full_A-None_AdaBN-F,150,150,150
Lee2019_SSVEP,ATCNet,2,30,0.98,1.0,FM-Full_A-None_AdaBN-F,150,150,150
Lee2019_SSVEP,ATCNet,2,32,0.875,0.96,FM-Full_A-None_AdaBN-F,150,150,150
Lee2019_SSVEP,ATCNet,2,36,1.0,1.0,FM-Full_A-None_AdaBN-F,150,150,150
Lee2019_SSVEP,ATCNet,2,39,0.995,1.0,FM-Full_A-None_AdaBN-F,150,150,150
Lee2019_SSVEP,ATCNet,2,40,0.9,0.925,FM-Full_A-None_AdaBN-F,150,150,150
Lee2019_SSVEP,ATCNet,2,41,0.98,0.99,FM-Full_A-None_AdaBN-F,150,150,150
Lee2019_SSVEP,ATCNet,2,42,0.79,0.765,FM-Full_A-None_AdaBN-F,150,150,150
Lee2019_SSVEP,ATCNet,2,43,1.0,1.0,FM-Full_A-None_AdaBN-F,150,150,150
Lee2019_SSVEP,ATCNet,2,44,0.99,0.98,FM-Full_A-None_AdaBN-F,150,150,150
Lee2019_SSVEP,ATCNet,2,47,0.655,0.635,FM-Full_A-None_AdaBN-F,150,150,150
Lee2019_SSVEP,ATCNet,2,48,1.0,0.995,FM-Full_A-None_AdaBN-F,150,150,150
Lee2019_SSVEP,ATCNet,2,52,0.995,1.0,FM-Full_A-None_AdaBN-F,150,150,150
Lee2019_SSVEP,ATCNet,2,54,0.765,0.88,FM-Full_A-None_AdaBN-F,150,150,150
Lee2019_SSVEP,ShallowConvNet,1,4,0.995,0.995,FM-Full_A-None_AdaBN-F,200,200,200
Lee2019_SSVEP,ShallowConvNet,1,5,0.74,0.75,FM-Full_A-None_AdaBN-F,200,200,200
Lee2019_SSVEP,ShallowConvNet,1,6,0.95,1.0,FM-Full_A-None_AdaBN-F,200,200,200
Lee2019_SSVEP,ShallowConvNet,1,7,0.98,0.995,FM-Full_A-None_AdaBN-F,200,200,200
Lee2019_SSVEP,ShallowConvNet,1,9,0.785,0.94,FM-Full_A-None_AdaBN-F,200,200,200
Lee2019_SSVEP,ShallowConvNet,1,10,0.91,0.955,FM-Full_A-None_AdaBN-F,200,200,200
Lee2019_SSVEP,ShallowConvNet,1,13,0.885,0.935,FM-Full_A-None_AdaBN-F,200,200,200
Lee2019_SSVEP,ShallowConvNet,1,14,0.875,0.93,FM-Full_A-None_AdaBN-F,200,200,200
Lee2019_SSVEP,ShallowConvNet,1,16,0.98,0.98,FM-Full_A-None_AdaBN-F,200,200,200
Lee2019_SSVEP,ShallowConvNet,1,17,0.85,0.935,FM-Full_A-None_AdaBN-F,200,200,200
Lee2019_SSVEP,ShallowConvNet,1,18,0.97,0.985,FM-Full_A-None_AdaBN-F,200,200,200
Lee2019_SSVEP,ShallowConvNet,1,20,0.87,0.915,FM-Full_A-None_AdaBN-F,200,200,200
Lee2019_SSVEP,ShallowConvNet,1,25,0.88,0.905,FM-Full_A-None_AdaBN-F,200,200,200
Lee2019_SSVEP,ShallowConvNet,1,26,0.96,0.97,FM-Full_A-None_AdaBN-F,200,200,200
Lee2019_SSVEP,ShallowConvNet,1,27,0.985,1.0,FM-Full_A-None_AdaBN-F,200,200,200
Lee2019_SSVEP,ShallowConvNet,1,31,1.0,1.0,FM-Full_A-None_AdaBN-F,200,200,200
Lee2019_SSVEP,ShallowConvNet,1,33,0.995,0.99,FM-Full_A-None_AdaBN-F,200,200,200
Lee2019_SSVEP,ShallowConvNet,1,34,0.65,0.75,FM-Full_A-None_AdaBN-F,200,200,200
Lee2019_SSVEP,ShallowConvNet,1,35,0.875,0.92,FM-Full_A-None_AdaBN-F,200,200,200
Lee2019_SSVEP,ShallowConvNet,1,37,0.985,0.98,FM-Full_A-None_AdaBN-F,200,200,200
Lee2019_SSVEP,ShallowConvNet,1,38,0.88,0.955,FM-Full_A-None_AdaBN-F,200,200,200
Lee2019_SSVEP,ShallowConvNet,1,45,0.83,0.935,FM-Full_A-None_AdaBN-F,200,200,200
Lee2019_SSVEP,ShallowConvNet,1,46,0.94,0.96,FM-Full_A-None_AdaBN-F,200,200,200
Lee2019_SSVEP,ShallowConvNet,1,49,0.965,0.98,FM-Full_A-None_AdaBN-F,200,200,200
Lee2019_SSVEP,ShallowConvNet,1,50,0.91,0.945,FM-Full_A-None_AdaBN-F,200,200,200
Lee2019_SSVEP,ShallowConvNet,1,51,0.75,0.775,FM-Full_A-None_AdaBN-F,200,200,200
Lee2019_SSVEP,ShallowConvNet,1,53,0.96,0.99,FM-Full_A-None_AdaBN-F,200,200,200
Lee2019_SSVEP,ShallowConvNet,2,1,0.94,0.94,FM-Full_A-None_AdaBN-F,200,200,200
Lee2019_SSVEP,ShallowConvNet,2,2,0.935,0.99,FM-Full_A-None_AdaBN-F,200,200,200
Lee2019_SSVEP,ShallowConvNet,2,3,0.855,0.91,FM-Full_A-None_AdaBN-F,200,200,200
Lee2019_SSVEP,ShallowConvNet,2,8,0.915,0.95,FM-Full_A-None_AdaBN-F,200,200,200
Lee2019_SSVEP,ShallowConvNet,2,11,1.0,1.0,FM-Full_A-None_AdaBN-F,200,200,200
Lee2019_SSVEP,ShallowConvNet,2,12,0.945,0.965,FM-Full_A-None_AdaBN-F,200,200,200
Lee2019_SSVEP,ShallowConvNet,2,15,0.795,0.955,FM-Full_A-None_AdaBN-F,200,200,200
Lee2019_SSVEP,ShallowConvNet,2,19,0.77,0.895,FM-Full_A-None_AdaBN-F,200,200,200
Lee2019_SSVEP,ShallowConvNet,2,21,0.925,0.98,FM-Full_A-None_AdaBN-F,200,200,200
Lee2019_SSVEP,ShallowConvNet,2,22,0.815,0.835,FM-Full_A-None_AdaBN-F,200,200,200
Lee2019_SSVEP,ShallowConvNet,2,23,0.38,0.52,FM-Full_A-None_AdaBN-F,200,200,200
Lee2019_SSVEP,ShallowConvNet,2,24,0.785,0.945,FM-Full_A-None_AdaBN-F,200,200,200
Lee2019_SSVEP,ShallowConvNet,2,28,0.97,0.975,FM-Full_A-None_AdaBN-F,200,200,200
Lee2019_SSVEP,ShallowConvNet,2,29,0.81,0.93,FM-Full_A-None_AdaBN-F,200,200,200
Lee2019_SSVEP,ShallowConvNet,2,30,0.97,0.985,FM-Full_A-None_AdaBN-F,200,200,200
Lee2019_SSVEP,ShallowConvNet,2,32,0.395,0.775,FM-Full_A-None_AdaBN-F,200,200,200
Lee2019_SSVEP,ShallowConvNet,2,36,0.995,1.0,FM-Full_A-None_AdaBN-F,200,200,200
Lee2019_SSVEP,ShallowConvNet,2,39,0.98,0.985,FM-Full_A-None_AdaBN-F,200,200,200
Lee2019_SSVEP,ShallowConvNet,2,40,0.75,0.885,FM-Full_A-None_AdaBN-F,200,200,200
Lee2019_SSVEP,ShallowConvNet,2,41,0.975,0.99,FM-Full_A-None_AdaBN-F,200,200,200
Lee2019_SSVEP,ShallowConvNet,2,42,0.805,0.795,FM-Full_A-None_AdaBN-F,200,200,200
Lee2019_SSVEP,ShallowConvNet,2,43,0.99,0.99,FM-Full_A-None_AdaBN-F,200,200,200
Lee2019_SSVEP,ShallowConvNet,2,44,1.0,1.0,FM-Full_A-None_AdaBN-F,200,200,200
Lee2019_SSVEP,ShallowConvNet,2,47,0.635,0.645,FM-Full_A-None_AdaBN-F,200,200,200
Lee2019_SSVEP,ShallowConvNet,2,48,0.98,0.995,FM-Full_A-None_AdaBN-F,200,200,200
Lee2019_SSVEP,ShallowConvNet,2,52,0.895,0.965,FM-Full_A-None_AdaBN-F,200,200,200
Lee2019_SSVEP,ShallowConvNet,2,54,0.49,0.755,FM-Full_A-None_AdaBN-F,200,200,200
Lee2019_SSVEP,DeepConvNet,1,4,1.0,1.0,FM-Full_A-None_AdaBN-F,200,200,200
Lee2019_SSVEP,DeepConvNet,1,5,0.845,0.87,FM-Full_A-None_AdaBN-F,200,200,200
Lee2019_SSVEP,DeepConvNet,1,6,1.0,1.0,FM-Full_A-None_AdaBN-F,200,200,200
Lee2019_SSVEP,DeepConvNet,1,7,1.0,1.0,FM-Full_A-None_AdaBN-F,200,200,200
Lee2019_SSVEP,DeepConvNet,1,9,0.99,0.99,FM-Full_A-None_AdaBN-F,200,200,200
Lee2019_SSVEP,DeepConvNet,1,10,1.0,1.0,FM-Full_A-None_AdaBN-F,200,200,200
Lee2019_SSVEP,DeepConvNet,1,13,0.95,0.99,FM-Full_A-None_AdaBN-F,200,200,200
Lee2019_SSVEP,DeepConvNet,1,14,0.9,0.965,FM-Full_A-None_AdaBN-F,200,200,200
Lee2019_SSVEP,DeepConvNet,1,16,1.0,1.0,FM-Full_A-None_AdaBN-F,200,200,200
Lee2019_SSVEP,DeepConvNet,1,17,0.985,0.99,FM-Full_A-None_AdaBN-F,200,200,200
Lee2019_SSVEP,DeepConvNet,1,18,0.995,0.995,FM-Full_A-None_AdaBN-F,200,200,200
Lee2019_SSVEP,DeepConvNet,1,20,1.0,0.98,FM-Full_A-None_AdaBN-F,200,200,200
Lee2019_SSVEP,DeepConvNet,1,25,0.965,0.99,FM-Full_A-None_AdaBN-F,200,200,200
Lee2019_SSVEP,DeepConvNet,1,26,0.99,0.995,FM-Full_A-None_AdaBN-F,200,200,200
Lee2019_SSVEP,DeepConvNet,1,27,0.995,0.995,FM-Full_A-None_AdaBN-F,200,200,200
Lee2019_SSVEP,DeepConvNet,1,31,1.0,1.0,FM-Full_A-None_AdaBN-F,200,200,200
Lee2019_SSVEP,DeepConvNet,1,33,1.0,1.0,FM-Full_A-None_AdaBN-F,200,200,200
Lee2019_SSVEP,DeepConvNet,1,34,0.785,0.815,FM-Full_A-None_AdaBN-F,200,200,200
Lee2019_SSVEP,DeepConvNet,1,35,0.99,0.995,FM-Full_A-None_AdaBN-F,200,200,200
Lee2019_SSVEP,DeepConvNet,1,37,0.99,0.98,FM-Full_A-None_AdaBN-F,200,200,200
Lee2019_SSVEP,DeepConvNet,1,38,0.99,0.995,FM-Full_A-None_AdaBN-F,200,200,200
Lee2019_SSVEP,DeepConvNet,1,45,0.96,0.97,FM-Full_A-None_AdaBN-F,200,200,200
Lee2019_SSVEP,DeepConvNet,1,46,0.955,1.0,FM-Full_A-None_AdaBN-F,200,200,200
Lee2019_SSVEP,DeepConvNet,1,49,1.0,1.0,FM-Full_A-None_AdaBN-F,200,200,200
Lee2019_SSVEP,DeepConvNet,1,50,0.995,1.0,FM-Full_A-None_AdaBN-F,200,200,200
Lee2019_SSVEP,DeepConvNet,1,51,0.83,0.875,FM-Full_A-None_AdaBN-F,200,200,200
Lee2019_SSVEP,DeepConvNet,1,53,1.0,1.0,FM-Full_A-None_AdaBN-F,200,200,200
Lee2019_SSVEP,DeepConvNet,2,1,0.965,0.97,FM-Full_A-None_AdaBN-F,200,200,200
Lee2019_SSVEP,DeepConvNet,2,2,0.99,0.995,FM-Full_A-None_AdaBN-F,200,200,200
Lee2019_SSVEP,DeepConvNet,2,3,0.935,0.94,FM-Full_A-None_AdaBN-F,200,200,200
Lee2019_SSVEP,DeepConvNet,2,8,0.98,0.97,FM-Full_A-None_AdaBN-F,200,200,200
Lee2019_SSVEP,DeepConvNet,2,11,1.0,1.0,FM-Full_A-None_AdaBN-F,200,200,200
Lee2019_SSVEP,DeepConvNet,2,12,0.985,0.98,FM-Full_A-None_AdaBN-F,200,200,200
Lee2019_SSVEP,DeepConvNet,2,15,0.9,0.995,FM-Full_A-None_AdaBN-F,200,200,200
Lee2019_SSVEP,DeepConvNet,2,19,0.98,0.98,FM-Full_A-None_AdaBN-F,200,200,200
Lee2019_SSVEP,DeepConvNet,2,21,0.995,1.0,FM-Full_A-None_AdaBN-F,200,200,200
Lee2019_SSVEP,DeepConvNet,2,22,0.92,0.96,FM-Full_A-None_AdaBN-F,200,200,200
Lee2019_SSVEP,DeepConvNet,2,23,0.255,0.505,FM-Full_A-None_AdaBN-F,200,200,200
Lee2019_SSVEP,DeepConvNet,2,24,0.975,0.99,FM-Full_A-None_AdaBN-F,200,200,200
Lee2019_SSVEP,DeepConvNet,2,28,0.975,0.985,FM-Full_A-None_AdaBN-F,200,200,200
Lee2019_SSVEP,DeepConvNet,2,29,0.925,0.985,FM-Full_A-None_AdaBN-F,200,200,200
Lee2019_SSVEP,DeepConvNet,2,30,0.995,1.0,FM-Full_A-None_AdaBN-F,200,200,200
Lee2019_SSVEP,DeepConvNet,2,32,0.905,0.97,FM-Full_A-None_AdaBN-F,200,200,200
Lee2019_SSVEP,DeepConvNet,2,36,1.0,1.0,FM-Full_A-None_AdaBN-F,200,200,200
Lee2019_SSVEP,DeepConvNet,2,39,0.995,1.0,FM-Full_A-None_AdaBN-F,200,200,200
Lee2019_SSVEP,DeepConvNet,2,40,0.955,0.94,FM-Full_A-None_AdaBN-F,200,200,200
Lee2019_SSVEP,DeepConvNet,2,41,0.995,0.995,FM-Full_A-None_AdaBN-F,200,200,200
Lee2019_SSVEP,DeepConvNet,2,42,0.815,0.82,FM-Full_A-None_AdaBN-F,200,200,200
Lee2019_SSVEP,DeepConvNet,2,43,1.0,1.0,FM-Full_A-None_AdaBN-F,200,200,200
Lee2019_SSVEP,DeepConvNet,2,44,0.99,1.0,FM-Full_A-None_AdaBN-F,200,200,200
Lee2019_SSVEP,DeepConvNet,2,47,0.62,0.625,FM-Full_A-None_AdaBN-F,200,200,200
Lee2019_SSVEP,DeepConvNet,2,48,0.995,0.995,FM-Full_A-None_AdaBN-F,200,200,200
Lee2019_SSVEP,DeepConvNet,2,52,0.99,1.0,FM-Full_A-None_AdaBN-F,200,200,200
Lee2019_SSVEP,DeepConvNet,2,54,0.76,0.92,FM-Full_A-None_AdaBN-F,200,200,200
Lee2019_SSVEP,ATCNet,1,4,1.0,1.0,FM-Full_A-None_AdaBN-F,200,200,200
Lee2019_SSVEP,ATCNet,1,5,0.825,0.85,FM-Full_A-None_AdaBN-F,200,200,200
Lee2019_SSVEP,ATCNet,1,6,1.0,1.0,FM-Full_A-None_AdaBN-F,200,200,200
Lee2019_SSVEP,ATCNet,1,7,1.0,1.0,FM-Full_A-None_AdaBN-F,200,200,200
Lee2019_SSVEP,ATCNet,1,9,0.935,0.975,FM-Full_A-None_AdaBN-F,200,200,200
Lee2019_SSVEP,ATCNet,1,10,1.0,1.0,FM-Full_A-None_AdaBN-F,200,200,200
Lee2019_SSVEP,ATCNet,1,13,0.965,0.995,FM-Full_A-None_AdaBN-F,200,200,200
Lee2019_SSVEP,ATCNet,1,14,0.805,0.925,FM-Full_A-None_AdaBN-F,200,200,200
Lee2019_SSVEP,ATCNet,1,16,1.0,1.0,FM-Full_A-None_AdaBN-F,200,200,200
Lee2019_SSVEP,ATCNet,1,17,0.915,0.98,FM-Full_A-None_AdaBN-F,200,200,200
Lee2019_SSVEP,ATCNet,1,18,0.98,0.975,FM-Full_A-None_AdaBN-F,200,200,200
Lee2019_SSVEP,ATCNet,1,20,0.975,0.99,FM-Full_A-None_AdaBN-F,200,200,200
Lee2019_SSVEP,ATCNet,1,25,0.97,0.98,FM-Full_A-None_AdaBN-F,200,200,200
Lee2019_SSVEP,ATCNet,1,26,0.995,1.0,FM-Full_A-None_AdaBN-F,200,200,200
Lee2019_SSVEP,ATCNet,1,27,1.0,0.99,FM-Full_A-None_AdaBN-F,200,200,200
Lee2019_SSVEP,ATCNet,1,31,1.0,1.0,FM-Full_A-None_AdaBN-F,200,200,200
Lee2019_SSVEP,ATCNet,1,33,0.99,0.995,FM-Full_A-None_AdaBN-F,200,200,200
Lee2019_SSVEP,ATCNet,1,34,0.825,0.81,FM-Full_A-None_AdaBN-F,200,200,200
Lee2019_SSVEP,ATCNet,1,35,0.945,0.985,FM-Full_A-None_AdaBN-F,200,200,200
Lee2019_SSVEP,ATCNet,1,37,0.985,0.985,FM-Full_A-None_AdaBN-F,200,200,200
Lee2019_SSVEP,ATCNet,1,38,0.995,0.99,FM-Full_A-None_AdaBN-F,200,200,200
Lee2019_SSVEP,ATCNet,1,45,0.92,0.945,FM-Full_A-None_AdaBN-F,200,200,200
Lee2019_SSVEP,ATCNet,1,46,0.99,1.0,FM-Full_A-None_AdaBN-F,200,200,200
Lee2019_SSVEP,ATCNet,1,49,0.99,0.995,FM-Full_A-None_AdaBN-F,200,200,200
Lee2019_SSVEP,ATCNet,1,50,0.995,0.99,FM-Full_A-None_AdaBN-F,200,200,200
Lee2019_SSVEP,ATCNet,1,51,0.765,0.815,FM-Full_A-None_AdaBN-F,200,200,200
Lee2019_SSVEP,ATCNet,1,53,1.0,1.0,FM-Full_A-None_AdaBN-F,200,200,200
Lee2019_SSVEP,ATCNet,2,1,0.97,0.955,FM-Full_A-None_AdaBN-F,200,200,200
Lee2019_SSVEP,ATCNet,2,2,0.99,0.985,FM-Full_A-None_AdaBN-F,200,200,200
Lee2019_SSVEP,ATCNet,2,3,0.915,0.94,FM-Full_A-None_AdaBN-F,200,200,200
Lee2019_SSVEP,ATCNet,2,8,0.905,0.94,FM-Full_A-None_AdaBN-F,200,200,200
Lee2019_SSVEP,ATCNet,2,11,1.0,1.0,FM-Full_A-None_AdaBN-F,200,200,200
Lee2019_SSVEP,ATCNet,2,12,0.97,0.97,FM-Full_A-None_AdaBN-F,200,200,200
Lee2019_SSVEP,ATCNet,2,15,0.8,0.995,FM-Full_A-None_AdaBN-F,200,200,200
Lee2019_SSVEP,ATCNet,2,19,0.98,0.98,FM-Full_A-None_AdaBN-F,200,200,200
Lee2019_SSVEP,ATCNet,2,21,0.95,0.985,FM-Full_A-None_AdaBN-F,200,200,200
Lee2019_SSVEP,ATCNet,2,22,0.905,0.9,FM-Full_A-None_AdaBN-F,200,200,200
Lee2019_SSVEP,ATCNet,2,23,0.39,0.545,FM-Full_A-None_AdaBN-F,200,200,200
Lee2019_SSVEP,ATCNet,2,24,0.945,0.975,FM-Full_A-None_AdaBN-F,200,200,200
Lee2019_SSVEP,ATCNet,2,28,0.97,0.985,FM-Full_A-None_AdaBN-F,200,200,200
Lee2019_SSVEP,ATCNet,2,29,0.945,0.96,FM-Full_A-None_AdaBN-F,200,200,200
Lee2019_SSVEP,ATCNet,2,30,1.0,1.0,FM-Full_A-None_AdaBN-F,200,200,200
Lee2019_SSVEP,ATCNet,2,32,0.87,0.955,FM-Full_A-None_AdaBN-F,200,200,200
Lee2019_SSVEP,ATCNet,2,36,1.0,1.0,FM-Full_A-None_AdaBN-F,200,200,200
Lee2019_SSVEP,ATCNet,2,39,0.995,1.0,FM-Full_A-None_AdaBN-F,200,200,200
Lee2019_SSVEP,ATCNet,2,40,0.92,0.905,FM-Full_A-None_AdaBN-F,200,200,200
Lee2019_SSVEP,ATCNet,2,41,0.99,1.0,FM-Full_A-None_AdaBN-F,200,200,200
Lee2019_SSVEP,ATCNet,2,42,0.82,0.78,FM-Full_A-None_AdaBN-F,200,200,200
Lee2019_SSVEP,ATCNet,2,43,1.0,1.0,FM-Full_A-None_AdaBN-F,200,200,200
Lee2019_SSVEP,ATCNet,2,44,0.98,0.985,FM-Full_A-None_AdaBN-F,200,200,200
Lee2019_SSVEP,ATCNet,2,47,0.615,0.62,FM-Full_A-None_AdaBN-F,200,200,200
Lee2019_SSVEP,ATCNet,2,48,0.995,0.995,FM-Full_A-None_AdaBN-F,200,200,200
Lee2019_SSVEP,ATCNet,2,52,0.995,1.0,FM-Full_A-None_AdaBN-F,200,200,200
Lee2019_SSVEP,ATCNet,2,54,0.815,0.915,FM-Full_A-None_AdaBN-F,200,200,200
Lee2019_SSVEP,EEGNetv4,1,4,0.995,0.995,FM-Full_A-None_AdaBN-F,200,200,200
Lee2019_SSVEP,EEGNetv4,1,5,0.81,0.865,FM-Full_A-None_AdaBN-F,200,200,200
Lee2019_SSVEP,EEGNetv4,1,6,0.995,1.0,FM-Full_A-None_AdaBN-F,200,200,200
Lee2019_SSVEP,EEGNetv4,1,7,0.98,0.995,FM-Full_A-None_AdaBN-F,200,200,200
Lee2019_SSVEP,EEGNetv4,1,9,0.98,0.98,FM-Full_A-None_AdaBN-F,200,200,200
Lee2019_SSVEP,EEGNetv4,1,10,0.985,0.985,FM-Full_A-None_AdaBN-F,200,200,200
Lee2019_SSVEP,EEGNetv4,1,13,0.925,0.98,FM-Full_A-None_AdaBN-F,200,200,200
Lee2019_SSVEP,EEGNetv4,1,14,0.875,0.97,FM-Full_A-None_AdaBN-F,200,200,200
Lee2019_SSVEP,EEGNetv4,1,16,0.99,0.995,FM-Full_A-None_AdaBN-F,200,200,200
Lee2019_SSVEP,EEGNetv4,1,17,0.915,0.955,FM-Full_A-None_AdaBN-F,200,200,200
Lee2019_SSVEP,EEGNetv4,1,18,0.98,0.98,FM-Full_A-None_AdaBN-F,200,200,200
Lee2019_SSVEP,EEGNetv4,1,20,0.97,0.98,FM-Full_A-None_AdaBN-F,200,200,200
Lee2019_SSVEP,EEGNetv4,1,25,0.965,0.98,FM-Full_A-None_AdaBN-F,200,200,200
Lee2019_SSVEP,EEGNetv4,1,26,0.985,1.0,FM-Full_A-None_AdaBN-F,200,200,200
Lee2019_SSVEP,EEGNetv4,1,27,1.0,1.0,FM-Full_A-None_AdaBN-F,200,200,200
Lee2019_SSVEP,EEGNetv4,1,31,0.98,0.99,FM-Full_A-None_AdaBN-F,200,200,200
Lee2019_SSVEP,EEGNetv4,1,33,0.99,1.0,FM-Full_A-None_AdaBN-F,200,200,200
Lee2019_SSVEP,EEGNetv4,1,34,0.74,0.82,FM-Full_A-None_AdaBN-F,200,200,200
Lee2019_SSVEP,EEGNetv4,1,35,0.975,0.99,FM-Full_A-None_AdaBN-F,200,200,200
Lee2019_SSVEP,EEGNetv4,1,37,0.985,0.99,FM-Full_A-None_AdaBN-F,200,200,200
Lee2019_SSVEP,EEGNetv4,1,38,0.995,0.995,FM-Full_A-None_AdaBN-F,200,200,200
Lee2019_SSVEP,EEGNetv4,1,45,0.945,0.96,FM-Full_A-None_AdaBN-F,200,200,200
Lee2019_SSVEP,EEGNetv4,1,46,1.0,1.0,FM-Full_A-None_AdaBN-F,200,200,200
Lee2019_SSVEP,EEGNetv4,1,49,0.995,1.0,FM-Full_A-None_AdaBN-F,200,200,200
Lee2019_SSVEP,EEGNetv4,1,50,0.99,0.995,FM-Full_A-None_AdaBN-F,200,200,200
Lee2019_SSVEP,EEGNetv4,1,51,0.74,0.83,FM-Full_A-None_AdaBN-F,200,200,200
Lee2019_SSVEP,EEGNetv4,1,53,1.0,1.0,FM-Full_A-None_AdaBN-F,200,200,200
Lee2019_SSVEP,EEGNetv4,2,1,0.94,0.95,FM-Full_A-None_AdaBN-F,200,200,200
Lee2019_SSVEP,EEGNetv4,2,2,0.985,0.985,FM-Full_A-None_AdaBN-F,200,200,200
Lee2019_SSVEP,EEGNetv4,2,3,0.93,0.925,FM-Full_A-None_AdaBN-F,200,200,200
Lee2019_SSVEP,EEGNetv4,2,8,0.94,0.96,FM-Full_A-None_AdaBN-F,200,200,200
Lee2019_SSVEP,EEGNetv4,2,11,0.995,1.0,FM-Full_A-None_AdaBN-F,200,200,200
Lee2019_SSVEP,EEGNetv4,2,12,0.97,0.96,FM-Full_A-None_AdaBN-F,200,200,200
Lee2019_SSVEP,EEGNetv4,2,15,0.93,1.0,FM-Full_A-None_AdaBN-F,200,200,200
Lee2019_SSVEP,EEGNetv4,2,19,0.99,0.985,FM-Full_A-None_AdaBN-F,200,200,200
Lee2019_SSVEP,EEGNetv4,2,21,0.89,0.975,FM-Full_A-None_AdaBN-F,200,200,200
Lee2019_SSVEP,EEGNetv4,2,22,0.945,0.95,FM-Full_A-None_AdaBN-F,200,200,200
Lee2019_SSVEP,EEGNetv4,2,23,0.39,0.525,FM-Full_A-None_AdaBN-F,200,200,200
Lee2019_SSVEP,EEGNetv4,2,24,0.97,0.985,FM-Full_A-None_AdaBN-F,200,200,200
Lee2019_SSVEP,EEGNetv4,2,28,0.99,0.99,FM-Full_A-None_AdaBN-F,200,200,200
Lee2019_SSVEP,EEGNetv4,2,29,0.935,0.965,FM-Full_A-None_AdaBN-F,200,200,200
Lee2019_SSVEP,EEGNetv4,2,30,0.985,0.985,FM-Full_A-None_AdaBN-F,200,200,200
Lee2019_SSVEP,EEGNetv4,2,32,0.75,0.885,FM-Full_A-None_AdaBN-F,200,200,200
Lee2019_SSVEP,EEGNetv4,2,36,1.0,1.0,FM-Full_A-None_AdaBN-F,200,200,200
Lee2019_SSVEP,EEGNetv4,2,39,0.995,1.0,FM-Full_A-None_AdaBN-F,200,200,200
Lee2019_SSVEP,EEGNetv4,2,40,0.945,0.94,FM-Full_A-None_AdaBN-F,200,200,200
Lee2019_SSVEP,EEGNetv4,2,41,0.98,0.99,FM-Full_A-None_AdaBN-F,200,200,200
Lee2019_SSVEP,EEGNetv4,2,42,0.815,0.8,FM-Full_A-None_AdaBN-F,200,200,200
Lee2019_SSVEP,EEGNetv4,2,43,1.0,1.0,FM-Full_A-None_AdaBN-F,200,200,200
Lee2019_SSVEP,EEGNetv4,2,44,0.995,0.995,FM-Full_A-None_AdaBN-F,200,200,200
Lee2019_SSVEP,EEGNetv4,2,47,0.675,0.645,FM-Full_A-None_AdaBN-F,200,200,200
Lee2019_SSVEP,EEGNetv4,2,48,0.995,0.995,FM-Full_A-None_AdaBN-F,200,200,200
Lee2019_SSVEP,EEGNetv4,2,52,0.93,0.965,FM-Full_A-None_AdaBN-F,200,200,200
Lee2019_SSVEP,EEGNetv4,2,54,0.64,0.85,FM-Full_A-None_AdaBN-F,200,200,200
Lee2019_SSVEP,EEGNetv4,1,4,0.995,0.995,FM-Full_A-None_AdaBN-F,200,200,200
Lee2019_SSVEP,EEGNetv4,1,5,0.815,0.86,FM-Full_A-None_AdaBN-F,200,200,200
Lee2019_SSVEP,EEGNetv4,1,6,0.99,1.0,FM-Full_A-None_AdaBN-F,200,200,200
Lee2019_SSVEP,EEGNetv4,1,7,0.98,0.995,FM-Full_A-None_AdaBN-F,200,200,200
Lee2019_SSVEP,EEGNetv4,1,9,0.98,0.98,FM-Full_A-None_AdaBN-F,200,200,200
Lee2019_SSVEP,EEGNetv4,1,10,0.985,0.99,FM-Full_A-None_AdaBN-F,200,200,200
Lee2019_SSVEP,EEGNetv4,1,13,0.94,0.98,FM-Full_A-None_AdaBN-F,200,200,200
Lee2019_SSVEP,EEGNetv4,1,14,0.915,0.98,FM-Full_A-None_AdaBN-F,200,200,200
Lee2019_SSVEP,EEGNetv4,1,16,0.985,0.995,FM-Full_A-None_AdaBN-F,200,200,200
Lee2019_SSVEP,EEGNetv4,1,17,0.91,0.955,FM-Full_A-None_AdaBN-F,200,200,200
Lee2019_SSVEP,EEGNetv4,1,18,0.98,0.98,FM-Full_A-None_AdaBN-F,200,200,200
Lee2019_SSVEP,EEGNetv4,1,20,0.98,0.985,FM-Full_A-None_AdaBN-F,200,200,200
Lee2019_SSVEP,EEGNetv4,1,25,0.96,0.98,FM-Full_A-None_AdaBN-F,200,200,200
Lee2019_SSVEP,EEGNetv4,1,26,0.96,0.99,FM-Full_A-None_AdaBN-F,200,200,200
Lee2019_SSVEP,EEGNetv4,1,27,1.0,1.0,FM-Full_A-None_AdaBN-F,200,200,200
Lee2019_SSVEP,EEGNetv4,1,31,0.97,0.975,FM-Full_A-None_AdaBN-F,200,200,200
Lee2019_SSVEP,EEGNetv4,1,33,0.995,1.0,FM-Full_A-None_AdaBN-F,200,200,200
Lee2019_SSVEP,EEGNetv4,1,34,0.78,0.845,FM-Full_A-None_AdaBN-F,200,200,200
Lee2019_SSVEP,EEGNetv4,1,35,0.965,0.985,FM-Full_A-None_AdaBN-F,200,200,200
Lee2019_SSVEP,EEGNetv4,1,37,0.99,0.995,FM-Full_A-None_AdaBN-F,200,200,200
Lee2019_SSVEP,EEGNetv4,1,38,0.995,0.995,FM-Full_A-None_AdaBN-F,200,200,200
Lee2019_SSVEP,EEGNetv4,1,45,0.955,0.97,FM-Full_A-None_AdaBN-F,200,200,200
Lee2019_SSVEP,EEGNetv4,1,46,1.0,1.0,FM-Full_A-None_AdaBN-F,200,200,200
Lee2019_SSVEP,EEGNetv4,1,49,1.0,1.0,FM-Full_A-None_AdaBN-F,200,200,200
Lee2019_SSVEP,EEGNetv4,1,50,0.995,0.995,FM-Full_A-None_AdaBN-F,200,200,200
Lee2019_SSVEP,EEGNetv4,1,51,0.76,0.835,FM-Full_A-None_AdaBN-F,200,200,200
Lee2019_SSVEP,EEGNetv4,1,53,1.0,1.0,FM-Full_A-None_AdaBN-F,200,200,200
Lee2019_SSVEP,EEGNetv4,2,1,0.945,0.945,FM-Full_A-None_AdaBN-F,200,200,200
Lee2019_SSVEP,EEGNetv4,2,2,0.985,0.985,FM-Full_A-None_AdaBN-F,200,200,200
Lee2019_SSVEP,EEGNetv4,2,3,0.93,0.935,FM-Full_A-None_AdaBN-F,200,200,200
Lee2019_SSVEP,EEGNetv4,2,8,0.93,0.955,FM-Full_A-None_AdaBN-F,200,200,200
Lee2019_SSVEP,EEGNetv4,2,11,0.985,1.0,FM-Full_A-None_AdaBN-F,200,200,200
Lee2019_SSVEP,EEGNetv4,2,12,0.97,0.975,FM-Full_A-None_AdaBN-F,200,200,200
Lee2019_SSVEP,EEGNetv4,2,15,0.935,1.0,FM-Full_A-None_AdaBN-F,200,200,200
Lee2019_SSVEP,EEGNetv4,2,19,0.99,0.98,FM-Full_A-None_AdaBN-F,200,200,200
Lee2019_SSVEP,EEGNetv4,2,21,0.935,0.98,FM-Full_A-None_AdaBN-F,200,200,200
Lee2019_SSVEP,EEGNetv4,2,22,0.94,0.935,FM-Full_A-None_AdaBN-F,200,200,200
Lee2019_SSVEP,EEGNetv4,2,23,0.325,0.515,FM-Full_A-None_AdaBN-F,200,200,200
Lee2019_SSVEP,EEGNetv4,2,24,0.96,0.98,FM-Full_A-None_AdaBN-F,200,200,200
Lee2019_SSVEP,EEGNetv4,2,28,0.995,0.995,FM-Full_A-None_AdaBN-F,200,200,200
Lee2019_SSVEP,EEGNetv4,2,29,0.955,0.975,FM-Full_A-None_AdaBN-F,200,200,200
Lee2019_SSVEP,EEGNetv4,2,30,0.995,0.99,FM-Full_A-None_AdaBN-F,200,200,200
Lee2019_SSVEP,EEGNetv4,2,32,0.75,0.905,FM-Full_A-None_AdaBN-F,200,200,200
Lee2019_SSVEP,EEGNetv4,2,36,1.0,1.0,FM-Full_A-None_AdaBN-F,200,200,200
Lee2019_SSVEP,EEGNetv4,2,39,1.0,1.0,FM-Full_A-None_AdaBN-F,200,200,200
Lee2019_SSVEP,EEGNetv4,2,40,0.94,0.935,FM-Full_A-None_AdaBN-F,200,200,200
Lee2019_SSVEP,EEGNetv4,2,41,0.975,0.995,FM-Full_A-None_AdaBN-F,200,200,200
Lee2019_SSVEP,EEGNetv4,2,42,0.83,0.81,FM-Full_A-None_AdaBN-F,200,200,200
Lee2019_SSVEP,EEGNetv4,2,43,1.0,1.0,FM-Full_A-None_AdaBN-F,200,200,200
Lee2019_SSVEP,EEGNetv4,2,44,0.99,1.0,FM-Full_A-None_AdaBN-F,200,200,200
Lee2019_SSVEP,EEGNetv4,2,47,0.65,0.675,FM-Full_A-None_AdaBN-F,200,200,200
Lee2019_SSVEP,EEGNetv4,2,48,0.995,0.995,FM-Full_A-None_AdaBN-F,200,200,200
Lee2019_SSVEP,EEGNetv4,2,52,0.94,0.96,FM-Full_A-None_AdaBN-F,200,200,200
Lee2019_SSVEP,EEGNetv4,2,54,0.66,0.83,FM-Full_A-None_AdaBN-F,200,200,200
MAMEM2,EEGNetv4,1,1,0.232,0.224,FM-Full_A-None_AdaBN-F,40,40,40
MAMEM2,EEGNetv4,1,2,0.16,0.2,FM-Full_A-None_AdaBN-F,40,40,40
MAMEM2,EEGNetv4,1,6,0.176,0.216,FM-Full_A-None_AdaBN-F,40,40,40
MAMEM2,EEGNetv4,1,8,0.2,0.2,FM-Full_A-None_AdaBN-F,40,40,40
MAMEM2,EEGNetv4,1,9,0.216,0.216,FM-Full_A-None_AdaBN-F,40,40,40
MAMEM2,EEGNetv4,2,3,0.176,0.2,FM-Full_A-None_AdaBN-F,40,40,40
MAMEM2,EEGNetv4,2,4,0.208,0.2,FM-Full_A-None_AdaBN-F,40,40,40
MAMEM2,EEGNetv4,2,5,0.208,0.248,FM-Full_A-None_AdaBN-F,40,40,40
MAMEM2,EEGNetv4,2,7,0.24,0.2,FM-Full_A-None_AdaBN-F,40,40,40
MAMEM2,EEGNetv4,2,10,0.176,0.216,FM-Full_A-None_AdaBN-F,40,40,40
MAMEM2,DeepConvNet,1,1,0.184,0.184,FM-Full_A-None_AdaBN-F,40,40,40
MAMEM2,DeepConvNet,1,2,0.176,0.192,FM-Full_A-None_AdaBN-F,40,40,40
MAMEM2,DeepConvNet,1,6,0.224,0.2,FM-Full_A-None_AdaBN-F,40,40,40
MAMEM2,DeepConvNet,1,8,0.176,0.224,FM-Full_A-None_AdaBN-F,40,40,40
MAMEM2,DeepConvNet,1,9,0.16,0.224,FM-Full_A-None_AdaBN-F,40,40,40
MAMEM2,DeepConvNet,2,3,0.248,0.24,FM-Full_A-None_AdaBN-F,40,40,40
MAMEM2,DeepConvNet,2,4,0.224,0.224,FM-Full_A-None_AdaBN-F,40,40,40
MAMEM2,DeepConvNet,2,5,0.232,0.16,FM-Full_A-None_AdaBN-F,40,40,40
MAMEM2,DeepConvNet,2,7,0.24,0.224,FM-Full_A-None_AdaBN-F,40,40,40
MAMEM2,DeepConvNet,2,10,0.208,0.216,FM-Full_A-None_AdaBN-F,40,40,40
MAMEM2,ShallowConvNet,1,1,0.208,0.192,FM-Full_A-None_AdaBN-F,40,40,40
MAMEM2,ShallowConvNet,1,2,0.144,0.168,FM-Full_A-None_AdaBN-F,40,40,40
MAMEM2,ShallowConvNet,1,6,0.192,0.192,FM-Full_A-None_AdaBN-F,40,40,40
MAMEM2,ShallowConvNet,1,8,0.216,0.232,FM-Full_A-None_AdaBN-F,40,40,40
MAMEM2,ShallowConvNet,1,9,0.176,0.184,FM-Full_A-None_AdaBN-F,40,40,40
MAMEM2,ShallowConvNet,2,3,0.168,0.184,FM-Full_A-None_AdaBN-F,40,40,40
MAMEM2,ShallowConvNet,2,4,0.2,0.2,FM-Full_A-None_AdaBN-F,40,40,40
MAMEM2,ShallowConvNet,2,5,0.256,0.2,FM-Full_A-None_AdaBN-F,40,40,40
MAMEM2,ShallowConvNet,2,7,0.168,0.2,FM-Full_A-None_AdaBN-F,40,40,40
MAMEM2,ShallowConvNet,2,10,0.208,0.2,FM-Full_A-None_AdaBN-F,40,40,40
MAMEM2,ATCNet,1,1,0.224,0.216,FM-Full_A-None_AdaBN-F,40,40,40
MAMEM2,ATCNet,1,2,0.184,0.24,FM-Full_A-None_AdaBN-F,40,40,40
MAMEM2,ATCNet,1,6,0.224,0.2,FM-Full_A-None_AdaBN-F,40,40,40
MAMEM2,ATCNet,1,8,0.136,0.224,FM-Full_A-None_AdaBN-F,40,40,40
MAMEM2,ATCNet,1,9,0.208,0.224,FM-Full_A-None_AdaBN-F,40,40,40
MAMEM2,ATCNet,2,3,0.176,0.176,FM-Full_A-None_AdaBN-F,40,40,40
MAMEM2,ATCNet,2,4,0.104,0.208,FM-Full_A-None_AdaBN-F,40,40,40
MAMEM2,ATCNet,2,5,0.24,0.216,FM-Full_A-None_AdaBN-F,40,40,40
MAMEM2,ATCNet,2,7,0.176,0.176,FM-Full_A-None_AdaBN-F,40,40,40
MAMEM2,ATCNet,2,10,0.16,0.2,FM-Full_A-None_AdaBN-F,40,40,40
MAMEM2,DeepConvNet,1,1,0.28,0.216,FM-Full_A-None_AdaBN-F,60,60,60
MAMEM2,DeepConvNet,1,2,0.184,0.192,FM-Full_A-None_AdaBN-F,60,60,60
MAMEM2,DeepConvNet,1,6,0.208,0.184,FM-Full_A-None_AdaBN-F,60,60,60
MAMEM2,DeepConvNet,1,8,0.184,0.192,FM-Full_A-None_AdaBN-F,60,60,60
MAMEM2,DeepConvNet,1,9,0.2,0.2,FM-Full_A-None_AdaBN-F,60,60,60
MAMEM2,DeepConvNet,2,3,0.176,0.152,FM-Full_A-None_AdaBN-F,60,60,60
MAMEM2,DeepConvNet,2,4,0.272,0.216,FM-Full_A-None_AdaBN-F,60,60,60
MAMEM2,DeepConvNet,2,5,0.224,0.216,FM-Full_A-None_AdaBN-F,60,60,60
MAMEM2,DeepConvNet,2,7,0.216,0.208,FM-Full_A-None_AdaBN-F,60,60,60
MAMEM2,DeepConvNet,2,10,0.168,0.208,FM-Full_A-None_AdaBN-F,60,60,60
MAMEM2,EEGNetv4,1,1,0.248,0.232,FM-Full_A-None_AdaBN-F,60,60,60
MAMEM2,EEGNetv4,1,2,0.168,0.2,FM-Full_A-None_AdaBN-F,60,60,60
MAMEM2,EEGNetv4,1,6,0.2,0.176,FM-Full_A-None_AdaBN-F,60,60,60
MAMEM2,EEGNetv4,1,8,0.216,0.232,FM-Full_A-None_AdaBN-F,60,60,60
MAMEM2,EEGNetv4,1,9,0.152,0.168,FM-Full_A-None_AdaBN-F,60,60,60
MAMEM2,EEGNetv4,2,3,0.232,0.216,FM-Full_A-None_AdaBN-F,60,60,60
MAMEM2,EEGNetv4,2,4,0.176,0.192,FM-Full_A-None_AdaBN-F,60,60,60
MAMEM2,EEGNetv4,2,5,0.144,0.16,FM-Full_A-None_AdaBN-F,60,60,60
MAMEM2,EEGNetv4,2,7,0.2,0.168,FM-Full_A-None_AdaBN-F,60,60,60
MAMEM2,EEGNetv4,2,10,0.2,0.208,FM-Full_A-None_AdaBN-F,60,60,60
MAMEM2,ATCNet,1,1,0.152,0.192,FM-Full_A-None_AdaBN-F,60,60,60
MAMEM2,ATCNet,1,2,0.136,0.248,FM-Full_A-None_AdaBN-F,60,60,60
MAMEM2,ATCNet,1,6,0.16,0.184,FM-Full_A-None_AdaBN-F,60,60,60
MAMEM2,ATCNet,1,8,0.248,0.256,FM-Full_A-None_AdaBN-F,60,60,60
MAMEM2,ATCNet,1,9,0.176,0.216,FM-Full_A-None_AdaBN-F,60,60,60
MAMEM2,ATCNet,2,3,0.208,0.168,FM-Full_A-None_AdaBN-F,60,60,60
MAMEM2,ATCNet,2,4,0.168,0.216,FM-Full_A-None_AdaBN-F,60,60,60
MAMEM2,ATCNet,2,5,0.216,0.256,FM-Full_A-None_AdaBN-F,60,60,60
MAMEM2,ATCNet,2,7,0.272,0.224,FM-Full_A-None_AdaBN-F,60,60,60
MAMEM2,ATCNet,2,10,0.192,0.208,FM-Full_A-None_AdaBN-F,60,60,60
MAMEM2,ShallowConvNet,1,1,0.2,0.256,FM-Full_A-None_AdaBN-F,60,60,60
MAMEM2,ShallowConvNet,1,2,0.216,0.144,FM-Full_A-None_AdaBN-F,60,60,60
MAMEM2,ShallowConvNet,1,6,0.224,0.24,FM-Full_A-None_AdaBN-F,60,60,60
MAMEM2,ShallowConvNet,1,8,0.192,0.2,FM-Full_A-None_AdaBN-F,60,60,60
MAMEM2,ShallowConvNet,1,9,0.16,0.24,FM-Full_A-None_AdaBN-F,60,60,60
MAMEM2,ShallowConvNet,2,3,0.144,0.152,FM-Full_A-None_AdaBN-F,60,60,60
MAMEM2,ShallowConvNet,2,4,0.136,0.224,FM-Full_A-None_AdaBN-F,60,60,60
MAMEM2,ShallowConvNet,2,5,0.208,0.216,FM-Full_A-None_AdaBN-F,60,60,60
MAMEM2,ShallowConvNet,2,7,0.224,0.176,FM-Full_A-None_AdaBN-F,60,60,60
MAMEM2,ShallowConvNet,2,10,0.192,0.28,FM-Full_A-None_AdaBN-F,60,60,60
MAMEM2,ATCNet,1,1,0.216,0.192,FM-Full_A-None_AdaBN-F,80,80,80
MAMEM2,ATCNet,1,2,0.144,0.232,FM-Full_A-None_AdaBN-F,80,80,80
MAMEM2,ATCNet,1,6,0.152,0.192,FM-Full_A-None_AdaBN-F,80,80,80
MAMEM2,ATCNet,1,8,0.2,0.296,FM-Full_A-None_AdaBN-F,80,80,80
MAMEM2,ATCNet,1,9,0.216,0.24,FM-Full_A-None_AdaBN-F,80,80,80
MAMEM2,ATCNet,2,3,0.168,0.216,FM-Full_A-None_AdaBN-F,80,80,80
MAMEM2,ATCNet,2,4,0.208,0.216,FM-Full_A-None_AdaBN-F,80,80,80
MAMEM2,ATCNet,2,5,0.2,0.208,FM-Full_A-None_AdaBN-F,80,80,80
MAMEM2,ATCNet,2,7,0.2,0.2,FM-Full_A-None_AdaBN-F,80,80,80
MAMEM2,ATCNet,2,10,0.152,0.216,FM-Full_A-None_AdaBN-F,80,80,80
MAMEM2,DeepConvNet,1,1,0.208,0.216,FM-Full_A-None_AdaBN-F,80,80,80
MAMEM2,DeepConvNet,1,2,0.192,0.224,FM-Full_A-None_AdaBN-F,80,80,80
MAMEM2,DeepConvNet,1,6,0.144,0.168,FM-Full_A-None_AdaBN-F,80,80,80
MAMEM2,DeepConvNet,1,8,0.168,0.184,FM-Full_A-None_AdaBN-F,80,80,80
MAMEM2,DeepConvNet,1,9,0.184,0.192,FM-Full_A-None_AdaBN-F,80,80,80
MAMEM2,DeepConvNet,2,3,0.24,0.2,FM-Full_A-None_AdaBN-F,80,80,80
MAMEM2,DeepConvNet,2,4,0.24,0.176,FM-Full_A-None_AdaBN-F,80,80,80
MAMEM2,DeepConvNet,2,5,0.24,0.2,FM-Full_A-None_AdaBN-F,80,80,80
MAMEM2,DeepConvNet,2,7,0.224,0.216,FM-Full_A-None_AdaBN-F,80,80,80
MAMEM2,DeepConvNet,2,10,0.208,0.192,FM-Full_A-None_AdaBN-F,80,80,80
MAMEM2,ShallowConvNet,1,1,0.216,0.208,FM-Full_A-None_AdaBN-F,80,80,80
MAMEM2,ShallowConvNet,1,2,0.224,0.16,FM-Full_A-None_AdaBN-F,80,80,80
MAMEM2,ShallowConvNet,1,6,0.216,0.224,FM-Full_A-None_AdaBN-F,80,80,80
MAMEM2,ShallowConvNet,1,8,0.248,0.184,FM-Full_A-None_AdaBN-F,80,80,80
MAMEM2,ShallowConvNet,1,9,0.16,0.176,FM-Full_A-None_AdaBN-F,80,80,80
MAMEM2,ShallowConvNet,2,3,0.16,0.104,FM-Full_A-None_AdaBN-F,80,80,80
MAMEM2,ShallowConvNet,2,4,0.16,0.2,FM-Full_A-None_AdaBN-F,80,80,80
MAMEM2,ShallowConvNet,2,5,0.248,0.232,FM-Full_A-None_AdaBN-F,80,80,80
MAMEM2,ShallowConvNet,2,7,0.168,0.24,FM-Full_A-None_AdaBN-F,80,80,80
MAMEM2,ShallowConvNet,2,10,0.256,0.256,FM-Full_A-None_AdaBN-F,80,80,80
MAMEM2,EEGNetv4,1,1,0.184,0.216,FM-Full_A-None_AdaBN-F,80,80,80
MAMEM2,EEGNetv4,1,2,0.168,0.16,FM-Full_A-None_AdaBN-F,80,80,80
MAMEM2,EEGNetv4,1,6,0.232,0.224,FM-Full_A-None_AdaBN-F,80,80,80
MAMEM2,EEGNetv4,1,8,0.224,0.232,FM-Full_A-None_AdaBN-F,80,80,80
MAMEM2,EEGNetv4,1,9,0.208,0.16,FM-Full_A-None_AdaBN-F,80,80,80
MAMEM2,EEGNetv4,2,3,0.24,0.288,FM-Full_A-None_AdaBN-F,80,80,80
MAMEM2,EEGNetv4,2,4,0.216,0.192,FM-Full_A-None_AdaBN-F,80,80,80
MAMEM2,EEGNetv4,2,5,0.168,0.24,FM-Full_A-None_AdaBN-F,80,80,80
MAMEM2,EEGNetv4,2,7,0.232,0.224,FM-Full_A-None_AdaBN-F,80,80,80
MAMEM2,EEGNetv4,2,10,0.248,0.232,FM-Full_A-None_AdaBN-F,80,80,80
Yang2025,EEGNetv4,1,4,0.5983333333333334,0.5433333333333333,FM-Full_A-None_AdaBN-F,50,50,50
Yang2025,EEGNetv4,1,5,0.8283333333333334,0.86,FM-Full_A-None_AdaBN-F,50,50,50
Yang2025,EEGNetv4,1,7,0.7233333333333334,0.7666666666666667,FM-Full_A-None_AdaBN-F,50,50,50
Yang2025,EEGNetv4,1,9,0.705,0.675,FM-Full_A-None_AdaBN-F,50,50,50
Yang2025,EEGNetv4,1,10,0.7716666666666666,0.8183333333333334,FM-Full_A-None_AdaBN-F,50,50,50
Yang2025,EEGNetv4,1,13,0.7333333333333333,0.7733333333333333,FM-Full_A-None_AdaBN-F,50,50,50
Yang2025,EEGNetv4,1,14,0.545,0.54,FM-Full_A-None_AdaBN-F,50,50,50
Yang2025,EEGNetv4,1,16,0.5816666666666667,0.5966666666666667,FM-Full_A-None_AdaBN-F,50,50,50
Yang2025,EEGNetv4,1,17,0.7783333333333333,0.7916666666666666,FM-Full_A-None_AdaBN-F,50,50,50
Yang2025,EEGNetv4,1,18,0.63,0.6583333333333333,FM-Full_A-None_AdaBN-F,50,50,50
Yang2025,EEGNetv4,1,20,0.75,0.9,FM-Full_A-None_AdaBN-F,50,50,50
Yang2025,EEGNetv4,1,25,0.9033333333333332,0.9466666666666668,FM-Full_A-None_AdaBN-F,50,50,50
Yang2025,EEGNetv4,1,26,0.7545909849749582,0.8931552587646077,FM-Full_A-None_AdaBN-F,50,50,50
Yang2025,EEGNetv4,1,27,0.6033333333333334,0.715,FM-Full_A-None_AdaBN-F,50,50,50
Yang2025,EEGNetv4,1,31,0.6983333333333334,0.7933333333333333,FM-Full_A-None_AdaBN-F,50,50,50
Yang2025,EEGNetv4,1,32,0.4958263772954925,0.5442404006677797,FM-Full_A-None_AdaBN-F,50,50,50
Yang2025,EEGNetv4,1,33,0.8983333333333333,0.9366666666666666,FM-Full_A-None_AdaBN-F,50,50,50
Yang2025,EEGNetv4,1,34,0.6,0.775,FM-Full_A-None_AdaBN-F,50,50,50
Yang2025,EEGNetv4,1,37,0.8,0.905,FM-Full_A-None_AdaBN-F,50,50,50
Yang2025,EEGNetv4,1,41,0.815,0.85,FM-Full_A-None_AdaBN-F,50,50,50
Yang2025,EEGNetv4,1,44,0.6833333333333333,0.6966666666666667,FM-Full_A-None_AdaBN-F,50,50,50
Yang2025,EEGNetv4,1,45,0.8433333333333334,0.8683333333333333,FM-Full_A-None_AdaBN-F,50,50,50
Yang2025,EEGNetv4,1,47,0.8683333333333333,0.91,FM-Full_A-None_AdaBN-F,50,50,50
Yang2025,EEGNetv4,1,48,0.8216666666666667,0.8433333333333334,FM-Full_A-None_AdaBN-F,50,50,50
Yang2025,EEGNetv4,1,49,0.8733333333333333,0.9383333333333334,FM-Full_A-None_AdaBN-F,50,50,50
Yang2025,EEGNetv4,1,50,0.9083333333333332,0.9466666666666668,FM-Full_A-None_AdaBN-F,50,50,50
Yang2025,EEGNetv4,2,1,0.9033333333333332,0.9433333333333334,FM-Full_A-None_AdaBN-F,50,50,50
Yang2025,EEGNetv4,2,2,0.6516666666666666,0.61,FM-Full_A-None_AdaBN-F,50,50,50
Yang2025,EEGNetv4,2,3,0.8866666666666667,0.9166666666666666,FM-Full_A-None_AdaBN-F,50,50,50
Yang2025,EEGNetv4,2,6,0.8966666666666666,0.9566666666666668,FM-Full_A-None_AdaBN-F,50,50,50
Yang2025,EEGNetv4,2,8,0.8633333333333333,0.8983333333333333,FM-Full_A-None_AdaBN-F,50,50,50
Yang2025,EEGNetv4,2,11,0.84,0.8983333333333333,FM-Full_A-None_AdaBN-F,50,50,50
Yang2025,EEGNetv4,2,12,0.5983333333333334,0.585,FM-Full_A-None_AdaBN-F,50,50,50
Yang2025,EEGNetv4,2,15,0.745,0.7083333333333334,FM-Full_A-None_AdaBN-F,50,50,50
Yang2025,EEGNetv4,2,19,0.81,0.8166666666666667,FM-Full_A-None_AdaBN-F,50,50,50
Yang2025,EEGNetv4,2,21,0.8083333333333333,0.86,FM-Full_A-None_AdaBN-F,50,50,50
Yang2025,EEGNetv4,2,22,0.6833333333333333,0.8133333333333334,FM-Full_A-None_AdaBN-F,50,50,50
Yang2025,EEGNetv4,2,23,0.8914858096828047,0.9348914858096828,FM-Full_A-None_AdaBN-F,50,50,50
Yang2025,EEGNetv4,2,24,0.898989898989899,0.9612794612794612,FM-Full_A-None_AdaBN-F,50,50,50
Yang2025,EEGNetv4,2,28,0.7916666666666666,0.8516666666666667,FM-Full_A-None_AdaBN-F,50,50,50
Yang2025,EEGNetv4,2,29,0.705,0.8283333333333334,FM-Full_A-None_AdaBN-F,50,50,50
Yang2025,EEGNetv4,2,30,0.8466666666666667,0.7833333333333333,FM-Full_A-None_AdaBN-F,50,50,50
Yang2025,EEGNetv4,2,35,0.9216666666666666,0.95,FM-Full_A-None_AdaBN-F,50,50,50
Yang2025,EEGNetv4,2,36,0.9133333333333332,0.92,FM-Full_A-None_AdaBN-F,50,50,50
Yang2025,EEGNetv4,2,38,0.5933333333333334,0.6866666666666666,FM-Full_A-None_AdaBN-F,50,50,50
Yang2025,EEGNetv4,2,39,0.7,0.7533333333333333,FM-Full_A-None_AdaBN-F,50,50,50
Yang2025,EEGNetv4,2,40,0.7683333333333333,0.8316666666666667,FM-Full_A-None_AdaBN-F,50,50,50
Yang2025,EEGNetv4,2,42,0.765,0.775,FM-Full_A-None_AdaBN-F,50,50,50
Yang2025,EEGNetv4,2,43,0.9416666666666668,0.9866666666666668,FM-Full_A-None_AdaBN-F,50,50,50
Yang2025,EEGNetv4,2,46,0.94,0.9916666666666668,FM-Full_A-None_AdaBN-F,50,50,50
Yang2025,EEGNetv4,2,51,0.8283333333333334,0.875,FM-Full_A-None_AdaBN-F,50,50,50
Yang2025,ShallowConvNet,1,4,0.545,0.515,FM-Full_A-None_AdaBN-F,50,50,50
Yang2025,ShallowConvNet,1,5,0.7433333333333333,0.8016666666666666,FM-Full_A-None_AdaBN-F,50,50,50
Yang2025,ShallowConvNet,1,7,0.7,0.7466666666666667,FM-Full_A-None_AdaBN-F,50,50,50
Yang2025,ShallowConvNet,1,9,0.625,0.6083333333333333,FM-Full_A-None_AdaBN-F,50,50,50
Yang2025,ShallowConvNet,1,10,0.6833333333333333,0.7683333333333333,FM-Full_A-None_AdaBN-F,50,50,50
Yang2025,ShallowConvNet,1,13,0.6916666666666667,0.695,FM-Full_A-None_AdaBN-F,50,50,50
Yang2025,ShallowConvNet,1,14,0.5516666666666666,0.5566666666666666,FM-Full_A-None_AdaBN-F,50,50,50
Yang2025,ShallowConvNet,1,16,0.5533333333333333,0.5716666666666667,FM-Full_A-None_AdaBN-F,50,50,50
Yang2025,ShallowConvNet,1,17,0.7066666666666667,0.735,FM-Full_A-None_AdaBN-F,50,50,50
Yang2025,ShallowConvNet,1,18,0.5816666666666667,0.625,FM-Full_A-None_AdaBN-F,50,50,50
Yang2025,ShallowConvNet,1,20,0.7416666666666667,0.8416666666666667,FM-Full_A-None_AdaBN-F,50,50,50
Yang2025,ShallowConvNet,1,25,0.7866666666666666,0.8766666666666667,FM-Full_A-None_AdaBN-F,50,50,50
Yang2025,ShallowConvNet,1,26,0.6911519198664441,0.8564273789649416,FM-Full_A-None_AdaBN-F,50,50,50
Yang2025,ShallowConvNet,1,27,0.5516666666666666,0.6383333333333333,FM-Full_A-None_AdaBN-F,50,50,50
Yang2025,ShallowConvNet,1,31,0.5933333333333334,0.7066666666666667,FM-Full_A-None_AdaBN-F,50,50,50
Yang2025,ShallowConvNet,1,32,0.5709515859766278,0.6143572621035058,FM-Full_A-None_AdaBN-F,50,50,50
Yang2025,ShallowConvNet,1,33,0.725,0.8883333333333333,FM-Full_A-None_AdaBN-F,50,50,50
Yang2025,ShallowConvNet,1,34,0.58,0.7783333333333333,FM-Full_A-None_AdaBN-F,50,50,50
Yang2025,ShallowConvNet,1,37,0.6116666666666667,0.7933333333333333,FM-Full_A-None_AdaBN-F,50,50,50
Yang2025,ShallowConvNet,1,41,0.6666666666666666,0.7783333333333333,FM-Full_A-None_AdaBN-F,50,50,50
Yang2025,ShallowConvNet,1,44,0.6383333333333333,0.65,FM-Full_A-None_AdaBN-F,50,50,50
Yang2025,ShallowConvNet,1,45,0.7183333333333334,0.7583333333333333,FM-Full_A-None_AdaBN-F,50,50,50
Yang2025,ShallowConvNet,1,47,0.7916666666666666,0.845,FM-Full_A-None_AdaBN-F,50,50,50
Yang2025,ShallowConvNet,1,48,0.725,0.7866666666666666,FM-Full_A-None_AdaBN-F,50,50,50
Yang2025,ShallowConvNet,1,49,0.8466666666666667,0.895,FM-Full_A-None_AdaBN-F,50,50,50
Yang2025,ShallowConvNet,1,50,0.7833333333333333,0.875,FM-Full_A-None_AdaBN-F,50,50,50
Yang2025,ShallowConvNet,2,1,0.8166666666666667,0.8733333333333333,FM-Full_A-None_AdaBN-F,50,50,50
Yang2025,ShallowConvNet,2,2,0.6383333333333333,0.5983333333333334,FM-Full_A-None_AdaBN-F,50,50,50
Yang2025,ShallowConvNet,2,3,0.875,0.9366666666666666,FM-Full_A-None_AdaBN-F,50,50,50
Yang2025,ShallowConvNet,2,6,0.855,0.9433333333333334,FM-Full_A-None_AdaBN-F,50,50,50
Yang2025,ShallowConvNet,2,8,0.85,0.8883333333333333,FM-Full_A-None_AdaBN-F,50,50,50
Yang2025,ShallowConvNet,2,11,0.76,0.8183333333333334,FM-Full_A-None_AdaBN-F,50,50,50
Yang2025,ShallowConvNet,2,12,0.5633333333333334,0.53,FM-Full_A-None_AdaBN-F,50,50,50
Yang2025,ShallowConvNet,2,15,0.64,0.7266666666666667,FM-Full_A-None_AdaBN-F,50,50,50
Yang2025,ShallowConvNet,2,19,0.79,0.84,FM-Full_A-None_AdaBN-F,50,50,50
Yang2025,ShallowConvNet,2,21,0.7516666666666667,0.8316666666666667,FM-Full_A-None_AdaBN-F,50,50,50
Yang2025,ShallowConvNet,2,22,0.6516666666666666,0.745,FM-Full_A-None_AdaBN-F,50,50,50
Yang2025,ShallowConvNet,2,23,0.8464106844741235,0.9265442404006676,FM-Full_A-None_AdaBN-F,50,50,50
Yang2025,ShallowConvNet,2,24,0.7693602693602694,0.8939393939393939,FM-Full_A-None_AdaBN-F,50,50,50
Yang2025,ShallowConvNet,2,28,0.7316666666666667,0.8383333333333334,FM-Full_A-None_AdaBN-F,50,50,50
Yang2025,ShallowConvNet,2,29,0.6583333333333333,0.8466666666666667,FM-Full_A-None_AdaBN-F,50,50,50
Yang2025,ShallowConvNet,2,30,0.8233333333333334,0.9316666666666666,FM-Full_A-None_AdaBN-F,50,50,50
Yang2025,ShallowConvNet,2,35,0.9033333333333332,0.9333333333333332,FM-Full_A-None_AdaBN-F,50,50,50
Yang2025,ShallowConvNet,2,36,0.8883333333333333,0.915,FM-Full_A-None_AdaBN-F,50,50,50
Yang2025,ShallowConvNet,2,38,0.63,0.6116666666666667,FM-Full_A-None_AdaBN-F,50,50,50
Yang2025,ShallowConvNet,2,39,0.6483333333333333,0.6983333333333334,FM-Full_A-None_AdaBN-F,50,50,50
Yang2025,ShallowConvNet,2,40,0.7683333333333333,0.7883333333333333,FM-Full_A-None_AdaBN-F,50,50,50
Yang2025,ShallowConvNet,2,42,0.7333333333333333,0.775,FM-Full_A-None_AdaBN-F,50,50,50
Yang2025,ShallowConvNet,2,43,0.965,0.98,FM-Full_A-None_AdaBN-F,50,50,50
Yang2025,ShallowConvNet,2,46,0.9233333333333332,0.9883333333333332,FM-Full_A-None_AdaBN-F,50,50,50
Yang2025,ShallowConvNet,2,51,0.7183333333333334,0.7883333333333333,FM-Full_A-None_AdaBN-F,50,50,50
Yang2025,ATCNet,1,4,0.5316666666666666,0.485,FM-Full_A-None_AdaBN-F,50,50,50
Yang2025,ATCNet,1,5,0.6466666666666666,0.7916666666666666,FM-Full_A-None_AdaBN-F,50,50,50
Yang2025,ATCNet,1,7,0.5833333333333334,0.6216666666666667,FM-Full_A-None_AdaBN-F,50,50,50
Yang2025,ATCNet,1,9,0.56,0.57,FM-Full_A-None_AdaBN-F,50,50,50
Yang2025,ATCNet,1,10,0.6566666666666666,0.6966666666666667,FM-Full_A-None_AdaBN-F,50,50,50
Yang2025,ATCNet,1,13,0.6133333333333333,0.6216666666666667,FM-Full_A-None_AdaBN-F,50,50,50
Yang2025,ATCNet,1,14,0.5233333333333333,0.5333333333333333,FM-Full_A-None_AdaBN-F,50,50,50
Yang2025,ATCNet,1,16,0.6016666666666667,0.6316666666666667,FM-Full_A-None_AdaBN-F,50,50,50
Yang2025,ATCNet,1,17,0.5833333333333334,0.5683333333333334,FM-Full_A-None_AdaBN-F,50,50,50
Yang2025,ATCNet,1,18,0.6033333333333334,0.5883333333333334,FM-Full_A-None_AdaBN-F,50,50,50
Yang2025,ATCNet,1,20,0.5266666666666666,0.6083333333333333,FM-Full_A-None_AdaBN-F,50,50,50
Yang2025,ATCNet,1,25,0.7083333333333334,0.7616666666666667,FM-Full_A-None_AdaBN-F,50,50,50
Yang2025,ATCNet,1,26,0.5709515859766278,0.8130217028380634,FM-Full_A-None_AdaBN-F,50,50,50
Yang2025,ATCNet,1,27,0.5633333333333334,0.7433333333333333,FM-Full_A-None_AdaBN-F,50,50,50
Yang2025,ATCNet,1,31,0.695,0.71,FM-Full_A-None_AdaBN-F,50,50,50
Yang2025,ATCNet,1,32,0.6243739565943238,0.664440734557596,FM-Full_A-None_AdaBN-F,50,50,50
Yang2025,ATCNet,1,33,0.775,0.92,FM-Full_A-None_AdaBN-F,50,50,50
Yang2025,ATCNet,1,34,0.4266666666666667,0.83,FM-Full_A-None_AdaBN-F,50,50,50
Yang2025,ATCNet,1,37,0.68,0.6583333333333333,FM-Full_A-None_AdaBN-F,50,50,50
Yang2025,ATCNet,1,41,0.7333333333333333,0.79,FM-Full_A-None_AdaBN-F,50,50,50
Yang2025,ATCNet,1,44,0.5566666666666666,0.5866666666666667,FM-Full_A-None_AdaBN-F,50,50,50
Yang2025,ATCNet,1,45,0.6216666666666667,0.6166666666666667,FM-Full_A-None_AdaBN-F,50,50,50
Yang2025,ATCNet,1,47,0.65,0.7283333333333334,FM-Full_A-None_AdaBN-F,50,50,50
Yang2025,ATCNet,1,48,0.6933333333333334,0.6933333333333334,FM-Full_A-None_AdaBN-F,50,50,50
Yang2025,ATCNet,1,49,0.7183333333333334,0.8383333333333334,FM-Full_A-None_AdaBN-F,50,50,50
Yang2025,ATCNet,1,50,0.7,0.7316666666666667,FM-Full_A-None_AdaBN-F,50,50,50
Yang2025,ATCNet,2,1,0.6933333333333334,0.7666666666666667,FM-Full_A-None_AdaBN-F,50,50,50
Yang2025,ATCNet,2,2,0.5366666666666666,0.55,FM-Full_A-None_AdaBN-F,50,50,50
Yang2025,ATCNet,2,3,0.7533333333333333,0.835,FM-Full_A-None_AdaBN-F,50,50,50
Yang2025,ATCNet,2,6,0.8133333333333334,0.87,FM-Full_A-None_AdaBN-F,50,50,50
Yang2025,ATCNet,2,8,0.7483333333333333,0.7433333333333333,FM-Full_A-None_AdaBN-F,50,50,50
Yang2025,ATCNet,2,11,0.6783333333333333,0.73,FM-Full_A-None_AdaBN-F,50,50,50
Yang2025,ATCNet,2,12,0.525,0.5183333333333333,FM-Full_A-None_AdaBN-F,50,50,50
Yang2025,ATCNet,2,15,0.595,0.6233333333333333,FM-Full_A-None_AdaBN-F,50,50,50
Yang2025,ATCNet,2,19,0.6216666666666667,0.715,FM-Full_A-None_AdaBN-F,50,50,50
Yang2025,ATCNet,2,21,0.645,0.705,FM-Full_A-None_AdaBN-F,50,50,50
Yang2025,ATCNet,2,22,0.6383333333333333,0.655,FM-Full_A-None_AdaBN-F,50,50,50
Yang2025,ATCNet,2,23,0.7011686143572621,0.7996661101836394,FM-Full_A-None_AdaBN-F,50,50,50
Yang2025,ATCNet,2,24,0.6919191919191919,0.8451178451178452,FM-Full_A-None_AdaBN-F,50,50,50
Yang2025,ATCNet,2,28,0.7233333333333334,0.7633333333333333,FM-Full_A-None_AdaBN-F,50,50,50
Yang2025,ATCNet,2,29,0.685,0.9216666666666666,FM-Full_A-None_AdaBN-F,50,50,50
Yang2025,ATCNet,2,30,0.6516666666666666,0.6883333333333334,FM-Full_A-None_AdaBN-F,50,50,50
Yang2025,ATCNet,2,35,0.565,0.62,FM-Full_A-None_AdaBN-F,50,50,50
Yang2025,ATCNet,2,36,0.655,0.6833333333333333,FM-Full_A-None_AdaBN-F,50,50,50
Yang2025,ATCNet,2,38,0.5266666666666666,0.5383333333333333,FM-Full_A-None_AdaBN-F,50,50,50
Yang2025,ATCNet,2,39,0.675,0.7266666666666667,FM-Full_A-None_AdaBN-F,50,50,50
Yang2025,ATCNet,2,40,0.655,0.6883333333333334,FM-Full_A-None_AdaBN-F,50,50,50
Yang2025,ATCNet,2,42,0.58,0.585,FM-Full_A-None_AdaBN-F,50,50,50
Yang2025,ATCNet,2,43,0.63,0.7183333333333334,FM-Full_A-None_AdaBN-F,50,50,50
Yang2025,ATCNet,2,46,0.6216666666666667,0.7616666666666667,FM-Full_A-None_AdaBN-F,50,50,50
Yang2025,ATCNet,2,51,0.7033333333333334,0.7216666666666667,FM-Full_A-None_AdaBN-F,50,50,50
Yang2025,DeepConvNet,1,4,0.5716666666666667,0.5516666666666666,FM-Full_A-None_AdaBN-F,50,50,50
Yang2025,DeepConvNet,1,5,0.8633333333333333,0.865,FM-Full_A-None_AdaBN-F,50,50,50
Yang2025,DeepConvNet,1,7,0.7483333333333333,0.7516666666666667,FM-Full_A-None_AdaBN-F,50,50,50
Yang2025,DeepConvNet,1,9,0.6666666666666666,0.6833333333333333,FM-Full_A-None_AdaBN-F,50,50,50
Yang2025,DeepConvNet,1,10,0.8166666666666667,0.8333333333333334,FM-Full_A-None_AdaBN-F,50,50,50
Yang2025,DeepConvNet,1,13,0.7566666666666667,0.7683333333333333,FM-Full_A-None_AdaBN-F,50,50,50
Yang2025,DeepConvNet,1,14,0.5683333333333334,0.5666666666666667,FM-Full_A-None_AdaBN-F,50,50,50
Yang2025,DeepConvNet,1,16,0.5983333333333334,0.5766666666666667,FM-Full_A-None_AdaBN-F,50,50,50
Yang2025,DeepConvNet,1,17,0.7866666666666666,0.8016666666666666,FM-Full_A-None_AdaBN-F,50,50,50
Yang2025,DeepConvNet,1,18,0.6433333333333333,0.6383333333333333,FM-Full_A-None_AdaBN-F,50,50,50
Yang2025,DeepConvNet,1,20,0.7533333333333333,0.915,FM-Full_A-None_AdaBN-F,50,50,50
Yang2025,DeepConvNet,1,25,0.9033333333333332,0.9433333333333334,FM-Full_A-None_AdaBN-F,50,50,50
Yang2025,DeepConvNet,1,26,0.7429048414023373,0.8681135225375626,FM-Full_A-None_AdaBN-F,50,50,50
Yang2025,DeepConvNet,1,27,0.5833333333333334,0.6883333333333334,FM-Full_A-None_AdaBN-F,50,50,50
Yang2025,DeepConvNet,1,31,0.7033333333333334,0.735,FM-Full_A-None_AdaBN-F,50,50,50
Yang2025,DeepConvNet,1,32,0.5692821368948247,0.5843071786310517,FM-Full_A-None_AdaBN-F,50,50,50
Yang2025,DeepConvNet,1,33,0.9133333333333332,0.9533333333333334,FM-Full_A-None_AdaBN-F,50,50,50
Yang2025,DeepConvNet,1,34,0.615,0.7733333333333333,FM-Full_A-None_AdaBN-F,50,50,50
Yang2025,DeepConvNet,1,37,0.76,0.9066666666666666,FM-Full_A-None_AdaBN-F,50,50,50
Yang2025,DeepConvNet,1,41,0.805,0.8733333333333333,FM-Full_A-None_AdaBN-F,50,50,50
Yang2025,DeepConvNet,1,44,0.6683333333333333,0.67,FM-Full_A-None_AdaBN-F,50,50,50
Yang2025,DeepConvNet,1,45,0.8416666666666667,0.8683333333333333,FM-Full_A-None_AdaBN-F,50,50,50
Yang2025,DeepConvNet,1,47,0.8833333333333333,0.9033333333333332,FM-Full_A-None_AdaBN-F,50,50,50
Yang2025,DeepConvNet,1,48,0.82,0.83,FM-Full_A-None_AdaBN-F,50,50,50
Yang2025,DeepConvNet,1,49,0.8833333333333333,0.9566666666666668,FM-Full_A-None_AdaBN-F,50,50,50
Yang2025,DeepConvNet,1,50,0.9183333333333332,0.93,FM-Full_A-None_AdaBN-F,50,50,50
Yang2025,DeepConvNet,2,1,0.9266666666666666,0.9483333333333334,FM-Full_A-None_AdaBN-F,50,50,50
Yang2025,DeepConvNet,2,2,0.6633333333333333,0.6583333333333333,FM-Full_A-None_AdaBN-F,50,50,50
Yang2025,DeepConvNet,2,3,0.92,0.945,FM-Full_A-None_AdaBN-F,50,50,50
Yang2025,DeepConvNet,2,6,0.9,0.9566666666666668,FM-Full_A-None_AdaBN-F,50,50,50
Yang2025,DeepConvNet,2,8,0.875,0.905,FM-Full_A-None_AdaBN-F,50,50,50
Yang2025,DeepConvNet,2,11,0.8616666666666667,0.8966666666666666,FM-Full_A-None_AdaBN-F,50,50,50
Yang2025,DeepConvNet,2,12,0.5933333333333334,0.5833333333333334,FM-Full_A-None_AdaBN-F,50,50,50
Yang2025,DeepConvNet,2,15,0.73,0.7966666666666666,FM-Full_A-None_AdaBN-F,50,50,50
Yang2025,DeepConvNet,2,19,0.8133333333333334,0.815,FM-Full_A-None_AdaBN-F,50,50,50
Yang2025,DeepConvNet,2,21,0.8466666666666667,0.865,FM-Full_A-None_AdaBN-F,50,50,50
Yang2025,DeepConvNet,2,22,0.7483333333333333,0.835,FM-Full_A-None_AdaBN-F,50,50,50
Yang2025,DeepConvNet,2,23,0.8948247078464107,0.9449081803005008,FM-Full_A-None_AdaBN-F,50,50,50
Yang2025,DeepConvNet,2,24,0.9191919191919192,0.9730639730639732,FM-Full_A-None_AdaBN-F,50,50,50
Yang2025,DeepConvNet,2,28,0.76,0.855,FM-Full_A-None_AdaBN-F,50,50,50
Yang2025,DeepConvNet,2,29,0.7316666666666667,0.825,FM-Full_A-None_AdaBN-F,50,50,50
Yang2025,DeepConvNet,2,30,0.8466666666666667,0.93,FM-Full_A-None_AdaBN-F,50,50,50
Yang2025,DeepConvNet,2,35,0.9233333333333332,0.9633333333333334,FM-Full_A-None_AdaBN-F,50,50,50
Yang2025,DeepConvNet,2,36,0.92,0.9183333333333332,FM-Full_A-None_AdaBN-F,50,50,50
Yang2025,DeepConvNet,2,38,0.6083333333333333,0.7066666666666667,FM-Full_A-None_AdaBN-F,50,50,50
Yang2025,DeepConvNet,2,39,0.69,0.7716666666666666,FM-Full_A-None_AdaBN-F,50,50,50
Yang2025,DeepConvNet,2,40,0.805,0.8316666666666667,FM-Full_A-None_AdaBN-F,50,50,50
Yang2025,DeepConvNet,2,42,0.785,0.7783333333333333,FM-Full_A-None_AdaBN-F,50,50,50
Yang2025,DeepConvNet,2,43,0.985,0.995,FM-Full_A-None_AdaBN-F,50,50,50
Yang2025,DeepConvNet,2,46,0.96,0.9916666666666668,FM-Full_A-None_AdaBN-F,50,50,50
Yang2025,DeepConvNet,2,51,0.83,0.8933333333333333,FM-Full_A-None_AdaBN-F,50,50,50
Yang2025,ATCNet,1,4,0.5216666666666666,0.5183333333333333,FM-Full_A-None_AdaBN-F,150,150,150
Yang2025,ATCNet,1,5,0.6666666666666666,0.83,FM-Full_A-None_AdaBN-F,150,150,150
Yang2025,ATCNet,1,7,0.6416666666666667,0.6133333333333333,FM-Full_A-None_AdaBN-F,150,150,150
Yang2025,ATCNet,1,9,0.605,0.6383333333333333,FM-Full_A-None_AdaBN-F,150,150,150
Yang2025,ATCNet,1,10,0.745,0.7416666666666667,FM-Full_A-None_AdaBN-F,150,150,150
Yang2025,ATCNet,1,13,0.655,0.6516666666666666,FM-Full_A-None_AdaBN-F,150,150,150
Yang2025,ATCNet,1,14,0.5366666666666666,0.5216666666666666,FM-Full_A-None_AdaBN-F,150,150,150
Yang2025,ATCNet,1,16,0.64,0.6833333333333333,FM-Full_A-None_AdaBN-F,150,150,150
Yang2025,ATCNet,1,17,0.6516666666666666,0.6733333333333333,FM-Full_A-None_AdaBN-F,150,150,150
Yang2025,ATCNet,1,18,0.63,0.6116666666666667,FM-Full_A-None_AdaBN-F,150,150,150
Yang2025,ATCNet,1,20,0.5416666666666666,0.6616666666666666,FM-Full_A-None_AdaBN-F,150,150,150
Yang2025,ATCNet,1,25,0.7516666666666667,0.8166666666666667,FM-Full_A-None_AdaBN-F,150,150,150
Yang2025,ATCNet,1,26,0.5909849749582637,0.8280467445742905,FM-Full_A-None_AdaBN-F,150,150,150
Yang2025,ATCNet,1,27,0.59,0.7316666666666667,FM-Full_A-None_AdaBN-F,150,150,150
Yang2025,ATCNet,1,31,0.7366666666666667,0.7383333333333333,FM-Full_A-None_AdaBN-F,150,150,150
Yang2025,ATCNet,1,32,0.666110183639399,0.7545909849749582,FM-Full_A-None_AdaBN-F,150,150,150
Yang2025,ATCNet,1,33,0.8733333333333333,0.94,FM-Full_A-None_AdaBN-F,150,150,150
Yang2025,ATCNet,1,34,0.47,0.855,FM-Full_A-None_AdaBN-F,150,150,150
Yang2025,ATCNet,1,37,0.73,0.7416666666666667,FM-Full_A-None_AdaBN-F,150,150,150
Yang2025,ATCNet,1,41,0.81,0.85,FM-Full_A-None_AdaBN-F,150,150,150
Yang2025,ATCNet,1,44,0.595,0.6,FM-Full_A-None_AdaBN-F,150,150,150
Yang2025,ATCNet,1,45,0.6766666666666666,0.675,FM-Full_A-None_AdaBN-F,150,150,150
Yang2025,ATCNet,1,47,0.7466666666666667,0.765,FM-Full_A-None_AdaBN-F,150,150,150
Yang2025,ATCNet,1,48,0.7666666666666667,0.7766666666666666,FM-Full_A-None_AdaBN-F,150,150,150
Yang2025,ATCNet,1,49,0.8133333333333334,0.8483333333333334,FM-Full_A-None_AdaBN-F,150,150,150
Yang2025,ATCNet,1,50,0.7366666666666667,0.835,FM-Full_A-None_AdaBN-F,150,150,150
Yang2025,ATCNet,2,1,0.7416666666666667,0.835,FM-Full_A-None_AdaBN-F,150,150,150
Yang2025,ATCNet,2,2,0.5266666666666666,0.5716666666666667,FM-Full_A-None_AdaBN-F,150,150,150
Yang2025,ATCNet,2,3,0.8366666666666667,0.8616666666666667,FM-Full_A-None_AdaBN-F,150,150,150
Yang2025,ATCNet,2,6,0.89,0.925,FM-Full_A-None_AdaBN-F,150,150,150
Yang2025,ATCNet,2,8,0.76,0.7666666666666667,FM-Full_A-None_AdaBN-F,150,150,150
Yang2025,ATCNet,2,11,0.75,0.8066666666666666,FM-Full_A-None_AdaBN-F,150,150,150
Yang2025,ATCNet,2,12,0.5466666666666666,0.5316666666666666,FM-Full_A-None_AdaBN-F,150,150,150
Yang2025,ATCNet,2,15,0.715,0.6916666666666667,FM-Full_A-None_AdaBN-F,150,150,150
Yang2025,ATCNet,2,19,0.725,0.7683333333333333,FM-Full_A-None_AdaBN-F,150,150,150
Yang2025,ATCNet,2,21,0.7066666666666667,0.77,FM-Full_A-None_AdaBN-F,150,150,150
Yang2025,ATCNet,2,22,0.6316666666666667,0.7233333333333334,FM-Full_A-None_AdaBN-F,150,150,150
Yang2025,ATCNet,2,23,0.7562604340567612,0.8898163606010017,FM-Full_A-None_AdaBN-F,150,150,150
Yang2025,ATCNet,2,24,0.7811447811447811,0.9090909090909092,FM-Full_A-None_AdaBN-F,150,150,150
Yang2025,ATCNet,2,28,0.7883333333333333,0.835,FM-Full_A-None_AdaBN-F,150,150,150
Yang2025,ATCNet,2,29,0.7633333333333333,0.9116666666666666,FM-Full_A-None_AdaBN-F,150,150,150
Yang2025,ATCNet,2,30,0.7083333333333334,0.73,FM-Full_A-None_AdaBN-F,150,150,150
Yang2025,ATCNet,2,35,0.67,0.73,FM-Full_A-None_AdaBN-F,150,150,150
Yang2025,ATCNet,2,36,0.65,0.7833333333333333,FM-Full_A-None_AdaBN-F,150,150,150
Yang2025,ATCNet,2,38,0.535,0.5483333333333333,FM-Full_A-None_AdaBN-F,150,150,150
Yang2025,ATCNet,2,39,0.6816666666666666,0.765,FM-Full_A-None_AdaBN-F,150,150,150
Yang2025,ATCNet,2,40,0.6966666666666667,0.725,FM-Full_A-None_AdaBN-F,150,150,150
Yang2025,ATCNet,2,42,0.655,0.6483333333333333,FM-Full_A-None_AdaBN-F,150,150,150
Yang2025,ATCNet,2,43,0.71,0.8416666666666667,FM-Full_A-None_AdaBN-F,150,150,150
Yang2025,ATCNet,2,46,0.6883333333333334,0.8666666666666667,FM-Full_A-None_AdaBN-F,150,150,150
Yang2025,ATCNet,2,51,0.6983333333333334,0.7783333333333333,FM-Full_A-None_AdaBN-F,150,150,150
Yang2025,DeepConvNet,1,4,0.605,0.5483333333333333,FM-Full_A-None_AdaBN-F,150,150,150
Yang2025,DeepConvNet,1,5,0.8733333333333333,0.895,FM-Full_A-None_AdaBN-F,150,150,150
Yang2025,DeepConvNet,1,7,0.825,0.795,FM-Full_A-None_AdaBN-F,150,150,150
Yang2025,DeepConvNet,1,9,0.68,0.6733333333333333,FM-Full_A-None_AdaBN-F,150,150,150
Yang2025,DeepConvNet,1,10,0.8533333333333334,0.8516666666666667,FM-Full_A-None_AdaBN-F,150,150,150
Yang2025,DeepConvNet,1,13,0.785,0.7966666666666666,FM-Full_A-None_AdaBN-F,150,150,150
Yang2025,DeepConvNet,1,14,0.5833333333333334,0.5433333333333333,FM-Full_A-None_AdaBN-F,150,150,150
Yang2025,DeepConvNet,1,16,0.5816666666666667,0.6116666666666667,FM-Full_A-None_AdaBN-F,150,150,150
Yang2025,DeepConvNet,1,17,0.7966666666666666,0.8216666666666667,FM-Full_A-None_AdaBN-F,150,150,150
Yang2025,DeepConvNet,1,18,0.6566666666666666,0.67,FM-Full_A-None_AdaBN-F,150,150,150
Yang2025,DeepConvNet,1,20,0.7883333333333333,0.9433333333333334,FM-Full_A-None_AdaBN-F,150,150,150
Yang2025,DeepConvNet,1,25,0.93,0.9566666666666668,FM-Full_A-None_AdaBN-F,150,150,150
Yang2025,DeepConvNet,1,26,0.8196994991652755,0.9148580968280468,FM-Full_A-None_AdaBN-F,150,150,150
Yang2025,DeepConvNet,1,27,0.6083333333333333,0.72,FM-Full_A-None_AdaBN-F,150,150,150
Yang2025,DeepConvNet,1,31,0.74,0.78,FM-Full_A-None_AdaBN-F,150,150,150
Yang2025,DeepConvNet,1,32,0.5876460767946577,0.6160267111853088,FM-Full_A-None_AdaBN-F,150,150,150
Yang2025,DeepConvNet,1,33,0.9566666666666668,0.9566666666666668,FM-Full_A-None_AdaBN-F,150,150,150
Yang2025,DeepConvNet,1,34,0.615,0.8083333333333333,FM-Full_A-None_AdaBN-F,150,150,150
Yang2025,DeepConvNet,1,37,0.8166666666666667,0.9183333333333332,FM-Full_A-None_AdaBN-F,150,150,150
Yang2025,DeepConvNet,1,41,0.8133333333333334,0.9066666666666666,FM-Full_A-None_AdaBN-F,150,150,150
Yang2025,DeepConvNet,1,44,0.71,0.6983333333333334,FM-Full_A-None_AdaBN-F,150,150,150
Yang2025,DeepConvNet,1,45,0.845,0.88,FM-Full_A-None_AdaBN-F,150,150,150
Yang2025,DeepConvNet,1,47,0.905,0.9216666666666666,FM-Full_A-None_AdaBN-F,150,150,150
Yang2025,DeepConvNet,1,48,0.8366666666666667,0.9016666666666666,FM-Full_A-None_AdaBN-F,150,150,150
Yang2025,DeepConvNet,1,49,0.9266666666666666,0.9683333333333334,FM-Full_A-None_AdaBN-F,150,150,150
Yang2025,DeepConvNet,1,50,0.95,0.9583333333333334,FM-Full_A-None_AdaBN-F,150,150,150
Yang2025,DeepConvNet,2,1,,,FM-Full_A-None_AdaBN-F,150,150,150
Yang2025,DeepConvNet,2,2,0.6583333333333333,0.68,FM-Full_A-None_AdaBN-F,150,150,150
Yang2025,DeepConvNet,2,3,0.8966666666666666,0.965,FM-Full_A-None_AdaBN-F,150,150,150
Yang2025,DeepConvNet,2,6,0.925,0.9683333333333334,FM-Full_A-None_AdaBN-F,150,150,150
Yang2025,DeepConvNet,2,8,0.8766666666666667,0.9183333333333332,FM-Full_A-None_AdaBN-F,150,150,150
Yang2025,DeepConvNet,2,11,0.7733333333333333,0.9083333333333332,FM-Full_A-None_AdaBN-F,150,150,150
Yang2025,DeepConvNet,2,12,0.5883333333333334,0.6116666666666667,FM-Full_A-None_AdaBN-F,150,150,150
Yang2025,DeepConvNet,2,15,0.665,0.835,FM-Full_A-None_AdaBN-F,150,150,150
Yang2025,DeepConvNet,2,19,0.7966666666666666,0.8633333333333333,FM-Full_A-None_AdaBN-F,150,150,150
Yang2025,DeepConvNet,2,21,0.7766666666666666,0.88,FM-Full_A-None_AdaBN-F,150,150,150
Yang2025,DeepConvNet,2,22,0.7433333333333333,0.8583333333333333,FM-Full_A-None_AdaBN-F,150,150,150
Yang2025,DeepConvNet,2,23,0.8530884808013356,0.9565943238731218,FM-Full_A-None_AdaBN-F,150,150,150
Yang2025,DeepConvNet,2,24,0.8080808080808081,0.968013468013468,FM-Full_A-None_AdaBN-F,150,150,150
Yang2025,DeepConvNet,2,28,0.6533333333333333,0.8716666666666667,FM-Full_A-None_AdaBN-F,150,150,150
Yang2025,DeepConvNet,2,29,0.69,0.8666666666666667,FM-Full_A-None_AdaBN-F,150,150,150
Yang2025,DeepConvNet,2,30,0.8383333333333334,0.96,FM-Full_A-None_AdaBN-F,150,150,150
Yang2025,DeepConvNet,2,35,0.9183333333333332,0.9683333333333334,FM-Full_A-None_AdaBN-F,150,150,150
Yang2025,DeepConvNet,2,36,0.9066666666666666,0.9416666666666668,FM-Full_A-None_AdaBN-F,150,150,150
Yang2025,DeepConvNet,2,38,0.5716666666666667,0.6866666666666666,FM-Full_A-None_AdaBN-F,150,150,150
Yang2025,DeepConvNet,2,39,0.65,0.77,FM-Full_A-None_AdaBN-F,150,150,150
Yang2025,DeepConvNet,2,40,0.795,0.8516666666666667,FM-Full_A-None_AdaBN-F,150,150,150
Yang2025,DeepConvNet,2,42,0.76,0.82,FM-Full_A-None_AdaBN-F,150,150,150
Yang2025,DeepConvNet,2,43,0.9783333333333334,0.9966666666666668,FM-Full_A-None_AdaBN-F,150,150,150
Yang2025,DeepConvNet,2,46,0.9633333333333334,0.9933333333333332,FM-Full_A-None_AdaBN-F,150,150,150
Yang2025,DeepConvNet,2,51,0.88,0.8933333333333333,FM-Full_A-None_AdaBN-F,150,150,150
Yang2025,ShallowConvNet,1,4,0.59,0.5483333333333333,FM-Full_A-None_AdaBN-F,150,150,150
Yang2025,ShallowConvNet,1,5,0.8166666666666667,0.85,FM-Full_A-None_AdaBN-F,150,150,150
Yang2025,ShallowConvNet,1,7,0.7516666666666667,0.78,FM-Full_A-None_AdaBN-F,150,150,150
Yang2025,ShallowConvNet,1,9,0.6566666666666666,0.6683333333333333,FM-Full_A-None_AdaBN-F,150,150,150
Yang2025,ShallowConvNet,1,10,,,FM-Full_A-None_AdaBN-F,150,150,150
Yang2025,ShallowConvNet,1,13,0.7233333333333334,0.765,FM-Full_A-None_AdaBN-F,150,150,150
Yang2025,ShallowConvNet,1,14,0.55,0.5233333333333333,FM-Full_A-None_AdaBN-F,150,150,150
Yang2025,ShallowConvNet,1,16,0.55,0.6033333333333334,FM-Full_A-None_AdaBN-F,150,150,150
Yang2025,ShallowConvNet,1,17,0.7733333333333333,0.7466666666666667,FM-Full_A-None_AdaBN-F,150,150,150
Yang2025,ShallowConvNet,1,18,0.6266666666666667,0.6716666666666666,FM-Full_A-None_AdaBN-F,150,150,150
Yang2025,ShallowConvNet,1,20,0.7833333333333333,0.8733333333333333,FM-Full_A-None_AdaBN-F,150,150,150
Yang2025,ShallowConvNet,1,25,0.8633333333333333,0.9233333333333332,FM-Full_A-None_AdaBN-F,150,150,150
Yang2025,ShallowConvNet,1,26,0.7529215358931552,0.8948247078464107,FM-Full_A-None_AdaBN-F,150,150,150
Yang2025,ShallowConvNet,1,27,0.545,0.6583333333333333,FM-Full_A-None_AdaBN-F,150,150,150
Yang2025,ShallowConvNet,1,31,0.6683333333333333,0.7333333333333333,FM-Full_A-None_AdaBN-F,150,150,150
Yang2025,ShallowConvNet,1,32,0.5592654424040067,0.5859766277128547,FM-Full_A-None_AdaBN-F,150,150,150
Yang2025,ShallowConvNet,1,33,0.81,0.9116666666666666,FM-Full_A-None_AdaBN-F,150,150,150
Yang2025,ShallowConvNet,1,34,0.5783333333333334,0.7933333333333333,FM-Full_A-None_AdaBN-F,150,150,150
Yang2025,ShallowConvNet,1,37,0.7366666666666667,0.8733333333333333,FM-Full_A-None_AdaBN-F,150,150,150
Yang2025,ShallowConvNet,1,41,0.7816666666666666,0.8316666666666667,FM-Full_A-None_AdaBN-F,150,150,150
Yang2025,ShallowConvNet,1,44,0.6866666666666666,0.6716666666666666,FM-Full_A-None_AdaBN-F,150,150,150
Yang2025,ShallowConvNet,1,45,0.7833333333333333,0.8233333333333334,FM-Full_A-None_AdaBN-F,150,150,150
Yang2025,ShallowConvNet,1,47,0.83,0.8583333333333333,FM-Full_A-None_AdaBN-F,150,150,150
Yang2025,ShallowConvNet,1,48,0.8033333333333333,0.8416666666666667,FM-Full_A-None_AdaBN-F,150,150,150
Yang2025,ShallowConvNet,1,49,0.8683333333333333,0.925,FM-Full_A-None_AdaBN-F,150,150,150
Yang2025,ShallowConvNet,1,50,0.9033333333333332,0.925,FM-Full_A-None_AdaBN-F,150,150,150
Yang2025,ShallowConvNet,2,1,0.8983333333333333,0.9016666666666666,FM-Full_A-None_AdaBN-F,150,150,150
Yang2025,ShallowConvNet,2,2,0.6816666666666666,0.6366666666666667,FM-Full_A-None_AdaBN-F,150,150,150
Yang2025,ShallowConvNet,2,3,0.9,0.92,FM-Full_A-None_AdaBN-F,150,150,150
Yang2025,ShallowConvNet,2,6,0.8816666666666667,0.9416666666666668,FM-Full_A-None_AdaBN-F,150,150,150
Yang2025,ShallowConvNet,2,8,0.87,0.9083333333333332,FM-Full_A-None_AdaBN-F,150,150,150
Yang2025,ShallowConvNet,2,11,0.8433333333333334,0.885,FM-Full_A-None_AdaBN-F,150,150,150
Yang2025,ShallowConvNet,2,12,0.555,0.5516666666666666,FM-Full_A-None_AdaBN-F,150,150,150
Yang2025,ShallowConvNet,2,15,0.7283333333333334,0.7783333333333333,FM-Full_A-None_AdaBN-F,150,150,150
Yang2025,ShallowConvNet,2,19,0.8216666666666667,0.8433333333333334,FM-Full_A-None_AdaBN-F,150,150,150
Yang2025,ShallowConvNet,2,21,0.8166666666666667,0.8666666666666667,FM-Full_A-None_AdaBN-F,150,150,150
Yang2025,ShallowConvNet,2,22,0.7283333333333334,0.78,FM-Full_A-None_AdaBN-F,150,150,150
Yang2025,ShallowConvNet,2,23,0.8781302170283807,0.9265442404006676,FM-Full_A-None_AdaBN-F,150,150,150
Yang2025,ShallowConvNet,2,24,0.8821548821548821,0.9292929292929292,FM-Full_A-None_AdaBN-F,150,150,150
Yang2025,ShallowConvNet,2,28,0.7833333333333333,0.86,FM-Full_A-None_AdaBN-F,150,150,150
Yang2025,ShallowConvNet,2,29,0.6866666666666666,0.8283333333333334,FM-Full_A-None_AdaBN-F,150,150,150
Yang2025,ShallowConvNet,2,30,0.865,0.935,FM-Full_A-None_AdaBN-F,150,150,150
Yang2025,ShallowConvNet,2,35,0.89,0.945,FM-Full_A-None_AdaBN-F,150,150,150
Yang2025,ShallowConvNet,2,36,0.9083333333333332,0.915,FM-Full_A-None_AdaBN-F,150,150,150
Yang2025,ShallowConvNet,2,38,0.5916666666666667,0.6283333333333333,FM-Full_A-None_AdaBN-F,150,150,150
Yang2025,ShallowConvNet,2,39,0.6616666666666666,0.7266666666666667,FM-Full_A-None_AdaBN-F,150,150,150
Yang2025,ShallowConvNet,2,40,0.7816666666666666,0.8233333333333334,FM-Full_A-None_AdaBN-F,150,150,150
Yang2025,ShallowConvNet,2,42,0.7883333333333333,0.7766666666666666,FM-Full_A-None_AdaBN-F,150,150,150
Yang2025,ShallowConvNet,2,43,0.97,0.9866666666666668,FM-Full_A-None_AdaBN-F,150,150,150
Yang2025,ShallowConvNet,2,46,0.9466666666666668,0.9783333333333334,FM-Full_A-None_AdaBN-F,150,150,150
Yang2025,ShallowConvNet,2,51,0.7883333333333333,0.83,FM-Full_A-None_AdaBN-F,150,150,150
Yang2025,EEGNetv4,1,4,0.5666666666666667,0.5616666666666666,FM-Full_A-None_AdaBN-F,150,150,150
Yang2025,EEGNetv4,1,5,0.8216666666666667,0.8616666666666667,FM-Full_A-None_AdaBN-F,150,150,150
Yang2025,EEGNetv4,1,7,0.7366666666666667,0.7633333333333333,FM-Full_A-None_AdaBN-F,150,150,150
Yang2025,EEGNetv4,1,9,0.6916666666666667,0.6683333333333333,FM-Full_A-None_AdaBN-F,150,150,150
Yang2025,EEGNetv4,1,10,0.775,0.8316666666666667,FM-Full_A-None_AdaBN-F,150,150,150
Yang2025,EEGNetv4,1,13,0.715,0.775,FM-Full_A-None_AdaBN-F,150,150,150
Yang2025,EEGNetv4,1,14,0.5783333333333334,0.5816666666666667,FM-Full_A-None_AdaBN-F,150,150,150
Yang2025,EEGNetv4,1,16,0.5416666666666666,0.5566666666666666,FM-Full_A-None_AdaBN-F,150,150,150
Yang2025,EEGNetv4,1,17,,,FM-Full_A-None_AdaBN-F,150,150,150
Yang2025,EEGNetv4,1,18,0.6666666666666666,0.6633333333333333,FM-Full_A-None_AdaBN-F,150,150,150
Yang2025,EEGNetv4,1,20,0.775,0.9116666666666666,FM-Full_A-None_AdaBN-F,150,150,150
Yang2025,EEGNetv4,1,25,0.885,0.93,FM-Full_A-None_AdaBN-F,150,150,150
Yang2025,EEGNetv4,1,26,0.7479131886477463,0.8714524207011686,FM-Full_A-None_AdaBN-F,150,150,150
Yang2025,EEGNetv4,1,27,0.5783333333333334,0.7116666666666667,FM-Full_A-None_AdaBN-F,150,150,150
Yang2025,EEGNetv4,1,31,0.7033333333333334,0.7983333333333333,FM-Full_A-None_AdaBN-F,150,150,150
Yang2025,EEGNetv4,1,32,0.5175292153589316,0.5442404006677797,FM-Full_A-None_AdaBN-F,150,150,150
Yang2025,EEGNetv4,1,33,0.9316666666666666,0.955,FM-Full_A-None_AdaBN-F,150,150,150
Yang2025,EEGNetv4,1,34,0.5333333333333333,0.765,FM-Full_A-None_AdaBN-F,150,150,150
Yang2025,EEGNetv4,1,37,0.8033333333333333,0.8916666666666667,FM-Full_A-None_AdaBN-F,150,150,150
Yang2025,EEGNetv4,1,41,0.8316666666666667,0.8766666666666667,FM-Full_A-None_AdaBN-F,150,150,150
Yang2025,EEGNetv4,1,44,0.6883333333333334,0.715,FM-Full_A-None_AdaBN-F,150,150,150
Yang2025,EEGNetv4,1,45,0.8366666666666667,0.895,FM-Full_A-None_AdaBN-F,150,150,150
Yang2025,EEGNetv4,1,47,0.885,0.9133333333333332,FM-Full_A-None_AdaBN-F,150,150,150
Yang2025,EEGNetv4,1,48,0.8283333333333334,0.8766666666666667,FM-Full_A-None_AdaBN-F,150,150,150
Yang2025,EEGNetv4,1,49,0.9133333333333332,0.9583333333333334,FM-Full_A-None_AdaBN-F,150,150,150
Yang2025,EEGNetv4,1,50,0.9283333333333332,0.9516666666666668,FM-Full_A-None_AdaBN-F,150,150,150
Yang2025,EEGNetv4,2,1,0.8616666666666667,0.9366666666666666,FM-Full_A-None_AdaBN-F,150,150,150
Yang2025,EEGNetv4,2,2,0.6666666666666666,0.6433333333333333,FM-Full_A-None_AdaBN-F,150,150,150
Yang2025,EEGNetv4,2,3,0.9033333333333332,0.935,FM-Full_A-None_AdaBN-F,150,150,150
Yang2025,EEGNetv4,2,6,0.8766666666666667,0.97,FM-Full_A-None_AdaBN-F,150,150,150
Yang2025,EEGNetv4,2,8,0.86,0.9016666666666666,FM-Full_A-None_AdaBN-F,150,150,150
Yang2025,EEGNetv4,2,11,0.8266666666666667,0.9016666666666666,FM-Full_A-None_AdaBN-F,150,150,150
Yang2025,EEGNetv4,2,12,0.5916666666666667,0.5816666666666667,FM-Full_A-None_AdaBN-F,150,150,150
Yang2025,EEGNetv4,2,15,0.735,0.7866666666666666,FM-Full_A-None_AdaBN-F,150,150,150
Yang2025,EEGNetv4,2,19,0.815,0.825,FM-Full_A-None_AdaBN-F,150,150,150
Yang2025,EEGNetv4,2,21,0.825,0.8766666666666667,FM-Full_A-None_AdaBN-F,150,150,150
Yang2025,EEGNetv4,2,22,0.71,0.8333333333333334,FM-Full_A-None_AdaBN-F,150,150,150
Yang2025,EEGNetv4,2,23,0.9031719532554258,0.9465776293823038,FM-Full_A-None_AdaBN-F,150,150,150
Yang2025,EEGNetv4,2,24,0.9090909090909092,0.9511784511784512,FM-Full_A-None_AdaBN-F,150,150,150
Yang2025,EEGNetv4,2,28,0.775,0.855,FM-Full_A-None_AdaBN-F,150,150,150
Yang2025,EEGNetv4,2,29,0.6833333333333333,0.815,FM-Full_A-None_AdaBN-F,150,150,150
Yang2025,EEGNetv4,2,30,0.83,0.795,FM-Full_A-None_AdaBN-F,150,150,150
Yang2025,EEGNetv4,2,35,0.9233333333333332,0.96,FM-Full_A-None_AdaBN-F,150,150,150
Yang2025,EEGNetv4,2,36,0.8766666666666667,0.9216666666666666,FM-Full_A-None_AdaBN-F,150,150,150
Yang2025,EEGNetv4,2,38,0.5883333333333334,0.6883333333333334,FM-Full_A-None_AdaBN-F,150,150,150
Yang2025,EEGNetv4,2,39,0.6983333333333334,0.75,FM-Full_A-None_AdaBN-F,150,150,150
Yang2025,EEGNetv4,2,40,0.7433333333333333,0.8233333333333334,FM-Full_A-None_AdaBN-F,150,150,150
Yang2025,EEGNetv4,2,42,0.7466666666666667,0.8,FM-Full_A-None_AdaBN-F,150,150,150
Yang2025,EEGNetv4,2,43,0.9466666666666668,0.9916666666666668,FM-Full_A-None_AdaBN-F,150,150,150
Yang2025,EEGNetv4,2,46,0.94,0.9866666666666668,FM-Full_A-None_AdaBN-F,150,150,150
Yang2025,EEGNetv4,2,51,0.7816666666666666,0.8783333333333333,FM-Full_A-None_AdaBN-F,150,150,150
Yang2025,DeepConvNet,1,4,0.595,0.5633333333333334,FM-Full_A-None_AdaBN-F,300,300,300
Yang2025,DeepConvNet,1,5,0.83,0.885,FM-Full_A-None_AdaBN-F,300,300,300
Yang2025,DeepConvNet,1,7,0.8166666666666667,0.8333333333333334,FM-Full_A-None_AdaBN-F,300,300,300
Yang2025,DeepConvNet,1,9,0.7333333333333333,0.715,FM-Full_A-None_AdaBN-F,300,300,300
Yang2025,DeepConvNet,1,10,0.835,0.8783333333333333,FM-Full_A-None_AdaBN-F,300,300,300
Yang2025,DeepConvNet,1,13,0.78,0.8183333333333334,FM-Full_A-None_AdaBN-F,300,300,300
Yang2025,DeepConvNet,1,14,0.5633333333333334,0.5816666666666667,FM-Full_A-None_AdaBN-F,300,300,300
Yang2025,DeepConvNet,1,16,0.5866666666666667,0.615,FM-Full_A-None_AdaBN-F,300,300,300
Yang2025,DeepConvNet,1,17,0.8133333333333334,0.8383333333333334,FM-Full_A-None_AdaBN-F,300,300,300
Yang2025,DeepConvNet,1,18,0.6816666666666666,0.6983333333333334,FM-Full_A-None_AdaBN-F,300,300,300
Yang2025,DeepConvNet,1,20,0.795,0.945,FM-Full_A-None_AdaBN-F,300,300,300
Yang2025,DeepConvNet,1,25,0.9316666666666666,0.9683333333333334,FM-Full_A-None_AdaBN-F,300,300,300
Yang2025,DeepConvNet,1,26,0.8464106844741235,0.9315525876460768,FM-Full_A-None_AdaBN-F,300,300,300
Yang2025,DeepConvNet,1,27,0.6433333333333333,0.7316666666666667,FM-Full_A-None_AdaBN-F,300,300,300
Yang2025,DeepConvNet,1,31,0.7716666666666666,0.83,FM-Full_A-None_AdaBN-F,300,300,300
Yang2025,DeepConvNet,1,32,0.5893155258764607,0.6393989983305509,FM-Full_A-None_AdaBN-F,300,300,300
Yang2025,DeepConvNet,1,33,0.9583333333333334,0.9683333333333334,FM-Full_A-None_AdaBN-F,300,300,300
Yang2025,DeepConvNet,1,34,0.645,0.8333333333333334,FM-Full_A-None_AdaBN-F,300,300,300
Yang2025,DeepConvNet,1,37,0.86,0.9416666666666668,FM-Full_A-None_AdaBN-F,300,300,300
Yang2025,DeepConvNet,1,41,0.8666666666666667,0.9033333333333332,FM-Full_A-None_AdaBN-F,300,300,300
Yang2025,DeepConvNet,1,44,0.745,0.74,FM-Full_A-None_AdaBN-F,300,300,300
Yang2025,DeepConvNet,1,45,0.8866666666666667,0.8933333333333333,FM-Full_A-None_AdaBN-F,300,300,300
Yang2025,DeepConvNet,1,47,0.9116666666666666,0.935,FM-Full_A-None_AdaBN-F,300,300,300
Yang2025,DeepConvNet,1,48,0.8466666666666667,0.9183333333333332,FM-Full_A-None_AdaBN-F,300,300,300
Yang2025,DeepConvNet,1,49,0.9716666666666668,0.9833333333333332,FM-Full_A-None_AdaBN-F,300,300,300
Yang2025,DeepConvNet,1,50,0.96,0.9666666666666668,FM-Full_A-None_AdaBN-F,300,300,300
Yang2025,DeepConvNet,2,1,0.96,0.9666666666666668,FM-Full_A-None_AdaBN-F,300,300,300
Yang2025,DeepConvNet,2,2,0.7283333333333334,0.6783333333333333,FM-Full_A-None_AdaBN-F,300,300,300
Yang2025,DeepConvNet,2,3,0.9483333333333334,0.9683333333333334,FM-Full_A-None_AdaBN-F,300,300,300
Yang2025,DeepConvNet,2,6,0.965,0.9783333333333334,FM-Full_A-None_AdaBN-F,300,300,300
Yang2025,DeepConvNet,2,8,0.905,0.94,FM-Full_A-None_AdaBN-F,300,300,300
Yang2025,DeepConvNet,2,11,0.9,0.9433333333333334,FM-Full_A-None_AdaBN-F,300,300,300
Yang2025,DeepConvNet,2,12,0.6316666666666667,0.5916666666666667,FM-Full_A-None_AdaBN-F,300,300,300
Yang2025,DeepConvNet,2,15,0.75,0.8533333333333334,FM-Full_A-None_AdaBN-F,300,300,300
Yang2025,DeepConvNet,2,19,0.845,0.8866666666666667,FM-Full_A-None_AdaBN-F,300,300,300
Yang2025,DeepConvNet,2,21,0.88,0.91,FM-Full_A-None_AdaBN-F,300,300,300
Yang2025,DeepConvNet,2,22,0.82,0.8816666666666667,FM-Full_A-None_AdaBN-F,300,300,300
Yang2025,DeepConvNet,2,23,0.9298831385642736,0.9682804674457428,FM-Full_A-None_AdaBN-F,300,300,300
Yang2025,DeepConvNet,2,24,0.914141414141414,0.9831649831649832,FM-Full_A-None_AdaBN-F,300,300,300
Yang2025,DeepConvNet,2,28,0.7333333333333333,0.9216666666666666,FM-Full_A-None_AdaBN-F,300,300,300
Yang2025,DeepConvNet,2,29,0.7483333333333333,0.8833333333333333,FM-Full_A-None_AdaBN-F,300,300,300
Yang2025,DeepConvNet,2,30,0.91,0.97,FM-Full_A-None_AdaBN-F,300,300,300
Yang2025,DeepConvNet,2,35,0.9566666666666668,0.9816666666666668,FM-Full_A-None_AdaBN-F,300,300,300
Yang2025,DeepConvNet,2,36,0.9183333333333332,0.9366666666666666,FM-Full_A-None_AdaBN-F,300,300,300
Yang2025,DeepConvNet,2,38,0.6066666666666667,0.6866666666666666,FM-Full_A-None_AdaBN-F,300,300,300
Yang2025,DeepConvNet,2,39,0.7233333333333334,0.82,FM-Full_A-None_AdaBN-F,300,300,300
Yang2025,DeepConvNet,2,40,0.8166666666666667,0.86,FM-Full_A-None_AdaBN-F,300,300,300
Yang2025,DeepConvNet,2,42,0.8316666666666667,0.8316666666666667,FM-Full_A-None_AdaBN-F,300,300,300
Yang2025,DeepConvNet,2,43,0.995,0.9983333333333332,FM-Full_A-None_AdaBN-F,300,300,300
Yang2025,DeepConvNet,2,46,0.9833333333333332,0.9933333333333332,FM-Full_A-None_AdaBN-F,300,300,300
Yang2025,DeepConvNet,2,51,0.8916666666666667,0.92,FM-Full_A-None_AdaBN-F,300,300,300
Yang2025,ATCNet,1,4,0.5283333333333333,0.5216666666666666,FM-Full_A-None_AdaBN-F,300,300,300
Yang2025,ATCNet,1,5,0.65,0.8033333333333333,FM-Full_A-None_AdaBN-F,300,300,300
Yang2025,ATCNet,1,7,0.575,0.67,FM-Full_A-None_AdaBN-F,300,300,300
Yang2025,ATCNet,1,9,0.5583333333333333,0.6183333333333333,FM-Full_A-None_AdaBN-F,300,300,300
Yang2025,ATCNet,1,10,0.6433333333333333,0.795,FM-Full_A-None_AdaBN-F,300,300,300
Yang2025,ATCNet,1,13,0.54,0.685,FM-Full_A-None_AdaBN-F,300,300,300
Yang2025,ATCNet,1,14,0.5216666666666666,0.5683333333333334,FM-Full_A-None_AdaBN-F,300,300,300
Yang2025,ATCNet,1,16,0.525,0.6516666666666666,FM-Full_A-None_AdaBN-F,300,300,300
Yang2025,ATCNet,1,17,0.545,0.685,FM-Full_A-None_AdaBN-F,300,300,300
Yang2025,ATCNet,1,18,0.54,0.59,FM-Full_A-None_AdaBN-F,300,300,300
Yang2025,ATCNet,1,20,0.5283333333333333,0.6616666666666666,FM-Full_A-None_AdaBN-F,300,300,300
Yang2025,ATCNet,1,25,0.5616666666666666,0.785,FM-Full_A-None_AdaBN-F,300,300,300
Yang2025,ATCNet,1,26,0.6060100166944908,0.8180300500834724,FM-Full_A-None_AdaBN-F,300,300,300
Yang2025,ATCNet,1,27,0.5366666666666666,0.7316666666666667,FM-Full_A-None_AdaBN-F,300,300,300
Yang2025,ATCNet,1,31,0.64,0.7766666666666666,FM-Full_A-None_AdaBN-F,300,300,300
Yang2025,ATCNet,1,32,0.5292153589315526,0.7562604340567612,FM-Full_A-None_AdaBN-F,300,300,300
Yang2025,ATCNet,1,33,0.6233333333333333,0.9366666666666666,FM-Full_A-None_AdaBN-F,300,300,300
Yang2025,ATCNet,1,34,0.4816666666666667,0.845,FM-Full_A-None_AdaBN-F,300,300,300
Yang2025,ATCNet,1,37,0.7316666666666667,0.7766666666666666,FM-Full_A-None_AdaBN-F,300,300,300
Yang2025,ATCNet,1,41,0.7316666666666667,0.8733333333333333,FM-Full_A-None_AdaBN-F,300,300,300
Yang2025,ATCNet,1,44,0.5716666666666667,0.6416666666666667,FM-Full_A-None_AdaBN-F,300,300,300
Yang2025,ATCNet,1,45,0.5666666666666667,0.725,FM-Full_A-None_AdaBN-F,300,300,300
Yang2025,ATCNet,1,47,0.6616666666666666,0.775,FM-Full_A-None_AdaBN-F,300,300,300
Yang2025,ATCNet,1,48,0.6016666666666667,0.7516666666666667,FM-Full_A-None_AdaBN-F,300,300,300
Yang2025,ATCNet,1,49,0.7433333333333333,0.89,FM-Full_A-None_AdaBN-F,300,300,300
Yang2025,ATCNet,1,50,0.7916666666666666,0.86,FM-Full_A-None_AdaBN-F,300,300,300
Yang2025,ATCNet,2,1,0.8,0.85,FM-Full_A-None_AdaBN-F,300,300,300
Yang2025,ATCNet,2,2,0.555,0.6016666666666667,FM-Full_A-None_AdaBN-F,300,300,300
Yang2025,ATCNet,2,3,0.8983333333333333,0.9083333333333332,FM-Full_A-None_AdaBN-F,300,300,300
Yang2025,ATCNet,2,6,0.9066666666666666,0.945,FM-Full_A-None_AdaBN-F,300,300,300
Yang2025,ATCNet,2,8,0.8016666666666666,0.8533333333333334,FM-Full_A-None_AdaBN-F,300,300,300
Yang2025,ATCNet,2,11,0.8283333333333334,0.8566666666666667,FM-Full_A-None_AdaBN-F,300,300,300
Yang2025,ATCNet,2,12,0.5533333333333333,0.54,FM-Full_A-None_AdaBN-F,300,300,300
Yang2025,ATCNet,2,15,0.7416666666666667,0.6883333333333334,FM-Full_A-None_AdaBN-F,300,300,300
Yang2025,ATCNet,2,19,0.7983333333333333,0.8116666666666666,FM-Full_A-None_AdaBN-F,300,300,300
Yang2025,ATCNet,2,21,0.7116666666666667,0.755,FM-Full_A-None_AdaBN-F,300,300,300
Yang2025,ATCNet,2,22,0.6666666666666666,0.775,FM-Full_A-None_AdaBN-F,300,300,300
Yang2025,ATCNet,2,23,0.8380634390651085,0.8864774624373957,FM-Full_A-None_AdaBN-F,300,300,300
Yang2025,ATCNet,2,24,0.7895622895622896,0.9191919191919192,FM-Full_A-None_AdaBN-F,300,300,300
Yang2025,ATCNet,2,28,0.8116666666666666,0.8866666666666667,FM-Full_A-None_AdaBN-F,300,300,300
Yang2025,ATCNet,2,29,0.8683333333333333,0.955,FM-Full_A-None_AdaBN-F,300,300,300
Yang2025,ATCNet,2,30,0.77,0.7283333333333334,FM-Full_A-None_AdaBN-F,300,300,300
Yang2025,ATCNet,2,35,0.72,0.7583333333333333,FM-Full_A-None_AdaBN-F,300,300,300
Yang2025,ATCNet,2,36,0.7466666666666667,0.7833333333333333,FM-Full_A-None_AdaBN-F,300,300,300
Yang2025,ATCNet,2,38,0.5116666666666667,0.55,FM-Full_A-None_AdaBN-F,300,300,300
Yang2025,ATCNet,2,39,0.7083333333333334,0.795,FM-Full_A-None_AdaBN-F,300,300,300
Yang2025,ATCNet,2,40,0.7183333333333334,0.7916666666666666,FM-Full_A-None_AdaBN-F,300,300,300
Yang2025,ATCNet,2,42,0.7033333333333334,0.7216666666666667,FM-Full_A-None_AdaBN-F,300,300,300
Yang2025,ATCNet,2,43,0.78,0.8866666666666667,FM-Full_A-None_AdaBN-F,300,300,300
Yang2025,ATCNet,2,46,0.7633333333333333,0.89,FM-Full_A-None_AdaBN-F,300,300,300
Yang2025,ATCNet,2,51,0.7816666666666666,0.805,FM-Full_A-None_AdaBN-F,300,300,300
Yang2025,ShallowConvNet,1,4,0.5833333333333334,0.55,FM-Full_A-None_AdaBN-F,300,300,300
Yang2025,ShallowConvNet,1,5,0.8383333333333334,0.8683333333333333,FM-Full_A-None_AdaBN-F,300,300,300
Yang2025,ShallowConvNet,1,7,0.7833333333333333,0.795,FM-Full_A-None_AdaBN-F,300,300,300
Yang2025,ShallowConvNet,1,9,0.7133333333333334,0.7,FM-Full_A-None_AdaBN-F,300,300,300
Yang2025,ShallowConvNet,1,10,0.7966666666666666,0.8316666666666667,FM-Full_A-None_AdaBN-F,300,300,300
Yang2025,ShallowConvNet,1,13,0.75,0.78,FM-Full_A-None_AdaBN-F,300,300,300
Yang2025,ShallowConvNet,1,14,0.555,0.535,FM-Full_A-None_AdaBN-F,300,300,300
Yang2025,ShallowConvNet,1,16,0.5683333333333334,0.6266666666666667,FM-Full_A-None_AdaBN-F,300,300,300
Yang2025,ShallowConvNet,1,17,0.8066666666666666,0.8,FM-Full_A-None_AdaBN-F,300,300,300
Yang2025,ShallowConvNet,1,18,0.66,0.67,FM-Full_A-None_AdaBN-F,300,300,300
Yang2025,ShallowConvNet,1,20,0.7933333333333333,0.8716666666666667,FM-Full_A-None_AdaBN-F,300,300,300
Yang2025,ShallowConvNet,1,25,0.8866666666666667,0.9233333333333332,FM-Full_A-None_AdaBN-F,300,300,300
Yang2025,ShallowConvNet,1,26,0.7813021702838063,0.8898163606010017,FM-Full_A-None_AdaBN-F,300,300,300
Yang2025,ShallowConvNet,1,27,0.6266666666666667,0.6833333333333333,FM-Full_A-None_AdaBN-F,300,300,300
Yang2025,ShallowConvNet,1,31,0.71,0.7633333333333333,FM-Full_A-None_AdaBN-F,300,300,300
Yang2025,ShallowConvNet,1,32,0.5943238731218697,0.6260434056761269,FM-Full_A-None_AdaBN-F,300,300,300
Yang2025,ShallowConvNet,1,33,0.865,0.945,FM-Full_A-None_AdaBN-F,300,300,300
Yang2025,ShallowConvNet,1,34,0.5716666666666667,0.8033333333333333,FM-Full_A-None_AdaBN-F,300,300,300
Yang2025,ShallowConvNet,1,37,0.815,0.905,FM-Full_A-None_AdaBN-F,300,300,300
Yang2025,ShallowConvNet,1,41,0.8466666666666667,0.8816666666666667,FM-Full_A-None_AdaBN-F,300,300,300
Yang2025,ShallowConvNet,1,44,0.6983333333333334,0.695,FM-Full_A-None_AdaBN-F,300,300,300
Yang2025,ShallowConvNet,1,45,0.82,0.8416666666666667,FM-Full_A-None_AdaBN-F,300,300,300
Yang2025,ShallowConvNet,1,47,0.8633333333333333,0.8933333333333333,FM-Full_A-None_AdaBN-F,300,300,300
Yang2025,ShallowConvNet,1,48,0.8116666666666666,0.8683333333333333,FM-Full_A-None_AdaBN-F,300,300,300
Yang2025,ShallowConvNet,1,49,0.9216666666666666,0.95,FM-Full_A-None_AdaBN-F,300,300,300
Yang2025,ShallowConvNet,1,50,0.9283333333333332,0.9366666666666666,FM-Full_A-None_AdaBN-F,300,300,300
Yang2025,ShallowConvNet,2,1,0.8866666666666667,0.9183333333333332,FM-Full_A-None_AdaBN-F,300,300,300
Yang2025,ShallowConvNet,2,2,0.6583333333333333,0.6483333333333333,FM-Full_A-None_AdaBN-F,300,300,300
Yang2025,ShallowConvNet,2,3,0.9433333333333334,0.945,FM-Full_A-None_AdaBN-F,300,300,300
Yang2025,ShallowConvNet,2,6,0.8983333333333333,0.9566666666666668,FM-Full_A-None_AdaBN-F,300,300,300
Yang2025,ShallowConvNet,2,8,0.905,0.915,FM-Full_A-None_AdaBN-F,300,300,300
Yang2025,ShallowConvNet,2,11,0.9,0.9083333333333332,FM-Full_A-None_AdaBN-F,300,300,300
Yang2025,ShallowConvNet,2,12,0.6033333333333334,0.57,FM-Full_A-None_AdaBN-F,300,300,300
Yang2025,ShallowConvNet,2,15,0.7616666666666667,0.81,FM-Full_A-None_AdaBN-F,300,300,300
Yang2025,ShallowConvNet,2,19,0.8283333333333334,0.8533333333333334,FM-Full_A-None_AdaBN-F,300,300,300
Yang2025,ShallowConvNet,2,21,0.8483333333333334,0.87,FM-Full_A-None_AdaBN-F,300,300,300
Yang2025,ShallowConvNet,2,22,0.7666666666666667,0.8183333333333334,FM-Full_A-None_AdaBN-F,300,300,300
Yang2025,ShallowConvNet,2,23,0.9181969949916527,0.9398998330550918,FM-Full_A-None_AdaBN-F,300,300,300
Yang2025,ShallowConvNet,2,24,0.9090909090909092,0.9511784511784512,FM-Full_A-None_AdaBN-F,300,300,300
Yang2025,ShallowConvNet,2,28,0.7266666666666667,0.8833333333333333,FM-Full_A-None_AdaBN-F,300,300,300
Yang2025,ShallowConvNet,2,29,0.7183333333333334,0.8933333333333333,FM-Full_A-None_AdaBN-F,300,300,300
Yang2025,ShallowConvNet,2,30,0.895,0.9333333333333332,FM-Full_A-None_AdaBN-F,300,300,300
Yang2025,ShallowConvNet,2,35,0.9183333333333332,0.955,FM-Full_A-None_AdaBN-F,300,300,300
Yang2025,ShallowConvNet,2,36,0.8733333333333333,0.94,FM-Full_A-None_AdaBN-F,300,300,300
Yang2025,ShallowConvNet,2,38,0.6033333333333334,0.6616666666666666,FM-Full_A-None_AdaBN-F,300,300,300
Yang2025,ShallowConvNet,2,39,0.7016666666666667,0.78,FM-Full_A-None_AdaBN-F,300,300,300
Yang2025,ShallowConvNet,2,40,0.7816666666666666,0.8216666666666667,FM-Full_A-None_AdaBN-F,300,300,300
Yang2025,ShallowConvNet,2,42,0.7516666666666667,0.78,FM-Full_A-None_AdaBN-F,300,300,300
Yang2025,ShallowConvNet,2,43,0.9666666666666668,0.9933333333333332,FM-Full_A-None_AdaBN-F,300,300,300
Yang2025,ShallowConvNet,2,46,0.9383333333333334,0.9916666666666668,FM-Full_A-None_AdaBN-F,300,300,300
Yang2025,ShallowConvNet,2,51,0.8166666666666667,0.865,FM-Full_A-None_AdaBN-F,300,300,300
Yang2025,EEGNetv4,1,4,0.5633333333333334,0.5583333333333333,FM-Full_A-None_AdaBN-F,300,300,300
Yang2025,EEGNetv4,1,5,0.815,0.8833333333333333,FM-Full_A-None_AdaBN-F,300,300,300
Yang2025,EEGNetv4,1,7,0.775,0.8166666666666667,FM-Full_A-None_AdaBN-F,300,300,300
Yang2025,EEGNetv4,1,9,0.7116666666666667,0.725,FM-Full_A-None_AdaBN-F,300,300,300
Yang2025,EEGNetv4,1,10,0.7983333333333333,0.8516666666666667,FM-Full_A-None_AdaBN-F,300,300,300
Yang2025,EEGNetv4,1,13,0.7266666666666667,0.7933333333333333,FM-Full_A-None_AdaBN-F,300,300,300
Yang2025,EEGNetv4,1,14,0.6066666666666667,0.605,FM-Full_A-None_AdaBN-F,300,300,300
Yang2025,EEGNetv4,1,16,0.5683333333333334,0.595,FM-Full_A-None_AdaBN-F,300,300,300
Yang2025,EEGNetv4,1,17,0.7716666666666666,0.8116666666666666,FM-Full_A-None_AdaBN-F,300,300,300
Yang2025,EEGNetv4,1,18,0.6483333333333333,0.6666666666666666,FM-Full_A-None_AdaBN-F,300,300,300
Yang2025,EEGNetv4,1,20,0.785,0.9116666666666666,FM-Full_A-None_AdaBN-F,300,300,300
Yang2025,EEGNetv4,1,25,0.9,0.9416666666666668,FM-Full_A-None_AdaBN-F,300,300,300
Yang2025,EEGNetv4,1,26,0.7262103505843072,0.8898163606010017,FM-Full_A-None_AdaBN-F,300,300,300
Yang2025,EEGNetv4,1,27,0.6333333333333333,0.7083333333333334,FM-Full_A-None_AdaBN-F,300,300,300
Yang2025,EEGNetv4,1,31,0.7283333333333334,0.7983333333333333,FM-Full_A-None_AdaBN-F,300,300,300
Yang2025,EEGNetv4,1,32,0.5492487479131887,0.6076794657762938,FM-Full_A-None_AdaBN-F,300,300,300
Yang2025,EEGNetv4,1,33,0.93,0.96,FM-Full_A-None_AdaBN-F,300,300,300
Yang2025,EEGNetv4,1,34,0.6366666666666667,0.7633333333333333,FM-Full_A-None_AdaBN-F,300,300,300
Yang2025,EEGNetv4,1,37,0.83,0.91,FM-Full_A-None_AdaBN-F,300,300,300
Yang2025,EEGNetv4,1,41,0.8433333333333334,0.8883333333333333,FM-Full_A-None_AdaBN-F,300,300,300
Yang2025,EEGNetv4,1,44,0.6783333333333333,0.7333333333333333,FM-Full_A-None_AdaBN-F,300,300,300
Yang2025,EEGNetv4,1,45,0.8533333333333334,0.8716666666666667,FM-Full_A-None_AdaBN-F,300,300,300
Yang2025,EEGNetv4,1,47,0.8516666666666667,0.92,FM-Full_A-None_AdaBN-F,300,300,300
Yang2025,EEGNetv4,1,48,0.8083333333333333,0.8766666666666667,FM-Full_A-None_AdaBN-F,300,300,300
Yang2025,EEGNetv4,1,49,0.9116666666666666,0.96,FM-Full_A-None_AdaBN-F,300,300,300
Yang2025,EEGNetv4,1,50,0.9183333333333332,0.9533333333333334,FM-Full_A-None_AdaBN-F,300,300,300
Yang2025,EEGNetv4,2,1,0.905,0.9516666666666668,FM-Full_A-None_AdaBN-F,300,300,300
Yang2025,EEGNetv4,2,2,0.6866666666666666,0.6816666666666666,FM-Full_A-None_AdaBN-F,300,300,300
Yang2025,EEGNetv4,2,3,0.915,0.9283333333333332,FM-Full_A-None_AdaBN-F,300,300,300
Yang2025,EEGNetv4,2,6,0.8933333333333333,0.9733333333333334,FM-Full_A-None_AdaBN-F,300,300,300
Yang2025,EEGNetv4,2,8,0.8783333333333333,0.9216666666666666,FM-Full_A-None_AdaBN-F,300,300,300
Yang2025,EEGNetv4,2,11,0.86,0.9116666666666666,FM-Full_A-None_AdaBN-F,300,300,300
Yang2025,EEGNetv4,2,12,0.5883333333333334,0.58,FM-Full_A-None_AdaBN-F,300,300,300
Yang2025,EEGNetv4,2,15,0.7383333333333333,0.77,FM-Full_A-None_AdaBN-F,300,300,300
Yang2025,EEGNetv4,2,19,0.7933333333333333,0.8433333333333334,FM-Full_A-None_AdaBN-F,300,300,300
Yang2025,EEGNetv4,2,21,0.8216666666666667,0.8916666666666667,FM-Full_A-None_AdaBN-F,300,300,300
Yang2025,EEGNetv4,2,22,0.77,0.845,FM-Full_A-None_AdaBN-F,300,300,300
Yang2025,EEGNetv4,2,23,0.9115191986644408,0.9515859766277128,FM-Full_A-None_AdaBN-F,300,300,300
Yang2025,EEGNetv4,2,24,0.930976430976431,0.9612794612794612,FM-Full_A-None_AdaBN-F,300,300,300
Yang2025,EEGNetv4,2,28,0.8183333333333334,0.8833333333333333,FM-Full_A-None_AdaBN-F,300,300,300
Yang2025,EEGNetv4,2,29,0.75,0.85,FM-Full_A-None_AdaBN-F,300,300,300
Yang2025,EEGNetv4,2,30,0.87,0.825,FM-Full_A-None_AdaBN-F,300,300,300
Yang2025,EEGNetv4,2,35,0.9116666666666666,0.9583333333333334,FM-Full_A-None_AdaBN-F,300,300,300
Yang2025,EEGNetv4,2,36,0.8916666666666667,0.9266666666666666,FM-Full_A-None_AdaBN-F,300,300,300
Yang2025,EEGNetv4,2,38,0.6066666666666667,0.7033333333333334,FM-Full_A-None_AdaBN-F,300,300,300
Yang2025,EEGNetv4,2,39,0.6783333333333333,0.7433333333333333,FM-Full_A-None_AdaBN-F,300,300,300
Yang2025,EEGNetv4,2,40,0.745,0.825,FM-Full_A-None_AdaBN-F,300,300,300
Yang2025,EEGNetv4,2,42,0.7833333333333333,0.7933333333333333,FM-Full_A-None_AdaBN-F,300,300,300
Yang2025,EEGNetv4,2,43,0.9433333333333334,0.9933333333333332,FM-Full_A-None_AdaBN-F,300,300,300
Yang2025,EEGNetv4,2,46,0.9216666666666666,0.9916666666666668,FM-Full_A-None_AdaBN-F,300,300,300
Yang2025,EEGNetv4,2,51,0.8033333333333333,0.8833333333333333,FM-Full_A-None_AdaBN-F,300,300,300
Yang2025,EEGNetv4,1,4,0.5666666666666667,0.5516666666666666,FM-Full_A-None_AdaBN-F,450,450,450
Yang2025,EEGNetv4,1,5,0.8316666666666667,0.8883333333333333,FM-Full_A-None_AdaBN-F,450,450,450
Yang2025,EEGNetv4,1,7,0.755,0.8083333333333333,FM-Full_A-None_AdaBN-F,450,450,450
Yang2025,EEGNetv4,1,9,0.7133333333333334,0.7283333333333334,FM-Full_A-None_AdaBN-F,450,450,450
Yang2025,EEGNetv4,1,10,0.8183333333333334,0.875,FM-Full_A-None_AdaBN-F,450,450,450
Yang2025,EEGNetv4,1,13,,,FM-Full_A-None_AdaBN-F,450,450,450
Yang2025,EEGNetv4,1,14,0.5483333333333333,0.5583333333333333,FM-Full_A-None_AdaBN-F,450,450,450
Yang2025,EEGNetv4,1,16,0.6083333333333333,0.6283333333333333,FM-Full_A-None_AdaBN-F,450,450,450
Yang2025,EEGNetv4,1,17,0.7883333333333333,0.8033333333333333,FM-Full_A-None_AdaBN-F,450,450,450
Yang2025,EEGNetv4,1,18,0.655,0.6583333333333333,FM-Full_A-None_AdaBN-F,450,450,450
Yang2025,EEGNetv4,1,20,0.7266666666666667,0.9166666666666666,FM-Full_A-None_AdaBN-F,450,450,450
Yang2025,EEGNetv4,1,25,0.8866666666666667,0.94,FM-Full_A-None_AdaBN-F,450,450,450
Yang2025,EEGNetv4,1,26,0.7863105175292153,0.8948247078464107,FM-Full_A-None_AdaBN-F,450,450,450
Yang2025,EEGNetv4,1,27,0.6216666666666667,0.7333333333333333,FM-Full_A-None_AdaBN-F,450,450,450
Yang2025,EEGNetv4,1,31,0.7166666666666667,0.8016666666666666,FM-Full_A-None_AdaBN-F,450,450,450
Yang2025,EEGNetv4,1,32,0.5425709515859767,0.6110183639398998,FM-Full_A-None_AdaBN-F,450,450,450
Yang2025,EEGNetv4,1,33,0.9166666666666666,0.9683333333333334,FM-Full_A-None_AdaBN-F,450,450,450
Yang2025,EEGNetv4,1,34,0.5833333333333334,0.8,FM-Full_A-None_AdaBN-F,450,450,450
Yang2025,EEGNetv4,1,37,0.8833333333333333,0.9266666666666666,FM-Full_A-None_AdaBN-F,450,450,450
Yang2025,EEGNetv4,1,41,0.8383333333333334,0.8916666666666667,FM-Full_A-None_AdaBN-F,450,450,450
Yang2025,EEGNetv4,1,44,0.7016666666666667,0.7433333333333333,FM-Full_A-None_AdaBN-F,450,450,450
Yang2025,EEGNetv4,1,45,0.835,0.8883333333333333,FM-Full_A-None_AdaBN-F,450,450,450
Yang2025,EEGNetv4,1,47,0.8733333333333333,0.9316666666666666,FM-Full_A-None_AdaBN-F,450,450,450
Yang2025,EEGNetv4,1,48,0.8633333333333333,0.8983333333333333,FM-Full_A-None_AdaBN-F,450,450,450
Yang2025,EEGNetv4,1,49,0.91,0.96,FM-Full_A-None_AdaBN-F,450,450,450
Yang2025,EEGNetv4,1,50,0.9416666666666668,0.9633333333333334,FM-Full_A-None_AdaBN-F,450,450,450
Yang2025,EEGNetv4,2,1,0.9366666666666666,0.9566666666666668,FM-Full_A-None_AdaBN-F,450,450,450
Yang2025,EEGNetv4,2,2,0.7183333333333334,0.685,FM-Full_A-None_AdaBN-F,450,450,450
Yang2025,EEGNetv4,2,3,0.9533333333333334,0.9566666666666668,FM-Full_A-None_AdaBN-F,450,450,450
Yang2025,EEGNetv4,2,6,0.935,0.97,FM-Full_A-None_AdaBN-F,450,450,450
Yang2025,EEGNetv4,2,8,0.9133333333333332,0.94,FM-Full_A-None_AdaBN-F,450,450,450
Yang2025,EEGNetv4,2,11,0.88,0.9216666666666666,FM-Full_A-None_AdaBN-F,450,450,450
Yang2025,EEGNetv4,2,12,0.6016666666666667,0.6016666666666667,FM-Full_A-None_AdaBN-F,450,450,450
Yang2025,EEGNetv4,2,15,0.7816666666666666,0.7783333333333333,FM-Full_A-None_AdaBN-F,450,450,450
Yang2025,EEGNetv4,2,19,0.8683333333333333,0.8866666666666667,FM-Full_A-None_AdaBN-F,450,450,450
Yang2025,EEGNetv4,2,21,0.8433333333333334,0.895,FM-Full_A-None_AdaBN-F,450,450,450
Yang2025,EEGNetv4,2,22,0.7666666666666667,0.85,FM-Full_A-None_AdaBN-F,450,450,450
Yang2025,EEGNetv4,2,23,0.9382303839732888,0.9616026711185308,FM-Full_A-None_AdaBN-F,450,450,450
Yang2025,EEGNetv4,2,24,0.9511784511784512,0.9814814814814816,FM-Full_A-None_AdaBN-F,450,450,450
Yang2025,EEGNetv4,2,28,0.8316666666666667,0.8933333333333333,FM-Full_A-None_AdaBN-F,450,450,450
Yang2025,EEGNetv4,2,29,0.77,0.8483333333333334,FM-Full_A-None_AdaBN-F,450,450,450
Yang2025,EEGNetv4,2,30,0.8933333333333333,0.815,FM-Full_A-None_AdaBN-F,450,450,450
Yang2025,EEGNetv4,2,35,0.935,0.9666666666666668,FM-Full_A-None_AdaBN-F,450,450,450
Yang2025,EEGNetv4,2,36,0.92,0.94,FM-Full_A-None_AdaBN-F,450,450,450
Yang2025,EEGNetv4,2,38,0.6116666666666667,0.6566666666666666,FM-Full_A-None_AdaBN-F,450,450,450
Yang2025,EEGNetv4,2,39,0.7283333333333334,0.7933333333333333,FM-Full_A-None_AdaBN-F,450,450,450
Yang2025,EEGNetv4,2,40,0.7883333333333333,0.8483333333333334,FM-Full_A-None_AdaBN-F,450,450,450
Yang2025,EEGNetv4,2,42,0.8166666666666667,0.8066666666666666,FM-Full_A-None_AdaBN-F,450,450,450
Yang2025,EEGNetv4,2,43,,,FM-Full_A-None_AdaBN-F,450,450,450
Yang2025,EEGNetv4,2,46,0.945,0.9866666666666668,FM-Full_A-None_AdaBN-F,450,450,450
Yang2025,EEGNetv4,2,51,0.8283333333333334,0.9033333333333332,FM-Full_A-None_AdaBN-F,450,450,450
Yang2025,ATCNet,1,4,0.555,0.5,FM-Full_A-None_AdaBN-F,450,450,450
Yang2025,ATCNet,1,5,0.7316666666666667,0.84,FM-Full_A-None_AdaBN-F,450,450,450
Yang2025,ATCNet,1,7,0.68,0.6833333333333333,FM-Full_A-None_AdaBN-F,450,450,450
Yang2025,ATCNet,1,9,0.6266666666666667,0.6366666666666667,FM-Full_A-None_AdaBN-F,450,450,450
Yang2025,ATCNet,1,10,0.8,0.8,FM-Full_A-None_AdaBN-F,450,450,450
Yang2025,ATCNet,1,13,0.7583333333333333,0.7133333333333334,FM-Full_A-None_AdaBN-F,450,450,450
Yang2025,ATCNet,1,14,0.5816666666666667,0.53,FM-Full_A-None_AdaBN-F,450,450,450
Yang2025,ATCNet,1,16,0.595,0.67,FM-Full_A-None_AdaBN-F,450,450,450
Yang2025,ATCNet,1,17,0.6066666666666667,0.6916666666666667,FM-Full_A-None_AdaBN-F,450,450,450
Yang2025,ATCNet,1,18,0.61,0.6233333333333333,FM-Full_A-None_AdaBN-F,450,450,450
Yang2025,ATCNet,1,20,0.5866666666666667,0.7083333333333334,FM-Full_A-None_AdaBN-F,450,450,450
Yang2025,ATCNet,1,25,0.6716666666666666,0.8316666666666667,FM-Full_A-None_AdaBN-F,450,450,450
Yang2025,ATCNet,1,26,0.6310517529215359,0.8447412353923205,FM-Full_A-None_AdaBN-F,450,450,450
Yang2025,ATCNet,1,27,0.5883333333333334,0.745,FM-Full_A-None_AdaBN-F,450,450,450
Yang2025,ATCNet,1,31,0.7783333333333333,0.785,FM-Full_A-None_AdaBN-F,450,450,450
Yang2025,ATCNet,1,32,0.6878130217028381,0.7762938230383973,FM-Full_A-None_AdaBN-F,450,450,450
Yang2025,ATCNet,1,33,0.8083333333333333,0.9583333333333334,FM-Full_A-None_AdaBN-F,450,450,450
Yang2025,ATCNet,1,34,0.4966666666666666,0.8816666666666667,FM-Full_A-None_AdaBN-F,450,450,450
Yang2025,ATCNet,1,37,0.795,0.805,FM-Full_A-None_AdaBN-F,450,450,450
Yang2025,ATCNet,1,41,0.92,0.9083333333333332,FM-Full_A-None_AdaBN-F,450,450,450
Yang2025,ATCNet,1,44,0.6416666666666667,0.6383333333333333,FM-Full_A-None_AdaBN-F,450,450,450
Yang2025,ATCNet,1,45,0.72,0.77,FM-Full_A-None_AdaBN-F,450,450,450
Yang2025,ATCNet,1,47,0.745,0.7633333333333333,FM-Full_A-None_AdaBN-F,450,450,450
Yang2025,ATCNet,1,48,0.7833333333333333,0.8183333333333334,FM-Full_A-None_AdaBN-F,450,450,450
Yang2025,ATCNet,1,49,0.845,0.895,FM-Full_A-None_AdaBN-F,450,450,450
Yang2025,ATCNet,1,50,0.8166666666666667,0.8933333333333333,FM-Full_A-None_AdaBN-F,450,450,450
Yang2025,ATCNet,2,1,0.7766666666666666,0.8783333333333333,FM-Full_A-None_AdaBN-F,450,450,450
Yang2025,ATCNet,2,2,0.56,0.5916666666666667,FM-Full_A-None_AdaBN-F,450,450,450
Yang2025,ATCNet,2,3,0.9033333333333332,0.915,FM-Full_A-None_AdaBN-F,450,450,450
Yang2025,ATCNet,2,6,0.9333333333333332,0.9483333333333334,FM-Full_A-None_AdaBN-F,450,450,450
Yang2025,ATCNet,2,8,0.83,0.8416666666666667,FM-Full_A-None_AdaBN-F,450,450,450
Yang2025,ATCNet,2,11,0.82,0.885,FM-Full_A-None_AdaBN-F,450,450,450
Yang2025,ATCNet,2,12,0.545,0.5416666666666666,FM-Full_A-None_AdaBN-F,450,450,450
Yang2025,ATCNet,2,15,0.775,0.6833333333333333,FM-Full_A-None_AdaBN-F,450,450,450
Yang2025,ATCNet,2,19,0.7933333333333333,0.845,FM-Full_A-None_AdaBN-F,450,450,450
Yang2025,ATCNet,2,21,0.7283333333333334,0.7583333333333333,FM-Full_A-None_AdaBN-F,450,450,450
Yang2025,ATCNet,2,22,0.6916666666666667,0.7816666666666666,FM-Full_A-None_AdaBN-F,450,450,450
Yang2025,ATCNet,2,23,0.8747913188647746,0.9148580968280468,FM-Full_A-None_AdaBN-F,450,450,450
Yang2025,ATCNet,2,24,0.8501683501683501,0.9276094276094276,FM-Full_A-None_AdaBN-F,450,450,450
Yang2025,ATCNet,2,28,0.8583333333333333,0.9083333333333332,FM-Full_A-None_AdaBN-F,450,450,450
Yang2025,ATCNet,2,29,0.9066666666666666,0.9633333333333334,FM-Full_A-None_AdaBN-F,450,450,450
Yang2025,ATCNet,2,30,0.7683333333333333,0.735,FM-Full_A-None_AdaBN-F,450,450,450
Yang2025,ATCNet,2,35,0.6816666666666666,0.7616666666666667,FM-Full_A-None_AdaBN-F,450,450,450
Yang2025,ATCNet,2,36,0.7483333333333333,0.8033333333333333,FM-Full_A-None_AdaBN-F,450,450,450
Yang2025,ATCNet,2,38,0.5066666666666667,0.5616666666666666,FM-Full_A-None_AdaBN-F,450,450,450
Yang2025,ATCNet,2,39,0.715,0.8066666666666666,FM-Full_A-None_AdaBN-F,450,450,450
Yang2025,ATCNet,2,40,0.74,0.7933333333333333,FM-Full_A-None_AdaBN-F,450,450,450
Yang2025,ATCNet,2,42,0.715,0.705,FM-Full_A-None_AdaBN-F,450,450,450
Yang2025,ATCNet,2,43,0.795,0.9066666666666666,FM-Full_A-None_AdaBN-F,450,450,450
Yang2025,ATCNet,2,46,0.82,0.9133333333333332,FM-Full_A-None_AdaBN-F,450,450,450
Yang2025,ATCNet,2,51,0.7916666666666666,0.8383333333333334,FM-Full_A-None_AdaBN-F,450,450,450
Yang2025,ShallowConvNet,1,4,0.585,0.5616666666666666,FM-Full_A-None_AdaBN-F,450,450,450
Yang2025,ShallowConvNet,1,5,0.8533333333333334,0.8883333333333333,FM-Full_A-None_AdaBN-F,450,450,450
Yang2025,ShallowConvNet,1,7,0.785,0.81,FM-Full_A-None_AdaBN-F,450,450,450
Yang2025,ShallowConvNet,1,9,0.735,0.7466666666666667,FM-Full_A-None_AdaBN-F,450,450,450
Yang2025,ShallowConvNet,1,10,0.8266666666666667,0.855,FM-Full_A-None_AdaBN-F,450,450,450
Yang2025,ShallowConvNet,1,13,0.765,0.8016666666666666,FM-Full_A-None_AdaBN-F,450,450,450
Yang2025,ShallowConvNet,1,14,0.575,0.5583333333333333,FM-Full_A-None_AdaBN-F,450,450,450
Yang2025,ShallowConvNet,1,16,0.625,0.6516666666666666,FM-Full_A-None_AdaBN-F,450,450,450
Yang2025,ShallowConvNet,1,17,0.8166666666666667,0.7966666666666666,FM-Full_A-None_AdaBN-F,450,450,450
Yang2025,ShallowConvNet,1,18,0.7,0.7166666666666667,FM-Full_A-None_AdaBN-F,450,450,450
Yang2025,ShallowConvNet,1,20,0.7766666666666666,0.8766666666666667,FM-Full_A-None_AdaBN-F,450,450,450
Yang2025,ShallowConvNet,1,25,0.905,0.9266666666666666,FM-Full_A-None_AdaBN-F,450,450,450
Yang2025,ShallowConvNet,1,26,0.8414023372287145,0.9215358931552587,FM-Full_A-None_AdaBN-F,450,450,450
Yang2025,ShallowConvNet,1,27,0.6033333333333334,0.7,FM-Full_A-None_AdaBN-F,450,450,450
Yang2025,ShallowConvNet,1,31,0.7283333333333334,0.775,FM-Full_A-None_AdaBN-F,450,450,450
Yang2025,ShallowConvNet,1,32,0.5976627712854758,0.656093489148581,FM-Full_A-None_AdaBN-F,450,450,450
Yang2025,ShallowConvNet,1,33,0.945,0.9633333333333334,FM-Full_A-None_AdaBN-F,450,450,450
Yang2025,ShallowConvNet,1,34,0.6233333333333333,0.81,FM-Full_A-None_AdaBN-F,450,450,450
Yang2025,ShallowConvNet,1,37,0.8733333333333333,0.9233333333333332,FM-Full_A-None_AdaBN-F,450,450,450
Yang2025,ShallowConvNet,1,41,0.8866666666666667,0.8966666666666666,FM-Full_A-None_AdaBN-F,450,450,450
Yang2025,ShallowConvNet,1,44,0.77,0.7383333333333333,FM-Full_A-None_AdaBN-F,450,450,450
Yang2025,ShallowConvNet,1,45,0.8616666666666667,0.865,FM-Full_A-None_AdaBN-F,450,450,450
Yang2025,ShallowConvNet,1,47,0.885,0.8983333333333333,FM-Full_A-None_AdaBN-F,450,450,450
Yang2025,ShallowConvNet,1,48,0.86,0.8783333333333333,FM-Full_A-None_AdaBN-F,450,450,450
Yang2025,ShallowConvNet,1,49,0.9283333333333332,0.9516666666666668,FM-Full_A-None_AdaBN-F,450,450,450
Yang2025,ShallowConvNet,1,50,0.95,0.9533333333333334,FM-Full_A-None_AdaBN-F,450,450,450
Yang2025,ShallowConvNet,2,1,0.9216666666666666,0.9366666666666666,FM-Full_A-None_AdaBN-F,450,450,450
Yang2025,ShallowConvNet,2,2,0.695,0.69,FM-Full_A-None_AdaBN-F,450,450,450
Yang2025,ShallowConvNet,2,3,0.9516666666666668,0.94,FM-Full_A-None_AdaBN-F,450,450,450
Yang2025,ShallowConvNet,2,6,0.92,0.9716666666666668,FM-Full_A-None_AdaBN-F,450,450,450
Yang2025,ShallowConvNet,2,8,0.9183333333333332,0.9266666666666666,FM-Full_A-None_AdaBN-F,450,450,450
Yang2025,ShallowConvNet,2,11,0.92,0.925,FM-Full_A-None_AdaBN-F,450,450,450
Yang2025,ShallowConvNet,2,12,0.6116666666666667,0.585,FM-Full_A-None_AdaBN-F,450,450,450
Yang2025,ShallowConvNet,2,15,0.7833333333333333,0.8016666666666666,FM-Full_A-None_AdaBN-F,450,450,450
Yang2025,ShallowConvNet,2,19,0.8416666666666667,0.8666666666666667,FM-Full_A-None_AdaBN-F,450,450,450
Yang2025,ShallowConvNet,2,21,0.9,0.8783333333333333,FM-Full_A-None_AdaBN-F,450,450,450
Yang2025,ShallowConvNet,2,22,0.7733333333333333,0.8283333333333334,FM-Full_A-None_AdaBN-F,450,450,450
Yang2025,ShallowConvNet,2,23,0.9348914858096828,0.9515859766277128,FM-Full_A-None_AdaBN-F,450,450,450
Yang2025,ShallowConvNet,2,24,0.930976430976431,0.9612794612794612,FM-Full_A-None_AdaBN-F,450,450,450
Yang2025,ShallowConvNet,2,28,0.8166666666666667,0.895,FM-Full_A-None_AdaBN-F,450,450,450
Yang2025,ShallowConvNet,2,29,0.78,0.88,FM-Full_A-None_AdaBN-F,450,450,450
Yang2025,ShallowConvNet,2,30,0.8983333333333333,0.9283333333333332,FM-Full_A-None_AdaBN-F,450,450,450
Yang2025,ShallowConvNet,2,35,0.9366666666666666,0.95,FM-Full_A-None_AdaBN-F,450,450,450
Yang2025,ShallowConvNet,2,36,0.9283333333333332,0.9316666666666666,FM-Full_A-None_AdaBN-F,450,450,450
Yang2025,ShallowConvNet,2,38,0.6166666666666667,0.64,FM-Full_A-None_AdaBN-F,450,450,450
Yang2025,ShallowConvNet,2,39,0.71,0.7783333333333333,FM-Full_A-None_AdaBN-F,450,450,450
Yang2025,ShallowConvNet,2,40,0.805,0.84,FM-Full_A-None_AdaBN-F,450,450,450
Yang2025,ShallowConvNet,2,42,0.83,0.8366666666666667,FM-Full_A-None_AdaBN-F,450,450,450
Yang2025,ShallowConvNet,2,43,0.99,0.9916666666666668,FM-Full_A-None_AdaBN-F,450,450,450
Yang2025,ShallowConvNet,2,46,0.9566666666666668,0.99,FM-Full_A-None_AdaBN-F,450,450,450
Yang2025,ShallowConvNet,2,51,0.825,0.875,FM-Full_A-None_AdaBN-F,450,450,450
Yang2025,DeepConvNet,1,4,0.6083333333333333,0.5666666666666667,FM-Full_A-None_AdaBN-F,450,450,450
Yang2025,DeepConvNet,1,5,0.875,0.9016666666666666,FM-Full_A-None_AdaBN-F,450,450,450
Yang2025,DeepConvNet,1,7,0.8516666666666667,0.855,FM-Full_A-None_AdaBN-F,450,450,450
Yang2025,DeepConvNet,1,9,0.7566666666666667,0.745,FM-Full_A-None_AdaBN-F,450,450,450
Yang2025,DeepConvNet,1,10,0.85,0.875,FM-Full_A-None_AdaBN-F,450,450,450
Yang2025,DeepConvNet,1,13,0.78,0.8533333333333334,FM-Full_A-None_AdaBN-F,450,450,450
Yang2025,DeepConvNet,1,14,0.5916666666666667,0.5666666666666667,FM-Full_A-None_AdaBN-F,450,450,450
Yang2025,DeepConvNet,1,16,0.6133333333333333,0.69,FM-Full_A-None_AdaBN-F,450,450,450
Yang2025,DeepConvNet,1,17,0.8433333333333334,0.8516666666666667,FM-Full_A-None_AdaBN-F,450,450,450
Yang2025,DeepConvNet,1,18,0.6883333333333334,0.7233333333333334,FM-Full_A-None_AdaBN-F,450,450,450
Yang2025,DeepConvNet,1,20,0.7916666666666666,0.94,FM-Full_A-None_AdaBN-F,450,450,450
Yang2025,DeepConvNet,1,25,0.95,0.9733333333333334,FM-Full_A-None_AdaBN-F,450,450,450
Yang2025,DeepConvNet,1,26,0.8614357262103506,0.9432387312186978,FM-Full_A-None_AdaBN-F,450,450,450
Yang2025,DeepConvNet,1,27,0.6783333333333333,0.77,FM-Full_A-None_AdaBN-F,450,450,450
Yang2025,DeepConvNet,1,31,0.7883333333333333,0.8433333333333334,FM-Full_A-None_AdaBN-F,450,450,450
Yang2025,DeepConvNet,1,32,0.6243739565943238,0.6861435726210351,FM-Full_A-None_AdaBN-F,450,450,450
Yang2025,DeepConvNet,1,33,0.975,0.9816666666666668,FM-Full_A-None_AdaBN-F,450,450,450
Yang2025,DeepConvNet,1,34,0.625,0.8533333333333334,FM-Full_A-None_AdaBN-F,450,450,450
Yang2025,DeepConvNet,1,37,0.8783333333333333,0.9533333333333334,FM-Full_A-None_AdaBN-F,450,450,450
Yang2025,DeepConvNet,1,41,0.8866666666666667,0.915,FM-Full_A-None_AdaBN-F,450,450,450
Yang2025,DeepConvNet,1,44,0.76,0.7783333333333333,FM-Full_A-None_AdaBN-F,450,450,450
Yang2025,DeepConvNet,1,45,0.8866666666666667,0.91,FM-Full_A-None_AdaBN-F,450,450,450
Yang2025,DeepConvNet,1,47,0.925,0.9366666666666666,FM-Full_A-None_AdaBN-F,450,450,450
Yang2025,DeepConvNet,1,48,0.89,0.9283333333333332,FM-Full_A-None_AdaBN-F,450,450,450
Yang2025,DeepConvNet,1,49,0.9733333333333334,0.9766666666666668,FM-Full_A-None_AdaBN-F,450,450,450
Yang2025,DeepConvNet,1,50,0.9633333333333334,0.9733333333333334,FM-Full_A-None_AdaBN-F,450,450,450
Yang2025,DeepConvNet,2,1,0.955,0.9666666666666668,FM-Full_A-None_AdaBN-F,450,450,450
Yang2025,DeepConvNet,2,2,0.735,0.7033333333333334,FM-Full_A-None_AdaBN-F,450,450,450
Yang2025,DeepConvNet,2,3,0.9716666666666668,0.9833333333333332,FM-Full_A-None_AdaBN-F,450,450,450
Yang2025,DeepConvNet,2,6,0.9566666666666668,0.9783333333333334,FM-Full_A-None_AdaBN-F,450,450,450
Yang2025,DeepConvNet,2,8,0.9466666666666668,0.9483333333333334,FM-Full_A-None_AdaBN-F,450,450,450
Yang2025,DeepConvNet,2,11,0.9333333333333332,0.95,FM-Full_A-None_AdaBN-F,450,450,450
Yang2025,DeepConvNet,2,12,0.6266666666666667,0.5866666666666667,FM-Full_A-None_AdaBN-F,450,450,450
Yang2025,DeepConvNet,2,15,0.8233333333333334,0.8833333333333333,FM-Full_A-None_AdaBN-F,450,450,450
Yang2025,DeepConvNet,2,19,0.865,0.8883333333333333,FM-Full_A-None_AdaBN-F,450,450,450
Yang2025,DeepConvNet,2,21,0.905,0.9166666666666666,FM-Full_A-None_AdaBN-F,450,450,450
Yang2025,DeepConvNet,2,22,0.8383333333333334,0.9,FM-Full_A-None_AdaBN-F,450,450,450
Yang2025,DeepConvNet,2,23,0.9515859766277128,0.979966611018364,FM-Full_A-None_AdaBN-F,450,450,450
Yang2025,DeepConvNet,2,24,0.957912457912458,0.9831649831649832,FM-Full_A-None_AdaBN-F,450,450,450
Yang2025,DeepConvNet,2,28,0.8616666666666667,0.9416666666666668,FM-Full_A-None_AdaBN-F,450,450,450
Yang2025,DeepConvNet,2,29,0.8083333333333333,0.9133333333333332,FM-Full_A-None_AdaBN-F,450,450,450
Yang2025,DeepConvNet,2,30,0.9383333333333334,0.97,FM-Full_A-None_AdaBN-F,450,450,450
Yang2025,DeepConvNet,2,35,0.975,0.9766666666666668,FM-Full_A-None_AdaBN-F,450,450,450
Yang2025,DeepConvNet,2,36,0.9433333333333334,0.9383333333333334,FM-Full_A-None_AdaBN-F,450,450,450
Yang2025,DeepConvNet,2,38,0.645,0.705,FM-Full_A-None_AdaBN-F,450,450,450
Yang2025,DeepConvNet,2,39,0.7433333333333333,0.8233333333333334,FM-Full_A-None_AdaBN-F,450,450,450
Yang2025,DeepConvNet,2,40,0.8683333333333333,0.8866666666666667,FM-Full_A-None_AdaBN-F,450,450,450
Yang2025,DeepConvNet,2,42,0.8683333333333333,0.8316666666666667,FM-Full_A-None_AdaBN-F,450,450,450
Yang2025,DeepConvNet,2,43,0.995,1.0,FM-Full_A-None_AdaBN-F,450,450,450
Yang2025,DeepConvNet,2,46,0.9883333333333332,0.9966666666666668,FM-Full_A-None_AdaBN-F,450,450,450
Yang2025,DeepConvNet,2,51,0.8916666666666667,0.9333333333333332,FM-Full_A-None_AdaBN-F,450,450,450
Yang2025,DeepConvNet,1,4,0.6166666666666667,0.5716666666666667,FM-Full_A-None_AdaBN-F,600,600,600
Yang2025,DeepConvNet,1,5,0.895,0.9166666666666666,FM-Full_A-None_AdaBN-F,600,600,600
Yang2025,DeepConvNet,1,7,0.85,0.8683333333333333,FM-Full_A-None_AdaBN-F,600,600,600
Yang2025,DeepConvNet,1,9,0.77,0.725,FM-Full_A-None_AdaBN-F,600,600,600
Yang2025,DeepConvNet,1,10,0.8833333333333333,0.905,FM-Full_A-None_AdaBN-F,600,600,600
Yang2025,DeepConvNet,1,13,0.7916666666666666,0.8633333333333333,FM-Full_A-None_AdaBN-F,600,600,600
Yang2025,DeepConvNet,1,14,0.6033333333333334,0.57,FM-Full_A-None_AdaBN-F,600,600,600
Yang2025,DeepConvNet,1,16,0.645,0.68,FM-Full_A-None_AdaBN-F,600,600,600
Yang2025,DeepConvNet,1,17,0.8483333333333334,0.8466666666666667,FM-Full_A-None_AdaBN-F,600,600,600
Yang2025,DeepConvNet,1,18,0.7,0.735,FM-Full_A-None_AdaBN-F,600,600,600
Yang2025,DeepConvNet,1,20,0.795,0.955,FM-Full_A-None_AdaBN-F,600,600,600
Yang2025,DeepConvNet,1,25,0.9433333333333334,0.9783333333333334,FM-Full_A-None_AdaBN-F,600,600,600
Yang2025,DeepConvNet,1,26,0.8614357262103506,0.9515859766277128,FM-Full_A-None_AdaBN-F,600,600,600
Yang2025,DeepConvNet,1,27,0.6816666666666666,0.7716666666666666,FM-Full_A-None_AdaBN-F,600,600,600
Yang2025,DeepConvNet,1,31,0.8016666666666666,0.84,FM-Full_A-None_AdaBN-F,600,600,600
Yang2025,DeepConvNet,1,32,0.6093489148580968,0.6861435726210351,FM-Full_A-None_AdaBN-F,600,600,600
Yang2025,DeepConvNet,1,33,0.9716666666666668,0.975,FM-Full_A-None_AdaBN-F,600,600,600
Yang2025,DeepConvNet,1,34,0.6516666666666666,0.855,FM-Full_A-None_AdaBN-F,600,600,600
Yang2025,DeepConvNet,1,37,0.9033333333333332,0.9583333333333334,FM-Full_A-None_AdaBN-F,600,600,600
Yang2025,DeepConvNet,1,41,0.8916666666666667,0.92,FM-Full_A-None_AdaBN-F,600,600,600
Yang2025,DeepConvNet,1,44,0.7566666666666667,0.76,FM-Full_A-None_AdaBN-F,600,600,600
Yang2025,DeepConvNet,1,45,0.9116666666666666,0.9083333333333332,FM-Full_A-None_AdaBN-F,600,600,600
Yang2025,DeepConvNet,1,47,0.9216666666666666,0.9416666666666668,FM-Full_A-None_AdaBN-F,600,600,600
Yang2025,DeepConvNet,1,48,0.8833333333333333,0.93,FM-Full_A-None_AdaBN-F,600,600,600
Yang2025,DeepConvNet,1,49,0.9633333333333334,0.98,FM-Full_A-None_AdaBN-F,600,600,600
Yang2025,DeepConvNet,1,50,0.9633333333333334,0.975,FM-Full_A-None_AdaBN-F,600,600,600
Yang2025,DeepConvNet,2,1,0.97,0.975,FM-Full_A-None_AdaBN-F,600,600,600
Yang2025,DeepConvNet,2,2,0.7316666666666667,0.7216666666666667,FM-Full_A-None_AdaBN-F,600,600,600
Yang2025,DeepConvNet,2,3,0.9683333333333334,0.9766666666666668,FM-Full_A-None_AdaBN-F,600,600,600
Yang2025,DeepConvNet,2,6,0.9633333333333334,0.98,FM-Full_A-None_AdaBN-F,600,600,600
Yang2025,DeepConvNet,2,8,0.95,0.9566666666666668,FM-Full_A-None_AdaBN-F,600,600,600
Yang2025,DeepConvNet,2,11,0.9316666666666666,0.9566666666666668,FM-Full_A-None_AdaBN-F,600,600,600
Yang2025,DeepConvNet,2,12,0.63,0.5966666666666667,FM-Full_A-None_AdaBN-F,600,600,600
Yang2025,DeepConvNet,2,15,0.84,0.8766666666666667,FM-Full_A-None_AdaBN-F,600,600,600
Yang2025,DeepConvNet,2,19,0.88,0.8916666666666667,FM-Full_A-None_AdaBN-F,600,600,600
Yang2025,DeepConvNet,2,21,0.9283333333333332,0.9283333333333332,FM-Full_A-None_AdaBN-F,600,600,600
Yang2025,DeepConvNet,2,22,0.87,0.9,FM-Full_A-None_AdaBN-F,600,600,600
Yang2025,DeepConvNet,2,23,0.9682804674457428,0.98330550918197,FM-Full_A-None_AdaBN-F,600,600,600
Yang2025,DeepConvNet,2,24,0.9629629629629628,0.9882154882154882,FM-Full_A-None_AdaBN-F,600,600,600
Yang2025,DeepConvNet,2,28,0.8883333333333333,0.945,FM-Full_A-None_AdaBN-F,600,600,600
Yang2025,DeepConvNet,2,29,0.81,0.9216666666666666,FM-Full_A-None_AdaBN-F,600,600,600
Yang2025,DeepConvNet,2,30,0.9616666666666668,0.9783333333333334,FM-Full_A-None_AdaBN-F,600,600,600
Yang2025,DeepConvNet,2,35,0.975,0.9833333333333332,FM-Full_A-None_AdaBN-F,600,600,600
Yang2025,DeepConvNet,2,36,0.9333333333333332,0.9366666666666666,FM-Full_A-None_AdaBN-F,600,600,600
Yang2025,DeepConvNet,2,38,0.6366666666666667,0.705,FM-Full_A-None_AdaBN-F,600,600,600
Yang2025,DeepConvNet,2,39,0.7416666666666667,0.8166666666666667,FM-Full_A-None_AdaBN-F,600,600,600
Yang2025,DeepConvNet,2,40,0.855,0.8916666666666667,FM-Full_A-None_AdaBN-F,600,600,600
Yang2025,DeepConvNet,2,42,0.875,0.8483333333333334,FM-Full_A-None_AdaBN-F,600,600,600
Yang2025,DeepConvNet,2,43,0.9966666666666668,1.0,FM-Full_A-None_AdaBN-F,600,600,600
Yang2025,DeepConvNet,2,46,0.9916666666666668,0.9983333333333332,FM-Full_A-None_AdaBN-F,600,600,600
Yang2025,DeepConvNet,2,51,0.9083333333333332,0.9366666666666666,FM-Full_A-None_AdaBN-F,600,600,600
Yang2025,ATCNet,1,4,0.5383333333333333,0.5266666666666666,FM-Full_A-None_AdaBN-F,600,600,600
Yang2025,ATCNet,1,5,0.7516666666666667,0.8433333333333334,FM-Full_A-None_AdaBN-F,600,600,600
Yang2025,ATCNet,1,7,0.6716666666666666,0.6766666666666666,FM-Full_A-None_AdaBN-F,600,600,600
Yang2025,ATCNet,1,9,0.5883333333333334,0.6816666666666666,FM-Full_A-None_AdaBN-F,600,600,600
Yang2025,ATCNet,1,10,0.7216666666666667,0.8016666666666666,FM-Full_A-None_AdaBN-F,600,600,600
Yang2025,ATCNet,1,13,0.6366666666666667,0.7383333333333333,FM-Full_A-None_AdaBN-F,600,600,600
Yang2025,ATCNet,1,14,0.5416666666666666,0.5466666666666666,FM-Full_A-None_AdaBN-F,600,600,600
Yang2025,ATCNet,1,16,0.5616666666666666,0.7066666666666667,FM-Full_A-None_AdaBN-F,600,600,600
Yang2025,ATCNet,1,17,0.5783333333333334,0.7283333333333334,FM-Full_A-None_AdaBN-F,600,600,600
Yang2025,ATCNet,1,18,0.58,0.6416666666666667,FM-Full_A-None_AdaBN-F,600,600,600
Yang2025,ATCNet,1,20,0.5433333333333333,0.7,FM-Full_A-None_AdaBN-F,600,600,600
Yang2025,ATCNet,1,25,0.625,0.83,FM-Full_A-None_AdaBN-F,600,600,600
Yang2025,ATCNet,1,26,0.6460767946577629,0.8430717863105175,FM-Full_A-None_AdaBN-F,600,600,600
Yang2025,ATCNet,1,27,0.555,0.76,FM-Full_A-None_AdaBN-F,600,600,600
Yang2025,ATCNet,1,31,0.785,0.7816666666666666,FM-Full_A-None_AdaBN-F,600,600,600
Yang2025,ATCNet,1,32,0.6227045075125208,0.7896494156928213,FM-Full_A-None_AdaBN-F,600,600,600
Yang2025,ATCNet,1,33,0.7016666666666667,0.95,FM-Full_A-None_AdaBN-F,600,600,600
Yang2025,ATCNet,1,34,0.4766666666666667,0.8733333333333333,FM-Full_A-None_AdaBN-F,600,600,600
Yang2025,ATCNet,1,37,0.8016666666666666,0.8083333333333333,FM-Full_A-None_AdaBN-F,600,600,600
Yang2025,ATCNet,1,41,0.8833333333333333,0.925,FM-Full_A-None_AdaBN-F,600,600,600
Yang2025,ATCNet,1,44,0.62,0.635,FM-Full_A-None_AdaBN-F,600,600,600
Yang2025,ATCNet,1,45,0.6333333333333333,0.7633333333333333,FM-Full_A-None_AdaBN-F,600,600,600
Yang2025,ATCNet,1,47,0.715,0.7833333333333333,FM-Full_A-None_AdaBN-F,600,600,600
Yang2025,ATCNet,1,48,0.7516666666666667,0.8083333333333333,FM-Full_A-None_AdaBN-F,600,600,600
Yang2025,ATCNet,1,49,0.795,0.8883333333333333,FM-Full_A-None_AdaBN-F,600,600,600
Yang2025,ATCNet,1,50,0.805,0.895,FM-Full_A-None_AdaBN-F,600,600,600
Yang2025,ATCNet,2,1,0.7766666666666666,0.8716666666666667,FM-Full_A-None_AdaBN-F,600,600,600
Yang2025,ATCNet,2,2,0.5866666666666667,0.6216666666666667,FM-Full_A-None_AdaBN-F,600,600,600
Yang2025,ATCNet,2,3,0.9,0.9133333333333332,FM-Full_A-None_AdaBN-F,600,600,600
Yang2025,ATCNet,2,6,0.9416666666666668,0.9516666666666668,FM-Full_A-None_AdaBN-F,600,600,600
Yang2025,ATCNet,2,8,0.8483333333333334,0.8516666666666667,FM-Full_A-None_AdaBN-F,600,600,600
Yang2025,ATCNet,2,11,0.8433333333333334,0.8866666666666667,FM-Full_A-None_AdaBN-F,600,600,600
Yang2025,ATCNet,2,12,0.5416666666666666,0.5566666666666666,FM-Full_A-None_AdaBN-F,600,600,600
Yang2025,ATCNet,2,15,0.775,0.6833333333333333,FM-Full_A-None_AdaBN-F,600,600,600
Yang2025,ATCNet,2,19,0.7816666666666666,0.875,FM-Full_A-None_AdaBN-F,600,600,600
Yang2025,ATCNet,2,21,0.725,0.8033333333333333,FM-Full_A-None_AdaBN-F,600,600,600
Yang2025,ATCNet,2,22,0.6933333333333334,0.8,FM-Full_A-None_AdaBN-F,600,600,600
Yang2025,ATCNet,2,23,0.8814691151919867,0.9015025041736228,FM-Full_A-None_AdaBN-F,600,600,600
Yang2025,ATCNet,2,24,0.8804713804713805,0.9646464646464646,FM-Full_A-None_AdaBN-F,600,600,600
Yang2025,ATCNet,2,28,0.8616666666666667,0.8983333333333333,FM-Full_A-None_AdaBN-F,600,600,600
Yang2025,ATCNet,2,29,0.905,0.9466666666666668,FM-Full_A-None_AdaBN-F,600,600,600
Yang2025,ATCNet,2,30,0.7816666666666666,0.7433333333333333,FM-Full_A-None_AdaBN-F,600,600,600
Yang2025,ATCNet,2,35,0.6833333333333333,0.79,FM-Full_A-None_AdaBN-F,600,600,600
Yang2025,ATCNet,2,36,0.7466666666666667,0.8283333333333334,FM-Full_A-None_AdaBN-F,600,600,600
Yang2025,ATCNet,2,38,0.53,0.535,FM-Full_A-None_AdaBN-F,600,600,600
Yang2025,ATCNet,2,39,0.76,0.8216666666666667,FM-Full_A-None_AdaBN-F,600,600,600
Yang2025,ATCNet,2,40,0.7333333333333333,0.7883333333333333,FM-Full_A-None_AdaBN-F,600,600,600
Yang2025,ATCNet,2,42,0.695,0.725,FM-Full_A-None_AdaBN-F,600,600,600
Yang2025,ATCNet,2,43,0.7983333333333333,0.885,FM-Full_A-None_AdaBN-F,600,600,600
Yang2025,ATCNet,2,46,0.7733333333333333,0.9383333333333334,FM-Full_A-None_AdaBN-F,600,600,600
Yang2025,ATCNet,2,51,0.7966666666666666,0.8483333333333334,FM-Full_A-None_AdaBN-F,600,600,600
Yang2025,ShallowConvNet,1,4,0.5883333333333334,0.5766666666666667,FM-Full_A-None_AdaBN-F,600,600,600
Yang2025,ShallowConvNet,1,5,0.89,0.9066666666666666,FM-Full_A-None_AdaBN-F,600,600,600
Yang2025,ShallowConvNet,1,7,0.8233333333333334,0.8033333333333333,FM-Full_A-None_AdaBN-F,600,600,600
Yang2025,ShallowConvNet,1,9,0.7316666666666667,0.735,FM-Full_A-None_AdaBN-F,600,600,600
Yang2025,ShallowConvNet,1,10,0.8433333333333334,0.875,FM-Full_A-None_AdaBN-F,600,600,600
Yang2025,ShallowConvNet,1,13,0.8016666666666666,0.7983333333333333,FM-Full_A-None_AdaBN-F,600,600,600
Yang2025,ShallowConvNet,1,14,0.6066666666666667,0.59,FM-Full_A-None_AdaBN-F,600,600,600
Yang2025,ShallowConvNet,1,16,0.6033333333333334,0.675,FM-Full_A-None_AdaBN-F,600,600,600
Yang2025,ShallowConvNet,1,17,0.81,0.8033333333333333,FM-Full_A-None_AdaBN-F,600,600,600
Yang2025,ShallowConvNet,1,18,0.71,0.7133333333333334,FM-Full_A-None_AdaBN-F,600,600,600
Yang2025,ShallowConvNet,1,20,0.7766666666666666,0.8883333333333333,FM-Full_A-None_AdaBN-F,600,600,600
Yang2025,ShallowConvNet,1,25,0.92,0.9466666666666668,FM-Full_A-None_AdaBN-F,600,600,600
Yang2025,ShallowConvNet,1,26,0.8631051752921536,0.9131886477462438,FM-Full_A-None_AdaBN-F,600,600,600
Yang2025,ShallowConvNet,1,27,0.625,0.6716666666666666,FM-Full_A-None_AdaBN-F,600,600,600
Yang2025,ShallowConvNet,1,31,0.7616666666666667,0.7966666666666666,FM-Full_A-None_AdaBN-F,600,600,600
Yang2025,ShallowConvNet,1,32,0.6143572621035058,0.7061769616026711,FM-Full_A-None_AdaBN-F,600,600,600
Yang2025,ShallowConvNet,1,33,0.9566666666666668,0.975,FM-Full_A-None_AdaBN-F,600,600,600
Yang2025,ShallowConvNet,1,34,0.5833333333333334,0.7916666666666666,FM-Full_A-None_AdaBN-F,600,600,600
Yang2025,ShallowConvNet,1,37,0.9,0.9166666666666666,FM-Full_A-None_AdaBN-F,600,600,600
Yang2025,ShallowConvNet,1,41,0.9033333333333332,0.895,FM-Full_A-None_AdaBN-F,600,600,600
Yang2025,ShallowConvNet,1,44,0.76,0.7483333333333333,FM-Full_A-None_AdaBN-F,600,600,600
Yang2025,ShallowConvNet,1,45,0.875,0.8866666666666667,FM-Full_A-None_AdaBN-F,600,600,600
Yang2025,ShallowConvNet,1,47,0.8983333333333333,0.9116666666666666,FM-Full_A-None_AdaBN-F,600,600,600
Yang2025,ShallowConvNet,1,48,0.8633333333333333,0.8983333333333333,FM-Full_A-None_AdaBN-F,600,600,600
Yang2025,ShallowConvNet,1,49,0.9583333333333334,0.9566666666666668,FM-Full_A-None_AdaBN-F,600,600,600
Yang2025,ShallowConvNet,1,50,0.9633333333333334,0.9416666666666668,FM-Full_A-None_AdaBN-F,600,600,600
Yang2025,ShallowConvNet,2,1,0.9283333333333332,0.9333333333333332,FM-Full_A-None_AdaBN-F,600,600,600
Yang2025,ShallowConvNet,2,2,0.6766666666666666,0.6816666666666666,FM-Full_A-None_AdaBN-F,600,600,600
Yang2025,ShallowConvNet,2,3,0.955,0.955,FM-Full_A-None_AdaBN-F,600,600,600
Yang2025,ShallowConvNet,2,6,0.9383333333333334,0.97,FM-Full_A-None_AdaBN-F,600,600,600
Yang2025,ShallowConvNet,2,8,0.91,0.9266666666666666,FM-Full_A-None_AdaBN-F,600,600,600
Yang2025,ShallowConvNet,2,11,0.9216666666666666,0.9266666666666666,FM-Full_A-None_AdaBN-F,600,600,600
Yang2025,ShallowConvNet,2,12,0.6116666666666667,0.5633333333333334,FM-Full_A-None_AdaBN-F,600,600,600
Yang2025,ShallowConvNet,2,15,0.785,0.8333333333333334,FM-Full_A-None_AdaBN-F,600,600,600
Yang2025,ShallowConvNet,2,19,0.8666666666666667,0.8716666666666667,FM-Full_A-None_AdaBN-F,600,600,600
Yang2025,ShallowConvNet,2,21,0.8783333333333333,0.8833333333333333,FM-Full_A-None_AdaBN-F,600,600,600
Yang2025,ShallowConvNet,2,22,0.7433333333333333,0.8283333333333334,FM-Full_A-None_AdaBN-F,600,600,600
Yang2025,ShallowConvNet,2,23,0.9415692821368948,0.9565943238731218,FM-Full_A-None_AdaBN-F,600,600,600
Yang2025,ShallowConvNet,2,24,0.9595959595959596,0.9781144781144782,FM-Full_A-None_AdaBN-F,600,600,600
Yang2025,ShallowConvNet,2,28,0.7266666666666667,0.8966666666666666,FM-Full_A-None_AdaBN-F,600,600,600
Yang2025,ShallowConvNet,2,29,0.79,0.8916666666666667,FM-Full_A-None_AdaBN-F,600,600,600
Yang2025,ShallowConvNet,2,30,0.9266666666666666,0.9466666666666668,FM-Full_A-None_AdaBN-F,600,600,600
Yang2025,ShallowConvNet,2,35,0.9366666666666666,0.955,FM-Full_A-None_AdaBN-F,600,600,600
Yang2025,ShallowConvNet,2,36,0.9183333333333332,0.9333333333333332,FM-Full_A-None_AdaBN-F,600,600,600
Yang2025,ShallowConvNet,2,38,0.6283333333333333,0.63,FM-Full_A-None_AdaBN-F,600,600,600
Yang2025,ShallowConvNet,2,39,0.7266666666666667,0.7866666666666666,FM-Full_A-None_AdaBN-F,600,600,600
Yang2025,ShallowConvNet,2,40,0.8233333333333334,0.85,FM-Full_A-None_AdaBN-F,600,600,600
Yang2025,ShallowConvNet,2,42,0.8283333333333334,0.8416666666666667,FM-Full_A-None_AdaBN-F,600,600,600
Yang2025,ShallowConvNet,2,43,0.9866666666666668,0.9933333333333332,FM-Full_A-None_AdaBN-F,600,600,600
Yang2025,ShallowConvNet,2,46,0.97,0.9966666666666668,FM-Full_A-None_AdaBN-F,600,600,600
Yang2025,ShallowConvNet,2,51,0.8333333333333334,0.8833333333333333,FM-Full_A-None_AdaBN-F,600,600,600
Yang2025,EEGNetv4,1,4,0.5833333333333334,0.52,FM-Full_A-None_AdaBN-F,600,600,600
Yang2025,EEGNetv4,1,5,0.8533333333333334,0.8833333333333333,FM-Full_A-None_AdaBN-F,600,600,600
Yang2025,EEGNetv4,1,7,0.78,0.83,FM-Full_A-None_AdaBN-F,600,600,600
Yang2025,EEGNetv4,1,9,0.73,0.725,FM-Full_A-None_AdaBN-F,600,600,600
Yang2025,EEGNetv4,1,10,0.845,0.89,FM-Full_A-None_AdaBN-F,600,600,600
Yang2025,EEGNetv4,1,13,0.7583333333333333,0.8283333333333334,FM-Full_A-None_AdaBN-F,600,600,600
Yang2025,EEGNetv4,1,14,0.5433333333333333,0.5683333333333334,FM-Full_A-None_AdaBN-F,600,600,600
Yang2025,EEGNetv4,1,16,0.61,0.675,FM-Full_A-None_AdaBN-F,600,600,600
Yang2025,EEGNetv4,1,17,0.79,0.8066666666666666,FM-Full_A-None_AdaBN-F,600,600,600
Yang2025,EEGNetv4,1,18,0.6883333333333334,0.675,FM-Full_A-None_AdaBN-F,600,600,600
Yang2025,EEGNetv4,1,20,0.7866666666666666,0.9266666666666666,FM-Full_A-None_AdaBN-F,600,600,600
Yang2025,EEGNetv4,1,25,0.9033333333333332,0.94,FM-Full_A-None_AdaBN-F,600,600,600
Yang2025,EEGNetv4,1,26,0.7929883138564274,0.9215358931552587,FM-Full_A-None_AdaBN-F,600,600,600
Yang2025,EEGNetv4,1,27,0.6166666666666667,0.75,FM-Full_A-None_AdaBN-F,600,600,600
Yang2025,EEGNetv4,1,31,0.76,0.8233333333333334,FM-Full_A-None_AdaBN-F,600,600,600
Yang2025,EEGNetv4,1,32,0.5509181969949917,0.6277128547579299,FM-Full_A-None_AdaBN-F,600,600,600
Yang2025,EEGNetv4,1,33,0.95,0.97,FM-Full_A-None_AdaBN-F,600,600,600
Yang2025,EEGNetv4,1,34,0.5866666666666667,0.7916666666666666,FM-Full_A-None_AdaBN-F,600,600,600
Yang2025,EEGNetv4,1,37,0.8866666666666667,0.9216666666666666,FM-Full_A-None_AdaBN-F,600,600,600
Yang2025,EEGNetv4,1,41,0.8733333333333333,0.9166666666666666,FM-Full_A-None_AdaBN-F,600,600,600
Yang2025,EEGNetv4,1,44,0.735,0.75,FM-Full_A-None_AdaBN-F,600,600,600
Yang2025,EEGNetv4,1,45,0.89,0.8983333333333333,FM-Full_A-None_AdaBN-F,600,600,600
Yang2025,EEGNetv4,1,47,0.895,0.9316666666666666,FM-Full_A-None_AdaBN-F,600,600,600
Yang2025,EEGNetv4,1,48,0.8516666666666667,0.8966666666666666,FM-Full_A-None_AdaBN-F,600,600,600
Yang2025,EEGNetv4,1,49,0.9466666666666668,0.975,FM-Full_A-None_AdaBN-F,600,600,600
Yang2025,EEGNetv4,1,50,0.945,0.9783333333333334,FM-Full_A-None_AdaBN-F,600,600,600
Yang2025,EEGNetv4,2,1,0.9583333333333334,0.9616666666666668,FM-Full_A-None_AdaBN-F,600,600,600
Yang2025,EEGNetv4,2,2,0.7116666666666667,0.6966666666666667,FM-Full_A-None_AdaBN-F,600,600,600
Yang2025,EEGNetv4,2,3,0.9483333333333334,0.965,FM-Full_A-None_AdaBN-F,600,600,600
Yang2025,EEGNetv4,2,6,0.9333333333333332,0.9766666666666668,FM-Full_A-None_AdaBN-F,600,600,600
Yang2025,EEGNetv4,2,8,0.93,0.95,FM-Full_A-None_AdaBN-F,600,600,600
Yang2025,EEGNetv4,2,11,0.9116666666666666,0.9466666666666668,FM-Full_A-None_AdaBN-F,600,600,600
Yang2025,EEGNetv4,2,12,0.6,0.6066666666666667,FM-Full_A-None_AdaBN-F,600,600,600
Yang2025,EEGNetv4,2,15,0.7633333333333333,0.7633333333333333,FM-Full_A-None_AdaBN-F,600,600,600
Yang2025,EEGNetv4,2,19,0.85,0.8733333333333333,FM-Full_A-None_AdaBN-F,600,600,600
Yang2025,EEGNetv4,2,21,0.89,0.9166666666666666,FM-Full_A-None_AdaBN-F,600,600,600
Yang2025,EEGNetv4,2,22,0.795,0.8583333333333333,FM-Full_A-None_AdaBN-F,600,600,600
Yang2025,EEGNetv4,2,23,0.9398998330550918,0.959933222036728,FM-Full_A-None_AdaBN-F,600,600,600
Yang2025,EEGNetv4,2,24,0.9494949494949496,0.9814814814814816,FM-Full_A-None_AdaBN-F,600,600,600
Yang2025,EEGNetv4,2,28,0.8283333333333334,0.9066666666666666,FM-Full_A-None_AdaBN-F,600,600,600
Yang2025,EEGNetv4,2,29,0.805,0.89,FM-Full_A-None_AdaBN-F,600,600,600
Yang2025,EEGNetv4,2,30,0.9066666666666666,0.795,FM-Full_A-None_AdaBN-F,600,600,600
Yang2025,EEGNetv4,2,35,0.9433333333333334,0.9666666666666668,FM-Full_A-None_AdaBN-F,600,600,600
Yang2025,EEGNetv4,2,36,0.9316666666666666,0.94,FM-Full_A-None_AdaBN-F,600,600,600
Yang2025,EEGNetv4,2,38,0.5983333333333334,0.665,FM-Full_A-None_AdaBN-F,600,600,600
Yang2025,EEGNetv4,2,39,0.74,0.8083333333333333,FM-Full_A-None_AdaBN-F,600,600,600
Yang2025,EEGNetv4,2,40,0.8183333333333334,0.8866666666666667,FM-Full_A-None_AdaBN-F,600,600,600
Yang2025,EEGNetv4,2,42,0.8133333333333334,0.8166666666666667,FM-Full_A-None_AdaBN-F,600,600,600
Yang2025,EEGNetv4,2,43,0.9866666666666668,0.9983333333333332,FM-Full_A-None_AdaBN-F,600,600,600
Yang2025,EEGNetv4,2,46,0.955,0.995,FM-Full_A-None_AdaBN-F,600,600,600
Yang2025,EEGNetv4,2,51,0.8483333333333334,0.9066666666666666,FM-Full_A-None_AdaBN-F,600,600,600
Yang2025,EEGNetv4,1,4,0.5833333333333334,0.5566666666666666,FM-Full_A-None_AdaBN-F,600,600,600
Yang2025,EEGNetv4,1,5,0.82,0.9,FM-Full_A-None_AdaBN-F,600,600,600
Yang2025,EEGNetv4,1,7,0.74,0.8266666666666667,FM-Full_A-None_AdaBN-F,600,600,600
Yang2025,EEGNetv4,1,9,0.7033333333333334,0.725,FM-Full_A-None_AdaBN-F,600,600,600
Yang2025,EEGNetv4,1,10,0.7533333333333333,0.88,FM-Full_A-None_AdaBN-F,600,600,600
Yang2025,EEGNetv4,1,13,0.7533333333333333,0.8533333333333334,FM-Full_A-None_AdaBN-F,600,600,600
Yang2025,EEGNetv4,1,14,0.5366666666666666,0.5666666666666667,FM-Full_A-None_AdaBN-F,600,600,600
Yang2025,EEGNetv4,1,16,0.5666666666666667,0.6766666666666666,FM-Full_A-None_AdaBN-F,600,600,600
Yang2025,EEGNetv4,1,17,0.7666666666666667,0.815,FM-Full_A-None_AdaBN-F,600,600,600
Yang2025,EEGNetv4,1,18,0.6683333333333333,0.6766666666666666,FM-Full_A-None_AdaBN-F,600,600,600
Yang2025,EEGNetv4,1,20,0.74,0.9233333333333332,FM-Full_A-None_AdaBN-F,600,600,600
Yang2025,EEGNetv4,1,25,0.9033333333333332,0.9533333333333334,FM-Full_A-None_AdaBN-F,600,600,600
Yang2025,EEGNetv4,1,26,0.7312186978297162,0.9031719532554258,FM-Full_A-None_AdaBN-F,600,600,600
Yang2025,EEGNetv4,1,27,0.5866666666666667,0.7183333333333334,FM-Full_A-None_AdaBN-F,600,600,600
Yang2025,EEGNetv4,1,31,0.7366666666666667,0.8183333333333334,FM-Full_A-None_AdaBN-F,600,600,600
Yang2025,EEGNetv4,1,32,0.5843071786310517,0.6377295492487479,FM-Full_A-None_AdaBN-F,600,600,600
Yang2025,EEGNetv4,1,33,0.9583333333333334,0.9783333333333334,FM-Full_A-None_AdaBN-F,600,600,600
Yang2025,EEGNetv4,1,34,0.545,0.7983333333333333,FM-Full_A-None_AdaBN-F,600,600,600
Yang2025,EEGNetv4,1,37,0.89,0.92,FM-Full_A-None_AdaBN-F,600,600,600
Yang2025,EEGNetv4,1,41,0.8816666666666667,0.9083333333333332,FM-Full_A-None_AdaBN-F,600,600,600
Yang2025,EEGNetv4,1,44,0.7083333333333334,0.7516666666666667,FM-Full_A-None_AdaBN-F,600,600,600
Yang2025,EEGNetv4,1,45,0.8666666666666667,0.8983333333333333,FM-Full_A-None_AdaBN-F,600,600,600
Yang2025,EEGNetv4,1,47,0.865,0.94,FM-Full_A-None_AdaBN-F,600,600,600
Yang2025,EEGNetv4,1,48,0.8316666666666667,0.9016666666666666,FM-Full_A-None_AdaBN-F,600,600,600
Yang2025,EEGNetv4,1,49,0.9566666666666668,0.975,FM-Full_A-None_AdaBN-F,600,600,600
Yang2025,EEGNetv4,1,50,0.9166666666666666,0.96,FM-Full_A-None_AdaBN-F,600,600,600
Yang2025,EEGNetv4,2,1,0.945,0.9583333333333334,FM-Full_A-None_AdaBN-F,600,600,600
Yang2025,EEGNetv4,2,2,0.7183333333333334,0.6783333333333333,FM-Full_A-None_AdaBN-F,600,600,600
Yang2025,EEGNetv4,2,3,0.9383333333333334,0.9483333333333334,FM-Full_A-None_AdaBN-F,600,600,600
Yang2025,EEGNetv4,2,6,0.9316666666666666,0.975,FM-Full_A-None_AdaBN-F,600,600,600
Yang2025,EEGNetv4,2,8,0.9216666666666666,0.94,FM-Full_A-None_AdaBN-F,600,600,600
Yang2025,EEGNetv4,2,11,0.8766666666666667,0.95,FM-Full_A-None_AdaBN-F,600,600,600
Yang2025,EEGNetv4,2,12,0.5966666666666667,0.6066666666666667,FM-Full_A-None_AdaBN-F,600,600,600
Yang2025,EEGNetv4,2,15,0.8,0.785,FM-Full_A-None_AdaBN-F,600,600,600
Yang2025,EEGNetv4,2,19,0.8533333333333334,0.88,FM-Full_A-None_AdaBN-F,600,600,600
Yang2025,EEGNetv4,2,21,0.8983333333333333,0.9133333333333332,FM-Full_A-None_AdaBN-F,600,600,600
Yang2025,EEGNetv4,2,22,0.7816666666666666,0.85,FM-Full_A-None_AdaBN-F,600,600,600
Yang2025,EEGNetv4,2,23,0.9398998330550918,0.9616026711185308,FM-Full_A-None_AdaBN-F,600,600,600
Yang2025,EEGNetv4,2,24,0.9528619528619529,0.9848484848484848,FM-Full_A-None_AdaBN-F,600,600,600
Yang2025,EEGNetv4,2,28,0.82,0.8966666666666666,FM-Full_A-None_AdaBN-F,600,600,600
Yang2025,EEGNetv4,2,29,0.785,0.8883333333333333,FM-Full_A-None_AdaBN-F,600,600,600
Yang2025,EEGNetv4,2,30,0.9133333333333332,0.7816666666666666,FM-Full_A-None_AdaBN-F,600,600,600
Yang2025,EEGNetv4,2,35,0.9383333333333334,0.9683333333333334,FM-Full_A-None_AdaBN-F,600,600,600
Yang2025,EEGNetv4,2,36,0.9283333333333332,0.94,FM-Full_A-None_AdaBN-F,600,600,600
Yang2025,EEGNetv4,2,38,0.6333333333333333,0.7166666666666667,FM-Full_A-None_AdaBN-F,600,600,600
Yang2025,EEGNetv4,2,39,0.7466666666666667,0.7933333333333333,FM-Full_A-None_AdaBN-F,600,600,600
Yang2025,EEGNetv4,2,40,0.8333333333333334,0.8783333333333333,FM-Full_A-None_AdaBN-F,600,600,600
Yang2025,EEGNetv4,2,42,0.825,0.8216666666666667,FM-Full_A-None_AdaBN-F,600,600,600
Yang2025,EEGNetv4,2,43,0.9866666666666668,0.9983333333333332,FM-Full_A-None_AdaBN-F,600,600,600
Yang2025,EEGNetv4,2,46,,,FM-Full_A-None_AdaBN-F,600,600,600
Yang2025,EEGNetv4,2,51,0.845,0.9083333333333332,FM-Full_A-None_AdaBN-F,600,600,600
