dataset,model,fold,subject_id,zero_shot_accuracy,finetuned_accuracy,num_pretrain_subjects,num_trials,config_tag
Kalunga2016,DeepConvNet,1,1,0.28125,0.296875,8,64,FM-Full_A-None_AdaBN-F
Kalunga2016,DeepConvNet,1,10,0.2109375,0.2890625,8,64,FM-Full_A-None_AdaBN-F
Kalunga2016,DeepConvNet,1,11,0.296875,0.3125,8,64,FM-Full_A-None_AdaBN-F
Kalunga2016,DeepConvNet,2,3,0.28125,0.234375,8,64,FM-Full_A-None_AdaBN-F
Kalunga2016,DeepConvNet,2,6,0.34375,0.28125,8,64,FM-Full_A-None_AdaBN-F
Kalunga2016,DeepConvNet,2,9,0.21875,0.234375,8,64,FM-Full_A-None_AdaBN-F
Kalunga2016,DeepConvNet,3,2,0.265625,0.25,8,64,FM-Full_A-None_AdaBN-F
Kalunga2016,DeepConvNet,3,12,0.25,0.24375,8,64,FM-Full_A-None_AdaBN-F
Kalunga2016,DeepConvNet,4,5,0.25,0.296875,8,64,FM-Full_A-None_AdaBN-F
Kalunga2016,DeepConvNet,4,8,0.25,0.34375,8,64,FM-Full_A-None_AdaBN-F
Kalunga2016,DeepConvNet,5,4,0.234375,0.3125,8,64,FM-Full_A-None_AdaBN-F
Kalunga2016,DeepConvNet,5,7,0.34375,0.2708333333333333,8,64,FM-Full_A-None_AdaBN-F
Huebner2017,ShallowConvNet,1,1,0.9403891050583656,0.9677821011673152,10,3750,FM-Full_A-None_AdaBN-F
Huebner2017,ShallowConvNet,1,10,0.9074189526184538,0.9782574812967582,10,3750,FM-Full_A-None_AdaBN-F
Huebner2017,ShallowConvNet,1,12,0.8352785558667911,0.9548708372237784,10,3750,FM-Full_A-None_AdaBN-F
Huebner2017,ShallowConvNet,2,3,0.9083268482490272,0.9473151750972764,10,3750,FM-Full_A-None_AdaBN-F
Huebner2017,ShallowConvNet,2,6,0.950496205487449,0.980502043199066,10,3750,FM-Full_A-None_AdaBN-F
Huebner2017,ShallowConvNet,2,9,0.9593837535014006,0.9725334578275756,10,3750,FM-Full_A-None_AdaBN-F
Huebner2017,ShallowConvNet,3,2,0.8748832866479925,0.945066915655151,10,3750,FM-Full_A-None_AdaBN-F
Huebner2017,ShallowConvNet,3,5,0.8627450980392157,0.9260037348272644,10,3750,FM-Full_A-None_AdaBN-F
Huebner2017,ShallowConvNet,3,13,0.928098980624076,0.9691074624542836,10,3750,FM-Full_A-None_AdaBN-F
Huebner2017,ShallowConvNet,4,8,0.8323735408560311,0.9007003891050583,10,3750,FM-Full_A-None_AdaBN-F
Huebner2017,ShallowConvNet,4,11,0.7911121488053545,0.8528290139310453,10,3750,FM-Full_A-None_AdaBN-F
Huebner2017,ShallowConvNet,5,4,0.927704280155642,0.9813229571984436,10,3750,FM-Full_A-None_AdaBN-F
Huebner2017,ShallowConvNet,5,7,0.958294428882664,0.9911297852474324,10,3750,FM-Full_A-None_AdaBN-F
Huebner2017,ShallowConvNet,1,1,,,10,3750,FM-Full_A-None_AdaBN-F
Huebner2017,ShallowConvNet,1,10,,,10,3750,FM-Full_A-None_AdaBN-F
Huebner2017,ShallowConvNet,1,12,,,10,3750,FM-Full_A-None_AdaBN-F
Huebner2017,ShallowConvNet,2,3,,,10,3750,FM-Full_A-None_AdaBN-F
Huebner2017,ShallowConvNet,2,6,,,10,3750,FM-Full_A-None_AdaBN-F
Huebner2017,ShallowConvNet,2,9,,,10,3750,FM-Full_A-None_AdaBN-F
Huebner2017,ShallowConvNet,3,2,,,10,3750,FM-Full_A-None_AdaBN-F
Huebner2017,ShallowConvNet,3,5,,,10,3750,FM-Full_A-None_AdaBN-F
Huebner2017,ShallowConvNet,3,13,,,10,3750,FM-Full_A-None_AdaBN-F
Huebner2017,ShallowConvNet,4,8,,,10,3750,FM-Full_A-None_AdaBN-F
Huebner2017,ShallowConvNet,4,11,,,10,3750,FM-Full_A-None_AdaBN-F
Huebner2017,ShallowConvNet,5,4,,,10,3750,FM-Full_A-None_AdaBN-F
Huebner2017,ShallowConvNet,5,7,,,10,3750,FM-Full_A-None_AdaBN-F
BNCI2014_001,EEGNetv4,1,2,,,5,300,FM-Full_A-None_AdaBN-F
BNCI2014_001,EEGNetv4,1,8,,,5,300,FM-Full_A-None_AdaBN-F
BNCI2014_001,EEGNetv4,2,1,,,5,300,FM-Full_A-None_AdaBN-F
BNCI2014_001,EEGNetv4,2,6,,,5,300,FM-Full_A-None_AdaBN-F
BNCI2014_001,EEGNetv4,3,3,,,5,300,FM-Full_A-None_AdaBN-F
BNCI2014_001,EEGNetv4,3,9,,,5,300,FM-Full_A-None_AdaBN-F
BNCI2014_001,EEGNetv4,4,4,,,5,300,FM-Full_A-None_AdaBN-F
BNCI2014_001,EEGNetv4,4,5,,,5,300,FM-Full_A-None_AdaBN-F
BNCI2014_001,EEGNetv4,5,7,,,5,300,FM-Full_A-None_AdaBN-F
BNCI2014_001,EEGNetv4,1,2,0.3923611111111111,0.5295138888888888,5,300,FM-Full_A-None_AdaBN-F
BNCI2014_001,EEGNetv4,1,8,0.546875,0.7517361111111112,5,300,FM-Full_A-None_AdaBN-F
BNCI2014_001,EEGNetv4,2,1,0.5277777777777778,0.7222222222222222,5,300,FM-Full_A-None_AdaBN-F
BNCI2014_001,EEGNetv4,2,6,0.359375,0.5885416666666666,5,300,FM-Full_A-None_AdaBN-F
BNCI2014_001,EEGNetv4,3,3,0.6232638888888888,0.7760416666666666,5,300,FM-Full_A-None_AdaBN-F
BNCI2014_001,EEGNetv4,3,9,0.4913194444444444,0.7586805555555556,5,300,FM-Full_A-None_AdaBN-F
BNCI2014_001,EEGNetv4,4,4,0.3993055555555556,0.6180555555555556,5,300,FM-Full_A-None_AdaBN-F
BNCI2014_001,EEGNetv4,4,5,0.3923611111111111,0.5520833333333334,5,300,FM-Full_A-None_AdaBN-F
BNCI2014_001,EEGNetv4,5,7,0.4565972222222222,0.6736111111111112,5,300,FM-Full_A-None_AdaBN-F
BNCI2014_001,EEGNetv4,2,1,0.5173611111111112,0.7534722222222222,5,300,FM-Full_A-None_AdaBN-F
BNCI2014_001,EEGNetv4,2,6,0.4079861111111111,0.5729166666666666,5,300,FM-Full_A-None_AdaBN-F
BNCI2014_001,EEGNetv4,3,3,0.6128472222222222,0.8142361111111112,5,300,FM-Full_A-None_AdaBN-F
BNCI2014_001,EEGNetv4,3,9,0.5138888888888888,0.796875,5,300,FM-Full_A-None_AdaBN-F
BNCI2014_001,EEGNetv4,4,4,0.4010416666666667,0.5833333333333334,5,300,FM-Full_A-None_AdaBN-F
BNCI2014_001,EEGNetv4,4,5,0.4253472222222222,0.5659722222222222,5,300,FM-Full_A-None_AdaBN-F
BNCI2014_001,EEGNetv4,5,7,0.4878472222222222,0.6458333333333334,5,300,FM-Full_A-None_AdaBN-F
Huebner2018,DeepConvNet,1,1,0.9605014356747672,0.9795503886826809,8,10500,FM-Full_A-None_AdaBN-F
Huebner2018,DeepConvNet,1,10,0.8853641456582633,0.9415966386554622,8,10500,FM-Full_A-None_AdaBN-F
Huebner2018,DeepConvNet,1,11,0.8117175411450275,0.9251652834435224,8,10500,FM-Full_A-None_AdaBN-F
Huebner2018,DeepConvNet,2,3,0.9705882352941176,0.9826330532212884,8,10500,FM-Full_A-None_AdaBN-F
Huebner2018,DeepConvNet,2,6,0.842156862745098,0.9838235294117648,8,10500,FM-Full_A-None_AdaBN-F
Huebner2018,DeepConvNet,2,9,0.7765249667343651,0.9509769591708104,8,10500,FM-Full_A-None_AdaBN-F
Huebner2018,DeepConvNet,3,2,0.973249299719888,0.9859243697478992,8,10500,FM-Full_A-None_AdaBN-F
Huebner2018,DeepConvNet,3,12,0.8324229691876751,0.9425070028011204,8,10500,FM-Full_A-None_AdaBN-F
Huebner2018,DeepConvNet,4,5,0.8231750035028723,0.937018355051142,8,10500,FM-Full_A-None_AdaBN-F
Huebner2018,DeepConvNet,4,8,0.7920868347338935,0.9349439775910364,8,10500,FM-Full_A-None_AdaBN-F
Huebner2018,DeepConvNet,5,4,0.9341736694677872,0.9634453781512604,8,10500,FM-Full_A-None_AdaBN-F
Huebner2018,DeepConvNet,5,7,0.8872233118520594,0.9459932754272904,8,10500,FM-Full_A-None_AdaBN-F
Lee2019_SSVEP,ShallowConvNet,1,4,,,10,200,FM-Full_A-None_AdaBN-F
Lee2019_SSVEP,ShallowConvNet,1,6,,,10,200,FM-Full_A-None_AdaBN-F
Lee2019_SSVEP,ShallowConvNet,1,13,,,10,200,FM-Full_A-None_AdaBN-F
Lee2019_SSVEP,ShallowConvNet,1,14,,,10,200,FM-Full_A-None_AdaBN-F
Lee2019_SSVEP,ShallowConvNet,1,18,,,10,200,FM-Full_A-None_AdaBN-F
Lee2019_SSVEP,ShallowConvNet,1,20,,,10,200,FM-Full_A-None_AdaBN-F
Lee2019_SSVEP,ShallowConvNet,1,33,,,10,200,FM-Full_A-None_AdaBN-F
Lee2019_SSVEP,ShallowConvNet,1,45,,,10,200,FM-Full_A-None_AdaBN-F
Lee2019_SSVEP,ShallowConvNet,1,49,,,10,200,FM-Full_A-None_AdaBN-F
Lee2019_SSVEP,ShallowConvNet,1,50,,,10,200,FM-Full_A-None_AdaBN-F
Lee2019_SSVEP,ShallowConvNet,1,53,,,10,200,FM-Full_A-None_AdaBN-F
Lee2019_SSVEP,ShallowConvNet,2,5,,,10,200,FM-Full_A-None_AdaBN-F
Lee2019_SSVEP,ShallowConvNet,2,7,,,10,200,FM-Full_A-None_AdaBN-F
Lee2019_SSVEP,ShallowConvNet,2,9,,,10,200,FM-Full_A-None_AdaBN-F
Lee2019_SSVEP,ShallowConvNet,2,16,,,10,200,FM-Full_A-None_AdaBN-F
Lee2019_SSVEP,ShallowConvNet,2,25,,,10,200,FM-Full_A-None_AdaBN-F
Lee2019_SSVEP,ShallowConvNet,2,27,,,10,200,FM-Full_A-None_AdaBN-F
Lee2019_SSVEP,ShallowConvNet,2,34,,,10,200,FM-Full_A-None_AdaBN-F
Lee2019_SSVEP,ShallowConvNet,2,35,,,10,200,FM-Full_A-None_AdaBN-F
Lee2019_SSVEP,ShallowConvNet,2,38,,,10,200,FM-Full_A-None_AdaBN-F
Lee2019_SSVEP,ShallowConvNet,2,46,,,10,200,FM-Full_A-None_AdaBN-F
Lee2019_SSVEP,ShallowConvNet,2,51,,,10,200,FM-Full_A-None_AdaBN-F
Lee2019_SSVEP,ShallowConvNet,3,1,,,10,200,FM-Full_A-None_AdaBN-F
Lee2019_SSVEP,ShallowConvNet,3,10,,,10,200,FM-Full_A-None_AdaBN-F
Lee2019_SSVEP,ShallowConvNet,3,12,,,10,200,FM-Full_A-None_AdaBN-F
Lee2019_SSVEP,ShallowConvNet,3,17,,,10,200,FM-Full_A-None_AdaBN-F
Lee2019_SSVEP,ShallowConvNet,3,26,,,10,200,FM-Full_A-None_AdaBN-F
Lee2019_SSVEP,ShallowConvNet,3,28,,,10,200,FM-Full_A-None_AdaBN-F
Lee2019_SSVEP,ShallowConvNet,3,31,,,10,200,FM-Full_A-None_AdaBN-F
Lee2019_SSVEP,ShallowConvNet,3,32,,,10,200,FM-Full_A-None_AdaBN-F
Lee2019_SSVEP,ShallowConvNet,3,37,,,10,200,FM-Full_A-None_AdaBN-F
Lee2019_SSVEP,ShallowConvNet,3,41,,,10,200,FM-Full_A-None_AdaBN-F
Lee2019_SSVEP,ShallowConvNet,3,48,,,10,200,FM-Full_A-None_AdaBN-F
Lee2019_SSVEP,ShallowConvNet,4,2,,,10,200,FM-Full_A-None_AdaBN-F
Lee2019_SSVEP,ShallowConvNet,4,3,,,10,200,FM-Full_A-None_AdaBN-F
Lee2019_SSVEP,ShallowConvNet,4,11,,,10,200,FM-Full_A-None_AdaBN-F
Lee2019_SSVEP,ShallowConvNet,4,22,,,10,200,FM-Full_A-None_AdaBN-F
Lee2019_SSVEP,ShallowConvNet,4,24,,,10,200,FM-Full_A-None_AdaBN-F
Lee2019_SSVEP,ShallowConvNet,4,30,,,10,200,FM-Full_A-None_AdaBN-F
Lee2019_SSVEP,ShallowConvNet,4,36,,,10,200,FM-Full_A-None_AdaBN-F
Lee2019_SSVEP,ShallowConvNet,4,40,,,10,200,FM-Full_A-None_AdaBN-F
Lee2019_SSVEP,ShallowConvNet,4,42,,,10,200,FM-Full_A-None_AdaBN-F
Lee2019_SSVEP,ShallowConvNet,4,44,,,10,200,FM-Full_A-None_AdaBN-F
Lee2019_SSVEP,ShallowConvNet,4,47,,,10,200,FM-Full_A-None_AdaBN-F
Lee2019_SSVEP,ShallowConvNet,5,8,,,10,200,FM-Full_A-None_AdaBN-F
Lee2019_SSVEP,ShallowConvNet,5,15,,,10,200,FM-Full_A-None_AdaBN-F
Lee2019_SSVEP,ShallowConvNet,5,19,,,10,200,FM-Full_A-None_AdaBN-F
Lee2019_SSVEP,ShallowConvNet,5,21,,,10,200,FM-Full_A-None_AdaBN-F
Lee2019_SSVEP,ShallowConvNet,5,23,,,10,200,FM-Full_A-None_AdaBN-F
Lee2019_SSVEP,ShallowConvNet,5,29,,,10,200,FM-Full_A-None_AdaBN-F
Lee2019_SSVEP,ShallowConvNet,5,39,,,10,200,FM-Full_A-None_AdaBN-F
Lee2019_SSVEP,ShallowConvNet,5,43,,,10,200,FM-Full_A-None_AdaBN-F
Lee2019_SSVEP,ShallowConvNet,5,52,,,10,200,FM-Full_A-None_AdaBN-F
Lee2019_SSVEP,ShallowConvNet,5,54,,,10,200,FM-Full_A-None_AdaBN-F
Lee2019_SSVEP,ShallowConvNet,1,4,0.985,0.99,10,200,FM-Full_A-None_AdaBN-F
Lee2019_SSVEP,ShallowConvNet,1,6,0.78,0.935,10,200,FM-Full_A-None_AdaBN-F
Lee2019_SSVEP,ShallowConvNet,1,13,0.745,0.81,10,200,FM-Full_A-None_AdaBN-F
Lee2019_SSVEP,ShallowConvNet,1,14,0.72,0.82,10,200,FM-Full_A-None_AdaBN-F
Lee2019_SSVEP,ShallowConvNet,1,18,0.975,0.995,10,200,FM-Full_A-None_AdaBN-F
Lee2019_SSVEP,ShallowConvNet,1,20,0.74,0.78,10,200,FM-Full_A-None_AdaBN-F
Lee2019_SSVEP,ShallowConvNet,1,33,0.81,0.92,10,200,FM-Full_A-None_AdaBN-F
Lee2019_SSVEP,ShallowConvNet,1,45,0.685,0.825,10,200,FM-Full_A-None_AdaBN-F
Lee2019_SSVEP,ShallowConvNet,1,49,0.635,0.93,10,200,FM-Full_A-None_AdaBN-F
Lee2019_SSVEP,ShallowConvNet,1,50,0.74,0.87,10,200,FM-Full_A-None_AdaBN-F
Lee2019_SSVEP,ShallowConvNet,1,53,0.875,0.94,10,200,FM-Full_A-None_AdaBN-F
Lee2019_SSVEP,ShallowConvNet,2,5,0.655,0.735,10,200,FM-Full_A-None_AdaBN-F
Lee2019_SSVEP,ShallowConvNet,2,7,0.995,0.985,10,200,FM-Full_A-None_AdaBN-F
Lee2019_SSVEP,ShallowConvNet,2,9,0.765,0.885,10,200,FM-Full_A-None_AdaBN-F
Lee2019_SSVEP,ShallowConvNet,2,16,0.895,0.97,10,200,FM-Full_A-None_AdaBN-F
Lee2019_SSVEP,ShallowConvNet,2,25,0.81,0.87,10,200,FM-Full_A-None_AdaBN-F
Lee2019_SSVEP,ShallowConvNet,2,27,0.965,0.98,10,200,FM-Full_A-None_AdaBN-F
Lee2019_SSVEP,ShallowConvNet,2,34,0.57,0.63,10,200,FM-Full_A-None_AdaBN-F
Lee2019_SSVEP,ShallowConvNet,2,35,0.615,0.81,10,200,FM-Full_A-None_AdaBN-F
Lee2019_SSVEP,ShallowConvNet,2,38,0.81,0.955,10,200,FM-Full_A-None_AdaBN-F
Lee2019_SSVEP,ShallowConvNet,2,46,0.825,0.865,10,200,FM-Full_A-None_AdaBN-F
Lee2019_SSVEP,ShallowConvNet,2,51,0.595,0.665,10,200,FM-Full_A-None_AdaBN-F
Lee2019_SSVEP,ShallowConvNet,3,1,0.845,0.865,10,200,FM-Full_A-None_AdaBN-F
Lee2019_SSVEP,ShallowConvNet,3,10,0.66,0.865,10,200,FM-Full_A-None_AdaBN-F
Lee2019_SSVEP,ShallowConvNet,3,12,0.86,0.93,10,200,FM-Full_A-None_AdaBN-F
Lee2019_SSVEP,ShallowConvNet,3,17,0.555,0.92,10,200,FM-Full_A-None_AdaBN-F
Lee2019_SSVEP,ShallowConvNet,3,26,0.91,0.965,10,200,FM-Full_A-None_AdaBN-F
Lee2019_SSVEP,ShallowConvNet,3,28,0.78,0.895,10,200,FM-Full_A-None_AdaBN-F
Lee2019_SSVEP,ShallowConvNet,3,31,0.975,0.995,10,200,FM-Full_A-None_AdaBN-F
Lee2019_SSVEP,ShallowConvNet,3,32,0.26,0.66,10,200,FM-Full_A-None_AdaBN-F
Lee2019_SSVEP,ShallowConvNet,3,37,0.935,0.96,10,200,FM-Full_A-None_AdaBN-F
Lee2019_SSVEP,ShallowConvNet,3,41,0.87,0.94,10,200,FM-Full_A-None_AdaBN-F
Lee2019_SSVEP,ShallowConvNet,3,48,0.955,0.975,10,200,FM-Full_A-None_AdaBN-F
Lee2019_SSVEP,ShallowConvNet,4,2,0.845,0.95,10,200,FM-Full_A-None_AdaBN-F
Lee2019_SSVEP,ShallowConvNet,4,3,0.805,0.92,10,200,FM-Full_A-None_AdaBN-F
Lee2019_SSVEP,ShallowConvNet,4,11,0.975,1.0,10,200,FM-Full_A-None_AdaBN-F
Lee2019_SSVEP,ShallowConvNet,4,22,0.605,0.715,10,200,FM-Full_A-None_AdaBN-F
Lee2019_SSVEP,ShallowConvNet,4,24,0.655,0.805,10,200,FM-Full_A-None_AdaBN-F
Lee2019_SSVEP,ShallowConvNet,4,30,0.55,0.875,10,200,FM-Full_A-None_AdaBN-F
Lee2019_SSVEP,ShallowConvNet,4,36,0.99,0.995,10,200,FM-Full_A-None_AdaBN-F
Lee2019_SSVEP,ShallowConvNet,4,40,0.645,0.84,10,200,FM-Full_A-None_AdaBN-F
Lee2019_SSVEP,ShallowConvNet,4,42,0.725,0.72,10,200,FM-Full_A-None_AdaBN-F
Lee2019_SSVEP,ShallowConvNet,4,44,0.96,0.975,10,200,FM-Full_A-None_AdaBN-F
Lee2019_SSVEP,ShallowConvNet,4,47,0.615,0.58,10,200,FM-Full_A-None_AdaBN-F
Lee2019_SSVEP,ShallowConvNet,5,8,0.735,0.855,10,200,FM-Full_A-None_AdaBN-F
Lee2019_SSVEP,ShallowConvNet,5,15,0.445,0.8,10,200,FM-Full_A-None_AdaBN-F
Lee2019_SSVEP,ShallowConvNet,5,19,0.415,0.73,10,200,FM-Full_A-None_AdaBN-F
Lee2019_SSVEP,ShallowConvNet,5,21,0.84,0.935,10,200,FM-Full_A-None_AdaBN-F
Lee2019_SSVEP,ShallowConvNet,5,23,0.34,0.52,10,200,FM-Full_A-None_AdaBN-F
Lee2019_SSVEP,ShallowConvNet,5,29,0.745,0.865,10,200,FM-Full_A-None_AdaBN-F
Lee2019_SSVEP,ShallowConvNet,5,39,0.91,0.95,10,200,FM-Full_A-None_AdaBN-F
Lee2019_SSVEP,ShallowConvNet,5,43,0.965,0.99,10,200,FM-Full_A-None_AdaBN-F
Lee2019_SSVEP,ShallowConvNet,5,52,0.68,0.88,10,200,FM-Full_A-None_AdaBN-F
Lee2019_SSVEP,ShallowConvNet,5,54,0.34,0.61,10,200,FM-Full_A-None_AdaBN-F
Lee2019_SSVEP,ATCNet,1,4,1.0,0.99,10,200,FM-Full_A-None_AdaBN-F
Lee2019_SSVEP,ATCNet,1,6,0.96,1.0,10,200,FM-Full_A-None_AdaBN-F
Lee2019_SSVEP,ATCNet,1,13,0.87,0.945,10,200,FM-Full_A-None_AdaBN-F
Lee2019_SSVEP,ATCNet,1,14,0.755,0.94,10,200,FM-Full_A-None_AdaBN-F
Lee2019_SSVEP,ATCNet,1,18,0.98,0.975,10,200,FM-Full_A-None_AdaBN-F
Lee2019_SSVEP,ATCNet,1,20,0.95,0.96,10,200,FM-Full_A-None_AdaBN-F
Lee2019_SSVEP,ATCNet,1,33,0.975,1.0,10,200,FM-Full_A-None_AdaBN-F
Lee2019_SSVEP,ATCNet,1,45,0.87,0.92,10,200,FM-Full_A-None_AdaBN-F
Lee2019_SSVEP,ATCNet,1,49,0.79,0.99,10,200,FM-Full_A-None_AdaBN-F
Lee2019_SSVEP,ATCNet,1,50,0.98,0.995,10,200,FM-Full_A-None_AdaBN-F
Lee2019_SSVEP,ATCNet,1,53,0.995,1.0,10,200,FM-Full_A-None_AdaBN-F
Lee2019_SSVEP,ATCNet,2,5,0.765,0.8,10,200,FM-Full_A-None_AdaBN-F
Lee2019_SSVEP,ATCNet,2,7,0.98,0.995,10,200,FM-Full_A-None_AdaBN-F
Lee2019_SSVEP,ATCNet,2,9,0.95,0.945,10,200,FM-Full_A-None_AdaBN-F
Lee2019_SSVEP,ATCNet,2,16,0.995,0.995,10,200,FM-Full_A-None_AdaBN-F
Lee2019_SSVEP,ATCNet,2,25,0.93,0.955,10,200,FM-Full_A-None_AdaBN-F
Lee2019_SSVEP,ATCNet,2,27,0.985,0.985,10,200,FM-Full_A-None_AdaBN-F
Lee2019_SSVEP,ATCNet,2,34,0.78,0.81,10,200,FM-Full_A-None_AdaBN-F
Lee2019_SSVEP,ATCNet,2,35,0.77,0.975,10,200,FM-Full_A-None_AdaBN-F
Lee2019_SSVEP,ATCNet,2,38,0.975,0.97,10,200,FM-Full_A-None_AdaBN-F
Lee2019_SSVEP,ATCNet,2,46,0.94,0.985,10,200,FM-Full_A-None_AdaBN-F
Lee2019_SSVEP,ATCNet,2,51,0.76,0.775,10,200,FM-Full_A-None_AdaBN-F
Lee2019_SSVEP,ATCNet,3,1,0.94,0.955,10,200,FM-Full_A-None_AdaBN-F
Lee2019_SSVEP,ATCNet,3,10,0.98,0.995,10,200,FM-Full_A-None_AdaBN-F
Lee2019_SSVEP,ATCNet,3,12,0.96,0.965,10,200,FM-Full_A-None_AdaBN-F
Lee2019_SSVEP,ATCNet,3,17,0.775,0.905,10,200,FM-Full_A-None_AdaBN-F
Lee2019_SSVEP,ATCNet,3,26,0.985,0.995,10,200,FM-Full_A-None_AdaBN-F
Lee2019_SSVEP,ATCNet,3,28,0.945,0.955,10,200,FM-Full_A-None_AdaBN-F
Lee2019_SSVEP,ATCNet,3,31,0.995,1.0,10,200,FM-Full_A-None_AdaBN-F
Lee2019_SSVEP,ATCNet,3,32,0.74,0.945,10,200,FM-Full_A-None_AdaBN-F
Lee2019_SSVEP,ATCNet,3,37,0.985,0.985,10,200,FM-Full_A-None_AdaBN-F
Lee2019_SSVEP,ATCNet,3,41,0.955,0.98,10,200,FM-Full_A-None_AdaBN-F
Lee2019_SSVEP,ATCNet,3,48,1.0,1.0,10,200,FM-Full_A-None_AdaBN-F
Lee2019_SSVEP,ATCNet,4,2,0.98,0.98,10,200,FM-Full_A-None_AdaBN-F
Lee2019_SSVEP,ATCNet,4,3,0.89,0.89,10,200,FM-Full_A-None_AdaBN-F
Lee2019_SSVEP,ATCNet,4,11,1.0,1.0,10,200,FM-Full_A-None_AdaBN-F
Lee2019_SSVEP,ATCNet,4,22,0.715,0.845,10,200,FM-Full_A-None_AdaBN-F
Lee2019_SSVEP,ATCNet,4,24,0.95,0.955,10,200,FM-Full_A-None_AdaBN-F
Lee2019_SSVEP,ATCNet,4,30,0.945,1.0,10,200,FM-Full_A-None_AdaBN-F
Lee2019_SSVEP,ATCNet,4,36,1.0,1.0,10,200,FM-Full_A-None_AdaBN-F
Lee2019_SSVEP,ATCNet,4,40,0.935,0.92,10,200,FM-Full_A-None_AdaBN-F
Lee2019_SSVEP,ATCNet,4,42,0.755,0.76,10,200,FM-Full_A-None_AdaBN-F
Lee2019_SSVEP,ATCNet,4,44,0.99,0.975,10,200,FM-Full_A-None_AdaBN-F
Lee2019_SSVEP,ATCNet,4,47,0.635,0.6,10,200,FM-Full_A-None_AdaBN-F
Lee2019_SSVEP,ATCNet,5,8,0.835,0.955,10,200,FM-Full_A-None_AdaBN-F
Lee2019_SSVEP,ATCNet,5,15,0.62,0.985,10,200,FM-Full_A-None_AdaBN-F
Lee2019_SSVEP,ATCNet,5,19,0.855,0.99,10,200,FM-Full_A-None_AdaBN-F
Lee2019_SSVEP,ATCNet,5,21,0.895,0.95,10,200,FM-Full_A-None_AdaBN-F
Lee2019_SSVEP,ATCNet,5,23,0.4,0.575,10,200,FM-Full_A-None_AdaBN-F
Lee2019_SSVEP,ATCNet,5,29,0.83,0.935,10,200,FM-Full_A-None_AdaBN-F
Lee2019_SSVEP,ATCNet,5,39,1.0,1.0,10,200,FM-Full_A-None_AdaBN-F
Lee2019_SSVEP,ATCNet,5,43,,,10,200,FM-Full_A-None_AdaBN-F
Lee2019_SSVEP,ATCNet,5,52,0.985,1.0,10,200,FM-Full_A-None_AdaBN-F
Lee2019_SSVEP,ATCNet,5,54,0.595,0.85,10,200,FM-Full_A-None_AdaBN-F
Lee2019_SSVEP,ATCNet,1,4,,,10,200,FM-Full_A-None_AdaBN-F
Lee2019_SSVEP,ATCNet,1,6,,,10,200,FM-Full_A-None_AdaBN-F
Lee2019_SSVEP,ATCNet,1,13,,,10,200,FM-Full_A-None_AdaBN-F
Lee2019_SSVEP,ATCNet,1,14,,,10,200,FM-Full_A-None_AdaBN-F
Lee2019_SSVEP,ATCNet,1,18,,,10,200,FM-Full_A-None_AdaBN-F
Lee2019_SSVEP,ATCNet,1,20,,,10,200,FM-Full_A-None_AdaBN-F
Lee2019_SSVEP,ATCNet,1,33,,,10,200,FM-Full_A-None_AdaBN-F
Lee2019_SSVEP,ATCNet,1,45,,,10,200,FM-Full_A-None_AdaBN-F
Lee2019_SSVEP,ATCNet,1,49,,,10,200,FM-Full_A-None_AdaBN-F
Lee2019_SSVEP,ATCNet,1,50,,,10,200,FM-Full_A-None_AdaBN-F
Lee2019_SSVEP,ATCNet,1,53,,,10,200,FM-Full_A-None_AdaBN-F
Lee2019_SSVEP,ATCNet,2,5,,,10,200,FM-Full_A-None_AdaBN-F
Lee2019_SSVEP,ATCNet,2,7,,,10,200,FM-Full_A-None_AdaBN-F
Lee2019_SSVEP,ATCNet,2,9,,,10,200,FM-Full_A-None_AdaBN-F
Lee2019_SSVEP,ATCNet,2,16,,,10,200,FM-Full_A-None_AdaBN-F
Lee2019_SSVEP,ATCNet,2,25,,,10,200,FM-Full_A-None_AdaBN-F
Lee2019_SSVEP,ATCNet,2,27,,,10,200,FM-Full_A-None_AdaBN-F
Lee2019_SSVEP,ATCNet,2,34,,,10,200,FM-Full_A-None_AdaBN-F
Lee2019_SSVEP,ATCNet,2,35,,,10,200,FM-Full_A-None_AdaBN-F
Lee2019_SSVEP,ATCNet,2,38,,,10,200,FM-Full_A-None_AdaBN-F
Lee2019_SSVEP,ATCNet,2,46,,,10,200,FM-Full_A-None_AdaBN-F
Lee2019_SSVEP,ATCNet,2,51,,,10,200,FM-Full_A-None_AdaBN-F
Lee2019_SSVEP,ATCNet,3,1,,,10,200,FM-Full_A-None_AdaBN-F
Lee2019_SSVEP,ATCNet,3,10,,,10,200,FM-Full_A-None_AdaBN-F
Lee2019_SSVEP,ATCNet,3,12,,,10,200,FM-Full_A-None_AdaBN-F
Lee2019_SSVEP,ATCNet,3,17,,,10,200,FM-Full_A-None_AdaBN-F
Lee2019_SSVEP,ATCNet,3,26,,,10,200,FM-Full_A-None_AdaBN-F
Lee2019_SSVEP,ATCNet,3,28,,,10,200,FM-Full_A-None_AdaBN-F
Lee2019_SSVEP,ATCNet,3,31,,,10,200,FM-Full_A-None_AdaBN-F
Lee2019_SSVEP,ATCNet,3,32,,,10,200,FM-Full_A-None_AdaBN-F
Lee2019_SSVEP,ATCNet,3,37,,,10,200,FM-Full_A-None_AdaBN-F
Lee2019_SSVEP,ATCNet,3,41,,,10,200,FM-Full_A-None_AdaBN-F
Lee2019_SSVEP,ATCNet,3,48,,,10,200,FM-Full_A-None_AdaBN-F
Lee2019_SSVEP,ATCNet,4,2,,,10,200,FM-Full_A-None_AdaBN-F
Lee2019_SSVEP,ATCNet,4,3,,,10,200,FM-Full_A-None_AdaBN-F
Lee2019_SSVEP,ATCNet,4,11,,,10,200,FM-Full_A-None_AdaBN-F
Lee2019_SSVEP,ATCNet,4,22,,,10,200,FM-Full_A-None_AdaBN-F
Lee2019_SSVEP,ATCNet,4,24,,,10,200,FM-Full_A-None_AdaBN-F
Lee2019_SSVEP,ATCNet,4,30,,,10,200,FM-Full_A-None_AdaBN-F
Lee2019_SSVEP,ATCNet,4,36,,,10,200,FM-Full_A-None_AdaBN-F
Lee2019_SSVEP,ATCNet,4,40,,,10,200,FM-Full_A-None_AdaBN-F
Lee2019_SSVEP,ATCNet,4,42,,,10,200,FM-Full_A-None_AdaBN-F
Lee2019_SSVEP,ATCNet,4,44,,,10,200,FM-Full_A-None_AdaBN-F
Lee2019_SSVEP,ATCNet,4,47,,,10,200,FM-Full_A-None_AdaBN-F
Lee2019_SSVEP,ATCNet,5,8,,,10,200,FM-Full_A-None_AdaBN-F
Lee2019_SSVEP,ATCNet,5,15,,,10,200,FM-Full_A-None_AdaBN-F
Lee2019_SSVEP,ATCNet,5,19,,,10,200,FM-Full_A-None_AdaBN-F
Lee2019_SSVEP,ATCNet,5,21,,,10,200,FM-Full_A-None_AdaBN-F
Lee2019_SSVEP,ATCNet,5,23,,,10,200,FM-Full_A-None_AdaBN-F
Lee2019_SSVEP,ATCNet,5,29,,,10,200,FM-Full_A-None_AdaBN-F
Lee2019_SSVEP,ATCNet,5,39,,,10,200,FM-Full_A-None_AdaBN-F
Lee2019_SSVEP,ATCNet,5,43,,,10,200,FM-Full_A-None_AdaBN-F
Lee2019_SSVEP,ATCNet,5,52,,,10,200,FM-Full_A-None_AdaBN-F
Lee2019_SSVEP,ATCNet,5,54,,,10,200,FM-Full_A-None_AdaBN-F
Lee2019_SSVEP,ShallowConvNet,1,4,1.0,1.0,40,100,FM-Full_A-None_AdaBN-F
Lee2019_SSVEP,ShallowConvNet,1,6,0.97,0.995,40,100,FM-Full_A-None_AdaBN-F
Lee2019_SSVEP,ShallowConvNet,1,13,0.825,0.93,40,100,FM-Full_A-None_AdaBN-F
Lee2019_SSVEP,ShallowConvNet,1,14,0.84,0.9,40,100,FM-Full_A-None_AdaBN-F
Lee2019_SSVEP,ShallowConvNet,1,18,0.985,0.995,40,100,FM-Full_A-None_AdaBN-F
Lee2019_SSVEP,ShallowConvNet,1,20,0.935,0.935,40,100,FM-Full_A-None_AdaBN-F
Lee2019_SSVEP,ShallowConvNet,1,33,0.91,0.945,40,100,FM-Full_A-None_AdaBN-F
Lee2019_SSVEP,ShallowConvNet,1,45,0.905,0.955,40,100,FM-Full_A-None_AdaBN-F
Lee2019_SSVEP,ShallowConvNet,1,49,0.96,0.985,40,100,FM-Full_A-None_AdaBN-F
Lee2019_SSVEP,ShallowConvNet,1,50,0.9,0.925,40,100,FM-Full_A-None_AdaBN-F
Lee2019_SSVEP,ShallowConvNet,1,53,0.99,0.985,40,100,FM-Full_A-None_AdaBN-F
Lee2019_SSVEP,ShallowConvNet,2,5,0.74,0.795,40,100,FM-Full_A-None_AdaBN-F
Lee2019_SSVEP,ShallowConvNet,2,7,0.99,0.995,40,100,FM-Full_A-None_AdaBN-F
Lee2019_SSVEP,ShallowConvNet,2,9,0.845,0.915,40,100,FM-Full_A-None_AdaBN-F
Lee2019_SSVEP,ShallowConvNet,2,16,0.96,0.985,40,100,FM-Full_A-None_AdaBN-F
Lee2019_SSVEP,ShallowConvNet,2,25,0.89,0.905,40,100,FM-Full_A-None_AdaBN-F
Lee2019_SSVEP,ShallowConvNet,2,27,0.975,0.99,40,100,FM-Full_A-None_AdaBN-F
Lee2019_SSVEP,ShallowConvNet,2,34,0.64,0.75,40,100,FM-Full_A-None_AdaBN-F
Lee2019_SSVEP,ShallowConvNet,2,35,0.77,0.89,40,100,FM-Full_A-None_AdaBN-F
Lee2019_SSVEP,ShallowConvNet,2,38,0.95,0.98,40,100,FM-Full_A-None_AdaBN-F
Lee2019_SSVEP,ShallowConvNet,2,46,0.905,0.96,40,100,FM-Full_A-None_AdaBN-F
Lee2019_SSVEP,ShallowConvNet,2,51,0.755,0.76,40,100,FM-Full_A-None_AdaBN-F
Lee2019_SSVEP,ShallowConvNet,3,1,0.93,0.91,40,100,FM-Full_A-None_AdaBN-F
Lee2019_SSVEP,ShallowConvNet,3,10,0.895,0.955,40,100,FM-Full_A-None_AdaBN-F
Lee2019_SSVEP,ShallowConvNet,3,12,0.955,0.955,40,100,FM-Full_A-None_AdaBN-F
Lee2019_SSVEP,ShallowConvNet,3,17,0.865,0.925,40,100,FM-Full_A-None_AdaBN-F
Lee2019_SSVEP,ShallowConvNet,3,26,0.945,0.98,40,100,FM-Full_A-None_AdaBN-F
Lee2019_SSVEP,ShallowConvNet,3,28,0.955,0.955,40,100,FM-Full_A-None_AdaBN-F
Lee2019_SSVEP,ShallowConvNet,3,31,0.995,0.995,40,100,FM-Full_A-None_AdaBN-F
Lee2019_SSVEP,ShallowConvNet,3,32,0.27,0.7,40,100,FM-Full_A-None_AdaBN-F
Lee2019_SSVEP,ShallowConvNet,3,37,0.985,0.985,40,100,FM-Full_A-None_AdaBN-F
Lee2019_SSVEP,ShallowConvNet,3,41,0.985,0.98,40,100,FM-Full_A-None_AdaBN-F
Lee2019_SSVEP,ShallowConvNet,3,48,0.99,0.99,40,100,FM-Full_A-None_AdaBN-F
Lee2019_SSVEP,ShallowConvNet,4,2,0.965,0.985,40,100,FM-Full_A-None_AdaBN-F
Lee2019_SSVEP,ShallowConvNet,4,3,0.83,0.91,40,100,FM-Full_A-None_AdaBN-F
Lee2019_SSVEP,ShallowConvNet,4,11,1.0,1.0,40,100,FM-Full_A-None_AdaBN-F
Lee2019_SSVEP,ShallowConvNet,4,22,0.66,0.75,40,100,FM-Full_A-None_AdaBN-F
Lee2019_SSVEP,ShallowConvNet,4,24,0.64,0.85,40,100,FM-Full_A-None_AdaBN-F
Lee2019_SSVEP,ShallowConvNet,4,30,0.945,0.975,40,100,FM-Full_A-None_AdaBN-F
Lee2019_SSVEP,ShallowConvNet,4,36,0.98,0.995,40,100,FM-Full_A-None_AdaBN-F
Lee2019_SSVEP,ShallowConvNet,4,40,0.765,0.855,40,100,FM-Full_A-None_AdaBN-F
Lee2019_SSVEP,ShallowConvNet,4,42,0.805,0.795,40,100,FM-Full_A-None_AdaBN-F
Lee2019_SSVEP,ShallowConvNet,4,44,0.985,1.0,40,100,FM-Full_A-None_AdaBN-F
Lee2019_SSVEP,ShallowConvNet,4,47,0.61,0.58,40,100,FM-Full_A-None_AdaBN-F
Lee2019_SSVEP,ShallowConvNet,5,8,0.87,0.895,40,100,FM-Full_A-None_AdaBN-F
Lee2019_SSVEP,ShallowConvNet,5,15,0.81,0.94,40,100,FM-Full_A-None_AdaBN-F
Lee2019_SSVEP,ShallowConvNet,5,19,0.7,0.81,40,100,FM-Full_A-None_AdaBN-F
Lee2019_SSVEP,ShallowConvNet,5,21,0.935,0.965,40,100,FM-Full_A-None_AdaBN-F
Lee2019_SSVEP,ShallowConvNet,5,23,0.325,0.46,40,100,FM-Full_A-None_AdaBN-F
Lee2019_SSVEP,ShallowConvNet,5,29,0.845,0.925,40,100,FM-Full_A-None_AdaBN-F
Lee2019_SSVEP,ShallowConvNet,5,39,0.94,0.96,40,100,FM-Full_A-None_AdaBN-F
Lee2019_SSVEP,ShallowConvNet,5,43,0.995,0.995,40,100,FM-Full_A-None_AdaBN-F
Lee2019_SSVEP,ShallowConvNet,5,52,0.905,0.955,40,100,FM-Full_A-None_AdaBN-F
Lee2019_SSVEP,ShallowConvNet,5,54,0.425,0.66,40,100,FM-Full_A-None_AdaBN-F
Kalunga2016,EEGNetv4,1,1,0.28125,0.296875,12,42,FM-Full_A-None_AdaBN-F
Kalunga2016,EEGNetv4,1,10,0.28125,0.3046875,12,42,FM-Full_A-None_AdaBN-F
Kalunga2016,EEGNetv4,1,11,0.265625,0.234375,12,42,FM-Full_A-None_AdaBN-F
Kalunga2016,EEGNetv4,2,3,0.375,0.359375,12,42,FM-Full_A-None_AdaBN-F
Kalunga2016,EEGNetv4,2,6,0.421875,0.34375,12,42,FM-Full_A-None_AdaBN-F
Kalunga2016,EEGNetv4,2,9,0.296875,0.375,12,42,FM-Full_A-None_AdaBN-F
Kalunga2016,EEGNetv4,3,2,0.390625,0.453125,12,42,FM-Full_A-None_AdaBN-F
Kalunga2016,EEGNetv4,3,12,0.3375,0.45625,12,42,FM-Full_A-None_AdaBN-F
Kalunga2016,EEGNetv4,4,5,0.15625,0.1875,12,42,FM-Full_A-None_AdaBN-F
Kalunga2016,EEGNetv4,4,8,0.265625,0.296875,12,42,FM-Full_A-None_AdaBN-F
Kalunga2016,EEGNetv4,5,4,0.359375,0.3125,12,42,FM-Full_A-None_AdaBN-F
Kalunga2016,EEGNetv4,5,7,0.4791666666666667,0.4583333333333333,12,42,FM-Full_A-None_AdaBN-F
Kalunga2016,EEGNetv4,1,1,,,12,42,FM-Full_A-None_AdaBN-F
Kalunga2016,EEGNetv4,1,10,,,12,42,FM-Full_A-None_AdaBN-F
Kalunga2016,EEGNetv4,1,11,,,12,42,FM-Full_A-None_AdaBN-F
Kalunga2016,EEGNetv4,2,3,,,12,42,FM-Full_A-None_AdaBN-F
Kalunga2016,EEGNetv4,2,6,,,12,42,FM-Full_A-None_AdaBN-F
Kalunga2016,EEGNetv4,2,9,,,12,42,FM-Full_A-None_AdaBN-F
Kalunga2016,EEGNetv4,3,2,,,12,42,FM-Full_A-None_AdaBN-F
Kalunga2016,EEGNetv4,3,12,,,12,42,FM-Full_A-None_AdaBN-F
Kalunga2016,EEGNetv4,4,5,,,12,42,FM-Full_A-None_AdaBN-F
Kalunga2016,EEGNetv4,4,8,,,12,42,FM-Full_A-None_AdaBN-F
Kalunga2016,EEGNetv4,5,4,,,12,42,FM-Full_A-None_AdaBN-F
Kalunga2016,EEGNetv4,5,7,,,12,42,FM-Full_A-None_AdaBN-F
BI2015a,ShallowConvNet,1,5,,,10,500,FM-Full_A-None_AdaBN-F
BI2015a,ShallowConvNet,1,9,,,10,500,FM-Full_A-None_AdaBN-F
BI2015a,ShallowConvNet,1,13,,,10,500,FM-Full_A-None_AdaBN-F
BI2015a,ShallowConvNet,1,25,,,10,500,FM-Full_A-None_AdaBN-F
BI2015a,ShallowConvNet,1,26,,,10,500,FM-Full_A-None_AdaBN-F
BI2015a,ShallowConvNet,1,35,,,10,500,FM-Full_A-None_AdaBN-F
BI2015a,ShallowConvNet,1,37,,,10,500,FM-Full_A-None_AdaBN-F
BI2015a,ShallowConvNet,1,38,,,10,500,FM-Full_A-None_AdaBN-F
BI2015a,ShallowConvNet,1,40,,,10,500,FM-Full_A-None_AdaBN-F
BI2015a,ShallowConvNet,2,4,,,10,500,FM-Full_A-None_AdaBN-F
BI2015a,ShallowConvNet,2,7,,,10,500,FM-Full_A-None_AdaBN-F
BI2015a,ShallowConvNet,2,14,,,10,500,FM-Full_A-None_AdaBN-F
BI2015a,ShallowConvNet,2,16,,,10,500,FM-Full_A-None_AdaBN-F
BI2015a,ShallowConvNet,2,18,,,10,500,FM-Full_A-None_AdaBN-F
BI2015a,ShallowConvNet,2,20,,,10,500,FM-Full_A-None_AdaBN-F
BI2015a,ShallowConvNet,2,28,,,10,500,FM-Full_A-None_AdaBN-F
BI2015a,ShallowConvNet,2,32,,,10,500,FM-Full_A-None_AdaBN-F
BI2015a,ShallowConvNet,2,41,,,10,500,FM-Full_A-None_AdaBN-F
BI2015a,ShallowConvNet,3,1,,,10,500,FM-Full_A-None_AdaBN-F
BI2015a,ShallowConvNet,3,6,,,10,500,FM-Full_A-None_AdaBN-F
BI2015a,ShallowConvNet,3,10,,,10,500,FM-Full_A-None_AdaBN-F
BI2015a,ShallowConvNet,3,12,,,10,500,FM-Full_A-None_AdaBN-F
BI2015a,ShallowConvNet,3,17,,,10,500,FM-Full_A-None_AdaBN-F
BI2015a,ShallowConvNet,3,27,,,10,500,FM-Full_A-None_AdaBN-F
BI2015a,ShallowConvNet,3,30,,,10,500,FM-Full_A-None_AdaBN-F
BI2015a,ShallowConvNet,3,31,,,10,500,FM-Full_A-None_AdaBN-F
BI2015a,ShallowConvNet,3,42,,,10,500,FM-Full_A-None_AdaBN-F
BI2015a,ShallowConvNet,4,2,,,10,500,FM-Full_A-None_AdaBN-F
BI2015a,ShallowConvNet,4,3,,,10,500,FM-Full_A-None_AdaBN-F
BI2015a,ShallowConvNet,4,22,,,10,500,FM-Full_A-None_AdaBN-F
BI2015a,ShallowConvNet,4,24,,,10,500,FM-Full_A-None_AdaBN-F
BI2015a,ShallowConvNet,4,33,,,10,500,FM-Full_A-None_AdaBN-F
BI2015a,ShallowConvNet,4,34,,,10,500,FM-Full_A-None_AdaBN-F
BI2015a,ShallowConvNet,4,36,,,10,500,FM-Full_A-None_AdaBN-F
BI2015a,ShallowConvNet,4,43,,,10,500,FM-Full_A-None_AdaBN-F
BI2015a,ShallowConvNet,5,8,,,10,500,FM-Full_A-None_AdaBN-F
BI2015a,ShallowConvNet,5,11,,,10,500,FM-Full_A-None_AdaBN-F
BI2015a,ShallowConvNet,5,15,,,10,500,FM-Full_A-None_AdaBN-F
BI2015a,ShallowConvNet,5,19,,,10,500,FM-Full_A-None_AdaBN-F
BI2015a,ShallowConvNet,5,21,,,10,500,FM-Full_A-None_AdaBN-F
BI2015a,ShallowConvNet,5,23,,,10,500,FM-Full_A-None_AdaBN-F
BI2015a,ShallowConvNet,5,29,,,10,500,FM-Full_A-None_AdaBN-F
BI2015a,ShallowConvNet,5,39,,,10,500,FM-Full_A-None_AdaBN-F
BI2015a,ShallowConvNet,1,5,0.8703703703703703,0.8914141414141414,10,500,FM-Full_A-None_AdaBN-F
BI2015a,ShallowConvNet,1,9,0.8423423423423423,0.8768768768768769,10,500,FM-Full_A-None_AdaBN-F
BI2015a,ShallowConvNet,1,13,0.8662280701754386,0.8983918128654971,10,500,FM-Full_A-None_AdaBN-F
BI2015a,ShallowConvNet,1,25,0.8338122605363985,0.8304597701149425,10,500,FM-Full_A-None_AdaBN-F
BI2015a,ShallowConvNet,1,26,0.8754480286738351,0.9050179211469536,10,500,FM-Full_A-None_AdaBN-F
BI2015a,ShallowConvNet,1,35,0.8285024154589372,0.8051529790660226,10,500,FM-Full_A-None_AdaBN-F
BI2015a,ShallowConvNet,1,37,0.7194444444444444,0.8003968253968254,10,500,FM-Full_A-None_AdaBN-F
BI2015a,ShallowConvNet,1,38,0.831081081081081,0.8618618618618619,10,500,FM-Full_A-None_AdaBN-F
BI2015a,ShallowConvNet,1,40,0.8374485596707819,0.8652263374485597,10,500,FM-Full_A-None_AdaBN-F
BI2015a,ShallowConvNet,2,4,0.8465277777777778,0.8944444444444445,10,500,FM-Full_A-None_AdaBN-F
BI2015a,ShallowConvNet,2,7,0.1666666666666666,0.8447712418300654,10,500,FM-Full_A-None_AdaBN-F
BI2015a,ShallowConvNet,2,14,0.8084045584045584,0.844017094017094,10,500,FM-Full_A-None_AdaBN-F
BI2015a,ShallowConvNet,2,16,0.8603174603174604,0.8722222222222222,10,500,FM-Full_A-None_AdaBN-F
BI2015a,ShallowConvNet,2,18,0.8271604938271605,0.8506172839506173,10,500,FM-Full_A-None_AdaBN-F
BI2015a,ShallowConvNet,2,20,0.8395061728395061,0.8623456790123457,10,500,FM-Full_A-None_AdaBN-F
BI2015a,ShallowConvNet,2,28,0.8388888888888889,0.8422222222222222,10,500,FM-Full_A-None_AdaBN-F
BI2015a,ShallowConvNet,2,32,0.8252688172043011,0.8700716845878136,10,500,FM-Full_A-None_AdaBN-F
BI2015a,ShallowConvNet,2,41,0.8296296296296296,0.8524691358024692,10,500,FM-Full_A-None_AdaBN-F
BI2015a,ShallowConvNet,3,1,0.7046004842615012,0.8317191283292978,10,500,FM-Full_A-None_AdaBN-F
BI2015a,ShallowConvNet,3,6,0.7828282828282829,0.8724747474747475,10,500,FM-Full_A-None_AdaBN-F
BI2015a,ShallowConvNet,3,10,0.8539426523297491,0.8844086021505376,10,500,FM-Full_A-None_AdaBN-F
BI2015a,ShallowConvNet,3,12,0.828853046594982,0.8418458781362007,10,500,FM-Full_A-None_AdaBN-F
BI2015a,ShallowConvNet,3,17,0.8314814814814815,0.8537037037037037,10,500,FM-Full_A-None_AdaBN-F
BI2015a,ShallowConvNet,3,27,0.8146976090014064,0.820675105485232,10,500,FM-Full_A-None_AdaBN-F
BI2015a,ShallowConvNet,3,30,0.8148148148148148,0.9053497942386832,10,500,FM-Full_A-None_AdaBN-F
BI2015a,ShallowConvNet,3,31,0.7092592592592593,0.8203703703703704,10,500,FM-Full_A-None_AdaBN-F
BI2015a,ShallowConvNet,3,42,0.8313840155945419,0.8362573099415205,10,500,FM-Full_A-None_AdaBN-F
BI2015a,ShallowConvNet,4,2,0.8412698412698413,0.8842592592592593,10,500,FM-Full_A-None_AdaBN-F
BI2015a,ShallowConvNet,4,3,0.8026819923371648,0.9090038314176244,10,500,FM-Full_A-None_AdaBN-F
BI2015a,ShallowConvNet,4,22,0.8415404040404041,0.8522727272727273,10,500,FM-Full_A-None_AdaBN-F
BI2015a,ShallowConvNet,4,24,0.8665123456790124,0.8973765432098766,10,500,FM-Full_A-None_AdaBN-F
BI2015a,ShallowConvNet,4,33,0.8458994708994709,0.8723544973544973,10,500,FM-Full_A-None_AdaBN-F
BI2015a,ShallowConvNet,4,34,0.8492063492063492,0.8650793650793651,10,500,FM-Full_A-None_AdaBN-F
BI2015a,ShallowConvNet,4,36,0.8305555555555556,0.8638888888888889,10,500,FM-Full_A-None_AdaBN-F
BI2015a,ShallowConvNet,4,43,0.896551724137931,0.9128352490421456,10,500,FM-Full_A-None_AdaBN-F
BI2015a,ShallowConvNet,5,8,0.8134920634920635,0.8650793650793651,10,500,FM-Full_A-None_AdaBN-F
BI2015a,ShallowConvNet,5,11,0.8256944444444444,0.8409722222222222,10,500,FM-Full_A-None_AdaBN-F
BI2015a,ShallowConvNet,5,15,0.8317460317460318,0.8642857142857143,10,500,FM-Full_A-None_AdaBN-F
BI2015a,ShallowConvNet,5,19,0.8355555555555556,0.8538888888888889,10,500,FM-Full_A-None_AdaBN-F
BI2015a,ShallowConvNet,5,21,0.8642857142857143,0.8857142857142857,10,500,FM-Full_A-None_AdaBN-F
BI2015a,ShallowConvNet,5,23,0.8135964912280702,0.8530701754385965,10,500,FM-Full_A-None_AdaBN-F
BI2015a,ShallowConvNet,5,29,0.8246187363834423,0.8366013071895425,10,500,FM-Full_A-None_AdaBN-F
BI2015a,ShallowConvNet,5,39,0.8327664399092971,0.8565759637188208,10,500,FM-Full_A-None_AdaBN-F
Lee2019_MI,ShallowConvNet,1,4,0.6,0.655,50,60,FM-Full_A-None_AdaBN-F
Lee2019_MI,ShallowConvNet,1,6,0.775,0.8,50,60,FM-Full_A-None_AdaBN-F
Lee2019_MI,ShallowConvNet,1,13,0.62,0.65,50,60,FM-Full_A-None_AdaBN-F
Lee2019_MI,ShallowConvNet,1,14,0.625,0.67,50,60,FM-Full_A-None_AdaBN-F
Lee2019_MI,ShallowConvNet,1,18,0.705,0.78,50,60,FM-Full_A-None_AdaBN-F
Lee2019_MI,ShallowConvNet,1,20,0.695,0.71,50,60,FM-Full_A-None_AdaBN-F
Lee2019_MI,ShallowConvNet,1,33,0.79,0.855,50,60,FM-Full_A-None_AdaBN-F
Lee2019_MI,ShallowConvNet,1,45,0.725,0.715,50,60,FM-Full_A-None_AdaBN-F
Lee2019_MI,ShallowConvNet,1,49,0.615,0.735,50,60,FM-Full_A-None_AdaBN-F
Lee2019_MI,ShallowConvNet,1,50,0.56,0.53,50,60,FM-Full_A-None_AdaBN-F
Lee2019_MI,ShallowConvNet,1,53,0.685,0.66,50,60,FM-Full_A-None_AdaBN-F
Lee2019_MI,ShallowConvNet,2,5,0.7,0.765,50,60,FM-Full_A-None_AdaBN-F
Lee2019_MI,ShallowConvNet,2,7,0.63,0.655,50,60,FM-Full_A-None_AdaBN-F
Lee2019_MI,ShallowConvNet,2,9,0.73,0.715,50,60,FM-Full_A-None_AdaBN-F
Lee2019_MI,ShallowConvNet,2,16,0.755,0.81,50,60,FM-Full_A-None_AdaBN-F
Lee2019_MI,ShallowConvNet,2,25,0.73,0.78,50,60,FM-Full_A-None_AdaBN-F
Lee2019_MI,ShallowConvNet,2,27,0.68,0.73,50,60,FM-Full_A-None_AdaBN-F
Lee2019_MI,ShallowConvNet,2,34,0.6,0.595,50,60,FM-Full_A-None_AdaBN-F
Lee2019_MI,ShallowConvNet,2,35,0.64,0.88,50,60,FM-Full_A-None_AdaBN-F
Lee2019_MI,ShallowConvNet,2,38,0.58,0.61,50,60,FM-Full_A-None_AdaBN-F
Lee2019_MI,ShallowConvNet,2,46,0.655,0.635,50,60,FM-Full_A-None_AdaBN-F
Lee2019_MI,ShallowConvNet,2,51,0.62,0.605,50,60,FM-Full_A-None_AdaBN-F
Lee2019_MI,ShallowConvNet,3,1,0.655,0.67,50,60,FM-Full_A-None_AdaBN-F
Lee2019_MI,ShallowConvNet,3,10,0.64,0.67,50,60,FM-Full_A-None_AdaBN-F
Lee2019_MI,ShallowConvNet,3,12,0.69,0.705,50,60,FM-Full_A-None_AdaBN-F
Lee2019_MI,ShallowConvNet,3,17,0.51,0.59,50,60,FM-Full_A-None_AdaBN-F
Lee2019_MI,ShallowConvNet,3,26,0.785,0.74,50,60,FM-Full_A-None_AdaBN-F
Lee2019_MI,ShallowConvNet,3,28,0.845,0.815,50,60,FM-Full_A-None_AdaBN-F
Lee2019_MI,ShallowConvNet,3,31,0.695,0.715,50,60,FM-Full_A-None_AdaBN-F
Lee2019_MI,ShallowConvNet,3,32,0.75,0.835,50,60,FM-Full_A-None_AdaBN-F
Lee2019_MI,ShallowConvNet,3,37,0.83,0.925,50,60,FM-Full_A-None_AdaBN-F
Lee2019_MI,ShallowConvNet,3,41,0.605,0.605,50,60,FM-Full_A-None_AdaBN-F
Lee2019_MI,ShallowConvNet,3,48,0.665,0.665,50,60,FM-Full_A-None_AdaBN-F
Lee2019_MI,ShallowConvNet,4,2,0.745,0.795,50,60,FM-Full_A-None_AdaBN-F
Lee2019_MI,ShallowConvNet,4,3,0.655,0.77,50,60,FM-Full_A-None_AdaBN-F
Lee2019_MI,ShallowConvNet,4,11,0.575,0.595,50,60,FM-Full_A-None_AdaBN-F
Lee2019_MI,ShallowConvNet,4,22,0.68,0.65,50,60,FM-Full_A-None_AdaBN-F
Lee2019_MI,ShallowConvNet,4,24,0.595,0.575,50,60,FM-Full_A-None_AdaBN-F
Lee2019_MI,ShallowConvNet,4,30,0.67,0.655,50,60,FM-Full_A-None_AdaBN-F
Lee2019_MI,ShallowConvNet,4,36,0.9,0.925,50,60,FM-Full_A-None_AdaBN-F
Lee2019_MI,ShallowConvNet,4,40,0.67,0.73,50,60,FM-Full_A-None_AdaBN-F
Lee2019_MI,ShallowConvNet,4,42,0.68,0.65,50,60,FM-Full_A-None_AdaBN-F
Lee2019_MI,ShallowConvNet,4,44,0.65,0.71,50,60,FM-Full_A-None_AdaBN-F
Lee2019_MI,ShallowConvNet,4,47,0.745,0.78,50,60,FM-Full_A-None_AdaBN-F
Lee2019_MI,ShallowConvNet,5,8,0.61,0.625,50,60,FM-Full_A-None_AdaBN-F
Lee2019_MI,ShallowConvNet,5,15,0.645,0.7,50,60,FM-Full_A-None_AdaBN-F
Lee2019_MI,ShallowConvNet,5,19,0.68,0.73,50,60,FM-Full_A-None_AdaBN-F
Lee2019_MI,ShallowConvNet,5,21,0.795,0.925,50,60,FM-Full_A-None_AdaBN-F
Lee2019_MI,ShallowConvNet,5,23,0.64,0.67,50,60,FM-Full_A-None_AdaBN-F
Lee2019_MI,ShallowConvNet,5,29,0.725,0.835,50,60,FM-Full_A-None_AdaBN-F
Lee2019_MI,ShallowConvNet,5,39,0.77,0.715,50,60,FM-Full_A-None_AdaBN-F
Lee2019_MI,ShallowConvNet,5,43,0.755,0.725,50,60,FM-Full_A-None_AdaBN-F
Lee2019_MI,ShallowConvNet,5,52,0.72,0.715,50,60,FM-Full_A-None_AdaBN-F
Lee2019_MI,ShallowConvNet,5,54,0.59,0.6,50,60,FM-Full_A-None_AdaBN-F
Lee2019_MI,ShallowConvNet,1,4,,,50,60,FM-Full_A-None_AdaBN-F
Lee2019_MI,ShallowConvNet,1,6,,,50,60,FM-Full_A-None_AdaBN-F
Lee2019_MI,ShallowConvNet,1,13,,,50,60,FM-Full_A-None_AdaBN-F
Lee2019_MI,ShallowConvNet,1,14,,,50,60,FM-Full_A-None_AdaBN-F
Lee2019_MI,ShallowConvNet,1,18,,,50,60,FM-Full_A-None_AdaBN-F
Lee2019_MI,ShallowConvNet,1,20,,,50,60,FM-Full_A-None_AdaBN-F
Lee2019_MI,ShallowConvNet,1,33,,,50,60,FM-Full_A-None_AdaBN-F
Lee2019_MI,ShallowConvNet,1,45,,,50,60,FM-Full_A-None_AdaBN-F
Lee2019_MI,ShallowConvNet,1,49,,,50,60,FM-Full_A-None_AdaBN-F
Lee2019_MI,ShallowConvNet,1,50,,,50,60,FM-Full_A-None_AdaBN-F
Lee2019_MI,ShallowConvNet,1,53,,,50,60,FM-Full_A-None_AdaBN-F
Lee2019_MI,ShallowConvNet,2,5,,,50,60,FM-Full_A-None_AdaBN-F
Lee2019_MI,ShallowConvNet,2,7,,,50,60,FM-Full_A-None_AdaBN-F
Lee2019_MI,ShallowConvNet,2,9,,,50,60,FM-Full_A-None_AdaBN-F
Lee2019_MI,ShallowConvNet,2,16,,,50,60,FM-Full_A-None_AdaBN-F
Lee2019_MI,ShallowConvNet,2,25,,,50,60,FM-Full_A-None_AdaBN-F
Lee2019_MI,ShallowConvNet,2,27,,,50,60,FM-Full_A-None_AdaBN-F
Lee2019_MI,ShallowConvNet,2,34,,,50,60,FM-Full_A-None_AdaBN-F
Lee2019_MI,ShallowConvNet,2,35,,,50,60,FM-Full_A-None_AdaBN-F
Lee2019_MI,ShallowConvNet,2,38,,,50,60,FM-Full_A-None_AdaBN-F
Lee2019_MI,ShallowConvNet,2,46,,,50,60,FM-Full_A-None_AdaBN-F
Lee2019_MI,ShallowConvNet,2,51,,,50,60,FM-Full_A-None_AdaBN-F
Lee2019_MI,ShallowConvNet,3,1,,,50,60,FM-Full_A-None_AdaBN-F
Lee2019_MI,ShallowConvNet,3,10,,,50,60,FM-Full_A-None_AdaBN-F
Lee2019_MI,ShallowConvNet,3,12,,,50,60,FM-Full_A-None_AdaBN-F
Lee2019_MI,ShallowConvNet,3,17,,,50,60,FM-Full_A-None_AdaBN-F
Lee2019_MI,ShallowConvNet,3,26,,,50,60,FM-Full_A-None_AdaBN-F
Lee2019_MI,ShallowConvNet,3,28,,,50,60,FM-Full_A-None_AdaBN-F
Lee2019_MI,ShallowConvNet,3,31,,,50,60,FM-Full_A-None_AdaBN-F
Lee2019_MI,ShallowConvNet,3,32,,,50,60,FM-Full_A-None_AdaBN-F
Lee2019_MI,ShallowConvNet,3,37,,,50,60,FM-Full_A-None_AdaBN-F
Lee2019_MI,ShallowConvNet,3,41,,,50,60,FM-Full_A-None_AdaBN-F
Lee2019_MI,ShallowConvNet,3,48,,,50,60,FM-Full_A-None_AdaBN-F
Lee2019_MI,ShallowConvNet,4,2,,,50,60,FM-Full_A-None_AdaBN-F
Lee2019_MI,ShallowConvNet,4,3,,,50,60,FM-Full_A-None_AdaBN-F
Lee2019_MI,ShallowConvNet,4,11,,,50,60,FM-Full_A-None_AdaBN-F
Lee2019_MI,ShallowConvNet,4,22,,,50,60,FM-Full_A-None_AdaBN-F
Lee2019_MI,ShallowConvNet,4,24,,,50,60,FM-Full_A-None_AdaBN-F
Lee2019_MI,ShallowConvNet,4,30,,,50,60,FM-Full_A-None_AdaBN-F
Lee2019_MI,ShallowConvNet,4,36,,,50,60,FM-Full_A-None_AdaBN-F
Lee2019_MI,ShallowConvNet,4,40,,,50,60,FM-Full_A-None_AdaBN-F
Lee2019_MI,ShallowConvNet,4,42,,,50,60,FM-Full_A-None_AdaBN-F
Lee2019_MI,ShallowConvNet,4,44,,,50,60,FM-Full_A-None_AdaBN-F
Lee2019_MI,ShallowConvNet,4,47,,,50,60,FM-Full_A-None_AdaBN-F
Lee2019_MI,ShallowConvNet,5,8,,,50,60,FM-Full_A-None_AdaBN-F
Lee2019_MI,ShallowConvNet,5,15,,,50,60,FM-Full_A-None_AdaBN-F
Lee2019_MI,ShallowConvNet,5,19,,,50,60,FM-Full_A-None_AdaBN-F
Lee2019_MI,ShallowConvNet,5,21,,,50,60,FM-Full_A-None_AdaBN-F
Lee2019_MI,ShallowConvNet,5,23,,,50,60,FM-Full_A-None_AdaBN-F
Lee2019_MI,ShallowConvNet,5,29,,,50,60,FM-Full_A-None_AdaBN-F
Lee2019_MI,ShallowConvNet,5,39,,,50,60,FM-Full_A-None_AdaBN-F
Lee2019_MI,ShallowConvNet,5,43,,,50,60,FM-Full_A-None_AdaBN-F
Lee2019_MI,ShallowConvNet,5,52,,,50,60,FM-Full_A-None_AdaBN-F
Lee2019_MI,ShallowConvNet,5,54,,,50,60,FM-Full_A-None_AdaBN-F
BI2015a,DeepConvNet,1,5,0.9107744107744108,0.9385521885521886,15,1000,FM-Full_A-None_AdaBN-F
BI2015a,DeepConvNet,1,9,0.8768768768768769,0.9009009009009008,15,1000,FM-Full_A-None_AdaBN-F
BI2015a,DeepConvNet,1,13,0.908625730994152,0.9451754385964912,15,1000,FM-Full_A-None_AdaBN-F
BI2015a,DeepConvNet,1,25,0.8386015325670498,0.8730842911877394,15,1000,FM-Full_A-None_AdaBN-F
BI2015a,DeepConvNet,1,26,0.9310035842293908,0.953405017921147,15,1000,FM-Full_A-None_AdaBN-F
BI2015a,DeepConvNet,1,35,0.8486312399355878,0.8409822866344605,15,1000,FM-Full_A-None_AdaBN-F
BI2015a,DeepConvNet,1,37,0.7892857142857143,0.8634920634920635,15,1000,FM-Full_A-None_AdaBN-F
BI2015a,DeepConvNet,1,38,0.8678678678678678,0.927927927927928,15,1000,FM-Full_A-None_AdaBN-F
BI2015a,DeepConvNet,1,40,0.8770576131687243,0.9233539094650206,15,1000,FM-Full_A-None_AdaBN-F
BI2015a,DeepConvNet,2,4,0.7069444444444445,0.9368055555555556,15,1000,FM-Full_A-None_AdaBN-F
BI2015a,DeepConvNet,2,7,0.7671568627450981,0.925653594771242,15,1000,FM-Full_A-None_AdaBN-F
BI2015a,DeepConvNet,2,14,0.655982905982906,0.8596866096866097,15,1000,FM-Full_A-None_AdaBN-F
BI2015a,DeepConvNet,2,16,0.9158730158730158,0.9436507936507936,15,1000,FM-Full_A-None_AdaBN-F
BI2015a,DeepConvNet,2,18,0.841358024691358,0.9074074074074074,15,1000,FM-Full_A-None_AdaBN-F
BI2015a,DeepConvNet,2,20,0.8993827160493827,0.9382716049382716,15,1000,FM-Full_A-None_AdaBN-F
BI2015a,DeepConvNet,2,28,0.8705555555555555,0.8922222222222222,15,1000,FM-Full_A-None_AdaBN-F
BI2015a,DeepConvNet,2,32,0.9014336917562724,0.931899641577061,15,1000,FM-Full_A-None_AdaBN-F
BI2015a,DeepConvNet,2,41,0.8203703703703704,0.9191358024691358,15,1000,FM-Full_A-None_AdaBN-F
BI2015a,DeepConvNet,3,1,0.8071025020177562,0.8579499596448749,15,1000,FM-Full_A-None_AdaBN-F
BI2015a,DeepConvNet,3,6,0.8358585858585859,0.9065656565656566,15,1000,FM-Full_A-None_AdaBN-F
BI2015a,DeepConvNet,3,10,0.8853046594982079,0.9336917562724014,15,1000,FM-Full_A-None_AdaBN-F
BI2015a,DeepConvNet,3,12,0.8418458781362007,0.8611111111111112,15,1000,FM-Full_A-None_AdaBN-F
BI2015a,DeepConvNet,3,17,0.8783950617283951,0.910493827160494,15,1000,FM-Full_A-None_AdaBN-F
BI2015a,DeepConvNet,3,27,0.8357946554149086,0.8614627285513361,15,1000,FM-Full_A-None_AdaBN-F
BI2015a,DeepConvNet,3,30,0.9218106995884774,0.9526748971193416,15,1000,FM-Full_A-None_AdaBN-F
BI2015a,DeepConvNet,3,31,0.8014814814814815,0.8477777777777777,15,1000,FM-Full_A-None_AdaBN-F
BI2015a,DeepConvNet,3,42,0.8596491228070176,0.8606237816764133,15,1000,FM-Full_A-None_AdaBN-F
BI2015a,DeepConvNet,4,2,0.8974867724867724,0.925925925925926,15,1000,FM-Full_A-None_AdaBN-F
BI2015a,DeepConvNet,4,3,0.8831417624521073,0.9511494252873564,15,1000,FM-Full_A-None_AdaBN-F
BI2015a,DeepConvNet,4,22,0.8718434343434344,0.9191919191919192,15,1000,FM-Full_A-None_AdaBN-F
BI2015a,DeepConvNet,4,24,0.908179012345679,0.9367283950617284,15,1000,FM-Full_A-None_AdaBN-F
BI2015a,DeepConvNet,4,33,0.8955026455026455,0.923941798941799,15,1000,FM-Full_A-None_AdaBN-F
BI2015a,DeepConvNet,4,34,0.8936507936507937,0.9253968253968254,15,1000,FM-Full_A-None_AdaBN-F
BI2015a,DeepConvNet,4,36,0.8930555555555556,0.9381944444444444,15,1000,FM-Full_A-None_AdaBN-F
BI2015a,DeepConvNet,4,43,0.92911877394636,0.9588122605363985,15,1000,FM-Full_A-None_AdaBN-F
BI2015a,DeepConvNet,5,8,0.8783068783068783,0.92989417989418,15,1000,FM-Full_A-None_AdaBN-F
BI2015a,DeepConvNet,5,11,0.8222222222222222,0.8951388888888889,15,1000,FM-Full_A-None_AdaBN-F
BI2015a,DeepConvNet,5,15,0.8849206349206349,0.923809523809524,15,1000,FM-Full_A-None_AdaBN-F
BI2015a,DeepConvNet,5,19,0.8811111111111111,0.8972222222222223,15,1000,FM-Full_A-None_AdaBN-F
BI2015a,DeepConvNet,5,21,0.9198412698412698,0.9396825396825396,15,1000,FM-Full_A-None_AdaBN-F
BI2015a,DeepConvNet,5,23,0.8728070175438597,0.8961988304093568,15,1000,FM-Full_A-None_AdaBN-F
BI2015a,DeepConvNet,5,29,0.8474945533769063,0.8801742919389978,15,1000,FM-Full_A-None_AdaBN-F
BI2015a,DeepConvNet,5,39,0.6944444444444444,0.8905895691609977,15,1000,FM-Full_A-None_AdaBN-F
Huebner2018,ATCNet,1,1,0.9261853070943344,0.9786399607815672,10,4200,FM-Full_A-None_AdaBN-F
Huebner2018,ATCNet,1,10,0.8787114845938375,0.9415966386554622,10,4200,FM-Full_A-None_AdaBN-F
Huebner2018,ATCNet,1,11,0.8210015473343649,0.9226332817555212,10,4200,FM-Full_A-None_AdaBN-F
Huebner2018,ATCNet,2,3,0.9463585434173668,0.9838935574229692,10,4200,FM-Full_A-None_AdaBN-F
Huebner2018,ATCNet,2,6,0.884593837535014,0.9832633053221288,10,4200,FM-Full_A-None_AdaBN-F
Huebner2018,ATCNet,2,9,0.8174942222844737,0.9551789340990264,10,4200,FM-Full_A-None_AdaBN-F
Huebner2018,ATCNet,3,2,0.9669467787114846,0.984873949579832,10,4200,FM-Full_A-None_AdaBN-F
Huebner2018,ATCNet,3,12,0.8413865546218487,0.93984593837535,10,4200,FM-Full_A-None_AdaBN-F
Huebner2018,ATCNet,4,5,0.8517584419223764,0.9391901359114474,10,4200,FM-Full_A-None_AdaBN-F
Huebner2018,ATCNet,4,8,0.8112745098039216,0.9353641456582632,10,4200,FM-Full_A-None_AdaBN-F
Huebner2018,ATCNet,5,4,0.92296918767507,0.963375350140056,10,4200,FM-Full_A-None_AdaBN-F
Huebner2018,ATCNet,5,7,0.855491734379378,0.9427010367049594,10,4200,FM-Full_A-None_AdaBN-F
Lee2019_MI,ATCNet,1,4,0.72,0.785,50,60,FM-Full_A-None_AdaBN-F
Lee2019_MI,ATCNet,1,6,0.715,0.77,50,60,FM-Full_A-None_AdaBN-F
Lee2019_MI,ATCNet,1,13,0.62,0.59,50,60,FM-Full_A-None_AdaBN-F
Lee2019_MI,ATCNet,1,14,0.61,0.675,50,60,FM-Full_A-None_AdaBN-F
Lee2019_MI,ATCNet,1,18,0.775,0.865,50,60,FM-Full_A-None_AdaBN-F
Lee2019_MI,ATCNet,1,20,0.735,0.765,50,60,FM-Full_A-None_AdaBN-F
Lee2019_MI,ATCNet,1,33,0.935,0.93,50,60,FM-Full_A-None_AdaBN-F
Lee2019_MI,ATCNet,1,45,0.765,0.845,50,60,FM-Full_A-None_AdaBN-F
Lee2019_MI,ATCNet,1,49,0.675,0.72,50,60,FM-Full_A-None_AdaBN-F
Lee2019_MI,ATCNet,1,50,0.525,0.63,50,60,FM-Full_A-None_AdaBN-F
Lee2019_MI,ATCNet,1,53,0.695,0.695,50,60,FM-Full_A-None_AdaBN-F
Lee2019_MI,ATCNet,2,5,0.78,0.83,50,60,FM-Full_A-None_AdaBN-F
Lee2019_MI,ATCNet,2,7,0.635,0.7,50,60,FM-Full_A-None_AdaBN-F
Lee2019_MI,ATCNet,2,9,0.82,0.79,50,60,FM-Full_A-None_AdaBN-F
Lee2019_MI,ATCNet,2,16,0.77,0.75,50,60,FM-Full_A-None_AdaBN-F
Lee2019_MI,ATCNet,2,25,0.715,0.835,50,60,FM-Full_A-None_AdaBN-F
Lee2019_MI,ATCNet,2,27,0.62,0.675,50,60,FM-Full_A-None_AdaBN-F
Lee2019_MI,ATCNet,2,34,0.525,0.615,50,60,FM-Full_A-None_AdaBN-F
Lee2019_MI,ATCNet,2,35,0.545,0.855,50,60,FM-Full_A-None_AdaBN-F
Lee2019_MI,ATCNet,2,38,0.615,0.565,50,60,FM-Full_A-None_AdaBN-F
Lee2019_MI,ATCNet,2,46,0.68,0.68,50,60,FM-Full_A-None_AdaBN-F
Lee2019_MI,ATCNet,2,51,0.645,0.64,50,60,FM-Full_A-None_AdaBN-F
Lee2019_MI,ATCNet,3,1,0.725,0.765,50,60,FM-Full_A-None_AdaBN-F
Lee2019_MI,ATCNet,3,10,0.68,0.7,50,60,FM-Full_A-None_AdaBN-F
Lee2019_MI,ATCNet,3,12,0.64,0.745,50,60,FM-Full_A-None_AdaBN-F
Lee2019_MI,ATCNet,3,17,0.585,0.665,50,60,FM-Full_A-None_AdaBN-F
Lee2019_MI,ATCNet,3,26,0.765,0.78,50,60,FM-Full_A-None_AdaBN-F
Lee2019_MI,ATCNet,3,28,0.86,0.92,50,60,FM-Full_A-None_AdaBN-F
Lee2019_MI,ATCNet,3,31,0.695,0.625,50,60,FM-Full_A-None_AdaBN-F
Lee2019_MI,ATCNet,3,32,0.955,0.96,50,60,FM-Full_A-None_AdaBN-F
Lee2019_MI,ATCNet,3,37,0.845,0.93,50,60,FM-Full_A-None_AdaBN-F
Lee2019_MI,ATCNet,3,41,0.53,0.56,50,60,FM-Full_A-None_AdaBN-F
Lee2019_MI,ATCNet,3,48,0.63,0.645,50,60,FM-Full_A-None_AdaBN-F
Lee2019_MI,ATCNet,4,2,0.65,0.655,50,60,FM-Full_A-None_AdaBN-F
Lee2019_MI,ATCNet,4,3,0.845,0.875,50,60,FM-Full_A-None_AdaBN-F
Lee2019_MI,ATCNet,4,11,0.515,0.535,50,60,FM-Full_A-None_AdaBN-F
Lee2019_MI,ATCNet,4,22,0.715,0.71,50,60,FM-Full_A-None_AdaBN-F
Lee2019_MI,ATCNet,4,24,0.6,0.62,50,60,FM-Full_A-None_AdaBN-F
Lee2019_MI,ATCNet,4,30,0.635,0.615,50,60,FM-Full_A-None_AdaBN-F
Lee2019_MI,ATCNet,4,36,0.985,0.985,50,60,FM-Full_A-None_AdaBN-F
Lee2019_MI,ATCNet,4,40,0.705,0.705,50,60,FM-Full_A-None_AdaBN-F
Lee2019_MI,ATCNet,4,42,0.575,0.665,50,60,FM-Full_A-None_AdaBN-F
Lee2019_MI,ATCNet,4,44,0.79,0.9,50,60,FM-Full_A-None_AdaBN-F
Lee2019_MI,ATCNet,4,47,0.775,0.745,50,60,FM-Full_A-None_AdaBN-F
Lee2019_MI,ATCNet,5,8,0.715,0.745,50,60,FM-Full_A-None_AdaBN-F
Lee2019_MI,ATCNet,5,15,0.735,0.78,50,60,FM-Full_A-None_AdaBN-F
Lee2019_MI,ATCNet,5,19,0.735,0.755,50,60,FM-Full_A-None_AdaBN-F
Lee2019_MI,ATCNet,5,21,0.83,0.935,50,60,FM-Full_A-None_AdaBN-F
Lee2019_MI,ATCNet,5,23,0.805,0.845,50,60,FM-Full_A-None_AdaBN-F
Lee2019_MI,ATCNet,5,29,0.765,0.83,50,60,FM-Full_A-None_AdaBN-F
Lee2019_MI,ATCNet,5,39,0.79,0.77,50,60,FM-Full_A-None_AdaBN-F
Lee2019_MI,ATCNet,5,43,0.69,0.815,50,60,FM-Full_A-None_AdaBN-F
Lee2019_MI,ATCNet,5,52,0.66,0.715,50,60,FM-Full_A-None_AdaBN-F
Lee2019_MI,ATCNet,5,54,0.57,0.625,50,60,FM-Full_A-None_AdaBN-F
Lee2019_MI,EEGNetv4,1,4,0.685,0.7,50,120,FM-Full_A-None_AdaBN-F
Lee2019_MI,EEGNetv4,1,6,0.805,0.87,50,120,FM-Full_A-None_AdaBN-F
Lee2019_MI,EEGNetv4,1,13,0.7,0.695,50,120,FM-Full_A-None_AdaBN-F
Lee2019_MI,EEGNetv4,1,14,0.61,0.59,50,120,FM-Full_A-None_AdaBN-F
Lee2019_MI,EEGNetv4,1,18,0.82,0.885,50,120,FM-Full_A-None_AdaBN-F
Lee2019_MI,EEGNetv4,1,20,0.825,0.775,50,120,FM-Full_A-None_AdaBN-F
Lee2019_MI,EEGNetv4,1,33,0.865,0.895,50,120,FM-Full_A-None_AdaBN-F
Lee2019_MI,EEGNetv4,1,45,0.82,0.845,50,120,FM-Full_A-None_AdaBN-F
Lee2019_MI,EEGNetv4,1,49,0.695,0.845,50,120,FM-Full_A-None_AdaBN-F
Lee2019_MI,EEGNetv4,1,50,0.565,0.6,50,120,FM-Full_A-None_AdaBN-F
Lee2019_MI,EEGNetv4,1,53,0.775,0.825,50,120,FM-Full_A-None_AdaBN-F
Lee2019_MI,EEGNetv4,2,5,0.685,0.79,50,120,FM-Full_A-None_AdaBN-F
Lee2019_MI,EEGNetv4,2,7,0.72,0.72,50,120,FM-Full_A-None_AdaBN-F
Lee2019_MI,EEGNetv4,2,9,0.765,0.785,50,120,FM-Full_A-None_AdaBN-F
Lee2019_MI,EEGNetv4,2,16,0.79,0.82,50,120,FM-Full_A-None_AdaBN-F
Lee2019_MI,EEGNetv4,2,25,0.83,0.87,50,120,FM-Full_A-None_AdaBN-F
Lee2019_MI,EEGNetv4,2,27,0.905,0.92,50,120,FM-Full_A-None_AdaBN-F
Lee2019_MI,EEGNetv4,2,34,0.605,0.665,50,120,FM-Full_A-None_AdaBN-F
Lee2019_MI,EEGNetv4,2,35,0.745,0.92,50,120,FM-Full_A-None_AdaBN-F
Lee2019_MI,EEGNetv4,2,38,0.67,0.745,50,120,FM-Full_A-None_AdaBN-F
Lee2019_MI,EEGNetv4,2,46,0.61,0.61,50,120,FM-Full_A-None_AdaBN-F
Lee2019_MI,EEGNetv4,2,51,0.73,0.74,50,120,FM-Full_A-None_AdaBN-F
Lee2019_MI,EEGNetv4,4,2,0.73,0.715,50,120,FM-Full_A-None_AdaBN-F
Lee2019_MI,EEGNetv4,4,3,0.83,0.87,50,120,FM-Full_A-None_AdaBN-F
Lee2019_MI,EEGNetv4,4,11,0.61,0.695,50,120,FM-Full_A-None_AdaBN-F
Lee2019_MI,EEGNetv4,4,22,0.71,0.685,50,120,FM-Full_A-None_AdaBN-F
Lee2019_MI,EEGNetv4,4,24,0.68,0.755,50,120,FM-Full_A-None_AdaBN-F
Lee2019_MI,EEGNetv4,4,30,0.73,0.755,50,120,FM-Full_A-None_AdaBN-F
Lee2019_MI,EEGNetv4,4,36,0.96,0.975,50,120,FM-Full_A-None_AdaBN-F
Lee2019_MI,EEGNetv4,4,40,0.665,0.82,50,120,FM-Full_A-None_AdaBN-F
Lee2019_MI,EEGNetv4,4,42,0.7,0.69,50,120,FM-Full_A-None_AdaBN-F
Lee2019_MI,EEGNetv4,4,44,0.77,0.835,50,120,FM-Full_A-None_AdaBN-F
Lee2019_MI,EEGNetv4,4,47,0.8,0.765,50,120,FM-Full_A-None_AdaBN-F
Lee2019_MI,EEGNetv4,5,8,0.755,0.75,50,120,FM-Full_A-None_AdaBN-F
Lee2019_MI,EEGNetv4,5,15,0.79,0.83,50,120,FM-Full_A-None_AdaBN-F
Lee2019_MI,EEGNetv4,5,19,0.72,0.775,50,120,FM-Full_A-None_AdaBN-F
Lee2019_MI,EEGNetv4,5,21,0.925,0.94,50,120,FM-Full_A-None_AdaBN-F
Lee2019_MI,EEGNetv4,5,23,0.77,0.76,50,120,FM-Full_A-None_AdaBN-F
Lee2019_MI,EEGNetv4,5,29,0.715,0.795,50,120,FM-Full_A-None_AdaBN-F
Lee2019_MI,EEGNetv4,5,39,0.755,0.765,50,120,FM-Full_A-None_AdaBN-F
Lee2019_MI,EEGNetv4,5,43,0.845,0.835,50,120,FM-Full_A-None_AdaBN-F
Lee2019_MI,EEGNetv4,5,52,0.77,0.82,50,120,FM-Full_A-None_AdaBN-F
Lee2019_MI,EEGNetv4,5,54,0.71,0.695,50,120,FM-Full_A-None_AdaBN-F
Lee2019_MI,EEGNetv4,1,4,,,50,120,FM-Full_A-None_AdaBN-F
Lee2019_MI,EEGNetv4,1,6,,,50,120,FM-Full_A-None_AdaBN-F
Lee2019_MI,EEGNetv4,1,13,,,50,120,FM-Full_A-None_AdaBN-F
Lee2019_MI,EEGNetv4,1,14,,,50,120,FM-Full_A-None_AdaBN-F
Lee2019_MI,EEGNetv4,1,18,,,50,120,FM-Full_A-None_AdaBN-F
Lee2019_MI,EEGNetv4,1,20,,,50,120,FM-Full_A-None_AdaBN-F
Lee2019_MI,EEGNetv4,1,33,,,50,120,FM-Full_A-None_AdaBN-F
Lee2019_MI,EEGNetv4,1,45,,,50,120,FM-Full_A-None_AdaBN-F
Lee2019_MI,EEGNetv4,1,49,,,50,120,FM-Full_A-None_AdaBN-F
Lee2019_MI,EEGNetv4,1,50,,,50,120,FM-Full_A-None_AdaBN-F
Lee2019_MI,EEGNetv4,1,53,,,50,120,FM-Full_A-None_AdaBN-F
Lee2019_MI,EEGNetv4,2,5,,,50,120,FM-Full_A-None_AdaBN-F
Lee2019_MI,EEGNetv4,2,7,,,50,120,FM-Full_A-None_AdaBN-F
Lee2019_MI,EEGNetv4,2,9,,,50,120,FM-Full_A-None_AdaBN-F
Lee2019_MI,EEGNetv4,2,16,,,50,120,FM-Full_A-None_AdaBN-F
Lee2019_MI,EEGNetv4,2,25,,,50,120,FM-Full_A-None_AdaBN-F
Lee2019_MI,EEGNetv4,2,27,,,50,120,FM-Full_A-None_AdaBN-F
Lee2019_MI,EEGNetv4,2,34,,,50,120,FM-Full_A-None_AdaBN-F
Lee2019_MI,EEGNetv4,2,35,,,50,120,FM-Full_A-None_AdaBN-F
Lee2019_MI,EEGNetv4,2,38,,,50,120,FM-Full_A-None_AdaBN-F
Lee2019_MI,EEGNetv4,2,46,,,50,120,FM-Full_A-None_AdaBN-F
Lee2019_MI,EEGNetv4,2,51,,,50,120,FM-Full_A-None_AdaBN-F
Lee2019_MI,EEGNetv4,3,1,,,50,120,FM-Full_A-None_AdaBN-F
Lee2019_MI,EEGNetv4,3,10,,,50,120,FM-Full_A-None_AdaBN-F
Lee2019_MI,EEGNetv4,3,12,,,50,120,FM-Full_A-None_AdaBN-F
Lee2019_MI,EEGNetv4,3,17,,,50,120,FM-Full_A-None_AdaBN-F
Lee2019_MI,EEGNetv4,3,26,,,50,120,FM-Full_A-None_AdaBN-F
Lee2019_MI,EEGNetv4,3,28,,,50,120,FM-Full_A-None_AdaBN-F
Lee2019_MI,EEGNetv4,3,31,,,50,120,FM-Full_A-None_AdaBN-F
Lee2019_MI,EEGNetv4,3,32,,,50,120,FM-Full_A-None_AdaBN-F
Lee2019_MI,EEGNetv4,3,37,,,50,120,FM-Full_A-None_AdaBN-F
Lee2019_MI,EEGNetv4,3,41,,,50,120,FM-Full_A-None_AdaBN-F
Lee2019_MI,EEGNetv4,3,48,,,50,120,FM-Full_A-None_AdaBN-F
Lee2019_MI,EEGNetv4,4,2,,,50,120,FM-Full_A-None_AdaBN-F
Lee2019_MI,EEGNetv4,4,3,,,50,120,FM-Full_A-None_AdaBN-F
Lee2019_MI,EEGNetv4,4,11,,,50,120,FM-Full_A-None_AdaBN-F
Lee2019_MI,EEGNetv4,4,22,,,50,120,FM-Full_A-None_AdaBN-F
Lee2019_MI,EEGNetv4,4,24,,,50,120,FM-Full_A-None_AdaBN-F
Lee2019_MI,EEGNetv4,4,30,,,50,120,FM-Full_A-None_AdaBN-F
Lee2019_MI,EEGNetv4,4,36,,,50,120,FM-Full_A-None_AdaBN-F
Lee2019_MI,EEGNetv4,4,40,,,50,120,FM-Full_A-None_AdaBN-F
Lee2019_MI,EEGNetv4,4,42,,,50,120,FM-Full_A-None_AdaBN-F
Lee2019_MI,EEGNetv4,4,44,,,50,120,FM-Full_A-None_AdaBN-F
Lee2019_MI,EEGNetv4,4,47,,,50,120,FM-Full_A-None_AdaBN-F
Lee2019_MI,EEGNetv4,5,8,,,50,120,FM-Full_A-None_AdaBN-F
Lee2019_MI,EEGNetv4,5,15,,,50,120,FM-Full_A-None_AdaBN-F
Lee2019_MI,EEGNetv4,5,19,,,50,120,FM-Full_A-None_AdaBN-F
Lee2019_MI,EEGNetv4,5,21,,,50,120,FM-Full_A-None_AdaBN-F
Lee2019_MI,EEGNetv4,5,23,,,50,120,FM-Full_A-None_AdaBN-F
Lee2019_MI,EEGNetv4,5,29,,,50,120,FM-Full_A-None_AdaBN-F
Lee2019_MI,EEGNetv4,5,39,,,50,120,FM-Full_A-None_AdaBN-F
Lee2019_MI,EEGNetv4,5,43,,,50,120,FM-Full_A-None_AdaBN-F
Lee2019_MI,EEGNetv4,5,52,,,50,120,FM-Full_A-None_AdaBN-F
Lee2019_MI,EEGNetv4,5,54,,,50,120,FM-Full_A-None_AdaBN-F
Huebner2018,ATCNet,1,1,0.9347293227817074,0.9796204215981512,6,7000,FM-Full_A-None_AdaBN-F
Huebner2018,ATCNet,1,10,0.8856442577030812,0.9407563025210084,6,7000,FM-Full_A-None_AdaBN-F
Huebner2018,ATCNet,1,11,0.8314108876072585,0.9222816148544098,6,7000,FM-Full_A-None_AdaBN-F
Huebner2018,ATCNet,2,3,0.9383053221288516,0.9830532212885154,6,7000,FM-Full_A-None_AdaBN-F
Huebner2018,ATCNet,2,6,0.8403361344537815,0.9822128851540616,6,7000,FM-Full_A-None_AdaBN-F
Huebner2018,ATCNet,2,9,0.7927025702079977,0.955038868268086,6,7000,FM-Full_A-None_AdaBN-F
Huebner2018,ATCNet,3,2,0.961624649859944,0.98515406162465,6,7000,FM-Full_A-None_AdaBN-F
Huebner2018,ATCNet,3,12,0.8485294117647059,0.9394257703081232,6,7000,FM-Full_A-None_AdaBN-F
Huebner2018,ATCNet,4,5,0.8385876418663304,0.9349166316379433,6,7000,FM-Full_A-None_AdaBN-F
Huebner2018,ATCNet,4,8,0.7873949579831933,0.9322128851540616,6,7000,FM-Full_A-None_AdaBN-F
Huebner2018,ATCNet,5,4,0.9169467787114846,0.9619747899159664,6,7000,FM-Full_A-None_AdaBN-F
Huebner2018,ATCNet,5,7,0.8790977864948165,0.9438918464555898,6,7000,FM-Full_A-None_AdaBN-F
Lee2019_MI,ShallowConvNet,1,4,0.655,0.68,50,120,FM-Full_A-None_AdaBN-F
Lee2019_MI,ShallowConvNet,1,6,0.8,0.85,50,120,FM-Full_A-None_AdaBN-F
Lee2019_MI,ShallowConvNet,1,13,0.725,0.685,50,120,FM-Full_A-None_AdaBN-F
Lee2019_MI,ShallowConvNet,1,14,0.63,0.69,50,120,FM-Full_A-None_AdaBN-F
Lee2019_MI,ShallowConvNet,1,18,0.775,0.865,50,120,FM-Full_A-None_AdaBN-F
Lee2019_MI,ShallowConvNet,1,20,0.775,0.765,50,120,FM-Full_A-None_AdaBN-F
Lee2019_MI,ShallowConvNet,1,33,0.9,0.92,50,120,FM-Full_A-None_AdaBN-F
Lee2019_MI,ShallowConvNet,1,45,0.755,0.805,50,120,FM-Full_A-None_AdaBN-F
Lee2019_MI,ShallowConvNet,1,49,0.72,0.855,50,120,FM-Full_A-None_AdaBN-F
Lee2019_MI,ShallowConvNet,1,50,0.525,0.53,50,120,FM-Full_A-None_AdaBN-F
Lee2019_MI,ShallowConvNet,1,53,0.75,0.725,50,120,FM-Full_A-None_AdaBN-F
Lee2019_MI,ShallowConvNet,2,5,0.805,0.82,50,120,FM-Full_A-None_AdaBN-F
Lee2019_MI,ShallowConvNet,2,7,0.66,0.73,50,120,FM-Full_A-None_AdaBN-F
Lee2019_MI,ShallowConvNet,2,9,0.795,0.75,50,120,FM-Full_A-None_AdaBN-F
Lee2019_MI,ShallowConvNet,2,16,0.795,0.835,50,120,FM-Full_A-None_AdaBN-F
Lee2019_MI,ShallowConvNet,2,25,0.845,0.855,50,120,FM-Full_A-None_AdaBN-F
Lee2019_MI,ShallowConvNet,2,27,0.825,0.84,50,120,FM-Full_A-None_AdaBN-F
Lee2019_MI,ShallowConvNet,2,34,0.58,0.61,50,120,FM-Full_A-None_AdaBN-F
Lee2019_MI,ShallowConvNet,2,35,0.86,0.925,50,120,FM-Full_A-None_AdaBN-F
Lee2019_MI,ShallowConvNet,2,38,0.645,0.675,50,120,FM-Full_A-None_AdaBN-F
Lee2019_MI,ShallowConvNet,2,46,0.695,0.68,50,120,FM-Full_A-None_AdaBN-F
Lee2019_MI,ShallowConvNet,2,51,0.65,0.62,50,120,FM-Full_A-None_AdaBN-F
Lee2019_MI,ShallowConvNet,3,1,0.75,0.725,50,120,FM-Full_A-None_AdaBN-F
Lee2019_MI,ShallowConvNet,3,10,0.65,0.67,50,120,FM-Full_A-None_AdaBN-F
Lee2019_MI,ShallowConvNet,3,12,0.77,0.78,50,120,FM-Full_A-None_AdaBN-F
Lee2019_MI,ShallowConvNet,3,17,0.605,0.64,50,120,FM-Full_A-None_AdaBN-F
Lee2019_MI,ShallowConvNet,3,26,0.85,0.795,50,120,FM-Full_A-None_AdaBN-F
Lee2019_MI,ShallowConvNet,3,28,0.855,0.925,50,120,FM-Full_A-None_AdaBN-F
Lee2019_MI,ShallowConvNet,3,31,0.725,0.735,50,120,FM-Full_A-None_AdaBN-F
Lee2019_MI,ShallowConvNet,3,32,0.84,0.87,50,120,FM-Full_A-None_AdaBN-F
Lee2019_MI,ShallowConvNet,3,37,0.84,0.915,50,120,FM-Full_A-None_AdaBN-F
Lee2019_MI,ShallowConvNet,3,41,0.72,0.69,50,120,FM-Full_A-None_AdaBN-F
Lee2019_MI,ShallowConvNet,3,48,0.625,0.685,50,120,FM-Full_A-None_AdaBN-F
Lee2019_MI,ShallowConvNet,4,2,0.725,0.76,50,120,FM-Full_A-None_AdaBN-F
Lee2019_MI,ShallowConvNet,4,3,0.785,0.805,50,120,FM-Full_A-None_AdaBN-F
Lee2019_MI,ShallowConvNet,4,11,0.675,0.645,50,120,FM-Full_A-None_AdaBN-F
Lee2019_MI,ShallowConvNet,4,22,0.64,0.655,50,120,FM-Full_A-None_AdaBN-F
Lee2019_MI,ShallowConvNet,4,24,0.6,0.65,50,120,FM-Full_A-None_AdaBN-F
Lee2019_MI,ShallowConvNet,4,30,0.715,0.75,50,120,FM-Full_A-None_AdaBN-F
Lee2019_MI,ShallowConvNet,4,36,0.965,0.97,50,120,FM-Full_A-None_AdaBN-F
Lee2019_MI,ShallowConvNet,4,40,0.735,0.72,50,120,FM-Full_A-None_AdaBN-F
Lee2019_MI,ShallowConvNet,4,42,0.715,0.7,50,120,FM-Full_A-None_AdaBN-F
Lee2019_MI,ShallowConvNet,4,44,0.705,0.835,50,120,FM-Full_A-None_AdaBN-F
Lee2019_MI,ShallowConvNet,4,47,0.825,0.785,50,120,FM-Full_A-None_AdaBN-F
Lee2019_MI,ShallowConvNet,5,8,0.71,0.705,50,120,FM-Full_A-None_AdaBN-F
Lee2019_MI,ShallowConvNet,5,15,0.67,0.79,50,120,FM-Full_A-None_AdaBN-F
Lee2019_MI,ShallowConvNet,5,19,0.795,0.795,50,120,FM-Full_A-None_AdaBN-F
Lee2019_MI,ShallowConvNet,5,21,0.9,0.975,50,120,FM-Full_A-None_AdaBN-F
Lee2019_MI,ShallowConvNet,5,23,0.785,0.78,50,120,FM-Full_A-None_AdaBN-F
Lee2019_MI,ShallowConvNet,5,29,0.625,0.85,50,120,FM-Full_A-None_AdaBN-F
Lee2019_MI,ShallowConvNet,5,39,0.77,0.8,50,120,FM-Full_A-None_AdaBN-F
Lee2019_MI,ShallowConvNet,5,43,0.82,0.84,50,120,FM-Full_A-None_AdaBN-F
Lee2019_MI,ShallowConvNet,5,52,0.77,0.795,50,120,FM-Full_A-None_AdaBN-F
Lee2019_MI,ShallowConvNet,5,54,0.715,0.69,50,120,FM-Full_A-None_AdaBN-F
Lee2019_MI,ShallowConvNet,1,4,,,50,120,FM-Full_A-None_AdaBN-F
Lee2019_MI,ShallowConvNet,1,6,,,50,120,FM-Full_A-None_AdaBN-F
Lee2019_MI,ShallowConvNet,1,13,,,50,120,FM-Full_A-None_AdaBN-F
Lee2019_MI,ShallowConvNet,1,14,,,50,120,FM-Full_A-None_AdaBN-F
Lee2019_MI,ShallowConvNet,1,18,,,50,120,FM-Full_A-None_AdaBN-F
Lee2019_MI,ShallowConvNet,1,20,,,50,120,FM-Full_A-None_AdaBN-F
Lee2019_MI,ShallowConvNet,1,33,,,50,120,FM-Full_A-None_AdaBN-F
Lee2019_MI,ShallowConvNet,1,45,,,50,120,FM-Full_A-None_AdaBN-F
Lee2019_MI,ShallowConvNet,1,49,,,50,120,FM-Full_A-None_AdaBN-F
Lee2019_MI,ShallowConvNet,1,50,,,50,120,FM-Full_A-None_AdaBN-F
Lee2019_MI,ShallowConvNet,1,53,,,50,120,FM-Full_A-None_AdaBN-F
Lee2019_MI,ShallowConvNet,2,5,,,50,120,FM-Full_A-None_AdaBN-F
Lee2019_MI,ShallowConvNet,2,7,,,50,120,FM-Full_A-None_AdaBN-F
Lee2019_MI,ShallowConvNet,2,9,,,50,120,FM-Full_A-None_AdaBN-F
Lee2019_MI,ShallowConvNet,2,16,,,50,120,FM-Full_A-None_AdaBN-F
Lee2019_MI,ShallowConvNet,2,25,,,50,120,FM-Full_A-None_AdaBN-F
Lee2019_MI,ShallowConvNet,2,27,,,50,120,FM-Full_A-None_AdaBN-F
Lee2019_MI,ShallowConvNet,2,34,,,50,120,FM-Full_A-None_AdaBN-F
Lee2019_MI,ShallowConvNet,2,35,,,50,120,FM-Full_A-None_AdaBN-F
Lee2019_MI,ShallowConvNet,2,38,,,50,120,FM-Full_A-None_AdaBN-F
Lee2019_MI,ShallowConvNet,2,46,,,50,120,FM-Full_A-None_AdaBN-F
Lee2019_MI,ShallowConvNet,2,51,,,50,120,FM-Full_A-None_AdaBN-F
Lee2019_MI,ShallowConvNet,3,1,,,50,120,FM-Full_A-None_AdaBN-F
Lee2019_MI,ShallowConvNet,3,10,,,50,120,FM-Full_A-None_AdaBN-F
Lee2019_MI,ShallowConvNet,3,12,,,50,120,FM-Full_A-None_AdaBN-F
Lee2019_MI,ShallowConvNet,3,17,,,50,120,FM-Full_A-None_AdaBN-F
Lee2019_MI,ShallowConvNet,3,26,,,50,120,FM-Full_A-None_AdaBN-F
Lee2019_MI,ShallowConvNet,3,28,,,50,120,FM-Full_A-None_AdaBN-F
Lee2019_MI,ShallowConvNet,3,31,,,50,120,FM-Full_A-None_AdaBN-F
Lee2019_MI,ShallowConvNet,3,32,,,50,120,FM-Full_A-None_AdaBN-F
Lee2019_MI,ShallowConvNet,3,37,,,50,120,FM-Full_A-None_AdaBN-F
Lee2019_MI,ShallowConvNet,3,41,,,50,120,FM-Full_A-None_AdaBN-F
Lee2019_MI,ShallowConvNet,3,48,,,50,120,FM-Full_A-None_AdaBN-F
Lee2019_MI,ShallowConvNet,4,2,,,50,120,FM-Full_A-None_AdaBN-F
Lee2019_MI,ShallowConvNet,4,3,,,50,120,FM-Full_A-None_AdaBN-F
Lee2019_MI,ShallowConvNet,4,11,,,50,120,FM-Full_A-None_AdaBN-F
Lee2019_MI,ShallowConvNet,4,22,,,50,120,FM-Full_A-None_AdaBN-F
Lee2019_MI,ShallowConvNet,4,24,,,50,120,FM-Full_A-None_AdaBN-F
Lee2019_MI,ShallowConvNet,4,30,,,50,120,FM-Full_A-None_AdaBN-F
Lee2019_MI,ShallowConvNet,4,36,,,50,120,FM-Full_A-None_AdaBN-F
Lee2019_MI,ShallowConvNet,4,40,,,50,120,FM-Full_A-None_AdaBN-F
Lee2019_MI,ShallowConvNet,4,42,,,50,120,FM-Full_A-None_AdaBN-F
Lee2019_MI,ShallowConvNet,4,44,,,50,120,FM-Full_A-None_AdaBN-F
Lee2019_MI,ShallowConvNet,4,47,,,50,120,FM-Full_A-None_AdaBN-F
Lee2019_MI,ShallowConvNet,5,8,,,50,120,FM-Full_A-None_AdaBN-F
Lee2019_MI,ShallowConvNet,5,15,,,50,120,FM-Full_A-None_AdaBN-F
Lee2019_MI,ShallowConvNet,5,19,,,50,120,FM-Full_A-None_AdaBN-F
Lee2019_MI,ShallowConvNet,5,21,,,50,120,FM-Full_A-None_AdaBN-F
Lee2019_MI,ShallowConvNet,5,23,,,50,120,FM-Full_A-None_AdaBN-F
Lee2019_MI,ShallowConvNet,5,29,,,50,120,FM-Full_A-None_AdaBN-F
Lee2019_MI,ShallowConvNet,5,39,,,50,120,FM-Full_A-None_AdaBN-F
Lee2019_MI,ShallowConvNet,5,43,,,50,120,FM-Full_A-None_AdaBN-F
Lee2019_MI,ShallowConvNet,5,52,,,50,120,FM-Full_A-None_AdaBN-F
Lee2019_MI,ShallowConvNet,5,54,,,50,120,FM-Full_A-None_AdaBN-F
Yang2025,ShallowConvNet,1,4,0.605,0.5616666666666666,30,150,FM-Full_A-None_AdaBN-F
Yang2025,ShallowConvNet,1,13,0.7433333333333333,0.7833333333333333,30,150,FM-Full_A-None_AdaBN-F
Yang2025,ShallowConvNet,1,14,0.5516666666666666,0.565,30,150,FM-Full_A-None_AdaBN-F
Yang2025,ShallowConvNet,1,18,0.6783333333333333,0.6816666666666666,30,150,FM-Full_A-None_AdaBN-F
Yang2025,ShallowConvNet,1,25,0.8816666666666667,0.9216666666666666,30,150,FM-Full_A-None_AdaBN-F
Yang2025,ShallowConvNet,1,31,0.675,0.7516666666666667,30,150,FM-Full_A-None_AdaBN-F
Yang2025,ShallowConvNet,1,32,0.5242070116861436,0.5993322203672788,30,150,FM-Full_A-None_AdaBN-F
Yang2025,ShallowConvNet,1,33,0.8233333333333334,0.9283333333333332,30,150,FM-Full_A-None_AdaBN-F
Yang2025,ShallowConvNet,1,41,0.7983333333333333,0.8383333333333334,30,150,FM-Full_A-None_AdaBN-F
Yang2025,ShallowConvNet,1,44,0.6566666666666666,0.6666666666666666,30,150,FM-Full_A-None_AdaBN-F
Yang2025,ShallowConvNet,1,47,0.845,0.8816666666666667,30,150,FM-Full_A-None_AdaBN-F
Yang2025,ShallowConvNet,2,5,0.8366666666666667,0.875,30,150,FM-Full_A-None_AdaBN-F
Yang2025,ShallowConvNet,2,7,0.7733333333333333,0.7783333333333333,30,150,FM-Full_A-None_AdaBN-F
Yang2025,ShallowConvNet,2,9,0.6816666666666666,0.6716666666666666,30,150,FM-Full_A-None_AdaBN-F
Yang2025,ShallowConvNet,2,16,0.5783333333333334,0.615,30,150,FM-Full_A-None_AdaBN-F
Yang2025,ShallowConvNet,2,20,0.775,0.8533333333333334,30,150,FM-Full_A-None_AdaBN-F
Yang2025,ShallowConvNet,2,34,0.5483333333333333,0.785,30,150,FM-Full_A-None_AdaBN-F
Yang2025,ShallowConvNet,2,37,0.835,0.895,30,150,FM-Full_A-None_AdaBN-F
Yang2025,ShallowConvNet,2,48,0.7966666666666666,0.8383333333333334,30,150,FM-Full_A-None_AdaBN-F
Yang2025,ShallowConvNet,2,49,0.8766666666666667,0.9283333333333332,30,150,FM-Full_A-None_AdaBN-F
Yang2025,ShallowConvNet,2,50,0.9166666666666666,0.9333333333333332,30,150,FM-Full_A-None_AdaBN-F
Yang2025,ShallowConvNet,3,1,0.795,0.8883333333333333,30,150,FM-Full_A-None_AdaBN-F
Yang2025,ShallowConvNet,3,10,0.7733333333333333,0.795,30,150,FM-Full_A-None_AdaBN-F
Yang2025,ShallowConvNet,3,12,0.5683333333333334,0.5716666666666667,30,150,FM-Full_A-None_AdaBN-F
Yang2025,ShallowConvNet,3,17,0.7366666666666667,0.7316666666666667,30,150,FM-Full_A-None_AdaBN-F
Yang2025,ShallowConvNet,3,26,0.7429048414023373,0.8697829716193656,30,150,FM-Full_A-None_AdaBN-F
Yang2025,ShallowConvNet,3,27,0.5833333333333334,0.7133333333333334,30,150,FM-Full_A-None_AdaBN-F
Yang2025,ShallowConvNet,3,28,0.74,0.8566666666666667,30,150,FM-Full_A-None_AdaBN-F
Yang2025,ShallowConvNet,3,35,0.9133333333333332,0.955,30,150,FM-Full_A-None_AdaBN-F
Yang2025,ShallowConvNet,3,45,0.805,0.835,30,150,FM-Full_A-None_AdaBN-F
Yang2025,ShallowConvNet,3,46,0.8183333333333334,0.9783333333333334,30,150,FM-Full_A-None_AdaBN-F
Yang2025,ShallowConvNet,4,2,0.6466666666666666,0.6533333333333333,30,150,FM-Full_A-None_AdaBN-F
Yang2025,ShallowConvNet,4,3,0.8866666666666667,0.935,30,150,FM-Full_A-None_AdaBN-F
Yang2025,ShallowConvNet,4,6,0.88,0.9533333333333334,30,150,FM-Full_A-None_AdaBN-F
Yang2025,ShallowConvNet,4,22,0.7283333333333334,0.8333333333333334,30,150,FM-Full_A-None_AdaBN-F
Yang2025,ShallowConvNet,4,24,0.8400673400673401,0.9427609427609428,30,150,FM-Full_A-None_AdaBN-F
Yang2025,ShallowConvNet,4,30,0.8916666666666667,0.935,30,150,FM-Full_A-None_AdaBN-F
Yang2025,ShallowConvNet,4,36,0.915,0.9266666666666666,30,150,FM-Full_A-None_AdaBN-F
Yang2025,ShallowConvNet,4,38,0.6066666666666667,0.6083333333333333,30,150,FM-Full_A-None_AdaBN-F
Yang2025,ShallowConvNet,4,40,0.785,0.81,30,150,FM-Full_A-None_AdaBN-F
Yang2025,ShallowConvNet,4,42,0.7733333333333333,0.795,30,150,FM-Full_A-None_AdaBN-F
Yang2025,ShallowConvNet,5,8,0.8783333333333333,0.9133333333333332,30,150,FM-Full_A-None_AdaBN-F
Yang2025,ShallowConvNet,5,11,0.8433333333333334,0.8783333333333333,30,150,FM-Full_A-None_AdaBN-F
Yang2025,ShallowConvNet,5,15,0.7366666666666667,0.7716666666666666,30,150,FM-Full_A-None_AdaBN-F
Yang2025,ShallowConvNet,5,19,0.8083333333333333,0.8266666666666667,30,150,FM-Full_A-None_AdaBN-F
Yang2025,ShallowConvNet,5,21,0.8066666666666666,0.8566666666666667,30,150,FM-Full_A-None_AdaBN-F
Yang2025,ShallowConvNet,5,23,0.8814691151919867,0.9365609348914858,30,150,FM-Full_A-None_AdaBN-F
Yang2025,ShallowConvNet,5,29,0.7016666666666667,0.8666666666666667,30,150,FM-Full_A-None_AdaBN-F
Yang2025,ShallowConvNet,5,39,0.66,0.76,30,150,FM-Full_A-None_AdaBN-F
Yang2025,ShallowConvNet,5,43,0.9816666666666668,0.9883333333333332,30,150,FM-Full_A-None_AdaBN-F
Yang2025,ShallowConvNet,5,51,0.7833333333333333,0.8533333333333334,30,150,FM-Full_A-None_AdaBN-F
Yang2025,ShallowConvNet,1,4,,,30,150,FM-Full_A-None_AdaBN-F
Yang2025,ShallowConvNet,1,13,,,30,150,FM-Full_A-None_AdaBN-F
Yang2025,ShallowConvNet,1,14,,,30,150,FM-Full_A-None_AdaBN-F
Yang2025,ShallowConvNet,1,18,,,30,150,FM-Full_A-None_AdaBN-F
Yang2025,ShallowConvNet,1,25,,,30,150,FM-Full_A-None_AdaBN-F
Yang2025,ShallowConvNet,1,31,,,30,150,FM-Full_A-None_AdaBN-F
Yang2025,ShallowConvNet,1,32,,,30,150,FM-Full_A-None_AdaBN-F
Yang2025,ShallowConvNet,1,33,,,30,150,FM-Full_A-None_AdaBN-F
Yang2025,ShallowConvNet,1,41,,,30,150,FM-Full_A-None_AdaBN-F
Yang2025,ShallowConvNet,1,44,,,30,150,FM-Full_A-None_AdaBN-F
Yang2025,ShallowConvNet,1,47,,,30,150,FM-Full_A-None_AdaBN-F
Yang2025,ShallowConvNet,2,5,,,30,150,FM-Full_A-None_AdaBN-F
Yang2025,ShallowConvNet,2,7,,,30,150,FM-Full_A-None_AdaBN-F
Yang2025,ShallowConvNet,2,9,,,30,150,FM-Full_A-None_AdaBN-F
Yang2025,ShallowConvNet,2,16,,,30,150,FM-Full_A-None_AdaBN-F
Yang2025,ShallowConvNet,2,20,,,30,150,FM-Full_A-None_AdaBN-F
Yang2025,ShallowConvNet,2,34,,,30,150,FM-Full_A-None_AdaBN-F
Yang2025,ShallowConvNet,2,37,,,30,150,FM-Full_A-None_AdaBN-F
Yang2025,ShallowConvNet,2,48,,,30,150,FM-Full_A-None_AdaBN-F
Yang2025,ShallowConvNet,2,49,,,30,150,FM-Full_A-None_AdaBN-F
Yang2025,ShallowConvNet,2,50,,,30,150,FM-Full_A-None_AdaBN-F
Yang2025,ShallowConvNet,3,1,,,30,150,FM-Full_A-None_AdaBN-F
Yang2025,ShallowConvNet,3,10,,,30,150,FM-Full_A-None_AdaBN-F
Yang2025,ShallowConvNet,3,12,,,30,150,FM-Full_A-None_AdaBN-F
Yang2025,ShallowConvNet,3,17,,,30,150,FM-Full_A-None_AdaBN-F
Yang2025,ShallowConvNet,3,26,,,30,150,FM-Full_A-None_AdaBN-F
Yang2025,ShallowConvNet,3,27,,,30,150,FM-Full_A-None_AdaBN-F
Yang2025,ShallowConvNet,3,28,,,30,150,FM-Full_A-None_AdaBN-F
Yang2025,ShallowConvNet,3,35,,,30,150,FM-Full_A-None_AdaBN-F
Yang2025,ShallowConvNet,3,45,,,30,150,FM-Full_A-None_AdaBN-F
Yang2025,ShallowConvNet,3,46,,,30,150,FM-Full_A-None_AdaBN-F
Yang2025,ShallowConvNet,4,2,,,30,150,FM-Full_A-None_AdaBN-F
Yang2025,ShallowConvNet,4,3,,,30,150,FM-Full_A-None_AdaBN-F
Yang2025,ShallowConvNet,4,6,,,30,150,FM-Full_A-None_AdaBN-F
Yang2025,ShallowConvNet,4,22,,,30,150,FM-Full_A-None_AdaBN-F
Yang2025,ShallowConvNet,4,24,,,30,150,FM-Full_A-None_AdaBN-F
Yang2025,ShallowConvNet,4,30,,,30,150,FM-Full_A-None_AdaBN-F
Yang2025,ShallowConvNet,4,36,,,30,150,FM-Full_A-None_AdaBN-F
Yang2025,ShallowConvNet,4,38,,,30,150,FM-Full_A-None_AdaBN-F
Yang2025,ShallowConvNet,4,40,,,30,150,FM-Full_A-None_AdaBN-F
Yang2025,ShallowConvNet,4,42,,,30,150,FM-Full_A-None_AdaBN-F
Yang2025,ShallowConvNet,5,8,,,30,150,FM-Full_A-None_AdaBN-F
Yang2025,ShallowConvNet,5,11,,,30,150,FM-Full_A-None_AdaBN-F
Yang2025,ShallowConvNet,5,15,,,30,150,FM-Full_A-None_AdaBN-F
Yang2025,ShallowConvNet,5,19,,,30,150,FM-Full_A-None_AdaBN-F
Yang2025,ShallowConvNet,5,21,,,30,150,FM-Full_A-None_AdaBN-F
Yang2025,ShallowConvNet,5,23,,,30,150,FM-Full_A-None_AdaBN-F
Yang2025,ShallowConvNet,5,29,,,30,150,FM-Full_A-None_AdaBN-F
Yang2025,ShallowConvNet,5,39,,,30,150,FM-Full_A-None_AdaBN-F
Yang2025,ShallowConvNet,5,43,,,30,150,FM-Full_A-None_AdaBN-F
Yang2025,ShallowConvNet,5,51,,,30,150,FM-Full_A-None_AdaBN-F
MAMEM2,DeepConvNet,1,2,0.24,0.312,6,100,FM-Full_A-None_AdaBN-F
MAMEM2,DeepConvNet,1,9,0.184,0.224,6,100,FM-Full_A-None_AdaBN-F
MAMEM2,DeepConvNet,2,1,0.216,0.184,6,100,FM-Full_A-None_AdaBN-F
MAMEM2,DeepConvNet,2,6,0.168,0.184,6,100,FM-Full_A-None_AdaBN-F
MAMEM2,DeepConvNet,3,3,0.224,0.216,6,100,FM-Full_A-None_AdaBN-F
MAMEM2,DeepConvNet,3,8,0.264,0.176,6,100,FM-Full_A-None_AdaBN-F
MAMEM2,DeepConvNet,4,5,0.224,0.192,6,100,FM-Full_A-None_AdaBN-F
MAMEM2,DeepConvNet,4,10,0.208,0.192,6,100,FM-Full_A-None_AdaBN-F
MAMEM2,DeepConvNet,5,4,0.224,0.216,6,100,FM-Full_A-None_AdaBN-F
MAMEM2,DeepConvNet,5,7,0.192,0.192,6,100,FM-Full_A-None_AdaBN-F
Yang2025,EEGNetv4,1,4,0.5733333333333334,0.5483333333333333,15,300,FM-Full_A-None_AdaBN-F
Yang2025,EEGNetv4,1,13,0.73,0.8066666666666666,15,300,FM-Full_A-None_AdaBN-F
Yang2025,EEGNetv4,1,14,0.5783333333333334,0.5516666666666666,15,300,FM-Full_A-None_AdaBN-F
Yang2025,EEGNetv4,1,18,0.6666666666666666,0.66,15,300,FM-Full_A-None_AdaBN-F
Yang2025,EEGNetv4,1,25,0.9283333333333332,0.9583333333333334,15,300,FM-Full_A-None_AdaBN-F
Yang2025,EEGNetv4,1,31,0.6983333333333334,0.78,15,300,FM-Full_A-None_AdaBN-F
Yang2025,EEGNetv4,1,32,0.5459098497495827,0.5759599332220368,15,300,FM-Full_A-None_AdaBN-F
Yang2025,EEGNetv4,1,33,0.915,0.9466666666666668,15,300,FM-Full_A-None_AdaBN-F
Yang2025,EEGNetv4,1,41,0.84,0.865,15,300,FM-Full_A-None_AdaBN-F
Yang2025,EEGNetv4,1,44,0.7116666666666667,0.725,15,300,FM-Full_A-None_AdaBN-F
Yang2025,EEGNetv4,1,47,0.9033333333333332,0.9133333333333332,15,300,FM-Full_A-None_AdaBN-F
Yang2025,EEGNetv4,2,5,0.79,0.8683333333333333,15,300,FM-Full_A-None_AdaBN-F
Yang2025,EEGNetv4,2,7,0.6716666666666666,0.775,15,300,FM-Full_A-None_AdaBN-F
Yang2025,EEGNetv4,2,9,0.5966666666666667,0.6633333333333333,15,300,FM-Full_A-None_AdaBN-F
Yang2025,EEGNetv4,2,16,0.5333333333333333,0.6083333333333333,15,300,FM-Full_A-None_AdaBN-F
Yang2025,EEGNetv4,2,20,0.5966666666666667,0.8816666666666667,15,300,FM-Full_A-None_AdaBN-F
Yang2025,EEGNetv4,2,34,0.55,0.7716666666666666,15,300,FM-Full_A-None_AdaBN-F
Yang2025,EEGNetv4,2,37,0.7066666666666667,0.9,15,300,FM-Full_A-None_AdaBN-F
Yang2025,EEGNetv4,2,48,0.7616666666666667,0.865,15,300,FM-Full_A-None_AdaBN-F
Yang2025,EEGNetv4,2,49,0.7883333333333333,0.9216666666666666,15,300,FM-Full_A-None_AdaBN-F
Yang2025,EEGNetv4,2,50,0.7733333333333333,0.925,15,300,FM-Full_A-None_AdaBN-F
Yang2025,EEGNetv4,3,1,0.9,0.9383333333333334,15,300,FM-Full_A-None_AdaBN-F
Yang2025,EEGNetv4,3,10,0.7666666666666667,0.8383333333333334,15,300,FM-Full_A-None_AdaBN-F
Yang2025,EEGNetv4,3,12,0.6033333333333334,0.5566666666666666,15,300,FM-Full_A-None_AdaBN-F
Yang2025,EEGNetv4,3,17,0.7666666666666667,0.7883333333333333,15,300,FM-Full_A-None_AdaBN-F
Yang2025,EEGNetv4,3,26,0.7813021702838063,0.8848080133555927,15,300,FM-Full_A-None_AdaBN-F
Yang2025,EEGNetv4,3,27,0.6166666666666667,0.7033333333333334,15,300,FM-Full_A-None_AdaBN-F
Yang2025,EEGNetv4,3,28,0.7583333333333333,0.8516666666666667,15,300,FM-Full_A-None_AdaBN-F
Yang2025,EEGNetv4,3,35,0.9366666666666666,0.97,15,300,FM-Full_A-None_AdaBN-F
Yang2025,EEGNetv4,3,45,0.845,0.88,15,300,FM-Full_A-None_AdaBN-F
Yang2025,EEGNetv4,3,46,0.9483333333333334,0.9883333333333332,15,300,FM-Full_A-None_AdaBN-F
Yang2025,EEGNetv4,4,2,0.6816666666666666,0.68,15,300,FM-Full_A-None_AdaBN-F
Yang2025,EEGNetv4,4,3,0.92,0.95,15,300,FM-Full_A-None_AdaBN-F
Yang2025,EEGNetv4,4,6,0.9166666666666666,0.965,15,300,FM-Full_A-None_AdaBN-F
Yang2025,EEGNetv4,4,22,0.7383333333333333,0.8266666666666667,15,300,FM-Full_A-None_AdaBN-F
Yang2025,EEGNetv4,4,24,0.9292929292929292,0.9595959595959596,15,300,FM-Full_A-None_AdaBN-F
Yang2025,EEGNetv4,4,30,0.8633333333333333,0.78,15,300,FM-Full_A-None_AdaBN-F
Yang2025,EEGNetv4,4,36,0.905,0.925,15,300,FM-Full_A-None_AdaBN-F
Yang2025,EEGNetv4,4,38,0.5783333333333334,0.6783333333333333,15,300,FM-Full_A-None_AdaBN-F
Yang2025,EEGNetv4,4,40,0.78,0.855,15,300,FM-Full_A-None_AdaBN-F
Yang2025,EEGNetv4,4,42,0.78,0.8016666666666666,15,300,FM-Full_A-None_AdaBN-F
Yang2025,EEGNetv4,5,8,0.85,0.9,15,300,FM-Full_A-None_AdaBN-F
Yang2025,EEGNetv4,5,11,0.7966666666666666,0.89,15,300,FM-Full_A-None_AdaBN-F
Yang2025,EEGNetv4,5,15,0.68,0.715,15,300,FM-Full_A-None_AdaBN-F
Yang2025,EEGNetv4,5,19,0.76,0.8333333333333334,15,300,FM-Full_A-None_AdaBN-F
Yang2025,EEGNetv4,5,21,0.83,0.9,15,300,FM-Full_A-None_AdaBN-F
Yang2025,EEGNetv4,5,23,0.8881469115191987,0.9449081803005008,15,300,FM-Full_A-None_AdaBN-F
Yang2025,EEGNetv4,5,29,0.6866666666666666,0.815,15,300,FM-Full_A-None_AdaBN-F
Yang2025,EEGNetv4,5,39,0.6716666666666666,0.715,15,300,FM-Full_A-None_AdaBN-F
Yang2025,EEGNetv4,5,43,0.9083333333333332,0.995,15,300,FM-Full_A-None_AdaBN-F
Yang2025,EEGNetv4,5,51,0.79,0.86,15,300,FM-Full_A-None_AdaBN-F
Yang2025,EEGNetv4,1,4,,,15,300,FM-Full_A-None_AdaBN-F
Yang2025,EEGNetv4,1,13,,,15,300,FM-Full_A-None_AdaBN-F
Yang2025,EEGNetv4,1,14,,,15,300,FM-Full_A-None_AdaBN-F
Yang2025,EEGNetv4,1,18,,,15,300,FM-Full_A-None_AdaBN-F
Yang2025,EEGNetv4,1,25,,,15,300,FM-Full_A-None_AdaBN-F
Yang2025,EEGNetv4,1,31,,,15,300,FM-Full_A-None_AdaBN-F
Yang2025,EEGNetv4,1,32,,,15,300,FM-Full_A-None_AdaBN-F
Yang2025,EEGNetv4,1,33,,,15,300,FM-Full_A-None_AdaBN-F
Yang2025,EEGNetv4,1,41,,,15,300,FM-Full_A-None_AdaBN-F
Yang2025,EEGNetv4,1,44,,,15,300,FM-Full_A-None_AdaBN-F
Yang2025,EEGNetv4,1,47,,,15,300,FM-Full_A-None_AdaBN-F
Yang2025,EEGNetv4,2,5,,,15,300,FM-Full_A-None_AdaBN-F
Yang2025,EEGNetv4,2,7,,,15,300,FM-Full_A-None_AdaBN-F
Yang2025,EEGNetv4,2,9,,,15,300,FM-Full_A-None_AdaBN-F
Yang2025,EEGNetv4,2,16,,,15,300,FM-Full_A-None_AdaBN-F
Yang2025,EEGNetv4,2,20,,,15,300,FM-Full_A-None_AdaBN-F
Yang2025,EEGNetv4,2,34,,,15,300,FM-Full_A-None_AdaBN-F
Yang2025,EEGNetv4,2,37,,,15,300,FM-Full_A-None_AdaBN-F
Yang2025,EEGNetv4,2,48,,,15,300,FM-Full_A-None_AdaBN-F
Yang2025,EEGNetv4,2,49,,,15,300,FM-Full_A-None_AdaBN-F
Yang2025,EEGNetv4,2,50,,,15,300,FM-Full_A-None_AdaBN-F
Yang2025,EEGNetv4,3,1,,,15,300,FM-Full_A-None_AdaBN-F
Yang2025,EEGNetv4,3,10,,,15,300,FM-Full_A-None_AdaBN-F
Yang2025,EEGNetv4,3,12,,,15,300,FM-Full_A-None_AdaBN-F
Yang2025,EEGNetv4,3,17,,,15,300,FM-Full_A-None_AdaBN-F
Yang2025,EEGNetv4,3,26,,,15,300,FM-Full_A-None_AdaBN-F
Yang2025,EEGNetv4,3,27,,,15,300,FM-Full_A-None_AdaBN-F
Yang2025,EEGNetv4,3,28,,,15,300,FM-Full_A-None_AdaBN-F
Yang2025,EEGNetv4,3,35,,,15,300,FM-Full_A-None_AdaBN-F
Yang2025,EEGNetv4,3,45,,,15,300,FM-Full_A-None_AdaBN-F
Yang2025,EEGNetv4,3,46,,,15,300,FM-Full_A-None_AdaBN-F
Yang2025,EEGNetv4,4,2,,,15,300,FM-Full_A-None_AdaBN-F
Yang2025,EEGNetv4,4,3,,,15,300,FM-Full_A-None_AdaBN-F
Yang2025,EEGNetv4,4,6,,,15,300,FM-Full_A-None_AdaBN-F
Yang2025,EEGNetv4,4,22,,,15,300,FM-Full_A-None_AdaBN-F
Yang2025,EEGNetv4,4,24,,,15,300,FM-Full_A-None_AdaBN-F
Yang2025,EEGNetv4,4,30,,,15,300,FM-Full_A-None_AdaBN-F
Yang2025,EEGNetv4,4,36,,,15,300,FM-Full_A-None_AdaBN-F
Yang2025,EEGNetv4,4,38,,,15,300,FM-Full_A-None_AdaBN-F
Yang2025,EEGNetv4,4,40,,,15,300,FM-Full_A-None_AdaBN-F
Yang2025,EEGNetv4,4,42,,,15,300,FM-Full_A-None_AdaBN-F
Yang2025,EEGNetv4,5,8,,,15,300,FM-Full_A-None_AdaBN-F
Yang2025,EEGNetv4,5,11,,,15,300,FM-Full_A-None_AdaBN-F
Yang2025,EEGNetv4,5,15,,,15,300,FM-Full_A-None_AdaBN-F
Yang2025,EEGNetv4,5,19,,,15,300,FM-Full_A-None_AdaBN-F
Yang2025,EEGNetv4,5,21,,,15,300,FM-Full_A-None_AdaBN-F
Yang2025,EEGNetv4,5,23,,,15,300,FM-Full_A-None_AdaBN-F
Yang2025,EEGNetv4,5,29,,,15,300,FM-Full_A-None_AdaBN-F
Yang2025,EEGNetv4,5,39,,,15,300,FM-Full_A-None_AdaBN-F
Yang2025,EEGNetv4,5,43,,,15,300,FM-Full_A-None_AdaBN-F
Yang2025,EEGNetv4,5,51,,,15,300,FM-Full_A-None_AdaBN-F
Kalunga2016,DeepConvNet,1,1,0.25,0.265625,12,42,FM-Full_A-None_AdaBN-F
Kalunga2016,DeepConvNet,1,10,0.1796875,0.28125,12,42,FM-Full_A-None_AdaBN-F
Kalunga2016,DeepConvNet,1,11,0.25,0.234375,12,42,FM-Full_A-None_AdaBN-F
Kalunga2016,DeepConvNet,2,3,0.25,0.203125,12,42,FM-Full_A-None_AdaBN-F
Kalunga2016,DeepConvNet,2,6,0.296875,0.296875,12,42,FM-Full_A-None_AdaBN-F
Kalunga2016,DeepConvNet,2,9,0.265625,0.28125,12,42,FM-Full_A-None_AdaBN-F
Kalunga2016,DeepConvNet,3,2,0.421875,0.296875,12,42,FM-Full_A-None_AdaBN-F
Kalunga2016,DeepConvNet,3,12,0.2375,0.225,12,42,FM-Full_A-None_AdaBN-F
Kalunga2016,DeepConvNet,4,5,0.21875,0.234375,12,42,FM-Full_A-None_AdaBN-F
Kalunga2016,DeepConvNet,4,8,0.234375,0.375,12,42,FM-Full_A-None_AdaBN-F
Kalunga2016,DeepConvNet,5,4,0.296875,0.28125,12,42,FM-Full_A-None_AdaBN-F
Kalunga2016,DeepConvNet,5,7,0.28125,0.25,12,42,FM-Full_A-None_AdaBN-F
BI2015a,EEGNetv4,1,5,,,25,200,FM-Full_A-None_AdaBN-F
BI2015a,EEGNetv4,1,9,,,25,200,FM-Full_A-None_AdaBN-F
BI2015a,EEGNetv4,1,13,,,25,200,FM-Full_A-None_AdaBN-F
BI2015a,EEGNetv4,1,25,,,25,200,FM-Full_A-None_AdaBN-F
BI2015a,EEGNetv4,1,26,,,25,200,FM-Full_A-None_AdaBN-F
BI2015a,EEGNetv4,1,35,,,25,200,FM-Full_A-None_AdaBN-F
BI2015a,EEGNetv4,1,37,,,25,200,FM-Full_A-None_AdaBN-F
BI2015a,EEGNetv4,1,38,,,25,200,FM-Full_A-None_AdaBN-F
BI2015a,EEGNetv4,1,40,,,25,200,FM-Full_A-None_AdaBN-F
BI2015a,EEGNetv4,2,4,,,25,200,FM-Full_A-None_AdaBN-F
BI2015a,EEGNetv4,2,7,,,25,200,FM-Full_A-None_AdaBN-F
BI2015a,EEGNetv4,2,14,,,25,200,FM-Full_A-None_AdaBN-F
BI2015a,EEGNetv4,2,16,,,25,200,FM-Full_A-None_AdaBN-F
BI2015a,EEGNetv4,2,18,,,25,200,FM-Full_A-None_AdaBN-F
BI2015a,EEGNetv4,2,20,,,25,200,FM-Full_A-None_AdaBN-F
BI2015a,EEGNetv4,2,28,,,25,200,FM-Full_A-None_AdaBN-F
BI2015a,EEGNetv4,2,32,,,25,200,FM-Full_A-None_AdaBN-F
BI2015a,EEGNetv4,2,41,,,25,200,FM-Full_A-None_AdaBN-F
BI2015a,EEGNetv4,3,1,,,25,200,FM-Full_A-None_AdaBN-F
BI2015a,EEGNetv4,3,6,,,25,200,FM-Full_A-None_AdaBN-F
BI2015a,EEGNetv4,3,10,,,25,200,FM-Full_A-None_AdaBN-F
BI2015a,EEGNetv4,3,12,,,25,200,FM-Full_A-None_AdaBN-F
BI2015a,EEGNetv4,3,17,,,25,200,FM-Full_A-None_AdaBN-F
BI2015a,EEGNetv4,3,27,,,25,200,FM-Full_A-None_AdaBN-F
BI2015a,EEGNetv4,3,30,,,25,200,FM-Full_A-None_AdaBN-F
BI2015a,EEGNetv4,3,31,,,25,200,FM-Full_A-None_AdaBN-F
BI2015a,EEGNetv4,3,42,,,25,200,FM-Full_A-None_AdaBN-F
BI2015a,EEGNetv4,4,2,,,25,200,FM-Full_A-None_AdaBN-F
BI2015a,EEGNetv4,4,3,,,25,200,FM-Full_A-None_AdaBN-F
BI2015a,EEGNetv4,4,22,,,25,200,FM-Full_A-None_AdaBN-F
BI2015a,EEGNetv4,4,24,,,25,200,FM-Full_A-None_AdaBN-F
BI2015a,EEGNetv4,4,33,,,25,200,FM-Full_A-None_AdaBN-F
BI2015a,EEGNetv4,4,34,,,25,200,FM-Full_A-None_AdaBN-F
BI2015a,EEGNetv4,4,36,,,25,200,FM-Full_A-None_AdaBN-F
BI2015a,EEGNetv4,4,43,,,25,200,FM-Full_A-None_AdaBN-F
BI2015a,EEGNetv4,5,8,,,25,200,FM-Full_A-None_AdaBN-F
BI2015a,EEGNetv4,5,11,,,25,200,FM-Full_A-None_AdaBN-F
BI2015a,EEGNetv4,5,15,,,25,200,FM-Full_A-None_AdaBN-F
BI2015a,EEGNetv4,5,19,,,25,200,FM-Full_A-None_AdaBN-F
BI2015a,EEGNetv4,5,21,,,25,200,FM-Full_A-None_AdaBN-F
BI2015a,EEGNetv4,5,23,,,25,200,FM-Full_A-None_AdaBN-F
BI2015a,EEGNetv4,5,29,,,25,200,FM-Full_A-None_AdaBN-F
BI2015a,EEGNetv4,5,39,,,25,200,FM-Full_A-None_AdaBN-F
BI2015a,EEGNetv4,1,5,0.882996632996633,0.915824915824916,25,200,FM-Full_A-None_AdaBN-F
BI2015a,EEGNetv4,1,9,0.8513513513513513,0.8971471471471472,25,200,FM-Full_A-None_AdaBN-F
BI2015a,EEGNetv4,1,13,0.8698830409356725,0.9342105263157896,25,200,FM-Full_A-None_AdaBN-F
BI2015a,EEGNetv4,1,25,0.7954980842911877,0.8673371647509579,25,200,FM-Full_A-None_AdaBN-F
BI2015a,EEGNetv4,1,26,0.9023297491039428,0.9363799283154122,25,200,FM-Full_A-None_AdaBN-F
BI2015a,EEGNetv4,1,35,0.8365539452495975,0.8297101449275363,25,200,FM-Full_A-None_AdaBN-F
BI2015a,EEGNetv4,1,37,0.7765873015873016,0.8555555555555555,25,200,FM-Full_A-None_AdaBN-F
BI2015a,EEGNetv4,1,38,0.8596096096096096,0.9061561561561562,25,200,FM-Full_A-None_AdaBN-F
BI2015a,EEGNetv4,1,40,0.8575102880658436,0.9161522633744856,25,200,FM-Full_A-None_AdaBN-F
BI2015a,EEGNetv4,2,4,0.9006944444444445,0.93125,25,200,FM-Full_A-None_AdaBN-F
BI2015a,EEGNetv4,2,7,0.8333333333333334,0.9027777777777778,25,200,FM-Full_A-None_AdaBN-F
BI2015a,EEGNetv4,2,14,0.6623931623931624,0.8596866096866097,25,200,FM-Full_A-None_AdaBN-F
BI2015a,EEGNetv4,2,16,0.8936507936507937,0.919047619047619,25,200,FM-Full_A-None_AdaBN-F
BI2015a,EEGNetv4,2,18,0.8092592592592592,0.8753086419753087,25,200,FM-Full_A-None_AdaBN-F
BI2015a,EEGNetv4,2,20,0.8783950617283951,0.908641975308642,25,200,FM-Full_A-None_AdaBN-F
BI2015a,EEGNetv4,2,28,0.8627777777777778,0.8677777777777778,25,200,FM-Full_A-None_AdaBN-F
BI2015a,EEGNetv4,2,32,0.8906810035842294,0.8906810035842294,25,200,FM-Full_A-None_AdaBN-F
BI2015a,EEGNetv4,2,41,0.7938271604938272,0.8759259259259259,25,200,FM-Full_A-None_AdaBN-F
BI2015a,EEGNetv4,3,1,0.8111380145278451,0.8280871670702179,25,200,FM-Full_A-None_AdaBN-F
BI2015a,EEGNetv4,3,6,0.8295454545454546,0.9071969696969696,25,200,FM-Full_A-None_AdaBN-F
BI2015a,EEGNetv4,3,10,0.8808243727598566,0.9229390681003584,25,200,FM-Full_A-None_AdaBN-F
BI2015a,EEGNetv4,3,12,0.8095878136200717,0.8602150537634409,25,200,FM-Full_A-None_AdaBN-F
BI2015a,EEGNetv4,3,17,0.8567901234567902,0.8938271604938272,25,200,FM-Full_A-None_AdaBN-F
BI2015a,EEGNetv4,3,27,0.8220815752461322,0.8431786216596343,25,200,FM-Full_A-None_AdaBN-F
BI2015a,EEGNetv4,3,30,0.8713991769547325,0.8837448559670782,25,200,FM-Full_A-None_AdaBN-F
BI2015a,EEGNetv4,3,31,0.8177777777777778,0.8407407407407408,25,200,FM-Full_A-None_AdaBN-F
BI2015a,EEGNetv4,3,42,0.8601364522417154,0.8401559454191033,25,200,FM-Full_A-None_AdaBN-F
BI2015a,EEGNetv4,4,2,0.8637566137566137,0.9107142857142856,25,200,FM-Full_A-None_AdaBN-F
BI2015a,EEGNetv4,4,3,0.8524904214559387,0.9272030651340996,25,200,FM-Full_A-None_AdaBN-F
BI2015a,EEGNetv4,4,22,0.8503787878787878,0.8970959595959596,25,200,FM-Full_A-None_AdaBN-F
BI2015a,EEGNetv4,4,24,0.8973765432098766,0.933641975308642,25,200,FM-Full_A-None_AdaBN-F
BI2015a,EEGNetv4,4,33,0.878968253968254,0.916005291005291,25,200,FM-Full_A-None_AdaBN-F
BI2015a,EEGNetv4,4,34,0.8626984126984127,0.9015873015873016,25,200,FM-Full_A-None_AdaBN-F
BI2015a,EEGNetv4,4,36,0.8694444444444445,0.9111111111111112,25,200,FM-Full_A-None_AdaBN-F
BI2015a,EEGNetv4,4,43,0.9051724137931034,0.9339080459770116,25,200,FM-Full_A-None_AdaBN-F
BI2015a,EEGNetv4,5,8,0.8452380952380952,0.8974867724867724,25,200,FM-Full_A-None_AdaBN-F
BI2015a,EEGNetv4,5,11,0.8069444444444445,0.8840277777777777,25,200,FM-Full_A-None_AdaBN-F
BI2015a,EEGNetv4,5,15,0.8626984126984127,0.911904761904762,25,200,FM-Full_A-None_AdaBN-F
BI2015a,EEGNetv4,5,19,0.8638888888888889,0.8788888888888889,25,200,FM-Full_A-None_AdaBN-F
BI2015a,EEGNetv4,5,21,0.915079365079365,0.9357142857142856,25,200,FM-Full_A-None_AdaBN-F
BI2015a,EEGNetv4,5,23,0.8589181286549707,0.8786549707602339,25,200,FM-Full_A-None_AdaBN-F
BI2015a,EEGNetv4,5,29,0.8306100217864923,0.8660130718954249,25,200,FM-Full_A-None_AdaBN-F
BI2015a,EEGNetv4,5,39,0.8333333333333334,0.88718820861678,25,200,FM-Full_A-None_AdaBN-F
Yang2025,ShallowConvNet,1,4,0.585,0.5333333333333333,15,300,FM-Full_A-None_AdaBN-F
Yang2025,ShallowConvNet,1,13,0.7383333333333333,0.795,15,300,FM-Full_A-None_AdaBN-F
Yang2025,ShallowConvNet,1,14,0.5716666666666667,0.565,15,300,FM-Full_A-None_AdaBN-F
Yang2025,ShallowConvNet,1,18,0.685,0.6883333333333334,15,300,FM-Full_A-None_AdaBN-F
Yang2025,ShallowConvNet,1,25,0.8933333333333333,0.9133333333333332,15,300,FM-Full_A-None_AdaBN-F
Yang2025,ShallowConvNet,1,31,0.7233333333333334,0.785,15,300,FM-Full_A-None_AdaBN-F
Yang2025,ShallowConvNet,1,32,0.5976627712854758,0.6210350584307178,15,300,FM-Full_A-None_AdaBN-F
Yang2025,ShallowConvNet,1,33,0.8466666666666667,0.9416666666666668,15,300,FM-Full_A-None_AdaBN-F
Yang2025,ShallowConvNet,1,41,0.805,0.85,15,300,FM-Full_A-None_AdaBN-F
Yang2025,ShallowConvNet,1,44,0.7366666666666667,0.7033333333333334,15,300,FM-Full_A-None_AdaBN-F
Yang2025,ShallowConvNet,1,47,0.88,0.8833333333333333,15,300,FM-Full_A-None_AdaBN-F
Yang2025,ShallowConvNet,2,5,0.8316666666666667,0.87,15,300,FM-Full_A-None_AdaBN-F
Yang2025,ShallowConvNet,2,7,0.8,0.7833333333333333,15,300,FM-Full_A-None_AdaBN-F
Yang2025,ShallowConvNet,2,9,0.6783333333333333,0.69,15,300,FM-Full_A-None_AdaBN-F
Yang2025,ShallowConvNet,2,16,0.6283333333333333,0.65,15,300,FM-Full_A-None_AdaBN-F
Yang2025,ShallowConvNet,2,20,0.75,0.8583333333333333,15,300,FM-Full_A-None_AdaBN-F
Yang2025,ShallowConvNet,2,34,0.4816666666666667,0.7766666666666666,15,300,FM-Full_A-None_AdaBN-F
Yang2025,ShallowConvNet,2,37,0.7466666666666667,0.8683333333333333,15,300,FM-Full_A-None_AdaBN-F
Yang2025,ShallowConvNet,2,48,0.8183333333333334,0.845,15,300,FM-Full_A-None_AdaBN-F
Yang2025,ShallowConvNet,2,49,0.88,0.9216666666666666,15,300,FM-Full_A-None_AdaBN-F
Yang2025,ShallowConvNet,2,50,0.8983333333333333,0.915,15,300,FM-Full_A-None_AdaBN-F
Yang2025,ShallowConvNet,3,1,0.9016666666666666,0.8966666666666666,15,300,FM-Full_A-None_AdaBN-F
Yang2025,ShallowConvNet,3,10,0.7866666666666666,0.8083333333333333,15,300,FM-Full_A-None_AdaBN-F
Yang2025,ShallowConvNet,3,12,0.555,0.545,15,300,FM-Full_A-None_AdaBN-F
Yang2025,ShallowConvNet,3,17,0.7416666666666667,0.7783333333333333,15,300,FM-Full_A-None_AdaBN-F
Yang2025,ShallowConvNet,3,26,0.7946577629382304,0.8914858096828047,15,300,FM-Full_A-None_AdaBN-F
Yang2025,ShallowConvNet,3,27,0.6,0.6783333333333333,15,300,FM-Full_A-None_AdaBN-F
Yang2025,ShallowConvNet,3,28,0.745,0.8583333333333333,15,300,FM-Full_A-None_AdaBN-F
Yang2025,ShallowConvNet,3,35,0.9333333333333332,0.9616666666666668,15,300,FM-Full_A-None_AdaBN-F
Yang2025,ShallowConvNet,3,45,0.83,0.8333333333333334,15,300,FM-Full_A-None_AdaBN-F
Yang2025,ShallowConvNet,3,46,0.9483333333333334,0.9866666666666668,15,300,FM-Full_A-None_AdaBN-F
Yang2025,ShallowConvNet,4,2,0.6433333333333333,0.6483333333333333,15,300,FM-Full_A-None_AdaBN-F
Yang2025,ShallowConvNet,4,3,0.93,0.94,15,300,FM-Full_A-None_AdaBN-F
Yang2025,ShallowConvNet,4,6,0.9133333333333332,0.9666666666666668,15,300,FM-Full_A-None_AdaBN-F
Yang2025,ShallowConvNet,4,22,0.77,0.815,15,300,FM-Full_A-None_AdaBN-F
Yang2025,ShallowConvNet,4,24,0.898989898989899,0.9427609427609428,15,300,FM-Full_A-None_AdaBN-F
Yang2025,ShallowConvNet,4,30,0.87,0.93,15,300,FM-Full_A-None_AdaBN-F
Yang2025,ShallowConvNet,4,36,0.9,0.9283333333333332,15,300,FM-Full_A-None_AdaBN-F
Yang2025,ShallowConvNet,4,38,0.595,0.62,15,300,FM-Full_A-None_AdaBN-F
Yang2025,ShallowConvNet,4,40,0.785,0.83,15,300,FM-Full_A-None_AdaBN-F
Yang2025,ShallowConvNet,4,42,0.775,0.7733333333333333,15,300,FM-Full_A-None_AdaBN-F
Yang2025,ShallowConvNet,5,8,0.8533333333333334,0.905,15,300,FM-Full_A-None_AdaBN-F
Yang2025,ShallowConvNet,5,11,0.8583333333333333,0.885,15,300,FM-Full_A-None_AdaBN-F
Yang2025,ShallowConvNet,5,15,0.6883333333333334,0.7383333333333333,15,300,FM-Full_A-None_AdaBN-F
Yang2025,ShallowConvNet,5,19,0.7466666666666667,0.815,15,300,FM-Full_A-None_AdaBN-F
Yang2025,ShallowConvNet,5,21,0.81,0.8666666666666667,15,300,FM-Full_A-None_AdaBN-F
Yang2025,ShallowConvNet,5,23,0.8614357262103506,0.8998330550918197,15,300,FM-Full_A-None_AdaBN-F
Yang2025,ShallowConvNet,5,29,0.615,0.8333333333333334,15,300,FM-Full_A-None_AdaBN-F
Yang2025,ShallowConvNet,5,39,0.67,0.725,15,300,FM-Full_A-None_AdaBN-F
Yang2025,ShallowConvNet,5,43,0.9266666666666666,0.9783333333333334,15,300,FM-Full_A-None_AdaBN-F
Yang2025,ShallowConvNet,5,51,0.7733333333333333,0.8333333333333334,15,300,FM-Full_A-None_AdaBN-F
Yang2025,ShallowConvNet,1,4,,,15,300,FM-Full_A-None_AdaBN-F
Yang2025,ShallowConvNet,1,13,,,15,300,FM-Full_A-None_AdaBN-F
Yang2025,ShallowConvNet,1,14,,,15,300,FM-Full_A-None_AdaBN-F
Yang2025,ShallowConvNet,1,18,,,15,300,FM-Full_A-None_AdaBN-F
Yang2025,ShallowConvNet,1,25,,,15,300,FM-Full_A-None_AdaBN-F
Yang2025,ShallowConvNet,1,31,,,15,300,FM-Full_A-None_AdaBN-F
Yang2025,ShallowConvNet,1,32,,,15,300,FM-Full_A-None_AdaBN-F
Yang2025,ShallowConvNet,1,33,,,15,300,FM-Full_A-None_AdaBN-F
Yang2025,ShallowConvNet,1,41,,,15,300,FM-Full_A-None_AdaBN-F
Yang2025,ShallowConvNet,1,44,,,15,300,FM-Full_A-None_AdaBN-F
Yang2025,ShallowConvNet,1,47,,,15,300,FM-Full_A-None_AdaBN-F
Yang2025,ShallowConvNet,2,5,,,15,300,FM-Full_A-None_AdaBN-F
Yang2025,ShallowConvNet,2,7,,,15,300,FM-Full_A-None_AdaBN-F
Yang2025,ShallowConvNet,2,9,,,15,300,FM-Full_A-None_AdaBN-F
Yang2025,ShallowConvNet,2,16,,,15,300,FM-Full_A-None_AdaBN-F
Yang2025,ShallowConvNet,2,20,,,15,300,FM-Full_A-None_AdaBN-F
Yang2025,ShallowConvNet,2,34,,,15,300,FM-Full_A-None_AdaBN-F
Yang2025,ShallowConvNet,2,37,,,15,300,FM-Full_A-None_AdaBN-F
Yang2025,ShallowConvNet,2,48,,,15,300,FM-Full_A-None_AdaBN-F
Yang2025,ShallowConvNet,2,49,,,15,300,FM-Full_A-None_AdaBN-F
Yang2025,ShallowConvNet,2,50,,,15,300,FM-Full_A-None_AdaBN-F
Yang2025,ShallowConvNet,3,1,,,15,300,FM-Full_A-None_AdaBN-F
Yang2025,ShallowConvNet,3,10,,,15,300,FM-Full_A-None_AdaBN-F
Yang2025,ShallowConvNet,3,12,,,15,300,FM-Full_A-None_AdaBN-F
Yang2025,ShallowConvNet,3,17,,,15,300,FM-Full_A-None_AdaBN-F
Yang2025,ShallowConvNet,3,26,,,15,300,FM-Full_A-None_AdaBN-F
Yang2025,ShallowConvNet,3,27,,,15,300,FM-Full_A-None_AdaBN-F
Yang2025,ShallowConvNet,3,28,,,15,300,FM-Full_A-None_AdaBN-F
Yang2025,ShallowConvNet,3,35,,,15,300,FM-Full_A-None_AdaBN-F
Yang2025,ShallowConvNet,3,45,,,15,300,FM-Full_A-None_AdaBN-F
Yang2025,ShallowConvNet,3,46,,,15,300,FM-Full_A-None_AdaBN-F
Yang2025,ShallowConvNet,4,2,,,15,300,FM-Full_A-None_AdaBN-F
Yang2025,ShallowConvNet,4,3,,,15,300,FM-Full_A-None_AdaBN-F
Yang2025,ShallowConvNet,4,6,,,15,300,FM-Full_A-None_AdaBN-F
Yang2025,ShallowConvNet,4,22,,,15,300,FM-Full_A-None_AdaBN-F
Yang2025,ShallowConvNet,4,24,,,15,300,FM-Full_A-None_AdaBN-F
Yang2025,ShallowConvNet,4,30,,,15,300,FM-Full_A-None_AdaBN-F
Yang2025,ShallowConvNet,4,36,,,15,300,FM-Full_A-None_AdaBN-F
Yang2025,ShallowConvNet,4,38,,,15,300,FM-Full_A-None_AdaBN-F
Yang2025,ShallowConvNet,4,40,,,15,300,FM-Full_A-None_AdaBN-F
Yang2025,ShallowConvNet,4,42,,,15,300,FM-Full_A-None_AdaBN-F
Yang2025,ShallowConvNet,5,8,,,15,300,FM-Full_A-None_AdaBN-F
Yang2025,ShallowConvNet,5,11,,,15,300,FM-Full_A-None_AdaBN-F
Yang2025,ShallowConvNet,5,15,,,15,300,FM-Full_A-None_AdaBN-F
Yang2025,ShallowConvNet,5,19,,,15,300,FM-Full_A-None_AdaBN-F
Yang2025,ShallowConvNet,5,21,,,15,300,FM-Full_A-None_AdaBN-F
Yang2025,ShallowConvNet,5,23,,,15,300,FM-Full_A-None_AdaBN-F
Yang2025,ShallowConvNet,5,29,,,15,300,FM-Full_A-None_AdaBN-F
Yang2025,ShallowConvNet,5,39,,,15,300,FM-Full_A-None_AdaBN-F
Yang2025,ShallowConvNet,5,43,,,15,300,FM-Full_A-None_AdaBN-F
Yang2025,ShallowConvNet,5,51,,,15,300,FM-Full_A-None_AdaBN-F
Huebner2017,EEGNetv4,1,1,0.9416342412451362,0.97431906614786,3,12500,FM-Full_A-None_AdaBN-F
Huebner2017,EEGNetv4,1,10,0.9723347880299252,0.9830112219451372,3,12500,FM-Full_A-None_AdaBN-F
Huebner2017,EEGNetv4,1,12,0.8921568627450981,0.9593837535014006,3,12500,FM-Full_A-None_AdaBN-F
Huebner2017,EEGNetv4,2,3,0.8762645914396887,0.9546303501945526,3,12500,FM-Full_A-None_AdaBN-F
Huebner2017,EEGNetv4,2,6,0.922008172796264,0.983420899007589,3,12500,FM-Full_A-None_AdaBN-F
Huebner2017,EEGNetv4,2,9,0.9404761904761904,0.9750233426704016,3,12500,FM-Full_A-None_AdaBN-F
Huebner2017,EEGNetv4,3,2,0.8564425770308123,0.954248366013072,3,12500,FM-Full_A-None_AdaBN-F
Huebner2017,EEGNetv4,3,5,0.8583877995642701,0.9308278867102396,3,12500,FM-Full_A-None_AdaBN-F
Huebner2017,EEGNetv4,3,13,0.9043654190335384,0.9715197260913548,3,12500,FM-Full_A-None_AdaBN-F
Huebner2017,EEGNetv4,4,8,0.8075486381322957,0.9105058365758756,3,12500,FM-Full_A-None_AdaBN-F
Huebner2017,EEGNetv4,4,11,0.8266012919293331,0.8673048486263523,3,12500,FM-Full_A-None_AdaBN-F
Huebner2017,EEGNetv4,5,4,0.957431906614786,0.9846692607003892,3,12500,FM-Full_A-None_AdaBN-F
Huebner2017,EEGNetv4,5,7,0.9638966697790228,0.992296918767507,3,12500,FM-Full_A-None_AdaBN-F
Huebner2017,EEGNetv4,1,1,,,3,12500,FM-Full_A-None_AdaBN-F
Huebner2017,EEGNetv4,1,10,,,3,12500,FM-Full_A-None_AdaBN-F
Huebner2017,EEGNetv4,1,12,,,3,12500,FM-Full_A-None_AdaBN-F
Huebner2017,EEGNetv4,2,3,,,3,12500,FM-Full_A-None_AdaBN-F
Huebner2017,EEGNetv4,2,6,,,3,12500,FM-Full_A-None_AdaBN-F
Huebner2017,EEGNetv4,2,9,,,3,12500,FM-Full_A-None_AdaBN-F
Huebner2017,EEGNetv4,3,2,,,3,12500,FM-Full_A-None_AdaBN-F
Huebner2017,EEGNetv4,3,5,,,3,12500,FM-Full_A-None_AdaBN-F
Huebner2017,EEGNetv4,3,13,,,3,12500,FM-Full_A-None_AdaBN-F
Huebner2017,EEGNetv4,4,8,,,3,12500,FM-Full_A-None_AdaBN-F
Huebner2017,EEGNetv4,4,11,,,3,12500,FM-Full_A-None_AdaBN-F
Huebner2017,EEGNetv4,5,4,,,3,12500,FM-Full_A-None_AdaBN-F
Huebner2017,EEGNetv4,5,7,,,3,12500,FM-Full_A-None_AdaBN-F
Huebner2017,EEGNetv4,1,1,0.9415564202334632,0.9745525291828794,3,12500,FM-Full_A-None_AdaBN-F
Huebner2017,EEGNetv4,1,10,0.9722568578553616,0.9830891521197008,3,12500,FM-Full_A-None_AdaBN-F
Huebner2017,EEGNetv4,1,12,0.8921568627450981,0.9595393713040772,3,12500,FM-Full_A-None_AdaBN-F
Huebner2017,EEGNetv4,2,3,0.8761867704280155,0.9547859922178988,3,12500,FM-Full_A-None_AdaBN-F
Huebner2017,EEGNetv4,2,6,0.921891418563923,0.98353765323993,3,12500,FM-Full_A-None_AdaBN-F
Huebner2017,EEGNetv4,2,9,0.940320572673514,0.9751011515717398,3,12500,FM-Full_A-None_AdaBN-F
Huebner2017,EEGNetv4,3,2,0.8562869592281357,0.9540927482103952,3,12500,FM-Full_A-None_AdaBN-F
Huebner2017,EEGNetv4,3,5,0.8583099906629318,0.9307500778089012,3,12500,FM-Full_A-None_AdaBN-F
Huebner2017,EEGNetv4,3,13,0.904598863901642,0.9715197260913548,3,12500,FM-Full_A-None_AdaBN-F
Huebner2017,EEGNetv4,4,8,0.8068482490272374,0.9104280155642024,3,12500,FM-Full_A-None_AdaBN-F
Huebner2017,EEGNetv4,4,11,0.8267569460658417,0.8673048486263523,3,12500,FM-Full_A-None_AdaBN-F
Huebner2017,EEGNetv4,5,4,0.957431906614786,0.9848249027237356,3,12500,FM-Full_A-None_AdaBN-F
Huebner2017,EEGNetv4,5,7,0.9638966697790228,0.992296918767507,3,12500,FM-Full_A-None_AdaBN-F
Huebner2017,DeepConvNet,1,1,0.9049805447470816,0.9747081712062255,10,7500,FM-Full_A-None_AdaBN-F
Huebner2017,DeepConvNet,1,10,0.9427992518703242,0.9851153366583542,10,7500,FM-Full_A-None_AdaBN-F
Huebner2017,DeepConvNet,1,12,0.8686585745409274,0.9648303765950824,10,7500,FM-Full_A-None_AdaBN-F
Huebner2017,DeepConvNet,2,3,0.8957976653696498,0.9577431906614786,10,7500,FM-Full_A-None_AdaBN-F
Huebner2017,DeepConvNet,2,6,0.9378867483946292,0.9844716870986572,10,7500,FM-Full_A-None_AdaBN-F
Huebner2017,DeepConvNet,2,9,0.957749766573296,0.9768129474011829,10,7500,FM-Full_A-None_AdaBN-F
Huebner2017,DeepConvNet,3,2,0.8928571428571429,0.958294428882664,10,7500,FM-Full_A-None_AdaBN-F
Huebner2017,DeepConvNet,3,5,0.880718954248366,0.9411764705882352,10,7500,FM-Full_A-None_AdaBN-F
Huebner2017,DeepConvNet,3,13,0.9328456929421834,0.9768889580577388,10,7500,FM-Full_A-None_AdaBN-F
Huebner2017,DeepConvNet,4,8,0.809727626459144,0.9146303501945524,10,7500,FM-Full_A-None_AdaBN-F
Huebner2017,DeepConvNet,4,11,0.8150050587594365,0.8812358938438789,10,7500,FM-Full_A-None_AdaBN-F
Huebner2017,DeepConvNet,5,4,0.9362645914396888,0.9860700389105058,10,7500,FM-Full_A-None_AdaBN-F
Huebner2017,DeepConvNet,5,7,0.9687986305633364,0.9929193899782136,10,7500,FM-Full_A-None_AdaBN-F
Lee2019_MI,DeepConvNet,1,4,0.745,0.73,50,60,FM-Full_A-None_AdaBN-F
Lee2019_MI,DeepConvNet,1,6,0.9,0.885,50,60,FM-Full_A-None_AdaBN-F
Lee2019_MI,DeepConvNet,1,13,0.68,0.665,50,60,FM-Full_A-None_AdaBN-F
Lee2019_MI,DeepConvNet,1,14,0.625,0.61,50,60,FM-Full_A-None_AdaBN-F
Lee2019_MI,DeepConvNet,1,18,0.805,0.865,50,60,FM-Full_A-None_AdaBN-F
Lee2019_MI,DeepConvNet,1,20,0.815,0.74,50,60,FM-Full_A-None_AdaBN-F
Lee2019_MI,DeepConvNet,1,33,0.86,0.905,50,60,FM-Full_A-None_AdaBN-F
Lee2019_MI,DeepConvNet,1,45,0.76,0.825,50,60,FM-Full_A-None_AdaBN-F
Lee2019_MI,DeepConvNet,1,49,0.825,0.86,50,60,FM-Full_A-None_AdaBN-F
Lee2019_MI,DeepConvNet,1,50,0.63,0.61,50,60,FM-Full_A-None_AdaBN-F
Lee2019_MI,DeepConvNet,1,53,0.755,0.81,50,60,FM-Full_A-None_AdaBN-F
Lee2019_MI,DeepConvNet,2,5,0.635,0.765,50,60,FM-Full_A-None_AdaBN-F
Lee2019_MI,DeepConvNet,2,7,0.685,0.715,50,60,FM-Full_A-None_AdaBN-F
Lee2019_MI,DeepConvNet,2,9,0.81,0.715,50,60,FM-Full_A-None_AdaBN-F
Lee2019_MI,DeepConvNet,2,16,0.72,0.79,50,60,FM-Full_A-None_AdaBN-F
Lee2019_MI,DeepConvNet,2,25,0.845,0.87,50,60,FM-Full_A-None_AdaBN-F
Lee2019_MI,DeepConvNet,2,27,0.885,0.865,50,60,FM-Full_A-None_AdaBN-F
Lee2019_MI,DeepConvNet,2,34,0.6,0.62,50,60,FM-Full_A-None_AdaBN-F
Lee2019_MI,DeepConvNet,2,35,0.725,0.94,50,60,FM-Full_A-None_AdaBN-F
Lee2019_MI,DeepConvNet,2,38,0.595,0.705,50,60,FM-Full_A-None_AdaBN-F
Lee2019_MI,DeepConvNet,2,46,0.61,0.575,50,60,FM-Full_A-None_AdaBN-F
Lee2019_MI,DeepConvNet,2,51,0.69,0.71,50,60,FM-Full_A-None_AdaBN-F
Lee2019_MI,DeepConvNet,3,1,0.625,0.595,50,60,FM-Full_A-None_AdaBN-F
Lee2019_MI,DeepConvNet,3,10,0.69,0.705,50,60,FM-Full_A-None_AdaBN-F
Lee2019_MI,DeepConvNet,3,12,0.74,0.765,50,60,FM-Full_A-None_AdaBN-F
Lee2019_MI,DeepConvNet,3,17,0.615,0.57,50,60,FM-Full_A-None_AdaBN-F
Lee2019_MI,DeepConvNet,3,26,0.845,0.825,50,60,FM-Full_A-None_AdaBN-F
Lee2019_MI,DeepConvNet,3,28,0.775,0.85,50,60,FM-Full_A-None_AdaBN-F
Lee2019_MI,DeepConvNet,3,31,0.785,0.79,50,60,FM-Full_A-None_AdaBN-F
Lee2019_MI,DeepConvNet,3,32,0.705,0.84,50,60,FM-Full_A-None_AdaBN-F
Lee2019_MI,DeepConvNet,3,37,0.745,0.755,50,60,FM-Full_A-None_AdaBN-F
Lee2019_MI,DeepConvNet,3,41,0.675,0.735,50,60,FM-Full_A-None_AdaBN-F
Lee2019_MI,DeepConvNet,3,48,0.715,0.675,50,60,FM-Full_A-None_AdaBN-F
Lee2019_MI,DeepConvNet,4,2,0.75,0.765,50,60,FM-Full_A-None_AdaBN-F
Lee2019_MI,DeepConvNet,4,3,0.695,0.83,50,60,FM-Full_A-None_AdaBN-F
Lee2019_MI,DeepConvNet,4,11,0.66,0.685,50,60,FM-Full_A-None_AdaBN-F
Lee2019_MI,DeepConvNet,4,22,0.63,0.6,50,60,FM-Full_A-None_AdaBN-F
Lee2019_MI,DeepConvNet,4,24,0.695,0.77,50,60,FM-Full_A-None_AdaBN-F
Lee2019_MI,DeepConvNet,4,30,0.72,0.725,50,60,FM-Full_A-None_AdaBN-F
Lee2019_MI,DeepConvNet,4,36,0.905,0.935,50,60,FM-Full_A-None_AdaBN-F
Lee2019_MI,DeepConvNet,4,40,0.845,0.835,50,60,FM-Full_A-None_AdaBN-F
Lee2019_MI,DeepConvNet,4,42,0.665,0.695,50,60,FM-Full_A-None_AdaBN-F
Lee2019_MI,DeepConvNet,4,44,0.745,0.765,50,60,FM-Full_A-None_AdaBN-F
Lee2019_MI,DeepConvNet,4,47,0.79,0.82,50,60,FM-Full_A-None_AdaBN-F
Lee2019_MI,DeepConvNet,5,8,0.67,0.725,50,60,FM-Full_A-None_AdaBN-F
Lee2019_MI,DeepConvNet,5,15,0.81,0.85,50,60,FM-Full_A-None_AdaBN-F
Lee2019_MI,DeepConvNet,5,19,0.74,0.805,50,60,FM-Full_A-None_AdaBN-F
Lee2019_MI,DeepConvNet,5,21,0.87,0.92,50,60,FM-Full_A-None_AdaBN-F
Lee2019_MI,DeepConvNet,5,23,0.69,0.665,50,60,FM-Full_A-None_AdaBN-F
Lee2019_MI,DeepConvNet,5,29,0.65,0.81,50,60,FM-Full_A-None_AdaBN-F
Lee2019_MI,DeepConvNet,5,39,0.665,0.72,50,60,FM-Full_A-None_AdaBN-F
Lee2019_MI,DeepConvNet,5,43,0.745,0.825,50,60,FM-Full_A-None_AdaBN-F
Lee2019_MI,DeepConvNet,5,52,0.68,0.75,50,60,FM-Full_A-None_AdaBN-F
Lee2019_MI,DeepConvNet,5,54,0.67,0.69,50,60,FM-Full_A-None_AdaBN-F
BI2015a,EEGNetv4,1,5,0.8661616161616161,0.9090909090909092,10,500,FM-Full_A-None_AdaBN-F
BI2015a,EEGNetv4,1,9,0.8378378378378378,0.9024024024024024,10,500,FM-Full_A-None_AdaBN-F
BI2015a,EEGNetv4,1,13,0.8662280701754386,0.9269005847953216,10,500,FM-Full_A-None_AdaBN-F
BI2015a,EEGNetv4,1,25,0.8366858237547893,0.867816091954023,10,500,FM-Full_A-None_AdaBN-F
BI2015a,EEGNetv4,1,26,0.8673835125448028,0.9408602150537636,10,500,FM-Full_A-None_AdaBN-F
BI2015a,EEGNetv4,1,35,0.8333333333333334,0.8260869565217391,10,500,FM-Full_A-None_AdaBN-F
BI2015a,EEGNetv4,1,37,0.830952380952381,0.8539682539682539,10,500,FM-Full_A-None_AdaBN-F
BI2015a,EEGNetv4,1,38,0.8506006006006006,0.9009009009009008,10,500,FM-Full_A-None_AdaBN-F
BI2015a,EEGNetv4,1,40,0.8328189300411523,0.9012345679012346,10,500,FM-Full_A-None_AdaBN-F
BI2015a,EEGNetv4,2,4,0.8631944444444445,0.9277777777777778,10,500,FM-Full_A-None_AdaBN-F
BI2015a,EEGNetv4,2,7,0.8333333333333334,0.8937908496732027,10,500,FM-Full_A-None_AdaBN-F
BI2015a,EEGNetv4,2,14,0.8319088319088319,0.8554131054131054,10,500,FM-Full_A-None_AdaBN-F
BI2015a,EEGNetv4,2,16,0.8611111111111112,0.9174603174603174,10,500,FM-Full_A-None_AdaBN-F
BI2015a,EEGNetv4,2,18,0.8308641975308642,0.8790123456790123,10,500,FM-Full_A-None_AdaBN-F
BI2015a,EEGNetv4,2,20,0.8469135802469135,0.9049382716049382,10,500,FM-Full_A-None_AdaBN-F
BI2015a,EEGNetv4,2,28,0.8433333333333334,0.86,10,500,FM-Full_A-None_AdaBN-F
BI2015a,EEGNetv4,2,32,0.8700716845878136,0.8978494623655914,10,500,FM-Full_A-None_AdaBN-F
BI2015a,EEGNetv4,2,41,0.825925925925926,0.8876543209876543,10,500,FM-Full_A-None_AdaBN-F
BI2015a,EEGNetv4,3,1,0.8333333333333334,0.8309120258272801,10,500,FM-Full_A-None_AdaBN-F
BI2015a,EEGNetv4,3,6,0.8396464646464646,0.9053030303030304,10,500,FM-Full_A-None_AdaBN-F
BI2015a,EEGNetv4,3,10,0.8664874551971327,0.9157706093189965,10,500,FM-Full_A-None_AdaBN-F
BI2015a,EEGNetv4,3,12,0.8261648745519713,0.8525985663082437,10,500,FM-Full_A-None_AdaBN-F
BI2015a,EEGNetv4,3,17,0.85,0.8907407407407407,10,500,FM-Full_A-None_AdaBN-F
BI2015a,EEGNetv4,3,27,0.8270042194092827,0.8456399437412095,10,500,FM-Full_A-None_AdaBN-F
BI2015a,EEGNetv4,3,30,0.8827160493827161,0.8858024691358025,10,500,FM-Full_A-None_AdaBN-F
BI2015a,EEGNetv4,3,31,0.8088888888888889,0.8407407407407408,10,500,FM-Full_A-None_AdaBN-F
BI2015a,EEGNetv4,3,42,0.8386939571150097,0.8421052631578947,10,500,FM-Full_A-None_AdaBN-F
BI2015a,EEGNetv4,4,2,0.8630952380952381,0.9054232804232804,10,500,FM-Full_A-None_AdaBN-F
BI2015a,EEGNetv4,4,3,0.7816091954022989,0.9377394636015326,10,500,FM-Full_A-None_AdaBN-F
BI2015a,EEGNetv4,4,22,0.8207070707070707,0.8907828282828283,10,500,FM-Full_A-None_AdaBN-F
BI2015a,EEGNetv4,4,24,0.9058641975308642,0.922067901234568,10,500,FM-Full_A-None_AdaBN-F
BI2015a,EEGNetv4,4,33,0.8862433862433863,0.9007936507936508,10,500,FM-Full_A-None_AdaBN-F
BI2015a,EEGNetv4,4,34,0.8650793650793651,0.9015873015873016,10,500,FM-Full_A-None_AdaBN-F
BI2015a,EEGNetv4,4,36,0.8555555555555555,0.9076388888888888,10,500,FM-Full_A-None_AdaBN-F
BI2015a,EEGNetv4,4,43,0.921455938697318,0.9377394636015326,10,500,FM-Full_A-None_AdaBN-F
BI2015a,EEGNetv4,5,8,0.8544973544973545,0.8981481481481481,10,500,FM-Full_A-None_AdaBN-F
BI2015a,EEGNetv4,5,11,0.7861111111111111,0.8680555555555556,10,500,FM-Full_A-None_AdaBN-F
BI2015a,EEGNetv4,5,15,0.8706349206349207,0.9103174603174604,10,500,FM-Full_A-None_AdaBN-F
BI2015a,EEGNetv4,5,19,0.8455555555555555,0.8755555555555555,10,500,FM-Full_A-None_AdaBN-F
BI2015a,EEGNetv4,5,21,0.9134920634920636,0.9246031746031746,10,500,FM-Full_A-None_AdaBN-F
BI2015a,EEGNetv4,5,23,0.8611111111111112,0.8793859649122807,10,500,FM-Full_A-None_AdaBN-F
BI2015a,EEGNetv4,5,29,0.8387799564270153,0.8654684095860566,10,500,FM-Full_A-None_AdaBN-F
BI2015a,EEGNetv4,5,39,0.4688208616780045,0.8752834467120182,10,500,FM-Full_A-None_AdaBN-F
BI2015a,EEGNetv4,1,5,,,10,500,FM-Full_A-None_AdaBN-F
BI2015a,EEGNetv4,1,9,,,10,500,FM-Full_A-None_AdaBN-F
BI2015a,EEGNetv4,1,13,,,10,500,FM-Full_A-None_AdaBN-F
BI2015a,EEGNetv4,1,25,,,10,500,FM-Full_A-None_AdaBN-F
BI2015a,EEGNetv4,1,26,,,10,500,FM-Full_A-None_AdaBN-F
BI2015a,EEGNetv4,1,35,,,10,500,FM-Full_A-None_AdaBN-F
BI2015a,EEGNetv4,1,37,,,10,500,FM-Full_A-None_AdaBN-F
BI2015a,EEGNetv4,1,38,,,10,500,FM-Full_A-None_AdaBN-F
BI2015a,EEGNetv4,1,40,,,10,500,FM-Full_A-None_AdaBN-F
BI2015a,EEGNetv4,2,4,,,10,500,FM-Full_A-None_AdaBN-F
BI2015a,EEGNetv4,2,7,,,10,500,FM-Full_A-None_AdaBN-F
BI2015a,EEGNetv4,2,14,,,10,500,FM-Full_A-None_AdaBN-F
BI2015a,EEGNetv4,2,16,,,10,500,FM-Full_A-None_AdaBN-F
BI2015a,EEGNetv4,2,18,,,10,500,FM-Full_A-None_AdaBN-F
BI2015a,EEGNetv4,2,20,,,10,500,FM-Full_A-None_AdaBN-F
BI2015a,EEGNetv4,2,28,,,10,500,FM-Full_A-None_AdaBN-F
BI2015a,EEGNetv4,2,32,,,10,500,FM-Full_A-None_AdaBN-F
BI2015a,EEGNetv4,2,41,,,10,500,FM-Full_A-None_AdaBN-F
BI2015a,EEGNetv4,3,1,,,10,500,FM-Full_A-None_AdaBN-F
BI2015a,EEGNetv4,3,6,,,10,500,FM-Full_A-None_AdaBN-F
BI2015a,EEGNetv4,3,10,,,10,500,FM-Full_A-None_AdaBN-F
BI2015a,EEGNetv4,3,12,,,10,500,FM-Full_A-None_AdaBN-F
BI2015a,EEGNetv4,3,17,,,10,500,FM-Full_A-None_AdaBN-F
BI2015a,EEGNetv4,3,27,,,10,500,FM-Full_A-None_AdaBN-F
BI2015a,EEGNetv4,3,30,,,10,500,FM-Full_A-None_AdaBN-F
BI2015a,EEGNetv4,3,31,,,10,500,FM-Full_A-None_AdaBN-F
BI2015a,EEGNetv4,3,42,,,10,500,FM-Full_A-None_AdaBN-F
BI2015a,EEGNetv4,4,2,,,10,500,FM-Full_A-None_AdaBN-F
BI2015a,EEGNetv4,4,3,,,10,500,FM-Full_A-None_AdaBN-F
BI2015a,EEGNetv4,4,22,,,10,500,FM-Full_A-None_AdaBN-F
BI2015a,EEGNetv4,4,24,,,10,500,FM-Full_A-None_AdaBN-F
BI2015a,EEGNetv4,4,33,,,10,500,FM-Full_A-None_AdaBN-F
BI2015a,EEGNetv4,4,34,,,10,500,FM-Full_A-None_AdaBN-F
BI2015a,EEGNetv4,4,36,,,10,500,FM-Full_A-None_AdaBN-F
BI2015a,EEGNetv4,4,43,,,10,500,FM-Full_A-None_AdaBN-F
BI2015a,EEGNetv4,5,8,,,10,500,FM-Full_A-None_AdaBN-F
BI2015a,EEGNetv4,5,11,,,10,500,FM-Full_A-None_AdaBN-F
BI2015a,EEGNetv4,5,15,,,10,500,FM-Full_A-None_AdaBN-F
BI2015a,EEGNetv4,5,19,,,10,500,FM-Full_A-None_AdaBN-F
BI2015a,EEGNetv4,5,21,,,10,500,FM-Full_A-None_AdaBN-F
BI2015a,EEGNetv4,5,23,,,10,500,FM-Full_A-None_AdaBN-F
BI2015a,EEGNetv4,5,29,,,10,500,FM-Full_A-None_AdaBN-F
BI2015a,EEGNetv4,5,39,,,10,500,FM-Full_A-None_AdaBN-F
BNCI2014_001,DeepConvNet,1,2,0.2760416666666667,0.4201388888888889,5,300,FM-Full_A-None_AdaBN-F
BNCI2014_001,DeepConvNet,1,8,0.5920138888888888,0.6180555555555556,5,300,FM-Full_A-None_AdaBN-F
BNCI2014_001,DeepConvNet,2,1,0.515625,0.5850694444444444,5,300,FM-Full_A-None_AdaBN-F
BNCI2014_001,DeepConvNet,2,6,0.3715277777777778,0.4565972222222222,5,300,FM-Full_A-None_AdaBN-F
BNCI2014_001,DeepConvNet,3,3,0.546875,0.6684027777777778,5,300,FM-Full_A-None_AdaBN-F
BNCI2014_001,DeepConvNet,3,9,0.4201388888888889,0.6423611111111112,5,300,FM-Full_A-None_AdaBN-F
BNCI2014_001,DeepConvNet,4,4,0.3940972222222222,0.4913194444444444,5,300,FM-Full_A-None_AdaBN-F
BNCI2014_001,DeepConvNet,4,5,0.2517361111111111,0.4357638888888889,5,300,FM-Full_A-None_AdaBN-F
BNCI2014_001,DeepConvNet,5,7,0.3368055555555556,0.3836805555555556,5,300,FM-Full_A-None_AdaBN-F
Lee2019_SSVEP,DeepConvNet,1,4,1.0,1.0,20,200,FM-Full_A-None_AdaBN-F
Lee2019_SSVEP,DeepConvNet,1,6,1.0,1.0,20,200,FM-Full_A-None_AdaBN-F
Lee2019_SSVEP,DeepConvNet,1,13,0.94,0.985,20,200,FM-Full_A-None_AdaBN-F
Lee2019_SSVEP,DeepConvNet,1,14,0.93,0.96,20,200,FM-Full_A-None_AdaBN-F
Lee2019_SSVEP,DeepConvNet,1,18,0.995,0.995,20,200,FM-Full_A-None_AdaBN-F
Lee2019_SSVEP,DeepConvNet,1,20,0.965,0.985,20,200,FM-Full_A-None_AdaBN-F
Lee2019_SSVEP,DeepConvNet,1,33,0.995,0.995,20,200,FM-Full_A-None_AdaBN-F
Lee2019_SSVEP,DeepConvNet,1,45,0.97,0.99,20,200,FM-Full_A-None_AdaBN-F
Lee2019_SSVEP,DeepConvNet,1,49,1.0,1.0,20,200,FM-Full_A-None_AdaBN-F
Lee2019_SSVEP,DeepConvNet,1,50,0.985,1.0,20,200,FM-Full_A-None_AdaBN-F
Lee2019_SSVEP,DeepConvNet,1,53,1.0,1.0,20,200,FM-Full_A-None_AdaBN-F
Lee2019_SSVEP,DeepConvNet,2,5,0.825,0.86,20,200,FM-Full_A-None_AdaBN-F
Lee2019_SSVEP,DeepConvNet,2,7,0.995,0.995,20,200,FM-Full_A-None_AdaBN-F
Lee2019_SSVEP,DeepConvNet,2,9,0.98,0.985,20,200,FM-Full_A-None_AdaBN-F
Lee2019_SSVEP,DeepConvNet,2,16,1.0,1.0,20,200,FM-Full_A-None_AdaBN-F
Lee2019_SSVEP,DeepConvNet,2,25,0.975,0.985,20,200,FM-Full_A-None_AdaBN-F
Lee2019_SSVEP,DeepConvNet,2,27,1.0,1.0,20,200,FM-Full_A-None_AdaBN-F
Lee2019_SSVEP,DeepConvNet,2,34,0.77,0.845,20,200,FM-Full_A-None_AdaBN-F
Lee2019_SSVEP,DeepConvNet,2,35,0.98,0.995,20,200,FM-Full_A-None_AdaBN-F
Lee2019_SSVEP,DeepConvNet,2,38,0.99,0.985,20,200,FM-Full_A-None_AdaBN-F
Lee2019_SSVEP,DeepConvNet,2,46,0.98,1.0,20,200,FM-Full_A-None_AdaBN-F
Lee2019_SSVEP,DeepConvNet,2,51,0.805,0.82,20,200,FM-Full_A-None_AdaBN-F
Lee2019_SSVEP,DeepConvNet,3,1,0.945,0.95,20,200,FM-Full_A-None_AdaBN-F
Lee2019_SSVEP,DeepConvNet,3,10,0.985,0.99,20,200,FM-Full_A-None_AdaBN-F
Lee2019_SSVEP,DeepConvNet,3,12,0.975,0.965,20,200,FM-Full_A-None_AdaBN-F
Lee2019_SSVEP,DeepConvNet,3,17,0.975,0.985,20,200,FM-Full_A-None_AdaBN-F
Lee2019_SSVEP,DeepConvNet,3,26,0.99,0.995,20,200,FM-Full_A-None_AdaBN-F
Lee2019_SSVEP,DeepConvNet,3,28,0.985,0.99,20,200,FM-Full_A-None_AdaBN-F
Lee2019_SSVEP,DeepConvNet,3,31,1.0,1.0,20,200,FM-Full_A-None_AdaBN-F
Lee2019_SSVEP,DeepConvNet,3,32,0.815,0.935,20,200,FM-Full_A-None_AdaBN-F
Lee2019_SSVEP,DeepConvNet,3,37,0.99,0.98,20,200,FM-Full_A-None_AdaBN-F
Lee2019_SSVEP,DeepConvNet,3,41,0.99,0.995,20,200,FM-Full_A-None_AdaBN-F
Lee2019_SSVEP,DeepConvNet,3,48,0.995,0.995,20,200,FM-Full_A-None_AdaBN-F
Lee2019_SSVEP,DeepConvNet,4,2,0.99,0.985,20,200,FM-Full_A-None_AdaBN-F
Lee2019_SSVEP,DeepConvNet,4,3,0.955,0.96,20,200,FM-Full_A-None_AdaBN-F
Lee2019_SSVEP,DeepConvNet,4,11,1.0,1.0,20,200,FM-Full_A-None_AdaBN-F
Lee2019_SSVEP,DeepConvNet,4,22,0.91,0.935,20,200,FM-Full_A-None_AdaBN-F
Lee2019_SSVEP,DeepConvNet,4,24,0.975,0.985,20,200,FM-Full_A-None_AdaBN-F
Lee2019_SSVEP,DeepConvNet,4,30,0.995,0.995,20,200,FM-Full_A-None_AdaBN-F
Lee2019_SSVEP,DeepConvNet,4,36,1.0,1.0,20,200,FM-Full_A-None_AdaBN-F
Lee2019_SSVEP,DeepConvNet,4,40,0.96,0.965,20,200,FM-Full_A-None_AdaBN-F
Lee2019_SSVEP,DeepConvNet,4,42,0.805,0.815,20,200,FM-Full_A-None_AdaBN-F
Lee2019_SSVEP,DeepConvNet,4,44,0.995,0.995,20,200,FM-Full_A-None_AdaBN-F
Lee2019_SSVEP,DeepConvNet,4,47,0.615,0.65,20,200,FM-Full_A-None_AdaBN-F
Lee2019_SSVEP,DeepConvNet,5,8,0.97,0.965,20,200,FM-Full_A-None_AdaBN-F
Lee2019_SSVEP,DeepConvNet,5,15,0.965,1.0,20,200,FM-Full_A-None_AdaBN-F
Lee2019_SSVEP,DeepConvNet,5,19,0.975,0.975,20,200,FM-Full_A-None_AdaBN-F
Lee2019_SSVEP,DeepConvNet,5,21,0.95,0.98,20,200,FM-Full_A-None_AdaBN-F
Lee2019_SSVEP,DeepConvNet,5,23,0.32,0.49,20,200,FM-Full_A-None_AdaBN-F
Lee2019_SSVEP,DeepConvNet,5,29,0.865,0.955,20,200,FM-Full_A-None_AdaBN-F
Lee2019_SSVEP,DeepConvNet,5,39,0.995,1.0,20,200,FM-Full_A-None_AdaBN-F
Lee2019_SSVEP,DeepConvNet,5,43,1.0,1.0,20,200,FM-Full_A-None_AdaBN-F
Lee2019_SSVEP,DeepConvNet,5,52,0.985,0.995,20,200,FM-Full_A-None_AdaBN-F
Lee2019_SSVEP,DeepConvNet,5,54,0.72,0.895,20,200,FM-Full_A-None_AdaBN-F
MAMEM2,ShallowConvNet,1,2,,,6,100,FM-Full_A-None_AdaBN-F
MAMEM2,ShallowConvNet,1,9,,,6,100,FM-Full_A-None_AdaBN-F
MAMEM2,ShallowConvNet,2,1,,,6,100,FM-Full_A-None_AdaBN-F
MAMEM2,ShallowConvNet,2,6,,,6,100,FM-Full_A-None_AdaBN-F
MAMEM2,ShallowConvNet,3,3,,,6,100,FM-Full_A-None_AdaBN-F
MAMEM2,ShallowConvNet,3,8,,,6,100,FM-Full_A-None_AdaBN-F
MAMEM2,ShallowConvNet,4,5,,,6,100,FM-Full_A-None_AdaBN-F
MAMEM2,ShallowConvNet,4,10,,,6,100,FM-Full_A-None_AdaBN-F
MAMEM2,ShallowConvNet,5,4,,,6,100,FM-Full_A-None_AdaBN-F
MAMEM2,ShallowConvNet,5,7,,,6,100,FM-Full_A-None_AdaBN-F
MAMEM2,ShallowConvNet,1,2,0.216,0.224,6,100,FM-Full_A-None_AdaBN-F
MAMEM2,ShallowConvNet,1,9,0.168,0.216,6,100,FM-Full_A-None_AdaBN-F
MAMEM2,ShallowConvNet,2,1,0.208,0.232,6,100,FM-Full_A-None_AdaBN-F
MAMEM2,ShallowConvNet,2,6,0.208,0.232,6,100,FM-Full_A-None_AdaBN-F
MAMEM2,ShallowConvNet,3,3,0.28,0.232,6,100,FM-Full_A-None_AdaBN-F
MAMEM2,ShallowConvNet,3,8,0.2,0.208,6,100,FM-Full_A-None_AdaBN-F
MAMEM2,ShallowConvNet,4,5,0.224,0.2,6,100,FM-Full_A-None_AdaBN-F
MAMEM2,ShallowConvNet,4,10,0.208,0.248,6,100,FM-Full_A-None_AdaBN-F
MAMEM2,ShallowConvNet,5,4,0.176,0.216,6,100,FM-Full_A-None_AdaBN-F
MAMEM2,ShallowConvNet,5,7,0.208,0.272,6,100,FM-Full_A-None_AdaBN-F
BNCI2014_001,EEGNetv4,1,2,,,8,375,FM-Full_A-None_AdaBN-F
BNCI2014_001,EEGNetv4,1,8,,,8,375,FM-Full_A-None_AdaBN-F
BNCI2014_001,EEGNetv4,2,1,,,8,375,FM-Full_A-None_AdaBN-F
BNCI2014_001,EEGNetv4,2,6,,,8,375,FM-Full_A-None_AdaBN-F
BNCI2014_001,EEGNetv4,3,3,,,8,375,FM-Full_A-None_AdaBN-F
BNCI2014_001,EEGNetv4,3,9,,,8,375,FM-Full_A-None_AdaBN-F
BNCI2014_001,EEGNetv4,4,4,,,8,375,FM-Full_A-None_AdaBN-F
BNCI2014_001,EEGNetv4,4,5,,,8,375,FM-Full_A-None_AdaBN-F
BNCI2014_001,EEGNetv4,5,7,,,8,375,FM-Full_A-None_AdaBN-F
BNCI2014_001,EEGNetv4,1,2,0.3940972222222222,0.5295138888888888,8,375,FM-Full_A-None_AdaBN-F
BNCI2014_001,EEGNetv4,1,8,0.5520833333333334,0.7604166666666666,8,375,FM-Full_A-None_AdaBN-F
BNCI2014_001,EEGNetv4,2,1,0.609375,0.7673611111111112,8,375,FM-Full_A-None_AdaBN-F
BNCI2014_001,EEGNetv4,2,6,0.390625,0.6128472222222222,8,375,FM-Full_A-None_AdaBN-F
BNCI2014_001,EEGNetv4,3,3,0.5850694444444444,0.8038194444444444,8,375,FM-Full_A-None_AdaBN-F
BNCI2014_001,EEGNetv4,3,9,0.6163194444444444,0.8020833333333334,8,375,FM-Full_A-None_AdaBN-F
BNCI2014_001,EEGNetv4,4,4,0.4670138888888889,0.6128472222222222,8,375,FM-Full_A-None_AdaBN-F
BNCI2014_001,EEGNetv4,4,5,0.4253472222222222,0.5555555555555556,8,375,FM-Full_A-None_AdaBN-F
BNCI2014_001,EEGNetv4,5,7,0.5677083333333334,0.7534722222222222,8,375,FM-Full_A-None_AdaBN-F
Yang2025,ATCNet,1,4,0.5066666666666667,0.5366666666666666,30,150,FM-Full_A-None_AdaBN-F
Yang2025,ATCNet,1,13,0.6833333333333333,0.6866666666666666,30,150,FM-Full_A-None_AdaBN-F
Yang2025,ATCNet,1,14,0.5366666666666666,0.5166666666666667,30,150,FM-Full_A-None_AdaBN-F
Yang2025,ATCNet,1,18,0.6733333333333333,0.6266666666666667,30,150,FM-Full_A-None_AdaBN-F
Yang2025,ATCNet,1,25,0.785,0.7966666666666666,30,150,FM-Full_A-None_AdaBN-F
Yang2025,ATCNet,1,31,0.705,0.745,30,150,FM-Full_A-None_AdaBN-F
Yang2025,ATCNet,1,32,0.6510851419031719,0.6894824707846411,30,150,FM-Full_A-None_AdaBN-F
Yang2025,ATCNet,1,33,0.8383333333333334,0.9333333333333332,30,150,FM-Full_A-None_AdaBN-F
Yang2025,ATCNet,1,41,0.8116666666666666,0.8583333333333333,30,150,FM-Full_A-None_AdaBN-F
Yang2025,ATCNet,1,44,0.6,0.6316666666666667,30,150,FM-Full_A-None_AdaBN-F
Yang2025,ATCNet,1,47,0.75,0.7816666666666666,30,150,FM-Full_A-None_AdaBN-F
Yang2025,ATCNet,2,5,0.7233333333333334,0.835,30,150,FM-Full_A-None_AdaBN-F
Yang2025,ATCNet,2,7,0.6133333333333333,0.6433333333333333,30,150,FM-Full_A-None_AdaBN-F
Yang2025,ATCNet,2,9,0.5616666666666666,0.6233333333333333,30,150,FM-Full_A-None_AdaBN-F
Yang2025,ATCNet,2,16,0.585,0.64,30,150,FM-Full_A-None_AdaBN-F
Yang2025,ATCNet,2,20,0.6016666666666667,0.6566666666666666,30,150,FM-Full_A-None_AdaBN-F
Yang2025,ATCNet,2,34,0.5166666666666667,0.85,30,150,FM-Full_A-None_AdaBN-F
Yang2025,ATCNet,2,37,0.74,0.8033333333333333,30,150,FM-Full_A-None_AdaBN-F
Yang2025,ATCNet,2,48,0.7516666666666667,0.795,30,150,FM-Full_A-None_AdaBN-F
Yang2025,ATCNet,2,49,0.8433333333333334,0.8816666666666667,30,150,FM-Full_A-None_AdaBN-F
Yang2025,ATCNet,2,50,0.7766666666666666,0.845,30,150,FM-Full_A-None_AdaBN-F
Yang2025,ATCNet,3,1,0.7883333333333333,0.8383333333333334,30,150,FM-Full_A-None_AdaBN-F
Yang2025,ATCNet,3,10,0.7633333333333333,0.75,30,150,FM-Full_A-None_AdaBN-F
Yang2025,ATCNet,3,12,0.5233333333333333,0.5433333333333333,30,150,FM-Full_A-None_AdaBN-F
Yang2025,ATCNet,3,17,0.615,0.6366666666666667,30,150,FM-Full_A-None_AdaBN-F
Yang2025,ATCNet,3,26,0.66110183639399,0.8414023372287145,30,150,FM-Full_A-None_AdaBN-F
Yang2025,ATCNet,3,27,0.6216666666666667,0.74,30,150,FM-Full_A-None_AdaBN-F
Yang2025,ATCNet,3,28,0.7733333333333333,0.8416666666666667,30,150,FM-Full_A-None_AdaBN-F
Yang2025,ATCNet,3,35,0.6533333333333333,0.75,30,150,FM-Full_A-None_AdaBN-F
Yang2025,ATCNet,3,45,0.6583333333333333,0.6966666666666667,30,150,FM-Full_A-None_AdaBN-F
Yang2025,ATCNet,3,46,0.7983333333333333,0.8583333333333333,30,150,FM-Full_A-None_AdaBN-F
Yang2025,ATCNet,4,2,0.5266666666666666,0.575,30,150,FM-Full_A-None_AdaBN-F
Yang2025,ATCNet,4,3,0.8716666666666667,0.89,30,150,FM-Full_A-None_AdaBN-F
Yang2025,ATCNet,4,6,0.8633333333333333,0.935,30,150,FM-Full_A-None_AdaBN-F
Yang2025,ATCNet,4,22,0.68,0.7483333333333333,30,150,FM-Full_A-None_AdaBN-F
Yang2025,ATCNet,4,24,0.7474747474747475,0.904040404040404,30,150,FM-Full_A-None_AdaBN-F
Yang2025,ATCNet,4,30,0.7883333333333333,0.7416666666666667,30,150,FM-Full_A-None_AdaBN-F
Yang2025,ATCNet,4,36,0.55,0.7866666666666666,30,150,FM-Full_A-None_AdaBN-F
Yang2025,ATCNet,4,38,0.5133333333333333,0.5483333333333333,30,150,FM-Full_A-None_AdaBN-F
Yang2025,ATCNet,4,40,0.615,0.7716666666666666,30,150,FM-Full_A-None_AdaBN-F
Yang2025,ATCNet,4,42,0.5933333333333334,0.6583333333333333,30,150,FM-Full_A-None_AdaBN-F
Yang2025,ATCNet,5,8,0.7833333333333333,0.8166666666666667,30,150,FM-Full_A-None_AdaBN-F
Yang2025,ATCNet,5,11,0.7766666666666666,0.8233333333333334,30,150,FM-Full_A-None_AdaBN-F
Yang2025,ATCNet,5,15,0.6733333333333333,0.675,30,150,FM-Full_A-None_AdaBN-F
Yang2025,ATCNet,5,19,0.755,0.8033333333333333,30,150,FM-Full_A-None_AdaBN-F
Yang2025,ATCNet,5,21,0.7333333333333333,0.74,30,150,FM-Full_A-None_AdaBN-F
Yang2025,ATCNet,5,23,0.8263772954924875,0.8614357262103506,30,150,FM-Full_A-None_AdaBN-F
Yang2025,ATCNet,5,29,0.9133333333333332,0.945,30,150,FM-Full_A-None_AdaBN-F
Yang2025,ATCNet,5,39,0.6983333333333334,0.7766666666666666,30,150,FM-Full_A-None_AdaBN-F
Yang2025,ATCNet,5,43,0.75,0.8666666666666667,30,150,FM-Full_A-None_AdaBN-F
Yang2025,ATCNet,5,51,0.6666666666666666,0.7633333333333333,30,150,FM-Full_A-None_AdaBN-F
Yang2025,ATCNet,1,4,,,30,150,FM-Full_A-None_AdaBN-F
Yang2025,ATCNet,1,13,,,30,150,FM-Full_A-None_AdaBN-F
Yang2025,ATCNet,1,14,,,30,150,FM-Full_A-None_AdaBN-F
Yang2025,ATCNet,1,18,,,30,150,FM-Full_A-None_AdaBN-F
Yang2025,ATCNet,1,25,,,30,150,FM-Full_A-None_AdaBN-F
Yang2025,ATCNet,1,31,,,30,150,FM-Full_A-None_AdaBN-F
Yang2025,ATCNet,1,32,,,30,150,FM-Full_A-None_AdaBN-F
Yang2025,ATCNet,1,33,,,30,150,FM-Full_A-None_AdaBN-F
Yang2025,ATCNet,1,41,,,30,150,FM-Full_A-None_AdaBN-F
Yang2025,ATCNet,1,44,,,30,150,FM-Full_A-None_AdaBN-F
Yang2025,ATCNet,1,47,,,30,150,FM-Full_A-None_AdaBN-F
Yang2025,ATCNet,2,5,,,30,150,FM-Full_A-None_AdaBN-F
Yang2025,ATCNet,2,7,,,30,150,FM-Full_A-None_AdaBN-F
Yang2025,ATCNet,2,9,,,30,150,FM-Full_A-None_AdaBN-F
Yang2025,ATCNet,2,16,,,30,150,FM-Full_A-None_AdaBN-F
Yang2025,ATCNet,2,20,,,30,150,FM-Full_A-None_AdaBN-F
Yang2025,ATCNet,2,34,,,30,150,FM-Full_A-None_AdaBN-F
Yang2025,ATCNet,2,37,,,30,150,FM-Full_A-None_AdaBN-F
Yang2025,ATCNet,2,48,,,30,150,FM-Full_A-None_AdaBN-F
Yang2025,ATCNet,2,49,,,30,150,FM-Full_A-None_AdaBN-F
Yang2025,ATCNet,2,50,,,30,150,FM-Full_A-None_AdaBN-F
Yang2025,ATCNet,3,1,,,30,150,FM-Full_A-None_AdaBN-F
Yang2025,ATCNet,3,10,,,30,150,FM-Full_A-None_AdaBN-F
Yang2025,ATCNet,3,12,,,30,150,FM-Full_A-None_AdaBN-F
Yang2025,ATCNet,3,17,,,30,150,FM-Full_A-None_AdaBN-F
Yang2025,ATCNet,3,26,,,30,150,FM-Full_A-None_AdaBN-F
Yang2025,ATCNet,3,27,,,30,150,FM-Full_A-None_AdaBN-F
Yang2025,ATCNet,3,28,,,30,150,FM-Full_A-None_AdaBN-F
Yang2025,ATCNet,3,35,,,30,150,FM-Full_A-None_AdaBN-F
Yang2025,ATCNet,3,45,,,30,150,FM-Full_A-None_AdaBN-F
Yang2025,ATCNet,3,46,,,30,150,FM-Full_A-None_AdaBN-F
Yang2025,ATCNet,4,2,,,30,150,FM-Full_A-None_AdaBN-F
Yang2025,ATCNet,4,3,,,30,150,FM-Full_A-None_AdaBN-F
Yang2025,ATCNet,4,6,,,30,150,FM-Full_A-None_AdaBN-F
Yang2025,ATCNet,4,22,,,30,150,FM-Full_A-None_AdaBN-F
Yang2025,ATCNet,4,24,,,30,150,FM-Full_A-None_AdaBN-F
Yang2025,ATCNet,4,30,,,30,150,FM-Full_A-None_AdaBN-F
Yang2025,ATCNet,4,36,,,30,150,FM-Full_A-None_AdaBN-F
Yang2025,ATCNet,4,38,,,30,150,FM-Full_A-None_AdaBN-F
Yang2025,ATCNet,4,40,,,30,150,FM-Full_A-None_AdaBN-F
Yang2025,ATCNet,4,42,,,30,150,FM-Full_A-None_AdaBN-F
Yang2025,ATCNet,5,8,,,30,150,FM-Full_A-None_AdaBN-F
Yang2025,ATCNet,5,11,,,30,150,FM-Full_A-None_AdaBN-F
Yang2025,ATCNet,5,15,,,30,150,FM-Full_A-None_AdaBN-F
Yang2025,ATCNet,5,19,,,30,150,FM-Full_A-None_AdaBN-F
Yang2025,ATCNet,5,21,,,30,150,FM-Full_A-None_AdaBN-F
Yang2025,ATCNet,5,23,,,30,150,FM-Full_A-None_AdaBN-F
Yang2025,ATCNet,5,29,,,30,150,FM-Full_A-None_AdaBN-F
Yang2025,ATCNet,5,39,,,30,150,FM-Full_A-None_AdaBN-F
Yang2025,ATCNet,5,43,,,30,150,FM-Full_A-None_AdaBN-F
Yang2025,ATCNet,5,51,,,30,150,FM-Full_A-None_AdaBN-F
Huebner2018,DeepConvNet,1,1,0.9600112052664752,0.980320750752854,12,7000,FM-Full_A-None_AdaBN-F
Huebner2018,DeepConvNet,1,10,0.8845238095238095,0.940686274509804,12,7000,FM-Full_A-None_AdaBN-F
Huebner2018,DeepConvNet,1,11,0.8238148825432551,0.9240399493599664,12,7000,FM-Full_A-None_AdaBN-F
Huebner2018,DeepConvNet,2,3,0.9698179271708685,0.9831932773109244,12,7000,FM-Full_A-None_AdaBN-F
Huebner2018,DeepConvNet,2,6,0.8651260504201681,0.9826330532212884,12,7000,FM-Full_A-None_AdaBN-F
Huebner2018,DeepConvNet,2,9,0.796134183066041,0.95349814412774,12,7000,FM-Full_A-None_AdaBN-F
Huebner2018,DeepConvNet,3,2,0.9728991596638656,0.9859943977591036,12,7000,FM-Full_A-None_AdaBN-F
Huebner2018,DeepConvNet,3,12,0.8154761904761905,0.940546218487395,12,7000,FM-Full_A-None_AdaBN-F
Huebner2018,DeepConvNet,4,5,0.8265377609639905,0.9354070337676896,12,7000,FM-Full_A-None_AdaBN-F
Huebner2018,DeepConvNet,4,8,0.7896358543417367,0.9335434173669468,12,7000,FM-Full_A-None_AdaBN-F
Huebner2018,DeepConvNet,5,4,0.9429271708683472,0.963655462184874,12,7000,FM-Full_A-None_AdaBN-F
Huebner2018,DeepConvNet,5,7,0.8673998318856823,0.9457831325301204,12,7000,FM-Full_A-None_AdaBN-F
Kalunga2016,ShallowConvNet,1,1,,,4,64,FM-Full_A-None_AdaBN-F
Kalunga2016,ShallowConvNet,1,10,,,4,64,FM-Full_A-None_AdaBN-F
Kalunga2016,ShallowConvNet,1,11,,,4,64,FM-Full_A-None_AdaBN-F
Kalunga2016,ShallowConvNet,2,3,,,4,64,FM-Full_A-None_AdaBN-F
Kalunga2016,ShallowConvNet,2,6,,,4,64,FM-Full_A-None_AdaBN-F
Kalunga2016,ShallowConvNet,2,9,,,4,64,FM-Full_A-None_AdaBN-F
Kalunga2016,ShallowConvNet,3,2,,,4,64,FM-Full_A-None_AdaBN-F
Kalunga2016,ShallowConvNet,3,12,,,4,64,FM-Full_A-None_AdaBN-F
Kalunga2016,ShallowConvNet,4,5,,,4,64,FM-Full_A-None_AdaBN-F
Kalunga2016,ShallowConvNet,4,8,,,4,64,FM-Full_A-None_AdaBN-F
Kalunga2016,ShallowConvNet,5,4,,,4,64,FM-Full_A-None_AdaBN-F
Kalunga2016,ShallowConvNet,5,7,,,4,64,FM-Full_A-None_AdaBN-F
Kalunga2016,ShallowConvNet,1,1,0.3125,0.265625,4,64,FM-Full_A-None_AdaBN-F
Kalunga2016,ShallowConvNet,1,10,0.203125,0.3359375,4,64,FM-Full_A-None_AdaBN-F
Kalunga2016,ShallowConvNet,1,11,0.265625,0.234375,4,64,FM-Full_A-None_AdaBN-F
Kalunga2016,ShallowConvNet,2,3,0.296875,0.390625,4,64,FM-Full_A-None_AdaBN-F
Kalunga2016,ShallowConvNet,2,6,0.453125,0.53125,4,64,FM-Full_A-None_AdaBN-F
Kalunga2016,ShallowConvNet,2,9,0.296875,0.328125,4,64,FM-Full_A-None_AdaBN-F
Kalunga2016,ShallowConvNet,3,2,0.15625,0.3125,4,64,FM-Full_A-None_AdaBN-F
Kalunga2016,ShallowConvNet,3,12,0.3,0.50625,4,64,FM-Full_A-None_AdaBN-F
Kalunga2016,ShallowConvNet,4,5,0.390625,0.375,4,64,FM-Full_A-None_AdaBN-F
Kalunga2016,ShallowConvNet,4,8,0.296875,0.390625,4,64,FM-Full_A-None_AdaBN-F
Kalunga2016,ShallowConvNet,5,4,0.359375,0.453125,4,64,FM-Full_A-None_AdaBN-F
Kalunga2016,ShallowConvNet,5,7,0.3229166666666667,0.3229166666666667,4,64,FM-Full_A-None_AdaBN-F
Lee2019_SSVEP,ATCNet,1,4,,,20,200,FM-Full_A-None_AdaBN-F
Lee2019_SSVEP,ATCNet,1,6,,,20,200,FM-Full_A-None_AdaBN-F
Lee2019_SSVEP,ATCNet,1,13,,,20,200,FM-Full_A-None_AdaBN-F
Lee2019_SSVEP,ATCNet,1,14,,,20,200,FM-Full_A-None_AdaBN-F
Lee2019_SSVEP,ATCNet,1,18,,,20,200,FM-Full_A-None_AdaBN-F
Lee2019_SSVEP,ATCNet,1,20,,,20,200,FM-Full_A-None_AdaBN-F
Lee2019_SSVEP,ATCNet,1,33,,,20,200,FM-Full_A-None_AdaBN-F
Lee2019_SSVEP,ATCNet,1,45,,,20,200,FM-Full_A-None_AdaBN-F
Lee2019_SSVEP,ATCNet,1,49,,,20,200,FM-Full_A-None_AdaBN-F
Lee2019_SSVEP,ATCNet,1,50,,,20,200,FM-Full_A-None_AdaBN-F
Lee2019_SSVEP,ATCNet,1,53,,,20,200,FM-Full_A-None_AdaBN-F
Lee2019_SSVEP,ATCNet,2,5,,,20,200,FM-Full_A-None_AdaBN-F
Lee2019_SSVEP,ATCNet,2,7,,,20,200,FM-Full_A-None_AdaBN-F
Lee2019_SSVEP,ATCNet,2,9,,,20,200,FM-Full_A-None_AdaBN-F
Lee2019_SSVEP,ATCNet,2,16,,,20,200,FM-Full_A-None_AdaBN-F
Lee2019_SSVEP,ATCNet,2,25,,,20,200,FM-Full_A-None_AdaBN-F
Lee2019_SSVEP,ATCNet,2,27,,,20,200,FM-Full_A-None_AdaBN-F
Lee2019_SSVEP,ATCNet,2,34,,,20,200,FM-Full_A-None_AdaBN-F
Lee2019_SSVEP,ATCNet,2,35,,,20,200,FM-Full_A-None_AdaBN-F
Lee2019_SSVEP,ATCNet,2,38,,,20,200,FM-Full_A-None_AdaBN-F
Lee2019_SSVEP,ATCNet,2,46,,,20,200,FM-Full_A-None_AdaBN-F
Lee2019_SSVEP,ATCNet,2,51,,,20,200,FM-Full_A-None_AdaBN-F
Lee2019_SSVEP,ATCNet,3,1,,,20,200,FM-Full_A-None_AdaBN-F
Lee2019_SSVEP,ATCNet,3,10,,,20,200,FM-Full_A-None_AdaBN-F
Lee2019_SSVEP,ATCNet,3,12,,,20,200,FM-Full_A-None_AdaBN-F
Lee2019_SSVEP,ATCNet,3,17,,,20,200,FM-Full_A-None_AdaBN-F
Lee2019_SSVEP,ATCNet,3,26,,,20,200,FM-Full_A-None_AdaBN-F
Lee2019_SSVEP,ATCNet,3,28,,,20,200,FM-Full_A-None_AdaBN-F
Lee2019_SSVEP,ATCNet,3,31,,,20,200,FM-Full_A-None_AdaBN-F
Lee2019_SSVEP,ATCNet,3,32,,,20,200,FM-Full_A-None_AdaBN-F
Lee2019_SSVEP,ATCNet,3,37,,,20,200,FM-Full_A-None_AdaBN-F
Lee2019_SSVEP,ATCNet,3,41,,,20,200,FM-Full_A-None_AdaBN-F
Lee2019_SSVEP,ATCNet,3,48,,,20,200,FM-Full_A-None_AdaBN-F
Lee2019_SSVEP,ATCNet,4,2,,,20,200,FM-Full_A-None_AdaBN-F
Lee2019_SSVEP,ATCNet,4,3,,,20,200,FM-Full_A-None_AdaBN-F
Lee2019_SSVEP,ATCNet,4,11,,,20,200,FM-Full_A-None_AdaBN-F
Lee2019_SSVEP,ATCNet,4,22,,,20,200,FM-Full_A-None_AdaBN-F
Lee2019_SSVEP,ATCNet,4,24,,,20,200,FM-Full_A-None_AdaBN-F
Lee2019_SSVEP,ATCNet,4,30,,,20,200,FM-Full_A-None_AdaBN-F
Lee2019_SSVEP,ATCNet,4,36,,,20,200,FM-Full_A-None_AdaBN-F
Lee2019_SSVEP,ATCNet,4,40,,,20,200,FM-Full_A-None_AdaBN-F
Lee2019_SSVEP,ATCNet,4,42,,,20,200,FM-Full_A-None_AdaBN-F
Lee2019_SSVEP,ATCNet,4,44,,,20,200,FM-Full_A-None_AdaBN-F
Lee2019_SSVEP,ATCNet,4,47,,,20,200,FM-Full_A-None_AdaBN-F
Lee2019_SSVEP,ATCNet,5,8,,,20,200,FM-Full_A-None_AdaBN-F
Lee2019_SSVEP,ATCNet,5,15,,,20,200,FM-Full_A-None_AdaBN-F
Lee2019_SSVEP,ATCNet,5,19,,,20,200,FM-Full_A-None_AdaBN-F
Lee2019_SSVEP,ATCNet,5,21,,,20,200,FM-Full_A-None_AdaBN-F
Lee2019_SSVEP,ATCNet,5,23,,,20,200,FM-Full_A-None_AdaBN-F
Lee2019_SSVEP,ATCNet,5,29,,,20,200,FM-Full_A-None_AdaBN-F
Lee2019_SSVEP,ATCNet,5,39,,,20,200,FM-Full_A-None_AdaBN-F
Lee2019_SSVEP,ATCNet,5,43,,,20,200,FM-Full_A-None_AdaBN-F
Lee2019_SSVEP,ATCNet,5,52,,,20,200,FM-Full_A-None_AdaBN-F
Lee2019_SSVEP,ATCNet,5,54,,,20,200,FM-Full_A-None_AdaBN-F
Lee2019_SSVEP,ATCNet,1,4,0.99,0.995,20,200,FM-Full_A-None_AdaBN-F
Lee2019_SSVEP,ATCNet,1,6,0.975,1.0,20,200,FM-Full_A-None_AdaBN-F
Lee2019_SSVEP,ATCNet,1,13,0.975,0.995,20,200,FM-Full_A-None_AdaBN-F
Lee2019_SSVEP,ATCNet,1,14,0.8,0.94,20,200,FM-Full_A-None_AdaBN-F
Lee2019_SSVEP,ATCNet,1,18,0.985,0.985,20,200,FM-Full_A-None_AdaBN-F
Lee2019_SSVEP,ATCNet,1,20,0.985,0.985,20,200,FM-Full_A-None_AdaBN-F
Lee2019_SSVEP,ATCNet,1,33,0.99,1.0,20,200,FM-Full_A-None_AdaBN-F
Lee2019_SSVEP,ATCNet,1,45,0.93,0.945,20,200,FM-Full_A-None_AdaBN-F
Lee2019_SSVEP,ATCNet,1,49,0.925,0.995,20,200,FM-Full_A-None_AdaBN-F
Lee2019_SSVEP,ATCNet,1,50,0.975,0.995,20,200,FM-Full_A-None_AdaBN-F
Lee2019_SSVEP,ATCNet,1,53,1.0,0.995,20,200,FM-Full_A-None_AdaBN-F
Lee2019_SSVEP,ATCNet,2,5,0.815,0.845,20,200,FM-Full_A-None_AdaBN-F
Lee2019_SSVEP,ATCNet,2,7,0.995,0.995,20,200,FM-Full_A-None_AdaBN-F
Lee2019_SSVEP,ATCNet,2,9,0.935,0.975,20,200,FM-Full_A-None_AdaBN-F
Lee2019_SSVEP,ATCNet,2,16,0.995,0.995,20,200,FM-Full_A-None_AdaBN-F
Lee2019_SSVEP,ATCNet,2,25,0.945,0.96,20,200,FM-Full_A-None_AdaBN-F
Lee2019_SSVEP,ATCNet,2,27,0.995,0.99,20,200,FM-Full_A-None_AdaBN-F
Lee2019_SSVEP,ATCNet,2,34,0.77,0.795,20,200,FM-Full_A-None_AdaBN-F
Lee2019_SSVEP,ATCNet,2,35,0.72,0.99,20,200,FM-Full_A-None_AdaBN-F
Lee2019_SSVEP,ATCNet,2,38,0.98,0.975,20,200,FM-Full_A-None_AdaBN-F
Lee2019_SSVEP,ATCNet,2,46,1.0,1.0,20,200,FM-Full_A-None_AdaBN-F
Lee2019_SSVEP,ATCNet,2,51,0.805,0.795,20,200,FM-Full_A-None_AdaBN-F
Lee2019_SSVEP,ATCNet,3,1,0.915,0.965,20,200,FM-Full_A-None_AdaBN-F
Lee2019_SSVEP,ATCNet,3,10,0.99,0.995,20,200,FM-Full_A-None_AdaBN-F
Lee2019_SSVEP,ATCNet,3,12,0.965,0.965,20,200,FM-Full_A-None_AdaBN-F
Lee2019_SSVEP,ATCNet,3,17,0.86,0.94,20,200,FM-Full_A-None_AdaBN-F
Lee2019_SSVEP,ATCNet,3,26,0.995,0.995,20,200,FM-Full_A-None_AdaBN-F
Lee2019_SSVEP,ATCNet,3,28,0.975,0.975,20,200,FM-Full_A-None_AdaBN-F
Lee2019_SSVEP,ATCNet,3,31,1.0,1.0,20,200,FM-Full_A-None_AdaBN-F
Lee2019_SSVEP,ATCNet,3,32,0.885,0.98,20,200,FM-Full_A-None_AdaBN-F
Lee2019_SSVEP,ATCNet,3,37,0.995,0.99,20,200,FM-Full_A-None_AdaBN-F
Lee2019_SSVEP,ATCNet,3,41,0.93,0.985,20,200,FM-Full_A-None_AdaBN-F
Lee2019_SSVEP,ATCNet,3,48,0.99,1.0,20,200,FM-Full_A-None_AdaBN-F
Lee2019_SSVEP,ATCNet,4,2,0.985,0.99,20,200,FM-Full_A-None_AdaBN-F
Lee2019_SSVEP,ATCNet,4,3,0.9,0.91,20,200,FM-Full_A-None_AdaBN-F
Lee2019_SSVEP,ATCNet,4,11,1.0,1.0,20,200,FM-Full_A-None_AdaBN-F
Lee2019_SSVEP,ATCNet,4,22,0.775,0.865,20,200,FM-Full_A-None_AdaBN-F
Lee2019_SSVEP,ATCNet,4,24,0.915,0.96,20,200,FM-Full_A-None_AdaBN-F
Lee2019_SSVEP,ATCNet,4,30,0.9,0.995,20,200,FM-Full_A-None_AdaBN-F
Lee2019_SSVEP,ATCNet,4,36,1.0,1.0,20,200,FM-Full_A-None_AdaBN-F
Lee2019_SSVEP,ATCNet,4,40,0.915,0.955,20,200,FM-Full_A-None_AdaBN-F
Lee2019_SSVEP,ATCNet,4,42,0.77,0.795,20,200,FM-Full_A-None_AdaBN-F
Lee2019_SSVEP,ATCNet,4,44,0.98,0.975,20,200,FM-Full_A-None_AdaBN-F
Lee2019_SSVEP,ATCNet,4,47,0.595,0.59,20,200,FM-Full_A-None_AdaBN-F
Lee2019_SSVEP,ATCNet,5,8,0.905,0.96,20,200,FM-Full_A-None_AdaBN-F
Lee2019_SSVEP,ATCNet,5,15,0.855,1.0,20,200,FM-Full_A-None_AdaBN-F
Lee2019_SSVEP,ATCNet,5,19,0.975,0.98,20,200,FM-Full_A-None_AdaBN-F
Lee2019_SSVEP,ATCNet,5,21,0.915,0.96,20,200,FM-Full_A-None_AdaBN-F
Lee2019_SSVEP,ATCNet,5,23,0.3,0.525,20,200,FM-Full_A-None_AdaBN-F
Lee2019_SSVEP,ATCNet,5,29,0.95,0.965,20,200,FM-Full_A-None_AdaBN-F
Lee2019_SSVEP,ATCNet,5,39,0.99,1.0,20,200,FM-Full_A-None_AdaBN-F
Lee2019_SSVEP,ATCNet,5,43,1.0,1.0,20,200,FM-Full_A-None_AdaBN-F
Lee2019_SSVEP,ATCNet,5,52,0.995,1.0,20,200,FM-Full_A-None_AdaBN-F
Lee2019_SSVEP,ATCNet,5,54,0.78,0.89,20,200,FM-Full_A-None_AdaBN-F
Huebner2018,DeepConvNet,1,1,0.9463547867497724,0.979060158274389,6,7000,FM-Full_A-None_AdaBN-F
Huebner2018,DeepConvNet,1,10,0.8565826330532212,0.93984593837535,6,7000,FM-Full_A-None_AdaBN-F
Huebner2018,DeepConvNet,1,11,0.8066535377690252,0.9223519482346322,6,7000,FM-Full_A-None_AdaBN-F
Huebner2018,DeepConvNet,2,3,0.917156862745098,0.9819327731092437,6,7000,FM-Full_A-None_AdaBN-F
Huebner2018,DeepConvNet,2,6,0.8350840336134454,0.9817927170868348,6,7000,FM-Full_A-None_AdaBN-F
Huebner2018,DeepConvNet,2,9,0.7850689824217382,0.951957419987394,6,7000,FM-Full_A-None_AdaBN-F
Huebner2018,DeepConvNet,3,2,0.9623249299719888,0.9854341736694678,6,7000,FM-Full_A-None_AdaBN-F
Huebner2018,DeepConvNet,3,12,0.8266806722689075,0.938515406162465,6,7000,FM-Full_A-None_AdaBN-F
Huebner2018,DeepConvNet,4,5,0.8146279949558638,0.9335855401429172,6,7000,FM-Full_A-None_AdaBN-F
Huebner2018,DeepConvNet,4,8,0.7803921568627451,0.9317226890756304,6,7000,FM-Full_A-None_AdaBN-F
Huebner2018,DeepConvNet,5,4,0.9266806722689076,0.9649159663865546,6,7000,FM-Full_A-None_AdaBN-F
Huebner2018,DeepConvNet,5,7,0.8267021574670776,0.9422107032782292,6,7000,FM-Full_A-None_AdaBN-F
BNCI2014_001,ShallowConvNet,1,2,,,8,375,FM-Full_A-None_AdaBN-F
BNCI2014_001,ShallowConvNet,1,8,,,8,375,FM-Full_A-None_AdaBN-F
BNCI2014_001,ShallowConvNet,2,1,,,8,375,FM-Full_A-None_AdaBN-F
BNCI2014_001,ShallowConvNet,2,6,,,8,375,FM-Full_A-None_AdaBN-F
BNCI2014_001,ShallowConvNet,3,3,,,8,375,FM-Full_A-None_AdaBN-F
BNCI2014_001,ShallowConvNet,3,9,,,8,375,FM-Full_A-None_AdaBN-F
BNCI2014_001,ShallowConvNet,4,4,,,8,375,FM-Full_A-None_AdaBN-F
BNCI2014_001,ShallowConvNet,4,5,,,8,375,FM-Full_A-None_AdaBN-F
BNCI2014_001,ShallowConvNet,5,7,,,8,375,FM-Full_A-None_AdaBN-F
BNCI2014_001,ShallowConvNet,1,2,0.3072916666666667,0.4479166666666667,8,375,FM-Full_A-None_AdaBN-F
BNCI2014_001,ShallowConvNet,1,8,0.609375,0.734375,8,375,FM-Full_A-None_AdaBN-F
BNCI2014_001,ShallowConvNet,2,1,0.609375,0.7152777777777778,8,375,FM-Full_A-None_AdaBN-F
BNCI2014_001,ShallowConvNet,2,6,0.3385416666666667,0.515625,8,375,FM-Full_A-None_AdaBN-F
BNCI2014_001,ShallowConvNet,3,3,0.5208333333333334,0.8090277777777778,8,375,FM-Full_A-None_AdaBN-F
BNCI2014_001,ShallowConvNet,3,9,0.6006944444444444,0.8159722222222222,8,375,FM-Full_A-None_AdaBN-F
BNCI2014_001,ShallowConvNet,4,4,0.3020833333333333,0.5746527777777778,8,375,FM-Full_A-None_AdaBN-F
BNCI2014_001,ShallowConvNet,4,5,0.2586805555555556,0.4131944444444444,8,375,FM-Full_A-None_AdaBN-F
BNCI2014_001,ShallowConvNet,5,7,0.4027777777777778,0.6822916666666666,8,375,FM-Full_A-None_AdaBN-F
BI2015a,EEGNetv4,1,5,0.8855218855218855,0.9242424242424242,30,500,FM-Full_A-None_AdaBN-F
BI2015a,EEGNetv4,1,9,0.8483483483483484,0.9046546546546548,30,500,FM-Full_A-None_AdaBN-F
BI2015a,EEGNetv4,1,13,0.904970760233918,0.942251461988304,30,500,FM-Full_A-None_AdaBN-F
BI2015a,EEGNetv4,1,25,0.8405172413793104,0.8615900383141762,30,500,FM-Full_A-None_AdaBN-F
BI2015a,EEGNetv4,1,26,0.9086021505376344,0.9525089605734768,30,500,FM-Full_A-None_AdaBN-F
BI2015a,EEGNetv4,1,35,0.8341384863123994,0.8317230273752013,30,500,FM-Full_A-None_AdaBN-F
BI2015a,EEGNetv4,1,37,0.8194444444444444,0.8634920634920635,30,500,FM-Full_A-None_AdaBN-F
BI2015a,EEGNetv4,1,38,0.8686186186186187,0.9106606606606606,30,500,FM-Full_A-None_AdaBN-F
BI2015a,EEGNetv4,1,40,0.8513374485596708,0.9094650205761317,30,500,FM-Full_A-None_AdaBN-F
BI2015a,EEGNetv4,2,4,0.8840277777777777,0.9305555555555556,30,500,FM-Full_A-None_AdaBN-F
BI2015a,EEGNetv4,2,7,0.8333333333333334,0.9052287581699346,30,500,FM-Full_A-None_AdaBN-F
BI2015a,EEGNetv4,2,14,0.8319088319088319,0.8703703703703703,30,500,FM-Full_A-None_AdaBN-F
BI2015a,EEGNetv4,2,16,0.8888888888888888,0.9206349206349206,30,500,FM-Full_A-None_AdaBN-F
BI2015a,EEGNetv4,2,18,0.8290123456790124,0.8771604938271605,30,500,FM-Full_A-None_AdaBN-F
BI2015a,EEGNetv4,2,20,0.8753086419753087,0.9179012345679012,30,500,FM-Full_A-None_AdaBN-F
BI2015a,EEGNetv4,2,28,0.8511111111111112,0.87,30,500,FM-Full_A-None_AdaBN-F
BI2015a,EEGNetv4,2,32,0.8853046594982079,0.9014336917562724,30,500,FM-Full_A-None_AdaBN-F
BI2015a,EEGNetv4,2,41,0.8074074074074075,0.891358024691358,30,500,FM-Full_A-None_AdaBN-F
BI2015a,EEGNetv4,3,1,0.8323244552058111,0.8424132364810331,30,500,FM-Full_A-None_AdaBN-F
BI2015a,EEGNetv4,3,6,0.8074494949494949,0.904040404040404,30,500,FM-Full_A-None_AdaBN-F
BI2015a,EEGNetv4,3,10,0.8853046594982079,0.9363799283154122,30,500,FM-Full_A-None_AdaBN-F
BI2015a,EEGNetv4,3,12,0.8315412186379928,0.853494623655914,30,500,FM-Full_A-None_AdaBN-F
BI2015a,EEGNetv4,3,17,0.8561728395061728,0.8814814814814815,30,500,FM-Full_A-None_AdaBN-F
BI2015a,EEGNetv4,3,27,0.8291139240506329,0.859704641350211,30,500,FM-Full_A-None_AdaBN-F
BI2015a,EEGNetv4,3,30,0.8703703703703703,0.8806584362139918,30,500,FM-Full_A-None_AdaBN-F
BI2015a,EEGNetv4,3,31,0.8118518518518518,0.8466666666666667,30,500,FM-Full_A-None_AdaBN-F
BI2015a,EEGNetv4,3,42,0.8503898635477583,0.8450292397660819,30,500,FM-Full_A-None_AdaBN-F
BI2015a,EEGNetv4,4,2,0.8697089947089947,0.9206349206349206,30,500,FM-Full_A-None_AdaBN-F
BI2015a,EEGNetv4,4,3,0.8659003831417624,0.9415708812260536,30,500,FM-Full_A-None_AdaBN-F
BI2015a,EEGNetv4,4,22,0.8819444444444444,0.9015151515151516,30,500,FM-Full_A-None_AdaBN-F
BI2015a,EEGNetv4,4,24,0.8827160493827161,0.9328703703703703,30,500,FM-Full_A-None_AdaBN-F
BI2015a,EEGNetv4,4,33,0.8869047619047619,0.9113756613756614,30,500,FM-Full_A-None_AdaBN-F
BI2015a,EEGNetv4,4,34,0.8468253968253968,0.9134920634920636,30,500,FM-Full_A-None_AdaBN-F
BI2015a,EEGNetv4,4,36,0.8840277777777777,0.9229166666666668,30,500,FM-Full_A-None_AdaBN-F
BI2015a,EEGNetv4,4,43,0.8955938697318008,0.9521072796934866,30,500,FM-Full_A-None_AdaBN-F
BI2015a,EEGNetv4,5,8,0.8703703703703703,0.9173280423280424,30,500,FM-Full_A-None_AdaBN-F
BI2015a,EEGNetv4,5,11,0.8291666666666667,0.8958333333333334,30,500,FM-Full_A-None_AdaBN-F
BI2015a,EEGNetv4,5,15,0.9087301587301588,0.9198412698412698,30,500,FM-Full_A-None_AdaBN-F
BI2015a,EEGNetv4,5,19,0.8727777777777778,0.88,30,500,FM-Full_A-None_AdaBN-F
BI2015a,EEGNetv4,5,21,0.8960317460317461,0.930952380952381,30,500,FM-Full_A-None_AdaBN-F
BI2015a,EEGNetv4,5,23,0.8559941520467836,0.8866959064327485,30,500,FM-Full_A-None_AdaBN-F
BI2015a,EEGNetv4,5,29,0.8404139433551199,0.8725490196078431,30,500,FM-Full_A-None_AdaBN-F
BI2015a,EEGNetv4,5,39,0.8333333333333334,0.8883219954648526,30,500,FM-Full_A-None_AdaBN-F
BI2015a,EEGNetv4,1,5,,,30,500,FM-Full_A-None_AdaBN-F
BI2015a,EEGNetv4,1,9,,,30,500,FM-Full_A-None_AdaBN-F
BI2015a,EEGNetv4,1,13,,,30,500,FM-Full_A-None_AdaBN-F
BI2015a,EEGNetv4,1,25,,,30,500,FM-Full_A-None_AdaBN-F
BI2015a,EEGNetv4,1,26,,,30,500,FM-Full_A-None_AdaBN-F
BI2015a,EEGNetv4,1,35,,,30,500,FM-Full_A-None_AdaBN-F
BI2015a,EEGNetv4,1,37,,,30,500,FM-Full_A-None_AdaBN-F
BI2015a,EEGNetv4,1,38,,,30,500,FM-Full_A-None_AdaBN-F
BI2015a,EEGNetv4,1,40,,,30,500,FM-Full_A-None_AdaBN-F
BI2015a,EEGNetv4,2,4,,,30,500,FM-Full_A-None_AdaBN-F
BI2015a,EEGNetv4,2,7,,,30,500,FM-Full_A-None_AdaBN-F
BI2015a,EEGNetv4,2,14,,,30,500,FM-Full_A-None_AdaBN-F
BI2015a,EEGNetv4,2,16,,,30,500,FM-Full_A-None_AdaBN-F
BI2015a,EEGNetv4,2,18,,,30,500,FM-Full_A-None_AdaBN-F
BI2015a,EEGNetv4,2,20,,,30,500,FM-Full_A-None_AdaBN-F
BI2015a,EEGNetv4,2,28,,,30,500,FM-Full_A-None_AdaBN-F
BI2015a,EEGNetv4,2,32,,,30,500,FM-Full_A-None_AdaBN-F
BI2015a,EEGNetv4,2,41,,,30,500,FM-Full_A-None_AdaBN-F
BI2015a,EEGNetv4,3,1,,,30,500,FM-Full_A-None_AdaBN-F
BI2015a,EEGNetv4,3,6,,,30,500,FM-Full_A-None_AdaBN-F
BI2015a,EEGNetv4,3,10,,,30,500,FM-Full_A-None_AdaBN-F
BI2015a,EEGNetv4,3,12,,,30,500,FM-Full_A-None_AdaBN-F
BI2015a,EEGNetv4,3,17,,,30,500,FM-Full_A-None_AdaBN-F
BI2015a,EEGNetv4,3,27,,,30,500,FM-Full_A-None_AdaBN-F
BI2015a,EEGNetv4,3,30,,,30,500,FM-Full_A-None_AdaBN-F
BI2015a,EEGNetv4,3,31,,,30,500,FM-Full_A-None_AdaBN-F
BI2015a,EEGNetv4,3,42,,,30,500,FM-Full_A-None_AdaBN-F
BI2015a,EEGNetv4,4,2,,,30,500,FM-Full_A-None_AdaBN-F
BI2015a,EEGNetv4,4,3,,,30,500,FM-Full_A-None_AdaBN-F
BI2015a,EEGNetv4,4,22,,,30,500,FM-Full_A-None_AdaBN-F
BI2015a,EEGNetv4,4,24,,,30,500,FM-Full_A-None_AdaBN-F
BI2015a,EEGNetv4,4,33,,,30,500,FM-Full_A-None_AdaBN-F
BI2015a,EEGNetv4,4,34,,,30,500,FM-Full_A-None_AdaBN-F
BI2015a,EEGNetv4,4,36,,,30,500,FM-Full_A-None_AdaBN-F
BI2015a,EEGNetv4,4,43,,,30,500,FM-Full_A-None_AdaBN-F
BI2015a,EEGNetv4,5,8,,,30,500,FM-Full_A-None_AdaBN-F
BI2015a,EEGNetv4,5,11,,,30,500,FM-Full_A-None_AdaBN-F
BI2015a,EEGNetv4,5,15,,,30,500,FM-Full_A-None_AdaBN-F
BI2015a,EEGNetv4,5,19,,,30,500,FM-Full_A-None_AdaBN-F
BI2015a,EEGNetv4,5,21,,,30,500,FM-Full_A-None_AdaBN-F
BI2015a,EEGNetv4,5,23,,,30,500,FM-Full_A-None_AdaBN-F
BI2015a,EEGNetv4,5,29,,,30,500,FM-Full_A-None_AdaBN-F
BI2015a,EEGNetv4,5,39,,,30,500,FM-Full_A-None_AdaBN-F
BI2015a,DeepConvNet,1,5,0.904040404040404,0.9234006734006734,20,250,FM-Full_A-None_AdaBN-F
BI2015a,DeepConvNet,1,9,0.8603603603603603,0.8963963963963963,20,250,FM-Full_A-None_AdaBN-F
BI2015a,DeepConvNet,1,13,0.8845029239766082,0.9385964912280702,20,250,FM-Full_A-None_AdaBN-F
BI2015a,DeepConvNet,1,25,0.8318965517241379,0.8721264367816092,20,250,FM-Full_A-None_AdaBN-F
BI2015a,DeepConvNet,1,26,0.9094982078853048,0.9525089605734768,20,250,FM-Full_A-None_AdaBN-F
BI2015a,DeepConvNet,1,35,0.8470209339774557,0.8361513687600645,20,250,FM-Full_A-None_AdaBN-F
BI2015a,DeepConvNet,1,37,0.7742063492063492,0.8690476190476191,20,250,FM-Full_A-None_AdaBN-F
BI2015a,DeepConvNet,1,38,0.8483483483483484,0.9166666666666666,20,250,FM-Full_A-None_AdaBN-F
BI2015a,DeepConvNet,1,40,0.8672839506172839,0.9079218106995884,20,250,FM-Full_A-None_AdaBN-F
BI2015a,DeepConvNet,2,4,0.8875,0.9375,20,250,FM-Full_A-None_AdaBN-F
BI2015a,DeepConvNet,2,7,0.4967320261437908,0.9215686274509804,20,250,FM-Full_A-None_AdaBN-F
BI2015a,DeepConvNet,2,14,0.7670940170940171,0.8646723646723646,20,250,FM-Full_A-None_AdaBN-F
BI2015a,DeepConvNet,2,16,0.9087301587301588,0.930952380952381,20,250,FM-Full_A-None_AdaBN-F
BI2015a,DeepConvNet,2,18,0.8524691358024692,0.8925925925925926,20,250,FM-Full_A-None_AdaBN-F
BI2015a,DeepConvNet,2,20,0.8882716049382716,0.9308641975308642,20,250,FM-Full_A-None_AdaBN-F
BI2015a,DeepConvNet,2,28,0.8572222222222222,0.8766666666666667,20,250,FM-Full_A-None_AdaBN-F
BI2015a,DeepConvNet,2,32,0.9041218637992832,0.9157706093189965,20,250,FM-Full_A-None_AdaBN-F
BI2015a,DeepConvNet,2,41,0.821604938271605,0.8993827160493827,20,250,FM-Full_A-None_AdaBN-F
BI2015a,DeepConvNet,3,1,0.8242534301856336,0.8520984665052461,20,250,FM-Full_A-None_AdaBN-F
BI2015a,DeepConvNet,3,6,0.8175505050505051,0.904040404040404,20,250,FM-Full_A-None_AdaBN-F
BI2015a,DeepConvNet,3,10,0.8853046594982079,0.9292114695340502,20,250,FM-Full_A-None_AdaBN-F
BI2015a,DeepConvNet,3,12,0.839605734767025,0.8517025089605734,20,250,FM-Full_A-None_AdaBN-F
BI2015a,DeepConvNet,3,17,0.8709876543209877,0.9074074074074074,20,250,FM-Full_A-None_AdaBN-F
BI2015a,DeepConvNet,3,27,0.8255977496483825,0.8558368495077355,20,250,FM-Full_A-None_AdaBN-F
BI2015a,DeepConvNet,3,30,0.912551440329218,0.9475308641975309,20,250,FM-Full_A-None_AdaBN-F
BI2015a,DeepConvNet,3,31,0.8122222222222222,0.8355555555555556,20,250,FM-Full_A-None_AdaBN-F
BI2015a,DeepConvNet,3,42,0.8538011695906432,0.8528265107212476,20,250,FM-Full_A-None_AdaBN-F
BI2015a,DeepConvNet,4,2,0.8809523809523809,0.9265873015873016,20,250,FM-Full_A-None_AdaBN-F
BI2015a,DeepConvNet,4,3,0.882183908045977,0.9511494252873564,20,250,FM-Full_A-None_AdaBN-F
BI2015a,DeepConvNet,4,22,0.8680555555555556,0.9103535353535354,20,250,FM-Full_A-None_AdaBN-F
BI2015a,DeepConvNet,4,24,0.8904320987654321,0.9344135802469136,20,250,FM-Full_A-None_AdaBN-F
BI2015a,DeepConvNet,4,33,0.8869047619047619,0.9252645502645502,20,250,FM-Full_A-None_AdaBN-F
BI2015a,DeepConvNet,4,34,0.8833333333333333,0.9142857142857144,20,250,FM-Full_A-None_AdaBN-F
BI2015a,DeepConvNet,4,36,0.8777777777777778,0.9298611111111112,20,250,FM-Full_A-None_AdaBN-F
BI2015a,DeepConvNet,4,43,0.9109195402298852,0.9473180076628352,20,250,FM-Full_A-None_AdaBN-F
BI2015a,DeepConvNet,5,8,0.8650793650793651,0.9054232804232804,20,250,FM-Full_A-None_AdaBN-F
BI2015a,DeepConvNet,5,11,0.8236111111111111,0.8965277777777778,20,250,FM-Full_A-None_AdaBN-F
BI2015a,DeepConvNet,5,15,0.8857142857142857,0.9158730158730158,20,250,FM-Full_A-None_AdaBN-F
BI2015a,DeepConvNet,5,19,0.8744444444444445,0.9016666666666666,20,250,FM-Full_A-None_AdaBN-F
BI2015a,DeepConvNet,5,21,0.9087301587301588,0.9301587301587302,20,250,FM-Full_A-None_AdaBN-F
BI2015a,DeepConvNet,5,23,0.8676900584795322,0.8859649122807017,20,250,FM-Full_A-None_AdaBN-F
BI2015a,DeepConvNet,5,29,0.8442265795206971,0.8779956427015251,20,250,FM-Full_A-None_AdaBN-F
BI2015a,DeepConvNet,5,39,0.8424036281179138,0.8849206349206349,20,250,FM-Full_A-None_AdaBN-F
Yang2025,ShallowConvNet,1,4,0.5683333333333334,0.5583333333333333,20,450,FM-Full_A-None_AdaBN-F
Yang2025,ShallowConvNet,1,13,0.7616666666666667,0.7783333333333333,20,450,FM-Full_A-None_AdaBN-F
Yang2025,ShallowConvNet,1,14,0.5766666666666667,0.5583333333333333,20,450,FM-Full_A-None_AdaBN-F
Yang2025,ShallowConvNet,1,18,0.695,0.6733333333333333,20,450,FM-Full_A-None_AdaBN-F
Yang2025,ShallowConvNet,1,25,0.88,0.9216666666666666,20,450,FM-Full_A-None_AdaBN-F
Yang2025,ShallowConvNet,1,31,0.6916666666666667,0.77,20,450,FM-Full_A-None_AdaBN-F
Yang2025,ShallowConvNet,1,32,0.5959933222036727,0.6160267111853088,20,450,FM-Full_A-None_AdaBN-F
Yang2025,ShallowConvNet,1,33,0.9016666666666666,0.9533333333333334,20,450,FM-Full_A-None_AdaBN-F
Yang2025,ShallowConvNet,1,41,0.8483333333333334,0.8816666666666667,20,450,FM-Full_A-None_AdaBN-F
Yang2025,ShallowConvNet,1,44,0.7333333333333333,0.7116666666666667,20,450,FM-Full_A-None_AdaBN-F
Yang2025,ShallowConvNet,1,47,0.88,0.87,20,450,FM-Full_A-None_AdaBN-F
Yang2025,ShallowConvNet,2,5,0.81,0.885,20,450,FM-Full_A-None_AdaBN-F
Yang2025,ShallowConvNet,2,7,0.8,0.7916666666666666,20,450,FM-Full_A-None_AdaBN-F
Yang2025,ShallowConvNet,2,9,0.7233333333333334,0.7416666666666667,20,450,FM-Full_A-None_AdaBN-F
Yang2025,ShallowConvNet,2,16,0.6283333333333333,0.6666666666666666,20,450,FM-Full_A-None_AdaBN-F
Yang2025,ShallowConvNet,2,20,0.7233333333333334,0.8583333333333333,20,450,FM-Full_A-None_AdaBN-F
Yang2025,ShallowConvNet,2,34,0.575,0.82,20,450,FM-Full_A-None_AdaBN-F
Yang2025,ShallowConvNet,2,37,0.81,0.8766666666666667,20,450,FM-Full_A-None_AdaBN-F
Yang2025,ShallowConvNet,2,48,0.82,0.8616666666666667,20,450,FM-Full_A-None_AdaBN-F
Yang2025,ShallowConvNet,2,49,0.935,0.9516666666666668,20,450,FM-Full_A-None_AdaBN-F
Yang2025,ShallowConvNet,2,50,0.91,0.9316666666666666,20,450,FM-Full_A-None_AdaBN-F
Yang2025,ShallowConvNet,3,1,0.9216666666666666,0.9316666666666666,20,450,FM-Full_A-None_AdaBN-F
Yang2025,ShallowConvNet,3,10,0.8066666666666666,0.83,20,450,FM-Full_A-None_AdaBN-F
Yang2025,ShallowConvNet,3,12,0.5916666666666667,0.555,20,450,FM-Full_A-None_AdaBN-F
Yang2025,ShallowConvNet,3,17,0.7883333333333333,0.8033333333333333,20,450,FM-Full_A-None_AdaBN-F
Yang2025,ShallowConvNet,3,26,0.8163606010016694,0.8797996661101837,20,450,FM-Full_A-None_AdaBN-F
Yang2025,ShallowConvNet,3,27,0.59,0.7066666666666667,20,450,FM-Full_A-None_AdaBN-F
Yang2025,ShallowConvNet,3,28,0.73,0.8833333333333333,20,450,FM-Full_A-None_AdaBN-F
Yang2025,ShallowConvNet,3,35,0.9066666666666666,0.9516666666666668,20,450,FM-Full_A-None_AdaBN-F
Yang2025,ShallowConvNet,3,45,0.8583333333333333,0.8533333333333334,20,450,FM-Full_A-None_AdaBN-F
Yang2025,ShallowConvNet,3,46,0.965,0.9866666666666668,20,450,FM-Full_A-None_AdaBN-F
Yang2025,ShallowConvNet,4,2,0.6683333333333333,0.6816666666666666,20,450,FM-Full_A-None_AdaBN-F
Yang2025,ShallowConvNet,4,3,0.9516666666666668,0.95,20,450,FM-Full_A-None_AdaBN-F
Yang2025,ShallowConvNet,4,6,0.9316666666666666,0.965,20,450,FM-Full_A-None_AdaBN-F
Yang2025,ShallowConvNet,4,22,0.8,0.8216666666666667,20,450,FM-Full_A-None_AdaBN-F
Yang2025,ShallowConvNet,4,24,0.936026936026936,0.9612794612794612,20,450,FM-Full_A-None_AdaBN-F
Yang2025,ShallowConvNet,4,30,0.9216666666666666,0.945,20,450,FM-Full_A-None_AdaBN-F
Yang2025,ShallowConvNet,4,36,0.92,0.9316666666666666,20,450,FM-Full_A-None_AdaBN-F
Yang2025,ShallowConvNet,4,38,0.62,0.6383333333333333,20,450,FM-Full_A-None_AdaBN-F
Yang2025,ShallowConvNet,4,40,0.8066666666666666,0.8366666666666667,20,450,FM-Full_A-None_AdaBN-F
Yang2025,ShallowConvNet,4,42,0.8383333333333334,0.815,20,450,FM-Full_A-None_AdaBN-F
Yang2025,ShallowConvNet,5,8,0.9,0.9033333333333332,20,450,FM-Full_A-None_AdaBN-F
Yang2025,ShallowConvNet,5,11,0.8716666666666667,0.9066666666666666,20,450,FM-Full_A-None_AdaBN-F
Yang2025,ShallowConvNet,5,15,0.7183333333333334,0.78,20,450,FM-Full_A-None_AdaBN-F
Yang2025,ShallowConvNet,5,19,0.8283333333333334,0.8383333333333334,20,450,FM-Full_A-None_AdaBN-F
Yang2025,ShallowConvNet,5,21,0.8533333333333334,0.8816666666666667,20,450,FM-Full_A-None_AdaBN-F
Yang2025,ShallowConvNet,5,23,0.9215358931552587,0.9348914858096828,20,450,FM-Full_A-None_AdaBN-F
Yang2025,ShallowConvNet,5,29,0.7416666666666667,0.88,20,450,FM-Full_A-None_AdaBN-F
Yang2025,ShallowConvNet,5,39,0.6716666666666666,0.755,20,450,FM-Full_A-None_AdaBN-F
Yang2025,ShallowConvNet,5,43,0.9733333333333334,0.9883333333333332,20,450,FM-Full_A-None_AdaBN-F
Yang2025,ShallowConvNet,5,51,0.8183333333333334,0.8783333333333333,20,450,FM-Full_A-None_AdaBN-F
BI2015a,ShallowConvNet,1,5,,,30,500,FM-Full_A-None_AdaBN-F
BI2015a,ShallowConvNet,1,9,,,30,500,FM-Full_A-None_AdaBN-F
BI2015a,ShallowConvNet,1,13,,,30,500,FM-Full_A-None_AdaBN-F
BI2015a,ShallowConvNet,1,25,,,30,500,FM-Full_A-None_AdaBN-F
BI2015a,ShallowConvNet,1,26,,,30,500,FM-Full_A-None_AdaBN-F
BI2015a,ShallowConvNet,1,35,,,30,500,FM-Full_A-None_AdaBN-F
BI2015a,ShallowConvNet,1,37,,,30,500,FM-Full_A-None_AdaBN-F
BI2015a,ShallowConvNet,1,38,,,30,500,FM-Full_A-None_AdaBN-F
BI2015a,ShallowConvNet,1,40,,,30,500,FM-Full_A-None_AdaBN-F
BI2015a,ShallowConvNet,2,4,,,30,500,FM-Full_A-None_AdaBN-F
BI2015a,ShallowConvNet,2,7,,,30,500,FM-Full_A-None_AdaBN-F
BI2015a,ShallowConvNet,2,14,,,30,500,FM-Full_A-None_AdaBN-F
BI2015a,ShallowConvNet,2,16,,,30,500,FM-Full_A-None_AdaBN-F
BI2015a,ShallowConvNet,2,18,,,30,500,FM-Full_A-None_AdaBN-F
BI2015a,ShallowConvNet,2,20,,,30,500,FM-Full_A-None_AdaBN-F
BI2015a,ShallowConvNet,2,28,,,30,500,FM-Full_A-None_AdaBN-F
BI2015a,ShallowConvNet,2,32,,,30,500,FM-Full_A-None_AdaBN-F
BI2015a,ShallowConvNet,2,41,,,30,500,FM-Full_A-None_AdaBN-F
BI2015a,ShallowConvNet,3,1,,,30,500,FM-Full_A-None_AdaBN-F
BI2015a,ShallowConvNet,3,6,,,30,500,FM-Full_A-None_AdaBN-F
BI2015a,ShallowConvNet,3,10,,,30,500,FM-Full_A-None_AdaBN-F
BI2015a,ShallowConvNet,3,12,,,30,500,FM-Full_A-None_AdaBN-F
BI2015a,ShallowConvNet,3,17,,,30,500,FM-Full_A-None_AdaBN-F
BI2015a,ShallowConvNet,3,27,,,30,500,FM-Full_A-None_AdaBN-F
BI2015a,ShallowConvNet,3,30,,,30,500,FM-Full_A-None_AdaBN-F
BI2015a,ShallowConvNet,3,31,,,30,500,FM-Full_A-None_AdaBN-F
BI2015a,ShallowConvNet,3,42,,,30,500,FM-Full_A-None_AdaBN-F
BI2015a,ShallowConvNet,4,2,,,30,500,FM-Full_A-None_AdaBN-F
BI2015a,ShallowConvNet,4,3,,,30,500,FM-Full_A-None_AdaBN-F
BI2015a,ShallowConvNet,4,22,,,30,500,FM-Full_A-None_AdaBN-F
BI2015a,ShallowConvNet,4,24,,,30,500,FM-Full_A-None_AdaBN-F
BI2015a,ShallowConvNet,4,33,,,30,500,FM-Full_A-None_AdaBN-F
BI2015a,ShallowConvNet,4,34,,,30,500,FM-Full_A-None_AdaBN-F
BI2015a,ShallowConvNet,4,36,,,30,500,FM-Full_A-None_AdaBN-F
BI2015a,ShallowConvNet,4,43,,,30,500,FM-Full_A-None_AdaBN-F
BI2015a,ShallowConvNet,5,8,,,30,500,FM-Full_A-None_AdaBN-F
BI2015a,ShallowConvNet,5,11,,,30,500,FM-Full_A-None_AdaBN-F
BI2015a,ShallowConvNet,5,15,,,30,500,FM-Full_A-None_AdaBN-F
BI2015a,ShallowConvNet,5,19,,,30,500,FM-Full_A-None_AdaBN-F
BI2015a,ShallowConvNet,5,21,,,30,500,FM-Full_A-None_AdaBN-F
BI2015a,ShallowConvNet,5,23,,,30,500,FM-Full_A-None_AdaBN-F
BI2015a,ShallowConvNet,5,29,,,30,500,FM-Full_A-None_AdaBN-F
BI2015a,ShallowConvNet,5,39,,,30,500,FM-Full_A-None_AdaBN-F
BI2015a,ShallowConvNet,1,5,0.8914141414141414,0.9006734006734006,30,500,FM-Full_A-None_AdaBN-F
BI2015a,ShallowConvNet,1,9,0.8528528528528528,0.8888888888888888,30,500,FM-Full_A-None_AdaBN-F
BI2015a,ShallowConvNet,1,13,0.8647660818713451,0.9239766081871345,30,500,FM-Full_A-None_AdaBN-F
BI2015a,ShallowConvNet,1,25,0.8151340996168582,0.8457854406130269,30,500,FM-Full_A-None_AdaBN-F
BI2015a,ShallowConvNet,1,26,0.8888888888888888,0.913978494623656,30,500,FM-Full_A-None_AdaBN-F
BI2015a,ShallowConvNet,1,35,0.8309178743961353,0.8184380032206119,30,500,FM-Full_A-None_AdaBN-F
BI2015a,ShallowConvNet,1,37,0.7753968253968254,0.8257936507936507,30,500,FM-Full_A-None_AdaBN-F
BI2015a,ShallowConvNet,1,38,0.8543543543543544,0.8888888888888888,30,500,FM-Full_A-None_AdaBN-F
BI2015a,ShallowConvNet,1,40,0.8549382716049383,0.8847736625514403,30,500,FM-Full_A-None_AdaBN-F
BI2015a,ShallowConvNet,2,4,0.8798611111111111,0.9097222222222222,30,500,FM-Full_A-None_AdaBN-F
BI2015a,ShallowConvNet,2,7,0.8316993464052288,0.875,30,500,FM-Full_A-None_AdaBN-F
BI2015a,ShallowConvNet,2,14,0.7022792022792023,0.8468660968660968,30,500,FM-Full_A-None_AdaBN-F
BI2015a,ShallowConvNet,2,16,0.8801587301587301,0.8960317460317461,30,500,FM-Full_A-None_AdaBN-F
BI2015a,ShallowConvNet,2,18,0.8074074074074075,0.8555555555555555,30,500,FM-Full_A-None_AdaBN-F
BI2015a,ShallowConvNet,2,20,0.8561728395061728,0.8808641975308642,30,500,FM-Full_A-None_AdaBN-F
BI2015a,ShallowConvNet,2,28,0.8611111111111112,0.8427777777777777,30,500,FM-Full_A-None_AdaBN-F
BI2015a,ShallowConvNet,2,32,0.8897849462365591,0.8888888888888888,30,500,FM-Full_A-None_AdaBN-F
BI2015a,ShallowConvNet,2,41,0.8135802469135802,0.8635802469135803,30,500,FM-Full_A-None_AdaBN-F
BI2015a,ShallowConvNet,3,1,0.4697336561743341,0.8280871670702179,30,500,FM-Full_A-None_AdaBN-F
BI2015a,ShallowConvNet,3,6,0.8333333333333334,0.8819444444444444,30,500,FM-Full_A-None_AdaBN-F
BI2015a,ShallowConvNet,3,10,0.8727598566308243,0.9005376344086021,30,500,FM-Full_A-None_AdaBN-F
BI2015a,ShallowConvNet,3,12,0.8355734767025089,0.8454301075268817,30,500,FM-Full_A-None_AdaBN-F
BI2015a,ShallowConvNet,3,17,0.8524691358024692,0.8734567901234568,30,500,FM-Full_A-None_AdaBN-F
BI2015a,ShallowConvNet,3,27,0.8255977496483825,0.8368495077355836,30,500,FM-Full_A-None_AdaBN-F
BI2015a,ShallowConvNet,3,30,0.8467078189300411,0.9218106995884774,30,500,FM-Full_A-None_AdaBN-F
BI2015a,ShallowConvNet,3,31,0.8211111111111111,0.8337037037037037,30,500,FM-Full_A-None_AdaBN-F
BI2015a,ShallowConvNet,3,42,0.8382066276803118,0.8425925925925926,30,500,FM-Full_A-None_AdaBN-F
BI2015a,ShallowConvNet,4,2,0.8776455026455027,0.8988095238095238,30,500,FM-Full_A-None_AdaBN-F
BI2015a,ShallowConvNet,4,3,0.8295019157088123,0.9252873563218392,30,500,FM-Full_A-None_AdaBN-F
BI2015a,ShallowConvNet,4,22,0.8661616161616161,0.8832070707070707,30,500,FM-Full_A-None_AdaBN-F
BI2015a,ShallowConvNet,4,24,0.878858024691358,0.902006172839506,30,500,FM-Full_A-None_AdaBN-F
BI2015a,ShallowConvNet,4,33,0.8809523809523809,0.8941798941798942,30,500,FM-Full_A-None_AdaBN-F
BI2015a,ShallowConvNet,4,34,0.8579365079365079,0.8785714285714286,30,500,FM-Full_A-None_AdaBN-F
BI2015a,ShallowConvNet,4,36,0.8597222222222223,0.8826388888888889,30,500,FM-Full_A-None_AdaBN-F
BI2015a,ShallowConvNet,4,43,0.9109195402298852,0.9224137931034484,30,500,FM-Full_A-None_AdaBN-F
BI2015a,ShallowConvNet,5,8,0.8353174603174603,0.8743386243386243,30,500,FM-Full_A-None_AdaBN-F
BI2015a,ShallowConvNet,5,11,0.8333333333333334,0.85625,30,500,FM-Full_A-None_AdaBN-F
BI2015a,ShallowConvNet,5,15,0.8666666666666667,0.8857142857142857,30,500,FM-Full_A-None_AdaBN-F
BI2015a,ShallowConvNet,5,19,0.8577777777777778,0.8694444444444445,30,500,FM-Full_A-None_AdaBN-F
BI2015a,ShallowConvNet,5,21,0.888095238095238,0.9095238095238096,30,500,FM-Full_A-None_AdaBN-F
BI2015a,ShallowConvNet,5,23,0.8501461988304093,0.8633040935672515,30,500,FM-Full_A-None_AdaBN-F
BI2015a,ShallowConvNet,5,29,0.8360566448801743,0.8447712418300654,30,500,FM-Full_A-None_AdaBN-F
BI2015a,ShallowConvNet,5,39,0.8333333333333334,0.858843537414966,30,500,FM-Full_A-None_AdaBN-F
Huebner2017,ShallowConvNet,1,1,,,3,12500,FM-Full_A-None_AdaBN-F
Huebner2017,ShallowConvNet,1,10,,,3,12500,FM-Full_A-None_AdaBN-F
Huebner2017,ShallowConvNet,1,12,,,3,12500,FM-Full_A-None_AdaBN-F
Huebner2017,ShallowConvNet,2,3,,,3,12500,FM-Full_A-None_AdaBN-F
Huebner2017,ShallowConvNet,2,6,,,3,12500,FM-Full_A-None_AdaBN-F
Huebner2017,ShallowConvNet,2,9,,,3,12500,FM-Full_A-None_AdaBN-F
Huebner2017,ShallowConvNet,3,2,,,3,12500,FM-Full_A-None_AdaBN-F
Huebner2017,ShallowConvNet,3,5,,,3,12500,FM-Full_A-None_AdaBN-F
Huebner2017,ShallowConvNet,3,13,,,3,12500,FM-Full_A-None_AdaBN-F
Huebner2017,ShallowConvNet,4,8,,,3,12500,FM-Full_A-None_AdaBN-F
Huebner2017,ShallowConvNet,4,11,,,3,12500,FM-Full_A-None_AdaBN-F
Huebner2017,ShallowConvNet,5,4,,,3,12500,FM-Full_A-None_AdaBN-F
Huebner2017,ShallowConvNet,5,7,,,3,12500,FM-Full_A-None_AdaBN-F
Huebner2017,ShallowConvNet,1,1,0.925136186770428,0.9683268482490272,3,12500,FM-Full_A-None_AdaBN-F
Huebner2017,ShallowConvNet,1,10,0.9684382793017456,0.9787250623441396,3,12500,FM-Full_A-None_AdaBN-F
Huebner2017,ShallowConvNet,1,12,0.8864768129474012,0.9554154995331466,3,12500,FM-Full_A-None_AdaBN-F
Huebner2017,ShallowConvNet,2,3,0.863112840466926,0.943112840466926,3,12500,FM-Full_A-None_AdaBN-F
Huebner2017,ShallowConvNet,2,6,0.9246935201401052,0.977583187390543,3,12500,FM-Full_A-None_AdaBN-F
Huebner2017,ShallowConvNet,2,9,0.9354964207905384,0.970666044195456,3,12500,FM-Full_A-None_AdaBN-F
Huebner2017,ShallowConvNet,3,2,0.8391690009337068,0.9436663554310614,3,12500,FM-Full_A-None_AdaBN-F
Huebner2017,ShallowConvNet,3,5,0.8696700902583255,0.9211795829442888,3,12500,FM-Full_A-None_AdaBN-F
Huebner2017,ShallowConvNet,3,13,0.9062329779783674,0.964905454828418,3,12500,FM-Full_A-None_AdaBN-F
Huebner2017,ShallowConvNet,4,8,0.7986770428015564,0.8952529182879377,3,12500,FM-Full_A-None_AdaBN-F
Huebner2017,ShallowConvNet,4,11,0.8020857654292163,0.8555529613199471,3,12500,FM-Full_A-None_AdaBN-F
Huebner2017,ShallowConvNet,5,4,0.9289494163424123,0.9810894941634242,3,12500,FM-Full_A-None_AdaBN-F
Huebner2017,ShallowConvNet,5,7,0.9565826330532212,0.9894179894179894,3,12500,FM-Full_A-None_AdaBN-F
Yang2025,ATCNet,1,4,,,10,450,FM-Full_A-None_AdaBN-F
Yang2025,ATCNet,1,13,,,10,450,FM-Full_A-None_AdaBN-F
Yang2025,ATCNet,1,14,,,10,450,FM-Full_A-None_AdaBN-F
Yang2025,ATCNet,1,18,,,10,450,FM-Full_A-None_AdaBN-F
Yang2025,ATCNet,1,25,,,10,450,FM-Full_A-None_AdaBN-F
Yang2025,ATCNet,1,31,,,10,450,FM-Full_A-None_AdaBN-F
Yang2025,ATCNet,1,32,,,10,450,FM-Full_A-None_AdaBN-F
Yang2025,ATCNet,1,33,,,10,450,FM-Full_A-None_AdaBN-F
Yang2025,ATCNet,1,41,,,10,450,FM-Full_A-None_AdaBN-F
Yang2025,ATCNet,1,44,,,10,450,FM-Full_A-None_AdaBN-F
Yang2025,ATCNet,1,47,,,10,450,FM-Full_A-None_AdaBN-F
Yang2025,ATCNet,2,5,,,10,450,FM-Full_A-None_AdaBN-F
Yang2025,ATCNet,2,7,,,10,450,FM-Full_A-None_AdaBN-F
Yang2025,ATCNet,2,9,,,10,450,FM-Full_A-None_AdaBN-F
Yang2025,ATCNet,2,16,,,10,450,FM-Full_A-None_AdaBN-F
Yang2025,ATCNet,2,20,,,10,450,FM-Full_A-None_AdaBN-F
Yang2025,ATCNet,2,34,,,10,450,FM-Full_A-None_AdaBN-F
Yang2025,ATCNet,2,37,,,10,450,FM-Full_A-None_AdaBN-F
Yang2025,ATCNet,2,48,,,10,450,FM-Full_A-None_AdaBN-F
Yang2025,ATCNet,2,49,,,10,450,FM-Full_A-None_AdaBN-F
Yang2025,ATCNet,2,50,,,10,450,FM-Full_A-None_AdaBN-F
Yang2025,ATCNet,3,1,,,10,450,FM-Full_A-None_AdaBN-F
Yang2025,ATCNet,3,10,,,10,450,FM-Full_A-None_AdaBN-F
Yang2025,ATCNet,3,12,,,10,450,FM-Full_A-None_AdaBN-F
Yang2025,ATCNet,3,17,,,10,450,FM-Full_A-None_AdaBN-F
Yang2025,ATCNet,3,26,,,10,450,FM-Full_A-None_AdaBN-F
Yang2025,ATCNet,3,27,,,10,450,FM-Full_A-None_AdaBN-F
Yang2025,ATCNet,3,28,,,10,450,FM-Full_A-None_AdaBN-F
Yang2025,ATCNet,3,35,,,10,450,FM-Full_A-None_AdaBN-F
Yang2025,ATCNet,3,45,,,10,450,FM-Full_A-None_AdaBN-F
Yang2025,ATCNet,3,46,,,10,450,FM-Full_A-None_AdaBN-F
Yang2025,ATCNet,4,2,,,10,450,FM-Full_A-None_AdaBN-F
Yang2025,ATCNet,4,3,,,10,450,FM-Full_A-None_AdaBN-F
Yang2025,ATCNet,4,6,,,10,450,FM-Full_A-None_AdaBN-F
Yang2025,ATCNet,4,22,,,10,450,FM-Full_A-None_AdaBN-F
Yang2025,ATCNet,4,24,,,10,450,FM-Full_A-None_AdaBN-F
Yang2025,ATCNet,4,30,,,10,450,FM-Full_A-None_AdaBN-F
Yang2025,ATCNet,4,36,,,10,450,FM-Full_A-None_AdaBN-F
Yang2025,ATCNet,4,38,,,10,450,FM-Full_A-None_AdaBN-F
Yang2025,ATCNet,4,40,,,10,450,FM-Full_A-None_AdaBN-F
Yang2025,ATCNet,4,42,,,10,450,FM-Full_A-None_AdaBN-F
Yang2025,ATCNet,5,8,,,10,450,FM-Full_A-None_AdaBN-F
Yang2025,ATCNet,5,11,,,10,450,FM-Full_A-None_AdaBN-F
Yang2025,ATCNet,5,15,,,10,450,FM-Full_A-None_AdaBN-F
Yang2025,ATCNet,5,19,,,10,450,FM-Full_A-None_AdaBN-F
Yang2025,ATCNet,5,21,,,10,450,FM-Full_A-None_AdaBN-F
Yang2025,ATCNet,5,23,,,10,450,FM-Full_A-None_AdaBN-F
Yang2025,ATCNet,5,29,,,10,450,FM-Full_A-None_AdaBN-F
Yang2025,ATCNet,5,39,,,10,450,FM-Full_A-None_AdaBN-F
Yang2025,ATCNet,5,43,,,10,450,FM-Full_A-None_AdaBN-F
Yang2025,ATCNet,5,51,,,10,450,FM-Full_A-None_AdaBN-F
Yang2025,ATCNet,1,4,0.5333333333333333,0.5066666666666667,10,450,FM-Full_A-None_AdaBN-F
Yang2025,ATCNet,1,13,0.6816666666666666,0.7183333333333334,10,450,FM-Full_A-None_AdaBN-F
Yang2025,ATCNet,1,14,0.5583333333333333,0.56,10,450,FM-Full_A-None_AdaBN-F
Yang2025,ATCNet,1,18,0.6516666666666666,0.655,10,450,FM-Full_A-None_AdaBN-F
Yang2025,ATCNet,1,25,0.7466666666666667,0.8216666666666667,10,450,FM-Full_A-None_AdaBN-F
Yang2025,ATCNet,1,31,0.715,0.755,10,450,FM-Full_A-None_AdaBN-F
Yang2025,ATCNet,1,32,0.7028380634390651,0.7646076794657763,10,450,FM-Full_A-None_AdaBN-F
Yang2025,ATCNet,1,33,0.8766666666666667,0.95,10,450,FM-Full_A-None_AdaBN-F
Yang2025,ATCNet,1,41,0.7366666666666667,0.8833333333333333,10,450,FM-Full_A-None_AdaBN-F
Yang2025,ATCNet,1,44,0.6416666666666667,0.6366666666666667,10,450,FM-Full_A-None_AdaBN-F
Yang2025,ATCNet,1,47,0.7583333333333333,0.7933333333333333,10,450,FM-Full_A-None_AdaBN-F
Yang2025,ATCNet,2,5,0.5983333333333334,0.8083333333333333,10,450,FM-Full_A-None_AdaBN-F
Yang2025,ATCNet,2,7,0.5583333333333333,0.615,10,450,FM-Full_A-None_AdaBN-F
Yang2025,ATCNet,2,9,0.5183333333333333,0.6316666666666667,10,450,FM-Full_A-None_AdaBN-F
Yang2025,ATCNet,2,16,0.5166666666666667,0.665,10,450,FM-Full_A-None_AdaBN-F
Yang2025,ATCNet,2,20,0.4866666666666667,0.6516666666666666,10,450,FM-Full_A-None_AdaBN-F
Yang2025,ATCNet,2,34,0.405,0.84,10,450,FM-Full_A-None_AdaBN-F
Yang2025,ATCNet,2,37,0.5583333333333333,0.755,10,450,FM-Full_A-None_AdaBN-F
Yang2025,ATCNet,2,48,0.62,0.73,10,450,FM-Full_A-None_AdaBN-F
Yang2025,ATCNet,2,49,0.7216666666666667,0.89,10,450,FM-Full_A-None_AdaBN-F
Yang2025,ATCNet,2,50,0.645,0.8116666666666666,10,450,FM-Full_A-None_AdaBN-F
Yang2025,ATCNet,3,1,0.7366666666666667,0.8566666666666667,10,450,FM-Full_A-None_AdaBN-F
Yang2025,ATCNet,3,10,0.7333333333333333,0.7733333333333333,10,450,FM-Full_A-None_AdaBN-F
Yang2025,ATCNet,3,12,0.5383333333333333,0.545,10,450,FM-Full_A-None_AdaBN-F
Yang2025,ATCNet,3,17,0.625,0.6683333333333333,10,450,FM-Full_A-None_AdaBN-F
Yang2025,ATCNet,3,26,0.6010016694490818,0.8130217028380634,10,450,FM-Full_A-None_AdaBN-F
Yang2025,ATCNet,3,27,0.5933333333333334,0.735,10,450,FM-Full_A-None_AdaBN-F
Yang2025,ATCNet,3,28,0.7783333333333333,0.8783333333333333,10,450,FM-Full_A-None_AdaBN-F
Yang2025,ATCNet,3,35,0.7183333333333334,0.7483333333333333,10,450,FM-Full_A-None_AdaBN-F
Yang2025,ATCNet,3,45,0.645,0.6883333333333334,10,450,FM-Full_A-None_AdaBN-F
Yang2025,ATCNet,3,46,0.6516666666666666,0.885,10,450,FM-Full_A-None_AdaBN-F
Yang2025,ATCNet,4,2,0.5466666666666666,0.565,10,450,FM-Full_A-None_AdaBN-F
Yang2025,ATCNet,4,3,0.8683333333333333,0.8883333333333333,10,450,FM-Full_A-None_AdaBN-F
Yang2025,ATCNet,4,6,0.9216666666666666,0.92,10,450,FM-Full_A-None_AdaBN-F
Yang2025,ATCNet,4,22,0.67,0.7583333333333333,10,450,FM-Full_A-None_AdaBN-F
Yang2025,ATCNet,4,24,0.8535353535353535,0.9276094276094276,10,450,FM-Full_A-None_AdaBN-F
Yang2025,ATCNet,4,30,0.76,0.71,10,450,FM-Full_A-None_AdaBN-F
Yang2025,ATCNet,4,36,0.7883333333333333,0.8216666666666667,10,450,FM-Full_A-None_AdaBN-F
Yang2025,ATCNet,4,38,0.5383333333333333,0.545,10,450,FM-Full_A-None_AdaBN-F
Yang2025,ATCNet,4,40,0.7466666666666667,0.76,10,450,FM-Full_A-None_AdaBN-F
Yang2025,ATCNet,4,42,0.7066666666666667,0.685,10,450,FM-Full_A-None_AdaBN-F
Yang2025,ATCNet,5,8,0.7616666666666667,0.8033333333333333,10,450,FM-Full_A-None_AdaBN-F
Yang2025,ATCNet,5,11,0.795,0.8316666666666667,10,450,FM-Full_A-None_AdaBN-F
Yang2025,ATCNet,5,15,0.6683333333333333,0.665,10,450,FM-Full_A-None_AdaBN-F
Yang2025,ATCNet,5,19,0.715,0.8116666666666666,10,450,FM-Full_A-None_AdaBN-F
Yang2025,ATCNet,5,21,0.6916666666666667,0.7666666666666667,10,450,FM-Full_A-None_AdaBN-F
Yang2025,ATCNet,5,23,0.7679465776293823,0.8380634390651085,10,450,FM-Full_A-None_AdaBN-F
Yang2025,ATCNet,5,29,0.8033333333333333,0.93,10,450,FM-Full_A-None_AdaBN-F
Yang2025,ATCNet,5,39,0.7466666666666667,0.7766666666666666,10,450,FM-Full_A-None_AdaBN-F
Yang2025,ATCNet,5,43,0.77,0.8483333333333334,10,450,FM-Full_A-None_AdaBN-F
Yang2025,ATCNet,5,51,0.695,0.7683333333333333,10,450,FM-Full_A-None_AdaBN-F
MAMEM2,DeepConvNet,1,2,0.216,0.24,6,50,FM-Full_A-None_AdaBN-F
MAMEM2,DeepConvNet,1,9,0.168,0.168,6,50,FM-Full_A-None_AdaBN-F
MAMEM2,DeepConvNet,2,1,0.272,0.224,6,50,FM-Full_A-None_AdaBN-F
MAMEM2,DeepConvNet,2,6,0.16,0.176,6,50,FM-Full_A-None_AdaBN-F
MAMEM2,DeepConvNet,3,3,0.192,0.192,6,50,FM-Full_A-None_AdaBN-F
MAMEM2,DeepConvNet,3,8,0.232,0.168,6,50,FM-Full_A-None_AdaBN-F
MAMEM2,DeepConvNet,4,5,0.208,0.168,6,50,FM-Full_A-None_AdaBN-F
MAMEM2,DeepConvNet,4,10,0.152,0.184,6,50,FM-Full_A-None_AdaBN-F
MAMEM2,DeepConvNet,5,4,0.224,0.2,6,50,FM-Full_A-None_AdaBN-F
MAMEM2,DeepConvNet,5,7,0.2,0.176,6,50,FM-Full_A-None_AdaBN-F
BI2015a,ATCNet,1,5,,,20,250,FM-Full_A-None_AdaBN-F
BI2015a,ATCNet,1,9,,,20,250,FM-Full_A-None_AdaBN-F
BI2015a,ATCNet,1,13,,,20,250,FM-Full_A-None_AdaBN-F
BI2015a,ATCNet,1,25,,,20,250,FM-Full_A-None_AdaBN-F
BI2015a,ATCNet,1,26,,,20,250,FM-Full_A-None_AdaBN-F
BI2015a,ATCNet,1,35,,,20,250,FM-Full_A-None_AdaBN-F
BI2015a,ATCNet,1,37,,,20,250,FM-Full_A-None_AdaBN-F
BI2015a,ATCNet,1,38,,,20,250,FM-Full_A-None_AdaBN-F
BI2015a,ATCNet,1,40,,,20,250,FM-Full_A-None_AdaBN-F
BI2015a,ATCNet,2,4,,,20,250,FM-Full_A-None_AdaBN-F
BI2015a,ATCNet,2,7,,,20,250,FM-Full_A-None_AdaBN-F
BI2015a,ATCNet,2,14,,,20,250,FM-Full_A-None_AdaBN-F
BI2015a,ATCNet,2,16,,,20,250,FM-Full_A-None_AdaBN-F
BI2015a,ATCNet,2,18,,,20,250,FM-Full_A-None_AdaBN-F
BI2015a,ATCNet,2,20,,,20,250,FM-Full_A-None_AdaBN-F
BI2015a,ATCNet,2,28,,,20,250,FM-Full_A-None_AdaBN-F
BI2015a,ATCNet,2,32,,,20,250,FM-Full_A-None_AdaBN-F
BI2015a,ATCNet,2,41,,,20,250,FM-Full_A-None_AdaBN-F
BI2015a,ATCNet,3,1,,,20,250,FM-Full_A-None_AdaBN-F
BI2015a,ATCNet,3,6,,,20,250,FM-Full_A-None_AdaBN-F
BI2015a,ATCNet,3,10,,,20,250,FM-Full_A-None_AdaBN-F
BI2015a,ATCNet,3,12,,,20,250,FM-Full_A-None_AdaBN-F
BI2015a,ATCNet,3,17,,,20,250,FM-Full_A-None_AdaBN-F
BI2015a,ATCNet,3,27,,,20,250,FM-Full_A-None_AdaBN-F
BI2015a,ATCNet,3,30,,,20,250,FM-Full_A-None_AdaBN-F
BI2015a,ATCNet,3,31,,,20,250,FM-Full_A-None_AdaBN-F
BI2015a,ATCNet,3,42,,,20,250,FM-Full_A-None_AdaBN-F
BI2015a,ATCNet,4,2,,,20,250,FM-Full_A-None_AdaBN-F
BI2015a,ATCNet,4,3,,,20,250,FM-Full_A-None_AdaBN-F
BI2015a,ATCNet,4,22,,,20,250,FM-Full_A-None_AdaBN-F
BI2015a,ATCNet,4,24,,,20,250,FM-Full_A-None_AdaBN-F
BI2015a,ATCNet,4,33,,,20,250,FM-Full_A-None_AdaBN-F
BI2015a,ATCNet,4,34,,,20,250,FM-Full_A-None_AdaBN-F
BI2015a,ATCNet,4,36,,,20,250,FM-Full_A-None_AdaBN-F
BI2015a,ATCNet,4,43,,,20,250,FM-Full_A-None_AdaBN-F
BI2015a,ATCNet,5,8,,,20,250,FM-Full_A-None_AdaBN-F
BI2015a,ATCNet,5,11,,,20,250,FM-Full_A-None_AdaBN-F
BI2015a,ATCNet,5,15,,,20,250,FM-Full_A-None_AdaBN-F
BI2015a,ATCNet,5,19,,,20,250,FM-Full_A-None_AdaBN-F
BI2015a,ATCNet,5,21,,,20,250,FM-Full_A-None_AdaBN-F
BI2015a,ATCNet,5,23,,,20,250,FM-Full_A-None_AdaBN-F
BI2015a,ATCNet,5,29,,,20,250,FM-Full_A-None_AdaBN-F
BI2015a,ATCNet,5,39,,,20,250,FM-Full_A-None_AdaBN-F
BI2015a,ATCNet,1,5,0.867003367003367,0.9074074074074074,20,250,FM-Full_A-None_AdaBN-F
BI2015a,ATCNet,1,9,0.8475975975975976,0.8978978978978979,20,250,FM-Full_A-None_AdaBN-F
BI2015a,ATCNet,1,13,0.8757309941520468,0.929093567251462,20,250,FM-Full_A-None_AdaBN-F
BI2015a,ATCNet,1,25,0.8127394636015326,0.8577586206896551,20,250,FM-Full_A-None_AdaBN-F
BI2015a,ATCNet,1,26,0.8870967741935484,0.9274193548387096,20,250,FM-Full_A-None_AdaBN-F
BI2015a,ATCNet,1,35,0.8450080515297906,0.8168276972624798,20,250,FM-Full_A-None_AdaBN-F
BI2015a,ATCNet,1,37,0.7841269841269841,0.8361111111111111,20,250,FM-Full_A-None_AdaBN-F
BI2015a,ATCNet,1,38,0.8348348348348348,0.9024024024024024,20,250,FM-Full_A-None_AdaBN-F
BI2015a,ATCNet,1,40,0.8544238683127572,0.8935185185185185,20,250,FM-Full_A-None_AdaBN-F
BI2015a,ATCNet,2,4,0.8840277777777777,0.9201388888888888,20,250,FM-Full_A-None_AdaBN-F
BI2015a,ATCNet,2,7,0.8333333333333334,0.915032679738562,20,250,FM-Full_A-None_AdaBN-F
BI2015a,ATCNet,2,14,0.8098290598290598,0.8532763532763533,20,250,FM-Full_A-None_AdaBN-F
BI2015a,ATCNet,2,16,0.9047619047619048,0.9142857142857144,20,250,FM-Full_A-None_AdaBN-F
BI2015a,ATCNet,2,18,0.7919753086419753,0.8703703703703703,20,250,FM-Full_A-None_AdaBN-F
BI2015a,ATCNet,2,20,0.8654320987654321,0.9092592592592592,20,250,FM-Full_A-None_AdaBN-F
BI2015a,ATCNet,2,28,0.855,0.8627777777777778,20,250,FM-Full_A-None_AdaBN-F
BI2015a,ATCNet,2,32,0.8969534050179212,0.899641577060932,20,250,FM-Full_A-None_AdaBN-F
BI2015a,ATCNet,2,41,0.8376543209876544,0.8851851851851852,20,250,FM-Full_A-None_AdaBN-F
BI2015a,ATCNet,3,1,0.8292978208232445,0.8385794995964487,20,250,FM-Full_A-None_AdaBN-F
BI2015a,ATCNet,3,6,0.80239898989899,0.8926767676767676,20,250,FM-Full_A-None_AdaBN-F
BI2015a,ATCNet,3,10,0.8664874551971327,0.9121863799283154,20,250,FM-Full_A-None_AdaBN-F
BI2015a,ATCNet,3,12,0.831989247311828,0.853494623655914,20,250,FM-Full_A-None_AdaBN-F
BI2015a,ATCNet,3,17,0.8475308641975309,0.8703703703703703,20,250,FM-Full_A-None_AdaBN-F
BI2015a,ATCNet,3,27,0.8154008438818565,0.8340365682137834,20,250,FM-Full_A-None_AdaBN-F
BI2015a,ATCNet,3,30,0.8950617283950617,0.8878600823045267,20,250,FM-Full_A-None_AdaBN-F
BI2015a,ATCNet,3,31,0.82,0.8366666666666667,20,250,FM-Full_A-None_AdaBN-F
BI2015a,ATCNet,3,42,0.844541910331384,0.8396686159844055,20,250,FM-Full_A-None_AdaBN-F
BI2015a,ATCNet,4,2,0.8611111111111112,0.9126984126984128,20,250,FM-Full_A-None_AdaBN-F
BI2015a,ATCNet,4,3,0.8390804597701149,0.9300766283524904,20,250,FM-Full_A-None_AdaBN-F
BI2015a,ATCNet,4,22,0.8428030303030303,0.8945707070707071,20,250,FM-Full_A-None_AdaBN-F
BI2015a,ATCNet,4,24,0.8811728395061729,0.9243827160493828,20,250,FM-Full_A-None_AdaBN-F
BI2015a,ATCNet,4,33,0.8809523809523809,0.9074074074074074,20,250,FM-Full_A-None_AdaBN-F
BI2015a,ATCNet,4,34,0.8515873015873016,0.9015873015873016,20,250,FM-Full_A-None_AdaBN-F
BI2015a,ATCNet,4,36,0.8298611111111112,0.8944444444444445,20,250,FM-Full_A-None_AdaBN-F
BI2015a,ATCNet,4,43,0.9032567049808428,0.9377394636015326,20,250,FM-Full_A-None_AdaBN-F
BI2015a,ATCNet,5,8,0.8386243386243386,0.8988095238095238,20,250,FM-Full_A-None_AdaBN-F
BI2015a,ATCNet,5,11,0.8055555555555556,0.8694444444444445,20,250,FM-Full_A-None_AdaBN-F
BI2015a,ATCNet,5,15,0.8420634920634921,0.9087301587301588,20,250,FM-Full_A-None_AdaBN-F
BI2015a,ATCNet,5,19,0.8505555555555555,0.8844444444444445,20,250,FM-Full_A-None_AdaBN-F
BI2015a,ATCNet,5,21,0.8849206349206349,0.9214285714285714,20,250,FM-Full_A-None_AdaBN-F
BI2015a,ATCNet,5,23,0.8442982456140351,0.8823099415204678,20,250,FM-Full_A-None_AdaBN-F
BI2015a,ATCNet,5,29,0.815359477124183,0.8600217864923747,20,250,FM-Full_A-None_AdaBN-F
BI2015a,ATCNet,5,39,0.8350340136054422,0.8928571428571429,20,250,FM-Full_A-None_AdaBN-F
Huebner2018,ShallowConvNet,1,1,0.9117585265074584,0.972617130051124,3,14000,FM-Full_A-None_AdaBN-F
Huebner2018,ShallowConvNet,1,10,0.8158263305322129,0.9329831932773108,3,14000,FM-Full_A-None_AdaBN-F
Huebner2018,ShallowConvNet,1,11,0.8466732311154874,0.9094809396539598,3,14000,FM-Full_A-None_AdaBN-F
Huebner2018,ShallowConvNet,2,3,0.9591736694677871,0.978641456582633,3,14000,FM-Full_A-None_AdaBN-F
Huebner2018,ShallowConvNet,2,6,0.851750700280112,0.9712885154061623,3,14000,FM-Full_A-None_AdaBN-F
Huebner2018,ShallowConvNet,2,9,0.7870299040549058,0.9378107710623992,3,14000,FM-Full_A-None_AdaBN-F
Huebner2018,ShallowConvNet,3,2,0.932843137254902,0.9798319327731092,3,14000,FM-Full_A-None_AdaBN-F
Huebner2018,ShallowConvNet,3,12,0.6662464985994397,0.9261204481792716,3,14000,FM-Full_A-None_AdaBN-F
Huebner2018,ShallowConvNet,4,5,0.7949418523189015,0.9164214656017936,3,14000,FM-Full_A-None_AdaBN-F
Huebner2018,ShallowConvNet,4,8,0.7929271708683473,0.92093837535014,3,14000,FM-Full_A-None_AdaBN-F
Huebner2018,ShallowConvNet,5,4,0.9259103641456584,0.9538515406162466,3,14000,FM-Full_A-None_AdaBN-F
Huebner2018,ShallowConvNet,5,7,0.8270523956290278,0.9268002241524236,3,14000,FM-Full_A-None_AdaBN-F
Lee2019_SSVEP,ATCNet,1,4,0.99,0.995,20,100,FM-Full_A-None_AdaBN-F
Lee2019_SSVEP,ATCNet,1,6,0.995,0.995,20,100,FM-Full_A-None_AdaBN-F
Lee2019_SSVEP,ATCNet,1,13,0.96,0.995,20,100,FM-Full_A-None_AdaBN-F
Lee2019_SSVEP,ATCNet,1,14,0.755,0.945,20,100,FM-Full_A-None_AdaBN-F
Lee2019_SSVEP,ATCNet,1,18,0.98,0.98,20,100,FM-Full_A-None_AdaBN-F
Lee2019_SSVEP,ATCNet,1,20,0.965,0.965,20,100,FM-Full_A-None_AdaBN-F
Lee2019_SSVEP,ATCNet,1,33,0.98,0.995,20,100,FM-Full_A-None_AdaBN-F
Lee2019_SSVEP,ATCNet,1,45,0.87,0.93,20,100,FM-Full_A-None_AdaBN-F
Lee2019_SSVEP,ATCNet,1,49,0.97,0.99,20,100,FM-Full_A-None_AdaBN-F
Lee2019_SSVEP,ATCNet,1,50,0.995,0.995,20,100,FM-Full_A-None_AdaBN-F
Lee2019_SSVEP,ATCNet,1,53,1.0,1.0,20,100,FM-Full_A-None_AdaBN-F
Lee2019_SSVEP,ATCNet,2,5,0.77,0.835,20,100,FM-Full_A-None_AdaBN-F
Lee2019_SSVEP,ATCNet,2,7,1.0,0.995,20,100,FM-Full_A-None_AdaBN-F
Lee2019_SSVEP,ATCNet,2,9,0.93,0.94,20,100,FM-Full_A-None_AdaBN-F
Lee2019_SSVEP,ATCNet,2,16,0.995,0.995,20,100,FM-Full_A-None_AdaBN-F
Lee2019_SSVEP,ATCNet,2,25,0.92,0.95,20,100,FM-Full_A-None_AdaBN-F
Lee2019_SSVEP,ATCNet,2,27,0.99,0.985,20,100,FM-Full_A-None_AdaBN-F
Lee2019_SSVEP,ATCNet,2,34,0.81,0.815,20,100,FM-Full_A-None_AdaBN-F
Lee2019_SSVEP,ATCNet,2,35,0.92,0.98,20,100,FM-Full_A-None_AdaBN-F
Lee2019_SSVEP,ATCNet,2,38,0.97,0.975,20,100,FM-Full_A-None_AdaBN-F
Lee2019_SSVEP,ATCNet,2,46,0.965,0.99,20,100,FM-Full_A-None_AdaBN-F
Lee2019_SSVEP,ATCNet,2,51,0.79,0.78,20,100,FM-Full_A-None_AdaBN-F
Lee2019_SSVEP,ATCNet,3,1,0.9,0.925,20,100,FM-Full_A-None_AdaBN-F
Lee2019_SSVEP,ATCNet,3,10,0.99,0.99,20,100,FM-Full_A-None_AdaBN-F
Lee2019_SSVEP,ATCNet,3,12,0.965,0.975,20,100,FM-Full_A-None_AdaBN-F
Lee2019_SSVEP,ATCNet,3,17,0.78,0.905,20,100,FM-Full_A-None_AdaBN-F
Lee2019_SSVEP,ATCNet,3,26,0.975,1.0,20,100,FM-Full_A-None_AdaBN-F
Lee2019_SSVEP,ATCNet,3,28,0.95,0.96,20,100,FM-Full_A-None_AdaBN-F
Lee2019_SSVEP,ATCNet,3,31,1.0,1.0,20,100,FM-Full_A-None_AdaBN-F
Lee2019_SSVEP,ATCNet,3,32,0.8,0.96,20,100,FM-Full_A-None_AdaBN-F
Lee2019_SSVEP,ATCNet,3,37,0.995,0.985,20,100,FM-Full_A-None_AdaBN-F
Lee2019_SSVEP,ATCNet,3,41,0.88,0.965,20,100,FM-Full_A-None_AdaBN-F
Lee2019_SSVEP,ATCNet,3,48,0.995,0.995,20,100,FM-Full_A-None_AdaBN-F
Lee2019_SSVEP,ATCNet,4,2,0.995,0.985,20,100,FM-Full_A-None_AdaBN-F
Lee2019_SSVEP,ATCNet,4,3,0.89,0.885,20,100,FM-Full_A-None_AdaBN-F
Lee2019_SSVEP,ATCNet,4,11,1.0,1.0,20,100,FM-Full_A-None_AdaBN-F
Lee2019_SSVEP,ATCNet,4,22,0.79,0.875,20,100,FM-Full_A-None_AdaBN-F
Lee2019_SSVEP,ATCNet,4,24,0.97,0.965,20,100,FM-Full_A-None_AdaBN-F
Lee2019_SSVEP,ATCNet,4,30,0.88,0.985,20,100,FM-Full_A-None_AdaBN-F
Lee2019_SSVEP,ATCNet,4,36,1.0,1.0,20,100,FM-Full_A-None_AdaBN-F
Lee2019_SSVEP,ATCNet,4,40,0.92,0.92,20,100,FM-Full_A-None_AdaBN-F
Lee2019_SSVEP,ATCNet,4,42,0.78,0.8,20,100,FM-Full_A-None_AdaBN-F
Lee2019_SSVEP,ATCNet,4,44,0.98,0.975,20,100,FM-Full_A-None_AdaBN-F
Lee2019_SSVEP,ATCNet,4,47,0.6,0.625,20,100,FM-Full_A-None_AdaBN-F
Lee2019_SSVEP,ATCNet,5,8,0.795,0.895,20,100,FM-Full_A-None_AdaBN-F
Lee2019_SSVEP,ATCNet,5,15,0.815,0.99,20,100,FM-Full_A-None_AdaBN-F
Lee2019_SSVEP,ATCNet,5,19,0.97,0.985,20,100,FM-Full_A-None_AdaBN-F
Lee2019_SSVEP,ATCNet,5,21,0.93,0.96,20,100,FM-Full_A-None_AdaBN-F
Lee2019_SSVEP,ATCNet,5,23,0.33,0.59,20,100,FM-Full_A-None_AdaBN-F
Lee2019_SSVEP,ATCNet,5,29,0.915,0.945,20,100,FM-Full_A-None_AdaBN-F
Lee2019_SSVEP,ATCNet,5,39,0.995,1.0,20,100,FM-Full_A-None_AdaBN-F
Lee2019_SSVEP,ATCNet,5,43,1.0,1.0,20,100,FM-Full_A-None_AdaBN-F
Lee2019_SSVEP,ATCNet,5,52,0.96,0.985,20,100,FM-Full_A-None_AdaBN-F
Lee2019_SSVEP,ATCNet,5,54,0.755,0.875,20,100,FM-Full_A-None_AdaBN-F
Lee2019_SSVEP,ATCNet,1,4,,,20,100,FM-Full_A-None_AdaBN-F
Lee2019_SSVEP,ATCNet,1,6,,,20,100,FM-Full_A-None_AdaBN-F
Lee2019_SSVEP,ATCNet,1,13,,,20,100,FM-Full_A-None_AdaBN-F
Lee2019_SSVEP,ATCNet,1,14,,,20,100,FM-Full_A-None_AdaBN-F
Lee2019_SSVEP,ATCNet,1,18,,,20,100,FM-Full_A-None_AdaBN-F
Lee2019_SSVEP,ATCNet,1,20,,,20,100,FM-Full_A-None_AdaBN-F
Lee2019_SSVEP,ATCNet,1,33,,,20,100,FM-Full_A-None_AdaBN-F
Lee2019_SSVEP,ATCNet,1,45,,,20,100,FM-Full_A-None_AdaBN-F
Lee2019_SSVEP,ATCNet,1,49,,,20,100,FM-Full_A-None_AdaBN-F
Lee2019_SSVEP,ATCNet,1,50,,,20,100,FM-Full_A-None_AdaBN-F
Lee2019_SSVEP,ATCNet,1,53,,,20,100,FM-Full_A-None_AdaBN-F
Lee2019_SSVEP,ATCNet,2,5,,,20,100,FM-Full_A-None_AdaBN-F
Lee2019_SSVEP,ATCNet,2,7,,,20,100,FM-Full_A-None_AdaBN-F
Lee2019_SSVEP,ATCNet,2,9,,,20,100,FM-Full_A-None_AdaBN-F
Lee2019_SSVEP,ATCNet,2,16,,,20,100,FM-Full_A-None_AdaBN-F
Lee2019_SSVEP,ATCNet,2,25,,,20,100,FM-Full_A-None_AdaBN-F
Lee2019_SSVEP,ATCNet,2,27,,,20,100,FM-Full_A-None_AdaBN-F
Lee2019_SSVEP,ATCNet,2,34,,,20,100,FM-Full_A-None_AdaBN-F
Lee2019_SSVEP,ATCNet,2,35,,,20,100,FM-Full_A-None_AdaBN-F
Lee2019_SSVEP,ATCNet,2,38,,,20,100,FM-Full_A-None_AdaBN-F
Lee2019_SSVEP,ATCNet,2,46,,,20,100,FM-Full_A-None_AdaBN-F
Lee2019_SSVEP,ATCNet,2,51,,,20,100,FM-Full_A-None_AdaBN-F
Lee2019_SSVEP,ATCNet,3,1,,,20,100,FM-Full_A-None_AdaBN-F
Lee2019_SSVEP,ATCNet,3,10,,,20,100,FM-Full_A-None_AdaBN-F
Lee2019_SSVEP,ATCNet,3,12,,,20,100,FM-Full_A-None_AdaBN-F
Lee2019_SSVEP,ATCNet,3,17,,,20,100,FM-Full_A-None_AdaBN-F
Lee2019_SSVEP,ATCNet,3,26,,,20,100,FM-Full_A-None_AdaBN-F
Lee2019_SSVEP,ATCNet,3,28,,,20,100,FM-Full_A-None_AdaBN-F
Lee2019_SSVEP,ATCNet,3,31,,,20,100,FM-Full_A-None_AdaBN-F
Lee2019_SSVEP,ATCNet,3,32,,,20,100,FM-Full_A-None_AdaBN-F
Lee2019_SSVEP,ATCNet,3,37,,,20,100,FM-Full_A-None_AdaBN-F
Lee2019_SSVEP,ATCNet,3,41,,,20,100,FM-Full_A-None_AdaBN-F
Lee2019_SSVEP,ATCNet,3,48,,,20,100,FM-Full_A-None_AdaBN-F
Lee2019_SSVEP,ATCNet,4,2,,,20,100,FM-Full_A-None_AdaBN-F
Lee2019_SSVEP,ATCNet,4,3,,,20,100,FM-Full_A-None_AdaBN-F
Lee2019_SSVEP,ATCNet,4,11,,,20,100,FM-Full_A-None_AdaBN-F
Lee2019_SSVEP,ATCNet,4,22,,,20,100,FM-Full_A-None_AdaBN-F
Lee2019_SSVEP,ATCNet,4,24,,,20,100,FM-Full_A-None_AdaBN-F
Lee2019_SSVEP,ATCNet,4,30,,,20,100,FM-Full_A-None_AdaBN-F
Lee2019_SSVEP,ATCNet,4,36,,,20,100,FM-Full_A-None_AdaBN-F
Lee2019_SSVEP,ATCNet,4,40,,,20,100,FM-Full_A-None_AdaBN-F
Lee2019_SSVEP,ATCNet,4,42,,,20,100,FM-Full_A-None_AdaBN-F
Lee2019_SSVEP,ATCNet,4,44,,,20,100,FM-Full_A-None_AdaBN-F
Lee2019_SSVEP,ATCNet,4,47,,,20,100,FM-Full_A-None_AdaBN-F
Lee2019_SSVEP,ATCNet,5,8,,,20,100,FM-Full_A-None_AdaBN-F
Lee2019_SSVEP,ATCNet,5,15,,,20,100,FM-Full_A-None_AdaBN-F
Lee2019_SSVEP,ATCNet,5,19,,,20,100,FM-Full_A-None_AdaBN-F
Lee2019_SSVEP,ATCNet,5,21,,,20,100,FM-Full_A-None_AdaBN-F
Lee2019_SSVEP,ATCNet,5,23,,,20,100,FM-Full_A-None_AdaBN-F
Lee2019_SSVEP,ATCNet,5,29,,,20,100,FM-Full_A-None_AdaBN-F
Lee2019_SSVEP,ATCNet,5,39,,,20,100,FM-Full_A-None_AdaBN-F
Lee2019_SSVEP,ATCNet,5,43,,,20,100,FM-Full_A-None_AdaBN-F
Lee2019_SSVEP,ATCNet,5,52,,,20,100,FM-Full_A-None_AdaBN-F
Lee2019_SSVEP,ATCNet,5,54,,,20,100,FM-Full_A-None_AdaBN-F
Yang2025,EEGNetv4,1,4,,,30,150,FM-Full_A-None_AdaBN-F
Yang2025,EEGNetv4,1,13,,,30,150,FM-Full_A-None_AdaBN-F
Yang2025,EEGNetv4,1,14,,,30,150,FM-Full_A-None_AdaBN-F
Yang2025,EEGNetv4,1,18,,,30,150,FM-Full_A-None_AdaBN-F
Yang2025,EEGNetv4,1,25,,,30,150,FM-Full_A-None_AdaBN-F
Yang2025,EEGNetv4,1,31,,,30,150,FM-Full_A-None_AdaBN-F
Yang2025,EEGNetv4,1,32,,,30,150,FM-Full_A-None_AdaBN-F
Yang2025,EEGNetv4,1,33,,,30,150,FM-Full_A-None_AdaBN-F
Yang2025,EEGNetv4,1,41,,,30,150,FM-Full_A-None_AdaBN-F
Yang2025,EEGNetv4,1,44,,,30,150,FM-Full_A-None_AdaBN-F
Yang2025,EEGNetv4,1,47,,,30,150,FM-Full_A-None_AdaBN-F
Yang2025,EEGNetv4,2,5,,,30,150,FM-Full_A-None_AdaBN-F
Yang2025,EEGNetv4,2,7,,,30,150,FM-Full_A-None_AdaBN-F
Yang2025,EEGNetv4,2,9,,,30,150,FM-Full_A-None_AdaBN-F
Yang2025,EEGNetv4,2,16,,,30,150,FM-Full_A-None_AdaBN-F
Yang2025,EEGNetv4,2,20,,,30,150,FM-Full_A-None_AdaBN-F
Yang2025,EEGNetv4,2,34,,,30,150,FM-Full_A-None_AdaBN-F
Yang2025,EEGNetv4,2,37,,,30,150,FM-Full_A-None_AdaBN-F
Yang2025,EEGNetv4,2,48,,,30,150,FM-Full_A-None_AdaBN-F
Yang2025,EEGNetv4,2,49,,,30,150,FM-Full_A-None_AdaBN-F
Yang2025,EEGNetv4,2,50,,,30,150,FM-Full_A-None_AdaBN-F
Yang2025,EEGNetv4,3,1,,,30,150,FM-Full_A-None_AdaBN-F
Yang2025,EEGNetv4,3,10,,,30,150,FM-Full_A-None_AdaBN-F
Yang2025,EEGNetv4,3,12,,,30,150,FM-Full_A-None_AdaBN-F
Yang2025,EEGNetv4,3,17,,,30,150,FM-Full_A-None_AdaBN-F
Yang2025,EEGNetv4,3,26,,,30,150,FM-Full_A-None_AdaBN-F
Yang2025,EEGNetv4,3,27,,,30,150,FM-Full_A-None_AdaBN-F
Yang2025,EEGNetv4,3,28,,,30,150,FM-Full_A-None_AdaBN-F
Yang2025,EEGNetv4,3,35,,,30,150,FM-Full_A-None_AdaBN-F
Yang2025,EEGNetv4,3,45,,,30,150,FM-Full_A-None_AdaBN-F
Yang2025,EEGNetv4,3,46,,,30,150,FM-Full_A-None_AdaBN-F
Yang2025,EEGNetv4,4,2,,,30,150,FM-Full_A-None_AdaBN-F
Yang2025,EEGNetv4,4,3,,,30,150,FM-Full_A-None_AdaBN-F
Yang2025,EEGNetv4,4,6,,,30,150,FM-Full_A-None_AdaBN-F
Yang2025,EEGNetv4,4,22,,,30,150,FM-Full_A-None_AdaBN-F
Yang2025,EEGNetv4,4,24,,,30,150,FM-Full_A-None_AdaBN-F
Yang2025,EEGNetv4,4,30,,,30,150,FM-Full_A-None_AdaBN-F
Yang2025,EEGNetv4,4,36,,,30,150,FM-Full_A-None_AdaBN-F
Yang2025,EEGNetv4,4,38,,,30,150,FM-Full_A-None_AdaBN-F
Yang2025,EEGNetv4,4,40,,,30,150,FM-Full_A-None_AdaBN-F
Yang2025,EEGNetv4,4,42,,,30,150,FM-Full_A-None_AdaBN-F
Yang2025,EEGNetv4,5,8,,,30,150,FM-Full_A-None_AdaBN-F
Yang2025,EEGNetv4,5,11,,,30,150,FM-Full_A-None_AdaBN-F
Yang2025,EEGNetv4,5,15,,,30,150,FM-Full_A-None_AdaBN-F
Yang2025,EEGNetv4,5,19,,,30,150,FM-Full_A-None_AdaBN-F
Yang2025,EEGNetv4,5,21,,,30,150,FM-Full_A-None_AdaBN-F
Yang2025,EEGNetv4,5,23,,,30,150,FM-Full_A-None_AdaBN-F
Yang2025,EEGNetv4,5,29,,,30,150,FM-Full_A-None_AdaBN-F
Yang2025,EEGNetv4,5,39,,,30,150,FM-Full_A-None_AdaBN-F
Yang2025,EEGNetv4,5,43,,,30,150,FM-Full_A-None_AdaBN-F
Yang2025,EEGNetv4,5,51,,,30,150,FM-Full_A-None_AdaBN-F
Yang2025,EEGNetv4,1,4,0.5733333333333334,0.55,30,150,FM-Full_A-None_AdaBN-F
Yang2025,EEGNetv4,1,13,0.73,0.8,30,150,FM-Full_A-None_AdaBN-F
Yang2025,EEGNetv4,1,14,0.55,0.5533333333333333,30,150,FM-Full_A-None_AdaBN-F
Yang2025,EEGNetv4,1,18,0.7033333333333334,0.6766666666666666,30,150,FM-Full_A-None_AdaBN-F
Yang2025,EEGNetv4,1,25,0.9216666666666666,0.9533333333333334,30,150,FM-Full_A-None_AdaBN-F
Yang2025,EEGNetv4,1,31,0.71,0.7816666666666666,30,150,FM-Full_A-None_AdaBN-F
Yang2025,EEGNetv4,1,32,0.5358931552587646,0.5826377295492488,30,150,FM-Full_A-None_AdaBN-F
Yang2025,EEGNetv4,1,33,0.915,0.9533333333333334,30,150,FM-Full_A-None_AdaBN-F
Yang2025,EEGNetv4,1,41,0.83,0.8666666666666667,30,150,FM-Full_A-None_AdaBN-F
Yang2025,EEGNetv4,1,44,0.7,0.72,30,150,FM-Full_A-None_AdaBN-F
Yang2025,EEGNetv4,1,47,0.895,0.92,30,150,FM-Full_A-None_AdaBN-F
Yang2025,EEGNetv4,2,5,0.8316666666666667,0.8816666666666667,30,150,FM-Full_A-None_AdaBN-F
Yang2025,EEGNetv4,2,7,0.7383333333333333,0.7916666666666666,30,150,FM-Full_A-None_AdaBN-F
Yang2025,EEGNetv4,2,9,0.6733333333333333,0.6883333333333334,30,150,FM-Full_A-None_AdaBN-F
Yang2025,EEGNetv4,2,16,0.5566666666666666,0.59,30,150,FM-Full_A-None_AdaBN-F
Yang2025,EEGNetv4,2,20,0.7233333333333334,0.8833333333333333,30,150,FM-Full_A-None_AdaBN-F
Yang2025,EEGNetv4,2,34,0.6,0.7683333333333333,30,150,FM-Full_A-None_AdaBN-F
Yang2025,EEGNetv4,2,37,0.815,0.8716666666666667,30,150,FM-Full_A-None_AdaBN-F
Yang2025,EEGNetv4,2,48,0.785,0.86,30,150,FM-Full_A-None_AdaBN-F
Yang2025,EEGNetv4,2,49,0.9016666666666666,0.9516666666666668,30,150,FM-Full_A-None_AdaBN-F
Yang2025,EEGNetv4,2,50,0.9066666666666666,0.9433333333333334,30,150,FM-Full_A-None_AdaBN-F
Yang2025,EEGNetv4,3,1,0.87,0.9366666666666666,30,150,FM-Full_A-None_AdaBN-F
Yang2025,EEGNetv4,3,10,0.76,0.825,30,150,FM-Full_A-None_AdaBN-F
Yang2025,EEGNetv4,3,12,0.605,0.5933333333333334,30,150,FM-Full_A-None_AdaBN-F
Yang2025,EEGNetv4,3,17,0.7883333333333333,0.775,30,150,FM-Full_A-None_AdaBN-F
Yang2025,EEGNetv4,3,26,0.7595993322203672,0.8914858096828047,30,150,FM-Full_A-None_AdaBN-F
Yang2025,EEGNetv4,3,27,0.5916666666666667,0.6916666666666667,30,150,FM-Full_A-None_AdaBN-F
Yang2025,EEGNetv4,3,28,0.72,0.8566666666666667,30,150,FM-Full_A-None_AdaBN-F
Yang2025,EEGNetv4,3,35,0.9216666666666666,0.9533333333333334,30,150,FM-Full_A-None_AdaBN-F
Yang2025,EEGNetv4,3,45,0.85,0.86,30,150,FM-Full_A-None_AdaBN-F
Yang2025,EEGNetv4,3,46,0.93,0.985,30,150,FM-Full_A-None_AdaBN-F
Yang2025,EEGNetv4,4,2,0.6816666666666666,0.6816666666666666,30,150,FM-Full_A-None_AdaBN-F
Yang2025,EEGNetv4,4,3,0.9216666666666666,0.9266666666666666,30,150,FM-Full_A-None_AdaBN-F
Yang2025,EEGNetv4,4,6,0.8333333333333334,0.9666666666666668,30,150,FM-Full_A-None_AdaBN-F
Yang2025,EEGNetv4,4,22,0.7433333333333333,0.8283333333333334,30,150,FM-Full_A-None_AdaBN-F
Yang2025,EEGNetv4,4,24,0.9191919191919192,0.9646464646464646,30,150,FM-Full_A-None_AdaBN-F
Yang2025,EEGNetv4,4,30,0.865,0.78,30,150,FM-Full_A-None_AdaBN-F
Yang2025,EEGNetv4,4,36,0.8683333333333333,0.91,30,150,FM-Full_A-None_AdaBN-F
Yang2025,EEGNetv4,4,38,0.56,0.6716666666666666,30,150,FM-Full_A-None_AdaBN-F
Yang2025,EEGNetv4,4,40,0.765,0.8283333333333334,30,150,FM-Full_A-None_AdaBN-F
Yang2025,EEGNetv4,4,42,0.7683333333333333,0.765,30,150,FM-Full_A-None_AdaBN-F
Yang2025,EEGNetv4,5,8,0.8783333333333333,0.9083333333333332,30,150,FM-Full_A-None_AdaBN-F
Yang2025,EEGNetv4,5,11,0.815,0.8933333333333333,30,150,FM-Full_A-None_AdaBN-F
Yang2025,EEGNetv4,5,15,0.7366666666666667,0.7833333333333333,30,150,FM-Full_A-None_AdaBN-F
Yang2025,EEGNetv4,5,19,0.8266666666666667,0.8383333333333334,30,150,FM-Full_A-None_AdaBN-F
Yang2025,EEGNetv4,5,21,0.8366666666666667,0.885,30,150,FM-Full_A-None_AdaBN-F
Yang2025,EEGNetv4,5,23,0.8864774624373957,0.9449081803005008,30,150,FM-Full_A-None_AdaBN-F
Yang2025,EEGNetv4,5,29,0.7166666666666667,0.8166666666666667,30,150,FM-Full_A-None_AdaBN-F
Yang2025,EEGNetv4,5,39,0.67,0.7433333333333333,30,150,FM-Full_A-None_AdaBN-F
Yang2025,EEGNetv4,5,43,0.9566666666666668,0.9883333333333332,30,150,FM-Full_A-None_AdaBN-F
Yang2025,EEGNetv4,5,51,0.8083333333333333,0.8733333333333333,30,150,FM-Full_A-None_AdaBN-F
BI2015a,DeepConvNet,1,5,0.9124579124579124,0.9436026936026936,20,750,FM-Full_A-None_AdaBN-F
BI2015a,DeepConvNet,1,9,0.8828828828828829,0.9061561561561562,20,750,FM-Full_A-None_AdaBN-F
BI2015a,DeepConvNet,1,13,0.9078947368421052,0.9466374269005848,20,750,FM-Full_A-None_AdaBN-F
BI2015a,DeepConvNet,1,25,0.8405172413793104,0.8836206896551724,20,750,FM-Full_A-None_AdaBN-F
BI2015a,DeepConvNet,1,26,0.9274193548387096,0.9543010752688172,20,750,FM-Full_A-None_AdaBN-F
BI2015a,DeepConvNet,1,35,0.8534621578099839,0.8385668276972624,20,750,FM-Full_A-None_AdaBN-F
BI2015a,DeepConvNet,1,37,0.7952380952380952,0.8646825396825397,20,750,FM-Full_A-None_AdaBN-F
BI2015a,DeepConvNet,1,38,0.8596096096096096,0.9181681681681682,20,750,FM-Full_A-None_AdaBN-F
BI2015a,DeepConvNet,1,40,0.8899176954732511,0.9212962962962964,20,750,FM-Full_A-None_AdaBN-F
BI2015a,DeepConvNet,2,4,0.9131944444444444,0.9506944444444444,20,750,FM-Full_A-None_AdaBN-F
BI2015a,DeepConvNet,2,7,0.2663398692810457,0.920751633986928,20,750,FM-Full_A-None_AdaBN-F
BI2015a,DeepConvNet,2,14,0.7685185185185185,0.8646723646723646,20,750,FM-Full_A-None_AdaBN-F
BI2015a,DeepConvNet,2,16,0.9095238095238096,0.938095238095238,20,750,FM-Full_A-None_AdaBN-F
BI2015a,DeepConvNet,2,18,0.8432098765432099,0.9012345679012346,20,750,FM-Full_A-None_AdaBN-F
BI2015a,DeepConvNet,2,20,0.901851851851852,0.941358024691358,20,750,FM-Full_A-None_AdaBN-F
BI2015a,DeepConvNet,2,28,0.8761111111111111,0.8955555555555555,20,750,FM-Full_A-None_AdaBN-F
BI2015a,DeepConvNet,2,32,0.9166666666666666,0.9363799283154122,20,750,FM-Full_A-None_AdaBN-F
BI2015a,DeepConvNet,2,41,0.8179012345679012,0.9092592592592592,20,750,FM-Full_A-None_AdaBN-F
BI2015a,DeepConvNet,3,1,0.8127522195318806,0.851089588377724,20,750,FM-Full_A-None_AdaBN-F
BI2015a,DeepConvNet,3,6,0.8402777777777778,0.9172979797979798,20,750,FM-Full_A-None_AdaBN-F
BI2015a,DeepConvNet,3,10,0.8978494623655914,0.9345878136200716,20,750,FM-Full_A-None_AdaBN-F
BI2015a,DeepConvNet,3,12,0.8382616487455197,0.8579749103942652,20,750,FM-Full_A-None_AdaBN-F
BI2015a,DeepConvNet,3,17,0.8851851851851852,0.910493827160494,20,750,FM-Full_A-None_AdaBN-F
BI2015a,DeepConvNet,3,27,0.8312236286919831,0.8523206751054853,20,750,FM-Full_A-None_AdaBN-F
BI2015a,DeepConvNet,3,30,0.9279835390946504,0.9578189300411524,20,750,FM-Full_A-None_AdaBN-F
BI2015a,DeepConvNet,3,31,0.8148148148148148,0.8496296296296296,20,750,FM-Full_A-None_AdaBN-F
BI2015a,DeepConvNet,3,42,0.8567251461988304,0.8503898635477583,20,750,FM-Full_A-None_AdaBN-F
BI2015a,DeepConvNet,4,2,0.8968253968253969,0.925925925925926,20,750,FM-Full_A-None_AdaBN-F
BI2015a,DeepConvNet,4,3,0.8515325670498084,0.9492337164750958,20,750,FM-Full_A-None_AdaBN-F
BI2015a,DeepConvNet,4,22,0.8838383838383839,0.9172979797979798,20,750,FM-Full_A-None_AdaBN-F
BI2015a,DeepConvNet,4,24,0.9120370370370372,0.9382716049382716,20,750,FM-Full_A-None_AdaBN-F
BI2015a,DeepConvNet,4,33,0.8955026455026455,0.9292328042328042,20,750,FM-Full_A-None_AdaBN-F
BI2015a,DeepConvNet,4,34,0.8857142857142857,0.9206349206349206,20,750,FM-Full_A-None_AdaBN-F
BI2015a,DeepConvNet,4,36,0.8895833333333333,0.9395833333333332,20,750,FM-Full_A-None_AdaBN-F
BI2015a,DeepConvNet,4,43,0.9367816091954024,0.956896551724138,20,750,FM-Full_A-None_AdaBN-F
BI2015a,DeepConvNet,5,8,0.871031746031746,0.9193121693121692,20,750,FM-Full_A-None_AdaBN-F
BI2015a,DeepConvNet,5,11,0.8131944444444444,0.9048611111111112,20,750,FM-Full_A-None_AdaBN-F
BI2015a,DeepConvNet,5,15,0.8888888888888888,0.923809523809524,20,750,FM-Full_A-None_AdaBN-F
BI2015a,DeepConvNet,5,19,0.8833333333333333,0.9016666666666666,20,750,FM-Full_A-None_AdaBN-F
BI2015a,DeepConvNet,5,21,0.915079365079365,0.942063492063492,20,750,FM-Full_A-None_AdaBN-F
BI2015a,DeepConvNet,5,23,0.8793859649122807,0.8910818713450293,20,750,FM-Full_A-None_AdaBN-F
BI2015a,DeepConvNet,5,29,0.8366013071895425,0.8877995642701525,20,750,FM-Full_A-None_AdaBN-F
BI2015a,DeepConvNet,5,39,0.7482993197278912,0.8962585034013606,20,750,FM-Full_A-None_AdaBN-F
Huebner2018,DeepConvNet,1,1,0.963302752293578,0.97934028993627,10,4200,FM-Full_A-None_AdaBN-F
Huebner2018,DeepConvNet,1,10,0.871078431372549,0.9387955182072828,10,4200,FM-Full_A-None_AdaBN-F
Huebner2018,DeepConvNet,1,11,0.8245885497256998,0.9222816148544098,10,4200,FM-Full_A-None_AdaBN-F
Huebner2018,DeepConvNet,2,3,0.8755602240896359,0.9816526610644256,10,4200,FM-Full_A-None_AdaBN-F
Huebner2018,DeepConvNet,2,6,0.8357142857142857,0.9807422969187676,10,4200,FM-Full_A-None_AdaBN-F
Huebner2018,DeepConvNet,2,9,0.7977449401218573,0.952937880803978,10,4200,FM-Full_A-None_AdaBN-F
Huebner2018,DeepConvNet,3,2,0.9719187675070028,0.9843837535014006,10,4200,FM-Full_A-None_AdaBN-F
Huebner2018,DeepConvNet,3,12,0.8542016806722689,0.9399159663865546,10,4200,FM-Full_A-None_AdaBN-F
Huebner2018,DeepConvNet,4,5,0.8373266078184111,0.9353369763205828,10,4200,FM-Full_A-None_AdaBN-F
Huebner2018,DeepConvNet,4,8,0.7929971988795518,0.9334033613445378,10,4200,FM-Full_A-None_AdaBN-F
Huebner2018,DeepConvNet,5,4,0.9329131652661063,0.9628151260504202,10,4200,FM-Full_A-None_AdaBN-F
Huebner2018,DeepConvNet,5,7,0.8450546371532642,0.9431913701316896,10,4200,FM-Full_A-None_AdaBN-F
BI2015a,EEGNetv4,1,5,0.8796296296296297,0.9284511784511784,20,250,FM-Full_A-None_AdaBN-F
BI2015a,EEGNetv4,1,9,0.8558558558558559,0.8933933933933934,20,250,FM-Full_A-None_AdaBN-F
BI2015a,EEGNetv4,1,13,0.8866959064327485,0.9378654970760234,20,250,FM-Full_A-None_AdaBN-F
BI2015a,EEGNetv4,1,25,0.8280651340996169,0.85727969348659,20,250,FM-Full_A-None_AdaBN-F
BI2015a,EEGNetv4,1,26,0.9193548387096774,0.9417562724014336,20,250,FM-Full_A-None_AdaBN-F
BI2015a,EEGNetv4,1,35,0.8413848631239935,0.821658615136876,20,250,FM-Full_A-None_AdaBN-F
BI2015a,EEGNetv4,1,37,0.8130952380952381,0.8515873015873016,20,250,FM-Full_A-None_AdaBN-F
BI2015a,EEGNetv4,1,38,0.8671171171171171,0.915915915915916,20,250,FM-Full_A-None_AdaBN-F
BI2015a,EEGNetv4,1,40,0.8580246913580247,0.911522633744856,20,250,FM-Full_A-None_AdaBN-F
BI2015a,EEGNetv4,2,4,0.6986111111111111,0.9097222222222222,20,250,FM-Full_A-None_AdaBN-F
BI2015a,EEGNetv4,2,7,0.8333333333333334,0.9027777777777778,20,250,FM-Full_A-None_AdaBN-F
BI2015a,EEGNetv4,2,14,0.7200854700854701,0.8625356125356125,20,250,FM-Full_A-None_AdaBN-F
BI2015a,EEGNetv4,2,16,0.8912698412698413,0.9198412698412698,20,250,FM-Full_A-None_AdaBN-F
BI2015a,EEGNetv4,2,18,0.8222222222222222,0.8679012345679012,20,250,FM-Full_A-None_AdaBN-F
BI2015a,EEGNetv4,2,20,0.8796296296296297,0.912962962962963,20,250,FM-Full_A-None_AdaBN-F
BI2015a,EEGNetv4,2,28,0.8605555555555555,0.8666666666666667,20,250,FM-Full_A-None_AdaBN-F
BI2015a,EEGNetv4,2,32,0.8906810035842294,0.9023297491039428,20,250,FM-Full_A-None_AdaBN-F
BI2015a,EEGNetv4,2,41,0.8012345679012346,0.8796296296296297,20,250,FM-Full_A-None_AdaBN-F
BI2015a,EEGNetv4,3,1,0.8307102502017756,0.8260694108151735,20,250,FM-Full_A-None_AdaBN-F
BI2015a,EEGNetv4,3,6,0.8333333333333334,0.9059343434343434,20,250,FM-Full_A-None_AdaBN-F
BI2015a,EEGNetv4,3,10,0.8763440860215054,0.9265232974910396,20,250,FM-Full_A-None_AdaBN-F
BI2015a,EEGNetv4,3,12,0.8167562724014337,0.849910394265233,20,250,FM-Full_A-None_AdaBN-F
BI2015a,EEGNetv4,3,17,0.8518518518518519,0.8864197530864197,20,250,FM-Full_A-None_AdaBN-F
BI2015a,EEGNetv4,3,27,0.8182137834036568,0.8477496483825597,20,250,FM-Full_A-None_AdaBN-F
BI2015a,EEGNetv4,3,30,0.897119341563786,0.8899176954732511,20,250,FM-Full_A-None_AdaBN-F
BI2015a,EEGNetv4,3,31,0.8181481481481482,0.8396296296296296,20,250,FM-Full_A-None_AdaBN-F
BI2015a,EEGNetv4,3,42,0.8542884990253411,0.8347953216374269,20,250,FM-Full_A-None_AdaBN-F
BI2015a,EEGNetv4,4,2,0.8703703703703703,0.91005291005291,20,250,FM-Full_A-None_AdaBN-F
BI2015a,EEGNetv4,4,3,0.842911877394636,0.9329501915708812,20,250,FM-Full_A-None_AdaBN-F
BI2015a,EEGNetv4,4,22,0.8491161616161617,0.884469696969697,20,250,FM-Full_A-None_AdaBN-F
BI2015a,EEGNetv4,4,24,0.9027777777777778,0.9158950617283952,20,250,FM-Full_A-None_AdaBN-F
BI2015a,EEGNetv4,4,33,0.8849206349206349,0.9054232804232804,20,250,FM-Full_A-None_AdaBN-F
BI2015a,EEGNetv4,4,34,0.8746031746031746,0.8952380952380953,20,250,FM-Full_A-None_AdaBN-F
BI2015a,EEGNetv4,4,36,0.8319444444444445,0.9069444444444444,20,250,FM-Full_A-None_AdaBN-F
BI2015a,EEGNetv4,4,43,0.9109195402298852,0.943486590038314,20,250,FM-Full_A-None_AdaBN-F
BI2015a,EEGNetv4,5,8,0.8458994708994709,0.8968253968253969,20,250,FM-Full_A-None_AdaBN-F
BI2015a,EEGNetv4,5,11,0.7923611111111111,0.8847222222222222,20,250,FM-Full_A-None_AdaBN-F
BI2015a,EEGNetv4,5,15,0.8722222222222222,0.9111111111111112,20,250,FM-Full_A-None_AdaBN-F
BI2015a,EEGNetv4,5,19,0.865,0.8816666666666667,20,250,FM-Full_A-None_AdaBN-F
BI2015a,EEGNetv4,5,21,0.9142857142857144,0.934126984126984,20,250,FM-Full_A-None_AdaBN-F
BI2015a,EEGNetv4,5,23,0.8501461988304093,0.8654970760233918,20,250,FM-Full_A-None_AdaBN-F
BI2015a,EEGNetv4,5,29,0.8218954248366013,0.8594771241830066,20,250,FM-Full_A-None_AdaBN-F
BI2015a,EEGNetv4,5,39,0.8321995464852607,0.8752834467120182,20,250,FM-Full_A-None_AdaBN-F
BI2015a,EEGNetv4,1,5,,,20,250,FM-Full_A-None_AdaBN-F
BI2015a,EEGNetv4,1,9,,,20,250,FM-Full_A-None_AdaBN-F
BI2015a,EEGNetv4,1,13,,,20,250,FM-Full_A-None_AdaBN-F
BI2015a,EEGNetv4,1,25,,,20,250,FM-Full_A-None_AdaBN-F
BI2015a,EEGNetv4,1,26,,,20,250,FM-Full_A-None_AdaBN-F
BI2015a,EEGNetv4,1,35,,,20,250,FM-Full_A-None_AdaBN-F
BI2015a,EEGNetv4,1,37,,,20,250,FM-Full_A-None_AdaBN-F
BI2015a,EEGNetv4,1,38,,,20,250,FM-Full_A-None_AdaBN-F
BI2015a,EEGNetv4,1,40,,,20,250,FM-Full_A-None_AdaBN-F
BI2015a,EEGNetv4,2,4,,,20,250,FM-Full_A-None_AdaBN-F
BI2015a,EEGNetv4,2,7,,,20,250,FM-Full_A-None_AdaBN-F
BI2015a,EEGNetv4,2,14,,,20,250,FM-Full_A-None_AdaBN-F
BI2015a,EEGNetv4,2,16,,,20,250,FM-Full_A-None_AdaBN-F
BI2015a,EEGNetv4,2,18,,,20,250,FM-Full_A-None_AdaBN-F
BI2015a,EEGNetv4,2,20,,,20,250,FM-Full_A-None_AdaBN-F
BI2015a,EEGNetv4,2,28,,,20,250,FM-Full_A-None_AdaBN-F
BI2015a,EEGNetv4,2,32,,,20,250,FM-Full_A-None_AdaBN-F
BI2015a,EEGNetv4,2,41,,,20,250,FM-Full_A-None_AdaBN-F
BI2015a,EEGNetv4,3,1,,,20,250,FM-Full_A-None_AdaBN-F
BI2015a,EEGNetv4,3,6,,,20,250,FM-Full_A-None_AdaBN-F
BI2015a,EEGNetv4,3,10,,,20,250,FM-Full_A-None_AdaBN-F
BI2015a,EEGNetv4,3,12,,,20,250,FM-Full_A-None_AdaBN-F
BI2015a,EEGNetv4,3,17,,,20,250,FM-Full_A-None_AdaBN-F
BI2015a,EEGNetv4,3,27,,,20,250,FM-Full_A-None_AdaBN-F
BI2015a,EEGNetv4,3,30,,,20,250,FM-Full_A-None_AdaBN-F
BI2015a,EEGNetv4,3,31,,,20,250,FM-Full_A-None_AdaBN-F
BI2015a,EEGNetv4,3,42,,,20,250,FM-Full_A-None_AdaBN-F
BI2015a,EEGNetv4,4,2,,,20,250,FM-Full_A-None_AdaBN-F
BI2015a,EEGNetv4,4,3,,,20,250,FM-Full_A-None_AdaBN-F
BI2015a,EEGNetv4,4,22,,,20,250,FM-Full_A-None_AdaBN-F
BI2015a,EEGNetv4,4,24,,,20,250,FM-Full_A-None_AdaBN-F
BI2015a,EEGNetv4,4,33,,,20,250,FM-Full_A-None_AdaBN-F
BI2015a,EEGNetv4,4,34,,,20,250,FM-Full_A-None_AdaBN-F
BI2015a,EEGNetv4,4,36,,,20,250,FM-Full_A-None_AdaBN-F
BI2015a,EEGNetv4,4,43,,,20,250,FM-Full_A-None_AdaBN-F
BI2015a,EEGNetv4,5,8,,,20,250,FM-Full_A-None_AdaBN-F
BI2015a,EEGNetv4,5,11,,,20,250,FM-Full_A-None_AdaBN-F
BI2015a,EEGNetv4,5,15,,,20,250,FM-Full_A-None_AdaBN-F
BI2015a,EEGNetv4,5,19,,,20,250,FM-Full_A-None_AdaBN-F
BI2015a,EEGNetv4,5,21,,,20,250,FM-Full_A-None_AdaBN-F
BI2015a,EEGNetv4,5,23,,,20,250,FM-Full_A-None_AdaBN-F
BI2015a,EEGNetv4,5,29,,,20,250,FM-Full_A-None_AdaBN-F
BI2015a,EEGNetv4,5,39,,,20,250,FM-Full_A-None_AdaBN-F
Lee2019_MI,ShallowConvNet,1,4,,,30,200,FM-Full_A-None_AdaBN-F
Lee2019_MI,ShallowConvNet,1,6,,,30,200,FM-Full_A-None_AdaBN-F
Lee2019_MI,ShallowConvNet,1,13,,,30,200,FM-Full_A-None_AdaBN-F
Lee2019_MI,ShallowConvNet,1,14,,,30,200,FM-Full_A-None_AdaBN-F
Lee2019_MI,ShallowConvNet,1,18,,,30,200,FM-Full_A-None_AdaBN-F
Lee2019_MI,ShallowConvNet,1,20,,,30,200,FM-Full_A-None_AdaBN-F
Lee2019_MI,ShallowConvNet,1,33,,,30,200,FM-Full_A-None_AdaBN-F
Lee2019_MI,ShallowConvNet,1,45,,,30,200,FM-Full_A-None_AdaBN-F
Lee2019_MI,ShallowConvNet,1,49,,,30,200,FM-Full_A-None_AdaBN-F
Lee2019_MI,ShallowConvNet,1,50,,,30,200,FM-Full_A-None_AdaBN-F
Lee2019_MI,ShallowConvNet,1,53,,,30,200,FM-Full_A-None_AdaBN-F
Lee2019_MI,ShallowConvNet,2,5,,,30,200,FM-Full_A-None_AdaBN-F
Lee2019_MI,ShallowConvNet,2,7,,,30,200,FM-Full_A-None_AdaBN-F
Lee2019_MI,ShallowConvNet,2,9,,,30,200,FM-Full_A-None_AdaBN-F
Lee2019_MI,ShallowConvNet,2,16,,,30,200,FM-Full_A-None_AdaBN-F
Lee2019_MI,ShallowConvNet,2,25,,,30,200,FM-Full_A-None_AdaBN-F
Lee2019_MI,ShallowConvNet,2,27,,,30,200,FM-Full_A-None_AdaBN-F
Lee2019_MI,ShallowConvNet,2,34,,,30,200,FM-Full_A-None_AdaBN-F
Lee2019_MI,ShallowConvNet,2,35,,,30,200,FM-Full_A-None_AdaBN-F
Lee2019_MI,ShallowConvNet,2,38,,,30,200,FM-Full_A-None_AdaBN-F
Lee2019_MI,ShallowConvNet,2,46,,,30,200,FM-Full_A-None_AdaBN-F
Lee2019_MI,ShallowConvNet,2,51,,,30,200,FM-Full_A-None_AdaBN-F
Lee2019_MI,ShallowConvNet,3,1,,,30,200,FM-Full_A-None_AdaBN-F
Lee2019_MI,ShallowConvNet,3,10,,,30,200,FM-Full_A-None_AdaBN-F
Lee2019_MI,ShallowConvNet,3,12,,,30,200,FM-Full_A-None_AdaBN-F
Lee2019_MI,ShallowConvNet,3,17,,,30,200,FM-Full_A-None_AdaBN-F
Lee2019_MI,ShallowConvNet,3,26,,,30,200,FM-Full_A-None_AdaBN-F
Lee2019_MI,ShallowConvNet,3,28,,,30,200,FM-Full_A-None_AdaBN-F
Lee2019_MI,ShallowConvNet,3,31,,,30,200,FM-Full_A-None_AdaBN-F
Lee2019_MI,ShallowConvNet,3,32,,,30,200,FM-Full_A-None_AdaBN-F
Lee2019_MI,ShallowConvNet,3,37,,,30,200,FM-Full_A-None_AdaBN-F
Lee2019_MI,ShallowConvNet,3,41,,,30,200,FM-Full_A-None_AdaBN-F
Lee2019_MI,ShallowConvNet,3,48,,,30,200,FM-Full_A-None_AdaBN-F
Lee2019_MI,ShallowConvNet,4,2,,,30,200,FM-Full_A-None_AdaBN-F
Lee2019_MI,ShallowConvNet,4,3,,,30,200,FM-Full_A-None_AdaBN-F
Lee2019_MI,ShallowConvNet,4,11,,,30,200,FM-Full_A-None_AdaBN-F
Lee2019_MI,ShallowConvNet,4,22,,,30,200,FM-Full_A-None_AdaBN-F
Lee2019_MI,ShallowConvNet,4,24,,,30,200,FM-Full_A-None_AdaBN-F
Lee2019_MI,ShallowConvNet,4,30,,,30,200,FM-Full_A-None_AdaBN-F
Lee2019_MI,ShallowConvNet,4,36,,,30,200,FM-Full_A-None_AdaBN-F
Lee2019_MI,ShallowConvNet,4,40,,,30,200,FM-Full_A-None_AdaBN-F
Lee2019_MI,ShallowConvNet,4,42,,,30,200,FM-Full_A-None_AdaBN-F
Lee2019_MI,ShallowConvNet,4,44,,,30,200,FM-Full_A-None_AdaBN-F
Lee2019_MI,ShallowConvNet,4,47,,,30,200,FM-Full_A-None_AdaBN-F
Lee2019_MI,ShallowConvNet,5,8,,,30,200,FM-Full_A-None_AdaBN-F
Lee2019_MI,ShallowConvNet,5,15,,,30,200,FM-Full_A-None_AdaBN-F
Lee2019_MI,ShallowConvNet,5,19,,,30,200,FM-Full_A-None_AdaBN-F
Lee2019_MI,ShallowConvNet,5,21,,,30,200,FM-Full_A-None_AdaBN-F
Lee2019_MI,ShallowConvNet,5,23,,,30,200,FM-Full_A-None_AdaBN-F
Lee2019_MI,ShallowConvNet,5,29,,,30,200,FM-Full_A-None_AdaBN-F
Lee2019_MI,ShallowConvNet,5,39,,,30,200,FM-Full_A-None_AdaBN-F
Lee2019_MI,ShallowConvNet,5,43,,,30,200,FM-Full_A-None_AdaBN-F
Lee2019_MI,ShallowConvNet,5,52,,,30,200,FM-Full_A-None_AdaBN-F
Lee2019_MI,ShallowConvNet,5,54,,,30,200,FM-Full_A-None_AdaBN-F
Lee2019_MI,ShallowConvNet,1,4,0.59,0.71,30,200,FM-Full_A-None_AdaBN-F
Lee2019_MI,ShallowConvNet,1,6,0.735,0.82,30,200,FM-Full_A-None_AdaBN-F
Lee2019_MI,ShallowConvNet,1,13,0.685,0.735,30,200,FM-Full_A-None_AdaBN-F
Lee2019_MI,ShallowConvNet,1,14,0.615,0.66,30,200,FM-Full_A-None_AdaBN-F
Lee2019_MI,ShallowConvNet,1,18,0.6,0.84,30,200,FM-Full_A-None_AdaBN-F
Lee2019_MI,ShallowConvNet,1,20,0.74,0.765,30,200,FM-Full_A-None_AdaBN-F
Lee2019_MI,ShallowConvNet,1,33,0.9,0.915,30,200,FM-Full_A-None_AdaBN-F
Lee2019_MI,ShallowConvNet,1,45,0.62,0.79,30,200,FM-Full_A-None_AdaBN-F
Lee2019_MI,ShallowConvNet,1,49,0.55,0.8,30,200,FM-Full_A-None_AdaBN-F
Lee2019_MI,ShallowConvNet,1,50,0.5,0.585,30,200,FM-Full_A-None_AdaBN-F
Lee2019_MI,ShallowConvNet,1,53,0.77,0.73,30,200,FM-Full_A-None_AdaBN-F
Lee2019_MI,ShallowConvNet,2,5,0.73,0.835,30,200,FM-Full_A-None_AdaBN-F
Lee2019_MI,ShallowConvNet,2,7,0.69,0.72,30,200,FM-Full_A-None_AdaBN-F
Lee2019_MI,ShallowConvNet,2,9,0.79,0.775,30,200,FM-Full_A-None_AdaBN-F
Lee2019_MI,ShallowConvNet,2,16,0.75,0.8,30,200,FM-Full_A-None_AdaBN-F
Lee2019_MI,ShallowConvNet,2,25,0.8,0.88,30,200,FM-Full_A-None_AdaBN-F
Lee2019_MI,ShallowConvNet,2,27,0.775,0.785,30,200,FM-Full_A-None_AdaBN-F
Lee2019_MI,ShallowConvNet,2,34,0.6,0.62,30,200,FM-Full_A-None_AdaBN-F
Lee2019_MI,ShallowConvNet,2,35,0.73,0.865,30,200,FM-Full_A-None_AdaBN-F
Lee2019_MI,ShallowConvNet,2,38,0.545,0.65,30,200,FM-Full_A-None_AdaBN-F
Lee2019_MI,ShallowConvNet,2,46,0.695,0.67,30,200,FM-Full_A-None_AdaBN-F
Lee2019_MI,ShallowConvNet,2,51,0.65,0.615,30,200,FM-Full_A-None_AdaBN-F
Lee2019_MI,ShallowConvNet,3,1,0.64,0.645,30,200,FM-Full_A-None_AdaBN-F
Lee2019_MI,ShallowConvNet,3,10,0.76,0.745,30,200,FM-Full_A-None_AdaBN-F
Lee2019_MI,ShallowConvNet,3,12,0.775,0.765,30,200,FM-Full_A-None_AdaBN-F
Lee2019_MI,ShallowConvNet,3,17,0.635,0.695,30,200,FM-Full_A-None_AdaBN-F
Lee2019_MI,ShallowConvNet,3,26,0.795,0.81,30,200,FM-Full_A-None_AdaBN-F
Lee2019_MI,ShallowConvNet,3,28,0.92,0.9,30,200,FM-Full_A-None_AdaBN-F
Lee2019_MI,ShallowConvNet,3,31,0.795,0.79,30,200,FM-Full_A-None_AdaBN-F
Lee2019_MI,ShallowConvNet,3,32,0.815,0.855,30,200,FM-Full_A-None_AdaBN-F
Lee2019_MI,ShallowConvNet,3,37,0.875,0.92,30,200,FM-Full_A-None_AdaBN-F
Lee2019_MI,ShallowConvNet,3,41,0.65,0.685,30,200,FM-Full_A-None_AdaBN-F
Lee2019_MI,ShallowConvNet,3,48,0.675,0.72,30,200,FM-Full_A-None_AdaBN-F
Lee2019_MI,ShallowConvNet,4,2,0.755,0.8,30,200,FM-Full_A-None_AdaBN-F
Lee2019_MI,ShallowConvNet,4,3,0.78,0.81,30,200,FM-Full_A-None_AdaBN-F
Lee2019_MI,ShallowConvNet,4,11,0.65,0.645,30,200,FM-Full_A-None_AdaBN-F
Lee2019_MI,ShallowConvNet,4,22,0.72,0.67,30,200,FM-Full_A-None_AdaBN-F
Lee2019_MI,ShallowConvNet,4,24,0.64,0.625,30,200,FM-Full_A-None_AdaBN-F
Lee2019_MI,ShallowConvNet,4,30,0.68,0.715,30,200,FM-Full_A-None_AdaBN-F
Lee2019_MI,ShallowConvNet,4,36,0.96,0.975,30,200,FM-Full_A-None_AdaBN-F
Lee2019_MI,ShallowConvNet,4,40,0.765,0.755,30,200,FM-Full_A-None_AdaBN-F
Lee2019_MI,ShallowConvNet,4,42,0.725,0.67,30,200,FM-Full_A-None_AdaBN-F
Lee2019_MI,ShallowConvNet,4,44,0.71,0.815,30,200,FM-Full_A-None_AdaBN-F
Lee2019_MI,ShallowConvNet,4,47,0.83,0.795,30,200,FM-Full_A-None_AdaBN-F
Lee2019_MI,ShallowConvNet,5,8,0.67,0.69,30,200,FM-Full_A-None_AdaBN-F
Lee2019_MI,ShallowConvNet,5,15,0.64,0.71,30,200,FM-Full_A-None_AdaBN-F
Lee2019_MI,ShallowConvNet,5,19,0.765,0.765,30,200,FM-Full_A-None_AdaBN-F
Lee2019_MI,ShallowConvNet,5,21,0.95,0.985,30,200,FM-Full_A-None_AdaBN-F
Lee2019_MI,ShallowConvNet,5,23,0.775,0.76,30,200,FM-Full_A-None_AdaBN-F
Lee2019_MI,ShallowConvNet,5,29,0.725,0.85,30,200,FM-Full_A-None_AdaBN-F
Lee2019_MI,ShallowConvNet,5,39,0.81,0.825,30,200,FM-Full_A-None_AdaBN-F
Lee2019_MI,ShallowConvNet,5,43,0.815,0.87,30,200,FM-Full_A-None_AdaBN-F
Lee2019_MI,ShallowConvNet,5,52,0.75,0.795,30,200,FM-Full_A-None_AdaBN-F
Lee2019_MI,ShallowConvNet,5,54,0.64,0.69,30,200,FM-Full_A-None_AdaBN-F
Huebner2017,ATCNet,1,1,0.8643579766536965,0.977976653696498,12,6250,FM-Full_A-None_AdaBN-F
Huebner2017,ATCNet,1,10,0.9318110972568578,0.98589463840399,12,6250,FM-Full_A-None_AdaBN-F
Huebner2017,ATCNet,1,12,0.7909274821039527,0.966697790227202,12,6250,FM-Full_A-None_AdaBN-F
Huebner2017,ATCNet,2,3,0.9074708171206226,0.9561867704280156,12,6250,FM-Full_A-None_AdaBN-F
Huebner2017,ATCNet,2,6,0.921891418563923,0.9856392294220664,12,6250,FM-Full_A-None_AdaBN-F
Huebner2017,ATCNet,2,9,0.9417211328976036,0.9796918767507002,12,6250,FM-Full_A-None_AdaBN-F
Huebner2017,ATCNet,3,2,0.8770619358854653,0.9588390911920324,12,6250,FM-Full_A-None_AdaBN-F
Huebner2017,ATCNet,3,5,0.8453937130407718,0.9415655150949268,12,6250,FM-Full_A-None_AdaBN-F
Huebner2017,ATCNet,3,13,0.9325344331180452,0.9786787020465332,12,6250,FM-Full_A-None_AdaBN-F
Huebner2017,ATCNet,4,8,0.8308949416342413,0.9211673151750972,12,6250,FM-Full_A-None_AdaBN-F
Huebner2017,ATCNet,4,11,0.8155498482372169,0.8809245855708615,12,6250,FM-Full_A-None_AdaBN-F
Huebner2017,ATCNet,5,4,0.9463035019455251,0.9859922178988328,12,6250,FM-Full_A-None_AdaBN-F
Huebner2017,ATCNet,5,7,0.9677093059446,0.9933862433862434,12,6250,FM-Full_A-None_AdaBN-F
Kalunga2016,DeepConvNet,1,1,0.25,0.28125,4,64,FM-Full_A-None_AdaBN-F
Kalunga2016,DeepConvNet,1,10,0.328125,0.328125,4,64,FM-Full_A-None_AdaBN-F
Kalunga2016,DeepConvNet,1,11,0.1875,0.234375,4,64,FM-Full_A-None_AdaBN-F
Kalunga2016,DeepConvNet,2,3,0.21875,0.234375,4,64,FM-Full_A-None_AdaBN-F
Kalunga2016,DeepConvNet,2,6,0.265625,0.25,4,64,FM-Full_A-None_AdaBN-F
Kalunga2016,DeepConvNet,2,9,0.25,0.25,4,64,FM-Full_A-None_AdaBN-F
Kalunga2016,DeepConvNet,3,2,0.265625,0.25,4,64,FM-Full_A-None_AdaBN-F
Kalunga2016,DeepConvNet,3,12,0.25,0.24375,4,64,FM-Full_A-None_AdaBN-F
Kalunga2016,DeepConvNet,4,5,0.234375,0.296875,4,64,FM-Full_A-None_AdaBN-F
Kalunga2016,DeepConvNet,4,8,0.25,0.296875,4,64,FM-Full_A-None_AdaBN-F
Kalunga2016,DeepConvNet,5,4,0.28125,0.3125,4,64,FM-Full_A-None_AdaBN-F
Kalunga2016,DeepConvNet,5,7,0.28125,0.2708333333333333,4,64,FM-Full_A-None_AdaBN-F
MAMEM2,ATCNet,1,2,0.248,0.304,3,100,FM-Full_A-None_AdaBN-F
MAMEM2,ATCNet,1,9,0.264,0.216,3,100,FM-Full_A-None_AdaBN-F
MAMEM2,ATCNet,2,1,0.168,0.232,3,100,FM-Full_A-None_AdaBN-F
MAMEM2,ATCNet,2,6,0.2,0.192,3,100,FM-Full_A-None_AdaBN-F
MAMEM2,ATCNet,3,3,0.216,0.24,3,100,FM-Full_A-None_AdaBN-F
MAMEM2,ATCNet,3,8,0.192,0.224,3,100,FM-Full_A-None_AdaBN-F
MAMEM2,ATCNet,4,5,0.28,0.216,3,100,FM-Full_A-None_AdaBN-F
MAMEM2,ATCNet,4,10,0.216,0.168,3,100,FM-Full_A-None_AdaBN-F
MAMEM2,ATCNet,5,4,0.136,0.192,3,100,FM-Full_A-None_AdaBN-F
MAMEM2,ATCNet,5,7,0.224,0.208,3,100,FM-Full_A-None_AdaBN-F
MAMEM2,ATCNet,1,2,,,3,100,FM-Full_A-None_AdaBN-F
MAMEM2,ATCNet,1,9,,,3,100,FM-Full_A-None_AdaBN-F
MAMEM2,ATCNet,2,1,,,3,100,FM-Full_A-None_AdaBN-F
MAMEM2,ATCNet,2,6,,,3,100,FM-Full_A-None_AdaBN-F
MAMEM2,ATCNet,3,3,,,3,100,FM-Full_A-None_AdaBN-F
MAMEM2,ATCNet,3,8,,,3,100,FM-Full_A-None_AdaBN-F
MAMEM2,ATCNet,4,5,,,3,100,FM-Full_A-None_AdaBN-F
MAMEM2,ATCNet,4,10,,,3,100,FM-Full_A-None_AdaBN-F
MAMEM2,ATCNet,5,4,,,3,100,FM-Full_A-None_AdaBN-F
MAMEM2,ATCNet,5,7,,,3,100,FM-Full_A-None_AdaBN-F
Huebner2018,ATCNet,1,1,0.8857763148679879,0.9807409482456756,8,10500,FM-Full_A-None_AdaBN-F
Huebner2018,ATCNet,1,10,0.8681372549019608,0.9423669467787116,8,10500,FM-Full_A-None_AdaBN-F
Huebner2018,ATCNet,1,11,0.8466732311154874,0.9255169503446335,8,10500,FM-Full_A-None_AdaBN-F
Huebner2018,ATCNet,2,3,0.969467787114846,0.9843837535014006,8,10500,FM-Full_A-None_AdaBN-F
Huebner2018,ATCNet,2,6,0.875,0.9842436974789917,8,10500,FM-Full_A-None_AdaBN-F
Huebner2018,ATCNet,2,9,0.7786259541984732,0.9568597240703132,8,10500,FM-Full_A-None_AdaBN-F
Huebner2018,ATCNet,3,2,0.9700980392156864,0.9864845938375352,8,10500,FM-Full_A-None_AdaBN-F
Huebner2018,ATCNet,3,12,0.8329131652661065,0.9404761904761904,8,10500,FM-Full_A-None_AdaBN-F
Huebner2018,ATCNet,4,5,0.8207229928541404,0.9404511699593668,8,10500,FM-Full_A-None_AdaBN-F
Huebner2018,ATCNet,4,8,0.809593837535014,0.938375350140056,8,10500,FM-Full_A-None_AdaBN-F
Huebner2018,ATCNet,5,4,0.93109243697479,0.965406162464986,8,10500,FM-Full_A-None_AdaBN-F
Huebner2018,ATCNet,5,7,0.8671196413561222,0.9458531801625104,8,10500,FM-Full_A-None_AdaBN-F
Kalunga2016,ATCNet,1,1,0.28125,0.296875,12,42,FM-Full_A-None_AdaBN-F
Kalunga2016,ATCNet,1,10,0.25,0.3671875,12,42,FM-Full_A-None_AdaBN-F
Kalunga2016,ATCNet,1,11,0.359375,0.28125,12,42,FM-Full_A-None_AdaBN-F
Kalunga2016,ATCNet,2,3,0.640625,0.59375,12,42,FM-Full_A-None_AdaBN-F
Kalunga2016,ATCNet,2,6,0.3125,0.296875,12,42,FM-Full_A-None_AdaBN-F
Kalunga2016,ATCNet,2,9,0.234375,0.21875,12,42,FM-Full_A-None_AdaBN-F
Kalunga2016,ATCNet,3,2,0.375,0.453125,12,42,FM-Full_A-None_AdaBN-F
Kalunga2016,ATCNet,3,12,0.4875,0.64375,12,42,FM-Full_A-None_AdaBN-F
Kalunga2016,ATCNet,4,5,0.34375,0.390625,12,42,FM-Full_A-None_AdaBN-F
Kalunga2016,ATCNet,4,8,0.578125,0.640625,12,42,FM-Full_A-None_AdaBN-F
Kalunga2016,ATCNet,5,4,0.421875,0.453125,12,42,FM-Full_A-None_AdaBN-F
Kalunga2016,ATCNet,5,7,0.6666666666666666,0.7604166666666666,12,42,FM-Full_A-None_AdaBN-F
Kalunga2016,ATCNet,1,1,,,12,42,FM-Full_A-None_AdaBN-F
Kalunga2016,ATCNet,1,10,,,12,42,FM-Full_A-None_AdaBN-F
Kalunga2016,ATCNet,1,11,,,12,42,FM-Full_A-None_AdaBN-F
Kalunga2016,ATCNet,2,3,,,12,42,FM-Full_A-None_AdaBN-F
Kalunga2016,ATCNet,2,6,,,12,42,FM-Full_A-None_AdaBN-F
Kalunga2016,ATCNet,2,9,,,12,42,FM-Full_A-None_AdaBN-F
Kalunga2016,ATCNet,3,2,,,12,42,FM-Full_A-None_AdaBN-F
Kalunga2016,ATCNet,3,12,,,12,42,FM-Full_A-None_AdaBN-F
Kalunga2016,ATCNet,4,5,,,12,42,FM-Full_A-None_AdaBN-F
Kalunga2016,ATCNet,4,8,,,12,42,FM-Full_A-None_AdaBN-F
Kalunga2016,ATCNet,5,4,,,12,42,FM-Full_A-None_AdaBN-F
Kalunga2016,ATCNet,5,7,,,12,42,FM-Full_A-None_AdaBN-F
Yang2025,ShallowConvNet,1,4,0.565,0.5633333333333334,15,600,FM-Full_A-None_AdaBN-F
Yang2025,ShallowConvNet,1,13,0.7333333333333333,0.7783333333333333,15,600,FM-Full_A-None_AdaBN-F
Yang2025,ShallowConvNet,1,14,0.5516666666666666,0.5816666666666667,15,600,FM-Full_A-None_AdaBN-F
Yang2025,ShallowConvNet,1,18,0.6583333333333333,0.67,15,600,FM-Full_A-None_AdaBN-F
Yang2025,ShallowConvNet,1,25,0.8783333333333333,0.9266666666666666,15,600,FM-Full_A-None_AdaBN-F
Yang2025,ShallowConvNet,1,31,0.73,0.7616666666666667,15,600,FM-Full_A-None_AdaBN-F
Yang2025,ShallowConvNet,1,32,0.6260434056761269,0.679465776293823,15,600,FM-Full_A-None_AdaBN-F
Yang2025,ShallowConvNet,1,33,0.9066666666666666,0.965,15,600,FM-Full_A-None_AdaBN-F
Yang2025,ShallowConvNet,1,41,0.8366666666666667,0.8883333333333333,15,600,FM-Full_A-None_AdaBN-F
Yang2025,ShallowConvNet,1,44,0.6983333333333334,0.7183333333333334,15,600,FM-Full_A-None_AdaBN-F
Yang2025,ShallowConvNet,1,47,0.8466666666666667,0.875,15,600,FM-Full_A-None_AdaBN-F
Yang2025,ShallowConvNet,2,5,0.8566666666666667,0.9016666666666666,15,600,FM-Full_A-None_AdaBN-F
Yang2025,ShallowConvNet,2,7,0.7966666666666666,0.7766666666666666,15,600,FM-Full_A-None_AdaBN-F
Yang2025,ShallowConvNet,2,9,0.6933333333333334,0.7216666666666667,15,600,FM-Full_A-None_AdaBN-F
Yang2025,ShallowConvNet,2,16,0.6266666666666667,0.6483333333333333,15,600,FM-Full_A-None_AdaBN-F
Yang2025,ShallowConvNet,2,20,0.74,0.8566666666666667,15,600,FM-Full_A-None_AdaBN-F
Yang2025,ShallowConvNet,2,34,0.5233333333333333,0.785,15,600,FM-Full_A-None_AdaBN-F
Yang2025,ShallowConvNet,2,37,0.8283333333333334,0.9166666666666666,15,600,FM-Full_A-None_AdaBN-F
Yang2025,ShallowConvNet,2,48,0.8033333333333333,0.8716666666666667,15,600,FM-Full_A-None_AdaBN-F
Yang2025,ShallowConvNet,2,49,0.9266666666666666,0.9316666666666666,15,600,FM-Full_A-None_AdaBN-F
Yang2025,ShallowConvNet,2,50,0.9083333333333332,0.9283333333333332,15,600,FM-Full_A-None_AdaBN-F
Yang2025,ShallowConvNet,3,1,0.9016666666666666,0.92,15,600,FM-Full_A-None_AdaBN-F
Yang2025,ShallowConvNet,3,10,0.785,0.8366666666666667,15,600,FM-Full_A-None_AdaBN-F
Yang2025,ShallowConvNet,3,12,0.5666666666666667,0.535,15,600,FM-Full_A-None_AdaBN-F
Yang2025,ShallowConvNet,3,17,0.785,0.795,15,600,FM-Full_A-None_AdaBN-F
Yang2025,ShallowConvNet,3,26,0.8096828046744574,0.9048414023372288,15,600,FM-Full_A-None_AdaBN-F
Yang2025,ShallowConvNet,3,27,0.58,0.6833333333333333,15,600,FM-Full_A-None_AdaBN-F
Yang2025,ShallowConvNet,3,28,0.75,0.8683333333333333,15,600,FM-Full_A-None_AdaBN-F
Yang2025,ShallowConvNet,3,35,0.9233333333333332,0.965,15,600,FM-Full_A-None_AdaBN-F
Yang2025,ShallowConvNet,3,45,0.86,0.8433333333333334,15,600,FM-Full_A-None_AdaBN-F
Yang2025,ShallowConvNet,3,46,0.965,0.9833333333333332,15,600,FM-Full_A-None_AdaBN-F
Yang2025,ShallowConvNet,4,2,0.675,0.685,15,600,FM-Full_A-None_AdaBN-F
Yang2025,ShallowConvNet,4,3,0.9483333333333334,0.95,15,600,FM-Full_A-None_AdaBN-F
Yang2025,ShallowConvNet,4,6,0.93,0.965,15,600,FM-Full_A-None_AdaBN-F
Yang2025,ShallowConvNet,4,22,0.74,0.8066666666666666,15,600,FM-Full_A-None_AdaBN-F
Yang2025,ShallowConvNet,4,24,0.9225589225589226,0.9528619528619529,15,600,FM-Full_A-None_AdaBN-F
Yang2025,ShallowConvNet,4,30,0.91,0.9333333333333332,15,600,FM-Full_A-None_AdaBN-F
Yang2025,ShallowConvNet,4,36,0.915,0.9416666666666668,15,600,FM-Full_A-None_AdaBN-F
Yang2025,ShallowConvNet,4,38,0.625,0.6166666666666667,15,600,FM-Full_A-None_AdaBN-F
Yang2025,ShallowConvNet,4,40,0.805,0.8416666666666667,15,600,FM-Full_A-None_AdaBN-F
Yang2025,ShallowConvNet,4,42,0.8083333333333333,0.8233333333333334,15,600,FM-Full_A-None_AdaBN-F
Yang2025,ShallowConvNet,5,8,0.88,0.9116666666666666,15,600,FM-Full_A-None_AdaBN-F
Yang2025,ShallowConvNet,5,11,0.885,0.9133333333333332,15,600,FM-Full_A-None_AdaBN-F
Yang2025,ShallowConvNet,5,15,0.7166666666666667,0.7583333333333333,15,600,FM-Full_A-None_AdaBN-F
Yang2025,ShallowConvNet,5,19,0.825,0.8483333333333334,15,600,FM-Full_A-None_AdaBN-F
Yang2025,ShallowConvNet,5,21,0.845,0.8783333333333333,15,600,FM-Full_A-None_AdaBN-F
Yang2025,ShallowConvNet,5,23,0.9131886477462438,0.9282136894824708,15,600,FM-Full_A-None_AdaBN-F
Yang2025,ShallowConvNet,5,29,0.6566666666666666,0.8266666666666667,15,600,FM-Full_A-None_AdaBN-F
Yang2025,ShallowConvNet,5,39,0.6616666666666666,0.71,15,600,FM-Full_A-None_AdaBN-F
Yang2025,ShallowConvNet,5,43,0.9766666666666668,0.9933333333333332,15,600,FM-Full_A-None_AdaBN-F
Yang2025,ShallowConvNet,5,51,0.815,0.87,15,600,FM-Full_A-None_AdaBN-F
Yang2025,ShallowConvNet,1,4,,,15,600,FM-Full_A-None_AdaBN-F
Yang2025,ShallowConvNet,1,13,,,15,600,FM-Full_A-None_AdaBN-F
Yang2025,ShallowConvNet,1,14,,,15,600,FM-Full_A-None_AdaBN-F
Yang2025,ShallowConvNet,1,18,,,15,600,FM-Full_A-None_AdaBN-F
Yang2025,ShallowConvNet,1,25,,,15,600,FM-Full_A-None_AdaBN-F
Yang2025,ShallowConvNet,1,31,,,15,600,FM-Full_A-None_AdaBN-F
Yang2025,ShallowConvNet,1,32,,,15,600,FM-Full_A-None_AdaBN-F
Yang2025,ShallowConvNet,1,33,,,15,600,FM-Full_A-None_AdaBN-F
Yang2025,ShallowConvNet,1,41,,,15,600,FM-Full_A-None_AdaBN-F
Yang2025,ShallowConvNet,1,44,,,15,600,FM-Full_A-None_AdaBN-F
Yang2025,ShallowConvNet,1,47,,,15,600,FM-Full_A-None_AdaBN-F
Yang2025,ShallowConvNet,2,5,,,15,600,FM-Full_A-None_AdaBN-F
Yang2025,ShallowConvNet,2,7,,,15,600,FM-Full_A-None_AdaBN-F
Yang2025,ShallowConvNet,2,9,,,15,600,FM-Full_A-None_AdaBN-F
Yang2025,ShallowConvNet,2,16,,,15,600,FM-Full_A-None_AdaBN-F
Yang2025,ShallowConvNet,2,20,,,15,600,FM-Full_A-None_AdaBN-F
Yang2025,ShallowConvNet,2,34,,,15,600,FM-Full_A-None_AdaBN-F
Yang2025,ShallowConvNet,2,37,,,15,600,FM-Full_A-None_AdaBN-F
Yang2025,ShallowConvNet,2,48,,,15,600,FM-Full_A-None_AdaBN-F
Yang2025,ShallowConvNet,2,49,,,15,600,FM-Full_A-None_AdaBN-F
Yang2025,ShallowConvNet,2,50,,,15,600,FM-Full_A-None_AdaBN-F
Yang2025,ShallowConvNet,3,1,,,15,600,FM-Full_A-None_AdaBN-F
Yang2025,ShallowConvNet,3,10,,,15,600,FM-Full_A-None_AdaBN-F
Yang2025,ShallowConvNet,3,12,,,15,600,FM-Full_A-None_AdaBN-F
Yang2025,ShallowConvNet,3,17,,,15,600,FM-Full_A-None_AdaBN-F
Yang2025,ShallowConvNet,3,26,,,15,600,FM-Full_A-None_AdaBN-F
Yang2025,ShallowConvNet,3,27,,,15,600,FM-Full_A-None_AdaBN-F
Yang2025,ShallowConvNet,3,28,,,15,600,FM-Full_A-None_AdaBN-F
Yang2025,ShallowConvNet,3,35,,,15,600,FM-Full_A-None_AdaBN-F
Yang2025,ShallowConvNet,3,45,,,15,600,FM-Full_A-None_AdaBN-F
Yang2025,ShallowConvNet,3,46,,,15,600,FM-Full_A-None_AdaBN-F
Yang2025,ShallowConvNet,4,2,,,15,600,FM-Full_A-None_AdaBN-F
Yang2025,ShallowConvNet,4,3,,,15,600,FM-Full_A-None_AdaBN-F
Yang2025,ShallowConvNet,4,6,,,15,600,FM-Full_A-None_AdaBN-F
Yang2025,ShallowConvNet,4,22,,,15,600,FM-Full_A-None_AdaBN-F
Yang2025,ShallowConvNet,4,24,,,15,600,FM-Full_A-None_AdaBN-F
Yang2025,ShallowConvNet,4,30,,,15,600,FM-Full_A-None_AdaBN-F
Yang2025,ShallowConvNet,4,36,,,15,600,FM-Full_A-None_AdaBN-F
Yang2025,ShallowConvNet,4,38,,,15,600,FM-Full_A-None_AdaBN-F
Yang2025,ShallowConvNet,4,40,,,15,600,FM-Full_A-None_AdaBN-F
Yang2025,ShallowConvNet,4,42,,,15,600,FM-Full_A-None_AdaBN-F
Yang2025,ShallowConvNet,5,8,,,15,600,FM-Full_A-None_AdaBN-F
Yang2025,ShallowConvNet,5,11,,,15,600,FM-Full_A-None_AdaBN-F
Yang2025,ShallowConvNet,5,15,,,15,600,FM-Full_A-None_AdaBN-F
Yang2025,ShallowConvNet,5,19,,,15,600,FM-Full_A-None_AdaBN-F
Yang2025,ShallowConvNet,5,21,,,15,600,FM-Full_A-None_AdaBN-F
Yang2025,ShallowConvNet,5,23,,,15,600,FM-Full_A-None_AdaBN-F
Yang2025,ShallowConvNet,5,29,,,15,600,FM-Full_A-None_AdaBN-F
Yang2025,ShallowConvNet,5,39,,,15,600,FM-Full_A-None_AdaBN-F
Yang2025,ShallowConvNet,5,43,,,15,600,FM-Full_A-None_AdaBN-F
Yang2025,ShallowConvNet,5,51,,,15,600,FM-Full_A-None_AdaBN-F
Lee2019_SSVEP,EEGNetv4,1,4,,,10,200,FM-Full_A-None_AdaBN-F
Lee2019_SSVEP,EEGNetv4,1,6,,,10,200,FM-Full_A-None_AdaBN-F
Lee2019_SSVEP,EEGNetv4,1,13,,,10,200,FM-Full_A-None_AdaBN-F
Lee2019_SSVEP,EEGNetv4,1,14,,,10,200,FM-Full_A-None_AdaBN-F
Lee2019_SSVEP,EEGNetv4,1,18,,,10,200,FM-Full_A-None_AdaBN-F
Lee2019_SSVEP,EEGNetv4,1,20,,,10,200,FM-Full_A-None_AdaBN-F
Lee2019_SSVEP,EEGNetv4,1,33,,,10,200,FM-Full_A-None_AdaBN-F
Lee2019_SSVEP,EEGNetv4,1,45,,,10,200,FM-Full_A-None_AdaBN-F
Lee2019_SSVEP,EEGNetv4,1,49,,,10,200,FM-Full_A-None_AdaBN-F
Lee2019_SSVEP,EEGNetv4,1,50,,,10,200,FM-Full_A-None_AdaBN-F
Lee2019_SSVEP,EEGNetv4,1,53,,,10,200,FM-Full_A-None_AdaBN-F
Lee2019_SSVEP,EEGNetv4,2,5,,,10,200,FM-Full_A-None_AdaBN-F
Lee2019_SSVEP,EEGNetv4,2,7,,,10,200,FM-Full_A-None_AdaBN-F
Lee2019_SSVEP,EEGNetv4,2,9,,,10,200,FM-Full_A-None_AdaBN-F
Lee2019_SSVEP,EEGNetv4,2,16,,,10,200,FM-Full_A-None_AdaBN-F
Lee2019_SSVEP,EEGNetv4,2,25,,,10,200,FM-Full_A-None_AdaBN-F
Lee2019_SSVEP,EEGNetv4,2,27,,,10,200,FM-Full_A-None_AdaBN-F
Lee2019_SSVEP,EEGNetv4,2,34,,,10,200,FM-Full_A-None_AdaBN-F
Lee2019_SSVEP,EEGNetv4,2,35,,,10,200,FM-Full_A-None_AdaBN-F
Lee2019_SSVEP,EEGNetv4,2,38,,,10,200,FM-Full_A-None_AdaBN-F
Lee2019_SSVEP,EEGNetv4,2,46,,,10,200,FM-Full_A-None_AdaBN-F
Lee2019_SSVEP,EEGNetv4,2,51,,,10,200,FM-Full_A-None_AdaBN-F
Lee2019_SSVEP,EEGNetv4,3,1,,,10,200,FM-Full_A-None_AdaBN-F
Lee2019_SSVEP,EEGNetv4,3,10,,,10,200,FM-Full_A-None_AdaBN-F
Lee2019_SSVEP,EEGNetv4,3,12,,,10,200,FM-Full_A-None_AdaBN-F
Lee2019_SSVEP,EEGNetv4,3,17,,,10,200,FM-Full_A-None_AdaBN-F
Lee2019_SSVEP,EEGNetv4,3,26,,,10,200,FM-Full_A-None_AdaBN-F
Lee2019_SSVEP,EEGNetv4,3,28,,,10,200,FM-Full_A-None_AdaBN-F
Lee2019_SSVEP,EEGNetv4,3,31,,,10,200,FM-Full_A-None_AdaBN-F
Lee2019_SSVEP,EEGNetv4,3,32,,,10,200,FM-Full_A-None_AdaBN-F
Lee2019_SSVEP,EEGNetv4,3,37,,,10,200,FM-Full_A-None_AdaBN-F
Lee2019_SSVEP,EEGNetv4,3,41,,,10,200,FM-Full_A-None_AdaBN-F
Lee2019_SSVEP,EEGNetv4,3,48,,,10,200,FM-Full_A-None_AdaBN-F
Lee2019_SSVEP,EEGNetv4,4,2,,,10,200,FM-Full_A-None_AdaBN-F
Lee2019_SSVEP,EEGNetv4,4,3,,,10,200,FM-Full_A-None_AdaBN-F
Lee2019_SSVEP,EEGNetv4,4,11,,,10,200,FM-Full_A-None_AdaBN-F
Lee2019_SSVEP,EEGNetv4,4,22,,,10,200,FM-Full_A-None_AdaBN-F
Lee2019_SSVEP,EEGNetv4,4,24,,,10,200,FM-Full_A-None_AdaBN-F
Lee2019_SSVEP,EEGNetv4,4,30,,,10,200,FM-Full_A-None_AdaBN-F
Lee2019_SSVEP,EEGNetv4,4,36,,,10,200,FM-Full_A-None_AdaBN-F
Lee2019_SSVEP,EEGNetv4,4,40,,,10,200,FM-Full_A-None_AdaBN-F
Lee2019_SSVEP,EEGNetv4,4,42,,,10,200,FM-Full_A-None_AdaBN-F
Lee2019_SSVEP,EEGNetv4,4,44,,,10,200,FM-Full_A-None_AdaBN-F
Lee2019_SSVEP,EEGNetv4,4,47,,,10,200,FM-Full_A-None_AdaBN-F
Lee2019_SSVEP,EEGNetv4,5,8,,,10,200,FM-Full_A-None_AdaBN-F
Lee2019_SSVEP,EEGNetv4,5,15,,,10,200,FM-Full_A-None_AdaBN-F
Lee2019_SSVEP,EEGNetv4,5,19,,,10,200,FM-Full_A-None_AdaBN-F
Lee2019_SSVEP,EEGNetv4,5,21,,,10,200,FM-Full_A-None_AdaBN-F
Lee2019_SSVEP,EEGNetv4,5,23,,,10,200,FM-Full_A-None_AdaBN-F
Lee2019_SSVEP,EEGNetv4,5,29,,,10,200,FM-Full_A-None_AdaBN-F
Lee2019_SSVEP,EEGNetv4,5,39,,,10,200,FM-Full_A-None_AdaBN-F
Lee2019_SSVEP,EEGNetv4,5,43,,,10,200,FM-Full_A-None_AdaBN-F
Lee2019_SSVEP,EEGNetv4,5,52,,,10,200,FM-Full_A-None_AdaBN-F
Lee2019_SSVEP,EEGNetv4,5,54,,,10,200,FM-Full_A-None_AdaBN-F
Lee2019_SSVEP,EEGNetv4,1,4,1.0,1.0,10,200,FM-Full_A-None_AdaBN-F
Lee2019_SSVEP,EEGNetv4,1,6,0.97,1.0,10,200,FM-Full_A-None_AdaBN-F
Lee2019_SSVEP,EEGNetv4,1,13,0.935,0.99,10,200,FM-Full_A-None_AdaBN-F
Lee2019_SSVEP,EEGNetv4,1,14,0.94,0.96,10,200,FM-Full_A-None_AdaBN-F
Lee2019_SSVEP,EEGNetv4,1,18,0.99,0.99,10,200,FM-Full_A-None_AdaBN-F
Lee2019_SSVEP,EEGNetv4,1,20,0.9,0.95,10,200,FM-Full_A-None_AdaBN-F
Lee2019_SSVEP,EEGNetv4,1,33,0.985,0.995,10,200,FM-Full_A-None_AdaBN-F
Lee2019_SSVEP,EEGNetv4,1,45,0.955,0.96,10,200,FM-Full_A-None_AdaBN-F
Lee2019_SSVEP,EEGNetv4,1,49,0.985,1.0,10,200,FM-Full_A-None_AdaBN-F
Lee2019_SSVEP,EEGNetv4,1,50,0.985,0.99,10,200,FM-Full_A-None_AdaBN-F
Lee2019_SSVEP,EEGNetv4,1,53,1.0,1.0,10,200,FM-Full_A-None_AdaBN-F
Lee2019_SSVEP,EEGNetv4,2,5,0.805,0.85,10,200,FM-Full_A-None_AdaBN-F
Lee2019_SSVEP,EEGNetv4,2,7,0.985,0.995,10,200,FM-Full_A-None_AdaBN-F
Lee2019_SSVEP,EEGNetv4,2,9,0.98,0.985,10,200,FM-Full_A-None_AdaBN-F
Lee2019_SSVEP,EEGNetv4,2,16,0.995,0.995,10,200,FM-Full_A-None_AdaBN-F
Lee2019_SSVEP,EEGNetv4,2,25,0.95,0.96,10,200,FM-Full_A-None_AdaBN-F
Lee2019_SSVEP,EEGNetv4,2,27,1.0,1.0,10,200,FM-Full_A-None_AdaBN-F
Lee2019_SSVEP,EEGNetv4,2,34,0.88,0.875,10,200,FM-Full_A-None_AdaBN-F
Lee2019_SSVEP,EEGNetv4,2,35,0.96,0.995,10,200,FM-Full_A-None_AdaBN-F
Lee2019_SSVEP,EEGNetv4,2,38,0.98,0.99,10,200,FM-Full_A-None_AdaBN-F
Lee2019_SSVEP,EEGNetv4,2,46,0.99,1.0,10,200,FM-Full_A-None_AdaBN-F
Lee2019_SSVEP,EEGNetv4,2,51,0.785,0.865,10,200,FM-Full_A-None_AdaBN-F
Lee2019_SSVEP,EEGNetv4,3,1,0.95,0.95,10,200,FM-Full_A-None_AdaBN-F
Lee2019_SSVEP,EEGNetv4,3,10,0.985,0.99,10,200,FM-Full_A-None_AdaBN-F
Lee2019_SSVEP,EEGNetv4,3,12,0.97,0.96,10,200,FM-Full_A-None_AdaBN-F
Lee2019_SSVEP,EEGNetv4,3,17,0.94,0.97,10,200,FM-Full_A-None_AdaBN-F
Lee2019_SSVEP,EEGNetv4,3,26,0.995,1.0,10,200,FM-Full_A-None_AdaBN-F
Lee2019_SSVEP,EEGNetv4,3,28,0.98,0.98,10,200,FM-Full_A-None_AdaBN-F
Lee2019_SSVEP,EEGNetv4,3,31,0.955,0.97,10,200,FM-Full_A-None_AdaBN-F
Lee2019_SSVEP,EEGNetv4,3,32,0.62,0.865,10,200,FM-Full_A-None_AdaBN-F
Lee2019_SSVEP,EEGNetv4,3,37,0.985,0.99,10,200,FM-Full_A-None_AdaBN-F
Lee2019_SSVEP,EEGNetv4,3,41,0.985,0.995,10,200,FM-Full_A-None_AdaBN-F
Lee2019_SSVEP,EEGNetv4,3,48,1.0,1.0,10,200,FM-Full_A-None_AdaBN-F
Lee2019_SSVEP,EEGNetv4,4,2,0.985,0.98,10,200,FM-Full_A-None_AdaBN-F
Lee2019_SSVEP,EEGNetv4,4,3,0.935,0.94,10,200,FM-Full_A-None_AdaBN-F
Lee2019_SSVEP,EEGNetv4,4,11,1.0,1.0,10,200,FM-Full_A-None_AdaBN-F
Lee2019_SSVEP,EEGNetv4,4,22,0.865,0.895,10,200,FM-Full_A-None_AdaBN-F
Lee2019_SSVEP,EEGNetv4,4,24,0.945,0.965,10,200,FM-Full_A-None_AdaBN-F
Lee2019_SSVEP,EEGNetv4,4,30,0.95,0.98,10,200,FM-Full_A-None_AdaBN-F
Lee2019_SSVEP,EEGNetv4,4,36,1.0,1.0,10,200,FM-Full_A-None_AdaBN-F
Lee2019_SSVEP,EEGNetv4,4,40,0.955,0.95,10,200,FM-Full_A-None_AdaBN-F
Lee2019_SSVEP,EEGNetv4,4,42,0.805,0.805,10,200,FM-Full_A-None_AdaBN-F
Lee2019_SSVEP,EEGNetv4,4,44,1.0,0.995,10,200,FM-Full_A-None_AdaBN-F
Lee2019_SSVEP,EEGNetv4,4,47,0.63,0.64,10,200,FM-Full_A-None_AdaBN-F
Lee2019_SSVEP,EEGNetv4,5,8,0.895,0.935,10,200,FM-Full_A-None_AdaBN-F
Lee2019_SSVEP,EEGNetv4,5,15,0.9,1.0,10,200,FM-Full_A-None_AdaBN-F
Lee2019_SSVEP,EEGNetv4,5,19,0.98,0.98,10,200,FM-Full_A-None_AdaBN-F
Lee2019_SSVEP,EEGNetv4,5,21,0.825,0.95,10,200,FM-Full_A-None_AdaBN-F
Lee2019_SSVEP,EEGNetv4,5,23,0.3,0.52,10,200,FM-Full_A-None_AdaBN-F
Lee2019_SSVEP,EEGNetv4,5,29,0.925,0.975,10,200,FM-Full_A-None_AdaBN-F
Lee2019_SSVEP,EEGNetv4,5,39,0.995,1.0,10,200,FM-Full_A-None_AdaBN-F
Lee2019_SSVEP,EEGNetv4,5,43,1.0,1.0,10,200,FM-Full_A-None_AdaBN-F
Lee2019_SSVEP,EEGNetv4,5,52,0.915,0.965,10,200,FM-Full_A-None_AdaBN-F
Lee2019_SSVEP,EEGNetv4,5,54,0.655,0.885,10,200,FM-Full_A-None_AdaBN-F
Lee2019_MI,ATCNet,1,4,0.725,0.73,30,200,FM-Full_A-None_AdaBN-F
Lee2019_MI,ATCNet,1,6,0.665,0.785,30,200,FM-Full_A-None_AdaBN-F
Lee2019_MI,ATCNet,1,13,0.635,0.65,30,200,FM-Full_A-None_AdaBN-F
Lee2019_MI,ATCNet,1,14,0.645,0.67,30,200,FM-Full_A-None_AdaBN-F
Lee2019_MI,ATCNet,1,18,0.845,0.9,30,200,FM-Full_A-None_AdaBN-F
Lee2019_MI,ATCNet,1,20,0.775,0.72,30,200,FM-Full_A-None_AdaBN-F
Lee2019_MI,ATCNet,1,33,0.97,0.965,30,200,FM-Full_A-None_AdaBN-F
Lee2019_MI,ATCNet,1,45,0.845,0.865,30,200,FM-Full_A-None_AdaBN-F
Lee2019_MI,ATCNet,1,49,0.76,0.805,30,200,FM-Full_A-None_AdaBN-F
Lee2019_MI,ATCNet,1,50,0.505,0.635,30,200,FM-Full_A-None_AdaBN-F
Lee2019_MI,ATCNet,1,53,0.68,0.66,30,200,FM-Full_A-None_AdaBN-F
Lee2019_MI,ATCNet,2,5,0.82,0.88,30,200,FM-Full_A-None_AdaBN-F
Lee2019_MI,ATCNet,2,7,0.6,0.69,30,200,FM-Full_A-None_AdaBN-F
Lee2019_MI,ATCNet,2,9,0.795,0.805,30,200,FM-Full_A-None_AdaBN-F
Lee2019_MI,ATCNet,2,16,0.785,0.82,30,200,FM-Full_A-None_AdaBN-F
Lee2019_MI,ATCNet,2,25,0.825,0.83,30,200,FM-Full_A-None_AdaBN-F
Lee2019_MI,ATCNet,2,27,0.7,0.71,30,200,FM-Full_A-None_AdaBN-F
Lee2019_MI,ATCNet,2,34,0.515,0.56,30,200,FM-Full_A-None_AdaBN-F
Lee2019_MI,ATCNet,2,35,0.71,0.955,30,200,FM-Full_A-None_AdaBN-F
Lee2019_MI,ATCNet,2,38,0.605,0.625,30,200,FM-Full_A-None_AdaBN-F
Lee2019_MI,ATCNet,2,46,0.66,0.685,30,200,FM-Full_A-None_AdaBN-F
Lee2019_MI,ATCNet,2,51,0.585,0.65,30,200,FM-Full_A-None_AdaBN-F
Lee2019_MI,ATCNet,3,1,0.775,0.845,30,200,FM-Full_A-None_AdaBN-F
Lee2019_MI,ATCNet,3,10,0.745,0.745,30,200,FM-Full_A-None_AdaBN-F
Lee2019_MI,ATCNet,3,12,0.77,0.77,30,200,FM-Full_A-None_AdaBN-F
Lee2019_MI,ATCNet,3,17,0.685,0.745,30,200,FM-Full_A-None_AdaBN-F
Lee2019_MI,ATCNet,3,26,0.725,0.74,30,200,FM-Full_A-None_AdaBN-F
Lee2019_MI,ATCNet,3,28,0.955,0.965,30,200,FM-Full_A-None_AdaBN-F
Lee2019_MI,ATCNet,3,31,0.715,0.775,30,200,FM-Full_A-None_AdaBN-F
Lee2019_MI,ATCNet,3,32,0.965,0.955,30,200,FM-Full_A-None_AdaBN-F
Lee2019_MI,ATCNet,3,37,0.955,0.96,30,200,FM-Full_A-None_AdaBN-F
Lee2019_MI,ATCNet,3,41,0.625,0.625,30,200,FM-Full_A-None_AdaBN-F
Lee2019_MI,ATCNet,3,48,0.63,0.71,30,200,FM-Full_A-None_AdaBN-F
Lee2019_MI,ATCNet,4,2,0.69,0.725,30,200,FM-Full_A-None_AdaBN-F
Lee2019_MI,ATCNet,4,3,0.785,0.845,30,200,FM-Full_A-None_AdaBN-F
Lee2019_MI,ATCNet,4,11,0.585,0.56,30,200,FM-Full_A-None_AdaBN-F
Lee2019_MI,ATCNet,4,22,0.625,0.725,30,200,FM-Full_A-None_AdaBN-F
Lee2019_MI,ATCNet,4,24,0.54,0.695,30,200,FM-Full_A-None_AdaBN-F
Lee2019_MI,ATCNet,4,30,0.615,0.64,30,200,FM-Full_A-None_AdaBN-F
Lee2019_MI,ATCNet,4,36,0.97,0.985,30,200,FM-Full_A-None_AdaBN-F
Lee2019_MI,ATCNet,4,40,0.71,0.74,30,200,FM-Full_A-None_AdaBN-F
Lee2019_MI,ATCNet,4,42,0.645,0.755,30,200,FM-Full_A-None_AdaBN-F
Lee2019_MI,ATCNet,4,44,0.905,0.925,30,200,FM-Full_A-None_AdaBN-F
Lee2019_MI,ATCNet,4,47,0.82,0.74,30,200,FM-Full_A-None_AdaBN-F
Lee2019_MI,ATCNet,5,8,0.75,0.725,30,200,FM-Full_A-None_AdaBN-F
Lee2019_MI,ATCNet,5,15,0.7,0.73,30,200,FM-Full_A-None_AdaBN-F
Lee2019_MI,ATCNet,5,19,0.79,0.815,30,200,FM-Full_A-None_AdaBN-F
Lee2019_MI,ATCNet,5,21,0.92,0.945,30,200,FM-Full_A-None_AdaBN-F
Lee2019_MI,ATCNet,5,23,0.855,0.855,30,200,FM-Full_A-None_AdaBN-F
Lee2019_MI,ATCNet,5,29,0.765,0.865,30,200,FM-Full_A-None_AdaBN-F
Lee2019_MI,ATCNet,5,39,0.845,0.83,30,200,FM-Full_A-None_AdaBN-F
Lee2019_MI,ATCNet,5,43,0.82,0.81,30,200,FM-Full_A-None_AdaBN-F
Lee2019_MI,ATCNet,5,52,0.78,0.82,30,200,FM-Full_A-None_AdaBN-F
Lee2019_MI,ATCNet,5,54,0.565,0.64,30,200,FM-Full_A-None_AdaBN-F
Kalunga2016,ATCNet,1,1,0.375,0.375,8,64,FM-Full_A-None_AdaBN-F
Kalunga2016,ATCNet,1,10,0.3515625,0.515625,8,64,FM-Full_A-None_AdaBN-F
Kalunga2016,ATCNet,1,11,0.375,0.4375,8,64,FM-Full_A-None_AdaBN-F
Kalunga2016,ATCNet,2,3,0.46875,0.484375,8,64,FM-Full_A-None_AdaBN-F
Kalunga2016,ATCNet,2,6,0.3125,0.328125,8,64,FM-Full_A-None_AdaBN-F
Kalunga2016,ATCNet,2,9,0.296875,0.296875,8,64,FM-Full_A-None_AdaBN-F
Kalunga2016,ATCNet,3,2,0.34375,0.34375,8,64,FM-Full_A-None_AdaBN-F
Kalunga2016,ATCNet,3,12,0.6625,0.725,8,64,FM-Full_A-None_AdaBN-F
Kalunga2016,ATCNet,4,5,0.453125,0.453125,8,64,FM-Full_A-None_AdaBN-F
Kalunga2016,ATCNet,4,8,0.59375,0.65625,8,64,FM-Full_A-None_AdaBN-F
Kalunga2016,ATCNet,5,4,0.40625,0.515625,8,64,FM-Full_A-None_AdaBN-F
Kalunga2016,ATCNet,5,7,0.6145833333333334,0.7083333333333334,8,64,FM-Full_A-None_AdaBN-F
Kalunga2016,ATCNet,1,1,,,8,64,FM-Full_A-None_AdaBN-F
Kalunga2016,ATCNet,1,10,,,8,64,FM-Full_A-None_AdaBN-F
Kalunga2016,ATCNet,1,11,,,8,64,FM-Full_A-None_AdaBN-F
Kalunga2016,ATCNet,2,3,,,8,64,FM-Full_A-None_AdaBN-F
Kalunga2016,ATCNet,2,6,,,8,64,FM-Full_A-None_AdaBN-F
Kalunga2016,ATCNet,2,9,,,8,64,FM-Full_A-None_AdaBN-F
Kalunga2016,ATCNet,3,2,,,8,64,FM-Full_A-None_AdaBN-F
Kalunga2016,ATCNet,3,12,,,8,64,FM-Full_A-None_AdaBN-F
Kalunga2016,ATCNet,4,5,,,8,64,FM-Full_A-None_AdaBN-F
Kalunga2016,ATCNet,4,8,,,8,64,FM-Full_A-None_AdaBN-F
Kalunga2016,ATCNet,5,4,,,8,64,FM-Full_A-None_AdaBN-F
Kalunga2016,ATCNet,5,7,,,8,64,FM-Full_A-None_AdaBN-F
Huebner2018,EEGNetv4,1,1,,,6,7000,FM-Full_A-None_AdaBN-F
Huebner2018,EEGNetv4,1,10,,,6,7000,FM-Full_A-None_AdaBN-F
Huebner2018,EEGNetv4,1,11,,,6,7000,FM-Full_A-None_AdaBN-F
Huebner2018,EEGNetv4,2,3,,,6,7000,FM-Full_A-None_AdaBN-F
Huebner2018,EEGNetv4,2,6,,,6,7000,FM-Full_A-None_AdaBN-F
Huebner2018,EEGNetv4,2,9,,,6,7000,FM-Full_A-None_AdaBN-F
Huebner2018,EEGNetv4,3,2,,,6,7000,FM-Full_A-None_AdaBN-F
Huebner2018,EEGNetv4,3,12,,,6,7000,FM-Full_A-None_AdaBN-F
Huebner2018,EEGNetv4,4,5,,,6,7000,FM-Full_A-None_AdaBN-F
Huebner2018,EEGNetv4,4,8,,,6,7000,FM-Full_A-None_AdaBN-F
Huebner2018,EEGNetv4,5,4,,,6,7000,FM-Full_A-None_AdaBN-F
Huebner2018,EEGNetv4,5,7,,,6,7000,FM-Full_A-None_AdaBN-F
Huebner2018,EEGNetv4,1,1,0.9521675187338048,0.974648084599762,6,7000,FM-Full_A-None_AdaBN-F
Huebner2018,EEGNetv4,1,10,0.8785714285714286,0.9390756302521008,6,7000,FM-Full_A-None_AdaBN-F
Huebner2018,EEGNetv4,1,11,0.8417498944999297,0.9164439442959628,6,7000,FM-Full_A-None_AdaBN-F
Huebner2018,EEGNetv4,2,3,0.9372549019607844,0.9813025210084032,6,7000,FM-Full_A-None_AdaBN-F
Huebner2018,EEGNetv4,2,6,0.8726190476190476,0.9803921568627452,6,7000,FM-Full_A-None_AdaBN-F
Huebner2018,EEGNetv4,2,9,0.7919322081378247,0.947825477974648,6,7000,FM-Full_A-None_AdaBN-F
Huebner2018,EEGNetv4,3,2,0.9658963585434174,0.982843137254902,6,7000,FM-Full_A-None_AdaBN-F
Huebner2018,EEGNetv4,3,12,0.8448879551820728,0.9346638655462184,6,7000,FM-Full_A-None_AdaBN-F
Huebner2018,EEGNetv4,4,5,0.8300406333193219,0.9294521507636262,6,7000,FM-Full_A-None_AdaBN-F
Huebner2018,EEGNetv4,4,8,0.7951680672268907,0.9317927170868348,6,7000,FM-Full_A-None_AdaBN-F
Huebner2018,EEGNetv4,5,4,0.930672268907563,0.9600140056022408,6,7000,FM-Full_A-None_AdaBN-F
Huebner2018,EEGNetv4,5,7,0.8919865508545811,0.939268702717848,6,7000,FM-Full_A-None_AdaBN-F
Huebner2017,EEGNetv4,1,1,,,10,7500,FM-Full_A-None_AdaBN-F
Huebner2017,EEGNetv4,1,10,,,10,7500,FM-Full_A-None_AdaBN-F
Huebner2017,EEGNetv4,1,12,,,10,7500,FM-Full_A-None_AdaBN-F
Huebner2017,EEGNetv4,2,3,,,10,7500,FM-Full_A-None_AdaBN-F
Huebner2017,EEGNetv4,2,6,,,10,7500,FM-Full_A-None_AdaBN-F
Huebner2017,EEGNetv4,2,9,,,10,7500,FM-Full_A-None_AdaBN-F
Huebner2017,EEGNetv4,3,2,,,10,7500,FM-Full_A-None_AdaBN-F
Huebner2017,EEGNetv4,3,5,,,10,7500,FM-Full_A-None_AdaBN-F
Huebner2017,EEGNetv4,3,13,,,10,7500,FM-Full_A-None_AdaBN-F
Huebner2017,EEGNetv4,4,8,,,10,7500,FM-Full_A-None_AdaBN-F
Huebner2017,EEGNetv4,4,11,,,10,7500,FM-Full_A-None_AdaBN-F
Huebner2017,EEGNetv4,5,4,,,10,7500,FM-Full_A-None_AdaBN-F
Huebner2017,EEGNetv4,5,7,,,10,7500,FM-Full_A-None_AdaBN-F
Huebner2017,EEGNetv4,1,1,0.9210116731517508,0.9757198443579768,10,7500,FM-Full_A-None_AdaBN-F
Huebner2017,EEGNetv4,1,10,0.9523067331670824,0.9842581047381546,10,7500,FM-Full_A-None_AdaBN-F
Huebner2017,EEGNetv4,1,12,0.8285091814503579,0.9616402116402116,10,7500,FM-Full_A-None_AdaBN-F
Huebner2017,EEGNetv4,2,3,0.9155642023346304,0.9562645914396888,10,7500,FM-Full_A-None_AdaBN-F
Huebner2017,EEGNetv4,2,6,0.8660828955049621,0.9814360770577932,10,7500,FM-Full_A-None_AdaBN-F
Huebner2017,EEGNetv4,2,9,0.9573607220666044,0.9779800809212574,10,7500,FM-Full_A-None_AdaBN-F
Huebner2017,EEGNetv4,3,2,0.8728602552131964,0.95525988173047,10,7500,FM-Full_A-None_AdaBN-F
Huebner2017,EEGNetv4,3,5,0.857376283846872,0.9337846249610956,10,7500,FM-Full_A-None_AdaBN-F
Huebner2017,EEGNetv4,3,13,0.9407828184577076,0.9746323243327368,10,7500,FM-Full_A-None_AdaBN-F
Huebner2017,EEGNetv4,4,8,0.8163424124513619,0.9157976653696498,10,7500,FM-Full_A-None_AdaBN-F
Huebner2017,EEGNetv4,4,11,0.7759358704957584,0.8694840065374737,10,7500,FM-Full_A-None_AdaBN-F
Huebner2017,EEGNetv4,5,4,0.9221789883268484,0.9847470817120624,10,7500,FM-Full_A-None_AdaBN-F
Huebner2017,EEGNetv4,5,7,0.9733115468409586,0.993308434484905,10,7500,FM-Full_A-None_AdaBN-F
BNCI2014_001,DeepConvNet,1,2,0.3472222222222222,0.5225694444444444,6,500,FM-Full_A-None_AdaBN-F
BNCI2014_001,DeepConvNet,1,8,0.5850694444444444,0.7152777777777778,6,500,FM-Full_A-None_AdaBN-F
BNCI2014_001,DeepConvNet,2,1,0.609375,0.6979166666666666,6,500,FM-Full_A-None_AdaBN-F
BNCI2014_001,DeepConvNet,2,6,0.3732638888888889,0.515625,6,500,FM-Full_A-None_AdaBN-F
BNCI2014_001,DeepConvNet,3,3,0.4774305555555556,0.7586805555555556,6,500,FM-Full_A-None_AdaBN-F
BNCI2014_001,DeepConvNet,3,9,0.4791666666666667,0.6927083333333334,6,500,FM-Full_A-None_AdaBN-F
BNCI2014_001,DeepConvNet,4,4,0.3680555555555556,0.5659722222222222,6,500,FM-Full_A-None_AdaBN-F
BNCI2014_001,DeepConvNet,4,5,0.3072916666666667,0.5017361111111112,6,500,FM-Full_A-None_AdaBN-F
BNCI2014_001,DeepConvNet,5,7,0.4427083333333333,0.5920138888888888,6,500,FM-Full_A-None_AdaBN-F
Huebner2018,EEGNetv4,1,1,0.9181315218152531,0.9740177883605294,3,14000,FM-Full_A-None_AdaBN-F
Huebner2018,EEGNetv4,1,10,0.853641456582633,0.9382352941176472,3,14000,FM-Full_A-None_AdaBN-F
Huebner2018,EEGNetv4,1,11,0.8527922351948235,0.9194682796455198,3,14000,FM-Full_A-None_AdaBN-F
Huebner2018,EEGNetv4,2,3,0.9663865546218487,0.9826330532212884,3,14000,FM-Full_A-None_AdaBN-F
Huebner2018,EEGNetv4,2,6,0.8284313725490197,0.9801820728291316,3,14000,FM-Full_A-None_AdaBN-F
Huebner2018,EEGNetv4,2,9,0.7910217802367112,0.9469150500735346,3,14000,FM-Full_A-None_AdaBN-F
Huebner2018,EEGNetv4,3,2,0.9493697478991596,0.9824929971988796,3,14000,FM-Full_A-None_AdaBN-F
Huebner2018,EEGNetv4,3,12,0.7663865546218488,0.9345238095238096,3,14000,FM-Full_A-None_AdaBN-F
Huebner2018,EEGNetv4,4,5,0.8114754098360656,0.9289617486338798,3,14000,FM-Full_A-None_AdaBN-F
Huebner2018,EEGNetv4,4,8,0.788375350140056,0.9276610644257705,3,14000,FM-Full_A-None_AdaBN-F
Huebner2018,EEGNetv4,5,4,0.9221288515406164,0.9596638655462184,3,14000,FM-Full_A-None_AdaBN-F
Huebner2018,EEGNetv4,5,7,0.8341272065004203,0.9373073690109276,3,14000,FM-Full_A-None_AdaBN-F
Huebner2018,EEGNetv4,1,1,,,3,14000,FM-Full_A-None_AdaBN-F
Huebner2018,EEGNetv4,1,10,,,3,14000,FM-Full_A-None_AdaBN-F
Huebner2018,EEGNetv4,1,11,,,3,14000,FM-Full_A-None_AdaBN-F
Huebner2018,EEGNetv4,2,3,,,3,14000,FM-Full_A-None_AdaBN-F
Huebner2018,EEGNetv4,2,6,,,3,14000,FM-Full_A-None_AdaBN-F
Huebner2018,EEGNetv4,2,9,,,3,14000,FM-Full_A-None_AdaBN-F
Huebner2018,EEGNetv4,3,2,,,3,14000,FM-Full_A-None_AdaBN-F
Huebner2018,EEGNetv4,3,12,,,3,14000,FM-Full_A-None_AdaBN-F
Huebner2018,EEGNetv4,4,5,,,3,14000,FM-Full_A-None_AdaBN-F
Huebner2018,EEGNetv4,4,8,,,3,14000,FM-Full_A-None_AdaBN-F
Huebner2018,EEGNetv4,5,4,,,3,14000,FM-Full_A-None_AdaBN-F
Huebner2018,EEGNetv4,5,7,,,3,14000,FM-Full_A-None_AdaBN-F
BI2015a,DeepConvNet,1,5,0.9090909090909092,0.9326599326599326,30,500,FM-Full_A-None_AdaBN-F
BI2015a,DeepConvNet,1,9,0.8723723723723724,0.9031531531531533,30,500,FM-Full_A-None_AdaBN-F
BI2015a,DeepConvNet,1,13,0.9064327485380116,0.9510233918128655,30,500,FM-Full_A-None_AdaBN-F
BI2015a,DeepConvNet,1,25,0.8414750957854407,0.8836206896551724,30,500,FM-Full_A-None_AdaBN-F
BI2015a,DeepConvNet,1,26,0.922043010752688,0.9507168458781362,30,500,FM-Full_A-None_AdaBN-F
BI2015a,DeepConvNet,1,35,0.8442028985507246,0.8357487922705314,30,500,FM-Full_A-None_AdaBN-F
BI2015a,DeepConvNet,1,37,0.7861111111111111,0.8722222222222222,30,500,FM-Full_A-None_AdaBN-F
BI2015a,DeepConvNet,1,38,0.8453453453453453,0.9166666666666666,30,500,FM-Full_A-None_AdaBN-F
BI2015a,DeepConvNet,1,40,0.875,0.9228395061728396,30,500,FM-Full_A-None_AdaBN-F
BI2015a,DeepConvNet,2,4,0.9104166666666668,0.9527777777777776,30,500,FM-Full_A-None_AdaBN-F
BI2015a,DeepConvNet,2,7,0.4444444444444444,0.9240196078431372,30,500,FM-Full_A-None_AdaBN-F
BI2015a,DeepConvNet,2,14,0.7742165242165242,0.8632478632478633,30,500,FM-Full_A-None_AdaBN-F
BI2015a,DeepConvNet,2,16,0.9134920634920636,0.9333333333333332,30,500,FM-Full_A-None_AdaBN-F
BI2015a,DeepConvNet,2,18,0.8512345679012345,0.9006172839506172,30,500,FM-Full_A-None_AdaBN-F
BI2015a,DeepConvNet,2,20,0.9012345679012346,0.9395061728395062,30,500,FM-Full_A-None_AdaBN-F
BI2015a,DeepConvNet,2,28,0.8777777777777778,0.8966666666666666,30,500,FM-Full_A-None_AdaBN-F
BI2015a,DeepConvNet,2,32,0.921146953405018,0.922043010752688,30,500,FM-Full_A-None_AdaBN-F
BI2015a,DeepConvNet,2,41,0.832716049382716,0.9055555555555556,30,500,FM-Full_A-None_AdaBN-F
BI2015a,DeepConvNet,3,1,0.8192090395480226,0.8684422921711057,30,500,FM-Full_A-None_AdaBN-F
BI2015a,DeepConvNet,3,6,0.8276515151515151,0.914141414141414,30,500,FM-Full_A-None_AdaBN-F
BI2015a,DeepConvNet,3,10,0.8960573476702509,0.931899641577061,30,500,FM-Full_A-None_AdaBN-F
BI2015a,DeepConvNet,3,12,0.8337813620071685,0.8593189964157706,30,500,FM-Full_A-None_AdaBN-F
BI2015a,DeepConvNet,3,17,0.8641975308641975,0.8925925925925926,30,500,FM-Full_A-None_AdaBN-F
BI2015a,DeepConvNet,3,27,0.8343881856540084,0.8540787623066104,30,500,FM-Full_A-None_AdaBN-F
BI2015a,DeepConvNet,3,30,0.912551440329218,0.9598765432098766,30,500,FM-Full_A-None_AdaBN-F
BI2015a,DeepConvNet,3,31,0.8081481481481482,0.855925925925926,30,500,FM-Full_A-None_AdaBN-F
BI2015a,DeepConvNet,3,42,0.8611111111111112,0.8640350877192983,30,500,FM-Full_A-None_AdaBN-F
BI2015a,DeepConvNet,4,2,0.8875661375661376,0.92989417989418,30,500,FM-Full_A-None_AdaBN-F
BI2015a,DeepConvNet,4,3,0.8706896551724138,0.9530651340996168,30,500,FM-Full_A-None_AdaBN-F
BI2015a,DeepConvNet,4,22,0.8857323232323232,0.9166666666666666,30,500,FM-Full_A-None_AdaBN-F
BI2015a,DeepConvNet,4,24,0.8927469135802469,0.9436728395061728,30,500,FM-Full_A-None_AdaBN-F
BI2015a,DeepConvNet,4,33,0.8902116402116402,0.9285714285714286,30,500,FM-Full_A-None_AdaBN-F
BI2015a,DeepConvNet,4,34,0.8809523809523809,0.9182539682539682,30,500,FM-Full_A-None_AdaBN-F
BI2015a,DeepConvNet,4,36,0.8944444444444445,0.9388888888888888,30,500,FM-Full_A-None_AdaBN-F
BI2015a,DeepConvNet,4,43,0.921455938697318,0.9511494252873564,30,500,FM-Full_A-None_AdaBN-F
BI2015a,DeepConvNet,5,8,0.8763227513227513,0.9166666666666666,30,500,FM-Full_A-None_AdaBN-F
BI2015a,DeepConvNet,5,11,0.8194444444444444,0.9041666666666668,30,500,FM-Full_A-None_AdaBN-F
BI2015a,DeepConvNet,5,15,0.9071428571428573,0.9349206349206348,30,500,FM-Full_A-None_AdaBN-F
BI2015a,DeepConvNet,5,19,0.8855555555555555,0.9016666666666666,30,500,FM-Full_A-None_AdaBN-F
BI2015a,DeepConvNet,5,21,0.9198412698412698,0.9357142857142856,30,500,FM-Full_A-None_AdaBN-F
BI2015a,DeepConvNet,5,23,0.8735380116959064,0.8932748538011696,30,500,FM-Full_A-None_AdaBN-F
BI2015a,DeepConvNet,5,29,0.8431372549019608,0.8839869281045751,30,500,FM-Full_A-None_AdaBN-F
BI2015a,DeepConvNet,5,39,0.8333333333333334,0.8860544217687075,30,500,FM-Full_A-None_AdaBN-F
BI2015a,ShallowConvNet,1,5,0.8872053872053872,0.9006734006734006,25,200,FM-Full_A-None_AdaBN-F
BI2015a,ShallowConvNet,1,9,0.8506006006006006,0.8686186186186187,25,200,FM-Full_A-None_AdaBN-F
BI2015a,ShallowConvNet,1,13,0.8486842105263158,0.9130116959064328,25,200,FM-Full_A-None_AdaBN-F
BI2015a,ShallowConvNet,1,25,0.8242337164750958,0.8419540229885057,25,200,FM-Full_A-None_AdaBN-F
BI2015a,ShallowConvNet,1,26,0.8611111111111112,0.8969534050179212,25,200,FM-Full_A-None_AdaBN-F
BI2015a,ShallowConvNet,1,35,0.8369565217391305,0.8023349436392915,25,200,FM-Full_A-None_AdaBN-F
BI2015a,ShallowConvNet,1,37,0.7686507936507937,0.8194444444444444,25,200,FM-Full_A-None_AdaBN-F
BI2015a,ShallowConvNet,1,38,0.8408408408408409,0.8746246246246246,25,200,FM-Full_A-None_AdaBN-F
BI2015a,ShallowConvNet,1,40,0.8389917695473251,0.8672839506172839,25,200,FM-Full_A-None_AdaBN-F
BI2015a,ShallowConvNet,2,4,0.8319444444444445,0.8909722222222223,25,200,FM-Full_A-None_AdaBN-F
BI2015a,ShallowConvNet,2,7,0.576797385620915,0.8488562091503268,25,200,FM-Full_A-None_AdaBN-F
BI2015a,ShallowConvNet,2,14,0.7913105413105413,0.8376068376068376,25,200,FM-Full_A-None_AdaBN-F
BI2015a,ShallowConvNet,2,16,0.8611111111111112,0.8634920634920635,25,200,FM-Full_A-None_AdaBN-F
BI2015a,ShallowConvNet,2,18,0.8240740740740741,0.832716049382716,25,200,FM-Full_A-None_AdaBN-F
BI2015a,ShallowConvNet,2,20,0.817283950617284,0.854320987654321,25,200,FM-Full_A-None_AdaBN-F
BI2015a,ShallowConvNet,2,28,0.8372222222222222,0.8383333333333334,25,200,FM-Full_A-None_AdaBN-F
BI2015a,ShallowConvNet,2,32,0.8646953405017921,0.8736559139784946,25,200,FM-Full_A-None_AdaBN-F
BI2015a,ShallowConvNet,2,41,0.7808641975308642,0.8518518518518519,25,200,FM-Full_A-None_AdaBN-F
BI2015a,ShallowConvNet,3,1,0.8101291364003228,0.8268765133171913,25,200,FM-Full_A-None_AdaBN-F
BI2015a,ShallowConvNet,3,6,0.7866161616161617,0.8667929292929293,25,200,FM-Full_A-None_AdaBN-F
BI2015a,ShallowConvNet,3,10,0.850358422939068,0.8727598566308243,25,200,FM-Full_A-None_AdaBN-F
BI2015a,ShallowConvNet,3,12,0.828853046594982,0.8422939068100358,25,200,FM-Full_A-None_AdaBN-F
BI2015a,ShallowConvNet,3,17,0.812962962962963,0.8524691358024692,25,200,FM-Full_A-None_AdaBN-F
BI2015a,ShallowConvNet,3,27,0.8245428973277075,0.8132911392405063,25,200,FM-Full_A-None_AdaBN-F
BI2015a,ShallowConvNet,3,30,0.7993827160493827,0.911522633744856,25,200,FM-Full_A-None_AdaBN-F
BI2015a,ShallowConvNet,3,31,0.7955555555555556,0.8188888888888889,25,200,FM-Full_A-None_AdaBN-F
BI2015a,ShallowConvNet,3,42,0.8123781676413255,0.8196881091617934,25,200,FM-Full_A-None_AdaBN-F
BI2015a,ShallowConvNet,4,2,0.8492063492063492,0.8849206349206349,25,200,FM-Full_A-None_AdaBN-F
BI2015a,ShallowConvNet,4,3,0.8438697318007663,0.9128352490421456,25,200,FM-Full_A-None_AdaBN-F
BI2015a,ShallowConvNet,4,22,0.8358585858585859,0.8459595959595959,25,200,FM-Full_A-None_AdaBN-F
BI2015a,ShallowConvNet,4,24,0.8479938271604939,0.8734567901234568,25,200,FM-Full_A-None_AdaBN-F
BI2015a,ShallowConvNet,4,33,0.8511904761904762,0.8743386243386243,25,200,FM-Full_A-None_AdaBN-F
BI2015a,ShallowConvNet,4,34,0.8333333333333334,0.8404761904761905,25,200,FM-Full_A-None_AdaBN-F
BI2015a,ShallowConvNet,4,36,0.7861111111111111,0.8645833333333334,25,200,FM-Full_A-None_AdaBN-F
BI2015a,ShallowConvNet,4,43,0.8917624521072797,0.9061302681992336,25,200,FM-Full_A-None_AdaBN-F
BI2015a,ShallowConvNet,5,8,0.8148148148148148,0.8551587301587301,25,200,FM-Full_A-None_AdaBN-F
BI2015a,ShallowConvNet,5,11,0.8298611111111112,0.8298611111111112,25,200,FM-Full_A-None_AdaBN-F
BI2015a,ShallowConvNet,5,15,0.8333333333333334,0.8706349206349207,25,200,FM-Full_A-None_AdaBN-F
BI2015a,ShallowConvNet,5,19,0.8277777777777777,0.855,25,200,FM-Full_A-None_AdaBN-F
BI2015a,ShallowConvNet,5,21,0.8571428571428571,0.8777777777777778,25,200,FM-Full_A-None_AdaBN-F
BI2015a,ShallowConvNet,5,23,0.8223684210526315,0.8581871345029239,25,200,FM-Full_A-None_AdaBN-F
BI2015a,ShallowConvNet,5,29,0.8202614379084967,0.8393246187363834,25,200,FM-Full_A-None_AdaBN-F
BI2015a,ShallowConvNet,5,39,0.8316326530612245,0.854875283446712,25,200,FM-Full_A-None_AdaBN-F
BI2015a,ShallowConvNet,1,5,,,25,200,FM-Full_A-None_AdaBN-F
BI2015a,ShallowConvNet,1,9,,,25,200,FM-Full_A-None_AdaBN-F
BI2015a,ShallowConvNet,1,13,,,25,200,FM-Full_A-None_AdaBN-F
BI2015a,ShallowConvNet,1,25,,,25,200,FM-Full_A-None_AdaBN-F
BI2015a,ShallowConvNet,1,26,,,25,200,FM-Full_A-None_AdaBN-F
BI2015a,ShallowConvNet,1,35,,,25,200,FM-Full_A-None_AdaBN-F
BI2015a,ShallowConvNet,1,37,,,25,200,FM-Full_A-None_AdaBN-F
BI2015a,ShallowConvNet,1,38,,,25,200,FM-Full_A-None_AdaBN-F
BI2015a,ShallowConvNet,1,40,,,25,200,FM-Full_A-None_AdaBN-F
BI2015a,ShallowConvNet,2,4,,,25,200,FM-Full_A-None_AdaBN-F
BI2015a,ShallowConvNet,2,7,,,25,200,FM-Full_A-None_AdaBN-F
BI2015a,ShallowConvNet,2,14,,,25,200,FM-Full_A-None_AdaBN-F
BI2015a,ShallowConvNet,2,16,,,25,200,FM-Full_A-None_AdaBN-F
BI2015a,ShallowConvNet,2,18,,,25,200,FM-Full_A-None_AdaBN-F
BI2015a,ShallowConvNet,2,20,,,25,200,FM-Full_A-None_AdaBN-F
BI2015a,ShallowConvNet,2,28,,,25,200,FM-Full_A-None_AdaBN-F
BI2015a,ShallowConvNet,2,32,,,25,200,FM-Full_A-None_AdaBN-F
BI2015a,ShallowConvNet,2,41,,,25,200,FM-Full_A-None_AdaBN-F
BI2015a,ShallowConvNet,3,1,,,25,200,FM-Full_A-None_AdaBN-F
BI2015a,ShallowConvNet,3,6,,,25,200,FM-Full_A-None_AdaBN-F
BI2015a,ShallowConvNet,3,10,,,25,200,FM-Full_A-None_AdaBN-F
BI2015a,ShallowConvNet,3,12,,,25,200,FM-Full_A-None_AdaBN-F
BI2015a,ShallowConvNet,3,17,,,25,200,FM-Full_A-None_AdaBN-F
BI2015a,ShallowConvNet,3,27,,,25,200,FM-Full_A-None_AdaBN-F
BI2015a,ShallowConvNet,3,30,,,25,200,FM-Full_A-None_AdaBN-F
BI2015a,ShallowConvNet,3,31,,,25,200,FM-Full_A-None_AdaBN-F
BI2015a,ShallowConvNet,3,42,,,25,200,FM-Full_A-None_AdaBN-F
BI2015a,ShallowConvNet,4,2,,,25,200,FM-Full_A-None_AdaBN-F
BI2015a,ShallowConvNet,4,3,,,25,200,FM-Full_A-None_AdaBN-F
BI2015a,ShallowConvNet,4,22,,,25,200,FM-Full_A-None_AdaBN-F
BI2015a,ShallowConvNet,4,24,,,25,200,FM-Full_A-None_AdaBN-F
BI2015a,ShallowConvNet,4,33,,,25,200,FM-Full_A-None_AdaBN-F
BI2015a,ShallowConvNet,4,34,,,25,200,FM-Full_A-None_AdaBN-F
BI2015a,ShallowConvNet,4,36,,,25,200,FM-Full_A-None_AdaBN-F
BI2015a,ShallowConvNet,4,43,,,25,200,FM-Full_A-None_AdaBN-F
BI2015a,ShallowConvNet,5,8,,,25,200,FM-Full_A-None_AdaBN-F
BI2015a,ShallowConvNet,5,11,,,25,200,FM-Full_A-None_AdaBN-F
BI2015a,ShallowConvNet,5,15,,,25,200,FM-Full_A-None_AdaBN-F
BI2015a,ShallowConvNet,5,19,,,25,200,FM-Full_A-None_AdaBN-F
BI2015a,ShallowConvNet,5,21,,,25,200,FM-Full_A-None_AdaBN-F
BI2015a,ShallowConvNet,5,23,,,25,200,FM-Full_A-None_AdaBN-F
BI2015a,ShallowConvNet,5,29,,,25,200,FM-Full_A-None_AdaBN-F
BI2015a,ShallowConvNet,5,39,,,25,200,FM-Full_A-None_AdaBN-F
Lee2019_MI,DeepConvNet,1,4,0.66,0.73,30,200,FM-Full_A-None_AdaBN-F
Lee2019_MI,DeepConvNet,1,6,0.84,0.935,30,200,FM-Full_A-None_AdaBN-F
Lee2019_MI,DeepConvNet,1,13,0.72,0.74,30,200,FM-Full_A-None_AdaBN-F
Lee2019_MI,DeepConvNet,1,14,0.595,0.705,30,200,FM-Full_A-None_AdaBN-F
Lee2019_MI,DeepConvNet,1,18,0.945,0.94,30,200,FM-Full_A-None_AdaBN-F
Lee2019_MI,DeepConvNet,1,20,0.84,0.88,30,200,FM-Full_A-None_AdaBN-F
Lee2019_MI,DeepConvNet,1,33,0.965,0.975,30,200,FM-Full_A-None_AdaBN-F
Lee2019_MI,DeepConvNet,1,45,0.835,0.935,30,200,FM-Full_A-None_AdaBN-F
Lee2019_MI,DeepConvNet,1,49,0.84,0.89,30,200,FM-Full_A-None_AdaBN-F
Lee2019_MI,DeepConvNet,1,50,0.655,0.69,30,200,FM-Full_A-None_AdaBN-F
Lee2019_MI,DeepConvNet,1,53,0.76,0.785,30,200,FM-Full_A-None_AdaBN-F
Lee2019_MI,DeepConvNet,2,5,0.8,0.8,30,200,FM-Full_A-None_AdaBN-F
Lee2019_MI,DeepConvNet,2,7,0.69,0.74,30,200,FM-Full_A-None_AdaBN-F
Lee2019_MI,DeepConvNet,2,9,0.82,0.795,30,200,FM-Full_A-None_AdaBN-F
Lee2019_MI,DeepConvNet,2,16,0.785,0.84,30,200,FM-Full_A-None_AdaBN-F
Lee2019_MI,DeepConvNet,2,25,0.815,0.87,30,200,FM-Full_A-None_AdaBN-F
Lee2019_MI,DeepConvNet,2,27,0.885,0.895,30,200,FM-Full_A-None_AdaBN-F
Lee2019_MI,DeepConvNet,2,34,0.595,0.67,30,200,FM-Full_A-None_AdaBN-F
Lee2019_MI,DeepConvNet,2,35,0.655,0.94,30,200,FM-Full_A-None_AdaBN-F
Lee2019_MI,DeepConvNet,2,38,0.58,0.735,30,200,FM-Full_A-None_AdaBN-F
Lee2019_MI,DeepConvNet,2,46,0.695,0.625,30,200,FM-Full_A-None_AdaBN-F
Lee2019_MI,DeepConvNet,2,51,0.7,0.785,30,200,FM-Full_A-None_AdaBN-F
Lee2019_MI,DeepConvNet,3,1,0.78,0.755,30,200,FM-Full_A-None_AdaBN-F
Lee2019_MI,DeepConvNet,3,10,0.67,0.745,30,200,FM-Full_A-None_AdaBN-F
Lee2019_MI,DeepConvNet,3,12,0.735,0.79,30,200,FM-Full_A-None_AdaBN-F
Lee2019_MI,DeepConvNet,3,17,0.64,0.705,30,200,FM-Full_A-None_AdaBN-F
Lee2019_MI,DeepConvNet,3,26,0.825,0.885,30,200,FM-Full_A-None_AdaBN-F
Lee2019_MI,DeepConvNet,3,28,0.895,0.915,30,200,FM-Full_A-None_AdaBN-F
Lee2019_MI,DeepConvNet,3,31,0.735,0.835,30,200,FM-Full_A-None_AdaBN-F
Lee2019_MI,DeepConvNet,3,32,0.86,0.93,30,200,FM-Full_A-None_AdaBN-F
Lee2019_MI,DeepConvNet,3,37,0.8,0.91,30,200,FM-Full_A-None_AdaBN-F
Lee2019_MI,DeepConvNet,3,41,0.57,0.76,30,200,FM-Full_A-None_AdaBN-F
Lee2019_MI,DeepConvNet,3,48,0.62,0.675,30,200,FM-Full_A-None_AdaBN-F
Lee2019_MI,DeepConvNet,4,2,0.8,0.83,30,200,FM-Full_A-None_AdaBN-F
Lee2019_MI,DeepConvNet,4,3,0.88,0.915,30,200,FM-Full_A-None_AdaBN-F
Lee2019_MI,DeepConvNet,4,11,0.625,0.645,30,200,FM-Full_A-None_AdaBN-F
Lee2019_MI,DeepConvNet,4,22,0.73,0.725,30,200,FM-Full_A-None_AdaBN-F
Lee2019_MI,DeepConvNet,4,24,0.75,0.825,30,200,FM-Full_A-None_AdaBN-F
Lee2019_MI,DeepConvNet,4,30,0.805,0.87,30,200,FM-Full_A-None_AdaBN-F
Lee2019_MI,DeepConvNet,4,36,0.98,0.985,30,200,FM-Full_A-None_AdaBN-F
Lee2019_MI,DeepConvNet,4,40,0.715,0.875,30,200,FM-Full_A-None_AdaBN-F
Lee2019_MI,DeepConvNet,4,42,0.735,0.755,30,200,FM-Full_A-None_AdaBN-F
Lee2019_MI,DeepConvNet,4,44,0.855,0.905,30,200,FM-Full_A-None_AdaBN-F
Lee2019_MI,DeepConvNet,4,47,0.86,0.86,30,200,FM-Full_A-None_AdaBN-F
Lee2019_MI,DeepConvNet,5,8,0.765,0.795,30,200,FM-Full_A-None_AdaBN-F
Lee2019_MI,DeepConvNet,5,15,0.805,0.845,30,200,FM-Full_A-None_AdaBN-F
Lee2019_MI,DeepConvNet,5,19,0.805,0.85,30,200,FM-Full_A-None_AdaBN-F
Lee2019_MI,DeepConvNet,5,21,0.97,0.97,30,200,FM-Full_A-None_AdaBN-F
Lee2019_MI,DeepConvNet,5,23,0.81,0.835,30,200,FM-Full_A-None_AdaBN-F
Lee2019_MI,DeepConvNet,5,29,0.775,0.855,30,200,FM-Full_A-None_AdaBN-F
Lee2019_MI,DeepConvNet,5,39,0.84,0.82,30,200,FM-Full_A-None_AdaBN-F
Lee2019_MI,DeepConvNet,5,43,0.915,0.865,30,200,FM-Full_A-None_AdaBN-F
Lee2019_MI,DeepConvNet,5,52,0.78,0.87,30,200,FM-Full_A-None_AdaBN-F
Lee2019_MI,DeepConvNet,5,54,0.725,0.735,30,200,FM-Full_A-None_AdaBN-F
Yang2025,ATCNet,1,4,0.5216666666666666,0.5183333333333333,15,600,FM-Full_A-None_AdaBN-F
Yang2025,ATCNet,1,13,0.7233333333333334,0.6916666666666667,15,600,FM-Full_A-None_AdaBN-F
Yang2025,ATCNet,1,14,0.5783333333333334,0.5733333333333334,15,600,FM-Full_A-None_AdaBN-F
Yang2025,ATCNet,1,18,0.6633333333333333,0.655,15,600,FM-Full_A-None_AdaBN-F
Yang2025,ATCNet,1,25,0.805,0.8383333333333334,15,600,FM-Full_A-None_AdaBN-F
Yang2025,ATCNet,1,31,0.735,0.7683333333333333,15,600,FM-Full_A-None_AdaBN-F
Yang2025,ATCNet,1,32,0.7762938230383973,0.7729549248747913,15,600,FM-Full_A-None_AdaBN-F
Yang2025,ATCNet,1,33,0.8683333333333333,0.9583333333333334,15,600,FM-Full_A-None_AdaBN-F
Yang2025,ATCNet,1,41,0.8616666666666667,0.9066666666666666,15,600,FM-Full_A-None_AdaBN-F
Yang2025,ATCNet,1,44,0.695,0.6633333333333333,15,600,FM-Full_A-None_AdaBN-F
Yang2025,ATCNet,1,47,0.7866666666666666,0.8,15,600,FM-Full_A-None_AdaBN-F
Yang2025,ATCNet,2,5,0.6416666666666667,0.8216666666666667,15,600,FM-Full_A-None_AdaBN-F
Yang2025,ATCNet,2,7,0.5966666666666667,0.6683333333333333,15,600,FM-Full_A-None_AdaBN-F
Yang2025,ATCNet,2,9,0.5733333333333334,0.665,15,600,FM-Full_A-None_AdaBN-F
Yang2025,ATCNet,2,16,0.5933333333333334,0.6666666666666666,15,600,FM-Full_A-None_AdaBN-F
Yang2025,ATCNet,2,20,0.5766666666666667,0.675,15,600,FM-Full_A-None_AdaBN-F
Yang2025,ATCNet,2,34,0.2916666666666667,0.8566666666666667,15,600,FM-Full_A-None_AdaBN-F
Yang2025,ATCNet,2,37,0.7633333333333333,0.785,15,600,FM-Full_A-None_AdaBN-F
Yang2025,ATCNet,2,48,0.6983333333333334,0.7866666666666666,15,600,FM-Full_A-None_AdaBN-F
Yang2025,ATCNet,2,49,0.795,0.8816666666666667,15,600,FM-Full_A-None_AdaBN-F
Yang2025,ATCNet,2,50,0.71,0.865,15,600,FM-Full_A-None_AdaBN-F
Yang2025,ATCNet,3,1,0.755,0.8666666666666667,15,600,FM-Full_A-None_AdaBN-F
Yang2025,ATCNet,3,10,0.785,0.7716666666666666,15,600,FM-Full_A-None_AdaBN-F
Yang2025,ATCNet,3,12,0.5216666666666666,0.5316666666666666,15,600,FM-Full_A-None_AdaBN-F
Yang2025,ATCNet,3,17,0.6116666666666667,0.67,15,600,FM-Full_A-None_AdaBN-F
Yang2025,ATCNet,3,26,0.6477462437395659,0.8414023372287145,15,600,FM-Full_A-None_AdaBN-F
Yang2025,ATCNet,3,27,0.5666666666666667,0.735,15,600,FM-Full_A-None_AdaBN-F
Yang2025,ATCNet,3,28,0.8166666666666667,0.8816666666666667,15,600,FM-Full_A-None_AdaBN-F
Yang2025,ATCNet,3,35,0.695,0.78,15,600,FM-Full_A-None_AdaBN-F
Yang2025,ATCNet,3,45,0.6616666666666666,0.7283333333333334,15,600,FM-Full_A-None_AdaBN-F
Yang2025,ATCNet,3,46,0.74,0.8983333333333333,15,600,FM-Full_A-None_AdaBN-F
Yang2025,ATCNet,4,2,0.59,0.6233333333333333,15,600,FM-Full_A-None_AdaBN-F
Yang2025,ATCNet,4,3,0.9016666666666666,0.8916666666666667,15,600,FM-Full_A-None_AdaBN-F
Yang2025,ATCNet,4,6,0.92,0.9383333333333334,15,600,FM-Full_A-None_AdaBN-F
Yang2025,ATCNet,4,22,0.7083333333333334,0.7783333333333333,15,600,FM-Full_A-None_AdaBN-F
Yang2025,ATCNet,4,24,0.8164983164983165,0.9511784511784512,15,600,FM-Full_A-None_AdaBN-F
Yang2025,ATCNet,4,30,0.755,0.7233333333333334,15,600,FM-Full_A-None_AdaBN-F
Yang2025,ATCNet,4,36,0.835,0.8216666666666667,15,600,FM-Full_A-None_AdaBN-F
Yang2025,ATCNet,4,38,0.5466666666666666,0.555,15,600,FM-Full_A-None_AdaBN-F
Yang2025,ATCNet,4,40,0.76,0.8133333333333334,15,600,FM-Full_A-None_AdaBN-F
Yang2025,ATCNet,4,42,0.7566666666666667,0.7266666666666667,15,600,FM-Full_A-None_AdaBN-F
Yang2025,ATCNet,5,8,0.8483333333333334,0.8333333333333334,15,600,FM-Full_A-None_AdaBN-F
Yang2025,ATCNet,5,11,0.7983333333333333,0.8666666666666667,15,600,FM-Full_A-None_AdaBN-F
Yang2025,ATCNet,5,15,0.7133333333333334,0.6966666666666667,15,600,FM-Full_A-None_AdaBN-F
Yang2025,ATCNet,5,19,0.7366666666666667,0.8333333333333334,15,600,FM-Full_A-None_AdaBN-F
Yang2025,ATCNet,5,21,0.7383333333333333,0.7616666666666667,15,600,FM-Full_A-None_AdaBN-F
Yang2025,ATCNet,5,23,0.8297161936560935,0.8814691151919867,15,600,FM-Full_A-None_AdaBN-F
Yang2025,ATCNet,5,29,0.8316666666666667,0.94,15,600,FM-Full_A-None_AdaBN-F
Yang2025,ATCNet,5,39,0.7533333333333333,0.8083333333333333,15,600,FM-Full_A-None_AdaBN-F
Yang2025,ATCNet,5,43,0.8166666666666667,0.88,15,600,FM-Full_A-None_AdaBN-F
Yang2025,ATCNet,5,51,0.84,0.8366666666666667,15,600,FM-Full_A-None_AdaBN-F
BI2015a,DeepConvNet,1,5,0.8947811447811448,0.9225589225589226,25,200,FM-Full_A-None_AdaBN-F
BI2015a,DeepConvNet,1,9,0.8626126126126126,0.8956456456456456,25,200,FM-Full_A-None_AdaBN-F
BI2015a,DeepConvNet,1,13,0.8961988304093568,0.932748538011696,25,200,FM-Full_A-None_AdaBN-F
BI2015a,DeepConvNet,1,25,0.8409961685823755,0.8783524904214559,25,200,FM-Full_A-None_AdaBN-F
BI2015a,DeepConvNet,1,26,0.9014336917562724,0.9444444444444444,25,200,FM-Full_A-None_AdaBN-F
BI2015a,DeepConvNet,1,35,0.8409822866344605,0.8325281803542673,25,200,FM-Full_A-None_AdaBN-F
BI2015a,DeepConvNet,1,37,0.807936507936508,0.8630952380952381,25,200,FM-Full_A-None_AdaBN-F
BI2015a,DeepConvNet,1,38,0.8663663663663663,0.9166666666666666,25,200,FM-Full_A-None_AdaBN-F
BI2015a,DeepConvNet,1,40,0.8647119341563786,0.9130658436213992,25,200,FM-Full_A-None_AdaBN-F
BI2015a,DeepConvNet,2,4,0.8694444444444445,0.9402777777777778,25,200,FM-Full_A-None_AdaBN-F
BI2015a,DeepConvNet,2,7,,,25,200,FM-Full_A-None_AdaBN-F
BI2015a,DeepConvNet,2,14,0.7150997150997151,0.8618233618233618,25,200,FM-Full_A-None_AdaBN-F
BI2015a,DeepConvNet,2,16,0.9222222222222224,0.9293650793650794,25,200,FM-Full_A-None_AdaBN-F
BI2015a,DeepConvNet,2,18,0.8493827160493828,0.8845679012345679,25,200,FM-Full_A-None_AdaBN-F
BI2015a,DeepConvNet,2,20,0.8734567901234568,0.9197530864197532,25,200,FM-Full_A-None_AdaBN-F
BI2015a,DeepConvNet,2,28,0.8511111111111112,0.8777777777777778,25,200,FM-Full_A-None_AdaBN-F
BI2015a,DeepConvNet,2,32,0.8862007168458781,0.9175627240143368,25,200,FM-Full_A-None_AdaBN-F
BI2015a,DeepConvNet,2,41,0.8055555555555556,0.9037037037037036,25,200,FM-Full_A-None_AdaBN-F
BI2015a,DeepConvNet,3,1,0.8210250201775625,0.8496771589991929,25,200,FM-Full_A-None_AdaBN-F
BI2015a,DeepConvNet,3,6,0.8263888888888888,0.9109848484848484,25,200,FM-Full_A-None_AdaBN-F
BI2015a,DeepConvNet,3,10,0.8584229390681004,0.9327956989247312,25,200,FM-Full_A-None_AdaBN-F
BI2015a,DeepConvNet,3,12,0.8346774193548387,0.850358422939068,25,200,FM-Full_A-None_AdaBN-F
BI2015a,DeepConvNet,3,17,0.854320987654321,0.8981481481481481,25,200,FM-Full_A-None_AdaBN-F
BI2015a,DeepConvNet,3,27,0.8308720112517581,0.8519690576652602,25,200,FM-Full_A-None_AdaBN-F
BI2015a,DeepConvNet,3,30,0.9197530864197532,0.9454732510288066,25,200,FM-Full_A-None_AdaBN-F
BI2015a,DeepConvNet,3,31,0.8133333333333334,0.837037037037037,25,200,FM-Full_A-None_AdaBN-F
BI2015a,DeepConvNet,3,42,0.8576998050682261,0.8494152046783626,25,200,FM-Full_A-None_AdaBN-F
BI2015a,DeepConvNet,4,2,0.873015873015873,0.9212962962962964,25,200,FM-Full_A-None_AdaBN-F
BI2015a,DeepConvNet,4,3,0.8697318007662835,0.9473180076628352,25,200,FM-Full_A-None_AdaBN-F
BI2015a,DeepConvNet,4,22,0.8768939393939394,0.9166666666666666,25,200,FM-Full_A-None_AdaBN-F
BI2015a,DeepConvNet,4,24,0.8942901234567902,0.9320987654320988,25,200,FM-Full_A-None_AdaBN-F
BI2015a,DeepConvNet,4,33,0.8756613756613757,0.9212962962962964,25,200,FM-Full_A-None_AdaBN-F
BI2015a,DeepConvNet,4,34,0.8698412698412699,0.911904761904762,25,200,FM-Full_A-None_AdaBN-F
BI2015a,DeepConvNet,4,36,0.8805555555555555,0.9305555555555556,25,200,FM-Full_A-None_AdaBN-F
BI2015a,DeepConvNet,4,43,0.9022988505747126,0.9540229885057472,25,200,FM-Full_A-None_AdaBN-F
BI2015a,DeepConvNet,5,8,0.8624338624338624,0.9054232804232804,25,200,FM-Full_A-None_AdaBN-F
BI2015a,DeepConvNet,5,11,0.8159722222222222,0.8979166666666667,25,200,FM-Full_A-None_AdaBN-F
BI2015a,DeepConvNet,5,15,0.8793650793650793,0.9111111111111112,25,200,FM-Full_A-None_AdaBN-F
BI2015a,DeepConvNet,5,19,0.8755555555555555,0.895,25,200,FM-Full_A-None_AdaBN-F
BI2015a,DeepConvNet,5,21,0.9031746031746032,0.938095238095238,25,200,FM-Full_A-None_AdaBN-F
BI2015a,DeepConvNet,5,23,0.8728070175438597,0.8837719298245614,25,200,FM-Full_A-None_AdaBN-F
BI2015a,DeepConvNet,5,29,0.8415032679738562,0.8785403050108932,25,200,FM-Full_A-None_AdaBN-F
BI2015a,DeepConvNet,5,39,0.7970521541950113,0.8860544217687075,25,200,FM-Full_A-None_AdaBN-F
Huebner2018,DeepConvNet,1,1,0.9453042930177183,0.9796204215981512,6,14000,FM-Full_A-None_AdaBN-F
Huebner2018,DeepConvNet,1,10,0.8743697478991597,0.9395658263305322,6,14000,FM-Full_A-None_AdaBN-F
Huebner2018,DeepConvNet,1,11,0.8058095372063582,0.9281896187930792,6,14000,FM-Full_A-None_AdaBN-F
Huebner2018,DeepConvNet,2,3,0.9665966386554622,0.9831232492997198,6,14000,FM-Full_A-None_AdaBN-F
Huebner2018,DeepConvNet,2,6,0.8301120448179272,0.9831232492997198,6,14000,FM-Full_A-None_AdaBN-F
Huebner2018,DeepConvNet,2,9,0.7848588836753274,0.95090692625534,6,14000,FM-Full_A-None_AdaBN-F
Huebner2018,DeepConvNet,3,2,0.963515406162465,0.9843837535014006,6,14000,FM-Full_A-None_AdaBN-F
Huebner2018,DeepConvNet,3,12,0.8212885154061624,0.940126050420168,6,14000,FM-Full_A-None_AdaBN-F
Huebner2018,DeepConvNet,4,5,0.8037690906543365,0.9352669188734762,6,14000,FM-Full_A-None_AdaBN-F
Huebner2018,DeepConvNet,4,8,0.7831932773109244,0.9334033613445378,6,14000,FM-Full_A-None_AdaBN-F
Huebner2018,DeepConvNet,5,4,0.9413165266106442,0.965266106442577,6,14000,FM-Full_A-None_AdaBN-F
Huebner2018,DeepConvNet,5,7,0.8809890725693471,0.9430512748669097,6,14000,FM-Full_A-None_AdaBN-F
Lee2019_MI,ShallowConvNet,1,4,0.55,0.71,40,150,FM-Full_A-None_AdaBN-F
Lee2019_MI,ShallowConvNet,1,6,0.825,0.87,40,150,FM-Full_A-None_AdaBN-F
Lee2019_MI,ShallowConvNet,1,13,0.68,0.705,40,150,FM-Full_A-None_AdaBN-F
Lee2019_MI,ShallowConvNet,1,14,0.71,0.66,40,150,FM-Full_A-None_AdaBN-F
Lee2019_MI,ShallowConvNet,1,18,0.61,0.86,40,150,FM-Full_A-None_AdaBN-F
Lee2019_MI,ShallowConvNet,1,20,0.725,0.745,40,150,FM-Full_A-None_AdaBN-F
Lee2019_MI,ShallowConvNet,1,33,0.865,0.92,40,150,FM-Full_A-None_AdaBN-F
Lee2019_MI,ShallowConvNet,1,45,0.76,0.83,40,150,FM-Full_A-None_AdaBN-F
Lee2019_MI,ShallowConvNet,1,49,0.58,0.86,40,150,FM-Full_A-None_AdaBN-F
Lee2019_MI,ShallowConvNet,1,50,0.575,0.6,40,150,FM-Full_A-None_AdaBN-F
Lee2019_MI,ShallowConvNet,1,53,0.705,0.785,40,150,FM-Full_A-None_AdaBN-F
Lee2019_MI,ShallowConvNet,2,5,0.79,0.845,40,150,FM-Full_A-None_AdaBN-F
Lee2019_MI,ShallowConvNet,2,7,0.63,0.745,40,150,FM-Full_A-None_AdaBN-F
Lee2019_MI,ShallowConvNet,2,9,0.76,0.725,40,150,FM-Full_A-None_AdaBN-F
Lee2019_MI,ShallowConvNet,2,16,0.77,0.825,40,150,FM-Full_A-None_AdaBN-F
Lee2019_MI,ShallowConvNet,2,25,0.82,0.855,40,150,FM-Full_A-None_AdaBN-F
Lee2019_MI,ShallowConvNet,2,27,0.79,0.79,40,150,FM-Full_A-None_AdaBN-F
Lee2019_MI,ShallowConvNet,2,34,0.57,0.595,40,150,FM-Full_A-None_AdaBN-F
Lee2019_MI,ShallowConvNet,2,35,0.795,0.89,40,150,FM-Full_A-None_AdaBN-F
Lee2019_MI,ShallowConvNet,2,38,0.585,0.645,40,150,FM-Full_A-None_AdaBN-F
Lee2019_MI,ShallowConvNet,2,46,0.685,0.695,40,150,FM-Full_A-None_AdaBN-F
Lee2019_MI,ShallowConvNet,2,51,0.61,0.635,40,150,FM-Full_A-None_AdaBN-F
Lee2019_MI,ShallowConvNet,3,1,0.685,0.69,40,150,FM-Full_A-None_AdaBN-F
Lee2019_MI,ShallowConvNet,3,10,0.67,0.705,40,150,FM-Full_A-None_AdaBN-F
Lee2019_MI,ShallowConvNet,3,12,0.77,0.76,40,150,FM-Full_A-None_AdaBN-F
Lee2019_MI,ShallowConvNet,3,17,0.69,0.685,40,150,FM-Full_A-None_AdaBN-F
Lee2019_MI,ShallowConvNet,3,26,0.85,0.83,40,150,FM-Full_A-None_AdaBN-F
Lee2019_MI,ShallowConvNet,3,28,0.905,0.9,40,150,FM-Full_A-None_AdaBN-F
Lee2019_MI,ShallowConvNet,3,31,0.78,0.78,40,150,FM-Full_A-None_AdaBN-F
Lee2019_MI,ShallowConvNet,3,32,0.815,0.85,40,150,FM-Full_A-None_AdaBN-F
Lee2019_MI,ShallowConvNet,3,37,0.885,0.88,40,150,FM-Full_A-None_AdaBN-F
Lee2019_MI,ShallowConvNet,3,41,0.715,0.74,40,150,FM-Full_A-None_AdaBN-F
Lee2019_MI,ShallowConvNet,3,48,0.685,0.66,40,150,FM-Full_A-None_AdaBN-F
Lee2019_MI,ShallowConvNet,4,2,0.79,0.82,40,150,FM-Full_A-None_AdaBN-F
Lee2019_MI,ShallowConvNet,4,3,0.745,0.825,40,150,FM-Full_A-None_AdaBN-F
Lee2019_MI,ShallowConvNet,4,11,0.64,0.685,40,150,FM-Full_A-None_AdaBN-F
Lee2019_MI,ShallowConvNet,4,22,0.715,0.66,40,150,FM-Full_A-None_AdaBN-F
Lee2019_MI,ShallowConvNet,4,24,0.625,0.67,40,150,FM-Full_A-None_AdaBN-F
Lee2019_MI,ShallowConvNet,4,30,0.68,0.71,40,150,FM-Full_A-None_AdaBN-F
Lee2019_MI,ShallowConvNet,4,36,0.92,0.95,40,150,FM-Full_A-None_AdaBN-F
Lee2019_MI,ShallowConvNet,4,40,0.735,0.78,40,150,FM-Full_A-None_AdaBN-F
Lee2019_MI,ShallowConvNet,4,42,0.725,0.725,40,150,FM-Full_A-None_AdaBN-F
Lee2019_MI,ShallowConvNet,4,44,0.685,0.79,40,150,FM-Full_A-None_AdaBN-F
Lee2019_MI,ShallowConvNet,4,47,0.815,0.775,40,150,FM-Full_A-None_AdaBN-F
Lee2019_MI,ShallowConvNet,5,8,0.665,0.68,40,150,FM-Full_A-None_AdaBN-F
Lee2019_MI,ShallowConvNet,5,15,0.66,0.72,40,150,FM-Full_A-None_AdaBN-F
Lee2019_MI,ShallowConvNet,5,19,0.77,0.85,40,150,FM-Full_A-None_AdaBN-F
Lee2019_MI,ShallowConvNet,5,21,0.85,0.97,40,150,FM-Full_A-None_AdaBN-F
Lee2019_MI,ShallowConvNet,5,23,0.795,0.74,40,150,FM-Full_A-None_AdaBN-F
Lee2019_MI,ShallowConvNet,5,29,0.66,0.83,40,150,FM-Full_A-None_AdaBN-F
Lee2019_MI,ShallowConvNet,5,39,0.8,0.8,40,150,FM-Full_A-None_AdaBN-F
Lee2019_MI,ShallowConvNet,5,43,0.715,0.81,40,150,FM-Full_A-None_AdaBN-F
Lee2019_MI,ShallowConvNet,5,52,0.705,0.76,40,150,FM-Full_A-None_AdaBN-F
Lee2019_MI,ShallowConvNet,5,54,0.715,0.69,40,150,FM-Full_A-None_AdaBN-F
Lee2019_MI,ShallowConvNet,1,4,,,40,150,FM-Full_A-None_AdaBN-F
Lee2019_MI,ShallowConvNet,1,6,,,40,150,FM-Full_A-None_AdaBN-F
Lee2019_MI,ShallowConvNet,1,13,,,40,150,FM-Full_A-None_AdaBN-F
Lee2019_MI,ShallowConvNet,1,14,,,40,150,FM-Full_A-None_AdaBN-F
Lee2019_MI,ShallowConvNet,1,18,,,40,150,FM-Full_A-None_AdaBN-F
Lee2019_MI,ShallowConvNet,1,20,,,40,150,FM-Full_A-None_AdaBN-F
Lee2019_MI,ShallowConvNet,1,33,,,40,150,FM-Full_A-None_AdaBN-F
Lee2019_MI,ShallowConvNet,1,45,,,40,150,FM-Full_A-None_AdaBN-F
Lee2019_MI,ShallowConvNet,1,49,,,40,150,FM-Full_A-None_AdaBN-F
Lee2019_MI,ShallowConvNet,1,50,,,40,150,FM-Full_A-None_AdaBN-F
Lee2019_MI,ShallowConvNet,1,53,,,40,150,FM-Full_A-None_AdaBN-F
Lee2019_MI,ShallowConvNet,2,5,,,40,150,FM-Full_A-None_AdaBN-F
Lee2019_MI,ShallowConvNet,2,7,,,40,150,FM-Full_A-None_AdaBN-F
Lee2019_MI,ShallowConvNet,2,9,,,40,150,FM-Full_A-None_AdaBN-F
Lee2019_MI,ShallowConvNet,2,16,,,40,150,FM-Full_A-None_AdaBN-F
Lee2019_MI,ShallowConvNet,2,25,,,40,150,FM-Full_A-None_AdaBN-F
Lee2019_MI,ShallowConvNet,2,27,,,40,150,FM-Full_A-None_AdaBN-F
Lee2019_MI,ShallowConvNet,2,34,,,40,150,FM-Full_A-None_AdaBN-F
Lee2019_MI,ShallowConvNet,2,35,,,40,150,FM-Full_A-None_AdaBN-F
Lee2019_MI,ShallowConvNet,2,38,,,40,150,FM-Full_A-None_AdaBN-F
Lee2019_MI,ShallowConvNet,2,46,,,40,150,FM-Full_A-None_AdaBN-F
Lee2019_MI,ShallowConvNet,2,51,,,40,150,FM-Full_A-None_AdaBN-F
Lee2019_MI,ShallowConvNet,3,1,,,40,150,FM-Full_A-None_AdaBN-F
Lee2019_MI,ShallowConvNet,3,10,,,40,150,FM-Full_A-None_AdaBN-F
Lee2019_MI,ShallowConvNet,3,12,,,40,150,FM-Full_A-None_AdaBN-F
Lee2019_MI,ShallowConvNet,3,17,,,40,150,FM-Full_A-None_AdaBN-F
Lee2019_MI,ShallowConvNet,3,26,,,40,150,FM-Full_A-None_AdaBN-F
Lee2019_MI,ShallowConvNet,3,28,,,40,150,FM-Full_A-None_AdaBN-F
Lee2019_MI,ShallowConvNet,3,31,,,40,150,FM-Full_A-None_AdaBN-F
Lee2019_MI,ShallowConvNet,3,32,,,40,150,FM-Full_A-None_AdaBN-F
Lee2019_MI,ShallowConvNet,3,37,,,40,150,FM-Full_A-None_AdaBN-F
Lee2019_MI,ShallowConvNet,3,41,,,40,150,FM-Full_A-None_AdaBN-F
Lee2019_MI,ShallowConvNet,3,48,,,40,150,FM-Full_A-None_AdaBN-F
Lee2019_MI,ShallowConvNet,4,2,,,40,150,FM-Full_A-None_AdaBN-F
Lee2019_MI,ShallowConvNet,4,3,,,40,150,FM-Full_A-None_AdaBN-F
Lee2019_MI,ShallowConvNet,4,11,,,40,150,FM-Full_A-None_AdaBN-F
Lee2019_MI,ShallowConvNet,4,22,,,40,150,FM-Full_A-None_AdaBN-F
Lee2019_MI,ShallowConvNet,4,24,,,40,150,FM-Full_A-None_AdaBN-F
Lee2019_MI,ShallowConvNet,4,30,,,40,150,FM-Full_A-None_AdaBN-F
Lee2019_MI,ShallowConvNet,4,36,,,40,150,FM-Full_A-None_AdaBN-F
Lee2019_MI,ShallowConvNet,4,40,,,40,150,FM-Full_A-None_AdaBN-F
Lee2019_MI,ShallowConvNet,4,42,,,40,150,FM-Full_A-None_AdaBN-F
Lee2019_MI,ShallowConvNet,4,44,,,40,150,FM-Full_A-None_AdaBN-F
Lee2019_MI,ShallowConvNet,4,47,,,40,150,FM-Full_A-None_AdaBN-F
Lee2019_MI,ShallowConvNet,5,8,,,40,150,FM-Full_A-None_AdaBN-F
Lee2019_MI,ShallowConvNet,5,15,,,40,150,FM-Full_A-None_AdaBN-F
Lee2019_MI,ShallowConvNet,5,19,,,40,150,FM-Full_A-None_AdaBN-F
Lee2019_MI,ShallowConvNet,5,21,,,40,150,FM-Full_A-None_AdaBN-F
Lee2019_MI,ShallowConvNet,5,23,,,40,150,FM-Full_A-None_AdaBN-F
Lee2019_MI,ShallowConvNet,5,29,,,40,150,FM-Full_A-None_AdaBN-F
Lee2019_MI,ShallowConvNet,5,39,,,40,150,FM-Full_A-None_AdaBN-F
Lee2019_MI,ShallowConvNet,5,43,,,40,150,FM-Full_A-None_AdaBN-F
Lee2019_MI,ShallowConvNet,5,52,,,40,150,FM-Full_A-None_AdaBN-F
Lee2019_MI,ShallowConvNet,5,54,,,40,150,FM-Full_A-None_AdaBN-F
Lee2019_MI,EEGNetv4,1,4,,,30,200,FM-Full_A-None_AdaBN-F
Lee2019_MI,EEGNetv4,1,6,,,30,200,FM-Full_A-None_AdaBN-F
Lee2019_MI,EEGNetv4,1,13,,,30,200,FM-Full_A-None_AdaBN-F
Lee2019_MI,EEGNetv4,1,14,,,30,200,FM-Full_A-None_AdaBN-F
Lee2019_MI,EEGNetv4,1,18,,,30,200,FM-Full_A-None_AdaBN-F
Lee2019_MI,EEGNetv4,1,20,,,30,200,FM-Full_A-None_AdaBN-F
Lee2019_MI,EEGNetv4,1,33,,,30,200,FM-Full_A-None_AdaBN-F
Lee2019_MI,EEGNetv4,1,45,,,30,200,FM-Full_A-None_AdaBN-F
Lee2019_MI,EEGNetv4,1,49,,,30,200,FM-Full_A-None_AdaBN-F
Lee2019_MI,EEGNetv4,1,50,,,30,200,FM-Full_A-None_AdaBN-F
Lee2019_MI,EEGNetv4,1,53,,,30,200,FM-Full_A-None_AdaBN-F
Lee2019_MI,EEGNetv4,2,5,,,30,200,FM-Full_A-None_AdaBN-F
Lee2019_MI,EEGNetv4,2,7,,,30,200,FM-Full_A-None_AdaBN-F
Lee2019_MI,EEGNetv4,2,9,,,30,200,FM-Full_A-None_AdaBN-F
Lee2019_MI,EEGNetv4,2,16,,,30,200,FM-Full_A-None_AdaBN-F
Lee2019_MI,EEGNetv4,2,25,,,30,200,FM-Full_A-None_AdaBN-F
Lee2019_MI,EEGNetv4,2,27,,,30,200,FM-Full_A-None_AdaBN-F
Lee2019_MI,EEGNetv4,2,34,,,30,200,FM-Full_A-None_AdaBN-F
Lee2019_MI,EEGNetv4,2,35,,,30,200,FM-Full_A-None_AdaBN-F
Lee2019_MI,EEGNetv4,2,38,,,30,200,FM-Full_A-None_AdaBN-F
Lee2019_MI,EEGNetv4,2,46,,,30,200,FM-Full_A-None_AdaBN-F
Lee2019_MI,EEGNetv4,2,51,,,30,200,FM-Full_A-None_AdaBN-F
Lee2019_MI,EEGNetv4,3,1,,,30,200,FM-Full_A-None_AdaBN-F
Lee2019_MI,EEGNetv4,3,10,,,30,200,FM-Full_A-None_AdaBN-F
Lee2019_MI,EEGNetv4,3,12,,,30,200,FM-Full_A-None_AdaBN-F
Lee2019_MI,EEGNetv4,3,17,,,30,200,FM-Full_A-None_AdaBN-F
Lee2019_MI,EEGNetv4,3,26,,,30,200,FM-Full_A-None_AdaBN-F
Lee2019_MI,EEGNetv4,3,28,,,30,200,FM-Full_A-None_AdaBN-F
Lee2019_MI,EEGNetv4,3,31,,,30,200,FM-Full_A-None_AdaBN-F
Lee2019_MI,EEGNetv4,3,32,,,30,200,FM-Full_A-None_AdaBN-F
Lee2019_MI,EEGNetv4,3,37,,,30,200,FM-Full_A-None_AdaBN-F
Lee2019_MI,EEGNetv4,3,41,,,30,200,FM-Full_A-None_AdaBN-F
Lee2019_MI,EEGNetv4,3,48,,,30,200,FM-Full_A-None_AdaBN-F
Lee2019_MI,EEGNetv4,4,2,,,30,200,FM-Full_A-None_AdaBN-F
Lee2019_MI,EEGNetv4,4,3,,,30,200,FM-Full_A-None_AdaBN-F
Lee2019_MI,EEGNetv4,4,11,,,30,200,FM-Full_A-None_AdaBN-F
Lee2019_MI,EEGNetv4,4,22,,,30,200,FM-Full_A-None_AdaBN-F
Lee2019_MI,EEGNetv4,4,24,,,30,200,FM-Full_A-None_AdaBN-F
Lee2019_MI,EEGNetv4,4,30,,,30,200,FM-Full_A-None_AdaBN-F
Lee2019_MI,EEGNetv4,4,36,,,30,200,FM-Full_A-None_AdaBN-F
Lee2019_MI,EEGNetv4,4,40,,,30,200,FM-Full_A-None_AdaBN-F
Lee2019_MI,EEGNetv4,4,42,,,30,200,FM-Full_A-None_AdaBN-F
Lee2019_MI,EEGNetv4,4,44,,,30,200,FM-Full_A-None_AdaBN-F
Lee2019_MI,EEGNetv4,4,47,,,30,200,FM-Full_A-None_AdaBN-F
Lee2019_MI,EEGNetv4,5,8,,,30,200,FM-Full_A-None_AdaBN-F
Lee2019_MI,EEGNetv4,5,15,,,30,200,FM-Full_A-None_AdaBN-F
Lee2019_MI,EEGNetv4,5,19,,,30,200,FM-Full_A-None_AdaBN-F
Lee2019_MI,EEGNetv4,5,21,,,30,200,FM-Full_A-None_AdaBN-F
Lee2019_MI,EEGNetv4,5,23,,,30,200,FM-Full_A-None_AdaBN-F
Lee2019_MI,EEGNetv4,5,29,,,30,200,FM-Full_A-None_AdaBN-F
Lee2019_MI,EEGNetv4,5,39,,,30,200,FM-Full_A-None_AdaBN-F
Lee2019_MI,EEGNetv4,5,43,,,30,200,FM-Full_A-None_AdaBN-F
Lee2019_MI,EEGNetv4,5,52,,,30,200,FM-Full_A-None_AdaBN-F
Lee2019_MI,EEGNetv4,5,54,,,30,200,FM-Full_A-None_AdaBN-F
Lee2019_MI,EEGNetv4,1,4,0.665,0.68,30,200,FM-Full_A-None_AdaBN-F
Lee2019_MI,EEGNetv4,1,6,0.8,0.875,30,200,FM-Full_A-None_AdaBN-F
Lee2019_MI,EEGNetv4,1,13,0.635,0.67,30,200,FM-Full_A-None_AdaBN-F
Lee2019_MI,EEGNetv4,1,14,0.695,0.655,30,200,FM-Full_A-None_AdaBN-F
Lee2019_MI,EEGNetv4,1,18,0.825,0.865,30,200,FM-Full_A-None_AdaBN-F
Lee2019_MI,EEGNetv4,1,20,0.81,0.8,30,200,FM-Full_A-None_AdaBN-F
Lee2019_MI,EEGNetv4,1,33,0.88,0.94,30,200,FM-Full_A-None_AdaBN-F
Lee2019_MI,EEGNetv4,1,45,0.805,0.855,30,200,FM-Full_A-None_AdaBN-F
Lee2019_MI,EEGNetv4,1,49,0.725,0.84,30,200,FM-Full_A-None_AdaBN-F
Lee2019_MI,EEGNetv4,1,50,0.53,0.57,30,200,FM-Full_A-None_AdaBN-F
Lee2019_MI,EEGNetv4,1,53,0.775,0.76,30,200,FM-Full_A-None_AdaBN-F
Lee2019_MI,EEGNetv4,2,5,0.7,0.795,30,200,FM-Full_A-None_AdaBN-F
Lee2019_MI,EEGNetv4,2,7,0.66,0.685,30,200,FM-Full_A-None_AdaBN-F
Lee2019_MI,EEGNetv4,2,9,0.795,0.82,30,200,FM-Full_A-None_AdaBN-F
Lee2019_MI,EEGNetv4,2,16,0.75,0.785,30,200,FM-Full_A-None_AdaBN-F
Lee2019_MI,EEGNetv4,2,25,0.795,0.895,30,200,FM-Full_A-None_AdaBN-F
Lee2019_MI,EEGNetv4,2,27,0.88,0.89,30,200,FM-Full_A-None_AdaBN-F
Lee2019_MI,EEGNetv4,2,34,0.575,0.65,30,200,FM-Full_A-None_AdaBN-F
Lee2019_MI,EEGNetv4,2,35,0.59,0.925,30,200,FM-Full_A-None_AdaBN-F
Lee2019_MI,EEGNetv4,2,38,0.57,0.755,30,200,FM-Full_A-None_AdaBN-F
Lee2019_MI,EEGNetv4,2,46,0.695,0.615,30,200,FM-Full_A-None_AdaBN-F
Lee2019_MI,EEGNetv4,2,51,0.665,0.73,30,200,FM-Full_A-None_AdaBN-F
Lee2019_MI,EEGNetv4,3,1,0.71,0.665,30,200,FM-Full_A-None_AdaBN-F
Lee2019_MI,EEGNetv4,3,10,0.715,0.745,30,200,FM-Full_A-None_AdaBN-F
Lee2019_MI,EEGNetv4,3,12,0.785,0.78,30,200,FM-Full_A-None_AdaBN-F
Lee2019_MI,EEGNetv4,3,17,0.605,0.625,30,200,FM-Full_A-None_AdaBN-F
Lee2019_MI,EEGNetv4,3,26,0.785,0.81,30,200,FM-Full_A-None_AdaBN-F
Lee2019_MI,EEGNetv4,3,28,0.895,0.91,30,200,FM-Full_A-None_AdaBN-F
Lee2019_MI,EEGNetv4,3,31,0.8,0.83,30,200,FM-Full_A-None_AdaBN-F
Lee2019_MI,EEGNetv4,3,32,0.84,0.875,30,200,FM-Full_A-None_AdaBN-F
Lee2019_MI,EEGNetv4,3,37,0.875,0.9,30,200,FM-Full_A-None_AdaBN-F
Lee2019_MI,EEGNetv4,3,41,0.71,0.795,30,200,FM-Full_A-None_AdaBN-F
Lee2019_MI,EEGNetv4,3,48,0.645,0.685,30,200,FM-Full_A-None_AdaBN-F
Lee2019_MI,EEGNetv4,4,2,0.72,0.735,30,200,FM-Full_A-None_AdaBN-F
Lee2019_MI,EEGNetv4,4,3,0.835,0.87,30,200,FM-Full_A-None_AdaBN-F
Lee2019_MI,EEGNetv4,4,11,0.63,0.675,30,200,FM-Full_A-None_AdaBN-F
Lee2019_MI,EEGNetv4,4,22,0.65,0.68,30,200,FM-Full_A-None_AdaBN-F
Lee2019_MI,EEGNetv4,4,24,0.675,0.7,30,200,FM-Full_A-None_AdaBN-F
Lee2019_MI,EEGNetv4,4,30,0.765,0.74,30,200,FM-Full_A-None_AdaBN-F
Lee2019_MI,EEGNetv4,4,36,0.92,0.965,30,200,FM-Full_A-None_AdaBN-F
Lee2019_MI,EEGNetv4,4,40,0.8,0.835,30,200,FM-Full_A-None_AdaBN-F
Lee2019_MI,EEGNetv4,4,42,0.7,0.715,30,200,FM-Full_A-None_AdaBN-F
Lee2019_MI,EEGNetv4,4,44,0.78,0.865,30,200,FM-Full_A-None_AdaBN-F
Lee2019_MI,EEGNetv4,4,47,0.835,0.815,30,200,FM-Full_A-None_AdaBN-F
Lee2019_MI,EEGNetv4,5,8,0.71,0.755,30,200,FM-Full_A-None_AdaBN-F
Lee2019_MI,EEGNetv4,5,15,0.805,0.86,30,200,FM-Full_A-None_AdaBN-F
Lee2019_MI,EEGNetv4,5,19,0.725,0.78,30,200,FM-Full_A-None_AdaBN-F
Lee2019_MI,EEGNetv4,5,21,0.91,0.965,30,200,FM-Full_A-None_AdaBN-F
Lee2019_MI,EEGNetv4,5,23,0.825,0.8,30,200,FM-Full_A-None_AdaBN-F
Lee2019_MI,EEGNetv4,5,29,0.725,0.815,30,200,FM-Full_A-None_AdaBN-F
Lee2019_MI,EEGNetv4,5,39,0.795,0.8,30,200,FM-Full_A-None_AdaBN-F
Lee2019_MI,EEGNetv4,5,43,0.845,0.855,30,200,FM-Full_A-None_AdaBN-F
Lee2019_MI,EEGNetv4,5,52,0.715,0.82,30,200,FM-Full_A-None_AdaBN-F
Lee2019_MI,EEGNetv4,5,54,0.7,0.715,30,200,FM-Full_A-None_AdaBN-F
Lee2019_SSVEP,EEGNetv4,1,4,1.0,1.0,40,50,FM-Full_A-None_AdaBN-F
Lee2019_SSVEP,EEGNetv4,1,6,1.0,1.0,40,50,FM-Full_A-None_AdaBN-F
Lee2019_SSVEP,EEGNetv4,1,13,0.945,0.975,40,50,FM-Full_A-None_AdaBN-F
Lee2019_SSVEP,EEGNetv4,1,14,0.92,0.96,40,50,FM-Full_A-None_AdaBN-F
Lee2019_SSVEP,EEGNetv4,1,18,0.995,0.995,40,50,FM-Full_A-None_AdaBN-F
Lee2019_SSVEP,EEGNetv4,1,20,0.96,0.97,40,50,FM-Full_A-None_AdaBN-F
Lee2019_SSVEP,EEGNetv4,1,33,1.0,1.0,40,50,FM-Full_A-None_AdaBN-F
Lee2019_SSVEP,EEGNetv4,1,45,0.965,0.96,40,50,FM-Full_A-None_AdaBN-F
Lee2019_SSVEP,EEGNetv4,1,49,1.0,1.0,40,50,FM-Full_A-None_AdaBN-F
Lee2019_SSVEP,EEGNetv4,1,50,0.975,0.995,40,50,FM-Full_A-None_AdaBN-F
Lee2019_SSVEP,EEGNetv4,1,53,1.0,1.0,40,50,FM-Full_A-None_AdaBN-F
Lee2019_SSVEP,EEGNetv4,2,5,0.775,0.84,40,50,FM-Full_A-None_AdaBN-F
Lee2019_SSVEP,EEGNetv4,2,7,0.95,0.995,40,50,FM-Full_A-None_AdaBN-F
Lee2019_SSVEP,EEGNetv4,2,9,0.995,0.995,40,50,FM-Full_A-None_AdaBN-F
Lee2019_SSVEP,EEGNetv4,2,16,0.995,0.995,40,50,FM-Full_A-None_AdaBN-F
Lee2019_SSVEP,EEGNetv4,2,25,0.94,0.955,40,50,FM-Full_A-None_AdaBN-F
Lee2019_SSVEP,EEGNetv4,2,27,0.995,0.995,40,50,FM-Full_A-None_AdaBN-F
Lee2019_SSVEP,EEGNetv4,2,34,0.815,0.89,40,50,FM-Full_A-None_AdaBN-F
Lee2019_SSVEP,EEGNetv4,2,35,0.94,0.985,40,50,FM-Full_A-None_AdaBN-F
Lee2019_SSVEP,EEGNetv4,2,38,0.99,0.995,40,50,FM-Full_A-None_AdaBN-F
Lee2019_SSVEP,EEGNetv4,2,46,1.0,1.0,40,50,FM-Full_A-None_AdaBN-F
Lee2019_SSVEP,EEGNetv4,2,51,0.745,0.83,40,50,FM-Full_A-None_AdaBN-F
Lee2019_SSVEP,EEGNetv4,3,1,0.945,0.95,40,50,FM-Full_A-None_AdaBN-F
Lee2019_SSVEP,EEGNetv4,3,10,0.99,0.995,40,50,FM-Full_A-None_AdaBN-F
Lee2019_SSVEP,EEGNetv4,3,12,0.965,0.97,40,50,FM-Full_A-None_AdaBN-F
Lee2019_SSVEP,EEGNetv4,3,17,0.94,0.985,40,50,FM-Full_A-None_AdaBN-F
Lee2019_SSVEP,EEGNetv4,3,26,0.94,0.995,40,50,FM-Full_A-None_AdaBN-F
Lee2019_SSVEP,EEGNetv4,3,28,0.97,0.965,40,50,FM-Full_A-None_AdaBN-F
Lee2019_SSVEP,EEGNetv4,3,31,0.985,0.985,40,50,FM-Full_A-None_AdaBN-F
Lee2019_SSVEP,EEGNetv4,3,32,0.59,0.815,40,50,FM-Full_A-None_AdaBN-F
Lee2019_SSVEP,EEGNetv4,3,37,0.99,1.0,40,50,FM-Full_A-None_AdaBN-F
Lee2019_SSVEP,EEGNetv4,3,41,0.98,0.99,40,50,FM-Full_A-None_AdaBN-F
Lee2019_SSVEP,EEGNetv4,3,48,0.995,0.995,40,50,FM-Full_A-None_AdaBN-F
Lee2019_SSVEP,EEGNetv4,4,2,0.995,0.985,40,50,FM-Full_A-None_AdaBN-F
Lee2019_SSVEP,EEGNetv4,4,3,0.925,0.925,40,50,FM-Full_A-None_AdaBN-F
Lee2019_SSVEP,EEGNetv4,4,11,0.995,1.0,40,50,FM-Full_A-None_AdaBN-F
Lee2019_SSVEP,EEGNetv4,4,22,0.885,0.905,40,50,FM-Full_A-None_AdaBN-F
Lee2019_SSVEP,EEGNetv4,4,24,0.955,0.96,40,50,FM-Full_A-None_AdaBN-F
Lee2019_SSVEP,EEGNetv4,4,30,0.97,0.985,40,50,FM-Full_A-None_AdaBN-F
Lee2019_SSVEP,EEGNetv4,4,36,1.0,1.0,40,50,FM-Full_A-None_AdaBN-F
Lee2019_SSVEP,EEGNetv4,4,40,0.925,0.96,40,50,FM-Full_A-None_AdaBN-F
Lee2019_SSVEP,EEGNetv4,4,42,0.795,0.79,40,50,FM-Full_A-None_AdaBN-F
Lee2019_SSVEP,EEGNetv4,4,44,0.99,0.995,40,50,FM-Full_A-None_AdaBN-F
Lee2019_SSVEP,EEGNetv4,4,47,0.63,0.645,40,50,FM-Full_A-None_AdaBN-F
Lee2019_SSVEP,EEGNetv4,5,8,0.915,0.95,40,50,FM-Full_A-None_AdaBN-F
Lee2019_SSVEP,EEGNetv4,5,15,0.86,0.985,40,50,FM-Full_A-None_AdaBN-F
Lee2019_SSVEP,EEGNetv4,5,19,0.985,0.985,40,50,FM-Full_A-None_AdaBN-F
Lee2019_SSVEP,EEGNetv4,5,21,0.825,0.94,40,50,FM-Full_A-None_AdaBN-F
Lee2019_SSVEP,EEGNetv4,5,23,0.31,0.545,40,50,FM-Full_A-None_AdaBN-F
Lee2019_SSVEP,EEGNetv4,5,29,0.92,0.955,40,50,FM-Full_A-None_AdaBN-F
Lee2019_SSVEP,EEGNetv4,5,39,1.0,1.0,40,50,FM-Full_A-None_AdaBN-F
Lee2019_SSVEP,EEGNetv4,5,43,1.0,1.0,40,50,FM-Full_A-None_AdaBN-F
Lee2019_SSVEP,EEGNetv4,5,52,0.9,0.95,40,50,FM-Full_A-None_AdaBN-F
Lee2019_SSVEP,EEGNetv4,5,54,0.63,0.86,40,50,FM-Full_A-None_AdaBN-F
Lee2019_SSVEP,EEGNetv4,1,4,,,40,50,FM-Full_A-None_AdaBN-F
Lee2019_SSVEP,EEGNetv4,1,6,,,40,50,FM-Full_A-None_AdaBN-F
Lee2019_SSVEP,EEGNetv4,1,13,,,40,50,FM-Full_A-None_AdaBN-F
Lee2019_SSVEP,EEGNetv4,1,14,,,40,50,FM-Full_A-None_AdaBN-F
Lee2019_SSVEP,EEGNetv4,1,18,,,40,50,FM-Full_A-None_AdaBN-F
Lee2019_SSVEP,EEGNetv4,1,20,,,40,50,FM-Full_A-None_AdaBN-F
Lee2019_SSVEP,EEGNetv4,1,33,,,40,50,FM-Full_A-None_AdaBN-F
Lee2019_SSVEP,EEGNetv4,1,45,,,40,50,FM-Full_A-None_AdaBN-F
Lee2019_SSVEP,EEGNetv4,1,49,,,40,50,FM-Full_A-None_AdaBN-F
Lee2019_SSVEP,EEGNetv4,1,50,,,40,50,FM-Full_A-None_AdaBN-F
Lee2019_SSVEP,EEGNetv4,1,53,,,40,50,FM-Full_A-None_AdaBN-F
Lee2019_SSVEP,EEGNetv4,2,5,,,40,50,FM-Full_A-None_AdaBN-F
Lee2019_SSVEP,EEGNetv4,2,7,,,40,50,FM-Full_A-None_AdaBN-F
Lee2019_SSVEP,EEGNetv4,2,9,,,40,50,FM-Full_A-None_AdaBN-F
Lee2019_SSVEP,EEGNetv4,2,16,,,40,50,FM-Full_A-None_AdaBN-F
Lee2019_SSVEP,EEGNetv4,2,25,,,40,50,FM-Full_A-None_AdaBN-F
Lee2019_SSVEP,EEGNetv4,2,27,,,40,50,FM-Full_A-None_AdaBN-F
Lee2019_SSVEP,EEGNetv4,2,34,,,40,50,FM-Full_A-None_AdaBN-F
Lee2019_SSVEP,EEGNetv4,2,35,,,40,50,FM-Full_A-None_AdaBN-F
Lee2019_SSVEP,EEGNetv4,2,38,,,40,50,FM-Full_A-None_AdaBN-F
Lee2019_SSVEP,EEGNetv4,2,46,,,40,50,FM-Full_A-None_AdaBN-F
Lee2019_SSVEP,EEGNetv4,2,51,,,40,50,FM-Full_A-None_AdaBN-F
Lee2019_SSVEP,EEGNetv4,3,1,,,40,50,FM-Full_A-None_AdaBN-F
Lee2019_SSVEP,EEGNetv4,3,10,,,40,50,FM-Full_A-None_AdaBN-F
Lee2019_SSVEP,EEGNetv4,3,12,,,40,50,FM-Full_A-None_AdaBN-F
Lee2019_SSVEP,EEGNetv4,3,17,,,40,50,FM-Full_A-None_AdaBN-F
Lee2019_SSVEP,EEGNetv4,3,26,,,40,50,FM-Full_A-None_AdaBN-F
Lee2019_SSVEP,EEGNetv4,3,28,,,40,50,FM-Full_A-None_AdaBN-F
Lee2019_SSVEP,EEGNetv4,3,31,,,40,50,FM-Full_A-None_AdaBN-F
Lee2019_SSVEP,EEGNetv4,3,32,,,40,50,FM-Full_A-None_AdaBN-F
Lee2019_SSVEP,EEGNetv4,3,37,,,40,50,FM-Full_A-None_AdaBN-F
Lee2019_SSVEP,EEGNetv4,3,41,,,40,50,FM-Full_A-None_AdaBN-F
Lee2019_SSVEP,EEGNetv4,3,48,,,40,50,FM-Full_A-None_AdaBN-F
Lee2019_SSVEP,EEGNetv4,4,2,,,40,50,FM-Full_A-None_AdaBN-F
Lee2019_SSVEP,EEGNetv4,4,3,,,40,50,FM-Full_A-None_AdaBN-F
Lee2019_SSVEP,EEGNetv4,4,11,,,40,50,FM-Full_A-None_AdaBN-F
Lee2019_SSVEP,EEGNetv4,4,22,,,40,50,FM-Full_A-None_AdaBN-F
Lee2019_SSVEP,EEGNetv4,4,24,,,40,50,FM-Full_A-None_AdaBN-F
Lee2019_SSVEP,EEGNetv4,4,30,,,40,50,FM-Full_A-None_AdaBN-F
Lee2019_SSVEP,EEGNetv4,4,36,,,40,50,FM-Full_A-None_AdaBN-F
Lee2019_SSVEP,EEGNetv4,4,40,,,40,50,FM-Full_A-None_AdaBN-F
Lee2019_SSVEP,EEGNetv4,4,42,,,40,50,FM-Full_A-None_AdaBN-F
Lee2019_SSVEP,EEGNetv4,4,44,,,40,50,FM-Full_A-None_AdaBN-F
Lee2019_SSVEP,EEGNetv4,4,47,,,40,50,FM-Full_A-None_AdaBN-F
Lee2019_SSVEP,EEGNetv4,5,8,,,40,50,FM-Full_A-None_AdaBN-F
Lee2019_SSVEP,EEGNetv4,5,15,,,40,50,FM-Full_A-None_AdaBN-F
Lee2019_SSVEP,EEGNetv4,5,19,,,40,50,FM-Full_A-None_AdaBN-F
Lee2019_SSVEP,EEGNetv4,5,21,,,40,50,FM-Full_A-None_AdaBN-F
Lee2019_SSVEP,EEGNetv4,5,23,,,40,50,FM-Full_A-None_AdaBN-F
Lee2019_SSVEP,EEGNetv4,5,29,,,40,50,FM-Full_A-None_AdaBN-F
Lee2019_SSVEP,EEGNetv4,5,39,,,40,50,FM-Full_A-None_AdaBN-F
Lee2019_SSVEP,EEGNetv4,5,43,,,40,50,FM-Full_A-None_AdaBN-F
Lee2019_SSVEP,EEGNetv4,5,52,,,40,50,FM-Full_A-None_AdaBN-F
Lee2019_SSVEP,EEGNetv4,5,54,,,40,50,FM-Full_A-None_AdaBN-F
Lee2019_MI,ATCNet,1,4,,,15,200,FM-Full_A-None_AdaBN-F
Lee2019_MI,ATCNet,1,6,,,15,200,FM-Full_A-None_AdaBN-F
Lee2019_MI,ATCNet,1,13,,,15,200,FM-Full_A-None_AdaBN-F
Lee2019_MI,ATCNet,1,14,,,15,200,FM-Full_A-None_AdaBN-F
Lee2019_MI,ATCNet,1,18,,,15,200,FM-Full_A-None_AdaBN-F
Lee2019_MI,ATCNet,1,20,,,15,200,FM-Full_A-None_AdaBN-F
Lee2019_MI,ATCNet,1,33,,,15,200,FM-Full_A-None_AdaBN-F
Lee2019_MI,ATCNet,1,45,,,15,200,FM-Full_A-None_AdaBN-F
Lee2019_MI,ATCNet,1,49,,,15,200,FM-Full_A-None_AdaBN-F
Lee2019_MI,ATCNet,1,50,,,15,200,FM-Full_A-None_AdaBN-F
Lee2019_MI,ATCNet,1,53,,,15,200,FM-Full_A-None_AdaBN-F
Lee2019_MI,ATCNet,2,5,,,15,200,FM-Full_A-None_AdaBN-F
Lee2019_MI,ATCNet,2,7,,,15,200,FM-Full_A-None_AdaBN-F
Lee2019_MI,ATCNet,2,9,,,15,200,FM-Full_A-None_AdaBN-F
Lee2019_MI,ATCNet,2,16,,,15,200,FM-Full_A-None_AdaBN-F
Lee2019_MI,ATCNet,2,25,,,15,200,FM-Full_A-None_AdaBN-F
Lee2019_MI,ATCNet,2,27,,,15,200,FM-Full_A-None_AdaBN-F
Lee2019_MI,ATCNet,2,34,,,15,200,FM-Full_A-None_AdaBN-F
Lee2019_MI,ATCNet,2,35,,,15,200,FM-Full_A-None_AdaBN-F
Lee2019_MI,ATCNet,2,38,,,15,200,FM-Full_A-None_AdaBN-F
Lee2019_MI,ATCNet,2,46,,,15,200,FM-Full_A-None_AdaBN-F
Lee2019_MI,ATCNet,2,51,,,15,200,FM-Full_A-None_AdaBN-F
Lee2019_MI,ATCNet,3,1,,,15,200,FM-Full_A-None_AdaBN-F
Lee2019_MI,ATCNet,3,10,,,15,200,FM-Full_A-None_AdaBN-F
Lee2019_MI,ATCNet,3,12,,,15,200,FM-Full_A-None_AdaBN-F
Lee2019_MI,ATCNet,3,17,,,15,200,FM-Full_A-None_AdaBN-F
Lee2019_MI,ATCNet,3,26,,,15,200,FM-Full_A-None_AdaBN-F
Lee2019_MI,ATCNet,3,28,,,15,200,FM-Full_A-None_AdaBN-F
Lee2019_MI,ATCNet,3,31,,,15,200,FM-Full_A-None_AdaBN-F
Lee2019_MI,ATCNet,3,32,,,15,200,FM-Full_A-None_AdaBN-F
Lee2019_MI,ATCNet,3,37,,,15,200,FM-Full_A-None_AdaBN-F
Lee2019_MI,ATCNet,3,41,,,15,200,FM-Full_A-None_AdaBN-F
Lee2019_MI,ATCNet,3,48,,,15,200,FM-Full_A-None_AdaBN-F
Lee2019_MI,ATCNet,4,2,,,15,200,FM-Full_A-None_AdaBN-F
Lee2019_MI,ATCNet,4,3,,,15,200,FM-Full_A-None_AdaBN-F
Lee2019_MI,ATCNet,4,11,,,15,200,FM-Full_A-None_AdaBN-F
Lee2019_MI,ATCNet,4,22,,,15,200,FM-Full_A-None_AdaBN-F
Lee2019_MI,ATCNet,4,24,,,15,200,FM-Full_A-None_AdaBN-F
Lee2019_MI,ATCNet,4,30,,,15,200,FM-Full_A-None_AdaBN-F
Lee2019_MI,ATCNet,4,36,,,15,200,FM-Full_A-None_AdaBN-F
Lee2019_MI,ATCNet,4,40,,,15,200,FM-Full_A-None_AdaBN-F
Lee2019_MI,ATCNet,4,42,,,15,200,FM-Full_A-None_AdaBN-F
Lee2019_MI,ATCNet,4,44,,,15,200,FM-Full_A-None_AdaBN-F
Lee2019_MI,ATCNet,4,47,,,15,200,FM-Full_A-None_AdaBN-F
Lee2019_MI,ATCNet,5,8,,,15,200,FM-Full_A-None_AdaBN-F
Lee2019_MI,ATCNet,5,15,,,15,200,FM-Full_A-None_AdaBN-F
Lee2019_MI,ATCNet,5,19,,,15,200,FM-Full_A-None_AdaBN-F
Lee2019_MI,ATCNet,5,21,,,15,200,FM-Full_A-None_AdaBN-F
Lee2019_MI,ATCNet,5,23,,,15,200,FM-Full_A-None_AdaBN-F
Lee2019_MI,ATCNet,5,29,,,15,200,FM-Full_A-None_AdaBN-F
Lee2019_MI,ATCNet,5,39,,,15,200,FM-Full_A-None_AdaBN-F
Lee2019_MI,ATCNet,5,43,,,15,200,FM-Full_A-None_AdaBN-F
Lee2019_MI,ATCNet,5,52,,,15,200,FM-Full_A-None_AdaBN-F
Lee2019_MI,ATCNet,5,54,,,15,200,FM-Full_A-None_AdaBN-F
Lee2019_MI,ATCNet,1,4,0.635,0.755,15,200,FM-Full_A-None_AdaBN-F
Lee2019_MI,ATCNet,1,6,0.73,0.81,15,200,FM-Full_A-None_AdaBN-F
Lee2019_MI,ATCNet,1,13,0.605,0.6,15,200,FM-Full_A-None_AdaBN-F
Lee2019_MI,ATCNet,1,14,0.645,0.655,15,200,FM-Full_A-None_AdaBN-F
Lee2019_MI,ATCNet,1,18,0.865,0.825,15,200,FM-Full_A-None_AdaBN-F
Lee2019_MI,ATCNet,1,20,0.755,0.74,15,200,FM-Full_A-None_AdaBN-F
Lee2019_MI,ATCNet,1,33,0.945,0.945,15,200,FM-Full_A-None_AdaBN-F
Lee2019_MI,ATCNet,1,45,0.85,0.855,15,200,FM-Full_A-None_AdaBN-F
Lee2019_MI,ATCNet,1,49,0.72,0.77,15,200,FM-Full_A-None_AdaBN-F
Lee2019_MI,ATCNet,1,50,0.525,0.585,15,200,FM-Full_A-None_AdaBN-F
Lee2019_MI,ATCNet,1,53,0.67,0.66,15,200,FM-Full_A-None_AdaBN-F
Lee2019_MI,ATCNet,2,5,0.73,0.855,15,200,FM-Full_A-None_AdaBN-F
Lee2019_MI,ATCNet,2,7,0.62,0.675,15,200,FM-Full_A-None_AdaBN-F
Lee2019_MI,ATCNet,2,9,0.81,0.76,15,200,FM-Full_A-None_AdaBN-F
Lee2019_MI,ATCNet,2,16,0.63,0.785,15,200,FM-Full_A-None_AdaBN-F
Lee2019_MI,ATCNet,2,25,0.67,0.81,15,200,FM-Full_A-None_AdaBN-F
Lee2019_MI,ATCNet,2,27,0.585,0.63,15,200,FM-Full_A-None_AdaBN-F
Lee2019_MI,ATCNet,2,34,0.555,0.57,15,200,FM-Full_A-None_AdaBN-F
Lee2019_MI,ATCNet,2,35,0.585,0.865,15,200,FM-Full_A-None_AdaBN-F
Lee2019_MI,ATCNet,2,38,0.555,0.6,15,200,FM-Full_A-None_AdaBN-F
Lee2019_MI,ATCNet,2,46,0.65,0.585,15,200,FM-Full_A-None_AdaBN-F
Lee2019_MI,ATCNet,2,51,0.59,0.565,15,200,FM-Full_A-None_AdaBN-F
Lee2019_MI,ATCNet,3,1,0.64,0.78,15,200,FM-Full_A-None_AdaBN-F
Lee2019_MI,ATCNet,3,10,0.695,0.73,15,200,FM-Full_A-None_AdaBN-F
Lee2019_MI,ATCNet,3,12,0.68,0.745,15,200,FM-Full_A-None_AdaBN-F
Lee2019_MI,ATCNet,3,17,0.695,0.68,15,200,FM-Full_A-None_AdaBN-F
Lee2019_MI,ATCNet,3,26,0.735,0.725,15,200,FM-Full_A-None_AdaBN-F
Lee2019_MI,ATCNet,3,28,0.87,0.915,15,200,FM-Full_A-None_AdaBN-F
Lee2019_MI,ATCNet,3,31,0.71,0.67,15,200,FM-Full_A-None_AdaBN-F
Lee2019_MI,ATCNet,3,32,0.91,0.975,15,200,FM-Full_A-None_AdaBN-F
Lee2019_MI,ATCNet,3,37,0.88,0.945,15,200,FM-Full_A-None_AdaBN-F
Lee2019_MI,ATCNet,3,41,0.51,0.56,15,200,FM-Full_A-None_AdaBN-F
Lee2019_MI,ATCNet,3,48,0.635,0.64,15,200,FM-Full_A-None_AdaBN-F
Lee2019_MI,ATCNet,4,2,0.605,0.67,15,200,FM-Full_A-None_AdaBN-F
Lee2019_MI,ATCNet,4,3,0.86,0.88,15,200,FM-Full_A-None_AdaBN-F
Lee2019_MI,ATCNet,4,11,0.49,0.55,15,200,FM-Full_A-None_AdaBN-F
Lee2019_MI,ATCNet,4,22,0.665,0.76,15,200,FM-Full_A-None_AdaBN-F
Lee2019_MI,ATCNet,4,24,0.64,0.645,15,200,FM-Full_A-None_AdaBN-F
Lee2019_MI,ATCNet,4,30,0.635,0.665,15,200,FM-Full_A-None_AdaBN-F
Lee2019_MI,ATCNet,4,36,0.955,0.995,15,200,FM-Full_A-None_AdaBN-F
Lee2019_MI,ATCNet,4,40,0.62,0.685,15,200,FM-Full_A-None_AdaBN-F
Lee2019_MI,ATCNet,4,42,0.6,0.69,15,200,FM-Full_A-None_AdaBN-F
Lee2019_MI,ATCNet,4,44,0.88,0.915,15,200,FM-Full_A-None_AdaBN-F
Lee2019_MI,ATCNet,4,47,0.735,0.675,15,200,FM-Full_A-None_AdaBN-F
Lee2019_MI,ATCNet,5,8,0.675,0.77,15,200,FM-Full_A-None_AdaBN-F
Lee2019_MI,ATCNet,5,15,0.645,0.75,15,200,FM-Full_A-None_AdaBN-F
Lee2019_MI,ATCNet,5,19,0.74,0.725,15,200,FM-Full_A-None_AdaBN-F
Lee2019_MI,ATCNet,5,21,0.76,0.92,15,200,FM-Full_A-None_AdaBN-F
Lee2019_MI,ATCNet,5,23,0.715,0.75,15,200,FM-Full_A-None_AdaBN-F
Lee2019_MI,ATCNet,5,29,0.695,0.855,15,200,FM-Full_A-None_AdaBN-F
Lee2019_MI,ATCNet,5,39,0.8,0.755,15,200,FM-Full_A-None_AdaBN-F
Lee2019_MI,ATCNet,5,43,0.725,0.725,15,200,FM-Full_A-None_AdaBN-F
Lee2019_MI,ATCNet,5,52,0.66,0.705,15,200,FM-Full_A-None_AdaBN-F
Lee2019_MI,ATCNet,5,54,0.66,0.57,15,200,FM-Full_A-None_AdaBN-F
Huebner2017,DeepConvNet,1,1,0.9418677042801556,0.9740077821011672,10,3750,FM-Full_A-None_AdaBN-F
Huebner2017,DeepConvNet,1,10,0.9470854114713216,0.9833229426433916,10,3750,FM-Full_A-None_AdaBN-F
Huebner2017,DeepConvNet,1,12,0.8478057889822596,0.9624183006535948,10,3750,FM-Full_A-None_AdaBN-F
Huebner2017,DeepConvNet,2,3,0.9228793774319066,0.9547081712062256,10,3750,FM-Full_A-None_AdaBN-F
Huebner2017,DeepConvNet,2,6,0.9256275539988325,0.9827203736135436,10,3750,FM-Full_A-None_AdaBN-F
Huebner2017,DeepConvNet,2,9,0.9519919078742608,0.9772798008092126,10,3750,FM-Full_A-None_AdaBN-F
Huebner2017,DeepConvNet,3,2,0.8673358232181761,0.956271397447868,10,3750,FM-Full_A-None_AdaBN-F
Huebner2017,DeepConvNet,3,5,0.8846093993152817,0.9386865857454092,10,3750,FM-Full_A-None_AdaBN-F
Huebner2017,DeepConvNet,3,13,0.9361139210956346,0.9761108084973932,10,3750,FM-Full_A-None_AdaBN-F
Huebner2017,DeepConvNet,4,8,0.8201556420233463,0.9154863813229572,10,3750,FM-Full_A-None_AdaBN-F
Huebner2017,DeepConvNet,4,11,0.808234103821309,0.8767219238851273,10,3750,FM-Full_A-None_AdaBN-F
Huebner2017,DeepConvNet,5,4,0.9389883268482492,0.9842023346303502,10,3750,FM-Full_A-None_AdaBN-F
Huebner2017,DeepConvNet,5,7,0.963974478680361,0.992063492063492,10,3750,FM-Full_A-None_AdaBN-F
Huebner2017,ATCNet,1,1,0.9368093385214008,0.9756420233463036,3,12500,FM-Full_A-None_AdaBN-F
Huebner2017,ATCNet,1,10,0.9586190773067332,0.984413965087282,3,12500,FM-Full_A-None_AdaBN-F
Huebner2017,ATCNet,1,12,0.8726268285091815,0.9645191409897292,3,12500,FM-Full_A-None_AdaBN-F
Huebner2017,ATCNet,2,3,0.871284046692607,0.9522178988326848,3,12500,FM-Full_A-None_AdaBN-F
Huebner2017,ATCNet,2,6,0.935318155283129,0.9845884413309982,3,12500,FM-Full_A-None_AdaBN-F
Huebner2017,ATCNet,2,9,0.9295051353874884,0.9751789604730782,3,12500,FM-Full_A-None_AdaBN-F
Huebner2017,ATCNet,3,2,0.8617335823218176,0.9603174603174603,3,12500,FM-Full_A-None_AdaBN-F
Huebner2017,ATCNet,3,5,0.8719265483971367,0.9396202925614692,3,12500,FM-Full_A-None_AdaBN-F
Huebner2017,ATCNet,3,13,0.8799315228386896,0.9765776982336004,3,12500,FM-Full_A-None_AdaBN-F
Huebner2017,ATCNet,4,8,0.798988326848249,0.9129961089494164,3,12500,FM-Full_A-None_AdaBN-F
Huebner2017,ATCNet,4,11,0.8189742392404078,0.8792902171375204,3,12500,FM-Full_A-None_AdaBN-F
Huebner2017,ATCNet,5,4,0.9561867704280156,0.985603112840467,3,12500,FM-Full_A-None_AdaBN-F
Huebner2017,ATCNet,5,7,0.950280112044818,0.9928415810768751,3,12500,FM-Full_A-None_AdaBN-F
MAMEM2,ShallowConvNet,1,2,0.232,0.192,8,75,FM-Full_A-None_AdaBN-F
MAMEM2,ShallowConvNet,1,9,0.12,0.224,8,75,FM-Full_A-None_AdaBN-F
MAMEM2,ShallowConvNet,2,1,0.232,0.288,8,75,FM-Full_A-None_AdaBN-F
MAMEM2,ShallowConvNet,2,6,0.184,0.208,8,75,FM-Full_A-None_AdaBN-F
MAMEM2,ShallowConvNet,3,3,0.248,0.168,8,75,FM-Full_A-None_AdaBN-F
MAMEM2,ShallowConvNet,3,8,0.192,0.184,8,75,FM-Full_A-None_AdaBN-F
MAMEM2,ShallowConvNet,4,5,0.2,0.216,8,75,FM-Full_A-None_AdaBN-F
MAMEM2,ShallowConvNet,4,10,0.312,0.232,8,75,FM-Full_A-None_AdaBN-F
MAMEM2,ShallowConvNet,5,4,0.184,0.216,8,75,FM-Full_A-None_AdaBN-F
MAMEM2,ShallowConvNet,5,7,0.208,0.2,8,75,FM-Full_A-None_AdaBN-F
MAMEM2,ShallowConvNet,1,2,,,8,75,FM-Full_A-None_AdaBN-F
MAMEM2,ShallowConvNet,1,9,,,8,75,FM-Full_A-None_AdaBN-F
MAMEM2,ShallowConvNet,2,1,,,8,75,FM-Full_A-None_AdaBN-F
MAMEM2,ShallowConvNet,2,6,,,8,75,FM-Full_A-None_AdaBN-F
MAMEM2,ShallowConvNet,3,3,,,8,75,FM-Full_A-None_AdaBN-F
MAMEM2,ShallowConvNet,3,8,,,8,75,FM-Full_A-None_AdaBN-F
MAMEM2,ShallowConvNet,4,5,,,8,75,FM-Full_A-None_AdaBN-F
MAMEM2,ShallowConvNet,4,10,,,8,75,FM-Full_A-None_AdaBN-F
MAMEM2,ShallowConvNet,5,4,,,8,75,FM-Full_A-None_AdaBN-F
MAMEM2,ShallowConvNet,5,7,,,8,75,FM-Full_A-None_AdaBN-F
Huebner2018,ShallowConvNet,1,1,0.9399117585265074,0.9724770642201837,10,4200,FM-Full_A-None_AdaBN-F
Huebner2018,ShallowConvNet,1,10,0.894327731092437,0.936484593837535,10,4200,FM-Full_A-None_AdaBN-F
Huebner2018,ShallowConvNet,1,11,0.8245182163454776,0.9077929385286256,10,4200,FM-Full_A-None_AdaBN-F
Huebner2018,ShallowConvNet,2,3,0.8561624649859944,0.978221288515406,10,4200,FM-Full_A-None_AdaBN-F
Huebner2018,ShallowConvNet,2,6,0.8253501400560224,0.97093837535014,10,4200,FM-Full_A-None_AdaBN-F
Huebner2018,ShallowConvNet,2,9,0.801806849219133,0.939281462287275,10,4200,FM-Full_A-None_AdaBN-F
Huebner2018,ShallowConvNet,3,2,0.9624649859943978,0.9826330532212884,10,4200,FM-Full_A-None_AdaBN-F
Huebner2018,ShallowConvNet,3,12,0.7464285714285714,0.923809523809524,10,4200,FM-Full_A-None_AdaBN-F
Huebner2018,ShallowConvNet,4,5,0.8390079865489701,0.9219560039232172,10,4200,FM-Full_A-None_AdaBN-F
Huebner2018,ShallowConvNet,4,8,0.7963585434173669,0.9181372549019609,10,4200,FM-Full_A-None_AdaBN-F
Huebner2018,ShallowConvNet,5,4,0.913375350140056,0.9525910364145658,10,4200,FM-Full_A-None_AdaBN-F
Huebner2018,ShallowConvNet,5,7,0.869571308489773,0.9345755113477164,10,4200,FM-Full_A-None_AdaBN-F
Huebner2017,ATCNet,1,1,0.9237354085603112,0.9772762645914396,6,12500,FM-Full_A-None_AdaBN-F
Huebner2017,ATCNet,1,10,0.9053927680798004,0.9862063591022444,6,12500,FM-Full_A-None_AdaBN-F
Huebner2017,ATCNet,1,12,0.8225178960473079,0.9668534080298786,6,12500,FM-Full_A-None_AdaBN-F
Huebner2017,ATCNet,2,3,0.9116731517509729,0.956887159533074,6,12500,FM-Full_A-None_AdaBN-F
Huebner2017,ATCNet,2,6,0.8979568009340338,0.9855224751897256,6,12500,FM-Full_A-None_AdaBN-F
Huebner2017,ATCNet,2,9,0.9380641145347028,0.979614067849362,6,12500,FM-Full_A-None_AdaBN-F
Huebner2017,ATCNet,3,2,0.9048397136632432,0.9636632430750078,6,12500,FM-Full_A-None_AdaBN-F
Huebner2017,ATCNet,3,5,0.8817304699657641,0.9432773109243696,6,12500,FM-Full_A-None_AdaBN-F
Huebner2017,ATCNet,3,13,0.9098902809119912,0.9783674422223952,6,12500,FM-Full_A-None_AdaBN-F
Huebner2017,ATCNet,4,8,0.8037354085603113,0.915875486381323,6,12500,FM-Full_A-None_AdaBN-F
Huebner2017,ATCNet,4,11,0.7793602614989493,0.8847381119153241,6,12500,FM-Full_A-None_AdaBN-F
Huebner2017,ATCNet,5,4,0.9175097276264592,0.9876264591439688,6,12500,FM-Full_A-None_AdaBN-F
Huebner2017,ATCNet,5,7,0.9495020230314348,0.9931528166822284,6,12500,FM-Full_A-None_AdaBN-F
Huebner2018,ShallowConvNet,1,1,,,6,7000,FM-Full_A-None_AdaBN-F
Huebner2018,ShallowConvNet,1,10,,,6,7000,FM-Full_A-None_AdaBN-F
Huebner2018,ShallowConvNet,1,11,,,6,7000,FM-Full_A-None_AdaBN-F
Huebner2018,ShallowConvNet,2,3,,,6,7000,FM-Full_A-None_AdaBN-F
Huebner2018,ShallowConvNet,2,6,,,6,7000,FM-Full_A-None_AdaBN-F
Huebner2018,ShallowConvNet,2,9,,,6,7000,FM-Full_A-None_AdaBN-F
Huebner2018,ShallowConvNet,3,2,,,6,7000,FM-Full_A-None_AdaBN-F
Huebner2018,ShallowConvNet,3,12,,,6,7000,FM-Full_A-None_AdaBN-F
Huebner2018,ShallowConvNet,4,5,,,6,7000,FM-Full_A-None_AdaBN-F
Huebner2018,ShallowConvNet,4,8,,,6,7000,FM-Full_A-None_AdaBN-F
Huebner2018,ShallowConvNet,5,4,,,6,7000,FM-Full_A-None_AdaBN-F
Huebner2018,ShallowConvNet,5,7,,,6,7000,FM-Full_A-None_AdaBN-F
Huebner2018,ShallowConvNet,1,1,0.9380909027242804,0.9726871629665944,6,7000,FM-Full_A-None_AdaBN-F
Huebner2018,ShallowConvNet,1,10,0.8939075630252101,0.9352941176470588,6,7000,FM-Full_A-None_AdaBN-F
Huebner2018,ShallowConvNet,1,11,0.8236742157828105,0.9014629343086228,6,7000,FM-Full_A-None_AdaBN-F
Huebner2018,ShallowConvNet,2,3,0.8656162464985995,0.9745798319327732,6,7000,FM-Full_A-None_AdaBN-F
Huebner2018,ShallowConvNet,2,6,0.7944677871148459,0.969747899159664,6,7000,FM-Full_A-None_AdaBN-F
Huebner2018,ShallowConvNet,2,9,0.7899712865046572,0.9393514952027452,6,7000,FM-Full_A-None_AdaBN-F
Huebner2018,ShallowConvNet,3,2,0.949719887955182,0.9801820728291316,6,7000,FM-Full_A-None_AdaBN-F
Huebner2018,ShallowConvNet,3,12,0.6845238095238095,0.92906162464986,6,7000,FM-Full_A-None_AdaBN-F
Huebner2018,ShallowConvNet,4,5,0.8240156928681519,0.9190135911447388,6,7000,FM-Full_A-None_AdaBN-F
Huebner2018,ShallowConvNet,4,8,0.8052521008403362,0.9179971988795518,6,7000,FM-Full_A-None_AdaBN-F
Huebner2018,ShallowConvNet,5,4,0.9301820728291316,0.955532212885154,6,7000,FM-Full_A-None_AdaBN-F
Huebner2018,ShallowConvNet,5,7,0.8631269263098907,0.927500700476324,6,7000,FM-Full_A-None_AdaBN-F
Huebner2018,ATCNet,1,1,0.929967084529729,0.9797604874290916,12,7000,FM-Full_A-None_AdaBN-F
Huebner2018,ATCNet,1,10,0.8715686274509804,0.9429271708683472,12,7000,FM-Full_A-None_AdaBN-F
Huebner2018,ATCNet,1,11,0.8400618933745956,0.9250949500633,12,7000,FM-Full_A-None_AdaBN-F
Huebner2018,ATCNet,2,3,0.9725490196078432,0.9849439775910364,12,7000,FM-Full_A-None_AdaBN-F
Huebner2018,ATCNet,2,6,0.8484593837535014,0.9841736694677872,12,7000,FM-Full_A-None_AdaBN-F
Huebner2018,ATCNet,2,9,0.7974648084599761,0.9553890328454372,12,7000,FM-Full_A-None_AdaBN-F
Huebner2018,ATCNet,3,2,0.9703081232492996,0.9862745098039216,12,7000,FM-Full_A-None_AdaBN-F
Huebner2018,ATCNet,3,12,0.8411764705882353,0.9410364145658264,12,7000,FM-Full_A-None_AdaBN-F
Huebner2018,ATCNet,4,5,0.8324926439680538,0.9396805380411938,12,7000,FM-Full_A-None_AdaBN-F
Huebner2018,ATCNet,4,8,0.8064425770308123,0.9371148459383754,12,7000,FM-Full_A-None_AdaBN-F
Huebner2018,ATCNet,5,4,0.9120448179271708,0.96218487394958,12,7000,FM-Full_A-None_AdaBN-F
Huebner2018,ATCNet,5,7,0.8655085458111516,0.9452227514710004,12,7000,FM-Full_A-None_AdaBN-F
Kalunga2016,EEGNetv4,1,1,,,8,32,FM-Full_A-None_AdaBN-F
Kalunga2016,EEGNetv4,1,10,,,8,32,FM-Full_A-None_AdaBN-F
Kalunga2016,EEGNetv4,1,11,,,8,32,FM-Full_A-None_AdaBN-F
Kalunga2016,EEGNetv4,2,3,,,8,32,FM-Full_A-None_AdaBN-F
Kalunga2016,EEGNetv4,2,6,,,8,32,FM-Full_A-None_AdaBN-F
Kalunga2016,EEGNetv4,2,9,,,8,32,FM-Full_A-None_AdaBN-F
Kalunga2016,EEGNetv4,3,2,,,8,32,FM-Full_A-None_AdaBN-F
Kalunga2016,EEGNetv4,3,12,,,8,32,FM-Full_A-None_AdaBN-F
Kalunga2016,EEGNetv4,4,5,,,8,32,FM-Full_A-None_AdaBN-F
Kalunga2016,EEGNetv4,4,8,,,8,32,FM-Full_A-None_AdaBN-F
Kalunga2016,EEGNetv4,5,4,,,8,32,FM-Full_A-None_AdaBN-F
Kalunga2016,EEGNetv4,5,7,,,8,32,FM-Full_A-None_AdaBN-F
Kalunga2016,EEGNetv4,1,1,0.25,0.21875,8,32,FM-Full_A-None_AdaBN-F
Kalunga2016,EEGNetv4,1,10,0.2578125,0.2890625,8,32,FM-Full_A-None_AdaBN-F
Kalunga2016,EEGNetv4,1,11,0.265625,0.234375,8,32,FM-Full_A-None_AdaBN-F
Kalunga2016,EEGNetv4,2,3,0.265625,0.265625,8,32,FM-Full_A-None_AdaBN-F
Kalunga2016,EEGNetv4,2,6,0.34375,0.296875,8,32,FM-Full_A-None_AdaBN-F
Kalunga2016,EEGNetv4,2,9,0.25,0.28125,8,32,FM-Full_A-None_AdaBN-F
Kalunga2016,EEGNetv4,3,2,0.40625,0.390625,8,32,FM-Full_A-None_AdaBN-F
Kalunga2016,EEGNetv4,3,12,0.25,0.35,8,32,FM-Full_A-None_AdaBN-F
Kalunga2016,EEGNetv4,4,5,0.25,0.203125,8,32,FM-Full_A-None_AdaBN-F
Kalunga2016,EEGNetv4,4,8,0.21875,0.234375,8,32,FM-Full_A-None_AdaBN-F
Kalunga2016,EEGNetv4,5,4,0.3125,0.296875,8,32,FM-Full_A-None_AdaBN-F
Kalunga2016,EEGNetv4,5,7,0.4583333333333333,0.46875,8,32,FM-Full_A-None_AdaBN-F
Kalunga2016,ATCNet,1,1,,,8,32,FM-Full_A-None_AdaBN-F
Kalunga2016,ATCNet,1,10,,,8,32,FM-Full_A-None_AdaBN-F
Kalunga2016,ATCNet,1,11,,,8,32,FM-Full_A-None_AdaBN-F
Kalunga2016,ATCNet,2,3,,,8,32,FM-Full_A-None_AdaBN-F
Kalunga2016,ATCNet,2,6,,,8,32,FM-Full_A-None_AdaBN-F
Kalunga2016,ATCNet,2,9,,,8,32,FM-Full_A-None_AdaBN-F
Kalunga2016,ATCNet,3,2,,,8,32,FM-Full_A-None_AdaBN-F
Kalunga2016,ATCNet,3,12,,,8,32,FM-Full_A-None_AdaBN-F
Kalunga2016,ATCNet,4,5,,,8,32,FM-Full_A-None_AdaBN-F
Kalunga2016,ATCNet,4,8,,,8,32,FM-Full_A-None_AdaBN-F
Kalunga2016,ATCNet,5,4,,,8,32,FM-Full_A-None_AdaBN-F
Kalunga2016,ATCNet,5,7,,,8,32,FM-Full_A-None_AdaBN-F
Kalunga2016,ATCNet,1,1,0.3125,0.328125,8,32,FM-Full_A-None_AdaBN-F
Kalunga2016,ATCNet,1,10,0.2578125,0.3984375,8,32,FM-Full_A-None_AdaBN-F
Kalunga2016,ATCNet,1,11,0.28125,0.359375,8,32,FM-Full_A-None_AdaBN-F
Kalunga2016,ATCNet,2,3,0.265625,0.34375,8,32,FM-Full_A-None_AdaBN-F
Kalunga2016,ATCNet,2,6,0.390625,0.34375,8,32,FM-Full_A-None_AdaBN-F
Kalunga2016,ATCNet,2,9,0.296875,0.34375,8,32,FM-Full_A-None_AdaBN-F
Kalunga2016,ATCNet,3,2,0.3125,0.453125,8,32,FM-Full_A-None_AdaBN-F
Kalunga2016,ATCNet,3,12,0.39375,0.61875,8,32,FM-Full_A-None_AdaBN-F
Kalunga2016,ATCNet,4,5,0.203125,0.234375,8,32,FM-Full_A-None_AdaBN-F
Kalunga2016,ATCNet,4,8,0.328125,0.296875,8,32,FM-Full_A-None_AdaBN-F
Kalunga2016,ATCNet,5,4,0.453125,0.421875,8,32,FM-Full_A-None_AdaBN-F
Kalunga2016,ATCNet,5,7,0.4583333333333333,0.5416666666666666,8,32,FM-Full_A-None_AdaBN-F
Kalunga2016,DeepConvNet,1,1,0.25,0.265625,8,32,FM-Full_A-None_AdaBN-F
Kalunga2016,DeepConvNet,1,10,0.15625,0.2265625,8,32,FM-Full_A-None_AdaBN-F
Kalunga2016,DeepConvNet,1,11,0.234375,0.25,8,32,FM-Full_A-None_AdaBN-F
Kalunga2016,DeepConvNet,2,3,0.265625,0.1875,8,32,FM-Full_A-None_AdaBN-F
Kalunga2016,DeepConvNet,2,6,0.28125,0.265625,8,32,FM-Full_A-None_AdaBN-F
Kalunga2016,DeepConvNet,2,9,0.265625,0.265625,8,32,FM-Full_A-None_AdaBN-F
Kalunga2016,DeepConvNet,3,2,0.21875,0.28125,8,32,FM-Full_A-None_AdaBN-F
Kalunga2016,DeepConvNet,3,12,0.26875,0.28125,8,32,FM-Full_A-None_AdaBN-F
Kalunga2016,DeepConvNet,4,5,0.3125,0.28125,8,32,FM-Full_A-None_AdaBN-F
Kalunga2016,DeepConvNet,4,8,0.25,0.234375,8,32,FM-Full_A-None_AdaBN-F
Kalunga2016,DeepConvNet,5,4,0.234375,0.296875,8,32,FM-Full_A-None_AdaBN-F
Kalunga2016,DeepConvNet,5,7,0.3958333333333333,0.3229166666666667,8,32,FM-Full_A-None_AdaBN-F
BNCI2014_001,DeepConvNet,1,2,0.2708333333333333,0.3767361111111111,8,375,FM-Full_A-None_AdaBN-F
BNCI2014_001,DeepConvNet,1,8,0.5347222222222222,0.6180555555555556,8,375,FM-Full_A-None_AdaBN-F
BNCI2014_001,DeepConvNet,2,1,0.5815972222222222,0.5434027777777778,8,375,FM-Full_A-None_AdaBN-F
BNCI2014_001,DeepConvNet,2,6,0.4097222222222222,0.390625,8,375,FM-Full_A-None_AdaBN-F
BNCI2014_001,DeepConvNet,3,3,0.3402777777777778,0.4635416666666667,8,375,FM-Full_A-None_AdaBN-F
BNCI2014_001,DeepConvNet,3,9,0.296875,0.53125,8,375,FM-Full_A-None_AdaBN-F
BNCI2014_001,DeepConvNet,4,4,0.2864583333333333,0.4809027777777778,8,375,FM-Full_A-None_AdaBN-F
BNCI2014_001,DeepConvNet,4,5,0.25,0.40625,8,375,FM-Full_A-None_AdaBN-F
BNCI2014_001,DeepConvNet,5,7,0.4704861111111111,0.5972222222222222,8,375,FM-Full_A-None_AdaBN-F
Lee2019_SSVEP,ShallowConvNet,1,4,,,20,100,FM-Full_A-None_AdaBN-F
Lee2019_SSVEP,ShallowConvNet,1,6,,,20,100,FM-Full_A-None_AdaBN-F
Lee2019_SSVEP,ShallowConvNet,1,13,,,20,100,FM-Full_A-None_AdaBN-F
Lee2019_SSVEP,ShallowConvNet,1,14,,,20,100,FM-Full_A-None_AdaBN-F
Lee2019_SSVEP,ShallowConvNet,1,18,,,20,100,FM-Full_A-None_AdaBN-F
Lee2019_SSVEP,ShallowConvNet,1,20,,,20,100,FM-Full_A-None_AdaBN-F
Lee2019_SSVEP,ShallowConvNet,1,33,,,20,100,FM-Full_A-None_AdaBN-F
Lee2019_SSVEP,ShallowConvNet,1,45,,,20,100,FM-Full_A-None_AdaBN-F
Lee2019_SSVEP,ShallowConvNet,1,49,,,20,100,FM-Full_A-None_AdaBN-F
Lee2019_SSVEP,ShallowConvNet,1,50,,,20,100,FM-Full_A-None_AdaBN-F
Lee2019_SSVEP,ShallowConvNet,1,53,,,20,100,FM-Full_A-None_AdaBN-F
Lee2019_SSVEP,ShallowConvNet,2,5,,,20,100,FM-Full_A-None_AdaBN-F
Lee2019_SSVEP,ShallowConvNet,2,7,,,20,100,FM-Full_A-None_AdaBN-F
Lee2019_SSVEP,ShallowConvNet,2,9,,,20,100,FM-Full_A-None_AdaBN-F
Lee2019_SSVEP,ShallowConvNet,2,16,,,20,100,FM-Full_A-None_AdaBN-F
Lee2019_SSVEP,ShallowConvNet,2,25,,,20,100,FM-Full_A-None_AdaBN-F
Lee2019_SSVEP,ShallowConvNet,2,27,,,20,100,FM-Full_A-None_AdaBN-F
Lee2019_SSVEP,ShallowConvNet,2,34,,,20,100,FM-Full_A-None_AdaBN-F
Lee2019_SSVEP,ShallowConvNet,2,35,,,20,100,FM-Full_A-None_AdaBN-F
Lee2019_SSVEP,ShallowConvNet,2,38,,,20,100,FM-Full_A-None_AdaBN-F
Lee2019_SSVEP,ShallowConvNet,2,46,,,20,100,FM-Full_A-None_AdaBN-F
Lee2019_SSVEP,ShallowConvNet,2,51,,,20,100,FM-Full_A-None_AdaBN-F
Lee2019_SSVEP,ShallowConvNet,3,1,,,20,100,FM-Full_A-None_AdaBN-F
Lee2019_SSVEP,ShallowConvNet,3,10,,,20,100,FM-Full_A-None_AdaBN-F
Lee2019_SSVEP,ShallowConvNet,3,12,,,20,100,FM-Full_A-None_AdaBN-F
Lee2019_SSVEP,ShallowConvNet,3,17,,,20,100,FM-Full_A-None_AdaBN-F
Lee2019_SSVEP,ShallowConvNet,3,26,,,20,100,FM-Full_A-None_AdaBN-F
Lee2019_SSVEP,ShallowConvNet,3,28,,,20,100,FM-Full_A-None_AdaBN-F
Lee2019_SSVEP,ShallowConvNet,3,31,,,20,100,FM-Full_A-None_AdaBN-F
Lee2019_SSVEP,ShallowConvNet,3,32,,,20,100,FM-Full_A-None_AdaBN-F
Lee2019_SSVEP,ShallowConvNet,3,37,,,20,100,FM-Full_A-None_AdaBN-F
Lee2019_SSVEP,ShallowConvNet,3,41,,,20,100,FM-Full_A-None_AdaBN-F
Lee2019_SSVEP,ShallowConvNet,3,48,,,20,100,FM-Full_A-None_AdaBN-F
Lee2019_SSVEP,ShallowConvNet,4,2,,,20,100,FM-Full_A-None_AdaBN-F
Lee2019_SSVEP,ShallowConvNet,4,3,,,20,100,FM-Full_A-None_AdaBN-F
Lee2019_SSVEP,ShallowConvNet,4,11,,,20,100,FM-Full_A-None_AdaBN-F
Lee2019_SSVEP,ShallowConvNet,4,22,,,20,100,FM-Full_A-None_AdaBN-F
Lee2019_SSVEP,ShallowConvNet,4,24,,,20,100,FM-Full_A-None_AdaBN-F
Lee2019_SSVEP,ShallowConvNet,4,30,,,20,100,FM-Full_A-None_AdaBN-F
Lee2019_SSVEP,ShallowConvNet,4,36,,,20,100,FM-Full_A-None_AdaBN-F
Lee2019_SSVEP,ShallowConvNet,4,40,,,20,100,FM-Full_A-None_AdaBN-F
Lee2019_SSVEP,ShallowConvNet,4,42,,,20,100,FM-Full_A-None_AdaBN-F
Lee2019_SSVEP,ShallowConvNet,4,44,,,20,100,FM-Full_A-None_AdaBN-F
Lee2019_SSVEP,ShallowConvNet,4,47,,,20,100,FM-Full_A-None_AdaBN-F
Lee2019_SSVEP,ShallowConvNet,5,8,,,20,100,FM-Full_A-None_AdaBN-F
Lee2019_SSVEP,ShallowConvNet,5,15,,,20,100,FM-Full_A-None_AdaBN-F
Lee2019_SSVEP,ShallowConvNet,5,19,,,20,100,FM-Full_A-None_AdaBN-F
Lee2019_SSVEP,ShallowConvNet,5,21,,,20,100,FM-Full_A-None_AdaBN-F
Lee2019_SSVEP,ShallowConvNet,5,23,,,20,100,FM-Full_A-None_AdaBN-F
Lee2019_SSVEP,ShallowConvNet,5,29,,,20,100,FM-Full_A-None_AdaBN-F
Lee2019_SSVEP,ShallowConvNet,5,39,,,20,100,FM-Full_A-None_AdaBN-F
Lee2019_SSVEP,ShallowConvNet,5,43,,,20,100,FM-Full_A-None_AdaBN-F
Lee2019_SSVEP,ShallowConvNet,5,52,,,20,100,FM-Full_A-None_AdaBN-F
Lee2019_SSVEP,ShallowConvNet,5,54,,,20,100,FM-Full_A-None_AdaBN-F
Lee2019_SSVEP,ShallowConvNet,1,4,0.94,0.955,20,100,FM-Full_A-None_AdaBN-F
Lee2019_SSVEP,ShallowConvNet,1,6,0.77,0.935,20,100,FM-Full_A-None_AdaBN-F
Lee2019_SSVEP,ShallowConvNet,1,13,0.705,0.855,20,100,FM-Full_A-None_AdaBN-F
Lee2019_SSVEP,ShallowConvNet,1,14,0.675,0.77,20,100,FM-Full_A-None_AdaBN-F
Lee2019_SSVEP,ShallowConvNet,1,18,0.975,0.975,20,100,FM-Full_A-None_AdaBN-F
Lee2019_SSVEP,ShallowConvNet,1,20,0.785,0.845,20,100,FM-Full_A-None_AdaBN-F
Lee2019_SSVEP,ShallowConvNet,1,33,0.86,0.9,20,100,FM-Full_A-None_AdaBN-F
Lee2019_SSVEP,ShallowConvNet,1,45,0.72,0.855,20,100,FM-Full_A-None_AdaBN-F
Lee2019_SSVEP,ShallowConvNet,1,49,0.91,0.945,20,100,FM-Full_A-None_AdaBN-F
Lee2019_SSVEP,ShallowConvNet,1,50,0.8,0.875,20,100,FM-Full_A-None_AdaBN-F
Lee2019_SSVEP,ShallowConvNet,1,53,0.9,0.945,20,100,FM-Full_A-None_AdaBN-F
Lee2019_SSVEP,ShallowConvNet,2,5,0.635,0.68,20,100,FM-Full_A-None_AdaBN-F
Lee2019_SSVEP,ShallowConvNet,2,7,0.965,0.99,20,100,FM-Full_A-None_AdaBN-F
Lee2019_SSVEP,ShallowConvNet,2,9,0.805,0.875,20,100,FM-Full_A-None_AdaBN-F
Lee2019_SSVEP,ShallowConvNet,2,16,0.91,0.93,20,100,FM-Full_A-None_AdaBN-F
Lee2019_SSVEP,ShallowConvNet,2,25,0.84,0.85,20,100,FM-Full_A-None_AdaBN-F
Lee2019_SSVEP,ShallowConvNet,2,27,0.98,0.995,20,100,FM-Full_A-None_AdaBN-F
Lee2019_SSVEP,ShallowConvNet,2,34,0.615,0.66,20,100,FM-Full_A-None_AdaBN-F
Lee2019_SSVEP,ShallowConvNet,2,35,0.7,0.83,20,100,FM-Full_A-None_AdaBN-F
Lee2019_SSVEP,ShallowConvNet,2,38,0.855,0.945,20,100,FM-Full_A-None_AdaBN-F
Lee2019_SSVEP,ShallowConvNet,2,46,0.765,0.88,20,100,FM-Full_A-None_AdaBN-F
Lee2019_SSVEP,ShallowConvNet,2,51,0.605,0.66,20,100,FM-Full_A-None_AdaBN-F
Lee2019_SSVEP,ShallowConvNet,3,1,0.85,0.865,20,100,FM-Full_A-None_AdaBN-F
Lee2019_SSVEP,ShallowConvNet,3,10,0.75,0.91,20,100,FM-Full_A-None_AdaBN-F
Lee2019_SSVEP,ShallowConvNet,3,12,0.865,0.935,20,100,FM-Full_A-None_AdaBN-F
Lee2019_SSVEP,ShallowConvNet,3,17,0.78,0.915,20,100,FM-Full_A-None_AdaBN-F
Lee2019_SSVEP,ShallowConvNet,3,26,0.905,0.965,20,100,FM-Full_A-None_AdaBN-F
Lee2019_SSVEP,ShallowConvNet,3,28,0.85,0.93,20,100,FM-Full_A-None_AdaBN-F
Lee2019_SSVEP,ShallowConvNet,3,31,1.0,1.0,20,100,FM-Full_A-None_AdaBN-F
Lee2019_SSVEP,ShallowConvNet,3,32,0.28,0.64,20,100,FM-Full_A-None_AdaBN-F
Lee2019_SSVEP,ShallowConvNet,3,37,0.96,0.96,20,100,FM-Full_A-None_AdaBN-F
Lee2019_SSVEP,ShallowConvNet,3,41,0.88,0.95,20,100,FM-Full_A-None_AdaBN-F
Lee2019_SSVEP,ShallowConvNet,3,48,0.875,0.97,20,100,FM-Full_A-None_AdaBN-F
Lee2019_SSVEP,ShallowConvNet,4,2,0.92,0.92,20,100,FM-Full_A-None_AdaBN-F
Lee2019_SSVEP,ShallowConvNet,4,3,0.77,0.85,20,100,FM-Full_A-None_AdaBN-F
Lee2019_SSVEP,ShallowConvNet,4,11,0.995,1.0,20,100,FM-Full_A-None_AdaBN-F
Lee2019_SSVEP,ShallowConvNet,4,22,0.5,0.685,20,100,FM-Full_A-None_AdaBN-F
Lee2019_SSVEP,ShallowConvNet,4,24,0.35,0.715,20,100,FM-Full_A-None_AdaBN-F
Lee2019_SSVEP,ShallowConvNet,4,30,0.695,0.9,20,100,FM-Full_A-None_AdaBN-F
Lee2019_SSVEP,ShallowConvNet,4,36,0.925,0.975,20,100,FM-Full_A-None_AdaBN-F
Lee2019_SSVEP,ShallowConvNet,4,40,0.465,0.755,20,100,FM-Full_A-None_AdaBN-F
Lee2019_SSVEP,ShallowConvNet,4,42,0.685,0.725,20,100,FM-Full_A-None_AdaBN-F
Lee2019_SSVEP,ShallowConvNet,4,44,0.96,0.98,20,100,FM-Full_A-None_AdaBN-F
Lee2019_SSVEP,ShallowConvNet,4,47,0.585,0.56,20,100,FM-Full_A-None_AdaBN-F
Lee2019_SSVEP,ShallowConvNet,5,8,0.71,0.84,20,100,FM-Full_A-None_AdaBN-F
Lee2019_SSVEP,ShallowConvNet,5,15,0.615,0.845,20,100,FM-Full_A-None_AdaBN-F
Lee2019_SSVEP,ShallowConvNet,5,19,0.57,0.73,20,100,FM-Full_A-None_AdaBN-F
Lee2019_SSVEP,ShallowConvNet,5,21,0.835,0.94,20,100,FM-Full_A-None_AdaBN-F
Lee2019_SSVEP,ShallowConvNet,5,23,0.405,0.555,20,100,FM-Full_A-None_AdaBN-F
Lee2019_SSVEP,ShallowConvNet,5,29,0.74,0.92,20,100,FM-Full_A-None_AdaBN-F
Lee2019_SSVEP,ShallowConvNet,5,39,0.845,0.935,20,100,FM-Full_A-None_AdaBN-F
Lee2019_SSVEP,ShallowConvNet,5,43,0.99,0.99,20,100,FM-Full_A-None_AdaBN-F
Lee2019_SSVEP,ShallowConvNet,5,52,0.745,0.88,20,100,FM-Full_A-None_AdaBN-F
Lee2019_SSVEP,ShallowConvNet,5,54,0.62,0.73,20,100,FM-Full_A-None_AdaBN-F
Yang2025,ShallowConvNet,1,4,0.5816666666666667,0.5566666666666666,10,450,FM-Full_A-None_AdaBN-F
Yang2025,ShallowConvNet,1,13,0.7483333333333333,0.7533333333333333,10,450,FM-Full_A-None_AdaBN-F
Yang2025,ShallowConvNet,1,14,0.54,0.5416666666666666,10,450,FM-Full_A-None_AdaBN-F
Yang2025,ShallowConvNet,1,18,0.7116666666666667,0.7033333333333334,10,450,FM-Full_A-None_AdaBN-F
Yang2025,ShallowConvNet,1,25,0.885,0.9216666666666666,10,450,FM-Full_A-None_AdaBN-F
Yang2025,ShallowConvNet,1,31,0.67,0.7416666666666667,10,450,FM-Full_A-None_AdaBN-F
Yang2025,ShallowConvNet,1,32,0.6026711185308848,0.6444073455759599,10,450,FM-Full_A-None_AdaBN-F
Yang2025,ShallowConvNet,1,33,0.8433333333333334,0.9316666666666666,10,450,FM-Full_A-None_AdaBN-F
Yang2025,ShallowConvNet,1,41,0.755,0.8333333333333334,10,450,FM-Full_A-None_AdaBN-F
Yang2025,ShallowConvNet,1,44,0.7133333333333334,0.69,10,450,FM-Full_A-None_AdaBN-F
Yang2025,ShallowConvNet,1,47,0.8566666666666667,0.87,10,450,FM-Full_A-None_AdaBN-F
Yang2025,ShallowConvNet,2,5,0.84,0.87,10,450,FM-Full_A-None_AdaBN-F
Yang2025,ShallowConvNet,2,7,0.775,0.7783333333333333,10,450,FM-Full_A-None_AdaBN-F
Yang2025,ShallowConvNet,2,9,0.6666666666666666,0.7033333333333334,10,450,FM-Full_A-None_AdaBN-F
Yang2025,ShallowConvNet,2,16,0.605,0.6166666666666667,10,450,FM-Full_A-None_AdaBN-F
Yang2025,ShallowConvNet,2,20,0.7616666666666667,0.8566666666666667,10,450,FM-Full_A-None_AdaBN-F
Yang2025,ShallowConvNet,2,34,0.5533333333333333,0.7833333333333333,10,450,FM-Full_A-None_AdaBN-F
Yang2025,ShallowConvNet,2,37,0.7833333333333333,0.9033333333333332,10,450,FM-Full_A-None_AdaBN-F
Yang2025,ShallowConvNet,2,48,0.815,0.8383333333333334,10,450,FM-Full_A-None_AdaBN-F
Yang2025,ShallowConvNet,2,49,0.9266666666666666,0.9266666666666666,10,450,FM-Full_A-None_AdaBN-F
Yang2025,ShallowConvNet,2,50,0.92,0.9233333333333332,10,450,FM-Full_A-None_AdaBN-F
Yang2025,ShallowConvNet,3,1,0.8783333333333333,0.8983333333333333,10,450,FM-Full_A-None_AdaBN-F
Yang2025,ShallowConvNet,3,10,0.7466666666666667,0.8416666666666667,10,450,FM-Full_A-None_AdaBN-F
Yang2025,ShallowConvNet,3,12,0.5716666666666667,0.5683333333333334,10,450,FM-Full_A-None_AdaBN-F
Yang2025,ShallowConvNet,3,17,0.7383333333333333,0.7866666666666666,10,450,FM-Full_A-None_AdaBN-F
Yang2025,ShallowConvNet,3,26,0.7746243739565943,0.9098497495826378,10,450,FM-Full_A-None_AdaBN-F
Yang2025,ShallowConvNet,3,27,0.6083333333333333,0.67,10,450,FM-Full_A-None_AdaBN-F
Yang2025,ShallowConvNet,3,28,0.6916666666666667,0.8483333333333334,10,450,FM-Full_A-None_AdaBN-F
Yang2025,ShallowConvNet,3,35,0.9333333333333332,0.9566666666666668,10,450,FM-Full_A-None_AdaBN-F
Yang2025,ShallowConvNet,3,45,0.8266666666666667,0.8233333333333334,10,450,FM-Full_A-None_AdaBN-F
Yang2025,ShallowConvNet,3,46,0.9533333333333334,0.9883333333333332,10,450,FM-Full_A-None_AdaBN-F
Yang2025,ShallowConvNet,4,2,0.6683333333333333,0.65,10,450,FM-Full_A-None_AdaBN-F
Yang2025,ShallowConvNet,4,3,0.9516666666666668,0.95,10,450,FM-Full_A-None_AdaBN-F
Yang2025,ShallowConvNet,4,6,0.925,0.9566666666666668,10,450,FM-Full_A-None_AdaBN-F
Yang2025,ShallowConvNet,4,22,0.785,0.8083333333333333,10,450,FM-Full_A-None_AdaBN-F
Yang2025,ShallowConvNet,4,24,0.914141414141414,0.957912457912458,10,450,FM-Full_A-None_AdaBN-F
Yang2025,ShallowConvNet,4,30,0.8783333333333333,0.9333333333333332,10,450,FM-Full_A-None_AdaBN-F
Yang2025,ShallowConvNet,4,36,0.9233333333333332,0.9316666666666666,10,450,FM-Full_A-None_AdaBN-F
Yang2025,ShallowConvNet,4,38,0.615,0.64,10,450,FM-Full_A-None_AdaBN-F
Yang2025,ShallowConvNet,4,40,0.8233333333333334,0.8383333333333334,10,450,FM-Full_A-None_AdaBN-F
Yang2025,ShallowConvNet,4,42,0.81,0.8016666666666666,10,450,FM-Full_A-None_AdaBN-F
Yang2025,ShallowConvNet,5,8,0.8866666666666667,0.9083333333333332,10,450,FM-Full_A-None_AdaBN-F
Yang2025,ShallowConvNet,5,11,0.8483333333333334,0.8733333333333333,10,450,FM-Full_A-None_AdaBN-F
Yang2025,ShallowConvNet,5,15,0.7066666666666667,0.755,10,450,FM-Full_A-None_AdaBN-F
Yang2025,ShallowConvNet,5,19,0.8066666666666666,0.8516666666666667,10,450,FM-Full_A-None_AdaBN-F
Yang2025,ShallowConvNet,5,21,0.83,0.8633333333333333,10,450,FM-Full_A-None_AdaBN-F
Yang2025,ShallowConvNet,5,23,0.8831385642737897,0.9432387312186978,10,450,FM-Full_A-None_AdaBN-F
Yang2025,ShallowConvNet,5,29,0.6966666666666667,0.8283333333333334,10,450,FM-Full_A-None_AdaBN-F
Yang2025,ShallowConvNet,5,39,0.6833333333333333,0.7466666666666667,10,450,FM-Full_A-None_AdaBN-F
Yang2025,ShallowConvNet,5,43,0.9816666666666668,0.9933333333333332,10,450,FM-Full_A-None_AdaBN-F
Yang2025,ShallowConvNet,5,51,0.81,0.8683333333333333,10,450,FM-Full_A-None_AdaBN-F
Lee2019_MI,ATCNet,1,4,0.775,0.775,40,150,FM-Full_A-None_AdaBN-F
Lee2019_MI,ATCNet,1,6,0.805,0.85,40,150,FM-Full_A-None_AdaBN-F
Lee2019_MI,ATCNet,1,13,0.66,0.645,40,150,FM-Full_A-None_AdaBN-F
Lee2019_MI,ATCNet,1,14,0.645,0.735,40,150,FM-Full_A-None_AdaBN-F
Lee2019_MI,ATCNet,1,18,0.775,0.89,40,150,FM-Full_A-None_AdaBN-F
Lee2019_MI,ATCNet,1,20,0.79,0.81,40,150,FM-Full_A-None_AdaBN-F
Lee2019_MI,ATCNet,1,33,0.97,0.96,40,150,FM-Full_A-None_AdaBN-F
Lee2019_MI,ATCNet,1,45,0.805,0.85,40,150,FM-Full_A-None_AdaBN-F
Lee2019_MI,ATCNet,1,49,0.72,0.755,40,150,FM-Full_A-None_AdaBN-F
Lee2019_MI,ATCNet,1,50,0.51,0.59,40,150,FM-Full_A-None_AdaBN-F
Lee2019_MI,ATCNet,1,53,0.69,0.68,40,150,FM-Full_A-None_AdaBN-F
Lee2019_MI,ATCNet,2,5,0.79,0.865,40,150,FM-Full_A-None_AdaBN-F
Lee2019_MI,ATCNet,2,7,0.7,0.73,40,150,FM-Full_A-None_AdaBN-F
Lee2019_MI,ATCNet,2,9,0.805,0.83,40,150,FM-Full_A-None_AdaBN-F
Lee2019_MI,ATCNet,2,16,0.76,0.81,40,150,FM-Full_A-None_AdaBN-F
Lee2019_MI,ATCNet,2,25,0.82,0.865,40,150,FM-Full_A-None_AdaBN-F
Lee2019_MI,ATCNet,2,27,0.76,0.69,40,150,FM-Full_A-None_AdaBN-F
Lee2019_MI,ATCNet,2,34,0.525,0.565,40,150,FM-Full_A-None_AdaBN-F
Lee2019_MI,ATCNet,2,35,0.945,0.96,40,150,FM-Full_A-None_AdaBN-F
Lee2019_MI,ATCNet,2,38,0.55,0.605,40,150,FM-Full_A-None_AdaBN-F
Lee2019_MI,ATCNet,2,46,0.7,0.68,40,150,FM-Full_A-None_AdaBN-F
Lee2019_MI,ATCNet,2,51,0.56,0.635,40,150,FM-Full_A-None_AdaBN-F
Lee2019_MI,ATCNet,3,1,0.75,0.795,40,150,FM-Full_A-None_AdaBN-F
Lee2019_MI,ATCNet,3,10,0.75,0.745,40,150,FM-Full_A-None_AdaBN-F
Lee2019_MI,ATCNet,3,12,0.75,0.785,40,150,FM-Full_A-None_AdaBN-F
Lee2019_MI,ATCNet,3,17,0.675,0.66,40,150,FM-Full_A-None_AdaBN-F
Lee2019_MI,ATCNet,3,26,0.75,0.765,40,150,FM-Full_A-None_AdaBN-F
Lee2019_MI,ATCNet,3,28,0.965,0.955,40,150,FM-Full_A-None_AdaBN-F
Lee2019_MI,ATCNet,3,31,0.73,0.73,40,150,FM-Full_A-None_AdaBN-F
Lee2019_MI,ATCNet,3,32,0.96,0.965,40,150,FM-Full_A-None_AdaBN-F
Lee2019_MI,ATCNet,3,37,0.935,0.96,40,150,FM-Full_A-None_AdaBN-F
Lee2019_MI,ATCNet,3,41,0.575,0.61,40,150,FM-Full_A-None_AdaBN-F
Lee2019_MI,ATCNet,3,48,0.615,0.61,40,150,FM-Full_A-None_AdaBN-F
Lee2019_MI,ATCNet,4,2,0.71,0.695,40,150,FM-Full_A-None_AdaBN-F
Lee2019_MI,ATCNet,4,3,0.875,0.895,40,150,FM-Full_A-None_AdaBN-F
Lee2019_MI,ATCNet,4,11,0.59,0.565,40,150,FM-Full_A-None_AdaBN-F
Lee2019_MI,ATCNet,4,22,0.745,0.74,40,150,FM-Full_A-None_AdaBN-F
Lee2019_MI,ATCNet,4,24,0.62,0.625,40,150,FM-Full_A-None_AdaBN-F
Lee2019_MI,ATCNet,4,30,0.7,0.68,40,150,FM-Full_A-None_AdaBN-F
Lee2019_MI,ATCNet,4,36,0.955,0.985,40,150,FM-Full_A-None_AdaBN-F
Lee2019_MI,ATCNet,4,40,0.675,0.675,40,150,FM-Full_A-None_AdaBN-F
Lee2019_MI,ATCNet,4,42,0.585,0.695,40,150,FM-Full_A-None_AdaBN-F
Lee2019_MI,ATCNet,4,44,0.865,0.89,40,150,FM-Full_A-None_AdaBN-F
Lee2019_MI,ATCNet,4,47,0.67,0.72,40,150,FM-Full_A-None_AdaBN-F
Lee2019_MI,ATCNet,5,8,0.765,0.765,40,150,FM-Full_A-None_AdaBN-F
Lee2019_MI,ATCNet,5,15,0.74,0.775,40,150,FM-Full_A-None_AdaBN-F
Lee2019_MI,ATCNet,5,19,0.765,0.785,40,150,FM-Full_A-None_AdaBN-F
Lee2019_MI,ATCNet,5,21,0.935,0.965,40,150,FM-Full_A-None_AdaBN-F
Lee2019_MI,ATCNet,5,23,0.81,0.83,40,150,FM-Full_A-None_AdaBN-F
Lee2019_MI,ATCNet,5,29,0.675,0.83,40,150,FM-Full_A-None_AdaBN-F
Lee2019_MI,ATCNet,5,39,0.825,0.82,40,150,FM-Full_A-None_AdaBN-F
Lee2019_MI,ATCNet,5,43,0.855,0.785,40,150,FM-Full_A-None_AdaBN-F
Lee2019_MI,ATCNet,5,52,0.74,0.81,40,150,FM-Full_A-None_AdaBN-F
Lee2019_MI,ATCNet,5,54,0.625,0.595,40,150,FM-Full_A-None_AdaBN-F
Lee2019_SSVEP,ShallowConvNet,1,4,0.98,1.0,25,160,FM-Full_A-None_AdaBN-F
Lee2019_SSVEP,ShallowConvNet,1,6,0.945,0.985,25,160,FM-Full_A-None_AdaBN-F
Lee2019_SSVEP,ShallowConvNet,1,13,0.84,0.93,25,160,FM-Full_A-None_AdaBN-F
Lee2019_SSVEP,ShallowConvNet,1,14,0.84,0.895,25,160,FM-Full_A-None_AdaBN-F
Lee2019_SSVEP,ShallowConvNet,1,18,0.975,0.99,25,160,FM-Full_A-None_AdaBN-F
Lee2019_SSVEP,ShallowConvNet,1,20,0.935,0.935,25,160,FM-Full_A-None_AdaBN-F
Lee2019_SSVEP,ShallowConvNet,1,33,0.955,0.985,25,160,FM-Full_A-None_AdaBN-F
Lee2019_SSVEP,ShallowConvNet,1,45,0.895,0.94,25,160,FM-Full_A-None_AdaBN-F
Lee2019_SSVEP,ShallowConvNet,1,49,0.93,0.975,25,160,FM-Full_A-None_AdaBN-F
Lee2019_SSVEP,ShallowConvNet,1,50,0.91,0.945,25,160,FM-Full_A-None_AdaBN-F
Lee2019_SSVEP,ShallowConvNet,1,53,0.99,0.985,25,160,FM-Full_A-None_AdaBN-F
Lee2019_SSVEP,ShallowConvNet,2,5,0.77,0.79,25,160,FM-Full_A-None_AdaBN-F
Lee2019_SSVEP,ShallowConvNet,2,7,0.99,0.995,25,160,FM-Full_A-None_AdaBN-F
Lee2019_SSVEP,ShallowConvNet,2,9,0.88,0.94,25,160,FM-Full_A-None_AdaBN-F
Lee2019_SSVEP,ShallowConvNet,2,16,0.965,0.98,25,160,FM-Full_A-None_AdaBN-F
Lee2019_SSVEP,ShallowConvNet,2,25,0.885,0.91,25,160,FM-Full_A-None_AdaBN-F
Lee2019_SSVEP,ShallowConvNet,2,27,0.985,1.0,25,160,FM-Full_A-None_AdaBN-F
Lee2019_SSVEP,ShallowConvNet,2,34,0.65,0.725,25,160,FM-Full_A-None_AdaBN-F
Lee2019_SSVEP,ShallowConvNet,2,35,0.755,0.89,25,160,FM-Full_A-None_AdaBN-F
Lee2019_SSVEP,ShallowConvNet,2,38,0.94,0.985,25,160,FM-Full_A-None_AdaBN-F
Lee2019_SSVEP,ShallowConvNet,2,46,0.945,0.95,25,160,FM-Full_A-None_AdaBN-F
Lee2019_SSVEP,ShallowConvNet,2,51,0.7,0.775,25,160,FM-Full_A-None_AdaBN-F
Lee2019_SSVEP,ShallowConvNet,3,1,0.875,0.905,25,160,FM-Full_A-None_AdaBN-F
Lee2019_SSVEP,ShallowConvNet,3,10,0.785,0.94,25,160,FM-Full_A-None_AdaBN-F
Lee2019_SSVEP,ShallowConvNet,3,12,0.94,0.975,25,160,FM-Full_A-None_AdaBN-F
Lee2019_SSVEP,ShallowConvNet,3,17,0.835,0.935,25,160,FM-Full_A-None_AdaBN-F
Lee2019_SSVEP,ShallowConvNet,3,26,0.93,0.98,25,160,FM-Full_A-None_AdaBN-F
Lee2019_SSVEP,ShallowConvNet,3,28,0.92,0.965,25,160,FM-Full_A-None_AdaBN-F
Lee2019_SSVEP,ShallowConvNet,3,31,0.995,0.995,25,160,FM-Full_A-None_AdaBN-F
Lee2019_SSVEP,ShallowConvNet,3,32,0.32,0.685,25,160,FM-Full_A-None_AdaBN-F
Lee2019_SSVEP,ShallowConvNet,3,37,0.96,0.985,25,160,FM-Full_A-None_AdaBN-F
Lee2019_SSVEP,ShallowConvNet,3,41,0.935,0.985,25,160,FM-Full_A-None_AdaBN-F
Lee2019_SSVEP,ShallowConvNet,3,48,0.93,0.98,25,160,FM-Full_A-None_AdaBN-F
Lee2019_SSVEP,ShallowConvNet,4,2,0.975,0.99,25,160,FM-Full_A-None_AdaBN-F
Lee2019_SSVEP,ShallowConvNet,4,3,0.905,0.92,25,160,FM-Full_A-None_AdaBN-F
Lee2019_SSVEP,ShallowConvNet,4,11,0.995,1.0,25,160,FM-Full_A-None_AdaBN-F
Lee2019_SSVEP,ShallowConvNet,4,22,0.745,0.82,25,160,FM-Full_A-None_AdaBN-F
Lee2019_SSVEP,ShallowConvNet,4,24,0.84,0.89,25,160,FM-Full_A-None_AdaBN-F
Lee2019_SSVEP,ShallowConvNet,4,30,0.94,0.96,25,160,FM-Full_A-None_AdaBN-F
Lee2019_SSVEP,ShallowConvNet,4,36,0.99,1.0,25,160,FM-Full_A-None_AdaBN-F
Lee2019_SSVEP,ShallowConvNet,4,40,0.785,0.87,25,160,FM-Full_A-None_AdaBN-F
Lee2019_SSVEP,ShallowConvNet,4,42,0.8,0.795,25,160,FM-Full_A-None_AdaBN-F
Lee2019_SSVEP,ShallowConvNet,4,44,0.98,0.99,25,160,FM-Full_A-None_AdaBN-F
Lee2019_SSVEP,ShallowConvNet,4,47,0.635,0.63,25,160,FM-Full_A-None_AdaBN-F
Lee2019_SSVEP,ShallowConvNet,5,8,0.825,0.91,25,160,FM-Full_A-None_AdaBN-F
Lee2019_SSVEP,ShallowConvNet,5,15,0.725,0.935,25,160,FM-Full_A-None_AdaBN-F
Lee2019_SSVEP,ShallowConvNet,5,19,0.7,0.825,25,160,FM-Full_A-None_AdaBN-F
Lee2019_SSVEP,ShallowConvNet,5,21,0.895,0.975,25,160,FM-Full_A-None_AdaBN-F
Lee2019_SSVEP,ShallowConvNet,5,23,0.32,0.455,25,160,FM-Full_A-None_AdaBN-F
Lee2019_SSVEP,ShallowConvNet,5,29,0.87,0.9,25,160,FM-Full_A-None_AdaBN-F
Lee2019_SSVEP,ShallowConvNet,5,39,0.9,0.98,25,160,FM-Full_A-None_AdaBN-F
Lee2019_SSVEP,ShallowConvNet,5,43,0.99,0.99,25,160,FM-Full_A-None_AdaBN-F
Lee2019_SSVEP,ShallowConvNet,5,52,,,25,160,FM-Full_A-None_AdaBN-F
Lee2019_SSVEP,ShallowConvNet,5,54,0.47,0.625,25,160,FM-Full_A-None_AdaBN-F
Lee2019_SSVEP,ShallowConvNet,1,4,,,25,160,FM-Full_A-None_AdaBN-F
Lee2019_SSVEP,ShallowConvNet,1,6,,,25,160,FM-Full_A-None_AdaBN-F
Lee2019_SSVEP,ShallowConvNet,1,13,,,25,160,FM-Full_A-None_AdaBN-F
Lee2019_SSVEP,ShallowConvNet,1,14,,,25,160,FM-Full_A-None_AdaBN-F
Lee2019_SSVEP,ShallowConvNet,1,18,,,25,160,FM-Full_A-None_AdaBN-F
Lee2019_SSVEP,ShallowConvNet,1,20,,,25,160,FM-Full_A-None_AdaBN-F
Lee2019_SSVEP,ShallowConvNet,1,33,,,25,160,FM-Full_A-None_AdaBN-F
Lee2019_SSVEP,ShallowConvNet,1,45,,,25,160,FM-Full_A-None_AdaBN-F
Lee2019_SSVEP,ShallowConvNet,1,49,,,25,160,FM-Full_A-None_AdaBN-F
Lee2019_SSVEP,ShallowConvNet,1,50,,,25,160,FM-Full_A-None_AdaBN-F
Lee2019_SSVEP,ShallowConvNet,1,53,,,25,160,FM-Full_A-None_AdaBN-F
Lee2019_SSVEP,ShallowConvNet,2,5,,,25,160,FM-Full_A-None_AdaBN-F
Lee2019_SSVEP,ShallowConvNet,2,7,,,25,160,FM-Full_A-None_AdaBN-F
Lee2019_SSVEP,ShallowConvNet,2,9,,,25,160,FM-Full_A-None_AdaBN-F
Lee2019_SSVEP,ShallowConvNet,2,16,,,25,160,FM-Full_A-None_AdaBN-F
Lee2019_SSVEP,ShallowConvNet,2,25,,,25,160,FM-Full_A-None_AdaBN-F
Lee2019_SSVEP,ShallowConvNet,2,27,,,25,160,FM-Full_A-None_AdaBN-F
Lee2019_SSVEP,ShallowConvNet,2,34,,,25,160,FM-Full_A-None_AdaBN-F
Lee2019_SSVEP,ShallowConvNet,2,35,,,25,160,FM-Full_A-None_AdaBN-F
Lee2019_SSVEP,ShallowConvNet,2,38,,,25,160,FM-Full_A-None_AdaBN-F
Lee2019_SSVEP,ShallowConvNet,2,46,,,25,160,FM-Full_A-None_AdaBN-F
Lee2019_SSVEP,ShallowConvNet,2,51,,,25,160,FM-Full_A-None_AdaBN-F
Lee2019_SSVEP,ShallowConvNet,3,1,,,25,160,FM-Full_A-None_AdaBN-F
Lee2019_SSVEP,ShallowConvNet,3,10,,,25,160,FM-Full_A-None_AdaBN-F
Lee2019_SSVEP,ShallowConvNet,3,12,,,25,160,FM-Full_A-None_AdaBN-F
Lee2019_SSVEP,ShallowConvNet,3,17,,,25,160,FM-Full_A-None_AdaBN-F
Lee2019_SSVEP,ShallowConvNet,3,26,,,25,160,FM-Full_A-None_AdaBN-F
Lee2019_SSVEP,ShallowConvNet,3,28,,,25,160,FM-Full_A-None_AdaBN-F
Lee2019_SSVEP,ShallowConvNet,3,31,,,25,160,FM-Full_A-None_AdaBN-F
Lee2019_SSVEP,ShallowConvNet,3,32,,,25,160,FM-Full_A-None_AdaBN-F
Lee2019_SSVEP,ShallowConvNet,3,37,,,25,160,FM-Full_A-None_AdaBN-F
Lee2019_SSVEP,ShallowConvNet,3,41,,,25,160,FM-Full_A-None_AdaBN-F
Lee2019_SSVEP,ShallowConvNet,3,48,,,25,160,FM-Full_A-None_AdaBN-F
Lee2019_SSVEP,ShallowConvNet,4,2,,,25,160,FM-Full_A-None_AdaBN-F
Lee2019_SSVEP,ShallowConvNet,4,3,,,25,160,FM-Full_A-None_AdaBN-F
Lee2019_SSVEP,ShallowConvNet,4,11,,,25,160,FM-Full_A-None_AdaBN-F
Lee2019_SSVEP,ShallowConvNet,4,22,,,25,160,FM-Full_A-None_AdaBN-F
Lee2019_SSVEP,ShallowConvNet,4,24,,,25,160,FM-Full_A-None_AdaBN-F
Lee2019_SSVEP,ShallowConvNet,4,30,,,25,160,FM-Full_A-None_AdaBN-F
Lee2019_SSVEP,ShallowConvNet,4,36,,,25,160,FM-Full_A-None_AdaBN-F
Lee2019_SSVEP,ShallowConvNet,4,40,,,25,160,FM-Full_A-None_AdaBN-F
Lee2019_SSVEP,ShallowConvNet,4,42,,,25,160,FM-Full_A-None_AdaBN-F
Lee2019_SSVEP,ShallowConvNet,4,44,,,25,160,FM-Full_A-None_AdaBN-F
Lee2019_SSVEP,ShallowConvNet,4,47,,,25,160,FM-Full_A-None_AdaBN-F
Lee2019_SSVEP,ShallowConvNet,5,8,,,25,160,FM-Full_A-None_AdaBN-F
Lee2019_SSVEP,ShallowConvNet,5,15,,,25,160,FM-Full_A-None_AdaBN-F
Lee2019_SSVEP,ShallowConvNet,5,19,,,25,160,FM-Full_A-None_AdaBN-F
Lee2019_SSVEP,ShallowConvNet,5,21,,,25,160,FM-Full_A-None_AdaBN-F
Lee2019_SSVEP,ShallowConvNet,5,23,,,25,160,FM-Full_A-None_AdaBN-F
Lee2019_SSVEP,ShallowConvNet,5,29,,,25,160,FM-Full_A-None_AdaBN-F
Lee2019_SSVEP,ShallowConvNet,5,39,,,25,160,FM-Full_A-None_AdaBN-F
Lee2019_SSVEP,ShallowConvNet,5,43,,,25,160,FM-Full_A-None_AdaBN-F
Lee2019_SSVEP,ShallowConvNet,5,52,,,25,160,FM-Full_A-None_AdaBN-F
Lee2019_SSVEP,ShallowConvNet,5,54,,,25,160,FM-Full_A-None_AdaBN-F
Huebner2018,ShallowConvNet,1,1,,,12,7000,FM-Full_A-None_AdaBN-F
Huebner2018,ShallowConvNet,1,10,,,12,7000,FM-Full_A-None_AdaBN-F
Huebner2018,ShallowConvNet,1,11,,,12,7000,FM-Full_A-None_AdaBN-F
Huebner2018,ShallowConvNet,2,3,,,12,7000,FM-Full_A-None_AdaBN-F
Huebner2018,ShallowConvNet,2,6,,,12,7000,FM-Full_A-None_AdaBN-F
Huebner2018,ShallowConvNet,2,9,,,12,7000,FM-Full_A-None_AdaBN-F
Huebner2018,ShallowConvNet,3,2,,,12,7000,FM-Full_A-None_AdaBN-F
Huebner2018,ShallowConvNet,3,12,,,12,7000,FM-Full_A-None_AdaBN-F
Huebner2018,ShallowConvNet,4,5,,,12,7000,FM-Full_A-None_AdaBN-F
Huebner2018,ShallowConvNet,4,8,,,12,7000,FM-Full_A-None_AdaBN-F
Huebner2018,ShallowConvNet,5,4,,,12,7000,FM-Full_A-None_AdaBN-F
Huebner2018,ShallowConvNet,5,7,,,12,7000,FM-Full_A-None_AdaBN-F
Huebner2018,ShallowConvNet,1,1,0.9541984732824428,0.9748581833461728,12,7000,FM-Full_A-None_AdaBN-F
Huebner2018,ShallowConvNet,1,10,0.9004201680672269,0.9355042016806724,12,7000,FM-Full_A-None_AdaBN-F
Huebner2018,ShallowConvNet,1,11,0.8288788859192573,0.9118722745815164,12,7000,FM-Full_A-None_AdaBN-F
Huebner2018,ShallowConvNet,2,3,0.9473389355742295,0.978221288515406,12,7000,FM-Full_A-None_AdaBN-F
Huebner2018,ShallowConvNet,2,6,0.874859943977591,0.973109243697479,12,7000,FM-Full_A-None_AdaBN-F
Huebner2018,ShallowConvNet,2,9,0.7901113523355977,0.9378808039778695,12,7000,FM-Full_A-None_AdaBN-F
Huebner2018,ShallowConvNet,3,2,0.9711484593837536,0.9823529411764704,12,7000,FM-Full_A-None_AdaBN-F
Huebner2018,ShallowConvNet,3,12,0.7402661064425771,0.926890756302521,12,7000,FM-Full_A-None_AdaBN-F
Huebner2018,ShallowConvNet,4,5,0.8162393162393162,0.9253888188314418,12,7000,FM-Full_A-None_AdaBN-F
Huebner2018,ShallowConvNet,4,8,0.796078431372549,0.92296918767507,12,7000,FM-Full_A-None_AdaBN-F
Huebner2018,ShallowConvNet,5,4,0.9291316526610645,0.9545518207282914,12,7000,FM-Full_A-None_AdaBN-F
Huebner2018,ShallowConvNet,5,7,0.8678901653124125,0.9328243205379658,12,7000,FM-Full_A-None_AdaBN-F
MAMEM2,DeepConvNet,1,2,0.208,0.312,3,100,FM-Full_A-None_AdaBN-F
MAMEM2,DeepConvNet,1,9,0.272,0.176,3,100,FM-Full_A-None_AdaBN-F
MAMEM2,DeepConvNet,2,1,0.176,0.168,3,100,FM-Full_A-None_AdaBN-F
MAMEM2,DeepConvNet,2,6,0.184,0.144,3,100,FM-Full_A-None_AdaBN-F
MAMEM2,DeepConvNet,3,3,0.168,0.2,3,100,FM-Full_A-None_AdaBN-F
MAMEM2,DeepConvNet,3,8,0.224,0.192,3,100,FM-Full_A-None_AdaBN-F
MAMEM2,DeepConvNet,4,5,0.192,0.16,3,100,FM-Full_A-None_AdaBN-F
MAMEM2,DeepConvNet,4,10,0.256,0.2,3,100,FM-Full_A-None_AdaBN-F
MAMEM2,DeepConvNet,5,4,0.24,0.2,3,100,FM-Full_A-None_AdaBN-F
MAMEM2,DeepConvNet,5,7,0.264,0.184,3,100,FM-Full_A-None_AdaBN-F
BI2015a,ATCNet,1,5,,,20,750,FM-Full_A-None_AdaBN-F
BI2015a,ATCNet,1,9,,,20,750,FM-Full_A-None_AdaBN-F
BI2015a,ATCNet,1,13,,,20,750,FM-Full_A-None_AdaBN-F
BI2015a,ATCNet,1,25,,,20,750,FM-Full_A-None_AdaBN-F
BI2015a,ATCNet,1,26,,,20,750,FM-Full_A-None_AdaBN-F
BI2015a,ATCNet,1,35,,,20,750,FM-Full_A-None_AdaBN-F
BI2015a,ATCNet,1,37,,,20,750,FM-Full_A-None_AdaBN-F
BI2015a,ATCNet,1,38,,,20,750,FM-Full_A-None_AdaBN-F
BI2015a,ATCNet,1,40,,,20,750,FM-Full_A-None_AdaBN-F
BI2015a,ATCNet,2,4,,,20,750,FM-Full_A-None_AdaBN-F
BI2015a,ATCNet,2,7,,,20,750,FM-Full_A-None_AdaBN-F
BI2015a,ATCNet,2,14,,,20,750,FM-Full_A-None_AdaBN-F
BI2015a,ATCNet,2,16,,,20,750,FM-Full_A-None_AdaBN-F
BI2015a,ATCNet,2,18,,,20,750,FM-Full_A-None_AdaBN-F
BI2015a,ATCNet,2,20,,,20,750,FM-Full_A-None_AdaBN-F
BI2015a,ATCNet,2,28,,,20,750,FM-Full_A-None_AdaBN-F
BI2015a,ATCNet,2,32,,,20,750,FM-Full_A-None_AdaBN-F
BI2015a,ATCNet,2,41,,,20,750,FM-Full_A-None_AdaBN-F
BI2015a,ATCNet,3,1,,,20,750,FM-Full_A-None_AdaBN-F
BI2015a,ATCNet,3,6,,,20,750,FM-Full_A-None_AdaBN-F
BI2015a,ATCNet,3,10,,,20,750,FM-Full_A-None_AdaBN-F
BI2015a,ATCNet,3,12,,,20,750,FM-Full_A-None_AdaBN-F
BI2015a,ATCNet,3,17,,,20,750,FM-Full_A-None_AdaBN-F
BI2015a,ATCNet,3,27,,,20,750,FM-Full_A-None_AdaBN-F
BI2015a,ATCNet,3,30,,,20,750,FM-Full_A-None_AdaBN-F
BI2015a,ATCNet,3,31,,,20,750,FM-Full_A-None_AdaBN-F
BI2015a,ATCNet,3,42,,,20,750,FM-Full_A-None_AdaBN-F
BI2015a,ATCNet,4,2,,,20,750,FM-Full_A-None_AdaBN-F
BI2015a,ATCNet,4,3,,,20,750,FM-Full_A-None_AdaBN-F
BI2015a,ATCNet,4,22,,,20,750,FM-Full_A-None_AdaBN-F
BI2015a,ATCNet,4,24,,,20,750,FM-Full_A-None_AdaBN-F
BI2015a,ATCNet,4,33,,,20,750,FM-Full_A-None_AdaBN-F
BI2015a,ATCNet,4,34,,,20,750,FM-Full_A-None_AdaBN-F
BI2015a,ATCNet,4,36,,,20,750,FM-Full_A-None_AdaBN-F
BI2015a,ATCNet,4,43,,,20,750,FM-Full_A-None_AdaBN-F
BI2015a,ATCNet,5,8,,,20,750,FM-Full_A-None_AdaBN-F
BI2015a,ATCNet,5,11,,,20,750,FM-Full_A-None_AdaBN-F
BI2015a,ATCNet,5,15,,,20,750,FM-Full_A-None_AdaBN-F
BI2015a,ATCNet,5,19,,,20,750,FM-Full_A-None_AdaBN-F
BI2015a,ATCNet,5,21,,,20,750,FM-Full_A-None_AdaBN-F
BI2015a,ATCNet,5,23,,,20,750,FM-Full_A-None_AdaBN-F
BI2015a,ATCNet,5,29,,,20,750,FM-Full_A-None_AdaBN-F
BI2015a,ATCNet,5,39,,,20,750,FM-Full_A-None_AdaBN-F
BI2015a,ATCNet,1,5,0.8703703703703703,0.930976430976431,20,750,FM-Full_A-None_AdaBN-F
BI2015a,ATCNet,1,9,0.8603603603603603,0.8963963963963963,20,750,FM-Full_A-None_AdaBN-F
BI2015a,ATCNet,1,13,0.9005847953216374,0.9429824561403508,20,750,FM-Full_A-None_AdaBN-F
BI2015a,ATCNet,1,25,0.8362068965517241,0.8793103448275862,20,750,FM-Full_A-None_AdaBN-F
BI2015a,ATCNet,1,26,0.921146953405018,0.9453405017921148,20,750,FM-Full_A-None_AdaBN-F
BI2015a,ATCNet,1,35,0.8361513687600645,0.8385668276972624,20,750,FM-Full_A-None_AdaBN-F
BI2015a,ATCNet,1,37,0.817063492063492,0.8595238095238096,20,750,FM-Full_A-None_AdaBN-F
BI2015a,ATCNet,1,38,0.8611111111111112,0.9226726726726728,20,750,FM-Full_A-None_AdaBN-F
BI2015a,ATCNet,1,40,0.8652263374485597,0.9156378600823044,20,750,FM-Full_A-None_AdaBN-F
BI2015a,ATCNet,2,4,0.8701388888888889,0.9305555555555556,20,750,FM-Full_A-None_AdaBN-F
BI2015a,ATCNet,2,7,0.8341503267973857,0.9158496732026143,20,750,FM-Full_A-None_AdaBN-F
BI2015a,ATCNet,2,14,0.8198005698005698,0.8796296296296297,20,750,FM-Full_A-None_AdaBN-F
BI2015a,ATCNet,2,16,0.8849206349206349,0.923809523809524,20,750,FM-Full_A-None_AdaBN-F
BI2015a,ATCNet,2,18,0.8271604938271605,0.8845679012345679,20,750,FM-Full_A-None_AdaBN-F
BI2015a,ATCNet,2,20,0.8388888888888889,0.9253086419753086,20,750,FM-Full_A-None_AdaBN-F
BI2015a,ATCNet,2,28,0.8416666666666667,0.8727777777777778,20,750,FM-Full_A-None_AdaBN-F
BI2015a,ATCNet,2,32,0.899641577060932,0.9238351254480288,20,750,FM-Full_A-None_AdaBN-F
BI2015a,ATCNet,2,41,0.8339506172839506,0.9061728395061728,20,750,FM-Full_A-None_AdaBN-F
BI2015a,ATCNet,4,2,0.8855820105820106,0.921957671957672,20,750,FM-Full_A-None_AdaBN-F
BI2015a,ATCNet,4,3,0.8457854406130269,0.9444444444444444,20,750,FM-Full_A-None_AdaBN-F
BI2015a,ATCNet,4,22,0.8794191919191919,0.9090909090909092,20,750,FM-Full_A-None_AdaBN-F
BI2015a,ATCNet,4,24,0.8935185185185185,0.9305555555555556,20,750,FM-Full_A-None_AdaBN-F
BI2015a,ATCNet,4,33,0.8888888888888888,0.9186507936507936,20,750,FM-Full_A-None_AdaBN-F
BI2015a,ATCNet,4,34,0.8753968253968254,0.9174603174603174,20,750,FM-Full_A-None_AdaBN-F
BI2015a,ATCNet,4,36,0.8701388888888889,0.9243055555555556,20,750,FM-Full_A-None_AdaBN-F
BI2015a,ATCNet,4,43,0.9195402298850576,0.946360153256705,20,750,FM-Full_A-None_AdaBN-F
BI2015a,ATCNet,5,8,0.8604497354497355,0.9232804232804231,20,750,FM-Full_A-None_AdaBN-F
BI2015a,ATCNet,5,11,0.8027777777777778,0.8784722222222222,20,750,FM-Full_A-None_AdaBN-F
BI2015a,ATCNet,5,15,0.8841269841269841,0.9253968253968254,20,750,FM-Full_A-None_AdaBN-F
BI2015a,ATCNet,5,19,0.88,0.8905555555555555,20,750,FM-Full_A-None_AdaBN-F
BI2015a,ATCNet,5,21,0.9071428571428573,0.9388888888888888,20,750,FM-Full_A-None_AdaBN-F
BI2015a,ATCNet,5,23,0.8706140350877193,0.8874269005847953,20,750,FM-Full_A-None_AdaBN-F
BI2015a,ATCNet,5,29,0.8306100217864923,0.8730936819172114,20,750,FM-Full_A-None_AdaBN-F
BI2015a,ATCNet,5,39,0.8333333333333334,0.8888888888888888,20,750,FM-Full_A-None_AdaBN-F
Huebner2017,EEGNetv4,1,1,0.9393774319066148,0.973929961089494,6,6250,FM-Full_A-None_AdaBN-F
Huebner2017,EEGNetv4,1,10,0.9523067331670824,0.9822319201995012,6,6250,FM-Full_A-None_AdaBN-F
Huebner2017,EEGNetv4,1,12,0.8485838779956427,0.958761282290694,6,6250,FM-Full_A-None_AdaBN-F
Huebner2017,EEGNetv4,2,3,0.8977431906614786,0.953852140077821,6,6250,FM-Full_A-None_AdaBN-F
Huebner2017,EEGNetv4,2,6,0.8965557501459428,0.983420899007589,6,6250,FM-Full_A-None_AdaBN-F
Huebner2017,EEGNetv4,2,9,0.940398381574852,0.977124183006536,6,6250,FM-Full_A-None_AdaBN-F
Huebner2017,EEGNetv4,3,2,0.8700591347650172,0.9572051042639278,6,6250,FM-Full_A-None_AdaBN-F
Huebner2017,EEGNetv4,3,5,0.8728602552131964,0.933162153750389,6,6250,FM-Full_A-None_AdaBN-F
Huebner2017,EEGNetv4,3,13,0.9425725624465022,0.976811143101704,6,6250,FM-Full_A-None_AdaBN-F
Huebner2017,EEGNetv4,4,8,0.8010116731517509,0.9130739299610896,6,6250,FM-Full_A-None_AdaBN-F
Huebner2017,EEGNetv4,4,11,0.8006848782006382,0.8680831193088956,6,6250,FM-Full_A-None_AdaBN-F
Huebner2017,EEGNetv4,5,4,0.9380544747081712,0.9855252918287938,6,6250,FM-Full_A-None_AdaBN-F
Huebner2017,EEGNetv4,5,7,0.970432617491441,0.991518829754124,6,6250,FM-Full_A-None_AdaBN-F
Huebner2017,EEGNetv4,1,1,,,6,6250,FM-Full_A-None_AdaBN-F
Huebner2017,EEGNetv4,1,10,,,6,6250,FM-Full_A-None_AdaBN-F
Huebner2017,EEGNetv4,1,12,,,6,6250,FM-Full_A-None_AdaBN-F
Huebner2017,EEGNetv4,2,3,,,6,6250,FM-Full_A-None_AdaBN-F
Huebner2017,EEGNetv4,2,6,,,6,6250,FM-Full_A-None_AdaBN-F
Huebner2017,EEGNetv4,2,9,,,6,6250,FM-Full_A-None_AdaBN-F
Huebner2017,EEGNetv4,3,2,,,6,6250,FM-Full_A-None_AdaBN-F
Huebner2017,EEGNetv4,3,5,,,6,6250,FM-Full_A-None_AdaBN-F
Huebner2017,EEGNetv4,3,13,,,6,6250,FM-Full_A-None_AdaBN-F
Huebner2017,EEGNetv4,4,8,,,6,6250,FM-Full_A-None_AdaBN-F
Huebner2017,EEGNetv4,4,11,,,6,6250,FM-Full_A-None_AdaBN-F
Huebner2017,EEGNetv4,5,4,,,6,6250,FM-Full_A-None_AdaBN-F
Huebner2017,EEGNetv4,5,7,,,6,6250,FM-Full_A-None_AdaBN-F
Huebner2017,EEGNetv4,1,1,0.939455252918288,0.9738521400778212,6,6250,FM-Full_A-None_AdaBN-F
Huebner2017,EEGNetv4,1,10,0.9521508728179552,0.9822319201995012,6,6250,FM-Full_A-None_AdaBN-F
Huebner2017,EEGNetv4,1,12,0.8485060690943044,0.9586834733893558,6,6250,FM-Full_A-None_AdaBN-F
Huebner2017,EEGNetv4,2,3,0.897898832684825,0.953929961089494,6,6250,FM-Full_A-None_AdaBN-F
Huebner2017,EEGNetv4,2,6,0.8967892586106246,0.983420899007589,6,6250,FM-Full_A-None_AdaBN-F
Huebner2017,EEGNetv4,2,9,0.9407096171802054,0.977124183006536,6,6250,FM-Full_A-None_AdaBN-F
Huebner2017,EEGNetv4,3,2,0.8702147525676938,0.9572051042639278,6,6250,FM-Full_A-None_AdaBN-F
Huebner2017,EEGNetv4,3,5,0.8730936819172114,0.9330843448490508,6,6250,FM-Full_A-None_AdaBN-F
Huebner2017,EEGNetv4,3,13,0.9427281923585712,0.9765776982336004,6,6250,FM-Full_A-None_AdaBN-F
Huebner2017,EEGNetv4,4,8,,,6,6250,FM-Full_A-None_AdaBN-F
Huebner2017,EEGNetv4,4,11,0.8003735699276209,0.86816094637715,6,6250,FM-Full_A-None_AdaBN-F
Huebner2017,EEGNetv4,5,4,0.9415564202334632,0.9847470817120624,6,6250,FM-Full_A-None_AdaBN-F
Huebner2017,EEGNetv4,5,7,0.9715997510115156,0.9919078742608154,6,6250,FM-Full_A-None_AdaBN-F
Lee2019_MI,DeepConvNet,1,4,0.77,0.78,50,120,FM-Full_A-None_AdaBN-F
Lee2019_MI,DeepConvNet,1,6,0.885,0.94,50,120,FM-Full_A-None_AdaBN-F
Lee2019_MI,DeepConvNet,1,13,0.71,0.7,50,120,FM-Full_A-None_AdaBN-F
Lee2019_MI,DeepConvNet,1,14,0.65,0.64,50,120,FM-Full_A-None_AdaBN-F
Lee2019_MI,DeepConvNet,1,18,0.9,0.93,50,120,FM-Full_A-None_AdaBN-F
Lee2019_MI,DeepConvNet,1,20,0.865,0.86,50,120,FM-Full_A-None_AdaBN-F
Lee2019_MI,DeepConvNet,1,33,0.96,0.96,50,120,FM-Full_A-None_AdaBN-F
Lee2019_MI,DeepConvNet,1,45,0.915,0.92,50,120,FM-Full_A-None_AdaBN-F
Lee2019_MI,DeepConvNet,1,49,0.825,0.865,50,120,FM-Full_A-None_AdaBN-F
Lee2019_MI,DeepConvNet,1,50,0.635,0.68,50,120,FM-Full_A-None_AdaBN-F
Lee2019_MI,DeepConvNet,1,53,0.78,0.795,50,120,FM-Full_A-None_AdaBN-F
Lee2019_MI,DeepConvNet,2,5,0.75,0.88,50,120,FM-Full_A-None_AdaBN-F
Lee2019_MI,DeepConvNet,2,7,0.64,0.785,50,120,FM-Full_A-None_AdaBN-F
Lee2019_MI,DeepConvNet,2,9,0.875,0.85,50,120,FM-Full_A-None_AdaBN-F
Lee2019_MI,DeepConvNet,2,16,0.825,0.85,50,120,FM-Full_A-None_AdaBN-F
Lee2019_MI,DeepConvNet,2,25,0.88,0.91,50,120,FM-Full_A-None_AdaBN-F
Lee2019_MI,DeepConvNet,2,27,0.895,0.91,50,120,FM-Full_A-None_AdaBN-F
Lee2019_MI,DeepConvNet,2,34,0.595,0.67,50,120,FM-Full_A-None_AdaBN-F
Lee2019_MI,DeepConvNet,2,35,0.725,0.94,50,120,FM-Full_A-None_AdaBN-F
Lee2019_MI,DeepConvNet,2,38,0.645,0.765,50,120,FM-Full_A-None_AdaBN-F
Lee2019_MI,DeepConvNet,2,46,0.735,0.75,50,120,FM-Full_A-None_AdaBN-F
Lee2019_MI,DeepConvNet,2,51,0.77,0.785,50,120,FM-Full_A-None_AdaBN-F
Lee2019_MI,DeepConvNet,3,1,0.78,0.745,50,120,FM-Full_A-None_AdaBN-F
Lee2019_MI,DeepConvNet,3,10,0.695,0.7,50,120,FM-Full_A-None_AdaBN-F
Lee2019_MI,DeepConvNet,3,12,0.795,0.765,50,120,FM-Full_A-None_AdaBN-F
Lee2019_MI,DeepConvNet,3,17,0.73,0.665,50,120,FM-Full_A-None_AdaBN-F
Lee2019_MI,DeepConvNet,3,26,0.82,0.875,50,120,FM-Full_A-None_AdaBN-F
Lee2019_MI,DeepConvNet,3,28,0.925,0.925,50,120,FM-Full_A-None_AdaBN-F
Lee2019_MI,DeepConvNet,3,31,0.845,0.85,50,120,FM-Full_A-None_AdaBN-F
Lee2019_MI,DeepConvNet,3,32,0.95,0.895,50,120,FM-Full_A-None_AdaBN-F
Lee2019_MI,DeepConvNet,3,37,0.875,0.915,50,120,FM-Full_A-None_AdaBN-F
Lee2019_MI,DeepConvNet,3,41,0.75,0.74,50,120,FM-Full_A-None_AdaBN-F
Lee2019_MI,DeepConvNet,3,48,0.695,0.645,50,120,FM-Full_A-None_AdaBN-F
Lee2019_MI,DeepConvNet,4,2,0.785,0.79,50,120,FM-Full_A-None_AdaBN-F
Lee2019_MI,DeepConvNet,4,3,0.9,0.915,50,120,FM-Full_A-None_AdaBN-F
Lee2019_MI,DeepConvNet,4,11,0.67,0.715,50,120,FM-Full_A-None_AdaBN-F
Lee2019_MI,DeepConvNet,4,22,0.745,0.705,50,120,FM-Full_A-None_AdaBN-F
Lee2019_MI,DeepConvNet,4,24,0.66,0.795,50,120,FM-Full_A-None_AdaBN-F
Lee2019_MI,DeepConvNet,4,30,0.805,0.84,50,120,FM-Full_A-None_AdaBN-F
Lee2019_MI,DeepConvNet,4,36,0.955,0.965,50,120,FM-Full_A-None_AdaBN-F
Lee2019_MI,DeepConvNet,4,40,0.855,0.895,50,120,FM-Full_A-None_AdaBN-F
Lee2019_MI,DeepConvNet,4,42,0.68,0.715,50,120,FM-Full_A-None_AdaBN-F
Lee2019_MI,DeepConvNet,4,44,0.785,0.855,50,120,FM-Full_A-None_AdaBN-F
Lee2019_MI,DeepConvNet,4,47,0.855,0.86,50,120,FM-Full_A-None_AdaBN-F
Lee2019_MI,DeepConvNet,5,8,0.76,0.78,50,120,FM-Full_A-None_AdaBN-F
Lee2019_MI,DeepConvNet,5,15,0.855,0.895,50,120,FM-Full_A-None_AdaBN-F
Lee2019_MI,DeepConvNet,5,19,0.79,0.82,50,120,FM-Full_A-None_AdaBN-F
Lee2019_MI,DeepConvNet,5,21,0.92,0.975,50,120,FM-Full_A-None_AdaBN-F
Lee2019_MI,DeepConvNet,5,23,0.805,0.835,50,120,FM-Full_A-None_AdaBN-F
Lee2019_MI,DeepConvNet,5,29,0.62,0.83,50,120,FM-Full_A-None_AdaBN-F
Lee2019_MI,DeepConvNet,5,39,0.795,0.825,50,120,FM-Full_A-None_AdaBN-F
Lee2019_MI,DeepConvNet,5,43,0.84,0.83,50,120,FM-Full_A-None_AdaBN-F
Lee2019_MI,DeepConvNet,5,52,0.725,0.8,50,120,FM-Full_A-None_AdaBN-F
Lee2019_MI,DeepConvNet,5,54,0.68,0.71,50,120,FM-Full_A-None_AdaBN-F
Yang2025,ATCNet,1,4,0.515,0.5133333333333333,20,450,FM-Full_A-None_AdaBN-F
Yang2025,ATCNet,1,13,0.635,0.6883333333333334,20,450,FM-Full_A-None_AdaBN-F
Yang2025,ATCNet,1,14,0.505,0.5466666666666666,20,450,FM-Full_A-None_AdaBN-F
Yang2025,ATCNet,1,18,0.5883333333333334,0.6133333333333333,20,450,FM-Full_A-None_AdaBN-F
Yang2025,ATCNet,1,25,0.62,0.8216666666666667,20,450,FM-Full_A-None_AdaBN-F
Yang2025,ATCNet,1,31,0.6683333333333333,0.7583333333333333,20,450,FM-Full_A-None_AdaBN-F
Yang2025,ATCNet,1,32,0.6260434056761269,0.7562604340567612,20,450,FM-Full_A-None_AdaBN-F
Yang2025,ATCNet,1,33,0.635,0.92,20,450,FM-Full_A-None_AdaBN-F
Yang2025,ATCNet,1,41,0.8616666666666667,0.8866666666666667,20,450,FM-Full_A-None_AdaBN-F
Yang2025,ATCNet,1,44,0.5616666666666666,0.6383333333333333,20,450,FM-Full_A-None_AdaBN-F
Yang2025,ATCNet,1,47,0.695,0.7533333333333333,20,450,FM-Full_A-None_AdaBN-F
Yang2025,ATCNet,2,5,0.6383333333333333,0.8383333333333334,20,450,FM-Full_A-None_AdaBN-F
Yang2025,ATCNet,2,7,0.585,0.6733333333333333,20,450,FM-Full_A-None_AdaBN-F
Yang2025,ATCNet,2,9,0.5783333333333334,0.6283333333333333,20,450,FM-Full_A-None_AdaBN-F
Yang2025,ATCNet,2,16,0.5566666666666666,0.6766666666666666,20,450,FM-Full_A-None_AdaBN-F
Yang2025,ATCNet,2,20,0.545,0.7066666666666667,20,450,FM-Full_A-None_AdaBN-F
Yang2025,ATCNet,2,34,0.4,0.8766666666666667,20,450,FM-Full_A-None_AdaBN-F
Yang2025,ATCNet,2,37,0.7366666666666667,0.7833333333333333,20,450,FM-Full_A-None_AdaBN-F
Yang2025,ATCNet,2,48,0.6916666666666667,0.7983333333333333,20,450,FM-Full_A-None_AdaBN-F
Yang2025,ATCNet,2,49,0.7833333333333333,0.88,20,450,FM-Full_A-None_AdaBN-F
Yang2025,ATCNet,2,50,0.7366666666666667,0.8583333333333333,20,450,FM-Full_A-None_AdaBN-F
Yang2025,ATCNet,3,1,0.65,0.8583333333333333,20,450,FM-Full_A-None_AdaBN-F
Yang2025,ATCNet,3,10,0.7116666666666667,0.8,20,450,FM-Full_A-None_AdaBN-F
Yang2025,ATCNet,3,12,0.5266666666666666,0.5383333333333333,20,450,FM-Full_A-None_AdaBN-F
Yang2025,ATCNet,3,17,0.5166666666666667,0.6883333333333334,20,450,FM-Full_A-None_AdaBN-F
Yang2025,ATCNet,3,26,0.6210350584307178,0.8514190317195326,20,450,FM-Full_A-None_AdaBN-F
Yang2025,ATCNet,3,27,0.545,0.7783333333333333,20,450,FM-Full_A-None_AdaBN-F
Yang2025,ATCNet,3,28,0.775,0.8883333333333333,20,450,FM-Full_A-None_AdaBN-F
Yang2025,ATCNet,3,35,0.6116666666666667,0.7616666666666667,20,450,FM-Full_A-None_AdaBN-F
Yang2025,ATCNet,3,45,0.57,0.7216666666666667,20,450,FM-Full_A-None_AdaBN-F
Yang2025,ATCNet,3,46,0.5833333333333334,0.9083333333333332,20,450,FM-Full_A-None_AdaBN-F
Yang2025,ATCNet,4,2,0.565,0.5916666666666667,20,450,FM-Full_A-None_AdaBN-F
Yang2025,ATCNet,4,3,0.9016666666666666,0.9083333333333332,20,450,FM-Full_A-None_AdaBN-F
Yang2025,ATCNet,4,6,0.9083333333333332,0.9316666666666666,20,450,FM-Full_A-None_AdaBN-F
Yang2025,ATCNet,4,22,0.6983333333333334,0.7633333333333333,20,450,FM-Full_A-None_AdaBN-F
Yang2025,ATCNet,4,24,0.8703703703703703,0.9511784511784512,20,450,FM-Full_A-None_AdaBN-F
Yang2025,ATCNet,4,30,0.795,0.7166666666666667,20,450,FM-Full_A-None_AdaBN-F
Yang2025,ATCNet,4,36,0.7616666666666667,0.825,20,450,FM-Full_A-None_AdaBN-F
Yang2025,ATCNet,4,38,0.5266666666666666,0.5633333333333334,20,450,FM-Full_A-None_AdaBN-F
Yang2025,ATCNet,4,40,0.715,0.77,20,450,FM-Full_A-None_AdaBN-F
Yang2025,ATCNet,4,42,0.7,0.7183333333333334,20,450,FM-Full_A-None_AdaBN-F
Yang2025,ATCNet,5,8,0.8383333333333334,0.8483333333333334,20,450,FM-Full_A-None_AdaBN-F
Yang2025,ATCNet,5,11,0.7966666666666666,0.8733333333333333,20,450,FM-Full_A-None_AdaBN-F
Yang2025,ATCNet,5,15,0.7183333333333334,0.6533333333333333,20,450,FM-Full_A-None_AdaBN-F
Yang2025,ATCNet,5,19,0.7316666666666667,0.8366666666666667,20,450,FM-Full_A-None_AdaBN-F
Yang2025,ATCNet,5,21,0.6666666666666666,0.775,20,450,FM-Full_A-None_AdaBN-F
Yang2025,ATCNet,5,23,0.8697829716193656,0.8881469115191987,20,450,FM-Full_A-None_AdaBN-F
Yang2025,ATCNet,5,29,0.9133333333333332,0.9666666666666668,20,450,FM-Full_A-None_AdaBN-F
Yang2025,ATCNet,5,39,0.725,0.8166666666666667,20,450,FM-Full_A-None_AdaBN-F
Yang2025,ATCNet,5,43,0.7133333333333334,0.8883333333333333,20,450,FM-Full_A-None_AdaBN-F
Yang2025,ATCNet,5,51,0.71,0.8283333333333334,20,450,FM-Full_A-None_AdaBN-F
Huebner2018,ATCNet,1,1,0.9268156033335668,0.9805308494992646,6,14000,FM-Full_A-None_AdaBN-F
Huebner2018,ATCNet,1,10,0.8666666666666667,0.9415266106442576,6,14000,FM-Full_A-None_AdaBN-F
Huebner2018,ATCNet,1,11,0.812983541989028,0.9291742861161908,6,14000,FM-Full_A-None_AdaBN-F
Huebner2018,ATCNet,2,3,0.969187675070028,0.9848039215686276,6,14000,FM-Full_A-None_AdaBN-F
Huebner2018,ATCNet,2,6,0.8303921568627451,0.9830532212885154,6,14000,FM-Full_A-None_AdaBN-F
Huebner2018,ATCNet,2,9,0.7818474683101058,0.9537082428741508,6,14000,FM-Full_A-None_AdaBN-F
Huebner2018,ATCNet,3,2,0.963655462184874,0.9852941176470588,6,14000,FM-Full_A-None_AdaBN-F
Huebner2018,ATCNet,3,12,0.8306022408963586,0.9408963585434174,6,14000,FM-Full_A-None_AdaBN-F
Huebner2018,ATCNet,4,5,0.8116155247302789,0.9349166316379433,6,14000,FM-Full_A-None_AdaBN-F
Huebner2018,ATCNet,4,8,0.7620448179271708,0.9349439775910364,6,14000,FM-Full_A-None_AdaBN-F
Huebner2018,ATCNet,5,4,0.934453781512605,0.9645658263305322,6,14000,FM-Full_A-None_AdaBN-F
Huebner2018,ATCNet,5,7,0.8681703558419726,0.9464135612216308,6,14000,FM-Full_A-None_AdaBN-F
Yang2025,EEGNetv4,1,4,0.5783333333333334,0.5766666666666667,15,600,FM-Full_A-None_AdaBN-F
Yang2025,EEGNetv4,1,13,0.77,0.8183333333333334,15,600,FM-Full_A-None_AdaBN-F
Yang2025,EEGNetv4,1,14,0.5633333333333334,0.575,15,600,FM-Full_A-None_AdaBN-F
Yang2025,EEGNetv4,1,18,0.6633333333333333,0.685,15,600,FM-Full_A-None_AdaBN-F
Yang2025,EEGNetv4,1,25,0.915,0.9433333333333334,15,600,FM-Full_A-None_AdaBN-F
Yang2025,EEGNetv4,1,31,0.7416666666666667,0.795,15,600,FM-Full_A-None_AdaBN-F
Yang2025,EEGNetv4,1,32,0.5342237061769616,0.5759599332220368,15,600,FM-Full_A-None_AdaBN-F
Yang2025,EEGNetv4,1,33,0.945,0.9566666666666668,15,600,FM-Full_A-None_AdaBN-F
Yang2025,EEGNetv4,1,41,0.8566666666666667,0.8916666666666667,15,600,FM-Full_A-None_AdaBN-F
Yang2025,EEGNetv4,1,44,0.7133333333333334,0.7233333333333334,15,600,FM-Full_A-None_AdaBN-F
Yang2025,EEGNetv4,1,47,0.88,0.9016666666666666,15,600,FM-Full_A-None_AdaBN-F
Yang2025,EEGNetv4,2,5,0.8533333333333334,0.905,15,600,FM-Full_A-None_AdaBN-F
Yang2025,EEGNetv4,2,7,0.71,0.795,15,600,FM-Full_A-None_AdaBN-F
Yang2025,EEGNetv4,2,9,0.6533333333333333,0.6883333333333334,15,600,FM-Full_A-None_AdaBN-F
Yang2025,EEGNetv4,2,16,0.5833333333333334,0.6433333333333333,15,600,FM-Full_A-None_AdaBN-F
Yang2025,EEGNetv4,2,20,0.6766666666666666,0.9016666666666666,15,600,FM-Full_A-None_AdaBN-F
Yang2025,EEGNetv4,2,34,0.605,0.7916666666666666,15,600,FM-Full_A-None_AdaBN-F
Yang2025,EEGNetv4,2,37,0.8383333333333334,0.8916666666666667,15,600,FM-Full_A-None_AdaBN-F
Yang2025,EEGNetv4,2,48,0.8283333333333334,0.8683333333333333,15,600,FM-Full_A-None_AdaBN-F
Yang2025,EEGNetv4,2,49,0.8733333333333333,0.9566666666666668,15,600,FM-Full_A-None_AdaBN-F
Yang2025,EEGNetv4,2,50,0.865,0.9366666666666666,15,600,FM-Full_A-None_AdaBN-F
Yang2025,EEGNetv4,3,1,0.925,0.9433333333333334,15,600,FM-Full_A-None_AdaBN-F
Yang2025,EEGNetv4,3,10,0.7833333333333333,0.865,15,600,FM-Full_A-None_AdaBN-F
Yang2025,EEGNetv4,3,12,0.6,0.5583333333333333,15,600,FM-Full_A-None_AdaBN-F
Yang2025,EEGNetv4,3,17,0.7833333333333333,0.8033333333333333,15,600,FM-Full_A-None_AdaBN-F
Yang2025,EEGNetv4,3,26,0.7746243739565943,0.9015025041736228,15,600,FM-Full_A-None_AdaBN-F
Yang2025,EEGNetv4,3,27,0.635,0.7166666666666667,15,600,FM-Full_A-None_AdaBN-F
Yang2025,EEGNetv4,3,28,0.8016666666666666,0.88,15,600,FM-Full_A-None_AdaBN-F
Yang2025,EEGNetv4,3,35,0.9416666666666668,0.9633333333333334,15,600,FM-Full_A-None_AdaBN-F
Yang2025,EEGNetv4,3,45,0.855,0.8783333333333333,15,600,FM-Full_A-None_AdaBN-F
Yang2025,EEGNetv4,3,46,0.9366666666666666,0.985,15,600,FM-Full_A-None_AdaBN-F
Yang2025,EEGNetv4,4,2,0.6816666666666666,0.6833333333333333,15,600,FM-Full_A-None_AdaBN-F
Yang2025,EEGNetv4,4,3,0.9366666666666666,0.9366666666666666,15,600,FM-Full_A-None_AdaBN-F
Yang2025,EEGNetv4,4,6,0.93,0.9666666666666668,15,600,FM-Full_A-None_AdaBN-F
Yang2025,EEGNetv4,4,22,0.7666666666666667,0.8566666666666667,15,600,FM-Full_A-None_AdaBN-F
Yang2025,EEGNetv4,4,24,0.9326599326599326,0.9781144781144782,15,600,FM-Full_A-None_AdaBN-F
Yang2025,EEGNetv4,4,30,0.875,0.7933333333333333,15,600,FM-Full_A-None_AdaBN-F
Yang2025,EEGNetv4,4,36,0.915,0.9366666666666666,15,600,FM-Full_A-None_AdaBN-F
Yang2025,EEGNetv4,4,38,0.6,0.675,15,600,FM-Full_A-None_AdaBN-F
Yang2025,EEGNetv4,4,40,0.7883333333333333,0.835,15,600,FM-Full_A-None_AdaBN-F
Yang2025,EEGNetv4,4,42,0.7966666666666666,0.8133333333333334,15,600,FM-Full_A-None_AdaBN-F
Yang2025,EEGNetv4,5,8,0.89,0.93,15,600,FM-Full_A-None_AdaBN-F
Yang2025,EEGNetv4,5,11,0.8166666666666667,0.895,15,600,FM-Full_A-None_AdaBN-F
Yang2025,EEGNetv4,5,15,0.7316666666666667,0.7816666666666666,15,600,FM-Full_A-None_AdaBN-F
Yang2025,EEGNetv4,5,19,0.8316666666666667,0.8466666666666667,15,600,FM-Full_A-None_AdaBN-F
Yang2025,EEGNetv4,5,21,0.84,0.905,15,600,FM-Full_A-None_AdaBN-F
Yang2025,EEGNetv4,5,23,0.9115191986644408,0.9532554257095158,15,600,FM-Full_A-None_AdaBN-F
Yang2025,EEGNetv4,5,29,0.6883333333333334,0.7916666666666666,15,600,FM-Full_A-None_AdaBN-F
Yang2025,EEGNetv4,5,39,0.7066666666666667,0.7683333333333333,15,600,FM-Full_A-None_AdaBN-F
Yang2025,EEGNetv4,5,43,0.97,0.9983333333333332,15,600,FM-Full_A-None_AdaBN-F
Yang2025,EEGNetv4,5,51,0.8283333333333334,0.8866666666666667,15,600,FM-Full_A-None_AdaBN-F
Yang2025,EEGNetv4,1,4,,,15,600,FM-Full_A-None_AdaBN-F
Yang2025,EEGNetv4,1,13,,,15,600,FM-Full_A-None_AdaBN-F
Yang2025,EEGNetv4,1,14,,,15,600,FM-Full_A-None_AdaBN-F
Yang2025,EEGNetv4,1,18,,,15,600,FM-Full_A-None_AdaBN-F
Yang2025,EEGNetv4,1,25,,,15,600,FM-Full_A-None_AdaBN-F
Yang2025,EEGNetv4,1,31,,,15,600,FM-Full_A-None_AdaBN-F
Yang2025,EEGNetv4,1,32,,,15,600,FM-Full_A-None_AdaBN-F
Yang2025,EEGNetv4,1,33,,,15,600,FM-Full_A-None_AdaBN-F
Yang2025,EEGNetv4,1,41,,,15,600,FM-Full_A-None_AdaBN-F
Yang2025,EEGNetv4,1,44,,,15,600,FM-Full_A-None_AdaBN-F
Yang2025,EEGNetv4,1,47,,,15,600,FM-Full_A-None_AdaBN-F
Yang2025,EEGNetv4,2,5,,,15,600,FM-Full_A-None_AdaBN-F
Yang2025,EEGNetv4,2,7,,,15,600,FM-Full_A-None_AdaBN-F
Yang2025,EEGNetv4,2,9,,,15,600,FM-Full_A-None_AdaBN-F
Yang2025,EEGNetv4,2,16,,,15,600,FM-Full_A-None_AdaBN-F
Yang2025,EEGNetv4,2,20,,,15,600,FM-Full_A-None_AdaBN-F
Yang2025,EEGNetv4,2,34,,,15,600,FM-Full_A-None_AdaBN-F
Yang2025,EEGNetv4,2,37,,,15,600,FM-Full_A-None_AdaBN-F
Yang2025,EEGNetv4,2,48,,,15,600,FM-Full_A-None_AdaBN-F
Yang2025,EEGNetv4,2,49,,,15,600,FM-Full_A-None_AdaBN-F
Yang2025,EEGNetv4,2,50,,,15,600,FM-Full_A-None_AdaBN-F
Yang2025,EEGNetv4,3,1,,,15,600,FM-Full_A-None_AdaBN-F
Yang2025,EEGNetv4,3,10,,,15,600,FM-Full_A-None_AdaBN-F
Yang2025,EEGNetv4,3,12,,,15,600,FM-Full_A-None_AdaBN-F
Yang2025,EEGNetv4,3,17,,,15,600,FM-Full_A-None_AdaBN-F
Yang2025,EEGNetv4,3,26,,,15,600,FM-Full_A-None_AdaBN-F
Yang2025,EEGNetv4,3,27,,,15,600,FM-Full_A-None_AdaBN-F
Yang2025,EEGNetv4,3,28,,,15,600,FM-Full_A-None_AdaBN-F
Yang2025,EEGNetv4,3,35,,,15,600,FM-Full_A-None_AdaBN-F
Yang2025,EEGNetv4,3,45,,,15,600,FM-Full_A-None_AdaBN-F
Yang2025,EEGNetv4,3,46,,,15,600,FM-Full_A-None_AdaBN-F
Yang2025,EEGNetv4,4,2,,,15,600,FM-Full_A-None_AdaBN-F
Yang2025,EEGNetv4,4,3,,,15,600,FM-Full_A-None_AdaBN-F
Yang2025,EEGNetv4,4,6,,,15,600,FM-Full_A-None_AdaBN-F
Yang2025,EEGNetv4,4,22,,,15,600,FM-Full_A-None_AdaBN-F
Yang2025,EEGNetv4,4,24,,,15,600,FM-Full_A-None_AdaBN-F
Yang2025,EEGNetv4,4,30,,,15,600,FM-Full_A-None_AdaBN-F
Yang2025,EEGNetv4,4,36,,,15,600,FM-Full_A-None_AdaBN-F
Yang2025,EEGNetv4,4,38,,,15,600,FM-Full_A-None_AdaBN-F
Yang2025,EEGNetv4,4,40,,,15,600,FM-Full_A-None_AdaBN-F
Yang2025,EEGNetv4,4,42,,,15,600,FM-Full_A-None_AdaBN-F
Yang2025,EEGNetv4,5,8,,,15,600,FM-Full_A-None_AdaBN-F
Yang2025,EEGNetv4,5,11,,,15,600,FM-Full_A-None_AdaBN-F
Yang2025,EEGNetv4,5,15,,,15,600,FM-Full_A-None_AdaBN-F
Yang2025,EEGNetv4,5,19,,,15,600,FM-Full_A-None_AdaBN-F
Yang2025,EEGNetv4,5,21,,,15,600,FM-Full_A-None_AdaBN-F
Yang2025,EEGNetv4,5,23,,,15,600,FM-Full_A-None_AdaBN-F
Yang2025,EEGNetv4,5,29,,,15,600,FM-Full_A-None_AdaBN-F
Yang2025,EEGNetv4,5,39,,,15,600,FM-Full_A-None_AdaBN-F
Yang2025,EEGNetv4,5,43,,,15,600,FM-Full_A-None_AdaBN-F
Yang2025,EEGNetv4,5,51,,,15,600,FM-Full_A-None_AdaBN-F
Yang2025,DeepConvNet,1,4,0.6133333333333333,0.5483333333333333,15,600,FM-Full_A-None_AdaBN-F
Yang2025,DeepConvNet,1,13,0.7916666666666666,0.84,15,600,FM-Full_A-None_AdaBN-F
Yang2025,DeepConvNet,1,14,0.56,0.5416666666666666,15,600,FM-Full_A-None_AdaBN-F
Yang2025,DeepConvNet,1,18,0.6616666666666666,0.69,15,600,FM-Full_A-None_AdaBN-F
Yang2025,DeepConvNet,1,25,0.9366666666666666,0.9733333333333334,15,600,FM-Full_A-None_AdaBN-F
Yang2025,DeepConvNet,1,31,0.775,0.8183333333333334,15,600,FM-Full_A-None_AdaBN-F
Yang2025,DeepConvNet,1,32,0.5626043405676127,0.6143572621035058,15,600,FM-Full_A-None_AdaBN-F
Yang2025,DeepConvNet,1,33,0.9683333333333334,0.9683333333333334,15,600,FM-Full_A-None_AdaBN-F
Yang2025,DeepConvNet,1,41,0.895,0.9166666666666666,15,600,FM-Full_A-None_AdaBN-F
Yang2025,DeepConvNet,1,44,0.7483333333333333,0.7366666666666667,15,600,FM-Full_A-None_AdaBN-F
Yang2025,DeepConvNet,1,47,0.9133333333333332,0.9316666666666666,15,600,FM-Full_A-None_AdaBN-F
Yang2025,DeepConvNet,2,5,0.8933333333333333,0.9016666666666666,15,600,FM-Full_A-None_AdaBN-F
Yang2025,DeepConvNet,2,7,0.8333333333333334,0.835,15,600,FM-Full_A-None_AdaBN-F
Yang2025,DeepConvNet,2,9,0.7283333333333334,0.7266666666666667,15,600,FM-Full_A-None_AdaBN-F
Yang2025,DeepConvNet,2,16,0.6416666666666667,0.6683333333333333,15,600,FM-Full_A-None_AdaBN-F
Yang2025,DeepConvNet,2,20,0.71,0.9333333333333332,15,600,FM-Full_A-None_AdaBN-F
Yang2025,DeepConvNet,2,34,0.615,0.8433333333333334,15,600,FM-Full_A-None_AdaBN-F
Yang2025,DeepConvNet,2,37,0.8916666666666667,0.9516666666666668,15,600,FM-Full_A-None_AdaBN-F
Yang2025,DeepConvNet,2,48,0.885,0.91,15,600,FM-Full_A-None_AdaBN-F
Yang2025,DeepConvNet,2,49,0.9383333333333334,0.965,15,600,FM-Full_A-None_AdaBN-F
Yang2025,DeepConvNet,2,50,0.945,0.9666666666666668,15,600,FM-Full_A-None_AdaBN-F
Yang2025,DeepConvNet,3,1,0.9566666666666668,0.97,15,600,FM-Full_A-None_AdaBN-F
Yang2025,DeepConvNet,3,10,0.8566666666666667,0.8916666666666667,15,600,FM-Full_A-None_AdaBN-F
Yang2025,DeepConvNet,3,12,0.6233333333333333,0.5666666666666667,15,600,FM-Full_A-None_AdaBN-F
Yang2025,DeepConvNet,3,17,0.835,0.835,15,600,FM-Full_A-None_AdaBN-F
Yang2025,DeepConvNet,3,26,0.7879799666110183,0.9315525876460768,15,600,FM-Full_A-None_AdaBN-F
Yang2025,DeepConvNet,3,27,0.64,0.725,15,600,FM-Full_A-None_AdaBN-F
Yang2025,DeepConvNet,3,28,0.8466666666666667,0.9283333333333332,15,600,FM-Full_A-None_AdaBN-F
Yang2025,DeepConvNet,3,35,0.9733333333333334,0.9733333333333334,15,600,FM-Full_A-None_AdaBN-F
Yang2025,DeepConvNet,3,45,0.89,0.8983333333333333,15,600,FM-Full_A-None_AdaBN-F
Yang2025,DeepConvNet,3,46,0.9916666666666668,0.9966666666666668,15,600,FM-Full_A-None_AdaBN-F
Yang2025,DeepConvNet,4,2,0.7133333333333334,0.6666666666666666,15,600,FM-Full_A-None_AdaBN-F
Yang2025,DeepConvNet,4,3,0.9766666666666668,0.975,15,600,FM-Full_A-None_AdaBN-F
Yang2025,DeepConvNet,4,6,0.9366666666666666,0.98,15,600,FM-Full_A-None_AdaBN-F
Yang2025,DeepConvNet,4,22,0.835,0.8833333333333333,15,600,FM-Full_A-None_AdaBN-F
Yang2025,DeepConvNet,4,24,0.9545454545454546,0.9831649831649832,15,600,FM-Full_A-None_AdaBN-F
Yang2025,DeepConvNet,4,30,0.9366666666666666,0.97,15,600,FM-Full_A-None_AdaBN-F
Yang2025,DeepConvNet,4,36,0.9316666666666666,0.9416666666666668,15,600,FM-Full_A-None_AdaBN-F
Yang2025,DeepConvNet,4,38,0.6216666666666667,0.7066666666666667,15,600,FM-Full_A-None_AdaBN-F
Yang2025,DeepConvNet,4,40,0.8466666666666667,0.8866666666666667,15,600,FM-Full_A-None_AdaBN-F
Yang2025,DeepConvNet,4,42,0.84,0.85,15,600,FM-Full_A-None_AdaBN-F
Yang2025,DeepConvNet,5,8,0.93,0.9466666666666668,15,600,FM-Full_A-None_AdaBN-F
Yang2025,DeepConvNet,5,11,0.9283333333333332,0.9483333333333334,15,600,FM-Full_A-None_AdaBN-F
Yang2025,DeepConvNet,5,15,0.7866666666666666,0.8633333333333333,15,600,FM-Full_A-None_AdaBN-F
Yang2025,DeepConvNet,5,19,0.8766666666666667,0.8733333333333333,15,600,FM-Full_A-None_AdaBN-F
Yang2025,DeepConvNet,5,21,0.9133333333333332,0.9133333333333332,15,600,FM-Full_A-None_AdaBN-F
Yang2025,DeepConvNet,5,23,0.9499165275459098,0.98330550918197,15,600,FM-Full_A-None_AdaBN-F
Yang2025,DeepConvNet,5,29,0.755,0.8733333333333333,15,600,FM-Full_A-None_AdaBN-F
Yang2025,DeepConvNet,5,39,0.7116666666666667,0.8183333333333334,15,600,FM-Full_A-None_AdaBN-F
Yang2025,DeepConvNet,5,43,0.995,0.9983333333333332,15,600,FM-Full_A-None_AdaBN-F
Yang2025,DeepConvNet,5,51,0.8883333333333333,0.9233333333333332,15,600,FM-Full_A-None_AdaBN-F
Huebner2017,ATCNet,1,1,0.9311284046692608,0.9770428015564202,6,6250,FM-Full_A-None_AdaBN-F
Huebner2017,ATCNet,1,10,0.9511377805486284,0.984569825436409,6,6250,FM-Full_A-None_AdaBN-F
Huebner2017,ATCNet,1,12,0.8417366946778712,0.9640522875816994,6,6250,FM-Full_A-None_AdaBN-F
Huebner2017,ATCNet,2,3,0.8953307392996109,0.956342412451362,6,6250,FM-Full_A-None_AdaBN-F
Huebner2017,ATCNet,2,6,0.9356684179801518,0.9851722124927028,6,6250,FM-Full_A-None_AdaBN-F
Huebner2017,ATCNet,2,9,0.9326953003423591,0.9763460939931528,6,6250,FM-Full_A-None_AdaBN-F
Huebner2017,ATCNet,3,2,0.8925459072517896,0.9604730781201368,6,6250,FM-Full_A-None_AdaBN-F
Huebner2017,ATCNet,3,5,0.8588546529723,0.9401649548708372,6,6250,FM-Full_A-None_AdaBN-F
Huebner2017,ATCNet,3,13,0.9326122480740798,0.9779783674422224,6,6250,FM-Full_A-None_AdaBN-F
Huebner2017,ATCNet,4,8,0.8031906614785992,0.914863813229572,6,6250,FM-Full_A-None_AdaBN-F
Huebner2017,ATCNet,4,11,0.8051210210911355,0.877111059226399,6,6250,FM-Full_A-None_AdaBN-F
Huebner2017,ATCNet,5,4,0.882568093385214,0.9863035019455252,6,6250,FM-Full_A-None_AdaBN-F
Huebner2017,ATCNet,5,7,0.9487239340180516,0.9931528166822284,6,6250,FM-Full_A-None_AdaBN-F
Lee2019_MI,EEGNetv4,1,4,0.625,0.71,30,100,FM-Full_A-None_AdaBN-F
Lee2019_MI,EEGNetv4,1,6,0.8,0.84,30,100,FM-Full_A-None_AdaBN-F
Lee2019_MI,EEGNetv4,1,13,0.67,0.675,30,100,FM-Full_A-None_AdaBN-F
Lee2019_MI,EEGNetv4,1,14,0.57,0.55,30,100,FM-Full_A-None_AdaBN-F
Lee2019_MI,EEGNetv4,1,18,0.765,0.79,30,100,FM-Full_A-None_AdaBN-F
Lee2019_MI,EEGNetv4,1,20,0.76,0.725,30,100,FM-Full_A-None_AdaBN-F
Lee2019_MI,EEGNetv4,1,33,0.745,0.805,30,100,FM-Full_A-None_AdaBN-F
Lee2019_MI,EEGNetv4,1,45,0.76,0.8,30,100,FM-Full_A-None_AdaBN-F
Lee2019_MI,EEGNetv4,1,49,0.65,0.795,30,100,FM-Full_A-None_AdaBN-F
Lee2019_MI,EEGNetv4,1,50,0.595,0.545,30,100,FM-Full_A-None_AdaBN-F
Lee2019_MI,EEGNetv4,1,53,0.77,0.695,30,100,FM-Full_A-None_AdaBN-F
Lee2019_MI,EEGNetv4,2,5,0.685,0.705,30,100,FM-Full_A-None_AdaBN-F
Lee2019_MI,EEGNetv4,2,7,0.67,0.655,30,100,FM-Full_A-None_AdaBN-F
Lee2019_MI,EEGNetv4,2,9,0.71,0.765,30,100,FM-Full_A-None_AdaBN-F
Lee2019_MI,EEGNetv4,2,16,0.755,0.8,30,100,FM-Full_A-None_AdaBN-F
Lee2019_MI,EEGNetv4,2,25,0.825,0.855,30,100,FM-Full_A-None_AdaBN-F
Lee2019_MI,EEGNetv4,2,27,0.84,0.81,30,100,FM-Full_A-None_AdaBN-F
Lee2019_MI,EEGNetv4,2,34,0.61,0.645,30,100,FM-Full_A-None_AdaBN-F
Lee2019_MI,EEGNetv4,2,35,0.76,0.935,30,100,FM-Full_A-None_AdaBN-F
Lee2019_MI,EEGNetv4,2,38,0.615,0.71,30,100,FM-Full_A-None_AdaBN-F
Lee2019_MI,EEGNetv4,2,46,0.605,0.59,30,100,FM-Full_A-None_AdaBN-F
Lee2019_MI,EEGNetv4,2,51,0.72,0.715,30,100,FM-Full_A-None_AdaBN-F
Lee2019_MI,EEGNetv4,3,1,0.655,0.61,30,100,FM-Full_A-None_AdaBN-F
Lee2019_MI,EEGNetv4,3,10,0.645,0.675,30,100,FM-Full_A-None_AdaBN-F
Lee2019_MI,EEGNetv4,3,12,0.785,0.78,30,100,FM-Full_A-None_AdaBN-F
Lee2019_MI,EEGNetv4,3,17,0.655,0.65,30,100,FM-Full_A-None_AdaBN-F
Lee2019_MI,EEGNetv4,3,26,0.775,0.795,30,100,FM-Full_A-None_AdaBN-F
Lee2019_MI,EEGNetv4,3,28,0.85,0.825,30,100,FM-Full_A-None_AdaBN-F
Lee2019_MI,EEGNetv4,3,31,0.77,0.825,30,100,FM-Full_A-None_AdaBN-F
Lee2019_MI,EEGNetv4,3,32,0.785,0.85,30,100,FM-Full_A-None_AdaBN-F
Lee2019_MI,EEGNetv4,3,37,0.73,0.78,30,100,FM-Full_A-None_AdaBN-F
Lee2019_MI,EEGNetv4,3,41,0.635,0.72,30,100,FM-Full_A-None_AdaBN-F
Lee2019_MI,EEGNetv4,3,48,0.615,0.645,30,100,FM-Full_A-None_AdaBN-F
Lee2019_MI,EEGNetv4,4,2,0.685,0.65,30,100,FM-Full_A-None_AdaBN-F
Lee2019_MI,EEGNetv4,4,3,0.765,0.825,30,100,FM-Full_A-None_AdaBN-F
Lee2019_MI,EEGNetv4,4,11,0.59,0.66,30,100,FM-Full_A-None_AdaBN-F
Lee2019_MI,EEGNetv4,4,22,0.625,0.595,30,100,FM-Full_A-None_AdaBN-F
Lee2019_MI,EEGNetv4,4,24,0.665,0.73,30,100,FM-Full_A-None_AdaBN-F
Lee2019_MI,EEGNetv4,4,30,0.69,0.745,30,100,FM-Full_A-None_AdaBN-F
Lee2019_MI,EEGNetv4,4,36,0.94,0.97,30,100,FM-Full_A-None_AdaBN-F
Lee2019_MI,EEGNetv4,4,40,0.755,0.775,30,100,FM-Full_A-None_AdaBN-F
Lee2019_MI,EEGNetv4,4,42,0.68,0.62,30,100,FM-Full_A-None_AdaBN-F
Lee2019_MI,EEGNetv4,4,44,0.7,0.78,30,100,FM-Full_A-None_AdaBN-F
Lee2019_MI,EEGNetv4,4,47,0.78,0.81,30,100,FM-Full_A-None_AdaBN-F
Lee2019_MI,EEGNetv4,5,8,0.68,0.69,30,100,FM-Full_A-None_AdaBN-F
Lee2019_MI,EEGNetv4,5,15,0.75,0.815,30,100,FM-Full_A-None_AdaBN-F
Lee2019_MI,EEGNetv4,5,19,0.655,0.745,30,100,FM-Full_A-None_AdaBN-F
Lee2019_MI,EEGNetv4,5,21,0.895,0.915,30,100,FM-Full_A-None_AdaBN-F
Lee2019_MI,EEGNetv4,5,23,0.71,0.715,30,100,FM-Full_A-None_AdaBN-F
Lee2019_MI,EEGNetv4,5,29,0.72,0.775,30,100,FM-Full_A-None_AdaBN-F
Lee2019_MI,EEGNetv4,5,39,0.7,0.71,30,100,FM-Full_A-None_AdaBN-F
Lee2019_MI,EEGNetv4,5,43,0.8,0.83,30,100,FM-Full_A-None_AdaBN-F
Lee2019_MI,EEGNetv4,5,52,0.7,0.755,30,100,FM-Full_A-None_AdaBN-F
Lee2019_MI,EEGNetv4,5,54,0.635,0.625,30,100,FM-Full_A-None_AdaBN-F
Lee2019_MI,EEGNetv4,1,4,,,30,100,FM-Full_A-None_AdaBN-F
Lee2019_MI,EEGNetv4,1,6,,,30,100,FM-Full_A-None_AdaBN-F
Lee2019_MI,EEGNetv4,1,13,,,30,100,FM-Full_A-None_AdaBN-F
Lee2019_MI,EEGNetv4,1,14,,,30,100,FM-Full_A-None_AdaBN-F
Lee2019_MI,EEGNetv4,1,18,,,30,100,FM-Full_A-None_AdaBN-F
Lee2019_MI,EEGNetv4,1,20,,,30,100,FM-Full_A-None_AdaBN-F
Lee2019_MI,EEGNetv4,1,33,,,30,100,FM-Full_A-None_AdaBN-F
Lee2019_MI,EEGNetv4,1,45,,,30,100,FM-Full_A-None_AdaBN-F
Lee2019_MI,EEGNetv4,1,49,,,30,100,FM-Full_A-None_AdaBN-F
Lee2019_MI,EEGNetv4,1,50,,,30,100,FM-Full_A-None_AdaBN-F
Lee2019_MI,EEGNetv4,1,53,,,30,100,FM-Full_A-None_AdaBN-F
Lee2019_MI,EEGNetv4,2,5,,,30,100,FM-Full_A-None_AdaBN-F
Lee2019_MI,EEGNetv4,2,7,,,30,100,FM-Full_A-None_AdaBN-F
Lee2019_MI,EEGNetv4,2,9,,,30,100,FM-Full_A-None_AdaBN-F
Lee2019_MI,EEGNetv4,2,16,,,30,100,FM-Full_A-None_AdaBN-F
Lee2019_MI,EEGNetv4,2,25,,,30,100,FM-Full_A-None_AdaBN-F
Lee2019_MI,EEGNetv4,2,27,,,30,100,FM-Full_A-None_AdaBN-F
Lee2019_MI,EEGNetv4,2,34,,,30,100,FM-Full_A-None_AdaBN-F
Lee2019_MI,EEGNetv4,2,35,,,30,100,FM-Full_A-None_AdaBN-F
Lee2019_MI,EEGNetv4,2,38,,,30,100,FM-Full_A-None_AdaBN-F
Lee2019_MI,EEGNetv4,2,46,,,30,100,FM-Full_A-None_AdaBN-F
Lee2019_MI,EEGNetv4,2,51,,,30,100,FM-Full_A-None_AdaBN-F
Lee2019_MI,EEGNetv4,3,1,,,30,100,FM-Full_A-None_AdaBN-F
Lee2019_MI,EEGNetv4,3,10,,,30,100,FM-Full_A-None_AdaBN-F
Lee2019_MI,EEGNetv4,3,12,,,30,100,FM-Full_A-None_AdaBN-F
Lee2019_MI,EEGNetv4,3,17,,,30,100,FM-Full_A-None_AdaBN-F
Lee2019_MI,EEGNetv4,3,26,,,30,100,FM-Full_A-None_AdaBN-F
Lee2019_MI,EEGNetv4,3,28,,,30,100,FM-Full_A-None_AdaBN-F
Lee2019_MI,EEGNetv4,3,31,,,30,100,FM-Full_A-None_AdaBN-F
Lee2019_MI,EEGNetv4,3,32,,,30,100,FM-Full_A-None_AdaBN-F
Lee2019_MI,EEGNetv4,3,37,,,30,100,FM-Full_A-None_AdaBN-F
Lee2019_MI,EEGNetv4,3,41,,,30,100,FM-Full_A-None_AdaBN-F
Lee2019_MI,EEGNetv4,3,48,,,30,100,FM-Full_A-None_AdaBN-F
Lee2019_MI,EEGNetv4,4,2,,,30,100,FM-Full_A-None_AdaBN-F
Lee2019_MI,EEGNetv4,4,3,,,30,100,FM-Full_A-None_AdaBN-F
Lee2019_MI,EEGNetv4,4,11,,,30,100,FM-Full_A-None_AdaBN-F
Lee2019_MI,EEGNetv4,4,22,,,30,100,FM-Full_A-None_AdaBN-F
Lee2019_MI,EEGNetv4,4,24,,,30,100,FM-Full_A-None_AdaBN-F
Lee2019_MI,EEGNetv4,4,30,,,30,100,FM-Full_A-None_AdaBN-F
Lee2019_MI,EEGNetv4,4,36,,,30,100,FM-Full_A-None_AdaBN-F
Lee2019_MI,EEGNetv4,4,40,,,30,100,FM-Full_A-None_AdaBN-F
Lee2019_MI,EEGNetv4,4,42,,,30,100,FM-Full_A-None_AdaBN-F
Lee2019_MI,EEGNetv4,4,44,,,30,100,FM-Full_A-None_AdaBN-F
Lee2019_MI,EEGNetv4,4,47,,,30,100,FM-Full_A-None_AdaBN-F
Lee2019_MI,EEGNetv4,5,8,,,30,100,FM-Full_A-None_AdaBN-F
Lee2019_MI,EEGNetv4,5,15,,,30,100,FM-Full_A-None_AdaBN-F
Lee2019_MI,EEGNetv4,5,19,,,30,100,FM-Full_A-None_AdaBN-F
Lee2019_MI,EEGNetv4,5,21,,,30,100,FM-Full_A-None_AdaBN-F
Lee2019_MI,EEGNetv4,5,23,,,30,100,FM-Full_A-None_AdaBN-F
Lee2019_MI,EEGNetv4,5,29,,,30,100,FM-Full_A-None_AdaBN-F
Lee2019_MI,EEGNetv4,5,39,,,30,100,FM-Full_A-None_AdaBN-F
Lee2019_MI,EEGNetv4,5,43,,,30,100,FM-Full_A-None_AdaBN-F
Lee2019_MI,EEGNetv4,5,52,,,30,100,FM-Full_A-None_AdaBN-F
Lee2019_MI,EEGNetv4,5,54,,,30,100,FM-Full_A-None_AdaBN-F
Lee2019_SSVEP,EEGNetv4,1,4,0.995,0.995,20,200,FM-Full_A-None_AdaBN-F
Lee2019_SSVEP,EEGNetv4,1,6,0.99,1.0,20,200,FM-Full_A-None_AdaBN-F
Lee2019_SSVEP,EEGNetv4,1,13,0.98,0.99,20,200,FM-Full_A-None_AdaBN-F
Lee2019_SSVEP,EEGNetv4,1,14,0.905,0.95,20,200,FM-Full_A-None_AdaBN-F
Lee2019_SSVEP,EEGNetv4,1,18,0.995,0.995,20,200,FM-Full_A-None_AdaBN-F
Lee2019_SSVEP,EEGNetv4,1,20,0.965,0.98,20,200,FM-Full_A-None_AdaBN-F
Lee2019_SSVEP,EEGNetv4,1,33,1.0,1.0,20,200,FM-Full_A-None_AdaBN-F
Lee2019_SSVEP,EEGNetv4,1,45,0.965,0.96,20,200,FM-Full_A-None_AdaBN-F
Lee2019_SSVEP,EEGNetv4,1,49,0.94,0.99,20,200,FM-Full_A-None_AdaBN-F
Lee2019_SSVEP,EEGNetv4,1,50,0.995,1.0,20,200,FM-Full_A-None_AdaBN-F
Lee2019_SSVEP,EEGNetv4,1,53,1.0,1.0,20,200,FM-Full_A-None_AdaBN-F
Lee2019_SSVEP,EEGNetv4,2,5,0.795,0.84,20,200,FM-Full_A-None_AdaBN-F
Lee2019_SSVEP,EEGNetv4,2,7,0.98,0.99,20,200,FM-Full_A-None_AdaBN-F
Lee2019_SSVEP,EEGNetv4,2,9,0.97,0.975,20,200,FM-Full_A-None_AdaBN-F
Lee2019_SSVEP,EEGNetv4,2,16,0.995,0.995,20,200,FM-Full_A-None_AdaBN-F
Lee2019_SSVEP,EEGNetv4,2,25,0.965,0.965,20,200,FM-Full_A-None_AdaBN-F
Lee2019_SSVEP,EEGNetv4,2,27,1.0,1.0,20,200,FM-Full_A-None_AdaBN-F
Lee2019_SSVEP,EEGNetv4,2,34,0.815,0.88,20,200,FM-Full_A-None_AdaBN-F
Lee2019_SSVEP,EEGNetv4,2,35,0.965,0.995,20,200,FM-Full_A-None_AdaBN-F
Lee2019_SSVEP,EEGNetv4,2,38,0.99,0.99,20,200,FM-Full_A-None_AdaBN-F
Lee2019_SSVEP,EEGNetv4,2,46,0.99,0.995,20,200,FM-Full_A-None_AdaBN-F
Lee2019_SSVEP,EEGNetv4,2,51,0.81,0.825,20,200,FM-Full_A-None_AdaBN-F
Lee2019_SSVEP,EEGNetv4,3,1,0.945,0.94,20,200,FM-Full_A-None_AdaBN-F
Lee2019_SSVEP,EEGNetv4,3,10,0.98,0.985,20,200,FM-Full_A-None_AdaBN-F
Lee2019_SSVEP,EEGNetv4,3,12,0.975,0.965,20,200,FM-Full_A-None_AdaBN-F
Lee2019_SSVEP,EEGNetv4,3,17,0.925,0.96,20,200,FM-Full_A-None_AdaBN-F
Lee2019_SSVEP,EEGNetv4,3,26,0.98,0.995,20,200,FM-Full_A-None_AdaBN-F
Lee2019_SSVEP,EEGNetv4,3,28,0.97,0.98,20,200,FM-Full_A-None_AdaBN-F
Lee2019_SSVEP,EEGNetv4,3,31,0.985,0.995,20,200,FM-Full_A-None_AdaBN-F
Lee2019_SSVEP,EEGNetv4,3,32,0.695,0.86,20,200,FM-Full_A-None_AdaBN-F
Lee2019_SSVEP,EEGNetv4,3,37,0.99,0.99,20,200,FM-Full_A-None_AdaBN-F
Lee2019_SSVEP,EEGNetv4,3,41,0.97,0.99,20,200,FM-Full_A-None_AdaBN-F
Lee2019_SSVEP,EEGNetv4,3,48,0.995,0.995,20,200,FM-Full_A-None_AdaBN-F
Lee2019_SSVEP,EEGNetv4,4,2,0.995,0.99,20,200,FM-Full_A-None_AdaBN-F
Lee2019_SSVEP,EEGNetv4,4,3,0.945,0.95,20,200,FM-Full_A-None_AdaBN-F
Lee2019_SSVEP,EEGNetv4,4,11,1.0,1.0,20,200,FM-Full_A-None_AdaBN-F
Lee2019_SSVEP,EEGNetv4,4,22,0.885,0.905,20,200,FM-Full_A-None_AdaBN-F
Lee2019_SSVEP,EEGNetv4,4,24,0.97,0.985,20,200,FM-Full_A-None_AdaBN-F
Lee2019_SSVEP,EEGNetv4,4,30,0.945,0.97,20,200,FM-Full_A-None_AdaBN-F
Lee2019_SSVEP,EEGNetv4,4,36,1.0,1.0,20,200,FM-Full_A-None_AdaBN-F
Lee2019_SSVEP,EEGNetv4,4,40,0.955,0.95,20,200,FM-Full_A-None_AdaBN-F
Lee2019_SSVEP,EEGNetv4,4,42,0.795,0.8,20,200,FM-Full_A-None_AdaBN-F
Lee2019_SSVEP,EEGNetv4,4,44,0.995,0.995,20,200,FM-Full_A-None_AdaBN-F
Lee2019_SSVEP,EEGNetv4,4,47,0.63,0.59,20,200,FM-Full_A-None_AdaBN-F
Lee2019_SSVEP,EEGNetv4,5,8,0.915,0.95,20,200,FM-Full_A-None_AdaBN-F
Lee2019_SSVEP,EEGNetv4,5,15,0.89,0.99,20,200,FM-Full_A-None_AdaBN-F
Lee2019_SSVEP,EEGNetv4,5,19,0.99,0.985,20,200,FM-Full_A-None_AdaBN-F
Lee2019_SSVEP,EEGNetv4,5,21,0.82,0.95,20,200,FM-Full_A-None_AdaBN-F
Lee2019_SSVEP,EEGNetv4,5,23,0.315,0.535,20,200,FM-Full_A-None_AdaBN-F
Lee2019_SSVEP,EEGNetv4,5,29,0.915,0.975,20,200,FM-Full_A-None_AdaBN-F
Lee2019_SSVEP,EEGNetv4,5,39,0.995,1.0,20,200,FM-Full_A-None_AdaBN-F
Lee2019_SSVEP,EEGNetv4,5,43,1.0,1.0,20,200,FM-Full_A-None_AdaBN-F
Lee2019_SSVEP,EEGNetv4,5,52,0.92,0.955,20,200,FM-Full_A-None_AdaBN-F
Lee2019_SSVEP,EEGNetv4,5,54,0.68,0.855,20,200,FM-Full_A-None_AdaBN-F
Lee2019_SSVEP,EEGNetv4,1,4,,,20,200,FM-Full_A-None_AdaBN-F
Lee2019_SSVEP,EEGNetv4,1,6,,,20,200,FM-Full_A-None_AdaBN-F
Lee2019_SSVEP,EEGNetv4,1,13,,,20,200,FM-Full_A-None_AdaBN-F
Lee2019_SSVEP,EEGNetv4,1,14,,,20,200,FM-Full_A-None_AdaBN-F
Lee2019_SSVEP,EEGNetv4,1,18,,,20,200,FM-Full_A-None_AdaBN-F
Lee2019_SSVEP,EEGNetv4,1,20,,,20,200,FM-Full_A-None_AdaBN-F
Lee2019_SSVEP,EEGNetv4,1,33,,,20,200,FM-Full_A-None_AdaBN-F
Lee2019_SSVEP,EEGNetv4,1,45,,,20,200,FM-Full_A-None_AdaBN-F
Lee2019_SSVEP,EEGNetv4,1,49,,,20,200,FM-Full_A-None_AdaBN-F
Lee2019_SSVEP,EEGNetv4,1,50,,,20,200,FM-Full_A-None_AdaBN-F
Lee2019_SSVEP,EEGNetv4,1,53,,,20,200,FM-Full_A-None_AdaBN-F
Lee2019_SSVEP,EEGNetv4,2,5,,,20,200,FM-Full_A-None_AdaBN-F
Lee2019_SSVEP,EEGNetv4,2,7,,,20,200,FM-Full_A-None_AdaBN-F
Lee2019_SSVEP,EEGNetv4,2,9,,,20,200,FM-Full_A-None_AdaBN-F
Lee2019_SSVEP,EEGNetv4,2,16,,,20,200,FM-Full_A-None_AdaBN-F
Lee2019_SSVEP,EEGNetv4,2,25,,,20,200,FM-Full_A-None_AdaBN-F
Lee2019_SSVEP,EEGNetv4,2,27,,,20,200,FM-Full_A-None_AdaBN-F
Lee2019_SSVEP,EEGNetv4,2,34,,,20,200,FM-Full_A-None_AdaBN-F
Lee2019_SSVEP,EEGNetv4,2,35,,,20,200,FM-Full_A-None_AdaBN-F
Lee2019_SSVEP,EEGNetv4,2,38,,,20,200,FM-Full_A-None_AdaBN-F
Lee2019_SSVEP,EEGNetv4,2,46,,,20,200,FM-Full_A-None_AdaBN-F
Lee2019_SSVEP,EEGNetv4,2,51,,,20,200,FM-Full_A-None_AdaBN-F
Lee2019_SSVEP,EEGNetv4,3,1,,,20,200,FM-Full_A-None_AdaBN-F
Lee2019_SSVEP,EEGNetv4,3,10,,,20,200,FM-Full_A-None_AdaBN-F
Lee2019_SSVEP,EEGNetv4,3,12,,,20,200,FM-Full_A-None_AdaBN-F
Lee2019_SSVEP,EEGNetv4,3,17,,,20,200,FM-Full_A-None_AdaBN-F
Lee2019_SSVEP,EEGNetv4,3,26,,,20,200,FM-Full_A-None_AdaBN-F
Lee2019_SSVEP,EEGNetv4,3,28,,,20,200,FM-Full_A-None_AdaBN-F
Lee2019_SSVEP,EEGNetv4,3,31,,,20,200,FM-Full_A-None_AdaBN-F
Lee2019_SSVEP,EEGNetv4,3,32,,,20,200,FM-Full_A-None_AdaBN-F
Lee2019_SSVEP,EEGNetv4,3,37,,,20,200,FM-Full_A-None_AdaBN-F
Lee2019_SSVEP,EEGNetv4,3,41,,,20,200,FM-Full_A-None_AdaBN-F
Lee2019_SSVEP,EEGNetv4,3,48,,,20,200,FM-Full_A-None_AdaBN-F
Lee2019_SSVEP,EEGNetv4,4,2,,,20,200,FM-Full_A-None_AdaBN-F
Lee2019_SSVEP,EEGNetv4,4,3,,,20,200,FM-Full_A-None_AdaBN-F
Lee2019_SSVEP,EEGNetv4,4,11,,,20,200,FM-Full_A-None_AdaBN-F
Lee2019_SSVEP,EEGNetv4,4,22,,,20,200,FM-Full_A-None_AdaBN-F
Lee2019_SSVEP,EEGNetv4,4,24,,,20,200,FM-Full_A-None_AdaBN-F
Lee2019_SSVEP,EEGNetv4,4,30,,,20,200,FM-Full_A-None_AdaBN-F
Lee2019_SSVEP,EEGNetv4,4,36,,,20,200,FM-Full_A-None_AdaBN-F
Lee2019_SSVEP,EEGNetv4,4,40,,,20,200,FM-Full_A-None_AdaBN-F
Lee2019_SSVEP,EEGNetv4,4,42,,,20,200,FM-Full_A-None_AdaBN-F
Lee2019_SSVEP,EEGNetv4,4,44,,,20,200,FM-Full_A-None_AdaBN-F
Lee2019_SSVEP,EEGNetv4,4,47,,,20,200,FM-Full_A-None_AdaBN-F
Lee2019_SSVEP,EEGNetv4,5,8,,,20,200,FM-Full_A-None_AdaBN-F
Lee2019_SSVEP,EEGNetv4,5,15,,,20,200,FM-Full_A-None_AdaBN-F
Lee2019_SSVEP,EEGNetv4,5,19,,,20,200,FM-Full_A-None_AdaBN-F
Lee2019_SSVEP,EEGNetv4,5,21,,,20,200,FM-Full_A-None_AdaBN-F
Lee2019_SSVEP,EEGNetv4,5,23,,,20,200,FM-Full_A-None_AdaBN-F
Lee2019_SSVEP,EEGNetv4,5,29,,,20,200,FM-Full_A-None_AdaBN-F
Lee2019_SSVEP,EEGNetv4,5,39,,,20,200,FM-Full_A-None_AdaBN-F
Lee2019_SSVEP,EEGNetv4,5,43,,,20,200,FM-Full_A-None_AdaBN-F
Lee2019_SSVEP,EEGNetv4,5,52,,,20,200,FM-Full_A-None_AdaBN-F
Lee2019_SSVEP,EEGNetv4,5,54,,,20,200,FM-Full_A-None_AdaBN-F
Huebner2018,EEGNetv4,1,1,0.9479655438055886,0.9748581833461728,6,14000,FM-Full_A-None_AdaBN-F
Huebner2018,EEGNetv4,1,10,0.8850140056022409,0.9390756302521008,6,14000,FM-Full_A-None_AdaBN-F
Huebner2018,EEGNetv4,1,11,0.8333098888732593,0.9177099451399634,6,14000,FM-Full_A-None_AdaBN-F
Huebner2018,EEGNetv4,2,3,0.9686974789915966,0.9826330532212884,6,14000,FM-Full_A-None_AdaBN-F
Huebner2018,EEGNetv4,2,6,0.8086834733893558,0.9803921568627452,6,14000,FM-Full_A-None_AdaBN-F
Huebner2018,EEGNetv4,2,9,0.7700119055956299,0.9517473212409832,6,14000,FM-Full_A-None_AdaBN-F
Huebner2018,EEGNetv4,3,2,0.9577731092436976,0.9850840336134454,6,14000,FM-Full_A-None_AdaBN-F
Huebner2018,EEGNetv4,3,12,0.8643557422969188,0.9352240896358543,6,14000,FM-Full_A-None_AdaBN-F
Huebner2018,EEGNetv4,4,5,0.8291298865069356,0.929662323104946,6,14000,FM-Full_A-None_AdaBN-F
Huebner2018,EEGNetv4,4,8,0.7976890756302522,0.9321428571428572,6,14000,FM-Full_A-None_AdaBN-F
Huebner2018,EEGNetv4,5,4,0.9278711484593838,0.9603641456582632,6,14000,FM-Full_A-None_AdaBN-F
Huebner2018,EEGNetv4,5,7,0.8963995516951527,0.939058559820678,6,14000,FM-Full_A-None_AdaBN-F
Huebner2018,EEGNetv4,1,1,,,6,14000,FM-Full_A-None_AdaBN-F
Huebner2018,EEGNetv4,1,10,,,6,14000,FM-Full_A-None_AdaBN-F
Huebner2018,EEGNetv4,1,11,,,6,14000,FM-Full_A-None_AdaBN-F
Huebner2018,EEGNetv4,2,3,,,6,14000,FM-Full_A-None_AdaBN-F
Huebner2018,EEGNetv4,2,6,,,6,14000,FM-Full_A-None_AdaBN-F
Huebner2018,EEGNetv4,2,9,,,6,14000,FM-Full_A-None_AdaBN-F
Huebner2018,EEGNetv4,3,2,,,6,14000,FM-Full_A-None_AdaBN-F
Huebner2018,EEGNetv4,3,12,,,6,14000,FM-Full_A-None_AdaBN-F
Huebner2018,EEGNetv4,4,5,,,6,14000,FM-Full_A-None_AdaBN-F
Huebner2018,EEGNetv4,4,8,,,6,14000,FM-Full_A-None_AdaBN-F
Huebner2018,EEGNetv4,5,4,,,6,14000,FM-Full_A-None_AdaBN-F
Huebner2018,EEGNetv4,5,7,,,6,14000,FM-Full_A-None_AdaBN-F
MAMEM2,ShallowConvNet,1,2,,,3,100,FM-Full_A-None_AdaBN-F
MAMEM2,ShallowConvNet,1,9,,,3,100,FM-Full_A-None_AdaBN-F
MAMEM2,ShallowConvNet,2,1,,,3,100,FM-Full_A-None_AdaBN-F
MAMEM2,ShallowConvNet,2,6,,,3,100,FM-Full_A-None_AdaBN-F
MAMEM2,ShallowConvNet,3,3,,,3,100,FM-Full_A-None_AdaBN-F
MAMEM2,ShallowConvNet,3,8,,,3,100,FM-Full_A-None_AdaBN-F
MAMEM2,ShallowConvNet,4,5,,,3,100,FM-Full_A-None_AdaBN-F
MAMEM2,ShallowConvNet,4,10,,,3,100,FM-Full_A-None_AdaBN-F
MAMEM2,ShallowConvNet,5,4,,,3,100,FM-Full_A-None_AdaBN-F
MAMEM2,ShallowConvNet,5,7,,,3,100,FM-Full_A-None_AdaBN-F
MAMEM2,ShallowConvNet,1,2,0.184,0.24,3,100,FM-Full_A-None_AdaBN-F
MAMEM2,ShallowConvNet,1,9,0.168,0.28,3,100,FM-Full_A-None_AdaBN-F
MAMEM2,ShallowConvNet,2,1,0.216,0.264,3,100,FM-Full_A-None_AdaBN-F
MAMEM2,ShallowConvNet,2,6,0.224,0.208,3,100,FM-Full_A-None_AdaBN-F
MAMEM2,ShallowConvNet,3,3,0.152,0.272,3,100,FM-Full_A-None_AdaBN-F
MAMEM2,ShallowConvNet,3,8,0.224,0.256,3,100,FM-Full_A-None_AdaBN-F
MAMEM2,ShallowConvNet,4,5,0.256,0.216,3,100,FM-Full_A-None_AdaBN-F
MAMEM2,ShallowConvNet,4,10,0.264,0.264,3,100,FM-Full_A-None_AdaBN-F
MAMEM2,ShallowConvNet,5,4,0.224,0.16,3,100,FM-Full_A-None_AdaBN-F
MAMEM2,ShallowConvNet,5,7,0.216,0.16,3,100,FM-Full_A-None_AdaBN-F
Yang2025,EEGNetv4,1,4,,,10,450,FM-Full_A-None_AdaBN-F
Yang2025,EEGNetv4,1,13,,,10,450,FM-Full_A-None_AdaBN-F
Yang2025,EEGNetv4,1,14,,,10,450,FM-Full_A-None_AdaBN-F
Yang2025,EEGNetv4,1,18,,,10,450,FM-Full_A-None_AdaBN-F
Yang2025,EEGNetv4,1,25,,,10,450,FM-Full_A-None_AdaBN-F
Yang2025,EEGNetv4,1,31,,,10,450,FM-Full_A-None_AdaBN-F
Yang2025,EEGNetv4,1,32,,,10,450,FM-Full_A-None_AdaBN-F
Yang2025,EEGNetv4,1,33,,,10,450,FM-Full_A-None_AdaBN-F
Yang2025,EEGNetv4,1,41,,,10,450,FM-Full_A-None_AdaBN-F
Yang2025,EEGNetv4,1,44,,,10,450,FM-Full_A-None_AdaBN-F
Yang2025,EEGNetv4,1,47,,,10,450,FM-Full_A-None_AdaBN-F
Yang2025,EEGNetv4,2,5,,,10,450,FM-Full_A-None_AdaBN-F
Yang2025,EEGNetv4,2,7,,,10,450,FM-Full_A-None_AdaBN-F
Yang2025,EEGNetv4,2,9,,,10,450,FM-Full_A-None_AdaBN-F
Yang2025,EEGNetv4,2,16,,,10,450,FM-Full_A-None_AdaBN-F
Yang2025,EEGNetv4,2,20,,,10,450,FM-Full_A-None_AdaBN-F
Yang2025,EEGNetv4,2,34,,,10,450,FM-Full_A-None_AdaBN-F
Yang2025,EEGNetv4,2,37,,,10,450,FM-Full_A-None_AdaBN-F
Yang2025,EEGNetv4,2,48,,,10,450,FM-Full_A-None_AdaBN-F
Yang2025,EEGNetv4,2,49,,,10,450,FM-Full_A-None_AdaBN-F
Yang2025,EEGNetv4,2,50,,,10,450,FM-Full_A-None_AdaBN-F
Yang2025,EEGNetv4,3,1,,,10,450,FM-Full_A-None_AdaBN-F
Yang2025,EEGNetv4,3,10,,,10,450,FM-Full_A-None_AdaBN-F
Yang2025,EEGNetv4,3,12,,,10,450,FM-Full_A-None_AdaBN-F
Yang2025,EEGNetv4,3,17,,,10,450,FM-Full_A-None_AdaBN-F
Yang2025,EEGNetv4,3,26,,,10,450,FM-Full_A-None_AdaBN-F
Yang2025,EEGNetv4,3,27,,,10,450,FM-Full_A-None_AdaBN-F
Yang2025,EEGNetv4,3,28,,,10,450,FM-Full_A-None_AdaBN-F
Yang2025,EEGNetv4,3,35,,,10,450,FM-Full_A-None_AdaBN-F
Yang2025,EEGNetv4,3,45,,,10,450,FM-Full_A-None_AdaBN-F
Yang2025,EEGNetv4,3,46,,,10,450,FM-Full_A-None_AdaBN-F
Yang2025,EEGNetv4,4,2,,,10,450,FM-Full_A-None_AdaBN-F
Yang2025,EEGNetv4,4,3,,,10,450,FM-Full_A-None_AdaBN-F
Yang2025,EEGNetv4,4,6,,,10,450,FM-Full_A-None_AdaBN-F
Yang2025,EEGNetv4,4,22,,,10,450,FM-Full_A-None_AdaBN-F
Yang2025,EEGNetv4,4,24,,,10,450,FM-Full_A-None_AdaBN-F
Yang2025,EEGNetv4,4,30,,,10,450,FM-Full_A-None_AdaBN-F
Yang2025,EEGNetv4,4,36,,,10,450,FM-Full_A-None_AdaBN-F
Yang2025,EEGNetv4,4,38,,,10,450,FM-Full_A-None_AdaBN-F
Yang2025,EEGNetv4,4,40,,,10,450,FM-Full_A-None_AdaBN-F
Yang2025,EEGNetv4,4,42,,,10,450,FM-Full_A-None_AdaBN-F
Yang2025,EEGNetv4,5,8,,,10,450,FM-Full_A-None_AdaBN-F
Yang2025,EEGNetv4,5,11,,,10,450,FM-Full_A-None_AdaBN-F
Yang2025,EEGNetv4,5,15,,,10,450,FM-Full_A-None_AdaBN-F
Yang2025,EEGNetv4,5,19,,,10,450,FM-Full_A-None_AdaBN-F
Yang2025,EEGNetv4,5,21,,,10,450,FM-Full_A-None_AdaBN-F
Yang2025,EEGNetv4,5,23,,,10,450,FM-Full_A-None_AdaBN-F
Yang2025,EEGNetv4,5,29,,,10,450,FM-Full_A-None_AdaBN-F
Yang2025,EEGNetv4,5,39,,,10,450,FM-Full_A-None_AdaBN-F
Yang2025,EEGNetv4,5,43,,,10,450,FM-Full_A-None_AdaBN-F
Yang2025,EEGNetv4,5,51,,,10,450,FM-Full_A-None_AdaBN-F
Yang2025,EEGNetv4,1,4,0.5866666666666667,0.5583333333333333,10,450,FM-Full_A-None_AdaBN-F
Yang2025,EEGNetv4,1,13,0.7483333333333333,0.7933333333333333,10,450,FM-Full_A-None_AdaBN-F
Yang2025,EEGNetv4,1,14,0.545,0.5583333333333333,10,450,FM-Full_A-None_AdaBN-F
Yang2025,EEGNetv4,1,18,0.6383333333333333,0.6483333333333333,10,450,FM-Full_A-None_AdaBN-F
Yang2025,EEGNetv4,1,25,0.8966666666666666,0.93,10,450,FM-Full_A-None_AdaBN-F
Yang2025,EEGNetv4,1,31,0.705,0.785,10,450,FM-Full_A-None_AdaBN-F
Yang2025,EEGNetv4,1,32,0.5258764607679466,0.5876460767946577,10,450,FM-Full_A-None_AdaBN-F
Yang2025,EEGNetv4,1,33,0.9133333333333332,0.9416666666666668,10,450,FM-Full_A-None_AdaBN-F
Yang2025,EEGNetv4,1,41,0.85,0.88,10,450,FM-Full_A-None_AdaBN-F
Yang2025,EEGNetv4,1,44,0.7216666666666667,0.7283333333333334,10,450,FM-Full_A-None_AdaBN-F
Yang2025,EEGNetv4,1,47,0.875,0.9183333333333332,10,450,FM-Full_A-None_AdaBN-F
Yang2025,EEGNetv4,2,5,0.7316666666666667,0.8716666666666667,10,450,FM-Full_A-None_AdaBN-F
Yang2025,EEGNetv4,2,7,0.6066666666666667,0.7666666666666667,10,450,FM-Full_A-None_AdaBN-F
Yang2025,EEGNetv4,2,9,0.5616666666666666,0.6883333333333334,10,450,FM-Full_A-None_AdaBN-F
Yang2025,EEGNetv4,2,16,0.5083333333333333,0.5983333333333334,10,450,FM-Full_A-None_AdaBN-F
Yang2025,EEGNetv4,2,20,0.5466666666666666,0.88,10,450,FM-Full_A-None_AdaBN-F
Yang2025,EEGNetv4,2,34,0.5566666666666666,0.7566666666666667,10,450,FM-Full_A-None_AdaBN-F
Yang2025,EEGNetv4,2,37,0.6816666666666666,0.8883333333333333,10,450,FM-Full_A-None_AdaBN-F
Yang2025,EEGNetv4,2,48,0.7183333333333334,0.8616666666666667,10,450,FM-Full_A-None_AdaBN-F
Yang2025,EEGNetv4,2,49,0.7216666666666667,0.925,10,450,FM-Full_A-None_AdaBN-F
Yang2025,EEGNetv4,2,50,0.7016666666666667,0.91,10,450,FM-Full_A-None_AdaBN-F
Yang2025,EEGNetv4,3,1,0.91,0.95,10,450,FM-Full_A-None_AdaBN-F
Yang2025,EEGNetv4,3,10,0.7866666666666666,0.8566666666666667,10,450,FM-Full_A-None_AdaBN-F
Yang2025,EEGNetv4,3,12,0.585,0.5783333333333334,10,450,FM-Full_A-None_AdaBN-F
Yang2025,EEGNetv4,3,17,0.755,0.8,10,450,FM-Full_A-None_AdaBN-F
Yang2025,EEGNetv4,3,26,0.7846410684474123,0.9048414023372288,10,450,FM-Full_A-None_AdaBN-F
Yang2025,EEGNetv4,3,27,0.5816666666666667,0.6916666666666667,10,450,FM-Full_A-None_AdaBN-F
Yang2025,EEGNetv4,3,28,0.7883333333333333,0.8533333333333334,10,450,FM-Full_A-None_AdaBN-F
Yang2025,EEGNetv4,3,35,0.9283333333333332,0.9633333333333334,10,450,FM-Full_A-None_AdaBN-F
Yang2025,EEGNetv4,3,45,0.8333333333333334,0.8733333333333333,10,450,FM-Full_A-None_AdaBN-F
Yang2025,EEGNetv4,3,46,0.9183333333333332,0.9916666666666668,10,450,FM-Full_A-None_AdaBN-F
Yang2025,EEGNetv4,4,2,0.6933333333333334,0.655,10,450,FM-Full_A-None_AdaBN-F
Yang2025,EEGNetv4,4,3,0.9416666666666668,0.9316666666666666,10,450,FM-Full_A-None_AdaBN-F
Yang2025,EEGNetv4,4,6,0.9316666666666666,0.96,10,450,FM-Full_A-None_AdaBN-F
Yang2025,EEGNetv4,4,22,0.79,0.84,10,450,FM-Full_A-None_AdaBN-F
Yang2025,EEGNetv4,4,24,0.930976430976431,0.9730639730639732,10,450,FM-Full_A-None_AdaBN-F
Yang2025,EEGNetv4,4,30,0.86,0.79,10,450,FM-Full_A-None_AdaBN-F
Yang2025,EEGNetv4,4,36,0.905,0.9316666666666666,10,450,FM-Full_A-None_AdaBN-F
Yang2025,EEGNetv4,4,38,0.5716666666666667,0.6416666666666667,10,450,FM-Full_A-None_AdaBN-F
Yang2025,EEGNetv4,4,40,0.8066666666666666,0.8516666666666667,10,450,FM-Full_A-None_AdaBN-F
Yang2025,EEGNetv4,4,42,0.8033333333333333,0.7983333333333333,10,450,FM-Full_A-None_AdaBN-F
Yang2025,EEGNetv4,5,8,0.8683333333333333,0.9116666666666666,10,450,FM-Full_A-None_AdaBN-F
Yang2025,EEGNetv4,5,11,0.815,0.8833333333333333,10,450,FM-Full_A-None_AdaBN-F
Yang2025,EEGNetv4,5,15,0.7416666666666667,0.765,10,450,FM-Full_A-None_AdaBN-F
Yang2025,EEGNetv4,5,19,0.805,0.825,10,450,FM-Full_A-None_AdaBN-F
Yang2025,EEGNetv4,5,21,0.8133333333333334,0.87,10,450,FM-Full_A-None_AdaBN-F
Yang2025,EEGNetv4,5,23,0.8848080133555927,0.9432387312186978,10,450,FM-Full_A-None_AdaBN-F
Yang2025,EEGNetv4,5,29,0.6433333333333333,0.8033333333333333,10,450,FM-Full_A-None_AdaBN-F
Yang2025,EEGNetv4,5,39,0.7133333333333334,0.7516666666666667,10,450,FM-Full_A-None_AdaBN-F
Yang2025,EEGNetv4,5,43,0.9783333333333334,0.99,10,450,FM-Full_A-None_AdaBN-F
Yang2025,EEGNetv4,5,51,0.8166666666666667,0.89,10,450,FM-Full_A-None_AdaBN-F
Huebner2018,ShallowConvNet,2,3,0.9514005602240896,0.9793417366946778,8,10500,FM-Full_A-None_AdaBN-F
Huebner2018,ShallowConvNet,2,6,0.8832633053221288,0.9734593837535014,8,10500,FM-Full_A-None_AdaBN-F
Huebner2018,ShallowConvNet,2,9,0.7967644793052735,0.9442537992856642,8,10500,FM-Full_A-None_AdaBN-F
Huebner2018,ShallowConvNet,3,2,0.9724089635854342,0.9833333333333332,8,10500,FM-Full_A-None_AdaBN-F
Huebner2018,ShallowConvNet,3,12,0.7317927170868347,0.9280812324929972,8,10500,FM-Full_A-None_AdaBN-F
Huebner2018,ShallowConvNet,4,5,0.8497267759562842,0.9258091635140816,8,10500,FM-Full_A-None_AdaBN-F
Huebner2018,ShallowConvNet,4,8,0.7963585434173669,0.924719887955182,8,10500,FM-Full_A-None_AdaBN-F
Huebner2018,ShallowConvNet,5,4,0.9341036414565826,0.9572128851540616,8,10500,FM-Full_A-None_AdaBN-F
Huebner2018,ShallowConvNet,5,7,0.8866629307929392,0.933454749229476,8,10500,FM-Full_A-None_AdaBN-F
BNCI2014_001,DeepConvNet,1,2,0.2690972222222222,0.3854166666666667,3,500,FM-Full_A-None_AdaBN-F
BNCI2014_001,DeepConvNet,1,8,0.5972222222222222,0.6336805555555556,3,500,FM-Full_A-None_AdaBN-F
BNCI2014_001,DeepConvNet,2,1,0.4427083333333333,0.4635416666666667,3,500,FM-Full_A-None_AdaBN-F
BNCI2014_001,DeepConvNet,2,6,0.4114583333333333,0.4114583333333333,3,500,FM-Full_A-None_AdaBN-F
BNCI2014_001,DeepConvNet,3,3,0.7170138888888888,0.6145833333333334,3,500,FM-Full_A-None_AdaBN-F
BNCI2014_001,DeepConvNet,3,9,0.3506944444444444,0.5815972222222222,3,500,FM-Full_A-None_AdaBN-F
BNCI2014_001,DeepConvNet,4,4,0.4427083333333333,0.5052083333333334,3,500,FM-Full_A-None_AdaBN-F
BNCI2014_001,DeepConvNet,4,5,0.3142361111111111,0.4670138888888889,3,500,FM-Full_A-None_AdaBN-F
BNCI2014_001,DeepConvNet,5,7,0.2690972222222222,0.3368055555555556,3,500,FM-Full_A-None_AdaBN-F
BI2015a,EEGNetv4,1,5,,,15,1000,FM-Full_A-None_AdaBN-F
BI2015a,EEGNetv4,1,9,,,15,1000,FM-Full_A-None_AdaBN-F
BI2015a,EEGNetv4,1,13,,,15,1000,FM-Full_A-None_AdaBN-F
BI2015a,EEGNetv4,1,25,,,15,1000,FM-Full_A-None_AdaBN-F
BI2015a,EEGNetv4,1,26,,,15,1000,FM-Full_A-None_AdaBN-F
BI2015a,EEGNetv4,1,35,,,15,1000,FM-Full_A-None_AdaBN-F
BI2015a,EEGNetv4,1,37,,,15,1000,FM-Full_A-None_AdaBN-F
BI2015a,EEGNetv4,1,38,,,15,1000,FM-Full_A-None_AdaBN-F
BI2015a,EEGNetv4,1,40,,,15,1000,FM-Full_A-None_AdaBN-F
BI2015a,EEGNetv4,2,4,,,15,1000,FM-Full_A-None_AdaBN-F
BI2015a,EEGNetv4,2,7,,,15,1000,FM-Full_A-None_AdaBN-F
BI2015a,EEGNetv4,2,14,,,15,1000,FM-Full_A-None_AdaBN-F
BI2015a,EEGNetv4,2,16,,,15,1000,FM-Full_A-None_AdaBN-F
BI2015a,EEGNetv4,2,18,,,15,1000,FM-Full_A-None_AdaBN-F
BI2015a,EEGNetv4,2,20,,,15,1000,FM-Full_A-None_AdaBN-F
BI2015a,EEGNetv4,2,28,,,15,1000,FM-Full_A-None_AdaBN-F
BI2015a,EEGNetv4,2,32,,,15,1000,FM-Full_A-None_AdaBN-F
BI2015a,EEGNetv4,2,41,,,15,1000,FM-Full_A-None_AdaBN-F
BI2015a,EEGNetv4,3,1,,,15,1000,FM-Full_A-None_AdaBN-F
BI2015a,EEGNetv4,3,6,,,15,1000,FM-Full_A-None_AdaBN-F
BI2015a,EEGNetv4,3,10,,,15,1000,FM-Full_A-None_AdaBN-F
BI2015a,EEGNetv4,3,12,,,15,1000,FM-Full_A-None_AdaBN-F
BI2015a,EEGNetv4,3,17,,,15,1000,FM-Full_A-None_AdaBN-F
BI2015a,EEGNetv4,3,27,,,15,1000,FM-Full_A-None_AdaBN-F
BI2015a,EEGNetv4,3,30,,,15,1000,FM-Full_A-None_AdaBN-F
BI2015a,EEGNetv4,3,31,,,15,1000,FM-Full_A-None_AdaBN-F
BI2015a,EEGNetv4,3,42,,,15,1000,FM-Full_A-None_AdaBN-F
BI2015a,EEGNetv4,4,2,,,15,1000,FM-Full_A-None_AdaBN-F
BI2015a,EEGNetv4,4,3,,,15,1000,FM-Full_A-None_AdaBN-F
BI2015a,EEGNetv4,4,22,,,15,1000,FM-Full_A-None_AdaBN-F
BI2015a,EEGNetv4,4,24,,,15,1000,FM-Full_A-None_AdaBN-F
BI2015a,EEGNetv4,4,33,,,15,1000,FM-Full_A-None_AdaBN-F
BI2015a,EEGNetv4,4,34,,,15,1000,FM-Full_A-None_AdaBN-F
BI2015a,EEGNetv4,4,36,,,15,1000,FM-Full_A-None_AdaBN-F
BI2015a,EEGNetv4,4,43,,,15,1000,FM-Full_A-None_AdaBN-F
BI2015a,EEGNetv4,5,8,,,15,1000,FM-Full_A-None_AdaBN-F
BI2015a,EEGNetv4,5,11,,,15,1000,FM-Full_A-None_AdaBN-F
BI2015a,EEGNetv4,5,15,,,15,1000,FM-Full_A-None_AdaBN-F
BI2015a,EEGNetv4,5,19,,,15,1000,FM-Full_A-None_AdaBN-F
BI2015a,EEGNetv4,5,21,,,15,1000,FM-Full_A-None_AdaBN-F
BI2015a,EEGNetv4,5,23,,,15,1000,FM-Full_A-None_AdaBN-F
BI2015a,EEGNetv4,5,29,,,15,1000,FM-Full_A-None_AdaBN-F
BI2015a,EEGNetv4,5,39,,,15,1000,FM-Full_A-None_AdaBN-F
BI2015a,EEGNetv4,1,5,0.8922558922558923,0.9234006734006734,15,1000,FM-Full_A-None_AdaBN-F
BI2015a,EEGNetv4,1,9,0.8596096096096096,0.90990990990991,15,1000,FM-Full_A-None_AdaBN-F
BI2015a,EEGNetv4,1,13,0.8910818713450293,0.9407894736842104,15,1000,FM-Full_A-None_AdaBN-F
BI2015a,EEGNetv4,1,25,0.8366858237547893,0.8706896551724138,15,1000,FM-Full_A-None_AdaBN-F
BI2015a,EEGNetv4,1,26,0.9202508960573476,0.9408602150537636,15,1000,FM-Full_A-None_AdaBN-F
BI2015a,EEGNetv4,1,35,0.8341384863123994,0.8317230273752013,15,1000,FM-Full_A-None_AdaBN-F
BI2015a,EEGNetv4,1,37,0.832936507936508,0.8634920634920635,15,1000,FM-Full_A-None_AdaBN-F
BI2015a,EEGNetv4,1,38,0.8731231231231231,0.9196696696696696,15,1000,FM-Full_A-None_AdaBN-F
BI2015a,EEGNetv4,1,40,0.845679012345679,0.904320987654321,15,1000,FM-Full_A-None_AdaBN-F
BI2015a,EEGNetv4,2,4,0.8513888888888889,0.9340277777777778,15,1000,FM-Full_A-None_AdaBN-F
BI2015a,EEGNetv4,2,7,0.8333333333333334,0.9240196078431372,15,1000,FM-Full_A-None_AdaBN-F
BI2015a,EEGNetv4,2,14,0.8005698005698005,0.8682336182336182,15,1000,FM-Full_A-None_AdaBN-F
BI2015a,EEGNetv4,2,16,0.8420634920634921,0.9230158730158732,15,1000,FM-Full_A-None_AdaBN-F
BI2015a,EEGNetv4,2,18,0.8345679012345679,0.8796296296296297,15,1000,FM-Full_A-None_AdaBN-F
BI2015a,EEGNetv4,2,20,0.841358024691358,0.9080246913580248,15,1000,FM-Full_A-None_AdaBN-F
BI2015a,EEGNetv4,2,28,0.8377777777777777,0.8738888888888889,15,1000,FM-Full_A-None_AdaBN-F
BI2015a,EEGNetv4,2,32,0.8620071684587813,0.9077060931899642,15,1000,FM-Full_A-None_AdaBN-F
BI2015a,EEGNetv4,2,41,0.825925925925926,0.8969135802469136,15,1000,FM-Full_A-None_AdaBN-F
BI2015a,EEGNetv4,3,1,0.8333333333333334,0.8428167877320419,15,1000,FM-Full_A-None_AdaBN-F
BI2015a,EEGNetv4,3,6,0.803030303030303,0.9109848484848484,15,1000,FM-Full_A-None_AdaBN-F
BI2015a,EEGNetv4,3,10,0.8987455197132617,0.9327956989247312,15,1000,FM-Full_A-None_AdaBN-F
BI2015a,EEGNetv4,3,12,0.8355734767025089,0.8620071684587813,15,1000,FM-Full_A-None_AdaBN-F
BI2015a,EEGNetv4,3,17,0.8654320987654321,0.8870370370370371,15,1000,FM-Full_A-None_AdaBN-F
BI2015a,EEGNetv4,3,27,0.8234880450070323,0.8502109704641351,15,1000,FM-Full_A-None_AdaBN-F
BI2015a,EEGNetv4,3,30,0.9053497942386832,0.8765432098765432,15,1000,FM-Full_A-None_AdaBN-F
BI2015a,EEGNetv4,3,31,0.8125925925925926,0.845925925925926,15,1000,FM-Full_A-None_AdaBN-F
BI2015a,EEGNetv4,3,42,0.8499025341130604,0.844541910331384,15,1000,FM-Full_A-None_AdaBN-F
BI2015a,EEGNetv4,4,2,0.8743386243386243,0.9186507936507936,15,1000,FM-Full_A-None_AdaBN-F
BI2015a,EEGNetv4,4,3,0.882183908045977,0.9444444444444444,15,1000,FM-Full_A-None_AdaBN-F
BI2015a,EEGNetv4,4,22,0.875,0.8996212121212122,15,1000,FM-Full_A-None_AdaBN-F
BI2015a,EEGNetv4,4,24,0.9236111111111112,0.9328703703703703,15,1000,FM-Full_A-None_AdaBN-F
BI2015a,EEGNetv4,4,33,0.9014550264550264,0.921957671957672,15,1000,FM-Full_A-None_AdaBN-F
BI2015a,EEGNetv4,4,34,0.8785714285714286,0.9063492063492063,15,1000,FM-Full_A-None_AdaBN-F
BI2015a,EEGNetv4,4,36,0.8715277777777778,0.9284722222222224,15,1000,FM-Full_A-None_AdaBN-F
BI2015a,EEGNetv4,4,43,0.9262452107279694,0.9511494252873564,15,1000,FM-Full_A-None_AdaBN-F
BI2015a,EEGNetv4,5,8,0.8743386243386243,0.91005291005291,15,1000,FM-Full_A-None_AdaBN-F
BI2015a,EEGNetv4,5,11,0.8354166666666667,0.8847222222222222,15,1000,FM-Full_A-None_AdaBN-F
BI2015a,EEGNetv4,5,15,0.8753968253968254,0.9031746031746032,15,1000,FM-Full_A-None_AdaBN-F
BI2015a,EEGNetv4,5,19,0.8661111111111112,0.8755555555555555,15,1000,FM-Full_A-None_AdaBN-F
BI2015a,EEGNetv4,5,21,0.9230158730158732,0.9373015873015872,15,1000,FM-Full_A-None_AdaBN-F
BI2015a,EEGNetv4,5,23,0.8713450292397661,0.8859649122807017,15,1000,FM-Full_A-None_AdaBN-F
BI2015a,EEGNetv4,5,29,0.8474945533769063,0.8752723311546841,15,1000,FM-Full_A-None_AdaBN-F
BI2015a,EEGNetv4,5,39,0.8435374149659864,0.8798185941043084,15,1000,FM-Full_A-None_AdaBN-F
Kalunga2016,ShallowConvNet,1,1,,,12,42,FM-Full_A-None_AdaBN-F
Kalunga2016,ShallowConvNet,1,10,,,12,42,FM-Full_A-None_AdaBN-F
Kalunga2016,ShallowConvNet,1,11,,,12,42,FM-Full_A-None_AdaBN-F
Kalunga2016,ShallowConvNet,2,3,,,12,42,FM-Full_A-None_AdaBN-F
Kalunga2016,ShallowConvNet,2,6,,,12,42,FM-Full_A-None_AdaBN-F
Kalunga2016,ShallowConvNet,2,9,,,12,42,FM-Full_A-None_AdaBN-F
Kalunga2016,ShallowConvNet,3,2,,,12,42,FM-Full_A-None_AdaBN-F
Kalunga2016,ShallowConvNet,3,12,,,12,42,FM-Full_A-None_AdaBN-F
Kalunga2016,ShallowConvNet,4,5,,,12,42,FM-Full_A-None_AdaBN-F
Kalunga2016,ShallowConvNet,4,8,,,12,42,FM-Full_A-None_AdaBN-F
Kalunga2016,ShallowConvNet,5,4,,,12,42,FM-Full_A-None_AdaBN-F
Kalunga2016,ShallowConvNet,5,7,,,12,42,FM-Full_A-None_AdaBN-F
Kalunga2016,ShallowConvNet,1,1,0.34375,0.328125,12,42,FM-Full_A-None_AdaBN-F
Kalunga2016,ShallowConvNet,1,10,0.2578125,0.4375,12,42,FM-Full_A-None_AdaBN-F
Kalunga2016,ShallowConvNet,1,11,0.3125,0.34375,12,42,FM-Full_A-None_AdaBN-F
Kalunga2016,ShallowConvNet,2,3,0.734375,0.75,12,42,FM-Full_A-None_AdaBN-F
Kalunga2016,ShallowConvNet,2,6,0.515625,0.53125,12,42,FM-Full_A-None_AdaBN-F
Kalunga2016,ShallowConvNet,2,9,0.359375,0.40625,12,42,FM-Full_A-None_AdaBN-F
Kalunga2016,ShallowConvNet,3,2,0.34375,0.453125,12,42,FM-Full_A-None_AdaBN-F
Kalunga2016,ShallowConvNet,3,12,0.35,0.6,12,42,FM-Full_A-None_AdaBN-F
Kalunga2016,ShallowConvNet,4,5,0.265625,0.375,12,42,FM-Full_A-None_AdaBN-F
Kalunga2016,ShallowConvNet,4,8,0.265625,0.390625,12,42,FM-Full_A-None_AdaBN-F
Kalunga2016,ShallowConvNet,5,4,0.453125,0.46875,12,42,FM-Full_A-None_AdaBN-F
Kalunga2016,ShallowConvNet,5,7,0.4791666666666667,0.59375,12,42,FM-Full_A-None_AdaBN-F
Lee2019_MI,ATCNet,1,4,0.785,0.78,50,120,FM-Full_A-None_AdaBN-F
Lee2019_MI,ATCNet,1,6,0.765,0.865,50,120,FM-Full_A-None_AdaBN-F
Lee2019_MI,ATCNet,1,13,0.605,0.595,50,120,FM-Full_A-None_AdaBN-F
Lee2019_MI,ATCNet,1,14,0.615,0.675,50,120,FM-Full_A-None_AdaBN-F
Lee2019_MI,ATCNet,1,18,0.8,0.865,50,120,FM-Full_A-None_AdaBN-F
Lee2019_MI,ATCNet,1,20,0.79,0.795,50,120,FM-Full_A-None_AdaBN-F
Lee2019_MI,ATCNet,1,33,0.965,0.98,50,120,FM-Full_A-None_AdaBN-F
Lee2019_MI,ATCNet,1,45,0.81,0.815,50,120,FM-Full_A-None_AdaBN-F
Lee2019_MI,ATCNet,1,49,0.705,0.77,50,120,FM-Full_A-None_AdaBN-F
Lee2019_MI,ATCNet,1,50,0.49,0.61,50,120,FM-Full_A-None_AdaBN-F
Lee2019_MI,ATCNet,1,53,0.685,0.705,50,120,FM-Full_A-None_AdaBN-F
Lee2019_MI,ATCNet,2,5,0.745,0.865,50,120,FM-Full_A-None_AdaBN-F
Lee2019_MI,ATCNet,2,7,0.635,0.675,50,120,FM-Full_A-None_AdaBN-F
Lee2019_MI,ATCNet,2,9,0.825,0.77,50,120,FM-Full_A-None_AdaBN-F
Lee2019_MI,ATCNet,2,16,0.785,0.81,50,120,FM-Full_A-None_AdaBN-F
Lee2019_MI,ATCNet,2,25,0.82,0.885,50,120,FM-Full_A-None_AdaBN-F
Lee2019_MI,ATCNet,2,27,0.7,0.76,50,120,FM-Full_A-None_AdaBN-F
Lee2019_MI,ATCNet,2,34,0.495,0.55,50,120,FM-Full_A-None_AdaBN-F
Lee2019_MI,ATCNet,2,35,0.88,0.945,50,120,FM-Full_A-None_AdaBN-F
Lee2019_MI,ATCNet,2,38,0.555,0.645,50,120,FM-Full_A-None_AdaBN-F
Lee2019_MI,ATCNet,2,46,0.815,0.75,50,120,FM-Full_A-None_AdaBN-F
Lee2019_MI,ATCNet,2,51,0.6,0.645,50,120,FM-Full_A-None_AdaBN-F
Lee2019_MI,ATCNet,3,1,0.735,0.785,50,120,FM-Full_A-None_AdaBN-F
Lee2019_MI,ATCNet,3,10,0.69,0.705,50,120,FM-Full_A-None_AdaBN-F
Lee2019_MI,ATCNet,3,12,0.765,0.765,50,120,FM-Full_A-None_AdaBN-F
Lee2019_MI,ATCNet,3,17,0.655,0.66,50,120,FM-Full_A-None_AdaBN-F
Lee2019_MI,ATCNet,3,26,0.74,0.77,50,120,FM-Full_A-None_AdaBN-F
Lee2019_MI,ATCNet,3,28,0.96,0.955,50,120,FM-Full_A-None_AdaBN-F
Lee2019_MI,ATCNet,3,31,0.695,0.775,50,120,FM-Full_A-None_AdaBN-F
Lee2019_MI,ATCNet,3,32,0.975,0.97,50,120,FM-Full_A-None_AdaBN-F
Lee2019_MI,ATCNet,3,37,0.925,0.96,50,120,FM-Full_A-None_AdaBN-F
Lee2019_MI,ATCNet,3,41,0.575,0.595,50,120,FM-Full_A-None_AdaBN-F
Lee2019_MI,ATCNet,3,48,0.63,0.65,50,120,FM-Full_A-None_AdaBN-F
Lee2019_MI,ATCNet,4,2,0.69,0.67,50,120,FM-Full_A-None_AdaBN-F
Lee2019_MI,ATCNet,4,3,0.86,0.86,50,120,FM-Full_A-None_AdaBN-F
Lee2019_MI,ATCNet,4,11,0.55,0.525,50,120,FM-Full_A-None_AdaBN-F
Lee2019_MI,ATCNet,4,22,0.72,0.725,50,120,FM-Full_A-None_AdaBN-F
Lee2019_MI,ATCNet,4,24,0.55,0.63,50,120,FM-Full_A-None_AdaBN-F
Lee2019_MI,ATCNet,4,30,0.65,0.64,50,120,FM-Full_A-None_AdaBN-F
Lee2019_MI,ATCNet,4,36,0.96,0.99,50,120,FM-Full_A-None_AdaBN-F
Lee2019_MI,ATCNet,4,40,0.715,0.745,50,120,FM-Full_A-None_AdaBN-F
Lee2019_MI,ATCNet,4,42,0.605,0.72,50,120,FM-Full_A-None_AdaBN-F
Lee2019_MI,ATCNet,4,44,0.78,0.855,50,120,FM-Full_A-None_AdaBN-F
Lee2019_MI,ATCNet,4,47,0.8,0.755,50,120,FM-Full_A-None_AdaBN-F
Lee2019_MI,ATCNet,5,8,0.78,0.75,50,120,FM-Full_A-None_AdaBN-F
Lee2019_MI,ATCNet,5,15,0.83,0.82,50,120,FM-Full_A-None_AdaBN-F
Lee2019_MI,ATCNet,5,19,0.77,0.81,50,120,FM-Full_A-None_AdaBN-F
Lee2019_MI,ATCNet,5,21,0.865,0.925,50,120,FM-Full_A-None_AdaBN-F
Lee2019_MI,ATCNet,5,23,0.82,0.835,50,120,FM-Full_A-None_AdaBN-F
Lee2019_MI,ATCNet,5,29,0.66,0.81,50,120,FM-Full_A-None_AdaBN-F
Lee2019_MI,ATCNet,5,39,0.825,0.78,50,120,FM-Full_A-None_AdaBN-F
Lee2019_MI,ATCNet,5,43,0.765,0.78,50,120,FM-Full_A-None_AdaBN-F
Lee2019_MI,ATCNet,5,52,0.765,0.81,50,120,FM-Full_A-None_AdaBN-F
Lee2019_MI,ATCNet,5,54,0.63,0.625,50,120,FM-Full_A-None_AdaBN-F
MAMEM2,EEGNetv4,1,2,,,3,100,FM-Full_A-None_AdaBN-F
MAMEM2,EEGNetv4,1,9,,,3,100,FM-Full_A-None_AdaBN-F
MAMEM2,EEGNetv4,2,1,,,3,100,FM-Full_A-None_AdaBN-F
MAMEM2,EEGNetv4,2,6,,,3,100,FM-Full_A-None_AdaBN-F
MAMEM2,EEGNetv4,3,3,,,3,100,FM-Full_A-None_AdaBN-F
MAMEM2,EEGNetv4,3,8,,,3,100,FM-Full_A-None_AdaBN-F
MAMEM2,EEGNetv4,4,5,,,3,100,FM-Full_A-None_AdaBN-F
MAMEM2,EEGNetv4,4,10,,,3,100,FM-Full_A-None_AdaBN-F
MAMEM2,EEGNetv4,5,4,,,3,100,FM-Full_A-None_AdaBN-F
MAMEM2,EEGNetv4,5,7,,,3,100,FM-Full_A-None_AdaBN-F
MAMEM2,EEGNetv4,1,2,0.208,0.224,3,100,FM-Full_A-None_AdaBN-F
MAMEM2,EEGNetv4,1,9,0.248,0.184,3,100,FM-Full_A-None_AdaBN-F
MAMEM2,EEGNetv4,2,1,0.256,0.208,3,100,FM-Full_A-None_AdaBN-F
MAMEM2,EEGNetv4,2,6,0.112,0.248,3,100,FM-Full_A-None_AdaBN-F
MAMEM2,EEGNetv4,3,3,0.168,0.16,3,100,FM-Full_A-None_AdaBN-F
MAMEM2,EEGNetv4,3,8,0.2,0.216,3,100,FM-Full_A-None_AdaBN-F
MAMEM2,EEGNetv4,4,5,0.168,0.168,3,100,FM-Full_A-None_AdaBN-F
MAMEM2,EEGNetv4,4,10,0.24,0.248,3,100,FM-Full_A-None_AdaBN-F
MAMEM2,EEGNetv4,5,4,0.176,0.24,3,100,FM-Full_A-None_AdaBN-F
MAMEM2,EEGNetv4,5,7,0.216,0.208,3,100,FM-Full_A-None_AdaBN-F
MAMEM2,DeepConvNet,1,2,0.16,0.232,8,75,FM-Full_A-None_AdaBN-F
MAMEM2,DeepConvNet,1,9,0.24,0.208,8,75,FM-Full_A-None_AdaBN-F
MAMEM2,DeepConvNet,2,1,0.28,0.232,8,75,FM-Full_A-None_AdaBN-F
MAMEM2,DeepConvNet,2,6,0.216,0.168,8,75,FM-Full_A-None_AdaBN-F
MAMEM2,DeepConvNet,3,3,0.192,0.168,8,75,FM-Full_A-None_AdaBN-F
MAMEM2,DeepConvNet,3,8,0.224,0.176,8,75,FM-Full_A-None_AdaBN-F
MAMEM2,DeepConvNet,4,5,0.24,0.176,8,75,FM-Full_A-None_AdaBN-F
MAMEM2,DeepConvNet,4,10,0.224,0.176,8,75,FM-Full_A-None_AdaBN-F
MAMEM2,DeepConvNet,5,4,0.232,0.208,8,75,FM-Full_A-None_AdaBN-F
MAMEM2,DeepConvNet,5,7,0.208,0.208,8,75,FM-Full_A-None_AdaBN-F
Huebner2017,EEGNetv4,1,1,,,12,6250,FM-Full_A-None_AdaBN-F
Huebner2017,EEGNetv4,1,10,,,12,6250,FM-Full_A-None_AdaBN-F
Huebner2017,EEGNetv4,1,12,,,12,6250,FM-Full_A-None_AdaBN-F
Huebner2017,EEGNetv4,2,3,,,12,6250,FM-Full_A-None_AdaBN-F
Huebner2017,EEGNetv4,2,6,,,12,6250,FM-Full_A-None_AdaBN-F
Huebner2017,EEGNetv4,2,9,,,12,6250,FM-Full_A-None_AdaBN-F
Huebner2017,EEGNetv4,3,2,,,12,6250,FM-Full_A-None_AdaBN-F
Huebner2017,EEGNetv4,3,5,,,12,6250,FM-Full_A-None_AdaBN-F
Huebner2017,EEGNetv4,3,13,,,12,6250,FM-Full_A-None_AdaBN-F
Huebner2017,EEGNetv4,4,8,,,12,6250,FM-Full_A-None_AdaBN-F
Huebner2017,EEGNetv4,4,11,,,12,6250,FM-Full_A-None_AdaBN-F
Huebner2017,EEGNetv4,5,4,,,12,6250,FM-Full_A-None_AdaBN-F
Huebner2017,EEGNetv4,5,7,,,12,6250,FM-Full_A-None_AdaBN-F
Huebner2017,EEGNetv4,1,1,0.937431906614786,0.97431906614786,12,6250,FM-Full_A-None_AdaBN-F
Huebner2017,EEGNetv4,1,10,0.953086034912718,0.9837125935162094,12,6250,FM-Full_A-None_AdaBN-F
Huebner2017,EEGNetv4,1,12,0.8477279800809212,0.9611733582321818,12,6250,FM-Full_A-None_AdaBN-F
Huebner2017,EEGNetv4,2,3,0.9140856031128404,0.9556420233463035,12,6250,FM-Full_A-None_AdaBN-F
Huebner2017,EEGNetv4,2,6,0.9071803852889668,0.9838879159369528,12,6250,FM-Full_A-None_AdaBN-F
Huebner2017,EEGNetv4,2,9,0.9603174603174603,0.9773576097105507,12,6250,FM-Full_A-None_AdaBN-F
Huebner2017,EEGNetv4,3,2,0.8828976034858388,0.953781512605042,12,6250,FM-Full_A-None_AdaBN-F
Huebner2017,EEGNetv4,3,5,0.8669467787114846,0.9358076563958916,12,6250,FM-Full_A-None_AdaBN-F
Huebner2017,EEGNetv4,3,13,0.9427281923585712,0.9754104738930822,12,6250,FM-Full_A-None_AdaBN-F
Huebner2017,EEGNetv4,4,8,0.8126848249027238,0.9126070038910504,12,6250,FM-Full_A-None_AdaBN-F
Huebner2017,EEGNetv4,4,11,0.8020857654292163,0.8725192621993929,12,6250,FM-Full_A-None_AdaBN-F
Huebner2017,EEGNetv4,5,4,0.9452918287937744,0.98568093385214,12,6250,FM-Full_A-None_AdaBN-F
Huebner2017,EEGNetv4,5,7,0.9723778400248988,0.9926859632741986,12,6250,FM-Full_A-None_AdaBN-F
Lee2019_MI,ShallowConvNet,1,4,,,30,100,FM-Full_A-None_AdaBN-F
Lee2019_MI,ShallowConvNet,1,6,,,30,100,FM-Full_A-None_AdaBN-F
Lee2019_MI,ShallowConvNet,1,13,,,30,100,FM-Full_A-None_AdaBN-F
Lee2019_MI,ShallowConvNet,1,14,,,30,100,FM-Full_A-None_AdaBN-F
Lee2019_MI,ShallowConvNet,1,18,,,30,100,FM-Full_A-None_AdaBN-F
Lee2019_MI,ShallowConvNet,1,20,,,30,100,FM-Full_A-None_AdaBN-F
Lee2019_MI,ShallowConvNet,1,33,,,30,100,FM-Full_A-None_AdaBN-F
Lee2019_MI,ShallowConvNet,1,45,,,30,100,FM-Full_A-None_AdaBN-F
Lee2019_MI,ShallowConvNet,1,49,,,30,100,FM-Full_A-None_AdaBN-F
Lee2019_MI,ShallowConvNet,1,50,,,30,100,FM-Full_A-None_AdaBN-F
Lee2019_MI,ShallowConvNet,1,53,,,30,100,FM-Full_A-None_AdaBN-F
Lee2019_MI,ShallowConvNet,2,5,,,30,100,FM-Full_A-None_AdaBN-F
Lee2019_MI,ShallowConvNet,2,7,,,30,100,FM-Full_A-None_AdaBN-F
Lee2019_MI,ShallowConvNet,2,9,,,30,100,FM-Full_A-None_AdaBN-F
Lee2019_MI,ShallowConvNet,2,16,,,30,100,FM-Full_A-None_AdaBN-F
Lee2019_MI,ShallowConvNet,2,25,,,30,100,FM-Full_A-None_AdaBN-F
Lee2019_MI,ShallowConvNet,2,27,,,30,100,FM-Full_A-None_AdaBN-F
Lee2019_MI,ShallowConvNet,2,34,,,30,100,FM-Full_A-None_AdaBN-F
Lee2019_MI,ShallowConvNet,2,35,,,30,100,FM-Full_A-None_AdaBN-F
Lee2019_MI,ShallowConvNet,2,38,,,30,100,FM-Full_A-None_AdaBN-F
Lee2019_MI,ShallowConvNet,2,46,,,30,100,FM-Full_A-None_AdaBN-F
Lee2019_MI,ShallowConvNet,2,51,,,30,100,FM-Full_A-None_AdaBN-F
Lee2019_MI,ShallowConvNet,3,1,,,30,100,FM-Full_A-None_AdaBN-F
Lee2019_MI,ShallowConvNet,3,10,,,30,100,FM-Full_A-None_AdaBN-F
Lee2019_MI,ShallowConvNet,3,12,,,30,100,FM-Full_A-None_AdaBN-F
Lee2019_MI,ShallowConvNet,3,17,,,30,100,FM-Full_A-None_AdaBN-F
Lee2019_MI,ShallowConvNet,3,26,,,30,100,FM-Full_A-None_AdaBN-F
Lee2019_MI,ShallowConvNet,3,28,,,30,100,FM-Full_A-None_AdaBN-F
Lee2019_MI,ShallowConvNet,3,31,,,30,100,FM-Full_A-None_AdaBN-F
Lee2019_MI,ShallowConvNet,3,32,,,30,100,FM-Full_A-None_AdaBN-F
Lee2019_MI,ShallowConvNet,3,37,,,30,100,FM-Full_A-None_AdaBN-F
Lee2019_MI,ShallowConvNet,3,41,,,30,100,FM-Full_A-None_AdaBN-F
Lee2019_MI,ShallowConvNet,3,48,,,30,100,FM-Full_A-None_AdaBN-F
Lee2019_MI,ShallowConvNet,4,2,,,30,100,FM-Full_A-None_AdaBN-F
Lee2019_MI,ShallowConvNet,4,3,,,30,100,FM-Full_A-None_AdaBN-F
Lee2019_MI,ShallowConvNet,4,11,,,30,100,FM-Full_A-None_AdaBN-F
Lee2019_MI,ShallowConvNet,4,22,,,30,100,FM-Full_A-None_AdaBN-F
Lee2019_MI,ShallowConvNet,4,24,,,30,100,FM-Full_A-None_AdaBN-F
Lee2019_MI,ShallowConvNet,4,30,,,30,100,FM-Full_A-None_AdaBN-F
Lee2019_MI,ShallowConvNet,4,36,,,30,100,FM-Full_A-None_AdaBN-F
Lee2019_MI,ShallowConvNet,4,40,,,30,100,FM-Full_A-None_AdaBN-F
Lee2019_MI,ShallowConvNet,4,42,,,30,100,FM-Full_A-None_AdaBN-F
Lee2019_MI,ShallowConvNet,4,44,,,30,100,FM-Full_A-None_AdaBN-F
Lee2019_MI,ShallowConvNet,4,47,,,30,100,FM-Full_A-None_AdaBN-F
Lee2019_MI,ShallowConvNet,5,8,,,30,100,FM-Full_A-None_AdaBN-F
Lee2019_MI,ShallowConvNet,5,15,,,30,100,FM-Full_A-None_AdaBN-F
Lee2019_MI,ShallowConvNet,5,19,,,30,100,FM-Full_A-None_AdaBN-F
Lee2019_MI,ShallowConvNet,5,21,,,30,100,FM-Full_A-None_AdaBN-F
Lee2019_MI,ShallowConvNet,5,23,,,30,100,FM-Full_A-None_AdaBN-F
Lee2019_MI,ShallowConvNet,5,29,,,30,100,FM-Full_A-None_AdaBN-F
Lee2019_MI,ShallowConvNet,5,39,,,30,100,FM-Full_A-None_AdaBN-F
Lee2019_MI,ShallowConvNet,5,43,,,30,100,FM-Full_A-None_AdaBN-F
Lee2019_MI,ShallowConvNet,5,52,,,30,100,FM-Full_A-None_AdaBN-F
Lee2019_MI,ShallowConvNet,5,54,,,30,100,FM-Full_A-None_AdaBN-F
Lee2019_MI,ShallowConvNet,1,4,0.61,0.675,30,100,FM-Full_A-None_AdaBN-F
Lee2019_MI,ShallowConvNet,1,6,0.725,0.86,30,100,FM-Full_A-None_AdaBN-F
Lee2019_MI,ShallowConvNet,1,13,0.65,0.64,30,100,FM-Full_A-None_AdaBN-F
Lee2019_MI,ShallowConvNet,1,14,0.64,0.655,30,100,FM-Full_A-None_AdaBN-F
Lee2019_MI,ShallowConvNet,1,18,0.8,0.82,30,100,FM-Full_A-None_AdaBN-F
Lee2019_MI,ShallowConvNet,1,20,0.655,0.72,30,100,FM-Full_A-None_AdaBN-F
Lee2019_MI,ShallowConvNet,1,33,0.82,0.875,30,100,FM-Full_A-None_AdaBN-F
Lee2019_MI,ShallowConvNet,1,45,0.74,0.8,30,100,FM-Full_A-None_AdaBN-F
Lee2019_MI,ShallowConvNet,1,49,0.725,0.725,30,100,FM-Full_A-None_AdaBN-F
Lee2019_MI,ShallowConvNet,1,50,0.555,0.58,30,100,FM-Full_A-None_AdaBN-F
Lee2019_MI,ShallowConvNet,1,53,0.655,0.67,30,100,FM-Full_A-None_AdaBN-F
Lee2019_MI,ShallowConvNet,2,5,0.71,0.74,30,100,FM-Full_A-None_AdaBN-F
Lee2019_MI,ShallowConvNet,2,7,0.595,0.63,30,100,FM-Full_A-None_AdaBN-F
Lee2019_MI,ShallowConvNet,2,9,0.58,0.685,30,100,FM-Full_A-None_AdaBN-F
Lee2019_MI,ShallowConvNet,2,16,0.74,0.79,30,100,FM-Full_A-None_AdaBN-F
Lee2019_MI,ShallowConvNet,2,25,0.725,0.8,30,100,FM-Full_A-None_AdaBN-F
Lee2019_MI,ShallowConvNet,2,27,0.55,0.71,30,100,FM-Full_A-None_AdaBN-F
Lee2019_MI,ShallowConvNet,2,34,0.58,0.56,30,100,FM-Full_A-None_AdaBN-F
Lee2019_MI,ShallowConvNet,2,35,0.63,0.85,30,100,FM-Full_A-None_AdaBN-F
Lee2019_MI,ShallowConvNet,2,38,0.535,0.57,30,100,FM-Full_A-None_AdaBN-F
Lee2019_MI,ShallowConvNet,2,46,0.63,0.675,30,100,FM-Full_A-None_AdaBN-F
Lee2019_MI,ShallowConvNet,2,51,0.63,0.605,30,100,FM-Full_A-None_AdaBN-F
Lee2019_MI,ShallowConvNet,3,1,0.68,0.675,30,100,FM-Full_A-None_AdaBN-F
Lee2019_MI,ShallowConvNet,3,10,0.63,0.65,30,100,FM-Full_A-None_AdaBN-F
Lee2019_MI,ShallowConvNet,3,12,0.695,0.705,30,100,FM-Full_A-None_AdaBN-F
Lee2019_MI,ShallowConvNet,3,17,0.59,0.625,30,100,FM-Full_A-None_AdaBN-F
Lee2019_MI,ShallowConvNet,3,26,0.79,0.77,30,100,FM-Full_A-None_AdaBN-F
Lee2019_MI,ShallowConvNet,3,28,0.88,0.885,30,100,FM-Full_A-None_AdaBN-F
Lee2019_MI,ShallowConvNet,3,31,0.705,0.74,30,100,FM-Full_A-None_AdaBN-F
Lee2019_MI,ShallowConvNet,3,32,0.805,0.865,30,100,FM-Full_A-None_AdaBN-F
Lee2019_MI,ShallowConvNet,3,37,0.855,0.89,30,100,FM-Full_A-None_AdaBN-F
Lee2019_MI,ShallowConvNet,3,41,0.57,0.585,30,100,FM-Full_A-None_AdaBN-F
Lee2019_MI,ShallowConvNet,3,48,0.705,0.66,30,100,FM-Full_A-None_AdaBN-F
Lee2019_MI,ShallowConvNet,4,2,0.76,0.8,30,100,FM-Full_A-None_AdaBN-F
Lee2019_MI,ShallowConvNet,4,3,0.725,0.79,30,100,FM-Full_A-None_AdaBN-F
Lee2019_MI,ShallowConvNet,4,11,0.505,0.535,30,100,FM-Full_A-None_AdaBN-F
Lee2019_MI,ShallowConvNet,4,22,0.605,0.635,30,100,FM-Full_A-None_AdaBN-F
Lee2019_MI,ShallowConvNet,4,24,0.625,0.615,30,100,FM-Full_A-None_AdaBN-F
Lee2019_MI,ShallowConvNet,4,30,0.66,0.68,30,100,FM-Full_A-None_AdaBN-F
Lee2019_MI,ShallowConvNet,4,36,0.93,0.95,30,100,FM-Full_A-None_AdaBN-F
Lee2019_MI,ShallowConvNet,4,40,0.715,0.78,30,100,FM-Full_A-None_AdaBN-F
Lee2019_MI,ShallowConvNet,4,42,0.655,0.655,30,100,FM-Full_A-None_AdaBN-F
Lee2019_MI,ShallowConvNet,4,44,0.62,0.745,30,100,FM-Full_A-None_AdaBN-F
Lee2019_MI,ShallowConvNet,4,47,0.76,0.745,30,100,FM-Full_A-None_AdaBN-F
Lee2019_MI,ShallowConvNet,5,8,0.64,0.665,30,100,FM-Full_A-None_AdaBN-F
Lee2019_MI,ShallowConvNet,5,15,0.67,0.69,30,100,FM-Full_A-None_AdaBN-F
Lee2019_MI,ShallowConvNet,5,19,0.725,0.755,30,100,FM-Full_A-None_AdaBN-F
Lee2019_MI,ShallowConvNet,5,21,0.865,0.96,30,100,FM-Full_A-None_AdaBN-F
Lee2019_MI,ShallowConvNet,5,23,0.705,0.74,30,100,FM-Full_A-None_AdaBN-F
Lee2019_MI,ShallowConvNet,5,29,0.735,0.855,30,100,FM-Full_A-None_AdaBN-F
Lee2019_MI,ShallowConvNet,5,39,0.785,0.77,30,100,FM-Full_A-None_AdaBN-F
Lee2019_MI,ShallowConvNet,5,43,0.735,0.82,30,100,FM-Full_A-None_AdaBN-F
Lee2019_MI,ShallowConvNet,5,52,0.725,0.705,30,100,FM-Full_A-None_AdaBN-F
Lee2019_MI,ShallowConvNet,5,54,0.635,0.62,30,100,FM-Full_A-None_AdaBN-F
Huebner2017,ATCNet,1,1,0.8853696498054475,0.9776653696498054,10,3750,FM-Full_A-None_AdaBN-F
Huebner2017,ATCNet,1,10,0.95963216957606,0.9863622194513716,10,3750,FM-Full_A-None_AdaBN-F
Huebner2017,ATCNet,1,12,0.8296763149704326,0.9659197012138188,10,3750,FM-Full_A-None_AdaBN-F
Huebner2017,ATCNet,2,3,0.9028015564202334,0.9558754863813228,10,3750,FM-Full_A-None_AdaBN-F
Huebner2017,ATCNet,2,6,0.935201401050788,0.9842381786339754,10,3750,FM-Full_A-None_AdaBN-F
Huebner2017,ATCNet,2,9,0.9488795518207284,0.9769685652038592,10,3750,FM-Full_A-None_AdaBN-F
Huebner2017,ATCNet,3,2,0.8747276688453159,0.958294428882664,10,3750,FM-Full_A-None_AdaBN-F
Huebner2017,ATCNet,3,5,0.834733893557423,0.9407874260815438,10,3750,FM-Full_A-None_AdaBN-F
Huebner2017,ATCNet,3,13,0.9193837055482064,0.9771224029258424,10,3750,FM-Full_A-None_AdaBN-F
Huebner2017,ATCNet,4,8,0.7855252918287938,0.917976653696498,10,3750,FM-Full_A-None_AdaBN-F
Huebner2017,ATCNet,4,11,0.7860533893688225,0.8766440968168729,10,3750,FM-Full_A-None_AdaBN-F
Huebner2017,ATCNet,5,4,0.9419455252918288,0.9865369649805448,10,3750,FM-Full_A-None_AdaBN-F
Huebner2017,ATCNet,5,7,0.9705104263927792,0.9933862433862434,10,3750,FM-Full_A-None_AdaBN-F
Huebner2018,EEGNetv4,1,1,,,12,7000,FM-Full_A-None_AdaBN-F
Huebner2018,EEGNetv4,1,10,,,12,7000,FM-Full_A-None_AdaBN-F
Huebner2018,EEGNetv4,1,11,,,12,7000,FM-Full_A-None_AdaBN-F
Huebner2018,EEGNetv4,2,3,,,12,7000,FM-Full_A-None_AdaBN-F
Huebner2018,EEGNetv4,2,6,,,12,7000,FM-Full_A-None_AdaBN-F
Huebner2018,EEGNetv4,2,9,,,12,7000,FM-Full_A-None_AdaBN-F
Huebner2018,EEGNetv4,3,2,,,12,7000,FM-Full_A-None_AdaBN-F
Huebner2018,EEGNetv4,3,12,,,12,7000,FM-Full_A-None_AdaBN-F
Huebner2018,EEGNetv4,4,5,,,12,7000,FM-Full_A-None_AdaBN-F
Huebner2018,EEGNetv4,4,8,,,12,7000,FM-Full_A-None_AdaBN-F
Huebner2018,EEGNetv4,5,4,,,12,7000,FM-Full_A-None_AdaBN-F
Huebner2018,EEGNetv4,5,7,,,12,7000,FM-Full_A-None_AdaBN-F
Huebner2018,EEGNetv4,1,1,0.9492261362840536,0.9763288745710484,12,7000,FM-Full_A-None_AdaBN-F
Huebner2018,EEGNetv4,1,10,0.874859943977591,0.9411064425770308,12,7000,FM-Full_A-None_AdaBN-F
Huebner2018,EEGNetv4,1,11,0.8327472218314812,0.92010128006752,12,7000,FM-Full_A-None_AdaBN-F
Huebner2018,EEGNetv4,2,3,0.9592436974789916,0.9829831932773108,12,7000,FM-Full_A-None_AdaBN-F
Huebner2018,EEGNetv4,2,6,0.8936974789915967,0.9809523809523808,12,7000,FM-Full_A-None_AdaBN-F
Huebner2018,EEGNetv4,2,9,0.7931227677008194,0.9485958400448212,12,7000,FM-Full_A-None_AdaBN-F
Huebner2018,EEGNetv4,3,2,0.9668067226890756,0.984733893557423,12,7000,FM-Full_A-None_AdaBN-F
Huebner2018,EEGNetv4,3,12,0.8553921568627451,0.9387254901960784,12,7000,FM-Full_A-None_AdaBN-F
Huebner2018,EEGNetv4,4,5,0.8623371164354771,0.933025080566064,12,7000,FM-Full_A-None_AdaBN-F
Huebner2018,EEGNetv4,4,8,0.8121848739495798,0.9324229691876752,12,7000,FM-Full_A-None_AdaBN-F
Huebner2018,EEGNetv4,5,4,0.925560224089636,0.961484593837535,12,7000,FM-Full_A-None_AdaBN-F
Huebner2018,EEGNetv4,5,7,0.8630568786775007,0.9423507985430092,12,7000,FM-Full_A-None_AdaBN-F
Yang2025,DeepConvNet,1,4,0.5966666666666667,0.5416666666666666,30,150,FM-Full_A-None_AdaBN-F
Yang2025,DeepConvNet,1,13,0.8066666666666666,0.8116666666666666,30,150,FM-Full_A-None_AdaBN-F
Yang2025,DeepConvNet,1,14,0.5666666666666667,0.5533333333333333,30,150,FM-Full_A-None_AdaBN-F
Yang2025,DeepConvNet,1,18,0.6916666666666667,0.6533333333333333,30,150,FM-Full_A-None_AdaBN-F
Yang2025,DeepConvNet,1,25,0.9566666666666668,0.9616666666666668,30,150,FM-Full_A-None_AdaBN-F
Yang2025,DeepConvNet,1,31,0.7383333333333333,0.79,30,150,FM-Full_A-None_AdaBN-F
Yang2025,DeepConvNet,1,32,0.5993322203672788,0.6377295492487479,30,150,FM-Full_A-None_AdaBN-F
Yang2025,DeepConvNet,1,33,0.94,0.96,30,150,FM-Full_A-None_AdaBN-F
Yang2025,DeepConvNet,1,41,0.8516666666666667,0.89,30,150,FM-Full_A-None_AdaBN-F
Yang2025,DeepConvNet,1,44,0.7483333333333333,0.7,30,150,FM-Full_A-None_AdaBN-F
Yang2025,DeepConvNet,1,47,,,30,150,FM-Full_A-None_AdaBN-F
Yang2025,DeepConvNet,2,5,0.8816666666666667,0.8783333333333333,30,150,FM-Full_A-None_AdaBN-F
Yang2025,DeepConvNet,2,7,0.8,0.8116666666666666,30,150,FM-Full_A-None_AdaBN-F
Yang2025,DeepConvNet,2,9,0.6783333333333333,0.7266666666666667,30,150,FM-Full_A-None_AdaBN-F
Yang2025,DeepConvNet,2,16,0.6233333333333333,0.65,30,150,FM-Full_A-None_AdaBN-F
Yang2025,DeepConvNet,2,20,0.7616666666666667,0.9383333333333334,30,150,FM-Full_A-None_AdaBN-F
Yang2025,DeepConvNet,2,34,0.545,0.8383333333333334,30,150,FM-Full_A-None_AdaBN-F
Yang2025,DeepConvNet,2,37,0.8566666666666667,0.92,30,150,FM-Full_A-None_AdaBN-F
Yang2025,DeepConvNet,2,48,0.895,0.91,30,150,FM-Full_A-None_AdaBN-F
Yang2025,DeepConvNet,2,49,0.9366666666666666,0.9633333333333334,30,150,FM-Full_A-None_AdaBN-F
Yang2025,DeepConvNet,2,50,0.9483333333333334,0.9483333333333334,30,150,FM-Full_A-None_AdaBN-F
Yang2025,DeepConvNet,3,1,0.73,0.9433333333333334,30,150,FM-Full_A-None_AdaBN-F
Yang2025,DeepConvNet,3,10,0.6733333333333333,0.8566666666666667,30,150,FM-Full_A-None_AdaBN-F
Yang2025,DeepConvNet,3,12,0.5516666666666666,0.5416666666666666,30,150,FM-Full_A-None_AdaBN-F
Yang2025,DeepConvNet,3,17,0.6916666666666667,0.825,30,150,FM-Full_A-None_AdaBN-F
Yang2025,DeepConvNet,3,26,0.7412353923205343,0.9265442404006676,30,150,FM-Full_A-None_AdaBN-F
Yang2025,DeepConvNet,3,27,0.5683333333333334,0.71,30,150,FM-Full_A-None_AdaBN-F
Yang2025,DeepConvNet,3,28,0.57,0.865,30,150,FM-Full_A-None_AdaBN-F
Yang2025,DeepConvNet,3,35,0.8916666666666667,0.9616666666666668,30,150,FM-Full_A-None_AdaBN-F
Yang2025,DeepConvNet,3,45,0.77,0.9,30,150,FM-Full_A-None_AdaBN-F
Yang2025,DeepConvNet,3,46,0.9316666666666666,0.9883333333333332,30,150,FM-Full_A-None_AdaBN-F
Yang2025,DeepConvNet,4,2,0.6983333333333334,0.6683333333333333,30,150,FM-Full_A-None_AdaBN-F
Yang2025,DeepConvNet,4,3,0.9533333333333334,0.9733333333333334,30,150,FM-Full_A-None_AdaBN-F
Yang2025,DeepConvNet,4,6,0.9316666666666666,0.9666666666666668,30,150,FM-Full_A-None_AdaBN-F
Yang2025,DeepConvNet,4,22,0.7916666666666666,0.865,30,150,FM-Full_A-None_AdaBN-F
Yang2025,DeepConvNet,4,24,0.914141414141414,0.9730639730639732,30,150,FM-Full_A-None_AdaBN-F
Yang2025,DeepConvNet,4,30,0.9016666666666666,0.9383333333333334,30,150,FM-Full_A-None_AdaBN-F
Yang2025,DeepConvNet,4,36,0.8966666666666666,0.9383333333333334,30,150,FM-Full_A-None_AdaBN-F
Yang2025,DeepConvNet,4,38,0.6083333333333333,0.7,30,150,FM-Full_A-None_AdaBN-F
Yang2025,DeepConvNet,4,40,0.8283333333333334,0.8633333333333333,30,150,FM-Full_A-None_AdaBN-F
Yang2025,DeepConvNet,4,42,0.8266666666666667,0.8183333333333334,30,150,FM-Full_A-None_AdaBN-F
Yang2025,DeepConvNet,5,8,0.9183333333333332,0.92,30,150,FM-Full_A-None_AdaBN-F
Yang2025,DeepConvNet,5,11,0.9233333333333332,0.8983333333333333,30,150,FM-Full_A-None_AdaBN-F
Yang2025,DeepConvNet,5,15,0.765,0.8333333333333334,30,150,FM-Full_A-None_AdaBN-F
Yang2025,DeepConvNet,5,19,0.8516666666666667,0.855,30,150,FM-Full_A-None_AdaBN-F
Yang2025,DeepConvNet,5,21,0.8716666666666667,0.8966666666666666,30,150,FM-Full_A-None_AdaBN-F
Yang2025,DeepConvNet,5,23,0.9298831385642736,0.9682804674457428,30,150,FM-Full_A-None_AdaBN-F
Yang2025,DeepConvNet,5,29,0.77,0.85,30,150,FM-Full_A-None_AdaBN-F
Yang2025,DeepConvNet,5,39,0.715,0.775,30,150,FM-Full_A-None_AdaBN-F
Yang2025,DeepConvNet,5,43,0.9866666666666668,0.9983333333333332,30,150,FM-Full_A-None_AdaBN-F
Yang2025,DeepConvNet,5,51,0.8383333333333334,0.9,30,150,FM-Full_A-None_AdaBN-F
Lee2019_SSVEP,DeepConvNet,1,4,1.0,1.0,20,100,FM-Full_A-None_AdaBN-F
Lee2019_SSVEP,DeepConvNet,1,6,0.99,0.995,20,100,FM-Full_A-None_AdaBN-F
Lee2019_SSVEP,DeepConvNet,1,13,0.92,0.965,20,100,FM-Full_A-None_AdaBN-F
Lee2019_SSVEP,DeepConvNet,1,14,0.93,0.98,20,100,FM-Full_A-None_AdaBN-F
Lee2019_SSVEP,DeepConvNet,1,18,0.99,0.995,20,100,FM-Full_A-None_AdaBN-F
Lee2019_SSVEP,DeepConvNet,1,20,0.95,0.975,20,100,FM-Full_A-None_AdaBN-F
Lee2019_SSVEP,DeepConvNet,1,33,0.995,0.99,20,100,FM-Full_A-None_AdaBN-F
Lee2019_SSVEP,DeepConvNet,1,45,0.915,0.97,20,100,FM-Full_A-None_AdaBN-F
Lee2019_SSVEP,DeepConvNet,1,49,1.0,0.995,20,100,FM-Full_A-None_AdaBN-F
Lee2019_SSVEP,DeepConvNet,1,50,0.98,1.0,20,100,FM-Full_A-None_AdaBN-F
Lee2019_SSVEP,DeepConvNet,1,53,1.0,1.0,20,100,FM-Full_A-None_AdaBN-F
Lee2019_SSVEP,DeepConvNet,2,5,0.825,0.855,20,100,FM-Full_A-None_AdaBN-F
Lee2019_SSVEP,DeepConvNet,2,7,1.0,0.99,20,100,FM-Full_A-None_AdaBN-F
Lee2019_SSVEP,DeepConvNet,2,9,0.955,0.975,20,100,FM-Full_A-None_AdaBN-F
Lee2019_SSVEP,DeepConvNet,2,16,1.0,1.0,20,100,FM-Full_A-None_AdaBN-F
Lee2019_SSVEP,DeepConvNet,2,25,0.96,0.98,20,100,FM-Full_A-None_AdaBN-F
Lee2019_SSVEP,DeepConvNet,2,27,1.0,0.995,20,100,FM-Full_A-None_AdaBN-F
Lee2019_SSVEP,DeepConvNet,2,34,0.79,0.85,20,100,FM-Full_A-None_AdaBN-F
Lee2019_SSVEP,DeepConvNet,2,35,0.96,0.99,20,100,FM-Full_A-None_AdaBN-F
Lee2019_SSVEP,DeepConvNet,2,38,0.99,0.99,20,100,FM-Full_A-None_AdaBN-F
Lee2019_SSVEP,DeepConvNet,2,46,0.94,0.99,20,100,FM-Full_A-None_AdaBN-F
Lee2019_SSVEP,DeepConvNet,2,51,0.805,0.845,20,100,FM-Full_A-None_AdaBN-F
Lee2019_SSVEP,DeepConvNet,3,1,0.915,0.935,20,100,FM-Full_A-None_AdaBN-F
Lee2019_SSVEP,DeepConvNet,3,10,0.98,0.98,20,100,FM-Full_A-None_AdaBN-F
Lee2019_SSVEP,DeepConvNet,3,12,0.98,0.97,20,100,FM-Full_A-None_AdaBN-F
Lee2019_SSVEP,DeepConvNet,3,17,0.96,0.975,20,100,FM-Full_A-None_AdaBN-F
Lee2019_SSVEP,DeepConvNet,3,26,0.99,0.995,20,100,FM-Full_A-None_AdaBN-F
Lee2019_SSVEP,DeepConvNet,3,28,0.99,0.98,20,100,FM-Full_A-None_AdaBN-F
Lee2019_SSVEP,DeepConvNet,3,31,1.0,1.0,20,100,FM-Full_A-None_AdaBN-F
Lee2019_SSVEP,DeepConvNet,3,32,0.66,0.875,20,100,FM-Full_A-None_AdaBN-F
Lee2019_SSVEP,DeepConvNet,3,37,0.99,0.995,20,100,FM-Full_A-None_AdaBN-F
Lee2019_SSVEP,DeepConvNet,3,41,0.965,0.975,20,100,FM-Full_A-None_AdaBN-F
Lee2019_SSVEP,DeepConvNet,3,48,1.0,1.0,20,100,FM-Full_A-None_AdaBN-F
Lee2019_SSVEP,DeepConvNet,4,2,0.99,0.99,20,100,FM-Full_A-None_AdaBN-F
Lee2019_SSVEP,DeepConvNet,4,3,0.935,0.935,20,100,FM-Full_A-None_AdaBN-F
Lee2019_SSVEP,DeepConvNet,4,11,1.0,1.0,20,100,FM-Full_A-None_AdaBN-F
Lee2019_SSVEP,DeepConvNet,4,22,0.845,0.915,20,100,FM-Full_A-None_AdaBN-F
Lee2019_SSVEP,DeepConvNet,4,24,0.975,0.975,20,100,FM-Full_A-None_AdaBN-F
Lee2019_SSVEP,DeepConvNet,4,30,0.995,0.995,20,100,FM-Full_A-None_AdaBN-F
Lee2019_SSVEP,DeepConvNet,4,36,1.0,1.0,20,100,FM-Full_A-None_AdaBN-F
Lee2019_SSVEP,DeepConvNet,4,40,0.935,0.945,20,100,FM-Full_A-None_AdaBN-F
Lee2019_SSVEP,DeepConvNet,4,42,0.8,0.8,20,100,FM-Full_A-None_AdaBN-F
Lee2019_SSVEP,DeepConvNet,4,44,0.995,0.995,20,100,FM-Full_A-None_AdaBN-F
Lee2019_SSVEP,DeepConvNet,4,47,0.605,0.605,20,100,FM-Full_A-None_AdaBN-F
Lee2019_SSVEP,DeepConvNet,5,8,0.95,0.955,20,100,FM-Full_A-None_AdaBN-F
Lee2019_SSVEP,DeepConvNet,5,15,0.95,0.99,20,100,FM-Full_A-None_AdaBN-F
Lee2019_SSVEP,DeepConvNet,5,19,0.915,0.955,20,100,FM-Full_A-None_AdaBN-F
Lee2019_SSVEP,DeepConvNet,5,21,0.955,0.97,20,100,FM-Full_A-None_AdaBN-F
Lee2019_SSVEP,DeepConvNet,5,23,0.255,0.425,20,100,FM-Full_A-None_AdaBN-F
Lee2019_SSVEP,DeepConvNet,5,29,0.825,0.92,20,100,FM-Full_A-None_AdaBN-F
Lee2019_SSVEP,DeepConvNet,5,39,0.995,1.0,20,100,FM-Full_A-None_AdaBN-F
Lee2019_SSVEP,DeepConvNet,5,43,1.0,1.0,20,100,FM-Full_A-None_AdaBN-F
Lee2019_SSVEP,DeepConvNet,5,52,0.99,0.975,20,100,FM-Full_A-None_AdaBN-F
Lee2019_SSVEP,DeepConvNet,5,54,0.625,0.84,20,100,FM-Full_A-None_AdaBN-F
Lee2019_MI,DeepConvNet,1,4,0.575,0.705,15,200,FM-Full_A-None_AdaBN-F
Lee2019_MI,DeepConvNet,1,6,0.86,0.885,15,200,FM-Full_A-None_AdaBN-F
Lee2019_MI,DeepConvNet,1,13,0.695,0.64,15,200,FM-Full_A-None_AdaBN-F
Lee2019_MI,DeepConvNet,1,14,0.645,0.655,15,200,FM-Full_A-None_AdaBN-F
Lee2019_MI,DeepConvNet,1,18,0.645,0.845,15,200,FM-Full_A-None_AdaBN-F
Lee2019_MI,DeepConvNet,1,20,0.715,0.79,15,200,FM-Full_A-None_AdaBN-F
Lee2019_MI,DeepConvNet,1,33,0.885,0.895,15,200,FM-Full_A-None_AdaBN-F
Lee2019_MI,DeepConvNet,1,45,0.755,0.84,15,200,FM-Full_A-None_AdaBN-F
Lee2019_MI,DeepConvNet,1,49,0.59,0.75,15,200,FM-Full_A-None_AdaBN-F
Lee2019_MI,DeepConvNet,1,50,0.535,0.62,15,200,FM-Full_A-None_AdaBN-F
Lee2019_MI,DeepConvNet,1,53,0.74,0.77,15,200,FM-Full_A-None_AdaBN-F
Lee2019_MI,DeepConvNet,2,5,0.61,0.75,15,200,FM-Full_A-None_AdaBN-F
Lee2019_MI,DeepConvNet,2,7,0.655,0.705,15,200,FM-Full_A-None_AdaBN-F
Lee2019_MI,DeepConvNet,2,9,0.85,0.755,15,200,FM-Full_A-None_AdaBN-F
Lee2019_MI,DeepConvNet,2,16,0.755,0.81,15,200,FM-Full_A-None_AdaBN-F
Lee2019_MI,DeepConvNet,2,25,0.735,0.815,15,200,FM-Full_A-None_AdaBN-F
Lee2019_MI,DeepConvNet,2,27,0.79,0.855,15,200,FM-Full_A-None_AdaBN-F
Lee2019_MI,DeepConvNet,2,34,0.57,0.63,15,200,FM-Full_A-None_AdaBN-F
Lee2019_MI,DeepConvNet,2,35,0.555,0.925,15,200,FM-Full_A-None_AdaBN-F
Lee2019_MI,DeepConvNet,2,38,0.54,0.695,15,200,FM-Full_A-None_AdaBN-F
Lee2019_MI,DeepConvNet,2,46,0.635,0.59,15,200,FM-Full_A-None_AdaBN-F
Lee2019_MI,DeepConvNet,2,51,0.705,0.76,15,200,FM-Full_A-None_AdaBN-F
Lee2019_MI,DeepConvNet,3,1,0.68,0.625,15,200,FM-Full_A-None_AdaBN-F
Lee2019_MI,DeepConvNet,3,10,0.66,0.605,15,200,FM-Full_A-None_AdaBN-F
Lee2019_MI,DeepConvNet,3,12,0.65,0.675,15,200,FM-Full_A-None_AdaBN-F
Lee2019_MI,DeepConvNet,3,17,0.65,0.625,15,200,FM-Full_A-None_AdaBN-F
Lee2019_MI,DeepConvNet,3,26,0.76,0.815,15,200,FM-Full_A-None_AdaBN-F
Lee2019_MI,DeepConvNet,3,28,0.875,0.78,15,200,FM-Full_A-None_AdaBN-F
Lee2019_MI,DeepConvNet,3,31,0.69,0.755,15,200,FM-Full_A-None_AdaBN-F
Lee2019_MI,DeepConvNet,3,32,0.77,0.74,15,200,FM-Full_A-None_AdaBN-F
Lee2019_MI,DeepConvNet,3,37,0.77,0.82,15,200,FM-Full_A-None_AdaBN-F
Lee2019_MI,DeepConvNet,3,41,0.6,0.655,15,200,FM-Full_A-None_AdaBN-F
Lee2019_MI,DeepConvNet,3,48,0.55,0.61,15,200,FM-Full_A-None_AdaBN-F
Lee2019_MI,DeepConvNet,4,2,0.775,0.76,15,200,FM-Full_A-None_AdaBN-F
Lee2019_MI,DeepConvNet,4,3,0.8,0.83,15,200,FM-Full_A-None_AdaBN-F
Lee2019_MI,DeepConvNet,4,11,0.65,0.655,15,200,FM-Full_A-None_AdaBN-F
Lee2019_MI,DeepConvNet,4,22,0.66,0.6,15,200,FM-Full_A-None_AdaBN-F
Lee2019_MI,DeepConvNet,4,24,0.685,0.77,15,200,FM-Full_A-None_AdaBN-F
Lee2019_MI,DeepConvNet,4,30,0.74,0.78,15,200,FM-Full_A-None_AdaBN-F
Lee2019_MI,DeepConvNet,4,36,0.84,0.94,15,200,FM-Full_A-None_AdaBN-F
Lee2019_MI,DeepConvNet,4,40,0.765,0.845,15,200,FM-Full_A-None_AdaBN-F
Lee2019_MI,DeepConvNet,4,42,0.665,0.695,15,200,FM-Full_A-None_AdaBN-F
Lee2019_MI,DeepConvNet,4,44,0.65,0.77,15,200,FM-Full_A-None_AdaBN-F
Lee2019_MI,DeepConvNet,4,47,0.85,0.84,15,200,FM-Full_A-None_AdaBN-F
Lee2019_MI,DeepConvNet,5,8,0.71,0.755,15,200,FM-Full_A-None_AdaBN-F
Lee2019_MI,DeepConvNet,5,15,0.82,0.865,15,200,FM-Full_A-None_AdaBN-F
Lee2019_MI,DeepConvNet,5,19,0.74,0.755,15,200,FM-Full_A-None_AdaBN-F
Lee2019_MI,DeepConvNet,5,21,0.92,0.89,15,200,FM-Full_A-None_AdaBN-F
Lee2019_MI,DeepConvNet,5,23,0.68,0.675,15,200,FM-Full_A-None_AdaBN-F
Lee2019_MI,DeepConvNet,5,29,0.71,0.84,15,200,FM-Full_A-None_AdaBN-F
Lee2019_MI,DeepConvNet,5,39,0.765,0.805,15,200,FM-Full_A-None_AdaBN-F
Lee2019_MI,DeepConvNet,5,43,0.86,0.825,15,200,FM-Full_A-None_AdaBN-F
Lee2019_MI,DeepConvNet,5,52,0.76,0.72,15,200,FM-Full_A-None_AdaBN-F
Lee2019_MI,DeepConvNet,5,54,0.685,0.665,15,200,FM-Full_A-None_AdaBN-F
Huebner2018,EEGNetv4,1,1,0.952937880803978,0.9749282162616428,10,4200,FM-Full_A-None_AdaBN-F
Huebner2018,EEGNetv4,1,10,0.8833333333333333,0.9373249299719888,10,4200,FM-Full_A-None_AdaBN-F
Huebner2018,EEGNetv4,1,11,0.8268392178928119,0.912575608383739,10,4200,FM-Full_A-None_AdaBN-F
Huebner2018,EEGNetv4,2,3,0.9401960784313724,0.9819327731092437,10,4200,FM-Full_A-None_AdaBN-F
Huebner2018,EEGNetv4,2,6,0.8699579831932773,0.978781512605042,10,4200,FM-Full_A-None_AdaBN-F
Huebner2018,EEGNetv4,2,9,0.7878002661250788,0.947545346312767,10,4200,FM-Full_A-None_AdaBN-F
Huebner2018,EEGNetv4,3,2,0.9649859943977592,0.9839635854341736,10,4200,FM-Full_A-None_AdaBN-F
Huebner2018,EEGNetv4,3,12,0.8586134453781512,0.9315126050420168,10,4200,FM-Full_A-None_AdaBN-F
Huebner2018,EEGNetv4,4,5,0.8562421185372006,0.9319742188594649,10,4200,FM-Full_A-None_AdaBN-F
Huebner2018,EEGNetv4,4,8,0.8178571428571428,0.930812324929972,10,4200,FM-Full_A-None_AdaBN-F
Huebner2018,EEGNetv4,5,4,0.9180672268907564,0.9588235294117649,10,4200,FM-Full_A-None_AdaBN-F
Huebner2018,EEGNetv4,5,7,0.8208181563463155,0.939268702717848,10,4200,FM-Full_A-None_AdaBN-F
Huebner2018,EEGNetv4,1,1,,,10,4200,FM-Full_A-None_AdaBN-F
Huebner2018,EEGNetv4,1,10,,,10,4200,FM-Full_A-None_AdaBN-F
Huebner2018,EEGNetv4,1,11,,,10,4200,FM-Full_A-None_AdaBN-F
Huebner2018,EEGNetv4,2,3,,,10,4200,FM-Full_A-None_AdaBN-F
Huebner2018,EEGNetv4,2,6,,,10,4200,FM-Full_A-None_AdaBN-F
Huebner2018,EEGNetv4,2,9,,,10,4200,FM-Full_A-None_AdaBN-F
Huebner2018,EEGNetv4,3,2,,,10,4200,FM-Full_A-None_AdaBN-F
Huebner2018,EEGNetv4,3,12,,,10,4200,FM-Full_A-None_AdaBN-F
Huebner2018,EEGNetv4,4,5,,,10,4200,FM-Full_A-None_AdaBN-F
Huebner2018,EEGNetv4,4,8,,,10,4200,FM-Full_A-None_AdaBN-F
Huebner2018,EEGNetv4,5,4,,,10,4200,FM-Full_A-None_AdaBN-F
Huebner2018,EEGNetv4,5,7,,,10,4200,FM-Full_A-None_AdaBN-F
Kalunga2016,ATCNet,1,1,,,4,64,FM-Full_A-None_AdaBN-F
Kalunga2016,ATCNet,1,10,,,4,64,FM-Full_A-None_AdaBN-F
Kalunga2016,ATCNet,1,11,,,4,64,FM-Full_A-None_AdaBN-F
Kalunga2016,ATCNet,2,3,,,4,64,FM-Full_A-None_AdaBN-F
Kalunga2016,ATCNet,2,6,,,4,64,FM-Full_A-None_AdaBN-F
Kalunga2016,ATCNet,2,9,,,4,64,FM-Full_A-None_AdaBN-F
Kalunga2016,ATCNet,3,2,,,4,64,FM-Full_A-None_AdaBN-F
Kalunga2016,ATCNet,3,12,,,4,64,FM-Full_A-None_AdaBN-F
Kalunga2016,ATCNet,4,5,,,4,64,FM-Full_A-None_AdaBN-F
Kalunga2016,ATCNet,4,8,,,4,64,FM-Full_A-None_AdaBN-F
Kalunga2016,ATCNet,5,4,,,4,64,FM-Full_A-None_AdaBN-F
Kalunga2016,ATCNet,5,7,,,4,64,FM-Full_A-None_AdaBN-F
Kalunga2016,ATCNet,1,1,0.296875,0.28125,4,64,FM-Full_A-None_AdaBN-F
Kalunga2016,ATCNet,1,10,0.21875,0.359375,4,64,FM-Full_A-None_AdaBN-F
Kalunga2016,ATCNet,1,11,0.203125,0.296875,4,64,FM-Full_A-None_AdaBN-F
Kalunga2016,ATCNet,2,3,0.234375,0.265625,4,64,FM-Full_A-None_AdaBN-F
Kalunga2016,ATCNet,2,6,0.234375,0.28125,4,64,FM-Full_A-None_AdaBN-F
Kalunga2016,ATCNet,2,9,0.296875,0.390625,4,64,FM-Full_A-None_AdaBN-F
Kalunga2016,ATCNet,3,2,0.265625,0.28125,4,64,FM-Full_A-None_AdaBN-F
Kalunga2016,ATCNet,3,12,0.26875,0.4125,4,64,FM-Full_A-None_AdaBN-F
Kalunga2016,ATCNet,4,5,0.265625,0.359375,4,64,FM-Full_A-None_AdaBN-F
Kalunga2016,ATCNet,4,8,0.375,0.4375,4,64,FM-Full_A-None_AdaBN-F
Kalunga2016,ATCNet,5,4,0.21875,0.25,4,64,FM-Full_A-None_AdaBN-F
Kalunga2016,ATCNet,5,7,0.2604166666666667,0.28125,4,64,FM-Full_A-None_AdaBN-F
BNCI2014_001,ATCNet,1,2,,,5,300,FM-Full_A-None_AdaBN-F
BNCI2014_001,ATCNet,1,8,,,5,300,FM-Full_A-None_AdaBN-F
BNCI2014_001,ATCNet,2,1,,,5,300,FM-Full_A-None_AdaBN-F
BNCI2014_001,ATCNet,2,6,,,5,300,FM-Full_A-None_AdaBN-F
BNCI2014_001,ATCNet,3,3,,,5,300,FM-Full_A-None_AdaBN-F
BNCI2014_001,ATCNet,3,9,,,5,300,FM-Full_A-None_AdaBN-F
BNCI2014_001,ATCNet,4,4,,,5,300,FM-Full_A-None_AdaBN-F
BNCI2014_001,ATCNet,4,5,,,5,300,FM-Full_A-None_AdaBN-F
BNCI2014_001,ATCNet,5,7,,,5,300,FM-Full_A-None_AdaBN-F
BNCI2014_001,ATCNet,1,2,0.3003472222222222,0.5190972222222222,5,300,FM-Full_A-None_AdaBN-F
BNCI2014_001,ATCNet,1,8,0.6197916666666666,0.796875,5,300,FM-Full_A-None_AdaBN-F
BNCI2014_001,ATCNet,2,1,0.5763888888888888,0.7413194444444444,5,300,FM-Full_A-None_AdaBN-F
BNCI2014_001,ATCNet,2,6,0.3072916666666667,0.5451388888888888,5,300,FM-Full_A-None_AdaBN-F
BNCI2014_001,ATCNet,3,3,0.6180555555555556,0.8003472222222222,5,300,FM-Full_A-None_AdaBN-F
BNCI2014_001,ATCNet,3,9,0.3576388888888889,0.7829861111111112,5,300,FM-Full_A-None_AdaBN-F
BNCI2014_001,ATCNet,4,4,0.3732638888888889,0.6388888888888888,5,300,FM-Full_A-None_AdaBN-F
BNCI2014_001,ATCNet,4,5,0.3177083333333333,0.5381944444444444,5,300,FM-Full_A-None_AdaBN-F
BNCI2014_001,ATCNet,5,7,0.3350694444444444,0.7135416666666666,5,300,FM-Full_A-None_AdaBN-F
Kalunga2016,ShallowConvNet,2,3,0.421875,0.453125,8,64,FM-Full_A-None_AdaBN-F
Kalunga2016,ShallowConvNet,2,6,0.453125,0.5,8,64,FM-Full_A-None_AdaBN-F
Kalunga2016,ShallowConvNet,2,9,0.390625,0.359375,8,64,FM-Full_A-None_AdaBN-F
Kalunga2016,ShallowConvNet,3,2,0.25,0.421875,8,64,FM-Full_A-None_AdaBN-F
Kalunga2016,ShallowConvNet,3,12,0.43125,0.6375,8,64,FM-Full_A-None_AdaBN-F
Kalunga2016,ShallowConvNet,4,5,0.328125,0.359375,8,64,FM-Full_A-None_AdaBN-F
Kalunga2016,ShallowConvNet,4,8,0.53125,0.5,8,64,FM-Full_A-None_AdaBN-F
Kalunga2016,ShallowConvNet,5,4,,,8,64,FM-Full_A-None_AdaBN-F
Kalunga2016,ShallowConvNet,5,7,0.5833333333333334,0.71875,8,64,FM-Full_A-None_AdaBN-F
Kalunga2016,ShallowConvNet,1,1,,,8,64,FM-Full_A-None_AdaBN-F
Kalunga2016,ShallowConvNet,1,10,,,8,64,FM-Full_A-None_AdaBN-F
Kalunga2016,ShallowConvNet,1,11,,,8,64,FM-Full_A-None_AdaBN-F
Kalunga2016,ShallowConvNet,2,3,,,8,64,FM-Full_A-None_AdaBN-F
Kalunga2016,ShallowConvNet,2,6,,,8,64,FM-Full_A-None_AdaBN-F
Kalunga2016,ShallowConvNet,2,9,,,8,64,FM-Full_A-None_AdaBN-F
Kalunga2016,ShallowConvNet,3,2,,,8,64,FM-Full_A-None_AdaBN-F
Kalunga2016,ShallowConvNet,3,12,,,8,64,FM-Full_A-None_AdaBN-F
Kalunga2016,ShallowConvNet,4,5,,,8,64,FM-Full_A-None_AdaBN-F
Kalunga2016,ShallowConvNet,4,8,,,8,64,FM-Full_A-None_AdaBN-F
Kalunga2016,ShallowConvNet,5,4,,,8,64,FM-Full_A-None_AdaBN-F
Kalunga2016,ShallowConvNet,5,7,,,8,64,FM-Full_A-None_AdaBN-F
BI2015a,ATCNet,1,5,0.8939393939393939,0.9343434343434344,15,1000,FM-Full_A-None_AdaBN-F
BI2015a,ATCNet,1,9,0.8678678678678678,0.9001501501501501,15,1000,FM-Full_A-None_AdaBN-F
BI2015a,ATCNet,1,13,0.9013157894736842,0.942251461988304,15,1000,FM-Full_A-None_AdaBN-F
BI2015a,ATCNet,1,25,0.8362068965517241,0.8740421455938697,15,1000,FM-Full_A-None_AdaBN-F
BI2015a,ATCNet,1,26,0.910394265232975,0.9453405017921148,15,1000,FM-Full_A-None_AdaBN-F
BI2015a,ATCNet,1,35,0.8373590982286635,0.8329307568438004,15,1000,FM-Full_A-None_AdaBN-F
BI2015a,ATCNet,1,37,0.8337301587301588,0.8654761904761905,15,1000,FM-Full_A-None_AdaBN-F
BI2015a,ATCNet,1,38,0.8483483483483484,0.9151651651651652,15,1000,FM-Full_A-None_AdaBN-F
BI2015a,ATCNet,1,40,0.8641975308641975,0.9130658436213992,15,1000,FM-Full_A-None_AdaBN-F
BI2015a,ATCNet,2,4,0.875,0.9319444444444444,15,1000,FM-Full_A-None_AdaBN-F
BI2015a,ATCNet,2,7,0.8333333333333334,0.9174836601307188,15,1000,FM-Full_A-None_AdaBN-F
BI2015a,ATCNet,2,14,0.8333333333333334,0.8796296296296297,15,1000,FM-Full_A-None_AdaBN-F
BI2015a,ATCNet,2,16,0.8777777777777778,0.9317460317460318,15,1000,FM-Full_A-None_AdaBN-F
BI2015a,ATCNet,2,18,0.832716049382716,0.8888888888888888,15,1000,FM-Full_A-None_AdaBN-F
BI2015a,ATCNet,2,20,0.8308641975308642,0.9234567901234568,15,1000,FM-Full_A-None_AdaBN-F
BI2015a,ATCNet,2,28,0.8505555555555555,0.8805555555555555,15,1000,FM-Full_A-None_AdaBN-F
BI2015a,ATCNet,2,32,0.8870967741935484,0.9157706093189965,15,1000,FM-Full_A-None_AdaBN-F
BI2015a,ATCNet,2,41,0.8320987654320988,0.8969135802469136,15,1000,FM-Full_A-None_AdaBN-F
BI2015a,ATCNet,3,1,0.8335351089588378,0.8523002421307506,15,1000,FM-Full_A-None_AdaBN-F
BI2015a,ATCNet,3,6,0.8207070707070707,0.9046717171717172,15,1000,FM-Full_A-None_AdaBN-F
BI2015a,ATCNet,3,10,0.8915770609318996,0.9301075268817204,15,1000,FM-Full_A-None_AdaBN-F
BI2015a,ATCNet,3,12,0.8203405017921147,0.850358422939068,15,1000,FM-Full_A-None_AdaBN-F
BI2015a,ATCNet,3,17,0.8549382716049383,0.8796296296296297,15,1000,FM-Full_A-None_AdaBN-F
BI2015a,ATCNet,3,27,0.8171589310829818,0.8315752461322081,15,1000,FM-Full_A-None_AdaBN-F
BI2015a,ATCNet,3,30,0.9094650205761317,0.8909465020576132,15,1000,FM-Full_A-None_AdaBN-F
BI2015a,ATCNet,3,31,0.8092592592592592,0.84,15,1000,FM-Full_A-None_AdaBN-F
BI2015a,ATCNet,3,42,0.8528265107212476,0.8542884990253411,15,1000,FM-Full_A-None_AdaBN-F
BI2015a,ATCNet,4,2,0.8571428571428571,0.9186507936507936,15,1000,FM-Full_A-None_AdaBN-F
BI2015a,ATCNet,4,3,0.8659003831417624,0.9339080459770116,15,1000,FM-Full_A-None_AdaBN-F
BI2015a,ATCNet,4,22,0.8541666666666666,0.9053030303030304,15,1000,FM-Full_A-None_AdaBN-F
BI2015a,ATCNet,4,24,0.902006172839506,0.9344135802469136,15,1000,FM-Full_A-None_AdaBN-F
BI2015a,ATCNet,4,33,0.8835978835978836,0.9186507936507936,15,1000,FM-Full_A-None_AdaBN-F
BI2015a,ATCNet,4,34,0.888095238095238,0.9182539682539682,15,1000,FM-Full_A-None_AdaBN-F
BI2015a,ATCNet,4,36,0.8541666666666666,0.9222222222222224,15,1000,FM-Full_A-None_AdaBN-F
BI2015a,ATCNet,4,43,0.9252873563218392,0.9540229885057472,15,1000,FM-Full_A-None_AdaBN-F
BI2015a,ATCNet,5,8,0.871031746031746,0.916005291005291,15,1000,FM-Full_A-None_AdaBN-F
BI2015a,ATCNet,5,11,0.81875,0.875,15,1000,FM-Full_A-None_AdaBN-F
BI2015a,ATCNet,5,15,0.8801587301587301,0.9103174603174604,15,1000,FM-Full_A-None_AdaBN-F
BI2015a,ATCNet,5,19,0.8755555555555555,0.8872222222222222,15,1000,FM-Full_A-None_AdaBN-F
BI2015a,ATCNet,5,21,0.9055555555555556,0.9333333333333332,15,1000,FM-Full_A-None_AdaBN-F
BI2015a,ATCNet,5,23,0.8662280701754386,0.8903508771929824,15,1000,FM-Full_A-None_AdaBN-F
BI2015a,ATCNet,5,29,0.840958605664488,0.869281045751634,15,1000,FM-Full_A-None_AdaBN-F
BI2015a,ATCNet,5,39,0.8327664399092971,0.8979591836734694,15,1000,FM-Full_A-None_AdaBN-F
BI2015a,ATCNet,1,5,,,15,1000,FM-Full_A-None_AdaBN-F
BI2015a,ATCNet,1,9,,,15,1000,FM-Full_A-None_AdaBN-F
BI2015a,ATCNet,1,13,,,15,1000,FM-Full_A-None_AdaBN-F
BI2015a,ATCNet,1,25,,,15,1000,FM-Full_A-None_AdaBN-F
BI2015a,ATCNet,1,26,,,15,1000,FM-Full_A-None_AdaBN-F
BI2015a,ATCNet,1,35,,,15,1000,FM-Full_A-None_AdaBN-F
BI2015a,ATCNet,1,37,,,15,1000,FM-Full_A-None_AdaBN-F
BI2015a,ATCNet,1,38,,,15,1000,FM-Full_A-None_AdaBN-F
BI2015a,ATCNet,1,40,,,15,1000,FM-Full_A-None_AdaBN-F
BI2015a,ATCNet,2,4,,,15,1000,FM-Full_A-None_AdaBN-F
BI2015a,ATCNet,2,7,,,15,1000,FM-Full_A-None_AdaBN-F
BI2015a,ATCNet,2,14,,,15,1000,FM-Full_A-None_AdaBN-F
BI2015a,ATCNet,2,16,,,15,1000,FM-Full_A-None_AdaBN-F
BI2015a,ATCNet,2,18,,,15,1000,FM-Full_A-None_AdaBN-F
BI2015a,ATCNet,2,20,,,15,1000,FM-Full_A-None_AdaBN-F
BI2015a,ATCNet,2,28,,,15,1000,FM-Full_A-None_AdaBN-F
BI2015a,ATCNet,2,32,,,15,1000,FM-Full_A-None_AdaBN-F
BI2015a,ATCNet,2,41,,,15,1000,FM-Full_A-None_AdaBN-F
BI2015a,ATCNet,3,1,,,15,1000,FM-Full_A-None_AdaBN-F
BI2015a,ATCNet,3,6,,,15,1000,FM-Full_A-None_AdaBN-F
BI2015a,ATCNet,3,10,,,15,1000,FM-Full_A-None_AdaBN-F
BI2015a,ATCNet,3,12,,,15,1000,FM-Full_A-None_AdaBN-F
BI2015a,ATCNet,3,17,,,15,1000,FM-Full_A-None_AdaBN-F
BI2015a,ATCNet,3,27,,,15,1000,FM-Full_A-None_AdaBN-F
BI2015a,ATCNet,3,30,,,15,1000,FM-Full_A-None_AdaBN-F
BI2015a,ATCNet,3,31,,,15,1000,FM-Full_A-None_AdaBN-F
BI2015a,ATCNet,3,42,,,15,1000,FM-Full_A-None_AdaBN-F
BI2015a,ATCNet,4,2,,,15,1000,FM-Full_A-None_AdaBN-F
BI2015a,ATCNet,4,3,,,15,1000,FM-Full_A-None_AdaBN-F
BI2015a,ATCNet,4,22,,,15,1000,FM-Full_A-None_AdaBN-F
BI2015a,ATCNet,4,24,,,15,1000,FM-Full_A-None_AdaBN-F
BI2015a,ATCNet,4,33,,,15,1000,FM-Full_A-None_AdaBN-F
BI2015a,ATCNet,4,34,,,15,1000,FM-Full_A-None_AdaBN-F
BI2015a,ATCNet,4,36,,,15,1000,FM-Full_A-None_AdaBN-F
BI2015a,ATCNet,4,43,,,15,1000,FM-Full_A-None_AdaBN-F
BI2015a,ATCNet,5,8,,,15,1000,FM-Full_A-None_AdaBN-F
BI2015a,ATCNet,5,11,,,15,1000,FM-Full_A-None_AdaBN-F
BI2015a,ATCNet,5,15,,,15,1000,FM-Full_A-None_AdaBN-F
BI2015a,ATCNet,5,19,,,15,1000,FM-Full_A-None_AdaBN-F
BI2015a,ATCNet,5,21,,,15,1000,FM-Full_A-None_AdaBN-F
BI2015a,ATCNet,5,23,,,15,1000,FM-Full_A-None_AdaBN-F
BI2015a,ATCNet,5,29,,,15,1000,FM-Full_A-None_AdaBN-F
BI2015a,ATCNet,5,39,,,15,1000,FM-Full_A-None_AdaBN-F
Huebner2017,ShallowConvNet,1,1,0.9026459143968872,0.9701945525291829,6,12500,FM-Full_A-None_AdaBN-F
Huebner2017,ShallowConvNet,1,10,0.9590087281795512,0.9803615960099752,6,12500,FM-Full_A-None_AdaBN-F
Huebner2017,ShallowConvNet,1,12,0.8481170245876128,0.9537037037037036,6,12500,FM-Full_A-None_AdaBN-F
Huebner2017,ShallowConvNet,2,3,0.9007782101167316,0.9486381322957198,6,12500,FM-Full_A-None_AdaBN-F
Huebner2017,ShallowConvNet,2,6,0.9355516637478108,0.9800350262697024,6,12500,FM-Full_A-None_AdaBN-F
Huebner2017,ShallowConvNet,2,9,0.9424992219109866,0.9753345782757548,6,12500,FM-Full_A-None_AdaBN-F
Huebner2017,ShallowConvNet,3,2,0.8902894491129785,0.9509025832555243,6,12500,FM-Full_A-None_AdaBN-F
Huebner2017,ShallowConvNet,3,5,0.8856209150326797,0.9309835045129162,6,12500,FM-Full_A-None_AdaBN-F
Huebner2017,ShallowConvNet,3,13,0.9279433507120068,0.9715197260913548,6,12500,FM-Full_A-None_AdaBN-F
Huebner2017,ShallowConvNet,4,8,0.7840466926070039,0.896887159533074,6,12500,FM-Full_A-None_AdaBN-F
Huebner2017,ShallowConvNet,4,11,0.8004513969958752,0.8617791267802942,6,12500,FM-Full_A-None_AdaBN-F
Huebner2017,ShallowConvNet,5,4,0.9384435797665368,0.98147859922179,6,12500,FM-Full_A-None_AdaBN-F
Huebner2017,ShallowConvNet,5,7,0.925925925925926,0.9907407407407408,6,12500,FM-Full_A-None_AdaBN-F
Huebner2017,ShallowConvNet,1,1,,,6,12500,FM-Full_A-None_AdaBN-F
Huebner2017,ShallowConvNet,1,10,,,6,12500,FM-Full_A-None_AdaBN-F
Huebner2017,ShallowConvNet,1,12,,,6,12500,FM-Full_A-None_AdaBN-F
Huebner2017,ShallowConvNet,2,3,,,6,12500,FM-Full_A-None_AdaBN-F
Huebner2017,ShallowConvNet,2,6,,,6,12500,FM-Full_A-None_AdaBN-F
Huebner2017,ShallowConvNet,2,9,,,6,12500,FM-Full_A-None_AdaBN-F
Huebner2017,ShallowConvNet,3,2,,,6,12500,FM-Full_A-None_AdaBN-F
Huebner2017,ShallowConvNet,3,5,,,6,12500,FM-Full_A-None_AdaBN-F
Huebner2017,ShallowConvNet,3,13,,,6,12500,FM-Full_A-None_AdaBN-F
Huebner2017,ShallowConvNet,4,8,,,6,12500,FM-Full_A-None_AdaBN-F
Huebner2017,ShallowConvNet,4,11,,,6,12500,FM-Full_A-None_AdaBN-F
Huebner2017,ShallowConvNet,5,4,,,6,12500,FM-Full_A-None_AdaBN-F
Huebner2017,ShallowConvNet,5,7,,,6,12500,FM-Full_A-None_AdaBN-F
Lee2019_SSVEP,EEGNetv4,1,4,,,40,100,FM-Full_A-None_AdaBN-F
Lee2019_SSVEP,EEGNetv4,1,6,,,40,100,FM-Full_A-None_AdaBN-F
Lee2019_SSVEP,EEGNetv4,1,13,,,40,100,FM-Full_A-None_AdaBN-F
Lee2019_SSVEP,EEGNetv4,1,14,,,40,100,FM-Full_A-None_AdaBN-F
Lee2019_SSVEP,EEGNetv4,1,18,,,40,100,FM-Full_A-None_AdaBN-F
Lee2019_SSVEP,EEGNetv4,1,20,,,40,100,FM-Full_A-None_AdaBN-F
Lee2019_SSVEP,EEGNetv4,1,33,,,40,100,FM-Full_A-None_AdaBN-F
Lee2019_SSVEP,EEGNetv4,1,45,,,40,100,FM-Full_A-None_AdaBN-F
Lee2019_SSVEP,EEGNetv4,1,49,,,40,100,FM-Full_A-None_AdaBN-F
Lee2019_SSVEP,EEGNetv4,1,50,,,40,100,FM-Full_A-None_AdaBN-F
Lee2019_SSVEP,EEGNetv4,1,53,,,40,100,FM-Full_A-None_AdaBN-F
Lee2019_SSVEP,EEGNetv4,2,5,,,40,100,FM-Full_A-None_AdaBN-F
Lee2019_SSVEP,EEGNetv4,2,7,,,40,100,FM-Full_A-None_AdaBN-F
Lee2019_SSVEP,EEGNetv4,2,9,,,40,100,FM-Full_A-None_AdaBN-F
Lee2019_SSVEP,EEGNetv4,2,16,,,40,100,FM-Full_A-None_AdaBN-F
Lee2019_SSVEP,EEGNetv4,2,25,,,40,100,FM-Full_A-None_AdaBN-F
Lee2019_SSVEP,EEGNetv4,2,27,,,40,100,FM-Full_A-None_AdaBN-F
Lee2019_SSVEP,EEGNetv4,2,34,,,40,100,FM-Full_A-None_AdaBN-F
Lee2019_SSVEP,EEGNetv4,2,35,,,40,100,FM-Full_A-None_AdaBN-F
Lee2019_SSVEP,EEGNetv4,2,38,,,40,100,FM-Full_A-None_AdaBN-F
Lee2019_SSVEP,EEGNetv4,2,46,,,40,100,FM-Full_A-None_AdaBN-F
Lee2019_SSVEP,EEGNetv4,2,51,,,40,100,FM-Full_A-None_AdaBN-F
Lee2019_SSVEP,EEGNetv4,3,1,,,40,100,FM-Full_A-None_AdaBN-F
Lee2019_SSVEP,EEGNetv4,3,10,,,40,100,FM-Full_A-None_AdaBN-F
Lee2019_SSVEP,EEGNetv4,3,12,,,40,100,FM-Full_A-None_AdaBN-F
Lee2019_SSVEP,EEGNetv4,3,17,,,40,100,FM-Full_A-None_AdaBN-F
Lee2019_SSVEP,EEGNetv4,3,26,,,40,100,FM-Full_A-None_AdaBN-F
Lee2019_SSVEP,EEGNetv4,3,28,,,40,100,FM-Full_A-None_AdaBN-F
Lee2019_SSVEP,EEGNetv4,3,31,,,40,100,FM-Full_A-None_AdaBN-F
Lee2019_SSVEP,EEGNetv4,3,32,,,40,100,FM-Full_A-None_AdaBN-F
Lee2019_SSVEP,EEGNetv4,3,37,,,40,100,FM-Full_A-None_AdaBN-F
Lee2019_SSVEP,EEGNetv4,3,41,,,40,100,FM-Full_A-None_AdaBN-F
Lee2019_SSVEP,EEGNetv4,3,48,,,40,100,FM-Full_A-None_AdaBN-F
Lee2019_SSVEP,EEGNetv4,4,2,,,40,100,FM-Full_A-None_AdaBN-F
Lee2019_SSVEP,EEGNetv4,4,3,,,40,100,FM-Full_A-None_AdaBN-F
Lee2019_SSVEP,EEGNetv4,4,11,,,40,100,FM-Full_A-None_AdaBN-F
Lee2019_SSVEP,EEGNetv4,4,22,,,40,100,FM-Full_A-None_AdaBN-F
Lee2019_SSVEP,EEGNetv4,4,24,,,40,100,FM-Full_A-None_AdaBN-F
Lee2019_SSVEP,EEGNetv4,4,30,,,40,100,FM-Full_A-None_AdaBN-F
Lee2019_SSVEP,EEGNetv4,4,36,,,40,100,FM-Full_A-None_AdaBN-F
Lee2019_SSVEP,EEGNetv4,4,40,,,40,100,FM-Full_A-None_AdaBN-F
Lee2019_SSVEP,EEGNetv4,4,42,,,40,100,FM-Full_A-None_AdaBN-F
Lee2019_SSVEP,EEGNetv4,4,44,,,40,100,FM-Full_A-None_AdaBN-F
Lee2019_SSVEP,EEGNetv4,4,47,,,40,100,FM-Full_A-None_AdaBN-F
Lee2019_SSVEP,EEGNetv4,5,8,,,40,100,FM-Full_A-None_AdaBN-F
Lee2019_SSVEP,EEGNetv4,5,15,,,40,100,FM-Full_A-None_AdaBN-F
Lee2019_SSVEP,EEGNetv4,5,19,,,40,100,FM-Full_A-None_AdaBN-F
Lee2019_SSVEP,EEGNetv4,5,21,,,40,100,FM-Full_A-None_AdaBN-F
Lee2019_SSVEP,EEGNetv4,5,23,,,40,100,FM-Full_A-None_AdaBN-F
Lee2019_SSVEP,EEGNetv4,5,29,,,40,100,FM-Full_A-None_AdaBN-F
Lee2019_SSVEP,EEGNetv4,5,39,,,40,100,FM-Full_A-None_AdaBN-F
Lee2019_SSVEP,EEGNetv4,5,43,,,40,100,FM-Full_A-None_AdaBN-F
Lee2019_SSVEP,EEGNetv4,5,52,,,40,100,FM-Full_A-None_AdaBN-F
Lee2019_SSVEP,EEGNetv4,5,54,,,40,100,FM-Full_A-None_AdaBN-F
Lee2019_SSVEP,EEGNetv4,1,4,1.0,1.0,40,100,FM-Full_A-None_AdaBN-F
Lee2019_SSVEP,EEGNetv4,1,6,0.995,1.0,40,100,FM-Full_A-None_AdaBN-F
Lee2019_SSVEP,EEGNetv4,1,13,0.96,0.985,40,100,FM-Full_A-None_AdaBN-F
Lee2019_SSVEP,EEGNetv4,1,14,0.895,0.945,40,100,FM-Full_A-None_AdaBN-F
Lee2019_SSVEP,EEGNetv4,1,18,0.99,0.995,40,100,FM-Full_A-None_AdaBN-F
Lee2019_SSVEP,EEGNetv4,1,20,0.955,0.975,40,100,FM-Full_A-None_AdaBN-F
Lee2019_SSVEP,EEGNetv4,1,33,1.0,1.0,40,100,FM-Full_A-None_AdaBN-F
Lee2019_SSVEP,EEGNetv4,1,45,0.975,0.975,40,100,FM-Full_A-None_AdaBN-F
Lee2019_SSVEP,EEGNetv4,1,49,0.995,1.0,40,100,FM-Full_A-None_AdaBN-F
Lee2019_SSVEP,EEGNetv4,1,50,0.985,0.995,40,100,FM-Full_A-None_AdaBN-F
Lee2019_SSVEP,EEGNetv4,1,53,1.0,1.0,40,100,FM-Full_A-None_AdaBN-F
Lee2019_SSVEP,EEGNetv4,2,5,0.84,0.86,40,100,FM-Full_A-None_AdaBN-F
Lee2019_SSVEP,EEGNetv4,2,7,0.955,0.995,40,100,FM-Full_A-None_AdaBN-F
Lee2019_SSVEP,EEGNetv4,2,9,0.98,0.985,40,100,FM-Full_A-None_AdaBN-F
Lee2019_SSVEP,EEGNetv4,2,16,0.995,0.995,40,100,FM-Full_A-None_AdaBN-F
Lee2019_SSVEP,EEGNetv4,2,25,0.945,0.97,40,100,FM-Full_A-None_AdaBN-F
Lee2019_SSVEP,EEGNetv4,2,27,1.0,1.0,40,100,FM-Full_A-None_AdaBN-F
Lee2019_SSVEP,EEGNetv4,2,34,0.765,0.845,40,100,FM-Full_A-None_AdaBN-F
Lee2019_SSVEP,EEGNetv4,2,35,0.97,0.985,40,100,FM-Full_A-None_AdaBN-F
Lee2019_SSVEP,EEGNetv4,2,38,0.99,0.995,40,100,FM-Full_A-None_AdaBN-F
Lee2019_SSVEP,EEGNetv4,2,46,0.995,0.995,40,100,FM-Full_A-None_AdaBN-F
Lee2019_SSVEP,EEGNetv4,2,51,0.78,0.845,40,100,FM-Full_A-None_AdaBN-F
Lee2019_SSVEP,EEGNetv4,3,1,0.94,0.935,40,100,FM-Full_A-None_AdaBN-F
Lee2019_SSVEP,EEGNetv4,3,10,0.985,0.985,40,100,FM-Full_A-None_AdaBN-F
Lee2019_SSVEP,EEGNetv4,3,12,0.965,0.96,40,100,FM-Full_A-None_AdaBN-F
Lee2019_SSVEP,EEGNetv4,3,17,0.91,0.98,40,100,FM-Full_A-None_AdaBN-F
Lee2019_SSVEP,EEGNetv4,3,26,0.99,1.0,40,100,FM-Full_A-None_AdaBN-F
Lee2019_SSVEP,EEGNetv4,3,28,0.97,0.97,40,100,FM-Full_A-None_AdaBN-F
Lee2019_SSVEP,EEGNetv4,3,31,0.995,0.995,40,100,FM-Full_A-None_AdaBN-F
Lee2019_SSVEP,EEGNetv4,3,32,0.605,0.83,40,100,FM-Full_A-None_AdaBN-F
Lee2019_SSVEP,EEGNetv4,3,37,0.99,1.0,40,100,FM-Full_A-None_AdaBN-F
Lee2019_SSVEP,EEGNetv4,3,41,0.975,0.985,40,100,FM-Full_A-None_AdaBN-F
Lee2019_SSVEP,EEGNetv4,3,48,0.995,0.995,40,100,FM-Full_A-None_AdaBN-F
Lee2019_SSVEP,EEGNetv4,4,2,0.985,0.99,40,100,FM-Full_A-None_AdaBN-F
Lee2019_SSVEP,EEGNetv4,4,3,0.935,0.93,40,100,FM-Full_A-None_AdaBN-F
Lee2019_SSVEP,EEGNetv4,4,11,1.0,1.0,40,100,FM-Full_A-None_AdaBN-F
Lee2019_SSVEP,EEGNetv4,4,22,0.86,0.9,40,100,FM-Full_A-None_AdaBN-F
Lee2019_SSVEP,EEGNetv4,4,24,0.94,0.96,40,100,FM-Full_A-None_AdaBN-F
Lee2019_SSVEP,EEGNetv4,4,30,0.955,0.985,40,100,FM-Full_A-None_AdaBN-F
Lee2019_SSVEP,EEGNetv4,4,36,1.0,1.0,40,100,FM-Full_A-None_AdaBN-F
Lee2019_SSVEP,EEGNetv4,4,40,0.94,0.945,40,100,FM-Full_A-None_AdaBN-F
Lee2019_SSVEP,EEGNetv4,4,42,0.8,0.8,40,100,FM-Full_A-None_AdaBN-F
Lee2019_SSVEP,EEGNetv4,4,44,0.995,0.995,40,100,FM-Full_A-None_AdaBN-F
Lee2019_SSVEP,EEGNetv4,4,47,0.64,0.63,40,100,FM-Full_A-None_AdaBN-F
Lee2019_SSVEP,EEGNetv4,5,8,0.905,0.96,40,100,FM-Full_A-None_AdaBN-F
Lee2019_SSVEP,EEGNetv4,5,15,0.895,0.99,40,100,FM-Full_A-None_AdaBN-F
Lee2019_SSVEP,EEGNetv4,5,19,0.98,0.98,40,100,FM-Full_A-None_AdaBN-F
Lee2019_SSVEP,EEGNetv4,5,21,0.82,0.94,40,100,FM-Full_A-None_AdaBN-F
Lee2019_SSVEP,EEGNetv4,5,23,0.315,0.515,40,100,FM-Full_A-None_AdaBN-F
Lee2019_SSVEP,EEGNetv4,5,29,0.93,0.945,40,100,FM-Full_A-None_AdaBN-F
Lee2019_SSVEP,EEGNetv4,5,39,1.0,1.0,40,100,FM-Full_A-None_AdaBN-F
Lee2019_SSVEP,EEGNetv4,5,43,1.0,1.0,40,100,FM-Full_A-None_AdaBN-F
Lee2019_SSVEP,EEGNetv4,5,52,0.925,0.95,40,100,FM-Full_A-None_AdaBN-F
Lee2019_SSVEP,EEGNetv4,5,54,0.585,0.835,40,100,FM-Full_A-None_AdaBN-F
Lee2019_MI,EEGNetv4,1,4,,,40,150,FM-Full_A-None_AdaBN-F
Lee2019_MI,EEGNetv4,1,6,,,40,150,FM-Full_A-None_AdaBN-F
Lee2019_MI,EEGNetv4,1,13,,,40,150,FM-Full_A-None_AdaBN-F
Lee2019_MI,EEGNetv4,1,14,,,40,150,FM-Full_A-None_AdaBN-F
Lee2019_MI,EEGNetv4,1,18,,,40,150,FM-Full_A-None_AdaBN-F
Lee2019_MI,EEGNetv4,1,20,,,40,150,FM-Full_A-None_AdaBN-F
Lee2019_MI,EEGNetv4,1,33,,,40,150,FM-Full_A-None_AdaBN-F
Lee2019_MI,EEGNetv4,1,45,,,40,150,FM-Full_A-None_AdaBN-F
Lee2019_MI,EEGNetv4,1,49,,,40,150,FM-Full_A-None_AdaBN-F
Lee2019_MI,EEGNetv4,1,50,,,40,150,FM-Full_A-None_AdaBN-F
Lee2019_MI,EEGNetv4,1,53,,,40,150,FM-Full_A-None_AdaBN-F
Lee2019_MI,EEGNetv4,2,5,,,40,150,FM-Full_A-None_AdaBN-F
Lee2019_MI,EEGNetv4,2,7,,,40,150,FM-Full_A-None_AdaBN-F
Lee2019_MI,EEGNetv4,2,9,,,40,150,FM-Full_A-None_AdaBN-F
Lee2019_MI,EEGNetv4,2,16,,,40,150,FM-Full_A-None_AdaBN-F
Lee2019_MI,EEGNetv4,2,25,,,40,150,FM-Full_A-None_AdaBN-F
Lee2019_MI,EEGNetv4,2,27,,,40,150,FM-Full_A-None_AdaBN-F
Lee2019_MI,EEGNetv4,2,34,,,40,150,FM-Full_A-None_AdaBN-F
Lee2019_MI,EEGNetv4,2,35,,,40,150,FM-Full_A-None_AdaBN-F
Lee2019_MI,EEGNetv4,2,38,,,40,150,FM-Full_A-None_AdaBN-F
Lee2019_MI,EEGNetv4,2,46,,,40,150,FM-Full_A-None_AdaBN-F
Lee2019_MI,EEGNetv4,2,51,,,40,150,FM-Full_A-None_AdaBN-F
Lee2019_MI,EEGNetv4,3,1,,,40,150,FM-Full_A-None_AdaBN-F
Lee2019_MI,EEGNetv4,3,10,,,40,150,FM-Full_A-None_AdaBN-F
Lee2019_MI,EEGNetv4,3,12,,,40,150,FM-Full_A-None_AdaBN-F
Lee2019_MI,EEGNetv4,3,17,,,40,150,FM-Full_A-None_AdaBN-F
Lee2019_MI,EEGNetv4,3,26,,,40,150,FM-Full_A-None_AdaBN-F
Lee2019_MI,EEGNetv4,3,28,,,40,150,FM-Full_A-None_AdaBN-F
Lee2019_MI,EEGNetv4,3,31,,,40,150,FM-Full_A-None_AdaBN-F
Lee2019_MI,EEGNetv4,3,32,,,40,150,FM-Full_A-None_AdaBN-F
Lee2019_MI,EEGNetv4,3,37,,,40,150,FM-Full_A-None_AdaBN-F
Lee2019_MI,EEGNetv4,3,41,,,40,150,FM-Full_A-None_AdaBN-F
Lee2019_MI,EEGNetv4,3,48,,,40,150,FM-Full_A-None_AdaBN-F
Lee2019_MI,EEGNetv4,4,2,,,40,150,FM-Full_A-None_AdaBN-F
Lee2019_MI,EEGNetv4,4,3,,,40,150,FM-Full_A-None_AdaBN-F
Lee2019_MI,EEGNetv4,4,11,,,40,150,FM-Full_A-None_AdaBN-F
Lee2019_MI,EEGNetv4,4,22,,,40,150,FM-Full_A-None_AdaBN-F
Lee2019_MI,EEGNetv4,4,24,,,40,150,FM-Full_A-None_AdaBN-F
Lee2019_MI,EEGNetv4,4,30,,,40,150,FM-Full_A-None_AdaBN-F
Lee2019_MI,EEGNetv4,4,36,,,40,150,FM-Full_A-None_AdaBN-F
Lee2019_MI,EEGNetv4,4,40,,,40,150,FM-Full_A-None_AdaBN-F
Lee2019_MI,EEGNetv4,4,42,,,40,150,FM-Full_A-None_AdaBN-F
Lee2019_MI,EEGNetv4,4,44,,,40,150,FM-Full_A-None_AdaBN-F
Lee2019_MI,EEGNetv4,4,47,,,40,150,FM-Full_A-None_AdaBN-F
Lee2019_MI,EEGNetv4,5,8,,,40,150,FM-Full_A-None_AdaBN-F
Lee2019_MI,EEGNetv4,5,15,,,40,150,FM-Full_A-None_AdaBN-F
Lee2019_MI,EEGNetv4,5,19,,,40,150,FM-Full_A-None_AdaBN-F
Lee2019_MI,EEGNetv4,5,21,,,40,150,FM-Full_A-None_AdaBN-F
Lee2019_MI,EEGNetv4,5,23,,,40,150,FM-Full_A-None_AdaBN-F
Lee2019_MI,EEGNetv4,5,29,,,40,150,FM-Full_A-None_AdaBN-F
Lee2019_MI,EEGNetv4,5,39,,,40,150,FM-Full_A-None_AdaBN-F
Lee2019_MI,EEGNetv4,5,43,,,40,150,FM-Full_A-None_AdaBN-F
Lee2019_MI,EEGNetv4,5,52,,,40,150,FM-Full_A-None_AdaBN-F
Lee2019_MI,EEGNetv4,5,54,,,40,150,FM-Full_A-None_AdaBN-F
Lee2019_MI,EEGNetv4,1,4,0.65,0.685,40,150,FM-Full_A-None_AdaBN-F
Lee2019_MI,EEGNetv4,1,6,0.81,0.885,40,150,FM-Full_A-None_AdaBN-F
Lee2019_MI,EEGNetv4,1,13,0.69,0.7,40,150,FM-Full_A-None_AdaBN-F
Lee2019_MI,EEGNetv4,1,14,0.655,0.63,40,150,FM-Full_A-None_AdaBN-F
Lee2019_MI,EEGNetv4,1,18,0.82,0.86,40,150,FM-Full_A-None_AdaBN-F
Lee2019_MI,EEGNetv4,1,20,0.815,0.81,40,150,FM-Full_A-None_AdaBN-F
Lee2019_MI,EEGNetv4,1,33,0.87,0.92,40,150,FM-Full_A-None_AdaBN-F
Lee2019_MI,EEGNetv4,1,45,0.85,0.89,40,150,FM-Full_A-None_AdaBN-F
Lee2019_MI,EEGNetv4,1,49,0.72,0.84,40,150,FM-Full_A-None_AdaBN-F
Lee2019_MI,EEGNetv4,1,50,0.59,0.555,40,150,FM-Full_A-None_AdaBN-F
Lee2019_MI,EEGNetv4,1,53,0.775,0.77,40,150,FM-Full_A-None_AdaBN-F
Lee2019_MI,EEGNetv4,2,5,0.69,0.78,40,150,FM-Full_A-None_AdaBN-F
Lee2019_MI,EEGNetv4,2,7,0.715,0.74,40,150,FM-Full_A-None_AdaBN-F
Lee2019_MI,EEGNetv4,2,9,0.765,0.8,40,150,FM-Full_A-None_AdaBN-F
Lee2019_MI,EEGNetv4,2,16,0.755,0.77,40,150,FM-Full_A-None_AdaBN-F
Lee2019_MI,EEGNetv4,2,25,0.84,0.88,40,150,FM-Full_A-None_AdaBN-F
Lee2019_MI,EEGNetv4,2,27,0.855,0.93,40,150,FM-Full_A-None_AdaBN-F
Lee2019_MI,EEGNetv4,2,34,0.625,0.68,40,150,FM-Full_A-None_AdaBN-F
Lee2019_MI,EEGNetv4,2,35,0.65,0.89,40,150,FM-Full_A-None_AdaBN-F
Lee2019_MI,EEGNetv4,2,38,0.6,0.725,40,150,FM-Full_A-None_AdaBN-F
Lee2019_MI,EEGNetv4,2,46,0.605,0.605,40,150,FM-Full_A-None_AdaBN-F
Lee2019_MI,EEGNetv4,2,51,0.71,0.74,40,150,FM-Full_A-None_AdaBN-F
Lee2019_MI,EEGNetv4,3,1,0.65,0.67,40,150,FM-Full_A-None_AdaBN-F
Lee2019_MI,EEGNetv4,3,10,0.735,0.76,40,150,FM-Full_A-None_AdaBN-F
Lee2019_MI,EEGNetv4,3,12,0.745,0.785,40,150,FM-Full_A-None_AdaBN-F
Lee2019_MI,EEGNetv4,3,17,0.67,0.665,40,150,FM-Full_A-None_AdaBN-F
Lee2019_MI,EEGNetv4,3,26,0.8,0.815,40,150,FM-Full_A-None_AdaBN-F
Lee2019_MI,EEGNetv4,3,28,0.905,0.9,40,150,FM-Full_A-None_AdaBN-F
Lee2019_MI,EEGNetv4,3,31,0.85,0.84,40,150,FM-Full_A-None_AdaBN-F
Lee2019_MI,EEGNetv4,3,32,0.835,0.905,40,150,FM-Full_A-None_AdaBN-F
Lee2019_MI,EEGNetv4,3,37,0.865,0.89,40,150,FM-Full_A-None_AdaBN-F
Lee2019_MI,EEGNetv4,3,41,0.705,0.79,40,150,FM-Full_A-None_AdaBN-F
Lee2019_MI,EEGNetv4,3,48,0.685,0.665,40,150,FM-Full_A-None_AdaBN-F
Lee2019_MI,EEGNetv4,4,2,0.71,0.76,40,150,FM-Full_A-None_AdaBN-F
Lee2019_MI,EEGNetv4,4,3,0.82,0.895,40,150,FM-Full_A-None_AdaBN-F
Lee2019_MI,EEGNetv4,4,11,0.63,0.69,40,150,FM-Full_A-None_AdaBN-F
Lee2019_MI,EEGNetv4,4,22,0.67,0.705,40,150,FM-Full_A-None_AdaBN-F
Lee2019_MI,EEGNetv4,4,24,0.65,0.765,40,150,FM-Full_A-None_AdaBN-F
Lee2019_MI,EEGNetv4,4,30,0.76,0.77,40,150,FM-Full_A-None_AdaBN-F
Lee2019_MI,EEGNetv4,4,36,0.945,0.985,40,150,FM-Full_A-None_AdaBN-F
Lee2019_MI,EEGNetv4,4,40,0.79,0.835,40,150,FM-Full_A-None_AdaBN-F
Lee2019_MI,EEGNetv4,4,42,0.68,0.705,40,150,FM-Full_A-None_AdaBN-F
Lee2019_MI,EEGNetv4,4,44,0.81,0.85,40,150,FM-Full_A-None_AdaBN-F
Lee2019_MI,EEGNetv4,4,47,0.8,0.8,40,150,FM-Full_A-None_AdaBN-F
Lee2019_MI,EEGNetv4,5,8,0.7,0.755,40,150,FM-Full_A-None_AdaBN-F
Lee2019_MI,EEGNetv4,5,15,0.81,0.875,40,150,FM-Full_A-None_AdaBN-F
Lee2019_MI,EEGNetv4,5,19,0.72,0.785,40,150,FM-Full_A-None_AdaBN-F
Lee2019_MI,EEGNetv4,5,21,0.92,0.96,40,150,FM-Full_A-None_AdaBN-F
Lee2019_MI,EEGNetv4,5,23,0.78,0.78,40,150,FM-Full_A-None_AdaBN-F
Lee2019_MI,EEGNetv4,5,29,0.685,0.835,40,150,FM-Full_A-None_AdaBN-F
Lee2019_MI,EEGNetv4,5,39,0.78,0.79,40,150,FM-Full_A-None_AdaBN-F
Lee2019_MI,EEGNetv4,5,43,0.805,0.85,40,150,FM-Full_A-None_AdaBN-F
Lee2019_MI,EEGNetv4,5,52,0.715,0.815,40,150,FM-Full_A-None_AdaBN-F
Lee2019_MI,EEGNetv4,5,54,0.665,0.69,40,150,FM-Full_A-None_AdaBN-F
Lee2019_MI,ShallowConvNet,1,4,0.59,0.625,15,200,FM-Full_A-None_AdaBN-F
Lee2019_MI,ShallowConvNet,1,6,0.77,0.815,15,200,FM-Full_A-None_AdaBN-F
Lee2019_MI,ShallowConvNet,1,13,0.62,0.685,15,200,FM-Full_A-None_AdaBN-F
Lee2019_MI,ShallowConvNet,1,14,0.63,0.655,15,200,FM-Full_A-None_AdaBN-F
Lee2019_MI,ShallowConvNet,1,18,0.645,0.8,15,200,FM-Full_A-None_AdaBN-F
Lee2019_MI,ShallowConvNet,1,20,0.67,0.69,15,200,FM-Full_A-None_AdaBN-F
Lee2019_MI,ShallowConvNet,1,33,0.87,0.885,15,200,FM-Full_A-None_AdaBN-F
Lee2019_MI,ShallowConvNet,1,45,0.755,0.8,15,200,FM-Full_A-None_AdaBN-F
Lee2019_MI,ShallowConvNet,1,49,0.54,0.775,15,200,FM-Full_A-None_AdaBN-F
Lee2019_MI,ShallowConvNet,1,50,0.495,0.615,15,200,FM-Full_A-None_AdaBN-F
Lee2019_MI,ShallowConvNet,1,53,0.705,0.72,15,200,FM-Full_A-None_AdaBN-F
Lee2019_MI,ShallowConvNet,2,5,0.69,0.76,15,200,FM-Full_A-None_AdaBN-F
Lee2019_MI,ShallowConvNet,2,7,0.595,0.705,15,200,FM-Full_A-None_AdaBN-F
Lee2019_MI,ShallowConvNet,2,9,0.745,0.745,15,200,FM-Full_A-None_AdaBN-F
Lee2019_MI,ShallowConvNet,2,16,0.69,0.8,15,200,FM-Full_A-None_AdaBN-F
Lee2019_MI,ShallowConvNet,2,25,0.715,0.825,15,200,FM-Full_A-None_AdaBN-F
Lee2019_MI,ShallowConvNet,2,27,0.58,0.72,15,200,FM-Full_A-None_AdaBN-F
Lee2019_MI,ShallowConvNet,2,34,0.59,0.625,15,200,FM-Full_A-None_AdaBN-F
Lee2019_MI,ShallowConvNet,2,35,0.625,0.88,15,200,FM-Full_A-None_AdaBN-F
Lee2019_MI,ShallowConvNet,2,38,0.62,0.655,15,200,FM-Full_A-None_AdaBN-F
Lee2019_MI,ShallowConvNet,2,46,0.625,0.64,15,200,FM-Full_A-None_AdaBN-F
Lee2019_MI,ShallowConvNet,2,51,0.625,0.65,15,200,FM-Full_A-None_AdaBN-F
Lee2019_MI,ShallowConvNet,3,1,0.68,0.655,15,200,FM-Full_A-None_AdaBN-F
Lee2019_MI,ShallowConvNet,3,10,0.63,0.705,15,200,FM-Full_A-None_AdaBN-F
Lee2019_MI,ShallowConvNet,3,12,0.665,0.72,15,200,FM-Full_A-None_AdaBN-F
Lee2019_MI,ShallowConvNet,3,17,0.61,0.62,15,200,FM-Full_A-None_AdaBN-F
Lee2019_MI,ShallowConvNet,3,26,0.82,0.76,15,200,FM-Full_A-None_AdaBN-F
Lee2019_MI,ShallowConvNet,3,28,0.87,0.84,15,200,FM-Full_A-None_AdaBN-F
Lee2019_MI,ShallowConvNet,3,31,0.765,0.74,15,200,FM-Full_A-None_AdaBN-F
Lee2019_MI,ShallowConvNet,3,32,0.765,0.87,15,200,FM-Full_A-None_AdaBN-F
Lee2019_MI,ShallowConvNet,3,37,0.815,0.915,15,200,FM-Full_A-None_AdaBN-F
Lee2019_MI,ShallowConvNet,3,41,0.645,0.615,15,200,FM-Full_A-None_AdaBN-F
Lee2019_MI,ShallowConvNet,3,48,0.645,0.65,15,200,FM-Full_A-None_AdaBN-F
Lee2019_MI,ShallowConvNet,4,2,0.69,0.74,15,200,FM-Full_A-None_AdaBN-F
Lee2019_MI,ShallowConvNet,4,3,0.71,0.825,15,200,FM-Full_A-None_AdaBN-F
Lee2019_MI,ShallowConvNet,4,11,0.55,0.585,15,200,FM-Full_A-None_AdaBN-F
Lee2019_MI,ShallowConvNet,4,22,0.58,0.63,15,200,FM-Full_A-None_AdaBN-F
Lee2019_MI,ShallowConvNet,4,24,0.57,0.63,15,200,FM-Full_A-None_AdaBN-F
Lee2019_MI,ShallowConvNet,4,30,0.655,0.695,15,200,FM-Full_A-None_AdaBN-F
Lee2019_MI,ShallowConvNet,4,36,0.895,0.925,15,200,FM-Full_A-None_AdaBN-F
Lee2019_MI,ShallowConvNet,4,40,0.74,0.73,15,200,FM-Full_A-None_AdaBN-F
Lee2019_MI,ShallowConvNet,4,42,0.665,0.655,15,200,FM-Full_A-None_AdaBN-F
Lee2019_MI,ShallowConvNet,4,44,0.705,0.79,15,200,FM-Full_A-None_AdaBN-F
Lee2019_MI,ShallowConvNet,4,47,0.735,0.72,15,200,FM-Full_A-None_AdaBN-F
Lee2019_MI,ShallowConvNet,5,8,0.66,0.64,15,200,FM-Full_A-None_AdaBN-F
Lee2019_MI,ShallowConvNet,5,15,0.76,0.75,15,200,FM-Full_A-None_AdaBN-F
Lee2019_MI,ShallowConvNet,5,19,0.715,0.77,15,200,FM-Full_A-None_AdaBN-F
Lee2019_MI,ShallowConvNet,5,21,0.85,0.905,15,200,FM-Full_A-None_AdaBN-F
Lee2019_MI,ShallowConvNet,5,23,0.67,0.685,15,200,FM-Full_A-None_AdaBN-F
Lee2019_MI,ShallowConvNet,5,29,0.74,0.81,15,200,FM-Full_A-None_AdaBN-F
Lee2019_MI,ShallowConvNet,5,39,0.745,0.715,15,200,FM-Full_A-None_AdaBN-F
Lee2019_MI,ShallowConvNet,5,43,0.79,0.765,15,200,FM-Full_A-None_AdaBN-F
Lee2019_MI,ShallowConvNet,5,52,0.745,0.735,15,200,FM-Full_A-None_AdaBN-F
Lee2019_MI,ShallowConvNet,5,54,0.65,0.65,15,200,FM-Full_A-None_AdaBN-F
Lee2019_MI,ShallowConvNet,1,4,,,15,200,FM-Full_A-None_AdaBN-F
Lee2019_MI,ShallowConvNet,1,6,,,15,200,FM-Full_A-None_AdaBN-F
Lee2019_MI,ShallowConvNet,1,13,,,15,200,FM-Full_A-None_AdaBN-F
Lee2019_MI,ShallowConvNet,1,14,,,15,200,FM-Full_A-None_AdaBN-F
Lee2019_MI,ShallowConvNet,1,18,,,15,200,FM-Full_A-None_AdaBN-F
Lee2019_MI,ShallowConvNet,1,20,,,15,200,FM-Full_A-None_AdaBN-F
Lee2019_MI,ShallowConvNet,1,33,,,15,200,FM-Full_A-None_AdaBN-F
Lee2019_MI,ShallowConvNet,1,45,,,15,200,FM-Full_A-None_AdaBN-F
Lee2019_MI,ShallowConvNet,1,49,,,15,200,FM-Full_A-None_AdaBN-F
Lee2019_MI,ShallowConvNet,1,50,,,15,200,FM-Full_A-None_AdaBN-F
Lee2019_MI,ShallowConvNet,1,53,,,15,200,FM-Full_A-None_AdaBN-F
Lee2019_MI,ShallowConvNet,2,5,,,15,200,FM-Full_A-None_AdaBN-F
Lee2019_MI,ShallowConvNet,2,7,,,15,200,FM-Full_A-None_AdaBN-F
Lee2019_MI,ShallowConvNet,2,9,,,15,200,FM-Full_A-None_AdaBN-F
Lee2019_MI,ShallowConvNet,2,16,,,15,200,FM-Full_A-None_AdaBN-F
Lee2019_MI,ShallowConvNet,2,25,,,15,200,FM-Full_A-None_AdaBN-F
Lee2019_MI,ShallowConvNet,2,27,,,15,200,FM-Full_A-None_AdaBN-F
Lee2019_MI,ShallowConvNet,2,34,,,15,200,FM-Full_A-None_AdaBN-F
Lee2019_MI,ShallowConvNet,2,35,,,15,200,FM-Full_A-None_AdaBN-F
Lee2019_MI,ShallowConvNet,2,38,,,15,200,FM-Full_A-None_AdaBN-F
Lee2019_MI,ShallowConvNet,2,46,,,15,200,FM-Full_A-None_AdaBN-F
Lee2019_MI,ShallowConvNet,2,51,,,15,200,FM-Full_A-None_AdaBN-F
Lee2019_MI,ShallowConvNet,3,1,,,15,200,FM-Full_A-None_AdaBN-F
Lee2019_MI,ShallowConvNet,3,10,,,15,200,FM-Full_A-None_AdaBN-F
Lee2019_MI,ShallowConvNet,3,12,,,15,200,FM-Full_A-None_AdaBN-F
Lee2019_MI,ShallowConvNet,3,17,,,15,200,FM-Full_A-None_AdaBN-F
Lee2019_MI,ShallowConvNet,3,26,,,15,200,FM-Full_A-None_AdaBN-F
Lee2019_MI,ShallowConvNet,3,28,,,15,200,FM-Full_A-None_AdaBN-F
Lee2019_MI,ShallowConvNet,3,31,,,15,200,FM-Full_A-None_AdaBN-F
Lee2019_MI,ShallowConvNet,3,32,,,15,200,FM-Full_A-None_AdaBN-F
Lee2019_MI,ShallowConvNet,3,37,,,15,200,FM-Full_A-None_AdaBN-F
Lee2019_MI,ShallowConvNet,3,41,,,15,200,FM-Full_A-None_AdaBN-F
Lee2019_MI,ShallowConvNet,3,48,,,15,200,FM-Full_A-None_AdaBN-F
Lee2019_MI,ShallowConvNet,4,2,,,15,200,FM-Full_A-None_AdaBN-F
Lee2019_MI,ShallowConvNet,4,3,,,15,200,FM-Full_A-None_AdaBN-F
Lee2019_MI,ShallowConvNet,4,11,,,15,200,FM-Full_A-None_AdaBN-F
Lee2019_MI,ShallowConvNet,4,22,,,15,200,FM-Full_A-None_AdaBN-F
Lee2019_MI,ShallowConvNet,4,24,,,15,200,FM-Full_A-None_AdaBN-F
Lee2019_MI,ShallowConvNet,4,30,,,15,200,FM-Full_A-None_AdaBN-F
Lee2019_MI,ShallowConvNet,4,36,,,15,200,FM-Full_A-None_AdaBN-F
Lee2019_MI,ShallowConvNet,4,40,,,15,200,FM-Full_A-None_AdaBN-F
Lee2019_MI,ShallowConvNet,4,42,,,15,200,FM-Full_A-None_AdaBN-F
Lee2019_MI,ShallowConvNet,4,44,,,15,200,FM-Full_A-None_AdaBN-F
Lee2019_MI,ShallowConvNet,4,47,,,15,200,FM-Full_A-None_AdaBN-F
Lee2019_MI,ShallowConvNet,5,8,,,15,200,FM-Full_A-None_AdaBN-F
Lee2019_MI,ShallowConvNet,5,15,,,15,200,FM-Full_A-None_AdaBN-F
Lee2019_MI,ShallowConvNet,5,19,,,15,200,FM-Full_A-None_AdaBN-F
Lee2019_MI,ShallowConvNet,5,21,,,15,200,FM-Full_A-None_AdaBN-F
Lee2019_MI,ShallowConvNet,5,23,,,15,200,FM-Full_A-None_AdaBN-F
Lee2019_MI,ShallowConvNet,5,29,,,15,200,FM-Full_A-None_AdaBN-F
Lee2019_MI,ShallowConvNet,5,39,,,15,200,FM-Full_A-None_AdaBN-F
Lee2019_MI,ShallowConvNet,5,43,,,15,200,FM-Full_A-None_AdaBN-F
Lee2019_MI,ShallowConvNet,5,52,,,15,200,FM-Full_A-None_AdaBN-F
Lee2019_MI,ShallowConvNet,5,54,,,15,200,FM-Full_A-None_AdaBN-F
Yang2025,DeepConvNet,1,4,0.61,0.5433333333333333,10,450,FM-Full_A-None_AdaBN-F
Yang2025,DeepConvNet,1,13,0.7533333333333333,0.7983333333333333,10,450,FM-Full_A-None_AdaBN-F
Yang2025,DeepConvNet,1,14,0.5483333333333333,0.55,10,450,FM-Full_A-None_AdaBN-F
Yang2025,DeepConvNet,1,18,0.6516666666666666,0.6633333333333333,10,450,FM-Full_A-None_AdaBN-F
Yang2025,DeepConvNet,1,25,0.94,0.9583333333333334,10,450,FM-Full_A-None_AdaBN-F
Yang2025,DeepConvNet,1,31,0.7383333333333333,0.7983333333333333,10,450,FM-Full_A-None_AdaBN-F
Yang2025,DeepConvNet,1,32,0.6026711185308848,0.6143572621035058,10,450,FM-Full_A-None_AdaBN-F
Yang2025,DeepConvNet,1,33,0.94,0.965,10,450,FM-Full_A-None_AdaBN-F
Yang2025,DeepConvNet,1,41,0.8716666666666667,0.9083333333333332,10,450,FM-Full_A-None_AdaBN-F
Yang2025,DeepConvNet,1,44,0.7266666666666667,0.7133333333333334,10,450,FM-Full_A-None_AdaBN-F
Yang2025,DeepConvNet,1,47,0.8666666666666667,0.9083333333333332,10,450,FM-Full_A-None_AdaBN-F
Yang2025,DeepConvNet,2,5,0.7533333333333333,0.885,10,450,FM-Full_A-None_AdaBN-F
Yang2025,DeepConvNet,2,7,0.595,0.7966666666666666,10,450,FM-Full_A-None_AdaBN-F
Yang2025,DeepConvNet,2,9,0.5633333333333334,0.7033333333333334,10,450,FM-Full_A-None_AdaBN-F
Yang2025,DeepConvNet,2,16,0.5283333333333333,0.6316666666666667,10,450,FM-Full_A-None_AdaBN-F
Yang2025,DeepConvNet,2,20,0.565,0.9133333333333332,10,450,FM-Full_A-None_AdaBN-F
Yang2025,DeepConvNet,2,34,0.5216666666666666,0.815,10,450,FM-Full_A-None_AdaBN-F
Yang2025,DeepConvNet,2,37,0.61,0.9233333333333332,10,450,FM-Full_A-None_AdaBN-F
Yang2025,DeepConvNet,2,48,0.7133333333333334,0.875,10,450,FM-Full_A-None_AdaBN-F
Yang2025,DeepConvNet,2,49,0.8283333333333334,0.955,10,450,FM-Full_A-None_AdaBN-F
Yang2025,DeepConvNet,2,50,0.66,0.945,10,450,FM-Full_A-None_AdaBN-F
Yang2025,DeepConvNet,3,1,0.935,0.9616666666666668,10,450,FM-Full_A-None_AdaBN-F
Yang2025,DeepConvNet,3,10,0.8366666666666667,0.8766666666666667,10,450,FM-Full_A-None_AdaBN-F
Yang2025,DeepConvNet,3,12,0.6333333333333333,0.5933333333333334,10,450,FM-Full_A-None_AdaBN-F
Yang2025,DeepConvNet,3,17,0.8183333333333334,0.8066666666666666,10,450,FM-Full_A-None_AdaBN-F
Yang2025,DeepConvNet,3,26,0.7863105175292153,0.9265442404006676,10,450,FM-Full_A-None_AdaBN-F
Yang2025,DeepConvNet,3,27,0.64,0.7233333333333334,10,450,FM-Full_A-None_AdaBN-F
Yang2025,DeepConvNet,3,28,0.7983333333333333,0.8983333333333333,10,450,FM-Full_A-None_AdaBN-F
Yang2025,DeepConvNet,3,35,0.9583333333333334,0.9733333333333334,10,450,FM-Full_A-None_AdaBN-F
Yang2025,DeepConvNet,3,45,0.895,0.885,10,450,FM-Full_A-None_AdaBN-F
Yang2025,DeepConvNet,3,46,0.9916666666666668,0.9966666666666668,10,450,FM-Full_A-None_AdaBN-F
Yang2025,DeepConvNet,4,2,0.705,0.67,10,450,FM-Full_A-None_AdaBN-F
Yang2025,DeepConvNet,4,3,0.97,0.97,10,450,FM-Full_A-None_AdaBN-F
Yang2025,DeepConvNet,4,6,0.94,0.965,10,450,FM-Full_A-None_AdaBN-F
Yang2025,DeepConvNet,4,22,0.825,0.875,10,450,FM-Full_A-None_AdaBN-F
Yang2025,DeepConvNet,4,24,0.968013468013468,0.9865319865319864,10,450,FM-Full_A-None_AdaBN-F
Yang2025,DeepConvNet,4,30,0.9416666666666668,0.945,10,450,FM-Full_A-None_AdaBN-F
Yang2025,DeepConvNet,4,36,0.9283333333333332,0.94,10,450,FM-Full_A-None_AdaBN-F
Yang2025,DeepConvNet,4,38,0.5883333333333334,0.735,10,450,FM-Full_A-None_AdaBN-F
Yang2025,DeepConvNet,4,40,0.8416666666666667,0.8616666666666667,10,450,FM-Full_A-None_AdaBN-F
Yang2025,DeepConvNet,4,42,0.835,0.835,10,450,FM-Full_A-None_AdaBN-F
Yang2025,DeepConvNet,5,8,0.9033333333333332,0.9333333333333332,10,450,FM-Full_A-None_AdaBN-F
Yang2025,DeepConvNet,5,11,0.8683333333333333,0.925,10,450,FM-Full_A-None_AdaBN-F
Yang2025,DeepConvNet,5,15,0.7483333333333333,0.8466666666666667,10,450,FM-Full_A-None_AdaBN-F
Yang2025,DeepConvNet,5,19,0.885,0.8733333333333333,10,450,FM-Full_A-None_AdaBN-F
Yang2025,DeepConvNet,5,21,0.8533333333333334,0.8933333333333333,10,450,FM-Full_A-None_AdaBN-F
Yang2025,DeepConvNet,5,23,0.8981636060100167,0.9649415692821368,10,450,FM-Full_A-None_AdaBN-F
Yang2025,DeepConvNet,5,29,0.665,0.84,10,450,FM-Full_A-None_AdaBN-F
Yang2025,DeepConvNet,5,39,0.7166666666666667,0.7716666666666666,10,450,FM-Full_A-None_AdaBN-F
Yang2025,DeepConvNet,5,43,0.9933333333333332,1.0,10,450,FM-Full_A-None_AdaBN-F
Yang2025,DeepConvNet,5,51,0.8966666666666666,0.92,10,450,FM-Full_A-None_AdaBN-F
Huebner2017,DeepConvNet,1,1,0.8959533073929961,0.9762645914396888,6,12500,FM-Full_A-None_AdaBN-F
Huebner2017,DeepConvNet,1,10,0.934850374064838,0.98589463840399,6,12500,FM-Full_A-None_AdaBN-F
Huebner2017,DeepConvNet,1,12,0.8496732026143791,0.9649081854964208,6,12500,FM-Full_A-None_AdaBN-F
Huebner2017,DeepConvNet,2,3,0.8992217898832685,0.9540856031128404,6,12500,FM-Full_A-None_AdaBN-F
Huebner2017,DeepConvNet,2,6,0.9176882661996496,0.98353765323993,6,12500,FM-Full_A-None_AdaBN-F
Huebner2017,DeepConvNet,2,9,0.9480236539060068,0.9770463741051976,6,12500,FM-Full_A-None_AdaBN-F
Huebner2017,DeepConvNet,3,2,0.9048397136632432,0.96171802054155,6,12500,FM-Full_A-None_AdaBN-F
Huebner2017,DeepConvNet,3,5,0.8848428260192966,0.939386865857454,6,12500,FM-Full_A-None_AdaBN-F
Huebner2017,DeepConvNet,3,13,0.924286047778383,0.9754882888491168,6,12500,FM-Full_A-None_AdaBN-F
Huebner2017,DeepConvNet,4,8,0.7975097276264591,0.9121400778210116,6,12500,FM-Full_A-None_AdaBN-F
Huebner2017,DeepConvNet,4,11,0.8187407580356448,0.8827924352089657,6,12500,FM-Full_A-None_AdaBN-F
Huebner2017,DeepConvNet,5,4,0.944046692607004,0.9859922178988328,6,12500,FM-Full_A-None_AdaBN-F
Huebner2017,DeepConvNet,5,7,0.9451447245564892,0.9919856831621536,6,12500,FM-Full_A-None_AdaBN-F
Lee2019_SSVEP,EEGNetv4,1,4,0.995,1.0,20,100,FM-Full_A-None_AdaBN-F
Lee2019_SSVEP,EEGNetv4,1,6,0.99,1.0,20,100,FM-Full_A-None_AdaBN-F
Lee2019_SSVEP,EEGNetv4,1,13,0.975,0.995,20,100,FM-Full_A-None_AdaBN-F
Lee2019_SSVEP,EEGNetv4,1,14,0.935,0.965,20,100,FM-Full_A-None_AdaBN-F
Lee2019_SSVEP,EEGNetv4,1,18,0.995,1.0,20,100,FM-Full_A-None_AdaBN-F
Lee2019_SSVEP,EEGNetv4,1,20,0.945,0.97,20,100,FM-Full_A-None_AdaBN-F
Lee2019_SSVEP,EEGNetv4,1,33,1.0,1.0,20,100,FM-Full_A-None_AdaBN-F
Lee2019_SSVEP,EEGNetv4,1,45,0.97,0.98,20,100,FM-Full_A-None_AdaBN-F
Lee2019_SSVEP,EEGNetv4,1,49,0.99,1.0,20,100,FM-Full_A-None_AdaBN-F
Lee2019_SSVEP,EEGNetv4,1,50,0.985,0.995,20,100,FM-Full_A-None_AdaBN-F
Lee2019_SSVEP,EEGNetv4,1,53,1.0,1.0,20,100,FM-Full_A-None_AdaBN-F
Lee2019_SSVEP,EEGNetv4,2,5,0.78,0.835,20,100,FM-Full_A-None_AdaBN-F
Lee2019_SSVEP,EEGNetv4,2,7,0.965,0.99,20,100,FM-Full_A-None_AdaBN-F
Lee2019_SSVEP,EEGNetv4,2,9,0.98,0.985,20,100,FM-Full_A-None_AdaBN-F
Lee2019_SSVEP,EEGNetv4,2,16,0.995,0.995,20,100,FM-Full_A-None_AdaBN-F
Lee2019_SSVEP,EEGNetv4,2,25,0.945,0.965,20,100,FM-Full_A-None_AdaBN-F
Lee2019_SSVEP,EEGNetv4,2,27,0.99,0.995,20,100,FM-Full_A-None_AdaBN-F
Lee2019_SSVEP,EEGNetv4,2,34,0.805,0.915,20,100,FM-Full_A-None_AdaBN-F
Lee2019_SSVEP,EEGNetv4,2,35,0.975,0.995,20,100,FM-Full_A-None_AdaBN-F
Lee2019_SSVEP,EEGNetv4,2,38,0.985,0.99,20,100,FM-Full_A-None_AdaBN-F
Lee2019_SSVEP,EEGNetv4,2,46,0.995,0.995,20,100,FM-Full_A-None_AdaBN-F
Lee2019_SSVEP,EEGNetv4,2,51,0.755,0.825,20,100,FM-Full_A-None_AdaBN-F
Lee2019_SSVEP,EEGNetv4,3,1,0.95,0.945,20,100,FM-Full_A-None_AdaBN-F
Lee2019_SSVEP,EEGNetv4,3,10,0.99,0.99,20,100,FM-Full_A-None_AdaBN-F
Lee2019_SSVEP,EEGNetv4,3,12,0.965,0.955,20,100,FM-Full_A-None_AdaBN-F
Lee2019_SSVEP,EEGNetv4,3,17,0.945,0.97,20,100,FM-Full_A-None_AdaBN-F
Lee2019_SSVEP,EEGNetv4,3,26,0.95,0.995,20,100,FM-Full_A-None_AdaBN-F
Lee2019_SSVEP,EEGNetv4,3,28,0.98,0.985,20,100,FM-Full_A-None_AdaBN-F
Lee2019_SSVEP,EEGNetv4,3,31,0.985,0.995,20,100,FM-Full_A-None_AdaBN-F
Lee2019_SSVEP,EEGNetv4,3,32,0.635,0.82,20,100,FM-Full_A-None_AdaBN-F
Lee2019_SSVEP,EEGNetv4,3,37,0.995,0.99,20,100,FM-Full_A-None_AdaBN-F
Lee2019_SSVEP,EEGNetv4,3,41,0.98,0.985,20,100,FM-Full_A-None_AdaBN-F
Lee2019_SSVEP,EEGNetv4,3,48,0.995,0.995,20,100,FM-Full_A-None_AdaBN-F
Lee2019_SSVEP,EEGNetv4,4,2,0.98,0.99,20,100,FM-Full_A-None_AdaBN-F
Lee2019_SSVEP,EEGNetv4,4,3,0.945,0.945,20,100,FM-Full_A-None_AdaBN-F
Lee2019_SSVEP,EEGNetv4,4,11,1.0,1.0,20,100,FM-Full_A-None_AdaBN-F
Lee2019_SSVEP,EEGNetv4,4,22,0.86,0.88,20,100,FM-Full_A-None_AdaBN-F
Lee2019_SSVEP,EEGNetv4,4,24,0.98,0.98,20,100,FM-Full_A-None_AdaBN-F
Lee2019_SSVEP,EEGNetv4,4,30,0.94,0.97,20,100,FM-Full_A-None_AdaBN-F
Lee2019_SSVEP,EEGNetv4,4,36,1.0,1.0,20,100,FM-Full_A-None_AdaBN-F
Lee2019_SSVEP,EEGNetv4,4,40,0.94,0.95,20,100,FM-Full_A-None_AdaBN-F
Lee2019_SSVEP,EEGNetv4,4,42,0.79,0.81,20,100,FM-Full_A-None_AdaBN-F
Lee2019_SSVEP,EEGNetv4,4,44,0.995,0.995,20,100,FM-Full_A-None_AdaBN-F
Lee2019_SSVEP,EEGNetv4,4,47,0.625,0.605,20,100,FM-Full_A-None_AdaBN-F
Lee2019_SSVEP,EEGNetv4,5,8,0.925,0.94,20,100,FM-Full_A-None_AdaBN-F
Lee2019_SSVEP,EEGNetv4,5,15,0.88,0.99,20,100,FM-Full_A-None_AdaBN-F
Lee2019_SSVEP,EEGNetv4,5,19,0.99,0.99,20,100,FM-Full_A-None_AdaBN-F
Lee2019_SSVEP,EEGNetv4,5,21,0.79,0.955,20,100,FM-Full_A-None_AdaBN-F
Lee2019_SSVEP,EEGNetv4,5,23,0.3,0.52,20,100,FM-Full_A-None_AdaBN-F
Lee2019_SSVEP,EEGNetv4,5,29,0.855,0.98,20,100,FM-Full_A-None_AdaBN-F
Lee2019_SSVEP,EEGNetv4,5,39,0.995,1.0,20,100,FM-Full_A-None_AdaBN-F
Lee2019_SSVEP,EEGNetv4,5,43,1.0,1.0,20,100,FM-Full_A-None_AdaBN-F
Lee2019_SSVEP,EEGNetv4,5,52,0.905,0.95,20,100,FM-Full_A-None_AdaBN-F
Lee2019_SSVEP,EEGNetv4,5,54,0.68,0.87,20,100,FM-Full_A-None_AdaBN-F
Lee2019_SSVEP,EEGNetv4,1,4,,,20,100,FM-Full_A-None_AdaBN-F
Lee2019_SSVEP,EEGNetv4,1,6,,,20,100,FM-Full_A-None_AdaBN-F
Lee2019_SSVEP,EEGNetv4,1,13,,,20,100,FM-Full_A-None_AdaBN-F
Lee2019_SSVEP,EEGNetv4,1,14,,,20,100,FM-Full_A-None_AdaBN-F
Lee2019_SSVEP,EEGNetv4,1,18,,,20,100,FM-Full_A-None_AdaBN-F
Lee2019_SSVEP,EEGNetv4,1,20,,,20,100,FM-Full_A-None_AdaBN-F
Lee2019_SSVEP,EEGNetv4,1,33,,,20,100,FM-Full_A-None_AdaBN-F
Lee2019_SSVEP,EEGNetv4,1,45,,,20,100,FM-Full_A-None_AdaBN-F
Lee2019_SSVEP,EEGNetv4,1,49,,,20,100,FM-Full_A-None_AdaBN-F
Lee2019_SSVEP,EEGNetv4,1,50,,,20,100,FM-Full_A-None_AdaBN-F
Lee2019_SSVEP,EEGNetv4,1,53,,,20,100,FM-Full_A-None_AdaBN-F
Lee2019_SSVEP,EEGNetv4,2,5,,,20,100,FM-Full_A-None_AdaBN-F
Lee2019_SSVEP,EEGNetv4,2,7,,,20,100,FM-Full_A-None_AdaBN-F
Lee2019_SSVEP,EEGNetv4,2,9,,,20,100,FM-Full_A-None_AdaBN-F
Lee2019_SSVEP,EEGNetv4,2,16,,,20,100,FM-Full_A-None_AdaBN-F
Lee2019_SSVEP,EEGNetv4,2,25,,,20,100,FM-Full_A-None_AdaBN-F
Lee2019_SSVEP,EEGNetv4,2,27,,,20,100,FM-Full_A-None_AdaBN-F
Lee2019_SSVEP,EEGNetv4,2,34,,,20,100,FM-Full_A-None_AdaBN-F
Lee2019_SSVEP,EEGNetv4,2,35,,,20,100,FM-Full_A-None_AdaBN-F
Lee2019_SSVEP,EEGNetv4,2,38,,,20,100,FM-Full_A-None_AdaBN-F
Lee2019_SSVEP,EEGNetv4,2,46,,,20,100,FM-Full_A-None_AdaBN-F
Lee2019_SSVEP,EEGNetv4,2,51,,,20,100,FM-Full_A-None_AdaBN-F
Lee2019_SSVEP,EEGNetv4,3,1,,,20,100,FM-Full_A-None_AdaBN-F
Lee2019_SSVEP,EEGNetv4,3,10,,,20,100,FM-Full_A-None_AdaBN-F
Lee2019_SSVEP,EEGNetv4,3,12,,,20,100,FM-Full_A-None_AdaBN-F
Lee2019_SSVEP,EEGNetv4,3,17,,,20,100,FM-Full_A-None_AdaBN-F
Lee2019_SSVEP,EEGNetv4,3,26,,,20,100,FM-Full_A-None_AdaBN-F
Lee2019_SSVEP,EEGNetv4,3,28,,,20,100,FM-Full_A-None_AdaBN-F
Lee2019_SSVEP,EEGNetv4,3,31,,,20,100,FM-Full_A-None_AdaBN-F
Lee2019_SSVEP,EEGNetv4,3,32,,,20,100,FM-Full_A-None_AdaBN-F
Lee2019_SSVEP,EEGNetv4,3,37,,,20,100,FM-Full_A-None_AdaBN-F
Lee2019_SSVEP,EEGNetv4,3,41,,,20,100,FM-Full_A-None_AdaBN-F
Lee2019_SSVEP,EEGNetv4,3,48,,,20,100,FM-Full_A-None_AdaBN-F
Lee2019_SSVEP,EEGNetv4,4,2,,,20,100,FM-Full_A-None_AdaBN-F
Lee2019_SSVEP,EEGNetv4,4,3,,,20,100,FM-Full_A-None_AdaBN-F
Lee2019_SSVEP,EEGNetv4,4,11,,,20,100,FM-Full_A-None_AdaBN-F
Lee2019_SSVEP,EEGNetv4,4,22,,,20,100,FM-Full_A-None_AdaBN-F
Lee2019_SSVEP,EEGNetv4,4,24,,,20,100,FM-Full_A-None_AdaBN-F
Lee2019_SSVEP,EEGNetv4,4,30,,,20,100,FM-Full_A-None_AdaBN-F
Lee2019_SSVEP,EEGNetv4,4,36,,,20,100,FM-Full_A-None_AdaBN-F
Lee2019_SSVEP,EEGNetv4,4,40,,,20,100,FM-Full_A-None_AdaBN-F
Lee2019_SSVEP,EEGNetv4,4,42,,,20,100,FM-Full_A-None_AdaBN-F
Lee2019_SSVEP,EEGNetv4,4,44,,,20,100,FM-Full_A-None_AdaBN-F
Lee2019_SSVEP,EEGNetv4,4,47,,,20,100,FM-Full_A-None_AdaBN-F
Lee2019_SSVEP,EEGNetv4,5,8,,,20,100,FM-Full_A-None_AdaBN-F
Lee2019_SSVEP,EEGNetv4,5,15,,,20,100,FM-Full_A-None_AdaBN-F
Lee2019_SSVEP,EEGNetv4,5,19,,,20,100,FM-Full_A-None_AdaBN-F
Lee2019_SSVEP,EEGNetv4,5,21,,,20,100,FM-Full_A-None_AdaBN-F
Lee2019_SSVEP,EEGNetv4,5,23,,,20,100,FM-Full_A-None_AdaBN-F
Lee2019_SSVEP,EEGNetv4,5,29,,,20,100,FM-Full_A-None_AdaBN-F
Lee2019_SSVEP,EEGNetv4,5,39,,,20,100,FM-Full_A-None_AdaBN-F
Lee2019_SSVEP,EEGNetv4,5,43,,,20,100,FM-Full_A-None_AdaBN-F
Lee2019_SSVEP,EEGNetv4,5,52,,,20,100,FM-Full_A-None_AdaBN-F
Lee2019_SSVEP,EEGNetv4,5,54,,,20,100,FM-Full_A-None_AdaBN-F
BNCI2014_001,ATCNet,1,2,,,8,375,FM-Full_A-None_AdaBN-F
BNCI2014_001,ATCNet,1,8,,,8,375,FM-Full_A-None_AdaBN-F
BNCI2014_001,ATCNet,2,1,,,8,375,FM-Full_A-None_AdaBN-F
BNCI2014_001,ATCNet,2,6,,,8,375,FM-Full_A-None_AdaBN-F
BNCI2014_001,ATCNet,3,3,,,8,375,FM-Full_A-None_AdaBN-F
BNCI2014_001,ATCNet,3,9,,,8,375,FM-Full_A-None_AdaBN-F
BNCI2014_001,ATCNet,4,4,,,8,375,FM-Full_A-None_AdaBN-F
BNCI2014_001,ATCNet,4,5,,,8,375,FM-Full_A-None_AdaBN-F
BNCI2014_001,ATCNet,5,7,,,8,375,FM-Full_A-None_AdaBN-F
BNCI2014_001,ATCNet,1,2,0.3454861111111111,0.5486111111111112,8,375,FM-Full_A-None_AdaBN-F
BNCI2014_001,ATCNet,1,8,0.5989583333333334,0.7916666666666666,8,375,FM-Full_A-None_AdaBN-F
BNCI2014_001,ATCNet,2,1,0.6232638888888888,0.7395833333333334,8,375,FM-Full_A-None_AdaBN-F
BNCI2014_001,ATCNet,2,6,0.3715277777777778,0.5642361111111112,8,375,FM-Full_A-None_AdaBN-F
BNCI2014_001,ATCNet,3,3,0.7152777777777778,0.8541666666666666,8,375,FM-Full_A-None_AdaBN-F
BNCI2014_001,ATCNet,3,9,0.5642361111111112,0.8142361111111112,8,375,FM-Full_A-None_AdaBN-F
BNCI2014_001,ATCNet,4,4,0.4201388888888889,0.6284722222222222,8,375,FM-Full_A-None_AdaBN-F
BNCI2014_001,ATCNet,4,5,0.3628472222222222,0.59375,8,375,FM-Full_A-None_AdaBN-F
BNCI2014_001,ATCNet,5,7,0.453125,0.7482638888888888,8,375,FM-Full_A-None_AdaBN-F
Lee2019_MI,EEGNetv4,1,4,,,50,60,FM-Full_A-None_AdaBN-F
Lee2019_MI,EEGNetv4,1,6,,,50,60,FM-Full_A-None_AdaBN-F
Lee2019_MI,EEGNetv4,1,13,,,50,60,FM-Full_A-None_AdaBN-F
Lee2019_MI,EEGNetv4,1,14,,,50,60,FM-Full_A-None_AdaBN-F
Lee2019_MI,EEGNetv4,1,18,,,50,60,FM-Full_A-None_AdaBN-F
Lee2019_MI,EEGNetv4,1,20,,,50,60,FM-Full_A-None_AdaBN-F
Lee2019_MI,EEGNetv4,1,33,,,50,60,FM-Full_A-None_AdaBN-F
Lee2019_MI,EEGNetv4,1,45,,,50,60,FM-Full_A-None_AdaBN-F
Lee2019_MI,EEGNetv4,1,49,,,50,60,FM-Full_A-None_AdaBN-F
Lee2019_MI,EEGNetv4,1,50,,,50,60,FM-Full_A-None_AdaBN-F
Lee2019_MI,EEGNetv4,1,53,,,50,60,FM-Full_A-None_AdaBN-F
Lee2019_MI,EEGNetv4,2,5,,,50,60,FM-Full_A-None_AdaBN-F
Lee2019_MI,EEGNetv4,2,7,,,50,60,FM-Full_A-None_AdaBN-F
Lee2019_MI,EEGNetv4,2,9,,,50,60,FM-Full_A-None_AdaBN-F
Lee2019_MI,EEGNetv4,2,16,,,50,60,FM-Full_A-None_AdaBN-F
Lee2019_MI,EEGNetv4,2,25,,,50,60,FM-Full_A-None_AdaBN-F
Lee2019_MI,EEGNetv4,2,27,,,50,60,FM-Full_A-None_AdaBN-F
Lee2019_MI,EEGNetv4,2,34,,,50,60,FM-Full_A-None_AdaBN-F
Lee2019_MI,EEGNetv4,2,35,,,50,60,FM-Full_A-None_AdaBN-F
Lee2019_MI,EEGNetv4,2,38,,,50,60,FM-Full_A-None_AdaBN-F
Lee2019_MI,EEGNetv4,2,46,,,50,60,FM-Full_A-None_AdaBN-F
Lee2019_MI,EEGNetv4,2,51,,,50,60,FM-Full_A-None_AdaBN-F
Lee2019_MI,EEGNetv4,3,1,,,50,60,FM-Full_A-None_AdaBN-F
Lee2019_MI,EEGNetv4,3,10,,,50,60,FM-Full_A-None_AdaBN-F
Lee2019_MI,EEGNetv4,3,12,,,50,60,FM-Full_A-None_AdaBN-F
Lee2019_MI,EEGNetv4,3,17,,,50,60,FM-Full_A-None_AdaBN-F
Lee2019_MI,EEGNetv4,3,26,,,50,60,FM-Full_A-None_AdaBN-F
Lee2019_MI,EEGNetv4,3,28,,,50,60,FM-Full_A-None_AdaBN-F
Lee2019_MI,EEGNetv4,3,31,,,50,60,FM-Full_A-None_AdaBN-F
Lee2019_MI,EEGNetv4,3,32,,,50,60,FM-Full_A-None_AdaBN-F
Lee2019_MI,EEGNetv4,3,37,,,50,60,FM-Full_A-None_AdaBN-F
Lee2019_MI,EEGNetv4,3,41,,,50,60,FM-Full_A-None_AdaBN-F
Lee2019_MI,EEGNetv4,3,48,,,50,60,FM-Full_A-None_AdaBN-F
Lee2019_MI,EEGNetv4,4,2,,,50,60,FM-Full_A-None_AdaBN-F
Lee2019_MI,EEGNetv4,4,3,,,50,60,FM-Full_A-None_AdaBN-F
Lee2019_MI,EEGNetv4,4,11,,,50,60,FM-Full_A-None_AdaBN-F
Lee2019_MI,EEGNetv4,4,22,,,50,60,FM-Full_A-None_AdaBN-F
Lee2019_MI,EEGNetv4,4,24,,,50,60,FM-Full_A-None_AdaBN-F
Lee2019_MI,EEGNetv4,4,30,,,50,60,FM-Full_A-None_AdaBN-F
Lee2019_MI,EEGNetv4,4,36,,,50,60,FM-Full_A-None_AdaBN-F
Lee2019_MI,EEGNetv4,4,40,,,50,60,FM-Full_A-None_AdaBN-F
Lee2019_MI,EEGNetv4,4,42,,,50,60,FM-Full_A-None_AdaBN-F
Lee2019_MI,EEGNetv4,4,44,,,50,60,FM-Full_A-None_AdaBN-F
Lee2019_MI,EEGNetv4,4,47,,,50,60,FM-Full_A-None_AdaBN-F
Lee2019_MI,EEGNetv4,5,8,,,50,60,FM-Full_A-None_AdaBN-F
Lee2019_MI,EEGNetv4,5,15,,,50,60,FM-Full_A-None_AdaBN-F
Lee2019_MI,EEGNetv4,5,19,,,50,60,FM-Full_A-None_AdaBN-F
Lee2019_MI,EEGNetv4,5,21,,,50,60,FM-Full_A-None_AdaBN-F
Lee2019_MI,EEGNetv4,5,23,,,50,60,FM-Full_A-None_AdaBN-F
Lee2019_MI,EEGNetv4,5,29,,,50,60,FM-Full_A-None_AdaBN-F
Lee2019_MI,EEGNetv4,5,39,,,50,60,FM-Full_A-None_AdaBN-F
Lee2019_MI,EEGNetv4,5,43,,,50,60,FM-Full_A-None_AdaBN-F
Lee2019_MI,EEGNetv4,5,52,,,50,60,FM-Full_A-None_AdaBN-F
Lee2019_MI,EEGNetv4,5,54,,,50,60,FM-Full_A-None_AdaBN-F
Lee2019_MI,EEGNetv4,1,4,0.61,0.69,50,60,FM-Full_A-None_AdaBN-F
Lee2019_MI,EEGNetv4,1,6,0.825,0.865,50,60,FM-Full_A-None_AdaBN-F
Lee2019_MI,EEGNetv4,1,13,0.7,0.655,50,60,FM-Full_A-None_AdaBN-F
Lee2019_MI,EEGNetv4,1,14,0.64,0.59,50,60,FM-Full_A-None_AdaBN-F
Lee2019_MI,EEGNetv4,1,18,0.765,0.815,50,60,FM-Full_A-None_AdaBN-F
Lee2019_MI,EEGNetv4,1,20,0.775,0.775,50,60,FM-Full_A-None_AdaBN-F
Lee2019_MI,EEGNetv4,1,33,0.845,0.855,50,60,FM-Full_A-None_AdaBN-F
Lee2019_MI,EEGNetv4,1,45,0.765,0.825,50,60,FM-Full_A-None_AdaBN-F
Lee2019_MI,EEGNetv4,1,49,0.735,0.825,50,60,FM-Full_A-None_AdaBN-F
Lee2019_MI,EEGNetv4,1,50,0.555,0.59,50,60,FM-Full_A-None_AdaBN-F
Lee2019_MI,EEGNetv4,1,53,0.755,0.76,50,60,FM-Full_A-None_AdaBN-F
Lee2019_MI,EEGNetv4,2,5,0.64,0.725,50,60,FM-Full_A-None_AdaBN-F
Lee2019_MI,EEGNetv4,2,7,0.63,0.69,50,60,FM-Full_A-None_AdaBN-F
Lee2019_MI,EEGNetv4,2,9,0.67,0.725,50,60,FM-Full_A-None_AdaBN-F
Lee2019_MI,EEGNetv4,2,16,0.68,0.73,50,60,FM-Full_A-None_AdaBN-F
Lee2019_MI,EEGNetv4,2,25,0.825,0.87,50,60,FM-Full_A-None_AdaBN-F
Lee2019_MI,EEGNetv4,2,27,0.875,0.9,50,60,FM-Full_A-None_AdaBN-F
Lee2019_MI,EEGNetv4,2,34,0.615,0.66,50,60,FM-Full_A-None_AdaBN-F
Lee2019_MI,EEGNetv4,2,35,0.805,0.93,50,60,FM-Full_A-None_AdaBN-F
Lee2019_MI,EEGNetv4,2,38,0.595,0.695,50,60,FM-Full_A-None_AdaBN-F
Lee2019_MI,EEGNetv4,2,46,0.53,0.57,50,60,FM-Full_A-None_AdaBN-F
Lee2019_MI,EEGNetv4,2,51,0.73,0.72,50,60,FM-Full_A-None_AdaBN-F
Lee2019_MI,EEGNetv4,3,1,0.595,0.575,50,60,FM-Full_A-None_AdaBN-F
Lee2019_MI,EEGNetv4,3,10,0.65,0.64,50,60,FM-Full_A-None_AdaBN-F
Lee2019_MI,EEGNetv4,3,12,0.69,0.69,50,60,FM-Full_A-None_AdaBN-F
Lee2019_MI,EEGNetv4,3,17,0.565,0.565,50,60,FM-Full_A-None_AdaBN-F
Lee2019_MI,EEGNetv4,3,26,0.75,0.78,50,60,FM-Full_A-None_AdaBN-F
Lee2019_MI,EEGNetv4,3,28,0.78,0.765,50,60,FM-Full_A-None_AdaBN-F
Lee2019_MI,EEGNetv4,3,31,0.775,0.8,50,60,FM-Full_A-None_AdaBN-F
Lee2019_MI,EEGNetv4,3,32,0.69,0.735,50,60,FM-Full_A-None_AdaBN-F
Lee2019_MI,EEGNetv4,3,37,0.68,0.705,50,60,FM-Full_A-None_AdaBN-F
Lee2019_MI,EEGNetv4,3,41,0.69,0.71,50,60,FM-Full_A-None_AdaBN-F
Lee2019_MI,EEGNetv4,3,48,0.62,0.62,50,60,FM-Full_A-None_AdaBN-F
Lee2019_MI,EEGNetv4,4,2,0.725,0.685,50,60,FM-Full_A-None_AdaBN-F
Lee2019_MI,EEGNetv4,4,3,0.775,0.78,50,60,FM-Full_A-None_AdaBN-F
Lee2019_MI,EEGNetv4,4,11,0.62,0.7,50,60,FM-Full_A-None_AdaBN-F
Lee2019_MI,EEGNetv4,4,22,0.63,0.625,50,60,FM-Full_A-None_AdaBN-F
Lee2019_MI,EEGNetv4,4,24,0.675,0.725,50,60,FM-Full_A-None_AdaBN-F
Lee2019_MI,EEGNetv4,4,30,0.645,0.705,50,60,FM-Full_A-None_AdaBN-F
Lee2019_MI,EEGNetv4,4,36,0.9,0.935,50,60,FM-Full_A-None_AdaBN-F
Lee2019_MI,EEGNetv4,4,40,0.72,0.785,50,60,FM-Full_A-None_AdaBN-F
Lee2019_MI,EEGNetv4,4,42,0.65,0.665,50,60,FM-Full_A-None_AdaBN-F
Lee2019_MI,EEGNetv4,4,44,0.68,0.735,50,60,FM-Full_A-None_AdaBN-F
Lee2019_MI,EEGNetv4,4,47,0.775,0.77,50,60,FM-Full_A-None_AdaBN-F
Lee2019_MI,EEGNetv4,5,8,0.59,0.665,50,60,FM-Full_A-None_AdaBN-F
Lee2019_MI,EEGNetv4,5,15,0.785,0.82,50,60,FM-Full_A-None_AdaBN-F
Lee2019_MI,EEGNetv4,5,19,0.625,0.695,50,60,FM-Full_A-None_AdaBN-F
Lee2019_MI,EEGNetv4,5,21,0.835,0.88,50,60,FM-Full_A-None_AdaBN-F
Lee2019_MI,EEGNetv4,5,23,0.605,0.62,50,60,FM-Full_A-None_AdaBN-F
Lee2019_MI,EEGNetv4,5,29,0.69,0.79,50,60,FM-Full_A-None_AdaBN-F
Lee2019_MI,EEGNetv4,5,39,0.64,0.68,50,60,FM-Full_A-None_AdaBN-F
Lee2019_MI,EEGNetv4,5,43,0.715,0.81,50,60,FM-Full_A-None_AdaBN-F
Lee2019_MI,EEGNetv4,5,52,0.7,0.76,50,60,FM-Full_A-None_AdaBN-F
Lee2019_MI,EEGNetv4,5,54,0.625,0.63,50,60,FM-Full_A-None_AdaBN-F
BNCI2014_001,EEGNetv4,1,2,0.3142361111111111,0.5,3,500,FM-Full_A-None_AdaBN-F
BNCI2014_001,EEGNetv4,1,8,0.4600694444444444,0.7638888888888888,3,500,FM-Full_A-None_AdaBN-F
BNCI2014_001,EEGNetv4,2,1,0.4513888888888889,0.7239583333333334,3,500,FM-Full_A-None_AdaBN-F
BNCI2014_001,EEGNetv4,2,6,0.40625,0.5364583333333334,3,500,FM-Full_A-None_AdaBN-F
BNCI2014_001,EEGNetv4,3,3,0.625,0.7951388888888888,3,500,FM-Full_A-None_AdaBN-F
BNCI2014_001,EEGNetv4,3,9,0.3454861111111111,0.7065972222222222,3,500,FM-Full_A-None_AdaBN-F
BNCI2014_001,EEGNetv4,4,4,0.4409722222222222,0.6145833333333334,3,500,FM-Full_A-None_AdaBN-F
BNCI2014_001,EEGNetv4,4,5,0.3020833333333333,0.5347222222222222,3,500,FM-Full_A-None_AdaBN-F
BNCI2014_001,EEGNetv4,5,7,0.4635416666666667,0.6111111111111112,3,500,FM-Full_A-None_AdaBN-F
BNCI2014_001,EEGNetv4,1,2,,,3,500,FM-Full_A-None_AdaBN-F
BNCI2014_001,EEGNetv4,1,8,,,3,500,FM-Full_A-None_AdaBN-F
BNCI2014_001,EEGNetv4,2,1,,,3,500,FM-Full_A-None_AdaBN-F
BNCI2014_001,EEGNetv4,2,6,,,3,500,FM-Full_A-None_AdaBN-F
BNCI2014_001,EEGNetv4,3,3,,,3,500,FM-Full_A-None_AdaBN-F
BNCI2014_001,EEGNetv4,3,9,,,3,500,FM-Full_A-None_AdaBN-F
BNCI2014_001,EEGNetv4,4,4,,,3,500,FM-Full_A-None_AdaBN-F
BNCI2014_001,EEGNetv4,4,5,,,3,500,FM-Full_A-None_AdaBN-F
BNCI2014_001,EEGNetv4,5,7,,,3,500,FM-Full_A-None_AdaBN-F
Kalunga2016,EEGNetv4,1,1,,,8,64,FM-Full_A-None_AdaBN-F
Kalunga2016,EEGNetv4,1,10,,,8,64,FM-Full_A-None_AdaBN-F
Kalunga2016,EEGNetv4,1,11,,,8,64,FM-Full_A-None_AdaBN-F
Kalunga2016,EEGNetv4,2,3,,,8,64,FM-Full_A-None_AdaBN-F
Kalunga2016,EEGNetv4,2,6,,,8,64,FM-Full_A-None_AdaBN-F
Kalunga2016,EEGNetv4,2,9,,,8,64,FM-Full_A-None_AdaBN-F
Kalunga2016,EEGNetv4,3,2,,,8,64,FM-Full_A-None_AdaBN-F
Kalunga2016,EEGNetv4,3,12,,,8,64,FM-Full_A-None_AdaBN-F
Kalunga2016,EEGNetv4,4,5,,,8,64,FM-Full_A-None_AdaBN-F
Kalunga2016,EEGNetv4,4,8,,,8,64,FM-Full_A-None_AdaBN-F
Kalunga2016,EEGNetv4,5,4,,,8,64,FM-Full_A-None_AdaBN-F
Kalunga2016,EEGNetv4,5,7,,,8,64,FM-Full_A-None_AdaBN-F
Kalunga2016,EEGNetv4,1,1,0.203125,0.203125,8,64,FM-Full_A-None_AdaBN-F
Kalunga2016,EEGNetv4,1,10,0.328125,0.3828125,8,64,FM-Full_A-None_AdaBN-F
Kalunga2016,EEGNetv4,1,11,0.1875,0.171875,8,64,FM-Full_A-None_AdaBN-F
Kalunga2016,EEGNetv4,2,3,0.296875,0.3125,8,64,FM-Full_A-None_AdaBN-F
Kalunga2016,EEGNetv4,2,6,0.34375,0.375,8,64,FM-Full_A-None_AdaBN-F
Kalunga2016,EEGNetv4,2,9,0.28125,0.34375,8,64,FM-Full_A-None_AdaBN-F
Kalunga2016,EEGNetv4,3,2,0.3125,0.265625,8,64,FM-Full_A-None_AdaBN-F
Kalunga2016,EEGNetv4,3,12,0.39375,0.3875,8,64,FM-Full_A-None_AdaBN-F
Kalunga2016,EEGNetv4,4,5,0.265625,0.3125,8,64,FM-Full_A-None_AdaBN-F
Kalunga2016,EEGNetv4,4,8,0.34375,0.359375,8,64,FM-Full_A-None_AdaBN-F
Kalunga2016,EEGNetv4,5,4,0.34375,0.3125,8,64,FM-Full_A-None_AdaBN-F
Kalunga2016,EEGNetv4,5,7,0.4583333333333333,0.46875,8,64,FM-Full_A-None_AdaBN-F
BNCI2014_001,EEGNetv4,1,2,,,6,500,FM-Full_A-None_AdaBN-F
BNCI2014_001,EEGNetv4,1,8,,,6,500,FM-Full_A-None_AdaBN-F
BNCI2014_001,EEGNetv4,2,1,,,6,500,FM-Full_A-None_AdaBN-F
BNCI2014_001,EEGNetv4,2,6,,,6,500,FM-Full_A-None_AdaBN-F
BNCI2014_001,EEGNetv4,3,3,,,6,500,FM-Full_A-None_AdaBN-F
BNCI2014_001,EEGNetv4,3,9,,,6,500,FM-Full_A-None_AdaBN-F
BNCI2014_001,EEGNetv4,4,4,,,6,500,FM-Full_A-None_AdaBN-F
BNCI2014_001,EEGNetv4,4,5,,,6,500,FM-Full_A-None_AdaBN-F
BNCI2014_001,EEGNetv4,5,7,,,6,500,FM-Full_A-None_AdaBN-F
BNCI2014_001,EEGNetv4,1,2,0.4097222222222222,0.5434027777777778,6,500,FM-Full_A-None_AdaBN-F
BNCI2014_001,EEGNetv4,1,8,0.6111111111111112,0.7673611111111112,6,500,FM-Full_A-None_AdaBN-F
BNCI2014_001,EEGNetv4,2,1,0.6302083333333334,0.7777777777777778,6,500,FM-Full_A-None_AdaBN-F
BNCI2014_001,EEGNetv4,2,6,0.4201388888888889,0.6111111111111112,6,500,FM-Full_A-None_AdaBN-F
BNCI2014_001,EEGNetv4,3,3,0.578125,0.8368055555555556,6,500,FM-Full_A-None_AdaBN-F
BNCI2014_001,EEGNetv4,3,9,0.6163194444444444,0.8211805555555556,6,500,FM-Full_A-None_AdaBN-F
BNCI2014_001,EEGNetv4,4,4,0.4878472222222222,0.6510416666666666,6,500,FM-Full_A-None_AdaBN-F
BNCI2014_001,EEGNetv4,4,5,0.4479166666666667,0.5451388888888888,6,500,FM-Full_A-None_AdaBN-F
BNCI2014_001,EEGNetv4,5,7,0.5815972222222222,0.7274305555555556,6,500,FM-Full_A-None_AdaBN-F
Huebner2017,EEGNetv4,1,1,0.9273151750972762,0.9747859922178987,6,12500,FM-Full_A-None_AdaBN-F
Huebner2017,EEGNetv4,1,10,0.9578397755610972,0.9852711970074812,6,12500,FM-Full_A-None_AdaBN-F
Huebner2017,EEGNetv4,1,12,0.8521630874572051,0.9600840336134454,6,12500,FM-Full_A-None_AdaBN-F
Huebner2017,EEGNetv4,2,3,0.913385214007782,0.9546303501945526,6,12500,FM-Full_A-None_AdaBN-F
Huebner2017,EEGNetv4,2,6,0.8911850554582603,0.9838879159369528,6,12500,FM-Full_A-None_AdaBN-F
Huebner2017,EEGNetv4,2,9,0.9375194522253346,0.9782913165266106,6,12500,FM-Full_A-None_AdaBN-F
Huebner2017,EEGNetv4,3,2,0.8899004046062869,0.956271397447868,6,12500,FM-Full_A-None_AdaBN-F
Huebner2017,EEGNetv4,3,5,0.8821195144724556,0.933395580454404,6,12500,FM-Full_A-None_AdaBN-F
Huebner2017,EEGNetv4,3,13,0.9291883900085596,0.9750213991129096,6,12500,FM-Full_A-None_AdaBN-F
Huebner2017,EEGNetv4,4,8,0.8126848249027238,0.911828793774319,6,12500,FM-Full_A-None_AdaBN-F
Huebner2017,EEGNetv4,4,11,0.8058992917736789,0.8748540742470231,6,12500,FM-Full_A-None_AdaBN-F
Huebner2017,EEGNetv4,5,4,0.9299610894941636,0.985603112840467,6,12500,FM-Full_A-None_AdaBN-F
Huebner2017,EEGNetv4,5,7,0.9665421724245252,0.9917522564581388,6,12500,FM-Full_A-None_AdaBN-F
Huebner2017,EEGNetv4,1,1,,,6,12500,FM-Full_A-None_AdaBN-F
Huebner2017,EEGNetv4,1,10,,,6,12500,FM-Full_A-None_AdaBN-F
Huebner2017,EEGNetv4,1,12,,,6,12500,FM-Full_A-None_AdaBN-F
Huebner2017,EEGNetv4,2,3,,,6,12500,FM-Full_A-None_AdaBN-F
Huebner2017,EEGNetv4,2,6,,,6,12500,FM-Full_A-None_AdaBN-F
Huebner2017,EEGNetv4,2,9,,,6,12500,FM-Full_A-None_AdaBN-F
Huebner2017,EEGNetv4,3,2,,,6,12500,FM-Full_A-None_AdaBN-F
Huebner2017,EEGNetv4,3,5,,,6,12500,FM-Full_A-None_AdaBN-F
Huebner2017,EEGNetv4,3,13,,,6,12500,FM-Full_A-None_AdaBN-F
Huebner2017,EEGNetv4,4,8,,,6,12500,FM-Full_A-None_AdaBN-F
Huebner2017,EEGNetv4,4,11,,,6,12500,FM-Full_A-None_AdaBN-F
Huebner2017,EEGNetv4,5,4,,,6,12500,FM-Full_A-None_AdaBN-F
Huebner2017,EEGNetv4,5,7,,,6,12500,FM-Full_A-None_AdaBN-F
Lee2019_SSVEP,DeepConvNet,1,4,1.0,1.0,25,160,FM-Full_A-None_AdaBN-F
Lee2019_SSVEP,DeepConvNet,1,6,0.995,1.0,25,160,FM-Full_A-None_AdaBN-F
Lee2019_SSVEP,DeepConvNet,1,13,0.925,0.98,25,160,FM-Full_A-None_AdaBN-F
Lee2019_SSVEP,DeepConvNet,1,14,0.895,0.98,25,160,FM-Full_A-None_AdaBN-F
Lee2019_SSVEP,DeepConvNet,1,18,0.99,0.99,25,160,FM-Full_A-None_AdaBN-F
Lee2019_SSVEP,DeepConvNet,1,20,0.975,0.99,25,160,FM-Full_A-None_AdaBN-F
Lee2019_SSVEP,DeepConvNet,1,33,0.995,0.995,25,160,FM-Full_A-None_AdaBN-F
Lee2019_SSVEP,DeepConvNet,1,45,0.965,0.99,25,160,FM-Full_A-None_AdaBN-F
Lee2019_SSVEP,DeepConvNet,1,49,1.0,1.0,25,160,FM-Full_A-None_AdaBN-F
Lee2019_SSVEP,DeepConvNet,1,50,0.975,1.0,25,160,FM-Full_A-None_AdaBN-F
Lee2019_SSVEP,DeepConvNet,1,53,1.0,1.0,25,160,FM-Full_A-None_AdaBN-F
Lee2019_SSVEP,DeepConvNet,2,5,0.84,0.84,25,160,FM-Full_A-None_AdaBN-F
Lee2019_SSVEP,DeepConvNet,2,7,1.0,0.995,25,160,FM-Full_A-None_AdaBN-F
Lee2019_SSVEP,DeepConvNet,2,9,0.99,0.995,25,160,FM-Full_A-None_AdaBN-F
Lee2019_SSVEP,DeepConvNet,2,16,1.0,1.0,25,160,FM-Full_A-None_AdaBN-F
Lee2019_SSVEP,DeepConvNet,2,25,0.975,0.985,25,160,FM-Full_A-None_AdaBN-F
Lee2019_SSVEP,DeepConvNet,2,27,1.0,1.0,25,160,FM-Full_A-None_AdaBN-F
Lee2019_SSVEP,DeepConvNet,2,34,0.73,0.83,25,160,FM-Full_A-None_AdaBN-F
Lee2019_SSVEP,DeepConvNet,2,35,0.995,0.995,25,160,FM-Full_A-None_AdaBN-F
Lee2019_SSVEP,DeepConvNet,2,38,0.995,0.99,25,160,FM-Full_A-None_AdaBN-F
Lee2019_SSVEP,DeepConvNet,2,46,0.99,0.995,25,160,FM-Full_A-None_AdaBN-F
Lee2019_SSVEP,DeepConvNet,2,51,0.825,0.855,25,160,FM-Full_A-None_AdaBN-F
Lee2019_SSVEP,DeepConvNet,3,1,0.955,0.95,25,160,FM-Full_A-None_AdaBN-F
Lee2019_SSVEP,DeepConvNet,3,10,0.99,0.995,25,160,FM-Full_A-None_AdaBN-F
Lee2019_SSVEP,DeepConvNet,3,12,0.98,0.975,25,160,FM-Full_A-None_AdaBN-F
Lee2019_SSVEP,DeepConvNet,3,17,0.965,0.985,25,160,FM-Full_A-None_AdaBN-F
Lee2019_SSVEP,DeepConvNet,3,26,0.99,0.995,25,160,FM-Full_A-None_AdaBN-F
Lee2019_SSVEP,DeepConvNet,3,28,0.975,0.98,25,160,FM-Full_A-None_AdaBN-F
Lee2019_SSVEP,DeepConvNet,3,31,1.0,1.0,25,160,FM-Full_A-None_AdaBN-F
Lee2019_SSVEP,DeepConvNet,3,32,0.86,0.95,25,160,FM-Full_A-None_AdaBN-F
Lee2019_SSVEP,DeepConvNet,3,37,0.99,0.99,25,160,FM-Full_A-None_AdaBN-F
Lee2019_SSVEP,DeepConvNet,3,41,0.99,0.995,25,160,FM-Full_A-None_AdaBN-F
Lee2019_SSVEP,DeepConvNet,3,48,0.995,0.995,25,160,FM-Full_A-None_AdaBN-F
Lee2019_SSVEP,DeepConvNet,4,2,0.995,0.995,25,160,FM-Full_A-None_AdaBN-F
Lee2019_SSVEP,DeepConvNet,4,3,0.94,0.945,25,160,FM-Full_A-None_AdaBN-F
Lee2019_SSVEP,DeepConvNet,4,11,1.0,1.0,25,160,FM-Full_A-None_AdaBN-F
Lee2019_SSVEP,DeepConvNet,4,22,0.91,0.94,25,160,FM-Full_A-None_AdaBN-F
Lee2019_SSVEP,DeepConvNet,4,24,0.985,0.985,25,160,FM-Full_A-None_AdaBN-F
Lee2019_SSVEP,DeepConvNet,4,30,0.99,0.99,25,160,FM-Full_A-None_AdaBN-F
Lee2019_SSVEP,DeepConvNet,4,36,1.0,1.0,25,160,FM-Full_A-None_AdaBN-F
Lee2019_SSVEP,DeepConvNet,4,40,0.94,0.95,25,160,FM-Full_A-None_AdaBN-F
Lee2019_SSVEP,DeepConvNet,4,42,0.815,0.825,25,160,FM-Full_A-None_AdaBN-F
Lee2019_SSVEP,DeepConvNet,4,44,0.995,0.995,25,160,FM-Full_A-None_AdaBN-F
Lee2019_SSVEP,DeepConvNet,4,47,0.63,0.645,25,160,FM-Full_A-None_AdaBN-F
Lee2019_SSVEP,DeepConvNet,5,8,0.965,0.975,25,160,FM-Full_A-None_AdaBN-F
Lee2019_SSVEP,DeepConvNet,5,15,0.895,1.0,25,160,FM-Full_A-None_AdaBN-F
Lee2019_SSVEP,DeepConvNet,5,19,0.98,0.98,25,160,FM-Full_A-None_AdaBN-F
Lee2019_SSVEP,DeepConvNet,5,21,0.97,0.985,25,160,FM-Full_A-None_AdaBN-F
Lee2019_SSVEP,DeepConvNet,5,23,0.305,0.51,25,160,FM-Full_A-None_AdaBN-F
Lee2019_SSVEP,DeepConvNet,5,29,0.91,0.98,25,160,FM-Full_A-None_AdaBN-F
Lee2019_SSVEP,DeepConvNet,5,39,0.995,1.0,25,160,FM-Full_A-None_AdaBN-F
Lee2019_SSVEP,DeepConvNet,5,43,1.0,1.0,25,160,FM-Full_A-None_AdaBN-F
Lee2019_SSVEP,DeepConvNet,5,52,0.99,0.995,25,160,FM-Full_A-None_AdaBN-F
Lee2019_SSVEP,DeepConvNet,5,54,0.7,0.87,25,160,FM-Full_A-None_AdaBN-F
Huebner2017,DeepConvNet,1,1,0.9169649805447472,0.9734630350194552,6,6250,FM-Full_A-None_AdaBN-F
Huebner2017,DeepConvNet,1,10,0.952540523690773,0.9842581047381546,6,6250,FM-Full_A-None_AdaBN-F
Huebner2017,DeepConvNet,1,12,0.8507625272331155,0.962729536258948,6,6250,FM-Full_A-None_AdaBN-F
Huebner2017,DeepConvNet,2,3,,,6,6250,FM-Full_A-None_AdaBN-F
Huebner2017,DeepConvNet,2,6,0.8959719789842382,0.9823701109165208,6,6250,FM-Full_A-None_AdaBN-F
Huebner2017,DeepConvNet,2,9,0.9469343292872704,0.9772798008092126,6,6250,FM-Full_A-None_AdaBN-F
Huebner2017,DeepConvNet,3,2,0.8939464674758792,0.9596949891067538,6,6250,FM-Full_A-None_AdaBN-F
Huebner2017,DeepConvNet,3,5,0.8768285091814504,0.9405539993775288,6,6250,FM-Full_A-None_AdaBN-F
Huebner2017,DeepConvNet,3,13,0.9271652011516612,0.9760329935413586,6,6250,FM-Full_A-None_AdaBN-F
Huebner2017,DeepConvNet,4,8,0.7906614785992218,0.9115953307392995,6,6250,FM-Full_A-None_AdaBN-F
Huebner2017,DeepConvNet,4,11,0.8129815549848237,0.8785897735232314,6,6250,FM-Full_A-None_AdaBN-F
Huebner2017,DeepConvNet,5,4,0.9403891050583656,0.985603112840467,6,6250,FM-Full_A-None_AdaBN-F
Huebner2017,DeepConvNet,5,7,0.9635854341736696,0.992296918767507,6,6250,FM-Full_A-None_AdaBN-F
Yang2025,ATCNet,1,4,0.5383333333333333,0.4983333333333333,15,300,FM-Full_A-None_AdaBN-F
Yang2025,ATCNet,1,13,0.6516666666666666,0.6583333333333333,15,300,FM-Full_A-None_AdaBN-F
Yang2025,ATCNet,1,14,0.565,0.54,15,300,FM-Full_A-None_AdaBN-F
Yang2025,ATCNet,1,18,0.6616666666666666,0.6283333333333333,15,300,FM-Full_A-None_AdaBN-F
Yang2025,ATCNet,1,25,0.7283333333333334,0.7833333333333333,15,300,FM-Full_A-None_AdaBN-F
Yang2025,ATCNet,1,31,0.7683333333333333,0.7783333333333333,15,300,FM-Full_A-None_AdaBN-F
Yang2025,ATCNet,1,32,0.7011686143572621,0.7629382303839732,15,300,FM-Full_A-None_AdaBN-F
Yang2025,ATCNet,1,33,0.7916666666666666,0.94,15,300,FM-Full_A-None_AdaBN-F
Yang2025,ATCNet,1,41,0.7366666666666667,0.8533333333333334,15,300,FM-Full_A-None_AdaBN-F
Yang2025,ATCNet,1,44,0.6316666666666667,0.635,15,300,FM-Full_A-None_AdaBN-F
Yang2025,ATCNet,1,47,0.6783333333333333,0.7566666666666667,15,300,FM-Full_A-None_AdaBN-F
Yang2025,ATCNet,2,5,0.595,0.7766666666666666,15,300,FM-Full_A-None_AdaBN-F
Yang2025,ATCNet,2,7,0.5583333333333333,0.6516666666666666,15,300,FM-Full_A-None_AdaBN-F
Yang2025,ATCNet,2,9,0.5566666666666666,0.6033333333333334,15,300,FM-Full_A-None_AdaBN-F
Yang2025,ATCNet,2,16,0.5833333333333334,0.6333333333333333,15,300,FM-Full_A-None_AdaBN-F
Yang2025,ATCNet,2,20,0.525,0.6416666666666667,15,300,FM-Full_A-None_AdaBN-F
Yang2025,ATCNet,2,34,0.3733333333333333,0.855,15,300,FM-Full_A-None_AdaBN-F
Yang2025,ATCNet,2,37,0.65,0.7633333333333333,15,300,FM-Full_A-None_AdaBN-F
Yang2025,ATCNet,2,48,0.64,0.7383333333333333,15,300,FM-Full_A-None_AdaBN-F
Yang2025,ATCNet,2,49,0.6933333333333334,0.8783333333333333,15,300,FM-Full_A-None_AdaBN-F
Yang2025,ATCNet,2,50,0.6916666666666667,0.8266666666666667,15,300,FM-Full_A-None_AdaBN-F
Yang2025,ATCNet,3,1,0.8,0.8666666666666667,15,300,FM-Full_A-None_AdaBN-F
Yang2025,ATCNet,3,10,0.715,0.74,15,300,FM-Full_A-None_AdaBN-F
Yang2025,ATCNet,3,12,0.5416666666666666,0.5183333333333333,15,300,FM-Full_A-None_AdaBN-F
Yang2025,ATCNet,3,17,0.6366666666666667,0.62,15,300,FM-Full_A-None_AdaBN-F
Yang2025,ATCNet,3,26,0.671118530884808,0.8631051752921536,15,300,FM-Full_A-None_AdaBN-F
Yang2025,ATCNet,3,27,0.555,0.76,15,300,FM-Full_A-None_AdaBN-F
Yang2025,ATCNet,3,28,0.7816666666666666,0.89,15,300,FM-Full_A-None_AdaBN-F
Yang2025,ATCNet,3,35,0.6883333333333334,0.7516666666666667,15,300,FM-Full_A-None_AdaBN-F
Yang2025,ATCNet,3,45,0.6483333333333333,0.7166666666666667,15,300,FM-Full_A-None_AdaBN-F
Yang2025,ATCNet,3,46,0.8,0.885,15,300,FM-Full_A-None_AdaBN-F
Yang2025,ATCNet,4,2,0.5916666666666667,0.59,15,300,FM-Full_A-None_AdaBN-F
Yang2025,ATCNet,4,3,0.9016666666666666,0.8883333333333333,15,300,FM-Full_A-None_AdaBN-F
Yang2025,ATCNet,4,6,0.8916666666666667,0.915,15,300,FM-Full_A-None_AdaBN-F
Yang2025,ATCNet,4,22,0.6533333333333333,0.7833333333333333,15,300,FM-Full_A-None_AdaBN-F
Yang2025,ATCNet,4,24,0.8232323232323232,0.930976430976431,15,300,FM-Full_A-None_AdaBN-F
Yang2025,ATCNet,4,30,0.7166666666666667,0.7033333333333334,15,300,FM-Full_A-None_AdaBN-F
Yang2025,ATCNet,4,36,0.7883333333333333,0.81,15,300,FM-Full_A-None_AdaBN-F
Yang2025,ATCNet,4,38,0.5616666666666666,0.53,15,300,FM-Full_A-None_AdaBN-F
Yang2025,ATCNet,4,40,0.7166666666666667,0.7866666666666666,15,300,FM-Full_A-None_AdaBN-F
Yang2025,ATCNet,4,42,0.68,0.6516666666666666,15,300,FM-Full_A-None_AdaBN-F
Yang2025,ATCNet,5,8,0.7666666666666667,0.795,15,300,FM-Full_A-None_AdaBN-F
Yang2025,ATCNet,5,11,0.745,0.8083333333333333,15,300,FM-Full_A-None_AdaBN-F
Yang2025,ATCNet,5,15,0.6566666666666666,0.6616666666666666,15,300,FM-Full_A-None_AdaBN-F
Yang2025,ATCNet,5,19,0.78,0.7666666666666667,15,300,FM-Full_A-None_AdaBN-F
Yang2025,ATCNet,5,21,0.705,0.7616666666666667,15,300,FM-Full_A-None_AdaBN-F
Yang2025,ATCNet,5,23,0.7946577629382304,0.8180300500834724,15,300,FM-Full_A-None_AdaBN-F
Yang2025,ATCNet,5,29,0.8416666666666667,0.935,15,300,FM-Full_A-None_AdaBN-F
Yang2025,ATCNet,5,39,0.7083333333333334,0.7766666666666666,15,300,FM-Full_A-None_AdaBN-F
Yang2025,ATCNet,5,43,0.765,0.8333333333333334,15,300,FM-Full_A-None_AdaBN-F
Yang2025,ATCNet,5,51,0.7516666666666667,0.755,15,300,FM-Full_A-None_AdaBN-F
Yang2025,ATCNet,1,4,,,15,300,FM-Full_A-None_AdaBN-F
Yang2025,ATCNet,1,13,,,15,300,FM-Full_A-None_AdaBN-F
Yang2025,ATCNet,1,14,,,15,300,FM-Full_A-None_AdaBN-F
Yang2025,ATCNet,1,18,,,15,300,FM-Full_A-None_AdaBN-F
Yang2025,ATCNet,1,25,,,15,300,FM-Full_A-None_AdaBN-F
Yang2025,ATCNet,1,31,,,15,300,FM-Full_A-None_AdaBN-F
Yang2025,ATCNet,1,32,,,15,300,FM-Full_A-None_AdaBN-F
Yang2025,ATCNet,1,33,,,15,300,FM-Full_A-None_AdaBN-F
Yang2025,ATCNet,1,41,,,15,300,FM-Full_A-None_AdaBN-F
Yang2025,ATCNet,1,44,,,15,300,FM-Full_A-None_AdaBN-F
Yang2025,ATCNet,1,47,,,15,300,FM-Full_A-None_AdaBN-F
Yang2025,ATCNet,2,5,,,15,300,FM-Full_A-None_AdaBN-F
Yang2025,ATCNet,2,7,,,15,300,FM-Full_A-None_AdaBN-F
Yang2025,ATCNet,2,9,,,15,300,FM-Full_A-None_AdaBN-F
Yang2025,ATCNet,2,16,,,15,300,FM-Full_A-None_AdaBN-F
Yang2025,ATCNet,2,20,,,15,300,FM-Full_A-None_AdaBN-F
Yang2025,ATCNet,2,34,,,15,300,FM-Full_A-None_AdaBN-F
Yang2025,ATCNet,2,37,,,15,300,FM-Full_A-None_AdaBN-F
Yang2025,ATCNet,2,48,,,15,300,FM-Full_A-None_AdaBN-F
Yang2025,ATCNet,2,49,,,15,300,FM-Full_A-None_AdaBN-F
Yang2025,ATCNet,2,50,,,15,300,FM-Full_A-None_AdaBN-F
Yang2025,ATCNet,3,1,,,15,300,FM-Full_A-None_AdaBN-F
Yang2025,ATCNet,3,10,,,15,300,FM-Full_A-None_AdaBN-F
Yang2025,ATCNet,3,12,,,15,300,FM-Full_A-None_AdaBN-F
Yang2025,ATCNet,3,17,,,15,300,FM-Full_A-None_AdaBN-F
Yang2025,ATCNet,3,26,,,15,300,FM-Full_A-None_AdaBN-F
Yang2025,ATCNet,3,27,,,15,300,FM-Full_A-None_AdaBN-F
Yang2025,ATCNet,3,28,,,15,300,FM-Full_A-None_AdaBN-F
Yang2025,ATCNet,3,35,,,15,300,FM-Full_A-None_AdaBN-F
Yang2025,ATCNet,3,45,,,15,300,FM-Full_A-None_AdaBN-F
Yang2025,ATCNet,3,46,,,15,300,FM-Full_A-None_AdaBN-F
Yang2025,ATCNet,4,2,,,15,300,FM-Full_A-None_AdaBN-F
Yang2025,ATCNet,4,3,,,15,300,FM-Full_A-None_AdaBN-F
Yang2025,ATCNet,4,6,,,15,300,FM-Full_A-None_AdaBN-F
Yang2025,ATCNet,4,22,,,15,300,FM-Full_A-None_AdaBN-F
Yang2025,ATCNet,4,24,,,15,300,FM-Full_A-None_AdaBN-F
Yang2025,ATCNet,4,30,,,15,300,FM-Full_A-None_AdaBN-F
Yang2025,ATCNet,4,36,,,15,300,FM-Full_A-None_AdaBN-F
Yang2025,ATCNet,4,38,,,15,300,FM-Full_A-None_AdaBN-F
Yang2025,ATCNet,4,40,,,15,300,FM-Full_A-None_AdaBN-F
Yang2025,ATCNet,4,42,,,15,300,FM-Full_A-None_AdaBN-F
Yang2025,ATCNet,5,8,,,15,300,FM-Full_A-None_AdaBN-F
Yang2025,ATCNet,5,11,,,15,300,FM-Full_A-None_AdaBN-F
Yang2025,ATCNet,5,15,,,15,300,FM-Full_A-None_AdaBN-F
Yang2025,ATCNet,5,19,,,15,300,FM-Full_A-None_AdaBN-F
Yang2025,ATCNet,5,21,,,15,300,FM-Full_A-None_AdaBN-F
Yang2025,ATCNet,5,23,,,15,300,FM-Full_A-None_AdaBN-F
Yang2025,ATCNet,5,29,,,15,300,FM-Full_A-None_AdaBN-F
Yang2025,ATCNet,5,39,,,15,300,FM-Full_A-None_AdaBN-F
Yang2025,ATCNet,5,43,,,15,300,FM-Full_A-None_AdaBN-F
Yang2025,ATCNet,5,51,,,15,300,FM-Full_A-None_AdaBN-F
BNCI2014_001,ATCNet,1,2,0.2690972222222222,0.4704861111111111,3,500,FM-Full_A-None_AdaBN-F
BNCI2014_001,ATCNet,1,8,0.46875,0.7447916666666666,3,500,FM-Full_A-None_AdaBN-F
BNCI2014_001,ATCNet,2,1,0.4809027777777778,0.7395833333333334,3,500,FM-Full_A-None_AdaBN-F
BNCI2014_001,ATCNet,2,6,0.3125,0.5364583333333334,3,500,FM-Full_A-None_AdaBN-F
BNCI2014_001,ATCNet,3,3,0.6631944444444444,0.8368055555555556,3,500,FM-Full_A-None_AdaBN-F
BNCI2014_001,ATCNet,3,9,0.3038194444444444,0.765625,3,500,FM-Full_A-None_AdaBN-F
BNCI2014_001,ATCNet,4,4,0.3333333333333333,0.6440972222222222,3,500,FM-Full_A-None_AdaBN-F
BNCI2014_001,ATCNet,4,5,0.3090277777777778,0.5538194444444444,3,500,FM-Full_A-None_AdaBN-F
BNCI2014_001,ATCNet,5,7,0.3211805555555556,0.6840277777777778,3,500,FM-Full_A-None_AdaBN-F
BNCI2014_001,ATCNet,1,2,,,3,500,FM-Full_A-None_AdaBN-F
BNCI2014_001,ATCNet,1,8,,,3,500,FM-Full_A-None_AdaBN-F
BNCI2014_001,ATCNet,2,1,,,3,500,FM-Full_A-None_AdaBN-F
BNCI2014_001,ATCNet,2,6,,,3,500,FM-Full_A-None_AdaBN-F
BNCI2014_001,ATCNet,3,3,,,3,500,FM-Full_A-None_AdaBN-F
BNCI2014_001,ATCNet,3,9,,,3,500,FM-Full_A-None_AdaBN-F
BNCI2014_001,ATCNet,4,4,,,3,500,FM-Full_A-None_AdaBN-F
BNCI2014_001,ATCNet,4,5,,,3,500,FM-Full_A-None_AdaBN-F
BNCI2014_001,ATCNet,5,7,,,3,500,FM-Full_A-None_AdaBN-F
BI2015a,DeepConvNet,1,5,0.8855218855218855,0.9242424242424242,10,500,FM-Full_A-None_AdaBN-F
BI2015a,DeepConvNet,1,9,0.8641141141141141,0.9031531531531533,10,500,FM-Full_A-None_AdaBN-F
BI2015a,DeepConvNet,1,13,0.8764619883040936,0.9349415204678364,10,500,FM-Full_A-None_AdaBN-F
BI2015a,DeepConvNet,1,25,0.7935823754789272,0.8687739463601533,10,500,FM-Full_A-None_AdaBN-F
BI2015a,DeepConvNet,1,26,0.8960573476702509,0.9507168458781362,10,500,FM-Full_A-None_AdaBN-F
BI2015a,DeepConvNet,1,35,0.8393719806763285,0.8305152979066023,10,500,FM-Full_A-None_AdaBN-F
BI2015a,DeepConvNet,1,37,0.8194444444444444,0.8626984126984127,10,500,FM-Full_A-None_AdaBN-F
BI2015a,DeepConvNet,1,38,0.8701201201201201,0.9196696696696696,10,500,FM-Full_A-None_AdaBN-F
BI2015a,DeepConvNet,1,40,0.852366255144033,0.9146090534979424,10,500,FM-Full_A-None_AdaBN-F
BI2015a,DeepConvNet,2,4,0.9,0.9354166666666668,10,500,FM-Full_A-None_AdaBN-F
BI2015a,DeepConvNet,2,7,0.8316993464052288,0.9199346405228758,10,500,FM-Full_A-None_AdaBN-F
BI2015a,DeepConvNet,2,14,0.7863247863247863,0.8589743589743589,10,500,FM-Full_A-None_AdaBN-F
BI2015a,DeepConvNet,2,16,0.9031746031746032,0.9293650793650794,10,500,FM-Full_A-None_AdaBN-F
BI2015a,DeepConvNet,2,18,0.8203703703703704,0.8851851851851852,10,500,FM-Full_A-None_AdaBN-F
BI2015a,DeepConvNet,2,20,0.8802469135802469,0.928395061728395,10,500,FM-Full_A-None_AdaBN-F
BI2015a,DeepConvNet,2,28,0.8622222222222222,0.885,10,500,FM-Full_A-None_AdaBN-F
BI2015a,DeepConvNet,2,32,0.9014336917562724,0.9032258064516128,10,500,FM-Full_A-None_AdaBN-F
BI2015a,DeepConvNet,2,41,0.8462962962962963,0.9049382716049382,10,500,FM-Full_A-None_AdaBN-F
BI2015a,DeepConvNet,3,1,0.8284907183212268,0.8492736077481841,10,500,FM-Full_A-None_AdaBN-F
BI2015a,DeepConvNet,3,6,0.7670454545454546,0.908459595959596,10,500,FM-Full_A-None_AdaBN-F
BI2015a,DeepConvNet,3,10,0.8718637992831542,0.9265232974910396,10,500,FM-Full_A-None_AdaBN-F
BI2015a,DeepConvNet,3,12,0.8418458781362007,0.8494623655913979,10,500,FM-Full_A-None_AdaBN-F
BI2015a,DeepConvNet,3,17,0.8648148148148148,0.8888888888888888,10,500,FM-Full_A-None_AdaBN-F
BI2015a,DeepConvNet,3,27,0.8294655414908579,0.840014064697609,10,500,FM-Full_A-None_AdaBN-F
BI2015a,DeepConvNet,3,30,0.8950617283950617,0.9454732510288066,10,500,FM-Full_A-None_AdaBN-F
BI2015a,DeepConvNet,3,31,0.7866666666666666,0.8440740740740741,10,500,FM-Full_A-None_AdaBN-F
BI2015a,DeepConvNet,3,42,0.8591617933723197,0.854775828460039,10,500,FM-Full_A-None_AdaBN-F
BI2015a,DeepConvNet,4,2,0.8716931216931217,0.9113756613756614,10,500,FM-Full_A-None_AdaBN-F
BI2015a,DeepConvNet,4,3,0.8687739463601533,0.950191570881226,10,500,FM-Full_A-None_AdaBN-F
BI2015a,DeepConvNet,4,22,0.8497474747474747,0.9015151515151516,10,500,FM-Full_A-None_AdaBN-F
BI2015a,DeepConvNet,4,24,0.8919753086419753,0.9305555555555556,10,500,FM-Full_A-None_AdaBN-F
BI2015a,DeepConvNet,4,33,0.8822751322751323,0.9232804232804231,10,500,FM-Full_A-None_AdaBN-F
BI2015a,DeepConvNet,4,34,0.8777777777777778,0.9087301587301588,10,500,FM-Full_A-None_AdaBN-F
BI2015a,DeepConvNet,4,36,0.8652777777777778,0.9326388888888888,10,500,FM-Full_A-None_AdaBN-F
BI2015a,DeepConvNet,4,43,0.9243295019157088,0.9473180076628352,10,500,FM-Full_A-None_AdaBN-F
BI2015a,DeepConvNet,5,8,0.8644179894179894,0.9087301587301588,10,500,FM-Full_A-None_AdaBN-F
BI2015a,DeepConvNet,5,11,0.8027777777777778,0.8951388888888889,10,500,FM-Full_A-None_AdaBN-F
BI2015a,DeepConvNet,5,15,0.8595238095238096,0.9166666666666666,10,500,FM-Full_A-None_AdaBN-F
BI2015a,DeepConvNet,5,19,0.8627777777777778,0.8927777777777778,10,500,FM-Full_A-None_AdaBN-F
BI2015a,DeepConvNet,5,21,0.9023809523809524,0.926984126984127,10,500,FM-Full_A-None_AdaBN-F
BI2015a,DeepConvNet,5,23,0.8830409356725146,0.8859649122807017,10,500,FM-Full_A-None_AdaBN-F
BI2015a,DeepConvNet,5,29,0.8420479302832244,0.8741830065359477,10,500,FM-Full_A-None_AdaBN-F
BI2015a,DeepConvNet,5,39,0.8333333333333334,0.8826530612244898,10,500,FM-Full_A-None_AdaBN-F
Yang2025,ShallowConvNet,1,4,0.6233333333333333,0.5766666666666667,30,300,FM-Full_A-None_AdaBN-F
Yang2025,ShallowConvNet,1,13,0.77,0.7766666666666666,30,300,FM-Full_A-None_AdaBN-F
Yang2025,ShallowConvNet,1,14,0.5483333333333333,0.5766666666666667,30,300,FM-Full_A-None_AdaBN-F
Yang2025,ShallowConvNet,1,18,0.695,0.685,30,300,FM-Full_A-None_AdaBN-F
Yang2025,ShallowConvNet,1,25,0.91,0.9266666666666666,30,300,FM-Full_A-None_AdaBN-F
Yang2025,ShallowConvNet,1,31,0.7333333333333333,0.7866666666666666,30,300,FM-Full_A-None_AdaBN-F
Yang2025,ShallowConvNet,1,32,0.5609348914858097,0.6193656093489148,30,300,FM-Full_A-None_AdaBN-F
Yang2025,ShallowConvNet,1,33,0.905,0.955,30,300,FM-Full_A-None_AdaBN-F
Yang2025,ShallowConvNet,1,41,0.8483333333333334,0.87,30,300,FM-Full_A-None_AdaBN-F
Yang2025,ShallowConvNet,1,44,0.7033333333333334,0.7183333333333334,30,300,FM-Full_A-None_AdaBN-F
Yang2025,ShallowConvNet,1,47,0.8633333333333333,0.88,30,300,FM-Full_A-None_AdaBN-F
Yang2025,ShallowConvNet,2,5,0.865,0.9033333333333332,30,300,FM-Full_A-None_AdaBN-F
Yang2025,ShallowConvNet,2,7,0.7716666666666666,0.7833333333333333,30,300,FM-Full_A-None_AdaBN-F
Yang2025,ShallowConvNet,2,9,0.75,0.7383333333333333,30,300,FM-Full_A-None_AdaBN-F
Yang2025,ShallowConvNet,2,16,0.6266666666666667,0.66,30,300,FM-Full_A-None_AdaBN-F
Yang2025,ShallowConvNet,2,20,0.7566666666666667,0.8566666666666667,30,300,FM-Full_A-None_AdaBN-F
Yang2025,ShallowConvNet,2,34,0.54,0.8,30,300,FM-Full_A-None_AdaBN-F
Yang2025,ShallowConvNet,2,37,0.835,0.8883333333333333,30,300,FM-Full_A-None_AdaBN-F
Yang2025,ShallowConvNet,2,48,0.815,0.8566666666666667,30,300,FM-Full_A-None_AdaBN-F
Yang2025,ShallowConvNet,2,49,0.9083333333333332,0.9366666666666666,30,300,FM-Full_A-None_AdaBN-F
Yang2025,ShallowConvNet,2,50,0.9483333333333334,0.9433333333333334,30,300,FM-Full_A-None_AdaBN-F
Yang2025,ShallowConvNet,3,1,0.895,0.9083333333333332,30,300,FM-Full_A-None_AdaBN-F
Yang2025,ShallowConvNet,3,10,0.8,0.8433333333333334,30,300,FM-Full_A-None_AdaBN-F
Yang2025,ShallowConvNet,3,12,0.5566666666666666,0.5616666666666666,30,300,FM-Full_A-None_AdaBN-F
Yang2025,ShallowConvNet,3,17,0.8133333333333334,0.7933333333333333,30,300,FM-Full_A-None_AdaBN-F
Yang2025,ShallowConvNet,3,26,0.8180300500834724,0.8864774624373957,30,300,FM-Full_A-None_AdaBN-F
Yang2025,ShallowConvNet,3,27,0.6183333333333333,0.7033333333333334,30,300,FM-Full_A-None_AdaBN-F
Yang2025,ShallowConvNet,3,28,0.7533333333333333,0.8733333333333333,30,300,FM-Full_A-None_AdaBN-F
Yang2025,ShallowConvNet,3,35,0.9566666666666668,0.9666666666666668,30,300,FM-Full_A-None_AdaBN-F
Yang2025,ShallowConvNet,3,45,0.8766666666666667,0.8866666666666667,30,300,FM-Full_A-None_AdaBN-F
Yang2025,ShallowConvNet,3,46,0.965,0.9866666666666668,30,300,FM-Full_A-None_AdaBN-F
Yang2025,ShallowConvNet,4,2,0.6916666666666667,0.6783333333333333,30,300,FM-Full_A-None_AdaBN-F
Yang2025,ShallowConvNet,4,3,0.93,0.9283333333333332,30,300,FM-Full_A-None_AdaBN-F
Yang2025,ShallowConvNet,4,6,0.8633333333333333,0.9633333333333334,30,300,FM-Full_A-None_AdaBN-F
Yang2025,ShallowConvNet,4,22,0.7616666666666667,0.8333333333333334,30,300,FM-Full_A-None_AdaBN-F
Yang2025,ShallowConvNet,4,24,0.9242424242424242,0.9528619528619529,30,300,FM-Full_A-None_AdaBN-F
Yang2025,ShallowConvNet,4,30,0.8816666666666667,0.9466666666666668,30,300,FM-Full_A-None_AdaBN-F
Yang2025,ShallowConvNet,4,36,0.92,0.9383333333333334,30,300,FM-Full_A-None_AdaBN-F
Yang2025,ShallowConvNet,4,38,0.615,0.6466666666666666,30,300,FM-Full_A-None_AdaBN-F
Yang2025,ShallowConvNet,4,40,0.7683333333333333,0.84,30,300,FM-Full_A-None_AdaBN-F
Yang2025,ShallowConvNet,4,42,0.8216666666666667,0.805,30,300,FM-Full_A-None_AdaBN-F
Yang2025,ShallowConvNet,5,8,0.935,0.93,30,300,FM-Full_A-None_AdaBN-F
Yang2025,ShallowConvNet,5,11,0.8833333333333333,0.91,30,300,FM-Full_A-None_AdaBN-F
Yang2025,ShallowConvNet,5,15,0.7333333333333333,0.8016666666666666,30,300,FM-Full_A-None_AdaBN-F
Yang2025,ShallowConvNet,5,19,0.8166666666666667,0.8466666666666667,30,300,FM-Full_A-None_AdaBN-F
Yang2025,ShallowConvNet,5,21,0.8666666666666667,0.8833333333333333,30,300,FM-Full_A-None_AdaBN-F
Yang2025,ShallowConvNet,5,23,0.9198664440734556,0.9449081803005008,30,300,FM-Full_A-None_AdaBN-F
Yang2025,ShallowConvNet,5,29,0.7616666666666667,0.8983333333333333,30,300,FM-Full_A-None_AdaBN-F
Yang2025,ShallowConvNet,5,39,0.6883333333333334,0.7466666666666667,30,300,FM-Full_A-None_AdaBN-F
Yang2025,ShallowConvNet,5,43,0.975,0.99,30,300,FM-Full_A-None_AdaBN-F
Yang2025,ShallowConvNet,5,51,0.8333333333333334,0.87,30,300,FM-Full_A-None_AdaBN-F
BI2015a,ShallowConvNet,1,5,0.8846801346801347,0.9074074074074074,20,750,FM-Full_A-None_AdaBN-F
BI2015a,ShallowConvNet,1,9,0.8678678678678678,0.8948948948948949,20,750,FM-Full_A-None_AdaBN-F
BI2015a,ShallowConvNet,1,13,0.8793859649122807,0.9298245614035088,20,750,FM-Full_A-None_AdaBN-F
BI2015a,ShallowConvNet,1,25,0.8256704980842912,0.8443486590038314,20,750,FM-Full_A-None_AdaBN-F
BI2015a,ShallowConvNet,1,26,0.8915770609318996,0.922043010752688,20,750,FM-Full_A-None_AdaBN-F
BI2015a,ShallowConvNet,1,35,0.8421900161030595,0.821256038647343,20,750,FM-Full_A-None_AdaBN-F
BI2015a,ShallowConvNet,1,37,0.7976190476190477,0.8317460317460318,20,750,FM-Full_A-None_AdaBN-F
BI2015a,ShallowConvNet,1,38,0.8490990990990991,0.8926426426426426,20,750,FM-Full_A-None_AdaBN-F
BI2015a,ShallowConvNet,1,40,0.8647119341563786,0.8852880658436214,20,750,FM-Full_A-None_AdaBN-F
BI2015a,ShallowConvNet,2,4,0.8576388888888888,0.90625,20,750,FM-Full_A-None_AdaBN-F
BI2015a,ShallowConvNet,2,7,0.8316993464052288,0.880718954248366,20,750,FM-Full_A-None_AdaBN-F
BI2015a,ShallowConvNet,2,14,0.8069800569800569,0.8461538461538461,20,750,FM-Full_A-None_AdaBN-F
BI2015a,ShallowConvNet,2,16,0.8579365079365079,0.8849206349206349,20,750,FM-Full_A-None_AdaBN-F
BI2015a,ShallowConvNet,2,18,0.8320987654320988,0.8462962962962963,20,750,FM-Full_A-None_AdaBN-F
BI2015a,ShallowConvNet,2,20,0.8469135802469135,0.8746913580246913,20,750,FM-Full_A-None_AdaBN-F
BI2015a,ShallowConvNet,2,28,0.85,0.855,20,750,FM-Full_A-None_AdaBN-F
BI2015a,ShallowConvNet,2,32,0.8835125448028673,0.8862007168458781,20,750,FM-Full_A-None_AdaBN-F
BI2015a,ShallowConvNet,2,41,0.7734567901234568,0.8574074074074074,20,750,FM-Full_A-None_AdaBN-F
BI2015a,ShallowConvNet,3,1,0.3972962066182405,0.8305084745762712,20,750,FM-Full_A-None_AdaBN-F
BI2015a,ShallowConvNet,3,6,0.82260101010101,0.8800505050505051,20,750,FM-Full_A-None_AdaBN-F
BI2015a,ShallowConvNet,3,10,0.8754480286738351,0.8924731182795699,20,750,FM-Full_A-None_AdaBN-F
BI2015a,ShallowConvNet,3,12,0.8382616487455197,0.8440860215053764,20,750,FM-Full_A-None_AdaBN-F
BI2015a,ShallowConvNet,3,17,0.8567901234567902,0.8561728395061728,20,750,FM-Full_A-None_AdaBN-F
BI2015a,ShallowConvNet,3,27,0.8291139240506329,0.8224331926863573,20,750,FM-Full_A-None_AdaBN-F
BI2015a,ShallowConvNet,3,30,0.8580246913580247,0.9228395061728396,20,750,FM-Full_A-None_AdaBN-F
BI2015a,ShallowConvNet,3,31,0.7655555555555555,0.8381481481481482,20,750,FM-Full_A-None_AdaBN-F
BI2015a,ShallowConvNet,3,42,0.8401559454191033,0.8367446393762183,20,750,FM-Full_A-None_AdaBN-F
BI2015a,ShallowConvNet,4,2,0.8591269841269841,0.9054232804232804,20,750,FM-Full_A-None_AdaBN-F
BI2015a,ShallowConvNet,4,3,0.8218390804597702,0.9272030651340996,20,750,FM-Full_A-None_AdaBN-F
BI2015a,ShallowConvNet,4,22,0.8560606060606061,0.8718434343434344,20,750,FM-Full_A-None_AdaBN-F
BI2015a,ShallowConvNet,4,24,0.8811728395061729,0.9004629629629629,20,750,FM-Full_A-None_AdaBN-F
BI2015a,ShallowConvNet,4,33,0.871031746031746,0.8908730158730159,20,750,FM-Full_A-None_AdaBN-F
BI2015a,ShallowConvNet,4,34,0.8555555555555555,0.8650793650793651,20,750,FM-Full_A-None_AdaBN-F
BI2015a,ShallowConvNet,4,36,0.8333333333333334,0.8909722222222223,20,750,FM-Full_A-None_AdaBN-F
BI2015a,ShallowConvNet,4,43,0.9042145593869731,0.9243295019157088,20,750,FM-Full_A-None_AdaBN-F
BI2015a,ShallowConvNet,5,8,0.8445767195767195,0.8756613756613757,20,750,FM-Full_A-None_AdaBN-F
BI2015a,ShallowConvNet,5,11,0.7638888888888888,0.8472222222222222,20,750,FM-Full_A-None_AdaBN-F
BI2015a,ShallowConvNet,5,15,0.8563492063492063,0.8976190476190476,20,750,FM-Full_A-None_AdaBN-F
BI2015a,ShallowConvNet,5,19,0.84,0.8677777777777778,20,750,FM-Full_A-None_AdaBN-F
BI2015a,ShallowConvNet,5,21,0.8920634920634921,0.9103174603174604,20,750,FM-Full_A-None_AdaBN-F
BI2015a,ShallowConvNet,5,23,0.8165204678362573,0.8596491228070176,20,750,FM-Full_A-None_AdaBN-F
BI2015a,ShallowConvNet,5,29,0.8169934640522876,0.8453159041394336,20,750,FM-Full_A-None_AdaBN-F
BI2015a,ShallowConvNet,5,39,0.1672335600907029,0.8497732426303855,20,750,FM-Full_A-None_AdaBN-F
BI2015a,ShallowConvNet,1,5,,,20,750,FM-Full_A-None_AdaBN-F
BI2015a,ShallowConvNet,1,9,,,20,750,FM-Full_A-None_AdaBN-F
BI2015a,ShallowConvNet,1,13,,,20,750,FM-Full_A-None_AdaBN-F
BI2015a,ShallowConvNet,1,25,,,20,750,FM-Full_A-None_AdaBN-F
BI2015a,ShallowConvNet,1,26,,,20,750,FM-Full_A-None_AdaBN-F
BI2015a,ShallowConvNet,1,35,,,20,750,FM-Full_A-None_AdaBN-F
BI2015a,ShallowConvNet,1,37,,,20,750,FM-Full_A-None_AdaBN-F
BI2015a,ShallowConvNet,1,38,,,20,750,FM-Full_A-None_AdaBN-F
BI2015a,ShallowConvNet,1,40,,,20,750,FM-Full_A-None_AdaBN-F
BI2015a,ShallowConvNet,2,4,,,20,750,FM-Full_A-None_AdaBN-F
BI2015a,ShallowConvNet,2,7,,,20,750,FM-Full_A-None_AdaBN-F
BI2015a,ShallowConvNet,2,14,,,20,750,FM-Full_A-None_AdaBN-F
BI2015a,ShallowConvNet,2,16,,,20,750,FM-Full_A-None_AdaBN-F
BI2015a,ShallowConvNet,2,18,,,20,750,FM-Full_A-None_AdaBN-F
BI2015a,ShallowConvNet,2,20,,,20,750,FM-Full_A-None_AdaBN-F
BI2015a,ShallowConvNet,2,28,,,20,750,FM-Full_A-None_AdaBN-F
BI2015a,ShallowConvNet,2,32,,,20,750,FM-Full_A-None_AdaBN-F
BI2015a,ShallowConvNet,2,41,,,20,750,FM-Full_A-None_AdaBN-F
BI2015a,ShallowConvNet,3,1,,,20,750,FM-Full_A-None_AdaBN-F
BI2015a,ShallowConvNet,3,6,,,20,750,FM-Full_A-None_AdaBN-F
BI2015a,ShallowConvNet,3,10,,,20,750,FM-Full_A-None_AdaBN-F
BI2015a,ShallowConvNet,3,12,,,20,750,FM-Full_A-None_AdaBN-F
BI2015a,ShallowConvNet,3,17,,,20,750,FM-Full_A-None_AdaBN-F
BI2015a,ShallowConvNet,3,27,,,20,750,FM-Full_A-None_AdaBN-F
BI2015a,ShallowConvNet,3,30,,,20,750,FM-Full_A-None_AdaBN-F
BI2015a,ShallowConvNet,3,31,,,20,750,FM-Full_A-None_AdaBN-F
BI2015a,ShallowConvNet,3,42,,,20,750,FM-Full_A-None_AdaBN-F
BI2015a,ShallowConvNet,4,2,,,20,750,FM-Full_A-None_AdaBN-F
BI2015a,ShallowConvNet,4,3,,,20,750,FM-Full_A-None_AdaBN-F
BI2015a,ShallowConvNet,4,22,,,20,750,FM-Full_A-None_AdaBN-F
BI2015a,ShallowConvNet,4,24,,,20,750,FM-Full_A-None_AdaBN-F
BI2015a,ShallowConvNet,4,33,,,20,750,FM-Full_A-None_AdaBN-F
BI2015a,ShallowConvNet,4,34,,,20,750,FM-Full_A-None_AdaBN-F
BI2015a,ShallowConvNet,4,36,,,20,750,FM-Full_A-None_AdaBN-F
BI2015a,ShallowConvNet,4,43,,,20,750,FM-Full_A-None_AdaBN-F
BI2015a,ShallowConvNet,5,8,,,20,750,FM-Full_A-None_AdaBN-F
BI2015a,ShallowConvNet,5,11,,,20,750,FM-Full_A-None_AdaBN-F
BI2015a,ShallowConvNet,5,15,,,20,750,FM-Full_A-None_AdaBN-F
BI2015a,ShallowConvNet,5,19,,,20,750,FM-Full_A-None_AdaBN-F
BI2015a,ShallowConvNet,5,21,,,20,750,FM-Full_A-None_AdaBN-F
BI2015a,ShallowConvNet,5,23,,,20,750,FM-Full_A-None_AdaBN-F
BI2015a,ShallowConvNet,5,29,,,20,750,FM-Full_A-None_AdaBN-F
BI2015a,ShallowConvNet,5,39,,,20,750,FM-Full_A-None_AdaBN-F
Lee2019_SSVEP,DeepConvNet,1,4,1.0,1.0,40,50,FM-Full_A-None_AdaBN-F
Lee2019_SSVEP,DeepConvNet,1,6,0.995,0.995,40,50,FM-Full_A-None_AdaBN-F
Lee2019_SSVEP,DeepConvNet,1,13,0.845,0.97,40,50,FM-Full_A-None_AdaBN-F
Lee2019_SSVEP,DeepConvNet,1,14,0.87,0.955,40,50,FM-Full_A-None_AdaBN-F
Lee2019_SSVEP,DeepConvNet,1,18,0.995,0.995,40,50,FM-Full_A-None_AdaBN-F
Lee2019_SSVEP,DeepConvNet,1,20,0.97,0.975,40,50,FM-Full_A-None_AdaBN-F
Lee2019_SSVEP,DeepConvNet,1,33,0.97,0.995,40,50,FM-Full_A-None_AdaBN-F
Lee2019_SSVEP,DeepConvNet,1,45,0.96,0.985,40,50,FM-Full_A-None_AdaBN-F
Lee2019_SSVEP,DeepConvNet,1,49,0.985,0.99,40,50,FM-Full_A-None_AdaBN-F
Lee2019_SSVEP,DeepConvNet,1,50,0.985,1.0,40,50,FM-Full_A-None_AdaBN-F
Lee2019_SSVEP,DeepConvNet,1,53,1.0,1.0,40,50,FM-Full_A-None_AdaBN-F
Lee2019_SSVEP,DeepConvNet,2,5,0.855,0.85,40,50,FM-Full_A-None_AdaBN-F
Lee2019_SSVEP,DeepConvNet,2,7,1.0,0.995,40,50,FM-Full_A-None_AdaBN-F
Lee2019_SSVEP,DeepConvNet,2,9,0.985,0.975,40,50,FM-Full_A-None_AdaBN-F
Lee2019_SSVEP,DeepConvNet,2,16,1.0,1.0,40,50,FM-Full_A-None_AdaBN-F
Lee2019_SSVEP,DeepConvNet,2,25,0.96,0.99,40,50,FM-Full_A-None_AdaBN-F
Lee2019_SSVEP,DeepConvNet,2,27,0.995,0.995,40,50,FM-Full_A-None_AdaBN-F
Lee2019_SSVEP,DeepConvNet,2,34,0.79,0.855,40,50,FM-Full_A-None_AdaBN-F
Lee2019_SSVEP,DeepConvNet,2,35,0.97,0.985,40,50,FM-Full_A-None_AdaBN-F
Lee2019_SSVEP,DeepConvNet,2,38,0.99,0.98,40,50,FM-Full_A-None_AdaBN-F
Lee2019_SSVEP,DeepConvNet,2,46,0.96,0.985,40,50,FM-Full_A-None_AdaBN-F
Lee2019_SSVEP,DeepConvNet,2,51,0.83,0.85,40,50,FM-Full_A-None_AdaBN-F
Lee2019_SSVEP,DeepConvNet,3,1,0.93,0.955,40,50,FM-Full_A-None_AdaBN-F
Lee2019_SSVEP,DeepConvNet,3,10,0.995,0.995,40,50,FM-Full_A-None_AdaBN-F
Lee2019_SSVEP,DeepConvNet,3,12,0.985,0.97,40,50,FM-Full_A-None_AdaBN-F
Lee2019_SSVEP,DeepConvNet,3,17,0.93,0.98,40,50,FM-Full_A-None_AdaBN-F
Lee2019_SSVEP,DeepConvNet,3,26,0.975,0.98,40,50,FM-Full_A-None_AdaBN-F
Lee2019_SSVEP,DeepConvNet,3,28,0.955,0.975,40,50,FM-Full_A-None_AdaBN-F
Lee2019_SSVEP,DeepConvNet,3,31,1.0,1.0,40,50,FM-Full_A-None_AdaBN-F
Lee2019_SSVEP,DeepConvNet,3,32,0.805,0.92,40,50,FM-Full_A-None_AdaBN-F
Lee2019_SSVEP,DeepConvNet,3,37,0.985,0.98,40,50,FM-Full_A-None_AdaBN-F
Lee2019_SSVEP,DeepConvNet,3,41,0.99,0.995,40,50,FM-Full_A-None_AdaBN-F
Lee2019_SSVEP,DeepConvNet,3,48,0.995,0.995,40,50,FM-Full_A-None_AdaBN-F
Lee2019_SSVEP,DeepConvNet,4,2,0.985,0.995,40,50,FM-Full_A-None_AdaBN-F
Lee2019_SSVEP,DeepConvNet,4,3,0.945,0.94,40,50,FM-Full_A-None_AdaBN-F
Lee2019_SSVEP,DeepConvNet,4,11,1.0,1.0,40,50,FM-Full_A-None_AdaBN-F
Lee2019_SSVEP,DeepConvNet,4,22,0.855,0.92,40,50,FM-Full_A-None_AdaBN-F
Lee2019_SSVEP,DeepConvNet,4,24,0.89,0.96,40,50,FM-Full_A-None_AdaBN-F
Lee2019_SSVEP,DeepConvNet,4,30,0.975,0.99,40,50,FM-Full_A-None_AdaBN-F
Lee2019_SSVEP,DeepConvNet,4,36,1.0,1.0,40,50,FM-Full_A-None_AdaBN-F
Lee2019_SSVEP,DeepConvNet,4,40,0.92,0.91,40,50,FM-Full_A-None_AdaBN-F
Lee2019_SSVEP,DeepConvNet,4,42,0.805,0.805,40,50,FM-Full_A-None_AdaBN-F
Lee2019_SSVEP,DeepConvNet,4,44,0.985,1.0,40,50,FM-Full_A-None_AdaBN-F
Lee2019_SSVEP,DeepConvNet,4,47,0.64,0.65,40,50,FM-Full_A-None_AdaBN-F
Lee2019_SSVEP,DeepConvNet,5,8,0.955,0.965,40,50,FM-Full_A-None_AdaBN-F
Lee2019_SSVEP,DeepConvNet,5,15,0.82,0.98,40,50,FM-Full_A-None_AdaBN-F
Lee2019_SSVEP,DeepConvNet,5,19,0.96,0.965,40,50,FM-Full_A-None_AdaBN-F
Lee2019_SSVEP,DeepConvNet,5,21,0.98,0.98,40,50,FM-Full_A-None_AdaBN-F
Lee2019_SSVEP,DeepConvNet,5,23,0.305,0.48,40,50,FM-Full_A-None_AdaBN-F
Lee2019_SSVEP,DeepConvNet,5,29,0.955,0.96,40,50,FM-Full_A-None_AdaBN-F
Lee2019_SSVEP,DeepConvNet,5,39,0.995,1.0,40,50,FM-Full_A-None_AdaBN-F
Lee2019_SSVEP,DeepConvNet,5,43,1.0,1.0,40,50,FM-Full_A-None_AdaBN-F
Lee2019_SSVEP,DeepConvNet,5,52,0.985,1.0,40,50,FM-Full_A-None_AdaBN-F
Lee2019_SSVEP,DeepConvNet,5,54,0.675,0.85,40,50,FM-Full_A-None_AdaBN-F
MAMEM2,ATCNet,1,2,,,6,50,FM-Full_A-None_AdaBN-F
MAMEM2,ATCNet,1,9,,,6,50,FM-Full_A-None_AdaBN-F
MAMEM2,ATCNet,2,1,,,6,50,FM-Full_A-None_AdaBN-F
MAMEM2,ATCNet,2,6,,,6,50,FM-Full_A-None_AdaBN-F
MAMEM2,ATCNet,3,3,,,6,50,FM-Full_A-None_AdaBN-F
MAMEM2,ATCNet,3,8,,,6,50,FM-Full_A-None_AdaBN-F
MAMEM2,ATCNet,4,5,,,6,50,FM-Full_A-None_AdaBN-F
MAMEM2,ATCNet,4,10,,,6,50,FM-Full_A-None_AdaBN-F
MAMEM2,ATCNet,5,4,,,6,50,FM-Full_A-None_AdaBN-F
MAMEM2,ATCNet,5,7,,,6,50,FM-Full_A-None_AdaBN-F
MAMEM2,ATCNet,1,2,0.256,0.28,6,50,FM-Full_A-None_AdaBN-F
MAMEM2,ATCNet,1,9,0.184,0.192,6,50,FM-Full_A-None_AdaBN-F
MAMEM2,ATCNet,2,1,0.208,0.224,6,50,FM-Full_A-None_AdaBN-F
MAMEM2,ATCNet,2,6,0.184,0.248,6,50,FM-Full_A-None_AdaBN-F
MAMEM2,ATCNet,3,3,0.16,0.184,6,50,FM-Full_A-None_AdaBN-F
MAMEM2,ATCNet,3,8,0.224,0.2,6,50,FM-Full_A-None_AdaBN-F
MAMEM2,ATCNet,4,5,0.248,0.248,6,50,FM-Full_A-None_AdaBN-F
MAMEM2,ATCNet,4,10,0.232,0.192,6,50,FM-Full_A-None_AdaBN-F
MAMEM2,ATCNet,5,4,0.2,0.192,6,50,FM-Full_A-None_AdaBN-F
MAMEM2,ATCNet,5,7,0.152,0.24,6,50,FM-Full_A-None_AdaBN-F
Yang2025,DeepConvNet,1,4,0.595,0.5483333333333333,20,450,FM-Full_A-None_AdaBN-F
Yang2025,DeepConvNet,1,13,0.7933333333333333,0.8316666666666667,20,450,FM-Full_A-None_AdaBN-F
Yang2025,DeepConvNet,1,14,0.56,0.555,20,450,FM-Full_A-None_AdaBN-F
Yang2025,DeepConvNet,1,18,0.6866666666666666,0.6983333333333334,20,450,FM-Full_A-None_AdaBN-F
Yang2025,DeepConvNet,1,25,0.945,0.965,20,450,FM-Full_A-None_AdaBN-F
Yang2025,DeepConvNet,1,31,0.7916666666666666,0.835,20,450,FM-Full_A-None_AdaBN-F
Yang2025,DeepConvNet,1,32,0.5709515859766278,0.6260434056761269,20,450,FM-Full_A-None_AdaBN-F
Yang2025,DeepConvNet,1,33,0.975,0.9766666666666668,20,450,FM-Full_A-None_AdaBN-F
Yang2025,DeepConvNet,1,41,0.8933333333333333,0.92,20,450,FM-Full_A-None_AdaBN-F
Yang2025,DeepConvNet,1,44,0.7383333333333333,0.7366666666666667,20,450,FM-Full_A-None_AdaBN-F
Yang2025,DeepConvNet,1,47,0.915,0.9333333333333332,20,450,FM-Full_A-None_AdaBN-F
Yang2025,DeepConvNet,2,5,0.8266666666666667,0.91,20,450,FM-Full_A-None_AdaBN-F
Yang2025,DeepConvNet,2,7,0.8166666666666667,0.8383333333333334,20,450,FM-Full_A-None_AdaBN-F
Yang2025,DeepConvNet,2,9,0.7416666666666667,0.7466666666666667,20,450,FM-Full_A-None_AdaBN-F
Yang2025,DeepConvNet,2,16,0.6433333333333333,0.665,20,450,FM-Full_A-None_AdaBN-F
Yang2025,DeepConvNet,2,20,0.7833333333333333,0.9466666666666668,20,450,FM-Full_A-None_AdaBN-F
Yang2025,DeepConvNet,2,34,0.5683333333333334,0.8266666666666667,20,450,FM-Full_A-None_AdaBN-F
Yang2025,DeepConvNet,2,37,0.8316666666666667,0.9383333333333334,20,450,FM-Full_A-None_AdaBN-F
Yang2025,DeepConvNet,2,48,0.865,0.9066666666666666,20,450,FM-Full_A-None_AdaBN-F
Yang2025,DeepConvNet,2,49,0.9516666666666668,0.9733333333333334,20,450,FM-Full_A-None_AdaBN-F
Yang2025,DeepConvNet,2,50,0.95,0.9683333333333334,20,450,FM-Full_A-None_AdaBN-F
Yang2025,DeepConvNet,3,1,0.955,0.9633333333333334,20,450,FM-Full_A-None_AdaBN-F
Yang2025,DeepConvNet,3,10,0.8866666666666667,0.8883333333333333,20,450,FM-Full_A-None_AdaBN-F
Yang2025,DeepConvNet,3,12,0.62,0.595,20,450,FM-Full_A-None_AdaBN-F
Yang2025,DeepConvNet,3,17,0.825,0.8533333333333334,20,450,FM-Full_A-None_AdaBN-F
Yang2025,DeepConvNet,3,26,0.8414023372287145,0.9415692821368948,20,450,FM-Full_A-None_AdaBN-F
Yang2025,DeepConvNet,3,27,0.61,0.7133333333333334,20,450,FM-Full_A-None_AdaBN-F
Yang2025,DeepConvNet,3,28,0.8,0.9033333333333332,20,450,FM-Full_A-None_AdaBN-F
Yang2025,DeepConvNet,3,35,0.96,0.975,20,450,FM-Full_A-None_AdaBN-F
Yang2025,DeepConvNet,3,45,0.9116666666666666,0.91,20,450,FM-Full_A-None_AdaBN-F
Yang2025,DeepConvNet,3,46,0.985,0.9966666666666668,20,450,FM-Full_A-None_AdaBN-F
Yang2025,DeepConvNet,4,2,0.73,0.6833333333333333,20,450,FM-Full_A-None_AdaBN-F
Yang2025,DeepConvNet,4,3,0.975,0.9766666666666668,20,450,FM-Full_A-None_AdaBN-F
Yang2025,DeepConvNet,4,6,0.945,0.98,20,450,FM-Full_A-None_AdaBN-F
Yang2025,DeepConvNet,4,22,0.8116666666666666,0.8916666666666667,20,450,FM-Full_A-None_AdaBN-F
Yang2025,DeepConvNet,4,24,0.9612794612794612,0.9831649831649832,20,450,FM-Full_A-None_AdaBN-F
Yang2025,DeepConvNet,4,30,0.9566666666666668,0.9766666666666668,20,450,FM-Full_A-None_AdaBN-F
Yang2025,DeepConvNet,4,36,0.9166666666666666,0.935,20,450,FM-Full_A-None_AdaBN-F
Yang2025,DeepConvNet,4,38,0.6166666666666667,0.7116666666666667,20,450,FM-Full_A-None_AdaBN-F
Yang2025,DeepConvNet,4,40,0.8566666666666667,0.8933333333333333,20,450,FM-Full_A-None_AdaBN-F
Yang2025,DeepConvNet,4,42,0.8516666666666667,0.8483333333333334,20,450,FM-Full_A-None_AdaBN-F
Yang2025,DeepConvNet,5,8,0.9416666666666668,0.9383333333333334,20,450,FM-Full_A-None_AdaBN-F
Yang2025,DeepConvNet,5,11,0.915,0.9316666666666666,20,450,FM-Full_A-None_AdaBN-F
Yang2025,DeepConvNet,5,15,0.7533333333333333,0.87,20,450,FM-Full_A-None_AdaBN-F
Yang2025,DeepConvNet,5,19,0.8766666666666667,0.8683333333333333,20,450,FM-Full_A-None_AdaBN-F
Yang2025,DeepConvNet,5,21,0.9,0.9083333333333332,20,450,FM-Full_A-None_AdaBN-F
Yang2025,DeepConvNet,5,23,0.9465776293823038,0.973288814691152,20,450,FM-Full_A-None_AdaBN-F
Yang2025,DeepConvNet,5,29,0.78,0.9,20,450,FM-Full_A-None_AdaBN-F
Yang2025,DeepConvNet,5,39,0.7483333333333333,0.8016666666666666,20,450,FM-Full_A-None_AdaBN-F
Yang2025,DeepConvNet,5,43,0.9916666666666668,1.0,20,450,FM-Full_A-None_AdaBN-F
Yang2025,DeepConvNet,5,51,0.9,0.9283333333333332,20,450,FM-Full_A-None_AdaBN-F
Kalunga2016,ShallowConvNet,1,1,0.328125,0.296875,8,32,FM-Full_A-None_AdaBN-F
Kalunga2016,ShallowConvNet,1,10,0.203125,0.3828125,8,32,FM-Full_A-None_AdaBN-F
Kalunga2016,ShallowConvNet,1,11,0.28125,0.3125,8,32,FM-Full_A-None_AdaBN-F
Kalunga2016,ShallowConvNet,2,3,0.4375,0.421875,8,32,FM-Full_A-None_AdaBN-F
Kalunga2016,ShallowConvNet,2,6,0.390625,0.46875,8,32,FM-Full_A-None_AdaBN-F
Kalunga2016,ShallowConvNet,2,9,0.3125,0.328125,8,32,FM-Full_A-None_AdaBN-F
Kalunga2016,ShallowConvNet,3,2,0.28125,0.453125,8,32,FM-Full_A-None_AdaBN-F
Kalunga2016,ShallowConvNet,3,12,0.39375,0.5625,8,32,FM-Full_A-None_AdaBN-F
Kalunga2016,ShallowConvNet,4,5,0.328125,0.375,8,32,FM-Full_A-None_AdaBN-F
Kalunga2016,ShallowConvNet,4,8,0.359375,0.421875,8,32,FM-Full_A-None_AdaBN-F
Kalunga2016,ShallowConvNet,5,4,0.359375,0.453125,8,32,FM-Full_A-None_AdaBN-F
Kalunga2016,ShallowConvNet,5,7,0.5520833333333334,0.5625,8,32,FM-Full_A-None_AdaBN-F
Kalunga2016,ShallowConvNet,1,1,,,8,32,FM-Full_A-None_AdaBN-F
Kalunga2016,ShallowConvNet,1,10,,,8,32,FM-Full_A-None_AdaBN-F
Kalunga2016,ShallowConvNet,1,11,,,8,32,FM-Full_A-None_AdaBN-F
Kalunga2016,ShallowConvNet,2,3,,,8,32,FM-Full_A-None_AdaBN-F
Kalunga2016,ShallowConvNet,2,6,,,8,32,FM-Full_A-None_AdaBN-F
Kalunga2016,ShallowConvNet,2,9,,,8,32,FM-Full_A-None_AdaBN-F
Kalunga2016,ShallowConvNet,3,2,,,8,32,FM-Full_A-None_AdaBN-F
Kalunga2016,ShallowConvNet,3,12,,,8,32,FM-Full_A-None_AdaBN-F
Kalunga2016,ShallowConvNet,4,5,,,8,32,FM-Full_A-None_AdaBN-F
Kalunga2016,ShallowConvNet,4,8,,,8,32,FM-Full_A-None_AdaBN-F
Kalunga2016,ShallowConvNet,5,4,,,8,32,FM-Full_A-None_AdaBN-F
Kalunga2016,ShallowConvNet,5,7,,,8,32,FM-Full_A-None_AdaBN-F
Lee2019_SSVEP,ATCNet,1,4,,,40,50,FM-Full_A-None_AdaBN-F
Lee2019_SSVEP,ATCNet,1,6,,,40,50,FM-Full_A-None_AdaBN-F
Lee2019_SSVEP,ATCNet,1,13,,,40,50,FM-Full_A-None_AdaBN-F
Lee2019_SSVEP,ATCNet,1,14,,,40,50,FM-Full_A-None_AdaBN-F
Lee2019_SSVEP,ATCNet,1,18,,,40,50,FM-Full_A-None_AdaBN-F
Lee2019_SSVEP,ATCNet,1,20,,,40,50,FM-Full_A-None_AdaBN-F
Lee2019_SSVEP,ATCNet,1,33,,,40,50,FM-Full_A-None_AdaBN-F
Lee2019_SSVEP,ATCNet,1,45,,,40,50,FM-Full_A-None_AdaBN-F
Lee2019_SSVEP,ATCNet,1,49,,,40,50,FM-Full_A-None_AdaBN-F
Lee2019_SSVEP,ATCNet,1,50,,,40,50,FM-Full_A-None_AdaBN-F
Lee2019_SSVEP,ATCNet,1,53,,,40,50,FM-Full_A-None_AdaBN-F
Lee2019_SSVEP,ATCNet,2,5,,,40,50,FM-Full_A-None_AdaBN-F
Lee2019_SSVEP,ATCNet,2,7,,,40,50,FM-Full_A-None_AdaBN-F
Lee2019_SSVEP,ATCNet,2,9,,,40,50,FM-Full_A-None_AdaBN-F
Lee2019_SSVEP,ATCNet,2,16,,,40,50,FM-Full_A-None_AdaBN-F
Lee2019_SSVEP,ATCNet,2,25,,,40,50,FM-Full_A-None_AdaBN-F
Lee2019_SSVEP,ATCNet,2,27,,,40,50,FM-Full_A-None_AdaBN-F
Lee2019_SSVEP,ATCNet,2,34,,,40,50,FM-Full_A-None_AdaBN-F
Lee2019_SSVEP,ATCNet,2,35,,,40,50,FM-Full_A-None_AdaBN-F
Lee2019_SSVEP,ATCNet,2,38,,,40,50,FM-Full_A-None_AdaBN-F
Lee2019_SSVEP,ATCNet,2,46,,,40,50,FM-Full_A-None_AdaBN-F
Lee2019_SSVEP,ATCNet,2,51,,,40,50,FM-Full_A-None_AdaBN-F
Lee2019_SSVEP,ATCNet,3,1,,,40,50,FM-Full_A-None_AdaBN-F
Lee2019_SSVEP,ATCNet,3,10,,,40,50,FM-Full_A-None_AdaBN-F
Lee2019_SSVEP,ATCNet,3,12,,,40,50,FM-Full_A-None_AdaBN-F
Lee2019_SSVEP,ATCNet,3,17,,,40,50,FM-Full_A-None_AdaBN-F
Lee2019_SSVEP,ATCNet,3,26,,,40,50,FM-Full_A-None_AdaBN-F
Lee2019_SSVEP,ATCNet,3,28,,,40,50,FM-Full_A-None_AdaBN-F
Lee2019_SSVEP,ATCNet,3,31,,,40,50,FM-Full_A-None_AdaBN-F
Lee2019_SSVEP,ATCNet,3,32,,,40,50,FM-Full_A-None_AdaBN-F
Lee2019_SSVEP,ATCNet,3,37,,,40,50,FM-Full_A-None_AdaBN-F
Lee2019_SSVEP,ATCNet,3,41,,,40,50,FM-Full_A-None_AdaBN-F
Lee2019_SSVEP,ATCNet,3,48,,,40,50,FM-Full_A-None_AdaBN-F
Lee2019_SSVEP,ATCNet,4,2,,,40,50,FM-Full_A-None_AdaBN-F
Lee2019_SSVEP,ATCNet,4,3,,,40,50,FM-Full_A-None_AdaBN-F
Lee2019_SSVEP,ATCNet,4,11,,,40,50,FM-Full_A-None_AdaBN-F
Lee2019_SSVEP,ATCNet,4,22,,,40,50,FM-Full_A-None_AdaBN-F
Lee2019_SSVEP,ATCNet,4,24,,,40,50,FM-Full_A-None_AdaBN-F
Lee2019_SSVEP,ATCNet,4,30,,,40,50,FM-Full_A-None_AdaBN-F
Lee2019_SSVEP,ATCNet,4,36,,,40,50,FM-Full_A-None_AdaBN-F
Lee2019_SSVEP,ATCNet,4,40,,,40,50,FM-Full_A-None_AdaBN-F
Lee2019_SSVEP,ATCNet,4,42,,,40,50,FM-Full_A-None_AdaBN-F
Lee2019_SSVEP,ATCNet,4,44,,,40,50,FM-Full_A-None_AdaBN-F
Lee2019_SSVEP,ATCNet,4,47,,,40,50,FM-Full_A-None_AdaBN-F
Lee2019_SSVEP,ATCNet,5,8,,,40,50,FM-Full_A-None_AdaBN-F
Lee2019_SSVEP,ATCNet,5,15,,,40,50,FM-Full_A-None_AdaBN-F
Lee2019_SSVEP,ATCNet,5,19,,,40,50,FM-Full_A-None_AdaBN-F
Lee2019_SSVEP,ATCNet,5,21,,,40,50,FM-Full_A-None_AdaBN-F
Lee2019_SSVEP,ATCNet,5,23,,,40,50,FM-Full_A-None_AdaBN-F
Lee2019_SSVEP,ATCNet,5,29,,,40,50,FM-Full_A-None_AdaBN-F
Lee2019_SSVEP,ATCNet,5,39,,,40,50,FM-Full_A-None_AdaBN-F
Lee2019_SSVEP,ATCNet,5,43,,,40,50,FM-Full_A-None_AdaBN-F
Lee2019_SSVEP,ATCNet,5,52,,,40,50,FM-Full_A-None_AdaBN-F
Lee2019_SSVEP,ATCNet,5,54,,,40,50,FM-Full_A-None_AdaBN-F
Lee2019_SSVEP,ATCNet,1,4,0.99,0.995,40,50,FM-Full_A-None_AdaBN-F
Lee2019_SSVEP,ATCNet,1,6,1.0,1.0,40,50,FM-Full_A-None_AdaBN-F
Lee2019_SSVEP,ATCNet,1,13,0.955,0.995,40,50,FM-Full_A-None_AdaBN-F
Lee2019_SSVEP,ATCNet,1,14,0.8,0.95,40,50,FM-Full_A-None_AdaBN-F
Lee2019_SSVEP,ATCNet,1,18,0.985,0.98,40,50,FM-Full_A-None_AdaBN-F
Lee2019_SSVEP,ATCNet,1,20,0.97,0.955,40,50,FM-Full_A-None_AdaBN-F
Lee2019_SSVEP,ATCNet,1,33,0.975,1.0,40,50,FM-Full_A-None_AdaBN-F
Lee2019_SSVEP,ATCNet,1,45,0.865,0.91,40,50,FM-Full_A-None_AdaBN-F
Lee2019_SSVEP,ATCNet,1,49,0.985,0.995,40,50,FM-Full_A-None_AdaBN-F
Lee2019_SSVEP,ATCNet,1,50,0.985,0.995,40,50,FM-Full_A-None_AdaBN-F
Lee2019_SSVEP,ATCNet,1,53,0.995,0.995,40,50,FM-Full_A-None_AdaBN-F
Lee2019_SSVEP,ATCNet,2,5,0.795,0.805,40,50,FM-Full_A-None_AdaBN-F
Lee2019_SSVEP,ATCNet,2,7,1.0,0.995,40,50,FM-Full_A-None_AdaBN-F
Lee2019_SSVEP,ATCNet,2,9,0.93,0.965,40,50,FM-Full_A-None_AdaBN-F
Lee2019_SSVEP,ATCNet,2,16,0.995,0.995,40,50,FM-Full_A-None_AdaBN-F
Lee2019_SSVEP,ATCNet,2,25,0.93,0.95,40,50,FM-Full_A-None_AdaBN-F
Lee2019_SSVEP,ATCNet,2,27,0.985,0.98,40,50,FM-Full_A-None_AdaBN-F
Lee2019_SSVEP,ATCNet,2,34,0.76,0.82,40,50,FM-Full_A-None_AdaBN-F
Lee2019_SSVEP,ATCNet,2,35,0.86,0.985,40,50,FM-Full_A-None_AdaBN-F
Lee2019_SSVEP,ATCNet,2,38,0.98,0.98,40,50,FM-Full_A-None_AdaBN-F
Lee2019_SSVEP,ATCNet,2,46,0.965,0.995,40,50,FM-Full_A-None_AdaBN-F
Lee2019_SSVEP,ATCNet,2,51,0.73,0.79,40,50,FM-Full_A-None_AdaBN-F
Lee2019_SSVEP,ATCNet,3,1,0.925,0.93,40,50,FM-Full_A-None_AdaBN-F
Lee2019_SSVEP,ATCNet,3,10,0.975,0.995,40,50,FM-Full_A-None_AdaBN-F
Lee2019_SSVEP,ATCNet,3,12,0.96,0.96,40,50,FM-Full_A-None_AdaBN-F
Lee2019_SSVEP,ATCNet,3,17,0.7,0.89,40,50,FM-Full_A-None_AdaBN-F
Lee2019_SSVEP,ATCNet,3,26,0.97,0.995,40,50,FM-Full_A-None_AdaBN-F
Lee2019_SSVEP,ATCNet,3,28,0.925,0.945,40,50,FM-Full_A-None_AdaBN-F
Lee2019_SSVEP,ATCNet,3,31,1.0,1.0,40,50,FM-Full_A-None_AdaBN-F
Lee2019_SSVEP,ATCNet,3,32,0.8,0.945,40,50,FM-Full_A-None_AdaBN-F
Lee2019_SSVEP,ATCNet,3,37,0.985,0.985,40,50,FM-Full_A-None_AdaBN-F
Lee2019_SSVEP,ATCNet,3,41,0.935,0.975,40,50,FM-Full_A-None_AdaBN-F
Lee2019_SSVEP,ATCNet,3,48,0.985,1.0,40,50,FM-Full_A-None_AdaBN-F
Lee2019_SSVEP,ATCNet,4,2,0.985,0.98,40,50,FM-Full_A-None_AdaBN-F
Lee2019_SSVEP,ATCNet,4,3,0.89,0.885,40,50,FM-Full_A-None_AdaBN-F
Lee2019_SSVEP,ATCNet,4,11,1.0,1.0,40,50,FM-Full_A-None_AdaBN-F
Lee2019_SSVEP,ATCNet,4,22,0.825,0.865,40,50,FM-Full_A-None_AdaBN-F
Lee2019_SSVEP,ATCNet,4,24,0.935,0.96,40,50,FM-Full_A-None_AdaBN-F
Lee2019_SSVEP,ATCNet,4,30,0.97,0.99,40,50,FM-Full_A-None_AdaBN-F
Lee2019_SSVEP,ATCNet,4,36,1.0,1.0,40,50,FM-Full_A-None_AdaBN-F
Lee2019_SSVEP,ATCNet,4,40,0.895,0.92,40,50,FM-Full_A-None_AdaBN-F
Lee2019_SSVEP,ATCNet,4,42,0.76,0.775,40,50,FM-Full_A-None_AdaBN-F
Lee2019_SSVEP,ATCNet,4,44,0.975,0.98,40,50,FM-Full_A-None_AdaBN-F
Lee2019_SSVEP,ATCNet,4,47,0.615,0.615,40,50,FM-Full_A-None_AdaBN-F
Lee2019_SSVEP,ATCNet,5,8,0.865,0.94,40,50,FM-Full_A-None_AdaBN-F
Lee2019_SSVEP,ATCNet,5,15,0.715,0.995,40,50,FM-Full_A-None_AdaBN-F
Lee2019_SSVEP,ATCNet,5,19,0.98,0.985,40,50,FM-Full_A-None_AdaBN-F
Lee2019_SSVEP,ATCNet,5,21,0.925,0.96,40,50,FM-Full_A-None_AdaBN-F
Lee2019_SSVEP,ATCNet,5,23,0.28,0.53,40,50,FM-Full_A-None_AdaBN-F
Lee2019_SSVEP,ATCNet,5,29,0.935,0.935,40,50,FM-Full_A-None_AdaBN-F
Lee2019_SSVEP,ATCNet,5,39,1.0,1.0,40,50,FM-Full_A-None_AdaBN-F
Lee2019_SSVEP,ATCNet,5,43,1.0,1.0,40,50,FM-Full_A-None_AdaBN-F
Lee2019_SSVEP,ATCNet,5,52,0.96,0.99,40,50,FM-Full_A-None_AdaBN-F
Lee2019_SSVEP,ATCNet,5,54,0.755,0.89,40,50,FM-Full_A-None_AdaBN-F
BNCI2014_001,ShallowConvNet,1,2,,,5,300,FM-Full_A-None_AdaBN-F
BNCI2014_001,ShallowConvNet,1,8,,,5,300,FM-Full_A-None_AdaBN-F
BNCI2014_001,ShallowConvNet,2,1,,,5,300,FM-Full_A-None_AdaBN-F
BNCI2014_001,ShallowConvNet,2,6,,,5,300,FM-Full_A-None_AdaBN-F
BNCI2014_001,ShallowConvNet,3,3,,,5,300,FM-Full_A-None_AdaBN-F
BNCI2014_001,ShallowConvNet,3,9,,,5,300,FM-Full_A-None_AdaBN-F
BNCI2014_001,ShallowConvNet,4,4,,,5,300,FM-Full_A-None_AdaBN-F
BNCI2014_001,ShallowConvNet,4,5,,,5,300,FM-Full_A-None_AdaBN-F
BNCI2014_001,ShallowConvNet,5,7,,,5,300,FM-Full_A-None_AdaBN-F
BNCI2014_001,ShallowConvNet,1,2,0.3368055555555556,0.3784722222222222,5,300,FM-Full_A-None_AdaBN-F
BNCI2014_001,ShallowConvNet,1,8,0.6163194444444444,0.734375,5,300,FM-Full_A-None_AdaBN-F
BNCI2014_001,ShallowConvNet,2,1,0.5729166666666666,0.6892361111111112,5,300,FM-Full_A-None_AdaBN-F
BNCI2014_001,ShallowConvNet,2,6,0.2847222222222222,0.4565972222222222,5,300,FM-Full_A-None_AdaBN-F
BNCI2014_001,ShallowConvNet,3,3,0.5659722222222222,0.8246527777777778,5,300,FM-Full_A-None_AdaBN-F
BNCI2014_001,ShallowConvNet,3,9,0.5017361111111112,0.7517361111111112,5,300,FM-Full_A-None_AdaBN-F
BNCI2014_001,ShallowConvNet,4,4,0.4097222222222222,0.5434027777777778,5,300,FM-Full_A-None_AdaBN-F
BNCI2014_001,ShallowConvNet,4,5,0.28125,0.4131944444444444,5,300,FM-Full_A-None_AdaBN-F
BNCI2014_001,ShallowConvNet,5,7,0.3524305555555556,0.625,5,300,FM-Full_A-None_AdaBN-F
Huebner2018,ShallowConvNet,1,1,0.94831570838294,0.9735275579522376,6,14000,FM-Full_A-None_AdaBN-F
Huebner2018,ShallowConvNet,1,10,0.8265406162464985,0.9356442577030812,6,14000,FM-Full_A-None_AdaBN-F
Huebner2018,ShallowConvNet,1,11,0.8241665494443663,0.909551273034182,6,14000,FM-Full_A-None_AdaBN-F
Huebner2018,ShallowConvNet,2,3,0.9637955182072828,0.9795518207282912,6,14000,FM-Full_A-None_AdaBN-F
Huebner2018,ShallowConvNet,2,6,0.8712885154061625,0.9734593837535014,6,14000,FM-Full_A-None_AdaBN-F
Huebner2018,ShallowConvNet,2,9,0.7850689824217382,0.94313327263814,6,14000,FM-Full_A-None_AdaBN-F
Huebner2018,ShallowConvNet,3,2,0.9583333333333334,0.9819327731092437,6,14000,FM-Full_A-None_AdaBN-F
Huebner2018,ShallowConvNet,3,12,0.6504201680672269,0.927170868347339,6,14000,FM-Full_A-None_AdaBN-F
Huebner2018,ShallowConvNet,4,5,0.8324225865209471,0.9258091635140816,6,14000,FM-Full_A-None_AdaBN-F
Huebner2018,ShallowConvNet,4,8,0.7908263305322129,0.9242296918767507,6,14000,FM-Full_A-None_AdaBN-F
Huebner2018,ShallowConvNet,5,4,0.9353641456582632,0.9560224089635856,6,14000,FM-Full_A-None_AdaBN-F
Huebner2018,ShallowConvNet,5,7,0.8740543569627347,0.9326842252731856,6,14000,FM-Full_A-None_AdaBN-F
Lee2019_MI,DeepConvNet,1,4,0.75,0.795,40,150,FM-Full_A-None_AdaBN-F
Lee2019_MI,DeepConvNet,1,6,0.925,0.94,40,150,FM-Full_A-None_AdaBN-F
Lee2019_MI,DeepConvNet,1,13,0.675,0.75,40,150,FM-Full_A-None_AdaBN-F
Lee2019_MI,DeepConvNet,1,14,0.67,0.67,40,150,FM-Full_A-None_AdaBN-F
Lee2019_MI,DeepConvNet,1,18,0.825,0.94,40,150,FM-Full_A-None_AdaBN-F
Lee2019_MI,DeepConvNet,1,20,0.86,0.88,40,150,FM-Full_A-None_AdaBN-F
Lee2019_MI,DeepConvNet,1,33,0.955,0.98,40,150,FM-Full_A-None_AdaBN-F
Lee2019_MI,DeepConvNet,1,45,0.93,0.93,40,150,FM-Full_A-None_AdaBN-F
Lee2019_MI,DeepConvNet,1,49,0.635,0.87,40,150,FM-Full_A-None_AdaBN-F
Lee2019_MI,DeepConvNet,1,50,0.59,0.675,40,150,FM-Full_A-None_AdaBN-F
Lee2019_MI,DeepConvNet,1,53,0.82,0.83,40,150,FM-Full_A-None_AdaBN-F
Lee2019_MI,DeepConvNet,2,5,0.74,0.85,40,150,FM-Full_A-None_AdaBN-F
Lee2019_MI,DeepConvNet,2,7,0.665,0.745,40,150,FM-Full_A-None_AdaBN-F
Lee2019_MI,DeepConvNet,2,9,0.82,0.865,40,150,FM-Full_A-None_AdaBN-F
Lee2019_MI,DeepConvNet,2,16,0.835,0.845,40,150,FM-Full_A-None_AdaBN-F
Lee2019_MI,DeepConvNet,2,25,0.825,0.865,40,150,FM-Full_A-None_AdaBN-F
Lee2019_MI,DeepConvNet,2,27,0.91,0.895,40,150,FM-Full_A-None_AdaBN-F
Lee2019_MI,DeepConvNet,2,34,0.615,0.71,40,150,FM-Full_A-None_AdaBN-F
Lee2019_MI,DeepConvNet,2,35,0.73,0.93,40,150,FM-Full_A-None_AdaBN-F
Lee2019_MI,DeepConvNet,2,38,0.575,0.74,40,150,FM-Full_A-None_AdaBN-F
Lee2019_MI,DeepConvNet,2,46,0.715,0.67,40,150,FM-Full_A-None_AdaBN-F
Lee2019_MI,DeepConvNet,2,51,0.71,0.79,40,150,FM-Full_A-None_AdaBN-F
Lee2019_MI,DeepConvNet,3,1,0.805,0.795,40,150,FM-Full_A-None_AdaBN-F
Lee2019_MI,DeepConvNet,3,10,0.72,0.69,40,150,FM-Full_A-None_AdaBN-F
Lee2019_MI,DeepConvNet,3,12,0.835,0.795,40,150,FM-Full_A-None_AdaBN-F
Lee2019_MI,DeepConvNet,3,17,0.74,0.665,40,150,FM-Full_A-None_AdaBN-F
Lee2019_MI,DeepConvNet,3,26,0.87,0.88,40,150,FM-Full_A-None_AdaBN-F
Lee2019_MI,DeepConvNet,3,28,0.92,0.935,40,150,FM-Full_A-None_AdaBN-F
Lee2019_MI,DeepConvNet,3,31,0.795,0.845,40,150,FM-Full_A-None_AdaBN-F
Lee2019_MI,DeepConvNet,3,32,0.865,0.945,40,150,FM-Full_A-None_AdaBN-F
Lee2019_MI,DeepConvNet,3,37,0.9,0.95,40,150,FM-Full_A-None_AdaBN-F
Lee2019_MI,DeepConvNet,3,41,0.57,0.745,40,150,FM-Full_A-None_AdaBN-F
Lee2019_MI,DeepConvNet,3,48,0.705,0.685,40,150,FM-Full_A-None_AdaBN-F
Lee2019_MI,DeepConvNet,4,2,0.82,0.82,40,150,FM-Full_A-None_AdaBN-F
Lee2019_MI,DeepConvNet,4,3,0.86,0.91,40,150,FM-Full_A-None_AdaBN-F
Lee2019_MI,DeepConvNet,4,11,0.645,0.69,40,150,FM-Full_A-None_AdaBN-F
Lee2019_MI,DeepConvNet,4,22,0.765,0.67,40,150,FM-Full_A-None_AdaBN-F
Lee2019_MI,DeepConvNet,4,24,0.68,0.815,40,150,FM-Full_A-None_AdaBN-F
Lee2019_MI,DeepConvNet,4,30,0.815,0.85,40,150,FM-Full_A-None_AdaBN-F
Lee2019_MI,DeepConvNet,4,36,0.945,0.97,40,150,FM-Full_A-None_AdaBN-F
Lee2019_MI,DeepConvNet,4,40,0.86,0.905,40,150,FM-Full_A-None_AdaBN-F
Lee2019_MI,DeepConvNet,4,42,0.67,0.725,40,150,FM-Full_A-None_AdaBN-F
Lee2019_MI,DeepConvNet,4,44,0.835,0.875,40,150,FM-Full_A-None_AdaBN-F
Lee2019_MI,DeepConvNet,4,47,0.895,0.885,40,150,FM-Full_A-None_AdaBN-F
Lee2019_MI,DeepConvNet,5,8,0.785,0.765,40,150,FM-Full_A-None_AdaBN-F
Lee2019_MI,DeepConvNet,5,15,0.825,0.865,40,150,FM-Full_A-None_AdaBN-F
Lee2019_MI,DeepConvNet,5,19,0.81,0.82,40,150,FM-Full_A-None_AdaBN-F
Lee2019_MI,DeepConvNet,5,21,0.97,0.975,40,150,FM-Full_A-None_AdaBN-F
Lee2019_MI,DeepConvNet,5,23,0.845,0.82,40,150,FM-Full_A-None_AdaBN-F
Lee2019_MI,DeepConvNet,5,29,0.71,0.765,40,150,FM-Full_A-None_AdaBN-F
Lee2019_MI,DeepConvNet,5,39,0.865,0.835,40,150,FM-Full_A-None_AdaBN-F
Lee2019_MI,DeepConvNet,5,43,0.925,0.83,40,150,FM-Full_A-None_AdaBN-F
Lee2019_MI,DeepConvNet,5,52,0.765,0.805,40,150,FM-Full_A-None_AdaBN-F
Lee2019_MI,DeepConvNet,5,54,0.735,0.715,40,150,FM-Full_A-None_AdaBN-F
BNCI2014_001,ShallowConvNet,2,1,0.5763888888888888,0.7447916666666666,6,500,FM-Full_A-None_AdaBN-F
BNCI2014_001,ShallowConvNet,2,6,0.3645833333333333,0.5121527777777778,6,500,FM-Full_A-None_AdaBN-F
BNCI2014_001,ShallowConvNet,3,3,0.5434027777777778,0.8454861111111112,6,500,FM-Full_A-None_AdaBN-F
BNCI2014_001,ShallowConvNet,3,9,0.5190972222222222,0.8159722222222222,6,500,FM-Full_A-None_AdaBN-F
BNCI2014_001,ShallowConvNet,4,4,0.4079861111111111,0.5451388888888888,6,500,FM-Full_A-None_AdaBN-F
BNCI2014_001,ShallowConvNet,4,5,0.3003472222222222,0.453125,6,500,FM-Full_A-None_AdaBN-F
BNCI2014_001,ShallowConvNet,5,7,0.3940972222222222,0.6822916666666666,6,500,FM-Full_A-None_AdaBN-F
BNCI2014_001,ShallowConvNet,1,2,,,6,500,FM-Full_A-None_AdaBN-F
BNCI2014_001,ShallowConvNet,1,8,,,6,500,FM-Full_A-None_AdaBN-F
BNCI2014_001,ShallowConvNet,2,1,,,6,500,FM-Full_A-None_AdaBN-F
BNCI2014_001,ShallowConvNet,2,6,,,6,500,FM-Full_A-None_AdaBN-F
BNCI2014_001,ShallowConvNet,3,3,,,6,500,FM-Full_A-None_AdaBN-F
BNCI2014_001,ShallowConvNet,3,9,,,6,500,FM-Full_A-None_AdaBN-F
BNCI2014_001,ShallowConvNet,4,4,,,6,500,FM-Full_A-None_AdaBN-F
BNCI2014_001,ShallowConvNet,4,5,,,6,500,FM-Full_A-None_AdaBN-F
BNCI2014_001,ShallowConvNet,5,7,,,6,500,FM-Full_A-None_AdaBN-F
Lee2019_SSVEP,DeepConvNet,1,4,1.0,1.0,10,200,FM-Full_A-None_AdaBN-F
Lee2019_SSVEP,DeepConvNet,1,6,0.97,0.995,10,200,FM-Full_A-None_AdaBN-F
Lee2019_SSVEP,DeepConvNet,1,13,0.87,0.96,10,200,FM-Full_A-None_AdaBN-F
Lee2019_SSVEP,DeepConvNet,1,14,0.915,0.975,10,200,FM-Full_A-None_AdaBN-F
Lee2019_SSVEP,DeepConvNet,1,18,0.99,0.995,10,200,FM-Full_A-None_AdaBN-F
Lee2019_SSVEP,DeepConvNet,1,20,0.925,0.975,10,200,FM-Full_A-None_AdaBN-F
Lee2019_SSVEP,DeepConvNet,1,33,1.0,0.995,10,200,FM-Full_A-None_AdaBN-F
Lee2019_SSVEP,DeepConvNet,1,45,0.93,0.97,10,200,FM-Full_A-None_AdaBN-F
Lee2019_SSVEP,DeepConvNet,1,49,1.0,0.99,10,200,FM-Full_A-None_AdaBN-F
Lee2019_SSVEP,DeepConvNet,1,50,0.98,0.995,10,200,FM-Full_A-None_AdaBN-F
Lee2019_SSVEP,DeepConvNet,1,53,1.0,1.0,10,200,FM-Full_A-None_AdaBN-F
Lee2019_SSVEP,DeepConvNet,2,5,0.825,0.845,10,200,FM-Full_A-None_AdaBN-F
Lee2019_SSVEP,DeepConvNet,2,7,0.995,0.995,10,200,FM-Full_A-None_AdaBN-F
Lee2019_SSVEP,DeepConvNet,2,9,0.955,0.96,10,200,FM-Full_A-None_AdaBN-F
Lee2019_SSVEP,DeepConvNet,2,16,1.0,1.0,10,200,FM-Full_A-None_AdaBN-F
Lee2019_SSVEP,DeepConvNet,2,25,0.945,0.98,10,200,FM-Full_A-None_AdaBN-F
Lee2019_SSVEP,DeepConvNet,2,27,0.995,0.995,10,200,FM-Full_A-None_AdaBN-F
Lee2019_SSVEP,DeepConvNet,2,34,0.84,0.855,10,200,FM-Full_A-None_AdaBN-F
Lee2019_SSVEP,DeepConvNet,2,35,0.94,0.985,10,200,FM-Full_A-None_AdaBN-F
Lee2019_SSVEP,DeepConvNet,2,38,0.985,0.985,10,200,FM-Full_A-None_AdaBN-F
Lee2019_SSVEP,DeepConvNet,2,46,0.945,0.98,10,200,FM-Full_A-None_AdaBN-F
Lee2019_SSVEP,DeepConvNet,2,51,0.805,0.8,10,200,FM-Full_A-None_AdaBN-F
Lee2019_SSVEP,DeepConvNet,3,1,0.91,0.95,10,200,FM-Full_A-None_AdaBN-F
Lee2019_SSVEP,DeepConvNet,3,10,0.915,0.985,10,200,FM-Full_A-None_AdaBN-F
Lee2019_SSVEP,DeepConvNet,3,12,0.975,0.96,10,200,FM-Full_A-None_AdaBN-F
Lee2019_SSVEP,DeepConvNet,3,17,0.97,0.97,10,200,FM-Full_A-None_AdaBN-F
Lee2019_SSVEP,DeepConvNet,3,26,0.975,0.99,10,200,FM-Full_A-None_AdaBN-F
Lee2019_SSVEP,DeepConvNet,3,28,0.97,0.96,10,200,FM-Full_A-None_AdaBN-F
Lee2019_SSVEP,DeepConvNet,3,31,1.0,1.0,10,200,FM-Full_A-None_AdaBN-F
Lee2019_SSVEP,DeepConvNet,3,32,0.46,0.8,10,200,FM-Full_A-None_AdaBN-F
Lee2019_SSVEP,DeepConvNet,3,37,0.985,0.985,10,200,FM-Full_A-None_AdaBN-F
Lee2019_SSVEP,DeepConvNet,3,41,0.98,0.99,10,200,FM-Full_A-None_AdaBN-F
Lee2019_SSVEP,DeepConvNet,3,48,0.995,1.0,10,200,FM-Full_A-None_AdaBN-F
Lee2019_SSVEP,DeepConvNet,4,2,0.99,0.98,10,200,FM-Full_A-None_AdaBN-F
Lee2019_SSVEP,DeepConvNet,4,3,0.95,0.925,10,200,FM-Full_A-None_AdaBN-F
Lee2019_SSVEP,DeepConvNet,4,11,1.0,1.0,10,200,FM-Full_A-None_AdaBN-F
Lee2019_SSVEP,DeepConvNet,4,22,0.84,0.92,10,200,FM-Full_A-None_AdaBN-F
Lee2019_SSVEP,DeepConvNet,4,24,0.965,0.98,10,200,FM-Full_A-None_AdaBN-F
Lee2019_SSVEP,DeepConvNet,4,30,0.965,0.98,10,200,FM-Full_A-None_AdaBN-F
Lee2019_SSVEP,DeepConvNet,4,36,1.0,1.0,10,200,FM-Full_A-None_AdaBN-F
Lee2019_SSVEP,DeepConvNet,4,40,0.96,0.955,10,200,FM-Full_A-None_AdaBN-F
Lee2019_SSVEP,DeepConvNet,4,42,0.825,0.805,10,200,FM-Full_A-None_AdaBN-F
Lee2019_SSVEP,DeepConvNet,4,44,1.0,1.0,10,200,FM-Full_A-None_AdaBN-F
Lee2019_SSVEP,DeepConvNet,4,47,0.63,0.62,10,200,FM-Full_A-None_AdaBN-F
Lee2019_SSVEP,DeepConvNet,5,8,0.915,0.94,10,200,FM-Full_A-None_AdaBN-F
Lee2019_SSVEP,DeepConvNet,5,15,0.95,0.995,10,200,FM-Full_A-None_AdaBN-F
Lee2019_SSVEP,DeepConvNet,5,19,0.91,0.93,10,200,FM-Full_A-None_AdaBN-F
Lee2019_SSVEP,DeepConvNet,5,21,0.945,0.97,10,200,FM-Full_A-None_AdaBN-F
Lee2019_SSVEP,DeepConvNet,5,23,0.325,0.44,10,200,FM-Full_A-None_AdaBN-F
Lee2019_SSVEP,DeepConvNet,5,29,0.835,0.935,10,200,FM-Full_A-None_AdaBN-F
Lee2019_SSVEP,DeepConvNet,5,39,0.99,1.0,10,200,FM-Full_A-None_AdaBN-F
Lee2019_SSVEP,DeepConvNet,5,43,1.0,1.0,10,200,FM-Full_A-None_AdaBN-F
Lee2019_SSVEP,DeepConvNet,5,52,0.94,0.995,10,200,FM-Full_A-None_AdaBN-F
Lee2019_SSVEP,DeepConvNet,5,54,0.69,0.875,10,200,FM-Full_A-None_AdaBN-F
Yang2025,EEGNetv4,1,4,,,30,300,FM-Full_A-None_AdaBN-F
Yang2025,EEGNetv4,1,13,,,30,300,FM-Full_A-None_AdaBN-F
Yang2025,EEGNetv4,1,14,,,30,300,FM-Full_A-None_AdaBN-F
Yang2025,EEGNetv4,1,18,,,30,300,FM-Full_A-None_AdaBN-F
Yang2025,EEGNetv4,1,25,,,30,300,FM-Full_A-None_AdaBN-F
Yang2025,EEGNetv4,1,31,,,30,300,FM-Full_A-None_AdaBN-F
Yang2025,EEGNetv4,1,32,,,30,300,FM-Full_A-None_AdaBN-F
Yang2025,EEGNetv4,1,33,,,30,300,FM-Full_A-None_AdaBN-F
Yang2025,EEGNetv4,1,41,,,30,300,FM-Full_A-None_AdaBN-F
Yang2025,EEGNetv4,1,44,,,30,300,FM-Full_A-None_AdaBN-F
Yang2025,EEGNetv4,1,47,,,30,300,FM-Full_A-None_AdaBN-F
Yang2025,EEGNetv4,2,5,,,30,300,FM-Full_A-None_AdaBN-F
Yang2025,EEGNetv4,2,7,,,30,300,FM-Full_A-None_AdaBN-F
Yang2025,EEGNetv4,2,9,,,30,300,FM-Full_A-None_AdaBN-F
Yang2025,EEGNetv4,2,16,,,30,300,FM-Full_A-None_AdaBN-F
Yang2025,EEGNetv4,2,20,,,30,300,FM-Full_A-None_AdaBN-F
Yang2025,EEGNetv4,2,34,,,30,300,FM-Full_A-None_AdaBN-F
Yang2025,EEGNetv4,2,37,,,30,300,FM-Full_A-None_AdaBN-F
Yang2025,EEGNetv4,2,48,,,30,300,FM-Full_A-None_AdaBN-F
Yang2025,EEGNetv4,2,49,,,30,300,FM-Full_A-None_AdaBN-F
Yang2025,EEGNetv4,2,50,,,30,300,FM-Full_A-None_AdaBN-F
Yang2025,EEGNetv4,3,1,,,30,300,FM-Full_A-None_AdaBN-F
Yang2025,EEGNetv4,3,10,,,30,300,FM-Full_A-None_AdaBN-F
Yang2025,EEGNetv4,3,12,,,30,300,FM-Full_A-None_AdaBN-F
Yang2025,EEGNetv4,3,17,,,30,300,FM-Full_A-None_AdaBN-F
Yang2025,EEGNetv4,3,26,,,30,300,FM-Full_A-None_AdaBN-F
Yang2025,EEGNetv4,3,27,,,30,300,FM-Full_A-None_AdaBN-F
Yang2025,EEGNetv4,3,28,,,30,300,FM-Full_A-None_AdaBN-F
Yang2025,EEGNetv4,3,35,,,30,300,FM-Full_A-None_AdaBN-F
Yang2025,EEGNetv4,3,45,,,30,300,FM-Full_A-None_AdaBN-F
Yang2025,EEGNetv4,3,46,,,30,300,FM-Full_A-None_AdaBN-F
Yang2025,EEGNetv4,4,2,,,30,300,FM-Full_A-None_AdaBN-F
Yang2025,EEGNetv4,4,3,,,30,300,FM-Full_A-None_AdaBN-F
Yang2025,EEGNetv4,4,6,,,30,300,FM-Full_A-None_AdaBN-F
Yang2025,EEGNetv4,4,22,,,30,300,FM-Full_A-None_AdaBN-F
Yang2025,EEGNetv4,4,24,,,30,300,FM-Full_A-None_AdaBN-F
Yang2025,EEGNetv4,4,30,,,30,300,FM-Full_A-None_AdaBN-F
Yang2025,EEGNetv4,4,36,,,30,300,FM-Full_A-None_AdaBN-F
Yang2025,EEGNetv4,4,38,,,30,300,FM-Full_A-None_AdaBN-F
Yang2025,EEGNetv4,4,40,,,30,300,FM-Full_A-None_AdaBN-F
Yang2025,EEGNetv4,4,42,,,30,300,FM-Full_A-None_AdaBN-F
Yang2025,EEGNetv4,5,8,,,30,300,FM-Full_A-None_AdaBN-F
Yang2025,EEGNetv4,5,11,,,30,300,FM-Full_A-None_AdaBN-F
Yang2025,EEGNetv4,5,15,,,30,300,FM-Full_A-None_AdaBN-F
Yang2025,EEGNetv4,5,19,,,30,300,FM-Full_A-None_AdaBN-F
Yang2025,EEGNetv4,5,21,,,30,300,FM-Full_A-None_AdaBN-F
Yang2025,EEGNetv4,5,23,,,30,300,FM-Full_A-None_AdaBN-F
Yang2025,EEGNetv4,5,29,,,30,300,FM-Full_A-None_AdaBN-F
Yang2025,EEGNetv4,5,39,,,30,300,FM-Full_A-None_AdaBN-F
Yang2025,EEGNetv4,5,43,,,30,300,FM-Full_A-None_AdaBN-F
Yang2025,EEGNetv4,5,51,,,30,300,FM-Full_A-None_AdaBN-F
Yang2025,EEGNetv4,1,4,0.58,0.5716666666666667,30,300,FM-Full_A-None_AdaBN-F
Yang2025,EEGNetv4,1,13,0.785,0.82,30,300,FM-Full_A-None_AdaBN-F
Yang2025,EEGNetv4,1,14,0.565,0.5666666666666667,30,300,FM-Full_A-None_AdaBN-F
Yang2025,EEGNetv4,1,18,0.69,0.695,30,300,FM-Full_A-None_AdaBN-F
Yang2025,EEGNetv4,1,25,0.9083333333333332,0.9566666666666668,30,300,FM-Full_A-None_AdaBN-F
Yang2025,EEGNetv4,1,31,0.745,0.8216666666666667,30,300,FM-Full_A-None_AdaBN-F
Yang2025,EEGNetv4,1,32,0.5442404006677797,0.5943238731218697,30,300,FM-Full_A-None_AdaBN-F
Yang2025,EEGNetv4,1,33,0.9116666666666666,0.9516666666666668,30,300,FM-Full_A-None_AdaBN-F
Yang2025,EEGNetv4,1,41,0.8666666666666667,0.9,30,300,FM-Full_A-None_AdaBN-F
Yang2025,EEGNetv4,1,44,0.7333333333333333,0.7366666666666667,30,300,FM-Full_A-None_AdaBN-F
Yang2025,EEGNetv4,1,47,0.885,0.925,30,300,FM-Full_A-None_AdaBN-F
Yang2025,EEGNetv4,2,5,0.8283333333333334,0.885,30,300,FM-Full_A-None_AdaBN-F
Yang2025,EEGNetv4,2,7,0.72,0.8016666666666666,30,300,FM-Full_A-None_AdaBN-F
Yang2025,EEGNetv4,2,9,0.6783333333333333,0.705,30,300,FM-Full_A-None_AdaBN-F
Yang2025,EEGNetv4,2,16,0.58,0.6116666666666667,30,300,FM-Full_A-None_AdaBN-F
Yang2025,EEGNetv4,2,20,0.7383333333333333,0.8883333333333333,30,300,FM-Full_A-None_AdaBN-F
Yang2025,EEGNetv4,2,34,0.67,0.79,30,300,FM-Full_A-None_AdaBN-F
Yang2025,EEGNetv4,2,37,0.8416666666666667,0.9183333333333332,30,300,FM-Full_A-None_AdaBN-F
Yang2025,EEGNetv4,2,48,0.8216666666666667,0.8933333333333333,30,300,FM-Full_A-None_AdaBN-F
Yang2025,EEGNetv4,2,49,0.9116666666666666,0.9566666666666668,30,300,FM-Full_A-None_AdaBN-F
Yang2025,EEGNetv4,2,50,0.9166666666666666,0.955,30,300,FM-Full_A-None_AdaBN-F
Yang2025,EEGNetv4,3,1,0.915,0.9416666666666668,30,300,FM-Full_A-None_AdaBN-F
Yang2025,EEGNetv4,3,10,0.8016666666666666,0.8433333333333334,30,300,FM-Full_A-None_AdaBN-F
Yang2025,EEGNetv4,3,12,0.5866666666666667,0.59,30,300,FM-Full_A-None_AdaBN-F
Yang2025,EEGNetv4,3,17,0.785,0.7983333333333333,30,300,FM-Full_A-None_AdaBN-F
Yang2025,EEGNetv4,3,26,0.7979966611018364,0.8898163606010017,30,300,FM-Full_A-None_AdaBN-F
Yang2025,EEGNetv4,3,27,0.605,0.74,30,300,FM-Full_A-None_AdaBN-F
Yang2025,EEGNetv4,3,28,0.775,0.865,30,300,FM-Full_A-None_AdaBN-F
Yang2025,EEGNetv4,3,35,0.935,0.96,30,300,FM-Full_A-None_AdaBN-F
Yang2025,EEGNetv4,3,45,0.865,0.8933333333333333,30,300,FM-Full_A-None_AdaBN-F
Yang2025,EEGNetv4,3,46,0.95,0.99,30,300,FM-Full_A-None_AdaBN-F
Yang2025,EEGNetv4,4,2,0.6883333333333334,0.675,30,300,FM-Full_A-None_AdaBN-F
Yang2025,EEGNetv4,4,3,0.9166666666666666,0.93,30,300,FM-Full_A-None_AdaBN-F
Yang2025,EEGNetv4,4,6,0.9116666666666666,0.9616666666666668,30,300,FM-Full_A-None_AdaBN-F
Yang2025,EEGNetv4,4,22,0.745,0.86,30,300,FM-Full_A-None_AdaBN-F
Yang2025,EEGNetv4,4,24,0.9326599326599326,0.9730639730639732,30,300,FM-Full_A-None_AdaBN-F
Yang2025,EEGNetv4,4,30,0.88,0.7983333333333333,30,300,FM-Full_A-None_AdaBN-F
Yang2025,EEGNetv4,4,36,0.89,0.95,30,300,FM-Full_A-None_AdaBN-F
Yang2025,EEGNetv4,4,38,0.615,0.7033333333333334,30,300,FM-Full_A-None_AdaBN-F
Yang2025,EEGNetv4,4,40,0.7616666666666667,0.8283333333333334,30,300,FM-Full_A-None_AdaBN-F
Yang2025,EEGNetv4,4,42,0.7716666666666666,0.79,30,300,FM-Full_A-None_AdaBN-F
Yang2025,EEGNetv4,5,8,0.8583333333333333,0.905,30,300,FM-Full_A-None_AdaBN-F
Yang2025,EEGNetv4,5,11,0.8183333333333334,0.8983333333333333,30,300,FM-Full_A-None_AdaBN-F
Yang2025,EEGNetv4,5,15,0.7433333333333333,0.76,30,300,FM-Full_A-None_AdaBN-F
Yang2025,EEGNetv4,5,19,0.8133333333333334,0.86,30,300,FM-Full_A-None_AdaBN-F
Yang2025,EEGNetv4,5,21,0.8333333333333334,0.89,30,300,FM-Full_A-None_AdaBN-F
Yang2025,EEGNetv4,5,23,0.8631051752921536,0.9532554257095158,30,300,FM-Full_A-None_AdaBN-F
Yang2025,EEGNetv4,5,29,0.7166666666666667,0.8566666666666667,30,300,FM-Full_A-None_AdaBN-F
Yang2025,EEGNetv4,5,39,0.7016666666666667,0.7566666666666667,30,300,FM-Full_A-None_AdaBN-F
Yang2025,EEGNetv4,5,43,0.975,0.9966666666666668,30,300,FM-Full_A-None_AdaBN-F
Yang2025,EEGNetv4,5,51,0.8316666666666667,0.8816666666666667,30,300,FM-Full_A-None_AdaBN-F
MAMEM2,EEGNetv4,1,2,,,6,50,FM-Full_A-None_AdaBN-F
MAMEM2,EEGNetv4,1,9,,,6,50,FM-Full_A-None_AdaBN-F
MAMEM2,EEGNetv4,2,1,,,6,50,FM-Full_A-None_AdaBN-F
MAMEM2,EEGNetv4,2,6,,,6,50,FM-Full_A-None_AdaBN-F
MAMEM2,EEGNetv4,3,3,,,6,50,FM-Full_A-None_AdaBN-F
MAMEM2,EEGNetv4,3,8,,,6,50,FM-Full_A-None_AdaBN-F
MAMEM2,EEGNetv4,4,5,,,6,50,FM-Full_A-None_AdaBN-F
MAMEM2,EEGNetv4,4,10,,,6,50,FM-Full_A-None_AdaBN-F
MAMEM2,EEGNetv4,5,4,,,6,50,FM-Full_A-None_AdaBN-F
MAMEM2,EEGNetv4,5,7,,,6,50,FM-Full_A-None_AdaBN-F
MAMEM2,EEGNetv4,1,2,0.2,0.248,6,50,FM-Full_A-None_AdaBN-F
MAMEM2,EEGNetv4,1,9,0.192,0.176,6,50,FM-Full_A-None_AdaBN-F
MAMEM2,EEGNetv4,2,1,0.24,0.232,6,50,FM-Full_A-None_AdaBN-F
MAMEM2,EEGNetv4,2,6,0.224,0.2,6,50,FM-Full_A-None_AdaBN-F
MAMEM2,EEGNetv4,3,3,0.184,0.256,6,50,FM-Full_A-None_AdaBN-F
MAMEM2,EEGNetv4,3,8,0.264,0.2,6,50,FM-Full_A-None_AdaBN-F
MAMEM2,EEGNetv4,4,5,0.184,0.232,6,50,FM-Full_A-None_AdaBN-F
MAMEM2,EEGNetv4,4,10,0.192,0.208,6,50,FM-Full_A-None_AdaBN-F
MAMEM2,EEGNetv4,5,4,0.232,0.24,6,50,FM-Full_A-None_AdaBN-F
MAMEM2,EEGNetv4,5,7,0.224,0.16,6,50,FM-Full_A-None_AdaBN-F
Huebner2017,DeepConvNet,1,1,0.9188326848249028,0.9732295719844358,3,12500,FM-Full_A-None_AdaBN-F
Huebner2017,DeepConvNet,1,10,0.94661783042394,0.984336034912718,3,12500,FM-Full_A-None_AdaBN-F
Huebner2017,DeepConvNet,1,12,0.8622782446311859,0.9649081854964208,3,12500,FM-Full_A-None_AdaBN-F
Huebner2017,DeepConvNet,2,3,0.8533852140077821,0.9565758754863812,3,12500,FM-Full_A-None_AdaBN-F
Huebner2017,DeepConvNet,2,6,0.9299474605954466,0.9826036193812026,3,12500,FM-Full_A-None_AdaBN-F
Huebner2017,DeepConvNet,2,9,0.9456115779645192,0.9759570494864612,3,12500,FM-Full_A-None_AdaBN-F
Huebner2017,DeepConvNet,3,2,0.8682695300342359,0.9580610021786492,3,12500,FM-Full_A-None_AdaBN-F
Huebner2017,DeepConvNet,3,5,0.8821195144724556,0.9382197323373794,3,12500,FM-Full_A-None_AdaBN-F
Huebner2017,DeepConvNet,3,13,0.8885689829585246,0.9752548439810133,3,12500,FM-Full_A-None_AdaBN-F
Huebner2017,DeepConvNet,4,8,0.7962645914396888,0.9121400778210116,3,12500,FM-Full_A-None_AdaBN-F
Huebner2017,DeepConvNet,4,11,0.822009494902327,0.8793680442057747,3,12500,FM-Full_A-None_AdaBN-F
Huebner2017,DeepConvNet,5,4,0.9602334630350194,0.9849027237354084,3,12500,FM-Full_A-None_AdaBN-F
Huebner2017,DeepConvNet,5,7,0.9685652038593217,0.9919856831621536,3,12500,FM-Full_A-None_AdaBN-F
Yang2025,ATCNet,1,4,0.53,0.51,30,300,FM-Full_A-None_AdaBN-F
Yang2025,ATCNet,1,13,0.6,0.6783333333333333,30,300,FM-Full_A-None_AdaBN-F
Yang2025,ATCNet,1,14,0.535,0.555,30,300,FM-Full_A-None_AdaBN-F
Yang2025,ATCNet,1,18,0.5566666666666666,0.6333333333333333,30,300,FM-Full_A-None_AdaBN-F
Yang2025,ATCNet,1,25,0.57,0.8133333333333334,30,300,FM-Full_A-None_AdaBN-F
Yang2025,ATCNet,1,31,0.675,0.7566666666666667,30,300,FM-Full_A-None_AdaBN-F
Yang2025,ATCNet,1,32,0.5342237061769616,0.7095158597662772,30,300,FM-Full_A-None_AdaBN-F
Yang2025,ATCNet,1,33,0.5533333333333333,0.9066666666666666,30,300,FM-Full_A-None_AdaBN-F
Yang2025,ATCNet,1,41,0.655,0.83,30,300,FM-Full_A-None_AdaBN-F
Yang2025,ATCNet,1,44,0.54,0.6283333333333333,30,300,FM-Full_A-None_AdaBN-F
Yang2025,ATCNet,1,47,0.7,0.7683333333333333,30,300,FM-Full_A-None_AdaBN-F
Yang2025,ATCNet,2,5,0.5983333333333334,0.8266666666666667,30,300,FM-Full_A-None_AdaBN-F
Yang2025,ATCNet,2,7,0.5816666666666667,0.6833333333333333,30,300,FM-Full_A-None_AdaBN-F
Yang2025,ATCNet,2,9,0.5333333333333333,0.6683333333333333,30,300,FM-Full_A-None_AdaBN-F
Yang2025,ATCNet,2,16,0.5216666666666666,0.6733333333333333,30,300,FM-Full_A-None_AdaBN-F
Yang2025,ATCNet,2,20,0.535,0.6883333333333334,30,300,FM-Full_A-None_AdaBN-F
Yang2025,ATCNet,2,34,0.3816666666666666,0.8583333333333333,30,300,FM-Full_A-None_AdaBN-F
Yang2025,ATCNet,2,37,0.66,0.7716666666666666,30,300,FM-Full_A-None_AdaBN-F
Yang2025,ATCNet,2,48,0.6516666666666666,0.7866666666666666,30,300,FM-Full_A-None_AdaBN-F
Yang2025,ATCNet,2,49,0.7133333333333334,0.8766666666666667,30,300,FM-Full_A-None_AdaBN-F
Yang2025,ATCNet,2,50,0.6766666666666666,0.8733333333333333,30,300,FM-Full_A-None_AdaBN-F
Yang2025,ATCNet,3,1,0.7933333333333333,0.8583333333333333,30,300,FM-Full_A-None_AdaBN-F
Yang2025,ATCNet,3,10,0.775,0.8016666666666666,30,300,FM-Full_A-None_AdaBN-F
Yang2025,ATCNet,3,12,0.54,0.5216666666666666,30,300,FM-Full_A-None_AdaBN-F
Yang2025,ATCNet,3,17,0.6666666666666666,0.6833333333333333,30,300,FM-Full_A-None_AdaBN-F
Yang2025,ATCNet,3,26,0.6861435726210351,0.8397328881469115,30,300,FM-Full_A-None_AdaBN-F
Yang2025,ATCNet,3,27,0.5683333333333334,0.7883333333333333,30,300,FM-Full_A-None_AdaBN-F
Yang2025,ATCNet,3,28,0.7233333333333334,0.8783333333333333,30,300,FM-Full_A-None_AdaBN-F
Yang2025,ATCNet,3,35,0.67,0.7866666666666666,30,300,FM-Full_A-None_AdaBN-F
Yang2025,ATCNet,3,45,0.7183333333333334,0.7516666666666667,30,300,FM-Full_A-None_AdaBN-F
Yang2025,ATCNet,3,46,0.8566666666666667,0.9016666666666666,30,300,FM-Full_A-None_AdaBN-F
Yang2025,ATCNet,4,2,0.555,0.5866666666666667,30,300,FM-Full_A-None_AdaBN-F
Yang2025,ATCNet,4,3,0.8983333333333333,0.915,30,300,FM-Full_A-None_AdaBN-F
Yang2025,ATCNet,4,6,0.9466666666666668,0.9433333333333334,30,300,FM-Full_A-None_AdaBN-F
Yang2025,ATCNet,4,22,0.6916666666666667,0.7383333333333333,30,300,FM-Full_A-None_AdaBN-F
Yang2025,ATCNet,4,24,0.8518518518518519,0.9528619528619529,30,300,FM-Full_A-None_AdaBN-F
Yang2025,ATCNet,4,30,0.8,0.7316666666666667,30,300,FM-Full_A-None_AdaBN-F
Yang2025,ATCNet,4,36,0.7216666666666667,0.8366666666666667,30,300,FM-Full_A-None_AdaBN-F
Yang2025,ATCNet,4,38,0.5333333333333333,0.535,30,300,FM-Full_A-None_AdaBN-F
Yang2025,ATCNet,4,40,0.7066666666666667,0.8,30,300,FM-Full_A-None_AdaBN-F
Yang2025,ATCNet,4,42,0.7083333333333334,0.7,30,300,FM-Full_A-None_AdaBN-F
Yang2025,ATCNet,5,8,0.765,0.8183333333333334,30,300,FM-Full_A-None_AdaBN-F
Yang2025,ATCNet,5,11,0.7383333333333333,0.8566666666666667,30,300,FM-Full_A-None_AdaBN-F
Yang2025,ATCNet,5,15,0.735,0.675,30,300,FM-Full_A-None_AdaBN-F
Yang2025,ATCNet,5,19,0.8066666666666666,0.845,30,300,FM-Full_A-None_AdaBN-F
Yang2025,ATCNet,5,21,0.6933333333333334,0.75,30,300,FM-Full_A-None_AdaBN-F
Yang2025,ATCNet,5,23,0.8330550918196995,0.9015025041736228,30,300,FM-Full_A-None_AdaBN-F
Yang2025,ATCNet,5,29,0.8683333333333333,0.9283333333333332,30,300,FM-Full_A-None_AdaBN-F
Yang2025,ATCNet,5,39,0.73,0.815,30,300,FM-Full_A-None_AdaBN-F
Yang2025,ATCNet,5,43,0.7683333333333333,0.8583333333333333,30,300,FM-Full_A-None_AdaBN-F
Yang2025,ATCNet,5,51,0.7483333333333333,0.8233333333333334,30,300,FM-Full_A-None_AdaBN-F
MAMEM2,ShallowConvNet,1,2,,,6,50,FM-Full_A-None_AdaBN-F
MAMEM2,ShallowConvNet,1,9,,,6,50,FM-Full_A-None_AdaBN-F
MAMEM2,ShallowConvNet,2,1,,,6,50,FM-Full_A-None_AdaBN-F
MAMEM2,ShallowConvNet,2,6,,,6,50,FM-Full_A-None_AdaBN-F
MAMEM2,ShallowConvNet,3,3,,,6,50,FM-Full_A-None_AdaBN-F
MAMEM2,ShallowConvNet,3,8,,,6,50,FM-Full_A-None_AdaBN-F
MAMEM2,ShallowConvNet,4,5,,,6,50,FM-Full_A-None_AdaBN-F
MAMEM2,ShallowConvNet,4,10,,,6,50,FM-Full_A-None_AdaBN-F
MAMEM2,ShallowConvNet,5,4,,,6,50,FM-Full_A-None_AdaBN-F
MAMEM2,ShallowConvNet,5,7,,,6,50,FM-Full_A-None_AdaBN-F
MAMEM2,ShallowConvNet,1,2,0.112,0.176,6,50,FM-Full_A-None_AdaBN-F
MAMEM2,ShallowConvNet,1,9,0.168,0.208,6,50,FM-Full_A-None_AdaBN-F
MAMEM2,ShallowConvNet,2,1,0.2,0.232,6,50,FM-Full_A-None_AdaBN-F
MAMEM2,ShallowConvNet,2,6,0.224,0.168,6,50,FM-Full_A-None_AdaBN-F
MAMEM2,ShallowConvNet,3,3,0.168,0.16,6,50,FM-Full_A-None_AdaBN-F
MAMEM2,ShallowConvNet,3,8,0.32,0.296,6,50,FM-Full_A-None_AdaBN-F
MAMEM2,ShallowConvNet,4,5,0.264,0.248,6,50,FM-Full_A-None_AdaBN-F
MAMEM2,ShallowConvNet,4,10,0.224,0.192,6,50,FM-Full_A-None_AdaBN-F
MAMEM2,ShallowConvNet,5,4,0.216,0.232,6,50,FM-Full_A-None_AdaBN-F
MAMEM2,ShallowConvNet,5,7,0.176,0.184,6,50,FM-Full_A-None_AdaBN-F
MAMEM2,ATCNet,1,2,0.2,0.264,8,75,FM-Full_A-None_AdaBN-F
MAMEM2,ATCNet,1,9,0.184,0.224,8,75,FM-Full_A-None_AdaBN-F
MAMEM2,ATCNet,2,1,0.248,0.176,8,75,FM-Full_A-None_AdaBN-F
MAMEM2,ATCNet,2,6,0.224,0.28,8,75,FM-Full_A-None_AdaBN-F
MAMEM2,ATCNet,3,3,0.176,0.224,8,75,FM-Full_A-None_AdaBN-F
MAMEM2,ATCNet,3,8,0.176,0.176,8,75,FM-Full_A-None_AdaBN-F
MAMEM2,ATCNet,4,5,0.208,0.208,8,75,FM-Full_A-None_AdaBN-F
MAMEM2,ATCNet,4,10,0.208,0.192,8,75,FM-Full_A-None_AdaBN-F
MAMEM2,ATCNet,5,4,0.184,0.192,8,75,FM-Full_A-None_AdaBN-F
MAMEM2,ATCNet,5,7,0.208,0.256,8,75,FM-Full_A-None_AdaBN-F
MAMEM2,ATCNet,1,2,,,8,75,FM-Full_A-None_AdaBN-F
MAMEM2,ATCNet,1,9,,,8,75,FM-Full_A-None_AdaBN-F
MAMEM2,ATCNet,2,1,,,8,75,FM-Full_A-None_AdaBN-F
MAMEM2,ATCNet,2,6,,,8,75,FM-Full_A-None_AdaBN-F
MAMEM2,ATCNet,3,3,,,8,75,FM-Full_A-None_AdaBN-F
MAMEM2,ATCNet,3,8,,,8,75,FM-Full_A-None_AdaBN-F
MAMEM2,ATCNet,4,5,,,8,75,FM-Full_A-None_AdaBN-F
MAMEM2,ATCNet,4,10,,,8,75,FM-Full_A-None_AdaBN-F
MAMEM2,ATCNet,5,4,,,8,75,FM-Full_A-None_AdaBN-F
MAMEM2,ATCNet,5,7,,,8,75,FM-Full_A-None_AdaBN-F
MAMEM2,EEGNetv4,1,2,0.232,0.256,6,100,FM-Full_A-None_AdaBN-F
MAMEM2,EEGNetv4,1,9,0.184,0.2,6,100,FM-Full_A-None_AdaBN-F
MAMEM2,EEGNetv4,2,1,0.2,0.144,6,100,FM-Full_A-None_AdaBN-F
MAMEM2,EEGNetv4,2,6,0.136,0.208,6,100,FM-Full_A-None_AdaBN-F
MAMEM2,EEGNetv4,3,3,0.216,0.272,6,100,FM-Full_A-None_AdaBN-F
MAMEM2,EEGNetv4,3,8,0.248,0.208,6,100,FM-Full_A-None_AdaBN-F
MAMEM2,EEGNetv4,4,5,0.256,0.208,6,100,FM-Full_A-None_AdaBN-F
MAMEM2,EEGNetv4,4,10,0.24,0.192,6,100,FM-Full_A-None_AdaBN-F
MAMEM2,EEGNetv4,5,4,0.232,0.28,6,100,FM-Full_A-None_AdaBN-F
MAMEM2,EEGNetv4,5,7,0.296,0.264,6,100,FM-Full_A-None_AdaBN-F
MAMEM2,EEGNetv4,1,2,,,6,100,FM-Full_A-None_AdaBN-F
MAMEM2,EEGNetv4,1,9,,,6,100,FM-Full_A-None_AdaBN-F
MAMEM2,EEGNetv4,2,1,,,6,100,FM-Full_A-None_AdaBN-F
MAMEM2,EEGNetv4,2,6,,,6,100,FM-Full_A-None_AdaBN-F
MAMEM2,EEGNetv4,3,3,,,6,100,FM-Full_A-None_AdaBN-F
MAMEM2,EEGNetv4,3,8,,,6,100,FM-Full_A-None_AdaBN-F
MAMEM2,EEGNetv4,4,5,,,6,100,FM-Full_A-None_AdaBN-F
MAMEM2,EEGNetv4,4,10,,,6,100,FM-Full_A-None_AdaBN-F
MAMEM2,EEGNetv4,5,4,,,6,100,FM-Full_A-None_AdaBN-F
MAMEM2,EEGNetv4,5,7,,,6,100,FM-Full_A-None_AdaBN-F
Lee2019_SSVEP,ShallowConvNet,1,4,,,40,50,FM-Full_A-None_AdaBN-F
Lee2019_SSVEP,ShallowConvNet,1,6,,,40,50,FM-Full_A-None_AdaBN-F
Lee2019_SSVEP,ShallowConvNet,1,13,,,40,50,FM-Full_A-None_AdaBN-F
Lee2019_SSVEP,ShallowConvNet,1,14,,,40,50,FM-Full_A-None_AdaBN-F
Lee2019_SSVEP,ShallowConvNet,1,18,,,40,50,FM-Full_A-None_AdaBN-F
Lee2019_SSVEP,ShallowConvNet,1,20,,,40,50,FM-Full_A-None_AdaBN-F
Lee2019_SSVEP,ShallowConvNet,1,33,,,40,50,FM-Full_A-None_AdaBN-F
Lee2019_SSVEP,ShallowConvNet,1,45,,,40,50,FM-Full_A-None_AdaBN-F
Lee2019_SSVEP,ShallowConvNet,1,49,,,40,50,FM-Full_A-None_AdaBN-F
Lee2019_SSVEP,ShallowConvNet,1,50,,,40,50,FM-Full_A-None_AdaBN-F
Lee2019_SSVEP,ShallowConvNet,1,53,,,40,50,FM-Full_A-None_AdaBN-F
Lee2019_SSVEP,ShallowConvNet,2,5,,,40,50,FM-Full_A-None_AdaBN-F
Lee2019_SSVEP,ShallowConvNet,2,7,,,40,50,FM-Full_A-None_AdaBN-F
Lee2019_SSVEP,ShallowConvNet,2,9,,,40,50,FM-Full_A-None_AdaBN-F
Lee2019_SSVEP,ShallowConvNet,2,16,,,40,50,FM-Full_A-None_AdaBN-F
Lee2019_SSVEP,ShallowConvNet,2,25,,,40,50,FM-Full_A-None_AdaBN-F
Lee2019_SSVEP,ShallowConvNet,2,27,,,40,50,FM-Full_A-None_AdaBN-F
Lee2019_SSVEP,ShallowConvNet,2,34,,,40,50,FM-Full_A-None_AdaBN-F
Lee2019_SSVEP,ShallowConvNet,2,35,,,40,50,FM-Full_A-None_AdaBN-F
Lee2019_SSVEP,ShallowConvNet,2,38,,,40,50,FM-Full_A-None_AdaBN-F
Lee2019_SSVEP,ShallowConvNet,2,46,,,40,50,FM-Full_A-None_AdaBN-F
Lee2019_SSVEP,ShallowConvNet,2,51,,,40,50,FM-Full_A-None_AdaBN-F
Lee2019_SSVEP,ShallowConvNet,3,1,,,40,50,FM-Full_A-None_AdaBN-F
Lee2019_SSVEP,ShallowConvNet,3,10,,,40,50,FM-Full_A-None_AdaBN-F
Lee2019_SSVEP,ShallowConvNet,3,12,,,40,50,FM-Full_A-None_AdaBN-F
Lee2019_SSVEP,ShallowConvNet,3,17,,,40,50,FM-Full_A-None_AdaBN-F
Lee2019_SSVEP,ShallowConvNet,3,26,,,40,50,FM-Full_A-None_AdaBN-F
Lee2019_SSVEP,ShallowConvNet,3,28,,,40,50,FM-Full_A-None_AdaBN-F
Lee2019_SSVEP,ShallowConvNet,3,31,,,40,50,FM-Full_A-None_AdaBN-F
Lee2019_SSVEP,ShallowConvNet,3,32,,,40,50,FM-Full_A-None_AdaBN-F
Lee2019_SSVEP,ShallowConvNet,3,37,,,40,50,FM-Full_A-None_AdaBN-F
Lee2019_SSVEP,ShallowConvNet,3,41,,,40,50,FM-Full_A-None_AdaBN-F
Lee2019_SSVEP,ShallowConvNet,3,48,,,40,50,FM-Full_A-None_AdaBN-F
Lee2019_SSVEP,ShallowConvNet,4,2,,,40,50,FM-Full_A-None_AdaBN-F
Lee2019_SSVEP,ShallowConvNet,4,3,,,40,50,FM-Full_A-None_AdaBN-F
Lee2019_SSVEP,ShallowConvNet,4,11,,,40,50,FM-Full_A-None_AdaBN-F
Lee2019_SSVEP,ShallowConvNet,4,22,,,40,50,FM-Full_A-None_AdaBN-F
Lee2019_SSVEP,ShallowConvNet,4,24,,,40,50,FM-Full_A-None_AdaBN-F
Lee2019_SSVEP,ShallowConvNet,4,30,,,40,50,FM-Full_A-None_AdaBN-F
Lee2019_SSVEP,ShallowConvNet,4,36,,,40,50,FM-Full_A-None_AdaBN-F
Lee2019_SSVEP,ShallowConvNet,4,40,,,40,50,FM-Full_A-None_AdaBN-F
Lee2019_SSVEP,ShallowConvNet,4,42,,,40,50,FM-Full_A-None_AdaBN-F
Lee2019_SSVEP,ShallowConvNet,4,44,,,40,50,FM-Full_A-None_AdaBN-F
Lee2019_SSVEP,ShallowConvNet,4,47,,,40,50,FM-Full_A-None_AdaBN-F
Lee2019_SSVEP,ShallowConvNet,5,8,,,40,50,FM-Full_A-None_AdaBN-F
Lee2019_SSVEP,ShallowConvNet,5,15,,,40,50,FM-Full_A-None_AdaBN-F
Lee2019_SSVEP,ShallowConvNet,5,19,,,40,50,FM-Full_A-None_AdaBN-F
Lee2019_SSVEP,ShallowConvNet,5,21,,,40,50,FM-Full_A-None_AdaBN-F
Lee2019_SSVEP,ShallowConvNet,5,23,,,40,50,FM-Full_A-None_AdaBN-F
Lee2019_SSVEP,ShallowConvNet,5,29,,,40,50,FM-Full_A-None_AdaBN-F
Lee2019_SSVEP,ShallowConvNet,5,39,,,40,50,FM-Full_A-None_AdaBN-F
Lee2019_SSVEP,ShallowConvNet,5,43,,,40,50,FM-Full_A-None_AdaBN-F
Lee2019_SSVEP,ShallowConvNet,5,52,,,40,50,FM-Full_A-None_AdaBN-F
Lee2019_SSVEP,ShallowConvNet,5,54,,,40,50,FM-Full_A-None_AdaBN-F
Lee2019_SSVEP,ShallowConvNet,1,4,0.965,0.99,40,50,FM-Full_A-None_AdaBN-F
Lee2019_SSVEP,ShallowConvNet,1,6,0.89,0.975,40,50,FM-Full_A-None_AdaBN-F
Lee2019_SSVEP,ShallowConvNet,1,13,0.72,0.84,40,50,FM-Full_A-None_AdaBN-F
Lee2019_SSVEP,ShallowConvNet,1,14,0.705,0.84,40,50,FM-Full_A-None_AdaBN-F
Lee2019_SSVEP,ShallowConvNet,1,18,0.985,0.995,40,50,FM-Full_A-None_AdaBN-F
Lee2019_SSVEP,ShallowConvNet,1,20,0.82,0.895,40,50,FM-Full_A-None_AdaBN-F
Lee2019_SSVEP,ShallowConvNet,1,33,0.825,0.915,40,50,FM-Full_A-None_AdaBN-F
Lee2019_SSVEP,ShallowConvNet,1,45,0.745,0.87,40,50,FM-Full_A-None_AdaBN-F
Lee2019_SSVEP,ShallowConvNet,1,49,0.91,0.955,40,50,FM-Full_A-None_AdaBN-F
Lee2019_SSVEP,ShallowConvNet,1,50,0.82,0.895,40,50,FM-Full_A-None_AdaBN-F
Lee2019_SSVEP,ShallowConvNet,1,53,0.94,0.98,40,50,FM-Full_A-None_AdaBN-F
Lee2019_SSVEP,ShallowConvNet,2,5,0.72,0.75,40,50,FM-Full_A-None_AdaBN-F
Lee2019_SSVEP,ShallowConvNet,2,7,0.94,0.98,40,50,FM-Full_A-None_AdaBN-F
Lee2019_SSVEP,ShallowConvNet,2,9,0.745,0.88,40,50,FM-Full_A-None_AdaBN-F
Lee2019_SSVEP,ShallowConvNet,2,16,0.865,0.945,40,50,FM-Full_A-None_AdaBN-F
Lee2019_SSVEP,ShallowConvNet,2,25,0.775,0.89,40,50,FM-Full_A-None_AdaBN-F
Lee2019_SSVEP,ShallowConvNet,2,27,0.975,0.98,40,50,FM-Full_A-None_AdaBN-F
Lee2019_SSVEP,ShallowConvNet,2,34,0.5,0.67,40,50,FM-Full_A-None_AdaBN-F
Lee2019_SSVEP,ShallowConvNet,2,35,0.615,0.835,40,50,FM-Full_A-None_AdaBN-F
Lee2019_SSVEP,ShallowConvNet,2,38,0.765,0.95,40,50,FM-Full_A-None_AdaBN-F
Lee2019_SSVEP,ShallowConvNet,2,46,0.89,0.92,40,50,FM-Full_A-None_AdaBN-F
Lee2019_SSVEP,ShallowConvNet,2,51,0.585,0.715,40,50,FM-Full_A-None_AdaBN-F
Lee2019_SSVEP,ShallowConvNet,3,1,0.855,0.86,40,50,FM-Full_A-None_AdaBN-F
Lee2019_SSVEP,ShallowConvNet,3,10,0.695,0.89,40,50,FM-Full_A-None_AdaBN-F
Lee2019_SSVEP,ShallowConvNet,3,12,0.93,0.95,40,50,FM-Full_A-None_AdaBN-F
Lee2019_SSVEP,ShallowConvNet,3,17,0.71,0.905,40,50,FM-Full_A-None_AdaBN-F
Lee2019_SSVEP,ShallowConvNet,3,26,0.88,0.96,40,50,FM-Full_A-None_AdaBN-F
Lee2019_SSVEP,ShallowConvNet,3,28,0.84,0.92,40,50,FM-Full_A-None_AdaBN-F
Lee2019_SSVEP,ShallowConvNet,3,31,0.995,1.0,40,50,FM-Full_A-None_AdaBN-F
Lee2019_SSVEP,ShallowConvNet,3,32,0.305,0.64,40,50,FM-Full_A-None_AdaBN-F
Lee2019_SSVEP,ShallowConvNet,3,37,0.965,0.98,40,50,FM-Full_A-None_AdaBN-F
Lee2019_SSVEP,ShallowConvNet,3,41,0.905,0.96,40,50,FM-Full_A-None_AdaBN-F
Lee2019_SSVEP,ShallowConvNet,3,48,0.97,0.985,40,50,FM-Full_A-None_AdaBN-F
Lee2019_SSVEP,ShallowConvNet,4,2,0.93,0.94,40,50,FM-Full_A-None_AdaBN-F
Lee2019_SSVEP,ShallowConvNet,4,3,0.74,0.87,40,50,FM-Full_A-None_AdaBN-F
Lee2019_SSVEP,ShallowConvNet,4,11,0.985,0.995,40,50,FM-Full_A-None_AdaBN-F
Lee2019_SSVEP,ShallowConvNet,4,22,0.56,0.7,40,50,FM-Full_A-None_AdaBN-F
Lee2019_SSVEP,ShallowConvNet,4,24,0.65,0.76,40,50,FM-Full_A-None_AdaBN-F
Lee2019_SSVEP,ShallowConvNet,4,30,0.88,0.945,40,50,FM-Full_A-None_AdaBN-F
Lee2019_SSVEP,ShallowConvNet,4,36,0.98,0.99,40,50,FM-Full_A-None_AdaBN-F
Lee2019_SSVEP,ShallowConvNet,4,40,0.725,0.845,40,50,FM-Full_A-None_AdaBN-F
Lee2019_SSVEP,ShallowConvNet,4,42,0.745,0.735,40,50,FM-Full_A-None_AdaBN-F
Lee2019_SSVEP,ShallowConvNet,4,44,0.97,0.995,40,50,FM-Full_A-None_AdaBN-F
Lee2019_SSVEP,ShallowConvNet,4,47,0.605,0.585,40,50,FM-Full_A-None_AdaBN-F
Lee2019_SSVEP,ShallowConvNet,5,8,0.77,0.865,40,50,FM-Full_A-None_AdaBN-F
Lee2019_SSVEP,ShallowConvNet,5,15,0.535,0.84,40,50,FM-Full_A-None_AdaBN-F
Lee2019_SSVEP,ShallowConvNet,5,19,0.585,0.825,40,50,FM-Full_A-None_AdaBN-F
Lee2019_SSVEP,ShallowConvNet,5,21,0.875,0.945,40,50,FM-Full_A-None_AdaBN-F
Lee2019_SSVEP,ShallowConvNet,5,23,0.37,0.535,40,50,FM-Full_A-None_AdaBN-F
Lee2019_SSVEP,ShallowConvNet,5,29,0.74,0.865,40,50,FM-Full_A-None_AdaBN-F
Lee2019_SSVEP,ShallowConvNet,5,39,0.875,0.92,40,50,FM-Full_A-None_AdaBN-F
Lee2019_SSVEP,ShallowConvNet,5,43,0.99,0.995,40,50,FM-Full_A-None_AdaBN-F
Lee2019_SSVEP,ShallowConvNet,5,52,0.81,0.9,40,50,FM-Full_A-None_AdaBN-F
Lee2019_SSVEP,ShallowConvNet,5,54,0.56,0.71,40,50,FM-Full_A-None_AdaBN-F
BI2015a,ATCNet,1,5,0.8518518518518519,0.914141414141414,10,500,FM-Full_A-None_AdaBN-F
BI2015a,ATCNet,1,9,0.8408408408408409,0.8888888888888888,10,500,FM-Full_A-None_AdaBN-F
BI2015a,ATCNet,1,13,0.8647660818713451,0.9195906432748538,10,500,FM-Full_A-None_AdaBN-F
BI2015a,ATCNet,1,25,0.8362068965517241,0.8620689655172413,10,500,FM-Full_A-None_AdaBN-F
BI2015a,ATCNet,1,26,0.8727598566308243,0.931899641577061,10,500,FM-Full_A-None_AdaBN-F
BI2015a,ATCNet,1,35,0.8337359098228664,0.8087761674718197,10,500,FM-Full_A-None_AdaBN-F
BI2015a,ATCNet,1,37,0.805952380952381,0.8416666666666667,10,500,FM-Full_A-None_AdaBN-F
BI2015a,ATCNet,1,38,0.8528528528528528,0.9024024024024024,10,500,FM-Full_A-None_AdaBN-F
BI2015a,ATCNet,1,40,0.8338477366255144,0.8899176954732511,10,500,FM-Full_A-None_AdaBN-F
BI2015a,ATCNet,2,4,0.8375,0.9076388888888888,10,500,FM-Full_A-None_AdaBN-F
BI2015a,ATCNet,2,7,0.8333333333333334,0.8872549019607843,10,500,FM-Full_A-None_AdaBN-F
BI2015a,ATCNet,2,14,0.8148148148148148,0.8532763532763533,10,500,FM-Full_A-None_AdaBN-F
BI2015a,ATCNet,2,16,0.8563492063492063,0.9055555555555556,10,500,FM-Full_A-None_AdaBN-F
BI2015a,ATCNet,2,18,0.8160493827160494,0.8759259259259259,10,500,FM-Full_A-None_AdaBN-F
BI2015a,ATCNet,2,20,0.8351851851851851,0.895679012345679,10,500,FM-Full_A-None_AdaBN-F
BI2015a,ATCNet,2,28,0.8338888888888889,0.8494444444444444,10,500,FM-Full_A-None_AdaBN-F
BI2015a,ATCNet,2,32,0.8790322580645161,0.8978494623655914,10,500,FM-Full_A-None_AdaBN-F
BI2015a,ATCNet,2,41,0.8388888888888889,0.8932098765432098,10,500,FM-Full_A-None_AdaBN-F
BI2015a,ATCNet,3,1,0.8335351089588378,0.8385794995964487,10,500,FM-Full_A-None_AdaBN-F
BI2015a,ATCNet,3,6,0.82260101010101,0.8983585858585859,10,500,FM-Full_A-None_AdaBN-F
BI2015a,ATCNet,3,10,0.8790322580645161,0.9166666666666666,10,500,FM-Full_A-None_AdaBN-F
BI2015a,ATCNet,3,12,0.8225806451612904,0.8436379928315412,10,500,FM-Full_A-None_AdaBN-F
BI2015a,ATCNet,3,17,0.854320987654321,0.8709876543209877,10,500,FM-Full_A-None_AdaBN-F
BI2015a,ATCNet,3,27,0.819268635724332,0.840014064697609,10,500,FM-Full_A-None_AdaBN-F
BI2015a,ATCNet,3,30,0.8950617283950617,0.8909465020576132,10,500,FM-Full_A-None_AdaBN-F
BI2015a,ATCNet,3,31,0.7585185185185185,0.8266666666666667,10,500,FM-Full_A-None_AdaBN-F
BI2015a,ATCNet,3,42,0.8304093567251462,0.8430799220272904,10,500,FM-Full_A-None_AdaBN-F
BI2015a,ATCNet,4,2,0.8538359788359788,0.908068783068783,10,500,FM-Full_A-None_AdaBN-F
BI2015a,ATCNet,4,3,0.8457854406130269,0.9195402298850576,10,500,FM-Full_A-None_AdaBN-F
BI2015a,ATCNet,4,22,0.8320707070707071,0.8756313131313131,10,500,FM-Full_A-None_AdaBN-F
BI2015a,ATCNet,4,24,0.8688271604938271,0.9174382716049384,10,500,FM-Full_A-None_AdaBN-F
BI2015a,ATCNet,4,33,0.8578042328042328,0.9027777777777778,10,500,FM-Full_A-None_AdaBN-F
BI2015a,ATCNet,4,34,0.8595238095238096,0.8960317460317461,10,500,FM-Full_A-None_AdaBN-F
BI2015a,ATCNet,4,36,0.8423611111111111,0.89375,10,500,FM-Full_A-None_AdaBN-F
BI2015a,ATCNet,4,43,0.9166666666666666,0.9300766283524904,10,500,FM-Full_A-None_AdaBN-F
BI2015a,ATCNet,5,8,0.833994708994709,0.8895502645502645,10,500,FM-Full_A-None_AdaBN-F
BI2015a,ATCNet,5,11,0.7763888888888889,0.8645833333333334,10,500,FM-Full_A-None_AdaBN-F
BI2015a,ATCNet,5,15,0.8373015873015873,0.9047619047619048,10,500,FM-Full_A-None_AdaBN-F
BI2015a,ATCNet,5,19,0.8238888888888889,0.8788888888888889,10,500,FM-Full_A-None_AdaBN-F
BI2015a,ATCNet,5,21,0.8865079365079365,0.9222222222222224,10,500,FM-Full_A-None_AdaBN-F
BI2015a,ATCNet,5,23,0.8516081871345029,0.8698830409356725,10,500,FM-Full_A-None_AdaBN-F
BI2015a,ATCNet,5,29,0.8099128540305011,0.8562091503267973,10,500,FM-Full_A-None_AdaBN-F
BI2015a,ATCNet,5,39,0.8344671201814059,0.8877551020408163,10,500,FM-Full_A-None_AdaBN-F
BI2015a,ATCNet,1,5,,,10,500,FM-Full_A-None_AdaBN-F
BI2015a,ATCNet,1,9,,,10,500,FM-Full_A-None_AdaBN-F
BI2015a,ATCNet,1,13,,,10,500,FM-Full_A-None_AdaBN-F
BI2015a,ATCNet,1,25,,,10,500,FM-Full_A-None_AdaBN-F
BI2015a,ATCNet,1,26,,,10,500,FM-Full_A-None_AdaBN-F
BI2015a,ATCNet,1,35,,,10,500,FM-Full_A-None_AdaBN-F
BI2015a,ATCNet,1,37,,,10,500,FM-Full_A-None_AdaBN-F
BI2015a,ATCNet,1,38,,,10,500,FM-Full_A-None_AdaBN-F
BI2015a,ATCNet,1,40,,,10,500,FM-Full_A-None_AdaBN-F
BI2015a,ATCNet,2,4,,,10,500,FM-Full_A-None_AdaBN-F
BI2015a,ATCNet,2,7,,,10,500,FM-Full_A-None_AdaBN-F
BI2015a,ATCNet,2,14,,,10,500,FM-Full_A-None_AdaBN-F
BI2015a,ATCNet,2,16,,,10,500,FM-Full_A-None_AdaBN-F
BI2015a,ATCNet,2,18,,,10,500,FM-Full_A-None_AdaBN-F
BI2015a,ATCNet,2,20,,,10,500,FM-Full_A-None_AdaBN-F
BI2015a,ATCNet,2,28,,,10,500,FM-Full_A-None_AdaBN-F
BI2015a,ATCNet,2,32,,,10,500,FM-Full_A-None_AdaBN-F
BI2015a,ATCNet,2,41,,,10,500,FM-Full_A-None_AdaBN-F
BI2015a,ATCNet,3,1,,,10,500,FM-Full_A-None_AdaBN-F
BI2015a,ATCNet,3,6,,,10,500,FM-Full_A-None_AdaBN-F
BI2015a,ATCNet,3,10,,,10,500,FM-Full_A-None_AdaBN-F
BI2015a,ATCNet,3,12,,,10,500,FM-Full_A-None_AdaBN-F
BI2015a,ATCNet,3,17,,,10,500,FM-Full_A-None_AdaBN-F
BI2015a,ATCNet,3,27,,,10,500,FM-Full_A-None_AdaBN-F
BI2015a,ATCNet,3,30,,,10,500,FM-Full_A-None_AdaBN-F
BI2015a,ATCNet,3,31,,,10,500,FM-Full_A-None_AdaBN-F
BI2015a,ATCNet,3,42,,,10,500,FM-Full_A-None_AdaBN-F
BI2015a,ATCNet,4,2,,,10,500,FM-Full_A-None_AdaBN-F
BI2015a,ATCNet,4,3,,,10,500,FM-Full_A-None_AdaBN-F
BI2015a,ATCNet,4,22,,,10,500,FM-Full_A-None_AdaBN-F
BI2015a,ATCNet,4,24,,,10,500,FM-Full_A-None_AdaBN-F
BI2015a,ATCNet,4,33,,,10,500,FM-Full_A-None_AdaBN-F
BI2015a,ATCNet,4,34,,,10,500,FM-Full_A-None_AdaBN-F
BI2015a,ATCNet,4,36,,,10,500,FM-Full_A-None_AdaBN-F
BI2015a,ATCNet,4,43,,,10,500,FM-Full_A-None_AdaBN-F
BI2015a,ATCNet,5,8,,,10,500,FM-Full_A-None_AdaBN-F
BI2015a,ATCNet,5,11,,,10,500,FM-Full_A-None_AdaBN-F
BI2015a,ATCNet,5,15,,,10,500,FM-Full_A-None_AdaBN-F
BI2015a,ATCNet,5,19,,,10,500,FM-Full_A-None_AdaBN-F
BI2015a,ATCNet,5,21,,,10,500,FM-Full_A-None_AdaBN-F
BI2015a,ATCNet,5,23,,,10,500,FM-Full_A-None_AdaBN-F
BI2015a,ATCNet,5,29,,,10,500,FM-Full_A-None_AdaBN-F
BI2015a,ATCNet,5,39,,,10,500,FM-Full_A-None_AdaBN-F
Huebner2018,EEGNetv4,1,1,0.9584704811261292,0.9776594999649836,8,10500,FM-Full_A-None_AdaBN-F
Huebner2018,EEGNetv4,1,10,0.878781512605042,0.9397759103641457,8,10500,FM-Full_A-None_AdaBN-F
Huebner2018,EEGNetv4,1,11,0.8378815585877057,0.9185539457026304,8,10500,FM-Full_A-None_AdaBN-F
Huebner2018,EEGNetv4,2,3,0.9688375350140056,0.982843137254902,8,10500,FM-Full_A-None_AdaBN-F
Huebner2018,EEGNetv4,2,6,0.8501400560224089,0.9798319327731092,8,10500,FM-Full_A-None_AdaBN-F
Huebner2018,EEGNetv4,2,9,0.8006162896561384,0.9506968275089293,8,10500,FM-Full_A-None_AdaBN-F
Huebner2018,EEGNetv4,3,2,0.9665966386554622,0.984313725490196,8,10500,FM-Full_A-None_AdaBN-F
Huebner2018,EEGNetv4,3,12,0.8455882352941176,0.936484593837535,8,10500,FM-Full_A-None_AdaBN-F
Huebner2018,EEGNetv4,4,5,0.8545607398066415,0.9313437018355052,8,10500,FM-Full_A-None_AdaBN-F
Huebner2018,EEGNetv4,4,8,0.8126750700280112,0.934313725490196,8,10500,FM-Full_A-None_AdaBN-F
Huebner2018,EEGNetv4,5,4,0.9299719887955182,0.9586134453781512,8,10500,FM-Full_A-None_AdaBN-F
Huebner2018,EEGNetv4,5,7,0.8911459792659008,0.9420706080134492,8,10500,FM-Full_A-None_AdaBN-F
Huebner2018,DeepConvNet,1,1,0.942643042229848,0.9786399607815672,3,14000,FM-Full_A-None_AdaBN-F
Huebner2018,DeepConvNet,1,10,0.842436974789916,0.9382352941176472,3,14000,FM-Full_A-None_AdaBN-F
Huebner2018,DeepConvNet,1,11,0.8373188915459276,0.9255169503446335,3,14000,FM-Full_A-None_AdaBN-F
Huebner2018,DeepConvNet,2,3,0.9623249299719888,0.9836834733893556,3,14000,FM-Full_A-None_AdaBN-F
Huebner2018,DeepConvNet,2,6,0.807843137254902,0.9826330532212884,3,14000,FM-Full_A-None_AdaBN-F
Huebner2018,DeepConvNet,2,9,0.7764549338188949,0.9489460046221724,3,14000,FM-Full_A-None_AdaBN-F
Huebner2018,DeepConvNet,3,2,0.9647058823529412,0.985014005602241,3,14000,FM-Full_A-None_AdaBN-F
Huebner2018,DeepConvNet,3,12,0.8411064425770308,0.9410364145658264,3,14000,FM-Full_A-None_AdaBN-F
Huebner2018,DeepConvNet,4,5,0.7977441502031666,0.9316239316239316,3,14000,FM-Full_A-None_AdaBN-F
Huebner2018,DeepConvNet,4,8,0.7801820728291317,0.928921568627451,3,14000,FM-Full_A-None_AdaBN-F
Huebner2018,DeepConvNet,5,4,0.923389355742297,0.963515406162465,3,14000,FM-Full_A-None_AdaBN-F
Huebner2018,DeepConvNet,5,7,0.8508685906416363,0.9413701316895488,3,14000,FM-Full_A-None_AdaBN-F
BI2015a,ATCNet,1,5,0.8695286195286195,0.9225589225589226,30,500,FM-Full_A-None_AdaBN-F
BI2015a,ATCNet,1,9,0.8581081081081081,0.9061561561561562,30,500,FM-Full_A-None_AdaBN-F
BI2015a,ATCNet,1,13,0.9071637426900584,0.9415204678362572,30,500,FM-Full_A-None_AdaBN-F
BI2015a,ATCNet,1,25,0.8448275862068966,0.8740421455938697,30,500,FM-Full_A-None_AdaBN-F
BI2015a,ATCNet,1,26,0.921146953405018,0.9453405017921148,30,500,FM-Full_A-None_AdaBN-F
BI2015a,ATCNet,1,35,0.8361513687600645,0.8341384863123994,30,500,FM-Full_A-None_AdaBN-F
BI2015a,ATCNet,1,37,0.8119047619047619,0.8603174603174604,30,500,FM-Full_A-None_AdaBN-F
BI2015a,ATCNet,1,38,0.8483483483483484,0.9076576576576576,30,500,FM-Full_A-None_AdaBN-F
BI2015a,ATCNet,1,40,0.8611111111111112,0.912551440329218,30,500,FM-Full_A-None_AdaBN-F
BI2015a,ATCNet,2,4,0.8993055555555556,0.9347222222222222,30,500,FM-Full_A-None_AdaBN-F
BI2015a,ATCNet,2,7,0.8325163398692811,0.9305555555555556,30,500,FM-Full_A-None_AdaBN-F
BI2015a,ATCNet,2,14,0.8326210826210826,0.8589743589743589,30,500,FM-Full_A-None_AdaBN-F
BI2015a,ATCNet,2,16,0.9261904761904762,0.9285714285714286,30,500,FM-Full_A-None_AdaBN-F
BI2015a,ATCNet,2,18,0.8320987654320988,0.8925925925925926,30,500,FM-Full_A-None_AdaBN-F
BI2015a,ATCNet,2,20,0.8864197530864197,0.9339506172839506,30,500,FM-Full_A-None_AdaBN-F
BI2015a,ATCNet,2,28,0.8483333333333334,0.8738888888888889,30,500,FM-Full_A-None_AdaBN-F
BI2015a,ATCNet,2,32,0.9184587813620072,0.9202508960573476,30,500,FM-Full_A-None_AdaBN-F
BI2015a,ATCNet,2,41,0.8166666666666667,0.904320987654321,30,500,FM-Full_A-None_AdaBN-F
BI2015a,ATCNet,3,1,0.8297013720742534,0.8482647296206618,30,500,FM-Full_A-None_AdaBN-F
BI2015a,ATCNet,3,6,0.8478535353535354,0.9008838383838385,30,500,FM-Full_A-None_AdaBN-F
BI2015a,ATCNet,3,10,0.8853046594982079,0.9310035842293908,30,500,FM-Full_A-None_AdaBN-F
BI2015a,ATCNet,3,12,0.8279569892473119,0.8409498207885304,30,500,FM-Full_A-None_AdaBN-F
BI2015a,ATCNet,3,17,0.8462962962962963,0.8802469135802469,30,500,FM-Full_A-None_AdaBN-F
BI2015a,ATCNet,3,27,0.8315752461322081,0.8537271448663853,30,500,FM-Full_A-None_AdaBN-F
BI2015a,ATCNet,3,30,0.9166666666666666,0.904320987654321,30,500,FM-Full_A-None_AdaBN-F
BI2015a,ATCNet,3,31,0.8159259259259259,0.8366666666666667,30,500,FM-Full_A-None_AdaBN-F
BI2015a,ATCNet,3,42,0.8528265107212476,0.8528265107212476,30,500,FM-Full_A-None_AdaBN-F
BI2015a,ATCNet,4,2,0.8664021164021164,0.92989417989418,30,500,FM-Full_A-None_AdaBN-F
BI2015a,ATCNet,4,3,0.8352490421455939,0.9367816091954024,30,500,FM-Full_A-None_AdaBN-F
BI2015a,ATCNet,4,22,0.8731060606060606,0.908459595959596,30,500,FM-Full_A-None_AdaBN-F
BI2015a,ATCNet,4,24,0.8773148148148148,0.9282407407407408,30,500,FM-Full_A-None_AdaBN-F
BI2015a,ATCNet,4,33,0.8855820105820106,0.91005291005291,30,500,FM-Full_A-None_AdaBN-F
BI2015a,ATCNet,4,34,0.8476190476190476,0.919047619047619,30,500,FM-Full_A-None_AdaBN-F
BI2015a,ATCNet,4,36,0.8923611111111112,0.9236111111111112,30,500,FM-Full_A-None_AdaBN-F
BI2015a,ATCNet,4,43,0.9061302681992336,0.9492337164750958,30,500,FM-Full_A-None_AdaBN-F
BI2015a,ATCNet,5,8,0.8716931216931217,0.9153439153439152,30,500,FM-Full_A-None_AdaBN-F
BI2015a,ATCNet,5,11,0.8284722222222223,0.8972222222222223,30,500,FM-Full_A-None_AdaBN-F
BI2015a,ATCNet,5,15,0.9007936507936508,0.9285714285714286,30,500,FM-Full_A-None_AdaBN-F
BI2015a,ATCNet,5,19,0.8727777777777778,0.8888888888888888,30,500,FM-Full_A-None_AdaBN-F
BI2015a,ATCNet,5,21,0.903968253968254,0.934126984126984,30,500,FM-Full_A-None_AdaBN-F
BI2015a,ATCNet,5,23,0.8691520467836257,0.8881578947368421,30,500,FM-Full_A-None_AdaBN-F
BI2015a,ATCNet,5,29,0.8447712418300654,0.8654684095860566,30,500,FM-Full_A-None_AdaBN-F
BI2015a,ATCNet,5,39,0.8333333333333334,0.8888888888888888,30,500,FM-Full_A-None_AdaBN-F
BI2015a,ATCNet,1,5,,,30,500,FM-Full_A-None_AdaBN-F
BI2015a,ATCNet,1,9,,,30,500,FM-Full_A-None_AdaBN-F
BI2015a,ATCNet,1,13,,,30,500,FM-Full_A-None_AdaBN-F
BI2015a,ATCNet,1,25,,,30,500,FM-Full_A-None_AdaBN-F
BI2015a,ATCNet,1,26,,,30,500,FM-Full_A-None_AdaBN-F
BI2015a,ATCNet,1,35,,,30,500,FM-Full_A-None_AdaBN-F
BI2015a,ATCNet,1,37,,,30,500,FM-Full_A-None_AdaBN-F
BI2015a,ATCNet,1,38,,,30,500,FM-Full_A-None_AdaBN-F
BI2015a,ATCNet,1,40,,,30,500,FM-Full_A-None_AdaBN-F
BI2015a,ATCNet,2,4,,,30,500,FM-Full_A-None_AdaBN-F
BI2015a,ATCNet,2,7,,,30,500,FM-Full_A-None_AdaBN-F
BI2015a,ATCNet,2,14,,,30,500,FM-Full_A-None_AdaBN-F
BI2015a,ATCNet,2,16,,,30,500,FM-Full_A-None_AdaBN-F
BI2015a,ATCNet,2,18,,,30,500,FM-Full_A-None_AdaBN-F
BI2015a,ATCNet,2,20,,,30,500,FM-Full_A-None_AdaBN-F
BI2015a,ATCNet,2,28,,,30,500,FM-Full_A-None_AdaBN-F
BI2015a,ATCNet,2,32,,,30,500,FM-Full_A-None_AdaBN-F
BI2015a,ATCNet,2,41,,,30,500,FM-Full_A-None_AdaBN-F
BI2015a,ATCNet,3,1,,,30,500,FM-Full_A-None_AdaBN-F
BI2015a,ATCNet,3,6,,,30,500,FM-Full_A-None_AdaBN-F
BI2015a,ATCNet,3,10,,,30,500,FM-Full_A-None_AdaBN-F
BI2015a,ATCNet,3,12,,,30,500,FM-Full_A-None_AdaBN-F
BI2015a,ATCNet,3,17,,,30,500,FM-Full_A-None_AdaBN-F
BI2015a,ATCNet,3,27,,,30,500,FM-Full_A-None_AdaBN-F
BI2015a,ATCNet,3,30,,,30,500,FM-Full_A-None_AdaBN-F
BI2015a,ATCNet,3,31,,,30,500,FM-Full_A-None_AdaBN-F
BI2015a,ATCNet,3,42,,,30,500,FM-Full_A-None_AdaBN-F
BI2015a,ATCNet,4,2,,,30,500,FM-Full_A-None_AdaBN-F
BI2015a,ATCNet,4,3,,,30,500,FM-Full_A-None_AdaBN-F
BI2015a,ATCNet,4,22,,,30,500,FM-Full_A-None_AdaBN-F
BI2015a,ATCNet,4,24,,,30,500,FM-Full_A-None_AdaBN-F
BI2015a,ATCNet,4,33,,,30,500,FM-Full_A-None_AdaBN-F
BI2015a,ATCNet,4,34,,,30,500,FM-Full_A-None_AdaBN-F
BI2015a,ATCNet,4,36,,,30,500,FM-Full_A-None_AdaBN-F
BI2015a,ATCNet,4,43,,,30,500,FM-Full_A-None_AdaBN-F
BI2015a,ATCNet,5,8,,,30,500,FM-Full_A-None_AdaBN-F
BI2015a,ATCNet,5,11,,,30,500,FM-Full_A-None_AdaBN-F
BI2015a,ATCNet,5,15,,,30,500,FM-Full_A-None_AdaBN-F
BI2015a,ATCNet,5,19,,,30,500,FM-Full_A-None_AdaBN-F
BI2015a,ATCNet,5,21,,,30,500,FM-Full_A-None_AdaBN-F
BI2015a,ATCNet,5,23,,,30,500,FM-Full_A-None_AdaBN-F
BI2015a,ATCNet,5,29,,,30,500,FM-Full_A-None_AdaBN-F
BI2015a,ATCNet,5,39,,,30,500,FM-Full_A-None_AdaBN-F
Yang2025,EEGNetv4,1,4,,,20,450,FM-Full_A-None_AdaBN-F
Yang2025,EEGNetv4,1,13,,,20,450,FM-Full_A-None_AdaBN-F
Yang2025,EEGNetv4,1,14,,,20,450,FM-Full_A-None_AdaBN-F
Yang2025,EEGNetv4,1,18,,,20,450,FM-Full_A-None_AdaBN-F
Yang2025,EEGNetv4,1,25,,,20,450,FM-Full_A-None_AdaBN-F
Yang2025,EEGNetv4,1,31,,,20,450,FM-Full_A-None_AdaBN-F
Yang2025,EEGNetv4,1,32,,,20,450,FM-Full_A-None_AdaBN-F
Yang2025,EEGNetv4,1,33,,,20,450,FM-Full_A-None_AdaBN-F
Yang2025,EEGNetv4,1,41,,,20,450,FM-Full_A-None_AdaBN-F
Yang2025,EEGNetv4,1,44,,,20,450,FM-Full_A-None_AdaBN-F
Yang2025,EEGNetv4,1,47,,,20,450,FM-Full_A-None_AdaBN-F
Yang2025,EEGNetv4,2,5,,,20,450,FM-Full_A-None_AdaBN-F
Yang2025,EEGNetv4,2,7,,,20,450,FM-Full_A-None_AdaBN-F
Yang2025,EEGNetv4,2,9,,,20,450,FM-Full_A-None_AdaBN-F
Yang2025,EEGNetv4,2,16,,,20,450,FM-Full_A-None_AdaBN-F
Yang2025,EEGNetv4,2,20,,,20,450,FM-Full_A-None_AdaBN-F
Yang2025,EEGNetv4,2,34,,,20,450,FM-Full_A-None_AdaBN-F
Yang2025,EEGNetv4,2,37,,,20,450,FM-Full_A-None_AdaBN-F
Yang2025,EEGNetv4,2,48,,,20,450,FM-Full_A-None_AdaBN-F
Yang2025,EEGNetv4,2,49,,,20,450,FM-Full_A-None_AdaBN-F
Yang2025,EEGNetv4,2,50,,,20,450,FM-Full_A-None_AdaBN-F
Yang2025,EEGNetv4,3,1,,,20,450,FM-Full_A-None_AdaBN-F
Yang2025,EEGNetv4,3,10,,,20,450,FM-Full_A-None_AdaBN-F
Yang2025,EEGNetv4,3,12,,,20,450,FM-Full_A-None_AdaBN-F
Yang2025,EEGNetv4,3,17,,,20,450,FM-Full_A-None_AdaBN-F
Yang2025,EEGNetv4,3,26,,,20,450,FM-Full_A-None_AdaBN-F
Yang2025,EEGNetv4,3,27,,,20,450,FM-Full_A-None_AdaBN-F
Yang2025,EEGNetv4,3,28,,,20,450,FM-Full_A-None_AdaBN-F
Yang2025,EEGNetv4,3,35,,,20,450,FM-Full_A-None_AdaBN-F
Yang2025,EEGNetv4,3,45,,,20,450,FM-Full_A-None_AdaBN-F
Yang2025,EEGNetv4,3,46,,,20,450,FM-Full_A-None_AdaBN-F
Yang2025,EEGNetv4,4,2,,,20,450,FM-Full_A-None_AdaBN-F
Yang2025,EEGNetv4,4,3,,,20,450,FM-Full_A-None_AdaBN-F
Yang2025,EEGNetv4,4,6,,,20,450,FM-Full_A-None_AdaBN-F
Yang2025,EEGNetv4,4,22,,,20,450,FM-Full_A-None_AdaBN-F
Yang2025,EEGNetv4,4,24,,,20,450,FM-Full_A-None_AdaBN-F
Yang2025,EEGNetv4,4,30,,,20,450,FM-Full_A-None_AdaBN-F
Yang2025,EEGNetv4,4,36,,,20,450,FM-Full_A-None_AdaBN-F
Yang2025,EEGNetv4,4,38,,,20,450,FM-Full_A-None_AdaBN-F
Yang2025,EEGNetv4,4,40,,,20,450,FM-Full_A-None_AdaBN-F
Yang2025,EEGNetv4,4,42,,,20,450,FM-Full_A-None_AdaBN-F
Yang2025,EEGNetv4,5,8,,,20,450,FM-Full_A-None_AdaBN-F
Yang2025,EEGNetv4,5,11,,,20,450,FM-Full_A-None_AdaBN-F
Yang2025,EEGNetv4,5,15,,,20,450,FM-Full_A-None_AdaBN-F
Yang2025,EEGNetv4,5,19,,,20,450,FM-Full_A-None_AdaBN-F
Yang2025,EEGNetv4,5,21,,,20,450,FM-Full_A-None_AdaBN-F
Yang2025,EEGNetv4,5,23,,,20,450,FM-Full_A-None_AdaBN-F
Yang2025,EEGNetv4,5,29,,,20,450,FM-Full_A-None_AdaBN-F
Yang2025,EEGNetv4,5,39,,,20,450,FM-Full_A-None_AdaBN-F
Yang2025,EEGNetv4,5,43,,,20,450,FM-Full_A-None_AdaBN-F
Yang2025,EEGNetv4,5,51,,,20,450,FM-Full_A-None_AdaBN-F
Yang2025,EEGNetv4,1,4,0.5966666666666667,0.5783333333333334,20,450,FM-Full_A-None_AdaBN-F
Yang2025,EEGNetv4,1,13,0.7733333333333333,0.8166666666666667,20,450,FM-Full_A-None_AdaBN-F
Yang2025,EEGNetv4,1,14,0.57,0.5816666666666667,20,450,FM-Full_A-None_AdaBN-F
Yang2025,EEGNetv4,1,18,0.6766666666666666,0.6916666666666667,20,450,FM-Full_A-None_AdaBN-F
Yang2025,EEGNetv4,1,25,0.9133333333333332,0.9516666666666668,20,450,FM-Full_A-None_AdaBN-F
Yang2025,EEGNetv4,1,31,0.73,0.8033333333333333,20,450,FM-Full_A-None_AdaBN-F
Yang2025,EEGNetv4,1,32,0.5325542570951586,0.5859766277128547,20,450,FM-Full_A-None_AdaBN-F
Yang2025,EEGNetv4,1,33,0.9266666666666666,0.96,20,450,FM-Full_A-None_AdaBN-F
Yang2025,EEGNetv4,1,41,0.8566666666666667,0.8933333333333333,20,450,FM-Full_A-None_AdaBN-F
Yang2025,EEGNetv4,1,44,0.7266666666666667,0.7166666666666667,20,450,FM-Full_A-None_AdaBN-F
Yang2025,EEGNetv4,1,47,0.8616666666666667,0.93,20,450,FM-Full_A-None_AdaBN-F
Yang2025,EEGNetv4,2,5,0.845,0.89,20,450,FM-Full_A-None_AdaBN-F
Yang2025,EEGNetv4,2,7,0.7283333333333334,0.7883333333333333,20,450,FM-Full_A-None_AdaBN-F
Yang2025,EEGNetv4,2,9,0.66,0.695,20,450,FM-Full_A-None_AdaBN-F
Yang2025,EEGNetv4,2,16,0.575,0.6283333333333333,20,450,FM-Full_A-None_AdaBN-F
Yang2025,EEGNetv4,2,20,0.6733333333333333,0.905,20,450,FM-Full_A-None_AdaBN-F
Yang2025,EEGNetv4,2,34,0.6133333333333333,0.77,20,450,FM-Full_A-None_AdaBN-F
Yang2025,EEGNetv4,2,37,0.8316666666666667,0.9183333333333332,20,450,FM-Full_A-None_AdaBN-F
Yang2025,EEGNetv4,2,48,0.8016666666666666,0.87,20,450,FM-Full_A-None_AdaBN-F
Yang2025,EEGNetv4,2,49,0.8766666666666667,0.9383333333333334,20,450,FM-Full_A-None_AdaBN-F
Yang2025,EEGNetv4,2,50,0.9016666666666666,0.9316666666666666,20,450,FM-Full_A-None_AdaBN-F
Yang2025,EEGNetv4,3,1,0.88,0.9466666666666668,20,450,FM-Full_A-None_AdaBN-F
Yang2025,EEGNetv4,3,10,0.75,0.8483333333333334,20,450,FM-Full_A-None_AdaBN-F
Yang2025,EEGNetv4,3,12,0.605,0.6,20,450,FM-Full_A-None_AdaBN-F
Yang2025,EEGNetv4,3,17,0.7816666666666666,0.8166666666666667,20,450,FM-Full_A-None_AdaBN-F
Yang2025,EEGNetv4,3,26,0.7595993322203672,0.9048414023372288,20,450,FM-Full_A-None_AdaBN-F
Yang2025,EEGNetv4,3,27,0.5883333333333334,0.7183333333333334,20,450,FM-Full_A-None_AdaBN-F
Yang2025,EEGNetv4,3,28,0.7533333333333333,0.8583333333333333,20,450,FM-Full_A-None_AdaBN-F
Yang2025,EEGNetv4,3,35,0.9133333333333332,0.9583333333333334,20,450,FM-Full_A-None_AdaBN-F
Yang2025,EEGNetv4,3,45,0.8616666666666667,0.8966666666666666,20,450,FM-Full_A-None_AdaBN-F
Yang2025,EEGNetv4,3,46,0.945,0.9916666666666668,20,450,FM-Full_A-None_AdaBN-F
Yang2025,EEGNetv4,4,2,0.6866666666666666,0.66,20,450,FM-Full_A-None_AdaBN-F
Yang2025,EEGNetv4,4,3,0.9316666666666666,0.9483333333333334,20,450,FM-Full_A-None_AdaBN-F
Yang2025,EEGNetv4,4,6,0.8966666666666666,0.9633333333333334,20,450,FM-Full_A-None_AdaBN-F
Yang2025,EEGNetv4,4,22,0.7616666666666667,0.8383333333333334,20,450,FM-Full_A-None_AdaBN-F
Yang2025,EEGNetv4,4,24,0.9326599326599326,0.9764309764309764,20,450,FM-Full_A-None_AdaBN-F
Yang2025,EEGNetv4,4,30,0.8866666666666667,0.8083333333333333,20,450,FM-Full_A-None_AdaBN-F
Yang2025,EEGNetv4,4,36,0.92,0.935,20,450,FM-Full_A-None_AdaBN-F
Yang2025,EEGNetv4,4,38,0.61,0.6866666666666666,20,450,FM-Full_A-None_AdaBN-F
Yang2025,EEGNetv4,4,40,0.81,0.8533333333333334,20,450,FM-Full_A-None_AdaBN-F
Yang2025,EEGNetv4,4,42,0.8083333333333333,0.815,20,450,FM-Full_A-None_AdaBN-F
Yang2025,EEGNetv4,5,8,0.885,0.9333333333333332,20,450,FM-Full_A-None_AdaBN-F
Yang2025,EEGNetv4,5,11,0.8283333333333334,0.8983333333333333,20,450,FM-Full_A-None_AdaBN-F
Yang2025,EEGNetv4,5,15,0.7083333333333334,0.7816666666666666,20,450,FM-Full_A-None_AdaBN-F
Yang2025,EEGNetv4,5,19,0.825,0.8483333333333334,20,450,FM-Full_A-None_AdaBN-F
Yang2025,EEGNetv4,5,21,0.86,0.895,20,450,FM-Full_A-None_AdaBN-F
Yang2025,EEGNetv4,5,23,0.9165275459098498,0.9465776293823038,20,450,FM-Full_A-None_AdaBN-F
Yang2025,EEGNetv4,5,29,0.7033333333333334,0.8416666666666667,20,450,FM-Full_A-None_AdaBN-F
Yang2025,EEGNetv4,5,39,0.7016666666666667,0.7433333333333333,20,450,FM-Full_A-None_AdaBN-F
Yang2025,EEGNetv4,5,43,0.9466666666666668,0.9916666666666668,20,450,FM-Full_A-None_AdaBN-F
Yang2025,EEGNetv4,5,51,0.785,0.9016666666666666,20,450,FM-Full_A-None_AdaBN-F
Huebner2017,DeepConvNet,1,1,0.938910505836576,0.9764980544747082,12,6250,FM-Full_A-None_AdaBN-F
Huebner2017,DeepConvNet,1,10,0.9420199501246884,0.9848815461346634,12,6250,FM-Full_A-None_AdaBN-F
Huebner2017,DeepConvNet,1,12,0.8464830376595083,0.9652972300031124,12,6250,FM-Full_A-None_AdaBN-F
Huebner2017,DeepConvNet,2,3,0.9045136186770428,0.9566536964980544,12,6250,FM-Full_A-None_AdaBN-F
Huebner2017,DeepConvNet,2,6,0.932165791009924,0.9836544074722708,12,6250,FM-Full_A-None_AdaBN-F
Huebner2017,DeepConvNet,2,9,0.9471677559912854,0.9782913165266106,12,6250,FM-Full_A-None_AdaBN-F
Huebner2017,DeepConvNet,3,2,0.892390289449113,0.9581388110799876,12,6250,FM-Full_A-None_AdaBN-F
Huebner2017,DeepConvNet,3,5,0.8905228758169934,0.9395424836601308,12,6250,FM-Full_A-None_AdaBN-F
Huebner2017,DeepConvNet,3,13,0.9346354369309782,0.9771224029258424,12,6250,FM-Full_A-None_AdaBN-F
Huebner2017,DeepConvNet,4,8,0.8094941634241245,0.9162645914396887,12,6250,FM-Full_A-None_AdaBN-F
Huebner2017,DeepConvNet,4,11,0.8094015098451242,0.8837263600280177,12,6250,FM-Full_A-None_AdaBN-F
Huebner2017,DeepConvNet,5,4,0.9408560311284048,0.9853696498054476,12,6250,FM-Full_A-None_AdaBN-F
Huebner2017,DeepConvNet,5,7,0.9645191409897292,0.9926081543728602,12,6250,FM-Full_A-None_AdaBN-F
Huebner2018,ATCNet,1,1,0.9411723510049724,0.9780096645423348,3,14000,FM-Full_A-None_AdaBN-F
Huebner2018,ATCNet,1,10,0.8385854341736695,0.934873949579832,3,14000,FM-Full_A-None_AdaBN-F
Huebner2018,ATCNet,1,11,0.8342242228161485,0.9237586158390771,3,14000,FM-Full_A-None_AdaBN-F
Huebner2018,ATCNet,2,3,0.967436974789916,0.9842436974789917,3,14000,FM-Full_A-None_AdaBN-F
Huebner2018,ATCNet,2,6,0.821218487394958,0.9831932773109244,3,14000,FM-Full_A-None_AdaBN-F
Huebner2018,ATCNet,2,9,0.7934028993627005,0.9534281112122698,3,14000,FM-Full_A-None_AdaBN-F
Huebner2018,ATCNet,3,2,0.9589635854341736,0.9848039215686276,3,14000,FM-Full_A-None_AdaBN-F
Huebner2018,ATCNet,3,12,0.8009103641456583,0.9373949579831932,3,14000,FM-Full_A-None_AdaBN-F
Huebner2018,ATCNet,4,5,0.8141375928261174,0.9336555975900238,3,14000,FM-Full_A-None_AdaBN-F
Huebner2018,ATCNet,4,8,0.7937675070028011,0.9300420168067228,3,14000,FM-Full_A-None_AdaBN-F
Huebner2018,ATCNet,5,4,0.9253501400560225,0.9627450980392156,3,14000,FM-Full_A-None_AdaBN-F
Huebner2018,ATCNet,5,7,0.849957971420566,0.9410198935275988,3,14000,FM-Full_A-None_AdaBN-F
BNCI2014_001,ATCNet,1,2,,,6,500,FM-Full_A-None_AdaBN-F
BNCI2014_001,ATCNet,1,8,,,6,500,FM-Full_A-None_AdaBN-F
BNCI2014_001,ATCNet,2,1,,,6,500,FM-Full_A-None_AdaBN-F
BNCI2014_001,ATCNet,2,6,,,6,500,FM-Full_A-None_AdaBN-F
BNCI2014_001,ATCNet,3,3,,,6,500,FM-Full_A-None_AdaBN-F
BNCI2014_001,ATCNet,3,9,,,6,500,FM-Full_A-None_AdaBN-F
BNCI2014_001,ATCNet,4,4,,,6,500,FM-Full_A-None_AdaBN-F
BNCI2014_001,ATCNet,4,5,,,6,500,FM-Full_A-None_AdaBN-F
BNCI2014_001,ATCNet,5,7,,,6,500,FM-Full_A-None_AdaBN-F
BNCI2014_001,ATCNet,1,2,0.328125,0.5642361111111112,6,500,FM-Full_A-None_AdaBN-F
BNCI2014_001,ATCNet,1,8,0.5729166666666666,0.7951388888888888,6,500,FM-Full_A-None_AdaBN-F
BNCI2014_001,ATCNet,2,1,0.6875,0.7673611111111112,6,500,FM-Full_A-None_AdaBN-F
BNCI2014_001,ATCNet,2,6,0.3854166666666667,0.6545138888888888,6,500,FM-Full_A-None_AdaBN-F
BNCI2014_001,ATCNet,3,3,0.7152777777777778,0.8767361111111112,6,500,FM-Full_A-None_AdaBN-F
BNCI2014_001,ATCNet,3,9,0.4600694444444444,0.8333333333333334,6,500,FM-Full_A-None_AdaBN-F
BNCI2014_001,ATCNet,4,4,0.484375,0.7204861111111112,6,500,FM-Full_A-None_AdaBN-F
BNCI2014_001,ATCNet,4,5,0.4045138888888889,0.6354166666666666,6,500,FM-Full_A-None_AdaBN-F
BNCI2014_001,ATCNet,5,7,0.4513888888888889,0.7569444444444444,6,500,FM-Full_A-None_AdaBN-F
Huebner2017,ShallowConvNet,1,1,0.935875486381323,0.97136186770428,12,6250,FM-Full_A-None_AdaBN-F
Huebner2017,ShallowConvNet,1,10,0.9396820448877804,0.9798940149625937,12,6250,FM-Full_A-None_AdaBN-F
Huebner2017,ShallowConvNet,1,12,0.8404139433551199,0.9558823529411764,12,6250,FM-Full_A-None_AdaBN-F
Huebner2017,ShallowConvNet,2,3,0.9105058365758756,0.9489494163424124,12,6250,FM-Full_A-None_AdaBN-F
Huebner2017,ShallowConvNet,2,6,0.8485697606538237,0.9826036193812026,12,6250,FM-Full_A-None_AdaBN-F
Huebner2017,ShallowConvNet,2,9,0.9504357298474946,0.9751789604730782,12,6250,FM-Full_A-None_AdaBN-F
Huebner2017,ShallowConvNet,3,2,0.8805633364456894,0.9477124183006536,12,6250,FM-Full_A-None_AdaBN-F
Huebner2017,ShallowConvNet,3,5,0.870525988173047,0.9268596327419856,12,6250,FM-Full_A-None_AdaBN-F
Huebner2017,ShallowConvNet,3,13,0.9358026612714964,0.9693409073223872,12,6250,FM-Full_A-None_AdaBN-F
Huebner2017,ShallowConvNet,4,8,0.7904280155642023,0.904046692607004,12,6250,FM-Full_A-None_AdaBN-F
Huebner2017,ShallowConvNet,4,11,0.7932134796482216,0.8584325628453576,12,6250,FM-Full_A-None_AdaBN-F
Huebner2017,ShallowConvNet,5,4,0.9258365758754864,0.9816342412451362,12,6250,FM-Full_A-None_AdaBN-F
Huebner2017,ShallowConvNet,5,7,0.9638188608776844,0.9914410208527856,12,6250,FM-Full_A-None_AdaBN-F
Huebner2017,ShallowConvNet,1,1,,,12,6250,FM-Full_A-None_AdaBN-F
Huebner2017,ShallowConvNet,1,10,,,12,6250,FM-Full_A-None_AdaBN-F
Huebner2017,ShallowConvNet,1,12,,,12,6250,FM-Full_A-None_AdaBN-F
Huebner2017,ShallowConvNet,2,3,,,12,6250,FM-Full_A-None_AdaBN-F
Huebner2017,ShallowConvNet,2,6,,,12,6250,FM-Full_A-None_AdaBN-F
Huebner2017,ShallowConvNet,2,9,,,12,6250,FM-Full_A-None_AdaBN-F
Huebner2017,ShallowConvNet,3,2,,,12,6250,FM-Full_A-None_AdaBN-F
Huebner2017,ShallowConvNet,3,5,,,12,6250,FM-Full_A-None_AdaBN-F
Huebner2017,ShallowConvNet,3,13,,,12,6250,FM-Full_A-None_AdaBN-F
Huebner2017,ShallowConvNet,4,8,,,12,6250,FM-Full_A-None_AdaBN-F
Huebner2017,ShallowConvNet,4,11,,,12,6250,FM-Full_A-None_AdaBN-F
Huebner2017,ShallowConvNet,5,4,,,12,6250,FM-Full_A-None_AdaBN-F
Huebner2017,ShallowConvNet,5,7,,,12,6250,FM-Full_A-None_AdaBN-F
Lee2019_SSVEP,ATCNet,1,4,,,25,160,FM-Full_A-None_AdaBN-F
Lee2019_SSVEP,ATCNet,1,6,,,25,160,FM-Full_A-None_AdaBN-F
Lee2019_SSVEP,ATCNet,1,13,,,25,160,FM-Full_A-None_AdaBN-F
Lee2019_SSVEP,ATCNet,1,14,,,25,160,FM-Full_A-None_AdaBN-F
Lee2019_SSVEP,ATCNet,1,18,,,25,160,FM-Full_A-None_AdaBN-F
Lee2019_SSVEP,ATCNet,1,20,,,25,160,FM-Full_A-None_AdaBN-F
Lee2019_SSVEP,ATCNet,1,33,,,25,160,FM-Full_A-None_AdaBN-F
Lee2019_SSVEP,ATCNet,1,45,,,25,160,FM-Full_A-None_AdaBN-F
Lee2019_SSVEP,ATCNet,1,49,,,25,160,FM-Full_A-None_AdaBN-F
Lee2019_SSVEP,ATCNet,1,50,,,25,160,FM-Full_A-None_AdaBN-F
Lee2019_SSVEP,ATCNet,1,53,,,25,160,FM-Full_A-None_AdaBN-F
Lee2019_SSVEP,ATCNet,2,5,,,25,160,FM-Full_A-None_AdaBN-F
Lee2019_SSVEP,ATCNet,2,7,,,25,160,FM-Full_A-None_AdaBN-F
Lee2019_SSVEP,ATCNet,2,9,,,25,160,FM-Full_A-None_AdaBN-F
Lee2019_SSVEP,ATCNet,2,16,,,25,160,FM-Full_A-None_AdaBN-F
Lee2019_SSVEP,ATCNet,2,25,,,25,160,FM-Full_A-None_AdaBN-F
Lee2019_SSVEP,ATCNet,2,27,,,25,160,FM-Full_A-None_AdaBN-F
Lee2019_SSVEP,ATCNet,2,34,,,25,160,FM-Full_A-None_AdaBN-F
Lee2019_SSVEP,ATCNet,2,35,,,25,160,FM-Full_A-None_AdaBN-F
Lee2019_SSVEP,ATCNet,2,38,,,25,160,FM-Full_A-None_AdaBN-F
Lee2019_SSVEP,ATCNet,2,46,,,25,160,FM-Full_A-None_AdaBN-F
Lee2019_SSVEP,ATCNet,2,51,,,25,160,FM-Full_A-None_AdaBN-F
Lee2019_SSVEP,ATCNet,3,1,,,25,160,FM-Full_A-None_AdaBN-F
Lee2019_SSVEP,ATCNet,3,10,,,25,160,FM-Full_A-None_AdaBN-F
Lee2019_SSVEP,ATCNet,3,12,,,25,160,FM-Full_A-None_AdaBN-F
Lee2019_SSVEP,ATCNet,3,17,,,25,160,FM-Full_A-None_AdaBN-F
Lee2019_SSVEP,ATCNet,3,26,,,25,160,FM-Full_A-None_AdaBN-F
Lee2019_SSVEP,ATCNet,3,28,,,25,160,FM-Full_A-None_AdaBN-F
Lee2019_SSVEP,ATCNet,3,31,,,25,160,FM-Full_A-None_AdaBN-F
Lee2019_SSVEP,ATCNet,3,32,,,25,160,FM-Full_A-None_AdaBN-F
Lee2019_SSVEP,ATCNet,3,37,,,25,160,FM-Full_A-None_AdaBN-F
Lee2019_SSVEP,ATCNet,3,41,,,25,160,FM-Full_A-None_AdaBN-F
Lee2019_SSVEP,ATCNet,3,48,,,25,160,FM-Full_A-None_AdaBN-F
Lee2019_SSVEP,ATCNet,4,2,,,25,160,FM-Full_A-None_AdaBN-F
Lee2019_SSVEP,ATCNet,4,3,,,25,160,FM-Full_A-None_AdaBN-F
Lee2019_SSVEP,ATCNet,4,11,,,25,160,FM-Full_A-None_AdaBN-F
Lee2019_SSVEP,ATCNet,4,22,,,25,160,FM-Full_A-None_AdaBN-F
Lee2019_SSVEP,ATCNet,4,24,,,25,160,FM-Full_A-None_AdaBN-F
Lee2019_SSVEP,ATCNet,4,30,,,25,160,FM-Full_A-None_AdaBN-F
Lee2019_SSVEP,ATCNet,4,36,,,25,160,FM-Full_A-None_AdaBN-F
Lee2019_SSVEP,ATCNet,4,40,,,25,160,FM-Full_A-None_AdaBN-F
Lee2019_SSVEP,ATCNet,4,42,,,25,160,FM-Full_A-None_AdaBN-F
Lee2019_SSVEP,ATCNet,4,44,,,25,160,FM-Full_A-None_AdaBN-F
Lee2019_SSVEP,ATCNet,4,47,,,25,160,FM-Full_A-None_AdaBN-F
Lee2019_SSVEP,ATCNet,5,8,,,25,160,FM-Full_A-None_AdaBN-F
Lee2019_SSVEP,ATCNet,5,15,,,25,160,FM-Full_A-None_AdaBN-F
Lee2019_SSVEP,ATCNet,5,19,,,25,160,FM-Full_A-None_AdaBN-F
Lee2019_SSVEP,ATCNet,5,21,,,25,160,FM-Full_A-None_AdaBN-F
Lee2019_SSVEP,ATCNet,5,23,,,25,160,FM-Full_A-None_AdaBN-F
Lee2019_SSVEP,ATCNet,5,29,,,25,160,FM-Full_A-None_AdaBN-F
Lee2019_SSVEP,ATCNet,5,39,,,25,160,FM-Full_A-None_AdaBN-F
Lee2019_SSVEP,ATCNet,5,43,,,25,160,FM-Full_A-None_AdaBN-F
Lee2019_SSVEP,ATCNet,5,52,,,25,160,FM-Full_A-None_AdaBN-F
Lee2019_SSVEP,ATCNet,5,54,,,25,160,FM-Full_A-None_AdaBN-F
Lee2019_SSVEP,ATCNet,1,4,0.99,0.995,25,160,FM-Full_A-None_AdaBN-F
Lee2019_SSVEP,ATCNet,1,6,1.0,1.0,25,160,FM-Full_A-None_AdaBN-F
Lee2019_SSVEP,ATCNet,1,13,0.99,1.0,25,160,FM-Full_A-None_AdaBN-F
Lee2019_SSVEP,ATCNet,1,14,0.82,0.95,25,160,FM-Full_A-None_AdaBN-F
Lee2019_SSVEP,ATCNet,1,18,0.98,0.975,25,160,FM-Full_A-None_AdaBN-F
Lee2019_SSVEP,ATCNet,1,20,0.98,0.96,25,160,FM-Full_A-None_AdaBN-F
Lee2019_SSVEP,ATCNet,1,33,0.995,0.995,25,160,FM-Full_A-None_AdaBN-F
Lee2019_SSVEP,ATCNet,1,45,0.895,0.94,25,160,FM-Full_A-None_AdaBN-F
Lee2019_SSVEP,ATCNet,1,49,0.935,1.0,25,160,FM-Full_A-None_AdaBN-F
Lee2019_SSVEP,ATCNet,1,50,0.99,0.995,25,160,FM-Full_A-None_AdaBN-F
Lee2019_SSVEP,ATCNet,1,53,1.0,1.0,25,160,FM-Full_A-None_AdaBN-F
Lee2019_SSVEP,ATCNet,2,5,0.845,0.85,25,160,FM-Full_A-None_AdaBN-F
Lee2019_SSVEP,ATCNet,2,7,1.0,1.0,25,160,FM-Full_A-None_AdaBN-F
Lee2019_SSVEP,ATCNet,2,9,0.965,0.965,25,160,FM-Full_A-None_AdaBN-F
Lee2019_SSVEP,ATCNet,2,16,0.995,0.995,25,160,FM-Full_A-None_AdaBN-F
Lee2019_SSVEP,ATCNet,2,25,0.95,0.955,25,160,FM-Full_A-None_AdaBN-F
Lee2019_SSVEP,ATCNet,2,27,0.995,0.99,25,160,FM-Full_A-None_AdaBN-F
Lee2019_SSVEP,ATCNet,2,34,0.785,0.835,25,160,FM-Full_A-None_AdaBN-F
Lee2019_SSVEP,ATCNet,2,35,0.775,0.99,25,160,FM-Full_A-None_AdaBN-F
Lee2019_SSVEP,ATCNet,2,38,1.0,0.98,25,160,FM-Full_A-None_AdaBN-F
Lee2019_SSVEP,ATCNet,2,46,0.98,1.0,25,160,FM-Full_A-None_AdaBN-F
Lee2019_SSVEP,ATCNet,2,51,0.71,0.765,25,160,FM-Full_A-None_AdaBN-F
Lee2019_SSVEP,ATCNet,3,1,0.925,0.965,25,160,FM-Full_A-None_AdaBN-F
Lee2019_SSVEP,ATCNet,3,10,0.99,0.99,25,160,FM-Full_A-None_AdaBN-F
Lee2019_SSVEP,ATCNet,3,12,0.96,0.96,25,160,FM-Full_A-None_AdaBN-F
Lee2019_SSVEP,ATCNet,3,17,0.82,0.935,25,160,FM-Full_A-None_AdaBN-F
Lee2019_SSVEP,ATCNet,3,26,0.985,0.995,25,160,FM-Full_A-None_AdaBN-F
Lee2019_SSVEP,ATCNet,3,28,0.965,0.96,25,160,FM-Full_A-None_AdaBN-F
Lee2019_SSVEP,ATCNet,3,31,1.0,1.0,25,160,FM-Full_A-None_AdaBN-F
Lee2019_SSVEP,ATCNet,3,32,0.82,0.97,25,160,FM-Full_A-None_AdaBN-F
Lee2019_SSVEP,ATCNet,3,37,0.995,0.995,25,160,FM-Full_A-None_AdaBN-F
Lee2019_SSVEP,ATCNet,3,41,0.95,0.985,25,160,FM-Full_A-None_AdaBN-F
Lee2019_SSVEP,ATCNet,3,48,0.995,0.995,25,160,FM-Full_A-None_AdaBN-F
Lee2019_SSVEP,ATCNet,4,2,0.985,0.99,25,160,FM-Full_A-None_AdaBN-F
Lee2019_SSVEP,ATCNet,4,3,0.92,0.915,25,160,FM-Full_A-None_AdaBN-F
Lee2019_SSVEP,ATCNet,4,11,1.0,1.0,25,160,FM-Full_A-None_AdaBN-F
Lee2019_SSVEP,ATCNet,4,22,0.81,0.905,25,160,FM-Full_A-None_AdaBN-F
Lee2019_SSVEP,ATCNet,4,24,0.965,0.975,25,160,FM-Full_A-None_AdaBN-F
Lee2019_SSVEP,ATCNet,4,30,0.92,0.995,25,160,FM-Full_A-None_AdaBN-F
Lee2019_SSVEP,ATCNet,4,36,1.0,1.0,25,160,FM-Full_A-None_AdaBN-F
Lee2019_SSVEP,ATCNet,4,40,0.835,0.93,25,160,FM-Full_A-None_AdaBN-F
Lee2019_SSVEP,ATCNet,4,42,0.775,0.835,25,160,FM-Full_A-None_AdaBN-F
Lee2019_SSVEP,ATCNet,4,44,0.975,0.98,25,160,FM-Full_A-None_AdaBN-F
Lee2019_SSVEP,ATCNet,4,47,0.615,0.61,25,160,FM-Full_A-None_AdaBN-F
Lee2019_SSVEP,ATCNet,5,8,0.87,0.955,25,160,FM-Full_A-None_AdaBN-F
Lee2019_SSVEP,ATCNet,5,15,0.65,0.99,25,160,FM-Full_A-None_AdaBN-F
Lee2019_SSVEP,ATCNet,5,19,0.975,0.98,25,160,FM-Full_A-None_AdaBN-F
Lee2019_SSVEP,ATCNet,5,21,0.94,0.96,25,160,FM-Full_A-None_AdaBN-F
Lee2019_SSVEP,ATCNet,5,23,0.375,0.625,25,160,FM-Full_A-None_AdaBN-F
Lee2019_SSVEP,ATCNet,5,29,0.885,0.96,25,160,FM-Full_A-None_AdaBN-F
Lee2019_SSVEP,ATCNet,5,39,1.0,1.0,25,160,FM-Full_A-None_AdaBN-F
Lee2019_SSVEP,ATCNet,5,43,1.0,1.0,25,160,FM-Full_A-None_AdaBN-F
Lee2019_SSVEP,ATCNet,5,52,0.995,1.0,25,160,FM-Full_A-None_AdaBN-F
Lee2019_SSVEP,ATCNet,5,54,0.79,0.92,25,160,FM-Full_A-None_AdaBN-F
Yang2025,DeepConvNet,1,4,0.5966666666666667,0.5533333333333333,15,300,FM-Full_A-None_AdaBN-F
Yang2025,DeepConvNet,1,13,0.765,0.8133333333333334,15,300,FM-Full_A-None_AdaBN-F
Yang2025,DeepConvNet,1,14,0.5883333333333334,0.5616666666666666,15,300,FM-Full_A-None_AdaBN-F
Yang2025,DeepConvNet,1,18,0.6483333333333333,0.6866666666666666,15,300,FM-Full_A-None_AdaBN-F
Yang2025,DeepConvNet,1,25,0.94,0.96,15,300,FM-Full_A-None_AdaBN-F
Yang2025,DeepConvNet,1,31,0.7366666666666667,0.7983333333333333,15,300,FM-Full_A-None_AdaBN-F
Yang2025,DeepConvNet,1,32,0.6060100166944908,0.6293823038397329,15,300,FM-Full_A-None_AdaBN-F
Yang2025,DeepConvNet,1,33,0.9633333333333334,0.9683333333333334,15,300,FM-Full_A-None_AdaBN-F
Yang2025,DeepConvNet,1,41,0.8716666666666667,0.92,15,300,FM-Full_A-None_AdaBN-F
Yang2025,DeepConvNet,1,44,0.735,0.73,15,300,FM-Full_A-None_AdaBN-F
Yang2025,DeepConvNet,1,47,0.925,0.915,15,300,FM-Full_A-None_AdaBN-F
Yang2025,DeepConvNet,2,5,0.8066666666666666,0.9,15,300,FM-Full_A-None_AdaBN-F
Yang2025,DeepConvNet,2,7,0.8033333333333333,0.79,15,300,FM-Full_A-None_AdaBN-F
Yang2025,DeepConvNet,2,9,0.7116666666666667,0.72,15,300,FM-Full_A-None_AdaBN-F
Yang2025,DeepConvNet,2,16,0.6066666666666667,0.65,15,300,FM-Full_A-None_AdaBN-F
Yang2025,DeepConvNet,2,20,0.7583333333333333,0.9166666666666666,15,300,FM-Full_A-None_AdaBN-F
Yang2025,DeepConvNet,2,34,0.5216666666666666,0.815,15,300,FM-Full_A-None_AdaBN-F
Yang2025,DeepConvNet,2,37,0.7583333333333333,0.9283333333333332,15,300,FM-Full_A-None_AdaBN-F
Yang2025,DeepConvNet,2,48,0.8566666666666667,0.8933333333333333,15,300,FM-Full_A-None_AdaBN-F
Yang2025,DeepConvNet,2,49,0.9083333333333332,0.9583333333333334,15,300,FM-Full_A-None_AdaBN-F
Yang2025,DeepConvNet,2,50,0.9266666666666666,0.9516666666666668,15,300,FM-Full_A-None_AdaBN-F
Yang2025,DeepConvNet,3,1,0.93,0.9633333333333334,15,300,FM-Full_A-None_AdaBN-F
Yang2025,DeepConvNet,3,10,0.8566666666666667,0.865,15,300,FM-Full_A-None_AdaBN-F
Yang2025,DeepConvNet,3,12,0.6,0.5616666666666666,15,300,FM-Full_A-None_AdaBN-F
Yang2025,DeepConvNet,3,17,0.8066666666666666,0.81,15,300,FM-Full_A-None_AdaBN-F
Yang2025,DeepConvNet,3,26,0.8380634390651085,0.9415692821368948,15,300,FM-Full_A-None_AdaBN-F
Yang2025,DeepConvNet,3,27,0.6383333333333333,0.7183333333333334,15,300,FM-Full_A-None_AdaBN-F
Yang2025,DeepConvNet,3,28,0.8283333333333334,0.89,15,300,FM-Full_A-None_AdaBN-F
Yang2025,DeepConvNet,3,35,0.9483333333333334,0.9666666666666668,15,300,FM-Full_A-None_AdaBN-F
Yang2025,DeepConvNet,3,45,0.8983333333333333,0.9083333333333332,15,300,FM-Full_A-None_AdaBN-F
Yang2025,DeepConvNet,3,46,0.9816666666666668,0.9933333333333332,15,300,FM-Full_A-None_AdaBN-F
Yang2025,DeepConvNet,4,2,0.7233333333333334,0.6683333333333333,15,300,FM-Full_A-None_AdaBN-F
Yang2025,DeepConvNet,4,3,0.965,0.9683333333333334,15,300,FM-Full_A-None_AdaBN-F
Yang2025,DeepConvNet,4,6,0.9366666666666666,0.97,15,300,FM-Full_A-None_AdaBN-F
Yang2025,DeepConvNet,4,22,0.7566666666666667,0.8533333333333334,15,300,FM-Full_A-None_AdaBN-F
Yang2025,DeepConvNet,4,24,0.9444444444444444,0.9781144781144782,15,300,FM-Full_A-None_AdaBN-F
Yang2025,DeepConvNet,4,30,0.94,0.9683333333333334,15,300,FM-Full_A-None_AdaBN-F
Yang2025,DeepConvNet,4,36,0.9266666666666666,0.93,15,300,FM-Full_A-None_AdaBN-F
Yang2025,DeepConvNet,4,38,0.635,0.7216666666666667,15,300,FM-Full_A-None_AdaBN-F
Yang2025,DeepConvNet,4,40,0.8283333333333334,0.8616666666666667,15,300,FM-Full_A-None_AdaBN-F
Yang2025,DeepConvNet,4,42,0.8083333333333333,0.825,15,300,FM-Full_A-None_AdaBN-F
Yang2025,DeepConvNet,5,8,0.9266666666666666,0.9383333333333334,15,300,FM-Full_A-None_AdaBN-F
Yang2025,DeepConvNet,5,11,0.8966666666666666,0.92,15,300,FM-Full_A-None_AdaBN-F
Yang2025,DeepConvNet,5,15,0.6983333333333334,0.825,15,300,FM-Full_A-None_AdaBN-F
Yang2025,DeepConvNet,5,19,0.8466666666666667,0.855,15,300,FM-Full_A-None_AdaBN-F
Yang2025,DeepConvNet,5,21,0.875,0.895,15,300,FM-Full_A-None_AdaBN-F
Yang2025,DeepConvNet,5,23,0.9198664440734556,0.9532554257095158,15,300,FM-Full_A-None_AdaBN-F
Yang2025,DeepConvNet,5,29,0.6933333333333334,0.8483333333333334,15,300,FM-Full_A-None_AdaBN-F
Yang2025,DeepConvNet,5,39,0.7,0.7416666666666667,15,300,FM-Full_A-None_AdaBN-F
Yang2025,DeepConvNet,5,43,0.9916666666666668,0.9983333333333332,15,300,FM-Full_A-None_AdaBN-F
Yang2025,DeepConvNet,5,51,0.8966666666666666,0.905,15,300,FM-Full_A-None_AdaBN-F
Huebner2017,ShallowConvNet,1,1,,,6,6250,FM-Full_A-None_AdaBN-F
Huebner2017,ShallowConvNet,1,10,,,6,6250,FM-Full_A-None_AdaBN-F
Huebner2017,ShallowConvNet,1,12,,,6,6250,FM-Full_A-None_AdaBN-F
Huebner2017,ShallowConvNet,2,3,,,6,6250,FM-Full_A-None_AdaBN-F
Huebner2017,ShallowConvNet,2,6,,,6,6250,FM-Full_A-None_AdaBN-F
Huebner2017,ShallowConvNet,2,9,,,6,6250,FM-Full_A-None_AdaBN-F
Huebner2017,ShallowConvNet,3,2,,,6,6250,FM-Full_A-None_AdaBN-F
Huebner2017,ShallowConvNet,3,5,,,6,6250,FM-Full_A-None_AdaBN-F
Huebner2017,ShallowConvNet,3,13,,,6,6250,FM-Full_A-None_AdaBN-F
Huebner2017,ShallowConvNet,4,8,,,6,6250,FM-Full_A-None_AdaBN-F
Huebner2017,ShallowConvNet,4,11,,,6,6250,FM-Full_A-None_AdaBN-F
Huebner2017,ShallowConvNet,5,4,,,6,6250,FM-Full_A-None_AdaBN-F
Huebner2017,ShallowConvNet,5,7,,,6,6250,FM-Full_A-None_AdaBN-F
Huebner2017,ShallowConvNet,1,1,0.920544747081712,0.9673929961089496,6,6250,FM-Full_A-None_AdaBN-F
Huebner2017,ShallowConvNet,1,10,0.9585411471321696,0.9771664588528678,6,6250,FM-Full_A-None_AdaBN-F
Huebner2017,ShallowConvNet,1,12,0.8516962340491753,0.9522253345782756,6,6250,FM-Full_A-None_AdaBN-F
Huebner2017,ShallowConvNet,2,3,0.8949416342412452,0.9442023346303502,6,6250,FM-Full_A-None_AdaBN-F
Huebner2017,ShallowConvNet,2,6,0.9106830122591943,0.9812025685931116,6,6250,FM-Full_A-None_AdaBN-F
Huebner2017,ShallowConvNet,2,9,0.9297385620915032,0.9724556489262371,6,6250,FM-Full_A-None_AdaBN-F
Huebner2017,ShallowConvNet,3,2,0.8868658574540927,0.9478680361033304,6,6250,FM-Full_A-None_AdaBN-F
Huebner2017,ShallowConvNet,3,5,0.8728602552131964,0.9251478369125428,6,6250,FM-Full_A-None_AdaBN-F
Huebner2017,ShallowConvNet,3,13,0.9219515990973464,0.971130651311182,6,6250,FM-Full_A-None_AdaBN-F
Huebner2017,ShallowConvNet,4,8,0.8154085603112841,0.8965758754863813,6,6250,FM-Full_A-None_AdaBN-F
Huebner2017,ShallowConvNet,4,11,0.7943030586037824,0.8505720289516694,6,6250,FM-Full_A-None_AdaBN-F
Huebner2017,ShallowConvNet,5,4,0.94147859922179,0.98,6,6250,FM-Full_A-None_AdaBN-F
Huebner2017,ShallowConvNet,5,7,0.9456115779645192,0.9889511360099597,6,6250,FM-Full_A-None_AdaBN-F
BI2015a,ShallowConvNet,1,5,0.8367003367003367,0.8930976430976431,20,250,FM-Full_A-None_AdaBN-F
BI2015a,ShallowConvNet,1,9,0.8498498498498499,0.8686186186186187,20,250,FM-Full_A-None_AdaBN-F
BI2015a,ShallowConvNet,1,13,0.8457602339181286,0.9064327485380116,20,250,FM-Full_A-None_AdaBN-F
BI2015a,ShallowConvNet,1,25,0.8156130268199234,0.8323754789272031,20,250,FM-Full_A-None_AdaBN-F
BI2015a,ShallowConvNet,1,26,0.8557347670250897,0.8951612903225806,20,250,FM-Full_A-None_AdaBN-F
BI2015a,ShallowConvNet,1,35,0.8345410628019324,0.8115942028985508,20,250,FM-Full_A-None_AdaBN-F
BI2015a,ShallowConvNet,1,37,0.775,0.8178571428571428,20,250,FM-Full_A-None_AdaBN-F
BI2015a,ShallowConvNet,1,38,0.8333333333333334,0.8656156156156156,20,250,FM-Full_A-None_AdaBN-F
BI2015a,ShallowConvNet,1,40,0.8482510288065843,0.8724279835390947,20,250,FM-Full_A-None_AdaBN-F
BI2015a,ShallowConvNet,2,4,0.8611111111111112,0.9013888888888888,20,250,FM-Full_A-None_AdaBN-F
BI2015a,ShallowConvNet,2,7,0.8325163398692811,0.8643790849673203,20,250,FM-Full_A-None_AdaBN-F
BI2015a,ShallowConvNet,2,14,0.8269230769230769,0.8354700854700855,20,250,FM-Full_A-None_AdaBN-F
BI2015a,ShallowConvNet,2,16,0.8492063492063492,0.8626984126984127,20,250,FM-Full_A-None_AdaBN-F
BI2015a,ShallowConvNet,2,18,0.8302469135802469,0.837037037037037,20,250,FM-Full_A-None_AdaBN-F
BI2015a,ShallowConvNet,2,20,0.8401234567901235,0.8518518518518519,20,250,FM-Full_A-None_AdaBN-F
BI2015a,ShallowConvNet,2,28,0.835,0.8361111111111111,20,250,FM-Full_A-None_AdaBN-F
BI2015a,ShallowConvNet,2,32,0.8772401433691757,0.8718637992831542,20,250,FM-Full_A-None_AdaBN-F
BI2015a,ShallowConvNet,2,41,0.7925925925925926,0.8567901234567902,20,250,FM-Full_A-None_AdaBN-F
BI2015a,ShallowConvNet,3,1,0.6131961259079903,0.8280871670702179,20,250,FM-Full_A-None_AdaBN-F
BI2015a,ShallowConvNet,3,6,0.8093434343434344,0.8630050505050505,20,250,FM-Full_A-None_AdaBN-F
BI2015a,ShallowConvNet,3,10,0.8548387096774194,0.8754480286738351,20,250,FM-Full_A-None_AdaBN-F
BI2015a,ShallowConvNet,3,12,0.8203405017921147,0.8400537634408602,20,250,FM-Full_A-None_AdaBN-F
BI2015a,ShallowConvNet,3,17,0.8166666666666667,0.841358024691358,20,250,FM-Full_A-None_AdaBN-F
BI2015a,ShallowConvNet,3,27,0.8241912798874824,0.8189170182841069,20,250,FM-Full_A-None_AdaBN-F
BI2015a,ShallowConvNet,3,30,0.8076131687242798,0.9032921810699588,20,250,FM-Full_A-None_AdaBN-F
BI2015a,ShallowConvNet,3,31,0.8137037037037037,0.8144444444444444,20,250,FM-Full_A-None_AdaBN-F
BI2015a,ShallowConvNet,3,42,0.8269980506822612,0.830896686159844,20,250,FM-Full_A-None_AdaBN-F
BI2015a,ShallowConvNet,4,2,0.8472222222222222,0.8756613756613757,20,250,FM-Full_A-None_AdaBN-F
BI2015a,ShallowConvNet,4,3,0.7921455938697318,0.9090038314176244,20,250,FM-Full_A-None_AdaBN-F
BI2015a,ShallowConvNet,4,22,0.8465909090909091,0.8573232323232324,20,250,FM-Full_A-None_AdaBN-F
BI2015a,ShallowConvNet,4,24,0.8425925925925926,0.8742283950617284,20,250,FM-Full_A-None_AdaBN-F
BI2015a,ShallowConvNet,4,33,0.8511904761904762,0.8690476190476191,20,250,FM-Full_A-None_AdaBN-F
BI2015a,ShallowConvNet,4,34,0.8373015873015873,0.8420634920634921,20,250,FM-Full_A-None_AdaBN-F
BI2015a,ShallowConvNet,4,36,0.81875,0.8541666666666666,20,250,FM-Full_A-None_AdaBN-F
BI2015a,ShallowConvNet,4,43,0.8840996168582376,0.9051724137931034,20,250,FM-Full_A-None_AdaBN-F
BI2015a,ShallowConvNet,5,8,0.8115079365079365,0.8564814814814815,20,250,FM-Full_A-None_AdaBN-F
BI2015a,ShallowConvNet,5,11,0.8347222222222223,0.8493055555555555,20,250,FM-Full_A-None_AdaBN-F
BI2015a,ShallowConvNet,5,15,0.8253968253968254,0.8833333333333333,20,250,FM-Full_A-None_AdaBN-F
BI2015a,ShallowConvNet,5,19,0.8211111111111111,0.8527777777777777,20,250,FM-Full_A-None_AdaBN-F
BI2015a,ShallowConvNet,5,21,0.85,0.8857142857142857,20,250,FM-Full_A-None_AdaBN-F
BI2015a,ShallowConvNet,5,23,0.797514619883041,0.8530701754385965,20,250,FM-Full_A-None_AdaBN-F
BI2015a,ShallowConvNet,5,29,0.8327886710239651,0.835511982570806,20,250,FM-Full_A-None_AdaBN-F
BI2015a,ShallowConvNet,5,39,0.8316326530612245,0.8475056689342404,20,250,FM-Full_A-None_AdaBN-F
BI2015a,ShallowConvNet,1,5,,,20,250,FM-Full_A-None_AdaBN-F
BI2015a,ShallowConvNet,1,9,,,20,250,FM-Full_A-None_AdaBN-F
BI2015a,ShallowConvNet,1,13,,,20,250,FM-Full_A-None_AdaBN-F
BI2015a,ShallowConvNet,1,25,,,20,250,FM-Full_A-None_AdaBN-F
BI2015a,ShallowConvNet,1,26,,,20,250,FM-Full_A-None_AdaBN-F
BI2015a,ShallowConvNet,1,35,,,20,250,FM-Full_A-None_AdaBN-F
BI2015a,ShallowConvNet,1,37,,,20,250,FM-Full_A-None_AdaBN-F
BI2015a,ShallowConvNet,1,38,,,20,250,FM-Full_A-None_AdaBN-F
BI2015a,ShallowConvNet,1,40,,,20,250,FM-Full_A-None_AdaBN-F
BI2015a,ShallowConvNet,2,4,,,20,250,FM-Full_A-None_AdaBN-F
BI2015a,ShallowConvNet,2,7,,,20,250,FM-Full_A-None_AdaBN-F
BI2015a,ShallowConvNet,2,14,,,20,250,FM-Full_A-None_AdaBN-F
BI2015a,ShallowConvNet,2,16,,,20,250,FM-Full_A-None_AdaBN-F
BI2015a,ShallowConvNet,2,18,,,20,250,FM-Full_A-None_AdaBN-F
BI2015a,ShallowConvNet,2,20,,,20,250,FM-Full_A-None_AdaBN-F
BI2015a,ShallowConvNet,2,28,,,20,250,FM-Full_A-None_AdaBN-F
BI2015a,ShallowConvNet,2,32,,,20,250,FM-Full_A-None_AdaBN-F
BI2015a,ShallowConvNet,2,41,,,20,250,FM-Full_A-None_AdaBN-F
BI2015a,ShallowConvNet,3,1,,,20,250,FM-Full_A-None_AdaBN-F
BI2015a,ShallowConvNet,3,6,,,20,250,FM-Full_A-None_AdaBN-F
BI2015a,ShallowConvNet,3,10,,,20,250,FM-Full_A-None_AdaBN-F
BI2015a,ShallowConvNet,3,12,,,20,250,FM-Full_A-None_AdaBN-F
BI2015a,ShallowConvNet,3,17,,,20,250,FM-Full_A-None_AdaBN-F
BI2015a,ShallowConvNet,3,27,,,20,250,FM-Full_A-None_AdaBN-F
BI2015a,ShallowConvNet,3,30,,,20,250,FM-Full_A-None_AdaBN-F
BI2015a,ShallowConvNet,3,31,,,20,250,FM-Full_A-None_AdaBN-F
BI2015a,ShallowConvNet,3,42,,,20,250,FM-Full_A-None_AdaBN-F
BI2015a,ShallowConvNet,4,2,,,20,250,FM-Full_A-None_AdaBN-F
BI2015a,ShallowConvNet,4,3,,,20,250,FM-Full_A-None_AdaBN-F
BI2015a,ShallowConvNet,4,22,,,20,250,FM-Full_A-None_AdaBN-F
BI2015a,ShallowConvNet,4,24,,,20,250,FM-Full_A-None_AdaBN-F
BI2015a,ShallowConvNet,4,33,,,20,250,FM-Full_A-None_AdaBN-F
BI2015a,ShallowConvNet,4,34,,,20,250,FM-Full_A-None_AdaBN-F
BI2015a,ShallowConvNet,4,36,,,20,250,FM-Full_A-None_AdaBN-F
BI2015a,ShallowConvNet,4,43,,,20,250,FM-Full_A-None_AdaBN-F
BI2015a,ShallowConvNet,5,8,,,20,250,FM-Full_A-None_AdaBN-F
BI2015a,ShallowConvNet,5,11,,,20,250,FM-Full_A-None_AdaBN-F
BI2015a,ShallowConvNet,5,15,,,20,250,FM-Full_A-None_AdaBN-F
BI2015a,ShallowConvNet,5,19,,,20,250,FM-Full_A-None_AdaBN-F
BI2015a,ShallowConvNet,5,21,,,20,250,FM-Full_A-None_AdaBN-F
BI2015a,ShallowConvNet,5,23,,,20,250,FM-Full_A-None_AdaBN-F
BI2015a,ShallowConvNet,5,29,,,20,250,FM-Full_A-None_AdaBN-F
BI2015a,ShallowConvNet,5,39,,,20,250,FM-Full_A-None_AdaBN-F
Lee2019_MI,EEGNetv4,1,4,,,15,200,FM-Full_A-None_AdaBN-F
Lee2019_MI,EEGNetv4,1,6,,,15,200,FM-Full_A-None_AdaBN-F
Lee2019_MI,EEGNetv4,1,13,,,15,200,FM-Full_A-None_AdaBN-F
Lee2019_MI,EEGNetv4,1,14,,,15,200,FM-Full_A-None_AdaBN-F
Lee2019_MI,EEGNetv4,1,18,,,15,200,FM-Full_A-None_AdaBN-F
Lee2019_MI,EEGNetv4,1,20,,,15,200,FM-Full_A-None_AdaBN-F
Lee2019_MI,EEGNetv4,1,33,,,15,200,FM-Full_A-None_AdaBN-F
Lee2019_MI,EEGNetv4,1,45,,,15,200,FM-Full_A-None_AdaBN-F
Lee2019_MI,EEGNetv4,1,49,,,15,200,FM-Full_A-None_AdaBN-F
Lee2019_MI,EEGNetv4,1,50,,,15,200,FM-Full_A-None_AdaBN-F
Lee2019_MI,EEGNetv4,1,53,,,15,200,FM-Full_A-None_AdaBN-F
Lee2019_MI,EEGNetv4,2,5,,,15,200,FM-Full_A-None_AdaBN-F
Lee2019_MI,EEGNetv4,2,7,,,15,200,FM-Full_A-None_AdaBN-F
Lee2019_MI,EEGNetv4,2,9,,,15,200,FM-Full_A-None_AdaBN-F
Lee2019_MI,EEGNetv4,2,16,,,15,200,FM-Full_A-None_AdaBN-F
Lee2019_MI,EEGNetv4,2,25,,,15,200,FM-Full_A-None_AdaBN-F
Lee2019_MI,EEGNetv4,2,27,,,15,200,FM-Full_A-None_AdaBN-F
Lee2019_MI,EEGNetv4,2,34,,,15,200,FM-Full_A-None_AdaBN-F
Lee2019_MI,EEGNetv4,2,35,,,15,200,FM-Full_A-None_AdaBN-F
Lee2019_MI,EEGNetv4,2,38,,,15,200,FM-Full_A-None_AdaBN-F
Lee2019_MI,EEGNetv4,2,46,,,15,200,FM-Full_A-None_AdaBN-F
Lee2019_MI,EEGNetv4,2,51,,,15,200,FM-Full_A-None_AdaBN-F
Lee2019_MI,EEGNetv4,3,1,,,15,200,FM-Full_A-None_AdaBN-F
Lee2019_MI,EEGNetv4,3,10,,,15,200,FM-Full_A-None_AdaBN-F
Lee2019_MI,EEGNetv4,3,12,,,15,200,FM-Full_A-None_AdaBN-F
Lee2019_MI,EEGNetv4,3,17,,,15,200,FM-Full_A-None_AdaBN-F
Lee2019_MI,EEGNetv4,3,26,,,15,200,FM-Full_A-None_AdaBN-F
Lee2019_MI,EEGNetv4,3,28,,,15,200,FM-Full_A-None_AdaBN-F
Lee2019_MI,EEGNetv4,3,31,,,15,200,FM-Full_A-None_AdaBN-F
Lee2019_MI,EEGNetv4,3,32,,,15,200,FM-Full_A-None_AdaBN-F
Lee2019_MI,EEGNetv4,3,37,,,15,200,FM-Full_A-None_AdaBN-F
Lee2019_MI,EEGNetv4,3,41,,,15,200,FM-Full_A-None_AdaBN-F
Lee2019_MI,EEGNetv4,3,48,,,15,200,FM-Full_A-None_AdaBN-F
Lee2019_MI,EEGNetv4,4,2,,,15,200,FM-Full_A-None_AdaBN-F
Lee2019_MI,EEGNetv4,4,3,,,15,200,FM-Full_A-None_AdaBN-F
Lee2019_MI,EEGNetv4,4,11,,,15,200,FM-Full_A-None_AdaBN-F
Lee2019_MI,EEGNetv4,4,22,,,15,200,FM-Full_A-None_AdaBN-F
Lee2019_MI,EEGNetv4,4,24,,,15,200,FM-Full_A-None_AdaBN-F
Lee2019_MI,EEGNetv4,4,30,,,15,200,FM-Full_A-None_AdaBN-F
Lee2019_MI,EEGNetv4,4,36,,,15,200,FM-Full_A-None_AdaBN-F
Lee2019_MI,EEGNetv4,4,40,,,15,200,FM-Full_A-None_AdaBN-F
Lee2019_MI,EEGNetv4,4,42,,,15,200,FM-Full_A-None_AdaBN-F
Lee2019_MI,EEGNetv4,4,44,,,15,200,FM-Full_A-None_AdaBN-F
Lee2019_MI,EEGNetv4,4,47,,,15,200,FM-Full_A-None_AdaBN-F
Lee2019_MI,EEGNetv4,5,8,,,15,200,FM-Full_A-None_AdaBN-F
Lee2019_MI,EEGNetv4,5,15,,,15,200,FM-Full_A-None_AdaBN-F
Lee2019_MI,EEGNetv4,5,19,,,15,200,FM-Full_A-None_AdaBN-F
Lee2019_MI,EEGNetv4,5,21,,,15,200,FM-Full_A-None_AdaBN-F
Lee2019_MI,EEGNetv4,5,23,,,15,200,FM-Full_A-None_AdaBN-F
Lee2019_MI,EEGNetv4,5,29,,,15,200,FM-Full_A-None_AdaBN-F
Lee2019_MI,EEGNetv4,5,39,,,15,200,FM-Full_A-None_AdaBN-F
Lee2019_MI,EEGNetv4,5,43,,,15,200,FM-Full_A-None_AdaBN-F
Lee2019_MI,EEGNetv4,5,52,,,15,200,FM-Full_A-None_AdaBN-F
Lee2019_MI,EEGNetv4,5,54,,,15,200,FM-Full_A-None_AdaBN-F
Lee2019_MI,EEGNetv4,1,4,0.65,0.705,15,200,FM-Full_A-None_AdaBN-F
Lee2019_MI,EEGNetv4,1,6,0.81,0.84,15,200,FM-Full_A-None_AdaBN-F
Lee2019_MI,EEGNetv4,1,13,0.66,0.655,15,200,FM-Full_A-None_AdaBN-F
Lee2019_MI,EEGNetv4,1,14,0.68,0.585,15,200,FM-Full_A-None_AdaBN-F
Lee2019_MI,EEGNetv4,1,18,0.705,0.795,15,200,FM-Full_A-None_AdaBN-F
Lee2019_MI,EEGNetv4,1,20,0.81,0.75,15,200,FM-Full_A-None_AdaBN-F
Lee2019_MI,EEGNetv4,1,33,0.84,0.87,15,200,FM-Full_A-None_AdaBN-F
Lee2019_MI,EEGNetv4,1,45,0.74,0.815,15,200,FM-Full_A-None_AdaBN-F
Lee2019_MI,EEGNetv4,1,49,0.715,0.805,15,200,FM-Full_A-None_AdaBN-F
Lee2019_MI,EEGNetv4,1,50,0.585,0.575,15,200,FM-Full_A-None_AdaBN-F
Lee2019_MI,EEGNetv4,1,53,0.74,0.735,15,200,FM-Full_A-None_AdaBN-F
Lee2019_MI,EEGNetv4,2,5,0.645,0.76,15,200,FM-Full_A-None_AdaBN-F
Lee2019_MI,EEGNetv4,2,7,0.67,0.71,15,200,FM-Full_A-None_AdaBN-F
Lee2019_MI,EEGNetv4,2,9,0.68,0.745,15,200,FM-Full_A-None_AdaBN-F
Lee2019_MI,EEGNetv4,2,16,0.69,0.785,15,200,FM-Full_A-None_AdaBN-F
Lee2019_MI,EEGNetv4,2,25,0.8,0.815,15,200,FM-Full_A-None_AdaBN-F
Lee2019_MI,EEGNetv4,2,27,0.835,0.89,15,200,FM-Full_A-None_AdaBN-F
Lee2019_MI,EEGNetv4,2,34,0.61,0.625,15,200,FM-Full_A-None_AdaBN-F
Lee2019_MI,EEGNetv4,2,35,0.695,0.93,15,200,FM-Full_A-None_AdaBN-F
Lee2019_MI,EEGNetv4,2,38,0.645,0.74,15,200,FM-Full_A-None_AdaBN-F
Lee2019_MI,EEGNetv4,2,46,0.58,0.6,15,200,FM-Full_A-None_AdaBN-F
Lee2019_MI,EEGNetv4,2,51,0.67,0.7,15,200,FM-Full_A-None_AdaBN-F
Lee2019_MI,EEGNetv4,3,1,0.56,0.55,15,200,FM-Full_A-None_AdaBN-F
Lee2019_MI,EEGNetv4,3,10,0.605,0.57,15,200,FM-Full_A-None_AdaBN-F
Lee2019_MI,EEGNetv4,3,12,0.74,0.72,15,200,FM-Full_A-None_AdaBN-F
Lee2019_MI,EEGNetv4,3,17,0.615,0.6,15,200,FM-Full_A-None_AdaBN-F
Lee2019_MI,EEGNetv4,3,26,0.79,0.79,15,200,FM-Full_A-None_AdaBN-F
Lee2019_MI,EEGNetv4,3,28,0.83,0.81,15,200,FM-Full_A-None_AdaBN-F
Lee2019_MI,EEGNetv4,3,31,0.775,0.79,15,200,FM-Full_A-None_AdaBN-F
Lee2019_MI,EEGNetv4,3,32,0.7,0.775,15,200,FM-Full_A-None_AdaBN-F
Lee2019_MI,EEGNetv4,3,37,0.705,0.765,15,200,FM-Full_A-None_AdaBN-F
Lee2019_MI,EEGNetv4,3,41,0.76,0.735,15,200,FM-Full_A-None_AdaBN-F
Lee2019_MI,EEGNetv4,3,48,0.62,0.6,15,200,FM-Full_A-None_AdaBN-F
Lee2019_MI,EEGNetv4,4,2,0.7,0.73,15,200,FM-Full_A-None_AdaBN-F
Lee2019_MI,EEGNetv4,4,3,0.82,0.835,15,200,FM-Full_A-None_AdaBN-F
Lee2019_MI,EEGNetv4,4,11,0.63,0.63,15,200,FM-Full_A-None_AdaBN-F
Lee2019_MI,EEGNetv4,4,22,0.64,0.625,15,200,FM-Full_A-None_AdaBN-F
Lee2019_MI,EEGNetv4,4,24,0.67,0.75,15,200,FM-Full_A-None_AdaBN-F
Lee2019_MI,EEGNetv4,4,30,0.7,0.745,15,200,FM-Full_A-None_AdaBN-F
Lee2019_MI,EEGNetv4,4,36,0.875,0.965,15,200,FM-Full_A-None_AdaBN-F
Lee2019_MI,EEGNetv4,4,40,0.7,0.775,15,200,FM-Full_A-None_AdaBN-F
Lee2019_MI,EEGNetv4,4,42,0.68,0.64,15,200,FM-Full_A-None_AdaBN-F
Lee2019_MI,EEGNetv4,4,44,0.725,0.79,15,200,FM-Full_A-None_AdaBN-F
Lee2019_MI,EEGNetv4,4,47,0.765,0.785,15,200,FM-Full_A-None_AdaBN-F
Lee2019_MI,EEGNetv4,5,8,0.7,0.72,15,200,FM-Full_A-None_AdaBN-F
Lee2019_MI,EEGNetv4,5,15,0.74,0.795,15,200,FM-Full_A-None_AdaBN-F
Lee2019_MI,EEGNetv4,5,19,0.75,0.73,15,200,FM-Full_A-None_AdaBN-F
Lee2019_MI,EEGNetv4,5,21,0.855,0.855,15,200,FM-Full_A-None_AdaBN-F
Lee2019_MI,EEGNetv4,5,23,0.64,0.625,15,200,FM-Full_A-None_AdaBN-F
Lee2019_MI,EEGNetv4,5,29,0.69,0.75,15,200,FM-Full_A-None_AdaBN-F
Lee2019_MI,EEGNetv4,5,39,0.7,0.675,15,200,FM-Full_A-None_AdaBN-F
Lee2019_MI,EEGNetv4,5,43,0.81,0.84,15,200,FM-Full_A-None_AdaBN-F
Lee2019_MI,EEGNetv4,5,52,0.755,0.8,15,200,FM-Full_A-None_AdaBN-F
Lee2019_MI,EEGNetv4,5,54,0.695,0.715,15,200,FM-Full_A-None_AdaBN-F
Yang2025,DeepConvNet,1,4,0.58,0.57,30,300,FM-Full_A-None_AdaBN-F
Yang2025,DeepConvNet,1,13,0.785,0.8316666666666667,30,300,FM-Full_A-None_AdaBN-F
Yang2025,DeepConvNet,1,14,0.5566666666666666,0.5783333333333334,30,300,FM-Full_A-None_AdaBN-F
Yang2025,DeepConvNet,1,18,0.705,0.6866666666666666,30,300,FM-Full_A-None_AdaBN-F
Yang2025,DeepConvNet,1,25,0.9416666666666668,0.9683333333333334,30,300,FM-Full_A-None_AdaBN-F
Yang2025,DeepConvNet,1,31,0.7266666666666667,0.82,30,300,FM-Full_A-None_AdaBN-F
Yang2025,DeepConvNet,1,32,0.5876460767946577,0.6327212020033389,30,300,FM-Full_A-None_AdaBN-F
Yang2025,DeepConvNet,1,33,0.9466666666666668,0.9633333333333334,30,300,FM-Full_A-None_AdaBN-F
Yang2025,DeepConvNet,1,41,0.865,0.9033333333333332,30,300,FM-Full_A-None_AdaBN-F
Yang2025,DeepConvNet,1,44,0.7383333333333333,0.73,30,300,FM-Full_A-None_AdaBN-F
Yang2025,DeepConvNet,1,47,0.8966666666666666,0.94,30,300,FM-Full_A-None_AdaBN-F
Yang2025,DeepConvNet,2,5,0.8933333333333333,0.9083333333333332,30,300,FM-Full_A-None_AdaBN-F
Yang2025,DeepConvNet,2,7,0.8266666666666667,0.8466666666666667,30,300,FM-Full_A-None_AdaBN-F
Yang2025,DeepConvNet,2,9,0.7516666666666667,0.7316666666666667,30,300,FM-Full_A-None_AdaBN-F
Yang2025,DeepConvNet,2,16,0.6416666666666667,0.6683333333333333,30,300,FM-Full_A-None_AdaBN-F
Yang2025,DeepConvNet,2,20,0.8183333333333334,0.9466666666666668,30,300,FM-Full_A-None_AdaBN-F
Yang2025,DeepConvNet,2,34,0.505,0.8266666666666667,30,300,FM-Full_A-None_AdaBN-F
Yang2025,DeepConvNet,2,37,0.9066666666666666,0.9433333333333334,30,300,FM-Full_A-None_AdaBN-F
Yang2025,DeepConvNet,2,48,0.89,0.9166666666666666,30,300,FM-Full_A-None_AdaBN-F
Yang2025,DeepConvNet,2,49,0.97,0.9833333333333332,30,300,FM-Full_A-None_AdaBN-F
Yang2025,DeepConvNet,2,50,0.975,0.9733333333333334,30,300,FM-Full_A-None_AdaBN-F
Yang2025,DeepConvNet,3,1,0.9366666666666666,0.9733333333333334,30,300,FM-Full_A-None_AdaBN-F
Yang2025,DeepConvNet,3,10,0.86,0.89,30,300,FM-Full_A-None_AdaBN-F
Yang2025,DeepConvNet,3,12,0.645,0.595,30,300,FM-Full_A-None_AdaBN-F
Yang2025,DeepConvNet,3,17,0.8083333333333333,0.8416666666666667,30,300,FM-Full_A-None_AdaBN-F
Yang2025,DeepConvNet,3,26,0.8397328881469115,0.9398998330550918,30,300,FM-Full_A-None_AdaBN-F
Yang2025,DeepConvNet,3,27,0.6683333333333333,0.7383333333333333,30,300,FM-Full_A-None_AdaBN-F
Yang2025,DeepConvNet,3,28,0.77,0.9083333333333332,30,300,FM-Full_A-None_AdaBN-F
Yang2025,DeepConvNet,3,35,0.9666666666666668,0.98,30,300,FM-Full_A-None_AdaBN-F
Yang2025,DeepConvNet,3,45,0.8983333333333333,0.9133333333333332,30,300,FM-Full_A-None_AdaBN-F
Yang2025,DeepConvNet,3,46,0.97,0.9933333333333332,30,300,FM-Full_A-None_AdaBN-F
Yang2025,DeepConvNet,4,2,0.725,0.6766666666666666,30,300,FM-Full_A-None_AdaBN-F
Yang2025,DeepConvNet,4,3,0.9416666666666668,0.9666666666666668,30,300,FM-Full_A-None_AdaBN-F
Yang2025,DeepConvNet,4,6,0.9483333333333334,0.9816666666666668,30,300,FM-Full_A-None_AdaBN-F
Yang2025,DeepConvNet,4,22,0.8066666666666666,0.88,30,300,FM-Full_A-None_AdaBN-F
Yang2025,DeepConvNet,4,24,0.9377104377104376,0.9831649831649832,30,300,FM-Full_A-None_AdaBN-F
Yang2025,DeepConvNet,4,30,0.9483333333333334,0.9616666666666668,30,300,FM-Full_A-None_AdaBN-F
Yang2025,DeepConvNet,4,36,0.9333333333333332,0.9483333333333334,30,300,FM-Full_A-None_AdaBN-F
Yang2025,DeepConvNet,4,38,0.6383333333333333,0.705,30,300,FM-Full_A-None_AdaBN-F
Yang2025,DeepConvNet,4,40,0.8766666666666667,0.8866666666666667,30,300,FM-Full_A-None_AdaBN-F
Yang2025,DeepConvNet,4,42,0.8166666666666667,0.8483333333333334,30,300,FM-Full_A-None_AdaBN-F
Yang2025,DeepConvNet,5,8,0.9433333333333334,0.9433333333333334,30,300,FM-Full_A-None_AdaBN-F
Yang2025,DeepConvNet,5,11,0.8833333333333333,0.945,30,300,FM-Full_A-None_AdaBN-F
Yang2025,DeepConvNet,5,15,0.7566666666666667,0.845,30,300,FM-Full_A-None_AdaBN-F
Yang2025,DeepConvNet,5,19,0.8466666666666667,0.8783333333333333,30,300,FM-Full_A-None_AdaBN-F
Yang2025,DeepConvNet,5,21,0.895,0.91,30,300,FM-Full_A-None_AdaBN-F
Yang2025,DeepConvNet,5,23,0.9365609348914858,0.973288814691152,30,300,FM-Full_A-None_AdaBN-F
Yang2025,DeepConvNet,5,29,0.7566666666666667,0.8616666666666667,30,300,FM-Full_A-None_AdaBN-F
Yang2025,DeepConvNet,5,39,0.7133333333333334,0.8083333333333333,30,300,FM-Full_A-None_AdaBN-F
Yang2025,DeepConvNet,5,43,1.0,1.0,30,300,FM-Full_A-None_AdaBN-F
Yang2025,DeepConvNet,5,51,0.9166666666666666,0.9383333333333334,30,300,FM-Full_A-None_AdaBN-F
BI2015a,ATCNet,1,5,,,25,200,FM-Full_A-None_AdaBN-F
BI2015a,ATCNet,1,9,,,25,200,FM-Full_A-None_AdaBN-F
BI2015a,ATCNet,1,13,,,25,200,FM-Full_A-None_AdaBN-F
BI2015a,ATCNet,1,25,,,25,200,FM-Full_A-None_AdaBN-F
BI2015a,ATCNet,1,26,,,25,200,FM-Full_A-None_AdaBN-F
BI2015a,ATCNet,1,35,,,25,200,FM-Full_A-None_AdaBN-F
BI2015a,ATCNet,1,37,,,25,200,FM-Full_A-None_AdaBN-F
BI2015a,ATCNet,1,38,,,25,200,FM-Full_A-None_AdaBN-F
BI2015a,ATCNet,1,40,,,25,200,FM-Full_A-None_AdaBN-F
BI2015a,ATCNet,2,4,,,25,200,FM-Full_A-None_AdaBN-F
BI2015a,ATCNet,2,7,,,25,200,FM-Full_A-None_AdaBN-F
BI2015a,ATCNet,2,14,,,25,200,FM-Full_A-None_AdaBN-F
BI2015a,ATCNet,2,16,,,25,200,FM-Full_A-None_AdaBN-F
BI2015a,ATCNet,2,18,,,25,200,FM-Full_A-None_AdaBN-F
BI2015a,ATCNet,2,20,,,25,200,FM-Full_A-None_AdaBN-F
BI2015a,ATCNet,2,28,,,25,200,FM-Full_A-None_AdaBN-F
BI2015a,ATCNet,2,32,,,25,200,FM-Full_A-None_AdaBN-F
BI2015a,ATCNet,2,41,,,25,200,FM-Full_A-None_AdaBN-F
BI2015a,ATCNet,3,1,,,25,200,FM-Full_A-None_AdaBN-F
BI2015a,ATCNet,3,6,,,25,200,FM-Full_A-None_AdaBN-F
BI2015a,ATCNet,3,10,,,25,200,FM-Full_A-None_AdaBN-F
BI2015a,ATCNet,3,12,,,25,200,FM-Full_A-None_AdaBN-F
BI2015a,ATCNet,3,17,,,25,200,FM-Full_A-None_AdaBN-F
BI2015a,ATCNet,3,27,,,25,200,FM-Full_A-None_AdaBN-F
BI2015a,ATCNet,3,30,,,25,200,FM-Full_A-None_AdaBN-F
BI2015a,ATCNet,3,31,,,25,200,FM-Full_A-None_AdaBN-F
BI2015a,ATCNet,3,42,,,25,200,FM-Full_A-None_AdaBN-F
BI2015a,ATCNet,4,2,,,25,200,FM-Full_A-None_AdaBN-F
BI2015a,ATCNet,4,3,,,25,200,FM-Full_A-None_AdaBN-F
BI2015a,ATCNet,4,22,,,25,200,FM-Full_A-None_AdaBN-F
BI2015a,ATCNet,4,24,,,25,200,FM-Full_A-None_AdaBN-F
BI2015a,ATCNet,4,33,,,25,200,FM-Full_A-None_AdaBN-F
BI2015a,ATCNet,4,34,,,25,200,FM-Full_A-None_AdaBN-F
BI2015a,ATCNet,4,36,,,25,200,FM-Full_A-None_AdaBN-F
BI2015a,ATCNet,4,43,,,25,200,FM-Full_A-None_AdaBN-F
BI2015a,ATCNet,5,8,,,25,200,FM-Full_A-None_AdaBN-F
BI2015a,ATCNet,5,11,,,25,200,FM-Full_A-None_AdaBN-F
BI2015a,ATCNet,5,15,,,25,200,FM-Full_A-None_AdaBN-F
BI2015a,ATCNet,5,19,,,25,200,FM-Full_A-None_AdaBN-F
BI2015a,ATCNet,5,21,,,25,200,FM-Full_A-None_AdaBN-F
BI2015a,ATCNet,5,23,,,25,200,FM-Full_A-None_AdaBN-F
BI2015a,ATCNet,5,29,,,25,200,FM-Full_A-None_AdaBN-F
BI2015a,ATCNet,5,39,,,25,200,FM-Full_A-None_AdaBN-F
BI2015a,ATCNet,1,5,0.8745791245791246,0.9116161616161615,25,200,FM-Full_A-None_AdaBN-F
BI2015a,ATCNet,1,9,0.8288288288288288,0.8933933933933934,25,200,FM-Full_A-None_AdaBN-F
BI2015a,ATCNet,1,13,0.8698830409356725,0.9385964912280702,25,200,FM-Full_A-None_AdaBN-F
BI2015a,ATCNet,1,25,0.8208812260536399,0.8596743295019157,25,200,FM-Full_A-None_AdaBN-F
BI2015a,ATCNet,1,26,0.8799283154121864,0.9363799283154122,25,200,FM-Full_A-None_AdaBN-F
BI2015a,ATCNet,1,35,0.8325281803542673,0.8180354267310789,25,200,FM-Full_A-None_AdaBN-F
BI2015a,ATCNet,1,37,0.776984126984127,0.8452380952380952,25,200,FM-Full_A-None_AdaBN-F
BI2015a,ATCNet,1,38,0.8656156156156156,0.9039039039039038,25,200,FM-Full_A-None_AdaBN-F
BI2015a,ATCNet,1,40,0.8554526748971193,0.9002057613168725,25,200,FM-Full_A-None_AdaBN-F
BI2015a,ATCNet,2,4,0.8902777777777777,0.9180555555555556,25,200,FM-Full_A-None_AdaBN-F
BI2015a,ATCNet,2,7,0.8333333333333334,0.8995098039215687,25,200,FM-Full_A-None_AdaBN-F
BI2015a,ATCNet,2,14,0.7613960113960114,0.8589743589743589,25,200,FM-Full_A-None_AdaBN-F
BI2015a,ATCNet,2,16,0.9,0.9174603174603174,25,200,FM-Full_A-None_AdaBN-F
BI2015a,ATCNet,2,18,0.8407407407407408,0.8716049382716049,25,200,FM-Full_A-None_AdaBN-F
BI2015a,ATCNet,2,20,0.8629629629629629,0.9123456790123456,25,200,FM-Full_A-None_AdaBN-F
BI2015a,ATCNet,2,28,0.8488888888888889,0.8605555555555555,25,200,FM-Full_A-None_AdaBN-F
BI2015a,ATCNet,2,32,0.8817204301075269,0.8987455197132617,25,200,FM-Full_A-None_AdaBN-F
BI2015a,ATCNet,2,41,0.8012345679012346,0.891358024691358,25,200,FM-Full_A-None_AdaBN-F
BI2015a,ATCNet,3,1,0.8264729620661824,0.8305084745762712,25,200,FM-Full_A-None_AdaBN-F
BI2015a,ATCNet,3,6,0.8131313131313131,0.8914141414141414,25,200,FM-Full_A-None_AdaBN-F
BI2015a,ATCNet,3,10,0.8709677419354839,0.9184587813620072,25,200,FM-Full_A-None_AdaBN-F
BI2015a,ATCNet,3,12,0.8207885304659498,0.8472222222222222,25,200,FM-Full_A-None_AdaBN-F
BI2015a,ATCNet,3,17,0.8438271604938271,0.8728395061728395,25,200,FM-Full_A-None_AdaBN-F
BI2015a,ATCNet,3,27,0.810478199718706,0.840365682137834,25,200,FM-Full_A-None_AdaBN-F
BI2015a,ATCNet,3,30,0.8930041152263375,0.8919753086419753,25,200,FM-Full_A-None_AdaBN-F
BI2015a,ATCNet,3,31,0.7955555555555556,0.8396296296296296,25,200,FM-Full_A-None_AdaBN-F
BI2015a,ATCNet,3,42,0.847953216374269,0.8386939571150097,25,200,FM-Full_A-None_AdaBN-F
BI2015a,ATCNet,4,2,0.8670634920634921,0.9146825396825397,25,200,FM-Full_A-None_AdaBN-F
BI2015a,ATCNet,4,3,0.8362068965517241,0.935823754789272,25,200,FM-Full_A-None_AdaBN-F
BI2015a,ATCNet,4,22,0.8566919191919192,0.898989898989899,25,200,FM-Full_A-None_AdaBN-F
BI2015a,ATCNet,4,24,0.8873456790123457,0.9290123456790124,25,200,FM-Full_A-None_AdaBN-F
BI2015a,ATCNet,4,33,0.8875661375661376,0.9047619047619048,25,200,FM-Full_A-None_AdaBN-F
BI2015a,ATCNet,4,34,0.8634920634920635,0.903968253968254,25,200,FM-Full_A-None_AdaBN-F
BI2015a,ATCNet,4,36,0.8333333333333334,0.9131944444444444,25,200,FM-Full_A-None_AdaBN-F
BI2015a,ATCNet,4,43,0.9262452107279694,0.9377394636015326,25,200,FM-Full_A-None_AdaBN-F
BI2015a,ATCNet,5,8,0.8505291005291006,0.8928571428571429,25,200,FM-Full_A-None_AdaBN-F
BI2015a,ATCNet,5,11,0.7972222222222223,0.8798611111111111,25,200,FM-Full_A-None_AdaBN-F
BI2015a,ATCNet,5,15,0.8492063492063492,0.9047619047619048,25,200,FM-Full_A-None_AdaBN-F
BI2015a,ATCNet,5,19,0.8688888888888889,0.8816666666666667,25,200,FM-Full_A-None_AdaBN-F
BI2015a,ATCNet,5,21,0.8873015873015873,0.919047619047619,25,200,FM-Full_A-None_AdaBN-F
BI2015a,ATCNet,5,23,0.8640350877192983,0.8771929824561403,25,200,FM-Full_A-None_AdaBN-F
BI2015a,ATCNet,5,29,0.835511982570806,0.8545751633986928,25,200,FM-Full_A-None_AdaBN-F
BI2015a,ATCNet,5,39,0.8327664399092971,0.8798185941043084,25,200,FM-Full_A-None_AdaBN-F
MAMEM2,EEGNetv4,1,2,,,8,75,FM-Full_A-None_AdaBN-F
MAMEM2,EEGNetv4,1,9,,,8,75,FM-Full_A-None_AdaBN-F
MAMEM2,EEGNetv4,2,1,,,8,75,FM-Full_A-None_AdaBN-F
MAMEM2,EEGNetv4,2,6,,,8,75,FM-Full_A-None_AdaBN-F
MAMEM2,EEGNetv4,3,3,,,8,75,FM-Full_A-None_AdaBN-F
MAMEM2,EEGNetv4,3,8,,,8,75,FM-Full_A-None_AdaBN-F
MAMEM2,EEGNetv4,4,5,,,8,75,FM-Full_A-None_AdaBN-F
MAMEM2,EEGNetv4,4,10,,,8,75,FM-Full_A-None_AdaBN-F
MAMEM2,EEGNetv4,5,4,,,8,75,FM-Full_A-None_AdaBN-F
MAMEM2,EEGNetv4,5,7,,,8,75,FM-Full_A-None_AdaBN-F
MAMEM2,EEGNetv4,1,2,0.232,0.192,8,75,FM-Full_A-None_AdaBN-F
MAMEM2,EEGNetv4,1,9,0.224,0.2,8,75,FM-Full_A-None_AdaBN-F
MAMEM2,EEGNetv4,2,1,0.264,0.2,8,75,FM-Full_A-None_AdaBN-F
MAMEM2,EEGNetv4,2,6,0.208,0.216,8,75,FM-Full_A-None_AdaBN-F
MAMEM2,EEGNetv4,3,3,0.208,0.168,8,75,FM-Full_A-None_AdaBN-F
MAMEM2,EEGNetv4,3,8,0.2,0.264,8,75,FM-Full_A-None_AdaBN-F
MAMEM2,EEGNetv4,4,5,0.216,0.176,8,75,FM-Full_A-None_AdaBN-F
MAMEM2,EEGNetv4,4,10,0.224,0.24,8,75,FM-Full_A-None_AdaBN-F
MAMEM2,EEGNetv4,5,4,0.168,0.144,8,75,FM-Full_A-None_AdaBN-F
MAMEM2,EEGNetv4,5,7,0.224,0.224,8,75,FM-Full_A-None_AdaBN-F
Lee2019_SSVEP,ShallowConvNet,1,4,0.995,0.995,20,200,FM-Full_A-None_AdaBN-F
Lee2019_SSVEP,ShallowConvNet,1,6,0.94,0.99,20,200,FM-Full_A-None_AdaBN-F
Lee2019_SSVEP,ShallowConvNet,1,13,0.86,0.93,20,200,FM-Full_A-None_AdaBN-F
Lee2019_SSVEP,ShallowConvNet,1,14,0.915,0.91,20,200,FM-Full_A-None_AdaBN-F
Lee2019_SSVEP,ShallowConvNet,1,18,0.985,0.99,20,200,FM-Full_A-None_AdaBN-F
Lee2019_SSVEP,ShallowConvNet,1,20,0.91,0.895,20,200,FM-Full_A-None_AdaBN-F
Lee2019_SSVEP,ShallowConvNet,1,33,0.96,0.98,20,200,FM-Full_A-None_AdaBN-F
Lee2019_SSVEP,ShallowConvNet,1,45,0.895,0.925,20,200,FM-Full_A-None_AdaBN-F
Lee2019_SSVEP,ShallowConvNet,1,49,0.95,0.97,20,200,FM-Full_A-None_AdaBN-F
Lee2019_SSVEP,ShallowConvNet,1,50,0.905,0.95,20,200,FM-Full_A-None_AdaBN-F
Lee2019_SSVEP,ShallowConvNet,1,53,0.97,0.975,20,200,FM-Full_A-None_AdaBN-F
Lee2019_SSVEP,ShallowConvNet,2,5,0.725,0.73,20,200,FM-Full_A-None_AdaBN-F
Lee2019_SSVEP,ShallowConvNet,2,7,0.99,0.99,20,200,FM-Full_A-None_AdaBN-F
Lee2019_SSVEP,ShallowConvNet,2,9,0.89,0.885,20,200,FM-Full_A-None_AdaBN-F
Lee2019_SSVEP,ShallowConvNet,2,16,0.935,0.985,20,200,FM-Full_A-None_AdaBN-F
Lee2019_SSVEP,ShallowConvNet,2,25,0.88,0.905,20,200,FM-Full_A-None_AdaBN-F
Lee2019_SSVEP,ShallowConvNet,2,27,0.975,0.985,20,200,FM-Full_A-None_AdaBN-F
Lee2019_SSVEP,ShallowConvNet,2,34,0.635,0.745,20,200,FM-Full_A-None_AdaBN-F
Lee2019_SSVEP,ShallowConvNet,2,35,0.75,0.895,20,200,FM-Full_A-None_AdaBN-F
Lee2019_SSVEP,ShallowConvNet,2,38,0.835,0.96,20,200,FM-Full_A-None_AdaBN-F
Lee2019_SSVEP,ShallowConvNet,2,46,0.92,0.93,20,200,FM-Full_A-None_AdaBN-F
Lee2019_SSVEP,ShallowConvNet,2,51,0.675,0.78,20,200,FM-Full_A-None_AdaBN-F
Lee2019_SSVEP,ShallowConvNet,3,1,0.935,0.925,20,200,FM-Full_A-None_AdaBN-F
Lee2019_SSVEP,ShallowConvNet,3,10,0.78,0.925,20,200,FM-Full_A-None_AdaBN-F
Lee2019_SSVEP,ShallowConvNet,3,12,0.945,0.96,20,200,FM-Full_A-None_AdaBN-F
Lee2019_SSVEP,ShallowConvNet,3,17,0.725,0.945,20,200,FM-Full_A-None_AdaBN-F
Lee2019_SSVEP,ShallowConvNet,3,26,0.965,0.99,20,200,FM-Full_A-None_AdaBN-F
Lee2019_SSVEP,ShallowConvNet,3,28,0.93,0.945,20,200,FM-Full_A-None_AdaBN-F
Lee2019_SSVEP,ShallowConvNet,3,31,1.0,0.995,20,200,FM-Full_A-None_AdaBN-F
Lee2019_SSVEP,ShallowConvNet,3,32,0.28,0.705,20,200,FM-Full_A-None_AdaBN-F
Lee2019_SSVEP,ShallowConvNet,3,37,0.975,0.985,20,200,FM-Full_A-None_AdaBN-F
Lee2019_SSVEP,ShallowConvNet,3,41,0.93,0.98,20,200,FM-Full_A-None_AdaBN-F
Lee2019_SSVEP,ShallowConvNet,3,48,0.955,0.995,20,200,FM-Full_A-None_AdaBN-F
Lee2019_SSVEP,ShallowConvNet,4,2,0.985,0.98,20,200,FM-Full_A-None_AdaBN-F
Lee2019_SSVEP,ShallowConvNet,4,3,0.875,0.915,20,200,FM-Full_A-None_AdaBN-F
Lee2019_SSVEP,ShallowConvNet,4,11,1.0,0.995,20,200,FM-Full_A-None_AdaBN-F
Lee2019_SSVEP,ShallowConvNet,4,22,0.73,0.755,20,200,FM-Full_A-None_AdaBN-F
Lee2019_SSVEP,ShallowConvNet,4,24,0.7,0.825,20,200,FM-Full_A-None_AdaBN-F
Lee2019_SSVEP,ShallowConvNet,4,30,0.905,0.945,20,200,FM-Full_A-None_AdaBN-F
Lee2019_SSVEP,ShallowConvNet,4,36,0.99,1.0,20,200,FM-Full_A-None_AdaBN-F
Lee2019_SSVEP,ShallowConvNet,4,40,0.57,0.85,20,200,FM-Full_A-None_AdaBN-F
Lee2019_SSVEP,ShallowConvNet,4,42,0.8,0.78,20,200,FM-Full_A-None_AdaBN-F
Lee2019_SSVEP,ShallowConvNet,4,44,0.98,0.99,20,200,FM-Full_A-None_AdaBN-F
Lee2019_SSVEP,ShallowConvNet,4,47,0.595,0.57,20,200,FM-Full_A-None_AdaBN-F
Lee2019_SSVEP,ShallowConvNet,5,8,0.895,0.92,20,200,FM-Full_A-None_AdaBN-F
Lee2019_SSVEP,ShallowConvNet,5,15,0.79,0.935,20,200,FM-Full_A-None_AdaBN-F
Lee2019_SSVEP,ShallowConvNet,5,19,0.725,0.835,20,200,FM-Full_A-None_AdaBN-F
Lee2019_SSVEP,ShallowConvNet,5,21,0.9,0.96,20,200,FM-Full_A-None_AdaBN-F
Lee2019_SSVEP,ShallowConvNet,5,23,0.315,0.47,20,200,FM-Full_A-None_AdaBN-F
Lee2019_SSVEP,ShallowConvNet,5,29,0.83,0.925,20,200,FM-Full_A-None_AdaBN-F
Lee2019_SSVEP,ShallowConvNet,5,39,0.89,0.96,20,200,FM-Full_A-None_AdaBN-F
Lee2019_SSVEP,ShallowConvNet,5,43,0.99,0.995,20,200,FM-Full_A-None_AdaBN-F
Lee2019_SSVEP,ShallowConvNet,5,52,0.83,0.935,20,200,FM-Full_A-None_AdaBN-F
Lee2019_SSVEP,ShallowConvNet,5,54,0.505,0.68,20,200,FM-Full_A-None_AdaBN-F
Lee2019_SSVEP,ShallowConvNet,1,4,,,20,200,FM-Full_A-None_AdaBN-F
Lee2019_SSVEP,ShallowConvNet,1,6,,,20,200,FM-Full_A-None_AdaBN-F
Lee2019_SSVEP,ShallowConvNet,1,13,,,20,200,FM-Full_A-None_AdaBN-F
Lee2019_SSVEP,ShallowConvNet,1,14,,,20,200,FM-Full_A-None_AdaBN-F
Lee2019_SSVEP,ShallowConvNet,1,18,,,20,200,FM-Full_A-None_AdaBN-F
Lee2019_SSVEP,ShallowConvNet,1,20,,,20,200,FM-Full_A-None_AdaBN-F
Lee2019_SSVEP,ShallowConvNet,1,33,,,20,200,FM-Full_A-None_AdaBN-F
Lee2019_SSVEP,ShallowConvNet,1,45,,,20,200,FM-Full_A-None_AdaBN-F
Lee2019_SSVEP,ShallowConvNet,1,49,,,20,200,FM-Full_A-None_AdaBN-F
Lee2019_SSVEP,ShallowConvNet,1,50,,,20,200,FM-Full_A-None_AdaBN-F
Lee2019_SSVEP,ShallowConvNet,1,53,,,20,200,FM-Full_A-None_AdaBN-F
Lee2019_SSVEP,ShallowConvNet,2,5,,,20,200,FM-Full_A-None_AdaBN-F
Lee2019_SSVEP,ShallowConvNet,2,7,,,20,200,FM-Full_A-None_AdaBN-F
Lee2019_SSVEP,ShallowConvNet,2,9,,,20,200,FM-Full_A-None_AdaBN-F
Lee2019_SSVEP,ShallowConvNet,2,16,,,20,200,FM-Full_A-None_AdaBN-F
Lee2019_SSVEP,ShallowConvNet,2,25,,,20,200,FM-Full_A-None_AdaBN-F
Lee2019_SSVEP,ShallowConvNet,2,27,,,20,200,FM-Full_A-None_AdaBN-F
Lee2019_SSVEP,ShallowConvNet,2,34,,,20,200,FM-Full_A-None_AdaBN-F
Lee2019_SSVEP,ShallowConvNet,2,35,,,20,200,FM-Full_A-None_AdaBN-F
Lee2019_SSVEP,ShallowConvNet,2,38,,,20,200,FM-Full_A-None_AdaBN-F
Lee2019_SSVEP,ShallowConvNet,2,46,,,20,200,FM-Full_A-None_AdaBN-F
Lee2019_SSVEP,ShallowConvNet,2,51,,,20,200,FM-Full_A-None_AdaBN-F
Lee2019_SSVEP,ShallowConvNet,3,1,,,20,200,FM-Full_A-None_AdaBN-F
Lee2019_SSVEP,ShallowConvNet,3,10,,,20,200,FM-Full_A-None_AdaBN-F
Lee2019_SSVEP,ShallowConvNet,3,12,,,20,200,FM-Full_A-None_AdaBN-F
Lee2019_SSVEP,ShallowConvNet,3,17,,,20,200,FM-Full_A-None_AdaBN-F
Lee2019_SSVEP,ShallowConvNet,3,26,,,20,200,FM-Full_A-None_AdaBN-F
Lee2019_SSVEP,ShallowConvNet,3,28,,,20,200,FM-Full_A-None_AdaBN-F
Lee2019_SSVEP,ShallowConvNet,3,31,,,20,200,FM-Full_A-None_AdaBN-F
Lee2019_SSVEP,ShallowConvNet,3,32,,,20,200,FM-Full_A-None_AdaBN-F
Lee2019_SSVEP,ShallowConvNet,3,37,,,20,200,FM-Full_A-None_AdaBN-F
Lee2019_SSVEP,ShallowConvNet,3,41,,,20,200,FM-Full_A-None_AdaBN-F
Lee2019_SSVEP,ShallowConvNet,3,48,,,20,200,FM-Full_A-None_AdaBN-F
Lee2019_SSVEP,ShallowConvNet,4,2,,,20,200,FM-Full_A-None_AdaBN-F
Lee2019_SSVEP,ShallowConvNet,4,3,,,20,200,FM-Full_A-None_AdaBN-F
Lee2019_SSVEP,ShallowConvNet,4,11,,,20,200,FM-Full_A-None_AdaBN-F
Lee2019_SSVEP,ShallowConvNet,4,22,,,20,200,FM-Full_A-None_AdaBN-F
Lee2019_SSVEP,ShallowConvNet,4,24,,,20,200,FM-Full_A-None_AdaBN-F
Lee2019_SSVEP,ShallowConvNet,4,30,,,20,200,FM-Full_A-None_AdaBN-F
Lee2019_SSVEP,ShallowConvNet,4,36,,,20,200,FM-Full_A-None_AdaBN-F
Lee2019_SSVEP,ShallowConvNet,4,40,,,20,200,FM-Full_A-None_AdaBN-F
Lee2019_SSVEP,ShallowConvNet,4,42,,,20,200,FM-Full_A-None_AdaBN-F
Lee2019_SSVEP,ShallowConvNet,4,44,,,20,200,FM-Full_A-None_AdaBN-F
Lee2019_SSVEP,ShallowConvNet,4,47,,,20,200,FM-Full_A-None_AdaBN-F
Lee2019_SSVEP,ShallowConvNet,5,8,,,20,200,FM-Full_A-None_AdaBN-F
Lee2019_SSVEP,ShallowConvNet,5,15,,,20,200,FM-Full_A-None_AdaBN-F
Lee2019_SSVEP,ShallowConvNet,5,19,,,20,200,FM-Full_A-None_AdaBN-F
Lee2019_SSVEP,ShallowConvNet,5,21,,,20,200,FM-Full_A-None_AdaBN-F
Lee2019_SSVEP,ShallowConvNet,5,23,,,20,200,FM-Full_A-None_AdaBN-F
Lee2019_SSVEP,ShallowConvNet,5,29,,,20,200,FM-Full_A-None_AdaBN-F
Lee2019_SSVEP,ShallowConvNet,5,39,,,20,200,FM-Full_A-None_AdaBN-F
Lee2019_SSVEP,ShallowConvNet,5,43,,,20,200,FM-Full_A-None_AdaBN-F
Lee2019_SSVEP,ShallowConvNet,5,52,,,20,200,FM-Full_A-None_AdaBN-F
Lee2019_SSVEP,ShallowConvNet,5,54,,,20,200,FM-Full_A-None_AdaBN-F
BI2015a,EEGNetv4,1,5,0.8695286195286195,0.9225589225589226,20,750,FM-Full_A-None_AdaBN-F
BI2015a,EEGNetv4,1,9,0.8430930930930931,0.8941441441441441,20,750,FM-Full_A-None_AdaBN-F
BI2015a,EEGNetv4,1,13,0.8793859649122807,0.9415204678362572,20,750,FM-Full_A-None_AdaBN-F
BI2015a,EEGNetv4,1,25,0.8352490421455939,0.8769157088122606,20,750,FM-Full_A-None_AdaBN-F
BI2015a,EEGNetv4,1,26,0.8888888888888888,0.9453405017921148,20,750,FM-Full_A-None_AdaBN-F
BI2015a,EEGNetv4,1,35,0.8333333333333334,0.8297101449275363,20,750,FM-Full_A-None_AdaBN-F
BI2015a,EEGNetv4,1,37,0.8226190476190476,0.8611111111111112,20,750,FM-Full_A-None_AdaBN-F
BI2015a,EEGNetv4,1,38,0.8588588588588588,0.915915915915916,20,750,FM-Full_A-None_AdaBN-F
BI2015a,EEGNetv4,1,40,0.8389917695473251,0.9084362139917695,20,750,FM-Full_A-None_AdaBN-F
BI2015a,EEGNetv4,2,4,0.8513888888888889,0.9291666666666668,20,750,FM-Full_A-None_AdaBN-F
BI2015a,EEGNetv4,2,7,0.8341503267973857,0.9109477124183006,20,750,FM-Full_A-None_AdaBN-F
BI2015a,EEGNetv4,2,14,0.8276353276353277,0.8760683760683761,20,750,FM-Full_A-None_AdaBN-F
BI2015a,EEGNetv4,2,16,0.8484126984126984,0.9206349206349206,20,750,FM-Full_A-None_AdaBN-F
BI2015a,EEGNetv4,2,18,0.8364197530864198,0.8703703703703703,20,750,FM-Full_A-None_AdaBN-F
BI2015a,EEGNetv4,2,20,0.8432098765432099,0.90679012345679,20,750,FM-Full_A-None_AdaBN-F
BI2015a,EEGNetv4,2,28,0.8372222222222222,0.87,20,750,FM-Full_A-None_AdaBN-F
BI2015a,EEGNetv4,2,32,0.8557347670250897,0.913978494623656,20,750,FM-Full_A-None_AdaBN-F
BI2015a,EEGNetv4,2,41,0.8141975308641975,0.8845679012345679,20,750,FM-Full_A-None_AdaBN-F
BI2015a,EEGNetv4,3,1,0.8337368845843423,0.8426150121065376,20,750,FM-Full_A-None_AdaBN-F
BI2015a,EEGNetv4,3,6,0.8061868686868687,0.9053030303030304,20,750,FM-Full_A-None_AdaBN-F
BI2015a,EEGNetv4,3,10,0.8924731182795699,0.921146953405018,20,750,FM-Full_A-None_AdaBN-F
BI2015a,EEGNetv4,3,12,0.8279569892473119,0.8633512544802867,20,750,FM-Full_A-None_AdaBN-F
BI2015a,EEGNetv4,3,17,0.8691358024691358,0.8907407407407407,20,750,FM-Full_A-None_AdaBN-F
BI2015a,EEGNetv4,3,27,0.8255977496483825,0.8547819971870605,20,750,FM-Full_A-None_AdaBN-F
BI2015a,EEGNetv4,3,30,0.9279835390946504,0.8878600823045267,20,750,FM-Full_A-None_AdaBN-F
BI2015a,EEGNetv4,3,31,0.8103703703703704,0.8451851851851852,20,750,FM-Full_A-None_AdaBN-F
BI2015a,EEGNetv4,3,42,0.8528265107212476,0.844541910331384,20,750,FM-Full_A-None_AdaBN-F
BI2015a,EEGNetv4,4,2,0.8895502645502645,0.917989417989418,20,750,FM-Full_A-None_AdaBN-F
BI2015a,EEGNetv4,4,3,0.8362068965517241,0.9339080459770116,20,750,FM-Full_A-None_AdaBN-F
BI2015a,EEGNetv4,4,22,0.8825757575757576,0.8970959595959596,20,750,FM-Full_A-None_AdaBN-F
BI2015a,EEGNetv4,4,24,0.9112654320987654,0.9344135802469136,20,750,FM-Full_A-None_AdaBN-F
BI2015a,EEGNetv4,4,33,0.9027777777777778,0.914021164021164,20,750,FM-Full_A-None_AdaBN-F
BI2015a,EEGNetv4,4,34,0.8753968253968254,0.911904761904762,20,750,FM-Full_A-None_AdaBN-F
BI2015a,EEGNetv4,4,36,0.875,0.9180555555555556,20,750,FM-Full_A-None_AdaBN-F
BI2015a,EEGNetv4,4,43,0.9281609195402298,0.9482758620689656,20,750,FM-Full_A-None_AdaBN-F
BI2015a,EEGNetv4,5,8,0.8670634920634921,0.9074074074074074,20,750,FM-Full_A-None_AdaBN-F
BI2015a,EEGNetv4,5,11,0.8347222222222223,0.8798611111111111,20,750,FM-Full_A-None_AdaBN-F
BI2015a,EEGNetv4,5,15,0.8960317460317461,0.9174603174603174,20,750,FM-Full_A-None_AdaBN-F
BI2015a,EEGNetv4,5,19,0.8872222222222222,0.8816666666666667,20,750,FM-Full_A-None_AdaBN-F
BI2015a,EEGNetv4,5,21,0.9174603174603174,0.9325396825396826,20,750,FM-Full_A-None_AdaBN-F
BI2015a,EEGNetv4,5,23,0.8691520467836257,0.8845029239766082,20,750,FM-Full_A-None_AdaBN-F
BI2015a,EEGNetv4,5,29,0.8311546840958606,0.8671023965141612,20,750,FM-Full_A-None_AdaBN-F
BI2015a,EEGNetv4,5,39,0.8333333333333334,0.8922902494331065,20,750,FM-Full_A-None_AdaBN-F
BI2015a,EEGNetv4,1,5,,,20,750,FM-Full_A-None_AdaBN-F
BI2015a,EEGNetv4,1,9,,,20,750,FM-Full_A-None_AdaBN-F
BI2015a,EEGNetv4,1,13,,,20,750,FM-Full_A-None_AdaBN-F
BI2015a,EEGNetv4,1,25,,,20,750,FM-Full_A-None_AdaBN-F
BI2015a,EEGNetv4,1,26,,,20,750,FM-Full_A-None_AdaBN-F
BI2015a,EEGNetv4,1,35,,,20,750,FM-Full_A-None_AdaBN-F
BI2015a,EEGNetv4,1,37,,,20,750,FM-Full_A-None_AdaBN-F
BI2015a,EEGNetv4,1,38,,,20,750,FM-Full_A-None_AdaBN-F
BI2015a,EEGNetv4,1,40,,,20,750,FM-Full_A-None_AdaBN-F
BI2015a,EEGNetv4,2,4,,,20,750,FM-Full_A-None_AdaBN-F
BI2015a,EEGNetv4,2,7,,,20,750,FM-Full_A-None_AdaBN-F
BI2015a,EEGNetv4,2,14,,,20,750,FM-Full_A-None_AdaBN-F
BI2015a,EEGNetv4,2,16,,,20,750,FM-Full_A-None_AdaBN-F
BI2015a,EEGNetv4,2,18,,,20,750,FM-Full_A-None_AdaBN-F
BI2015a,EEGNetv4,2,20,,,20,750,FM-Full_A-None_AdaBN-F
BI2015a,EEGNetv4,2,28,,,20,750,FM-Full_A-None_AdaBN-F
BI2015a,EEGNetv4,2,32,,,20,750,FM-Full_A-None_AdaBN-F
BI2015a,EEGNetv4,2,41,,,20,750,FM-Full_A-None_AdaBN-F
BI2015a,EEGNetv4,3,1,,,20,750,FM-Full_A-None_AdaBN-F
BI2015a,EEGNetv4,3,6,,,20,750,FM-Full_A-None_AdaBN-F
BI2015a,EEGNetv4,3,10,,,20,750,FM-Full_A-None_AdaBN-F
BI2015a,EEGNetv4,3,12,,,20,750,FM-Full_A-None_AdaBN-F
BI2015a,EEGNetv4,3,17,,,20,750,FM-Full_A-None_AdaBN-F
BI2015a,EEGNetv4,3,27,,,20,750,FM-Full_A-None_AdaBN-F
BI2015a,EEGNetv4,3,30,,,20,750,FM-Full_A-None_AdaBN-F
BI2015a,EEGNetv4,3,31,,,20,750,FM-Full_A-None_AdaBN-F
BI2015a,EEGNetv4,3,42,,,20,750,FM-Full_A-None_AdaBN-F
BI2015a,EEGNetv4,4,2,,,20,750,FM-Full_A-None_AdaBN-F
BI2015a,EEGNetv4,4,3,,,20,750,FM-Full_A-None_AdaBN-F
BI2015a,EEGNetv4,4,22,,,20,750,FM-Full_A-None_AdaBN-F
BI2015a,EEGNetv4,4,24,,,20,750,FM-Full_A-None_AdaBN-F
BI2015a,EEGNetv4,4,33,,,20,750,FM-Full_A-None_AdaBN-F
BI2015a,EEGNetv4,4,34,,,20,750,FM-Full_A-None_AdaBN-F
BI2015a,EEGNetv4,4,36,,,20,750,FM-Full_A-None_AdaBN-F
BI2015a,EEGNetv4,4,43,,,20,750,FM-Full_A-None_AdaBN-F
BI2015a,EEGNetv4,5,8,,,20,750,FM-Full_A-None_AdaBN-F
BI2015a,EEGNetv4,5,11,,,20,750,FM-Full_A-None_AdaBN-F
BI2015a,EEGNetv4,5,15,,,20,750,FM-Full_A-None_AdaBN-F
BI2015a,EEGNetv4,5,19,,,20,750,FM-Full_A-None_AdaBN-F
BI2015a,EEGNetv4,5,21,,,20,750,FM-Full_A-None_AdaBN-F
BI2015a,EEGNetv4,5,23,,,20,750,FM-Full_A-None_AdaBN-F
BI2015a,EEGNetv4,5,29,,,20,750,FM-Full_A-None_AdaBN-F
BI2015a,EEGNetv4,5,39,,,20,750,FM-Full_A-None_AdaBN-F
Huebner2017,ATCNet,1,1,0.925136186770428,0.9792996108949416,10,7500,FM-Full_A-None_AdaBN-F
Huebner2017,ATCNet,1,10,0.9586970074812968,0.9868298004987532,10,7500,FM-Full_A-None_AdaBN-F
Huebner2017,ATCNet,1,12,0.8802521008403361,0.9683317771553066,10,7500,FM-Full_A-None_AdaBN-F
Huebner2017,ATCNet,2,3,0.9014007782101168,0.9597665369649806,10,7500,FM-Full_A-None_AdaBN-F
Huebner2017,ATCNet,2,6,0.9295971978984238,0.9866900175131348,10,7500,FM-Full_A-None_AdaBN-F
Huebner2017,ATCNet,2,9,0.9240585122938064,0.9809368191721132,10,7500,FM-Full_A-None_AdaBN-F
Huebner2017,ATCNet,3,2,0.8962807345160286,0.9584500466853408,10,7500,FM-Full_A-None_AdaBN-F
Huebner2017,ATCNet,3,5,0.8299097416744475,0.9417211328976036,10,7500,FM-Full_A-None_AdaBN-F
Huebner2017,ATCNet,3,13,0.9058439031981949,0.979067776826706,10,7500,FM-Full_A-None_AdaBN-F
Huebner2017,ATCNet,4,8,0.7968093385214008,0.9175097276264592,10,7500,FM-Full_A-None_AdaBN-F
Huebner2017,ATCNet,4,11,0.7818507276830882,0.8814693750486419,10,7500,FM-Full_A-None_AdaBN-F
Huebner2017,ATCNet,5,4,0.946692607003891,0.9863813229571984,10,7500,FM-Full_A-None_AdaBN-F
Huebner2017,ATCNet,5,7,0.972689075630252,0.993308434484905,10,7500,FM-Full_A-None_AdaBN-F
Huebner2017,EEGNetv4,1,1,,,10,3750,FM-Full_A-None_AdaBN-F
Huebner2017,EEGNetv4,1,10,,,10,3750,FM-Full_A-None_AdaBN-F
Huebner2017,EEGNetv4,1,12,,,10,3750,FM-Full_A-None_AdaBN-F
Huebner2017,EEGNetv4,2,3,,,10,3750,FM-Full_A-None_AdaBN-F
Huebner2017,EEGNetv4,2,6,,,10,3750,FM-Full_A-None_AdaBN-F
Huebner2017,EEGNetv4,2,9,,,10,3750,FM-Full_A-None_AdaBN-F
Huebner2017,EEGNetv4,3,2,,,10,3750,FM-Full_A-None_AdaBN-F
Huebner2017,EEGNetv4,3,5,,,10,3750,FM-Full_A-None_AdaBN-F
Huebner2017,EEGNetv4,3,13,,,10,3750,FM-Full_A-None_AdaBN-F
Huebner2017,EEGNetv4,4,8,,,10,3750,FM-Full_A-None_AdaBN-F
Huebner2017,EEGNetv4,4,11,,,10,3750,FM-Full_A-None_AdaBN-F
Huebner2017,EEGNetv4,5,4,,,10,3750,FM-Full_A-None_AdaBN-F
Huebner2017,EEGNetv4,5,7,,,10,3750,FM-Full_A-None_AdaBN-F
Huebner2017,EEGNetv4,1,1,0.9603112840466926,0.973774319066148,10,3750,FM-Full_A-None_AdaBN-F
Huebner2017,EEGNetv4,1,10,0.9690617206982544,0.9840243142144638,10,3750,FM-Full_A-None_AdaBN-F
Huebner2017,EEGNetv4,1,12,0.8746498599439776,0.958761282290694,10,3750,FM-Full_A-None_AdaBN-F
Huebner2017,EEGNetv4,2,3,0.9126848249027236,0.953929961089494,10,3750,FM-Full_A-None_AdaBN-F
Huebner2017,EEGNetv4,2,6,0.8861646234676007,0.9844716870986572,10,3750,FM-Full_A-None_AdaBN-F
Huebner2017,EEGNetv4,2,9,0.933162153750389,0.9772019919078744,10,3750,FM-Full_A-None_AdaBN-F
Huebner2017,EEGNetv4,3,2,0.8619670090258326,0.9530812324929973,10,3750,FM-Full_A-None_AdaBN-F
Huebner2017,EEGNetv4,3,5,0.8539526921879863,0.9322284469343292,10,3750,FM-Full_A-None_AdaBN-F
Huebner2017,EEGNetv4,3,13,0.9411718932378804,0.9722978756517002,10,3750,FM-Full_A-None_AdaBN-F
Huebner2017,EEGNetv4,4,8,0.8493385214007783,0.910739299610895,10,3750,FM-Full_A-None_AdaBN-F
Huebner2017,EEGNetv4,4,11,0.808701066230835,0.8692505253327107,10,3750,FM-Full_A-None_AdaBN-F
Huebner2017,EEGNetv4,5,4,0.9380544747081712,0.9844357976653696,10,3750,FM-Full_A-None_AdaBN-F
Huebner2017,EEGNetv4,5,7,0.9736227824463118,0.9926859632741986,10,3750,FM-Full_A-None_AdaBN-F
Huebner2017,EEGNetv4,1,1,0.9603112840466926,0.9736964980544748,10,3750,FM-Full_A-None_AdaBN-F
Huebner2017,EEGNetv4,1,10,0.9689837905236908,0.9840243142144638,10,3750,FM-Full_A-None_AdaBN-F
Huebner2017,EEGNetv4,1,12,0.8745720510426392,0.9589169000933708,10,3750,FM-Full_A-None_AdaBN-F
Huebner2017,EEGNetv4,2,3,0.9127626459143968,0.9541634241245136,10,3750,FM-Full_A-None_AdaBN-F
Huebner2017,EEGNetv4,2,6,0.8861646234676007,0.9842381786339754,10,3750,FM-Full_A-None_AdaBN-F
Huebner2017,EEGNetv4,2,9,0.9330843448490508,0.9772019919078744,10,3750,FM-Full_A-None_AdaBN-F
Huebner2017,EEGNetv4,3,2,0.8618892001244942,0.9530812324929973,10,3750,FM-Full_A-None_AdaBN-F
Huebner2017,EEGNetv4,3,5,0.8540305010893247,0.9325396825396826,10,3750,FM-Full_A-None_AdaBN-F
Huebner2017,EEGNetv4,3,13,0.9411718932378804,0.9722200606956656,10,3750,FM-Full_A-None_AdaBN-F
Huebner2017,EEGNetv4,4,8,0.8492607003891051,0.9105836575875488,10,3750,FM-Full_A-None_AdaBN-F
Huebner2017,EEGNetv4,4,11,0.808701066230835,0.8697174877422368,10,3750,FM-Full_A-None_AdaBN-F
Huebner2017,EEGNetv4,5,4,0.9382101167315176,0.9844357976653696,10,3750,FM-Full_A-None_AdaBN-F
Huebner2017,EEGNetv4,5,7,0.9736227824463118,0.9926859632741986,10,3750,FM-Full_A-None_AdaBN-F
MAMEM2,ATCNet,1,2,,,6,100,FM-Full_A-None_AdaBN-F
MAMEM2,ATCNet,1,9,,,6,100,FM-Full_A-None_AdaBN-F
MAMEM2,ATCNet,2,1,,,6,100,FM-Full_A-None_AdaBN-F
MAMEM2,ATCNet,2,6,,,6,100,FM-Full_A-None_AdaBN-F
MAMEM2,ATCNet,3,3,,,6,100,FM-Full_A-None_AdaBN-F
MAMEM2,ATCNet,3,8,,,6,100,FM-Full_A-None_AdaBN-F
MAMEM2,ATCNet,4,5,,,6,100,FM-Full_A-None_AdaBN-F
MAMEM2,ATCNet,4,10,,,6,100,FM-Full_A-None_AdaBN-F
MAMEM2,ATCNet,5,4,,,6,100,FM-Full_A-None_AdaBN-F
MAMEM2,ATCNet,5,7,,,6,100,FM-Full_A-None_AdaBN-F
MAMEM2,ATCNet,1,2,0.232,0.272,6,100,FM-Full_A-None_AdaBN-F
MAMEM2,ATCNet,1,9,0.2,0.24,6,100,FM-Full_A-None_AdaBN-F
MAMEM2,ATCNet,2,1,0.232,0.224,6,100,FM-Full_A-None_AdaBN-F
MAMEM2,ATCNet,2,6,0.216,0.192,6,100,FM-Full_A-None_AdaBN-F
MAMEM2,ATCNet,3,3,0.192,0.184,6,100,FM-Full_A-None_AdaBN-F
MAMEM2,ATCNet,3,8,0.176,0.216,6,100,FM-Full_A-None_AdaBN-F
MAMEM2,ATCNet,4,5,0.16,0.184,6,100,FM-Full_A-None_AdaBN-F
MAMEM2,ATCNet,4,10,0.176,0.232,6,100,FM-Full_A-None_AdaBN-F
MAMEM2,ATCNet,5,4,0.16,0.216,6,100,FM-Full_A-None_AdaBN-F
MAMEM2,ATCNet,5,7,0.184,0.192,6,100,FM-Full_A-None_AdaBN-F
Huebner2017,ShallowConvNet,1,1,0.949260700389105,0.9732295719844358,10,7500,FM-Full_A-None_AdaBN-F
Huebner2017,ShallowConvNet,1,10,0.9661783042394017,0.9804395261845388,10,7500,FM-Full_A-None_AdaBN-F
Huebner2017,ShallowConvNet,1,12,0.8968253968253969,0.958994708994709,10,7500,FM-Full_A-None_AdaBN-F
Huebner2017,ShallowConvNet,2,3,0.915875486381323,0.9501945525291828,10,7500,FM-Full_A-None_AdaBN-F
Huebner2017,ShallowConvNet,2,6,0.9063631056625804,0.981903093987157,10,7500,FM-Full_A-None_AdaBN-F
Huebner2017,ShallowConvNet,2,9,0.944833488951136,0.9748677248677248,10,7500,FM-Full_A-None_AdaBN-F
Huebner2017,ShallowConvNet,3,2,0.8848428260192966,0.94880174291939,10,7500,FM-Full_A-None_AdaBN-F
Huebner2017,ShallowConvNet,3,5,0.8683473389355743,0.9305166511048863,10,7500,FM-Full_A-None_AdaBN-F
Huebner2017,ShallowConvNet,3,13,0.937436775348222,0.9705859466189402,10,7500,FM-Full_A-None_AdaBN-F
Huebner2017,ShallowConvNet,4,8,0.7931517509727627,0.904046692607004,10,7500,FM-Full_A-None_AdaBN-F
Huebner2017,ShallowConvNet,4,11,0.7846525021402444,0.858977352323138,10,7500,FM-Full_A-None_AdaBN-F
Huebner2017,ShallowConvNet,5,4,0.9498832684824904,0.9826459143968872,10,7500,FM-Full_A-None_AdaBN-F
Huebner2017,ShallowConvNet,5,7,0.9703548085901028,0.9919078742608154,10,7500,FM-Full_A-None_AdaBN-F
Huebner2017,ShallowConvNet,1,1,,,10,7500,FM-Full_A-None_AdaBN-F
Huebner2017,ShallowConvNet,1,10,,,10,7500,FM-Full_A-None_AdaBN-F
Huebner2017,ShallowConvNet,1,12,,,10,7500,FM-Full_A-None_AdaBN-F
Huebner2017,ShallowConvNet,2,3,,,10,7500,FM-Full_A-None_AdaBN-F
Huebner2017,ShallowConvNet,2,6,,,10,7500,FM-Full_A-None_AdaBN-F
Huebner2017,ShallowConvNet,2,9,,,10,7500,FM-Full_A-None_AdaBN-F
Huebner2017,ShallowConvNet,3,2,,,10,7500,FM-Full_A-None_AdaBN-F
Huebner2017,ShallowConvNet,3,5,,,10,7500,FM-Full_A-None_AdaBN-F
Huebner2017,ShallowConvNet,3,13,,,10,7500,FM-Full_A-None_AdaBN-F
Huebner2017,ShallowConvNet,4,8,,,10,7500,FM-Full_A-None_AdaBN-F
Huebner2017,ShallowConvNet,4,11,,,10,7500,FM-Full_A-None_AdaBN-F
Huebner2017,ShallowConvNet,5,4,,,10,7500,FM-Full_A-None_AdaBN-F
Huebner2017,ShallowConvNet,5,7,,,10,7500,FM-Full_A-None_AdaBN-F
BI2015a,ShallowConvNet,1,5,0.8998316498316499,0.915824915824916,15,1000,FM-Full_A-None_AdaBN-F
BI2015a,ShallowConvNet,1,9,0.8611111111111112,0.8941441441441441,15,1000,FM-Full_A-None_AdaBN-F
BI2015a,ShallowConvNet,1,13,0.8625730994152047,0.929093567251462,15,1000,FM-Full_A-None_AdaBN-F
BI2015a,ShallowConvNet,1,25,0.8295019157088123,0.8453065134099617,15,1000,FM-Full_A-None_AdaBN-F
BI2015a,ShallowConvNet,1,26,0.8933691756272402,0.922043010752688,15,1000,FM-Full_A-None_AdaBN-F
BI2015a,ShallowConvNet,1,35,0.8309178743961353,0.8188405797101449,15,1000,FM-Full_A-None_AdaBN-F
BI2015a,ShallowConvNet,1,37,0.8269841269841269,0.8305555555555556,15,1000,FM-Full_A-None_AdaBN-F
BI2015a,ShallowConvNet,1,38,0.8551051051051051,0.8926426426426426,15,1000,FM-Full_A-None_AdaBN-F
BI2015a,ShallowConvNet,1,40,0.8554526748971193,0.8832304526748971,15,1000,FM-Full_A-None_AdaBN-F
BI2015a,ShallowConvNet,2,4,0.8777777777777778,0.9131944444444444,15,1000,FM-Full_A-None_AdaBN-F
BI2015a,ShallowConvNet,2,7,0.7941176470588235,0.8799019607843137,15,1000,FM-Full_A-None_AdaBN-F
BI2015a,ShallowConvNet,2,14,0.8297720797720798,0.8504273504273504,15,1000,FM-Full_A-None_AdaBN-F
BI2015a,ShallowConvNet,2,16,0.8746031746031746,0.8849206349206349,15,1000,FM-Full_A-None_AdaBN-F
BI2015a,ShallowConvNet,2,18,0.8320987654320988,0.8555555555555555,15,1000,FM-Full_A-None_AdaBN-F
BI2015a,ShallowConvNet,2,20,0.8419753086419753,0.8802469135802469,15,1000,FM-Full_A-None_AdaBN-F
BI2015a,ShallowConvNet,2,28,0.8616666666666667,0.8583333333333333,15,1000,FM-Full_A-None_AdaBN-F
BI2015a,ShallowConvNet,2,32,0.8987455197132617,0.8933691756272402,15,1000,FM-Full_A-None_AdaBN-F
BI2015a,ShallowConvNet,2,41,0.7703703703703704,0.8679012345679012,15,1000,FM-Full_A-None_AdaBN-F
BI2015a,ShallowConvNet,3,1,0.8222356739305892,0.8323244552058111,15,1000,FM-Full_A-None_AdaBN-F
BI2015a,ShallowConvNet,3,6,0.8244949494949495,0.8737373737373737,15,1000,FM-Full_A-None_AdaBN-F
BI2015a,ShallowConvNet,3,10,0.8772401433691757,0.913978494623656,15,1000,FM-Full_A-None_AdaBN-F
BI2015a,ShallowConvNet,3,12,0.8351254480286738,0.8422939068100358,15,1000,FM-Full_A-None_AdaBN-F
BI2015a,ShallowConvNet,3,17,0.832716049382716,0.8722222222222222,15,1000,FM-Full_A-None_AdaBN-F
BI2015a,ShallowConvNet,3,27,0.8185654008438819,0.8273558368495078,15,1000,FM-Full_A-None_AdaBN-F
BI2015a,ShallowConvNet,3,30,0.8539094650205762,0.9207818930041152,15,1000,FM-Full_A-None_AdaBN-F
BI2015a,ShallowConvNet,3,31,0.7496296296296296,0.8314814814814815,15,1000,FM-Full_A-None_AdaBN-F
BI2015a,ShallowConvNet,3,42,0.830896686159844,0.8357699805068226,15,1000,FM-Full_A-None_AdaBN-F
BI2015a,ShallowConvNet,4,2,0.8425925925925926,0.9007936507936508,15,1000,FM-Full_A-None_AdaBN-F
BI2015a,ShallowConvNet,4,3,0.8199233716475096,0.9310344827586208,15,1000,FM-Full_A-None_AdaBN-F
BI2015a,ShallowConvNet,4,22,0.7967171717171717,0.8667929292929293,15,1000,FM-Full_A-None_AdaBN-F
BI2015a,ShallowConvNet,4,24,0.8834876543209876,0.8973765432098766,15,1000,FM-Full_A-None_AdaBN-F
BI2015a,ShallowConvNet,4,33,0.876984126984127,0.8849206349206349,15,1000,FM-Full_A-None_AdaBN-F
BI2015a,ShallowConvNet,4,34,0.8531746031746031,0.8706349206349207,15,1000,FM-Full_A-None_AdaBN-F
BI2015a,ShallowConvNet,4,36,0.8069444444444445,0.8923611111111112,15,1000,FM-Full_A-None_AdaBN-F
BI2015a,ShallowConvNet,4,43,0.8946360153256705,0.9243295019157088,15,1000,FM-Full_A-None_AdaBN-F
BI2015a,ShallowConvNet,5,8,0.8525132275132276,0.8743386243386243,15,1000,FM-Full_A-None_AdaBN-F
BI2015a,ShallowConvNet,5,11,0.6368055555555555,0.8416666666666667,15,1000,FM-Full_A-None_AdaBN-F
BI2015a,ShallowConvNet,5,15,0.8444444444444444,0.8841269841269841,15,1000,FM-Full_A-None_AdaBN-F
BI2015a,ShallowConvNet,5,19,0.8455555555555555,0.8666666666666667,15,1000,FM-Full_A-None_AdaBN-F
BI2015a,ShallowConvNet,5,21,0.8936507936507937,0.907936507936508,15,1000,FM-Full_A-None_AdaBN-F
BI2015a,ShallowConvNet,5,23,0.8194444444444444,0.8625730994152047,15,1000,FM-Full_A-None_AdaBN-F
BI2015a,ShallowConvNet,5,29,0.8289760348583878,0.8562091503267973,15,1000,FM-Full_A-None_AdaBN-F
BI2015a,ShallowConvNet,5,39,0.1666666666666666,0.8554421768707483,15,1000,FM-Full_A-None_AdaBN-F
Lee2019_SSVEP,ATCNet,1,4,0.99,0.995,40,100,FM-Full_A-None_AdaBN-F
Lee2019_SSVEP,ATCNet,1,6,1.0,1.0,40,100,FM-Full_A-None_AdaBN-F
Lee2019_SSVEP,ATCNet,1,13,0.98,1.0,40,100,FM-Full_A-None_AdaBN-F
Lee2019_SSVEP,ATCNet,1,14,0.815,0.95,40,100,FM-Full_A-None_AdaBN-F
Lee2019_SSVEP,ATCNet,1,18,0.975,0.98,40,100,FM-Full_A-None_AdaBN-F
Lee2019_SSVEP,ATCNet,1,20,0.97,0.97,40,100,FM-Full_A-None_AdaBN-F
Lee2019_SSVEP,ATCNet,1,33,0.985,1.0,40,100,FM-Full_A-None_AdaBN-F
Lee2019_SSVEP,ATCNet,1,45,0.9,0.95,40,100,FM-Full_A-None_AdaBN-F
Lee2019_SSVEP,ATCNet,1,49,0.98,0.99,40,100,FM-Full_A-None_AdaBN-F
Lee2019_SSVEP,ATCNet,1,50,1.0,0.99,40,100,FM-Full_A-None_AdaBN-F
Lee2019_SSVEP,ATCNet,1,53,1.0,0.995,40,100,FM-Full_A-None_AdaBN-F
Lee2019_SSVEP,ATCNet,2,5,0.815,0.835,40,100,FM-Full_A-None_AdaBN-F
Lee2019_SSVEP,ATCNet,2,7,1.0,1.0,40,100,FM-Full_A-None_AdaBN-F
Lee2019_SSVEP,ATCNet,2,9,0.925,0.975,40,100,FM-Full_A-None_AdaBN-F
Lee2019_SSVEP,ATCNet,2,16,0.995,0.995,40,100,FM-Full_A-None_AdaBN-F
Lee2019_SSVEP,ATCNet,2,25,0.95,0.965,40,100,FM-Full_A-None_AdaBN-F
Lee2019_SSVEP,ATCNet,2,27,0.99,0.99,40,100,FM-Full_A-None_AdaBN-F
Lee2019_SSVEP,ATCNet,2,34,0.775,0.84,40,100,FM-Full_A-None_AdaBN-F
Lee2019_SSVEP,ATCNet,2,35,0.965,0.985,40,100,FM-Full_A-None_AdaBN-F
Lee2019_SSVEP,ATCNet,2,38,0.975,0.98,40,100,FM-Full_A-None_AdaBN-F
Lee2019_SSVEP,ATCNet,2,46,0.975,0.99,40,100,FM-Full_A-None_AdaBN-F
Lee2019_SSVEP,ATCNet,2,51,0.715,0.795,40,100,FM-Full_A-None_AdaBN-F
Lee2019_SSVEP,ATCNet,3,1,0.94,0.95,40,100,FM-Full_A-None_AdaBN-F
Lee2019_SSVEP,ATCNet,3,10,1.0,1.0,40,100,FM-Full_A-None_AdaBN-F
Lee2019_SSVEP,ATCNet,3,12,0.96,0.965,40,100,FM-Full_A-None_AdaBN-F
Lee2019_SSVEP,ATCNet,3,17,0.81,0.925,40,100,FM-Full_A-None_AdaBN-F
Lee2019_SSVEP,ATCNet,3,26,0.985,1.0,40,100,FM-Full_A-None_AdaBN-F
Lee2019_SSVEP,ATCNet,3,28,0.955,0.945,40,100,FM-Full_A-None_AdaBN-F
Lee2019_SSVEP,ATCNet,3,31,1.0,1.0,40,100,FM-Full_A-None_AdaBN-F
Lee2019_SSVEP,ATCNet,3,32,0.88,0.96,40,100,FM-Full_A-None_AdaBN-F
Lee2019_SSVEP,ATCNet,3,37,,,40,100,FM-Full_A-None_AdaBN-F
Lee2019_SSVEP,ATCNet,3,41,0.97,0.98,40,100,FM-Full_A-None_AdaBN-F
Lee2019_SSVEP,ATCNet,3,48,1.0,0.995,40,100,FM-Full_A-None_AdaBN-F
Lee2019_SSVEP,ATCNet,4,2,0.985,0.99,40,100,FM-Full_A-None_AdaBN-F
Lee2019_SSVEP,ATCNet,4,3,0.92,0.925,40,100,FM-Full_A-None_AdaBN-F
Lee2019_SSVEP,ATCNet,4,11,1.0,1.0,40,100,FM-Full_A-None_AdaBN-F
Lee2019_SSVEP,ATCNet,4,22,0.825,0.885,40,100,FM-Full_A-None_AdaBN-F
Lee2019_SSVEP,ATCNet,4,24,0.9,0.975,40,100,FM-Full_A-None_AdaBN-F
Lee2019_SSVEP,ATCNet,4,30,0.995,1.0,40,100,FM-Full_A-None_AdaBN-F
Lee2019_SSVEP,ATCNet,4,36,1.0,1.0,40,100,FM-Full_A-None_AdaBN-F
Lee2019_SSVEP,ATCNet,4,40,0.91,0.925,40,100,FM-Full_A-None_AdaBN-F
Lee2019_SSVEP,ATCNet,4,42,0.81,0.815,40,100,FM-Full_A-None_AdaBN-F
Lee2019_SSVEP,ATCNet,4,44,0.98,0.98,40,100,FM-Full_A-None_AdaBN-F
Lee2019_SSVEP,ATCNet,4,47,0.595,0.61,40,100,FM-Full_A-None_AdaBN-F
Lee2019_SSVEP,ATCNet,5,8,0.93,0.96,40,100,FM-Full_A-None_AdaBN-F
Lee2019_SSVEP,ATCNet,5,15,0.9,0.995,40,100,FM-Full_A-None_AdaBN-F
Lee2019_SSVEP,ATCNet,5,19,0.995,0.985,40,100,FM-Full_A-None_AdaBN-F
Lee2019_SSVEP,ATCNet,5,21,0.975,0.98,40,100,FM-Full_A-None_AdaBN-F
Lee2019_SSVEP,ATCNet,5,23,0.285,0.55,40,100,FM-Full_A-None_AdaBN-F
Lee2019_SSVEP,ATCNet,5,29,0.945,0.955,40,100,FM-Full_A-None_AdaBN-F
Lee2019_SSVEP,ATCNet,5,39,1.0,1.0,40,100,FM-Full_A-None_AdaBN-F
Lee2019_SSVEP,ATCNet,5,43,1.0,1.0,40,100,FM-Full_A-None_AdaBN-F
Lee2019_SSVEP,ATCNet,5,52,0.99,1.0,40,100,FM-Full_A-None_AdaBN-F
Lee2019_SSVEP,ATCNet,5,54,0.75,0.845,40,100,FM-Full_A-None_AdaBN-F
Lee2019_SSVEP,DeepConvNet,1,4,1.0,1.0,40,100,FM-Full_A-None_AdaBN-F
Lee2019_SSVEP,DeepConvNet,1,6,1.0,1.0,40,100,FM-Full_A-None_AdaBN-F
Lee2019_SSVEP,DeepConvNet,1,13,0.935,0.99,40,100,FM-Full_A-None_AdaBN-F
Lee2019_SSVEP,DeepConvNet,1,14,0.86,0.975,40,100,FM-Full_A-None_AdaBN-F
Lee2019_SSVEP,DeepConvNet,1,18,0.995,0.995,40,100,FM-Full_A-None_AdaBN-F
Lee2019_SSVEP,DeepConvNet,1,20,0.99,0.99,40,100,FM-Full_A-None_AdaBN-F
Lee2019_SSVEP,DeepConvNet,1,33,1.0,0.995,40,100,FM-Full_A-None_AdaBN-F
Lee2019_SSVEP,DeepConvNet,1,45,0.94,0.98,40,100,FM-Full_A-None_AdaBN-F
Lee2019_SSVEP,DeepConvNet,1,49,1.0,1.0,40,100,FM-Full_A-None_AdaBN-F
Lee2019_SSVEP,DeepConvNet,1,50,1.0,1.0,40,100,FM-Full_A-None_AdaBN-F
Lee2019_SSVEP,DeepConvNet,1,53,1.0,1.0,40,100,FM-Full_A-None_AdaBN-F
Lee2019_SSVEP,DeepConvNet,2,5,0.83,0.855,40,100,FM-Full_A-None_AdaBN-F
Lee2019_SSVEP,DeepConvNet,2,7,1.0,0.995,40,100,FM-Full_A-None_AdaBN-F
Lee2019_SSVEP,DeepConvNet,2,9,0.99,0.985,40,100,FM-Full_A-None_AdaBN-F
Lee2019_SSVEP,DeepConvNet,2,16,1.0,1.0,40,100,FM-Full_A-None_AdaBN-F
Lee2019_SSVEP,DeepConvNet,2,25,0.975,0.99,40,100,FM-Full_A-None_AdaBN-F
Lee2019_SSVEP,DeepConvNet,2,27,0.995,1.0,40,100,FM-Full_A-None_AdaBN-F
Lee2019_SSVEP,DeepConvNet,2,34,0.775,0.865,40,100,FM-Full_A-None_AdaBN-F
Lee2019_SSVEP,DeepConvNet,2,35,0.985,0.995,40,100,FM-Full_A-None_AdaBN-F
Lee2019_SSVEP,DeepConvNet,2,38,0.985,0.99,40,100,FM-Full_A-None_AdaBN-F
Lee2019_SSVEP,DeepConvNet,2,46,0.95,1.0,40,100,FM-Full_A-None_AdaBN-F
Lee2019_SSVEP,DeepConvNet,2,51,0.81,0.845,40,100,FM-Full_A-None_AdaBN-F
Lee2019_SSVEP,DeepConvNet,3,1,0.91,0.96,40,100,FM-Full_A-None_AdaBN-F
Lee2019_SSVEP,DeepConvNet,3,10,1.0,1.0,40,100,FM-Full_A-None_AdaBN-F
Lee2019_SSVEP,DeepConvNet,3,12,0.98,0.995,40,100,FM-Full_A-None_AdaBN-F
Lee2019_SSVEP,DeepConvNet,3,17,0.94,0.99,40,100,FM-Full_A-None_AdaBN-F
Lee2019_SSVEP,DeepConvNet,3,26,1.0,0.995,40,100,FM-Full_A-None_AdaBN-F
Lee2019_SSVEP,DeepConvNet,3,28,0.955,0.97,40,100,FM-Full_A-None_AdaBN-F
Lee2019_SSVEP,DeepConvNet,3,31,1.0,1.0,40,100,FM-Full_A-None_AdaBN-F
Lee2019_SSVEP,DeepConvNet,3,32,0.865,0.97,40,100,FM-Full_A-None_AdaBN-F
Lee2019_SSVEP,DeepConvNet,3,37,0.995,0.985,40,100,FM-Full_A-None_AdaBN-F
Lee2019_SSVEP,DeepConvNet,3,41,0.975,0.995,40,100,FM-Full_A-None_AdaBN-F
Lee2019_SSVEP,DeepConvNet,3,48,0.99,0.995,40,100,FM-Full_A-None_AdaBN-F
Lee2019_SSVEP,DeepConvNet,4,2,0.995,0.995,40,100,FM-Full_A-None_AdaBN-F
Lee2019_SSVEP,DeepConvNet,4,3,0.945,0.955,40,100,FM-Full_A-None_AdaBN-F
Lee2019_SSVEP,DeepConvNet,4,11,1.0,1.0,40,100,FM-Full_A-None_AdaBN-F
Lee2019_SSVEP,DeepConvNet,4,22,0.86,0.93,40,100,FM-Full_A-None_AdaBN-F
Lee2019_SSVEP,DeepConvNet,4,24,0.985,0.98,40,100,FM-Full_A-None_AdaBN-F
Lee2019_SSVEP,DeepConvNet,4,30,0.995,0.995,40,100,FM-Full_A-None_AdaBN-F
Lee2019_SSVEP,DeepConvNet,4,36,1.0,1.0,40,100,FM-Full_A-None_AdaBN-F
Lee2019_SSVEP,DeepConvNet,4,40,0.945,0.94,40,100,FM-Full_A-None_AdaBN-F
Lee2019_SSVEP,DeepConvNet,4,42,0.795,0.8,40,100,FM-Full_A-None_AdaBN-F
Lee2019_SSVEP,DeepConvNet,4,44,0.995,0.995,40,100,FM-Full_A-None_AdaBN-F
Lee2019_SSVEP,DeepConvNet,4,47,0.645,0.69,40,100,FM-Full_A-None_AdaBN-F
Lee2019_SSVEP,DeepConvNet,5,8,0.955,0.96,40,100,FM-Full_A-None_AdaBN-F
Lee2019_SSVEP,DeepConvNet,5,15,0.89,0.995,40,100,FM-Full_A-None_AdaBN-F
Lee2019_SSVEP,DeepConvNet,5,19,0.975,0.975,40,100,FM-Full_A-None_AdaBN-F
Lee2019_SSVEP,DeepConvNet,5,21,0.985,0.985,40,100,FM-Full_A-None_AdaBN-F
Lee2019_SSVEP,DeepConvNet,5,23,0.335,0.49,40,100,FM-Full_A-None_AdaBN-F
Lee2019_SSVEP,DeepConvNet,5,29,0.97,0.985,40,100,FM-Full_A-None_AdaBN-F
Lee2019_SSVEP,DeepConvNet,5,39,1.0,1.0,40,100,FM-Full_A-None_AdaBN-F
Lee2019_SSVEP,DeepConvNet,5,43,1.0,1.0,40,100,FM-Full_A-None_AdaBN-F
Lee2019_SSVEP,DeepConvNet,5,52,0.99,1.0,40,100,FM-Full_A-None_AdaBN-F
Lee2019_SSVEP,DeepConvNet,5,54,0.755,0.895,40,100,FM-Full_A-None_AdaBN-F
Lee2019_SSVEP,EEGNetv4,1,4,,,25,160,FM-Full_A-None_AdaBN-F
Lee2019_SSVEP,EEGNetv4,1,6,,,25,160,FM-Full_A-None_AdaBN-F
Lee2019_SSVEP,EEGNetv4,1,13,,,25,160,FM-Full_A-None_AdaBN-F
Lee2019_SSVEP,EEGNetv4,1,14,,,25,160,FM-Full_A-None_AdaBN-F
Lee2019_SSVEP,EEGNetv4,1,18,,,25,160,FM-Full_A-None_AdaBN-F
Lee2019_SSVEP,EEGNetv4,1,20,,,25,160,FM-Full_A-None_AdaBN-F
Lee2019_SSVEP,EEGNetv4,1,33,,,25,160,FM-Full_A-None_AdaBN-F
Lee2019_SSVEP,EEGNetv4,1,45,,,25,160,FM-Full_A-None_AdaBN-F
Lee2019_SSVEP,EEGNetv4,1,49,,,25,160,FM-Full_A-None_AdaBN-F
Lee2019_SSVEP,EEGNetv4,1,50,,,25,160,FM-Full_A-None_AdaBN-F
Lee2019_SSVEP,EEGNetv4,1,53,,,25,160,FM-Full_A-None_AdaBN-F
Lee2019_SSVEP,EEGNetv4,2,5,,,25,160,FM-Full_A-None_AdaBN-F
Lee2019_SSVEP,EEGNetv4,2,7,,,25,160,FM-Full_A-None_AdaBN-F
Lee2019_SSVEP,EEGNetv4,2,9,,,25,160,FM-Full_A-None_AdaBN-F
Lee2019_SSVEP,EEGNetv4,2,16,,,25,160,FM-Full_A-None_AdaBN-F
Lee2019_SSVEP,EEGNetv4,2,25,,,25,160,FM-Full_A-None_AdaBN-F
Lee2019_SSVEP,EEGNetv4,2,27,,,25,160,FM-Full_A-None_AdaBN-F
Lee2019_SSVEP,EEGNetv4,2,34,,,25,160,FM-Full_A-None_AdaBN-F
Lee2019_SSVEP,EEGNetv4,2,35,,,25,160,FM-Full_A-None_AdaBN-F
Lee2019_SSVEP,EEGNetv4,2,38,,,25,160,FM-Full_A-None_AdaBN-F
Lee2019_SSVEP,EEGNetv4,2,46,,,25,160,FM-Full_A-None_AdaBN-F
Lee2019_SSVEP,EEGNetv4,2,51,,,25,160,FM-Full_A-None_AdaBN-F
Lee2019_SSVEP,EEGNetv4,3,1,,,25,160,FM-Full_A-None_AdaBN-F
Lee2019_SSVEP,EEGNetv4,3,10,,,25,160,FM-Full_A-None_AdaBN-F
Lee2019_SSVEP,EEGNetv4,3,12,,,25,160,FM-Full_A-None_AdaBN-F
Lee2019_SSVEP,EEGNetv4,3,17,,,25,160,FM-Full_A-None_AdaBN-F
Lee2019_SSVEP,EEGNetv4,3,26,,,25,160,FM-Full_A-None_AdaBN-F
Lee2019_SSVEP,EEGNetv4,3,28,,,25,160,FM-Full_A-None_AdaBN-F
Lee2019_SSVEP,EEGNetv4,3,31,,,25,160,FM-Full_A-None_AdaBN-F
Lee2019_SSVEP,EEGNetv4,3,32,,,25,160,FM-Full_A-None_AdaBN-F
Lee2019_SSVEP,EEGNetv4,3,37,,,25,160,FM-Full_A-None_AdaBN-F
Lee2019_SSVEP,EEGNetv4,3,41,,,25,160,FM-Full_A-None_AdaBN-F
Lee2019_SSVEP,EEGNetv4,3,48,,,25,160,FM-Full_A-None_AdaBN-F
Lee2019_SSVEP,EEGNetv4,4,2,,,25,160,FM-Full_A-None_AdaBN-F
Lee2019_SSVEP,EEGNetv4,4,3,,,25,160,FM-Full_A-None_AdaBN-F
Lee2019_SSVEP,EEGNetv4,4,11,,,25,160,FM-Full_A-None_AdaBN-F
Lee2019_SSVEP,EEGNetv4,4,22,,,25,160,FM-Full_A-None_AdaBN-F
Lee2019_SSVEP,EEGNetv4,4,24,,,25,160,FM-Full_A-None_AdaBN-F
Lee2019_SSVEP,EEGNetv4,4,30,,,25,160,FM-Full_A-None_AdaBN-F
Lee2019_SSVEP,EEGNetv4,4,36,,,25,160,FM-Full_A-None_AdaBN-F
Lee2019_SSVEP,EEGNetv4,4,40,,,25,160,FM-Full_A-None_AdaBN-F
Lee2019_SSVEP,EEGNetv4,4,42,,,25,160,FM-Full_A-None_AdaBN-F
Lee2019_SSVEP,EEGNetv4,4,44,,,25,160,FM-Full_A-None_AdaBN-F
Lee2019_SSVEP,EEGNetv4,4,47,,,25,160,FM-Full_A-None_AdaBN-F
Lee2019_SSVEP,EEGNetv4,5,8,,,25,160,FM-Full_A-None_AdaBN-F
Lee2019_SSVEP,EEGNetv4,5,15,,,25,160,FM-Full_A-None_AdaBN-F
Lee2019_SSVEP,EEGNetv4,5,19,,,25,160,FM-Full_A-None_AdaBN-F
Lee2019_SSVEP,EEGNetv4,5,21,,,25,160,FM-Full_A-None_AdaBN-F
Lee2019_SSVEP,EEGNetv4,5,23,,,25,160,FM-Full_A-None_AdaBN-F
Lee2019_SSVEP,EEGNetv4,5,29,,,25,160,FM-Full_A-None_AdaBN-F
Lee2019_SSVEP,EEGNetv4,5,39,,,25,160,FM-Full_A-None_AdaBN-F
Lee2019_SSVEP,EEGNetv4,5,43,,,25,160,FM-Full_A-None_AdaBN-F
Lee2019_SSVEP,EEGNetv4,5,52,,,25,160,FM-Full_A-None_AdaBN-F
Lee2019_SSVEP,EEGNetv4,5,54,,,25,160,FM-Full_A-None_AdaBN-F
Lee2019_SSVEP,EEGNetv4,1,4,0.995,0.995,25,160,FM-Full_A-None_AdaBN-F
Lee2019_SSVEP,EEGNetv4,1,6,0.975,1.0,25,160,FM-Full_A-None_AdaBN-F
Lee2019_SSVEP,EEGNetv4,1,13,0.975,0.99,25,160,FM-Full_A-None_AdaBN-F
Lee2019_SSVEP,EEGNetv4,1,14,0.94,0.975,25,160,FM-Full_A-None_AdaBN-F
Lee2019_SSVEP,EEGNetv4,1,18,0.995,0.995,25,160,FM-Full_A-None_AdaBN-F
Lee2019_SSVEP,EEGNetv4,1,20,0.955,0.97,25,160,FM-Full_A-None_AdaBN-F
Lee2019_SSVEP,EEGNetv4,1,33,0.995,0.995,25,160,FM-Full_A-None_AdaBN-F
Lee2019_SSVEP,EEGNetv4,1,45,0.97,0.97,25,160,FM-Full_A-None_AdaBN-F
Lee2019_SSVEP,EEGNetv4,1,49,0.99,0.99,25,160,FM-Full_A-None_AdaBN-F
Lee2019_SSVEP,EEGNetv4,1,50,0.99,0.99,25,160,FM-Full_A-None_AdaBN-F
Lee2019_SSVEP,EEGNetv4,1,53,1.0,1.0,25,160,FM-Full_A-None_AdaBN-F
Lee2019_SSVEP,EEGNetv4,2,5,0.85,0.87,25,160,FM-Full_A-None_AdaBN-F
Lee2019_SSVEP,EEGNetv4,2,7,0.98,0.995,25,160,FM-Full_A-None_AdaBN-F
Lee2019_SSVEP,EEGNetv4,2,9,0.98,0.98,25,160,FM-Full_A-None_AdaBN-F
Lee2019_SSVEP,EEGNetv4,2,16,0.995,0.995,25,160,FM-Full_A-None_AdaBN-F
Lee2019_SSVEP,EEGNetv4,2,25,0.955,0.96,25,160,FM-Full_A-None_AdaBN-F
Lee2019_SSVEP,EEGNetv4,2,27,1.0,1.0,25,160,FM-Full_A-None_AdaBN-F
Lee2019_SSVEP,EEGNetv4,2,34,0.74,0.865,25,160,FM-Full_A-None_AdaBN-F
Lee2019_SSVEP,EEGNetv4,2,35,0.985,0.98,25,160,FM-Full_A-None_AdaBN-F
Lee2019_SSVEP,EEGNetv4,2,38,0.995,0.995,25,160,FM-Full_A-None_AdaBN-F
Lee2019_SSVEP,EEGNetv4,2,46,0.995,0.995,25,160,FM-Full_A-None_AdaBN-F
Lee2019_SSVEP,EEGNetv4,2,51,0.77,0.84,25,160,FM-Full_A-None_AdaBN-F
Lee2019_SSVEP,EEGNetv4,3,1,0.96,0.945,25,160,FM-Full_A-None_AdaBN-F
Lee2019_SSVEP,EEGNetv4,3,10,0.995,0.99,25,160,FM-Full_A-None_AdaBN-F
Lee2019_SSVEP,EEGNetv4,3,12,0.975,0.965,25,160,FM-Full_A-None_AdaBN-F
Lee2019_SSVEP,EEGNetv4,3,17,0.95,0.97,25,160,FM-Full_A-None_AdaBN-F
Lee2019_SSVEP,EEGNetv4,3,26,0.985,0.995,25,160,FM-Full_A-None_AdaBN-F
Lee2019_SSVEP,EEGNetv4,3,28,0.985,0.985,25,160,FM-Full_A-None_AdaBN-F
Lee2019_SSVEP,EEGNetv4,3,31,0.985,0.99,25,160,FM-Full_A-None_AdaBN-F
Lee2019_SSVEP,EEGNetv4,3,32,0.635,0.855,25,160,FM-Full_A-None_AdaBN-F
Lee2019_SSVEP,EEGNetv4,3,37,0.99,0.99,25,160,FM-Full_A-None_AdaBN-F
Lee2019_SSVEP,EEGNetv4,3,41,0.975,0.99,25,160,FM-Full_A-None_AdaBN-F
Lee2019_SSVEP,EEGNetv4,3,48,0.995,0.995,25,160,FM-Full_A-None_AdaBN-F
Lee2019_SSVEP,EEGNetv4,4,2,0.99,0.99,25,160,FM-Full_A-None_AdaBN-F
Lee2019_SSVEP,EEGNetv4,4,3,0.945,0.945,25,160,FM-Full_A-None_AdaBN-F
Lee2019_SSVEP,EEGNetv4,4,11,1.0,1.0,25,160,FM-Full_A-None_AdaBN-F
Lee2019_SSVEP,EEGNetv4,4,22,0.885,0.89,25,160,FM-Full_A-None_AdaBN-F
Lee2019_SSVEP,EEGNetv4,4,24,0.975,0.97,25,160,FM-Full_A-None_AdaBN-F
Lee2019_SSVEP,EEGNetv4,4,30,0.95,0.98,25,160,FM-Full_A-None_AdaBN-F
Lee2019_SSVEP,EEGNetv4,4,36,1.0,1.0,25,160,FM-Full_A-None_AdaBN-F
Lee2019_SSVEP,EEGNetv4,4,40,0.945,0.95,25,160,FM-Full_A-None_AdaBN-F
Lee2019_SSVEP,EEGNetv4,4,42,0.815,0.835,25,160,FM-Full_A-None_AdaBN-F
Lee2019_SSVEP,EEGNetv4,4,44,1.0,1.0,25,160,FM-Full_A-None_AdaBN-F
Lee2019_SSVEP,EEGNetv4,4,47,0.61,0.62,25,160,FM-Full_A-None_AdaBN-F
Lee2019_SSVEP,EEGNetv4,5,8,0.915,0.95,25,160,FM-Full_A-None_AdaBN-F
Lee2019_SSVEP,EEGNetv4,5,15,0.835,0.985,25,160,FM-Full_A-None_AdaBN-F
Lee2019_SSVEP,EEGNetv4,5,19,0.975,0.98,25,160,FM-Full_A-None_AdaBN-F
Lee2019_SSVEP,EEGNetv4,5,21,0.815,0.95,25,160,FM-Full_A-None_AdaBN-F
Lee2019_SSVEP,EEGNetv4,5,23,0.3,0.465,25,160,FM-Full_A-None_AdaBN-F
Lee2019_SSVEP,EEGNetv4,5,29,0.915,0.97,25,160,FM-Full_A-None_AdaBN-F
Lee2019_SSVEP,EEGNetv4,5,39,0.99,1.0,25,160,FM-Full_A-None_AdaBN-F
Lee2019_SSVEP,EEGNetv4,5,43,1.0,1.0,25,160,FM-Full_A-None_AdaBN-F
Lee2019_SSVEP,EEGNetv4,5,52,0.92,0.965,25,160,FM-Full_A-None_AdaBN-F
Lee2019_SSVEP,EEGNetv4,5,54,0.585,0.85,25,160,FM-Full_A-None_AdaBN-F
Kalunga2016,EEGNetv4,1,1,0.203125,0.203125,4,64,FM-Full_A-None_AdaBN-F
Kalunga2016,EEGNetv4,1,10,0.2578125,0.2578125,4,64,FM-Full_A-None_AdaBN-F
Kalunga2016,EEGNetv4,1,11,0.265625,0.171875,4,64,FM-Full_A-None_AdaBN-F
Kalunga2016,EEGNetv4,2,3,0.21875,0.25,4,64,FM-Full_A-None_AdaBN-F
Kalunga2016,EEGNetv4,2,6,0.21875,0.265625,4,64,FM-Full_A-None_AdaBN-F
Kalunga2016,EEGNetv4,2,9,0.28125,0.28125,4,64,FM-Full_A-None_AdaBN-F
Kalunga2016,EEGNetv4,3,2,0.34375,0.359375,4,64,FM-Full_A-None_AdaBN-F
Kalunga2016,EEGNetv4,3,12,0.24375,0.35,4,64,FM-Full_A-None_AdaBN-F
Kalunga2016,EEGNetv4,4,5,0.21875,0.234375,4,64,FM-Full_A-None_AdaBN-F
Kalunga2016,EEGNetv4,4,8,0.21875,0.21875,4,64,FM-Full_A-None_AdaBN-F
Kalunga2016,EEGNetv4,5,4,0.265625,0.25,4,64,FM-Full_A-None_AdaBN-F
Kalunga2016,EEGNetv4,5,7,0.21875,0.2708333333333333,4,64,FM-Full_A-None_AdaBN-F
Kalunga2016,EEGNetv4,1,1,,,4,64,FM-Full_A-None_AdaBN-F
Kalunga2016,EEGNetv4,1,10,,,4,64,FM-Full_A-None_AdaBN-F
Kalunga2016,EEGNetv4,1,11,,,4,64,FM-Full_A-None_AdaBN-F
Kalunga2016,EEGNetv4,2,3,,,4,64,FM-Full_A-None_AdaBN-F
Kalunga2016,EEGNetv4,2,6,,,4,64,FM-Full_A-None_AdaBN-F
Kalunga2016,EEGNetv4,2,9,,,4,64,FM-Full_A-None_AdaBN-F
Kalunga2016,EEGNetv4,3,2,,,4,64,FM-Full_A-None_AdaBN-F
Kalunga2016,EEGNetv4,3,12,,,4,64,FM-Full_A-None_AdaBN-F
Kalunga2016,EEGNetv4,4,5,,,4,64,FM-Full_A-None_AdaBN-F
Kalunga2016,EEGNetv4,4,8,,,4,64,FM-Full_A-None_AdaBN-F
Kalunga2016,EEGNetv4,5,4,,,4,64,FM-Full_A-None_AdaBN-F
Kalunga2016,EEGNetv4,5,7,,,4,64,FM-Full_A-None_AdaBN-F
Lee2019_MI,DeepConvNet,1,4,0.565,0.7,30,100,FM-Full_A-None_AdaBN-F
Lee2019_MI,DeepConvNet,1,6,0.855,0.92,30,100,FM-Full_A-None_AdaBN-F
Lee2019_MI,DeepConvNet,1,13,0.67,0.6,30,100,FM-Full_A-None_AdaBN-F
Lee2019_MI,DeepConvNet,1,14,0.625,0.61,30,100,FM-Full_A-None_AdaBN-F
Lee2019_MI,DeepConvNet,1,18,0.67,0.895,30,100,FM-Full_A-None_AdaBN-F
Lee2019_MI,DeepConvNet,1,20,0.825,0.82,30,100,FM-Full_A-None_AdaBN-F
Lee2019_MI,DeepConvNet,1,33,0.8,0.9,30,100,FM-Full_A-None_AdaBN-F
Lee2019_MI,DeepConvNet,1,45,0.765,0.855,30,100,FM-Full_A-None_AdaBN-F
Lee2019_MI,DeepConvNet,1,49,0.62,0.82,30,100,FM-Full_A-None_AdaBN-F
Lee2019_MI,DeepConvNet,1,50,0.545,0.67,30,100,FM-Full_A-None_AdaBN-F
Lee2019_MI,DeepConvNet,1,53,0.815,0.765,30,100,FM-Full_A-None_AdaBN-F
Lee2019_MI,DeepConvNet,2,5,0.71,0.775,30,100,FM-Full_A-None_AdaBN-F
Lee2019_MI,DeepConvNet,2,7,0.66,0.68,30,100,FM-Full_A-None_AdaBN-F
Lee2019_MI,DeepConvNet,2,9,0.82,0.735,30,100,FM-Full_A-None_AdaBN-F
Lee2019_MI,DeepConvNet,2,16,0.725,0.81,30,100,FM-Full_A-None_AdaBN-F
Lee2019_MI,DeepConvNet,2,25,0.745,0.855,30,100,FM-Full_A-None_AdaBN-F
Lee2019_MI,DeepConvNet,2,27,0.85,0.875,30,100,FM-Full_A-None_AdaBN-F
Lee2019_MI,DeepConvNet,2,34,0.615,0.65,30,100,FM-Full_A-None_AdaBN-F
Lee2019_MI,DeepConvNet,2,35,0.545,0.935,30,100,FM-Full_A-None_AdaBN-F
Lee2019_MI,DeepConvNet,2,38,0.545,0.705,30,100,FM-Full_A-None_AdaBN-F
Lee2019_MI,DeepConvNet,2,46,0.595,0.57,30,100,FM-Full_A-None_AdaBN-F
Lee2019_MI,DeepConvNet,2,51,0.685,0.71,30,100,FM-Full_A-None_AdaBN-F
Lee2019_MI,DeepConvNet,3,1,0.67,0.61,30,100,FM-Full_A-None_AdaBN-F
Lee2019_MI,DeepConvNet,3,10,0.625,0.625,30,100,FM-Full_A-None_AdaBN-F
Lee2019_MI,DeepConvNet,3,12,0.795,0.76,30,100,FM-Full_A-None_AdaBN-F
Lee2019_MI,DeepConvNet,3,17,0.66,0.64,30,100,FM-Full_A-None_AdaBN-F
Lee2019_MI,DeepConvNet,3,26,0.85,0.84,30,100,FM-Full_A-None_AdaBN-F
Lee2019_MI,DeepConvNet,3,28,0.865,0.835,30,100,FM-Full_A-None_AdaBN-F
Lee2019_MI,DeepConvNet,3,31,0.865,0.82,30,100,FM-Full_A-None_AdaBN-F
Lee2019_MI,DeepConvNet,3,32,0.82,0.825,30,100,FM-Full_A-None_AdaBN-F
Lee2019_MI,DeepConvNet,3,37,0.81,0.845,30,100,FM-Full_A-None_AdaBN-F
Lee2019_MI,DeepConvNet,3,41,0.71,0.685,30,100,FM-Full_A-None_AdaBN-F
Lee2019_MI,DeepConvNet,3,48,0.695,0.625,30,100,FM-Full_A-None_AdaBN-F
Lee2019_MI,DeepConvNet,4,2,0.645,0.725,30,100,FM-Full_A-None_AdaBN-F
Lee2019_MI,DeepConvNet,4,3,0.79,0.855,30,100,FM-Full_A-None_AdaBN-F
Lee2019_MI,DeepConvNet,4,11,0.66,0.69,30,100,FM-Full_A-None_AdaBN-F
Lee2019_MI,DeepConvNet,4,22,0.655,0.65,30,100,FM-Full_A-None_AdaBN-F
Lee2019_MI,DeepConvNet,4,24,0.575,0.76,30,100,FM-Full_A-None_AdaBN-F
Lee2019_MI,DeepConvNet,4,30,0.79,0.785,30,100,FM-Full_A-None_AdaBN-F
Lee2019_MI,DeepConvNet,4,36,0.835,0.97,30,100,FM-Full_A-None_AdaBN-F
Lee2019_MI,DeepConvNet,4,40,0.775,0.85,30,100,FM-Full_A-None_AdaBN-F
Lee2019_MI,DeepConvNet,4,42,0.64,0.66,30,100,FM-Full_A-None_AdaBN-F
Lee2019_MI,DeepConvNet,4,44,0.63,0.705,30,100,FM-Full_A-None_AdaBN-F
Lee2019_MI,DeepConvNet,4,47,0.81,0.815,30,100,FM-Full_A-None_AdaBN-F
Lee2019_MI,DeepConvNet,5,8,0.755,0.8,30,100,FM-Full_A-None_AdaBN-F
Lee2019_MI,DeepConvNet,5,15,0.785,0.855,30,100,FM-Full_A-None_AdaBN-F
Lee2019_MI,DeepConvNet,5,19,0.73,0.79,30,100,FM-Full_A-None_AdaBN-F
Lee2019_MI,DeepConvNet,5,21,0.925,0.955,30,100,FM-Full_A-None_AdaBN-F
Lee2019_MI,DeepConvNet,5,23,0.715,0.735,30,100,FM-Full_A-None_AdaBN-F
Lee2019_MI,DeepConvNet,5,29,0.685,0.85,30,100,FM-Full_A-None_AdaBN-F
Lee2019_MI,DeepConvNet,5,39,0.76,0.745,30,100,FM-Full_A-None_AdaBN-F
Lee2019_MI,DeepConvNet,5,43,0.88,0.84,30,100,FM-Full_A-None_AdaBN-F
Lee2019_MI,DeepConvNet,5,52,0.73,0.775,30,100,FM-Full_A-None_AdaBN-F
Lee2019_MI,DeepConvNet,5,54,0.715,0.7,30,100,FM-Full_A-None_AdaBN-F
BNCI2014_001,ShallowConvNet,1,2,,,3,500,FM-Full_A-None_AdaBN-F
BNCI2014_001,ShallowConvNet,1,8,,,3,500,FM-Full_A-None_AdaBN-F
BNCI2014_001,ShallowConvNet,2,1,,,3,500,FM-Full_A-None_AdaBN-F
BNCI2014_001,ShallowConvNet,2,6,,,3,500,FM-Full_A-None_AdaBN-F
BNCI2014_001,ShallowConvNet,3,3,,,3,500,FM-Full_A-None_AdaBN-F
BNCI2014_001,ShallowConvNet,3,9,,,3,500,FM-Full_A-None_AdaBN-F
BNCI2014_001,ShallowConvNet,4,4,,,3,500,FM-Full_A-None_AdaBN-F
BNCI2014_001,ShallowConvNet,4,5,,,3,500,FM-Full_A-None_AdaBN-F
BNCI2014_001,ShallowConvNet,5,7,,,3,500,FM-Full_A-None_AdaBN-F
BNCI2014_001,ShallowConvNet,3,3,0.5399305555555556,0.8211805555555556,3,500,FM-Full_A-None_AdaBN-F
BNCI2014_001,ShallowConvNet,3,9,0.3645833333333333,0.7465277777777778,3,500,FM-Full_A-None_AdaBN-F
BNCI2014_001,ShallowConvNet,4,4,0.3697916666666667,0.5121527777777778,3,500,FM-Full_A-None_AdaBN-F
BNCI2014_001,ShallowConvNet,4,5,0.2899305555555556,0.4114583333333333,3,500,FM-Full_A-None_AdaBN-F
BNCI2014_001,ShallowConvNet,5,7,0.25,0.5677083333333334,3,500,FM-Full_A-None_AdaBN-F
Lee2019_MI,ATCNet,1,4,0.755,0.755,30,100,FM-Full_A-None_AdaBN-F
Lee2019_MI,ATCNet,1,6,0.62,0.775,30,100,FM-Full_A-None_AdaBN-F
Lee2019_MI,ATCNet,1,13,0.6,0.55,30,100,FM-Full_A-None_AdaBN-F
Lee2019_MI,ATCNet,1,14,0.61,0.69,30,100,FM-Full_A-None_AdaBN-F
Lee2019_MI,ATCNet,1,18,0.835,0.8,30,100,FM-Full_A-None_AdaBN-F
Lee2019_MI,ATCNet,1,20,0.78,0.795,30,100,FM-Full_A-None_AdaBN-F
Lee2019_MI,ATCNet,1,33,0.945,0.955,30,100,FM-Full_A-None_AdaBN-F
Lee2019_MI,ATCNet,1,45,0.705,0.81,30,100,FM-Full_A-None_AdaBN-F
Lee2019_MI,ATCNet,1,49,0.735,0.755,30,100,FM-Full_A-None_AdaBN-F
Lee2019_MI,ATCNet,1,50,0.505,0.625,30,100,FM-Full_A-None_AdaBN-F
Lee2019_MI,ATCNet,1,53,0.65,0.69,30,100,FM-Full_A-None_AdaBN-F
Lee2019_MI,ATCNet,2,5,0.755,0.835,30,100,FM-Full_A-None_AdaBN-F
Lee2019_MI,ATCNet,2,7,0.585,0.665,30,100,FM-Full_A-None_AdaBN-F
Lee2019_MI,ATCNet,2,9,0.85,0.785,30,100,FM-Full_A-None_AdaBN-F
Lee2019_MI,ATCNet,2,16,0.79,0.79,30,100,FM-Full_A-None_AdaBN-F
Lee2019_MI,ATCNet,2,25,0.765,0.83,30,100,FM-Full_A-None_AdaBN-F
Lee2019_MI,ATCNet,2,27,0.595,0.7,30,100,FM-Full_A-None_AdaBN-F
Lee2019_MI,ATCNet,2,34,0.51,0.58,30,100,FM-Full_A-None_AdaBN-F
Lee2019_MI,ATCNet,2,35,0.525,0.79,30,100,FM-Full_A-None_AdaBN-F
Lee2019_MI,ATCNet,2,38,0.565,0.605,30,100,FM-Full_A-None_AdaBN-F
Lee2019_MI,ATCNet,2,46,0.665,0.7,30,100,FM-Full_A-None_AdaBN-F
Lee2019_MI,ATCNet,2,51,0.605,0.545,30,100,FM-Full_A-None_AdaBN-F
Lee2019_MI,ATCNet,3,1,0.685,0.79,30,100,FM-Full_A-None_AdaBN-F
Lee2019_MI,ATCNet,3,10,0.665,0.705,30,100,FM-Full_A-None_AdaBN-F
Lee2019_MI,ATCNet,3,12,0.725,0.77,30,100,FM-Full_A-None_AdaBN-F
Lee2019_MI,ATCNet,3,17,0.66,0.68,30,100,FM-Full_A-None_AdaBN-F
Lee2019_MI,ATCNet,3,26,0.705,0.77,30,100,FM-Full_A-None_AdaBN-F
Lee2019_MI,ATCNet,3,28,0.88,0.91,30,100,FM-Full_A-None_AdaBN-F
Lee2019_MI,ATCNet,3,31,0.745,0.76,30,100,FM-Full_A-None_AdaBN-F
Lee2019_MI,ATCNet,3,32,0.935,0.96,30,100,FM-Full_A-None_AdaBN-F
Lee2019_MI,ATCNet,3,37,0.875,0.94,30,100,FM-Full_A-None_AdaBN-F
Lee2019_MI,ATCNet,3,41,0.52,0.605,30,100,FM-Full_A-None_AdaBN-F
Lee2019_MI,ATCNet,3,48,0.635,0.63,30,100,FM-Full_A-None_AdaBN-F
Lee2019_MI,ATCNet,4,2,0.67,0.705,30,100,FM-Full_A-None_AdaBN-F
Lee2019_MI,ATCNet,4,3,0.84,0.865,30,100,FM-Full_A-None_AdaBN-F
Lee2019_MI,ATCNet,4,11,0.54,0.55,30,100,FM-Full_A-None_AdaBN-F
Lee2019_MI,ATCNet,4,22,0.745,0.77,30,100,FM-Full_A-None_AdaBN-F
Lee2019_MI,ATCNet,4,24,0.585,0.6,30,100,FM-Full_A-None_AdaBN-F
Lee2019_MI,ATCNet,4,30,0.715,0.68,30,100,FM-Full_A-None_AdaBN-F
Lee2019_MI,ATCNet,4,36,0.96,0.975,30,100,FM-Full_A-None_AdaBN-F
Lee2019_MI,ATCNet,4,40,0.64,0.7,30,100,FM-Full_A-None_AdaBN-F
Lee2019_MI,ATCNet,4,42,0.66,0.69,30,100,FM-Full_A-None_AdaBN-F
Lee2019_MI,ATCNet,4,44,0.815,0.88,30,100,FM-Full_A-None_AdaBN-F
Lee2019_MI,ATCNet,4,47,0.59,0.705,30,100,FM-Full_A-None_AdaBN-F
Lee2019_MI,ATCNet,5,8,0.775,0.765,30,100,FM-Full_A-None_AdaBN-F
Lee2019_MI,ATCNet,5,15,0.71,0.77,30,100,FM-Full_A-None_AdaBN-F
Lee2019_MI,ATCNet,5,19,0.755,0.74,30,100,FM-Full_A-None_AdaBN-F
Lee2019_MI,ATCNet,5,21,0.9,0.95,30,100,FM-Full_A-None_AdaBN-F
Lee2019_MI,ATCNet,5,23,0.85,0.875,30,100,FM-Full_A-None_AdaBN-F
Lee2019_MI,ATCNet,5,29,0.745,0.855,30,100,FM-Full_A-None_AdaBN-F
Lee2019_MI,ATCNet,5,39,0.805,0.75,30,100,FM-Full_A-None_AdaBN-F
Lee2019_MI,ATCNet,5,43,0.76,0.755,30,100,FM-Full_A-None_AdaBN-F
Lee2019_MI,ATCNet,5,52,0.725,0.81,30,100,FM-Full_A-None_AdaBN-F
Lee2019_MI,ATCNet,5,54,0.605,0.635,30,100,FM-Full_A-None_AdaBN-F
