subject_id,CFT-only,PRE+Align+CFT-Dec,PRE+CFT,PRE+UDA,PRE+UDA+CFT,PRE+UDA+CFT-Dec,PRE+UDA-Riem+CFT,PRE+UDA-noAdaBN+CFT,PRE-ZS,UDA+CFT-only,model,dataset,paradigm
1,0.6957043198873265,0.6807895952993992,0.7414999669901631,0.6572725072071477,0.7885288616007571,0.7052837745648203,0.8017376378160692,0.7862238947206267,0.4998789639312515,0.7424849805241962,ATCNet,BI2015a,P300
10,0.8026881720430108,0.7860215053763441,0.8758064516129032,0.8166666666666667,0.9198924731182796,0.8129032258064517,0.9026881720430108,0.8924731182795699,0.771505376344086,0.8451612903225807,ATCNet,BI2015a,P300
11,0.7141666666666666,0.6775,0.8283333333333334,0.7191666666666666,0.8358333333333333,0.6854166666666667,0.8629166666666667,0.8333333333333333,0.5533333333333333,0.7845833333333334,ATCNet,BI2015a,P300
12,0.7118279569892473,0.6956989247311828,0.7564516129032258,0.6905913978494624,0.7612903225806451,0.6903225806451613,0.7688172043010753,0.7698924731182796,0.5037634408602151,0.6881720430107527,ATCNet,BI2015a,P300
13,0.8592105263157894,0.6776315789473684,0.8837719298245614,0.6736842105263158,0.8587719298245614,0.6789473684210526,0.868859649122807,0.8526315789473684,0.7315789473684211,0.8328947368421052,ATCNet,BI2015a,P300
14,0.7072649572649573,0.6405982905982905,0.7773504273504273,0.6333333333333333,0.8145299145299145,0.6534188034188034,0.8213675213675213,0.7957264957264958,0.5017094017094017,0.75,ATCNet,BI2015a,P300
15,0.7623809523809524,0.7942857142857143,0.8657142857142857,0.7838095238095237,0.8723809523809524,0.8166666666666667,0.8704761904761905,0.8471428571428572,0.8338095238095238,0.7833333333333333,ATCNet,BI2015a,P300
16,0.7895238095238095,0.8138095238095238,0.8761904761904762,0.799047619047619,0.8866666666666667,0.8004761904761905,0.8957142857142857,0.888095238095238,0.759047619047619,0.7857142857142857,ATCNet,BI2015a,P300
17,0.7218518518518519,0.6214814814814815,0.7862962962962963,0.6370370370370371,0.8074074074074074,0.6555555555555556,0.8092592592592592,0.8,0.6085185185185186,0.7888888888888889,ATCNet,BI2015a,P300
18,0.767037037037037,0.6381481481481481,0.7859259259259259,0.6451851851851852,0.8233333333333334,0.6518518518518519,0.8274074074074074,0.8137037037037037,0.5888888888888889,0.7466666666666667,ATCNet,BI2015a,P300
19,0.7133333333333334,0.7046666666666667,0.8246666666666667,0.6920000000000001,0.802,0.7213333333333334,0.8363333333333334,0.7889999999999999,0.7373333333333334,0.7176666666666667,ATCNet,BI2015a,P300
2,0.7805555555555556,0.7920634920634921,0.8996031746031746,0.8166666666666667,0.8845238095238095,0.7916666666666667,0.9015873015873016,0.876984126984127,0.8392857142857143,0.7936507936507937,ATCNet,BI2015a,P300
20,0.7555555555555555,0.7455555555555555,0.8770370370370371,0.7637037037037038,0.8655555555555556,0.758888888888889,0.8822222222222222,0.8614814814814815,0.6659259259259259,0.7548148148148148,ATCNet,BI2015a,P300
21,0.8238095238095238,0.7304761904761905,0.8857142857142857,0.7414285714285714,0.8528571428571429,0.7238095238095238,0.8938095238095238,0.86,0.8576190476190476,0.7814285714285715,ATCNet,BI2015a,P300
22,0.7598484848484848,0.7121212121212122,0.8568181818181818,0.6916666666666667,0.8401515151515151,0.7015151515151515,0.8545454545454545,0.8306818181818182,0.753030303030303,0.7598484848484848,ATCNet,BI2015a,P300
23,0.7127192982456141,0.762719298245614,0.7925438596491228,0.7578947368421053,0.831578947368421,0.7649122807017543,0.8350877192982455,0.8324561403508772,0.6929824561403508,0.7074561403508772,ATCNet,BI2015a,P300
24,0.799074074074074,0.7171296296296297,0.8856481481481482,0.7361111111111112,0.8703703703703703,0.7240740740740741,0.8898148148148148,0.8560185185185185,0.8208333333333333,0.8027777777777778,ATCNet,BI2015a,P300
25,0.7066091954022988,0.6281609195402299,0.7603448275862068,0.6232758620689656,0.8043103448275862,0.6278735632183908,0.8137931034482759,0.8002873563218391,0.5620689655172414,0.7037356321839081,ATCNet,BI2015a,P300
26,0.8096774193548387,0.8682795698924731,0.910752688172043,0.8634408602150537,0.9241935483870968,0.8741935483870967,0.9193548387096776,0.9188172043010752,0.825268817204301,0.8204301075268817,ATCNet,BI2015a,P300
27,0.670253164556962,0.6035864978902954,0.7234177215189874,0.5955696202531645,0.7322784810126581,0.610337552742616,0.7392405063291139,0.7350210970464135,0.5248945147679325,0.6550632911392406,ATCNet,BI2015a,P300
28,0.6896666666666667,0.6793333333333333,0.7823333333333333,0.6656666666666666,0.7666666666666666,0.6766666666666667,0.8069999999999999,0.763,0.6133333333333333,0.6843333333333333,ATCNet,BI2015a,P300
29,0.707516339869281,0.6071895424836601,0.7588235294117647,0.630718954248366,0.7931372549019607,0.6065359477124183,0.8062091503267974,0.7784313725490195,0.5973856209150327,0.7019607843137254,ATCNet,BI2015a,P300
3,0.8293103448275863,0.7459770114942529,0.9109195402298852,0.7574712643678161,0.9189655172413792,0.7603448275862069,0.950574712643678,0.8936781609195402,0.7833333333333333,0.8327586206896551,ATCNet,BI2015a,P300
30,0.6808641975308642,0.8679012345679012,0.7839506172839505,0.8802469135802469,0.9203703703703704,0.8876543209876543,0.9456790123456792,0.9049382716049384,0.8277777777777777,0.7882716049382716,ATCNet,BI2015a,P300
31,0.6788888888888889,0.5566666666666666,0.7146666666666667,0.554,0.6986666666666667,0.5611111111111111,0.704,0.6988888888888889,0.5275555555555556,0.6648888888888889,ATCNet,BI2015a,P300
32,0.7564516129032258,0.7666666666666666,0.8198924731182795,0.7661290322580645,0.8467741935483871,0.7650537634408603,0.8478494623655914,0.8478494623655914,0.7311827956989247,0.7629032258064516,ATCNet,BI2015a,P300
33,0.7571428571428571,0.7186507936507937,0.8400793650793651,0.7158730158730158,0.8452380952380952,0.7285714285714285,0.8670634920634921,0.8317460317460317,0.7662698412698412,0.7706349206349207,ATCNet,BI2015a,P300
34,0.7419047619047618,0.729047619047619,0.8466666666666667,0.7528571428571429,0.8442857142857143,0.7366666666666666,0.8842857142857143,0.8361904761904762,0.7647619047619048,0.749047619047619,ATCNet,BI2015a,P300
35,0.6166666666666667,0.6502415458937199,0.6845410628019324,0.6461352657004831,0.7091787439613527,0.6565217391304348,0.7086956521739131,0.7082125603864734,0.5,0.6275362318840579,ATCNet,BI2015a,P300
36,0.7104166666666667,0.8025,0.8791666666666667,0.75,0.8770833333333333,0.8045833333333334,0.89375,0.8733333333333333,0.8183333333333334,0.7,ATCNet,BI2015a,P300
37,0.6947619047619047,0.5269047619047619,0.7480952380952381,0.525952380952381,0.7447619047619047,0.5230952380952381,0.7707142857142857,0.7423809523809524,0.530952380952381,0.6669047619047619,ATCNet,BI2015a,P300
38,0.7815315315315315,0.6324324324324324,0.8418918918918918,0.6382882882882883,0.8450450450450451,0.6427927927927928,0.8522522522522522,0.8382882882882883,0.686036036036036,0.7599099099099099,ATCNet,BI2015a,P300
39,0.7639455782312925,0.6363945578231293,0.801700680272109,0.6363945578231293,0.7921768707482993,0.6540816326530612,0.8159863945578232,0.7925170068027212,0.5,0.7238095238095239,ATCNet,BI2015a,P300
4,0.7795833333333333,0.84125,0.8854166666666667,0.8374999999999999,0.8920833333333333,0.83875,0.9125,0.8958333333333333,0.7091666666666666,0.8020833333333333,ATCNet,BI2015a,P300
40,0.7734567901234568,0.7645061728395062,0.8444444444444444,0.7598765432098765,0.8509259259259259,0.7601851851851852,0.8540123456790123,0.8558641975308642,0.5996913580246913,0.7725308641975308,ATCNet,BI2015a,P300
41,0.7733333333333333,0.692962962962963,0.7833333333333333,0.6770370370370371,0.8285185185185185,0.6814814814814815,0.8222222222222222,0.827037037037037,0.6037037037037036,0.7448148148148148,ATCNet,BI2015a,P300
42,0.6494152046783626,0.6105263157894737,0.7488304093567251,0.6298245614035087,0.7254385964912281,0.6245614035087719,0.7584795321637428,0.7271929824561404,0.6350877192982456,0.6804093567251462,ATCNet,BI2015a,P300
43,0.8580459770114942,0.7948275862068965,0.9235632183908046,0.8241379310344827,0.9183908045977012,0.8120689655172413,0.9350574712643678,0.9063218390804596,0.8896551724137931,0.8333333333333333,ATCNet,BI2015a,P300
5,0.8035353535353535,0.8308080808080809,0.8646464646464647,0.8388888888888889,0.9015151515151516,0.8368686868686869,0.9090909090909092,0.8944444444444445,0.7712121212121212,0.8015151515151515,ATCNet,BI2015a,P300
6,0.7609848484848485,0.7045454545454546,0.8075757575757576,0.725,0.8367424242424242,0.7068181818181818,0.843560606060606,0.8363636363636364,0.6287878787878788,0.7886363636363636,ATCNet,BI2015a,P300
7,0.7284313725490196,0.7622549019607843,0.8563725490196079,0.7754901960784313,0.8803921568627451,0.7740196078431372,0.8764705882352941,0.8754901960784314,0.5024509803921569,0.7764705882352941,ATCNet,BI2015a,P300
8,0.7948412698412699,0.7559523809523809,0.8535714285714285,0.694047619047619,0.8630952380952381,0.7603174603174603,0.8976190476190476,0.8488095238095239,0.7869047619047619,0.8257936507936507,ATCNet,BI2015a,P300
9,0.7864864864864864,0.7216216216216216,0.8036036036036036,0.7243243243243243,0.8153153153153153,0.7243243243243244,0.850900900900901,0.8049549549549551,0.6162162162162163,0.758108108108108,ATCNet,BI2015a,P300
1,0.5434027777777778,0.7083333333333334,0.8003472222222222,0.7135416666666666,0.8368055555555555,0.7100694444444444,0.8350694444444444,0.8263888888888888,0.6701388888888888,0.6111111111111112,ATCNet,BNCI2014_001,MI
2,0.3975694444444444,0.3871527777777778,0.5538194444444444,0.3559027777777778,0.6579861111111112,0.3888888888888889,0.6527777777777778,0.6440972222222222,0.3159722222222222,0.4895833333333333,ATCNet,BNCI2014_001,MI
3,0.5815972222222222,0.751736111111111,0.8715277777777778,0.7552083333333334,0.9045138888888888,0.7916666666666667,0.9010416666666666,0.873263888888889,0.7256944444444444,0.670138888888889,ATCNet,BNCI2014_001,MI
4,0.4496527777777778,0.53125,0.7013888888888888,0.5,0.7569444444444444,0.576388888888889,0.7465277777777777,0.7152777777777778,0.40625,0.4201388888888888,ATCNet,BNCI2014_001,MI
5,0.4131944444444444,0.4097222222222222,0.6215277777777778,0.3975694444444444,0.6614583333333334,0.4184027777777778,0.6597222222222223,0.6527777777777778,0.3541666666666666,0.4930555555555556,ATCNet,BNCI2014_001,MI
6,0.3871527777777778,0.5208333333333333,0.6284722222222222,0.5104166666666666,0.6753472222222222,0.515625,0.6927083333333334,0.6805555555555555,0.3142361111111111,0.4131944444444445,ATCNet,BNCI2014_001,MI
7,0.5069444444444444,0.545138888888889,0.7413194444444444,0.3697916666666667,0.8541666666666667,0.5885416666666666,0.8541666666666666,0.8333333333333334,0.3333333333333333,0.6041666666666666,ATCNet,BNCI2014_001,MI
8,0.5902777777777778,0.6145833333333334,0.8020833333333334,0.6180555555555556,0.8506944444444444,0.6215277777777778,0.8211805555555556,0.8368055555555556,0.5902777777777778,0.7343750000000001,ATCNet,BNCI2014_001,MI
9,0.59375,0.6701388888888888,0.8194444444444444,0.6510416666666667,0.8541666666666667,0.671875,0.8663194444444444,0.8645833333333333,0.4739583333333333,0.6753472222222223,ATCNet,BNCI2014_001,MI
1,0.95524026123329,0.9176059601079956,0.970300187549068,0.9217394233741172,0.9726534693077538,0.9291411633857696,0.9745867108858152,0.9685837137623214,0.927679655099256,0.9627452528493134,ATCNet,Huebner2017,P300
10,0.97164824528959,0.9287543567411712,0.9823854693401513,0.9439337694349128,0.9832134863918488,0.9450927098322638,0.9836463257587008,0.9784379446170792,0.9321032767013226,0.9735336916817628,ATCNet,Huebner2017,P300
11,0.7974187515094769,0.7684227725843504,0.8415144486610859,0.7834263589702639,0.8567052994011108,0.7765159928976564,0.8562217617978563,0.8497326521500574,0.6286817181983382,0.8111582319659462,ATCNet,Huebner2017,P300
12,0.9378179690679692,0.9040369352869352,0.954810236060236,0.9168447293447292,0.9617928367928368,0.9181166056166056,0.9637388074888076,0.954759361009361,0.7364672364672364,0.9483872608872608,ATCNet,Huebner2017,P300
13,0.9580523142965902,0.8823377735081459,0.9702120157561798,0.8778732858881938,0.9721582349514324,0.9030434688093434,0.9725270324766612,0.9663204522902292,0.7982538053833973,0.9606091635290526,ATCNet,Huebner2017,P300
2,0.935248778998779,0.898962148962149,0.9489468864468864,0.9076617826617828,0.9606990231990232,0.9060719373219372,0.9594398656898656,0.952024827024827,0.9064662189662188,0.9503841066341066,ATCNet,Huebner2017,P300
3,0.9272320856447154,0.8202914239513568,0.9446963137427212,0.8422419477210339,0.9482195559884854,0.840690010144773,0.9471639193932092,0.9430817453855822,0.805870594104616,0.9284031230716046,ATCNet,Huebner2017,P300
4,0.976468663205382,0.9051797910629074,0.9823072587358666,0.9131794682501988,0.983884571706422,0.9226800629902095,0.98224382025013,0.9775762621465348,0.8701661556587263,0.9739378883041104,ATCNet,Huebner2017,P300
5,0.897995522995523,0.8248880748880749,0.9204950142450142,0.8421728734228734,0.9252645502645502,0.8378612128612128,0.9270706145706146,0.9148478835978836,0.8101088726088725,0.9070767195767196,ATCNet,Huebner2017,P300
6,0.9694133888304688,0.9481298821544866,0.9794369879474424,0.9420708604112532,0.9799888795527932,0.9440888668649328,0.9821846600585704,0.9760921754101992,0.9401685908910864,0.971454853424896,ATCNet,Huebner2017,P300
7,0.98365638990639,0.9247303622303622,0.991427553927554,0.9267144892144892,0.9917328042328042,0.9405652218152218,0.992661273911274,0.9906898656898656,0.931496743996744,0.9855642043142044,ATCNet,Huebner2017,P300
8,0.8666236294594731,0.7375440131838972,0.8874846266841993,0.7378610709951031,0.8972401869244431,0.7590998721672444,0.8942762802929707,0.895243506860645,0.6732242877927795,0.8651364765437124,ATCNet,Huebner2017,P300
9,0.9602029914529916,0.904800061050061,0.9734686609686608,0.9274394586894588,0.9760632885632884,0.928011803011803,0.9781237281237282,0.9675289987789988,0.9516814204314205,0.960711741961742,ATCNet,Huebner2017,P300
1,0.9581149912341528,0.922045860426779,0.9712792712789852,0.9304476905699546,0.97359167233612,0.9362740215831732,0.9728590590233712,0.9651554302460978,0.9182801031622468,0.9596949425204646,ATCNet,Huebner2018,P300
10,0.9059867216117216,0.756559065934066,0.9228708791208792,0.7624656593406594,0.9243704212454212,0.7823145604395605,0.9280677655677656,0.9191163003663004,0.8518658424908425,0.9033539377289376,ATCNet,Huebner2018,P300
11,0.8827571814660827,0.7261064248092222,0.8994054608190747,0.7199778747344838,0.9209178342095318,0.740986813787172,0.9210673110406228,0.9160651643647124,0.7031915427430462,0.9085462034355888,ATCNet,Huebner2018,P300
12,0.8959935897435898,0.8083104395604395,0.92066163003663,0.8093406593406594,0.9263392857142856,0.8218406593406593,0.9270032051282052,0.9212454212454212,0.8036401098901099,0.8979967948717948,ATCNet,Huebner2018,P300
2,0.9711996336996336,0.9192307692307692,0.9806776556776556,0.9309180402930404,0.9811355311355312,0.9329097985347984,0.9801282051282052,0.977220695970696,0.9531822344322344,0.9706043956043956,ATCNet,Huebner2018,P300
3,0.9630036630036628,0.9468063186813188,0.9780906593406592,0.9553571428571428,0.9806318681318682,0.9549565018315018,0.9798076923076924,0.977827380952381,0.9660828754578754,0.9674908424908424,ATCNet,Huebner2018,P300
4,0.9318910256410255,0.8498626373626373,0.949713827838828,0.8639423076923076,0.954635989010989,0.8750114468864469,0.9550251831501833,0.9485347985347984,0.8044642857142857,0.9354395604395604,ATCNet,Huebner2018,P300
5,0.9036265674494096,0.6821024437812508,0.9130282369957328,0.6902889309929578,0.9170922340898976,0.7118912635147516,0.9204004849603392,0.9128804091730148,0.6530463002958193,0.9043729057043378,ATCNet,Huebner2018,P300
6,0.967845695970696,0.799393315018315,0.9768543956043956,0.7660828754578755,0.9805402930402932,0.8053914835164835,0.9812271062271064,0.9791208791208792,0.6906936813186814,0.972275641025641,ATCNet,Huebner2018,P300
7,0.9064475038824618,0.8332573199671953,0.9289087446997856,0.8484348008166257,0.938674062974402,0.8532979658517859,0.9355716379626235,0.9354464940061772,0.7269983226892809,0.9203115457432516,ATCNet,Huebner2018,P300
8,0.9015453296703296,0.6989583333333333,0.9148809523809524,0.6921016483516483,0.9166895604395604,0.7303800366300366,0.9160828754578756,0.9157165750915752,0.5793154761904762,0.9004349816849817,ATCNet,Huebner2018,P300
9,0.9279287633177642,0.5853574781180904,0.9356444805690388,0.5725375355976258,0.9471946154366132,0.6001921481340957,0.9441382757883812,0.943886612021858,0.5661847903828625,0.9364914369447752,ATCNet,Huebner2018,P300
1,0.21875,0.390625,0.34375,0.4375,0.46875,0.4375,0.46875,0.421875,0.359375,0.171875,ATCNet,Kalunga2016,SSVEP
10,0.25,0.5078125,0.625,0.5078125,0.5859375,0.5078125,0.5703125,0.5859375,0.484375,0.3046875,ATCNet,Kalunga2016,SSVEP
11,0.25,0.421875,0.46875,0.5,0.5,0.484375,0.46875,0.5,0.484375,0.234375,ATCNet,Kalunga2016,SSVEP
12,0.3249999999999999,0.58125,0.6625,0.41875,0.6124999999999999,0.51875,0.6000000000000001,0.59375,0.5249999999999999,0.44375,ATCNet,Kalunga2016,SSVEP
2,0.078125,0.53125,0.484375,0.25,0.5625,0.515625,0.453125,0.515625,0.40625,0.421875,ATCNet,Kalunga2016,SSVEP
3,0.21875,0.90625,0.90625,0.84375,0.84375,0.84375,0.859375,0.90625,0.875,0.296875,ATCNet,Kalunga2016,SSVEP
4,0.25,0.453125,0.515625,0.28125,0.53125,0.453125,0.5,0.5,0.5625,0.296875,ATCNet,Kalunga2016,SSVEP
5,0.328125,0.25,0.453125,0.25,0.34375,0.3125,0.40625,0.28125,0.3125,0.203125,ATCNet,Kalunga2016,SSVEP
6,0.171875,0.46875,0.484375,0.453125,0.5,0.453125,0.515625,0.5,0.46875,0.203125,ATCNet,Kalunga2016,SSVEP
7,0.1770833333333333,0.6666666666666666,0.6874999999999999,0.5104166666666666,0.6666666666666666,0.6145833333333334,0.6458333333333334,0.7604166666666666,0.6458333333333333,0.2708333333333333,ATCNet,Kalunga2016,SSVEP
8,0.25,0.4375,0.484375,0.265625,0.390625,0.390625,0.375,0.453125,0.578125,0.21875,ATCNet,Kalunga2016,SSVEP
9,0.21875,0.53125,0.484375,0.578125,0.578125,0.5625,0.59375,0.578125,0.453125,0.296875,ATCNet,Kalunga2016,SSVEP
1,0.445,0.8,0.8200000000000001,0.81,0.8200000000000001,0.8049999999999999,0.84,0.83,0.75,0.465,ATCNet,Lee2019_MI,MI
10,0.5549999999999999,0.6599999999999999,0.745,0.655,0.74,0.64,0.73,0.74,0.6950000000000001,0.49,ATCNet,Lee2019_MI,MI
11,0.435,0.535,0.505,0.55,0.535,0.51,0.55,0.53,0.54,0.435,ATCNet,Lee2019_MI,MI
12,0.53,0.635,0.8,0.675,0.7,0.6799999999999999,0.67,0.69,0.775,0.415,ATCNet,Lee2019_MI,MI
13,0.495,0.665,0.615,0.675,0.66,0.675,0.69,0.68,0.61,0.4549999999999999,ATCNet,Lee2019_MI,MI
14,0.5,0.7,0.655,0.69,0.735,0.68,0.755,0.745,0.655,0.495,ATCNet,Lee2019_MI,MI
15,0.525,0.675,0.83,0.735,0.775,0.725,0.765,0.75,0.585,0.435,ATCNet,Lee2019_MI,MI
16,0.625,0.705,0.81,0.72,0.825,0.71,0.8049999999999999,0.79,0.795,0.515,ATCNet,Lee2019_MI,MI
17,0.51,0.685,0.725,0.745,0.785,0.73,0.8,0.7849999999999999,0.6499999999999999,0.51,ATCNet,Lee2019_MI,MI
18,0.47,0.86,0.895,0.8799999999999999,0.91,0.87,0.925,0.895,0.685,0.5,ATCNet,Lee2019_MI,MI
19,0.48,0.74,0.81,0.715,0.78,0.745,0.79,0.78,0.795,0.5449999999999999,ATCNet,Lee2019_MI,MI
2,0.4649999999999999,0.665,0.715,0.7050000000000001,0.7,0.665,0.74,0.715,0.7,0.505,ATCNet,Lee2019_MI,MI
20,0.49,0.77,0.7949999999999999,0.755,0.78,0.76,0.8,0.76,0.7749999999999999,0.49,ATCNet,Lee2019_MI,MI
21,0.61,0.945,0.95,0.93,0.965,0.94,0.97,0.965,0.935,0.535,ATCNet,Lee2019_MI,MI
22,0.435,0.78,0.76,0.77,0.8049999999999999,0.8,0.835,0.825,0.73,0.48,ATCNet,Lee2019_MI,MI
23,0.44,0.845,0.825,0.78,0.85,0.8049999999999999,0.87,0.875,0.7849999999999999,0.45,ATCNet,Lee2019_MI,MI
24,0.54,0.62,0.625,0.635,0.655,0.63,0.65,0.665,0.57,0.51,ATCNet,Lee2019_MI,MI
25,0.605,0.745,0.8200000000000001,0.805,0.8,0.825,0.8500000000000001,0.78,0.71,0.48,ATCNet,Lee2019_MI,MI
26,0.525,0.76,0.8,0.745,0.76,0.73,0.74,0.745,0.75,0.52,ATCNet,Lee2019_MI,MI
27,0.625,0.615,0.7050000000000001,0.645,0.705,0.64,0.715,0.6950000000000001,0.695,0.5549999999999999,ATCNet,Lee2019_MI,MI
28,0.475,0.945,0.965,0.95,0.95,0.915,0.985,0.975,0.865,0.485,ATCNet,Lee2019_MI,MI
29,0.75,0.765,0.855,0.755,0.81,0.74,0.825,0.815,0.7949999999999999,0.78,ATCNet,Lee2019_MI,MI
3,0.565,0.925,0.8899999999999999,0.92,0.94,0.925,0.92,0.945,0.845,0.52,ATCNet,Lee2019_MI,MI
30,0.475,0.745,0.69,0.7050000000000001,0.75,0.76,0.7,0.75,0.655,0.525,ATCNet,Lee2019_MI,MI
31,0.52,0.77,0.76,0.775,0.785,0.775,0.765,0.78,0.655,0.525,ATCNet,Lee2019_MI,MI
32,0.51,0.935,0.98,0.945,0.965,0.92,0.95,0.97,0.905,0.51,ATCNet,Lee2019_MI,MI
33,0.525,0.95,0.98,0.94,0.965,0.94,0.97,0.985,0.98,0.49,ATCNet,Lee2019_MI,MI
34,0.565,0.485,0.54,0.525,0.56,0.515,0.53,0.55,0.525,0.555,ATCNet,Lee2019_MI,MI
35,0.69,0.6,0.855,0.5700000000000001,0.745,0.5700000000000001,0.7849999999999999,0.76,0.615,0.49,ATCNet,Lee2019_MI,MI
36,0.665,0.97,0.99,0.97,0.975,0.96,0.98,0.995,0.98,0.59,ATCNet,Lee2019_MI,MI
37,0.585,0.95,0.97,0.94,0.935,0.94,0.96,0.965,0.985,0.505,ATCNet,Lee2019_MI,MI
38,0.55,0.635,0.6499999999999999,0.665,0.6699999999999999,0.6699999999999999,0.635,0.65,0.545,0.56,ATCNet,Lee2019_MI,MI
39,0.465,0.8,0.78,0.825,0.845,0.805,0.8200000000000001,0.85,0.81,0.5,ATCNet,Lee2019_MI,MI
4,0.53,0.675,0.745,0.665,0.65,0.655,0.6499999999999999,0.6699999999999999,0.6950000000000001,0.48,ATCNet,Lee2019_MI,MI
40,0.48,0.755,0.75,0.73,0.71,0.7150000000000001,0.745,0.72,0.695,0.41,ATCNet,Lee2019_MI,MI
41,0.505,0.5900000000000001,0.625,0.645,0.56,0.56,0.6,0.565,0.7050000000000001,0.505,ATCNet,Lee2019_MI,MI
42,0.47,0.75,0.7,0.7250000000000001,0.715,0.74,0.75,0.7350000000000001,0.5800000000000001,0.5,ATCNet,Lee2019_MI,MI
43,0.435,0.82,0.76,0.7949999999999999,0.8200000000000001,0.79,0.825,0.835,0.8049999999999999,0.455,ATCNet,Lee2019_MI,MI
44,0.58,0.88,0.905,0.855,0.89,0.8500000000000001,0.91,0.905,0.74,0.495,ATCNet,Lee2019_MI,MI
45,0.55,0.875,0.87,0.8400000000000001,0.865,0.8400000000000001,0.89,0.905,0.77,0.55,ATCNet,Lee2019_MI,MI
46,0.54,0.735,0.7150000000000001,0.725,0.755,0.725,0.745,0.77,0.7,0.53,ATCNet,Lee2019_MI,MI
47,0.48,0.79,0.78,0.78,0.76,0.775,0.755,0.76,0.76,0.4649999999999999,ATCNet,Lee2019_MI,MI
48,0.4599999999999999,0.66,0.7050000000000001,0.64,0.63,0.69,0.625,0.605,0.645,0.4499999999999999,ATCNet,Lee2019_MI,MI
49,0.59,0.7150000000000001,0.795,0.7350000000000001,0.74,0.74,0.8,0.74,0.6,0.535,ATCNet,Lee2019_MI,MI
5,0.47,0.845,0.905,0.875,0.9,0.875,0.875,0.885,0.81,0.46,ATCNet,Lee2019_MI,MI
50,0.535,0.63,0.5800000000000001,0.665,0.645,0.6599999999999999,0.64,0.615,0.5,0.47,ATCNet,Lee2019_MI,MI
51,0.43,0.645,0.575,0.6499999999999999,0.62,0.645,0.625,0.625,0.54,0.485,ATCNet,Lee2019_MI,MI
52,0.56,0.79,0.79,0.77,0.795,0.765,0.82,0.8,0.77,0.465,ATCNet,Lee2019_MI,MI
53,0.51,0.63,0.675,0.64,0.62,0.635,0.66,0.6,0.75,0.48,ATCNet,Lee2019_MI,MI
54,0.5349999999999999,0.6299999999999999,0.69,0.63,0.625,0.63,0.64,0.63,0.645,0.515,ATCNet,Lee2019_MI,MI
6,0.48,0.745,0.785,0.73,0.78,0.74,0.735,0.7649999999999999,0.7,0.4599999999999999,ATCNet,Lee2019_MI,MI
7,0.545,0.79,0.725,0.755,0.77,0.74,0.77,0.79,0.645,0.485,ATCNet,Lee2019_MI,MI
8,0.565,0.77,0.77,0.73,0.76,0.785,0.75,0.76,0.7649999999999999,0.46,ATCNet,Lee2019_MI,MI
9,0.495,0.8200000000000001,0.8200000000000001,0.815,0.85,0.825,0.85,0.8200000000000001,0.7749999999999999,0.44,ATCNet,Lee2019_MI,MI
1,0.425,0.935,0.96,0.945,0.93,0.92,0.945,0.945,0.95,0.385,ATCNet,Lee2019_SSVEP,SSVEP
10,0.445,0.995,1.0,0.99,0.995,0.99,0.995,1.0,1.0,0.5,ATCNet,Lee2019_SSVEP,SSVEP
11,0.7449999999999999,0.985,1.0,0.97,0.995,0.985,0.99,0.995,1.0,0.51,ATCNet,Lee2019_SSVEP,SSVEP
12,0.6900000000000001,0.96,0.975,0.975,0.95,0.96,0.96,0.96,0.965,0.505,ATCNet,Lee2019_SSVEP,SSVEP
13,0.5,0.995,0.995,0.995,1.0,0.995,0.995,1.0,0.97,0.415,ATCNet,Lee2019_SSVEP,SSVEP
14,0.26,0.925,0.915,0.94,0.98,0.94,0.98,0.98,0.8049999999999999,0.365,ATCNet,Lee2019_SSVEP,SSVEP
15,0.585,0.995,0.995,0.99,1.0,0.995,1.0,1.0,0.7350000000000001,0.585,ATCNet,Lee2019_SSVEP,SSVEP
16,0.6499999999999999,1.0,1.0,1.0,1.0,1.0,0.995,1.0,1.0,0.715,ATCNet,Lee2019_SSVEP,SSVEP
17,0.445,0.955,0.99,0.95,0.97,0.945,0.965,0.985,0.92,0.43,ATCNet,Lee2019_SSVEP,SSVEP
18,0.635,0.99,0.975,0.98,0.98,0.98,0.975,0.985,0.98,0.74,ATCNet,Lee2019_SSVEP,SSVEP
19,0.36,0.975,0.985,0.975,0.98,0.98,0.975,0.975,0.98,0.525,ATCNet,Lee2019_SSVEP,SSVEP
2,0.5900000000000001,0.99,0.99,0.99,0.99,0.99,0.99,0.99,0.985,0.56,ATCNet,Lee2019_SSVEP,SSVEP
20,0.405,0.97,0.98,0.975,0.975,0.975,0.975,0.975,0.98,0.44,ATCNet,Lee2019_SSVEP,SSVEP
21,0.65,0.8899999999999999,0.97,0.925,0.95,0.905,0.97,0.94,0.965,0.615,ATCNet,Lee2019_SSVEP,SSVEP
22,0.375,0.915,0.925,0.89,0.93,0.91,0.91,0.935,0.8949999999999999,0.56,ATCNet,Lee2019_SSVEP,SSVEP
23,0.295,0.355,0.59,0.425,0.6100000000000001,0.35,0.5950000000000001,0.615,0.395,0.355,ATCNet,Lee2019_SSVEP,SSVEP
24,0.39,0.985,0.97,0.98,0.98,0.98,0.985,0.99,0.93,0.495,ATCNet,Lee2019_SSVEP,SSVEP
25,0.6599999999999999,0.965,0.97,0.95,0.98,0.96,0.965,0.98,0.97,0.55,ATCNet,Lee2019_SSVEP,SSVEP
26,0.615,0.995,1.0,0.985,1.0,0.985,1.0,1.0,0.995,0.62,ATCNet,Lee2019_SSVEP,SSVEP
27,0.645,0.99,0.995,0.99,0.995,0.99,1.0,0.995,1.0,0.605,ATCNet,Lee2019_SSVEP,SSVEP
28,0.44,0.975,0.98,0.96,0.975,0.975,0.98,0.98,0.97,0.44,ATCNet,Lee2019_SSVEP,SSVEP
29,0.41,0.96,0.965,0.965,0.96,0.965,0.975,0.96,0.935,0.41,ATCNet,Lee2019_SSVEP,SSVEP
3,0.4,0.8949999999999999,0.93,0.8999999999999999,0.905,0.8999999999999999,0.905,0.8999999999999999,0.91,0.4349999999999999,ATCNet,Lee2019_SSVEP,SSVEP
30,0.7,0.995,1.0,1.0,0.995,0.995,1.0,0.995,0.99,0.725,ATCNet,Lee2019_SSVEP,SSVEP
31,0.77,1.0,1.0,0.995,0.995,0.995,0.99,1.0,1.0,0.56,ATCNet,Lee2019_SSVEP,SSVEP
32,0.435,0.94,0.975,0.92,0.985,0.92,0.98,0.995,0.925,0.5650000000000001,ATCNet,Lee2019_SSVEP,SSVEP
33,0.47,1.0,1.0,0.99,1.0,0.99,1.0,1.0,0.99,0.54,ATCNet,Lee2019_SSVEP,SSVEP
34,0.325,0.835,0.855,0.81,0.865,0.815,0.875,0.88,0.835,0.31,ATCNet,Lee2019_SSVEP,SSVEP
35,0.445,0.99,0.985,0.99,0.99,0.99,0.99,0.99,0.945,0.58,ATCNet,Lee2019_SSVEP,SSVEP
36,0.81,1.0,1.0,1.0,1.0,1.0,1.0,1.0,1.0,0.6900000000000001,ATCNet,Lee2019_SSVEP,SSVEP
37,0.635,0.98,0.985,0.985,0.995,0.985,0.985,0.985,0.985,0.645,ATCNet,Lee2019_SSVEP,SSVEP
38,0.43,0.985,0.995,0.985,0.975,0.985,0.98,0.98,0.995,0.645,ATCNet,Lee2019_SSVEP,SSVEP
39,0.51,1.0,1.0,1.0,1.0,1.0,1.0,1.0,1.0,0.63,ATCNet,Lee2019_SSVEP,SSVEP
4,0.735,0.995,1.0,0.995,0.995,0.995,1.0,1.0,1.0,0.675,ATCNet,Lee2019_SSVEP,SSVEP
40,0.3799999999999999,0.93,0.925,0.93,0.92,0.92,0.935,0.925,0.915,0.385,ATCNet,Lee2019_SSVEP,SSVEP
41,0.6000000000000001,0.965,1.0,0.96,0.995,0.97,0.995,0.99,0.98,0.5549999999999999,ATCNet,Lee2019_SSVEP,SSVEP
42,0.31,0.815,0.8,0.79,0.8099999999999999,0.815,0.795,0.7999999999999999,0.8099999999999999,0.365,ATCNet,Lee2019_SSVEP,SSVEP
43,0.5549999999999999,1.0,1.0,1.0,1.0,1.0,1.0,1.0,1.0,0.635,ATCNet,Lee2019_SSVEP,SSVEP
44,0.665,0.985,0.985,0.995,0.98,0.985,0.99,0.99,0.98,0.6599999999999999,ATCNet,Lee2019_SSVEP,SSVEP
45,0.41,0.935,0.945,0.945,0.94,0.94,0.945,0.96,0.92,0.615,ATCNet,Lee2019_SSVEP,SSVEP
46,0.385,1.0,1.0,1.0,1.0,1.0,1.0,1.0,0.99,0.585,ATCNet,Lee2019_SSVEP,SSVEP
47,0.255,0.645,0.6299999999999999,0.6200000000000001,0.6499999999999999,0.6300000000000001,0.65,0.6449999999999999,0.625,0.37,ATCNet,Lee2019_SSVEP,SSVEP
48,0.595,0.995,1.0,0.995,0.995,0.995,0.995,0.995,1.0,0.61,ATCNet,Lee2019_SSVEP,SSVEP
49,0.5950000000000001,0.99,0.995,0.99,0.995,0.99,0.99,1.0,0.99,0.525,ATCNet,Lee2019_SSVEP,SSVEP
5,0.445,0.83,0.845,0.8399999999999999,0.855,0.8399999999999999,0.8699999999999999,0.845,0.8350000000000001,0.49,ATCNet,Lee2019_SSVEP,SSVEP
50,0.635,0.995,0.995,0.995,0.995,0.995,0.995,0.995,0.995,0.595,ATCNet,Lee2019_SSVEP,SSVEP
51,0.385,0.785,0.8150000000000001,0.79,0.795,0.785,0.8200000000000001,0.825,0.765,0.4649999999999999,ATCNet,Lee2019_SSVEP,SSVEP
52,0.37,0.995,1.0,0.995,0.99,0.985,1.0,0.995,0.995,0.3299999999999999,ATCNet,Lee2019_SSVEP,SSVEP
53,0.5800000000000001,1.0,1.0,0.995,1.0,1.0,1.0,1.0,1.0,0.5950000000000001,ATCNet,Lee2019_SSVEP,SSVEP
54,0.36,0.8400000000000001,0.8899999999999999,0.855,0.875,0.82,0.905,0.8949999999999999,0.855,0.4,ATCNet,Lee2019_SSVEP,SSVEP
6,0.61,0.94,1.0,0.945,1.0,0.95,1.0,0.995,1.0,0.535,ATCNet,Lee2019_SSVEP,SSVEP
7,0.7150000000000001,1.0,1.0,0.99,0.995,0.99,0.995,1.0,1.0,0.7,ATCNet,Lee2019_SSVEP,SSVEP
8,0.385,0.94,0.945,0.95,0.955,0.95,0.95,0.96,0.925,0.345,ATCNet,Lee2019_SSVEP,SSVEP
9,0.41,0.96,0.98,0.935,0.95,0.94,0.97,0.975,0.935,0.44,ATCNet,Lee2019_SSVEP,SSVEP
1,0.2093333333333333,0.2013333333333333,0.1973333333333333,0.1853333333333333,0.176,0.1933333333333333,0.1893333333333333,0.174,0.188,0.2146666666666666,ATCNet,MAMEM2,SSVEP
10,0.2073333333333333,0.176,0.1833333333333333,0.184,0.1906666666666666,0.1746666666666666,0.1746666666666666,0.1666666666666666,0.228,0.1786666666666666,ATCNet,MAMEM2,SSVEP
2,0.2366666666666666,0.262,0.2913333333333333,0.2719999999999999,0.3086666666666667,0.2639999999999999,0.2859999999999999,0.2759999999999999,0.1813333333333333,0.2046666666666667,ATCNet,MAMEM2,SSVEP
3,0.2373333333333333,0.2206666666666666,0.2013333333333333,0.2206666666666666,0.2093333333333333,0.2273333333333333,0.166,0.2226666666666666,0.1473333333333333,0.246,ATCNet,MAMEM2,SSVEP
4,0.2306666666666666,0.204,0.212,0.176,0.1613333333333333,0.2186666666666666,0.174,0.1546666666666666,0.1293333333333333,0.1853333333333333,ATCNet,MAMEM2,SSVEP
5,0.2126666666666666,0.1373333333333333,0.2653333333333333,0.156,0.1733333333333333,0.136,0.1993333333333333,0.1679999999999999,0.186,0.1066666666666666,ATCNet,MAMEM2,SSVEP
6,0.2473333333333333,0.1679999999999999,0.2393333333333333,0.1926666666666666,0.1646666666666666,0.1926666666666666,0.18,0.1693333333333333,0.1906666666666666,0.2086666666666666,ATCNet,MAMEM2,SSVEP
7,0.2213333333333333,0.2733333333333333,0.1886666666666666,0.21,0.2433333333333333,0.2586666666666667,0.282,0.2433333333333333,0.206,0.186,ATCNet,MAMEM2,SSVEP
8,0.2246666666666666,0.2433333333333333,0.2193333333333333,0.256,0.2499999999999999,0.256,0.252,0.242,0.2026666666666667,0.1726666666666667,ATCNet,MAMEM2,SSVEP
9,0.2126666666666666,0.1813333333333333,0.208,0.18,0.182,0.172,0.1733333333333333,0.1993333333333333,0.1806666666666667,0.1866666666666666,ATCNet,MAMEM2,SSVEP
1,0.6499999999999999,0.8500000000000001,0.8716666666666666,0.8583333333333334,0.87,0.8566666666666667,0.8766666666666667,0.8733333333333333,0.7483333333333333,0.5233333333333333,ATCNet,Yang2025,MI
10,0.53,0.8116666666666666,0.815,0.8216666666666667,0.8216666666666667,0.8183333333333334,0.815,0.8049999999999999,0.7716666666666667,0.5266666666666666,ATCNet,Yang2025,MI
11,0.5983333333333334,0.785,0.8816666666666666,0.835,0.8416666666666667,0.8083333333333333,0.8266666666666667,0.7983333333333333,0.8383333333333334,0.4566666666666666,ATCNet,Yang2025,MI
12,0.5349999999999999,0.5666666666666667,0.5249999999999999,0.5700000000000001,0.52,0.5766666666666667,0.5466666666666666,0.5183333333333333,0.5316666666666667,0.4733333333333333,ATCNet,Yang2025,MI
13,0.4983333333333333,0.7216666666666667,0.7383333333333333,0.7316666666666667,0.7366666666666666,0.7266666666666667,0.735,0.6699999999999999,0.6783333333333333,0.49,ATCNet,Yang2025,MI
14,0.5283333333333333,0.5533333333333333,0.5466666666666666,0.575,0.575,0.5616666666666668,0.575,0.5666666666666667,0.5416666666666667,0.5249999999999999,ATCNet,Yang2025,MI
15,0.57,0.7116666666666667,0.7216666666666667,0.7616666666666667,0.7383333333333333,0.745,0.7433333333333334,0.6883333333333332,0.7816666666666667,0.5283333333333333,ATCNet,Yang2025,MI
16,0.5633333333333332,0.6633333333333333,0.6883333333333334,0.6616666666666666,0.6733333333333333,0.6599999999999999,0.6799999999999999,0.6516666666666666,0.6183333333333333,0.5166666666666666,ATCNet,Yang2025,MI
17,0.5016666666666667,0.7050000000000001,0.71,0.7166666666666667,0.7583333333333333,0.72,0.7916666666666666,0.76,0.645,0.4599999999999999,ATCNet,Yang2025,MI
18,0.5133333333333333,0.6733333333333333,0.6583333333333333,0.6833333333333333,0.6599999999999999,0.6883333333333332,0.665,0.6366666666666667,0.675,0.475,ATCNet,Yang2025,MI
19,0.6699999999999999,0.76,0.88,0.7533333333333333,0.7983333333333333,0.7583333333333333,0.8083333333333333,0.7949999999999999,0.7666666666666666,0.515,ATCNet,Yang2025,MI
2,0.5133333333333333,0.595,0.595,0.5716666666666667,0.59,0.5916666666666667,0.6216666666666667,0.5633333333333332,0.5583333333333333,0.5333333333333333,ATCNet,Yang2025,MI
20,0.5166666666666666,0.6133333333333333,0.6983333333333334,0.655,0.7183333333333333,0.6599999999999999,0.7266666666666666,0.6666666666666666,0.5666666666666667,0.5,ATCNet,Yang2025,MI
21,0.6333333333333333,0.745,0.8216666666666667,0.7849999999999999,0.8166666666666667,0.7516666666666667,0.8233333333333334,0.7866666666666666,0.7433333333333334,0.5066666666666666,ATCNet,Yang2025,MI
22,0.605,0.7366666666666667,0.7966666666666666,0.745,0.7633333333333334,0.7316666666666667,0.7416666666666667,0.7533333333333334,0.6816666666666666,0.54,ATCNet,Yang2025,MI
23,0.7011204013377926,0.8564548494983277,0.9148717948717948,0.8764994425863991,0.90149386845039,0.8597881828316611,0.919866220735786,0.8864604236343366,0.8465440356744705,0.5074749163879599,ATCNet,Yang2025,MI
24,0.7003219662615636,0.8906108289497551,0.9561491021222566,0.898954743333938,0.9545165971340468,0.9090672047886812,0.9393365681117358,0.9360035370941412,0.8821195356430256,0.5284327952113187,ATCNet,Yang2025,MI
25,0.5416666666666667,0.7616666666666667,0.8533333333333333,0.7833333333333333,0.8266666666666667,0.7866666666666666,0.8366666666666667,0.8066666666666666,0.6783333333333333,0.505,ATCNet,Yang2025,MI
26,0.7280602006688963,0.7364548494983277,0.8998327759197324,0.7963377926421404,0.8497157190635451,0.7996711259754739,0.8948216276477146,0.8112597547380156,0.7262151616499443,0.5625808249721294,ATCNet,Yang2025,MI
27,0.6983333333333333,0.7083333333333333,0.78,0.7250000000000001,0.7683333333333333,0.72,0.7649999999999999,0.7433333333333334,0.5383333333333333,0.51,ATCNet,Yang2025,MI
28,0.745,0.8033333333333333,0.9316666666666666,0.8566666666666667,0.9066666666666666,0.835,0.8983333333333333,0.8783333333333334,0.9,0.4833333333333333,ATCNet,Yang2025,MI
29,0.8400000000000001,0.805,0.9516666666666668,0.8416666666666667,0.93,0.825,0.9383333333333332,0.9333333333333332,0.905,0.7733333333333333,ATCNet,Yang2025,MI
3,0.69,0.88,0.915,0.8766666666666667,0.9183333333333332,0.8866666666666667,0.91,0.91,0.8916666666666666,0.5166666666666666,ATCNet,Yang2025,MI
30,0.6366666666666667,0.7966666666666666,0.7083333333333333,0.8383333333333334,0.9133333333333332,0.8266666666666667,0.885,0.8483333333333334,0.7933333333333333,0.5866666666666667,ATCNet,Yang2025,MI
31,0.6,0.7933333333333333,0.8033333333333333,0.7983333333333333,0.785,0.8049999999999999,0.8049999999999999,0.78,0.7683333333333333,0.5166666666666666,ATCNet,Yang2025,MI
32,0.5308807134894091,0.7313545150501672,0.8113712374581941,0.7178874024526198,0.7796655518394648,0.7195707915273133,0.8130044593088072,0.7564492753623189,0.6930880713489409,0.4808416945373467,ATCNet,Yang2025,MI
33,0.8133333333333334,0.8566666666666667,0.9683333333333332,0.8533333333333333,0.945,0.8583333333333334,0.95,0.93,0.73,0.575,ATCNet,Yang2025,MI
34,0.7916666666666666,0.5383333333333333,0.8816666666666666,0.5466666666666666,0.835,0.5466666666666666,0.8416666666666667,0.85,0.4716666666666667,0.4933333333333333,ATCNet,Yang2025,MI
35,0.5216666666666667,0.7316666666666667,0.7966666666666666,0.77,0.8,0.7833333333333333,0.7866666666666666,0.77,0.6316666666666666,0.53,ATCNet,Yang2025,MI
36,0.54,0.8266666666666667,0.8433333333333333,0.8400000000000001,0.8616666666666667,0.8200000000000001,0.8283333333333334,0.8500000000000001,0.6866666666666668,0.5233333333333333,ATCNet,Yang2025,MI
37,0.5916666666666667,0.8400000000000001,0.8316666666666667,0.8533333333333333,0.8566666666666667,0.8466666666666667,0.8816666666666666,0.8500000000000001,0.8383333333333334,0.485,ATCNet,Yang2025,MI
38,0.55,0.55,0.5833333333333334,0.5766666666666667,0.5983333333333334,0.5816666666666667,0.5916666666666667,0.585,0.4916666666666667,0.4833333333333333,ATCNet,Yang2025,MI
39,0.6716666666666666,0.7716666666666667,0.7966666666666666,0.7666666666666666,0.795,0.7483333333333333,0.7866666666666666,0.7849999999999999,0.7233333333333334,0.495,ATCNet,Yang2025,MI
4,0.505,0.5483333333333333,0.5433333333333333,0.5166666666666667,0.5316666666666667,0.51,0.53,0.51,0.5383333333333333,0.49,ATCNet,Yang2025,MI
40,0.5349999999999999,0.7816666666666666,0.8083333333333333,0.7783333333333333,0.8033333333333333,0.7833333333333333,0.8233333333333333,0.7716666666666667,0.6933333333333334,0.5133333333333333,ATCNet,Yang2025,MI
41,0.5449999999999999,0.88,0.9183333333333332,0.8866666666666667,0.925,0.8866666666666667,0.9316666666666666,0.9333333333333332,0.9,0.49,ATCNet,Yang2025,MI
42,0.5183333333333333,0.73,0.7316666666666667,0.735,0.705,0.7383333333333333,0.7233333333333334,0.6933333333333334,0.6666666666666666,0.495,ATCNet,Yang2025,MI
43,0.5383333333333333,0.8416666666666667,0.8916666666666666,0.8566666666666667,0.9033333333333332,0.8400000000000001,0.9033333333333332,0.8983333333333333,0.7466666666666666,0.5033333333333334,ATCNet,Yang2025,MI
44,0.51,0.6183333333333334,0.6716666666666666,0.6233333333333333,0.685,0.6233333333333333,0.6216666666666667,0.675,0.6116666666666667,0.4816666666666667,ATCNet,Yang2025,MI
45,0.5266666666666666,0.73,0.77,0.7533333333333333,0.7666666666666666,0.755,0.7749999999999999,0.7483333333333333,0.6950000000000001,0.5366666666666666,ATCNet,Yang2025,MI
46,0.5449999999999999,0.8916666666666666,0.9133333333333332,0.8916666666666666,0.9283333333333332,0.9,0.9133333333333332,0.9233333333333332,0.7849999999999999,0.5433333333333333,ATCNet,Yang2025,MI
47,0.6316666666666666,0.7933333333333333,0.8233333333333333,0.7816666666666667,0.8016666666666666,0.78,0.7966666666666666,0.8,0.78,0.5383333333333333,ATCNet,Yang2025,MI
48,0.5666666666666667,0.8116666666666666,0.8283333333333334,0.8083333333333333,0.8483333333333334,0.8083333333333333,0.855,0.8533333333333333,0.815,0.525,ATCNet,Yang2025,MI
49,0.7733333333333333,0.8200000000000001,0.89,0.815,0.855,0.81,0.8500000000000001,0.845,0.8466666666666667,0.5316666666666667,ATCNet,Yang2025,MI
5,0.6383333333333334,0.7683333333333333,0.865,0.7716666666666667,0.88,0.7683333333333333,0.885,0.8533333333333333,0.7283333333333333,0.4983333333333333,ATCNet,Yang2025,MI
50,0.5966666666666667,0.91,0.8933333333333333,0.91,0.905,0.905,0.9033333333333332,0.8999999999999999,0.8066666666666666,0.5183333333333333,ATCNet,Yang2025,MI
51,0.5833333333333333,0.8316666666666667,0.86,0.8333333333333333,0.8316666666666667,0.8233333333333334,0.8266666666666667,0.8483333333333334,0.7733333333333334,0.5166666666666666,ATCNet,Yang2025,MI
6,0.76,0.9033333333333332,0.95,0.915,0.9466666666666668,0.8983333333333333,0.9516666666666668,0.9466666666666668,0.94,0.515,ATCNet,Yang2025,MI
7,0.5700000000000001,0.66,0.6833333333333333,0.6316666666666667,0.6466666666666667,0.64,0.66,0.6499999999999999,0.655,0.4983333333333333,ATCNet,Yang2025,MI
8,0.6666666666666666,0.7266666666666666,0.8483333333333334,0.7849999999999999,0.7683333333333333,0.785,0.8116666666666666,0.775,0.825,0.5066666666666667,ATCNet,Yang2025,MI
9,0.515,0.6783333333333333,0.6916666666666667,0.6799999999999999,0.6716666666666666,0.6783333333333332,0.6783333333333333,0.6583333333333333,0.6416666666666666,0.5066666666666666,ATCNet,Yang2025,MI
1,0.6535247903875355,0.6179599920776391,0.7509575053365902,0.6271780990735238,0.7715600448933781,0.6422120992055633,0.7835566998965692,0.7645258687088752,0.4998789639312515,0.7057881648731322,DeepConvNet,BI2015a,P300
10,0.828494623655914,0.7989247311827957,0.8833333333333333,0.8005376344086022,0.8989247311827957,0.8161290322580645,0.9021505376344086,0.8887096774193548,0.8129032258064516,0.853225806451613,DeepConvNet,BI2015a,P300
11,0.7608333333333334,0.64125,0.8279166666666666,0.6104166666666666,0.8554166666666667,0.6608333333333333,0.8708333333333333,0.8366666666666667,0.59625,0.8362499999999999,DeepConvNet,BI2015a,P300
12,0.7185483870967742,0.6564516129032258,0.7408602150537634,0.624731182795699,0.7510752688172043,0.6865591397849462,0.7540322580645161,0.7416666666666667,0.5849462365591398,0.7204301075268817,DeepConvNet,BI2015a,P300
13,0.7741228070175439,0.6951754385964912,0.887280701754386,0.7127192982456141,0.8754385964912281,0.7258771929824561,0.8850877192982456,0.8399122807017544,0.8013157894736842,0.8412280701754387,DeepConvNet,BI2015a,P300
14,0.7384615384615385,0.6346153846153846,0.7521367521367521,0.6354700854700854,0.7880341880341881,0.6594017094017094,0.7923076923076923,0.7705128205128204,0.5401709401709403,0.7824786324786325,DeepConvNet,BI2015a,P300
15,0.7066666666666667,0.72,0.8419047619047619,0.7738095238095237,0.8652380952380951,0.7595238095238095,0.8866666666666667,0.8323809523809524,0.8052380952380952,0.7942857142857143,DeepConvNet,BI2015a,P300
16,0.7804761904761905,0.8028571428571428,0.8828571428571428,0.8261904761904761,0.8919047619047619,0.829047619047619,0.888095238095238,0.8814285714285715,0.8185714285714285,0.8157142857142857,DeepConvNet,BI2015a,P300
17,0.7681481481481481,0.6618518518518518,0.8088888888888889,0.6203703703703703,0.8174074074074074,0.6937037037037037,0.8318518518518518,0.8059259259259259,0.7292592592592593,0.8081481481481482,DeepConvNet,BI2015a,P300
18,0.7362962962962962,0.6292592592592593,0.7966666666666666,0.6214814814814815,0.8303703703703704,0.6522222222222223,0.8314814814814815,0.8107407407407408,0.6359259259259259,0.7611111111111111,DeepConvNet,BI2015a,P300
19,0.7523333333333333,0.6803333333333333,0.8196666666666667,0.6763333333333333,0.8053333333333332,0.6946666666666667,0.815,0.7973333333333333,0.7326666666666667,0.7516666666666667,DeepConvNet,BI2015a,P300
2,0.7706349206349206,0.7682539682539682,0.8876984126984127,0.7555555555555555,0.8936507936507936,0.7833333333333334,0.9126984126984128,0.875,0.8376984126984126,,DeepConvNet,BI2015a,P300
20,0.7740740740740741,0.758888888888889,0.8888888888888888,0.7374074074074074,0.8914814814814815,0.7718518518518518,0.8888888888888888,0.8674074074074074,0.797037037037037,0.7907407407407407,DeepConvNet,BI2015a,P300
21,0.779047619047619,0.6833333333333333,0.8914285714285715,0.6752380952380952,0.8814285714285715,0.7180952380952381,0.900952380952381,0.8514285714285714,0.8452380952380952,0.780952380952381,DeepConvNet,BI2015a,P300
22,0.768560606060606,0.6549242424242424,0.8382575757575758,0.6579545454545455,0.8420454545454545,0.6856060606060607,0.8678030303030303,0.8056818181818182,0.7378787878787878,0.7791666666666667,DeepConvNet,BI2015a,P300
23,0.6934210526315789,0.7057017543859649,0.7706140350877193,0.6964912280701754,0.8184210526315789,0.7298245614035088,0.8171052631578948,0.7850877192982456,0.725,0.7653508771929824,DeepConvNet,BI2015a,P300
24,0.8074074074074074,0.7111111111111111,0.8787037037037038,0.7037037037037037,0.8712962962962962,0.7462962962962962,0.8791666666666667,0.8384259259259259,0.8060185185185185,0.8189814814814815,DeepConvNet,BI2015a,P300
25,0.6663793103448276,0.6255747126436781,0.7749999999999999,0.6344827586206897,0.82816091954023,0.6238505747126437,0.8477011494252873,0.8097701149425287,0.6471264367816092,0.7275862068965517,DeepConvNet,BI2015a,P300
26,0.8327956989247312,0.8478494623655914,0.924731182795699,0.878494623655914,0.9096774193548388,0.8741935483870967,0.9231182795698925,0.8994623655913978,0.9053763440860216,0.8489247311827957,DeepConvNet,BI2015a,P300
27,0.6732067510548523,0.5723628691983123,0.7483122362869199,0.5993670886075949,0.7318565400843882,0.6035864978902954,0.7502109704641351,0.7417721518987341,0.6162447257383966,0.6780590717299578,DeepConvNet,BI2015a,P300
28,0.7293333333333334,0.6406666666666667,0.8013333333333333,0.629,0.773,0.6573333333333333,0.79,0.7603333333333333,0.7443333333333333,0.7076666666666667,DeepConvNet,BI2015a,P300
29,0.6758169934640523,0.6055555555555555,0.7748366013071895,0.581045751633987,0.7928104575163398,0.6385620915032679,0.8058823529411765,0.7683006535947712,0.5836601307189542,0.734640522875817,DeepConvNet,BI2015a,P300
3,0.8275862068965517,0.8103448275862069,0.9017241379310346,0.7603448275862068,0.9235632183908046,0.8373563218390805,0.953448275862069,0.9103448275862068,0.7471264367816092,0.882183908045977,DeepConvNet,BI2015a,P300
30,0.7709876543209877,0.8617283950617284,0.9012345679012346,0.8518518518518519,0.9296296296296296,0.8858024691358024,0.937037037037037,0.9179012345679012,0.7981481481481482,0.8191358024691358,DeepConvNet,BI2015a,P300
31,0.6808888888888889,0.5673333333333334,0.6993333333333334,0.5717777777777777,0.6957777777777778,0.5755555555555555,0.7088888888888889,0.6891111111111111,0.556,0.6517777777777778,DeepConvNet,BI2015a,P300
32,0.7720430107526881,0.7446236559139785,0.8500000000000001,0.753763440860215,0.853225806451613,0.7569892473118279,0.8661290322580646,0.8349462365591398,0.8188172043010753,0.7489247311827957,DeepConvNet,BI2015a,P300
33,0.7376984126984127,0.6908730158730159,0.8436507936507937,0.6972222222222222,0.8801587301587301,0.7158730158730159,0.8777777777777778,0.8503968253968254,0.7496031746031746,0.8150793650793651,DeepConvNet,BI2015a,P300
34,0.638095238095238,0.7166666666666667,0.8371428571428572,0.7228571428571429,0.8661904761904762,0.7561904761904762,0.8809523809523809,0.818095238095238,0.7804761904761905,0.7533333333333334,DeepConvNet,BI2015a,P300
35,0.6007246376811595,0.5898550724637681,0.6910628019323671,0.6340579710144928,0.6818840579710145,0.5956521739130435,0.6932367149758454,0.6842995169082126,0.5760869565217391,0.6140096618357488,DeepConvNet,BI2015a,P300
36,0.7337499999999999,0.7629166666666667,0.8779166666666667,0.7362500000000001,0.8870833333333333,0.7737499999999999,0.8975,0.8891666666666667,0.825,0.77125,DeepConvNet,BI2015a,P300
37,0.6864285714285714,0.5588095238095238,0.7571428571428571,0.5238095238095238,0.7438095238095238,0.5652380952380952,0.7614285714285715,0.7395238095238095,0.5385714285714286,0.6683333333333333,DeepConvNet,BI2015a,P300
38,0.7954954954954956,0.7234234234234235,0.8527027027027028,0.6297297297297297,0.8261261261261261,0.7337837837837837,0.8414414414414415,0.8076576576576577,0.7130630630630631,0.7846846846846847,DeepConvNet,BI2015a,P300
39,0.7119047619047619,0.5806122448979592,0.7976190476190477,0.5724489795918367,0.7680272108843538,0.6054421768707483,0.8040816326530612,0.7333333333333334,0.4996598639455782,0.730952380952381,DeepConvNet,BI2015a,P300
4,0.71875,0.7966666666666666,0.8945833333333333,0.8400000000000001,0.9133333333333332,0.8316666666666667,0.9229166666666666,0.8975,0.8854166666666667,0.8454166666666667,DeepConvNet,BI2015a,P300
40,0.7425925925925927,0.7527777777777778,0.8404320987654321,0.7512345679012347,0.8753086419753087,0.7700617283950617,0.8719135802469136,0.8580246913580247,0.7262345679012345,0.8129629629629629,DeepConvNet,BI2015a,P300
41,0.7488888888888889,0.6214814814814815,0.8266666666666667,0.6181481481481481,0.8218518518518518,0.6637037037037037,0.8233333333333333,0.7896296296296297,0.6185185185185185,0.7925925925925925,DeepConvNet,BI2015a,P300
42,0.6657894736842105,0.5982456140350877,0.7286549707602339,0.5894736842105264,0.7339181286549707,0.6251461988304093,0.7552631578947369,0.7315789473684211,0.6450292397660818,0.6973684210526316,DeepConvNet,BI2015a,P300
43,0.8482758620689654,0.7913793103448277,0.9195402298850576,0.7885057471264367,0.907471264367816,0.8528735632183908,0.9304597701149424,0.864367816091954,0.8798850574712643,0.8505747126436781,DeepConvNet,BI2015a,P300
5,0.7944444444444444,0.7863636363636364,0.8949494949494949,0.851010101010101,0.8909090909090909,0.8176767676767677,0.914141414141414,0.8838383838383839,0.803030303030303,0.8454545454545455,DeepConvNet,BI2015a,P300
6,0.8011363636363636,0.6878787878787879,0.8018939393939394,0.6678030303030303,0.8325757575757575,0.6962121212121212,0.8526515151515152,0.809469696969697,0.6333333333333333,0.8189393939393939,DeepConvNet,BI2015a,P300
7,0.7294117647058824,0.7970588235294118,0.8705882352941177,0.8117647058823529,0.892156862745098,0.8073529411764706,0.8965686274509803,0.8720588235294118,0.7117647058823529,0.8049019607843138,DeepConvNet,BI2015a,P300
8,0.7321428571428572,0.6619047619047619,0.8603174603174604,0.6507936507936508,0.8849206349206349,0.6928571428571428,0.8904761904761904,0.844047619047619,0.7793650793650794,0.8500000000000001,DeepConvNet,BI2015a,P300
9,0.7518018018018018,0.6783783783783783,0.8423423423423424,0.6891891891891891,0.8067567567567568,0.7018018018018017,0.8382882882882883,0.8027027027027027,0.6900900900900901,0.7522522522522523,DeepConvNet,BI2015a,P300
1,0.3003472222222222,0.5069444444444444,0.5677083333333333,0.685763888888889,0.8333333333333333,0.7569444444444444,0.8385416666666666,0.6510416666666667,0.5347222222222222,0.6423611111111112,DeepConvNet,BNCI2014_001,MI
2,0.3402777777777778,0.4045138888888888,0.4791666666666666,0.3020833333333333,0.6423611111111112,0.546875,0.6701388888888888,0.5104166666666666,0.2951388888888888,0.501736111111111,DeepConvNet,BNCI2014_001,MI
3,0.3177083333333333,0.640625,0.7864583333333334,0.7118055555555556,0.875,0.7673611111111112,0.8836805555555556,0.8194444444444444,0.6753472222222223,0.59375,DeepConvNet,BNCI2014_001,MI
4,0.2517361111111111,0.5069444444444444,0.6006944444444444,0.501736111111111,0.7135416666666666,0.6215277777777777,0.7100694444444444,0.6579861111111112,0.3559027777777777,0.4878472222222222,DeepConvNet,BNCI2014_001,MI
5,0.3125,0.4114583333333333,0.5017361111111112,0.390625,0.642361111111111,0.4635416666666666,0.6527777777777778,0.5989583333333334,0.265625,0.4652777777777778,DeepConvNet,BNCI2014_001,MI
6,0.2621527777777778,0.4513888888888889,0.5,0.4826388888888889,0.6458333333333334,0.5729166666666667,0.671875,0.5260416666666667,0.3229166666666666,0.4322916666666666,DeepConvNet,BNCI2014_001,MI
7,0.25,0.548611111111111,0.6006944444444444,0.4756944444444444,0.8680555555555556,0.7690972222222222,0.8576388888888888,0.71875,0.3611111111111111,0.5920138888888888,DeepConvNet,BNCI2014_001,MI
8,0.3697916666666666,0.4652777777777778,0.638888888888889,0.578125,0.8090277777777778,0.6354166666666666,0.8177083333333334,0.6840277777777778,0.4097222222222222,0.4878472222222222,DeepConvNet,BNCI2014_001,MI
9,0.2743055555555555,0.5746527777777777,0.7083333333333334,0.6336805555555555,0.8819444444444444,0.7569444444444444,0.8888888888888888,0.7326388888888888,0.5416666666666667,0.6631944444444444,DeepConvNet,BNCI2014_001,MI
1,0.8952857430938542,0.9363544725848816,0.9569335135053636,0.9104963063656836,0.9722843145331952,0.9615746192748532,0.9726023146667356,0.9621991434020744,0.8931999799150725,0.9572238497475114,DeepConvNet,Huebner2017,P300
10,0.9371358358328632,0.9502157109958612,0.9708345369772924,0.9382794550800074,0.9819012669983774,0.9748324122644796,0.9814555362672548,0.9721848230170922,0.9124158011679172,0.9700417518216644,DeepConvNet,Huebner2017,P300
11,0.779018921964646,0.782770689655985,0.8228233115286366,0.7900043287102295,0.8492116448432295,0.8261327145254993,0.8431938353887581,0.8270978539656513,0.6581354132867906,0.814391517263097,DeepConvNet,Huebner2017,P300
12,0.8993055555555556,0.9078398453398452,0.945601851851852,0.9213344525844526,0.9621489621489622,0.9412138787138786,0.9617165242165242,0.948489010989011,0.6514168701668701,0.9460597273097272,DeepConvNet,Huebner2017,P300
13,0.9307711066799548,0.9301100002261344,0.9644378838563228,0.8813326702751247,0.9694744207057222,0.9551654502523282,0.9701612028301252,0.9571375470238296,0.7559261668666879,0.9609264751093388,DeepConvNet,Huebner2017,P300
2,0.8887744200244201,0.9048890923890924,0.9343711843711844,0.9098239723239724,0.9581298331298332,0.9424475986975986,0.9590710215710216,0.9466575091575092,0.9056013431013432,0.9436558811558812,DeepConvNet,Huebner2017,P300
3,0.8927027366117535,0.8790175239646032,0.926979947111486,0.8270049321150991,0.9444799498038354,0.9135852053239596,0.9437931987481653,0.93155869133505,0.6916711225051343,0.926544930736616,DeepConvNet,Huebner2017,P300
4,0.9304660685881428,0.9275915143066068,0.97799589847473,0.9106617848985038,0.9802213609396084,0.9626560351168534,0.9802595586485268,0.9626445589769934,0.8738674295169817,0.9711001855567294,DeepConvNet,Huebner2017,P300
5,0.8586182336182336,0.8412189662189662,0.9060464997965,0.8538486975986976,0.9244505494505496,0.9023580586080586,0.923509361009361,0.8996489621489621,0.8167735042735043,0.9025106837606838,DeepConvNet,Huebner2017,P300
6,0.8866792170877738,0.9370957260404462,0.970745310986732,0.9438246501326312,0.9805063608321356,0.970424893248406,0.9797615743375974,0.9695794906574448,0.9553151978282992,0.9692254963234764,DeepConvNet,Huebner2017,P300
7,0.9339387464387464,0.9669693732193732,0.9876882376882375,0.9391407203907204,0.9920889295889296,0.9827660765160764,0.992127085877086,0.9857549857549858,0.8813085063085063,0.985258954008954,DeepConvNet,Huebner2017,P300
8,0.8440998708210696,0.7954786297448622,0.8723249488184355,0.7421347720172267,0.8776019202375298,0.8316481917642105,0.8769657853529724,0.8675427975880856,0.5725850365136442,0.8548834037651969,DeepConvNet,Huebner2017,P300
9,0.8948031135531136,0.9305809930809932,0.9616274928774928,0.924692205942206,0.973621286121286,0.9652650590150592,0.9755163817663818,0.9570614570614572,0.9490867928367928,0.9603683353683354,DeepConvNet,Huebner2017,P300
1,0.9374653154832772,0.9416320911778944,0.9671699941997132,0.9174672316495056,0.9731451347367412,0.9590308260175578,0.9718058490224556,0.9657850257742076,0.9152353613622388,0.9612510984566004,DeepConvNet,Huebner2018,P300
10,0.8797847985347986,0.8639423076923076,0.905940934065934,0.7751144688644689,0.9145489926739928,0.9020718864468864,0.9169986263736264,0.8972527472527472,0.8100045787545788,0.8998969780219781,DeepConvNet,Huebner2018,P300
11,0.86399106850845,0.8469487851106614,0.8904014235836304,0.7241848233656222,0.9096957439177172,0.881387983041604,0.9078331880907398,0.896299468919391,0.7078693853220708,0.8970721072768808,DeepConvNet,Huebner2018,P300
12,0.8589629120879121,0.8743704212454213,0.9080929487179488,0.8363324175824176,0.9168040293040294,0.9044642857142856,0.9181776556776556,0.906456043956044,0.7465430402930403,0.8978479853479853,DeepConvNet,Huebner2018,P300
2,0.9428914835164836,0.9483402014652016,0.9751144688644688,0.9452953296703296,0.9792239010989012,0.97430173992674,0.9798878205128204,0.9729052197802196,0.9567307692307692,0.9726076007326008,DeepConvNet,Huebner2018,P300
3,0.925709706959707,0.9456845238095238,0.97308836996337,0.9547619047619048,0.9789148351648352,0.9669528388278388,0.977930402930403,0.9714056776556776,0.9638507326007326,0.967822802197802,DeepConvNet,Huebner2018,P300
4,0.8956501831501831,0.8997825091575091,0.9441735347985348,0.8848443223443223,0.9532623626373626,0.933882783882784,0.949175824175824,0.938209706959707,0.8236607142857143,0.934993131868132,DeepConvNet,Huebner2018,P300
5,0.8786535642294301,0.8001731066258279,0.9005977741563915,0.7176568758344459,0.9122601376999396,0.8406187007513286,0.9150992172569964,0.8988708801277521,0.6320232532265242,0.8973843392497185,DeepConvNet,Huebner2018,P300
6,0.953617216117216,0.9348099816849818,0.9729281135531136,0.7817078754578755,0.9802197802197804,0.9560782967032968,0.980242673992674,0.9713369963369964,0.6274152930402931,0.9731570512820512,DeepConvNet,Huebner2018,P300
7,0.8869104874452529,0.8874160799350888,0.9164326283829765,0.8597305288000139,0.9331330484740616,0.9143010914516044,0.9348501653317978,0.91927293269818,0.7441681825716728,0.914207519761294,DeepConvNet,Huebner2018,P300
8,0.890728021978022,0.8298763736263737,0.9031478937728938,0.6886103479853479,0.9090201465201466,0.8616643772893773,0.910382326007326,0.898992673992674,0.5617101648351649,0.8974931318681318,DeepConvNet,Huebner2018,P300
9,0.9183594346246604,0.8841795265134169,0.9272883876510584,0.5816723061374014,0.940864302722646,0.9059394202547766,0.9400401059315566,0.9266705535130986,0.5636092367389304,0.9299890099825991,DeepConvNet,Huebner2018,P300
1,0.296875,0.1875,0.296875,0.09375,0.125,0.15625,0.125,0.203125,0.25,0.125,DeepConvNet,Kalunga2016,SSVEP
10,0.2734375,0.265625,0.328125,0.359375,0.4921875,0.4453125,0.484375,0.28125,0.265625,0.3515625,DeepConvNet,Kalunga2016,SSVEP
11,0.25,0.234375,0.28125,0.34375,0.328125,0.34375,0.296875,0.25,0.296875,0.203125,DeepConvNet,Kalunga2016,SSVEP
12,0.25625,0.2312499999999999,0.24375,0.2749999999999999,0.3,0.275,0.275,0.275,0.2624999999999999,0.23125,DeepConvNet,Kalunga2016,SSVEP
2,0.28125,0.265625,0.296875,0.390625,0.296875,0.328125,0.46875,0.265625,0.265625,0.390625,DeepConvNet,Kalunga2016,SSVEP
3,0.171875,0.484375,0.5,0.703125,0.65625,0.640625,0.625,0.484375,0.375,0.25,DeepConvNet,Kalunga2016,SSVEP
4,0.234375,0.28125,0.3125,0.375,0.34375,0.34375,0.421875,0.25,0.328125,0.359375,DeepConvNet,Kalunga2016,SSVEP
5,0.265625,0.1875,0.265625,0.328125,0.375,0.390625,0.375,0.203125,0.28125,0.296875,DeepConvNet,Kalunga2016,SSVEP
6,0.234375,0.25,0.34375,0.359375,0.359375,0.375,0.359375,0.296875,0.34375,0.359375,DeepConvNet,Kalunga2016,SSVEP
7,0.2291666666666666,0.3229166666666666,0.3229166666666666,0.40625,0.375,0.3958333333333333,0.46875,0.34375,0.2708333333333333,0.2708333333333333,DeepConvNet,Kalunga2016,SSVEP
8,0.28125,0.234375,0.296875,0.234375,0.1875,0.25,0.265625,0.1875,0.265625,0.28125,DeepConvNet,Kalunga2016,SSVEP
9,0.25,0.1875,0.21875,0.375,0.296875,0.328125,0.328125,0.1875,0.234375,0.21875,DeepConvNet,Kalunga2016,SSVEP
1,0.5,0.6799999999999999,0.735,0.7350000000000001,0.795,0.795,0.795,0.745,0.765,0.54,DeepConvNet,Lee2019_MI,MI
10,0.505,0.7150000000000001,0.775,0.735,0.77,0.755,0.8049999999999999,0.75,0.69,0.5800000000000001,DeepConvNet,Lee2019_MI,MI
11,0.52,0.655,0.67,0.635,0.715,0.6599999999999999,0.755,0.6950000000000001,0.565,0.54,DeepConvNet,Lee2019_MI,MI
12,0.5,0.735,0.79,0.81,0.815,0.765,0.79,0.765,0.75,0.535,DeepConvNet,Lee2019_MI,MI
13,0.505,0.73,0.76,0.7949999999999999,0.79,0.745,0.795,0.79,0.7150000000000001,0.575,DeepConvNet,Lee2019_MI,MI
14,0.475,0.6799999999999999,0.725,0.665,0.77,0.7,0.785,0.74,0.685,0.5249999999999999,DeepConvNet,Lee2019_MI,MI
15,0.71,0.815,0.86,0.89,0.93,0.88,0.91,0.815,0.91,0.675,DeepConvNet,Lee2019_MI,MI
16,0.56,0.77,0.845,0.8200000000000001,0.86,0.865,0.845,0.81,0.74,0.62,DeepConvNet,Lee2019_MI,MI
17,0.4,0.78,0.7,0.77,0.85,0.73,0.88,0.85,0.7250000000000001,0.525,DeepConvNet,Lee2019_MI,MI
18,0.48,0.91,0.96,0.91,0.935,0.91,0.955,0.92,0.875,0.5700000000000001,DeepConvNet,Lee2019_MI,MI
19,0.55,0.74,0.7749999999999999,0.77,0.865,0.835,0.845,0.77,0.645,0.5650000000000001,DeepConvNet,Lee2019_MI,MI
2,0.475,0.7,0.795,0.88,0.875,0.8400000000000001,0.835,0.7749999999999999,0.7649999999999999,0.615,DeepConvNet,Lee2019_MI,MI
20,0.54,0.875,0.8899999999999999,0.885,0.88,0.89,0.88,0.895,0.875,0.61,DeepConvNet,Lee2019_MI,MI
21,0.605,0.775,0.925,0.96,0.98,0.975,0.965,0.895,0.88,0.575,DeepConvNet,Lee2019_MI,MI
22,0.475,0.63,0.66,0.8200000000000001,0.855,0.7949999999999999,0.85,0.745,0.6699999999999999,0.415,DeepConvNet,Lee2019_MI,MI
23,0.495,0.64,0.775,0.745,0.8400000000000001,0.8,0.865,0.715,0.7749999999999999,0.505,DeepConvNet,Lee2019_MI,MI
24,0.53,0.685,0.835,0.775,0.85,0.815,0.835,0.7649999999999999,0.7749999999999999,0.55,DeepConvNet,Lee2019_MI,MI
25,0.75,0.85,0.92,0.815,0.91,0.8899999999999999,0.87,0.89,0.875,0.78,DeepConvNet,Lee2019_MI,MI
26,0.575,0.84,0.86,0.8200000000000001,0.87,0.835,0.835,0.855,0.87,0.6799999999999999,DeepConvNet,Lee2019_MI,MI
27,0.6499999999999999,0.895,0.89,0.885,0.925,0.92,0.885,0.895,0.905,0.75,DeepConvNet,Lee2019_MI,MI
28,0.5449999999999999,0.76,0.91,0.905,0.95,0.94,0.965,0.87,0.93,0.635,DeepConvNet,Lee2019_MI,MI
29,0.6749999999999999,0.685,0.78,0.7849999999999999,0.895,0.77,0.875,0.75,0.675,0.7150000000000001,DeepConvNet,Lee2019_MI,MI
3,0.61,0.8300000000000001,0.85,0.905,0.935,0.935,0.945,0.91,0.84,0.64,DeepConvNet,Lee2019_MI,MI
30,0.535,0.78,0.86,0.8300000000000001,0.89,0.855,0.905,0.85,0.725,0.595,DeepConvNet,Lee2019_MI,MI
31,0.515,0.875,0.875,0.885,0.895,0.905,0.905,0.9,0.86,0.635,DeepConvNet,Lee2019_MI,MI
32,0.55,0.825,0.865,0.915,0.965,0.97,0.97,0.91,0.7949999999999999,0.56,DeepConvNet,Lee2019_MI,MI
33,0.535,0.985,0.965,0.96,0.985,0.99,0.99,0.985,0.97,0.56,DeepConvNet,Lee2019_MI,MI
34,0.545,0.635,0.665,0.67,0.7150000000000001,0.6599999999999999,0.675,0.7,0.63,0.595,DeepConvNet,Lee2019_MI,MI
35,0.8300000000000001,0.96,0.955,0.875,0.96,0.95,0.96,0.975,0.935,0.8400000000000001,DeepConvNet,Lee2019_MI,MI
36,0.53,0.93,0.98,0.99,0.99,0.985,0.985,0.97,0.985,0.645,DeepConvNet,Lee2019_MI,MI
37,0.505,0.97,0.965,0.9,0.96,0.945,0.94,0.975,0.96,0.41,DeepConvNet,Lee2019_MI,MI
38,0.61,0.855,0.72,0.81,0.855,0.835,0.855,0.8400000000000001,0.63,0.655,DeepConvNet,Lee2019_MI,MI
39,0.535,0.725,0.815,0.8300000000000001,0.84,0.795,0.855,0.8300000000000001,0.755,0.55,DeepConvNet,Lee2019_MI,MI
4,0.515,0.755,0.71,0.74,0.815,0.77,0.7949999999999999,0.79,0.69,0.5700000000000001,DeepConvNet,Lee2019_MI,MI
40,0.495,0.73,0.865,0.88,0.91,0.8999999999999999,0.8999999999999999,0.7949999999999999,0.6950000000000001,0.56,DeepConvNet,Lee2019_MI,MI
41,0.47,0.75,0.74,0.7849999999999999,0.83,0.8,0.825,0.77,0.575,0.5549999999999999,DeepConvNet,Lee2019_MI,MI
42,0.435,0.64,0.71,0.7749999999999999,0.8,0.775,0.805,0.685,0.79,0.49,DeepConvNet,Lee2019_MI,MI
43,0.48,0.72,0.815,0.88,0.92,0.8999999999999999,0.925,0.7949999999999999,0.78,0.565,DeepConvNet,Lee2019_MI,MI
44,0.49,0.77,0.855,0.76,0.89,0.84,0.885,0.8600000000000001,0.78,0.535,DeepConvNet,Lee2019_MI,MI
45,0.525,0.8899999999999999,0.91,0.945,0.955,0.945,0.95,0.965,0.89,0.575,DeepConvNet,Lee2019_MI,MI
46,0.53,0.7,0.745,0.785,0.78,0.75,0.76,0.765,0.665,0.515,DeepConvNet,Lee2019_MI,MI
47,0.645,0.745,0.845,0.865,0.885,0.86,0.88,0.825,0.86,0.64,DeepConvNet,Lee2019_MI,MI
48,0.495,0.6,0.71,0.7,0.755,0.69,0.725,0.6,0.72,0.54,DeepConvNet,Lee2019_MI,MI
49,0.5549999999999999,0.815,0.86,0.775,0.87,0.825,0.865,0.8500000000000001,0.7,0.56,DeepConvNet,Lee2019_MI,MI
5,0.575,0.865,0.935,0.825,0.925,0.905,0.925,0.91,0.875,0.53,DeepConvNet,Lee2019_MI,MI
50,0.515,0.685,0.625,0.715,0.73,0.72,0.75,0.73,0.53,0.53,DeepConvNet,Lee2019_MI,MI
51,0.54,0.765,0.795,0.755,0.8049999999999999,0.755,0.785,0.81,0.75,0.505,DeepConvNet,Lee2019_MI,MI
52,0.55,0.725,0.845,0.845,0.91,0.88,0.865,0.815,0.75,0.555,DeepConvNet,Lee2019_MI,MI
53,0.505,0.775,0.775,0.78,0.8049999999999999,0.765,0.81,0.81,0.8049999999999999,0.625,DeepConvNet,Lee2019_MI,MI
54,0.5499999999999999,0.63,0.715,0.72,0.77,0.72,0.8,0.64,0.665,0.6499999999999999,DeepConvNet,Lee2019_MI,MI
6,0.68,0.915,0.91,0.88,0.94,0.925,0.95,0.92,0.825,0.75,DeepConvNet,Lee2019_MI,MI
7,0.52,0.8200000000000001,0.73,0.79,0.85,0.825,0.865,0.865,0.6699999999999999,0.62,DeepConvNet,Lee2019_MI,MI
8,0.54,0.6799999999999999,0.785,0.77,0.815,0.78,0.81,0.755,0.79,0.615,DeepConvNet,Lee2019_MI,MI
9,0.48,0.85,0.88,0.825,0.875,0.845,0.885,0.845,0.855,0.51,DeepConvNet,Lee2019_MI,MI
1,0.31,0.95,0.965,0.95,0.965,0.965,0.955,0.965,0.96,0.39,DeepConvNet,Lee2019_SSVEP,SSVEP
10,0.235,0.99,1.0,0.995,0.995,0.995,0.995,1.0,1.0,0.45,DeepConvNet,Lee2019_SSVEP,SSVEP
11,0.47,1.0,1.0,1.0,1.0,1.0,1.0,1.0,1.0,0.435,DeepConvNet,Lee2019_SSVEP,SSVEP
12,0.3500000000000001,0.985,0.975,0.975,0.975,0.98,0.97,0.975,0.98,0.425,DeepConvNet,Lee2019_SSVEP,SSVEP
13,0.32,1.0,0.99,0.995,0.995,0.995,0.995,0.995,0.93,0.485,DeepConvNet,Lee2019_SSVEP,SSVEP
14,0.245,0.95,0.95,0.93,0.975,0.955,0.985,0.97,0.855,0.465,DeepConvNet,Lee2019_SSVEP,SSVEP
15,0.295,1.0,0.985,1.0,1.0,1.0,1.0,1.0,0.8799999999999999,0.66,DeepConvNet,Lee2019_SSVEP,SSVEP
16,0.35,1.0,1.0,1.0,1.0,1.0,1.0,1.0,1.0,0.43,DeepConvNet,Lee2019_SSVEP,SSVEP
17,0.21,0.965,0.99,0.975,0.97,0.975,0.985,0.99,0.98,0.36,DeepConvNet,Lee2019_SSVEP,SSVEP
18,0.415,0.99,0.995,0.99,0.99,0.985,0.985,0.995,0.995,0.695,DeepConvNet,Lee2019_SSVEP,SSVEP
19,0.21,0.98,0.99,0.98,0.985,0.985,0.98,0.99,0.98,0.445,DeepConvNet,Lee2019_SSVEP,SSVEP
2,0.27,0.995,0.995,0.995,0.995,0.995,0.995,0.995,0.99,0.29,DeepConvNet,Lee2019_SSVEP,SSVEP
20,0.265,0.995,1.0,0.995,0.995,0.99,0.99,0.99,0.995,0.315,DeepConvNet,Lee2019_SSVEP,SSVEP
21,0.51,0.975,0.99,0.955,0.98,0.98,0.985,0.97,0.99,0.52,DeepConvNet,Lee2019_SSVEP,SSVEP
22,0.275,0.975,0.955,0.975,0.98,0.97,0.98,0.985,0.935,0.34,DeepConvNet,Lee2019_SSVEP,SSVEP
23,0.245,0.485,0.5,0.345,0.575,0.475,0.55,0.535,0.32,0.24,DeepConvNet,Lee2019_SSVEP,SSVEP
24,0.265,0.995,0.985,0.99,0.995,0.995,0.995,0.995,0.96,0.315,DeepConvNet,Lee2019_SSVEP,SSVEP
25,0.43,0.975,0.985,0.95,0.975,0.975,0.97,0.98,0.985,0.5,DeepConvNet,Lee2019_SSVEP,SSVEP
26,0.38,1.0,0.995,1.0,0.995,0.995,1.0,1.0,0.99,0.53,DeepConvNet,Lee2019_SSVEP,SSVEP
27,0.415,0.99,0.995,0.995,0.99,0.99,0.995,0.99,1.0,0.48,DeepConvNet,Lee2019_SSVEP,SSVEP
28,0.345,0.99,0.99,0.98,0.985,0.985,0.99,0.985,0.98,0.395,DeepConvNet,Lee2019_SSVEP,SSVEP
29,0.305,0.975,0.985,0.98,0.985,0.985,0.985,0.99,0.935,0.395,DeepConvNet,Lee2019_SSVEP,SSVEP
3,0.3149999999999999,0.94,0.935,0.94,0.945,0.925,0.935,0.94,0.945,0.515,DeepConvNet,Lee2019_SSVEP,SSVEP
30,0.405,0.995,0.995,0.995,1.0,1.0,0.995,1.0,0.995,0.62,DeepConvNet,Lee2019_SSVEP,SSVEP
31,0.405,1.0,1.0,1.0,1.0,1.0,1.0,1.0,1.0,0.375,DeepConvNet,Lee2019_SSVEP,SSVEP
32,0.255,0.97,0.965,0.925,0.98,0.95,0.975,0.98,0.92,0.49,DeepConvNet,Lee2019_SSVEP,SSVEP
33,0.3299999999999999,1.0,0.995,1.0,1.0,1.0,1.0,1.0,1.0,0.55,DeepConvNet,Lee2019_SSVEP,SSVEP
34,0.295,0.875,0.845,0.855,0.8999999999999999,0.845,0.92,0.895,0.81,0.295,DeepConvNet,Lee2019_SSVEP,SSVEP
35,0.285,0.995,0.99,0.995,0.995,0.99,0.995,0.995,0.98,0.55,DeepConvNet,Lee2019_SSVEP,SSVEP
36,0.605,1.0,1.0,1.0,1.0,1.0,1.0,1.0,1.0,0.635,DeepConvNet,Lee2019_SSVEP,SSVEP
37,0.245,0.995,0.985,0.995,0.995,0.995,0.995,0.99,0.99,0.455,DeepConvNet,Lee2019_SSVEP,SSVEP
38,0.285,0.995,0.995,0.995,0.995,0.995,0.99,0.99,0.995,0.5900000000000001,DeepConvNet,Lee2019_SSVEP,SSVEP
39,0.3,1.0,1.0,1.0,1.0,1.0,1.0,1.0,1.0,0.435,DeepConvNet,Lee2019_SSVEP,SSVEP
4,0.62,1.0,1.0,1.0,1.0,1.0,1.0,1.0,1.0,0.625,DeepConvNet,Lee2019_SSVEP,SSVEP
40,0.27,0.96,0.94,0.94,0.955,0.945,0.945,0.96,0.955,0.28,DeepConvNet,Lee2019_SSVEP,SSVEP
41,0.455,0.99,0.995,0.99,0.995,0.99,0.995,0.99,0.99,0.54,DeepConvNet,Lee2019_SSVEP,SSVEP
42,0.27,0.825,0.835,0.845,0.84,0.82,0.815,0.82,0.84,0.38,DeepConvNet,Lee2019_SSVEP,SSVEP
43,0.28,1.0,1.0,1.0,1.0,1.0,1.0,1.0,1.0,0.69,DeepConvNet,Lee2019_SSVEP,SSVEP
44,0.325,1.0,0.995,1.0,1.0,1.0,1.0,1.0,0.995,0.6200000000000001,DeepConvNet,Lee2019_SSVEP,SSVEP
45,0.245,0.965,0.98,0.965,0.975,0.97,0.985,0.96,0.96,0.355,DeepConvNet,Lee2019_SSVEP,SSVEP
46,0.31,0.995,0.995,0.995,1.0,1.0,1.0,1.0,0.945,0.51,DeepConvNet,Lee2019_SSVEP,SSVEP
47,0.265,0.665,0.64,0.665,0.675,0.675,0.6950000000000001,0.7149999999999999,0.63,0.28,DeepConvNet,Lee2019_SSVEP,SSVEP
48,0.385,0.995,0.995,0.995,0.995,0.995,0.995,0.995,0.995,0.615,DeepConvNet,Lee2019_SSVEP,SSVEP
49,0.425,1.0,1.0,1.0,1.0,1.0,1.0,1.0,1.0,0.515,DeepConvNet,Lee2019_SSVEP,SSVEP
5,0.245,0.86,0.875,0.8599999999999999,0.8799999999999999,0.85,0.845,0.8799999999999999,0.8600000000000001,0.37,DeepConvNet,Lee2019_SSVEP,SSVEP
50,0.275,1.0,1.0,0.995,1.0,1.0,1.0,1.0,0.99,0.4649999999999999,DeepConvNet,Lee2019_SSVEP,SSVEP
51,0.24,0.835,0.865,0.85,0.885,0.84,0.875,0.8749999999999999,0.845,0.345,DeepConvNet,Lee2019_SSVEP,SSVEP
52,0.31,1.0,1.0,0.995,1.0,1.0,1.0,1.0,0.985,0.3849999999999999,DeepConvNet,Lee2019_SSVEP,SSVEP
53,0.285,1.0,1.0,1.0,1.0,1.0,1.0,1.0,1.0,0.51,DeepConvNet,Lee2019_SSVEP,SSVEP
54,0.215,0.8799999999999999,0.8899999999999999,0.8599999999999999,0.8899999999999999,0.87,0.8999999999999999,0.915,0.78,0.275,DeepConvNet,Lee2019_SSVEP,SSVEP
6,0.42,1.0,1.0,0.995,1.0,1.0,1.0,1.0,1.0,0.55,DeepConvNet,Lee2019_SSVEP,SSVEP
7,0.375,0.995,1.0,0.995,0.995,0.995,0.995,0.995,1.0,0.66,DeepConvNet,Lee2019_SSVEP,SSVEP
8,0.2299999999999999,0.97,0.955,0.975,0.98,0.975,0.975,0.985,0.975,0.3049999999999999,DeepConvNet,Lee2019_SSVEP,SSVEP
9,0.295,1.0,0.99,0.995,0.99,0.985,0.99,0.99,0.995,0.445,DeepConvNet,Lee2019_SSVEP,SSVEP
1,0.192,0.1666666666666666,0.2446666666666666,0.2093333333333333,0.2393333333333333,0.2013333333333333,0.198,0.1786666666666666,0.308,0.2086666666666666,DeepConvNet,MAMEM2,SSVEP
10,0.2233333333333333,0.1426666666666666,0.1919999999999999,0.172,0.158,0.172,0.1946666666666666,0.1686666666666667,0.1426666666666666,0.188,DeepConvNet,MAMEM2,SSVEP
2,0.19,0.2386666666666666,0.2146666666666667,0.2739999999999999,0.292,0.2706666666666666,0.3359999999999999,0.2633333333333333,0.2193333333333333,0.2306666666666666,DeepConvNet,MAMEM2,SSVEP
3,0.164,0.2506666666666666,0.2433333333333333,0.2153333333333333,0.2313333333333333,0.208,0.1826666666666666,0.218,0.2153333333333333,0.212,DeepConvNet,MAMEM2,SSVEP
4,0.2313333333333333,0.212,0.1853333333333333,0.2513333333333333,0.1966666666666666,0.2153333333333333,0.244,0.2113333333333333,0.1866666666666666,0.19,DeepConvNet,MAMEM2,SSVEP
5,0.208,0.1973333333333333,0.2093333333333333,0.216,0.2006666666666667,0.184,0.2693333333333333,0.1846666666666666,0.1926666666666667,0.2279999999999999,DeepConvNet,MAMEM2,SSVEP
6,0.2553333333333333,0.1753333333333333,0.2306666666666666,0.1826666666666666,0.188,0.1646666666666666,0.2033333333333333,0.1646666666666666,0.2206666666666667,0.1926666666666667,DeepConvNet,MAMEM2,SSVEP
7,0.1666666666666666,0.2066666666666667,0.164,0.2053333333333333,0.2093333333333333,0.2093333333333333,0.1806666666666667,0.174,0.2506666666666666,0.1793333333333333,DeepConvNet,MAMEM2,SSVEP
8,0.2313333333333333,0.206,0.206,0.2106666666666667,0.216,0.1986666666666666,0.27,0.25,0.2546666666666666,0.1806666666666666,DeepConvNet,MAMEM2,SSVEP
9,0.2033333333333333,0.1466666666666666,0.1126666666666666,0.19,0.2306666666666666,0.1673333333333333,0.158,0.2226666666666666,0.1386666666666666,0.2266666666666667,DeepConvNet,MAMEM2,SSVEP
1,0.8783333333333333,0.95,0.9766666666666666,0.9583333333333331,0.97,0.9583333333333331,0.965,0.96,0.9666666666666668,0.8466666666666667,DeepConvNet,Yang2025,MI
10,0.7566666666666666,0.885,0.905,0.8733333333333333,0.8883333333333333,0.8833333333333333,0.9033333333333332,0.8983333333333334,0.8833333333333333,0.765,DeepConvNet,Yang2025,MI
11,0.7283333333333333,0.91,0.955,0.9033333333333332,0.9416666666666668,0.9033333333333332,0.9266666666666667,0.9166666666666669,0.9383333333333332,0.785,DeepConvNet,Yang2025,MI
12,0.5333333333333333,0.6066666666666667,0.6016666666666667,0.645,0.645,0.6266666666666667,0.595,0.6216666666666666,0.655,0.525,DeepConvNet,Yang2025,MI
13,0.7366666666666667,0.8200000000000001,0.8483333333333334,0.7916666666666667,0.8500000000000001,0.7916666666666667,0.8616666666666667,0.8433333333333333,0.7933333333333333,0.7250000000000001,DeepConvNet,Yang2025,MI
14,0.5066666666666667,0.6083333333333334,0.605,0.585,0.6033333333333333,0.5916666666666667,0.5616666666666666,0.5700000000000001,0.5833333333333333,0.5083333333333333,DeepConvNet,Yang2025,MI
15,0.6933333333333334,0.8500000000000001,0.8683333333333334,0.8166666666666667,0.89,0.8266666666666667,0.8783333333333334,0.8866666666666667,0.845,0.6583333333333333,DeepConvNet,Yang2025,MI
16,0.55,0.615,0.6683333333333333,0.61,0.6366666666666667,0.6283333333333334,0.6633333333333333,0.6283333333333333,0.6399999999999999,0.54,DeepConvNet,Yang2025,MI
17,0.735,0.8366666666666667,0.8483333333333334,0.8483333333333334,0.8516666666666667,0.855,0.8316666666666667,0.855,0.8416666666666667,0.7316666666666667,DeepConvNet,Yang2025,MI
18,0.63,0.6683333333333333,0.7433333333333333,0.6566666666666667,0.6933333333333334,0.6833333333333333,0.7266666666666667,0.6983333333333334,0.735,0.5833333333333333,DeepConvNet,Yang2025,MI
19,0.7633333333333333,0.8783333333333333,0.8966666666666667,0.8733333333333333,0.8833333333333333,0.875,0.8816666666666667,0.885,0.8783333333333334,0.7383333333333333,DeepConvNet,Yang2025,MI
2,0.5783333333333334,0.7,0.7216666666666667,0.7183333333333333,0.7016666666666667,0.715,0.6950000000000001,0.7133333333333334,0.7416666666666667,0.5516666666666666,DeepConvNet,Yang2025,MI
20,0.8216666666666667,0.87,0.9483333333333333,0.8066666666666666,0.9583333333333334,0.8766666666666667,0.9516666666666668,0.9416666666666668,0.7883333333333333,0.8816666666666666,DeepConvNet,Yang2025,MI
21,0.7666666666666666,0.9216666666666666,0.9283333333333332,0.8983333333333333,0.925,0.9166666666666666,0.9316666666666666,0.9233333333333332,0.9266666666666667,0.825,DeepConvNet,Yang2025,MI
22,0.7633333333333334,0.8783333333333334,0.905,0.8583333333333334,0.89,0.885,0.8916666666666666,0.8766666666666667,0.8683333333333334,0.7533333333333334,DeepConvNet,Yang2025,MI
23,0.8430546265328874,0.9649219620958752,0.9849721293199554,0.9666109253065776,0.9749498327759196,0.969933110367893,0.9766332218506132,0.9799721293199556,0.959927536231884,0.8914158305462654,DeepConvNet,Yang2025,MI
24,0.93932523127154,0.9713858153455468,0.9865204970070742,0.9478845456194448,0.9848653183384728,0.9764533829131145,0.9713744785053512,0.9814869399600944,0.9679734264465808,0.9124002358062762,DeepConvNet,Yang2025,MI
25,0.8966666666666667,0.9533333333333334,0.9783333333333332,0.9466666666666668,0.9716666666666668,0.9533333333333334,0.9666666666666668,0.9716666666666668,0.9366666666666666,0.8933333333333333,DeepConvNet,Yang2025,MI
26,0.7999275362318841,0.924866220735786,0.949933110367893,0.9281939799331104,0.948221850613155,0.9332107023411372,0.9549163879598662,0.951577480490524,0.8429821627647714,0.8563322185061315,DeepConvNet,Yang2025,MI
27,0.655,0.6766666666666666,0.75,0.7116666666666667,0.7250000000000001,0.6783333333333332,0.7083333333333334,0.7116666666666667,0.685,0.6733333333333333,DeepConvNet,Yang2025,MI
28,0.7483333333333333,0.8483333333333334,0.9433333333333334,0.8383333333333334,0.8783333333333334,0.86,0.8833333333333333,0.8966666666666667,0.9033333333333332,0.7583333333333333,DeepConvNet,Yang2025,MI
29,0.6983333333333334,0.8049999999999999,0.9116666666666666,0.81,0.8816666666666666,0.8183333333333334,0.8716666666666667,0.8616666666666667,0.8016666666666666,0.7683333333333333,DeepConvNet,Yang2025,MI
3,0.8999999999999999,0.9633333333333334,0.9766666666666668,0.9666666666666668,0.9816666666666668,0.9683333333333334,0.9833333333333334,0.9866666666666666,0.975,0.8666666666666667,DeepConvNet,Yang2025,MI
30,0.745,0.9516666666666668,0.975,0.89,0.9733333333333334,0.94,0.9716666666666668,0.9716666666666668,0.9583333333333331,0.8733333333333333,DeepConvNet,Yang2025,MI
31,0.65,0.7966666666666666,0.8433333333333333,0.775,0.81,0.7849999999999999,0.8033333333333333,0.8166666666666667,0.8033333333333333,0.72,DeepConvNet,Yang2025,MI
32,0.5493924191750279,0.6228706800445931,0.6811984392419175,0.6078260869565217,0.6227536231884059,0.6243924191750279,0.6361092530657748,0.6245707915273133,0.6146321070234114,0.4975027870680044,DeepConvNet,Yang2025,MI
33,0.8483333333333334,0.9383333333333334,0.9833333333333332,0.955,0.975,0.9666666666666668,0.9783333333333332,0.965,0.9666666666666668,0.8416666666666667,DeepConvNet,Yang2025,MI
34,0.7516666666666667,0.75,0.8416666666666667,0.6483333333333333,0.7933333333333333,0.7583333333333333,0.8066666666666666,0.7916666666666667,0.6433333333333333,0.7183333333333333,DeepConvNet,Yang2025,MI
35,0.9033333333333332,0.975,0.9833333333333334,0.9766666666666666,0.98,0.975,0.9816666666666668,0.98,0.9783333333333332,0.9133333333333332,DeepConvNet,Yang2025,MI
36,0.8733333333333333,0.9366666666666668,0.9466666666666668,0.94,0.945,0.9366666666666668,0.9516666666666668,0.94,0.9366666666666666,0.87,DeepConvNet,Yang2025,MI
37,0.865,0.8983333333333333,0.9483333333333333,0.8866666666666667,0.9216666666666666,0.9033333333333332,0.935,0.9266666666666666,0.885,0.825,DeepConvNet,Yang2025,MI
38,0.6183333333333333,0.7883333333333333,0.7266666666666667,0.6816666666666666,0.7833333333333334,0.7766666666666666,0.7766666666666666,0.7833333333333333,0.5983333333333334,0.7016666666666667,DeepConvNet,Yang2025,MI
39,0.6766666666666667,0.76,0.8333333333333333,0.7416666666666667,0.77,0.77,0.7716666666666667,0.7733333333333333,0.7583333333333333,0.6283333333333334,DeepConvNet,Yang2025,MI
4,0.5066666666666667,0.5616666666666666,0.5616666666666666,0.6,0.5883333333333334,0.5700000000000001,0.61,0.5833333333333333,0.615,0.4866666666666666,DeepConvNet,Yang2025,MI
40,0.71,0.8666666666666667,0.89,0.875,0.8833333333333333,0.8666666666666667,0.88,0.88,0.8766666666666667,0.7066666666666667,DeepConvNet,Yang2025,MI
41,0.8,0.9016666666666666,0.925,0.895,0.9216666666666666,0.8983333333333333,0.9183333333333332,0.9183333333333332,0.8766666666666667,0.7666666666666666,DeepConvNet,Yang2025,MI
42,0.6933333333333334,0.8283333333333334,0.8516666666666667,0.8516666666666667,0.8433333333333333,0.845,0.845,0.8366666666666667,0.865,0.665,DeepConvNet,Yang2025,MI
43,0.9433333333333334,0.9966666666666668,1.0,0.995,0.9983333333333332,0.995,0.9983333333333332,1.0,0.9983333333333332,0.9533333333333334,DeepConvNet,Yang2025,MI
44,0.6016666666666667,0.7366666666666667,0.7883333333333333,0.7416666666666667,0.7683333333333333,0.7533333333333334,0.7666666666666666,0.7733333333333333,0.7533333333333334,0.595,DeepConvNet,Yang2025,MI
45,0.825,0.9033333333333332,0.9166666666666669,0.9016666666666666,0.9033333333333332,0.8983333333333333,0.9133333333333332,0.9066666666666668,0.915,0.7683333333333333,DeepConvNet,Yang2025,MI
46,0.9133333333333332,0.9883333333333332,0.9966666666666666,0.9783333333333332,0.9933333333333334,0.9883333333333332,0.9966666666666668,0.9916666666666668,0.985,0.9283333333333332,DeepConvNet,Yang2025,MI
47,0.8166666666666667,0.9166666666666666,0.9416666666666668,0.9183333333333332,0.9366666666666666,0.9133333333333332,0.94,0.9216666666666666,0.9233333333333332,0.8583333333333334,DeepConvNet,Yang2025,MI
48,0.6733333333333333,0.9033333333333332,0.9333333333333332,0.9,0.9316666666666666,0.91,0.9366666666666668,0.9183333333333332,0.8916666666666666,0.8066666666666666,DeepConvNet,Yang2025,MI
49,0.8833333333333333,0.9016666666666666,0.9866666666666666,0.8783333333333334,0.9583333333333331,0.9116666666666666,0.955,0.95,0.9566666666666668,0.7983333333333333,DeepConvNet,Yang2025,MI
5,0.825,0.8766666666666667,0.9166666666666666,0.8883333333333334,0.905,0.8883333333333334,0.9066666666666668,0.8933333333333333,0.8983333333333333,0.7683333333333333,DeepConvNet,Yang2025,MI
50,0.8883333333333333,0.96,0.9766666666666668,0.97,0.9716666666666668,0.9633333333333334,0.9816666666666668,0.97,0.965,0.8533333333333333,DeepConvNet,Yang2025,MI
51,0.7733333333333333,0.9366666666666666,0.94,0.8983333333333334,0.9483333333333333,0.935,0.935,0.94,0.9066666666666668,0.8033333333333333,DeepConvNet,Yang2025,MI
6,0.8966666666666667,0.98,0.985,0.9616666666666668,0.9733333333333334,0.975,0.9783333333333332,0.9833333333333334,0.9583333333333334,0.9166666666666666,DeepConvNet,Yang2025,MI
7,0.7,0.7866666666666666,0.86,0.83,0.8433333333333333,0.8283333333333334,0.855,0.8466666666666667,0.8266666666666667,0.7083333333333333,DeepConvNet,Yang2025,MI
8,0.8216666666666667,0.925,0.9566666666666668,0.9366666666666668,0.9383333333333334,0.93,0.935,0.9366666666666666,0.95,0.8416666666666666,DeepConvNet,Yang2025,MI
9,0.665,0.7283333333333333,0.7366666666666667,0.7433333333333333,0.735,0.7250000000000001,0.74,0.7216666666666667,0.775,0.6416666666666666,DeepConvNet,Yang2025,MI
1,0.6704900860456415,0.6643942694923087,0.6966594045025418,0.6612622961642569,0.765982702845448,0.6856151933276117,0.7671948240575692,0.7549481745560177,0.5004850245373121,0.7339842873176206,EEGNetv4,BI2015a,P300
10,0.8016129032258064,0.8005376344086022,0.8483870967741935,0.8290322580645162,0.9043010752688172,0.8413978494623656,0.8924731182795699,0.8908602150537634,0.717741935483871,0.8161290322580645,EEGNetv4,BI2015a,P300
11,0.7133333333333334,0.7033333333333334,0.7875,0.6799999999999999,0.8183333333333334,0.7095833333333333,0.8558333333333333,0.8141666666666667,0.59375,0.7845833333333334,EEGNetv4,BI2015a,P300
12,0.693010752688172,0.6948924731182796,0.7422043010752688,0.6626344086021505,0.7422043010752688,0.7045698924731183,0.7696236559139785,0.743010752688172,0.5653225806451613,0.6811827956989247,EEGNetv4,BI2015a,P300
13,0.843859649122807,0.7285087719298246,0.8868421052631579,0.6956140350877194,0.8543859649122807,0.737719298245614,0.850438596491228,0.8442982456140351,0.7280701754385965,0.8114035087719298,EEGNetv4,BI2015a,P300
14,0.726923076923077,0.6811965811965812,0.7623931623931623,0.6606837606837607,0.7824786324786325,0.6876068376068376,0.788888888888889,0.7901709401709401,0.5072649572649572,0.7619658119658119,EEGNetv4,BI2015a,P300
15,0.7714285714285715,0.7609523809523809,0.8404761904761905,0.7771428571428571,0.8352380952380953,0.7704761904761905,0.8466666666666667,0.8304761904761905,0.7914285714285714,0.7838095238095238,EEGNetv4,BI2015a,P300
16,0.810952380952381,0.7923809523809524,0.8433333333333333,0.829047619047619,0.8804761904761905,0.8166666666666667,0.8652380952380953,0.868095238095238,0.7261904761904763,0.7895238095238095,EEGNetv4,BI2015a,P300
17,0.7451851851851852,0.6844444444444444,0.7825925925925926,0.6696296296296296,0.7925925925925926,0.71,0.8111111111111111,0.778888888888889,0.63,0.7581481481481482,EEGNetv4,BI2015a,P300
18,0.7418518518518518,0.6559259259259259,0.782962962962963,0.6277777777777778,0.7988888888888889,0.6811111111111111,0.8274074074074074,0.8003703703703704,0.567037037037037,0.7548148148148148,EEGNetv4,BI2015a,P300
19,0.726,0.683,0.7806666666666666,0.7050000000000001,0.7849999999999999,0.692,0.8206666666666667,0.7723333333333333,0.7110000000000001,0.7416666666666667,EEGNetv4,BI2015a,P300
2,0.7976190476190477,0.7567460317460317,0.8742063492063492,0.8130952380952381,0.8662698412698413,0.7853174603174603,0.8916666666666666,0.861904761904762,0.7011904761904761,0.7861111111111111,EEGNetv4,BI2015a,P300
20,0.7988888888888889,0.767037037037037,0.8385185185185186,0.7566666666666666,0.8418518518518519,0.7792592592592593,0.865925925925926,0.8366666666666667,0.6566666666666667,0.7807407407407407,EEGNetv4,BI2015a,P300
21,0.7928571428571429,0.7533333333333333,0.8738095238095238,0.7819047619047619,0.8423809523809525,0.7723809523809524,0.8814285714285715,0.8423809523809525,0.7771428571428571,0.7738095238095237,EEGNetv4,BI2015a,P300
22,0.7473484848484848,0.7356060606060606,0.831060606060606,0.7162878787878788,0.8280303030303031,0.7492424242424243,0.8416666666666667,0.8166666666666667,0.749621212121212,0.7753787878787879,EEGNetv4,BI2015a,P300
23,0.7412280701754386,0.706578947368421,0.775438596491228,0.7412280701754386,0.8092105263157894,0.7175438596491228,0.8035087719298246,0.8092105263157894,0.6763157894736842,0.756578947368421,EEGNetv4,BI2015a,P300
24,0.7930555555555556,0.7467592592592593,0.8777777777777778,0.7481481481481481,0.8546296296296296,0.7601851851851852,0.8777777777777778,0.8472222222222222,0.7300925925925925,0.8055555555555556,EEGNetv4,BI2015a,P300
25,0.7195402298850575,0.6649425287356322,0.7511494252873563,0.6370689655172415,0.7991379310344828,0.6795977011494253,0.8051724137931034,0.7982758620689655,0.5433908045977012,0.7629310344827587,EEGNetv4,BI2015a,P300
26,0.8381720430107527,0.843010752688172,0.8935483870967742,0.8817204301075269,0.906989247311828,0.860752688172043,0.9209677419354838,0.9026881720430108,0.8188172043010753,0.8435483870967742,EEGNetv4,BI2015a,P300
27,0.6778481012658227,0.6267932489451477,0.7183544303797469,0.6139240506329113,0.7251054852320675,0.6367088607594937,0.730379746835443,0.7280590717299578,0.5253164556962026,0.6852320675105485,EEGNetv4,BI2015a,P300
28,0.7106666666666667,0.6403333333333333,0.76,0.6206666666666667,0.747,0.638,0.7783333333333333,0.742,0.6143333333333333,0.7176666666666667,EEGNetv4,BI2015a,P300
29,0.7009803921568627,0.703921568627451,0.7601307189542483,0.5800653594771241,0.7604575163398692,0.7081699346405228,0.7937908496732027,0.7630718954248366,0.5676470588235294,0.7032679738562091,EEGNetv4,BI2015a,P300
3,0.846551724137931,0.8206896551724138,0.8781609195402299,0.7879310344827586,0.9109195402298852,0.8482758620689654,0.9477011494252874,0.8954022988505748,0.7833333333333333,0.8517241379310345,EEGNetv4,BI2015a,P300
30,0.6888888888888889,0.8561728395061728,0.741358024691358,0.85,0.9049382716049384,0.8666666666666667,0.9395061728395062,0.8814814814814815,0.8753086419753087,0.8055555555555556,EEGNetv4,BI2015a,P300
31,0.6773333333333333,0.6093333333333333,0.6946666666666667,0.5522222222222222,0.6971111111111111,0.6148888888888888,0.6946666666666667,0.7015555555555555,0.5151111111111111,0.6693333333333333,EEGNetv4,BI2015a,P300
32,0.7672043010752688,0.7403225806451612,0.821505376344086,0.7747311827956989,0.8177419354838709,0.753763440860215,0.843010752688172,0.8091397849462365,0.7311827956989247,0.7440860215053764,EEGNetv4,BI2015a,P300
33,0.7944444444444445,0.7107142857142857,0.8269841269841269,0.7376984126984127,0.8432539682539683,0.7273809523809525,0.8753968253968254,0.8305555555555555,0.6956349206349206,0.8265873015873015,EEGNetv4,BI2015a,P300
34,0.7842857142857143,0.7519047619047619,0.8438095238095238,0.7495238095238095,0.8338095238095238,0.7547619047619047,0.8471428571428572,0.8280952380952381,0.6880952380952381,0.76,EEGNetv4,BI2015a,P300
35,0.6355072463768117,0.6328502415458936,0.6821256038647343,0.6521739130434783,0.685024154589372,0.648792270531401,0.6809178743961353,0.678743961352657,0.5024154589371981,0.6381642512077295,EEGNetv4,BI2015a,P300
36,0.8,0.7520833333333333,0.8758333333333332,0.7395833333333333,0.8458333333333333,0.75625,0.8729166666666667,0.855,0.77625,0.7841666666666667,EEGNetv4,BI2015a,P300
37,0.71,0.6030952380952381,0.7440476190476191,0.53,0.7223809523809523,0.6061904761904762,0.7557142857142858,0.7185714285714286,0.5833333333333334,0.704047619047619,EEGNetv4,BI2015a,P300
38,0.7981981981981983,0.7112612612612612,0.8171171171171172,0.5743243243243243,0.8009009009009009,0.7108108108108108,0.8396396396396396,0.8094594594594595,0.6468468468468469,0.7522522522522522,EEGNetv4,BI2015a,P300
39,0.7496598639455783,0.6258503401360545,0.7850340136054421,0.6156462585034014,0.7687074829931972,0.6312925170068027,0.7870748299319728,0.7663265306122449,0.5,0.6938775510204082,EEGNetv4,BI2015a,P300
4,0.7745833333333334,0.7975,0.88,0.8216666666666667,0.8816666666666666,0.8316666666666667,0.89625,0.8629166666666667,0.6875,0.8029166666666667,EEGNetv4,BI2015a,P300
40,0.7641975308641975,0.7654320987654322,0.8320987654320988,0.7703703703703704,0.8342592592592593,0.770679012345679,0.8475308641975309,0.8367283950617284,0.596604938271605,0.7848765432098765,EEGNetv4,BI2015a,P300
41,0.7544444444444445,0.6844444444444444,0.7814814814814814,0.6851851851851851,0.8037037037037037,0.6844444444444444,0.8048148148148149,0.7940740740740742,0.5640740740740741,0.7285185185185186,EEGNetv4,BI2015a,P300
42,0.6660818713450292,0.643859649122807,0.7058479532163743,0.6114035087719298,0.7222222222222223,0.6567251461988304,0.7342105263157894,0.7204678362573099,0.6,0.691812865497076,EEGNetv4,BI2015a,P300
43,0.8488505747126437,0.8517241379310345,0.9275862068965516,0.8385057471264368,0.9103448275862068,0.8557471264367815,0.9172413793103448,0.9086206896551724,0.8367816091954023,0.8189655172413792,EEGNetv4,BI2015a,P300
5,0.7954545454545454,0.8106060606060606,0.8505050505050505,0.8131313131313131,0.8717171717171717,0.8106060606060606,0.8914141414141414,0.8651515151515151,0.6338383838383839,0.8136363636363637,EEGNetv4,BI2015a,P300
6,0.7678030303030303,0.7465909090909091,0.8140151515151515,0.7450757575757576,0.8378787878787879,0.7568181818181818,0.8545454545454545,0.8359848484848484,0.628030303030303,0.7943181818181818,EEGNetv4,BI2015a,P300
7,0.7838235294117647,0.8009803921568628,0.8289215686274509,0.788235294117647,0.884313725490196,0.8068627450980392,0.8813725490196078,0.8803921568627451,0.515686274509804,0.8083333333333333,EEGNetv4,BI2015a,P300
8,0.7746031746031746,0.7527777777777778,0.8396825396825396,0.6496031746031745,0.8428571428571429,0.7603174603174603,0.8718253968253968,0.8428571428571429,0.7420634920634921,0.7833333333333333,EEGNetv4,BI2015a,P300
9,0.7711711711711712,0.6914414414414414,0.8045045045045045,0.7081081081081081,0.8036036036036036,0.6959459459459459,0.8067567567567568,0.7945945945945947,0.590990990990991,0.7504504504504504,EEGNetv4,BI2015a,P300
1,0.5138888888888888,0.7586805555555556,0.7656249999999999,0.6302083333333333,0.8229166666666667,0.7447916666666667,0.8281249999999999,0.8177083333333334,0.6145833333333334,0.546875,EEGNetv4,BNCI2014_001,MI
2,0.4444444444444444,0.4913194444444444,0.5295138888888888,0.3020833333333333,0.578125,0.4861111111111111,0.5850694444444444,0.578125,0.3107638888888889,0.5208333333333333,EEGNetv4,BNCI2014_001,MI
3,0.5503472222222222,0.7847222222222222,0.8506944444444444,0.625,0.8715277777777778,0.8072916666666666,0.8524305555555556,0.8576388888888888,0.6388888888888888,0.4982638888888889,EEGNetv4,BNCI2014_001,MI
4,0.4548611111111111,0.5902777777777778,0.6649305555555556,0.5225694444444444,0.6961805555555556,0.609375,0.7083333333333333,0.6961805555555556,0.4618055555555556,0.4878472222222222,EEGNetv4,BNCI2014_001,MI
5,0.4756944444444444,0.5034722222222222,0.5520833333333334,0.4149305555555556,0.611111111111111,0.5138888888888888,0.6024305555555556,0.6041666666666666,0.3975694444444445,0.4861111111111111,EEGNetv4,BNCI2014_001,MI
6,0.3732638888888889,0.6024305555555556,0.6111111111111112,0.4999999999999999,0.6701388888888888,0.607638888888889,0.6701388888888888,0.65625,0.3298611111111111,0.421875,EEGNetv4,BNCI2014_001,MI
7,0.4357638888888889,0.6788194444444444,0.736111111111111,0.59375,0.8072916666666666,0.6927083333333334,0.8090277777777778,0.7795138888888888,0.5086805555555556,0.4618055555555555,EEGNetv4,BNCI2014_001,MI
8,0.4670138888888889,0.6579861111111112,0.7395833333333334,0.5520833333333333,0.7760416666666667,0.6684027777777778,0.7777777777777778,0.7795138888888888,0.5434027777777777,0.4809027777777778,EEGNetv4,BNCI2014_001,MI
9,0.5677083333333333,0.7135416666666666,0.7725694444444445,0.6197916666666667,0.8125,0.7256944444444444,0.8159722222222222,0.8125,0.4670138888888889,0.6302083333333333,EEGNetv4,BNCI2014_001,MI
1,0.952759698650702,0.949034799425345,0.9678327165160566,0.91441300184049,0.9715851450153304,0.9570088319833892,0.9676424010588472,0.9681894528284208,0.905396155001793,0.9611931806555762,EEGNetv4,Huebner2017,P300
10,0.9663494221159116,0.9655743878964262,0.9780040928394208,0.919239922462831,0.9824493187150212,0.9725912722089184,0.9813159585640504,0.9791638431654172,0.9504801526985472,0.970795255437996,EEGNetv4,Huebner2017,P300
11,0.7910821297523654,0.7972122641538018,0.8233461704380669,0.7796584823362835,0.8377604085483712,0.8078366757229112,0.8426590757244193,0.8370984774507458,0.6331987027470174,0.8157381710031087,EEGNetv4,Huebner2017,P300
12,0.9335571835571836,0.9257733007733008,0.9474969474969476,0.916488603988604,0.9589311151811152,0.9415954415954416,0.9564509564509563,0.9517322954822957,0.7679461741961742,0.948221916971917,EEGNetv4,Huebner2017,P300
13,0.9547836129861418,0.9457539541205716,0.9634073741602744,0.8947763403440365,0.9674777250938592,0.9534359263135848,0.9678592931524904,0.9655191391765372,0.8612116601329993,0.9601640120109642,EEGNetv4,Huebner2017,P300
2,0.933366402116402,0.9228861416361416,0.941137566137566,0.9004375254375254,0.955776862026862,0.9346128408628408,0.9555733618233618,0.9504858567358568,0.9043549043549044,0.9478021978021978,EEGNetv4,Huebner2017,P300
3,0.924192322065312,0.892943802857552,0.9407661228659092,0.8264188749317489,0.9443403851352152,0.9049237486228632,0.9387188266309984,0.9351071743576322,0.802564523502596,0.92942029272301,EEGNetv4,Huebner2017,P300
4,0.9707321077219816,0.9506501754873422,0.9830448951976024,0.9087918471887024,0.9809974643452152,0.9576069037765048,0.9801452347567248,0.9754394789442112,0.9120742924236208,0.972602449284212,EEGNetv4,Huebner2017,P300
5,0.8902879527879528,0.8863960113960114,0.9145171957671958,0.8556547619047619,0.9178113553113552,0.8978810541310541,0.9177604802604802,0.9116045991045992,0.8498931623931625,0.8982117419617419,EEGNetv4,Huebner2017,P300
6,0.9675623179341314,0.9615218656399556,0.9790545330905308,0.945050840119772,0.979664293162638,0.972676041029842,0.9808670250090308,0.976264113349736,0.945323394155732,0.9680378853141732,EEGNetv4,Huebner2017,P300
7,0.9815959503459504,0.982740638990639,0.9914657102157104,0.944253663003663,0.9913766788766788,0.9849537037037036,0.991211334961335,0.9908043345543344,0.9359610297110296,0.984559422059422,EEGNetv4,Huebner2017,P300
8,0.8605192653762774,0.8355798634332625,0.8767243152547447,0.7437127580751639,0.8829955040455244,0.8486537781202446,0.8849290148585386,0.879854373506419,0.6317770812669551,0.865773015280699,EEGNetv4,Huebner2017,P300
9,0.95877849002849,0.9487688237688238,0.9701617826617828,0.9383140008140008,0.975923382173382,0.9626704314204314,0.9747405372405372,0.9667022792022792,0.959096459096459,0.9583969271469271,EEGNetv4,Huebner2017,P300
1,0.9549324926188076,0.9430626878006446,0.9679709407803784,0.920454638376094,0.9678681955656152,0.9526778627468936,0.9687266952756008,0.962602690700788,0.9486820565070062,0.9583326246516556,EEGNetv4,Huebner2018,P300
10,0.892639652014652,0.8859432234432234,0.9176968864468864,0.7722069597069596,0.9125801282051282,0.8910370879120879,0.918257783882784,0.9085966117216118,0.8541208791208791,0.8986149267399268,EEGNetv4,Huebner2018,P300
11,0.8750766458845343,0.8714410031183509,0.8875395739669732,0.7392587499898613,0.9108337639745304,0.8837101048564917,0.913558811977448,0.9059468215517738,0.716334560849773,0.9040502818448682,EEGNetv4,Huebner2018,P300
12,0.8963026556776557,0.8803914835164834,0.9128205128205128,0.7559180402930403,0.9111607142857144,0.8906593406593406,0.9137820512820513,0.9093864468864468,0.8308035714285714,0.8994848901098902,EEGNetv4,Huebner2018,P300
2,0.969356684981685,0.9668612637362636,0.9786744505494506,0.9235233516483516,0.9787774725274724,0.9694024725274726,0.979647435897436,0.976705586080586,0.961389652014652,0.9739125457875458,EEGNetv4,Huebner2018,P300
3,0.963907967032967,0.960897435897436,0.974095695970696,0.9559867216117216,0.9747596153846154,0.9671588827838828,0.97742673992674,0.9726877289377288,0.9563301282051282,0.9699519230769232,EEGNetv4,Huebner2018,P300
4,0.9334134615384616,0.9085050366300368,0.9442994505494504,0.8678914835164835,0.9467490842490842,0.91944826007326,0.9421016483516484,0.9425824175824176,0.864010989010989,0.9382669413919412,EEGNetv4,Huebner2018,P300
5,0.8960479986387078,0.8211857640252362,0.9029887889735332,0.6533159408623262,0.9084840244509018,0.8292750628288699,0.9109679736380534,0.9047992094033876,0.7061124800387445,0.902014696065342,EEGNetv4,Huebner2018,P300
6,0.9629120879120878,0.958367673992674,0.9725389194139196,0.7537202380952381,0.9765682234432236,0.960096153846154,0.9772779304029304,0.9753777472527472,0.751510989010989,0.969757326007326,EEGNetv4,Huebner2018,P300
7,0.9032311133504336,0.8979454034270359,0.9172560156345426,0.8332878016541905,0.9259448232389328,0.9052703872864646,0.9277653815282068,0.9216413979479664,0.7922884603639917,0.920071563803242,EEGNetv4,Huebner2018,P300
8,0.8900412087912088,0.8560325091575092,0.9088484432234432,0.6461538461538461,0.9031364468864468,0.8645718864468865,0.9097184065934064,0.9018887362637362,0.5936813186813187,0.8933035714285714,EEGNetv4,Huebner2018,P300
9,0.9226745837312852,0.902540160445532,0.9324277335487724,0.5743123062028181,0.9421236028068156,0.907221697979494,0.9416657399290882,0.9392047474040446,0.6240233957627377,0.9360909091404672,EEGNetv4,Huebner2018,P300
1,0.1875,0.359375,0.203125,0.359375,0.296875,0.328125,0.28125,0.328125,0.25,0.21875,EEGNetv4,Kalunga2016,SSVEP
10,0.3046875,0.4609375,0.515625,0.4296875,0.5078125,0.484375,0.5,0.515625,0.390625,0.3515625,EEGNetv4,Kalunga2016,SSVEP
11,0.140625,0.453125,0.296875,0.4375,0.484375,0.46875,0.453125,0.453125,0.3125,0.25,EEGNetv4,Kalunga2016,SSVEP
12,0.2249999999999999,0.31875,0.3625,0.2875,0.35625,0.31875,0.33125,0.34375,0.29375,0.2375,EEGNetv4,Kalunga2016,SSVEP
2,0.25,0.1875,0.359375,0.21875,0.203125,0.203125,0.21875,0.203125,0.15625,0.25,EEGNetv4,Kalunga2016,SSVEP
3,0.203125,0.65625,0.78125,0.734375,0.75,0.71875,0.765625,0.71875,0.765625,0.140625,EEGNetv4,Kalunga2016,SSVEP
4,0.296875,0.28125,0.375,0.203125,0.265625,0.28125,0.25,0.28125,0.359375,0.34375,EEGNetv4,Kalunga2016,SSVEP
5,0.1875,0.328125,0.359375,0.234375,0.34375,0.359375,0.25,0.265625,0.25,0.296875,EEGNetv4,Kalunga2016,SSVEP
6,0.265625,0.375,0.40625,0.390625,0.359375,0.375,0.359375,0.359375,0.421875,0.25,EEGNetv4,Kalunga2016,SSVEP
7,0.25,0.5104166666666666,0.5520833333333334,0.3854166666666667,0.5104166666666666,0.53125,0.4791666666666667,0.5208333333333333,0.4270833333333333,0.1770833333333333,EEGNetv4,Kalunga2016,SSVEP
8,0.28125,0.1875,0.359375,0.28125,0.203125,0.203125,0.234375,0.203125,0.25,0.25,EEGNetv4,Kalunga2016,SSVEP
9,0.234375,0.390625,0.328125,0.40625,0.4375,0.40625,0.4375,0.390625,0.328125,0.28125,EEGNetv4,Kalunga2016,SSVEP
1,0.51,0.7,0.7,0.69,0.7250000000000001,0.71,0.775,0.71,0.7050000000000001,0.5,EEGNetv4,Lee2019_MI,MI
10,0.595,0.7150000000000001,0.7050000000000001,0.6799999999999999,0.75,0.7150000000000001,0.7050000000000001,0.76,0.6950000000000001,0.565,EEGNetv4,Lee2019_MI,MI
11,0.565,0.615,0.7,0.62,0.7050000000000001,0.64,0.72,0.6950000000000001,0.635,0.455,EEGNetv4,Lee2019_MI,MI
12,0.5,0.71,0.76,0.745,0.72,0.7150000000000001,0.75,0.7050000000000001,0.75,0.545,EEGNetv4,Lee2019_MI,MI
13,0.515,0.71,0.71,0.73,0.75,0.74,0.695,0.72,0.685,0.495,EEGNetv4,Lee2019_MI,MI
14,0.485,0.62,0.655,0.62,0.605,0.63,0.625,0.595,0.665,0.4599999999999999,EEGNetv4,Lee2019_MI,MI
15,0.605,0.79,0.825,0.78,0.8,0.785,0.855,0.81,0.7749999999999999,0.71,EEGNetv4,Lee2019_MI,MI
16,0.575,0.78,0.8,0.765,0.7949999999999999,0.7849999999999999,0.8049999999999999,0.79,0.74,0.575,EEGNetv4,Lee2019_MI,MI
17,0.47,0.6699999999999999,0.63,0.655,0.7,0.6799999999999999,0.69,0.69,0.645,0.5549999999999999,EEGNetv4,Lee2019_MI,MI
18,0.56,0.88,0.885,0.85,0.905,0.875,0.9,0.905,0.875,0.565,EEGNetv4,Lee2019_MI,MI
19,0.52,0.7749999999999999,0.79,0.75,0.8049999999999999,0.7849999999999999,0.855,0.7849999999999999,0.7949999999999999,0.55,EEGNetv4,Lee2019_MI,MI
2,0.47,0.7150000000000001,0.775,0.75,0.78,0.74,0.78,0.755,0.74,0.555,EEGNetv4,Lee2019_MI,MI
20,0.48,0.8200000000000001,0.8500000000000001,0.8049999999999999,0.835,0.815,0.81,0.8200000000000001,0.845,0.5900000000000001,EEGNetv4,Lee2019_MI,MI
21,0.5900000000000001,0.905,0.965,0.93,0.945,0.92,0.93,0.935,0.975,0.61,EEGNetv4,Lee2019_MI,MI
22,0.525,0.735,0.685,0.75,0.755,0.73,0.725,0.78,0.72,0.53,EEGNetv4,Lee2019_MI,MI
23,0.47,0.73,0.755,0.74,0.72,0.74,0.71,0.745,0.685,0.44,EEGNetv4,Lee2019_MI,MI
24,0.625,0.7350000000000001,0.765,0.71,0.7649999999999999,0.73,0.81,0.7749999999999999,0.68,0.51,EEGNetv4,Lee2019_MI,MI
25,0.785,0.855,0.87,0.78,0.8500000000000001,0.845,0.8200000000000001,0.855,0.885,0.745,EEGNetv4,Lee2019_MI,MI
26,0.5700000000000001,0.8,0.8,0.8049999999999999,0.83,0.8049999999999999,0.83,0.825,0.76,0.665,EEGNetv4,Lee2019_MI,MI
27,0.615,0.915,0.9,0.88,0.905,0.895,0.845,0.91,0.885,0.635,EEGNetv4,Lee2019_MI,MI
28,0.6100000000000001,0.89,0.88,0.875,0.91,0.88,0.92,0.91,0.8799999999999999,0.63,EEGNetv4,Lee2019_MI,MI
29,0.6799999999999999,0.745,0.8,0.71,0.79,0.765,0.745,0.775,0.8049999999999999,0.5800000000000001,EEGNetv4,Lee2019_MI,MI
3,0.615,0.89,0.84,0.87,0.895,0.885,0.91,0.9,0.8049999999999999,0.64,EEGNetv4,Lee2019_MI,MI
30,0.565,0.785,0.745,0.77,0.8049999999999999,0.79,0.79,0.8200000000000001,0.81,0.615,EEGNetv4,Lee2019_MI,MI
31,0.6,0.855,0.84,0.835,0.86,0.87,0.86,0.86,0.835,0.615,EEGNetv4,Lee2019_MI,MI
32,0.5,0.875,0.91,0.855,0.895,0.88,0.91,0.885,0.91,0.555,EEGNetv4,Lee2019_MI,MI
33,0.585,0.925,0.92,0.92,0.92,0.925,0.915,0.915,0.91,0.59,EEGNetv4,Lee2019_MI,MI
34,0.535,0.685,0.675,0.675,0.735,0.7,0.73,0.725,0.625,0.5,EEGNetv4,Lee2019_MI,MI
35,0.81,0.87,0.915,0.79,0.925,0.8799999999999999,0.8999999999999999,0.91,0.825,0.815,EEGNetv4,Lee2019_MI,MI
36,0.575,0.92,0.975,0.96,0.945,0.93,0.95,0.955,0.96,0.645,EEGNetv4,Lee2019_MI,MI
37,0.505,0.835,0.875,0.825,0.885,0.845,0.88,0.9,0.865,0.545,EEGNetv4,Lee2019_MI,MI
38,0.6100000000000001,0.77,0.755,0.72,0.8,0.78,0.7849999999999999,0.815,0.645,0.615,EEGNetv4,Lee2019_MI,MI
39,0.515,0.725,0.79,0.72,0.755,0.7150000000000001,0.8049999999999999,0.77,0.7949999999999999,0.475,EEGNetv4,Lee2019_MI,MI
4,0.475,0.6799999999999999,0.695,0.685,0.715,0.6799999999999999,0.735,0.705,0.635,0.595,EEGNetv4,Lee2019_MI,MI
40,0.5349999999999999,0.79,0.78,0.765,0.8200000000000001,0.7849999999999999,0.825,0.8049999999999999,0.7849999999999999,0.545,EEGNetv4,Lee2019_MI,MI
41,0.49,0.7949999999999999,0.76,0.73,0.7849999999999999,0.79,0.835,0.7849999999999999,0.645,0.53,EEGNetv4,Lee2019_MI,MI
42,0.5249999999999999,0.635,0.71,0.715,0.665,0.635,0.715,0.67,0.655,0.5,EEGNetv4,Lee2019_MI,MI
43,0.48,0.79,0.8,0.8400000000000001,0.825,0.8049999999999999,0.815,0.8049999999999999,0.815,0.56,EEGNetv4,Lee2019_MI,MI
44,0.52,0.815,0.81,0.835,0.84,0.81,0.855,0.845,0.7350000000000001,0.595,EEGNetv4,Lee2019_MI,MI
45,0.435,0.905,0.855,0.89,0.91,0.905,0.91,0.91,0.84,0.61,EEGNetv4,Lee2019_MI,MI
46,0.55,0.6699999999999999,0.645,0.6699999999999999,0.6799999999999999,0.6699999999999999,0.645,0.685,0.655,0.48,EEGNetv4,Lee2019_MI,MI
47,0.54,0.755,0.7849999999999999,0.8,0.8049999999999999,0.785,0.815,0.8,0.7849999999999999,0.6,EEGNetv4,Lee2019_MI,MI
48,0.4649999999999999,0.69,0.685,0.675,0.6799999999999999,0.7050000000000001,0.69,0.665,0.63,0.5,EEGNetv4,Lee2019_MI,MI
49,0.57,0.79,0.91,0.74,0.81,0.765,0.835,0.8,0.735,0.6000000000000001,EEGNetv4,Lee2019_MI,MI
5,0.565,0.77,0.8200000000000001,0.725,0.78,0.76,0.8049999999999999,0.7949999999999999,0.74,0.505,EEGNetv4,Lee2019_MI,MI
50,0.54,0.63,0.555,0.6399999999999999,0.655,0.635,0.69,0.635,0.52,0.585,EEGNetv4,Lee2019_MI,MI
51,0.5349999999999999,0.75,0.74,0.745,0.7749999999999999,0.755,0.7250000000000001,0.765,0.7050000000000001,0.5249999999999999,EEGNetv4,Lee2019_MI,MI
52,0.6,0.79,0.8500000000000001,0.8200000000000001,0.8049999999999999,0.775,0.7949999999999999,0.81,0.82,0.5349999999999999,EEGNetv4,Lee2019_MI,MI
53,0.55,0.7,0.7949999999999999,0.685,0.725,0.69,0.785,0.725,0.8,0.585,EEGNetv4,Lee2019_MI,MI
54,0.55,0.7050000000000001,0.65,0.685,0.7050000000000001,0.7250000000000001,0.6699999999999999,0.73,0.69,0.595,EEGNetv4,Lee2019_MI,MI
6,0.6100000000000001,0.825,0.86,0.835,0.855,0.835,0.8300000000000001,0.855,0.815,0.64,EEGNetv4,Lee2019_MI,MI
7,0.51,0.8049999999999999,0.7250000000000001,0.78,0.805,0.795,0.8200000000000001,0.825,0.6699999999999999,0.565,EEGNetv4,Lee2019_MI,MI
8,0.575,0.7150000000000001,0.76,0.765,0.7749999999999999,0.75,0.7749999999999999,0.765,0.77,0.525,EEGNetv4,Lee2019_MI,MI
9,0.5,0.74,0.81,0.76,0.79,0.76,0.79,0.765,0.74,0.445,EEGNetv4,Lee2019_MI,MI
1,0.5750000000000001,0.94,0.95,0.945,0.945,0.94,0.935,0.945,0.94,0.6699999999999999,EEGNetv4,Lee2019_SSVEP,SSVEP
10,0.72,0.98,0.985,0.98,0.98,0.98,0.985,0.98,0.985,0.7450000000000001,EEGNetv4,Lee2019_SSVEP,SSVEP
11,0.86,0.98,1.0,0.97,0.985,0.98,1.0,0.985,1.0,0.7950000000000002,EEGNetv4,Lee2019_SSVEP,SSVEP
12,0.7749999999999999,0.975,0.965,0.975,0.965,0.975,0.965,0.965,0.97,0.7550000000000001,EEGNetv4,Lee2019_SSVEP,SSVEP
13,0.65,0.995,0.98,0.985,1.0,0.995,1.0,1.0,0.945,0.595,EEGNetv4,Lee2019_SSVEP,SSVEP
14,0.485,0.96,0.95,0.955,0.985,0.975,0.99,0.99,0.92,0.66,EEGNetv4,Lee2019_SSVEP,SSVEP
15,0.7450000000000001,1.0,1.0,1.0,1.0,1.0,1.0,1.0,0.855,0.7849999999999999,EEGNetv4,Lee2019_SSVEP,SSVEP
16,0.825,0.995,0.995,0.995,0.995,0.995,0.995,0.995,0.99,0.77,EEGNetv4,Lee2019_SSVEP,SSVEP
17,0.605,0.925,0.955,0.915,0.94,0.92,0.955,0.945,0.91,0.595,EEGNetv4,Lee2019_SSVEP,SSVEP
18,0.86,0.985,0.98,0.985,0.985,0.985,0.985,0.985,0.98,0.8250000000000001,EEGNetv4,Lee2019_SSVEP,SSVEP
19,0.65,0.99,0.99,0.985,0.985,0.99,0.99,0.985,0.99,0.7249999999999999,EEGNetv4,Lee2019_SSVEP,SSVEP
2,0.7450000000000001,0.99,0.99,0.985,0.99,0.99,0.99,0.99,0.99,0.675,EEGNetv4,Lee2019_SSVEP,SSVEP
20,0.5650000000000001,0.975,0.98,0.965,0.97,0.97,0.975,0.98,0.975,0.6900000000000001,EEGNetv4,Lee2019_SSVEP,SSVEP
21,0.7649999999999999,0.865,0.975,0.86,0.91,0.87,0.925,0.91,0.895,0.7549999999999999,EEGNetv4,Lee2019_SSVEP,SSVEP
22,0.54,0.96,0.94,0.95,0.965,0.965,0.97,0.96,0.875,0.535,EEGNetv4,Lee2019_SSVEP,SSVEP
23,0.35,0.375,0.555,0.31,0.525,0.375,0.535,0.515,0.285,0.34,EEGNetv4,Lee2019_SSVEP,SSVEP
24,0.5650000000000001,0.99,0.98,0.985,0.99,0.99,0.995,0.99,0.96,0.7050000000000001,EEGNetv4,Lee2019_SSVEP,SSVEP
25,0.765,0.97,0.975,0.97,0.97,0.97,0.97,0.965,0.955,0.72,EEGNetv4,Lee2019_SSVEP,SSVEP
26,0.675,0.995,0.995,0.995,0.995,0.995,1.0,1.0,0.98,0.73,EEGNetv4,Lee2019_SSVEP,SSVEP
27,0.7899999999999999,0.99,1.0,0.99,0.99,0.99,0.995,0.99,1.0,0.7949999999999999,EEGNetv4,Lee2019_SSVEP,SSVEP
28,0.64,0.985,0.995,0.985,0.985,0.985,0.985,0.985,0.975,0.625,EEGNetv4,Lee2019_SSVEP,SSVEP
29,0.635,0.98,0.975,0.965,0.99,0.98,0.98,0.99,0.9,0.625,EEGNetv4,Lee2019_SSVEP,SSVEP
3,0.72,0.94,0.93,0.95,0.945,0.94,0.945,0.94,0.94,0.6599999999999999,EEGNetv4,Lee2019_SSVEP,SSVEP
30,0.8049999999999999,0.985,0.995,0.97,0.99,0.985,0.98,0.99,0.96,0.8049999999999999,EEGNetv4,Lee2019_SSVEP,SSVEP
31,0.905,0.97,0.98,0.955,0.97,0.97,0.975,0.97,0.97,0.8049999999999999,EEGNetv4,Lee2019_SSVEP,SSVEP
32,0.675,0.875,0.92,0.8,0.92,0.875,0.935,0.925,0.725,0.7,EEGNetv4,Lee2019_SSVEP,SSVEP
33,0.5850000000000001,1.0,1.0,1.0,1.0,1.0,1.0,1.0,1.0,0.635,EEGNetv4,Lee2019_SSVEP,SSVEP
34,0.525,0.86,0.835,0.845,0.89,0.855,0.875,0.885,0.7550000000000001,0.495,EEGNetv4,Lee2019_SSVEP,SSVEP
35,0.635,0.99,0.99,0.99,0.995,0.99,0.995,0.995,0.955,0.7549999999999999,EEGNetv4,Lee2019_SSVEP,SSVEP
36,0.88,1.0,1.0,1.0,1.0,1.0,1.0,1.0,1.0,0.83,EEGNetv4,Lee2019_SSVEP,SSVEP
37,0.7449999999999999,0.995,0.99,0.995,0.995,0.995,0.99,0.995,0.99,0.77,EEGNetv4,Lee2019_SSVEP,SSVEP
38,0.7549999999999999,0.995,0.995,0.995,0.995,0.995,0.99,0.995,0.995,0.86,EEGNetv4,Lee2019_SSVEP,SSVEP
39,0.63,1.0,1.0,1.0,1.0,1.0,1.0,1.0,1.0,0.7,EEGNetv4,Lee2019_SSVEP,SSVEP
4,0.855,0.995,0.995,0.995,0.995,0.995,0.995,0.995,0.995,0.7899999999999999,EEGNetv4,Lee2019_SSVEP,SSVEP
40,0.7100000000000001,0.965,0.955,0.955,0.97,0.965,0.96,0.97,0.945,0.675,EEGNetv4,Lee2019_SSVEP,SSVEP
41,0.7350000000000001,0.975,0.995,0.975,0.98,0.975,0.985,0.98,0.985,0.7,EEGNetv4,Lee2019_SSVEP,SSVEP
42,0.415,0.845,0.7899999999999999,0.8350000000000001,0.82,0.845,0.835,0.82,0.82,0.45,EEGNetv4,Lee2019_SSVEP,SSVEP
43,0.85,1.0,1.0,1.0,1.0,1.0,0.995,1.0,1.0,0.78,EEGNetv4,Lee2019_SSVEP,SSVEP
44,0.86,0.995,0.99,0.995,0.995,0.995,0.995,0.995,0.995,0.825,EEGNetv4,Lee2019_SSVEP,SSVEP
45,0.605,0.965,0.965,0.955,0.97,0.97,0.975,0.97,0.955,0.64,EEGNetv4,Lee2019_SSVEP,SSVEP
46,0.5800000000000001,1.0,1.0,1.0,1.0,1.0,1.0,1.0,1.0,0.635,EEGNetv4,Lee2019_SSVEP,SSVEP
47,0.35,0.6749999999999999,0.665,0.7000000000000001,0.6849999999999999,0.6749999999999999,0.7,0.6849999999999999,0.625,0.44,EEGNetv4,Lee2019_SSVEP,SSVEP
48,0.71,0.995,0.995,0.995,0.995,0.995,0.995,0.995,0.995,0.7349999999999999,EEGNetv4,Lee2019_SSVEP,SSVEP
49,0.7649999999999999,1.0,1.0,1.0,1.0,1.0,1.0,1.0,1.0,0.73,EEGNetv4,Lee2019_SSVEP,SSVEP
5,0.535,0.855,0.845,0.855,0.885,0.865,0.875,0.875,0.825,0.595,EEGNetv4,Lee2019_SSVEP,SSVEP
50,0.7449999999999999,1.0,0.99,1.0,1.0,1.0,1.0,1.0,0.995,0.75,EEGNetv4,Lee2019_SSVEP,SSVEP
51,0.435,0.8499999999999999,0.8300000000000001,0.825,0.8599999999999999,0.8499999999999999,0.8200000000000001,0.855,0.8,0.6,EEGNetv4,Lee2019_SSVEP,SSVEP
52,0.615,0.97,0.95,0.935,0.975,0.97,0.975,0.975,0.935,0.5950000000000001,EEGNetv4,Lee2019_SSVEP,SSVEP
53,0.645,1.0,1.0,1.0,1.0,1.0,1.0,1.0,1.0,0.67,EEGNetv4,Lee2019_SSVEP,SSVEP
54,0.535,0.7650000000000001,0.84,0.5900000000000001,0.84,0.76,0.84,0.84,0.625,0.655,EEGNetv4,Lee2019_SSVEP,SSVEP
6,0.765,0.98,1.0,0.885,0.985,0.975,0.985,0.99,1.0,0.775,EEGNetv4,Lee2019_SSVEP,SSVEP
7,0.83,0.99,0.995,0.98,0.995,0.995,0.99,0.995,0.985,0.7549999999999999,EEGNetv4,Lee2019_SSVEP,SSVEP
8,0.475,0.935,0.965,0.94,0.94,0.935,0.955,0.945,0.9,0.47,EEGNetv4,Lee2019_SSVEP,SSVEP
9,0.64,0.985,0.975,0.99,0.985,0.985,0.985,0.985,0.98,0.6350000000000001,EEGNetv4,Lee2019_SSVEP,SSVEP
1,0.2319999999999999,0.172,0.1886666666666666,0.2086666666666666,0.2106666666666667,0.1966666666666666,0.2046666666666667,0.2186666666666667,0.2546666666666666,0.2246666666666666,EEGNetv4,MAMEM2,SSVEP
10,0.2386666666666666,0.194,0.2533333333333333,0.186,0.158,0.174,0.1613333333333333,0.188,0.1806666666666666,0.2406666666666666,EEGNetv4,MAMEM2,SSVEP
2,0.2093333333333333,0.206,0.202,0.2126666666666666,0.2113333333333333,0.2126666666666666,0.2006666666666666,0.2113333333333333,0.194,0.1926666666666666,EEGNetv4,MAMEM2,SSVEP
3,0.2006666666666667,0.182,0.23,0.2099999999999999,0.1753333333333333,0.18,0.1773333333333333,0.1866666666666666,0.1786666666666667,0.1933333333333333,EEGNetv4,MAMEM2,SSVEP
4,0.2233333333333333,0.2339999999999999,0.2246666666666666,0.3013333333333333,0.252,0.25,0.2666666666666666,0.252,0.2313333333333333,0.2459999999999999,EEGNetv4,MAMEM2,SSVEP
5,0.1966666666666666,0.2193333333333333,0.252,0.196,0.2259999999999999,0.2273333333333333,0.1886666666666666,0.22,0.2326666666666666,0.144,EEGNetv4,MAMEM2,SSVEP
6,0.2186666666666666,0.1693333333333333,0.1786666666666666,0.1773333333333333,0.1673333333333333,0.1766666666666667,0.1873333333333333,0.1673333333333333,0.1753333333333333,0.2733333333333333,EEGNetv4,MAMEM2,SSVEP
7,0.1393333333333333,0.2273333333333333,0.242,0.176,0.2206666666666666,0.2433333333333333,0.212,0.2226666666666666,0.182,0.1773333333333333,EEGNetv4,MAMEM2,SSVEP
8,0.1706666666666666,0.2606666666666666,0.2273333333333333,0.2726666666666666,0.2726666666666666,0.2693333333333333,0.2126666666666666,0.266,0.1766666666666666,0.202,EEGNetv4,MAMEM2,SSVEP
9,0.142,0.188,0.1653333333333333,0.1866666666666666,0.2146666666666666,0.198,0.214,0.2226666666666666,0.2273333333333333,0.1773333333333333,EEGNetv4,MAMEM2,SSVEP
1,0.8866666666666667,0.9233333333333332,0.9583333333333334,0.93,0.9333333333333332,0.9216666666666666,0.9533333333333334,0.9366666666666666,0.9216666666666666,0.8433333333333333,EEGNetv4,Yang2025,MI
10,0.8300000000000001,0.8633333333333333,0.8883333333333333,0.8233333333333333,0.8633333333333333,0.8566666666666667,0.875,0.8733333333333333,0.7866666666666666,0.78,EEGNetv4,Yang2025,MI
11,0.8300000000000001,0.8783333333333333,0.925,0.865,0.9033333333333332,0.8916666666666666,0.8999999999999999,0.8933333333333333,0.8866666666666667,0.7783333333333333,EEGNetv4,Yang2025,MI
12,0.5416666666666667,0.6216666666666666,0.6000000000000001,0.615,0.6466666666666667,0.6366666666666667,0.6416666666666666,0.6483333333333333,0.6183333333333333,0.54,EEGNetv4,Yang2025,MI
13,0.7383333333333333,0.7883333333333333,0.8466666666666667,0.7383333333333333,0.8016666666666667,0.7849999999999999,0.8033333333333333,0.7916666666666667,0.7816666666666667,0.7116666666666667,EEGNetv4,Yang2025,MI
14,0.525,0.5933333333333333,0.5433333333333333,0.5783333333333334,0.5966666666666667,0.595,0.5433333333333333,0.585,0.5566666666666666,0.515,EEGNetv4,Yang2025,MI
15,0.7483333333333333,0.7716666666666667,0.7916666666666666,0.7466666666666666,0.8466666666666667,0.7833333333333333,0.8333333333333334,0.8383333333333334,0.7766666666666666,0.7383333333333333,EEGNetv4,Yang2025,MI
16,0.5516666666666667,0.5766666666666667,0.6666666666666667,0.585,0.5883333333333334,0.5866666666666667,0.585,0.585,0.5683333333333334,0.5033333333333333,EEGNetv4,Yang2025,MI
17,0.7483333333333333,0.81,0.8316666666666667,0.8083333333333333,0.8316666666666667,0.8133333333333334,0.8283333333333334,0.8266666666666667,0.7916666666666667,0.7183333333333333,EEGNetv4,Yang2025,MI
18,0.635,0.675,0.6833333333333333,0.655,0.6816666666666666,0.6699999999999999,0.6766666666666666,0.6733333333333333,0.6783333333333333,0.6083333333333334,EEGNetv4,Yang2025,MI
19,0.7933333333333333,0.8533333333333333,0.8883333333333333,0.85,0.8566666666666667,0.8533333333333333,0.8616666666666667,0.8500000000000001,0.8533333333333333,0.7083333333333333,EEGNetv4,Yang2025,MI
2,0.5833333333333333,0.675,0.6966666666666667,0.6866666666666668,0.665,0.6766666666666666,0.6583333333333333,0.6716666666666666,0.7133333333333334,0.5433333333333333,EEGNetv4,Yang2025,MI
20,0.8666666666666667,0.85,0.915,0.8116666666666666,0.91,0.8566666666666667,0.9266666666666667,0.9116666666666666,0.7683333333333333,0.8766666666666667,EEGNetv4,Yang2025,MI
21,0.8183333333333334,0.8983333333333333,0.9183333333333332,0.8716666666666666,0.91,0.9,0.9083333333333332,0.91,0.8783333333333334,0.77,EEGNetv4,Yang2025,MI
22,0.7683333333333333,0.8416666666666667,0.8716666666666667,0.8083333333333333,0.8616666666666666,0.8416666666666667,0.8716666666666667,0.855,0.7783333333333333,0.7266666666666667,EEGNetv4,Yang2025,MI
23,0.8730434782608696,0.9532552954292084,0.9616053511705686,0.964933110367893,0.959927536231884,0.9599219620958752,0.973288740245262,0.959933110367893,0.9398940914158306,0.8814548494983278,EEGNetv4,Yang2025,MI
24,0.9326478323961546,0.9612846907309994,0.9831534554688915,0.9293374750589516,0.9781198984219118,0.9629965536005805,0.9663295846181752,0.978108561581716,0.9663522582985672,0.8551491928169781,EEGNetv4,Yang2025,MI
25,0.9033333333333332,0.93,0.955,0.9233333333333332,0.9466666666666668,0.94,0.95,0.94,0.8983333333333334,0.8533333333333333,EEGNetv4,Yang2025,MI
26,0.8697826086956522,0.9231772575250836,0.908154960981048,0.8897603121516164,0.9465496098104794,0.929866220735786,0.9331939799331104,0.9382107023411372,0.7476867335562988,0.843015607580825,EEGNetv4,Yang2025,MI
27,,0.645,0.7333333333333334,0.6666666666666666,0.6950000000000001,0.6566666666666667,0.7083333333333334,0.6799999999999999,0.5966666666666667,0.645,EEGNetv4,Yang2025,MI
28,0.7933333333333333,0.8516666666666667,0.92,0.7816666666666667,0.8400000000000001,0.8416666666666667,0.8616666666666666,0.8466666666666667,0.8216666666666667,0.72,EEGNetv4,Yang2025,MI
29,0.7833333333333333,0.8283333333333334,0.8983333333333333,0.7866666666666666,0.8816666666666666,0.8283333333333334,0.86,0.88,0.8166666666666667,0.7533333333333334,EEGNetv4,Yang2025,MI
3,0.9083333333333332,0.945,0.9433333333333334,0.9166666666666669,0.9616666666666668,0.9516666666666668,0.955,0.965,0.9316666666666666,0.8733333333333333,EEGNetv4,Yang2025,MI
30,0.8583333333333334,0.9183333333333332,0.7966666666666666,0.8583333333333334,0.9433333333333334,0.9216666666666666,0.9366666666666666,0.945,0.9166666666666666,0.8583333333333334,EEGNetv4,Yang2025,MI
31,0.7683333333333333,0.7783333333333333,0.825,0.755,0.7916666666666667,0.7783333333333333,0.77,0.7949999999999999,0.7366666666666667,0.7166666666666667,EEGNetv4,Yang2025,MI
32,0.5442697881828316,0.5909866220735787,0.6410089186176142,0.5643645484949833,0.6210535117056857,0.5909866220735787,0.5909977703455964,0.6194091415830547,0.5642586399108138,0.5124972129319956,EEGNetv4,Yang2025,MI
33,0.8899999999999999,0.9416666666666668,0.9766666666666668,0.9283333333333332,0.9683333333333332,0.9483333333333334,0.9683333333333332,0.965,0.9616666666666668,0.8216666666666667,EEGNetv4,Yang2025,MI
34,0.7616666666666667,0.7333333333333334,0.7816666666666667,0.6666666666666667,0.7916666666666666,0.7233333333333334,0.7783333333333333,0.79,0.5483333333333333,0.6966666666666668,EEGNetv4,Yang2025,MI
35,0.925,0.955,0.97,0.9533333333333334,0.9666666666666668,0.9616666666666668,0.97,0.97,0.9616666666666668,0.8916666666666666,EEGNetv4,Yang2025,MI
36,0.8766666666666667,0.9516666666666668,0.95,0.9316666666666666,0.9533333333333334,0.95,0.9316666666666666,0.955,0.925,0.8583333333333334,EEGNetv4,Yang2025,MI
37,0.855,0.8716666666666666,0.9216666666666666,0.8633333333333333,0.915,0.885,0.9133333333333332,0.9083333333333332,0.9,0.7766666666666666,EEGNetv4,Yang2025,MI
38,0.6583333333333333,0.735,0.6599999999999999,0.6333333333333333,0.7516666666666667,0.7333333333333334,0.7466666666666666,0.7433333333333334,0.605,0.715,EEGNetv4,Yang2025,MI
39,0.7183333333333333,0.7633333333333334,0.795,0.7516666666666667,0.7766666666666666,0.7633333333333333,0.7466666666666666,0.7733333333333334,0.7183333333333333,0.6466666666666667,EEGNetv4,Yang2025,MI
4,0.5449999999999999,0.5783333333333334,0.5549999999999999,0.5866666666666667,0.5583333333333333,0.5783333333333334,0.5816666666666667,0.5516666666666667,0.5866666666666667,0.5466666666666666,EEGNetv4,Yang2025,MI
40,0.7816666666666667,0.8233333333333333,0.8816666666666666,0.83,0.8416666666666667,0.8366666666666667,0.855,0.8383333333333334,0.8183333333333334,0.69,EEGNetv4,Yang2025,MI
41,0.825,0.88,0.91,0.8683333333333334,0.8966666666666667,0.885,0.8983333333333334,0.8933333333333333,0.875,0.7716666666666667,EEGNetv4,Yang2025,MI
42,0.74,0.78,0.825,0.8049999999999999,0.7916666666666666,0.7783333333333333,0.7966666666666666,0.7966666666666666,0.8116666666666666,0.6816666666666666,EEGNetv4,Yang2025,MI
43,0.9516666666666668,0.99,0.9966666666666668,0.9766666666666666,0.9966666666666668,0.9916666666666668,0.9983333333333332,0.9966666666666668,0.99,0.9183333333333332,EEGNetv4,Yang2025,MI
44,0.675,0.7483333333333333,0.75,0.725,0.7616666666666667,0.7533333333333333,0.745,0.7583333333333333,0.7216666666666667,0.6000000000000001,EEGNetv4,Yang2025,MI
45,0.8233333333333334,0.8733333333333333,0.8916666666666666,0.855,0.8816666666666666,0.8666666666666667,0.8983333333333333,0.8766666666666667,0.8616666666666667,0.745,EEGNetv4,Yang2025,MI
46,0.9533333333333334,0.975,0.9933333333333334,0.9583333333333331,0.9866666666666666,0.9816666666666668,0.99,0.9816666666666668,0.9533333333333334,0.9116666666666666,EEGNetv4,Yang2025,MI
47,0.86,0.915,0.9383333333333334,0.8983333333333333,0.9266666666666666,0.9066666666666668,0.9266666666666666,0.9283333333333332,0.8899999999999999,0.855,EEGNetv4,Yang2025,MI
48,0.8033333333333333,0.86,0.9016666666666666,0.825,0.8883333333333333,0.8616666666666666,0.8966666666666667,0.8966666666666667,0.8383333333333334,0.7766666666666666,EEGNetv4,Yang2025,MI
49,0.8916666666666666,0.91,0.9766666666666668,0.8883333333333334,0.9416666666666668,0.9066666666666668,0.9333333333333332,0.93,0.9583333333333331,0.8049999999999999,EEGNetv4,Yang2025,MI
5,0.7983333333333333,0.855,0.8983333333333333,0.8483333333333334,0.8633333333333333,0.8566666666666667,0.88,0.8583333333333334,0.8283333333333334,0.7533333333333334,EEGNetv4,Yang2025,MI
50,0.88,0.9533333333333334,0.9683333333333332,0.9533333333333334,0.955,0.95,0.9583333333333331,0.955,0.92,0.8633333333333333,EEGNetv4,Yang2025,MI
51,0.8316666666666667,0.9116666666666666,0.9016666666666666,0.865,0.9133333333333332,0.915,0.91,0.9133333333333332,0.8666666666666667,0.7933333333333333,EEGNetv4,Yang2025,MI
6,0.92,0.9516666666666668,0.9716666666666668,0.94,0.9716666666666668,0.96,0.9733333333333334,0.9616666666666668,0.9233333333333332,0.92,EEGNetv4,Yang2025,MI
7,0.7033333333333334,0.7849999999999999,0.8333333333333333,0.775,0.825,0.7933333333333333,0.8200000000000001,0.815,0.7483333333333333,0.6799999999999999,EEGNetv4,Yang2025,MI
8,0.855,0.9233333333333332,0.95,0.91,0.935,0.9216666666666666,0.93,0.9183333333333332,0.8933333333333333,0.8166666666666667,EEGNetv4,Yang2025,MI
9,0.62,0.7066666666666667,0.7383333333333333,0.7250000000000001,0.7133333333333334,0.7266666666666667,0.725,0.6966666666666667,0.7116666666666667,0.635,EEGNetv4,Yang2025,MI
1,0.5818727580819084,0.6120318654959178,0.6493761140819965,0.622720890825466,0.7455993486058845,0.6003895160757906,0.7506863845425937,0.7471842609097511,0.5030259017187122,0.6522536916000968,ShallowConvNet,BI2015a,P300
10,0.6053763440860215,0.7709677419354839,0.8026881720430108,0.7537634408602151,0.8494623655913979,0.7623655913978495,0.8295698924731183,0.8424731182795699,0.7129032258064516,0.5801075268817204,ShallowConvNet,BI2015a,P300
11,0.5358333333333334,0.65625,0.6708333333333334,0.6391666666666667,0.7816666666666667,0.6520833333333333,0.7762500000000001,0.7770833333333333,0.5129166666666667,0.5679166666666666,ShallowConvNet,BI2015a,P300
12,0.5658602150537634,0.6741935483870968,0.6870967741935484,0.6408602150537634,0.6900537634408602,0.6693548387096775,0.7024193548387097,0.7048387096774194,0.5026881720430108,0.5413978494623656,ShallowConvNet,BI2015a,P300
13,0.725438596491228,0.7228070175438597,0.850438596491228,0.7210526315789474,0.8214912280701754,0.7302631578947368,0.8315789473684211,0.8201754385964912,0.7719298245614035,0.6298245614035087,ShallowConvNet,BI2015a,P300
14,0.579059829059829,0.6235042735042735,0.7029914529914529,0.6017094017094017,0.7393162393162394,0.6239316239316239,0.7576923076923077,0.752991452991453,0.5089743589743589,0.5645299145299145,ShallowConvNet,BI2015a,P300
15,0.5995238095238095,0.6947619047619047,0.7819047619047619,0.729047619047619,0.7757142857142857,0.6985714285714286,0.8033333333333333,0.779047619047619,0.7442857142857142,0.5557142857142857,ShallowConvNet,BI2015a,P300
16,0.6028571428571429,0.7428571428571429,0.8052380952380953,0.7457142857142858,0.7757142857142858,0.7395238095238095,0.7842857142857143,0.7938095238095237,0.7266666666666667,0.54,ShallowConvNet,BI2015a,P300
17,0.56,0.6733333333333333,0.737037037037037,0.5837037037037037,0.7425925925925926,0.662962962962963,0.7566666666666666,0.7581481481481482,0.7288888888888889,0.5659259259259259,ShallowConvNet,BI2015a,P300
18,0.53,0.6318518518518519,0.6751851851851852,0.5840740740740741,0.7122222222222222,0.6229629629629629,0.7188888888888889,0.7355555555555555,0.5214814814814814,0.5596296296296297,ShallowConvNet,BI2015a,P300
19,0.5966666666666667,0.6186666666666667,0.7146666666666667,0.6376666666666667,0.6856666666666666,0.6233333333333333,0.7206666666666667,0.6940000000000001,0.5826666666666667,0.5633333333333334,ShallowConvNet,BI2015a,P300
2,0.601984126984127,0.7658730158730158,0.8138888888888889,0.7380952380952381,0.8365079365079364,0.7686507936507936,0.8373015873015872,0.8420634920634921,0.6896825396825397,0.628968253968254,ShallowConvNet,BI2015a,P300
20,0.5948148148148148,0.7077777777777777,0.7644444444444445,0.6848148148148148,0.7944444444444445,0.7033333333333334,0.8029629629629629,0.8137037037037037,0.6522222222222223,0.6177777777777778,ShallowConvNet,BI2015a,P300
21,0.6623809523809524,0.7147619047619047,0.8204761904761905,0.7314285714285714,0.7909523809523809,0.7123809523809523,0.8161904761904761,0.7971428571428572,0.7933333333333333,0.6171428571428572,ShallowConvNet,BI2015a,P300
22,0.5549242424242424,0.656060606060606,0.7549242424242424,0.6757575757575758,0.7458333333333333,0.6609848484848485,0.768939393939394,0.7643939393939394,0.690530303030303,0.5397727272727273,ShallowConvNet,BI2015a,P300
23,0.537719298245614,0.6543859649122807,0.7109649122807018,0.668859649122807,0.7328947368421053,0.6429824561403509,0.7258771929824561,0.731140350877193,0.6508771929824562,0.5302631578947369,ShallowConvNet,BI2015a,P300
24,0.587037037037037,0.7060185185185185,0.7976851851851852,0.6333333333333333,0.7921296296296296,0.7069444444444445,0.825462962962963,0.798148148148148,0.6967592592592593,0.5587962962962963,ShallowConvNet,BI2015a,P300
25,0.5715517241379311,0.6396551724137931,0.6761494252873563,0.6477011494252873,0.7261494252873564,0.6362068965517241,0.7387931034482759,0.7270114942528736,0.5522988505747126,0.5922413793103448,ShallowConvNet,BI2015a,P300
26,0.6413978494623656,0.760752688172043,0.8317204301075269,0.7989247311827957,0.8478494623655914,0.7634408602150538,0.8725806451612903,0.8494623655913979,0.8419354838709678,0.5887096774193549,ShallowConvNet,BI2015a,P300
27,0.5238396624472574,0.5605485232067511,0.6362869198312237,0.5791139240506329,0.6483122362869198,0.5613924050632911,0.6487341772151899,0.6485232067510549,0.5548523206751055,0.510126582278481,ShallowConvNet,BI2015a,P300
28,0.524,0.6103333333333334,0.69,0.6296666666666666,0.681,0.6213333333333333,0.6983333333333334,0.6823333333333333,0.6763333333333333,0.515,ShallowConvNet,BI2015a,P300
29,0.5320261437908497,0.6281045751633987,0.6647058823529411,0.5774509803921569,0.715359477124183,0.6271241830065359,0.7130718954248366,0.7163398692810458,0.5630718954248366,0.5143790849673203,ShallowConvNet,BI2015a,P300
3,0.7396551724137931,0.7931034482758621,0.8660919540229886,0.7471264367816092,0.8747126436781609,0.7810344827586206,0.8925287356321838,0.8718390804597701,0.7166666666666667,0.7373563218390804,ShallowConvNet,BI2015a,P300
30,0.7185185185185186,0.8450617283950617,0.832716049382716,0.8358024691358025,0.8796296296296297,0.8333333333333333,0.8833333333333333,0.8722222222222222,0.7641975308641975,0.6981481481481482,ShallowConvNet,BI2015a,P300
31,0.5244444444444445,0.5626666666666666,0.6364444444444444,0.5388888888888889,0.6188888888888889,0.5597777777777778,0.6306666666666667,0.6373333333333333,0.5364444444444445,0.508,ShallowConvNet,BI2015a,P300
32,0.5913978494623656,0.682258064516129,0.7758064516129033,0.728494623655914,0.7661290322580645,0.703763440860215,0.7655913978494624,0.760752688172043,0.7758064516129033,0.532258064516129,ShallowConvNet,BI2015a,P300
33,0.5904761904761905,0.7103174603174603,0.7591269841269841,0.6603174603174603,0.8142857142857143,0.694047619047619,0.825,0.8091269841269841,0.6984126984126984,0.5928571428571429,ShallowConvNet,BI2015a,P300
34,0.5719047619047619,0.69,0.730952380952381,0.7061904761904763,0.7380952380952381,0.6842857142857143,0.7452380952380953,0.7466666666666667,0.6095238095238095,0.5523809523809524,ShallowConvNet,BI2015a,P300
35,0.5142512077294686,0.561352657004831,0.5963768115942029,0.6053140096618358,0.6004830917874396,0.5657004830917874,0.6045893719806763,0.614975845410628,0.5217391304347826,0.5057971014492754,ShallowConvNet,BI2015a,P300
36,0.575,0.71375,0.7875000000000001,0.7216666666666667,0.7641666666666667,0.70375,0.7783333333333333,0.7766666666666666,0.6083333333333334,0.5933333333333334,ShallowConvNet,BI2015a,P300
37,0.5192857142857142,0.5752380952380952,0.6547619047619048,0.5311904761904762,0.6221428571428571,0.5750000000000001,0.6507142857142857,0.6442857142857144,0.5647619047619048,0.5128571428571429,ShallowConvNet,BI2015a,P300
38,0.5927927927927927,0.7103603603603603,0.7927927927927928,0.6126126126126126,0.7445945945945946,0.7022522522522523,0.7617117117117117,0.7490990990990991,0.6671171171171171,0.5324324324324324,ShallowConvNet,BI2015a,P300
39,0.567687074829932,0.6343537414965986,0.7197278911564626,0.601360544217687,0.6993197278911565,0.6190476190476191,0.710204081632653,0.713265306122449,0.5017006802721088,0.5074829931972789,ShallowConvNet,BI2015a,P300
4,0.7358333333333333,0.78375,0.8383333333333334,0.7975,0.8512500000000001,0.7916666666666667,0.8708333333333333,0.8358333333333333,0.7291666666666666,0.7408333333333333,ShallowConvNet,BI2015a,P300
40,0.5944444444444444,0.7114197530864197,0.7768518518518519,0.7361111111111112,0.807716049382716,0.7212962962962963,0.8222222222222222,0.8129629629629629,0.6663580246913581,0.6123456790123456,ShallowConvNet,BI2015a,P300
41,0.5829629629629629,0.6799999999999999,0.7292592592592593,0.6733333333333333,0.7477777777777778,0.6725925925925926,0.7329629629629629,0.7570370370370371,0.6225925925925926,0.5074074074074074,ShallowConvNet,BI2015a,P300
42,0.5333333333333333,0.6198830409356726,0.6482456140350877,0.5824561403508772,0.6564327485380117,0.6175438596491228,0.6546783625730994,0.6707602339181287,0.6017543859649123,0.5257309941520467,ShallowConvNet,BI2015a,P300
43,0.7264367816091954,0.7994252873563219,0.8758620689655172,0.7545977011494253,0.8448275862068966,0.7942528735632184,0.8798850574712643,0.8436781609195403,0.8166666666666667,0.6304597701149426,ShallowConvNet,BI2015a,P300
5,0.6585858585858586,0.748989898989899,0.8161616161616161,0.7853535353535354,0.8333333333333333,0.7545454545454546,0.848989898989899,0.8338383838383838,0.6424242424242425,0.6176767676767677,ShallowConvNet,BI2015a,P300
6,0.5791666666666666,0.6893939393939394,0.7534090909090909,0.6587121212121212,0.7696969696969698,0.6829545454545455,0.7772727272727273,0.793939393939394,0.6026515151515152,0.5617424242424243,ShallowConvNet,BI2015a,P300
7,0.6303921568627451,0.7544117647058823,0.7661764705882353,0.7220588235294118,0.7862745098039216,0.7431372549019608,0.8117647058823529,0.790686274509804,0.5083333333333333,0.6137254901960785,ShallowConvNet,BI2015a,P300
8,0.5785714285714285,0.6746031746031746,0.7718253968253969,0.6317460317460317,0.7797619047619048,0.6742063492063493,0.7964285714285715,0.7861111111111111,0.7055555555555556,0.584920634920635,ShallowConvNet,BI2015a,P300
9,0.6234234234234235,0.6837837837837838,0.7585585585585586,0.6635135135135135,0.7481981981981982,0.6851351351351351,0.7702702702702703,0.7599099099099098,0.6810810810810811,0.5342342342342342,ShallowConvNet,BI2015a,P300
1,0.5850694444444444,0.7204861111111112,0.736111111111111,0.6684027777777777,0.8177083333333334,0.7170138888888888,0.8229166666666666,0.8125,0.6354166666666667,0.6753472222222223,ShallowConvNet,BNCI2014_001,MI
2,0.4079861111111111,0.421875,0.4565972222222222,0.2777777777777778,0.578125,0.40625,0.5920138888888888,0.5694444444444444,0.2881944444444444,0.546875,ShallowConvNet,BNCI2014_001,MI
3,0.703125,0.7465277777777778,0.8350694444444444,0.7048611111111112,0.8628472222222223,0.7586805555555556,0.8315972222222223,0.8506944444444444,0.7152777777777777,0.7395833333333333,ShallowConvNet,BNCI2014_001,MI
4,0.4427083333333333,0.5763888888888888,0.5607638888888888,0.5121527777777778,0.6788194444444445,0.5954861111111112,0.6961805555555556,0.6631944444444444,0.4409722222222222,0.5243055555555556,ShallowConvNet,BNCI2014_001,MI
5,0.3715277777777778,0.4722222222222222,0.4809027777777778,0.4166666666666667,0.625,0.4756944444444444,0.6336805555555556,0.6180555555555556,0.3333333333333333,0.4670138888888889,ShallowConvNet,BNCI2014_001,MI
6,0.4305555555555556,0.5121527777777778,0.5052083333333333,0.4392361111111111,0.5885416666666667,0.515625,0.6041666666666667,0.5815972222222222,0.2482638888888889,0.4097222222222222,ShallowConvNet,BNCI2014_001,MI
7,0.5677083333333334,0.6388888888888888,0.6857638888888888,0.5173611111111112,0.828125,0.6753472222222222,0.8281250000000001,0.8125,0.3802083333333333,0.7152777777777778,ShallowConvNet,BNCI2014_001,MI
8,0.625,0.5989583333333333,0.7413194444444444,0.5555555555555556,0.7621527777777778,0.6128472222222222,0.7829861111111112,0.7586805555555556,0.5052083333333334,0.6736111111111112,ShallowConvNet,BNCI2014_001,MI
9,0.6909722222222222,0.7465277777777778,0.7777777777777779,0.6493055555555556,0.8437500000000001,0.7447916666666667,0.8350694444444445,0.8298611111111112,0.4913194444444444,0.7552083333333334,ShallowConvNet,BNCI2014_001,MI
1,0.9144756326213684,0.9357307561625188,0.95961627153745,0.9134078467988502,0.9618935617307284,0.9405127727753924,0.963623396302004,0.960430976504404,0.917619051657572,0.932194287749702,ShallowConvNet,Huebner2017,P300
10,0.9480863410933498,0.9609642065534026,0.9732027683361096,0.9485568421422071,0.9764256094038116,0.962199482725572,0.9781448854355932,0.9739421656952024,0.9565791853737686,0.9546850997427128,ShallowConvNet,Huebner2017,P300
11,0.6888909364995244,0.7697688371780795,0.793167084780978,0.7489827800284662,0.810901953333016,0.7716267857276317,0.8114238022773904,0.8107110699374542,0.5784126096426481,0.7310275875994874,ShallowConvNet,Huebner2017,P300
12,0.8959732397232398,0.9271469271469271,0.9449659137159138,0.9225300162800164,0.9523809523809524,0.9292582417582418,0.9543014855514856,0.9513507326007328,0.8146113146113145,0.9206857956857956,ShallowConvNet,Huebner2017,P300
13,0.910509284160958,0.9356425015196768,0.9589049787514476,0.8609194858081853,0.960456993958444,0.9371305294558832,0.9588544350329484,0.9598464985250118,0.7797740695783079,0.923648547786764,ShallowConvNet,Huebner2017,P300
2,0.9001322751322751,0.918091168091168,0.9293727106227108,0.8985169922669922,0.9475223850223852,0.9238400488400488,0.9509310134310134,0.9461996336996336,0.9029558404558404,0.9277065527065528,ShallowConvNet,Huebner2017,P300
3,0.8793708948400583,0.8901586009259529,0.9279838905958384,0.8436026275177506,0.9312023588751148,0.8938342301549609,0.9290655756727912,0.9318637345364904,0.8172539488690517,0.880797032384657,ShallowConvNet,Huebner2017,P300
4,0.9423306135218408,0.937473413048418,0.9774994628762692,0.8498667825453903,0.9702881729393026,0.9414798647255904,0.9700083705146804,0.9686220460887162,0.8453521498949446,0.9427386390926996,ShallowConvNet,Huebner2017,P300
5,0.8499313186813187,0.8632351444851445,0.8933150183150182,0.8208689458689459,0.9047873422873424,0.8718457468457468,0.9087047212047212,0.9003866503866504,0.7536757224257224,0.8718966218966219,ShallowConvNet,Huebner2017,P300
6,0.9546920980703386,0.9552012420460227,0.9744339994030492,0.9430823648291906,0.974316595008805,0.9600524158701635,0.975252608931799,0.9714900974812702,0.9371181230698196,0.9533895838578887,ShallowConvNet,Huebner2017,P300
7,0.9683684371184372,0.9771316646316646,0.9887566137566136,0.9006410256410257,0.989061864061864,0.978937728937729,0.9883750508750508,0.9874465811965812,0.8560236060236059,0.9738120675620676,ShallowConvNet,Huebner2017,P300
8,0.7673546494722456,0.7965966278860641,0.8470645851574001,0.6860727855155904,0.8629515002848506,0.7960367538018668,0.8607639662939378,0.8604838946343628,0.5359683088921843,0.7709425417610335,ShallowConvNet,Huebner2017,P300
9,0.93893722018722,0.9489977614977616,0.9680631868131868,0.9444826007326008,0.971382783882784,0.9549501424501424,0.9692587505087504,0.9697802197802198,0.9499771062271064,0.944139194139194,ShallowConvNet,Huebner2017,P300
1,,0.9447683619422677,0.962190346992355,0.9265556107963836,0.9663916981757444,0.9478245925625494,0.9669067870989408,0.9652584480307372,0.9367206136965271,0.9411166206568716,ShallowConvNet,Huebner2018,P300
10,,0.882451923076923,0.9093635531135532,0.8347870879120879,0.9073717948717948,0.8886675824175825,0.908653846153846,0.9056089743589744,0.863610347985348,0.8717490842490843,ShallowConvNet,Huebner2018,P300
11,,0.8571835832014603,0.8723734839402109,0.7570159733858928,0.9006805711876362,0.8613920715553138,0.8993124313225243,0.899691835496575,0.7404572591533423,0.862690896403194,ShallowConvNet,Huebner2018,P300
12,,0.8569826007326007,0.889823717948718,0.7355196886446886,0.908367673992674,0.863610347985348,0.9063072344322344,0.9029532967032968,0.7627632783882784,0.8670673076923077,ShallowConvNet,Huebner2018,P300
2,,0.959478021978022,0.9764766483516484,0.918452380952381,0.9757669413919414,0.9623626373626374,0.9754578754578755,0.9742559523809524,0.9630608974358974,0.9576808608058608,ShallowConvNet,Huebner2018,P300
3,,0.951625457875458,0.9695741758241758,0.9455128205128204,0.975206043956044,0.9590315934065934,0.974908424908425,0.9730540293040292,0.9519574175824176,0.9543040293040292,ShallowConvNet,Huebner2018,P300
4,,0.8969665750915751,0.9303685897435896,0.844253663003663,0.9355196886446886,0.905231227106227,0.9378319597069598,0.9341117216117216,0.873489010989011,0.9030448717948718,ShallowConvNet,Huebner2018,P300
5,,0.806613474829184,0.8882787343909526,0.6273139512814472,0.8974272886724783,0.8017248488180319,0.8995109492395089,0.8964086919814654,0.6793634977355428,0.8325096043090133,ShallowConvNet,Huebner2018,P300
6,,0.9436813186813188,0.9639880952380953,0.7879120879120879,0.9710508241758242,0.9441964285714286,0.971062271062271,0.9713255494505496,0.710691391941392,0.9419757326007326,ShallowConvNet,Huebner2018,P300
7,,0.8848383325481164,0.9011843689472858,0.8269926516777469,0.9182987728803504,0.8857653793470485,0.9189062799909264,0.918092980596416,0.7422202991676701,0.8664668180390515,ShallowConvNet,Huebner2018,P300
8,,0.8383814102564102,0.8873054029304029,0.6713942307692308,0.8888850732600733,0.838507326007326,0.8884844322344323,0.8921703296703296,0.595157967032967,0.83176510989011,ShallowConvNet,Huebner2018,P300
9,,0.8866858201518542,0.9180618155770414,0.5789703754704556,0.9306080979419884,0.8874642252037732,0.9323365861822336,0.9307912103846944,0.5837892882219285,0.8924323835908574,ShallowConvNet,Huebner2018,P300
1,0.203125,0.359375,0.265625,0.28125,0.296875,0.28125,0.265625,0.34375,0.28125,0.25,ShallowConvNet,Kalunga2016,SSVEP
10,0.359375,0.359375,0.453125,0.34375,0.4609375,0.3671875,0.4375,0.4296875,0.2890625,0.3828125,ShallowConvNet,Kalunga2016,SSVEP
11,0.265625,0.375,0.328125,0.3125,0.359375,0.328125,0.359375,0.40625,0.296875,0.28125,ShallowConvNet,Kalunga2016,SSVEP
12,0.41875,0.44375,0.53125,0.40625,0.6125,0.44375,0.59375,0.59375,0.425,0.4562499999999999,ShallowConvNet,Kalunga2016,SSVEP
2,0.375,0.359375,0.375,0.46875,0.4375,0.390625,0.375,0.34375,0.375,0.359375,ShallowConvNet,Kalunga2016,SSVEP
3,0.296875,0.84375,0.828125,0.828125,0.859375,0.828125,0.859375,0.890625,0.78125,0.21875,ShallowConvNet,Kalunga2016,SSVEP
4,0.359375,0.515625,0.546875,0.4375,0.46875,0.453125,0.4375,0.515625,0.609375,0.3125,ShallowConvNet,Kalunga2016,SSVEP
5,0.25,0.34375,0.359375,0.34375,0.40625,0.390625,0.296875,0.375,0.359375,0.328125,ShallowConvNet,Kalunga2016,SSVEP
6,0.28125,0.375,0.390625,0.34375,0.390625,0.40625,0.40625,0.359375,0.3125,0.28125,ShallowConvNet,Kalunga2016,SSVEP
7,0.2291666666666666,0.6354166666666666,0.5208333333333334,0.59375,0.6875000000000001,0.6770833333333333,0.6145833333333334,0.6458333333333334,0.5104166666666666,0.3020833333333333,ShallowConvNet,Kalunga2016,SSVEP
8,0.28125,0.40625,0.46875,0.34375,0.40625,0.375,0.3125,0.4375,0.359375,0.28125,ShallowConvNet,Kalunga2016,SSVEP
9,0.28125,0.28125,0.390625,0.28125,0.328125,0.265625,0.34375,0.328125,0.34375,0.234375,ShallowConvNet,Kalunga2016,SSVEP
1,0.535,0.73,0.695,0.74,0.77,0.725,0.6699999999999999,0.74,0.66,0.505,ShallowConvNet,Lee2019_MI,MI
10,0.5449999999999999,0.6499999999999999,0.695,0.6699999999999999,0.7250000000000001,0.62,0.715,0.6699999999999999,0.63,0.51,ShallowConvNet,Lee2019_MI,MI
11,0.53,0.665,0.6599999999999999,0.5800000000000001,0.66,0.645,0.685,0.69,0.67,0.5549999999999999,ShallowConvNet,Lee2019_MI,MI
12,0.525,0.685,0.74,0.7150000000000001,0.69,0.685,0.725,0.715,0.7150000000000001,0.585,ShallowConvNet,Lee2019_MI,MI
13,0.5,0.65,0.685,0.64,0.7150000000000001,0.64,0.6799999999999999,0.69,0.66,0.56,ShallowConvNet,Lee2019_MI,MI
14,0.53,0.705,0.6950000000000001,0.72,0.725,0.735,0.735,0.72,0.6599999999999999,0.565,ShallowConvNet,Lee2019_MI,MI
15,0.6000000000000001,0.755,0.825,0.8200000000000001,0.78,0.77,0.75,0.82,0.65,0.62,ShallowConvNet,Lee2019_MI,MI
16,0.685,0.755,0.8300000000000001,0.7,0.8049999999999999,0.7749999999999999,0.8200000000000001,0.815,0.8,0.62,ShallowConvNet,Lee2019_MI,MI
17,0.44,0.77,0.69,0.76,0.79,0.77,0.755,0.7649999999999999,0.635,0.5,ShallowConvNet,Lee2019_MI,MI
18,0.515,0.82,0.865,0.85,0.87,0.845,0.875,0.845,0.825,0.535,ShallowConvNet,Lee2019_MI,MI
19,0.6,0.815,0.8200000000000001,0.8200000000000001,0.835,0.8049999999999999,0.77,0.8300000000000001,0.8400000000000001,0.5549999999999999,ShallowConvNet,Lee2019_MI,MI
2,0.5549999999999999,0.745,0.8,0.725,0.77,0.6950000000000001,0.6799999999999999,0.815,0.77,0.53,ShallowConvNet,Lee2019_MI,MI
20,0.5650000000000001,0.775,0.76,0.815,0.79,0.77,0.8200000000000001,0.7849999999999999,0.75,0.5549999999999999,ShallowConvNet,Lee2019_MI,MI
21,0.725,0.93,0.955,0.92,0.915,0.915,0.895,0.93,0.945,0.63,ShallowConvNet,Lee2019_MI,MI
22,0.52,0.735,0.645,0.7250000000000001,0.69,0.685,0.685,0.75,0.65,0.4599999999999999,ShallowConvNet,Lee2019_MI,MI
23,0.54,0.71,0.7150000000000001,0.745,0.765,0.7150000000000001,0.665,0.74,0.68,0.5,ShallowConvNet,Lee2019_MI,MI
24,0.51,0.6799999999999999,0.66,0.7050000000000001,0.74,0.7250000000000001,0.715,0.7150000000000001,0.665,0.54,ShallowConvNet,Lee2019_MI,MI
25,0.72,0.745,0.85,0.75,0.78,0.745,0.7949999999999999,0.7949999999999999,0.785,0.7,ShallowConvNet,Lee2019_MI,MI
26,0.5700000000000001,0.815,0.7849999999999999,0.815,0.825,0.7949999999999999,0.81,0.8200000000000001,0.845,0.535,ShallowConvNet,Lee2019_MI,MI
27,0.72,0.795,0.745,0.79,0.8,0.7849999999999999,0.7849999999999999,0.815,0.735,0.595,ShallowConvNet,Lee2019_MI,MI
28,0.52,0.885,0.9,0.915,0.89,0.905,0.835,0.92,0.835,0.515,ShallowConvNet,Lee2019_MI,MI
29,0.815,0.745,0.89,0.675,0.8,0.7250000000000001,0.77,0.8200000000000001,0.7150000000000001,0.7949999999999999,ShallowConvNet,Lee2019_MI,MI
3,0.64,0.875,0.835,0.8899999999999999,0.8500000000000001,0.855,0.8200000000000001,0.88,0.7749999999999999,0.575,ShallowConvNet,Lee2019_MI,MI
30,0.5700000000000001,0.745,0.705,0.74,0.735,0.76,0.69,0.74,0.7,0.56,ShallowConvNet,Lee2019_MI,MI
31,0.565,0.78,0.775,0.7949999999999999,0.78,0.77,0.765,0.8049999999999999,0.765,0.495,ShallowConvNet,Lee2019_MI,MI
32,0.615,0.855,0.85,0.87,0.86,0.825,0.81,0.87,0.855,0.655,ShallowConvNet,Lee2019_MI,MI
33,0.625,0.92,0.925,0.915,0.92,0.9,0.965,0.91,0.925,0.565,ShallowConvNet,Lee2019_MI,MI
34,0.52,0.655,0.645,0.6950000000000001,0.715,0.705,0.62,0.715,0.58,0.5449999999999999,ShallowConvNet,Lee2019_MI,MI
35,0.785,0.815,0.89,0.7849999999999999,0.8400000000000001,0.8,0.87,0.8200000000000001,0.77,0.73,ShallowConvNet,Lee2019_MI,MI
36,0.77,0.945,0.96,0.94,0.96,0.95,0.9,0.96,0.915,0.72,ShallowConvNet,Lee2019_MI,MI
37,0.595,0.92,0.93,0.91,0.905,0.925,0.855,0.91,0.915,0.575,ShallowConvNet,Lee2019_MI,MI
38,0.5449999999999999,0.78,0.605,0.73,0.73,0.755,0.755,0.74,0.585,0.535,ShallowConvNet,Lee2019_MI,MI
39,0.585,0.79,0.7749999999999999,0.77,0.825,0.79,0.71,0.835,0.795,0.505,ShallowConvNet,Lee2019_MI,MI
4,0.6499999999999999,0.8,0.685,0.795,0.825,0.785,0.77,0.79,0.61,0.56,ShallowConvNet,Lee2019_MI,MI
40,0.575,0.845,0.735,0.765,0.8200000000000001,0.835,0.7849999999999999,0.8300000000000001,0.72,0.49,ShallowConvNet,Lee2019_MI,MI
41,0.5449999999999999,0.81,0.7250000000000001,0.7350000000000001,0.7849999999999999,0.8,0.8049999999999999,0.8049999999999999,0.6950000000000001,0.495,ShallowConvNet,Lee2019_MI,MI
42,0.56,0.655,0.72,0.685,0.675,0.6699999999999999,0.66,0.69,0.64,0.5,ShallowConvNet,Lee2019_MI,MI
43,0.5,0.79,0.81,0.8600000000000001,0.845,0.795,0.8200000000000001,0.825,0.8,0.485,ShallowConvNet,Lee2019_MI,MI
44,0.525,0.75,0.8,0.75,0.755,0.73,0.6799999999999999,0.78,0.7250000000000001,0.62,ShallowConvNet,Lee2019_MI,MI
45,0.515,0.86,0.81,0.855,0.8400000000000001,0.84,0.8400000000000001,0.875,0.7949999999999999,0.545,ShallowConvNet,Lee2019_MI,MI
46,0.495,0.6799999999999999,0.65,0.705,0.7150000000000001,0.675,0.675,0.72,0.72,0.47,ShallowConvNet,Lee2019_MI,MI
47,0.565,0.77,0.8400000000000001,0.7949999999999999,0.765,0.7649999999999999,0.71,0.78,0.75,0.55,ShallowConvNet,Lee2019_MI,MI
48,0.5650000000000001,0.66,0.7,0.6950000000000001,0.7,0.675,0.67,0.665,0.67,0.535,ShallowConvNet,Lee2019_MI,MI
49,0.565,0.755,0.815,0.73,0.78,0.7549999999999999,0.81,0.7749999999999999,0.69,0.49,ShallowConvNet,Lee2019_MI,MI
5,0.5549999999999999,0.865,0.835,0.87,0.885,0.88,0.91,0.88,0.7949999999999999,0.55,ShallowConvNet,Lee2019_MI,MI
50,0.545,0.665,0.63,0.6699999999999999,0.635,0.645,0.63,0.645,0.55,0.53,ShallowConvNet,Lee2019_MI,MI
51,0.49,0.685,0.675,0.67,0.72,0.69,0.62,0.715,0.685,0.51,ShallowConvNet,Lee2019_MI,MI
52,0.535,0.72,0.825,0.74,0.785,0.72,0.7150000000000001,0.745,0.7949999999999999,0.52,ShallowConvNet,Lee2019_MI,MI
53,0.54,0.77,0.735,0.75,0.775,0.775,0.77,0.81,0.71,0.53,ShallowConvNet,Lee2019_MI,MI
54,0.5549999999999999,0.655,0.74,0.6950000000000001,0.675,0.645,0.615,0.665,0.65,0.54,ShallowConvNet,Lee2019_MI,MI
6,0.605,0.835,0.865,0.8,0.84,0.825,0.835,0.825,0.825,0.6100000000000001,ShallowConvNet,Lee2019_MI,MI
7,0.52,0.69,0.71,0.6950000000000001,0.71,0.6799999999999999,0.79,0.74,0.6499999999999999,0.545,ShallowConvNet,Lee2019_MI,MI
8,0.49,0.675,0.735,0.655,0.69,0.635,0.655,0.675,0.71,0.48,ShallowConvNet,Lee2019_MI,MI
9,0.525,0.73,0.755,0.75,0.73,0.75,0.79,0.7250000000000001,0.73,0.49,ShallowConvNet,Lee2019_MI,MI
1,0.335,0.935,0.955,0.93,0.935,0.94,0.945,0.94,0.935,0.315,ShallowConvNet,Lee2019_SSVEP,SSVEP
10,0.395,0.93,0.965,0.8599999999999999,0.935,0.94,0.8999999999999999,0.94,0.91,0.34,ShallowConvNet,Lee2019_SSVEP,SSVEP
11,0.605,0.945,1.0,0.93,0.96,0.97,1.0,0.945,1.0,0.3349999999999999,ShallowConvNet,Lee2019_SSVEP,SSVEP
12,0.5750000000000001,0.96,0.96,0.945,0.97,0.965,0.97,0.955,0.965,0.44,ShallowConvNet,Lee2019_SSVEP,SSVEP
13,0.375,0.95,0.935,0.94,0.96,0.915,0.98,0.955,0.8900000000000001,0.35,ShallowConvNet,Lee2019_SSVEP,SSVEP
14,0.31,0.95,0.925,0.91,0.97,0.92,0.97,0.955,0.87,0.32,ShallowConvNet,Lee2019_SSVEP,SSVEP
15,0.315,0.99,0.955,0.97,0.99,0.99,0.995,0.995,0.83,0.33,ShallowConvNet,Lee2019_SSVEP,SSVEP
16,0.45,0.975,0.985,0.965,0.975,0.97,0.98,0.98,0.965,0.305,ShallowConvNet,Lee2019_SSVEP,SSVEP
17,0.365,0.9,0.935,0.8749999999999999,0.895,0.88,0.95,0.925,0.8999999999999999,0.275,ShallowConvNet,Lee2019_SSVEP,SSVEP
18,0.63,0.975,0.99,0.96,0.98,0.975,0.985,0.98,0.98,0.4649999999999999,ShallowConvNet,Lee2019_SSVEP,SSVEP
19,0.395,0.805,0.895,0.7999999999999999,0.855,0.815,0.865,0.8499999999999999,0.735,0.3249999999999999,ShallowConvNet,Lee2019_SSVEP,SSVEP
2,0.415,0.97,0.98,0.975,0.975,0.975,0.99,0.97,0.955,0.26,ShallowConvNet,Lee2019_SSVEP,SSVEP
20,0.2299999999999999,0.955,0.94,0.935,0.955,0.945,0.95,0.935,0.96,0.29,ShallowConvNet,Lee2019_SSVEP,SSVEP
21,0.495,0.845,0.985,0.7949999999999999,0.93,0.915,0.955,0.925,0.91,0.385,ShallowConvNet,Lee2019_SSVEP,SSVEP
22,0.3,0.8699999999999999,0.8849999999999999,0.8599999999999999,0.915,0.8999999999999999,0.92,0.91,0.845,0.255,ShallowConvNet,Lee2019_SSVEP,SSVEP
23,0.29,0.36,0.45,0.29,0.475,0.37,0.49,0.43,0.44,0.285,ShallowConvNet,Lee2019_SSVEP,SSVEP
24,0.285,0.91,0.94,0.885,0.91,0.905,0.93,0.915,0.825,0.27,ShallowConvNet,Lee2019_SSVEP,SSVEP
25,0.285,0.885,0.955,0.855,0.875,0.905,0.89,0.875,0.91,0.31,ShallowConvNet,Lee2019_SSVEP,SSVEP
26,0.305,0.99,0.985,0.97,0.99,0.99,0.995,0.985,0.965,0.3,ShallowConvNet,Lee2019_SSVEP,SSVEP
27,0.385,0.98,0.995,0.975,0.98,0.99,0.985,0.985,0.995,0.285,ShallowConvNet,Lee2019_SSVEP,SSVEP
28,0.29,0.955,0.975,0.96,0.98,0.965,0.965,0.965,0.98,0.29,ShallowConvNet,Lee2019_SSVEP,SSVEP
29,0.35,0.8899999999999999,0.92,0.8999999999999999,0.92,0.8999999999999999,0.965,0.915,0.875,0.3,ShallowConvNet,Lee2019_SSVEP,SSVEP
3,0.45,0.945,0.925,0.94,0.93,0.955,0.93,0.95,0.91,0.3299999999999999,ShallowConvNet,Lee2019_SSVEP,SSVEP
30,0.405,1.0,0.99,1.0,1.0,1.0,0.995,1.0,0.99,0.31,ShallowConvNet,Lee2019_SSVEP,SSVEP
31,0.675,0.955,1.0,0.96,0.985,0.97,0.97,0.98,1.0,0.3999999999999999,ShallowConvNet,Lee2019_SSVEP,SSVEP
32,0.375,0.6950000000000001,0.7799999999999999,0.465,0.7250000000000001,0.695,0.75,0.725,0.48,0.3349999999999999,ShallowConvNet,Lee2019_SSVEP,SSVEP
33,0.2799999999999999,0.985,0.98,0.99,0.99,0.99,1.0,0.99,0.995,0.25,ShallowConvNet,Lee2019_SSVEP,SSVEP
34,0.335,0.7649999999999999,0.7650000000000001,0.75,0.765,0.7399999999999999,0.7799999999999999,0.7849999999999999,0.6950000000000001,0.29,ShallowConvNet,Lee2019_SSVEP,SSVEP
35,0.37,0.97,0.93,0.975,0.975,0.975,0.97,0.97,0.885,0.255,ShallowConvNet,Lee2019_SSVEP,SSVEP
36,0.7749999999999999,1.0,1.0,1.0,1.0,1.0,1.0,1.0,1.0,0.425,ShallowConvNet,Lee2019_SSVEP,SSVEP
37,0.315,0.985,0.98,0.98,0.99,0.985,0.98,0.995,0.985,0.265,ShallowConvNet,Lee2019_SSVEP,SSVEP
38,0.4049999999999999,0.985,0.98,0.955,0.985,0.97,0.975,0.97,0.915,0.36,ShallowConvNet,Lee2019_SSVEP,SSVEP
39,0.365,0.985,0.985,0.995,0.985,0.99,0.995,0.99,0.99,0.2749999999999999,ShallowConvNet,Lee2019_SSVEP,SSVEP
4,0.635,0.99,1.0,0.985,0.995,0.99,0.995,0.98,1.0,0.445,ShallowConvNet,Lee2019_SSVEP,SSVEP
40,0.325,0.91,0.915,0.8300000000000001,0.895,0.8799999999999999,0.905,0.8899999999999999,0.8699999999999999,0.29,ShallowConvNet,Lee2019_SSVEP,SSVEP
41,0.415,0.99,0.99,0.965,0.98,0.985,0.985,0.99,0.975,0.275,ShallowConvNet,Lee2019_SSVEP,SSVEP
42,0.305,0.8099999999999999,0.815,0.7849999999999999,0.8099999999999999,0.7999999999999999,0.825,0.81,0.8049999999999999,0.305,ShallowConvNet,Lee2019_SSVEP,SSVEP
43,0.6200000000000001,1.0,0.99,0.99,1.0,1.0,1.0,0.99,0.99,0.425,ShallowConvNet,Lee2019_SSVEP,SSVEP
44,0.33,0.99,1.0,0.99,1.0,0.995,0.995,0.995,0.99,0.3299999999999999,ShallowConvNet,Lee2019_SSVEP,SSVEP
45,0.445,0.96,0.935,0.925,0.95,0.945,0.93,0.95,0.825,0.42,ShallowConvNet,Lee2019_SSVEP,SSVEP
46,0.2299999999999999,0.97,0.975,0.935,0.975,0.955,0.985,0.985,0.98,0.365,ShallowConvNet,Lee2019_SSVEP,SSVEP
47,0.26,0.66,0.6100000000000001,0.67,0.66,0.675,0.665,0.665,0.6299999999999999,0.28,ShallowConvNet,Lee2019_SSVEP,SSVEP
48,0.46,0.995,0.995,0.995,0.995,0.995,0.99,0.995,0.985,0.28,ShallowConvNet,Lee2019_SSVEP,SSVEP
49,0.29,0.99,0.985,0.975,0.99,0.975,0.995,0.985,0.99,0.315,ShallowConvNet,Lee2019_SSVEP,SSVEP
5,0.29,0.7100000000000001,0.8,0.71,0.745,0.6900000000000001,0.74,0.74,0.77,0.305,ShallowConvNet,Lee2019_SSVEP,SSVEP
50,0.335,0.905,0.965,0.9,0.935,0.91,0.95,0.915,0.91,0.33,ShallowConvNet,Lee2019_SSVEP,SSVEP
51,0.195,0.7949999999999999,0.7850000000000001,0.775,0.7750000000000001,0.755,0.8,0.7850000000000001,0.7500000000000001,0.255,ShallowConvNet,Lee2019_SSVEP,SSVEP
52,0.2799999999999999,0.935,0.965,0.92,0.975,0.96,0.97,0.965,0.895,0.37,ShallowConvNet,Lee2019_SSVEP,SSVEP
53,0.31,0.995,0.995,0.99,0.99,0.985,0.99,0.99,0.99,0.31,ShallowConvNet,Lee2019_SSVEP,SSVEP
54,0.36,0.685,0.79,0.605,0.79,0.755,0.8200000000000001,0.77,0.49,0.38,ShallowConvNet,Lee2019_SSVEP,SSVEP
6,0.4399999999999999,0.985,1.0,0.955,0.99,0.98,0.99,0.98,0.955,0.3399999999999999,ShallowConvNet,Lee2019_SSVEP,SSVEP
7,0.52,0.98,0.995,0.97,0.99,0.965,0.995,0.985,0.995,0.4,ShallowConvNet,Lee2019_SSVEP,SSVEP
8,0.275,0.925,0.905,0.92,0.955,0.93,0.95,0.94,0.915,0.295,ShallowConvNet,Lee2019_SSVEP,SSVEP
9,0.4399999999999999,0.915,0.975,0.8700000000000001,0.915,0.91,0.8949999999999999,0.905,0.93,0.435,ShallowConvNet,Lee2019_SSVEP,SSVEP
1,0.282,0.1246666666666666,0.2406666666666666,0.1726666666666667,0.1913333333333333,0.1573333333333333,0.238,0.1926666666666666,0.2,0.226,ShallowConvNet,MAMEM2,SSVEP
10,0.278,0.1626666666666666,0.27,0.1973333333333333,0.204,0.1693333333333333,0.1446666666666666,0.202,0.236,0.24,ShallowConvNet,MAMEM2,SSVEP
2,0.204,0.2133333333333333,0.1826666666666666,0.2173333333333333,0.2033333333333333,0.2073333333333333,0.142,0.218,0.2,0.1446666666666666,ShallowConvNet,MAMEM2,SSVEP
3,0.3153333333333333,0.2206666666666666,0.1746666666666666,0.1533333333333333,0.1926666666666666,0.2133333333333333,0.1993333333333333,0.184,0.2086666666666667,0.1286666666666666,ShallowConvNet,MAMEM2,SSVEP
4,0.246,0.2033333333333333,0.1333333333333333,0.2293333333333333,0.1846666666666667,0.2046666666666667,0.2046666666666667,0.2013333333333333,0.22,0.24,ShallowConvNet,MAMEM2,SSVEP
5,0.2066666666666667,0.2526666666666667,0.1926666666666666,0.1753333333333333,0.2813333333333333,0.2586666666666667,0.2293333333333333,0.248,0.2333333333333333,0.1813333333333333,ShallowConvNet,MAMEM2,SSVEP
6,0.2053333333333333,0.1993333333333333,0.2486666666666666,0.25,0.206,0.2273333333333333,0.1626666666666666,0.2086666666666666,0.206,0.2073333333333333,ShallowConvNet,MAMEM2,SSVEP
7,0.1793333333333333,0.206,0.1793333333333333,0.2339999999999999,0.268,0.2326666666666667,0.3053333333333333,0.2246666666666666,0.188,0.252,ShallowConvNet,MAMEM2,SSVEP
8,0.2206666666666667,0.182,0.2833333333333333,0.1913333333333333,0.17,0.1886666666666666,0.1573333333333333,0.16,0.188,0.238,ShallowConvNet,MAMEM2,SSVEP
9,0.1693333333333333,0.2473333333333333,0.156,0.2126666666666666,0.2393333333333333,0.2353333333333333,0.1993333333333333,0.2533333333333333,0.148,0.256,ShallowConvNet,MAMEM2,SSVEP
1,0.815,0.8983333333333333,0.95,0.8883333333333333,0.92,0.905,0.9083333333333332,0.9116666666666666,0.9433333333333334,0.7416666666666667,ShallowConvNet,Yang2025,MI
10,0.7233333333333334,0.8316666666666667,0.8683333333333334,0.8266666666666667,0.8433333333333333,0.8183333333333334,0.855,0.8400000000000001,0.8616666666666667,0.665,ShallowConvNet,Yang2025,MI
11,0.7416666666666667,0.8683333333333334,0.9216666666666666,0.845,0.8816666666666666,0.8866666666666667,0.8633333333333333,0.89,0.9283333333333332,0.5966666666666667,ShallowConvNet,Yang2025,MI
12,0.5166666666666666,0.6,0.5833333333333334,0.5866666666666667,0.5700000000000001,0.6133333333333333,0.5466666666666666,0.6016666666666667,0.595,0.5083333333333333,ShallowConvNet,Yang2025,MI
13,0.6466666666666666,0.755,0.81,0.74,0.7516666666666667,0.745,0.74,0.7683333333333333,0.8,0.6033333333333333,ShallowConvNet,Yang2025,MI
14,0.5,0.5533333333333333,0.5533333333333333,0.5566666666666666,0.5633333333333334,0.5549999999999999,0.5483333333333333,0.5549999999999999,0.5433333333333333,0.5,ShallowConvNet,Yang2025,MI
15,0.615,0.715,0.8116666666666668,0.7316666666666667,0.7716666666666667,0.7233333333333334,0.7783333333333333,0.7816666666666667,0.8083333333333333,0.585,ShallowConvNet,Yang2025,MI
16,0.6000000000000001,0.5966666666666667,0.6799999999999999,0.5816666666666667,0.605,0.5566666666666666,0.6233333333333333,0.6166666666666667,0.63,0.5416666666666666,ShallowConvNet,Yang2025,MI
17,0.6699999999999999,0.8083333333333333,0.8066666666666666,0.7866666666666666,0.7966666666666666,0.8049999999999999,0.8049999999999999,0.8066666666666666,0.7933333333333333,0.6016666666666667,ShallowConvNet,Yang2025,MI
18,0.5700000000000001,0.6616666666666666,0.7133333333333334,0.6516666666666666,0.6366666666666667,0.655,0.6666666666666666,0.6566666666666666,0.6933333333333334,0.525,ShallowConvNet,Yang2025,MI
19,0.76,0.8116666666666666,0.865,0.7983333333333333,0.8400000000000001,0.8066666666666666,0.8383333333333334,0.84,0.8666666666666667,0.7233333333333334,ShallowConvNet,Yang2025,MI
2,0.575,0.6316666666666666,0.6950000000000001,0.63,0.6533333333333333,0.6516666666666666,0.6666666666666667,0.645,0.675,0.53,ShallowConvNet,Yang2025,MI
20,0.825,0.8216666666666668,0.8883333333333333,0.77,0.875,0.8283333333333334,0.8916666666666666,0.865,0.76,0.8183333333333334,ShallowConvNet,Yang2025,MI
21,0.7383333333333333,0.8716666666666666,0.895,0.8816666666666666,0.8783333333333334,0.8566666666666667,0.88,0.8766666666666667,0.8899999999999999,0.76,ShallowConvNet,Yang2025,MI
22,0.72,0.7716666666666667,0.865,0.8033333333333333,0.8416666666666667,0.7883333333333333,0.8300000000000001,0.8233333333333334,0.765,0.5766666666666667,ShallowConvNet,Yang2025,MI
23,0.8748104793756968,0.938221850613155,0.9499108138238572,0.9432552954292084,0.9499108138238572,0.938227424749164,0.9615830546265328,0.9582664437012264,0.951577480490524,0.8246934225195095,ShallowConvNet,Yang2025,MI
24,0.8214107563939779,0.934303011064756,0.9663635951387628,0.902389805913296,0.9309699800471612,0.9293374750589516,0.9242472338109922,0.9376700526029385,0.9444948304008708,0.7594095773625975,ShallowConvNet,Yang2025,MI
25,0.8516666666666667,0.8400000000000001,0.9366666666666666,0.8483333333333334,0.9033333333333332,0.87,0.925,0.9,0.9316666666666666,0.77,ShallowConvNet,Yang2025,MI
26,0.8346934225195095,0.8764604236343367,0.901505016722408,0.8179542920847269,0.9165105908584168,0.8664492753623187,0.9365328874024528,0.9215328874024526,0.8481605351170569,0.833076923076923,ShallowConvNet,Yang2025,MI
27,0.69,0.63,0.6866666666666666,0.6033333333333333,0.6616666666666666,0.635,0.6683333333333333,0.64,0.6083333333333333,0.545,ShallowConvNet,Yang2025,MI
28,0.8116666666666666,0.8,0.9033333333333332,0.7466666666666667,0.8266666666666667,0.8016666666666666,0.8216666666666668,0.8216666666666667,0.7683333333333333,0.6633333333333333,ShallowConvNet,Yang2025,MI
29,0.8716666666666667,0.8216666666666667,0.8999999999999999,0.7816666666666667,0.8833333333333333,0.8116666666666668,0.86,0.86,0.81,0.905,ShallowConvNet,Yang2025,MI
3,0.835,0.9116666666666666,0.9616666666666668,0.8933333333333333,0.9416666666666668,0.915,0.9316666666666666,0.945,0.9383333333333334,0.7466666666666666,ShallowConvNet,Yang2025,MI
30,0.8816666666666666,0.895,0.9533333333333334,0.8133333333333334,0.9116666666666666,0.8966666666666667,0.915,0.9183333333333332,0.9416666666666668,0.8133333333333332,ShallowConvNet,Yang2025,MI
31,0.7133333333333334,0.77,0.7983333333333333,0.7433333333333334,0.7483333333333333,0.7366666666666667,0.7466666666666666,0.7466666666666666,0.745,0.5900000000000001,ShallowConvNet,Yang2025,MI
32,0.5860033444816053,0.572603121516165,0.6895039018952063,0.5626254180602006,0.6026644370122631,0.599319955406912,0.6227146042363434,0.5843088071348941,0.6060869565217392,0.5592976588628762,ShallowConvNet,Yang2025,MI
33,0.9016666666666666,0.9266666666666666,0.9766666666666668,0.8883333333333334,0.9416666666666668,0.92,0.9316666666666666,0.9416666666666668,0.9683333333333332,0.8166666666666667,ShallowConvNet,Yang2025,MI
34,0.7616666666666667,0.7316666666666667,0.8,0.6233333333333333,0.7383333333333333,0.7166666666666667,0.77,0.745,0.6316666666666666,0.6933333333333334,ShallowConvNet,Yang2025,MI
35,0.9016666666666666,0.95,0.9633333333333334,0.9483333333333333,0.9516666666666668,0.9483333333333333,0.9566666666666668,0.9533333333333334,0.925,0.8766666666666667,ShallowConvNet,Yang2025,MI
36,0.8966666666666666,0.9233333333333332,0.9383333333333334,0.8933333333333333,0.9283333333333332,0.9266666666666667,0.9183333333333332,0.93,0.915,0.8016666666666667,ShallowConvNet,Yang2025,MI
37,0.7583333333333333,0.8366666666666667,0.92,0.8133333333333334,0.88,0.85,0.8783333333333333,0.8583333333333334,0.8916666666666666,0.6599999999999999,ShallowConvNet,Yang2025,MI
38,0.575,0.6683333333333332,0.6333333333333333,0.6266666666666667,0.6833333333333333,0.6716666666666666,0.6933333333333334,0.6683333333333333,0.6033333333333333,0.585,ShallowConvNet,Yang2025,MI
39,0.7416666666666667,0.725,0.7616666666666667,0.715,0.7466666666666667,0.7283333333333333,0.7516666666666667,0.7583333333333333,0.715,0.6083333333333334,ShallowConvNet,Yang2025,MI
4,0.5166666666666666,0.55,0.5866666666666667,0.5666666666666667,0.5466666666666666,0.5383333333333333,0.5349999999999999,0.5366666666666666,0.6016666666666667,0.495,ShallowConvNet,Yang2025,MI
40,0.7183333333333333,0.8233333333333333,0.8466666666666667,0.7716666666666667,0.835,0.8200000000000001,0.8166666666666667,0.845,0.81,0.6133333333333333,ShallowConvNet,Yang2025,MI
41,0.7483333333333333,0.8716666666666666,0.915,0.835,0.87,0.8799999999999999,0.9033333333333332,0.875,0.92,0.5866666666666667,ShallowConvNet,Yang2025,MI
42,0.7116666666666667,0.81,0.8416666666666667,0.7933333333333333,0.795,0.7966666666666666,0.765,0.7916666666666667,0.825,0.6266666666666667,ShallowConvNet,Yang2025,MI
43,0.9416666666666668,0.9783333333333332,0.995,0.9716666666666668,0.995,0.98,0.99,0.9883333333333332,0.9766666666666666,0.895,ShallowConvNet,Yang2025,MI
44,0.62,0.6883333333333332,0.7683333333333333,0.72,0.7033333333333334,0.69,0.7316666666666667,0.69,0.7566666666666666,0.5333333333333333,ShallowConvNet,Yang2025,MI
45,0.7583333333333333,0.8583333333333334,0.8683333333333334,0.845,0.8666666666666667,0.8383333333333334,0.8766666666666667,0.8583333333333334,0.88,0.56,ShallowConvNet,Yang2025,MI
46,0.9216666666666666,0.9766666666666668,0.995,0.9566666666666668,0.9783333333333332,0.9766666666666668,0.9716666666666668,0.9783333333333332,0.9633333333333334,0.845,ShallowConvNet,Yang2025,MI
47,0.8316666666666667,0.88,0.91,0.8783333333333333,0.9133333333333332,0.8899999999999999,0.9166666666666669,0.915,0.8966666666666667,0.7983333333333333,ShallowConvNet,Yang2025,MI
48,0.76,0.8416666666666667,0.8983333333333334,0.825,0.8466666666666667,0.8316666666666667,0.8583333333333334,0.8516666666666667,0.8816666666666666,0.6799999999999999,ShallowConvNet,Yang2025,MI
49,0.8733333333333333,0.835,0.9633333333333334,0.8116666666666666,0.87,0.825,0.86,0.8616666666666667,0.9433333333333334,0.7066666666666667,ShallowConvNet,Yang2025,MI
5,0.75,0.86,0.9033333333333332,0.8466666666666667,0.8933333333333333,0.8666666666666667,0.885,0.9133333333333332,0.875,0.7283333333333333,ShallowConvNet,Yang2025,MI
50,0.8133333333333334,0.9383333333333332,0.955,0.925,0.94,0.9283333333333332,0.9366666666666666,0.9416666666666668,0.945,0.6816666666666666,ShallowConvNet,Yang2025,MI
51,0.7716666666666667,0.8783333333333333,0.8916666666666666,0.8383333333333334,0.8916666666666666,0.8733333333333333,0.8366666666666667,0.8916666666666666,0.8633333333333333,0.7116666666666667,ShallowConvNet,Yang2025,MI
6,0.9183333333333332,0.9183333333333332,0.9716666666666668,0.86,0.9516666666666668,0.9266666666666666,0.9433333333333334,0.945,0.9383333333333334,0.89,ShallowConvNet,Yang2025,MI
7,0.675,0.7233333333333334,0.8200000000000001,0.735,0.7666666666666666,0.73,0.78,0.77,0.835,0.5766666666666667,ShallowConvNet,Yang2025,MI
8,0.8400000000000001,0.87,0.94,0.8483333333333334,0.905,0.8816666666666666,0.8916666666666666,0.9083333333333332,0.9333333333333332,0.7533333333333333,ShallowConvNet,Yang2025,MI
9,0.5833333333333333,0.6699999999999999,0.7316666666666667,0.675,0.6799999999999999,0.675,0.6666666666666667,0.7033333333333334,0.7283333333333333,0.515,ShallowConvNet,Yang2025,MI
