dataset,model,budget,num_pretrain_subjects,num_trials,fold,subject_id,accuracy
MAMEM2,ATCNet,Unknown,6,50,1,2,0.3086666666666666
MAMEM2,ATCNet,Unknown,6,50,1,9,0.2266666666666666
MAMEM2,ATCNet,Unknown,6,50,2,1,0.2113333333333333
MAMEM2,ATCNet,Unknown,6,50,2,6,0.176
MAMEM2,ATCNet,Unknown,6,50,3,3,0.1973333333333333
MAMEM2,ATCNet,Unknown,6,50,3,8,0.1813333333333333
MAMEM2,ATCNet,Unknown,6,50,4,5,0.1453333333333333
MAMEM2,ATCNet,Unknown,6,50,4,10,0.1606666666666666
MAMEM2,ATCNet,Unknown,6,50,5,4,0.208
MAMEM2,ATCNet,Unknown,6,50,5,7,0.1926666666666666
BNCI2014_001,ATCNet,Unknown,5,300,1,2,0.6267361111111112
BNCI2014_001,ATCNet,Unknown,5,300,1,8,0.8194444444444444
BNCI2014_001,ATCNet,Unknown,5,300,2,1,0.7743055555555556
BNCI2014_001,ATCNet,Unknown,5,300,2,6,0.5989583333333334
BNCI2014_001,ATCNet,Unknown,5,300,3,3,0.8645833333333334
BNCI2014_001,ATCNet,Unknown,5,300,3,9,0.828125
BNCI2014_001,ATCNet,Unknown,5,300,4,4,0.7065972222222222
BNCI2014_001,ATCNet,Unknown,5,300,4,5,0.6736111111111112
BNCI2014_001,ATCNet,Unknown,5,300,5,7,0.7847222222222222
Kalunga2016,DeepConvNet,Unknown,8,64,1,1,0.265625
Kalunga2016,DeepConvNet,Unknown,8,64,1,10,0.3359375
Kalunga2016,DeepConvNet,Unknown,8,64,1,11,0.3125
Kalunga2016,DeepConvNet,Unknown,8,64,2,3,0.3125
Kalunga2016,DeepConvNet,Unknown,8,64,2,6,0.34375
Kalunga2016,DeepConvNet,Unknown,8,64,2,9,0.265625
Kalunga2016,DeepConvNet,Unknown,8,64,3,2,0.265625
Kalunga2016,DeepConvNet,Unknown,8,64,3,12,0.24375
Kalunga2016,DeepConvNet,Unknown,8,64,4,5,0.328125
Kalunga2016,DeepConvNet,Unknown,8,64,4,8,0.265625
Kalunga2016,DeepConvNet,Unknown,8,64,5,4,0.359375
Kalunga2016,DeepConvNet,Unknown,8,64,5,7,0.3645833333333333
MAMEM2,EEGNetv4,Unknown,8,75,1,2,0.276
MAMEM2,EEGNetv4,Unknown,8,75,1,9,0.1773333333333333
MAMEM2,EEGNetv4,Unknown,8,75,2,1,0.1986666666666667
MAMEM2,EEGNetv4,Unknown,8,75,2,6,0.172
MAMEM2,EEGNetv4,Unknown,8,75,3,3,0.256
MAMEM2,EEGNetv4,Unknown,8,75,3,8,0.204
MAMEM2,EEGNetv4,Unknown,8,75,4,5,0.1373333333333333
MAMEM2,EEGNetv4,Unknown,8,75,4,10,0.238
MAMEM2,EEGNetv4,Unknown,8,75,5,4,0.2
MAMEM2,EEGNetv4,Unknown,8,75,5,7,0.1873333333333333
Yang2025,ShallowConvNet,High,20,450,1,4,0.5533333333333333
Yang2025,ShallowConvNet,High,20,450,1,13,0.7933333333333333
Yang2025,ShallowConvNet,High,20,450,1,14,0.5566666666666666
Yang2025,ShallowConvNet,High,20,450,1,18,0.6916666666666667
Yang2025,ShallowConvNet,High,20,450,1,25,0.9366666666666666
Yang2025,ShallowConvNet,High,20,450,1,31,0.7816666666666667
Yang2025,ShallowConvNet,High,20,450,1,32,0.6561036789297658
Yang2025,ShallowConvNet,High,20,450,1,33,0.9666666666666668
Yang2025,ShallowConvNet,High,20,450,1,41,0.885
Yang2025,ShallowConvNet,High,20,450,1,44,0.705
Yang2025,ShallowConvNet,High,20,450,1,47,0.8916666666666666
Yang2025,ShallowConvNet,High,20,450,2,5,0.895
Yang2025,ShallowConvNet,High,20,450,2,7,0.8083333333333333
Yang2025,ShallowConvNet,High,20,450,2,9,0.725
Yang2025,ShallowConvNet,High,20,450,2,16,0.6766666666666667
Yang2025,ShallowConvNet,High,20,450,2,20,0.88
Yang2025,ShallowConvNet,High,20,450,2,34,0.81
Yang2025,ShallowConvNet,High,20,450,2,37,0.905
Yang2025,ShallowConvNet,High,20,450,2,48,0.9033333333333332
Yang2025,ShallowConvNet,High,20,450,2,49,0.9566666666666668
Yang2025,ShallowConvNet,High,20,450,2,50,0.9583333333333331
Yang2025,ShallowConvNet,High,20,450,3,1,0.9316666666666666
Yang2025,ShallowConvNet,High,20,450,3,10,0.8616666666666667
Yang2025,ShallowConvNet,High,20,450,3,12,0.5483333333333333
Yang2025,ShallowConvNet,High,20,450,3,17,0.8200000000000001
Yang2025,ShallowConvNet,High,20,450,3,26,0.89479375696767
Yang2025,ShallowConvNet,High,20,450,3,27,0.6683333333333333
Yang2025,ShallowConvNet,High,20,450,3,28,0.8733333333333333
Yang2025,ShallowConvNet,High,20,450,3,35,0.9516666666666668
Yang2025,ShallowConvNet,High,20,450,3,45,0.875
Yang2025,ShallowConvNet,High,20,450,3,46,0.985
Yang2025,ShallowConvNet,High,20,450,4,2,0.665
Yang2025,ShallowConvNet,High,20,450,4,3,0.955
Yang2025,ShallowConvNet,High,20,450,4,6,0.97
Yang2025,ShallowConvNet,High,20,450,4,22,0.8233333333333334
Yang2025,ShallowConvNet,High,20,450,4,24,0.9663295846181752
Yang2025,ShallowConvNet,High,20,450,4,30,0.94
Yang2025,ShallowConvNet,High,20,450,4,36,0.9316666666666666
Yang2025,ShallowConvNet,High,20,450,4,38,0.6399999999999999
Yang2025,ShallowConvNet,High,20,450,4,40,0.8216666666666667
Yang2025,ShallowConvNet,High,20,450,4,42,0.8366666666666667
Yang2025,ShallowConvNet,High,20,450,5,8,0.94
Yang2025,ShallowConvNet,High,20,450,5,11,0.8999999999999999
Yang2025,ShallowConvNet,High,20,450,5,15,0.7883333333333333
Yang2025,ShallowConvNet,High,20,450,5,19,0.8516666666666667
Yang2025,ShallowConvNet,High,20,450,5,21,0.895
Yang2025,ShallowConvNet,High,20,450,5,23,0.9498996655518396
Yang2025,ShallowConvNet,High,20,450,5,29,0.8899999999999999
Yang2025,ShallowConvNet,High,20,450,5,39,0.7516666666666667
Yang2025,ShallowConvNet,High,20,450,5,43,0.9916666666666668
Yang2025,ShallowConvNet,High,20,450,5,51,0.885
BI2015a,DeepConvNet,High,15,1000,1,5,0.88989898989899
BI2015a,DeepConvNet,High,15,1000,1,9,0.8130630630630631
BI2015a,DeepConvNet,High,15,1000,1,13,0.8780701754385964
BI2015a,DeepConvNet,High,15,1000,1,25,0.7557471264367817
BI2015a,DeepConvNet,High,15,1000,1,26,0.9306451612903226
BI2015a,DeepConvNet,High,15,1000,1,35,0.6835748792270532
BI2015a,DeepConvNet,High,15,1000,1,37,0.7447619047619047
BI2015a,DeepConvNet,High,15,1000,1,38,0.8531531531531531
BI2015a,DeepConvNet,High,15,1000,1,40,0.8373456790123457
BI2015a,DeepConvNet,High,15,1000,2,4,0.8912500000000001
BI2015a,DeepConvNet,High,15,1000,2,7,0.8725490196078431
BI2015a,DeepConvNet,High,15,1000,2,14,0.7423076923076923
BI2015a,DeepConvNet,High,15,1000,2,16,0.8861904761904762
BI2015a,DeepConvNet,High,15,1000,2,18,0.794074074074074
BI2015a,DeepConvNet,High,15,1000,2,20,0.8781481481481481
BI2015a,DeepConvNet,High,15,1000,2,28,0.7886666666666666
BI2015a,DeepConvNet,High,15,1000,2,32,0.8521505376344086
BI2015a,DeepConvNet,High,15,1000,2,41,0.8125925925925925
BI2015a,DeepConvNet,High,15,1000,3,1,0.7486534187187781
BI2015a,DeepConvNet,High,15,1000,3,6,0.7969696969696969
BI2015a,DeepConvNet,High,15,1000,3,10,0.8731182795698924
BI2015a,DeepConvNet,High,15,1000,3,12,0.743010752688172
BI2015a,DeepConvNet,High,15,1000,3,17,0.8118518518518518
BI2015a,DeepConvNet,High,15,1000,3,27,0.7259493670886076
BI2015a,DeepConvNet,High,15,1000,3,30,0.908641975308642
BI2015a,DeepConvNet,High,15,1000,3,31,0.6946666666666667
BI2015a,DeepConvNet,High,15,1000,3,42,0.7099415204678362
BI2015a,DeepConvNet,High,15,1000,4,2,0.8670634920634921
BI2015a,DeepConvNet,High,15,1000,4,3,0.8931034482758621
BI2015a,DeepConvNet,High,15,1000,4,22,0.8306818181818182
BI2015a,DeepConvNet,High,15,1000,4,24,0.8481481481481481
BI2015a,DeepConvNet,High,15,1000,4,33,0.8424603174603175
BI2015a,DeepConvNet,High,15,1000,4,34,0.8514285714285714
BI2015a,DeepConvNet,High,15,1000,4,36,0.8929166666666666
BI2015a,DeepConvNet,High,15,1000,4,43,0.9114942528735632
BI2015a,DeepConvNet,High,15,1000,5,8,0.8623015873015873
BI2015a,DeepConvNet,High,15,1000,5,11,0.7866666666666666
BI2015a,DeepConvNet,High,15,1000,5,15,0.8404761904761905
BI2015a,DeepConvNet,High,15,1000,5,19,0.8086666666666666
BI2015a,DeepConvNet,High,15,1000,5,21,0.8861904761904762
BI2015a,DeepConvNet,High,15,1000,5,23,0.7881578947368422
BI2015a,DeepConvNet,High,15,1000,5,29,0.761437908496732
BI2015a,DeepConvNet,High,15,1000,5,39,0.764625850340136
BNCI2014_001,ShallowConvNet,Unknown,8,375,1,2,0.5052083333333334
BNCI2014_001,ShallowConvNet,Unknown,8,375,1,8,0.7743055555555555
BNCI2014_001,ShallowConvNet,Unknown,8,375,2,1,0.7326388888888888
BNCI2014_001,ShallowConvNet,Unknown,8,375,2,6,0.5625
BNCI2014_001,ShallowConvNet,Unknown,8,375,3,3,0.8437499999999999
BNCI2014_001,ShallowConvNet,Unknown,8,375,3,9,0.8177083333333333
BNCI2014_001,ShallowConvNet,Unknown,8,375,4,4,0.6354166666666667
BNCI2014_001,ShallowConvNet,Unknown,8,375,4,5,0.5052083333333333
BNCI2014_001,ShallowConvNet,Unknown,8,375,5,7,0.7378472222222222
Lee2019_MI,EEGNetv4,Unknown,30,100,1,4,0.6950000000000001
Lee2019_MI,EEGNetv4,Unknown,30,100,1,6,0.865
Lee2019_MI,EEGNetv4,Unknown,30,100,1,13,0.68
Lee2019_MI,EEGNetv4,Unknown,30,100,1,14,0.625
Lee2019_MI,EEGNetv4,Unknown,30,100,1,18,0.87
Lee2019_MI,EEGNetv4,Unknown,30,100,1,20,0.815
Lee2019_MI,EEGNetv4,Unknown,30,100,1,33,0.94
Lee2019_MI,EEGNetv4,Unknown,30,100,1,45,0.89
Lee2019_MI,EEGNetv4,Unknown,30,100,1,49,0.86
Lee2019_MI,EEGNetv4,Unknown,30,100,1,50,0.535
Lee2019_MI,EEGNetv4,Unknown,30,100,1,53,0.735
Lee2019_MI,EEGNetv4,Unknown,30,100,2,5,0.7649999999999999
Lee2019_MI,EEGNetv4,Unknown,30,100,2,7,0.72
Lee2019_MI,EEGNetv4,Unknown,30,100,2,9,0.81
Lee2019_MI,EEGNetv4,Unknown,30,100,2,16,0.815
Lee2019_MI,EEGNetv4,Unknown,30,100,2,25,0.88
Lee2019_MI,EEGNetv4,Unknown,30,100,2,27,0.92
Lee2019_MI,EEGNetv4,Unknown,30,100,2,34,0.655
Lee2019_MI,EEGNetv4,Unknown,30,100,2,35,0.885
Lee2019_MI,EEGNetv4,Unknown,30,100,2,38,0.7350000000000001
Lee2019_MI,EEGNetv4,Unknown,30,100,2,46,0.64
Lee2019_MI,EEGNetv4,Unknown,30,100,2,51,0.75
Lee2019_MI,EEGNetv4,Unknown,30,100,3,1,0.665
Lee2019_MI,EEGNetv4,Unknown,30,100,3,10,0.745
Lee2019_MI,EEGNetv4,Unknown,30,100,3,12,0.77
Lee2019_MI,EEGNetv4,Unknown,30,100,3,17,0.645
Lee2019_MI,EEGNetv4,Unknown,30,100,3,26,0.8200000000000001
Lee2019_MI,EEGNetv4,Unknown,30,100,3,28,0.875
Lee2019_MI,EEGNetv4,Unknown,30,100,3,31,0.825
Lee2019_MI,EEGNetv4,Unknown,30,100,3,32,0.885
Lee2019_MI,EEGNetv4,Unknown,30,100,3,37,0.845
Lee2019_MI,EEGNetv4,Unknown,30,100,3,41,0.7350000000000001
Lee2019_MI,EEGNetv4,Unknown,30,100,3,48,0.6950000000000001
Lee2019_MI,EEGNetv4,Unknown,30,100,4,2,0.755
Lee2019_MI,EEGNetv4,Unknown,30,100,4,3,0.85
Lee2019_MI,EEGNetv4,Unknown,30,100,4,11,0.6950000000000001
Lee2019_MI,EEGNetv4,Unknown,30,100,4,22,0.735
Lee2019_MI,EEGNetv4,Unknown,30,100,4,24,0.7849999999999999
Lee2019_MI,EEGNetv4,Unknown,30,100,4,30,0.725
Lee2019_MI,EEGNetv4,Unknown,30,100,4,36,0.955
Lee2019_MI,EEGNetv4,Unknown,30,100,4,40,0.825
Lee2019_MI,EEGNetv4,Unknown,30,100,4,42,0.715
Lee2019_MI,EEGNetv4,Unknown,30,100,4,44,0.845
Lee2019_MI,EEGNetv4,Unknown,30,100,4,47,0.845
Lee2019_MI,EEGNetv4,Unknown,30,100,5,8,0.735
Lee2019_MI,EEGNetv4,Unknown,30,100,5,15,0.8049999999999999
Lee2019_MI,EEGNetv4,Unknown,30,100,5,19,0.7949999999999999
Lee2019_MI,EEGNetv4,Unknown,30,100,5,21,0.96
Lee2019_MI,EEGNetv4,Unknown,30,100,5,23,0.785
Lee2019_MI,EEGNetv4,Unknown,30,100,5,29,0.8
Lee2019_MI,EEGNetv4,Unknown,30,100,5,39,0.8049999999999999
Lee2019_MI,EEGNetv4,Unknown,30,100,5,43,0.855
Lee2019_MI,EEGNetv4,Unknown,30,100,5,52,0.8049999999999999
Lee2019_MI,EEGNetv4,Unknown,30,100,5,54,0.755
BNCI2014_001,DeepConvNet,Unknown,8,375,1,2,0.5590277777777778
BNCI2014_001,DeepConvNet,Unknown,8,375,1,8,0.751736111111111
BNCI2014_001,DeepConvNet,Unknown,8,375,2,1,0.75
BNCI2014_001,DeepConvNet,Unknown,8,375,2,6,0.6024305555555556
BNCI2014_001,DeepConvNet,Unknown,8,375,3,3,0.8177083333333334
BNCI2014_001,DeepConvNet,Unknown,8,375,3,9,0.7708333333333333
BNCI2014_001,DeepConvNet,Unknown,8,375,4,4,0.6892361111111112
BNCI2014_001,DeepConvNet,Unknown,8,375,4,5,0.6302083333333334
BNCI2014_001,DeepConvNet,Unknown,8,375,5,7,0.7621527777777777
Lee2019_MI,DeepConvNet,Unknown,30,100,1,4,0.77
Lee2019_MI,DeepConvNet,Unknown,30,100,1,6,0.925
Lee2019_MI,DeepConvNet,Unknown,30,100,1,13,0.755
Lee2019_MI,DeepConvNet,Unknown,30,100,1,14,0.78
Lee2019_MI,DeepConvNet,Unknown,30,100,1,18,0.945
Lee2019_MI,DeepConvNet,Unknown,30,100,1,20,0.875
Lee2019_MI,DeepConvNet,Unknown,30,100,1,33,0.975
Lee2019_MI,DeepConvNet,Unknown,30,100,1,45,0.93
Lee2019_MI,DeepConvNet,Unknown,30,100,1,49,0.87
Lee2019_MI,DeepConvNet,Unknown,30,100,1,50,0.725
Lee2019_MI,DeepConvNet,Unknown,30,100,1,53,0.8300000000000001
Lee2019_MI,DeepConvNet,Unknown,30,100,2,5,0.83
Lee2019_MI,DeepConvNet,Unknown,30,100,2,7,0.75
Lee2019_MI,DeepConvNet,Unknown,30,100,2,9,0.805
Lee2019_MI,DeepConvNet,Unknown,30,100,2,16,0.855
Lee2019_MI,DeepConvNet,Unknown,30,100,2,25,0.8999999999999999
Lee2019_MI,DeepConvNet,Unknown,30,100,2,27,0.8999999999999999
Lee2019_MI,DeepConvNet,Unknown,30,100,2,34,0.66
Lee2019_MI,DeepConvNet,Unknown,30,100,2,35,0.935
Lee2019_MI,DeepConvNet,Unknown,30,100,2,38,0.74
Lee2019_MI,DeepConvNet,Unknown,30,100,2,46,0.665
Lee2019_MI,DeepConvNet,Unknown,30,100,2,51,0.815
Lee2019_MI,DeepConvNet,Unknown,30,100,3,1,0.765
Lee2019_MI,DeepConvNet,Unknown,30,100,3,10,0.72
Lee2019_MI,DeepConvNet,Unknown,30,100,3,12,0.76
Lee2019_MI,DeepConvNet,Unknown,30,100,3,17,0.635
Lee2019_MI,DeepConvNet,Unknown,30,100,3,26,0.885
Lee2019_MI,DeepConvNet,Unknown,30,100,3,28,0.91
Lee2019_MI,DeepConvNet,Unknown,30,100,3,31,0.845
Lee2019_MI,DeepConvNet,Unknown,30,100,3,32,0.915
Lee2019_MI,DeepConvNet,Unknown,30,100,3,37,0.915
Lee2019_MI,DeepConvNet,Unknown,30,100,3,41,0.76
Lee2019_MI,DeepConvNet,Unknown,30,100,3,48,0.6699999999999999
Lee2019_MI,DeepConvNet,Unknown,30,100,4,2,0.855
Lee2019_MI,DeepConvNet,Unknown,30,100,4,3,0.89
Lee2019_MI,DeepConvNet,Unknown,30,100,4,11,0.6799999999999999
Lee2019_MI,DeepConvNet,Unknown,30,100,4,22,0.66
Lee2019_MI,DeepConvNet,Unknown,30,100,4,24,0.8200000000000001
Lee2019_MI,DeepConvNet,Unknown,30,100,4,30,0.855
Lee2019_MI,DeepConvNet,Unknown,30,100,4,36,0.97
Lee2019_MI,DeepConvNet,Unknown,30,100,4,40,0.865
Lee2019_MI,DeepConvNet,Unknown,30,100,4,42,0.7050000000000001
Lee2019_MI,DeepConvNet,Unknown,30,100,4,44,0.905
Lee2019_MI,DeepConvNet,Unknown,30,100,4,47,0.8
Lee2019_MI,DeepConvNet,Unknown,30,100,5,8,0.8
Lee2019_MI,DeepConvNet,Unknown,30,100,5,15,0.875
Lee2019_MI,DeepConvNet,Unknown,30,100,5,19,0.835
Lee2019_MI,DeepConvNet,Unknown,30,100,5,21,0.975
Lee2019_MI,DeepConvNet,Unknown,30,100,5,23,0.8300000000000001
Lee2019_MI,DeepConvNet,Unknown,30,100,5,29,0.8400000000000001
Lee2019_MI,DeepConvNet,Unknown,30,100,5,39,0.845
Lee2019_MI,DeepConvNet,Unknown,30,100,5,43,0.875
Lee2019_MI,DeepConvNet,Unknown,30,100,5,52,0.8799999999999999
Lee2019_MI,DeepConvNet,Unknown,30,100,5,54,0.74
Lee2019_SSVEP,DeepConvNet,Low,20,100,1,4,1.0
Lee2019_SSVEP,DeepConvNet,Low,20,100,1,6,1.0
Lee2019_SSVEP,DeepConvNet,Low,20,100,1,13,0.985
Lee2019_SSVEP,DeepConvNet,Low,20,100,1,14,0.97
Lee2019_SSVEP,DeepConvNet,Low,20,100,1,18,0.995
Lee2019_SSVEP,DeepConvNet,Low,20,100,1,20,0.99
Lee2019_SSVEP,DeepConvNet,Low,20,100,1,33,0.995
Lee2019_SSVEP,DeepConvNet,Low,20,100,1,45,0.98
Lee2019_SSVEP,DeepConvNet,Low,20,100,1,49,1.0
Lee2019_SSVEP,DeepConvNet,Low,20,100,1,50,1.0
Lee2019_SSVEP,DeepConvNet,Low,20,100,1,53,1.0
Lee2019_SSVEP,DeepConvNet,Low,20,100,2,5,0.8400000000000001
Lee2019_SSVEP,DeepConvNet,Low,20,100,2,7,1.0
Lee2019_SSVEP,DeepConvNet,Low,20,100,2,9,0.99
Lee2019_SSVEP,DeepConvNet,Low,20,100,2,16,1.0
Lee2019_SSVEP,DeepConvNet,Low,20,100,2,25,0.985
Lee2019_SSVEP,DeepConvNet,Low,20,100,2,27,1.0
Lee2019_SSVEP,DeepConvNet,Low,20,100,2,34,0.84
Lee2019_SSVEP,DeepConvNet,Low,20,100,2,35,0.99
Lee2019_SSVEP,DeepConvNet,Low,20,100,2,38,0.985
Lee2019_SSVEP,DeepConvNet,Low,20,100,2,46,0.99
Lee2019_SSVEP,DeepConvNet,Low,20,100,2,51,0.8200000000000001
Lee2019_SSVEP,DeepConvNet,Low,20,100,3,1,0.955
Lee2019_SSVEP,DeepConvNet,Low,20,100,3,10,0.99
Lee2019_SSVEP,DeepConvNet,Low,20,100,3,12,0.97
Lee2019_SSVEP,DeepConvNet,Low,20,100,3,17,0.975
Lee2019_SSVEP,DeepConvNet,Low,20,100,3,26,1.0
Lee2019_SSVEP,DeepConvNet,Low,20,100,3,28,0.985
Lee2019_SSVEP,DeepConvNet,Low,20,100,3,31,1.0
Lee2019_SSVEP,DeepConvNet,Low,20,100,3,32,0.95
Lee2019_SSVEP,DeepConvNet,Low,20,100,3,37,0.985
Lee2019_SSVEP,DeepConvNet,Low,20,100,3,41,0.995
Lee2019_SSVEP,DeepConvNet,Low,20,100,3,48,0.995
Lee2019_SSVEP,DeepConvNet,Low,20,100,4,2,0.995
Lee2019_SSVEP,DeepConvNet,Low,20,100,4,3,0.95
Lee2019_SSVEP,DeepConvNet,Low,20,100,4,11,1.0
Lee2019_SSVEP,DeepConvNet,Low,20,100,4,22,0.94
Lee2019_SSVEP,DeepConvNet,Low,20,100,4,24,0.985
Lee2019_SSVEP,DeepConvNet,Low,20,100,4,30,0.995
Lee2019_SSVEP,DeepConvNet,Low,20,100,4,36,1.0
Lee2019_SSVEP,DeepConvNet,Low,20,100,4,40,0.945
Lee2019_SSVEP,DeepConvNet,Low,20,100,4,42,0.8099999999999999
Lee2019_SSVEP,DeepConvNet,Low,20,100,4,44,0.995
Lee2019_SSVEP,DeepConvNet,Low,20,100,4,47,0.62
Lee2019_SSVEP,DeepConvNet,Low,20,100,5,8,0.965
Lee2019_SSVEP,DeepConvNet,Low,20,100,5,15,1.0
Lee2019_SSVEP,DeepConvNet,Low,20,100,5,19,0.97
Lee2019_SSVEP,DeepConvNet,Low,20,100,5,21,0.98
Lee2019_SSVEP,DeepConvNet,Low,20,100,5,23,0.47
Lee2019_SSVEP,DeepConvNet,Low,20,100,5,29,0.96
Lee2019_SSVEP,DeepConvNet,Low,20,100,5,39,1.0
Lee2019_SSVEP,DeepConvNet,Low,20,100,5,43,1.0
Lee2019_SSVEP,DeepConvNet,Low,20,100,5,52,1.0
Lee2019_SSVEP,DeepConvNet,Low,20,100,5,54,0.885
BI2015a,DeepConvNet,Low,20,250,1,5,0.9025252525252524
BI2015a,DeepConvNet,Low,20,250,1,9,0.8256756756756757
BI2015a,DeepConvNet,Low,20,250,1,13,0.8899122807017544
BI2015a,DeepConvNet,Low,20,250,1,25,0.7632183908045977
BI2015a,DeepConvNet,Low,20,250,1,26,0.9241935483870968
BI2015a,DeepConvNet,Low,20,250,1,35,0.6910628019323671
BI2015a,DeepConvNet,Low,20,250,1,37,0.7421428571428572
BI2015a,DeepConvNet,Low,20,250,1,38,0.8414414414414415
BI2015a,DeepConvNet,Low,20,250,1,40,0.8506172839506173
BI2015a,DeepConvNet,Low,20,250,2,4,0.8904166666666666
BI2015a,DeepConvNet,Low,20,250,2,7,0.878921568627451
BI2015a,DeepConvNet,Low,20,250,2,14,0.752991452991453
BI2015a,DeepConvNet,Low,20,250,2,16,0.8828571428571428
BI2015a,DeepConvNet,Low,20,250,2,18,0.7911111111111111
BI2015a,DeepConvNet,Low,20,250,2,20,0.8811111111111112
BI2015a,DeepConvNet,Low,20,250,2,28,0.7993333333333333
BI2015a,DeepConvNet,Low,20,250,2,32,0.8478494623655914
BI2015a,DeepConvNet,Low,20,250,2,41,0.8314814814814815
BI2015a,DeepConvNet,Low,20,250,3,1,0.7524099381615721
BI2015a,DeepConvNet,Low,20,250,3,6,0.8257575757575757
BI2015a,DeepConvNet,Low,20,250,3,10,0.8833333333333333
BI2015a,DeepConvNet,Low,20,250,3,12,0.7384408602150537
BI2015a,DeepConvNet,Low,20,250,3,17,0.8325925925925926
BI2015a,DeepConvNet,Low,20,250,3,27,0.7462025316455696
BI2015a,DeepConvNet,Low,20,250,3,30,0.9092592592592592
BI2015a,DeepConvNet,Low,20,250,3,31,0.6753333333333333
BI2015a,DeepConvNet,Low,20,250,3,42,0.7213450292397661
BI2015a,DeepConvNet,Low,20,250,4,2,0.888095238095238
BI2015a,DeepConvNet,Low,20,250,4,3,0.9057471264367816
BI2015a,DeepConvNet,Low,20,250,4,22,0.8465909090909092
BI2015a,DeepConvNet,Low,20,250,4,24,0.8847222222222222
BI2015a,DeepConvNet,Low,20,250,4,33,0.8551587301587301
BI2015a,DeepConvNet,Low,20,250,4,34,0.8300000000000001
BI2015a,DeepConvNet,Low,20,250,4,36,0.8991666666666667
BI2015a,DeepConvNet,Low,20,250,4,43,0.9114942528735632
BI2015a,DeepConvNet,Low,20,250,5,8,0.8607142857142858
BI2015a,DeepConvNet,Low,20,250,5,11,0.815
BI2015a,DeepConvNet,Low,20,250,5,15,0.8652380952380951
BI2015a,DeepConvNet,Low,20,250,5,19,0.8180000000000001
BI2015a,DeepConvNet,Low,20,250,5,21,0.8771428571428572
BI2015a,DeepConvNet,Low,20,250,5,23,0.7907894736842105
BI2015a,DeepConvNet,Low,20,250,5,29,0.7598039215686274
BI2015a,DeepConvNet,Low,20,250,5,39,0.7792517006802722
Lee2019_MI,ShallowConvNet,Unknown,50,120,1,4,0.705
Lee2019_MI,ShallowConvNet,Unknown,50,120,1,6,0.86
Lee2019_MI,ShallowConvNet,Unknown,50,120,1,13,0.715
Lee2019_MI,ShallowConvNet,Unknown,50,120,1,14,0.75
Lee2019_MI,ShallowConvNet,Unknown,50,120,1,18,0.92
Lee2019_MI,ShallowConvNet,Unknown,50,120,1,20,0.8200000000000001
Lee2019_MI,ShallowConvNet,Unknown,50,120,1,33,0.935
Lee2019_MI,ShallowConvNet,Unknown,50,120,1,45,0.835
Lee2019_MI,ShallowConvNet,Unknown,50,120,1,49,0.8600000000000001
Lee2019_MI,ShallowConvNet,Unknown,50,120,1,50,0.585
Lee2019_MI,ShallowConvNet,Unknown,50,120,1,53,0.8
Lee2019_MI,ShallowConvNet,Unknown,50,120,2,5,0.845
Lee2019_MI,ShallowConvNet,Unknown,50,120,2,7,0.755
Lee2019_MI,ShallowConvNet,Unknown,50,120,2,9,0.79
Lee2019_MI,ShallowConvNet,Unknown,50,120,2,16,0.83
Lee2019_MI,ShallowConvNet,Unknown,50,120,2,25,0.855
Lee2019_MI,ShallowConvNet,Unknown,50,120,2,27,0.815
Lee2019_MI,ShallowConvNet,Unknown,50,120,2,34,0.5800000000000001
Lee2019_MI,ShallowConvNet,Unknown,50,120,2,35,0.925
Lee2019_MI,ShallowConvNet,Unknown,50,120,2,38,0.72
Lee2019_MI,ShallowConvNet,Unknown,50,120,2,46,0.7
Lee2019_MI,ShallowConvNet,Unknown,50,120,2,51,0.6
Lee2019_MI,ShallowConvNet,Unknown,50,120,3,1,0.77
Lee2019_MI,ShallowConvNet,Unknown,50,120,3,10,0.76
Lee2019_MI,ShallowConvNet,Unknown,50,120,3,12,0.75
Lee2019_MI,ShallowConvNet,Unknown,50,120,3,17,0.7
Lee2019_MI,ShallowConvNet,Unknown,50,120,3,26,0.87
Lee2019_MI,ShallowConvNet,Unknown,50,120,3,28,0.935
Lee2019_MI,ShallowConvNet,Unknown,50,120,3,31,0.765
Lee2019_MI,ShallowConvNet,Unknown,50,120,3,32,0.92
Lee2019_MI,ShallowConvNet,Unknown,50,120,3,37,0.915
Lee2019_MI,ShallowConvNet,Unknown,50,120,3,41,0.7350000000000001
Lee2019_MI,ShallowConvNet,Unknown,50,120,3,48,0.6950000000000001
Lee2019_MI,ShallowConvNet,Unknown,50,120,4,2,0.815
Lee2019_MI,ShallowConvNet,Unknown,50,120,4,3,0.87
Lee2019_MI,ShallowConvNet,Unknown,50,120,4,11,0.685
Lee2019_MI,ShallowConvNet,Unknown,50,120,4,22,0.675
Lee2019_MI,ShallowConvNet,Unknown,50,120,4,24,0.6950000000000001
Lee2019_MI,ShallowConvNet,Unknown,50,120,4,30,0.7
Lee2019_MI,ShallowConvNet,Unknown,50,120,4,36,0.95
Lee2019_MI,ShallowConvNet,Unknown,50,120,4,40,0.755
Lee2019_MI,ShallowConvNet,Unknown,50,120,4,42,0.7
Lee2019_MI,ShallowConvNet,Unknown,50,120,4,44,0.78
Lee2019_MI,ShallowConvNet,Unknown,50,120,4,47,0.865
Lee2019_MI,ShallowConvNet,Unknown,50,120,5,8,0.72
Lee2019_MI,ShallowConvNet,Unknown,50,120,5,15,0.7749999999999999
Lee2019_MI,ShallowConvNet,Unknown,50,120,5,19,0.825
Lee2019_MI,ShallowConvNet,Unknown,50,120,5,21,0.985
Lee2019_MI,ShallowConvNet,Unknown,50,120,5,23,0.7949999999999999
Lee2019_MI,ShallowConvNet,Unknown,50,120,5,29,0.8400000000000001
Lee2019_MI,ShallowConvNet,Unknown,50,120,5,39,0.81
Lee2019_MI,ShallowConvNet,Unknown,50,120,5,43,0.915
Lee2019_MI,ShallowConvNet,Unknown,50,120,5,52,0.8300000000000001
Lee2019_MI,ShallowConvNet,Unknown,50,120,5,54,0.73
BNCI2014_001,DeepConvNet,Unknown,6,500,1,2,0.5659722222222222
BNCI2014_001,DeepConvNet,Unknown,6,500,1,8,0.7447916666666667
BNCI2014_001,DeepConvNet,Unknown,6,500,2,1,0.748263888888889
BNCI2014_001,DeepConvNet,Unknown,6,500,2,6,0.578125
BNCI2014_001,DeepConvNet,Unknown,6,500,3,3,0.8090277777777778
BNCI2014_001,DeepConvNet,Unknown,6,500,3,9,0.7569444444444444
BNCI2014_001,DeepConvNet,Unknown,6,500,4,4,0.6180555555555556
BNCI2014_001,DeepConvNet,Unknown,6,500,4,5,0.5434027777777778
BNCI2014_001,DeepConvNet,Unknown,6,500,5,7,0.6684027777777778
BNCI2014_001,ATCNet,Unknown,3,500,1,2,0.5729166666666666
BNCI2014_001,ATCNet,Unknown,3,500,1,8,0.7847222222222222
BNCI2014_001,ATCNet,Unknown,3,500,2,1,0.779513888888889
BNCI2014_001,ATCNet,Unknown,3,500,2,6,0.576388888888889
BNCI2014_001,ATCNet,Unknown,3,500,3,3,0.8697916666666667
BNCI2014_001,ATCNet,Unknown,3,500,3,9,0.779513888888889
BNCI2014_001,ATCNet,Unknown,3,500,4,4,0.6493055555555556
BNCI2014_001,ATCNet,Unknown,3,500,4,5,0.5659722222222223
BNCI2014_001,ATCNet,Unknown,3,500,5,7,0.6961805555555556
BI2015a,ATCNet,High,15,1000,1,5,0.8813131313131313
BI2015a,ATCNet,High,15,1000,1,9,0.8229729729729729
BI2015a,ATCNet,High,15,1000,1,13,0.8824561403508773
BI2015a,ATCNet,High,15,1000,1,25,0.7635057471264368
BI2015a,ATCNet,High,15,1000,1,26,0.9037634408602152
BI2015a,ATCNet,High,15,1000,1,35,0.6951690821256039
BI2015a,ATCNet,High,15,1000,1,37,0.7404761904761905
BI2015a,ATCNet,High,15,1000,1,38,0.8337837837837838
BI2015a,ATCNet,High,15,1000,1,40,0.8277777777777777
BI2015a,ATCNet,High,15,1000,2,4,0.8766666666666667
BI2015a,ATCNet,High,15,1000,2,7,0.8362745098039216
BI2015a,ATCNet,High,15,1000,2,14,0.7782051282051282
BI2015a,ATCNet,High,15,1000,2,16,0.8952380952380953
BI2015a,ATCNet,High,15,1000,2,18,0.7848148148148149
BI2015a,ATCNet,High,15,1000,2,20,0.8825925925925926
BI2015a,ATCNet,High,15,1000,2,28,0.7786666666666666
BI2015a,ATCNet,High,15,1000,2,32,0.8370967741935484
BI2015a,ATCNet,High,15,1000,2,41,0.8011111111111111
BI2015a,ATCNet,High,15,1000,3,1,0.7423525010453116
BI2015a,ATCNet,High,15,1000,3,6,0.8246212121212122
BI2015a,ATCNet,High,15,1000,3,10,0.874731182795699
BI2015a,ATCNet,High,15,1000,3,12,0.7333333333333334
BI2015a,ATCNet,High,15,1000,3,17,0.8207407407407408
BI2015a,ATCNet,High,15,1000,3,27,0.739662447257384
BI2015a,ATCNet,High,15,1000,3,30,0.7820987654320988
BI2015a,ATCNet,High,15,1000,3,31,0.7168888888888889
BI2015a,ATCNet,High,15,1000,3,42,0.725438596491228
BI2015a,ATCNet,High,15,1000,4,2,0.8706349206349207
BI2015a,ATCNet,High,15,1000,4,3,0.9126436781609196
BI2015a,ATCNet,High,15,1000,4,22,0.8477272727272727
BI2015a,ATCNet,High,15,1000,4,24,0.9037037037037036
BI2015a,ATCNet,High,15,1000,4,33,0.859920634920635
BI2015a,ATCNet,High,15,1000,4,34,0.8519047619047619
BI2015a,ATCNet,High,15,1000,4,36,0.8829166666666667
BI2015a,ATCNet,High,15,1000,4,43,0.9172413793103448
BI2015a,ATCNet,High,15,1000,5,8,0.8638888888888889
BI2015a,ATCNet,High,15,1000,5,11,0.7979166666666666
BI2015a,ATCNet,High,15,1000,5,15,0.8480952380952381
BI2015a,ATCNet,High,15,1000,5,19,0.8049999999999999
BI2015a,ATCNet,High,15,1000,5,21,0.8814285714285715
BI2015a,ATCNet,High,15,1000,5,23,0.8026315789473684
BI2015a,ATCNet,High,15,1000,5,29,0.7816993464052288
BI2015a,ATCNet,High,15,1000,5,39,0.7829931972789116
Kalunga2016,EEGNetv4,Unknown,4,64,1,1,0.203125
Kalunga2016,EEGNetv4,Unknown,4,64,1,10,0.3046875
Kalunga2016,EEGNetv4,Unknown,4,64,1,11,0.15625
Kalunga2016,EEGNetv4,Unknown,4,64,2,3,0.25
Kalunga2016,EEGNetv4,Unknown,4,64,2,6,0.3125
Kalunga2016,EEGNetv4,Unknown,4,64,2,9,0.375
Kalunga2016,EEGNetv4,Unknown,4,64,3,2,0.34375
Kalunga2016,EEGNetv4,Unknown,4,64,3,12,0.3125
Kalunga2016,EEGNetv4,Unknown,4,64,4,5,0.21875
Kalunga2016,EEGNetv4,Unknown,4,64,4,8,0.25
Kalunga2016,EEGNetv4,Unknown,4,64,5,4,0.328125
Kalunga2016,EEGNetv4,Unknown,4,64,5,7,0.3958333333333333
Kalunga2016,ShallowConvNet,Unknown,4,64,1,1,0.234375
Kalunga2016,ShallowConvNet,Unknown,4,64,1,10,0.375
Kalunga2016,ShallowConvNet,Unknown,4,64,1,11,0.265625
Kalunga2016,ShallowConvNet,Unknown,4,64,2,3,0.5625
Kalunga2016,ShallowConvNet,Unknown,4,64,2,6,0.453125
Kalunga2016,ShallowConvNet,Unknown,4,64,2,9,0.28125
Kalunga2016,ShallowConvNet,Unknown,4,64,3,2,0.390625
Kalunga2016,ShallowConvNet,Unknown,4,64,3,12,0.54375
Kalunga2016,ShallowConvNet,Unknown,4,64,4,5,0.359375
Kalunga2016,ShallowConvNet,Unknown,4,64,4,8,0.390625
Kalunga2016,ShallowConvNet,Unknown,4,64,5,4,0.46875
Kalunga2016,ShallowConvNet,Unknown,4,64,5,7,0.46875
MAMEM2,ShallowConvNet,Unknown,3,100,1,2,0.1886666666666666
MAMEM2,ShallowConvNet,Unknown,3,100,1,9,0.224
MAMEM2,ShallowConvNet,Unknown,3,100,2,1,0.1666666666666666
MAMEM2,ShallowConvNet,Unknown,3,100,2,6,0.1893333333333333
MAMEM2,ShallowConvNet,Unknown,3,100,3,3,0.224
MAMEM2,ShallowConvNet,Unknown,3,100,3,8,0.238
MAMEM2,ShallowConvNet,Unknown,3,100,4,5,0.2133333333333333
MAMEM2,ShallowConvNet,Unknown,3,100,4,10,0.2673333333333333
MAMEM2,ShallowConvNet,Unknown,3,100,5,4,0.156
MAMEM2,ShallowConvNet,Unknown,3,100,5,7,0.1926666666666666
BI2015a,ShallowConvNet,High,30,500,1,5,0.8292929292929293
BI2015a,ShallowConvNet,High,30,500,1,9,0.7594594594594595
BI2015a,ShallowConvNet,High,30,500,1,13,0.8644736842105263
BI2015a,ShallowConvNet,High,30,500,1,25,0.6790229885057472
BI2015a,ShallowConvNet,High,30,500,1,26,0.8559139784946237
BI2015a,ShallowConvNet,High,30,500,1,35,0.6103864734299517
BI2015a,ShallowConvNet,High,30,500,1,37,0.6733333333333333
BI2015a,ShallowConvNet,High,30,500,1,38,0.781981981981982
BI2015a,ShallowConvNet,High,30,500,1,40,0.7885802469135803
BI2015a,ShallowConvNet,High,30,500,2,4,0.8383333333333334
BI2015a,ShallowConvNet,High,30,500,2,7,0.7691176470588235
BI2015a,ShallowConvNet,High,30,500,2,14,0.6871794871794872
BI2015a,ShallowConvNet,High,30,500,2,16,0.8085714285714285
BI2015a,ShallowConvNet,High,30,500,2,18,0.6911111111111111
BI2015a,ShallowConvNet,High,30,500,2,20,0.7759259259259259
BI2015a,ShallowConvNet,High,30,500,2,28,0.7093333333333334
BI2015a,ShallowConvNet,High,30,500,2,32,0.7752688172043011
BI2015a,ShallowConvNet,High,30,500,2,41,0.7514814814814814
BI2015a,ShallowConvNet,High,30,500,3,1,0.6518003565062389
BI2015a,ShallowConvNet,High,30,500,3,6,0.7507575757575757
BI2015a,ShallowConvNet,High,30,500,3,10,0.814516129032258
BI2015a,ShallowConvNet,High,30,500,3,12,0.6881720430107527
BI2015a,ShallowConvNet,High,30,500,3,17,0.7455555555555555
BI2015a,ShallowConvNet,High,30,500,3,27,0.6356540084388186
BI2015a,ShallowConvNet,High,30,500,3,30,0.8444444444444444
BI2015a,ShallowConvNet,High,30,500,3,31,0.644
BI2015a,ShallowConvNet,High,30,500,3,42,0.656140350877193
BI2015a,ShallowConvNet,High,30,500,4,2,0.823015873015873
BI2015a,ShallowConvNet,High,30,500,4,3,0.8701149425287356
BI2015a,ShallowConvNet,High,30,500,4,22,0.7859848484848485
BI2015a,ShallowConvNet,High,30,500,4,24,0.8083333333333333
BI2015a,ShallowConvNet,High,30,500,4,33,0.7900793650793652
BI2015a,ShallowConvNet,High,30,500,4,34,0.7561904761904762
BI2015a,ShallowConvNet,High,30,500,4,36,0.7929166666666667
BI2015a,ShallowConvNet,High,30,500,4,43,0.8729885057471264
BI2015a,ShallowConvNet,High,30,500,5,8,0.7543650793650793
BI2015a,ShallowConvNet,High,30,500,5,11,0.71625
BI2015a,ShallowConvNet,High,30,500,5,15,0.7804761904761905
BI2015a,ShallowConvNet,High,30,500,5,19,0.724
BI2015a,ShallowConvNet,High,30,500,5,21,0.8280952380952381
BI2015a,ShallowConvNet,High,30,500,5,23,0.7039473684210527
BI2015a,ShallowConvNet,High,30,500,5,29,0.6738562091503267
BI2015a,ShallowConvNet,High,30,500,5,39,0.726530612244898
Lee2019_MI,ATCNet,Unknown,15,200,1,4,0.725
Lee2019_MI,ATCNet,Unknown,15,200,1,6,0.8049999999999999
Lee2019_MI,ATCNet,Unknown,15,200,1,13,0.56
Lee2019_MI,ATCNet,Unknown,15,200,1,14,0.625
Lee2019_MI,ATCNet,Unknown,15,200,1,18,0.845
Lee2019_MI,ATCNet,Unknown,15,200,1,20,0.78
Lee2019_MI,ATCNet,Unknown,15,200,1,33,0.945
Lee2019_MI,ATCNet,Unknown,15,200,1,45,0.8600000000000001
Lee2019_MI,ATCNet,Unknown,15,200,1,49,0.8049999999999999
Lee2019_MI,ATCNet,Unknown,15,200,1,50,0.535
Lee2019_MI,ATCNet,Unknown,15,200,1,53,0.625
Lee2019_MI,ATCNet,Unknown,15,200,2,5,0.88
Lee2019_MI,ATCNet,Unknown,15,200,2,7,0.6799999999999999
Lee2019_MI,ATCNet,Unknown,15,200,2,9,0.78
Lee2019_MI,ATCNet,Unknown,15,200,2,16,0.77
Lee2019_MI,ATCNet,Unknown,15,200,2,25,0.81
Lee2019_MI,ATCNet,Unknown,15,200,2,27,0.69
Lee2019_MI,ATCNet,Unknown,15,200,2,34,0.5449999999999999
Lee2019_MI,ATCNet,Unknown,15,200,2,35,0.825
Lee2019_MI,ATCNet,Unknown,15,200,2,38,0.59
Lee2019_MI,ATCNet,Unknown,15,200,2,46,0.645
Lee2019_MI,ATCNet,Unknown,15,200,2,51,0.6
Lee2019_MI,ATCNet,Unknown,15,200,3,1,0.7949999999999999
Lee2019_MI,ATCNet,Unknown,15,200,3,10,0.715
Lee2019_MI,ATCNet,Unknown,15,200,3,12,0.76
Lee2019_MI,ATCNet,Unknown,15,200,3,17,0.635
Lee2019_MI,ATCNet,Unknown,15,200,3,26,0.765
Lee2019_MI,ATCNet,Unknown,15,200,3,28,0.955
Lee2019_MI,ATCNet,Unknown,15,200,3,31,0.765
Lee2019_MI,ATCNet,Unknown,15,200,3,32,0.965
Lee2019_MI,ATCNet,Unknown,15,200,3,37,0.96
Lee2019_MI,ATCNet,Unknown,15,200,3,41,0.5700000000000001
Lee2019_MI,ATCNet,Unknown,15,200,3,48,0.7
Lee2019_MI,ATCNet,Unknown,15,200,4,2,0.655
Lee2019_MI,ATCNet,Unknown,15,200,4,3,0.875
Lee2019_MI,ATCNet,Unknown,15,200,4,11,0.515
Lee2019_MI,ATCNet,Unknown,15,200,4,22,0.7150000000000001
Lee2019_MI,ATCNet,Unknown,15,200,4,24,0.655
Lee2019_MI,ATCNet,Unknown,15,200,4,30,0.665
Lee2019_MI,ATCNet,Unknown,15,200,4,36,0.99
Lee2019_MI,ATCNet,Unknown,15,200,4,40,0.755
Lee2019_MI,ATCNet,Unknown,15,200,4,42,0.69
Lee2019_MI,ATCNet,Unknown,15,200,4,44,0.89
Lee2019_MI,ATCNet,Unknown,15,200,4,47,0.735
Lee2019_MI,ATCNet,Unknown,15,200,5,8,0.73
Lee2019_MI,ATCNet,Unknown,15,200,5,15,0.725
Lee2019_MI,ATCNet,Unknown,15,200,5,19,0.725
Lee2019_MI,ATCNet,Unknown,15,200,5,21,0.93
Lee2019_MI,ATCNet,Unknown,15,200,5,23,0.76
Lee2019_MI,ATCNet,Unknown,15,200,5,29,0.835
Lee2019_MI,ATCNet,Unknown,15,200,5,39,0.76
Lee2019_MI,ATCNet,Unknown,15,200,5,43,0.75
Lee2019_MI,ATCNet,Unknown,15,200,5,52,0.8049999999999999
Lee2019_MI,ATCNet,Unknown,15,200,5,54,0.6
BNCI2014_001,ShallowConvNet,Unknown,3,500,1,2,0.4340277777777777
BNCI2014_001,ShallowConvNet,Unknown,3,500,1,8,0.7517361111111112
BNCI2014_001,ShallowConvNet,Unknown,3,500,2,1,0.71875
BNCI2014_001,ShallowConvNet,Unknown,3,500,2,6,0.5138888888888888
BNCI2014_001,ShallowConvNet,Unknown,3,500,3,3,0.8055555555555556
BNCI2014_001,ShallowConvNet,Unknown,3,500,3,9,0.7586805555555556
BNCI2014_001,ShallowConvNet,Unknown,3,500,4,4,0.5364583333333334
BNCI2014_001,ShallowConvNet,Unknown,3,500,4,5,0.454861111111111
BNCI2014_001,ShallowConvNet,Unknown,3,500,5,7,0.6284722222222222
BNCI2014_001,EEGNetv4,Unknown,3,500,1,2,0.5399305555555556
BNCI2014_001,EEGNetv4,Unknown,3,500,1,8,0.7361111111111112
BNCI2014_001,EEGNetv4,Unknown,3,500,2,1,0.7291666666666667
BNCI2014_001,EEGNetv4,Unknown,3,500,2,6,0.5538194444444444
BNCI2014_001,EEGNetv4,Unknown,3,500,3,3,0.8107638888888888
BNCI2014_001,EEGNetv4,Unknown,3,500,3,9,0.7395833333333333
BNCI2014_001,EEGNetv4,Unknown,3,500,4,4,0.6649305555555556
BNCI2014_001,EEGNetv4,Unknown,3,500,4,5,0.5625
BNCI2014_001,EEGNetv4,Unknown,3,500,5,7,0.6493055555555556
Huebner2017,ATCNet,Unknown,12,6250,1,1,0.9733909711520132
Huebner2017,ATCNet,Unknown,12,6250,1,10,0.982563721136168
Huebner2017,ATCNet,Unknown,12,6250,1,12,0.9556878306878308
Huebner2017,ATCNet,Unknown,12,6250,2,3,0.9473289940736004
Huebner2017,ATCNet,Unknown,12,6250,2,6,0.9817283821674474
Huebner2017,ATCNet,Unknown,12,6250,2,9,0.972502035002035
Huebner2017,ATCNet,Unknown,12,6250,3,2,0.9491122303622304
Huebner2017,ATCNet,Unknown,12,6250,3,5,0.9234966422466424
Huebner2017,ATCNet,Unknown,12,6250,3,13,0.9717764649871344
Huebner2017,ATCNet,Unknown,12,6250,4,8,0.8915800268588789
Huebner2017,ATCNet,Unknown,12,6250,4,11,0.8393004705965843
Huebner2017,ATCNet,Unknown,12,6250,5,4,0.9827142073669144
Huebner2017,ATCNet,Unknown,12,6250,5,7,0.991045991045991
Huebner2018,ATCNet,Unknown,6,14000,1,1,0.973580129001871
Huebner2018,ATCNet,Unknown,6,14000,1,10,0.921165293040293
Huebner2018,ATCNet,Unknown,6,14000,1,11,0.9016020127475292
Huebner2018,ATCNet,Unknown,6,14000,2,3,0.9770604395604396
Huebner2018,ATCNet,Unknown,6,14000,2,6,0.9755952380952382
Huebner2018,ATCNet,Unknown,6,14000,2,9,0.9392272889327908
Huebner2018,ATCNet,Unknown,6,14000,3,2,0.9812843406593408
Huebner2018,ATCNet,Unknown,6,14000,3,12,0.9202152014652014
Huebner2018,ATCNet,Unknown,6,14000,4,5,0.9109218336867456
Huebner2018,ATCNet,Unknown,6,14000,4,8,0.9135187728937728
Huebner2018,ATCNet,Unknown,6,14000,5,4,0.950492216117216
Huebner2018,ATCNet,Unknown,6,14000,5,7,0.9254975222041912
Huebner2018,ATCNet,Unknown,6,7000,1,1,0.9736717124802114
Huebner2018,ATCNet,Unknown,6,7000,1,10,0.9210050366300366
Huebner2018,ATCNet,Unknown,6,7000,1,11,0.8997048956446057
Huebner2018,ATCNet,Unknown,6,7000,2,3,0.9769459706959708
Huebner2018,ATCNet,Unknown,6,7000,2,6,0.9756868131868132
Huebner2018,ATCNet,Unknown,6,7000,2,9,0.93760187299116
Huebner2018,ATCNet,Unknown,6,7000,3,2,0.9811126373626372
Huebner2018,ATCNet,Unknown,6,7000,3,12,0.9200206043956044
Huebner2018,ATCNet,Unknown,6,7000,4,5,0.9138869800256552
Huebner2018,ATCNet,Unknown,6,7000,4,8,0.9127174908424908
Huebner2018,ATCNet,Unknown,6,7000,5,4,0.9503434065934064
Huebner2018,ATCNet,Unknown,6,7000,5,7,0.9252685005845503
BNCI2014_001,DeepConvNet,Unknown,5,300,1,2,0.5434027777777777
BNCI2014_001,DeepConvNet,Unknown,5,300,1,8,0.6996527777777777
BNCI2014_001,DeepConvNet,Unknown,5,300,2,1,0.7118055555555555
BNCI2014_001,DeepConvNet,Unknown,5,300,2,6,0.5902777777777778
BNCI2014_001,DeepConvNet,Unknown,5,300,3,3,0.7760416666666667
BNCI2014_001,DeepConvNet,Unknown,5,300,3,9,0.7430555555555556
BNCI2014_001,DeepConvNet,Unknown,5,300,4,4,0.5746527777777778
BNCI2014_001,DeepConvNet,Unknown,5,300,4,5,0.5868055555555556
BNCI2014_001,DeepConvNet,Unknown,5,300,5,7,0.5972222222222222
Yang2025,EEGNetv4,Low,30,150,1,4,0.5983333333333334
Yang2025,EEGNetv4,Low,30,150,1,13,0.8483333333333334
Yang2025,EEGNetv4,Low,30,150,1,14,0.56
Yang2025,EEGNetv4,Low,30,150,1,18,0.7083333333333333
Yang2025,EEGNetv4,Low,30,150,1,25,0.9633333333333334
Yang2025,EEGNetv4,Low,30,150,1,31,0.8183333333333334
Yang2025,EEGNetv4,Low,30,150,1,32,0.6127536231884059
Yang2025,EEGNetv4,Low,30,150,1,33,0.9666666666666668
Yang2025,EEGNetv4,Low,30,150,1,41,0.92
Yang2025,EEGNetv4,Low,30,150,1,44,0.7516666666666667
Yang2025,EEGNetv4,Low,30,150,1,47,0.9383333333333334
Yang2025,EEGNetv4,Low,30,150,2,5,0.91
Yang2025,EEGNetv4,Low,30,150,2,7,0.8283333333333334
Yang2025,EEGNetv4,Low,30,150,2,9,0.74
Yang2025,EEGNetv4,Low,30,150,2,16,0.6533333333333333
Yang2025,EEGNetv4,Low,30,150,2,20,0.9233333333333332
Yang2025,EEGNetv4,Low,30,150,2,34,0.8316666666666667
Yang2025,EEGNetv4,Low,30,150,2,37,0.8766666666666667
Yang2025,EEGNetv4,Low,30,150,2,48,0.895
Yang2025,EEGNetv4,Low,30,150,2,49,0.9716666666666668
Yang2025,EEGNetv4,Low,30,150,2,50,0.97
Yang2025,EEGNetv4,Low,30,150,3,1,0.9483333333333334
Yang2025,EEGNetv4,Low,30,150,3,10,0.865
Yang2025,EEGNetv4,Low,30,150,3,12,0.605
Yang2025,EEGNetv4,Low,30,150,3,17,0.815
Yang2025,EEGNetv4,Low,30,150,3,26,0.906505016722408
Yang2025,EEGNetv4,Low,30,150,3,27,0.7183333333333333
Yang2025,EEGNetv4,Low,30,150,3,28,0.9016666666666666
Yang2025,EEGNetv4,Low,30,150,3,35,0.9666666666666668
Yang2025,EEGNetv4,Low,30,150,3,45,0.9083333333333332
Yang2025,EEGNetv4,Low,30,150,3,46,0.995
Yang2025,EEGNetv4,Low,30,150,4,2,0.6983333333333333
Yang2025,EEGNetv4,Low,30,150,4,3,0.9433333333333334
Yang2025,EEGNetv4,Low,30,150,4,6,0.9766666666666668
Yang2025,EEGNetv4,Low,30,150,4,22,0.8516666666666667
Yang2025,EEGNetv4,Low,30,150,4,24,0.9848539814982769
Yang2025,EEGNetv4,Low,30,150,4,30,0.7866666666666666
Yang2025,EEGNetv4,Low,30,150,4,36,0.9366666666666666
Yang2025,EEGNetv4,Low,30,150,4,38,0.69
Yang2025,EEGNetv4,Low,30,150,4,40,0.8666666666666667
Yang2025,EEGNetv4,Low,30,150,4,42,0.84
Yang2025,EEGNetv4,Low,30,150,5,8,0.9333333333333332
Yang2025,EEGNetv4,Low,30,150,5,11,0.9283333333333332
Yang2025,EEGNetv4,Low,30,150,5,15,0.7816666666666666
Yang2025,EEGNetv4,Low,30,150,5,19,0.8933333333333333
Yang2025,EEGNetv4,Low,30,150,5,21,0.9116666666666666
Yang2025,EEGNetv4,Low,30,150,5,23,0.9716164994425864
Yang2025,EEGNetv4,Low,30,150,5,29,0.8783333333333333
Yang2025,EEGNetv4,Low,30,150,5,39,0.7883333333333333
Yang2025,EEGNetv4,Low,30,150,5,43,1.0
Yang2025,EEGNetv4,Low,30,150,5,51,0.9
Huebner2018,EEGNetv4,Unknown,6,14000,1,1,0.967421603452261
Huebner2018,EEGNetv4,Unknown,6,14000,1,10,0.9137477106227108
Huebner2018,EEGNetv4,Unknown,6,14000,1,11,0.8850559737323305
Huebner2018,EEGNetv4,Unknown,6,14000,2,3,0.9737293956043956
Huebner2018,EEGNetv4,Unknown,6,14000,2,6,0.9716460622710624
Huebner2018,EEGNetv4,Unknown,6,14000,2,9,0.9296920996166578
Huebner2018,EEGNetv4,Unknown,6,14000,3,2,0.9778960622710624
Huebner2018,EEGNetv4,Unknown,6,14000,3,12,0.9060668498168498
Huebner2018,EEGNetv4,Unknown,6,14000,4,5,0.9002059118039739
Huebner2018,EEGNetv4,Unknown,6,14000,4,8,0.9005380036630037
Huebner2018,EEGNetv4,Unknown,6,14000,5,4,0.9448946886446886
Huebner2018,EEGNetv4,Unknown,6,14000,5,7,0.9170727983388298
Lee2019_MI,DeepConvNet,Unknown,50,60,1,4,0.775
Lee2019_MI,DeepConvNet,Unknown,50,60,1,6,0.95
Lee2019_MI,DeepConvNet,Unknown,50,60,1,13,0.7849999999999999
Lee2019_MI,DeepConvNet,Unknown,50,60,1,14,0.72
Lee2019_MI,DeepConvNet,Unknown,50,60,1,18,0.97
Lee2019_MI,DeepConvNet,Unknown,50,60,1,20,0.91
Lee2019_MI,DeepConvNet,Unknown,50,60,1,33,0.97
Lee2019_MI,DeepConvNet,Unknown,50,60,1,45,0.94
Lee2019_MI,DeepConvNet,Unknown,50,60,1,49,0.895
Lee2019_MI,DeepConvNet,Unknown,50,60,1,50,0.685
Lee2019_MI,DeepConvNet,Unknown,50,60,1,53,0.8300000000000001
Lee2019_MI,DeepConvNet,Unknown,50,60,2,5,0.935
Lee2019_MI,DeepConvNet,Unknown,50,60,2,7,0.81
Lee2019_MI,DeepConvNet,Unknown,50,60,2,9,0.845
Lee2019_MI,DeepConvNet,Unknown,50,60,2,16,0.835
Lee2019_MI,DeepConvNet,Unknown,50,60,2,25,0.91
Lee2019_MI,DeepConvNet,Unknown,50,60,2,27,0.94
Lee2019_MI,DeepConvNet,Unknown,50,60,2,34,0.685
Lee2019_MI,DeepConvNet,Unknown,50,60,2,35,0.955
Lee2019_MI,DeepConvNet,Unknown,50,60,2,38,0.79
Lee2019_MI,DeepConvNet,Unknown,50,60,2,46,0.745
Lee2019_MI,DeepConvNet,Unknown,50,60,2,51,0.8049999999999999
Lee2019_MI,DeepConvNet,Unknown,50,60,3,1,0.8200000000000001
Lee2019_MI,DeepConvNet,Unknown,50,60,3,10,0.765
Lee2019_MI,DeepConvNet,Unknown,50,60,3,12,0.8400000000000001
Lee2019_MI,DeepConvNet,Unknown,50,60,3,17,0.665
Lee2019_MI,DeepConvNet,Unknown,50,60,3,26,0.9
Lee2019_MI,DeepConvNet,Unknown,50,60,3,28,0.96
Lee2019_MI,DeepConvNet,Unknown,50,60,3,31,0.88
Lee2019_MI,DeepConvNet,Unknown,50,60,3,32,0.97
Lee2019_MI,DeepConvNet,Unknown,50,60,3,37,0.955
Lee2019_MI,DeepConvNet,Unknown,50,60,3,41,0.765
Lee2019_MI,DeepConvNet,Unknown,50,60,3,48,0.73
Lee2019_MI,DeepConvNet,Unknown,50,60,4,2,0.8300000000000001
Lee2019_MI,DeepConvNet,Unknown,50,60,4,3,0.935
Lee2019_MI,DeepConvNet,Unknown,50,60,4,11,0.74
Lee2019_MI,DeepConvNet,Unknown,50,60,4,22,0.755
Lee2019_MI,DeepConvNet,Unknown,50,60,4,24,0.82
Lee2019_MI,DeepConvNet,Unknown,50,60,4,30,0.865
Lee2019_MI,DeepConvNet,Unknown,50,60,4,36,0.99
Lee2019_MI,DeepConvNet,Unknown,50,60,4,40,0.865
Lee2019_MI,DeepConvNet,Unknown,50,60,4,42,0.755
Lee2019_MI,DeepConvNet,Unknown,50,60,4,44,0.93
Lee2019_MI,DeepConvNet,Unknown,50,60,4,47,0.845
Lee2019_MI,DeepConvNet,Unknown,50,60,5,8,0.8049999999999999
Lee2019_MI,DeepConvNet,Unknown,50,60,5,15,0.91
Lee2019_MI,DeepConvNet,Unknown,50,60,5,19,0.835
Lee2019_MI,DeepConvNet,Unknown,50,60,5,21,0.98
Lee2019_MI,DeepConvNet,Unknown,50,60,5,23,0.8
Lee2019_MI,DeepConvNet,Unknown,50,60,5,29,0.835
Lee2019_MI,DeepConvNet,Unknown,50,60,5,39,0.88
Lee2019_MI,DeepConvNet,Unknown,50,60,5,43,0.8999999999999999
Lee2019_MI,DeepConvNet,Unknown,50,60,5,52,0.865
Lee2019_MI,DeepConvNet,Unknown,50,60,5,54,0.75
BNCI2014_001,ATCNet,Unknown,8,375,1,2,0.5972222222222222
BNCI2014_001,ATCNet,Unknown,8,375,1,8,0.8541666666666667
BNCI2014_001,ATCNet,Unknown,8,375,2,1,0.8263888888888888
BNCI2014_001,ATCNet,Unknown,8,375,2,6,0.6927083333333333
BNCI2014_001,ATCNet,Unknown,8,375,3,3,0.8680555555555556
BNCI2014_001,ATCNet,Unknown,8,375,3,9,0.8402777777777778
BNCI2014_001,ATCNet,Unknown,8,375,4,4,0.7465277777777778
BNCI2014_001,ATCNet,Unknown,8,375,4,5,0.6857638888888888
BNCI2014_001,ATCNet,Unknown,8,375,5,7,0.8229166666666667
MAMEM2,DeepConvNet,Unknown,3,100,1,2,0.238
MAMEM2,DeepConvNet,Unknown,3,100,1,9,0.194
MAMEM2,DeepConvNet,Unknown,3,100,2,1,0.1986666666666666
MAMEM2,DeepConvNet,Unknown,3,100,2,6,0.1926666666666666
MAMEM2,DeepConvNet,Unknown,3,100,3,3,0.1693333333333333
MAMEM2,DeepConvNet,Unknown,3,100,3,8,0.2186666666666667
MAMEM2,DeepConvNet,Unknown,3,100,4,5,0.176
MAMEM2,DeepConvNet,Unknown,3,100,4,10,0.1946666666666666
MAMEM2,DeepConvNet,Unknown,3,100,5,4,0.1546666666666666
MAMEM2,DeepConvNet,Unknown,3,100,5,7,0.1646666666666666
Kalunga2016,DeepConvNet,Unknown,12,42,1,1,0.265625
Kalunga2016,DeepConvNet,Unknown,12,42,1,10,0.3046875
Kalunga2016,DeepConvNet,Unknown,12,42,1,11,0.3125
Kalunga2016,DeepConvNet,Unknown,12,42,2,3,0.34375
Kalunga2016,DeepConvNet,Unknown,12,42,2,6,0.359375
Kalunga2016,DeepConvNet,Unknown,12,42,2,9,0.296875
Kalunga2016,DeepConvNet,Unknown,12,42,3,2,0.328125
Kalunga2016,DeepConvNet,Unknown,12,42,3,12,0.24375
Kalunga2016,DeepConvNet,Unknown,12,42,4,5,0.3125
Kalunga2016,DeepConvNet,Unknown,12,42,4,8,0.296875
Kalunga2016,DeepConvNet,Unknown,12,42,5,4,0.359375
Kalunga2016,DeepConvNet,Unknown,12,42,5,7,0.3125
Lee2019_SSVEP,EEGNetv4,Low,10,200,1,4,1.0
Lee2019_SSVEP,EEGNetv4,Low,10,200,1,6,1.0
Lee2019_SSVEP,EEGNetv4,Low,10,200,1,13,0.985
Lee2019_SSVEP,EEGNetv4,Low,10,200,1,14,0.955
Lee2019_SSVEP,EEGNetv4,Low,10,200,1,18,0.99
Lee2019_SSVEP,EEGNetv4,Low,10,200,1,20,0.94
Lee2019_SSVEP,EEGNetv4,Low,10,200,1,33,0.99
Lee2019_SSVEP,EEGNetv4,Low,10,200,1,45,0.96
Lee2019_SSVEP,EEGNetv4,Low,10,200,1,49,1.0
Lee2019_SSVEP,EEGNetv4,Low,10,200,1,50,0.99
Lee2019_SSVEP,EEGNetv4,Low,10,200,1,53,1.0
Lee2019_SSVEP,EEGNetv4,Low,10,200,2,5,0.865
Lee2019_SSVEP,EEGNetv4,Low,10,200,2,7,0.995
Lee2019_SSVEP,EEGNetv4,Low,10,200,2,9,0.985
Lee2019_SSVEP,EEGNetv4,Low,10,200,2,16,0.995
Lee2019_SSVEP,EEGNetv4,Low,10,200,2,25,0.96
Lee2019_SSVEP,EEGNetv4,Low,10,200,2,27,1.0
Lee2019_SSVEP,EEGNetv4,Low,10,200,2,34,0.875
Lee2019_SSVEP,EEGNetv4,Low,10,200,2,35,0.995
Lee2019_SSVEP,EEGNetv4,Low,10,200,2,38,0.99
Lee2019_SSVEP,EEGNetv4,Low,10,200,2,46,1.0
Lee2019_SSVEP,EEGNetv4,Low,10,200,2,51,0.865
Lee2019_SSVEP,EEGNetv4,Low,10,200,3,1,0.96
Lee2019_SSVEP,EEGNetv4,Low,10,200,3,10,1.0
Lee2019_SSVEP,EEGNetv4,Low,10,200,3,12,0.96
Lee2019_SSVEP,EEGNetv4,Low,10,200,3,17,0.97
Lee2019_SSVEP,EEGNetv4,Low,10,200,3,26,1.0
Lee2019_SSVEP,EEGNetv4,Low,10,200,3,28,0.98
Lee2019_SSVEP,EEGNetv4,Low,10,200,3,31,0.965
Lee2019_SSVEP,EEGNetv4,Low,10,200,3,32,0.845
Lee2019_SSVEP,EEGNetv4,Low,10,200,3,37,0.995
Lee2019_SSVEP,EEGNetv4,Low,10,200,3,41,0.995
Lee2019_SSVEP,EEGNetv4,Low,10,200,3,48,1.0
Lee2019_SSVEP,EEGNetv4,Low,10,200,4,2,0.98
Lee2019_SSVEP,EEGNetv4,Low,10,200,4,3,0.94
Lee2019_SSVEP,EEGNetv4,Low,10,200,4,11,1.0
Lee2019_SSVEP,EEGNetv4,Low,10,200,4,22,0.8999999999999999
Lee2019_SSVEP,EEGNetv4,Low,10,200,4,24,0.965
Lee2019_SSVEP,EEGNetv4,Low,10,200,4,30,0.975
Lee2019_SSVEP,EEGNetv4,Low,10,200,4,36,1.0
Lee2019_SSVEP,EEGNetv4,Low,10,200,4,40,0.95
Lee2019_SSVEP,EEGNetv4,Low,10,200,4,42,0.805
Lee2019_SSVEP,EEGNetv4,Low,10,200,4,44,0.995
Lee2019_SSVEP,EEGNetv4,Low,10,200,4,47,0.635
Lee2019_SSVEP,EEGNetv4,Low,10,200,5,8,0.945
Lee2019_SSVEP,EEGNetv4,Low,10,200,5,15,1.0
Lee2019_SSVEP,EEGNetv4,Low,10,200,5,19,0.985
Lee2019_SSVEP,EEGNetv4,Low,10,200,5,21,0.95
Lee2019_SSVEP,EEGNetv4,Low,10,200,5,23,0.495
Lee2019_SSVEP,EEGNetv4,Low,10,200,5,29,0.98
Lee2019_SSVEP,EEGNetv4,Low,10,200,5,39,1.0
Lee2019_SSVEP,EEGNetv4,Low,10,200,5,43,1.0
Lee2019_SSVEP,EEGNetv4,Low,10,200,5,52,0.965
Lee2019_SSVEP,EEGNetv4,Low,10,200,5,54,0.88
MAMEM2,DeepConvNet,Unknown,6,50,1,2,0.2166666666666666
MAMEM2,DeepConvNet,Unknown,6,50,1,9,0.1713333333333333
MAMEM2,DeepConvNet,Unknown,6,50,2,1,0.1993333333333333
MAMEM2,DeepConvNet,Unknown,6,50,2,6,0.2006666666666666
MAMEM2,DeepConvNet,Unknown,6,50,3,3,0.224
MAMEM2,DeepConvNet,Unknown,6,50,3,8,0.2019999999999999
MAMEM2,DeepConvNet,Unknown,6,50,4,5,0.2426666666666666
MAMEM2,DeepConvNet,Unknown,6,50,4,10,0.1666666666666666
MAMEM2,DeepConvNet,Unknown,6,50,5,4,0.1953333333333333
MAMEM2,DeepConvNet,Unknown,6,50,5,7,0.164
Lee2019_SSVEP,DeepConvNet,High,25,160,1,4,1.0
Lee2019_SSVEP,DeepConvNet,High,25,160,1,6,1.0
Lee2019_SSVEP,DeepConvNet,High,25,160,1,13,0.98
Lee2019_SSVEP,DeepConvNet,High,25,160,1,14,0.96
Lee2019_SSVEP,DeepConvNet,High,25,160,1,18,0.995
Lee2019_SSVEP,DeepConvNet,High,25,160,1,20,0.99
Lee2019_SSVEP,DeepConvNet,High,25,160,1,33,0.995
Lee2019_SSVEP,DeepConvNet,High,25,160,1,45,0.99
Lee2019_SSVEP,DeepConvNet,High,25,160,1,49,1.0
Lee2019_SSVEP,DeepConvNet,High,25,160,1,50,1.0
Lee2019_SSVEP,DeepConvNet,High,25,160,1,53,1.0
Lee2019_SSVEP,DeepConvNet,High,25,160,2,5,0.8799999999999999
Lee2019_SSVEP,DeepConvNet,High,25,160,2,7,0.995
Lee2019_SSVEP,DeepConvNet,High,25,160,2,9,0.98
Lee2019_SSVEP,DeepConvNet,High,25,160,2,16,1.0
Lee2019_SSVEP,DeepConvNet,High,25,160,2,25,0.995
Lee2019_SSVEP,DeepConvNet,High,25,160,2,27,1.0
Lee2019_SSVEP,DeepConvNet,High,25,160,2,34,0.855
Lee2019_SSVEP,DeepConvNet,High,25,160,2,35,1.0
Lee2019_SSVEP,DeepConvNet,High,25,160,2,38,0.985
Lee2019_SSVEP,DeepConvNet,High,25,160,2,46,1.0
Lee2019_SSVEP,DeepConvNet,High,25,160,2,51,0.855
Lee2019_SSVEP,DeepConvNet,High,25,160,3,1,0.97
Lee2019_SSVEP,DeepConvNet,High,25,160,3,10,1.0
Lee2019_SSVEP,DeepConvNet,High,25,160,3,12,0.97
Lee2019_SSVEP,DeepConvNet,High,25,160,3,17,0.99
Lee2019_SSVEP,DeepConvNet,High,25,160,3,26,0.995
Lee2019_SSVEP,DeepConvNet,High,25,160,3,28,0.98
Lee2019_SSVEP,DeepConvNet,High,25,160,3,31,1.0
Lee2019_SSVEP,DeepConvNet,High,25,160,3,32,0.95
Lee2019_SSVEP,DeepConvNet,High,25,160,3,37,0.985
Lee2019_SSVEP,DeepConvNet,High,25,160,3,41,0.995
Lee2019_SSVEP,DeepConvNet,High,25,160,3,48,0.995
Lee2019_SSVEP,DeepConvNet,High,25,160,4,2,0.995
Lee2019_SSVEP,DeepConvNet,High,25,160,4,3,0.95
Lee2019_SSVEP,DeepConvNet,High,25,160,4,11,1.0
Lee2019_SSVEP,DeepConvNet,High,25,160,4,22,0.96
Lee2019_SSVEP,DeepConvNet,High,25,160,4,24,0.99
Lee2019_SSVEP,DeepConvNet,High,25,160,4,30,0.995
Lee2019_SSVEP,DeepConvNet,High,25,160,4,36,1.0
Lee2019_SSVEP,DeepConvNet,High,25,160,4,40,0.95
Lee2019_SSVEP,DeepConvNet,High,25,160,4,42,0.7949999999999999
Lee2019_SSVEP,DeepConvNet,High,25,160,4,44,0.995
Lee2019_SSVEP,DeepConvNet,High,25,160,4,47,0.63
Lee2019_SSVEP,DeepConvNet,High,25,160,5,8,0.965
Lee2019_SSVEP,DeepConvNet,High,25,160,5,15,0.99
Lee2019_SSVEP,DeepConvNet,High,25,160,5,19,0.98
Lee2019_SSVEP,DeepConvNet,High,25,160,5,21,0.98
Lee2019_SSVEP,DeepConvNet,High,25,160,5,23,0.495
Lee2019_SSVEP,DeepConvNet,High,25,160,5,29,0.95
Lee2019_SSVEP,DeepConvNet,High,25,160,5,39,1.0
Lee2019_SSVEP,DeepConvNet,High,25,160,5,43,1.0
Lee2019_SSVEP,DeepConvNet,High,25,160,5,52,0.995
Lee2019_SSVEP,DeepConvNet,High,25,160,5,54,0.875
Lee2019_SSVEP,ShallowConvNet,High,25,160,1,4,0.985
Lee2019_SSVEP,ShallowConvNet,High,25,160,1,6,0.995
Lee2019_SSVEP,ShallowConvNet,High,25,160,1,13,0.93
Lee2019_SSVEP,ShallowConvNet,High,25,160,1,14,0.94
Lee2019_SSVEP,ShallowConvNet,High,25,160,1,18,0.99
Lee2019_SSVEP,ShallowConvNet,High,25,160,1,20,0.95
Lee2019_SSVEP,ShallowConvNet,High,25,160,1,33,0.98
Lee2019_SSVEP,ShallowConvNet,High,25,160,1,45,0.97
Lee2019_SSVEP,ShallowConvNet,High,25,160,1,49,0.98
Lee2019_SSVEP,ShallowConvNet,High,25,160,1,50,0.95
Lee2019_SSVEP,ShallowConvNet,High,25,160,1,53,0.985
Lee2019_SSVEP,ShallowConvNet,High,25,160,2,5,0.7949999999999999
Lee2019_SSVEP,ShallowConvNet,High,25,160,2,7,0.995
Lee2019_SSVEP,ShallowConvNet,High,25,160,2,9,0.94
Lee2019_SSVEP,ShallowConvNet,High,25,160,2,16,0.98
Lee2019_SSVEP,ShallowConvNet,High,25,160,2,25,0.945
Lee2019_SSVEP,ShallowConvNet,High,25,160,2,27,0.98
Lee2019_SSVEP,ShallowConvNet,High,25,160,2,34,0.7350000000000001
Lee2019_SSVEP,ShallowConvNet,High,25,160,2,35,0.94
Lee2019_SSVEP,ShallowConvNet,High,25,160,2,38,0.985
Lee2019_SSVEP,ShallowConvNet,High,25,160,2,46,0.965
Lee2019_SSVEP,ShallowConvNet,High,25,160,2,51,0.7949999999999999
Lee2019_SSVEP,ShallowConvNet,High,25,160,3,1,0.94
Lee2019_SSVEP,ShallowConvNet,High,25,160,3,10,0.955
Lee2019_SSVEP,ShallowConvNet,High,25,160,3,12,0.98
Lee2019_SSVEP,ShallowConvNet,High,25,160,3,17,0.97
Lee2019_SSVEP,ShallowConvNet,High,25,160,3,26,0.985
Lee2019_SSVEP,ShallowConvNet,High,25,160,3,28,0.975
Lee2019_SSVEP,ShallowConvNet,High,25,160,3,31,0.995
Lee2019_SSVEP,ShallowConvNet,High,25,160,3,32,0.7249999999999999
Lee2019_SSVEP,ShallowConvNet,High,25,160,3,37,0.985
Lee2019_SSVEP,ShallowConvNet,High,25,160,3,41,0.985
Lee2019_SSVEP,ShallowConvNet,High,25,160,3,48,0.995
Lee2019_SSVEP,ShallowConvNet,High,25,160,4,2,0.96
Lee2019_SSVEP,ShallowConvNet,High,25,160,4,3,0.945
Lee2019_SSVEP,ShallowConvNet,High,25,160,4,11,1.0
Lee2019_SSVEP,ShallowConvNet,High,25,160,4,22,0.8500000000000001
Lee2019_SSVEP,ShallowConvNet,High,25,160,4,24,0.915
Lee2019_SSVEP,ShallowConvNet,High,25,160,4,30,0.97
Lee2019_SSVEP,ShallowConvNet,High,25,160,4,36,1.0
Lee2019_SSVEP,ShallowConvNet,High,25,160,4,40,0.8949999999999999
Lee2019_SSVEP,ShallowConvNet,High,25,160,4,42,0.7899999999999999
Lee2019_SSVEP,ShallowConvNet,High,25,160,4,44,0.99
Lee2019_SSVEP,ShallowConvNet,High,25,160,4,47,0.5900000000000001
Lee2019_SSVEP,ShallowConvNet,High,25,160,5,8,0.925
Lee2019_SSVEP,ShallowConvNet,High,25,160,5,15,0.93
Lee2019_SSVEP,ShallowConvNet,High,25,160,5,19,0.8300000000000001
Lee2019_SSVEP,ShallowConvNet,High,25,160,5,21,0.945
Lee2019_SSVEP,ShallowConvNet,High,25,160,5,23,0.46
Lee2019_SSVEP,ShallowConvNet,High,25,160,5,29,0.925
Lee2019_SSVEP,ShallowConvNet,High,25,160,5,39,0.95
Lee2019_SSVEP,ShallowConvNet,High,25,160,5,43,0.995
Lee2019_SSVEP,ShallowConvNet,High,25,160,5,52,0.975
Lee2019_SSVEP,ShallowConvNet,High,25,160,5,54,0.63
BI2015a,EEGNetv4,High,20,750,1,5,0.8681818181818182
BI2015a,EEGNetv4,High,20,750,1,9,0.8058558558558558
BI2015a,EEGNetv4,High,20,750,1,13,0.8728070175438596
BI2015a,EEGNetv4,High,20,750,1,25,0.7614942528735633
BI2015a,EEGNetv4,High,20,750,1,26,0.8881720430107527
BI2015a,EEGNetv4,High,20,750,1,35,0.6751207729468599
BI2015a,EEGNetv4,High,20,750,1,37,0.7485714285714286
BI2015a,EEGNetv4,High,20,750,1,38,0.8396396396396397
BI2015a,EEGNetv4,High,20,750,1,40,0.8447530864197531
BI2015a,EEGNetv4,High,20,750,2,4,0.8745833333333333
BI2015a,EEGNetv4,High,20,750,2,7,0.8264705882352941
BI2015a,EEGNetv4,High,20,750,2,14,0.7474358974358974
BI2015a,EEGNetv4,High,20,750,2,16,0.8438095238095238
BI2015a,EEGNetv4,High,20,750,2,18,0.797037037037037
BI2015a,EEGNetv4,High,20,750,2,20,0.8407407407407408
BI2015a,EEGNetv4,High,20,750,2,28,0.7663333333333333
BI2015a,EEGNetv4,High,20,750,2,32,0.8370967741935484
BI2015a,EEGNetv4,High,20,750,2,41,0.7844444444444445
BI2015a,EEGNetv4,High,20,750,3,1,0.7030839990317115
BI2015a,EEGNetv4,High,20,750,3,6,0.812121212121212
BI2015a,EEGNetv4,High,20,750,3,10,0.8387096774193549
BI2015a,EEGNetv4,High,20,750,3,12,0.7422043010752688
BI2015a,EEGNetv4,High,20,750,3,17,0.8022222222222222
BI2015a,EEGNetv4,High,20,750,3,27,0.7210970464135021
BI2015a,EEGNetv4,High,20,750,3,30,0.7135802469135802
BI2015a,EEGNetv4,High,20,750,3,31,0.6997777777777777
BI2015a,EEGNetv4,High,20,750,3,42,0.7187134502923977
BI2015a,EEGNetv4,High,20,750,4,2,0.8603174603174604
BI2015a,EEGNetv4,High,20,750,4,3,0.8977011494252873
BI2015a,EEGNetv4,High,20,750,4,22,0.8390151515151516
BI2015a,EEGNetv4,High,20,750,4,24,0.8796296296296297
BI2015a,EEGNetv4,High,20,750,4,33,0.848015873015873
BI2015a,EEGNetv4,High,20,750,4,34,0.8533333333333333
BI2015a,EEGNetv4,High,20,750,4,36,0.85625
BI2015a,EEGNetv4,High,20,750,4,43,0.9189655172413792
BI2015a,EEGNetv4,High,20,750,5,8,0.8365079365079365
BI2015a,EEGNetv4,High,20,750,5,11,0.7870833333333334
BI2015a,EEGNetv4,High,20,750,5,15,0.8314285714285714
BI2015a,EEGNetv4,High,20,750,5,19,0.7693333333333333
BI2015a,EEGNetv4,High,20,750,5,21,0.8738095238095238
BI2015a,EEGNetv4,High,20,750,5,23,0.7890350877192982
BI2015a,EEGNetv4,High,20,750,5,29,0.7450980392156863
BI2015a,EEGNetv4,High,20,750,5,39,0.801360544217687
Yang2025,ATCNet,Low,15,300,1,4,0.53
Yang2025,ATCNet,Low,15,300,1,13,0.6933333333333334
Yang2025,ATCNet,Low,15,300,1,14,0.5549999999999999
Yang2025,ATCNet,Low,15,300,1,18,0.645
Yang2025,ATCNet,Low,15,300,1,25,0.8233333333333333
Yang2025,ATCNet,Low,15,300,1,31,0.79
Yang2025,ATCNet,Low,15,300,1,32,0.7946042363433667
Yang2025,ATCNet,Low,15,300,1,33,0.9516666666666668
Yang2025,ATCNet,Low,15,300,1,41,0.9083333333333332
Yang2025,ATCNet,Low,15,300,1,44,0.6583333333333333
Yang2025,ATCNet,Low,15,300,1,47,0.7983333333333333
Yang2025,ATCNet,Low,15,300,2,5,0.8300000000000001
Yang2025,ATCNet,Low,15,300,2,7,0.665
Yang2025,ATCNet,Low,15,300,2,9,0.6799999999999999
Yang2025,ATCNet,Low,15,300,2,16,0.6766666666666666
Yang2025,ATCNet,Low,15,300,2,20,0.72
Yang2025,ATCNet,Low,15,300,2,34,0.8433333333333334
Yang2025,ATCNet,Low,15,300,2,37,0.8066666666666666
Yang2025,ATCNet,Low,15,300,2,48,0.7766666666666666
Yang2025,ATCNet,Low,15,300,2,49,0.8883333333333333
Yang2025,ATCNet,Low,15,300,2,50,0.8416666666666667
Yang2025,ATCNet,Low,15,300,3,1,0.8816666666666666
Yang2025,ATCNet,Low,15,300,3,10,0.8083333333333333
Yang2025,ATCNet,Low,15,300,3,12,0.52
Yang2025,ATCNet,Low,15,300,3,17,0.6833333333333333
Yang2025,ATCNet,Low,15,300,3,26,0.8631661092530658
Yang2025,ATCNet,Low,15,300,3,27,0.77
Yang2025,ATCNet,Low,15,300,3,28,0.885
Yang2025,ATCNet,Low,15,300,3,35,0.7933333333333333
Yang2025,ATCNet,Low,15,300,3,45,0.7116666666666667
Yang2025,ATCNet,Low,15,300,3,46,0.9033333333333332
Yang2025,ATCNet,Low,15,300,4,2,0.6266666666666667
Yang2025,ATCNet,Low,15,300,4,3,0.93
Yang2025,ATCNet,Low,15,300,4,6,0.955
Yang2025,ATCNet,Low,15,300,4,22,0.8133333333333332
Yang2025,ATCNet,Low,15,300,4,24,0.9359468528931616
Yang2025,ATCNet,Low,15,300,4,30,0.715
Yang2025,ATCNet,Low,15,300,4,36,0.845
Yang2025,ATCNet,Low,15,300,4,38,0.55
Yang2025,ATCNet,Low,15,300,4,40,0.8200000000000001
Yang2025,ATCNet,Low,15,300,4,42,0.7316666666666667
Yang2025,ATCNet,Low,15,300,5,8,0.8483333333333334
Yang2025,ATCNet,Low,15,300,5,11,0.8683333333333334
Yang2025,ATCNet,Low,15,300,5,15,0.7233333333333334
Yang2025,ATCNet,Low,15,300,5,19,0.84
Yang2025,ATCNet,Low,15,300,5,21,0.7766666666666666
Yang2025,ATCNet,Low,15,300,5,23,0.8814882943143812
Yang2025,ATCNet,Low,15,300,5,29,0.9366666666666666
Yang2025,ATCNet,Low,15,300,5,39,0.8216666666666667
Yang2025,ATCNet,Low,15,300,5,43,0.8983333333333333
Yang2025,ATCNet,Low,15,300,5,51,0.8516666666666666
BI2015a,ShallowConvNet,Low,20,250,1,5,0.8186868686868687
BI2015a,ShallowConvNet,Low,20,250,1,9,0.7608108108108108
BI2015a,ShallowConvNet,Low,20,250,1,13,0.8640350877192983
BI2015a,ShallowConvNet,Low,20,250,1,25,0.6758620689655173
BI2015a,ShallowConvNet,Low,20,250,1,26,0.8408602150537634
BI2015a,ShallowConvNet,Low,20,250,1,35,0.6002415458937198
BI2015a,ShallowConvNet,Low,20,250,1,37,0.6364285714285715
BI2015a,ShallowConvNet,Low,20,250,1,38,0.7891891891891891
BI2015a,ShallowConvNet,Low,20,250,1,40,0.7740740740740741
BI2015a,ShallowConvNet,Low,20,250,2,4,0.8275
BI2015a,ShallowConvNet,Low,20,250,2,7,0.7735294117647058
BI2015a,ShallowConvNet,Low,20,250,2,14,0.6816239316239316
BI2015a,ShallowConvNet,Low,20,250,2,16,0.7823809523809524
BI2015a,ShallowConvNet,Low,20,250,2,18,0.6837037037037037
BI2015a,ShallowConvNet,Low,20,250,2,20,0.7896296296296297
BI2015a,ShallowConvNet,Low,20,250,2,28,0.6883333333333334
BI2015a,ShallowConvNet,Low,20,250,2,32,0.7994623655913978
BI2015a,ShallowConvNet,Low,20,250,2,41,0.74
BI2015a,ShallowConvNet,Low,20,250,3,1,0.6519152307387601
BI2015a,ShallowConvNet,Low,20,250,3,6,0.7234848484848485
BI2015a,ShallowConvNet,Low,20,250,3,10,0.8150537634408602
BI2015a,ShallowConvNet,Low,20,250,3,12,0.6736559139784946
BI2015a,ShallowConvNet,Low,20,250,3,17,0.7362962962962963
BI2015a,ShallowConvNet,Low,20,250,3,27,0.6324894514767933
BI2015a,ShallowConvNet,Low,20,250,3,30,0.8580246913580247
BI2015a,ShallowConvNet,Low,20,250,3,31,0.6284444444444445
BI2015a,ShallowConvNet,Low,20,250,3,42,0.6447368421052632
BI2015a,ShallowConvNet,Low,20,250,4,2,0.8099206349206349
BI2015a,ShallowConvNet,Low,20,250,4,3,0.8563218390804598
BI2015a,ShallowConvNet,Low,20,250,4,22,0.7681818181818182
BI2015a,ShallowConvNet,Low,20,250,4,24,0.7986111111111112
BI2015a,ShallowConvNet,Low,20,250,4,33,0.7817460317460317
BI2015a,ShallowConvNet,Low,20,250,4,34,0.7261904761904762
BI2015a,ShallowConvNet,Low,20,250,4,36,0.8025
BI2015a,ShallowConvNet,Low,20,250,4,43,0.8580459770114943
BI2015a,ShallowConvNet,Low,20,250,5,8,0.7634920634920634
BI2015a,ShallowConvNet,Low,20,250,5,11,0.6820833333333334
BI2015a,ShallowConvNet,Low,20,250,5,15,0.7776190476190477
BI2015a,ShallowConvNet,Low,20,250,5,19,0.709
BI2015a,ShallowConvNet,Low,20,250,5,21,0.8266666666666667
BI2015a,ShallowConvNet,Low,20,250,5,23,0.6868421052631579
BI2015a,ShallowConvNet,Low,20,250,5,29,0.6696078431372549
BI2015a,ShallowConvNet,Low,20,250,5,39,0.732312925170068
Lee2019_MI,ShallowConvNet,Unknown,15,200,1,4,0.665
Lee2019_MI,ShallowConvNet,Unknown,15,200,1,6,0.77
Lee2019_MI,ShallowConvNet,Unknown,15,200,1,13,0.6499999999999999
Lee2019_MI,ShallowConvNet,Unknown,15,200,1,14,0.66
Lee2019_MI,ShallowConvNet,Unknown,15,200,1,18,0.86
Lee2019_MI,ShallowConvNet,Unknown,15,200,1,20,0.725
Lee2019_MI,ShallowConvNet,Unknown,15,200,1,33,0.91
Lee2019_MI,ShallowConvNet,Unknown,15,200,1,45,0.79
Lee2019_MI,ShallowConvNet,Unknown,15,200,1,49,0.74
Lee2019_MI,ShallowConvNet,Unknown,15,200,1,50,0.63
Lee2019_MI,ShallowConvNet,Unknown,15,200,1,53,0.705
Lee2019_MI,ShallowConvNet,Unknown,15,200,2,5,0.75
Lee2019_MI,ShallowConvNet,Unknown,15,200,2,7,0.675
Lee2019_MI,ShallowConvNet,Unknown,15,200,2,9,0.74
Lee2019_MI,ShallowConvNet,Unknown,15,200,2,16,0.775
Lee2019_MI,ShallowConvNet,Unknown,15,200,2,25,0.8
Lee2019_MI,ShallowConvNet,Unknown,15,200,2,27,0.735
Lee2019_MI,ShallowConvNet,Unknown,15,200,2,34,0.575
Lee2019_MI,ShallowConvNet,Unknown,15,200,2,35,0.85
Lee2019_MI,ShallowConvNet,Unknown,15,200,2,38,0.685
Lee2019_MI,ShallowConvNet,Unknown,15,200,2,46,0.595
Lee2019_MI,ShallowConvNet,Unknown,15,200,2,51,0.66
Lee2019_MI,ShallowConvNet,Unknown,15,200,3,1,0.685
Lee2019_MI,ShallowConvNet,Unknown,15,200,3,10,0.685
Lee2019_MI,ShallowConvNet,Unknown,15,200,3,12,0.73
Lee2019_MI,ShallowConvNet,Unknown,15,200,3,17,0.625
Lee2019_MI,ShallowConvNet,Unknown,15,200,3,26,0.815
Lee2019_MI,ShallowConvNet,Unknown,15,200,3,28,0.89
Lee2019_MI,ShallowConvNet,Unknown,15,200,3,31,0.73
Lee2019_MI,ShallowConvNet,Unknown,15,200,3,32,0.885
Lee2019_MI,ShallowConvNet,Unknown,15,200,3,37,0.89
Lee2019_MI,ShallowConvNet,Unknown,15,200,3,41,0.63
Lee2019_MI,ShallowConvNet,Unknown,15,200,3,48,0.6499999999999999
Lee2019_MI,ShallowConvNet,Unknown,15,200,4,2,0.74
Lee2019_MI,ShallowConvNet,Unknown,15,200,4,3,0.785
Lee2019_MI,ShallowConvNet,Unknown,15,200,4,11,0.5549999999999999
Lee2019_MI,ShallowConvNet,Unknown,15,200,4,22,0.635
Lee2019_MI,ShallowConvNet,Unknown,15,200,4,24,0.605
Lee2019_MI,ShallowConvNet,Unknown,15,200,4,30,0.615
Lee2019_MI,ShallowConvNet,Unknown,15,200,4,36,0.93
Lee2019_MI,ShallowConvNet,Unknown,15,200,4,40,0.72
Lee2019_MI,ShallowConvNet,Unknown,15,200,4,42,0.595
Lee2019_MI,ShallowConvNet,Unknown,15,200,4,44,0.7849999999999999
Lee2019_MI,ShallowConvNet,Unknown,15,200,4,47,0.765
Lee2019_MI,ShallowConvNet,Unknown,15,200,5,8,0.6950000000000001
Lee2019_MI,ShallowConvNet,Unknown,15,200,5,15,0.7150000000000001
Lee2019_MI,ShallowConvNet,Unknown,15,200,5,19,0.75
Lee2019_MI,ShallowConvNet,Unknown,15,200,5,21,0.93
Lee2019_MI,ShallowConvNet,Unknown,15,200,5,23,0.675
Lee2019_MI,ShallowConvNet,Unknown,15,200,5,29,0.8
Lee2019_MI,ShallowConvNet,Unknown,15,200,5,39,0.73
Lee2019_MI,ShallowConvNet,Unknown,15,200,5,43,0.78
Lee2019_MI,ShallowConvNet,Unknown,15,200,5,52,0.73
Lee2019_MI,ShallowConvNet,Unknown,15,200,5,54,0.635
Lee2019_MI,ATCNet,Unknown,30,100,1,4,0.8200000000000001
Lee2019_MI,ATCNet,Unknown,30,100,1,6,0.855
Lee2019_MI,ATCNet,Unknown,30,100,1,13,0.655
Lee2019_MI,ATCNet,Unknown,30,100,1,14,0.685
Lee2019_MI,ATCNet,Unknown,30,100,1,18,0.905
Lee2019_MI,ATCNet,Unknown,30,100,1,20,0.765
Lee2019_MI,ATCNet,Unknown,30,100,1,33,0.965
Lee2019_MI,ATCNet,Unknown,30,100,1,45,0.8200000000000001
Lee2019_MI,ATCNet,Unknown,30,100,1,49,0.835
Lee2019_MI,ATCNet,Unknown,30,100,1,50,0.54
Lee2019_MI,ATCNet,Unknown,30,100,1,53,0.715
Lee2019_MI,ATCNet,Unknown,30,100,2,5,0.895
Lee2019_MI,ATCNet,Unknown,30,100,2,7,0.69
Lee2019_MI,ATCNet,Unknown,30,100,2,9,0.79
Lee2019_MI,ATCNet,Unknown,30,100,2,16,0.8049999999999999
Lee2019_MI,ATCNet,Unknown,30,100,2,25,0.8300000000000001
Lee2019_MI,ATCNet,Unknown,30,100,2,27,0.705
Lee2019_MI,ATCNet,Unknown,30,100,2,34,0.5349999999999999
Lee2019_MI,ATCNet,Unknown,30,100,2,35,0.85
Lee2019_MI,ATCNet,Unknown,30,100,2,38,0.64
Lee2019_MI,ATCNet,Unknown,30,100,2,46,0.72
Lee2019_MI,ATCNet,Unknown,30,100,2,51,0.625
Lee2019_MI,ATCNet,Unknown,30,100,3,1,0.8
Lee2019_MI,ATCNet,Unknown,30,100,3,10,0.775
Lee2019_MI,ATCNet,Unknown,30,100,3,12,0.79
Lee2019_MI,ATCNet,Unknown,30,100,3,17,0.7150000000000001
Lee2019_MI,ATCNet,Unknown,30,100,3,26,0.76
Lee2019_MI,ATCNet,Unknown,30,100,3,28,0.975
Lee2019_MI,ATCNet,Unknown,30,100,3,31,0.78
Lee2019_MI,ATCNet,Unknown,30,100,3,32,0.985
Lee2019_MI,ATCNet,Unknown,30,100,3,37,0.97
Lee2019_MI,ATCNet,Unknown,30,100,3,41,0.6
Lee2019_MI,ATCNet,Unknown,30,100,3,48,0.675
Lee2019_MI,ATCNet,Unknown,30,100,4,2,0.73
Lee2019_MI,ATCNet,Unknown,30,100,4,3,0.8600000000000001
Lee2019_MI,ATCNet,Unknown,30,100,4,11,0.5249999999999999
Lee2019_MI,ATCNet,Unknown,30,100,4,22,0.76
Lee2019_MI,ATCNet,Unknown,30,100,4,24,0.615
Lee2019_MI,ATCNet,Unknown,30,100,4,30,0.685
Lee2019_MI,ATCNet,Unknown,30,100,4,36,0.995
Lee2019_MI,ATCNet,Unknown,30,100,4,40,0.745
Lee2019_MI,ATCNet,Unknown,30,100,4,42,0.7150000000000001
Lee2019_MI,ATCNet,Unknown,30,100,4,44,0.89
Lee2019_MI,ATCNet,Unknown,30,100,4,47,0.735
Lee2019_MI,ATCNet,Unknown,30,100,5,8,0.75
Lee2019_MI,ATCNet,Unknown,30,100,5,15,0.7849999999999999
Lee2019_MI,ATCNet,Unknown,30,100,5,19,0.78
Lee2019_MI,ATCNet,Unknown,30,100,5,21,0.965
Lee2019_MI,ATCNet,Unknown,30,100,5,23,0.8600000000000001
Lee2019_MI,ATCNet,Unknown,30,100,5,29,0.85
Lee2019_MI,ATCNet,Unknown,30,100,5,39,0.8049999999999999
Lee2019_MI,ATCNet,Unknown,30,100,5,43,0.85
Lee2019_MI,ATCNet,Unknown,30,100,5,52,0.8
Lee2019_MI,ATCNet,Unknown,30,100,5,54,0.605
Huebner2017,EEGNetv4,Unknown,12,6250,1,1,0.9694354048809066
Huebner2017,EEGNetv4,Unknown,12,6250,1,10,0.9790230505692448
Huebner2017,EEGNetv4,Unknown,12,6250,1,12,0.9490486365486366
Huebner2017,EEGNetv4,Unknown,12,6250,2,3,0.9399647786834842
Huebner2017,EEGNetv4,Unknown,12,6250,2,6,0.9773745664033644
Huebner2017,EEGNetv4,Unknown,12,6250,2,9,0.9713700651200652
Huebner2017,EEGNetv4,Unknown,12,6250,3,2,0.942905474155474
Huebner2017,EEGNetv4,Unknown,12,6250,3,5,0.9144154456654456
Huebner2017,EEGNetv4,Unknown,12,6250,3,13,0.9647683024794554
Huebner2017,EEGNetv4,Unknown,12,6250,4,8,0.8815071395724764
Huebner2017,EEGNetv4,Unknown,12,6250,4,11,0.8211705878784399
Huebner2017,EEGNetv4,Unknown,12,6250,5,4,0.9806665072795746
Huebner2017,EEGNetv4,Unknown,12,6250,5,7,0.9909696784696784
Huebner2018,ATCNet,Unknown,3,14000,1,1,0.9723895437834444
Huebner2018,ATCNet,Unknown,3,14000,1,10,0.919654304029304
Huebner2018,ATCNet,Unknown,3,14000,1,11,0.8983942616734009
Huebner2018,ATCNet,Unknown,3,14000,2,3,0.9782623626373628
Huebner2018,ATCNet,Unknown,3,14000,2,6,0.9757554945054944
Huebner2018,ATCNet,Unknown,3,14000,2,9,0.9357017066145076
Huebner2018,ATCNet,Unknown,3,14000,3,2,0.9801854395604396
Huebner2018,ATCNet,Unknown,3,14000,3,12,0.9140682234432236
Huebner2018,ATCNet,Unknown,3,14000,4,5,0.9089177727165632
Huebner2018,ATCNet,Unknown,3,14000,4,8,0.9081272893772894
Huebner2018,ATCNet,Unknown,3,14000,5,4,0.9463942307692308
Huebner2018,ATCNet,Unknown,3,14000,5,7,0.9186060435533684
BI2015a,DeepConvNet,High,20,750,1,5,0.8888888888888888
BI2015a,DeepConvNet,High,20,750,1,9,0.8274774774774776
BI2015a,DeepConvNet,High,20,750,1,13,0.8894736842105263
BI2015a,DeepConvNet,High,20,750,1,25,0.7612068965517241
BI2015a,DeepConvNet,High,20,750,1,26,0.9188172043010752
BI2015a,DeepConvNet,High,20,750,1,35,0.6806763285024154
BI2015a,DeepConvNet,High,20,750,1,37,0.7454761904761905
BI2015a,DeepConvNet,High,20,750,1,38,0.8418918918918918
BI2015a,DeepConvNet,High,20,750,1,40,0.8521604938271605
BI2015a,DeepConvNet,High,20,750,2,4,0.9025
BI2015a,DeepConvNet,High,20,750,2,7,0.8911764705882352
BI2015a,DeepConvNet,High,20,750,2,14,0.7311965811965813
BI2015a,DeepConvNet,High,20,750,2,16,0.891904761904762
BI2015a,DeepConvNet,High,20,750,2,18,0.7925925925925925
BI2015a,DeepConvNet,High,20,750,2,20,0.8744444444444445
BI2015a,DeepConvNet,High,20,750,2,28,0.792
BI2015a,DeepConvNet,High,20,750,2,32,0.8672043010752688
BI2015a,DeepConvNet,High,20,750,2,41,0.835925925925926
BI2015a,DeepConvNet,High,20,750,3,1,0.7582249510354087
BI2015a,DeepConvNet,High,20,750,3,6,0.8299242424242425
BI2015a,DeepConvNet,High,20,750,3,10,0.8795698924731183
BI2015a,DeepConvNet,High,20,750,3,12,0.7559139784946236
BI2015a,DeepConvNet,High,20,750,3,17,0.8277777777777777
BI2015a,DeepConvNet,High,20,750,3,27,0.7369198312236287
BI2015a,DeepConvNet,High,20,750,3,30,0.9037037037037036
BI2015a,DeepConvNet,High,20,750,3,31,0.6908888888888889
BI2015a,DeepConvNet,High,20,750,3,42,0.7415204678362572
BI2015a,DeepConvNet,High,20,750,4,2,0.8865079365079365
BI2015a,DeepConvNet,High,20,750,4,3,0.906896551724138
BI2015a,DeepConvNet,High,20,750,4,22,0.8450757575757576
BI2015a,DeepConvNet,High,20,750,4,24,0.8935185185185185
BI2015a,DeepConvNet,High,20,750,4,33,0.8623015873015873
BI2015a,DeepConvNet,High,20,750,4,34,0.8509523809523809
BI2015a,DeepConvNet,High,20,750,4,36,0.8983333333333334
BI2015a,DeepConvNet,High,20,750,4,43,0.9126436781609196
BI2015a,DeepConvNet,High,20,750,5,8,0.8607142857142858
BI2015a,DeepConvNet,High,20,750,5,11,0.8145833333333333
BI2015a,DeepConvNet,High,20,750,5,15,0.8652380952380951
BI2015a,DeepConvNet,High,20,750,5,19,0.8176666666666667
BI2015a,DeepConvNet,High,20,750,5,21,0.8771428571428572
BI2015a,DeepConvNet,High,20,750,5,23,0.7907894736842105
BI2015a,DeepConvNet,High,20,750,5,29,0.7617647058823529
BI2015a,DeepConvNet,High,20,750,5,39,0.7826530612244897
Huebner2018,EEGNetv4,Unknown,12,7000,1,1,0.9681771398915826
Huebner2018,EEGNetv4,Unknown,12,7000,1,10,0.920260989010989
Huebner2018,EEGNetv4,Unknown,12,7000,1,11,0.8846649529002946
Huebner2018,EEGNetv4,Unknown,12,7000,2,3,0.9742445054945056
Huebner2018,EEGNetv4,Unknown,12,7000,2,6,0.9720581501831502
Huebner2018,EEGNetv4,Unknown,12,7000,2,9,0.9337212820378632
Huebner2018,EEGNetv4,Unknown,12,7000,3,2,0.9803571428571428
Huebner2018,EEGNetv4,Unknown,12,7000,3,12,0.9145260989010988
Huebner2018,EEGNetv4,Unknown,12,7000,4,5,0.9028052108693944
Huebner2018,EEGNetv4,Unknown,12,7000,4,8,0.9062042124542125
Huebner2018,EEGNetv4,Unknown,12,7000,5,4,0.9453067765567764
Huebner2018,EEGNetv4,Unknown,12,7000,5,7,0.9177022260901428
MAMEM2,ShallowConvNet,Unknown,6,50,1,2,0.2486666666666666
MAMEM2,ShallowConvNet,Unknown,6,50,1,9,0.2219999999999999
MAMEM2,ShallowConvNet,Unknown,6,50,2,1,0.2153333333333333
MAMEM2,ShallowConvNet,Unknown,6,50,2,6,0.1846666666666666
MAMEM2,ShallowConvNet,Unknown,6,50,3,3,0.1846666666666667
MAMEM2,ShallowConvNet,Unknown,6,50,3,8,0.174
MAMEM2,ShallowConvNet,Unknown,6,50,4,5,0.1893333333333333
MAMEM2,ShallowConvNet,Unknown,6,50,4,10,0.2553333333333333
MAMEM2,ShallowConvNet,Unknown,6,50,5,4,0.2133333333333333
MAMEM2,ShallowConvNet,Unknown,6,50,5,7,0.228
MAMEM2,EEGNetv4,Unknown,3,100,1,2,0.2739999999999999
MAMEM2,EEGNetv4,Unknown,3,100,1,9,0.1686666666666667
MAMEM2,EEGNetv4,Unknown,3,100,2,1,0.1713333333333333
MAMEM2,EEGNetv4,Unknown,3,100,2,6,0.216
MAMEM2,EEGNetv4,Unknown,3,100,3,3,0.1619999999999999
MAMEM2,EEGNetv4,Unknown,3,100,3,8,0.152
MAMEM2,EEGNetv4,Unknown,3,100,4,5,0.1813333333333333
MAMEM2,EEGNetv4,Unknown,3,100,4,10,0.194
MAMEM2,EEGNetv4,Unknown,3,100,5,4,0.1679999999999999
MAMEM2,EEGNetv4,Unknown,3,100,5,7,0.202
Lee2019_MI,DeepConvNet,Unknown,30,200,1,4,0.775
Lee2019_MI,DeepConvNet,Unknown,30,200,1,6,0.92
Lee2019_MI,DeepConvNet,Unknown,30,200,1,13,0.76
Lee2019_MI,DeepConvNet,Unknown,30,200,1,14,0.745
Lee2019_MI,DeepConvNet,Unknown,30,200,1,18,0.935
Lee2019_MI,DeepConvNet,Unknown,30,200,1,20,0.885
Lee2019_MI,DeepConvNet,Unknown,30,200,1,33,0.97
Lee2019_MI,DeepConvNet,Unknown,30,200,1,45,0.945
Lee2019_MI,DeepConvNet,Unknown,30,200,1,49,0.88
Lee2019_MI,DeepConvNet,Unknown,30,200,1,50,0.71
Lee2019_MI,DeepConvNet,Unknown,30,200,1,53,0.825
Lee2019_MI,DeepConvNet,Unknown,30,200,2,5,0.895
Lee2019_MI,DeepConvNet,Unknown,30,200,2,7,0.78
Lee2019_MI,DeepConvNet,Unknown,30,200,2,9,0.8700000000000001
Lee2019_MI,DeepConvNet,Unknown,30,200,2,16,0.86
Lee2019_MI,DeepConvNet,Unknown,30,200,2,25,0.8999999999999999
Lee2019_MI,DeepConvNet,Unknown,30,200,2,27,0.91
Lee2019_MI,DeepConvNet,Unknown,30,200,2,34,0.72
Lee2019_MI,DeepConvNet,Unknown,30,200,2,35,0.94
Lee2019_MI,DeepConvNet,Unknown,30,200,2,38,0.78
Lee2019_MI,DeepConvNet,Unknown,30,200,2,46,0.685
Lee2019_MI,DeepConvNet,Unknown,30,200,2,51,0.785
Lee2019_MI,DeepConvNet,Unknown,30,200,3,1,0.77
Lee2019_MI,DeepConvNet,Unknown,30,200,3,10,0.735
Lee2019_MI,DeepConvNet,Unknown,30,200,3,12,0.76
Lee2019_MI,DeepConvNet,Unknown,30,200,3,17,0.65
Lee2019_MI,DeepConvNet,Unknown,30,200,3,26,0.8999999999999999
Lee2019_MI,DeepConvNet,Unknown,30,200,3,28,0.915
Lee2019_MI,DeepConvNet,Unknown,30,200,3,31,0.845
Lee2019_MI,DeepConvNet,Unknown,30,200,3,32,0.915
Lee2019_MI,DeepConvNet,Unknown,30,200,3,37,0.925
Lee2019_MI,DeepConvNet,Unknown,30,200,3,41,0.79
Lee2019_MI,DeepConvNet,Unknown,30,200,3,48,0.655
Lee2019_MI,DeepConvNet,Unknown,30,200,4,2,0.845
Lee2019_MI,DeepConvNet,Unknown,30,200,4,3,0.8999999999999999
Lee2019_MI,DeepConvNet,Unknown,30,200,4,11,0.64
Lee2019_MI,DeepConvNet,Unknown,30,200,4,22,0.72
Lee2019_MI,DeepConvNet,Unknown,30,200,4,24,0.815
Lee2019_MI,DeepConvNet,Unknown,30,200,4,30,0.89
Lee2019_MI,DeepConvNet,Unknown,30,200,4,36,0.985
Lee2019_MI,DeepConvNet,Unknown,30,200,4,40,0.86
Lee2019_MI,DeepConvNet,Unknown,30,200,4,42,0.71
Lee2019_MI,DeepConvNet,Unknown,30,200,4,44,0.92
Lee2019_MI,DeepConvNet,Unknown,30,200,4,47,0.8300000000000001
Lee2019_MI,DeepConvNet,Unknown,30,200,5,8,0.78
Lee2019_MI,DeepConvNet,Unknown,30,200,5,15,0.895
Lee2019_MI,DeepConvNet,Unknown,30,200,5,19,0.8500000000000001
Lee2019_MI,DeepConvNet,Unknown,30,200,5,21,0.995
Lee2019_MI,DeepConvNet,Unknown,30,200,5,23,0.845
Lee2019_MI,DeepConvNet,Unknown,30,200,5,29,0.845
Lee2019_MI,DeepConvNet,Unknown,30,200,5,39,0.855
Lee2019_MI,DeepConvNet,Unknown,30,200,5,43,0.88
Lee2019_MI,DeepConvNet,Unknown,30,200,5,52,0.905
Lee2019_MI,DeepConvNet,Unknown,30,200,5,54,0.7949999999999999
BI2015a,ShallowConvNet,High,20,750,1,5,0.8121212121212121
BI2015a,ShallowConvNet,High,20,750,1,9,0.7621621621621621
BI2015a,ShallowConvNet,High,20,750,1,13,0.8605263157894737
BI2015a,ShallowConvNet,High,20,750,1,25,0.6663793103448276
BI2015a,ShallowConvNet,High,20,750,1,26,0.8376344086021505
BI2015a,ShallowConvNet,High,20,750,1,35,0.6101449275362318
BI2015a,ShallowConvNet,High,20,750,1,37,0.6514285714285715
BI2015a,ShallowConvNet,High,20,750,1,38,0.7797297297297296
BI2015a,ShallowConvNet,High,20,750,1,40,0.7734567901234568
BI2015a,ShallowConvNet,High,20,750,2,4,0.8220833333333333
BI2015a,ShallowConvNet,High,20,750,2,7,0.7651960784313725
BI2015a,ShallowConvNet,High,20,750,2,14,0.6764957264957265
BI2015a,ShallowConvNet,High,20,750,2,16,0.7842857142857143
BI2015a,ShallowConvNet,High,20,750,2,18,0.6911111111111111
BI2015a,ShallowConvNet,High,20,750,2,20,0.7762962962962963
BI2015a,ShallowConvNet,High,20,750,2,28,0.6886666666666666
BI2015a,ShallowConvNet,High,20,750,2,32,0.7967741935483871
BI2015a,ShallowConvNet,High,20,750,2,41,0.7366666666666666
BI2015a,ShallowConvNet,High,20,750,3,1,0.6515565238441056
BI2015a,ShallowConvNet,High,20,750,3,6,0.7291666666666667
BI2015a,ShallowConvNet,High,20,750,3,10,0.8059139784946237
BI2015a,ShallowConvNet,High,20,750,3,12,0.6693548387096775
BI2015a,ShallowConvNet,High,20,750,3,17,0.7362962962962962
BI2015a,ShallowConvNet,High,20,750,3,27,0.6329113924050633
BI2015a,ShallowConvNet,High,20,750,3,30,0.8419753086419752
BI2015a,ShallowConvNet,High,20,750,3,31,0.6322222222222222
BI2015a,ShallowConvNet,High,20,750,3,42,0.6435672514619883
BI2015a,ShallowConvNet,High,20,750,4,2,0.805952380952381
BI2015a,ShallowConvNet,High,20,750,4,3,0.8568965517241379
BI2015a,ShallowConvNet,High,20,750,4,22,0.7541666666666667
BI2015a,ShallowConvNet,High,20,750,4,24,0.813425925925926
BI2015a,ShallowConvNet,High,20,750,4,33,0.7753968253968254
BI2015a,ShallowConvNet,High,20,750,4,34,0.7252380952380952
BI2015a,ShallowConvNet,High,20,750,4,36,0.7704166666666667
BI2015a,ShallowConvNet,High,20,750,4,43,0.8752873563218391
BI2015a,ShallowConvNet,High,20,750,5,8,0.7634920634920634
BI2015a,ShallowConvNet,High,20,750,5,11,0.6820833333333334
BI2015a,ShallowConvNet,High,20,750,5,15,0.7776190476190477
BI2015a,ShallowConvNet,High,20,750,5,19,0.709
BI2015a,ShallowConvNet,High,20,750,5,21,0.8266666666666667
BI2015a,ShallowConvNet,High,20,750,5,23,0.6868421052631579
BI2015a,ShallowConvNet,High,20,750,5,29,0.6696078431372549
BI2015a,ShallowConvNet,High,20,750,5,39,0.7295918367346939
Yang2025,ShallowConvNet,Low,10,450,1,4,0.5416666666666667
Yang2025,ShallowConvNet,Low,10,450,1,13,0.77
Yang2025,ShallowConvNet,Low,10,450,1,14,0.5449999999999999
Yang2025,ShallowConvNet,Low,10,450,1,18,0.6966666666666667
Yang2025,ShallowConvNet,Low,10,450,1,25,0.9233333333333332
Yang2025,ShallowConvNet,Low,10,450,1,31,0.7733333333333333
Yang2025,ShallowConvNet,Low,10,450,1,32,0.6193701226309922
Yang2025,ShallowConvNet,Low,10,450,1,33,0.925
Yang2025,ShallowConvNet,Low,10,450,1,41,0.8533333333333334
Yang2025,ShallowConvNet,Low,10,450,1,44,0.7233333333333334
Yang2025,ShallowConvNet,Low,10,450,1,47,0.875
Yang2025,ShallowConvNet,Low,10,450,2,5,0.8916666666666666
Yang2025,ShallowConvNet,Low,10,450,2,7,0.7966666666666666
Yang2025,ShallowConvNet,Low,10,450,2,9,0.7216666666666667
Yang2025,ShallowConvNet,Low,10,450,2,16,0.64
Yang2025,ShallowConvNet,Low,10,450,2,20,0.8700000000000001
Yang2025,ShallowConvNet,Low,10,450,2,34,0.78
Yang2025,ShallowConvNet,Low,10,450,2,37,0.8966666666666667
Yang2025,ShallowConvNet,Low,10,450,2,48,0.8616666666666667
Yang2025,ShallowConvNet,Low,10,450,2,49,0.9416666666666668
Yang2025,ShallowConvNet,Low,10,450,2,50,0.935
Yang2025,ShallowConvNet,Low,10,450,3,1,0.915
Yang2025,ShallowConvNet,Low,10,450,3,10,0.8366666666666667
Yang2025,ShallowConvNet,Low,10,450,3,12,0.5833333333333334
Yang2025,ShallowConvNet,Low,10,450,3,17,0.7849999999999999
Yang2025,ShallowConvNet,Low,10,450,3,26,0.9014715719063544
Yang2025,ShallowConvNet,Low,10,450,3,27,0.6950000000000001
Yang2025,ShallowConvNet,Low,10,450,3,28,0.8600000000000001
Yang2025,ShallowConvNet,Low,10,450,3,35,0.9533333333333334
Yang2025,ShallowConvNet,Low,10,450,3,45,0.8416666666666667
Yang2025,ShallowConvNet,Low,10,450,3,46,0.9866666666666668
Yang2025,ShallowConvNet,Low,10,450,4,2,0.6916666666666667
Yang2025,ShallowConvNet,Low,10,450,4,3,0.96
Yang2025,ShallowConvNet,Low,10,450,4,6,0.9583333333333331
Yang2025,ShallowConvNet,Low,10,450,4,22,0.8183333333333334
Yang2025,ShallowConvNet,Low,10,450,4,24,0.949471703246871
Yang2025,ShallowConvNet,Low,10,450,4,30,0.9433333333333334
Yang2025,ShallowConvNet,Low,10,450,4,36,0.925
Yang2025,ShallowConvNet,Low,10,450,4,38,0.635
Yang2025,ShallowConvNet,Low,10,450,4,40,0.835
Yang2025,ShallowConvNet,Low,10,450,4,42,0.815
Yang2025,ShallowConvNet,Low,10,450,5,8,0.9233333333333332
Yang2025,ShallowConvNet,Low,10,450,5,11,0.895
Yang2025,ShallowConvNet,Low,10,450,5,15,0.7783333333333333
Yang2025,ShallowConvNet,Low,10,450,5,19,0.8516666666666667
Yang2025,ShallowConvNet,Low,10,450,5,21,0.875
Yang2025,ShallowConvNet,Low,10,450,5,23,0.9448829431438128
Yang2025,ShallowConvNet,Low,10,450,5,29,0.8333333333333333
Yang2025,ShallowConvNet,Low,10,450,5,39,0.71
Yang2025,ShallowConvNet,Low,10,450,5,43,0.99
Yang2025,ShallowConvNet,Low,10,450,5,51,0.8783333333333333
BI2015a,DeepConvNet,Low,25,200,1,5,0.8888888888888888
BI2015a,DeepConvNet,Low,25,200,1,9,0.8360360360360359
BI2015a,DeepConvNet,Low,25,200,1,13,0.8894736842105264
BI2015a,DeepConvNet,Low,25,200,1,25,0.7729885057471264
BI2015a,DeepConvNet,Low,25,200,1,26,0.9295698924731184
BI2015a,DeepConvNet,Low,25,200,1,35,0.6727053140096618
BI2015a,DeepConvNet,Low,25,200,1,37,0.7645238095238096
BI2015a,DeepConvNet,Low,25,200,1,38,0.8527027027027028
BI2015a,DeepConvNet,Low,25,200,1,40,0.8419753086419752
BI2015a,DeepConvNet,Low,25,200,2,4,0.8908333333333334
BI2015a,DeepConvNet,Low,25,200,2,7,0.8705882352941177
BI2015a,DeepConvNet,Low,25,200,2,14,0.7418803418803419
BI2015a,DeepConvNet,Low,25,200,2,16,0.8861904761904762
BI2015a,DeepConvNet,Low,25,200,2,18,0.8225925925925925
BI2015a,DeepConvNet,Low,25,200,2,20,0.8851851851851852
BI2015a,DeepConvNet,Low,25,200,2,28,0.8143333333333334
BI2015a,DeepConvNet,Low,25,200,2,32,0.8602150537634409
BI2015a,DeepConvNet,Low,25,200,2,41,0.8162962962962963
BI2015a,DeepConvNet,Low,25,200,3,1,0.7690103650887965
BI2015a,DeepConvNet,Low,25,200,3,6,0.831060606060606
BI2015a,DeepConvNet,Low,25,200,3,10,0.8758064516129032
BI2015a,DeepConvNet,Low,25,200,3,12,0.7483870967741936
BI2015a,DeepConvNet,Low,25,200,3,17,0.8185185185185185
BI2015a,DeepConvNet,Low,25,200,3,27,0.7352320675105486
BI2015a,DeepConvNet,Low,25,200,3,30,0.9234567901234568
BI2015a,DeepConvNet,Low,25,200,3,31,0.6857777777777778
BI2015a,DeepConvNet,Low,25,200,3,42,0.7333333333333334
BI2015a,DeepConvNet,Low,25,200,4,2,0.8682539682539683
BI2015a,DeepConvNet,Low,25,200,4,3,0.9005747126436782
BI2015a,DeepConvNet,Low,25,200,4,22,0.8503787878787878
BI2015a,DeepConvNet,Low,25,200,4,24,0.8777777777777778
BI2015a,DeepConvNet,Low,25,200,4,33,0.8468253968253968
BI2015a,DeepConvNet,Low,25,200,4,34,0.8476190476190476
BI2015a,DeepConvNet,Low,25,200,4,36,0.8933333333333333
BI2015a,DeepConvNet,Low,25,200,4,43,0.9086206896551724
BI2015a,DeepConvNet,Low,25,200,5,8,0.8694444444444445
BI2015a,DeepConvNet,Low,25,200,5,11,0.8158333333333334
BI2015a,DeepConvNet,Low,25,200,5,15,0.8590476190476191
BI2015a,DeepConvNet,Low,25,200,5,19,0.8243333333333334
BI2015a,DeepConvNet,Low,25,200,5,21,0.87
BI2015a,DeepConvNet,Low,25,200,5,23,0.7780701754385965
BI2015a,DeepConvNet,Low,25,200,5,29,0.7918300653594772
BI2015a,DeepConvNet,Low,25,200,5,39,0.7931972789115647
Huebner2017,DeepConvNet,Unknown,10,3750,1,1,0.9575056714342792
Huebner2017,DeepConvNet,Unknown,10,3750,1,10,0.9759287181799284
Huebner2017,DeepConvNet,Unknown,10,3750,1,12,0.948438135938136
Huebner2017,DeepConvNet,Unknown,10,3750,2,3,0.9393932938419504
Huebner2017,DeepConvNet,Unknown,10,3750,2,6,0.9765895334702572
Huebner2017,DeepConvNet,Unknown,10,3750,2,9,0.9671219983719984
Huebner2017,DeepConvNet,Unknown,10,3750,3,2,0.9355413105413106
Huebner2017,DeepConvNet,Unknown,10,3750,3,5,0.9014677452177452
Huebner2017,DeepConvNet,Unknown,10,3750,3,13,0.9627716741694812
Huebner2017,DeepConvNet,Unknown,10,3750,4,8,0.8713075099320774
Huebner2017,DeepConvNet,Unknown,10,3750,4,11,0.8234086199440224
Huebner2017,DeepConvNet,Unknown,10,3750,5,4,0.9757574790777518
Huebner2017,DeepConvNet,Unknown,10,3750,5,7,0.9860220797720798
Lee2019_SSVEP,ATCNet,High,20,200,1,4,1.0
Lee2019_SSVEP,ATCNet,High,20,200,1,6,1.0
Lee2019_SSVEP,ATCNet,High,20,200,1,13,0.995
Lee2019_SSVEP,ATCNet,High,20,200,1,14,0.935
Lee2019_SSVEP,ATCNet,High,20,200,1,18,0.975
Lee2019_SSVEP,ATCNet,High,20,200,1,20,0.98
Lee2019_SSVEP,ATCNet,High,20,200,1,33,1.0
Lee2019_SSVEP,ATCNet,High,20,200,1,45,0.95
Lee2019_SSVEP,ATCNet,High,20,200,1,49,1.0
Lee2019_SSVEP,ATCNet,High,20,200,1,50,0.995
Lee2019_SSVEP,ATCNet,High,20,200,1,53,1.0
Lee2019_SSVEP,ATCNet,High,20,200,2,5,0.835
Lee2019_SSVEP,ATCNet,High,20,200,2,7,0.995
Lee2019_SSVEP,ATCNet,High,20,200,2,9,0.955
Lee2019_SSVEP,ATCNet,High,20,200,2,16,0.995
Lee2019_SSVEP,ATCNet,High,20,200,2,25,0.965
Lee2019_SSVEP,ATCNet,High,20,200,2,27,0.99
Lee2019_SSVEP,ATCNet,High,20,200,2,34,0.815
Lee2019_SSVEP,ATCNet,High,20,200,2,35,0.985
Lee2019_SSVEP,ATCNet,High,20,200,2,38,0.98
Lee2019_SSVEP,ATCNet,High,20,200,2,46,1.0
Lee2019_SSVEP,ATCNet,High,20,200,2,51,0.84
Lee2019_SSVEP,ATCNet,High,20,200,3,1,0.96
Lee2019_SSVEP,ATCNet,High,20,200,3,10,1.0
Lee2019_SSVEP,ATCNet,High,20,200,3,12,0.965
Lee2019_SSVEP,ATCNet,High,20,200,3,17,0.94
Lee2019_SSVEP,ATCNet,High,20,200,3,26,0.995
Lee2019_SSVEP,ATCNet,High,20,200,3,28,0.965
Lee2019_SSVEP,ATCNet,High,20,200,3,31,1.0
Lee2019_SSVEP,ATCNet,High,20,200,3,32,0.97
Lee2019_SSVEP,ATCNet,High,20,200,3,37,0.99
Lee2019_SSVEP,ATCNet,High,20,200,3,41,0.985
Lee2019_SSVEP,ATCNet,High,20,200,3,48,1.0
Lee2019_SSVEP,ATCNet,High,20,200,4,2,0.99
Lee2019_SSVEP,ATCNet,High,20,200,4,3,0.91
Lee2019_SSVEP,ATCNet,High,20,200,4,11,1.0
Lee2019_SSVEP,ATCNet,High,20,200,4,22,0.8899999999999999
Lee2019_SSVEP,ATCNet,High,20,200,4,24,0.96
Lee2019_SSVEP,ATCNet,High,20,200,4,30,0.995
Lee2019_SSVEP,ATCNet,High,20,200,4,36,1.0
Lee2019_SSVEP,ATCNet,High,20,200,4,40,0.945
Lee2019_SSVEP,ATCNet,High,20,200,4,42,0.8
Lee2019_SSVEP,ATCNet,High,20,200,4,44,0.98
Lee2019_SSVEP,ATCNet,High,20,200,4,47,0.5700000000000001
Lee2019_SSVEP,ATCNet,High,20,200,5,8,0.97
Lee2019_SSVEP,ATCNet,High,20,200,5,15,1.0
Lee2019_SSVEP,ATCNet,High,20,200,5,19,0.98
Lee2019_SSVEP,ATCNet,High,20,200,5,21,0.96
Lee2019_SSVEP,ATCNet,High,20,200,5,23,0.535
Lee2019_SSVEP,ATCNet,High,20,200,5,29,0.945
Lee2019_SSVEP,ATCNet,High,20,200,5,39,1.0
Lee2019_SSVEP,ATCNet,High,20,200,5,43,1.0
Lee2019_SSVEP,ATCNet,High,20,200,5,52,0.995
Lee2019_SSVEP,ATCNet,High,20,200,5,54,0.905
Kalunga2016,ATCNet,Unknown,8,32,1,1,0.453125
Kalunga2016,ATCNet,Unknown,8,32,1,10,0.609375
Kalunga2016,ATCNet,Unknown,8,32,1,11,0.5
Kalunga2016,ATCNet,Unknown,8,32,2,3,0.765625
Kalunga2016,ATCNet,Unknown,8,32,2,6,0.40625
Kalunga2016,ATCNet,Unknown,8,32,2,9,0.375
Kalunga2016,ATCNet,Unknown,8,32,3,2,0.546875
Kalunga2016,ATCNet,Unknown,8,32,3,12,0.75625
Kalunga2016,ATCNet,Unknown,8,32,4,5,0.40625
Kalunga2016,ATCNet,Unknown,8,32,4,8,0.6875
Kalunga2016,ATCNet,Unknown,8,32,5,4,0.609375
Kalunga2016,ATCNet,Unknown,8,32,5,7,0.7708333333333334
Huebner2017,ShallowConvNet,Unknown,6,6250,1,1,0.9570977804808968
Huebner2017,ShallowConvNet,Unknown,6,6250,1,10,0.9729097091546236
Huebner2017,ShallowConvNet,Unknown,6,6250,1,12,0.9392806267806268
Huebner2017,ShallowConvNet,Unknown,6,6250,2,3,0.9225653352459784
Huebner2017,ShallowConvNet,Unknown,6,6250,2,6,0.9764964209471269
Huebner2017,ShallowConvNet,Unknown,6,6250,2,9,0.9666641229141228
Huebner2017,ShallowConvNet,Unknown,6,6250,3,2,0.9345874033374032
Huebner2017,ShallowConvNet,Unknown,6,6250,3,5,0.8984915547415547
Huebner2017,ShallowConvNet,Unknown,6,6250,3,13,0.9579129152593842
Huebner2017,ShallowConvNet,Unknown,6,6250,4,8,0.8497862139857866
Huebner2017,ShallowConvNet,Unknown,6,6250,4,11,0.7868312204976583
Huebner2017,ShallowConvNet,Unknown,6,6250,5,4,0.9766727432995496
Huebner2017,ShallowConvNet,Unknown,6,6250,5,7,0.9878154253154252
MAMEM2,ATCNet,Unknown,6,100,1,2,0.3086666666666666
MAMEM2,ATCNet,Unknown,6,100,1,9,0.2266666666666666
MAMEM2,ATCNet,Unknown,6,100,2,1,0.2193333333333333
MAMEM2,ATCNet,Unknown,6,100,2,6,0.176
MAMEM2,ATCNet,Unknown,6,100,3,3,0.2106666666666666
MAMEM2,ATCNet,Unknown,6,100,3,8,0.1893333333333333
MAMEM2,ATCNet,Unknown,6,100,4,5,0.1666666666666666
MAMEM2,ATCNet,Unknown,6,100,4,10,0.186
MAMEM2,ATCNet,Unknown,6,100,5,4,0.2206666666666666
MAMEM2,ATCNet,Unknown,6,100,5,7,0.1826666666666666
BI2015a,ATCNet,High,30,500,1,5,0.8929292929292929
BI2015a,ATCNet,High,30,500,1,9,0.8058558558558558
BI2015a,ATCNet,High,30,500,1,13,0.893859649122807
BI2015a,ATCNet,High,30,500,1,25,0.771551724137931
BI2015a,ATCNet,High,30,500,1,26,0.9209677419354838
BI2015a,ATCNet,High,30,500,1,35,0.698792270531401
BI2015a,ATCNet,High,30,500,1,37,0.7466666666666667
BI2015a,ATCNet,High,30,500,1,38,0.8513513513513513
BI2015a,ATCNet,High,30,500,1,40,0.8407407407407408
BI2015a,ATCNet,High,30,500,2,4,0.8916666666666666
BI2015a,ATCNet,High,30,500,2,7,0.871078431372549
BI2015a,ATCNet,High,30,500,2,14,0.7773504273504274
BI2015a,ATCNet,High,30,500,2,16,0.9014285714285716
BI2015a,ATCNet,High,30,500,2,18,0.8211111111111111
BI2015a,ATCNet,High,30,500,2,20,0.874074074074074
BI2015a,ATCNet,High,30,500,2,28,0.798
BI2015a,ATCNet,High,30,500,2,32,0.8586021505376344
BI2015a,ATCNet,High,30,500,2,41,0.794074074074074
BI2015a,ATCNet,High,30,500,3,1,0.7382275918223631
BI2015a,ATCNet,High,30,500,3,6,0.8257575757575758
BI2015a,ATCNet,High,30,500,3,10,0.8935483870967742
BI2015a,ATCNet,High,30,500,3,12,0.7341397849462366
BI2015a,ATCNet,High,30,500,3,17,0.8
BI2015a,ATCNet,High,30,500,3,27,0.7240506329113925
BI2015a,ATCNet,High,30,500,3,30,0.778395061728395
BI2015a,ATCNet,High,30,500,3,31,0.7075555555555556
BI2015a,ATCNet,High,30,500,3,42,0.7444444444444445
BI2015a,ATCNet,High,30,500,4,2,0.8980158730158729
BI2015a,ATCNet,High,30,500,4,3,0.896551724137931
BI2015a,ATCNet,High,30,500,4,22,0.8541666666666667
BI2015a,ATCNet,High,30,500,4,24,0.8842592592592593
BI2015a,ATCNet,High,30,500,4,33,0.8531746031746033
BI2015a,ATCNet,High,30,500,4,34,0.8328571428571429
BI2015a,ATCNet,High,30,500,4,36,0.8791666666666667
BI2015a,ATCNet,High,30,500,4,43,0.9109195402298852
BI2015a,ATCNet,High,30,500,5,8,0.8761904761904762
BI2015a,ATCNet,High,30,500,5,11,0.7908333333333333
BI2015a,ATCNet,High,30,500,5,15,0.8671428571428572
BI2015a,ATCNet,High,30,500,5,19,0.8056666666666668
BI2015a,ATCNet,High,30,500,5,21,0.8976190476190476
BI2015a,ATCNet,High,30,500,5,23,0.8083333333333333
BI2015a,ATCNet,High,30,500,5,29,0.7692810457516339
BI2015a,ATCNet,High,30,500,5,39,0.7816326530612245
Lee2019_MI,ATCNet,Unknown,50,60,1,4,0.8300000000000001
Lee2019_MI,ATCNet,Unknown,50,60,1,6,0.87
Lee2019_MI,ATCNet,Unknown,50,60,1,13,0.6599999999999999
Lee2019_MI,ATCNet,Unknown,50,60,1,14,0.715
Lee2019_MI,ATCNet,Unknown,50,60,1,18,0.895
Lee2019_MI,ATCNet,Unknown,50,60,1,20,0.8300000000000001
Lee2019_MI,ATCNet,Unknown,50,60,1,33,0.98
Lee2019_MI,ATCNet,Unknown,50,60,1,45,0.86
Lee2019_MI,ATCNet,Unknown,50,60,1,49,0.8500000000000001
Lee2019_MI,ATCNet,Unknown,50,60,1,50,0.625
Lee2019_MI,ATCNet,Unknown,50,60,1,53,0.76
Lee2019_MI,ATCNet,Unknown,50,60,2,5,0.945
Lee2019_MI,ATCNet,Unknown,50,60,2,7,0.78
Lee2019_MI,ATCNet,Unknown,50,60,2,9,0.8049999999999999
Lee2019_MI,ATCNet,Unknown,50,60,2,16,0.82
Lee2019_MI,ATCNet,Unknown,50,60,2,25,0.865
Lee2019_MI,ATCNet,Unknown,50,60,2,27,0.815
Lee2019_MI,ATCNet,Unknown,50,60,2,34,0.5700000000000001
Lee2019_MI,ATCNet,Unknown,50,60,2,35,0.975
Lee2019_MI,ATCNet,Unknown,50,60,2,38,0.685
Lee2019_MI,ATCNet,Unknown,50,60,2,46,0.72
Lee2019_MI,ATCNet,Unknown,50,60,2,51,0.635
Lee2019_MI,ATCNet,Unknown,50,60,3,1,0.8200000000000001
Lee2019_MI,ATCNet,Unknown,50,60,3,10,0.76
Lee2019_MI,ATCNet,Unknown,50,60,3,12,0.7849999999999999
Lee2019_MI,ATCNet,Unknown,50,60,3,17,0.735
Lee2019_MI,ATCNet,Unknown,50,60,3,26,0.8049999999999999
Lee2019_MI,ATCNet,Unknown,50,60,3,28,0.97
Lee2019_MI,ATCNet,Unknown,50,60,3,31,0.735
Lee2019_MI,ATCNet,Unknown,50,60,3,32,0.965
Lee2019_MI,ATCNet,Unknown,50,60,3,37,0.97
Lee2019_MI,ATCNet,Unknown,50,60,3,41,0.6000000000000001
Lee2019_MI,ATCNet,Unknown,50,60,3,48,0.6950000000000001
Lee2019_MI,ATCNet,Unknown,50,60,4,2,0.78
Lee2019_MI,ATCNet,Unknown,50,60,4,3,0.925
Lee2019_MI,ATCNet,Unknown,50,60,4,11,0.64
Lee2019_MI,ATCNet,Unknown,50,60,4,22,0.79
Lee2019_MI,ATCNet,Unknown,50,60,4,24,0.64
Lee2019_MI,ATCNet,Unknown,50,60,4,30,0.7549999999999999
Lee2019_MI,ATCNet,Unknown,50,60,4,36,0.98
Lee2019_MI,ATCNet,Unknown,50,60,4,40,0.78
Lee2019_MI,ATCNet,Unknown,50,60,4,42,0.69
Lee2019_MI,ATCNet,Unknown,50,60,4,44,0.875
Lee2019_MI,ATCNet,Unknown,50,60,4,47,0.78
Lee2019_MI,ATCNet,Unknown,50,60,5,8,0.78
Lee2019_MI,ATCNet,Unknown,50,60,5,15,0.8200000000000001
Lee2019_MI,ATCNet,Unknown,50,60,5,19,0.805
Lee2019_MI,ATCNet,Unknown,50,60,5,21,0.97
Lee2019_MI,ATCNet,Unknown,50,60,5,23,0.845
Lee2019_MI,ATCNet,Unknown,50,60,5,29,0.8300000000000001
Lee2019_MI,ATCNet,Unknown,50,60,5,39,0.8
Lee2019_MI,ATCNet,Unknown,50,60,5,43,0.845
Lee2019_MI,ATCNet,Unknown,50,60,5,52,0.8
Lee2019_MI,ATCNet,Unknown,50,60,5,54,0.6799999999999999
Kalunga2016,EEGNetv4,Unknown,8,32,1,1,0.265625
Kalunga2016,EEGNetv4,Unknown,8,32,1,10,0.4921875
Kalunga2016,EEGNetv4,Unknown,8,32,1,11,0.265625
Kalunga2016,EEGNetv4,Unknown,8,32,2,3,0.59375
Kalunga2016,EEGNetv4,Unknown,8,32,2,6,0.328125
Kalunga2016,EEGNetv4,Unknown,8,32,2,9,0.296875
Kalunga2016,EEGNetv4,Unknown,8,32,3,2,0.265625
Kalunga2016,EEGNetv4,Unknown,8,32,3,12,0.5125
Kalunga2016,EEGNetv4,Unknown,8,32,4,5,0.421875
Kalunga2016,EEGNetv4,Unknown,8,32,4,8,0.546875
Kalunga2016,EEGNetv4,Unknown,8,32,5,4,0.46875
Kalunga2016,EEGNetv4,Unknown,8,32,5,7,0.53125
Lee2019_SSVEP,ATCNet,Low,40,50,1,4,1.0
Lee2019_SSVEP,ATCNet,Low,40,50,1,6,1.0
Lee2019_SSVEP,ATCNet,Low,40,50,1,13,0.995
Lee2019_SSVEP,ATCNet,Low,40,50,1,14,0.94
Lee2019_SSVEP,ATCNet,Low,40,50,1,18,0.97
Lee2019_SSVEP,ATCNet,Low,40,50,1,20,0.98
Lee2019_SSVEP,ATCNet,Low,40,50,1,33,1.0
Lee2019_SSVEP,ATCNet,Low,40,50,1,45,0.95
Lee2019_SSVEP,ATCNet,Low,40,50,1,49,1.0
Lee2019_SSVEP,ATCNet,Low,40,50,1,50,0.995
Lee2019_SSVEP,ATCNet,Low,40,50,1,53,1.0
Lee2019_SSVEP,ATCNet,Low,40,50,2,5,0.845
Lee2019_SSVEP,ATCNet,Low,40,50,2,7,1.0
Lee2019_SSVEP,ATCNet,Low,40,50,2,9,0.98
Lee2019_SSVEP,ATCNet,Low,40,50,2,16,0.995
Lee2019_SSVEP,ATCNet,Low,40,50,2,25,0.985
Lee2019_SSVEP,ATCNet,Low,40,50,2,27,1.0
Lee2019_SSVEP,ATCNet,Low,40,50,2,34,0.845
Lee2019_SSVEP,ATCNet,Low,40,50,2,35,0.99
Lee2019_SSVEP,ATCNet,Low,40,50,2,38,1.0
Lee2019_SSVEP,ATCNet,Low,40,50,2,46,1.0
Lee2019_SSVEP,ATCNet,Low,40,50,2,51,0.83
Lee2019_SSVEP,ATCNet,Low,40,50,3,1,0.97
Lee2019_SSVEP,ATCNet,Low,40,50,3,10,1.0
Lee2019_SSVEP,ATCNet,Low,40,50,3,12,0.97
Lee2019_SSVEP,ATCNet,Low,40,50,3,17,0.96
Lee2019_SSVEP,ATCNet,Low,40,50,3,26,1.0
Lee2019_SSVEP,ATCNet,Low,40,50,3,28,0.98
Lee2019_SSVEP,ATCNet,Low,40,50,3,31,1.0
Lee2019_SSVEP,ATCNet,Low,40,50,3,32,0.98
Lee2019_SSVEP,ATCNet,Low,40,50,3,37,0.99
Lee2019_SSVEP,ATCNet,Low,40,50,3,41,0.995
Lee2019_SSVEP,ATCNet,Low,40,50,3,48,1.0
Lee2019_SSVEP,ATCNet,Low,40,50,4,2,0.995
Lee2019_SSVEP,ATCNet,Low,40,50,4,3,0.93
Lee2019_SSVEP,ATCNet,Low,40,50,4,11,1.0
Lee2019_SSVEP,ATCNet,Low,40,50,4,22,0.93
Lee2019_SSVEP,ATCNet,Low,40,50,4,24,0.965
Lee2019_SSVEP,ATCNet,Low,40,50,4,30,1.0
Lee2019_SSVEP,ATCNet,Low,40,50,4,36,1.0
Lee2019_SSVEP,ATCNet,Low,40,50,4,40,0.93
Lee2019_SSVEP,ATCNet,Low,40,50,4,42,0.8350000000000001
Lee2019_SSVEP,ATCNet,Low,40,50,4,44,0.975
Lee2019_SSVEP,ATCNet,Low,40,50,4,47,0.64
Lee2019_SSVEP,ATCNet,Low,40,50,5,8,0.965
Lee2019_SSVEP,ATCNet,Low,40,50,5,15,0.99
Lee2019_SSVEP,ATCNet,Low,40,50,5,19,0.98
Lee2019_SSVEP,ATCNet,Low,40,50,5,21,0.975
Lee2019_SSVEP,ATCNet,Low,40,50,5,23,0.555
Lee2019_SSVEP,ATCNet,Low,40,50,5,29,0.975
Lee2019_SSVEP,ATCNet,Low,40,50,5,39,1.0
Lee2019_SSVEP,ATCNet,Low,40,50,5,43,1.0
Lee2019_SSVEP,ATCNet,Low,40,50,5,52,1.0
Lee2019_SSVEP,ATCNet,Low,40,50,5,54,0.8999999999999999
BI2015a,EEGNetv4,High,15,1000,1,5,0.8555555555555555
BI2015a,EEGNetv4,High,15,1000,1,9,0.8022522522522522
BI2015a,EEGNetv4,High,15,1000,1,13,0.8671052631578948
BI2015a,EEGNetv4,High,15,1000,1,25,0.7612068965517241
BI2015a,EEGNetv4,High,15,1000,1,26,0.9021505376344086
BI2015a,EEGNetv4,High,15,1000,1,35,0.667632850241546
BI2015a,EEGNetv4,High,15,1000,1,37,0.7166666666666667
BI2015a,EEGNetv4,High,15,1000,1,38,0.8279279279279279
BI2015a,EEGNetv4,High,15,1000,1,40,0.8212962962962963
BI2015a,EEGNetv4,High,15,1000,2,4,0.865
BI2015a,EEGNetv4,High,15,1000,2,7,0.8392156862745098
BI2015a,EEGNetv4,High,15,1000,2,14,0.776068376068376
BI2015a,EEGNetv4,High,15,1000,2,16,0.8552380952380952
BI2015a,EEGNetv4,High,15,1000,2,18,0.7774074074074073
BI2015a,EEGNetv4,High,15,1000,2,20,0.8437037037037036
BI2015a,EEGNetv4,High,15,1000,2,28,0.7683333333333333
BI2015a,EEGNetv4,High,15,1000,2,32,0.8327956989247312
BI2015a,EEGNetv4,High,15,1000,2,41,0.7659259259259259
BI2015a,EEGNetv4,High,15,1000,3,1,0.693383508285469
BI2015a,EEGNetv4,High,15,1000,3,6,0.8090909090909091
BI2015a,EEGNetv4,High,15,1000,3,10,0.8500000000000001
BI2015a,EEGNetv4,High,15,1000,3,12,0.7268817204301075
BI2015a,EEGNetv4,High,15,1000,3,17,0.8214814814814815
BI2015a,EEGNetv4,High,15,1000,3,27,0.7246835443037974
BI2015a,EEGNetv4,High,15,1000,3,30,0.7734567901234568
BI2015a,EEGNetv4,High,15,1000,3,31,0.7057777777777778
BI2015a,EEGNetv4,High,15,1000,3,42,0.7274853801169591
BI2015a,EEGNetv4,High,15,1000,4,2,0.861904761904762
BI2015a,EEGNetv4,High,15,1000,4,3,0.8936781609195402
BI2015a,EEGNetv4,High,15,1000,4,22,0.8337121212121212
BI2015a,EEGNetv4,High,15,1000,4,24,0.8837962962962963
BI2015a,EEGNetv4,High,15,1000,4,33,0.8531746031746033
BI2015a,EEGNetv4,High,15,1000,4,34,0.8333333333333334
BI2015a,EEGNetv4,High,15,1000,4,36,0.8691666666666666
BI2015a,EEGNetv4,High,15,1000,4,43,0.9109195402298852
BI2015a,EEGNetv4,High,15,1000,5,8,0.8388888888888889
BI2015a,EEGNetv4,High,15,1000,5,11,0.7908333333333333
BI2015a,EEGNetv4,High,15,1000,5,15,0.8271428571428572
BI2015a,EEGNetv4,High,15,1000,5,19,0.7573333333333334
BI2015a,EEGNetv4,High,15,1000,5,21,0.8704761904761904
BI2015a,EEGNetv4,High,15,1000,5,23,0.7539473684210527
BI2015a,EEGNetv4,High,15,1000,5,29,0.7578431372549019
BI2015a,EEGNetv4,High,15,1000,5,39,0.7829931972789116
Yang2025,ATCNet,High,20,450,1,4,0.5316666666666667
Yang2025,ATCNet,High,20,450,1,13,0.7166666666666667
Yang2025,ATCNet,High,20,450,1,14,0.5433333333333333
Yang2025,ATCNet,High,20,450,1,18,0.6533333333333333
Yang2025,ATCNet,High,20,450,1,25,0.8533333333333333
Yang2025,ATCNet,High,20,450,1,31,0.8066666666666666
Yang2025,ATCNet,High,20,450,1,32,0.7846488294314382
Yang2025,ATCNet,High,20,450,1,33,0.945
Yang2025,ATCNet,High,20,450,1,41,0.9133333333333332
Yang2025,ATCNet,High,20,450,1,44,0.6483333333333334
Yang2025,ATCNet,High,20,450,1,47,0.81
Yang2025,ATCNet,High,20,450,2,5,0.85
Yang2025,ATCNet,High,20,450,2,7,0.69
Yang2025,ATCNet,High,20,450,2,9,0.6933333333333334
Yang2025,ATCNet,High,20,450,2,16,0.6950000000000001
Yang2025,ATCNet,High,20,450,2,20,0.7233333333333334
Yang2025,ATCNet,High,20,450,2,34,0.8683333333333333
Yang2025,ATCNet,High,20,450,2,37,0.815
Yang2025,ATCNet,High,20,450,2,48,0.8116666666666666
Yang2025,ATCNet,High,20,450,2,49,0.895
Yang2025,ATCNet,High,20,450,2,50,0.8733333333333333
Yang2025,ATCNet,High,20,450,3,1,0.8816666666666666
Yang2025,ATCNet,High,20,450,3,10,0.8133333333333334
Yang2025,ATCNet,High,20,450,3,12,0.5433333333333333
Yang2025,ATCNet,High,20,450,3,17,0.6983333333333333
Yang2025,ATCNet,High,20,450,3,26,0.8614548494983277
Yang2025,ATCNet,High,20,450,3,27,0.7916666666666667
Yang2025,ATCNet,High,20,450,3,28,0.9166666666666666
Yang2025,ATCNet,High,20,450,3,35,0.7683333333333333
Yang2025,ATCNet,High,20,450,3,45,0.77
Yang2025,ATCNet,High,20,450,3,46,0.9216666666666666
Yang2025,ATCNet,High,20,450,4,2,0.625
Yang2025,ATCNet,High,20,450,4,3,0.915
Yang2025,ATCNet,High,20,450,4,6,0.955
Yang2025,ATCNet,High,20,450,4,22,0.81
Yang2025,ATCNet,High,20,450,4,24,0.9443814619989116
Yang2025,ATCNet,High,20,450,4,30,0.6966666666666667
Yang2025,ATCNet,High,20,450,4,36,0.8416666666666667
Yang2025,ATCNet,High,20,450,4,38,0.5616666666666666
Yang2025,ATCNet,High,20,450,4,40,0.815
Yang2025,ATCNet,High,20,450,4,42,0.7150000000000001
Yang2025,ATCNet,High,20,450,5,8,0.8583333333333334
Yang2025,ATCNet,High,20,450,5,11,0.8666666666666667
Yang2025,ATCNet,High,20,450,5,15,0.7066666666666668
Yang2025,ATCNet,High,20,450,5,19,0.8633333333333333
Yang2025,ATCNet,High,20,450,5,21,0.805
Yang2025,ATCNet,High,20,450,5,23,0.8915161649944259
Yang2025,ATCNet,High,20,450,5,29,0.935
Yang2025,ATCNet,High,20,450,5,39,0.8066666666666666
Yang2025,ATCNet,High,20,450,5,43,0.895
Yang2025,ATCNet,High,20,450,5,51,0.845
Huebner2018,EEGNetv4,Unknown,6,7000,1,1,0.967421603452261
Huebner2018,EEGNetv4,Unknown,6,7000,1,10,0.9137477106227108
Huebner2018,EEGNetv4,Unknown,6,7000,1,11,0.8850559737323305
Huebner2018,EEGNetv4,Unknown,6,7000,2,3,0.9737293956043956
Huebner2018,EEGNetv4,Unknown,6,7000,2,6,0.9716460622710624
Huebner2018,EEGNetv4,Unknown,6,7000,2,9,0.9296920996166578
Huebner2018,EEGNetv4,Unknown,6,7000,3,2,0.9778960622710624
Huebner2018,EEGNetv4,Unknown,6,7000,3,12,0.9060668498168498
Huebner2018,EEGNetv4,Unknown,6,7000,4,5,0.9002059118039739
Huebner2018,EEGNetv4,Unknown,6,7000,4,8,0.9005380036630037
Huebner2018,EEGNetv4,Unknown,6,7000,5,4,0.9448946886446886
Huebner2018,EEGNetv4,Unknown,6,7000,5,7,0.9170727983388298
BI2015a,ATCNet,Low,20,250,1,5,0.8651515151515152
BI2015a,ATCNet,Low,20,250,1,9,0.8369369369369369
BI2015a,ATCNet,Low,20,250,1,13,0.8916666666666666
BI2015a,ATCNet,Low,20,250,1,25,0.7735632183908046
BI2015a,ATCNet,Low,20,250,1,26,0.9236559139784946
BI2015a,ATCNet,Low,20,250,1,35,0.6871980676328502
BI2015a,ATCNet,Low,20,250,1,37,0.7323809523809524
BI2015a,ATCNet,Low,20,250,1,38,0.8387387387387387
BI2015a,ATCNet,Low,20,250,1,40,0.8342592592592593
BI2015a,ATCNet,Low,20,250,2,4,0.8945833333333333
BI2015a,ATCNet,Low,20,250,2,7,0.8725490196078431
BI2015a,ATCNet,Low,20,250,2,14,0.7863247863247863
BI2015a,ATCNet,Low,20,250,2,16,0.8847619047619047
BI2015a,ATCNet,Low,20,250,2,18,0.7733333333333333
BI2015a,ATCNet,Low,20,250,2,20,0.8748148148148148
BI2015a,ATCNet,Low,20,250,2,28,0.7803333333333333
BI2015a,ATCNet,Low,20,250,2,32,0.8387096774193549
BI2015a,ATCNet,Low,20,250,2,41,0.7907407407407407
BI2015a,ATCNet,Low,20,250,3,1,0.7316863625360357
BI2015a,ATCNet,Low,20,250,3,6,0.821969696969697
BI2015a,ATCNet,Low,20,250,3,10,0.8677419354838709
BI2015a,ATCNet,Low,20,250,3,12,0.7368279569892473
BI2015a,ATCNet,Low,20,250,3,17,0.8240740740740741
BI2015a,ATCNet,Low,20,250,3,27,0.7272151898734177
BI2015a,ATCNet,Low,20,250,3,30,0.7851851851851852
BI2015a,ATCNet,Low,20,250,3,31,0.7035555555555555
BI2015a,ATCNet,Low,20,250,3,42,0.7055555555555555
BI2015a,ATCNet,Low,20,250,4,2,0.8805555555555555
BI2015a,ATCNet,Low,20,250,4,3,0.9063218390804596
BI2015a,ATCNet,Low,20,250,4,22,0.8507575757575758
BI2015a,ATCNet,Low,20,250,4,24,0.8828703703703704
BI2015a,ATCNet,Low,20,250,4,33,0.8595238095238096
BI2015a,ATCNet,Low,20,250,4,34,0.8538095238095238
BI2015a,ATCNet,Low,20,250,4,36,0.8754166666666666
BI2015a,ATCNet,Low,20,250,4,43,0.924712643678161
BI2015a,ATCNet,Low,20,250,5,8,0.859920634920635
BI2015a,ATCNet,Low,20,250,5,11,0.8004166666666667
BI2015a,ATCNet,Low,20,250,5,15,0.8595238095238096
BI2015a,ATCNet,Low,20,250,5,19,0.8043333333333333
BI2015a,ATCNet,Low,20,250,5,21,0.8804761904761905
BI2015a,ATCNet,Low,20,250,5,23,0.8004385964912282
BI2015a,ATCNet,Low,20,250,5,29,0.7545751633986928
BI2015a,ATCNet,Low,20,250,5,39,0.801700680272109
Lee2019_SSVEP,ATCNet,High,25,160,1,4,1.0
Lee2019_SSVEP,ATCNet,High,25,160,1,6,1.0
Lee2019_SSVEP,ATCNet,High,25,160,1,13,0.995
Lee2019_SSVEP,ATCNet,High,25,160,1,14,0.93
Lee2019_SSVEP,ATCNet,High,25,160,1,18,0.98
Lee2019_SSVEP,ATCNet,High,25,160,1,20,0.98
Lee2019_SSVEP,ATCNet,High,25,160,1,33,0.995
Lee2019_SSVEP,ATCNet,High,25,160,1,45,0.935
Lee2019_SSVEP,ATCNet,High,25,160,1,49,0.99
Lee2019_SSVEP,ATCNet,High,25,160,1,50,0.995
Lee2019_SSVEP,ATCNet,High,25,160,1,53,1.0
Lee2019_SSVEP,ATCNet,High,25,160,2,5,0.8500000000000001
Lee2019_SSVEP,ATCNet,High,25,160,2,7,1.0
Lee2019_SSVEP,ATCNet,High,25,160,2,9,0.985
Lee2019_SSVEP,ATCNet,High,25,160,2,16,0.995
Lee2019_SSVEP,ATCNet,High,25,160,2,25,0.975
Lee2019_SSVEP,ATCNet,High,25,160,2,27,1.0
Lee2019_SSVEP,ATCNet,High,25,160,2,34,0.84
Lee2019_SSVEP,ATCNet,High,25,160,2,35,0.985
Lee2019_SSVEP,ATCNet,High,25,160,2,38,0.985
Lee2019_SSVEP,ATCNet,High,25,160,2,46,1.0
Lee2019_SSVEP,ATCNet,High,25,160,2,51,0.7999999999999999
Lee2019_SSVEP,ATCNet,High,25,160,3,1,0.955
Lee2019_SSVEP,ATCNet,High,25,160,3,10,1.0
Lee2019_SSVEP,ATCNet,High,25,160,3,12,0.97
Lee2019_SSVEP,ATCNet,High,25,160,3,17,0.965
Lee2019_SSVEP,ATCNet,High,25,160,3,26,0.995
Lee2019_SSVEP,ATCNet,High,25,160,3,28,0.975
Lee2019_SSVEP,ATCNet,High,25,160,3,31,1.0
Lee2019_SSVEP,ATCNet,High,25,160,3,32,0.98
Lee2019_SSVEP,ATCNet,High,25,160,3,37,0.99
Lee2019_SSVEP,ATCNet,High,25,160,3,41,0.985
Lee2019_SSVEP,ATCNet,High,25,160,3,48,0.995
Lee2019_SSVEP,ATCNet,High,25,160,4,2,0.985
Lee2019_SSVEP,ATCNet,High,25,160,4,3,0.925
Lee2019_SSVEP,ATCNet,High,25,160,4,11,1.0
Lee2019_SSVEP,ATCNet,High,25,160,4,22,0.93
Lee2019_SSVEP,ATCNet,High,25,160,4,24,0.975
Lee2019_SSVEP,ATCNet,High,25,160,4,30,0.985
Lee2019_SSVEP,ATCNet,High,25,160,4,36,1.0
Lee2019_SSVEP,ATCNet,High,25,160,4,40,0.955
Lee2019_SSVEP,ATCNet,High,25,160,4,42,0.8300000000000001
Lee2019_SSVEP,ATCNet,High,25,160,4,44,0.98
Lee2019_SSVEP,ATCNet,High,25,160,4,47,0.595
Lee2019_SSVEP,ATCNet,High,25,160,5,8,0.955
Lee2019_SSVEP,ATCNet,High,25,160,5,15,0.995
Lee2019_SSVEP,ATCNet,High,25,160,5,19,0.985
Lee2019_SSVEP,ATCNet,High,25,160,5,21,0.96
Lee2019_SSVEP,ATCNet,High,25,160,5,23,0.51
Lee2019_SSVEP,ATCNet,High,25,160,5,29,0.965
Lee2019_SSVEP,ATCNet,High,25,160,5,39,1.0
Lee2019_SSVEP,ATCNet,High,25,160,5,43,1.0
Lee2019_SSVEP,ATCNet,High,25,160,5,52,0.995
Lee2019_SSVEP,ATCNet,High,25,160,5,54,0.8899999999999999
Yang2025,DeepConvNet,High,15,600,1,4,0.5533333333333333
Yang2025,DeepConvNet,High,15,600,1,13,0.8283333333333334
Yang2025,DeepConvNet,High,15,600,1,14,0.5716666666666667
Yang2025,DeepConvNet,High,15,600,1,18,0.7050000000000001
Yang2025,DeepConvNet,High,15,600,1,25,0.9633333333333334
Yang2025,DeepConvNet,High,15,600,1,31,0.8216666666666667
Yang2025,DeepConvNet,High,15,600,1,32,0.6261761426978818
Yang2025,DeepConvNet,High,15,600,1,33,0.9733333333333334
Yang2025,DeepConvNet,High,15,600,1,41,0.9266666666666667
Yang2025,DeepConvNet,High,15,600,1,44,0.755
Yang2025,DeepConvNet,High,15,600,1,47,0.93
Yang2025,DeepConvNet,High,15,600,2,5,0.905
Yang2025,DeepConvNet,High,15,600,2,7,0.8433333333333333
Yang2025,DeepConvNet,High,15,600,2,9,0.74
Yang2025,DeepConvNet,High,15,600,2,16,0.6950000000000001
Yang2025,DeepConvNet,High,15,600,2,20,0.9316666666666666
Yang2025,DeepConvNet,High,15,600,2,34,0.8433333333333333
Yang2025,DeepConvNet,High,15,600,2,37,0.9416666666666668
Yang2025,DeepConvNet,High,15,600,2,48,0.9216666666666666
Yang2025,DeepConvNet,High,15,600,2,49,0.9733333333333334
Yang2025,DeepConvNet,High,15,600,2,50,0.97
Yang2025,DeepConvNet,High,15,600,3,1,0.97
Yang2025,DeepConvNet,High,15,600,3,10,0.8916666666666666
Yang2025,DeepConvNet,High,15,600,3,12,0.5833333333333333
Yang2025,DeepConvNet,High,15,600,3,17,0.8433333333333333
Yang2025,DeepConvNet,High,15,600,3,26,0.9382385730211816
Yang2025,DeepConvNet,High,15,600,3,27,0.6983333333333333
Yang2025,DeepConvNet,High,15,600,3,28,0.9266666666666666
Yang2025,DeepConvNet,High,15,600,3,35,0.9683333333333332
Yang2025,DeepConvNet,High,15,600,3,45,0.915
Yang2025,DeepConvNet,High,15,600,3,46,0.9983333333333332
Yang2025,DeepConvNet,High,15,600,4,2,0.6733333333333333
Yang2025,DeepConvNet,High,15,600,4,3,0.9816666666666668
Yang2025,DeepConvNet,High,15,600,4,6,0.9816666666666668
Yang2025,DeepConvNet,High,15,600,4,22,0.8866666666666667
Yang2025,DeepConvNet,High,15,600,4,24,0.9764080355523308
Yang2025,DeepConvNet,High,15,600,4,30,0.97
Yang2025,DeepConvNet,High,15,600,4,36,0.9433333333333334
Yang2025,DeepConvNet,High,15,600,4,38,0.7433333333333333
Yang2025,DeepConvNet,High,15,600,4,40,0.8766666666666667
Yang2025,DeepConvNet,High,15,600,4,42,0.8716666666666666
Yang2025,DeepConvNet,High,15,600,5,8,0.9416666666666668
Yang2025,DeepConvNet,High,15,600,5,11,0.9433333333333334
Yang2025,DeepConvNet,High,15,600,5,15,0.8566666666666667
Yang2025,DeepConvNet,High,15,600,5,19,0.8683333333333334
Yang2025,DeepConvNet,High,15,600,5,21,0.92
Yang2025,DeepConvNet,High,15,600,5,23,0.9799554069119288
Yang2025,DeepConvNet,High,15,600,5,29,0.8716666666666667
Yang2025,DeepConvNet,High,15,600,5,39,0.8133333333333334
Yang2025,DeepConvNet,High,15,600,5,43,1.0
Yang2025,DeepConvNet,High,15,600,5,51,0.925
Lee2019_SSVEP,ShallowConvNet,High,40,100,1,4,0.995
Lee2019_SSVEP,ShallowConvNet,High,40,100,1,6,1.0
Lee2019_SSVEP,ShallowConvNet,High,40,100,1,13,0.96
Lee2019_SSVEP,ShallowConvNet,High,40,100,1,14,0.94
Lee2019_SSVEP,ShallowConvNet,High,40,100,1,18,0.995
Lee2019_SSVEP,ShallowConvNet,High,40,100,1,20,0.95
Lee2019_SSVEP,ShallowConvNet,High,40,100,1,33,0.995
Lee2019_SSVEP,ShallowConvNet,High,40,100,1,45,0.97
Lee2019_SSVEP,ShallowConvNet,High,40,100,1,49,0.99
Lee2019_SSVEP,ShallowConvNet,High,40,100,1,50,0.945
Lee2019_SSVEP,ShallowConvNet,High,40,100,1,53,0.995
Lee2019_SSVEP,ShallowConvNet,High,40,100,2,5,0.845
Lee2019_SSVEP,ShallowConvNet,High,40,100,2,7,0.995
Lee2019_SSVEP,ShallowConvNet,High,40,100,2,9,0.985
Lee2019_SSVEP,ShallowConvNet,High,40,100,2,16,0.99
Lee2019_SSVEP,ShallowConvNet,High,40,100,2,25,0.925
Lee2019_SSVEP,ShallowConvNet,High,40,100,2,27,0.985
Lee2019_SSVEP,ShallowConvNet,High,40,100,2,34,0.8150000000000001
Lee2019_SSVEP,ShallowConvNet,High,40,100,2,35,0.945
Lee2019_SSVEP,ShallowConvNet,High,40,100,2,38,1.0
Lee2019_SSVEP,ShallowConvNet,High,40,100,2,46,0.975
Lee2019_SSVEP,ShallowConvNet,High,40,100,2,51,0.7949999999999999
Lee2019_SSVEP,ShallowConvNet,High,40,100,3,1,0.925
Lee2019_SSVEP,ShallowConvNet,High,40,100,3,10,0.96
Lee2019_SSVEP,ShallowConvNet,High,40,100,3,12,0.97
Lee2019_SSVEP,ShallowConvNet,High,40,100,3,17,0.975
Lee2019_SSVEP,ShallowConvNet,High,40,100,3,26,0.985
Lee2019_SSVEP,ShallowConvNet,High,40,100,3,28,0.975
Lee2019_SSVEP,ShallowConvNet,High,40,100,3,31,0.99
Lee2019_SSVEP,ShallowConvNet,High,40,100,3,32,0.7
Lee2019_SSVEP,ShallowConvNet,High,40,100,3,37,0.99
Lee2019_SSVEP,ShallowConvNet,High,40,100,3,41,0.99
Lee2019_SSVEP,ShallowConvNet,High,40,100,3,48,0.995
Lee2019_SSVEP,ShallowConvNet,High,40,100,4,2,0.99
Lee2019_SSVEP,ShallowConvNet,High,40,100,4,3,0.935
Lee2019_SSVEP,ShallowConvNet,High,40,100,4,11,1.0
Lee2019_SSVEP,ShallowConvNet,High,40,100,4,22,0.8799999999999999
Lee2019_SSVEP,ShallowConvNet,High,40,100,4,24,0.92
Lee2019_SSVEP,ShallowConvNet,High,40,100,4,30,0.985
Lee2019_SSVEP,ShallowConvNet,High,40,100,4,36,1.0
Lee2019_SSVEP,ShallowConvNet,High,40,100,4,40,0.915
Lee2019_SSVEP,ShallowConvNet,High,40,100,4,42,0.8
Lee2019_SSVEP,ShallowConvNet,High,40,100,4,44,0.995
Lee2019_SSVEP,ShallowConvNet,High,40,100,4,47,0.645
Lee2019_SSVEP,ShallowConvNet,High,40,100,5,8,0.91
Lee2019_SSVEP,ShallowConvNet,High,40,100,5,15,0.93
Lee2019_SSVEP,ShallowConvNet,High,40,100,5,19,0.895
Lee2019_SSVEP,ShallowConvNet,High,40,100,5,21,0.97
Lee2019_SSVEP,ShallowConvNet,High,40,100,5,23,0.52
Lee2019_SSVEP,ShallowConvNet,High,40,100,5,29,0.93
Lee2019_SSVEP,ShallowConvNet,High,40,100,5,39,0.975
Lee2019_SSVEP,ShallowConvNet,High,40,100,5,43,0.99
Lee2019_SSVEP,ShallowConvNet,High,40,100,5,52,0.965
Lee2019_SSVEP,ShallowConvNet,High,40,100,5,54,0.7200000000000001
Lee2019_SSVEP,ShallowConvNet,Low,10,200,1,4,0.98
Lee2019_SSVEP,ShallowConvNet,Low,10,200,1,6,0.945
Lee2019_SSVEP,ShallowConvNet,Low,10,200,1,13,0.815
Lee2019_SSVEP,ShallowConvNet,Low,10,200,1,14,0.83
Lee2019_SSVEP,ShallowConvNet,Low,10,200,1,18,0.985
Lee2019_SSVEP,ShallowConvNet,Low,10,200,1,20,0.815
Lee2019_SSVEP,ShallowConvNet,Low,10,200,1,33,0.945
Lee2019_SSVEP,ShallowConvNet,Low,10,200,1,45,0.87
Lee2019_SSVEP,ShallowConvNet,Low,10,200,1,49,0.95
Lee2019_SSVEP,ShallowConvNet,Low,10,200,1,50,0.8350000000000001
Lee2019_SSVEP,ShallowConvNet,Low,10,200,1,53,0.92
Lee2019_SSVEP,ShallowConvNet,Low,10,200,2,5,0.7250000000000001
Lee2019_SSVEP,ShallowConvNet,Low,10,200,2,7,0.99
Lee2019_SSVEP,ShallowConvNet,Low,10,200,2,9,0.905
Lee2019_SSVEP,ShallowConvNet,Low,10,200,2,16,0.95
Lee2019_SSVEP,ShallowConvNet,Low,10,200,2,25,0.88
Lee2019_SSVEP,ShallowConvNet,Low,10,200,2,27,0.975
Lee2019_SSVEP,ShallowConvNet,Low,10,200,2,34,0.6849999999999999
Lee2019_SSVEP,ShallowConvNet,Low,10,200,2,35,0.825
Lee2019_SSVEP,ShallowConvNet,Low,10,200,2,38,0.965
Lee2019_SSVEP,ShallowConvNet,Low,10,200,2,46,0.9
Lee2019_SSVEP,ShallowConvNet,Low,10,200,2,51,0.71
Lee2019_SSVEP,ShallowConvNet,Low,10,200,3,1,0.865
Lee2019_SSVEP,ShallowConvNet,Low,10,200,3,10,0.905
Lee2019_SSVEP,ShallowConvNet,Low,10,200,3,12,0.93
Lee2019_SSVEP,ShallowConvNet,Low,10,200,3,17,0.92
Lee2019_SSVEP,ShallowConvNet,Low,10,200,3,26,0.94
Lee2019_SSVEP,ShallowConvNet,Low,10,200,3,28,0.93
Lee2019_SSVEP,ShallowConvNet,Low,10,200,3,31,0.98
Lee2019_SSVEP,ShallowConvNet,Low,10,200,3,32,0.655
Lee2019_SSVEP,ShallowConvNet,Low,10,200,3,37,0.97
Lee2019_SSVEP,ShallowConvNet,Low,10,200,3,41,0.93
Lee2019_SSVEP,ShallowConvNet,Low,10,200,3,48,0.96
Lee2019_SSVEP,ShallowConvNet,Low,10,200,4,2,0.955
Lee2019_SSVEP,ShallowConvNet,Low,10,200,4,3,0.915
Lee2019_SSVEP,ShallowConvNet,Low,10,200,4,11,1.0
Lee2019_SSVEP,ShallowConvNet,Low,10,200,4,22,0.7549999999999999
Lee2019_SSVEP,ShallowConvNet,Low,10,200,4,24,0.8649999999999999
Lee2019_SSVEP,ShallowConvNet,Low,10,200,4,30,0.89
Lee2019_SSVEP,ShallowConvNet,Low,10,200,4,36,0.995
Lee2019_SSVEP,ShallowConvNet,Low,10,200,4,40,0.875
Lee2019_SSVEP,ShallowConvNet,Low,10,200,4,42,0.73
Lee2019_SSVEP,ShallowConvNet,Low,10,200,4,44,0.975
Lee2019_SSVEP,ShallowConvNet,Low,10,200,4,47,0.595
Lee2019_SSVEP,ShallowConvNet,Low,10,200,5,8,0.8
Lee2019_SSVEP,ShallowConvNet,Low,10,200,5,15,0.7849999999999999
Lee2019_SSVEP,ShallowConvNet,Low,10,200,5,19,0.7200000000000001
Lee2019_SSVEP,ShallowConvNet,Low,10,200,5,21,0.92
Lee2019_SSVEP,ShallowConvNet,Low,10,200,5,23,0.525
Lee2019_SSVEP,ShallowConvNet,Low,10,200,5,29,0.88
Lee2019_SSVEP,ShallowConvNet,Low,10,200,5,39,0.935
Lee2019_SSVEP,ShallowConvNet,Low,10,200,5,43,0.995
Lee2019_SSVEP,ShallowConvNet,Low,10,200,5,52,0.905
Lee2019_SSVEP,ShallowConvNet,Low,10,200,5,54,0.67
Huebner2018,DeepConvNet,Unknown,10,4200,1,1,0.9670898450276711
Huebner2018,DeepConvNet,Unknown,10,4200,1,10,0.9031021062271064
Huebner2018,DeepConvNet,Unknown,10,4200,1,11,0.8858827498402881
Huebner2018,DeepConvNet,Unknown,10,4200,2,3,0.9705357142857144
Huebner2018,DeepConvNet,Unknown,10,4200,2,6,0.9698260073260072
Huebner2018,DeepConvNet,Unknown,10,4200,2,9,0.9245411558707192
Huebner2018,DeepConvNet,Unknown,10,4200,3,2,0.9729624542124542
Huebner2018,DeepConvNet,Unknown,10,4200,3,12,0.9053571428571427
Huebner2018,DeepConvNet,Unknown,10,4200,4,5,0.9004506008010681
Huebner2018,DeepConvNet,Unknown,10,4200,4,8,0.9025068681318682
Huebner2018,DeepConvNet,Unknown,10,4200,5,4,0.9429029304029304
Huebner2018,DeepConvNet,Unknown,10,4200,5,7,0.9204732786298836
Lee2019_SSVEP,ShallowConvNet,Low,20,100,1,4,0.99
Lee2019_SSVEP,ShallowConvNet,Low,20,100,1,6,0.985
Lee2019_SSVEP,ShallowConvNet,Low,20,100,1,13,0.93
Lee2019_SSVEP,ShallowConvNet,Low,20,100,1,14,0.915
Lee2019_SSVEP,ShallowConvNet,Low,20,100,1,18,0.99
Lee2019_SSVEP,ShallowConvNet,Low,20,100,1,20,0.91
Lee2019_SSVEP,ShallowConvNet,Low,20,100,1,33,0.98
Lee2019_SSVEP,ShallowConvNet,Low,20,100,1,45,0.935
Lee2019_SSVEP,ShallowConvNet,Low,20,100,1,49,0.975
Lee2019_SSVEP,ShallowConvNet,Low,20,100,1,50,0.95
Lee2019_SSVEP,ShallowConvNet,Low,20,100,1,53,0.985
Lee2019_SSVEP,ShallowConvNet,Low,20,100,2,5,0.7400000000000001
Lee2019_SSVEP,ShallowConvNet,Low,20,100,2,7,0.99
Lee2019_SSVEP,ShallowConvNet,Low,20,100,2,9,0.93
Lee2019_SSVEP,ShallowConvNet,Low,20,100,2,16,0.99
Lee2019_SSVEP,ShallowConvNet,Low,20,100,2,25,0.895
Lee2019_SSVEP,ShallowConvNet,Low,20,100,2,27,0.98
Lee2019_SSVEP,ShallowConvNet,Low,20,100,2,34,0.73
Lee2019_SSVEP,ShallowConvNet,Low,20,100,2,35,0.835
Lee2019_SSVEP,ShallowConvNet,Low,20,100,2,38,0.97
Lee2019_SSVEP,ShallowConvNet,Low,20,100,2,46,0.96
Lee2019_SSVEP,ShallowConvNet,Low,20,100,2,51,0.76
Lee2019_SSVEP,ShallowConvNet,Low,20,100,3,1,0.945
Lee2019_SSVEP,ShallowConvNet,Low,20,100,3,10,0.94
Lee2019_SSVEP,ShallowConvNet,Low,20,100,3,12,0.95
Lee2019_SSVEP,ShallowConvNet,Low,20,100,3,17,0.935
Lee2019_SSVEP,ShallowConvNet,Low,20,100,3,26,0.97
Lee2019_SSVEP,ShallowConvNet,Low,20,100,3,28,0.955
Lee2019_SSVEP,ShallowConvNet,Low,20,100,3,31,0.98
Lee2019_SSVEP,ShallowConvNet,Low,20,100,3,32,0.675
Lee2019_SSVEP,ShallowConvNet,Low,20,100,3,37,0.99
Lee2019_SSVEP,ShallowConvNet,Low,20,100,3,41,0.965
Lee2019_SSVEP,ShallowConvNet,Low,20,100,3,48,0.98
Lee2019_SSVEP,ShallowConvNet,Low,20,100,4,2,0.955
Lee2019_SSVEP,ShallowConvNet,Low,20,100,4,3,0.935
Lee2019_SSVEP,ShallowConvNet,Low,20,100,4,11,1.0
Lee2019_SSVEP,ShallowConvNet,Low,20,100,4,22,0.85
Lee2019_SSVEP,ShallowConvNet,Low,20,100,4,24,0.885
Lee2019_SSVEP,ShallowConvNet,Low,20,100,4,30,0.96
Lee2019_SSVEP,ShallowConvNet,Low,20,100,4,36,1.0
Lee2019_SSVEP,ShallowConvNet,Low,20,100,4,40,0.8799999999999999
Lee2019_SSVEP,ShallowConvNet,Low,20,100,4,42,0.7999999999999999
Lee2019_SSVEP,ShallowConvNet,Low,20,100,4,44,0.99
Lee2019_SSVEP,ShallowConvNet,Low,20,100,4,47,0.6050000000000001
Lee2019_SSVEP,ShallowConvNet,Low,20,100,5,8,0.935
Lee2019_SSVEP,ShallowConvNet,Low,20,100,5,15,0.94
Lee2019_SSVEP,ShallowConvNet,Low,20,100,5,19,0.835
Lee2019_SSVEP,ShallowConvNet,Low,20,100,5,21,0.955
Lee2019_SSVEP,ShallowConvNet,Low,20,100,5,23,0.5149999999999999
Lee2019_SSVEP,ShallowConvNet,Low,20,100,5,29,0.95
Lee2019_SSVEP,ShallowConvNet,Low,20,100,5,39,0.97
Lee2019_SSVEP,ShallowConvNet,Low,20,100,5,43,0.995
Lee2019_SSVEP,ShallowConvNet,Low,20,100,5,52,0.97
Lee2019_SSVEP,ShallowConvNet,Low,20,100,5,54,0.635
Lee2019_SSVEP,DeepConvNet,High,20,200,1,4,1.0
Lee2019_SSVEP,DeepConvNet,High,20,200,1,6,1.0
Lee2019_SSVEP,DeepConvNet,High,20,200,1,13,0.985
Lee2019_SSVEP,DeepConvNet,High,20,200,1,14,0.975
Lee2019_SSVEP,DeepConvNet,High,20,200,1,18,0.99
Lee2019_SSVEP,DeepConvNet,High,20,200,1,20,0.995
Lee2019_SSVEP,DeepConvNet,High,20,200,1,33,0.995
Lee2019_SSVEP,DeepConvNet,High,20,200,1,45,0.985
Lee2019_SSVEP,DeepConvNet,High,20,200,1,49,1.0
Lee2019_SSVEP,DeepConvNet,High,20,200,1,50,1.0
Lee2019_SSVEP,DeepConvNet,High,20,200,1,53,1.0
Lee2019_SSVEP,DeepConvNet,High,20,200,2,5,0.8599999999999999
Lee2019_SSVEP,DeepConvNet,High,20,200,2,7,1.0
Lee2019_SSVEP,DeepConvNet,High,20,200,2,9,0.985
Lee2019_SSVEP,DeepConvNet,High,20,200,2,16,1.0
Lee2019_SSVEP,DeepConvNet,High,20,200,2,25,0.985
Lee2019_SSVEP,DeepConvNet,High,20,200,2,27,1.0
Lee2019_SSVEP,DeepConvNet,High,20,200,2,34,0.83
Lee2019_SSVEP,DeepConvNet,High,20,200,2,35,0.99
Lee2019_SSVEP,DeepConvNet,High,20,200,2,38,0.99
Lee2019_SSVEP,DeepConvNet,High,20,200,2,46,1.0
Lee2019_SSVEP,DeepConvNet,High,20,200,2,51,0.835
Lee2019_SSVEP,DeepConvNet,High,20,200,3,1,0.96
Lee2019_SSVEP,DeepConvNet,High,20,200,3,10,0.995
Lee2019_SSVEP,DeepConvNet,High,20,200,3,12,0.965
Lee2019_SSVEP,DeepConvNet,High,20,200,3,17,0.98
Lee2019_SSVEP,DeepConvNet,High,20,200,3,26,0.995
Lee2019_SSVEP,DeepConvNet,High,20,200,3,28,0.99
Lee2019_SSVEP,DeepConvNet,High,20,200,3,31,1.0
Lee2019_SSVEP,DeepConvNet,High,20,200,3,32,0.95
Lee2019_SSVEP,DeepConvNet,High,20,200,3,37,0.985
Lee2019_SSVEP,DeepConvNet,High,20,200,3,41,0.995
Lee2019_SSVEP,DeepConvNet,High,20,200,3,48,0.995
Lee2019_SSVEP,DeepConvNet,High,20,200,4,2,0.995
Lee2019_SSVEP,DeepConvNet,High,20,200,4,3,0.955
Lee2019_SSVEP,DeepConvNet,High,20,200,4,11,1.0
Lee2019_SSVEP,DeepConvNet,High,20,200,4,22,0.935
Lee2019_SSVEP,DeepConvNet,High,20,200,4,24,0.99
Lee2019_SSVEP,DeepConvNet,High,20,200,4,30,0.995
Lee2019_SSVEP,DeepConvNet,High,20,200,4,36,1.0
Lee2019_SSVEP,DeepConvNet,High,20,200,4,40,0.95
Lee2019_SSVEP,DeepConvNet,High,20,200,4,42,0.825
Lee2019_SSVEP,DeepConvNet,High,20,200,4,44,0.995
Lee2019_SSVEP,DeepConvNet,High,20,200,4,47,0.6100000000000001
Lee2019_SSVEP,DeepConvNet,High,20,200,5,8,0.955
Lee2019_SSVEP,DeepConvNet,High,20,200,5,15,1.0
Lee2019_SSVEP,DeepConvNet,High,20,200,5,19,0.97
Lee2019_SSVEP,DeepConvNet,High,20,200,5,21,0.98
Lee2019_SSVEP,DeepConvNet,High,20,200,5,23,0.485
Lee2019_SSVEP,DeepConvNet,High,20,200,5,29,0.965
Lee2019_SSVEP,DeepConvNet,High,20,200,5,39,1.0
Lee2019_SSVEP,DeepConvNet,High,20,200,5,43,1.0
Lee2019_SSVEP,DeepConvNet,High,20,200,5,52,1.0
Lee2019_SSVEP,DeepConvNet,High,20,200,5,54,0.8899999999999999
BI2015a,ShallowConvNet,High,15,1000,1,5,0.803030303030303
BI2015a,ShallowConvNet,High,15,1000,1,9,0.7567567567567568
BI2015a,ShallowConvNet,High,15,1000,1,13,0.8657894736842106
BI2015a,ShallowConvNet,High,15,1000,1,25,0.6632183908045977
BI2015a,ShallowConvNet,High,15,1000,1,26,0.8225806451612903
BI2015a,ShallowConvNet,High,15,1000,1,35,0.5995169082125604
BI2015a,ShallowConvNet,High,15,1000,1,37,0.6409523809523809
BI2015a,ShallowConvNet,High,15,1000,1,38,0.7833333333333334
BI2015a,ShallowConvNet,High,15,1000,1,40,0.7749999999999999
BI2015a,ShallowConvNet,High,15,1000,2,4,0.82625
BI2015a,ShallowConvNet,High,15,1000,2,7,0.7485294117647059
BI2015a,ShallowConvNet,High,15,1000,2,14,0.6944444444444444
BI2015a,ShallowConvNet,High,15,1000,2,16,0.8052380952380953
BI2015a,ShallowConvNet,High,15,1000,2,18,0.6922222222222223
BI2015a,ShallowConvNet,High,15,1000,2,20,0.7544444444444445
BI2015a,ShallowConvNet,High,15,1000,2,28,0.6716666666666666
BI2015a,ShallowConvNet,High,15,1000,2,32,0.7763440860215054
BI2015a,ShallowConvNet,High,15,1000,2,41,0.7429629629629629
BI2015a,ShallowConvNet,High,15,1000,3,1,0.6333764661869237
BI2015a,ShallowConvNet,High,15,1000,3,6,0.7303030303030302
BI2015a,ShallowConvNet,High,15,1000,3,10,0.7935483870967742
BI2015a,ShallowConvNet,High,15,1000,3,12,0.671505376344086
BI2015a,ShallowConvNet,High,15,1000,3,17,0.7266666666666667
BI2015a,ShallowConvNet,High,15,1000,3,27,0.620464135021097
BI2015a,ShallowConvNet,High,15,1000,3,30,0.8296296296296296
BI2015a,ShallowConvNet,High,15,1000,3,31,0.626
BI2015a,ShallowConvNet,High,15,1000,3,42,0.6473684210526316
BI2015a,ShallowConvNet,High,15,1000,4,2,0.7857142857142857
BI2015a,ShallowConvNet,High,15,1000,4,3,0.8660919540229886
BI2015a,ShallowConvNet,High,15,1000,4,22,0.7295454545454545
BI2015a,ShallowConvNet,High,15,1000,4,24,0.7814814814814814
BI2015a,ShallowConvNet,High,15,1000,4,33,0.7884920634920636
BI2015a,ShallowConvNet,High,15,1000,4,34,0.7147619047619047
BI2015a,ShallowConvNet,High,15,1000,4,36,0.7625
BI2015a,ShallowConvNet,High,15,1000,4,43,0.8758620689655172
BI2015a,ShallowConvNet,High,15,1000,5,8,0.7428571428571429
BI2015a,ShallowConvNet,High,15,1000,5,11,0.6675
BI2015a,ShallowConvNet,High,15,1000,5,15,0.7590476190476191
BI2015a,ShallowConvNet,High,15,1000,5,19,0.6983333333333334
BI2015a,ShallowConvNet,High,15,1000,5,21,0.809047619047619
BI2015a,ShallowConvNet,High,15,1000,5,23,0.7114035087719298
BI2015a,ShallowConvNet,High,15,1000,5,29,0.661437908496732
BI2015a,ShallowConvNet,High,15,1000,5,39,0.7017006802721089
BI2015a,ATCNet,Low,10,500,1,5,0.853030303030303
BI2015a,ATCNet,Low,10,500,1,9,0.7891891891891892
BI2015a,ATCNet,Low,10,500,1,13,0.868859649122807
BI2015a,ATCNet,Low,10,500,1,25,0.7551724137931035
BI2015a,ATCNet,Low,10,500,1,26,0.8881720430107527
BI2015a,ATCNet,Low,10,500,1,35,0.6760869565217391
BI2015a,ATCNet,Low,10,500,1,37,0.7150000000000001
BI2015a,ATCNet,Low,10,500,1,38,0.8369369369369369
BI2015a,ATCNet,Low,10,500,1,40,0.8111111111111111
BI2015a,ATCNet,Low,10,500,2,4,0.8704166666666666
BI2015a,ATCNet,Low,10,500,2,7,0.8465686274509804
BI2015a,ATCNet,Low,10,500,2,14,0.773931623931624
BI2015a,ATCNet,Low,10,500,2,16,0.8714285714285714
BI2015a,ATCNet,Low,10,500,2,18,0.7822222222222222
BI2015a,ATCNet,Low,10,500,2,20,0.8755555555555555
BI2015a,ATCNet,Low,10,500,2,28,0.7673333333333333
BI2015a,ATCNet,Low,10,500,2,32,0.8209677419354838
BI2015a,ATCNet,Low,10,500,2,41,0.797037037037037
BI2015a,ATCNet,Low,10,500,3,1,0.7232067956250963
BI2015a,ATCNet,Low,10,500,3,6,0.812121212121212
BI2015a,ATCNet,Low,10,500,3,10,0.8790322580645161
BI2015a,ATCNet,Low,10,500,3,12,0.7467741935483871
BI2015a,ATCNet,Low,10,500,3,17,0.8033333333333332
BI2015a,ATCNet,Low,10,500,3,27,0.7303797468354429
BI2015a,ATCNet,Low,10,500,3,30,0.7882716049382716
BI2015a,ATCNet,Low,10,500,3,31,0.6922222222222222
BI2015a,ATCNet,Low,10,500,3,42,0.7415204678362572
BI2015a,ATCNet,Low,10,500,4,2,0.8809523809523809
BI2015a,ATCNet,Low,10,500,4,3,0.9132183908045975
BI2015a,ATCNet,Low,10,500,4,22,0.8291666666666666
BI2015a,ATCNet,Low,10,500,4,24,0.8736111111111111
BI2015a,ATCNet,Low,10,500,4,33,0.8563492063492064
BI2015a,ATCNet,Low,10,500,4,34,0.8228571428571428
BI2015a,ATCNet,Low,10,500,4,36,0.8670833333333333
BI2015a,ATCNet,Low,10,500,4,43,0.9160919540229884
BI2015a,ATCNet,Low,10,500,5,8,0.8523809523809524
BI2015a,ATCNet,Low,10,500,5,11,0.7625
BI2015a,ATCNet,Low,10,500,5,15,0.8376190476190476
BI2015a,ATCNet,Low,10,500,5,19,0.7933333333333333
BI2015a,ATCNet,Low,10,500,5,21,0.8704761904761904
BI2015a,ATCNet,Low,10,500,5,23,0.7635964912280702
BI2015a,ATCNet,Low,10,500,5,29,0.7813725490196078
BI2015a,ATCNet,Low,10,500,5,39,0.8051020408163265
Yang2025,EEGNetv4,Low,10,450,1,4,0.5716666666666667
Yang2025,EEGNetv4,Low,10,450,1,13,0.8016666666666667
Yang2025,EEGNetv4,Low,10,450,1,14,0.5700000000000001
Yang2025,EEGNetv4,Low,10,450,1,18,0.65
Yang2025,EEGNetv4,Low,10,450,1,25,0.9433333333333334
Yang2025,EEGNetv4,Low,10,450,1,31,0.8083333333333333
Yang2025,EEGNetv4,Low,10,450,1,32,0.5709030100334448
Yang2025,EEGNetv4,Low,10,450,1,33,0.9416666666666668
Yang2025,EEGNetv4,Low,10,450,1,41,0.885
Yang2025,EEGNetv4,Low,10,450,1,44,0.735
Yang2025,EEGNetv4,Low,10,450,1,47,0.8999999999999999
Yang2025,EEGNetv4,Low,10,450,2,5,0.8633333333333333
Yang2025,EEGNetv4,Low,10,450,2,7,0.745
Yang2025,EEGNetv4,Low,10,450,2,9,0.715
Yang2025,EEGNetv4,Low,10,450,2,16,0.6033333333333333
Yang2025,EEGNetv4,Low,10,450,2,20,0.8783333333333333
Yang2025,EEGNetv4,Low,10,450,2,34,0.78
Yang2025,EEGNetv4,Low,10,450,2,37,0.8933333333333333
Yang2025,EEGNetv4,Low,10,450,2,48,0.8533333333333333
Yang2025,EEGNetv4,Low,10,450,2,49,0.9433333333333334
Yang2025,EEGNetv4,Low,10,450,2,50,0.92
Yang2025,EEGNetv4,Low,10,450,3,1,0.945
Yang2025,EEGNetv4,Low,10,450,3,10,0.8616666666666666
Yang2025,EEGNetv4,Low,10,450,3,12,0.5616666666666666
Yang2025,EEGNetv4,Low,10,450,3,17,0.825
Yang2025,EEGNetv4,Low,10,450,3,26,0.8948160535117057
Yang2025,EEGNetv4,Low,10,450,3,27,0.6833333333333333
Yang2025,EEGNetv4,Low,10,450,3,28,0.8683333333333334
Yang2025,EEGNetv4,Low,10,450,3,35,0.9666666666666666
Yang2025,EEGNetv4,Low,10,450,3,45,0.8933333333333333
Yang2025,EEGNetv4,Low,10,450,3,46,0.9933333333333332
Yang2025,EEGNetv4,Low,10,450,4,2,0.6816666666666666
Yang2025,EEGNetv4,Low,10,450,4,3,0.9583333333333331
Yang2025,EEGNetv4,Low,10,450,4,6,0.9716666666666668
Yang2025,EEGNetv4,Low,10,450,4,22,0.8433333333333333
Yang2025,EEGNetv4,Low,10,450,4,24,0.973075004534736
Yang2025,EEGNetv4,Low,10,450,4,30,0.7933333333333333
Yang2025,EEGNetv4,Low,10,450,4,36,0.93
Yang2025,EEGNetv4,Low,10,450,4,38,0.6816666666666666
Yang2025,EEGNetv4,Low,10,450,4,40,0.855
Yang2025,EEGNetv4,Low,10,450,4,42,0.8083333333333333
Yang2025,EEGNetv4,Low,10,450,5,8,0.9066666666666668
Yang2025,EEGNetv4,Low,10,450,5,11,0.8933333333333333
Yang2025,EEGNetv4,Low,10,450,5,15,0.7783333333333333
Yang2025,EEGNetv4,Low,10,450,5,19,0.8533333333333334
Yang2025,EEGNetv4,Low,10,450,5,21,0.8866666666666667
Yang2025,EEGNetv4,Low,10,450,5,23,0.9331995540691194
Yang2025,EEGNetv4,Low,10,450,5,29,0.8266666666666667
Yang2025,EEGNetv4,Low,10,450,5,39,0.7166666666666666
Yang2025,EEGNetv4,Low,10,450,5,43,0.9933333333333334
Yang2025,EEGNetv4,Low,10,450,5,51,0.8916666666666666
Yang2025,EEGNetv4,High,30,300,1,4,0.5983333333333334
Yang2025,EEGNetv4,High,30,300,1,13,0.8483333333333334
Yang2025,EEGNetv4,High,30,300,1,14,0.56
Yang2025,EEGNetv4,High,30,300,1,18,0.7083333333333333
Yang2025,EEGNetv4,High,30,300,1,25,0.9633333333333334
Yang2025,EEGNetv4,High,30,300,1,31,0.8183333333333334
Yang2025,EEGNetv4,High,30,300,1,32,0.6127536231884059
Yang2025,EEGNetv4,High,30,300,1,33,0.9666666666666668
Yang2025,EEGNetv4,High,30,300,1,41,0.92
Yang2025,EEGNetv4,High,30,300,1,44,0.7516666666666667
Yang2025,EEGNetv4,High,30,300,1,47,0.9383333333333334
Yang2025,EEGNetv4,High,30,300,2,5,0.91
Yang2025,EEGNetv4,High,30,300,2,7,0.8283333333333334
Yang2025,EEGNetv4,High,30,300,2,9,0.74
Yang2025,EEGNetv4,High,30,300,2,16,0.6533333333333333
Yang2025,EEGNetv4,High,30,300,2,20,0.9233333333333332
Yang2025,EEGNetv4,High,30,300,2,34,0.8316666666666667
Yang2025,EEGNetv4,High,30,300,2,37,0.8766666666666667
Yang2025,EEGNetv4,High,30,300,2,48,0.895
Yang2025,EEGNetv4,High,30,300,2,49,0.9716666666666668
Yang2025,EEGNetv4,High,30,300,2,50,0.97
Yang2025,EEGNetv4,High,30,300,3,1,0.9483333333333334
Yang2025,EEGNetv4,High,30,300,3,10,0.865
Yang2025,EEGNetv4,High,30,300,3,12,0.605
Yang2025,EEGNetv4,High,30,300,3,17,0.815
Yang2025,EEGNetv4,High,30,300,3,26,0.906505016722408
Yang2025,EEGNetv4,High,30,300,3,27,0.7183333333333333
Yang2025,EEGNetv4,High,30,300,3,28,0.9016666666666666
Yang2025,EEGNetv4,High,30,300,3,35,0.9666666666666668
Yang2025,EEGNetv4,High,30,300,3,45,0.9083333333333332
Yang2025,EEGNetv4,High,30,300,3,46,0.995
Yang2025,EEGNetv4,High,30,300,4,2,0.6983333333333333
Yang2025,EEGNetv4,High,30,300,4,3,0.9433333333333334
Yang2025,EEGNetv4,High,30,300,4,6,0.9766666666666668
Yang2025,EEGNetv4,High,30,300,4,22,0.8516666666666667
Yang2025,EEGNetv4,High,30,300,4,24,0.9848539814982769
Yang2025,EEGNetv4,High,30,300,4,30,0.7866666666666666
Yang2025,EEGNetv4,High,30,300,4,36,0.9366666666666666
Yang2025,EEGNetv4,High,30,300,4,38,0.69
Yang2025,EEGNetv4,High,30,300,4,40,0.8666666666666667
Yang2025,EEGNetv4,High,30,300,4,42,0.84
Yang2025,EEGNetv4,High,30,300,5,8,0.9333333333333332
Yang2025,EEGNetv4,High,30,300,5,11,0.9283333333333332
Yang2025,EEGNetv4,High,30,300,5,15,0.7816666666666666
Yang2025,EEGNetv4,High,30,300,5,19,0.8933333333333333
Yang2025,EEGNetv4,High,30,300,5,21,0.9116666666666666
Yang2025,EEGNetv4,High,30,300,5,23,0.9716164994425864
Yang2025,EEGNetv4,High,30,300,5,29,0.8783333333333333
Yang2025,EEGNetv4,High,30,300,5,39,0.7883333333333333
Yang2025,EEGNetv4,High,30,300,5,43,1.0
Yang2025,EEGNetv4,High,30,300,5,51,0.9
Yang2025,EEGNetv4,Low,15,300,1,4,0.5733333333333333
Yang2025,EEGNetv4,Low,15,300,1,13,0.8166666666666667
Yang2025,EEGNetv4,Low,15,300,1,14,0.5716666666666667
Yang2025,EEGNetv4,Low,15,300,1,18,0.6666666666666667
Yang2025,EEGNetv4,Low,15,300,1,25,0.9433333333333334
Yang2025,EEGNetv4,Low,15,300,1,31,0.7966666666666666
Yang2025,EEGNetv4,Low,15,300,1,32,0.5709253065774804
Yang2025,EEGNetv4,Low,15,300,1,33,0.96
Yang2025,EEGNetv4,Low,15,300,1,41,0.9033333333333332
Yang2025,EEGNetv4,Low,15,300,1,44,0.7333333333333334
Yang2025,EEGNetv4,Low,15,300,1,47,0.9033333333333332
Yang2025,EEGNetv4,Low,15,300,2,5,0.8933333333333333
Yang2025,EEGNetv4,Low,15,300,2,7,0.79
Yang2025,EEGNetv4,Low,15,300,2,9,0.6916666666666667
Yang2025,EEGNetv4,Low,15,300,2,16,0.6399999999999999
Yang2025,EEGNetv4,Low,15,300,2,20,0.905
Yang2025,EEGNetv4,Low,15,300,2,34,0.8016666666666667
Yang2025,EEGNetv4,Low,15,300,2,37,0.9233333333333332
Yang2025,EEGNetv4,Low,15,300,2,48,0.8816666666666667
Yang2025,EEGNetv4,Low,15,300,2,49,0.9516666666666668
Yang2025,EEGNetv4,Low,15,300,2,50,0.94
Yang2025,EEGNetv4,Low,15,300,3,1,0.94
Yang2025,EEGNetv4,Low,15,300,3,10,0.8533333333333333
Yang2025,EEGNetv4,Low,15,300,3,12,0.5616666666666668
Yang2025,EEGNetv4,Low,15,300,3,17,0.8083333333333333
Yang2025,EEGNetv4,Low,15,300,3,26,0.8964715719063545
Yang2025,EEGNetv4,Low,15,300,3,27,0.7083333333333333
Yang2025,EEGNetv4,Low,15,300,3,28,0.89
Yang2025,EEGNetv4,Low,15,300,3,35,0.9733333333333334
Yang2025,EEGNetv4,Low,15,300,3,45,0.8816666666666666
Yang2025,EEGNetv4,Low,15,300,3,46,0.99
Yang2025,EEGNetv4,Low,15,300,4,2,0.6799999999999999
Yang2025,EEGNetv4,Low,15,300,4,3,0.9566666666666668
Yang2025,EEGNetv4,Low,15,300,4,6,0.9716666666666668
Yang2025,EEGNetv4,Low,15,300,4,22,0.85
Yang2025,EEGNetv4,Low,15,300,4,24,0.9848653183384728
Yang2025,EEGNetv4,Low,15,300,4,30,0.8216666666666667
Yang2025,EEGNetv4,Low,15,300,4,36,0.93
Yang2025,EEGNetv4,Low,15,300,4,38,0.6766666666666667
Yang2025,EEGNetv4,Low,15,300,4,40,0.8533333333333333
Yang2025,EEGNetv4,Low,15,300,4,42,0.8083333333333333
Yang2025,EEGNetv4,Low,15,300,5,8,0.93
Yang2025,EEGNetv4,Low,15,300,5,11,0.8983333333333333
Yang2025,EEGNetv4,Low,15,300,5,15,0.7716666666666667
Yang2025,EEGNetv4,Low,15,300,5,19,0.84
Yang2025,EEGNetv4,Low,15,300,5,21,0.9016666666666666
Yang2025,EEGNetv4,Low,15,300,5,23,0.951577480490524
Yang2025,EEGNetv4,Low,15,300,5,29,0.8016666666666667
Yang2025,EEGNetv4,Low,15,300,5,39,0.7533333333333334
Yang2025,EEGNetv4,Low,15,300,5,43,0.9933333333333334
Yang2025,EEGNetv4,Low,15,300,5,51,0.875
Yang2025,DeepConvNet,Low,30,150,1,4,0.5583333333333333
Yang2025,DeepConvNet,Low,30,150,1,13,0.865
Yang2025,DeepConvNet,Low,30,150,1,14,0.5766666666666667
Yang2025,DeepConvNet,Low,30,150,1,18,0.7383333333333333
Yang2025,DeepConvNet,Low,30,150,1,25,0.975
Yang2025,DeepConvNet,Low,30,150,1,31,0.865
Yang2025,DeepConvNet,Low,30,150,1,32,0.6526755852842809
Yang2025,DeepConvNet,Low,30,150,1,33,0.9716666666666668
Yang2025,DeepConvNet,Low,30,150,1,41,0.935
Yang2025,DeepConvNet,Low,30,150,1,44,0.7949999999999999
Yang2025,DeepConvNet,Low,30,150,1,47,0.94
Yang2025,DeepConvNet,Low,30,150,2,5,0.9283333333333332
Yang2025,DeepConvNet,Low,30,150,2,7,0.8616666666666666
Yang2025,DeepConvNet,Low,30,150,2,9,0.7666666666666666
Yang2025,DeepConvNet,Low,30,150,2,16,0.715
Yang2025,DeepConvNet,Low,30,150,2,20,0.94
Yang2025,DeepConvNet,Low,30,150,2,34,0.8583333333333334
Yang2025,DeepConvNet,Low,30,150,2,37,0.9466666666666668
Yang2025,DeepConvNet,Low,30,150,2,48,0.9433333333333334
Yang2025,DeepConvNet,Low,30,150,2,49,0.9883333333333332
Yang2025,DeepConvNet,Low,30,150,2,50,0.975
Yang2025,DeepConvNet,Low,30,150,3,1,0.9783333333333332
Yang2025,DeepConvNet,Low,30,150,3,10,0.9233333333333332
Yang2025,DeepConvNet,Low,30,150,3,12,0.6266666666666667
Yang2025,DeepConvNet,Low,30,150,3,17,0.8416666666666667
Yang2025,DeepConvNet,Low,30,150,3,26,0.9449108138238572
Yang2025,DeepConvNet,Low,30,150,3,27,0.78
Yang2025,DeepConvNet,Low,30,150,3,28,0.955
Yang2025,DeepConvNet,Low,30,150,3,35,0.9816666666666668
Yang2025,DeepConvNet,Low,30,150,3,45,0.925
Yang2025,DeepConvNet,Low,30,150,3,46,0.9966666666666666
Yang2025,DeepConvNet,Low,30,150,4,2,0.7033333333333334
Yang2025,DeepConvNet,Low,30,150,4,3,0.9716666666666668
Yang2025,DeepConvNet,Low,30,150,4,6,0.9816666666666668
Yang2025,DeepConvNet,Low,30,150,4,22,0.9083333333333332
Yang2025,DeepConvNet,Low,30,150,4,24,0.9898988753854524
Yang2025,DeepConvNet,Low,30,150,4,30,0.9716666666666668
Yang2025,DeepConvNet,Low,30,150,4,36,0.9516666666666668
Yang2025,DeepConvNet,Low,30,150,4,38,0.7150000000000001
Yang2025,DeepConvNet,Low,30,150,4,40,0.8983333333333334
Yang2025,DeepConvNet,Low,30,150,4,42,0.8783333333333333
Yang2025,DeepConvNet,Low,30,150,5,8,0.95
Yang2025,DeepConvNet,Low,30,150,5,11,0.9466666666666668
Yang2025,DeepConvNet,Low,30,150,5,15,0.8866666666666667
Yang2025,DeepConvNet,Low,30,150,5,19,0.8983333333333333
Yang2025,DeepConvNet,Low,30,150,5,21,0.93
Yang2025,DeepConvNet,Low,30,150,5,23,0.9849721293199554
Yang2025,DeepConvNet,Low,30,150,5,29,0.9033333333333332
Yang2025,DeepConvNet,Low,30,150,5,39,0.8300000000000001
Yang2025,DeepConvNet,Low,30,150,5,43,1.0
Yang2025,DeepConvNet,Low,30,150,5,51,0.9416666666666668
Huebner2018,ShallowConvNet,Unknown,6,14000,1,1,0.9623162879035668
Huebner2018,ShallowConvNet,Unknown,6,14000,1,10,0.9071085164835164
Huebner2018,ShallowConvNet,Unknown,6,14000,1,11,0.8732932895447192
Huebner2018,ShallowConvNet,Unknown,6,14000,2,3,0.968360805860806
Huebner2018,ShallowConvNet,Unknown,6,14000,2,6,0.9611263736263737
Huebner2018,ShallowConvNet,Unknown,6,14000,2,9,0.9163904988682898
Huebner2018,ShallowConvNet,Unknown,6,14000,3,2,0.9737408424908424
Huebner2018,ShallowConvNet,Unknown,6,14000,3,12,0.8999313186813187
Huebner2018,ShallowConvNet,Unknown,6,14000,4,5,0.8932018017487369
Huebner2018,ShallowConvNet,Unknown,6,14000,4,8,0.8855654761904762
Huebner2018,ShallowConvNet,Unknown,6,14000,5,4,0.93680173992674
Huebner2018,ShallowConvNet,Unknown,6,14000,5,7,0.8989517898584864
Huebner2017,ShallowConvNet,Unknown,3,12500,1,1,0.953931005312544
Huebner2017,ShallowConvNet,Unknown,3,12500,1,10,0.971483492304328
Huebner2017,ShallowConvNet,Unknown,3,12500,1,12,0.9404380341880342
Huebner2017,ShallowConvNet,Unknown,3,12500,2,3,0.9208101252804082
Huebner2017,ShallowConvNet,Unknown,3,12500,2,6,0.9714363976663432
Huebner2017,ShallowConvNet,Unknown,3,12500,2,9,0.9623906186406186
Huebner2017,ShallowConvNet,Unknown,3,12500,3,2,0.9218686406186406
Huebner2017,ShallowConvNet,Unknown,3,12500,3,5,0.8864977614977615
Huebner2017,ShallowConvNet,Unknown,3,12500,3,13,0.9510446229021328
Huebner2017,ShallowConvNet,Unknown,3,12500,4,8,0.8480692017291346
Huebner2017,ShallowConvNet,Unknown,3,12500,4,11,0.7800879363107956
Huebner2017,ShallowConvNet,Unknown,3,12500,5,4,0.9733147103516532
Huebner2017,ShallowConvNet,Unknown,3,12500,5,7,0.9864417989417988
Yang2025,ATCNet,High,15,600,1,4,0.53
Yang2025,ATCNet,High,15,600,1,13,0.6933333333333334
Yang2025,ATCNet,High,15,600,1,14,0.5516666666666667
Yang2025,ATCNet,High,15,600,1,18,0.6433333333333333
Yang2025,ATCNet,High,15,600,1,25,0.83
Yang2025,ATCNet,High,15,600,1,31,0.7916666666666667
Yang2025,ATCNet,High,15,600,1,32,0.7929319955406913
Yang2025,ATCNet,High,15,600,1,33,0.9516666666666668
Yang2025,ATCNet,High,15,600,1,41,0.9133333333333332
Yang2025,ATCNet,High,15,600,1,44,0.655
Yang2025,ATCNet,High,15,600,1,47,0.7949999999999999
Yang2025,ATCNet,High,15,600,2,5,0.8266666666666667
Yang2025,ATCNet,High,15,600,2,7,0.65
Yang2025,ATCNet,High,15,600,2,9,0.6783333333333333
Yang2025,ATCNet,High,15,600,2,16,0.6799999999999999
Yang2025,ATCNet,High,15,600,2,20,0.7133333333333334
Yang2025,ATCNet,High,15,600,2,34,0.8533333333333333
Yang2025,ATCNet,High,15,600,2,37,0.7916666666666667
Yang2025,ATCNet,High,15,600,2,48,0.7749999999999999
Yang2025,ATCNet,High,15,600,2,49,0.8866666666666667
Yang2025,ATCNet,High,15,600,2,50,0.845
Yang2025,ATCNet,High,15,600,3,1,0.8833333333333333
Yang2025,ATCNet,High,15,600,3,10,0.8016666666666666
Yang2025,ATCNet,High,15,600,3,12,0.5283333333333333
Yang2025,ATCNet,High,15,600,3,17,0.6683333333333333
Yang2025,ATCNet,High,15,600,3,26,0.8681716833890747
Yang2025,ATCNet,High,15,600,3,27,0.79
Yang2025,ATCNet,High,15,600,3,28,0.8883333333333334
Yang2025,ATCNet,High,15,600,3,35,0.7966666666666666
Yang2025,ATCNet,High,15,600,3,45,0.7083333333333333
Yang2025,ATCNet,High,15,600,3,46,0.91
Yang2025,ATCNet,High,15,600,4,2,0.6116666666666667
Yang2025,ATCNet,High,15,600,4,3,0.9266666666666667
Yang2025,ATCNet,High,15,600,4,6,0.9583333333333331
Yang2025,ATCNet,High,15,600,4,22,0.815
Yang2025,ATCNet,High,15,600,4,24,0.9359581897333576
Yang2025,ATCNet,High,15,600,4,30,0.715
Yang2025,ATCNet,High,15,600,4,36,0.845
Yang2025,ATCNet,High,15,600,4,38,0.5666666666666667
Yang2025,ATCNet,High,15,600,4,40,0.815
Yang2025,ATCNet,High,15,600,4,42,0.7416666666666667
Yang2025,ATCNet,High,15,600,5,8,0.8533333333333333
Yang2025,ATCNet,High,15,600,5,11,0.875
Yang2025,ATCNet,High,15,600,5,15,0.7316666666666667
Yang2025,ATCNet,High,15,600,5,19,0.845
Yang2025,ATCNet,High,15,600,5,21,0.7866666666666666
Yang2025,ATCNet,High,15,600,5,23,0.8714715719063545
Yang2025,ATCNet,High,15,600,5,29,0.9433333333333334
Yang2025,ATCNet,High,15,600,5,39,0.8216666666666667
Yang2025,ATCNet,High,15,600,5,43,0.9016666666666666
Yang2025,ATCNet,High,15,600,5,51,0.8566666666666667
Kalunga2016,ShallowConvNet,Unknown,8,32,1,1,0.40625
Kalunga2016,ShallowConvNet,Unknown,8,32,1,10,0.40625
Kalunga2016,ShallowConvNet,Unknown,8,32,1,11,0.359375
Kalunga2016,ShallowConvNet,Unknown,8,32,2,3,0.53125
Kalunga2016,ShallowConvNet,Unknown,8,32,2,6,0.421875
Kalunga2016,ShallowConvNet,Unknown,8,32,2,9,0.3125
Kalunga2016,ShallowConvNet,Unknown,8,32,3,2,0.40625
Kalunga2016,ShallowConvNet,Unknown,8,32,3,12,0.6812500000000001
Kalunga2016,ShallowConvNet,Unknown,8,32,4,5,0.34375
Kalunga2016,ShallowConvNet,Unknown,8,32,4,8,0.5
Kalunga2016,ShallowConvNet,Unknown,8,32,5,4,0.515625
Kalunga2016,ShallowConvNet,Unknown,8,32,5,7,0.7083333333333333
Huebner2018,ShallowConvNet,Unknown,8,10500,1,1,0.9645942770138553
Huebner2018,ShallowConvNet,Unknown,8,10500,1,10,0.906456043956044
Huebner2018,ShallowConvNet,Unknown,8,10500,1,11,0.8664980945244023
Huebner2018,ShallowConvNet,Unknown,8,10500,2,3,0.9699175824175824
Huebner2018,ShallowConvNet,Unknown,8,10500,2,6,0.9630837912087912
Huebner2018,ShallowConvNet,Unknown,8,10500,2,9,0.9183479458043864
Huebner2018,ShallowConvNet,Unknown,8,10500,3,2,0.9775068681318682
Huebner2018,ShallowConvNet,Unknown,8,10500,3,12,0.8959478021978022
Huebner2018,ShallowConvNet,Unknown,8,10500,4,5,0.8915070584308489
Huebner2018,ShallowConvNet,Unknown,8,10500,4,8,0.8923763736263737
Huebner2018,ShallowConvNet,Unknown,8,10500,5,4,0.9368589743589744
Huebner2018,ShallowConvNet,Unknown,8,10500,5,7,0.906037882357047
Yang2025,ATCNet,Low,10,450,1,4,0.5066666666666667
Yang2025,ATCNet,Low,10,450,1,13,0.6799999999999999
Yang2025,ATCNet,Low,10,450,1,14,0.5966666666666667
Yang2025,ATCNet,Low,10,450,1,18,0.6616666666666666
Yang2025,ATCNet,Low,10,450,1,25,0.8300000000000001
Yang2025,ATCNet,Low,10,450,1,31,0.7816666666666667
Yang2025,ATCNet,Low,10,450,1,32,0.7595429208472686
Yang2025,ATCNet,Low,10,450,1,33,0.9583333333333334
Yang2025,ATCNet,Low,10,450,1,41,0.8983333333333333
Yang2025,ATCNet,Low,10,450,1,44,0.6283333333333333
Yang2025,ATCNet,Low,10,450,1,47,0.7783333333333333
Yang2025,ATCNet,Low,10,450,2,5,0.7949999999999999
Yang2025,ATCNet,Low,10,450,2,7,0.6566666666666667
Yang2025,ATCNet,Low,10,450,2,9,0.6566666666666667
Yang2025,ATCNet,Low,10,450,2,16,0.6616666666666666
Yang2025,ATCNet,Low,10,450,2,20,0.6766666666666666
Yang2025,ATCNet,Low,10,450,2,34,0.8316666666666667
Yang2025,ATCNet,Low,10,450,2,37,0.75
Yang2025,ATCNet,Low,10,450,2,48,0.76
Yang2025,ATCNet,Low,10,450,2,49,0.8999999999999999
Yang2025,ATCNet,Low,10,450,2,50,0.8049999999999999
Yang2025,ATCNet,Low,10,450,3,1,0.8633333333333333
Yang2025,ATCNet,Low,10,450,3,10,0.8083333333333333
Yang2025,ATCNet,Low,10,450,3,12,0.5116666666666667
Yang2025,ATCNet,Low,10,450,3,17,0.6733333333333333
Yang2025,ATCNet,Low,10,450,3,26,0.8314548494983278
Yang2025,ATCNet,Low,10,450,3,27,0.7633333333333334
Yang2025,ATCNet,Low,10,450,3,28,0.875
Yang2025,ATCNet,Low,10,450,3,35,0.7983333333333333
Yang2025,ATCNet,Low,10,450,3,45,0.72
Yang2025,ATCNet,Low,10,450,3,46,0.8916666666666666
Yang2025,ATCNet,Low,10,450,4,2,0.6183333333333334
Yang2025,ATCNet,Low,10,450,4,3,0.9066666666666666
Yang2025,ATCNet,Low,10,450,4,6,0.9466666666666668
Yang2025,ATCNet,Low,10,450,4,22,0.8316666666666667
Yang2025,ATCNet,Low,10,450,4,24,0.9275462543079992
Yang2025,ATCNet,Low,10,450,4,30,0.7116666666666667
Yang2025,ATCNet,Low,10,450,4,36,0.855
Yang2025,ATCNet,Low,10,450,4,38,0.5633333333333332
Yang2025,ATCNet,Low,10,450,4,40,0.8233333333333333
Yang2025,ATCNet,Low,10,450,4,42,0.7333333333333334
Yang2025,ATCNet,Low,10,450,5,8,0.8333333333333333
Yang2025,ATCNet,Low,10,450,5,11,0.865
Yang2025,ATCNet,Low,10,450,5,15,0.715
Yang2025,ATCNet,Low,10,450,5,19,0.8366666666666667
Yang2025,ATCNet,Low,10,450,5,21,0.8083333333333333
Yang2025,ATCNet,Low,10,450,5,23,0.8731828316610926
Yang2025,ATCNet,Low,10,450,5,29,0.9433333333333334
Yang2025,ATCNet,Low,10,450,5,39,0.7883333333333333
Yang2025,ATCNet,Low,10,450,5,43,0.8866666666666667
Yang2025,ATCNet,Low,10,450,5,51,0.8200000000000001
Lee2019_SSVEP,ShallowConvNet,Low,40,50,1,4,0.995
Lee2019_SSVEP,ShallowConvNet,Low,40,50,1,6,1.0
Lee2019_SSVEP,ShallowConvNet,Low,40,50,1,13,0.96
Lee2019_SSVEP,ShallowConvNet,Low,40,50,1,14,0.94
Lee2019_SSVEP,ShallowConvNet,Low,40,50,1,18,0.995
Lee2019_SSVEP,ShallowConvNet,Low,40,50,1,20,0.95
Lee2019_SSVEP,ShallowConvNet,Low,40,50,1,33,0.995
Lee2019_SSVEP,ShallowConvNet,Low,40,50,1,45,0.97
Lee2019_SSVEP,ShallowConvNet,Low,40,50,1,49,0.99
Lee2019_SSVEP,ShallowConvNet,Low,40,50,1,50,0.945
Lee2019_SSVEP,ShallowConvNet,Low,40,50,1,53,0.995
Lee2019_SSVEP,ShallowConvNet,Low,40,50,2,5,0.845
Lee2019_SSVEP,ShallowConvNet,Low,40,50,2,7,0.995
Lee2019_SSVEP,ShallowConvNet,Low,40,50,2,9,0.985
Lee2019_SSVEP,ShallowConvNet,Low,40,50,2,16,0.99
Lee2019_SSVEP,ShallowConvNet,Low,40,50,2,25,0.925
Lee2019_SSVEP,ShallowConvNet,Low,40,50,2,27,0.985
Lee2019_SSVEP,ShallowConvNet,Low,40,50,2,34,0.8150000000000001
Lee2019_SSVEP,ShallowConvNet,Low,40,50,2,35,0.945
Lee2019_SSVEP,ShallowConvNet,Low,40,50,2,38,1.0
Lee2019_SSVEP,ShallowConvNet,Low,40,50,2,46,0.975
Lee2019_SSVEP,ShallowConvNet,Low,40,50,2,51,0.7949999999999999
Lee2019_SSVEP,ShallowConvNet,Low,40,50,3,1,0.925
Lee2019_SSVEP,ShallowConvNet,Low,40,50,3,10,0.96
Lee2019_SSVEP,ShallowConvNet,Low,40,50,3,12,0.97
Lee2019_SSVEP,ShallowConvNet,Low,40,50,3,17,0.975
Lee2019_SSVEP,ShallowConvNet,Low,40,50,3,26,0.985
Lee2019_SSVEP,ShallowConvNet,Low,40,50,3,28,0.975
Lee2019_SSVEP,ShallowConvNet,Low,40,50,3,31,0.99
Lee2019_SSVEP,ShallowConvNet,Low,40,50,3,32,0.7
Lee2019_SSVEP,ShallowConvNet,Low,40,50,3,37,0.99
Lee2019_SSVEP,ShallowConvNet,Low,40,50,3,41,0.99
Lee2019_SSVEP,ShallowConvNet,Low,40,50,3,48,0.995
Lee2019_SSVEP,ShallowConvNet,Low,40,50,4,2,0.99
Lee2019_SSVEP,ShallowConvNet,Low,40,50,4,3,0.935
Lee2019_SSVEP,ShallowConvNet,Low,40,50,4,11,1.0
Lee2019_SSVEP,ShallowConvNet,Low,40,50,4,22,0.8799999999999999
Lee2019_SSVEP,ShallowConvNet,Low,40,50,4,24,0.92
Lee2019_SSVEP,ShallowConvNet,Low,40,50,4,30,0.985
Lee2019_SSVEP,ShallowConvNet,Low,40,50,4,36,1.0
Lee2019_SSVEP,ShallowConvNet,Low,40,50,4,40,0.915
Lee2019_SSVEP,ShallowConvNet,Low,40,50,4,42,0.8
Lee2019_SSVEP,ShallowConvNet,Low,40,50,4,44,0.995
Lee2019_SSVEP,ShallowConvNet,Low,40,50,4,47,0.645
Lee2019_SSVEP,ShallowConvNet,Low,40,50,5,8,0.91
Lee2019_SSVEP,ShallowConvNet,Low,40,50,5,15,0.93
Lee2019_SSVEP,ShallowConvNet,Low,40,50,5,19,0.895
Lee2019_SSVEP,ShallowConvNet,Low,40,50,5,21,0.97
Lee2019_SSVEP,ShallowConvNet,Low,40,50,5,23,0.52
Lee2019_SSVEP,ShallowConvNet,Low,40,50,5,29,0.93
Lee2019_SSVEP,ShallowConvNet,Low,40,50,5,39,0.975
Lee2019_SSVEP,ShallowConvNet,Low,40,50,5,43,0.99
Lee2019_SSVEP,ShallowConvNet,Low,40,50,5,52,0.965
Lee2019_SSVEP,ShallowConvNet,Low,40,50,5,54,0.7200000000000001
Kalunga2016,DeepConvNet,Unknown,8,32,1,1,0.265625
Kalunga2016,DeepConvNet,Unknown,8,32,1,10,0.3359375
Kalunga2016,DeepConvNet,Unknown,8,32,1,11,0.3125
Kalunga2016,DeepConvNet,Unknown,8,32,2,3,0.296875
Kalunga2016,DeepConvNet,Unknown,8,32,2,6,0.359375
Kalunga2016,DeepConvNet,Unknown,8,32,2,9,0.265625
Kalunga2016,DeepConvNet,Unknown,8,32,3,2,0.28125
Kalunga2016,DeepConvNet,Unknown,8,32,3,12,0.2375
Kalunga2016,DeepConvNet,Unknown,8,32,4,5,0.328125
Kalunga2016,DeepConvNet,Unknown,8,32,4,8,0.265625
Kalunga2016,DeepConvNet,Unknown,8,32,5,4,0.375
Kalunga2016,DeepConvNet,Unknown,8,32,5,7,0.3333333333333333
Yang2025,DeepConvNet,Low,10,450,1,4,0.5333333333333333
Yang2025,DeepConvNet,Low,10,450,1,13,0.8233333333333333
Yang2025,DeepConvNet,Low,10,450,1,14,0.5700000000000001
Yang2025,DeepConvNet,Low,10,450,1,18,0.6950000000000001
Yang2025,DeepConvNet,Low,10,450,1,25,0.9783333333333332
Yang2025,DeepConvNet,Low,10,450,1,31,0.8300000000000001
Yang2025,DeepConvNet,Low,10,450,1,32,0.6462263099219621
Yang2025,DeepConvNet,Low,10,450,1,33,0.96
Yang2025,DeepConvNet,Low,10,450,1,41,0.9066666666666668
Yang2025,DeepConvNet,Low,10,450,1,44,0.7433333333333334
Yang2025,DeepConvNet,Low,10,450,1,47,0.92
Yang2025,DeepConvNet,Low,10,450,2,5,0.9016666666666666
Yang2025,DeepConvNet,Low,10,450,2,7,0.8066666666666666
Yang2025,DeepConvNet,Low,10,450,2,9,0.745
Yang2025,DeepConvNet,Low,10,450,2,16,0.6483333333333333
Yang2025,DeepConvNet,Low,10,450,2,20,0.9416666666666668
Yang2025,DeepConvNet,Low,10,450,2,34,0.83
Yang2025,DeepConvNet,Low,10,450,2,37,0.95
Yang2025,DeepConvNet,Low,10,450,2,48,0.9183333333333332
Yang2025,DeepConvNet,Low,10,450,2,49,0.9683333333333332
Yang2025,DeepConvNet,Low,10,450,2,50,0.96
Yang2025,DeepConvNet,Low,10,450,3,1,0.96
Yang2025,DeepConvNet,Low,10,450,3,10,0.8883333333333333
Yang2025,DeepConvNet,Low,10,450,3,12,0.5566666666666666
Yang2025,DeepConvNet,Low,10,450,3,17,0.8433333333333333
Yang2025,DeepConvNet,Low,10,450,3,26,0.928288740245262
Yang2025,DeepConvNet,Low,10,450,3,27,0.73
Yang2025,DeepConvNet,Low,10,450,3,28,0.9
Yang2025,DeepConvNet,Low,10,450,3,35,0.97
Yang2025,DeepConvNet,Low,10,450,3,45,0.895
Yang2025,DeepConvNet,Low,10,450,3,46,0.9966666666666666
Yang2025,DeepConvNet,Low,10,450,4,2,0.7
Yang2025,DeepConvNet,Low,10,450,4,3,0.9716666666666668
Yang2025,DeepConvNet,Low,10,450,4,6,0.96
Yang2025,DeepConvNet,Low,10,450,4,22,0.8833333333333333
Yang2025,DeepConvNet,Low,10,450,4,24,0.9797977507709053
Yang2025,DeepConvNet,Low,10,450,4,30,0.9666666666666668
Yang2025,DeepConvNet,Low,10,450,4,36,0.9483333333333333
Yang2025,DeepConvNet,Low,10,450,4,38,0.7116666666666667
Yang2025,DeepConvNet,Low,10,450,4,40,0.8566666666666667
Yang2025,DeepConvNet,Low,10,450,4,42,0.8516666666666667
Yang2025,DeepConvNet,Low,10,450,5,8,0.935
Yang2025,DeepConvNet,Low,10,450,5,11,0.9366666666666668
Yang2025,DeepConvNet,Low,10,450,5,15,0.85
Yang2025,DeepConvNet,Low,10,450,5,19,0.8883333333333334
Yang2025,DeepConvNet,Low,10,450,5,21,0.895
Yang2025,DeepConvNet,Low,10,450,5,23,0.9732720178372352
Yang2025,DeepConvNet,Low,10,450,5,29,0.8633333333333333
Yang2025,DeepConvNet,Low,10,450,5,39,0.7733333333333333
Yang2025,DeepConvNet,Low,10,450,5,43,0.9983333333333332
Yang2025,DeepConvNet,Low,10,450,5,51,0.9233333333333332
BI2015a,EEGNetv4,Low,25,200,1,5,0.8585858585858586
BI2015a,EEGNetv4,Low,25,200,1,9,0.8072072072072072
BI2015a,EEGNetv4,Low,25,200,1,13,0.8758771929824561
BI2015a,EEGNetv4,Low,25,200,1,25,0.7744252873563219
BI2015a,EEGNetv4,Low,25,200,1,26,0.8887096774193548
BI2015a,EEGNetv4,Low,25,200,1,35,0.6765700483091788
BI2015a,EEGNetv4,Low,25,200,1,37,0.7321428571428572
BI2015a,EEGNetv4,Low,25,200,1,38,0.8382882882882883
BI2015a,EEGNetv4,Low,25,200,1,40,0.8324074074074075
BI2015a,EEGNetv4,Low,25,200,2,4,0.8754166666666667
BI2015a,EEGNetv4,Low,25,200,2,7,0.8495098039215687
BI2015a,EEGNetv4,Low,25,200,2,14,0.7418803418803419
BI2015a,EEGNetv4,Low,25,200,2,16,0.8590476190476191
BI2015a,EEGNetv4,Low,25,200,2,18,0.7877777777777777
BI2015a,EEGNetv4,Low,25,200,2,20,0.8485185185185184
BI2015a,EEGNetv4,Low,25,200,2,28,0.769
BI2015a,EEGNetv4,Low,25,200,2,32,0.8478494623655914
BI2015a,EEGNetv4,Low,25,200,2,41,0.7944444444444445
BI2015a,EEGNetv4,Low,25,200,3,1,0.7067159613564842
BI2015a,EEGNetv4,Low,25,200,3,6,0.8185606060606061
BI2015a,EEGNetv4,Low,25,200,3,10,0.8661290322580646
BI2015a,EEGNetv4,Low,25,200,3,12,0.7381720430107527
BI2015a,EEGNetv4,Low,25,200,3,17,0.8074074074074074
BI2015a,EEGNetv4,Low,25,200,3,27,0.7225738396624473
BI2015a,EEGNetv4,Low,25,200,3,30,0.7277777777777777
BI2015a,EEGNetv4,Low,25,200,3,31,0.7095555555555555
BI2015a,EEGNetv4,Low,25,200,3,42,0.706140350877193
BI2015a,EEGNetv4,Low,25,200,4,2,0.8567460317460318
BI2015a,EEGNetv4,Low,25,200,4,3,0.896551724137931
BI2015a,EEGNetv4,Low,25,200,4,22,0.8473484848484849
BI2015a,EEGNetv4,Low,25,200,4,24,0.874074074074074
BI2015a,EEGNetv4,Low,25,200,4,33,0.8321428571428571
BI2015a,EEGNetv4,Low,25,200,4,34,0.8109523809523809
BI2015a,EEGNetv4,Low,25,200,4,36,0.8533333333333333
BI2015a,EEGNetv4,Low,25,200,4,43,0.896551724137931
BI2015a,EEGNetv4,Low,25,200,5,8,0.8424603174603175
BI2015a,EEGNetv4,Low,25,200,5,11,0.7887500000000001
BI2015a,EEGNetv4,Low,25,200,5,15,0.829047619047619
BI2015a,EEGNetv4,Low,25,200,5,19,0.7766666666666666
BI2015a,EEGNetv4,Low,25,200,5,21,0.8528571428571428
BI2015a,EEGNetv4,Low,25,200,5,23,0.7776315789473685
BI2015a,EEGNetv4,Low,25,200,5,29,0.7588235294117647
BI2015a,EEGNetv4,Low,25,200,5,39,0.7887755102040817
Yang2025,EEGNetv4,High,20,450,1,4,0.5716666666666668
Yang2025,EEGNetv4,High,20,450,1,13,0.7949999999999999
Yang2025,EEGNetv4,High,20,450,1,14,0.55
Yang2025,EEGNetv4,High,20,450,1,18,0.6833333333333333
Yang2025,EEGNetv4,High,20,450,1,25,0.9633333333333334
Yang2025,EEGNetv4,High,20,450,1,31,0.8233333333333333
Yang2025,EEGNetv4,High,20,450,1,32,0.6009977703455964
Yang2025,EEGNetv4,High,20,450,1,33,0.9616666666666668
Yang2025,EEGNetv4,High,20,450,1,41,0.895
Yang2025,EEGNetv4,High,20,450,1,44,0.7433333333333334
Yang2025,EEGNetv4,High,20,450,1,47,0.92
Yang2025,EEGNetv4,High,20,450,2,5,0.88
Yang2025,EEGNetv4,High,20,450,2,7,0.815
Yang2025,EEGNetv4,High,20,450,2,9,0.7133333333333334
Yang2025,EEGNetv4,High,20,450,2,16,0.6266666666666667
Yang2025,EEGNetv4,High,20,450,2,20,0.925
Yang2025,EEGNetv4,High,20,450,2,34,0.7916666666666667
Yang2025,EEGNetv4,High,20,450,2,37,0.8733333333333333
Yang2025,EEGNetv4,High,20,450,2,48,0.88
Yang2025,EEGNetv4,High,20,450,2,49,0.9633333333333334
Yang2025,EEGNetv4,High,20,450,2,50,0.9516666666666668
Yang2025,EEGNetv4,High,20,450,3,1,0.96
Yang2025,EEGNetv4,High,20,450,3,10,0.8616666666666667
Yang2025,EEGNetv4,High,20,450,3,12,0.5916666666666667
Yang2025,EEGNetv4,High,20,450,3,17,0.8233333333333334
Yang2025,EEGNetv4,High,20,450,3,26,0.9148773690078038
Yang2025,EEGNetv4,High,20,450,3,27,0.7183333333333333
Yang2025,EEGNetv4,High,20,450,3,28,0.8833333333333333
Yang2025,EEGNetv4,High,20,450,3,35,0.965
Yang2025,EEGNetv4,High,20,450,3,45,0.8916666666666666
Yang2025,EEGNetv4,High,20,450,3,46,0.995
Yang2025,EEGNetv4,High,20,450,4,2,0.6683333333333332
Yang2025,EEGNetv4,High,20,450,4,3,0.9566666666666668
Yang2025,EEGNetv4,High,20,450,4,6,0.9616666666666668
Yang2025,EEGNetv4,High,20,450,4,22,0.8433333333333334
Yang2025,EEGNetv4,High,20,450,4,24,0.9814869399600944
Yang2025,EEGNetv4,High,20,450,4,30,0.8083333333333333
Yang2025,EEGNetv4,High,20,450,4,36,0.9316666666666666
Yang2025,EEGNetv4,High,20,450,4,38,0.685
Yang2025,EEGNetv4,High,20,450,4,40,0.8616666666666667
Yang2025,EEGNetv4,High,20,450,4,42,0.8233333333333333
Yang2025,EEGNetv4,High,20,450,5,8,0.9266666666666666
Yang2025,EEGNetv4,High,20,450,5,11,0.8999999999999999
Yang2025,EEGNetv4,High,20,450,5,15,0.815
Yang2025,EEGNetv4,High,20,450,5,19,0.8483333333333334
Yang2025,EEGNetv4,High,20,450,5,21,0.9116666666666666
Yang2025,EEGNetv4,High,20,450,5,23,0.9532497212931996
Yang2025,EEGNetv4,High,20,450,5,29,0.8200000000000001
Yang2025,EEGNetv4,High,20,450,5,39,0.7666666666666666
Yang2025,EEGNetv4,High,20,450,5,43,0.9966666666666668
Yang2025,EEGNetv4,High,20,450,5,51,0.8966666666666667
Huebner2017,DeepConvNet,Unknown,10,7500,1,1,0.9601766840915528
Huebner2017,DeepConvNet,Unknown,10,7500,1,10,0.9764127180395408
Huebner2017,DeepConvNet,Unknown,10,7500,1,12,0.9484508547008548
Huebner2017,DeepConvNet,Unknown,10,7500,2,3,0.9347127788062553
Huebner2017,DeepConvNet,Unknown,10,7500,2,6,0.9763983060418012
Huebner2017,DeepConvNet,Unknown,10,7500,2,9,0.9646291208791208
Huebner2017,DeepConvNet,Unknown,10,7500,3,2,0.938250407000407
Huebner2017,DeepConvNet,Unknown,10,7500,3,5,0.898427960927961
Huebner2017,DeepConvNet,Unknown,10,7500,3,13,0.96619301616376
Huebner2017,DeepConvNet,Unknown,10,7500,4,8,0.8720961664173551
Huebner2017,DeepConvNet,Unknown,10,7500,4,11,0.8132934832543417
Huebner2017,DeepConvNet,Unknown,10,7500,5,4,0.974511123172837
Huebner2017,DeepConvNet,Unknown,10,7500,5,7,0.9880698005698004
Lee2019_SSVEP,DeepConvNet,Low,10,200,1,4,1.0
Lee2019_SSVEP,DeepConvNet,Low,10,200,1,6,0.99
Lee2019_SSVEP,DeepConvNet,Low,10,200,1,13,0.96
Lee2019_SSVEP,DeepConvNet,Low,10,200,1,14,0.97
Lee2019_SSVEP,DeepConvNet,Low,10,200,1,18,0.995
Lee2019_SSVEP,DeepConvNet,Low,10,200,1,20,0.975
Lee2019_SSVEP,DeepConvNet,Low,10,200,1,33,1.0
Lee2019_SSVEP,DeepConvNet,Low,10,200,1,45,0.955
Lee2019_SSVEP,DeepConvNet,Low,10,200,1,49,1.0
Lee2019_SSVEP,DeepConvNet,Low,10,200,1,50,0.99
Lee2019_SSVEP,DeepConvNet,Low,10,200,1,53,0.995
Lee2019_SSVEP,DeepConvNet,Low,10,200,2,5,0.8300000000000001
Lee2019_SSVEP,DeepConvNet,Low,10,200,2,7,0.995
Lee2019_SSVEP,DeepConvNet,Low,10,200,2,9,0.96
Lee2019_SSVEP,DeepConvNet,Low,10,200,2,16,1.0
Lee2019_SSVEP,DeepConvNet,Low,10,200,2,25,0.975
Lee2019_SSVEP,DeepConvNet,Low,10,200,2,27,0.995
Lee2019_SSVEP,DeepConvNet,Low,10,200,2,34,0.855
Lee2019_SSVEP,DeepConvNet,Low,10,200,2,35,0.98
Lee2019_SSVEP,DeepConvNet,Low,10,200,2,38,0.99
Lee2019_SSVEP,DeepConvNet,Low,10,200,2,46,0.985
Lee2019_SSVEP,DeepConvNet,Low,10,200,2,51,0.7999999999999999
Lee2019_SSVEP,DeepConvNet,Low,10,200,3,1,0.96
Lee2019_SSVEP,DeepConvNet,Low,10,200,3,10,0.975
Lee2019_SSVEP,DeepConvNet,Low,10,200,3,12,0.965
Lee2019_SSVEP,DeepConvNet,Low,10,200,3,17,0.98
Lee2019_SSVEP,DeepConvNet,Low,10,200,3,26,0.99
Lee2019_SSVEP,DeepConvNet,Low,10,200,3,28,0.96
Lee2019_SSVEP,DeepConvNet,Low,10,200,3,31,1.0
Lee2019_SSVEP,DeepConvNet,Low,10,200,3,32,0.79
Lee2019_SSVEP,DeepConvNet,Low,10,200,3,37,0.985
Lee2019_SSVEP,DeepConvNet,Low,10,200,3,41,0.98
Lee2019_SSVEP,DeepConvNet,Low,10,200,3,48,1.0
Lee2019_SSVEP,DeepConvNet,Low,10,200,4,2,0.985
Lee2019_SSVEP,DeepConvNet,Low,10,200,4,3,0.945
Lee2019_SSVEP,DeepConvNet,Low,10,200,4,11,1.0
Lee2019_SSVEP,DeepConvNet,Low,10,200,4,22,0.93
Lee2019_SSVEP,DeepConvNet,Low,10,200,4,24,0.975
Lee2019_SSVEP,DeepConvNet,Low,10,200,4,30,0.985
Lee2019_SSVEP,DeepConvNet,Low,10,200,4,36,1.0
Lee2019_SSVEP,DeepConvNet,Low,10,200,4,40,0.945
Lee2019_SSVEP,DeepConvNet,Low,10,200,4,42,0.8099999999999999
Lee2019_SSVEP,DeepConvNet,Low,10,200,4,44,0.995
Lee2019_SSVEP,DeepConvNet,Low,10,200,4,47,0.615
Lee2019_SSVEP,DeepConvNet,Low,10,200,5,8,0.95
Lee2019_SSVEP,DeepConvNet,Low,10,200,5,15,0.995
Lee2019_SSVEP,DeepConvNet,Low,10,200,5,19,0.935
Lee2019_SSVEP,DeepConvNet,Low,10,200,5,21,0.98
Lee2019_SSVEP,DeepConvNet,Low,10,200,5,23,0.535
Lee2019_SSVEP,DeepConvNet,Low,10,200,5,29,0.955
Lee2019_SSVEP,DeepConvNet,Low,10,200,5,39,1.0
Lee2019_SSVEP,DeepConvNet,Low,10,200,5,43,1.0
Lee2019_SSVEP,DeepConvNet,Low,10,200,5,52,0.99
Lee2019_SSVEP,DeepConvNet,Low,10,200,5,54,0.875
Lee2019_SSVEP,ATCNet,Low,10,200,1,4,0.99
Lee2019_SSVEP,ATCNet,Low,10,200,1,6,0.995
Lee2019_SSVEP,ATCNet,Low,10,200,1,13,0.96
Lee2019_SSVEP,ATCNet,Low,10,200,1,14,0.94
Lee2019_SSVEP,ATCNet,Low,10,200,1,18,0.97
Lee2019_SSVEP,ATCNet,Low,10,200,1,20,0.965
Lee2019_SSVEP,ATCNet,Low,10,200,1,33,1.0
Lee2019_SSVEP,ATCNet,Low,10,200,1,45,0.925
Lee2019_SSVEP,ATCNet,Low,10,200,1,49,0.995
Lee2019_SSVEP,ATCNet,Low,10,200,1,50,0.995
Lee2019_SSVEP,ATCNet,Low,10,200,1,53,1.0
Lee2019_SSVEP,ATCNet,Low,10,200,2,5,0.8200000000000001
Lee2019_SSVEP,ATCNet,Low,10,200,2,7,0.995
Lee2019_SSVEP,ATCNet,Low,10,200,2,9,0.945
Lee2019_SSVEP,ATCNet,Low,10,200,2,16,0.995
Lee2019_SSVEP,ATCNet,Low,10,200,2,25,0.955
Lee2019_SSVEP,ATCNet,Low,10,200,2,27,0.98
Lee2019_SSVEP,ATCNet,Low,10,200,2,34,0.835
Lee2019_SSVEP,ATCNet,Low,10,200,2,35,0.985
Lee2019_SSVEP,ATCNet,Low,10,200,2,38,0.98
Lee2019_SSVEP,ATCNet,Low,10,200,2,46,0.985
Lee2019_SSVEP,ATCNet,Low,10,200,2,51,0.81
Lee2019_SSVEP,ATCNet,Low,10,200,3,1,0.95
Lee2019_SSVEP,ATCNet,Low,10,200,3,10,0.985
Lee2019_SSVEP,ATCNet,Low,10,200,3,12,0.955
Lee2019_SSVEP,ATCNet,Low,10,200,3,17,0.915
Lee2019_SSVEP,ATCNet,Low,10,200,3,26,0.995
Lee2019_SSVEP,ATCNet,Low,10,200,3,28,0.95
Lee2019_SSVEP,ATCNet,Low,10,200,3,31,1.0
Lee2019_SSVEP,ATCNet,Low,10,200,3,32,0.93
Lee2019_SSVEP,ATCNet,Low,10,200,3,37,0.985
Lee2019_SSVEP,ATCNet,Low,10,200,3,41,0.975
Lee2019_SSVEP,ATCNet,Low,10,200,3,48,0.995
Lee2019_SSVEP,ATCNet,Low,10,200,4,2,0.985
Lee2019_SSVEP,ATCNet,Low,10,200,4,3,0.8899999999999999
Lee2019_SSVEP,ATCNet,Low,10,200,4,11,1.0
Lee2019_SSVEP,ATCNet,Low,10,200,4,22,0.855
Lee2019_SSVEP,ATCNet,Low,10,200,4,24,0.955
Lee2019_SSVEP,ATCNet,Low,10,200,4,30,0.99
Lee2019_SSVEP,ATCNet,Low,10,200,4,36,1.0
Lee2019_SSVEP,ATCNet,Low,10,200,4,40,0.915
Lee2019_SSVEP,ATCNet,Low,10,200,4,42,0.78
Lee2019_SSVEP,ATCNet,Low,10,200,4,44,0.97
Lee2019_SSVEP,ATCNet,Low,10,200,4,47,0.605
Lee2019_SSVEP,ATCNet,Low,10,200,5,8,0.955
Lee2019_SSVEP,ATCNet,Low,10,200,5,15,0.985
Lee2019_SSVEP,ATCNet,Low,10,200,5,19,0.975
Lee2019_SSVEP,ATCNet,Low,10,200,5,21,0.965
Lee2019_SSVEP,ATCNet,Low,10,200,5,23,0.57
Lee2019_SSVEP,ATCNet,Low,10,200,5,29,0.94
Lee2019_SSVEP,ATCNet,Low,10,200,5,39,1.0
Lee2019_SSVEP,ATCNet,Low,10,200,5,43,1.0
Lee2019_SSVEP,ATCNet,Low,10,200,5,52,0.995
Lee2019_SSVEP,ATCNet,Low,10,200,5,54,0.825
Huebner2018,EEGNetv4,Unknown,3,14000,1,1,0.9646284709048012
Huebner2018,EEGNetv4,Unknown,3,14000,1,10,0.9115728021978022
Huebner2018,EEGNetv4,Unknown,3,14000,1,11,0.8877119954160255
Huebner2018,EEGNetv4,Unknown,3,14000,2,3,0.9745764652014652
Huebner2018,EEGNetv4,Unknown,3,14000,2,6,0.9703411172161172
Huebner2018,EEGNetv4,Unknown,3,14000,2,9,0.9232702034243498
Huebner2018,EEGNetv4,Unknown,3,14000,3,2,0.9787087912087912
Huebner2018,EEGNetv4,Unknown,3,14000,3,12,0.9102564102564104
Huebner2018,EEGNetv4,Unknown,3,14000,4,5,0.8993699115160083
Huebner2018,EEGNetv4,Unknown,3,14000,4,8,0.8977564102564103
Huebner2018,EEGNetv4,Unknown,3,14000,5,4,0.9445283882783884
Huebner2018,EEGNetv4,Unknown,3,14000,5,7,0.9122065796820744
MAMEM2,ATCNet,Unknown,3,100,1,2,0.3153333333333333
MAMEM2,ATCNet,Unknown,3,100,1,9,0.1793333333333333
MAMEM2,ATCNet,Unknown,3,100,2,1,0.2273333333333333
MAMEM2,ATCNet,Unknown,3,100,2,6,0.1733333333333333
MAMEM2,ATCNet,Unknown,3,100,3,3,0.1946666666666666
MAMEM2,ATCNet,Unknown,3,100,3,8,0.142
MAMEM2,ATCNet,Unknown,3,100,4,5,0.178
MAMEM2,ATCNet,Unknown,3,100,4,10,0.1793333333333333
MAMEM2,ATCNet,Unknown,3,100,5,4,0.1766666666666666
MAMEM2,ATCNet,Unknown,3,100,5,7,0.2206666666666666
Huebner2018,ATCNet,Unknown,12,7000,1,1,0.9731336459164672
Huebner2018,ATCNet,Unknown,12,7000,1,10,0.9240728021978022
Huebner2018,ATCNet,Unknown,12,7000,1,11,0.9043962795350092
Huebner2018,ATCNet,Unknown,12,7000,2,3,0.9783653846153846
Huebner2018,ATCNet,Unknown,12,7000,2,6,0.977838827838828
Huebner2018,ATCNet,Unknown,12,7000,2,9,0.93851765326059
Huebner2018,ATCNet,Unknown,12,7000,3,2,0.9811011904761904
Huebner2018,ATCNet,Unknown,12,7000,3,12,0.9230196886446886
Huebner2018,ATCNet,Unknown,12,7000,4,5,0.9158205221340872
Huebner2018,ATCNet,Unknown,12,7000,4,8,0.9185554029304028
Huebner2018,ATCNet,Unknown,12,7000,5,4,0.9496565934065936
Huebner2018,ATCNet,Unknown,12,7000,5,7,0.931884935175976
Lee2019_MI,ATCNet,Unknown,40,150,1,4,0.79
Lee2019_MI,ATCNet,Unknown,40,150,1,6,0.915
Lee2019_MI,ATCNet,Unknown,40,150,1,13,0.63
Lee2019_MI,ATCNet,Unknown,40,150,1,14,0.72
Lee2019_MI,ATCNet,Unknown,40,150,1,18,0.93
Lee2019_MI,ATCNet,Unknown,40,150,1,20,0.825
Lee2019_MI,ATCNet,Unknown,40,150,1,33,0.965
Lee2019_MI,ATCNet,Unknown,40,150,1,45,0.89
Lee2019_MI,ATCNet,Unknown,40,150,1,49,0.905
Lee2019_MI,ATCNet,Unknown,40,150,1,50,0.635
Lee2019_MI,ATCNet,Unknown,40,150,1,53,0.8
Lee2019_MI,ATCNet,Unknown,40,150,2,5,0.875
Lee2019_MI,ATCNet,Unknown,40,150,2,7,0.73
Lee2019_MI,ATCNet,Unknown,40,150,2,9,0.81
Lee2019_MI,ATCNet,Unknown,40,150,2,16,0.81
Lee2019_MI,ATCNet,Unknown,40,150,2,25,0.83
Lee2019_MI,ATCNet,Unknown,40,150,2,27,0.785
Lee2019_MI,ATCNet,Unknown,40,150,2,34,0.595
Lee2019_MI,ATCNet,Unknown,40,150,2,35,0.945
Lee2019_MI,ATCNet,Unknown,40,150,2,38,0.675
Lee2019_MI,ATCNet,Unknown,40,150,2,46,0.7050000000000001
Lee2019_MI,ATCNet,Unknown,40,150,2,51,0.62
Lee2019_MI,ATCNet,Unknown,40,150,3,1,0.835
Lee2019_MI,ATCNet,Unknown,40,150,3,10,0.7250000000000001
Lee2019_MI,ATCNet,Unknown,40,150,3,12,0.81
Lee2019_MI,ATCNet,Unknown,40,150,3,17,0.71
Lee2019_MI,ATCNet,Unknown,40,150,3,26,0.8200000000000001
Lee2019_MI,ATCNet,Unknown,40,150,3,28,0.975
Lee2019_MI,ATCNet,Unknown,40,150,3,31,0.77
Lee2019_MI,ATCNet,Unknown,40,150,3,32,0.975
Lee2019_MI,ATCNet,Unknown,40,150,3,37,0.96
Lee2019_MI,ATCNet,Unknown,40,150,3,41,0.56
Lee2019_MI,ATCNet,Unknown,40,150,3,48,0.7
Lee2019_MI,ATCNet,Unknown,40,150,4,2,0.74
Lee2019_MI,ATCNet,Unknown,40,150,4,3,0.885
Lee2019_MI,ATCNet,Unknown,40,150,4,11,0.5800000000000001
Lee2019_MI,ATCNet,Unknown,40,150,4,22,0.77
Lee2019_MI,ATCNet,Unknown,40,150,4,24,0.7
Lee2019_MI,ATCNet,Unknown,40,150,4,30,0.7350000000000001
Lee2019_MI,ATCNet,Unknown,40,150,4,36,0.98
Lee2019_MI,ATCNet,Unknown,40,150,4,40,0.8
Lee2019_MI,ATCNet,Unknown,40,150,4,42,0.745
Lee2019_MI,ATCNet,Unknown,40,150,4,44,0.885
Lee2019_MI,ATCNet,Unknown,40,150,4,47,0.7949999999999999
Lee2019_MI,ATCNet,Unknown,40,150,5,8,0.78
Lee2019_MI,ATCNet,Unknown,40,150,5,15,0.825
Lee2019_MI,ATCNet,Unknown,40,150,5,19,0.825
Lee2019_MI,ATCNet,Unknown,40,150,5,21,0.955
Lee2019_MI,ATCNet,Unknown,40,150,5,23,0.87
Lee2019_MI,ATCNet,Unknown,40,150,5,29,0.84
Lee2019_MI,ATCNet,Unknown,40,150,5,39,0.8300000000000001
Lee2019_MI,ATCNet,Unknown,40,150,5,43,0.885
Lee2019_MI,ATCNet,Unknown,40,150,5,52,0.8049999999999999
Lee2019_MI,ATCNet,Unknown,40,150,5,54,0.67
Lee2019_MI,ShallowConvNet,Unknown,40,150,1,4,0.76
Lee2019_MI,ShallowConvNet,Unknown,40,150,1,6,0.8400000000000001
Lee2019_MI,ShallowConvNet,Unknown,40,150,1,13,0.715
Lee2019_MI,ShallowConvNet,Unknown,40,150,1,14,0.71
Lee2019_MI,ShallowConvNet,Unknown,40,150,1,18,0.905
Lee2019_MI,ShallowConvNet,Unknown,40,150,1,20,0.835
Lee2019_MI,ShallowConvNet,Unknown,40,150,1,33,0.955
Lee2019_MI,ShallowConvNet,Unknown,40,150,1,45,0.81
Lee2019_MI,ShallowConvNet,Unknown,40,150,1,49,0.885
Lee2019_MI,ShallowConvNet,Unknown,40,150,1,50,0.62
Lee2019_MI,ShallowConvNet,Unknown,40,150,1,53,0.7849999999999999
Lee2019_MI,ShallowConvNet,Unknown,40,150,2,5,0.865
Lee2019_MI,ShallowConvNet,Unknown,40,150,2,7,0.735
Lee2019_MI,ShallowConvNet,Unknown,40,150,2,9,0.76
Lee2019_MI,ShallowConvNet,Unknown,40,150,2,16,0.835
Lee2019_MI,ShallowConvNet,Unknown,40,150,2,25,0.865
Lee2019_MI,ShallowConvNet,Unknown,40,150,2,27,0.815
Lee2019_MI,ShallowConvNet,Unknown,40,150,2,34,0.6799999999999999
Lee2019_MI,ShallowConvNet,Unknown,40,150,2,35,0.92
Lee2019_MI,ShallowConvNet,Unknown,40,150,2,38,0.735
Lee2019_MI,ShallowConvNet,Unknown,40,150,2,46,0.7050000000000001
Lee2019_MI,ShallowConvNet,Unknown,40,150,2,51,0.6599999999999999
Lee2019_MI,ShallowConvNet,Unknown,40,150,3,1,0.765
Lee2019_MI,ShallowConvNet,Unknown,40,150,3,10,0.7150000000000001
Lee2019_MI,ShallowConvNet,Unknown,40,150,3,12,0.755
Lee2019_MI,ShallowConvNet,Unknown,40,150,3,17,0.66
Lee2019_MI,ShallowConvNet,Unknown,40,150,3,26,0.855
Lee2019_MI,ShallowConvNet,Unknown,40,150,3,28,0.915
Lee2019_MI,ShallowConvNet,Unknown,40,150,3,31,0.7849999999999999
Lee2019_MI,ShallowConvNet,Unknown,40,150,3,32,0.925
Lee2019_MI,ShallowConvNet,Unknown,40,150,3,37,0.925
Lee2019_MI,ShallowConvNet,Unknown,40,150,3,41,0.715
Lee2019_MI,ShallowConvNet,Unknown,40,150,3,48,0.705
Lee2019_MI,ShallowConvNet,Unknown,40,150,4,2,0.85
Lee2019_MI,ShallowConvNet,Unknown,40,150,4,3,0.865
Lee2019_MI,ShallowConvNet,Unknown,40,150,4,11,0.695
Lee2019_MI,ShallowConvNet,Unknown,40,150,4,22,0.63
Lee2019_MI,ShallowConvNet,Unknown,40,150,4,24,0.73
Lee2019_MI,ShallowConvNet,Unknown,40,150,4,30,0.735
Lee2019_MI,ShallowConvNet,Unknown,40,150,4,36,0.955
Lee2019_MI,ShallowConvNet,Unknown,40,150,4,40,0.775
Lee2019_MI,ShallowConvNet,Unknown,40,150,4,42,0.685
Lee2019_MI,ShallowConvNet,Unknown,40,150,4,44,0.825
Lee2019_MI,ShallowConvNet,Unknown,40,150,4,47,0.815
Lee2019_MI,ShallowConvNet,Unknown,40,150,5,8,0.675
Lee2019_MI,ShallowConvNet,Unknown,40,150,5,15,0.7949999999999999
Lee2019_MI,ShallowConvNet,Unknown,40,150,5,19,0.81
Lee2019_MI,ShallowConvNet,Unknown,40,150,5,21,0.975
Lee2019_MI,ShallowConvNet,Unknown,40,150,5,23,0.8
Lee2019_MI,ShallowConvNet,Unknown,40,150,5,29,0.7949999999999999
Lee2019_MI,ShallowConvNet,Unknown,40,150,5,39,0.835
Lee2019_MI,ShallowConvNet,Unknown,40,150,5,43,0.885
Lee2019_MI,ShallowConvNet,Unknown,40,150,5,52,0.84
Lee2019_MI,ShallowConvNet,Unknown,40,150,5,54,0.76
Huebner2018,DeepConvNet,Unknown,8,10500,1,1,0.9663801548414952
Huebner2018,DeepConvNet,Unknown,8,10500,1,10,0.9014537545787548
Huebner2018,DeepConvNet,Unknown,8,10500,1,11,0.8903899993909847
Huebner2018,DeepConvNet,Unknown,8,10500,2,3,0.9716002747252748
Huebner2018,DeepConvNet,Unknown,8,10500,2,6,0.9714171245421246
Huebner2018,DeepConvNet,Unknown,8,10500,2,9,0.9229156309011378
Huebner2018,DeepConvNet,Unknown,8,10500,3,2,0.9758814102564104
Huebner2018,DeepConvNet,Unknown,8,10500,3,12,0.9107257326007324
Huebner2018,DeepConvNet,Unknown,8,10500,4,5,0.8989043397732925
Huebner2018,DeepConvNet,Unknown,8,10500,4,8,0.9008585164835166
Huebner2018,DeepConvNet,Unknown,8,10500,5,4,0.9462339743589744
Huebner2018,DeepConvNet,Unknown,8,10500,5,7,0.9145789710167688
Huebner2017,DeepConvNet,Unknown,12,6250,1,1,0.9573912129250008
Huebner2017,DeepConvNet,Unknown,12,6250,1,10,0.9768457598885538
Huebner2017,DeepConvNet,Unknown,12,6250,1,12,0.9466956654456656
Huebner2017,DeepConvNet,Unknown,12,6250,2,3,0.9311514734690494
Huebner2017,DeepConvNet,Unknown,12,6250,2,6,0.97320947687664
Huebner2017,DeepConvNet,Unknown,12,6250,2,9,0.9662189662189662
Huebner2017,DeepConvNet,Unknown,12,6250,3,2,0.9407560032560032
Huebner2017,DeepConvNet,Unknown,12,6250,3,5,0.9015949328449328
Huebner2017,DeepConvNet,Unknown,12,6250,3,13,0.9647176241571784
Huebner2017,DeepConvNet,Unknown,12,6250,4,8,0.8653548597447438
Huebner2017,DeepConvNet,Unknown,12,6250,4,11,0.815583579018555
Huebner2017,DeepConvNet,Unknown,12,6250,5,4,0.9753377081320802
Huebner2017,DeepConvNet,Unknown,12,6250,5,7,0.9881969881969882
Huebner2018,ShallowConvNet,Unknown,6,7000,1,1,0.9641707170550242
Huebner2018,ShallowConvNet,Unknown,6,7000,1,10,0.9074061355311356
Huebner2018,ShallowConvNet,Unknown,6,7000,1,11,0.8696829972132394
Huebner2018,ShallowConvNet,Unknown,6,7000,2,3,0.9691964285714284
Huebner2018,ShallowConvNet,Unknown,6,7000,2,6,0.9600389194139194
Huebner2018,ShallowConvNet,Unknown,6,7000,2,9,0.9167225843767308
Huebner2018,ShallowConvNet,Unknown,6,7000,3,2,0.9754235347985348
Huebner2018,ShallowConvNet,Unknown,6,7000,3,12,0.8984317765567766
Huebner2018,ShallowConvNet,Unknown,6,7000,4,5,0.8938542239325636
Huebner2018,ShallowConvNet,Unknown,6,7000,4,8,0.8855654761904762
Huebner2018,ShallowConvNet,Unknown,6,7000,5,4,0.9417010073260071
Huebner2018,ShallowConvNet,Unknown,6,7000,5,7,0.90248902877384
Lee2019_MI,EEGNetv4,Unknown,30,200,1,4,0.6950000000000001
Lee2019_MI,EEGNetv4,Unknown,30,200,1,6,0.865
Lee2019_MI,EEGNetv4,Unknown,30,200,1,13,0.68
Lee2019_MI,EEGNetv4,Unknown,30,200,1,14,0.625
Lee2019_MI,EEGNetv4,Unknown,30,200,1,18,0.87
Lee2019_MI,EEGNetv4,Unknown,30,200,1,20,0.815
Lee2019_MI,EEGNetv4,Unknown,30,200,1,33,0.94
Lee2019_MI,EEGNetv4,Unknown,30,200,1,45,0.89
Lee2019_MI,EEGNetv4,Unknown,30,200,1,49,0.86
Lee2019_MI,EEGNetv4,Unknown,30,200,1,50,0.535
Lee2019_MI,EEGNetv4,Unknown,30,200,1,53,0.735
Lee2019_MI,EEGNetv4,Unknown,30,200,2,5,0.7649999999999999
Lee2019_MI,EEGNetv4,Unknown,30,200,2,7,0.72
Lee2019_MI,EEGNetv4,Unknown,30,200,2,9,0.81
Lee2019_MI,EEGNetv4,Unknown,30,200,2,16,0.815
Lee2019_MI,EEGNetv4,Unknown,30,200,2,25,0.88
Lee2019_MI,EEGNetv4,Unknown,30,200,2,27,0.92
Lee2019_MI,EEGNetv4,Unknown,30,200,2,34,0.655
Lee2019_MI,EEGNetv4,Unknown,30,200,2,35,0.885
Lee2019_MI,EEGNetv4,Unknown,30,200,2,38,0.7350000000000001
Lee2019_MI,EEGNetv4,Unknown,30,200,2,46,0.64
Lee2019_MI,EEGNetv4,Unknown,30,200,2,51,0.75
Lee2019_MI,EEGNetv4,Unknown,30,200,3,1,0.665
Lee2019_MI,EEGNetv4,Unknown,30,200,3,10,0.745
Lee2019_MI,EEGNetv4,Unknown,30,200,3,12,0.77
Lee2019_MI,EEGNetv4,Unknown,30,200,3,17,0.645
Lee2019_MI,EEGNetv4,Unknown,30,200,3,26,0.8200000000000001
Lee2019_MI,EEGNetv4,Unknown,30,200,3,28,0.875
Lee2019_MI,EEGNetv4,Unknown,30,200,3,31,0.825
Lee2019_MI,EEGNetv4,Unknown,30,200,3,32,0.885
Lee2019_MI,EEGNetv4,Unknown,30,200,3,37,0.845
Lee2019_MI,EEGNetv4,Unknown,30,200,3,41,0.7350000000000001
Lee2019_MI,EEGNetv4,Unknown,30,200,3,48,0.6950000000000001
Lee2019_MI,EEGNetv4,Unknown,30,200,4,2,0.755
Lee2019_MI,EEGNetv4,Unknown,30,200,4,3,0.85
Lee2019_MI,EEGNetv4,Unknown,30,200,4,11,0.6950000000000001
Lee2019_MI,EEGNetv4,Unknown,30,200,4,22,0.735
Lee2019_MI,EEGNetv4,Unknown,30,200,4,24,0.7849999999999999
Lee2019_MI,EEGNetv4,Unknown,30,200,4,30,0.725
Lee2019_MI,EEGNetv4,Unknown,30,200,4,36,0.955
Lee2019_MI,EEGNetv4,Unknown,30,200,4,40,0.825
Lee2019_MI,EEGNetv4,Unknown,30,200,4,42,0.715
Lee2019_MI,EEGNetv4,Unknown,30,200,4,44,0.845
Lee2019_MI,EEGNetv4,Unknown,30,200,4,47,0.845
Lee2019_MI,EEGNetv4,Unknown,30,200,5,8,0.735
Lee2019_MI,EEGNetv4,Unknown,30,200,5,15,0.8049999999999999
Lee2019_MI,EEGNetv4,Unknown,30,200,5,19,0.7949999999999999
Lee2019_MI,EEGNetv4,Unknown,30,200,5,21,0.96
Lee2019_MI,EEGNetv4,Unknown,30,200,5,23,0.785
Lee2019_MI,EEGNetv4,Unknown,30,200,5,29,0.8
Lee2019_MI,EEGNetv4,Unknown,30,200,5,39,0.8049999999999999
Lee2019_MI,EEGNetv4,Unknown,30,200,5,43,0.855
Lee2019_MI,EEGNetv4,Unknown,30,200,5,52,0.8049999999999999
Lee2019_MI,EEGNetv4,Unknown,30,200,5,54,0.755
BNCI2014_001,ShallowConvNet,Unknown,6,500,1,2,0.4600694444444444
BNCI2014_001,ShallowConvNet,Unknown,6,500,1,8,0.7638888888888888
BNCI2014_001,ShallowConvNet,Unknown,6,500,2,1,0.7552083333333333
BNCI2014_001,ShallowConvNet,Unknown,6,500,2,6,0.5434027777777778
BNCI2014_001,ShallowConvNet,Unknown,6,500,3,3,0.8472222222222222
BNCI2014_001,ShallowConvNet,Unknown,6,500,3,9,0.795138888888889
BNCI2014_001,ShallowConvNet,Unknown,6,500,4,4,0.6024305555555556
BNCI2014_001,ShallowConvNet,Unknown,6,500,4,5,0.5416666666666666
BNCI2014_001,ShallowConvNet,Unknown,6,500,5,7,0.7222222222222221
Huebner2018,ShallowConvNet,Unknown,3,14000,1,1,0.9639303240528744
Huebner2018,ShallowConvNet,Unknown,3,14000,1,10,0.902518315018315
Huebner2018,ShallowConvNet,Unknown,3,14000,1,11,0.867210917403912
Huebner2018,ShallowConvNet,Unknown,3,14000,2,3,0.9657623626373626
Huebner2018,ShallowConvNet,Unknown,3,14000,2,6,0.9543498168498168
Huebner2018,ShallowConvNet,Unknown,3,14000,2,9,0.9110675499020928
Huebner2018,ShallowConvNet,Unknown,3,14000,3,2,0.972790750915751
Huebner2018,ShallowConvNet,Unknown,3,14000,3,12,0.8898122710622711
Huebner2018,ShallowConvNet,Unknown,3,14000,4,5,0.8809643249823293
Huebner2018,ShallowConvNet,Unknown,3,14000,4,8,0.8792811355311356
Huebner2018,ShallowConvNet,Unknown,3,14000,5,4,0.9322229853479852
Huebner2018,ShallowConvNet,Unknown,3,14000,5,7,0.8855698930359979
Kalunga2016,ATCNet,Unknown,4,64,1,1,0.3125
Kalunga2016,ATCNet,Unknown,4,64,1,10,0.359375
Kalunga2016,ATCNet,Unknown,4,64,1,11,0.265625
Kalunga2016,ATCNet,Unknown,4,64,2,3,0.625
Kalunga2016,ATCNet,Unknown,4,64,2,6,0.34375
Kalunga2016,ATCNet,Unknown,4,64,2,9,0.390625
Kalunga2016,ATCNet,Unknown,4,64,3,2,0.328125
Kalunga2016,ATCNet,Unknown,4,64,3,12,0.50625
Kalunga2016,ATCNet,Unknown,4,64,4,5,0.3125
Kalunga2016,ATCNet,Unknown,4,64,4,8,0.484375
Kalunga2016,ATCNet,Unknown,4,64,5,4,0.5625
Kalunga2016,ATCNet,Unknown,4,64,5,7,0.5416666666666666
Kalunga2016,ShallowConvNet,Unknown,8,64,1,1,0.40625
Kalunga2016,ShallowConvNet,Unknown,8,64,1,10,0.40625
Kalunga2016,ShallowConvNet,Unknown,8,64,1,11,0.359375
Kalunga2016,ShallowConvNet,Unknown,8,64,2,3,0.546875
Kalunga2016,ShallowConvNet,Unknown,8,64,2,6,0.484375
Kalunga2016,ShallowConvNet,Unknown,8,64,2,9,0.359375
Kalunga2016,ShallowConvNet,Unknown,8,64,3,2,0.390625
Kalunga2016,ShallowConvNet,Unknown,8,64,3,12,0.66875
Kalunga2016,ShallowConvNet,Unknown,8,64,4,5,0.34375
Kalunga2016,ShallowConvNet,Unknown,8,64,4,8,0.5
Kalunga2016,ShallowConvNet,Unknown,8,64,5,4,0.515625
Kalunga2016,ShallowConvNet,Unknown,8,64,5,7,0.7083333333333333
Huebner2017,DeepConvNet,Unknown,6,12500,1,1,0.956933244270411
Huebner2017,DeepConvNet,Unknown,6,12500,1,10,0.9769730536739714
Huebner2017,DeepConvNet,Unknown,6,12500,1,12,0.945169413919414
Huebner2017,DeepConvNet,Unknown,6,12500,2,3,0.9276156781436142
Huebner2017,DeepConvNet,Unknown,6,12500,2,6,0.974221815024943
Huebner2017,DeepConvNet,Unknown,6,12500,2,9,0.965315934065934
Huebner2017,DeepConvNet,Unknown,6,12500,3,2,0.943070818070818
Huebner2017,DeepConvNet,Unknown,6,12500,3,5,0.9003739316239316
Huebner2017,DeepConvNet,Unknown,6,12500,3,13,0.9601135355943538
Huebner2017,DeepConvNet,Unknown,6,12500,4,8,0.8754658101225881
Huebner2017,DeepConvNet,Unknown,6,12500,4,11,0.8236504729094043
Huebner2017,DeepConvNet,Unknown,6,12500,5,4,0.97624068850916
Huebner2017,DeepConvNet,Unknown,6,12500,5,7,0.9869632682132682
BI2015a,DeepConvNet,Low,10,500,1,5,0.8863636363636364
BI2015a,DeepConvNet,Low,10,500,1,9,0.8225225225225226
BI2015a,DeepConvNet,Low,10,500,1,13,0.8798245614035087
BI2015a,DeepConvNet,Low,10,500,1,25,0.7663793103448275
BI2015a,DeepConvNet,Low,10,500,1,26,0.906989247311828
BI2015a,DeepConvNet,Low,10,500,1,35,0.6758454106280193
BI2015a,DeepConvNet,Low,10,500,1,37,0.7252380952380952
BI2015a,DeepConvNet,Low,10,500,1,38,0.8450450450450451
BI2015a,DeepConvNet,Low,10,500,1,40,0.8111111111111111
BI2015a,DeepConvNet,Low,10,500,2,4,0.8600000000000001
BI2015a,DeepConvNet,Low,10,500,2,7,0.8700980392156863
BI2015a,DeepConvNet,Low,10,500,2,14,0.7320512820512821
BI2015a,DeepConvNet,Low,10,500,2,16,0.8795238095238096
BI2015a,DeepConvNet,Low,10,500,2,18,0.792962962962963
BI2015a,DeepConvNet,Low,10,500,2,20,0.8696296296296296
BI2015a,DeepConvNet,Low,10,500,2,28,0.7929999999999999
BI2015a,DeepConvNet,Low,10,500,2,32,0.8505376344086022
BI2015a,DeepConvNet,Low,10,500,2,41,0.8177777777777777
BI2015a,DeepConvNet,Low,10,500,3,1,0.7511951761624964
BI2015a,DeepConvNet,Low,10,500,3,6,0.8079545454545454
BI2015a,DeepConvNet,Low,10,500,3,10,0.8973118279569893
BI2015a,DeepConvNet,Low,10,500,3,12,0.7413978494623656
BI2015a,DeepConvNet,Low,10,500,3,17,0.8225925925925925
BI2015a,DeepConvNet,Low,10,500,3,27,0.7151898734177216
BI2015a,DeepConvNet,Low,10,500,3,30,0.8858024691358024
BI2015a,DeepConvNet,Low,10,500,3,31,0.6817777777777778
BI2015a,DeepConvNet,Low,10,500,3,42,0.7230994152046784
BI2015a,DeepConvNet,Low,10,500,4,2,0.8503968253968255
BI2015a,DeepConvNet,Low,10,500,4,3,0.907471264367816
BI2015a,DeepConvNet,Low,10,500,4,22,0.821590909090909
BI2015a,DeepConvNet,Low,10,500,4,24,0.8680555555555556
BI2015a,DeepConvNet,Low,10,500,4,33,0.8468253968253968
BI2015a,DeepConvNet,Low,10,500,4,34,0.8433333333333333
BI2015a,DeepConvNet,Low,10,500,4,36,0.8775
BI2015a,DeepConvNet,Low,10,500,4,43,0.9109195402298852
BI2015a,DeepConvNet,Low,10,500,5,8,0.8527777777777779
BI2015a,DeepConvNet,Low,10,500,5,11,0.7866666666666666
BI2015a,DeepConvNet,Low,10,500,5,15,0.839047619047619
BI2015a,DeepConvNet,Low,10,500,5,19,0.8006666666666666
BI2015a,DeepConvNet,Low,10,500,5,21,0.8885714285714286
BI2015a,DeepConvNet,Low,10,500,5,23,0.7833333333333333
BI2015a,DeepConvNet,Low,10,500,5,29,0.772875816993464
BI2015a,DeepConvNet,Low,10,500,5,39,0.7877551020408163
Lee2019_MI,DeepConvNet,Unknown,15,200,1,4,0.6799999999999999
Lee2019_MI,DeepConvNet,Unknown,15,200,1,6,0.87
Lee2019_MI,DeepConvNet,Unknown,15,200,1,13,0.63
Lee2019_MI,DeepConvNet,Unknown,15,200,1,14,0.665
Lee2019_MI,DeepConvNet,Unknown,15,200,1,18,0.88
Lee2019_MI,DeepConvNet,Unknown,15,200,1,20,0.79
Lee2019_MI,DeepConvNet,Unknown,15,200,1,33,0.89
Lee2019_MI,DeepConvNet,Unknown,15,200,1,45,0.87
Lee2019_MI,DeepConvNet,Unknown,15,200,1,49,0.74
Lee2019_MI,DeepConvNet,Unknown,15,200,1,50,0.625
Lee2019_MI,DeepConvNet,Unknown,15,200,1,53,0.725
Lee2019_MI,DeepConvNet,Unknown,15,200,2,5,0.8049999999999999
Lee2019_MI,DeepConvNet,Unknown,15,200,2,7,0.76
Lee2019_MI,DeepConvNet,Unknown,15,200,2,9,0.725
Lee2019_MI,DeepConvNet,Unknown,15,200,2,16,0.7849999999999999
Lee2019_MI,DeepConvNet,Unknown,15,200,2,25,0.8400000000000001
Lee2019_MI,DeepConvNet,Unknown,15,200,2,27,0.89
Lee2019_MI,DeepConvNet,Unknown,15,200,2,34,0.73
Lee2019_MI,DeepConvNet,Unknown,15,200,2,35,0.93
Lee2019_MI,DeepConvNet,Unknown,15,200,2,38,0.765
Lee2019_MI,DeepConvNet,Unknown,15,200,2,46,0.61
Lee2019_MI,DeepConvNet,Unknown,15,200,2,51,0.735
Lee2019_MI,DeepConvNet,Unknown,15,200,3,1,0.645
Lee2019_MI,DeepConvNet,Unknown,15,200,3,10,0.69
Lee2019_MI,DeepConvNet,Unknown,15,200,3,12,0.72
Lee2019_MI,DeepConvNet,Unknown,15,200,3,17,0.65
Lee2019_MI,DeepConvNet,Unknown,15,200,3,26,0.855
Lee2019_MI,DeepConvNet,Unknown,15,200,3,28,0.775
Lee2019_MI,DeepConvNet,Unknown,15,200,3,31,0.7849999999999999
Lee2019_MI,DeepConvNet,Unknown,15,200,3,32,0.8300000000000001
Lee2019_MI,DeepConvNet,Unknown,15,200,3,37,0.845
Lee2019_MI,DeepConvNet,Unknown,15,200,3,41,0.6950000000000001
Lee2019_MI,DeepConvNet,Unknown,15,200,3,48,0.6499999999999999
Lee2019_MI,DeepConvNet,Unknown,15,200,4,2,0.71
Lee2019_MI,DeepConvNet,Unknown,15,200,4,3,0.8500000000000001
Lee2019_MI,DeepConvNet,Unknown,15,200,4,11,0.67
Lee2019_MI,DeepConvNet,Unknown,15,200,4,22,0.655
Lee2019_MI,DeepConvNet,Unknown,15,200,4,24,0.8
Lee2019_MI,DeepConvNet,Unknown,15,200,4,30,0.7749999999999999
Lee2019_MI,DeepConvNet,Unknown,15,200,4,36,0.945
Lee2019_MI,DeepConvNet,Unknown,15,200,4,40,0.81
Lee2019_MI,DeepConvNet,Unknown,15,200,4,42,0.6950000000000001
Lee2019_MI,DeepConvNet,Unknown,15,200,4,44,0.8049999999999999
Lee2019_MI,DeepConvNet,Unknown,15,200,4,47,0.8400000000000001
Lee2019_MI,DeepConvNet,Unknown,15,200,5,8,0.72
Lee2019_MI,DeepConvNet,Unknown,15,200,5,15,0.835
Lee2019_MI,DeepConvNet,Unknown,15,200,5,19,0.6950000000000001
Lee2019_MI,DeepConvNet,Unknown,15,200,5,21,0.86
Lee2019_MI,DeepConvNet,Unknown,15,200,5,23,0.655
Lee2019_MI,DeepConvNet,Unknown,15,200,5,29,0.79
Lee2019_MI,DeepConvNet,Unknown,15,200,5,39,0.76
Lee2019_MI,DeepConvNet,Unknown,15,200,5,43,0.78
Lee2019_MI,DeepConvNet,Unknown,15,200,5,52,0.7050000000000001
Lee2019_MI,DeepConvNet,Unknown,15,200,5,54,0.625
Yang2025,ShallowConvNet,High,15,600,1,4,0.5549999999999999
Yang2025,ShallowConvNet,High,15,600,1,13,0.805
Yang2025,ShallowConvNet,High,15,600,1,14,0.5583333333333333
Yang2025,ShallowConvNet,High,15,600,1,18,0.6833333333333333
Yang2025,ShallowConvNet,High,15,600,1,25,0.9433333333333334
Yang2025,ShallowConvNet,High,15,600,1,31,0.7716666666666667
Yang2025,ShallowConvNet,High,15,600,1,32,0.7011315496098105
Yang2025,ShallowConvNet,High,15,600,1,33,0.955
Yang2025,ShallowConvNet,High,15,600,1,41,0.8883333333333334
Yang2025,ShallowConvNet,High,15,600,1,44,0.7216666666666667
Yang2025,ShallowConvNet,High,15,600,1,47,0.8716666666666666
Yang2025,ShallowConvNet,High,15,600,2,5,0.895
Yang2025,ShallowConvNet,High,15,600,2,7,0.8
Yang2025,ShallowConvNet,High,15,600,2,9,0.7166666666666667
Yang2025,ShallowConvNet,High,15,600,2,16,0.6683333333333333
Yang2025,ShallowConvNet,High,15,600,2,20,0.8616666666666667
Yang2025,ShallowConvNet,High,15,600,2,34,0.8
Yang2025,ShallowConvNet,High,15,600,2,37,0.895
Yang2025,ShallowConvNet,High,15,600,2,48,0.8833333333333333
Yang2025,ShallowConvNet,High,15,600,2,49,0.9433333333333334
Yang2025,ShallowConvNet,High,15,600,2,50,0.935
Yang2025,ShallowConvNet,High,15,600,3,1,0.9183333333333332
Yang2025,ShallowConvNet,High,15,600,3,10,0.86
Yang2025,ShallowConvNet,High,15,600,3,12,0.5716666666666667
Yang2025,ShallowConvNet,High,15,600,3,17,0.7933333333333333
Yang2025,ShallowConvNet,High,15,600,3,26,0.9081661092530656
Yang2025,ShallowConvNet,High,15,600,3,27,0.685
Yang2025,ShallowConvNet,High,15,600,3,28,0.9033333333333332
Yang2025,ShallowConvNet,High,15,600,3,35,0.9533333333333334
Yang2025,ShallowConvNet,High,15,600,3,45,0.88
Yang2025,ShallowConvNet,High,15,600,3,46,0.99
Yang2025,ShallowConvNet,High,15,600,4,2,0.6616666666666666
Yang2025,ShallowConvNet,High,15,600,4,3,0.9566666666666668
Yang2025,ShallowConvNet,High,15,600,4,6,0.9616666666666668
Yang2025,ShallowConvNet,High,15,600,4,22,0.8466666666666667
Yang2025,ShallowConvNet,High,15,600,4,24,0.9595955015418104
Yang2025,ShallowConvNet,High,15,600,4,30,0.9316666666666666
Yang2025,ShallowConvNet,High,15,600,4,36,0.935
Yang2025,ShallowConvNet,High,15,600,4,38,0.64
Yang2025,ShallowConvNet,High,15,600,4,40,0.8466666666666667
Yang2025,ShallowConvNet,High,15,600,4,42,0.8183333333333334
Yang2025,ShallowConvNet,High,15,600,5,8,0.9216666666666666
Yang2025,ShallowConvNet,High,15,600,5,11,0.9016666666666666
Yang2025,ShallowConvNet,High,15,600,5,15,0.7616666666666667
Yang2025,ShallowConvNet,High,15,600,5,19,0.865
Yang2025,ShallowConvNet,High,15,600,5,21,0.8666666666666667
Yang2025,ShallowConvNet,High,15,600,5,23,0.9398829431438128
Yang2025,ShallowConvNet,High,15,600,5,29,0.8383333333333334
Yang2025,ShallowConvNet,High,15,600,5,39,0.7333333333333334
Yang2025,ShallowConvNet,High,15,600,5,43,0.9916666666666668
Yang2025,ShallowConvNet,High,15,600,5,51,0.87
Lee2019_MI,ATCNet,Unknown,50,120,1,4,0.795
Lee2019_MI,ATCNet,Unknown,50,120,1,6,0.875
Lee2019_MI,ATCNet,Unknown,50,120,1,13,0.655
Lee2019_MI,ATCNet,Unknown,50,120,1,14,0.73
Lee2019_MI,ATCNet,Unknown,50,120,1,18,0.915
Lee2019_MI,ATCNet,Unknown,50,120,1,20,0.805
Lee2019_MI,ATCNet,Unknown,50,120,1,33,0.985
Lee2019_MI,ATCNet,Unknown,50,120,1,45,0.8400000000000001
Lee2019_MI,ATCNet,Unknown,50,120,1,49,0.815
Lee2019_MI,ATCNet,Unknown,50,120,1,50,0.61
Lee2019_MI,ATCNet,Unknown,50,120,1,53,0.74
Lee2019_MI,ATCNet,Unknown,50,120,2,5,0.92
Lee2019_MI,ATCNet,Unknown,50,120,2,7,0.76
Lee2019_MI,ATCNet,Unknown,50,120,2,9,0.815
Lee2019_MI,ATCNet,Unknown,50,120,2,16,0.8200000000000001
Lee2019_MI,ATCNet,Unknown,50,120,2,25,0.89
Lee2019_MI,ATCNet,Unknown,50,120,2,27,0.8200000000000001
Lee2019_MI,ATCNet,Unknown,50,120,2,34,0.57
Lee2019_MI,ATCNet,Unknown,50,120,2,35,0.96
Lee2019_MI,ATCNet,Unknown,50,120,2,38,0.69
Lee2019_MI,ATCNet,Unknown,50,120,2,46,0.7150000000000001
Lee2019_MI,ATCNet,Unknown,50,120,2,51,0.6000000000000001
Lee2019_MI,ATCNet,Unknown,50,120,3,1,0.8049999999999999
Lee2019_MI,ATCNet,Unknown,50,120,3,10,0.755
Lee2019_MI,ATCNet,Unknown,50,120,3,12,0.8049999999999999
Lee2019_MI,ATCNet,Unknown,50,120,3,17,0.77
Lee2019_MI,ATCNet,Unknown,50,120,3,26,0.85
Lee2019_MI,ATCNet,Unknown,50,120,3,28,0.965
Lee2019_MI,ATCNet,Unknown,50,120,3,31,0.7749999999999999
Lee2019_MI,ATCNet,Unknown,50,120,3,32,0.965
Lee2019_MI,ATCNet,Unknown,50,120,3,37,0.97
Lee2019_MI,ATCNet,Unknown,50,120,3,41,0.62
Lee2019_MI,ATCNet,Unknown,50,120,3,48,0.69
Lee2019_MI,ATCNet,Unknown,50,120,4,2,0.765
Lee2019_MI,ATCNet,Unknown,50,120,4,3,0.93
Lee2019_MI,ATCNet,Unknown,50,120,4,11,0.635
Lee2019_MI,ATCNet,Unknown,50,120,4,22,0.77
Lee2019_MI,ATCNet,Unknown,50,120,4,24,0.62
Lee2019_MI,ATCNet,Unknown,50,120,4,30,0.7350000000000001
Lee2019_MI,ATCNet,Unknown,50,120,4,36,0.98
Lee2019_MI,ATCNet,Unknown,50,120,4,40,0.8049999999999999
Lee2019_MI,ATCNet,Unknown,50,120,4,42,0.7250000000000001
Lee2019_MI,ATCNet,Unknown,50,120,4,44,0.875
Lee2019_MI,ATCNet,Unknown,50,120,4,47,0.785
Lee2019_MI,ATCNet,Unknown,50,120,5,8,0.755
Lee2019_MI,ATCNet,Unknown,50,120,5,15,0.825
Lee2019_MI,ATCNet,Unknown,50,120,5,19,0.79
Lee2019_MI,ATCNet,Unknown,50,120,5,21,0.965
Lee2019_MI,ATCNet,Unknown,50,120,5,23,0.845
Lee2019_MI,ATCNet,Unknown,50,120,5,29,0.8300000000000001
Lee2019_MI,ATCNet,Unknown,50,120,5,39,0.8
Lee2019_MI,ATCNet,Unknown,50,120,5,43,0.865
Lee2019_MI,ATCNet,Unknown,50,120,5,52,0.8049999999999999
Lee2019_MI,ATCNet,Unknown,50,120,5,54,0.71
Lee2019_MI,EEGNetv4,Unknown,15,200,1,4,0.73
Lee2019_MI,EEGNetv4,Unknown,15,200,1,6,0.825
Lee2019_MI,EEGNetv4,Unknown,15,200,1,13,0.595
Lee2019_MI,EEGNetv4,Unknown,15,200,1,14,0.6499999999999999
Lee2019_MI,EEGNetv4,Unknown,15,200,1,18,0.8
Lee2019_MI,EEGNetv4,Unknown,15,200,1,20,0.765
Lee2019_MI,EEGNetv4,Unknown,15,200,1,33,0.855
Lee2019_MI,EEGNetv4,Unknown,15,200,1,45,0.8
Lee2019_MI,EEGNetv4,Unknown,15,200,1,49,0.79
Lee2019_MI,EEGNetv4,Unknown,15,200,1,50,0.575
Lee2019_MI,EEGNetv4,Unknown,15,200,1,53,0.75
Lee2019_MI,EEGNetv4,Unknown,15,200,2,5,0.755
Lee2019_MI,EEGNetv4,Unknown,15,200,2,7,0.74
Lee2019_MI,EEGNetv4,Unknown,15,200,2,9,0.7749999999999999
Lee2019_MI,EEGNetv4,Unknown,15,200,2,16,0.745
Lee2019_MI,EEGNetv4,Unknown,15,200,2,25,0.865
Lee2019_MI,EEGNetv4,Unknown,15,200,2,27,0.845
Lee2019_MI,EEGNetv4,Unknown,15,200,2,34,0.635
Lee2019_MI,EEGNetv4,Unknown,15,200,2,35,0.94
Lee2019_MI,EEGNetv4,Unknown,15,200,2,38,0.7350000000000001
Lee2019_MI,EEGNetv4,Unknown,15,200,2,46,0.62
Lee2019_MI,EEGNetv4,Unknown,15,200,2,51,0.685
Lee2019_MI,EEGNetv4,Unknown,15,200,3,1,0.6100000000000001
Lee2019_MI,EEGNetv4,Unknown,15,200,3,10,0.6599999999999999
Lee2019_MI,EEGNetv4,Unknown,15,200,3,12,0.72
Lee2019_MI,EEGNetv4,Unknown,15,200,3,17,0.6
Lee2019_MI,EEGNetv4,Unknown,15,200,3,26,0.81
Lee2019_MI,EEGNetv4,Unknown,15,200,3,28,0.86
Lee2019_MI,EEGNetv4,Unknown,15,200,3,31,0.81
Lee2019_MI,EEGNetv4,Unknown,15,200,3,32,0.755
Lee2019_MI,EEGNetv4,Unknown,15,200,3,37,0.76
Lee2019_MI,EEGNetv4,Unknown,15,200,3,41,0.75
Lee2019_MI,EEGNetv4,Unknown,15,200,3,48,0.6
Lee2019_MI,EEGNetv4,Unknown,15,200,4,2,0.695
Lee2019_MI,EEGNetv4,Unknown,15,200,4,3,0.87
Lee2019_MI,EEGNetv4,Unknown,15,200,4,11,0.67
Lee2019_MI,EEGNetv4,Unknown,15,200,4,22,0.64
Lee2019_MI,EEGNetv4,Unknown,15,200,4,24,0.74
Lee2019_MI,EEGNetv4,Unknown,15,200,4,30,0.77
Lee2019_MI,EEGNetv4,Unknown,15,200,4,36,0.96
Lee2019_MI,EEGNetv4,Unknown,15,200,4,40,0.815
Lee2019_MI,EEGNetv4,Unknown,15,200,4,42,0.6799999999999999
Lee2019_MI,EEGNetv4,Unknown,15,200,4,44,0.78
Lee2019_MI,EEGNetv4,Unknown,15,200,4,47,0.74
Lee2019_MI,EEGNetv4,Unknown,15,200,5,8,0.73
Lee2019_MI,EEGNetv4,Unknown,15,200,5,15,0.825
Lee2019_MI,EEGNetv4,Unknown,15,200,5,19,0.72
Lee2019_MI,EEGNetv4,Unknown,15,200,5,21,0.88
Lee2019_MI,EEGNetv4,Unknown,15,200,5,23,0.685
Lee2019_MI,EEGNetv4,Unknown,15,200,5,29,0.78
Lee2019_MI,EEGNetv4,Unknown,15,200,5,39,0.725
Lee2019_MI,EEGNetv4,Unknown,15,200,5,43,0.825
Lee2019_MI,EEGNetv4,Unknown,15,200,5,52,0.795
Lee2019_MI,EEGNetv4,Unknown,15,200,5,54,0.71
BNCI2014_001,EEGNetv4,Unknown,6,500,1,2,0.6059027777777777
BNCI2014_001,EEGNetv4,Unknown,6,500,1,8,0.7690972222222222
BNCI2014_001,EEGNetv4,Unknown,6,500,2,1,0.7777777777777777
BNCI2014_001,EEGNetv4,Unknown,6,500,2,6,0.6388888888888888
BNCI2014_001,EEGNetv4,Unknown,6,500,3,3,0.8420138888888888
BNCI2014_001,EEGNetv4,Unknown,6,500,3,9,0.8315972222222222
BNCI2014_001,EEGNetv4,Unknown,6,500,4,4,0.6840277777777778
BNCI2014_001,EEGNetv4,Unknown,6,500,4,5,0.5850694444444445
BNCI2014_001,EEGNetv4,Unknown,6,500,5,7,0.7621527777777778
Kalunga2016,ShallowConvNet,Unknown,12,42,1,1,0.375
Kalunga2016,ShallowConvNet,Unknown,12,42,1,10,0.4453125
Kalunga2016,ShallowConvNet,Unknown,12,42,1,11,0.375
Kalunga2016,ShallowConvNet,Unknown,12,42,2,3,0.765625
Kalunga2016,ShallowConvNet,Unknown,12,42,2,6,0.40625
Kalunga2016,ShallowConvNet,Unknown,12,42,2,9,0.359375
Kalunga2016,ShallowConvNet,Unknown,12,42,3,2,0.453125
Kalunga2016,ShallowConvNet,Unknown,12,42,3,12,0.6375
Kalunga2016,ShallowConvNet,Unknown,12,42,4,5,0.359375
Kalunga2016,ShallowConvNet,Unknown,12,42,4,8,0.609375
Kalunga2016,ShallowConvNet,Unknown,12,42,5,4,0.53125
Kalunga2016,ShallowConvNet,Unknown,12,42,5,7,0.6770833333333333
Huebner2017,ATCNet,Unknown,10,7500,1,1,0.97354362737021
Huebner2017,ATCNet,Unknown,10,7500,1,10,0.982563721136168
Huebner2017,ATCNet,Unknown,10,7500,1,12,0.9555224867724867
Huebner2017,ATCNet,Unknown,10,7500,2,3,0.9471636501582564
Huebner2017,ATCNet,Unknown,10,7500,2,6,0.9819196095959032
Huebner2017,ATCNet,Unknown,10,7500,2,9,0.972285816035816
Huebner2017,ATCNet,Unknown,10,7500,3,2,0.9493157305657306
Huebner2017,ATCNet,Unknown,10,7500,3,5,0.924259768009768
Huebner2017,ATCNet,Unknown,10,7500,3,13,0.9718782254430214
Huebner2017,ATCNet,Unknown,10,7500,4,8,0.8950268736868066
Huebner2017,ATCNet,Unknown,10,7500,4,11,0.8389700100302997
Huebner2017,ATCNet,Unknown,10,7500,5,4,0.9842658757082224
Huebner2017,ATCNet,Unknown,10,7500,5,7,0.9911223036223036
BNCI2014_001,DeepConvNet,Unknown,3,500,1,2,0.4149305555555556
BNCI2014_001,DeepConvNet,Unknown,3,500,1,8,0.6371527777777778
BNCI2014_001,DeepConvNet,Unknown,3,500,2,1,0.5104166666666666
BNCI2014_001,DeepConvNet,Unknown,3,500,2,6,0.4444444444444444
BNCI2014_001,DeepConvNet,Unknown,3,500,3,3,0.6788194444444444
BNCI2014_001,DeepConvNet,Unknown,3,500,3,9,0.6458333333333334
BNCI2014_001,DeepConvNet,Unknown,3,500,4,4,0.5121527777777778
BNCI2014_001,DeepConvNet,Unknown,3,500,4,5,0.4982638888888889
BNCI2014_001,DeepConvNet,Unknown,3,500,5,7,0.3975694444444444
Huebner2017,ATCNet,Unknown,3,12500,1,1,0.9668789853503876
Huebner2017,ATCNet,Unknown,3,12500,1,10,0.979188613483152
Huebner2017,ATCNet,Unknown,3,12500,1,12,0.9551536426536428
Huebner2017,ATCNet,Unknown,3,12500,2,3,0.938438216501518
Huebner2017,ATCNet,Unknown,3,12500,2,6,0.9825109139094572
Huebner2017,ATCNet,Unknown,3,12500,2,9,0.9693096255596256
Huebner2017,ATCNet,Unknown,3,12500,3,2,0.946670227920228
Huebner2017,ATCNet,Unknown,3,12500,3,5,0.9141356328856328
Huebner2017,ATCNet,Unknown,3,12500,3,13,0.964908239931772
Huebner2017,ATCNet,Unknown,3,12500,4,8,0.880603889960444
Huebner2017,ATCNet,Unknown,3,12500,4,11,0.8296565499364765
Huebner2017,ATCNet,Unknown,3,12500,5,4,0.981289685232032
Huebner2017,ATCNet,Unknown,3,12500,5,7,0.9905881155881155
Yang2025,DeepConvNet,High,30,300,1,4,0.565
Yang2025,DeepConvNet,High,30,300,1,13,0.8633333333333333
Yang2025,DeepConvNet,High,30,300,1,14,0.6
Yang2025,DeepConvNet,High,30,300,1,18,0.7333333333333334
Yang2025,DeepConvNet,High,30,300,1,25,0.9766666666666668
Yang2025,DeepConvNet,High,30,300,1,31,0.8533333333333333
Yang2025,DeepConvNet,High,30,300,1,32,0.6477090301003345
Yang2025,DeepConvNet,High,30,300,1,33,0.9766666666666668
Yang2025,DeepConvNet,High,30,300,1,41,0.9333333333333332
Yang2025,DeepConvNet,High,30,300,1,44,0.8016666666666666
Yang2025,DeepConvNet,High,30,300,1,47,0.9416666666666668
Yang2025,DeepConvNet,High,30,300,2,5,0.925
Yang2025,DeepConvNet,High,30,300,2,7,0.865
Yang2025,DeepConvNet,High,30,300,2,9,0.7633333333333334
Yang2025,DeepConvNet,High,30,300,2,16,0.69
Yang2025,DeepConvNet,High,30,300,2,20,0.9433333333333334
Yang2025,DeepConvNet,High,30,300,2,34,0.8566666666666667
Yang2025,DeepConvNet,High,30,300,2,37,0.9416666666666668
Yang2025,DeepConvNet,High,30,300,2,48,0.9283333333333332
Yang2025,DeepConvNet,High,30,300,2,49,0.9866666666666668
Yang2025,DeepConvNet,High,30,300,2,50,0.9783333333333332
Yang2025,DeepConvNet,High,30,300,3,1,0.9766666666666668
Yang2025,DeepConvNet,High,30,300,3,10,0.9233333333333332
Yang2025,DeepConvNet,High,30,300,3,12,0.6083333333333334
Yang2025,DeepConvNet,High,30,300,3,17,0.8433333333333333
Yang2025,DeepConvNet,High,30,300,3,26,0.9532720178372353
Yang2025,DeepConvNet,High,30,300,3,27,0.7833333333333333
Yang2025,DeepConvNet,High,30,300,3,28,0.9533333333333334
Yang2025,DeepConvNet,High,30,300,3,35,0.9783333333333332
Yang2025,DeepConvNet,High,30,300,3,45,0.9233333333333332
Yang2025,DeepConvNet,High,30,300,3,46,0.9966666666666666
Yang2025,DeepConvNet,High,30,300,4,2,0.6966666666666668
Yang2025,DeepConvNet,High,30,300,4,3,0.975
Yang2025,DeepConvNet,High,30,300,4,6,0.9816666666666668
Yang2025,DeepConvNet,High,30,300,4,22,0.9016666666666666
Yang2025,DeepConvNet,High,30,300,4,24,0.9915880645746418
Yang2025,DeepConvNet,High,30,300,4,30,0.9716666666666668
Yang2025,DeepConvNet,High,30,300,4,36,0.945
Yang2025,DeepConvNet,High,30,300,4,38,0.7183333333333333
Yang2025,DeepConvNet,High,30,300,4,40,0.895
Yang2025,DeepConvNet,High,30,300,4,42,0.8666666666666667
Yang2025,DeepConvNet,High,30,300,5,8,0.95
Yang2025,DeepConvNet,High,30,300,5,11,0.9516666666666668
Yang2025,DeepConvNet,High,30,300,5,15,0.8833333333333333
Yang2025,DeepConvNet,High,30,300,5,19,0.9066666666666668
Yang2025,DeepConvNet,High,30,300,5,21,0.9233333333333332
Yang2025,DeepConvNet,High,30,300,5,23,0.9849832775919732
Yang2025,DeepConvNet,High,30,300,5,29,0.9183333333333332
Yang2025,DeepConvNet,High,30,300,5,39,0.8233333333333333
Yang2025,DeepConvNet,High,30,300,5,43,0.9983333333333332
Yang2025,DeepConvNet,High,30,300,5,51,0.9433333333333334
Lee2019_MI,DeepConvNet,Unknown,40,150,1,4,0.8
Lee2019_MI,DeepConvNet,Unknown,40,150,1,6,0.935
Lee2019_MI,DeepConvNet,Unknown,40,150,1,13,0.765
Lee2019_MI,DeepConvNet,Unknown,40,150,1,14,0.745
Lee2019_MI,DeepConvNet,Unknown,40,150,1,18,0.98
Lee2019_MI,DeepConvNet,Unknown,40,150,1,20,0.91
Lee2019_MI,DeepConvNet,Unknown,40,150,1,33,0.98
Lee2019_MI,DeepConvNet,Unknown,40,150,1,45,0.935
Lee2019_MI,DeepConvNet,Unknown,40,150,1,49,0.875
Lee2019_MI,DeepConvNet,Unknown,40,150,1,50,0.71
Lee2019_MI,DeepConvNet,Unknown,40,150,1,53,0.875
Lee2019_MI,DeepConvNet,Unknown,40,150,2,5,0.855
Lee2019_MI,DeepConvNet,Unknown,40,150,2,7,0.74
Lee2019_MI,DeepConvNet,Unknown,40,150,2,9,0.86
Lee2019_MI,DeepConvNet,Unknown,40,150,2,16,0.815
Lee2019_MI,DeepConvNet,Unknown,40,150,2,25,0.88
Lee2019_MI,DeepConvNet,Unknown,40,150,2,27,0.93
Lee2019_MI,DeepConvNet,Unknown,40,150,2,34,0.6950000000000001
Lee2019_MI,DeepConvNet,Unknown,40,150,2,35,0.905
Lee2019_MI,DeepConvNet,Unknown,40,150,2,38,0.745
Lee2019_MI,DeepConvNet,Unknown,40,150,2,46,0.67
Lee2019_MI,DeepConvNet,Unknown,40,150,2,51,0.7949999999999999
Lee2019_MI,DeepConvNet,Unknown,40,150,4,2,0.835
Lee2019_MI,DeepConvNet,Unknown,40,150,4,3,0.875
Lee2019_MI,DeepConvNet,Unknown,40,150,4,11,0.69
Lee2019_MI,DeepConvNet,Unknown,40,150,4,22,0.73
Lee2019_MI,DeepConvNet,Unknown,40,150,4,24,0.8200000000000001
Lee2019_MI,DeepConvNet,Unknown,40,150,4,30,0.855
Lee2019_MI,DeepConvNet,Unknown,40,150,4,36,0.99
Lee2019_MI,DeepConvNet,Unknown,40,150,4,40,0.86
Lee2019_MI,DeepConvNet,Unknown,40,150,4,42,0.725
Lee2019_MI,DeepConvNet,Unknown,40,150,4,44,0.915
Lee2019_MI,DeepConvNet,Unknown,40,150,4,47,0.845
Lee2019_MI,DeepConvNet,Unknown,40,150,5,8,0.77
Lee2019_MI,DeepConvNet,Unknown,40,150,5,15,0.915
Lee2019_MI,DeepConvNet,Unknown,40,150,5,19,0.84
Lee2019_MI,DeepConvNet,Unknown,40,150,5,21,0.975
Lee2019_MI,DeepConvNet,Unknown,40,150,5,23,0.835
Lee2019_MI,DeepConvNet,Unknown,40,150,5,29,0.835
Lee2019_MI,DeepConvNet,Unknown,40,150,5,39,0.89
Lee2019_MI,DeepConvNet,Unknown,40,150,5,43,0.8999999999999999
Lee2019_MI,DeepConvNet,Unknown,40,150,5,52,0.875
Lee2019_MI,DeepConvNet,Unknown,40,150,5,54,0.78
Huebner2017,EEGNetv4,Unknown,10,7500,1,1,0.9694354048809066
Huebner2017,EEGNetv4,Unknown,10,7500,1,10,0.9790230505692448
Huebner2017,EEGNetv4,Unknown,10,7500,1,12,0.9490486365486366
Huebner2017,EEGNetv4,Unknown,10,7500,2,3,0.9399647786834842
Huebner2017,EEGNetv4,Unknown,10,7500,2,6,0.9773745664033644
Huebner2017,EEGNetv4,Unknown,10,7500,2,9,0.9713700651200652
Huebner2017,EEGNetv4,Unknown,10,7500,3,2,0.942905474155474
Huebner2017,EEGNetv4,Unknown,10,7500,3,5,0.9144154456654456
Huebner2017,EEGNetv4,Unknown,10,7500,3,13,0.9647683024794554
Huebner2017,EEGNetv4,Unknown,10,7500,4,8,0.879128482419496
Huebner2017,EEGNetv4,Unknown,10,7500,4,11,0.8203816536750372
Huebner2017,EEGNetv4,Unknown,10,7500,5,4,0.9816458830744909
Huebner2017,EEGNetv4,Unknown,10,7500,5,7,0.9924068986568986
Lee2019_MI,EEGNetv4,Unknown,40,150,1,4,0.6699999999999999
Lee2019_MI,EEGNetv4,Unknown,40,150,1,6,0.905
Lee2019_MI,EEGNetv4,Unknown,40,150,1,13,0.7050000000000001
Lee2019_MI,EEGNetv4,Unknown,40,150,1,14,0.665
Lee2019_MI,EEGNetv4,Unknown,40,150,1,18,0.89
Lee2019_MI,EEGNetv4,Unknown,40,150,1,20,0.835
Lee2019_MI,EEGNetv4,Unknown,40,150,1,33,0.95
Lee2019_MI,EEGNetv4,Unknown,40,150,1,45,0.8500000000000001
Lee2019_MI,EEGNetv4,Unknown,40,150,1,49,0.8899999999999999
Lee2019_MI,EEGNetv4,Unknown,40,150,1,50,0.59
Lee2019_MI,EEGNetv4,Unknown,40,150,1,53,0.78
Lee2019_MI,EEGNetv4,Unknown,40,150,2,5,0.8200000000000001
Lee2019_MI,EEGNetv4,Unknown,40,150,2,7,0.73
Lee2019_MI,EEGNetv4,Unknown,40,150,2,9,0.81
Lee2019_MI,EEGNetv4,Unknown,40,150,2,16,0.815
Lee2019_MI,EEGNetv4,Unknown,40,150,2,25,0.87
Lee2019_MI,EEGNetv4,Unknown,40,150,2,27,0.91
Lee2019_MI,EEGNetv4,Unknown,40,150,2,34,0.67
Lee2019_MI,EEGNetv4,Unknown,40,150,2,35,0.93
Lee2019_MI,EEGNetv4,Unknown,40,150,2,38,0.7949999999999999
Lee2019_MI,EEGNetv4,Unknown,40,150,2,46,0.675
Lee2019_MI,EEGNetv4,Unknown,40,150,2,51,0.745
Lee2019_MI,EEGNetv4,Unknown,40,150,3,1,0.73
Lee2019_MI,EEGNetv4,Unknown,40,150,3,10,0.7649999999999999
Lee2019_MI,EEGNetv4,Unknown,40,150,3,12,0.735
Lee2019_MI,EEGNetv4,Unknown,40,150,3,17,0.66
Lee2019_MI,EEGNetv4,Unknown,40,150,3,26,0.835
Lee2019_MI,EEGNetv4,Unknown,40,150,3,28,0.955
Lee2019_MI,EEGNetv4,Unknown,40,150,3,31,0.845
Lee2019_MI,EEGNetv4,Unknown,40,150,3,32,0.92
Lee2019_MI,EEGNetv4,Unknown,40,150,3,37,0.88
Lee2019_MI,EEGNetv4,Unknown,40,150,3,41,0.8200000000000001
Lee2019_MI,EEGNetv4,Unknown,40,150,3,48,0.655
Lee2019_MI,EEGNetv4,Unknown,40,150,4,2,0.75
Lee2019_MI,EEGNetv4,Unknown,40,150,4,3,0.88
Lee2019_MI,EEGNetv4,Unknown,40,150,4,11,0.7250000000000001
Lee2019_MI,EEGNetv4,Unknown,40,150,4,22,0.745
Lee2019_MI,EEGNetv4,Unknown,40,150,4,24,0.7649999999999999
Lee2019_MI,EEGNetv4,Unknown,40,150,4,30,0.795
Lee2019_MI,EEGNetv4,Unknown,40,150,4,36,0.985
Lee2019_MI,EEGNetv4,Unknown,40,150,4,40,0.8049999999999999
Lee2019_MI,EEGNetv4,Unknown,40,150,4,42,0.7350000000000001
Lee2019_MI,EEGNetv4,Unknown,40,150,4,44,0.87
Lee2019_MI,EEGNetv4,Unknown,40,150,4,47,0.81
Lee2019_MI,EEGNetv4,Unknown,40,150,5,8,0.795
Lee2019_MI,EEGNetv4,Unknown,40,150,5,15,0.8600000000000001
Lee2019_MI,EEGNetv4,Unknown,40,150,5,19,0.805
Lee2019_MI,EEGNetv4,Unknown,40,150,5,21,0.975
Lee2019_MI,EEGNetv4,Unknown,40,150,5,23,0.86
Lee2019_MI,EEGNetv4,Unknown,40,150,5,29,0.84
Lee2019_MI,EEGNetv4,Unknown,40,150,5,39,0.825
Lee2019_MI,EEGNetv4,Unknown,40,150,5,43,0.895
Lee2019_MI,EEGNetv4,Unknown,40,150,5,52,0.875
Lee2019_MI,EEGNetv4,Unknown,40,150,5,54,0.76
Huebner2017,EEGNetv4,Unknown,10,3750,1,1,0.9694354048809066
Huebner2017,EEGNetv4,Unknown,10,3750,1,10,0.9790230505692448
Huebner2017,EEGNetv4,Unknown,10,3750,1,12,0.9490486365486366
Huebner2017,EEGNetv4,Unknown,10,3750,2,3,0.9399647786834842
Huebner2017,EEGNetv4,Unknown,10,3750,2,6,0.9773745664033644
Huebner2017,EEGNetv4,Unknown,10,3750,2,9,0.9713700651200652
Huebner2017,EEGNetv4,Unknown,10,3750,3,2,0.942905474155474
Huebner2017,EEGNetv4,Unknown,10,3750,3,5,0.9144154456654456
Huebner2017,EEGNetv4,Unknown,10,3750,3,13,0.9647683024794554
Huebner2017,EEGNetv4,Unknown,10,3750,4,8,0.879128482419496
Huebner2017,EEGNetv4,Unknown,10,3750,4,11,0.8203816536750372
Huebner2017,EEGNetv4,Unknown,10,3750,5,4,0.9816458830744909
Huebner2017,EEGNetv4,Unknown,10,3750,5,7,0.9924068986568986
Huebner2017,EEGNetv4,Unknown,6,12500,1,1,0.9682906851706464
Huebner2017,EEGNetv4,Unknown,6,12500,1,10,0.9801566132023768
Huebner2017,EEGNetv4,Unknown,6,12500,1,12,0.9468482905982906
Huebner2017,EEGNetv4,Unknown,6,12500,2,3,0.9331979619991018
Huebner2017,EEGNetv4,Unknown,6,12500,2,6,0.9794369879474424
Huebner2017,EEGNetv4,Unknown,6,12500,2,9,0.9736848799348798
Huebner2017,EEGNetv4,Unknown,6,12500,3,2,0.9480565730565732
Huebner2017,EEGNetv4,Unknown,6,12500,3,5,0.9116300366300366
Huebner2017,EEGNetv4,Unknown,6,12500,3,13,0.9668414193860668
Huebner2017,EEGNetv4,Unknown,6,12500,4,8,0.8728705197957691
Huebner2017,EEGNetv4,Unknown,6,12500,4,11,0.8194147467960373
Huebner2017,EEGNetv4,Unknown,6,12500,5,4,0.9821801125294408
Huebner2017,EEGNetv4,Unknown,6,12500,5,7,0.990295584045584
Yang2025,ShallowConvNet,Low,15,300,1,4,0.5433333333333333
Yang2025,ShallowConvNet,Low,15,300,1,13,0.7816666666666667
Yang2025,ShallowConvNet,Low,15,300,1,14,0.55
Yang2025,ShallowConvNet,Low,15,300,1,18,0.6666666666666666
Yang2025,ShallowConvNet,Low,15,300,1,25,0.935
Yang2025,ShallowConvNet,Low,15,300,1,31,0.7833333333333333
Yang2025,ShallowConvNet,Low,15,300,1,32,0.6861036789297659
Yang2025,ShallowConvNet,Low,15,300,1,33,0.965
Yang2025,ShallowConvNet,Low,15,300,1,41,0.8933333333333333
Yang2025,ShallowConvNet,Low,15,300,1,44,0.71
Yang2025,ShallowConvNet,Low,15,300,1,47,0.8783333333333333
Yang2025,ShallowConvNet,Low,15,300,2,5,0.9016666666666666
Yang2025,ShallowConvNet,Low,15,300,2,7,0.81
Yang2025,ShallowConvNet,Low,15,300,2,9,0.7316666666666667
Yang2025,ShallowConvNet,Low,15,300,2,16,0.6633333333333333
Yang2025,ShallowConvNet,Low,15,300,2,20,0.86
Yang2025,ShallowConvNet,Low,15,300,2,34,0.79
Yang2025,ShallowConvNet,Low,15,300,2,37,0.905
Yang2025,ShallowConvNet,Low,15,300,2,48,0.8683333333333334
Yang2025,ShallowConvNet,Low,15,300,2,49,0.9416666666666668
Yang2025,ShallowConvNet,Low,15,300,2,50,0.9366666666666668
Yang2025,ShallowConvNet,Low,15,300,3,1,0.9216666666666666
Yang2025,ShallowConvNet,Low,15,300,3,10,0.8400000000000001
Yang2025,ShallowConvNet,Low,15,300,3,12,0.5666666666666667
Yang2025,ShallowConvNet,Low,15,300,3,17,0.8049999999999999
Yang2025,ShallowConvNet,Low,15,300,3,26,0.8964771460423634
Yang2025,ShallowConvNet,Low,15,300,3,27,0.705
Yang2025,ShallowConvNet,Low,15,300,3,28,0.89
Yang2025,ShallowConvNet,Low,15,300,3,35,0.955
Yang2025,ShallowConvNet,Low,15,300,3,45,0.8766666666666667
Yang2025,ShallowConvNet,Low,15,300,3,46,0.9933333333333332
Yang2025,ShallowConvNet,Low,15,300,4,2,0.675
Yang2025,ShallowConvNet,Low,15,300,4,3,0.945
Yang2025,ShallowConvNet,Low,15,300,4,6,0.965
Yang2025,ShallowConvNet,Low,15,300,4,22,0.8416666666666667
Yang2025,ShallowConvNet,Low,15,300,4,24,0.9612846907309994
Yang2025,ShallowConvNet,Low,15,300,4,30,0.9233333333333332
Yang2025,ShallowConvNet,Low,15,300,4,36,0.935
Yang2025,ShallowConvNet,Low,15,300,4,38,0.6183333333333334
Yang2025,ShallowConvNet,Low,15,300,4,40,0.8416666666666667
Yang2025,ShallowConvNet,Low,15,300,4,42,0.8333333333333333
Yang2025,ShallowConvNet,Low,15,300,5,8,0.9183333333333332
Yang2025,ShallowConvNet,Low,15,300,5,11,0.9033333333333332
Yang2025,ShallowConvNet,Low,15,300,5,15,0.7666666666666666
Yang2025,ShallowConvNet,Low,15,300,5,19,0.8516666666666667
Yang2025,ShallowConvNet,Low,15,300,5,21,0.87
Yang2025,ShallowConvNet,Low,15,300,5,23,0.9448717948717948
Yang2025,ShallowConvNet,Low,15,300,5,29,0.8383333333333334
Yang2025,ShallowConvNet,Low,15,300,5,39,0.72
Yang2025,ShallowConvNet,Low,15,300,5,43,0.9966666666666666
Yang2025,ShallowConvNet,Low,15,300,5,51,0.865
Yang2025,EEGNetv4,High,15,600,1,4,0.5733333333333333
Yang2025,EEGNetv4,High,15,600,1,13,0.8166666666666667
Yang2025,EEGNetv4,High,15,600,1,14,0.5716666666666667
Yang2025,EEGNetv4,High,15,600,1,18,0.6666666666666667
Yang2025,EEGNetv4,High,15,600,1,25,0.9433333333333334
Yang2025,EEGNetv4,High,15,600,1,31,0.7966666666666666
Yang2025,EEGNetv4,High,15,600,1,32,0.5709253065774804
Yang2025,EEGNetv4,High,15,600,1,33,0.96
Yang2025,EEGNetv4,High,15,600,1,41,0.9033333333333332
Yang2025,EEGNetv4,High,15,600,1,44,0.7333333333333334
Yang2025,EEGNetv4,High,15,600,1,47,0.9033333333333332
Yang2025,EEGNetv4,High,15,600,2,5,0.8933333333333333
Yang2025,EEGNetv4,High,15,600,2,7,0.79
Yang2025,EEGNetv4,High,15,600,2,9,0.6916666666666667
Yang2025,EEGNetv4,High,15,600,2,16,0.6399999999999999
Yang2025,EEGNetv4,High,15,600,2,20,0.905
Yang2025,EEGNetv4,High,15,600,2,34,0.8016666666666667
Yang2025,EEGNetv4,High,15,600,2,37,0.9233333333333332
Yang2025,EEGNetv4,High,15,600,2,48,0.8816666666666667
Yang2025,EEGNetv4,High,15,600,2,49,0.9516666666666668
Yang2025,EEGNetv4,High,15,600,2,50,0.94
Yang2025,EEGNetv4,High,15,600,3,1,0.94
Yang2025,EEGNetv4,High,15,600,3,10,0.8533333333333333
Yang2025,EEGNetv4,High,15,600,3,12,0.5616666666666668
Yang2025,EEGNetv4,High,15,600,3,17,0.8083333333333333
Yang2025,EEGNetv4,High,15,600,3,26,0.8964715719063545
Yang2025,EEGNetv4,High,15,600,3,27,0.7083333333333333
Yang2025,EEGNetv4,High,15,600,3,28,0.89
Yang2025,EEGNetv4,High,15,600,3,35,0.9733333333333334
Yang2025,EEGNetv4,High,15,600,3,45,0.8816666666666666
Yang2025,EEGNetv4,High,15,600,3,46,0.99
Yang2025,EEGNetv4,High,15,600,4,2,0.6799999999999999
Yang2025,EEGNetv4,High,15,600,4,3,0.9566666666666668
Yang2025,EEGNetv4,High,15,600,4,6,0.9716666666666668
Yang2025,EEGNetv4,High,15,600,4,22,0.85
Yang2025,EEGNetv4,High,15,600,4,24,0.9848653183384728
Yang2025,EEGNetv4,High,15,600,4,30,0.8216666666666667
Yang2025,EEGNetv4,High,15,600,4,36,0.93
Yang2025,EEGNetv4,High,15,600,4,38,0.6766666666666667
Yang2025,EEGNetv4,High,15,600,4,40,0.8533333333333333
Yang2025,EEGNetv4,High,15,600,4,42,0.8083333333333333
Yang2025,EEGNetv4,High,15,600,5,8,0.93
Yang2025,EEGNetv4,High,15,600,5,11,0.8983333333333333
Yang2025,EEGNetv4,High,15,600,5,15,0.7716666666666667
Yang2025,EEGNetv4,High,15,600,5,19,0.84
Yang2025,EEGNetv4,High,15,600,5,21,0.9016666666666666
Yang2025,EEGNetv4,High,15,600,5,23,0.951577480490524
Yang2025,EEGNetv4,High,15,600,5,29,0.8016666666666667
Yang2025,EEGNetv4,High,15,600,5,39,0.7533333333333334
Yang2025,EEGNetv4,High,15,600,5,43,0.9933333333333334
Yang2025,EEGNetv4,High,15,600,5,51,0.875
Lee2019_MI,ShallowConvNet,Unknown,30,200,1,4,0.745
Lee2019_MI,ShallowConvNet,Unknown,30,200,1,6,0.825
Lee2019_MI,ShallowConvNet,Unknown,30,200,1,13,0.7250000000000001
Lee2019_MI,ShallowConvNet,Unknown,30,200,1,14,0.71
Lee2019_MI,ShallowConvNet,Unknown,30,200,1,18,0.855
Lee2019_MI,ShallowConvNet,Unknown,30,200,1,20,0.76
Lee2019_MI,ShallowConvNet,Unknown,30,200,1,33,0.9
Lee2019_MI,ShallowConvNet,Unknown,30,200,1,45,0.87
Lee2019_MI,ShallowConvNet,Unknown,30,200,1,49,0.8200000000000001
Lee2019_MI,ShallowConvNet,Unknown,30,200,1,50,0.5800000000000001
Lee2019_MI,ShallowConvNet,Unknown,30,200,1,53,0.72
Lee2019_MI,ShallowConvNet,Unknown,30,200,2,5,0.815
Lee2019_MI,ShallowConvNet,Unknown,30,200,2,7,0.725
Lee2019_MI,ShallowConvNet,Unknown,30,200,2,9,0.74
Lee2019_MI,ShallowConvNet,Unknown,30,200,2,16,0.84
Lee2019_MI,ShallowConvNet,Unknown,30,200,2,25,0.79
Lee2019_MI,ShallowConvNet,Unknown,30,200,2,27,0.76
Lee2019_MI,ShallowConvNet,Unknown,30,200,2,34,0.585
Lee2019_MI,ShallowConvNet,Unknown,30,200,2,35,0.87
Lee2019_MI,ShallowConvNet,Unknown,30,200,2,38,0.69
Lee2019_MI,ShallowConvNet,Unknown,30,200,2,46,0.69
Lee2019_MI,ShallowConvNet,Unknown,30,200,2,51,0.69
Lee2019_MI,ShallowConvNet,Unknown,30,200,3,1,0.7150000000000001
Lee2019_MI,ShallowConvNet,Unknown,30,200,3,10,0.7
Lee2019_MI,ShallowConvNet,Unknown,30,200,3,12,0.775
Lee2019_MI,ShallowConvNet,Unknown,30,200,3,17,0.6950000000000001
Lee2019_MI,ShallowConvNet,Unknown,30,200,3,26,0.8300000000000001
Lee2019_MI,ShallowConvNet,Unknown,30,200,3,28,0.92
Lee2019_MI,ShallowConvNet,Unknown,30,200,3,31,0.8300000000000001
Lee2019_MI,ShallowConvNet,Unknown,30,200,3,32,0.9
Lee2019_MI,ShallowConvNet,Unknown,30,200,3,37,0.87
Lee2019_MI,ShallowConvNet,Unknown,30,200,3,41,0.715
Lee2019_MI,ShallowConvNet,Unknown,30,200,3,48,0.71
Lee2019_MI,ShallowConvNet,Unknown,30,200,4,2,0.825
Lee2019_MI,ShallowConvNet,Unknown,30,200,4,3,0.855
Lee2019_MI,ShallowConvNet,Unknown,30,200,4,11,0.625
Lee2019_MI,ShallowConvNet,Unknown,30,200,4,22,0.645
Lee2019_MI,ShallowConvNet,Unknown,30,200,4,24,0.62
Lee2019_MI,ShallowConvNet,Unknown,30,200,4,30,0.6950000000000001
Lee2019_MI,ShallowConvNet,Unknown,30,200,4,36,0.96
Lee2019_MI,ShallowConvNet,Unknown,30,200,4,40,0.755
Lee2019_MI,ShallowConvNet,Unknown,30,200,4,42,0.67
Lee2019_MI,ShallowConvNet,Unknown,30,200,4,44,0.8
Lee2019_MI,ShallowConvNet,Unknown,30,200,4,47,0.835
Lee2019_MI,ShallowConvNet,Unknown,30,200,5,8,0.6699999999999999
Lee2019_MI,ShallowConvNet,Unknown,30,200,5,15,0.76
Lee2019_MI,ShallowConvNet,Unknown,30,200,5,19,0.795
Lee2019_MI,ShallowConvNet,Unknown,30,200,5,21,0.975
Lee2019_MI,ShallowConvNet,Unknown,30,200,5,23,0.825
Lee2019_MI,ShallowConvNet,Unknown,30,200,5,29,0.835
Lee2019_MI,ShallowConvNet,Unknown,30,200,5,39,0.86
Lee2019_MI,ShallowConvNet,Unknown,30,200,5,43,0.865
Lee2019_MI,ShallowConvNet,Unknown,30,200,5,52,0.8049999999999999
Lee2019_MI,ShallowConvNet,Unknown,30,200,5,54,0.6799999999999999
MAMEM2,ShallowConvNet,Unknown,8,75,1,2,0.1786666666666666
MAMEM2,ShallowConvNet,Unknown,8,75,1,9,0.1926666666666666
MAMEM2,ShallowConvNet,Unknown,8,75,2,1,0.2353333333333333
MAMEM2,ShallowConvNet,Unknown,8,75,2,6,0.1633333333333333
MAMEM2,ShallowConvNet,Unknown,8,75,3,3,0.1446666666666666
MAMEM2,ShallowConvNet,Unknown,8,75,3,8,0.2033333333333333
MAMEM2,ShallowConvNet,Unknown,8,75,4,5,0.1713333333333333
MAMEM2,ShallowConvNet,Unknown,8,75,4,10,0.27
MAMEM2,ShallowConvNet,Unknown,8,75,5,4,0.212
MAMEM2,ShallowConvNet,Unknown,8,75,5,7,0.2033333333333333
Lee2019_SSVEP,ATCNet,High,40,100,1,4,1.0
Lee2019_SSVEP,ATCNet,High,40,100,1,6,1.0
Lee2019_SSVEP,ATCNet,High,40,100,1,13,0.995
Lee2019_SSVEP,ATCNet,High,40,100,1,14,0.945
Lee2019_SSVEP,ATCNet,High,40,100,1,18,0.97
Lee2019_SSVEP,ATCNet,High,40,100,1,20,0.98
Lee2019_SSVEP,ATCNet,High,40,100,1,33,1.0
Lee2019_SSVEP,ATCNet,High,40,100,1,45,0.95
Lee2019_SSVEP,ATCNet,High,40,100,1,49,1.0
Lee2019_SSVEP,ATCNet,High,40,100,1,50,0.995
Lee2019_SSVEP,ATCNet,High,40,100,1,53,1.0
Lee2019_SSVEP,ATCNet,High,40,100,2,5,0.8549999999999999
Lee2019_SSVEP,ATCNet,High,40,100,2,7,1.0
Lee2019_SSVEP,ATCNet,High,40,100,2,9,0.985
Lee2019_SSVEP,ATCNet,High,40,100,2,16,0.995
Lee2019_SSVEP,ATCNet,High,40,100,2,25,0.98
Lee2019_SSVEP,ATCNet,High,40,100,2,27,1.0
Lee2019_SSVEP,ATCNet,High,40,100,2,34,0.8500000000000001
Lee2019_SSVEP,ATCNet,High,40,100,2,35,0.985
Lee2019_SSVEP,ATCNet,High,40,100,2,38,1.0
Lee2019_SSVEP,ATCNet,High,40,100,2,46,1.0
Lee2019_SSVEP,ATCNet,High,40,100,2,51,0.83
Lee2019_SSVEP,ATCNet,High,40,100,3,1,0.97
Lee2019_SSVEP,ATCNet,High,40,100,3,10,1.0
Lee2019_SSVEP,ATCNet,High,40,100,3,12,0.97
Lee2019_SSVEP,ATCNet,High,40,100,3,17,0.96
Lee2019_SSVEP,ATCNet,High,40,100,3,26,1.0
Lee2019_SSVEP,ATCNet,High,40,100,3,28,0.98
Lee2019_SSVEP,ATCNet,High,40,100,3,31,1.0
Lee2019_SSVEP,ATCNet,High,40,100,3,32,0.98
Lee2019_SSVEP,ATCNet,High,40,100,3,37,0.99
Lee2019_SSVEP,ATCNet,High,40,100,3,41,0.995
Lee2019_SSVEP,ATCNet,High,40,100,3,48,1.0
Lee2019_SSVEP,ATCNet,High,40,100,4,2,0.995
Lee2019_SSVEP,ATCNet,High,40,100,4,3,0.93
Lee2019_SSVEP,ATCNet,High,40,100,4,11,1.0
Lee2019_SSVEP,ATCNet,High,40,100,4,22,0.925
Lee2019_SSVEP,ATCNet,High,40,100,4,24,0.965
Lee2019_SSVEP,ATCNet,High,40,100,4,30,1.0
Lee2019_SSVEP,ATCNet,High,40,100,4,36,1.0
Lee2019_SSVEP,ATCNet,High,40,100,4,40,0.93
Lee2019_SSVEP,ATCNet,High,40,100,4,42,0.8350000000000001
Lee2019_SSVEP,ATCNet,High,40,100,4,44,0.975
Lee2019_SSVEP,ATCNet,High,40,100,4,47,0.635
Lee2019_SSVEP,ATCNet,High,40,100,5,8,0.965
Lee2019_SSVEP,ATCNet,High,40,100,5,15,0.99
Lee2019_SSVEP,ATCNet,High,40,100,5,19,0.98
Lee2019_SSVEP,ATCNet,High,40,100,5,21,0.975
Lee2019_SSVEP,ATCNet,High,40,100,5,23,0.5650000000000001
Lee2019_SSVEP,ATCNet,High,40,100,5,29,0.975
Lee2019_SSVEP,ATCNet,High,40,100,5,39,1.0
Lee2019_SSVEP,ATCNet,High,40,100,5,43,1.0
Lee2019_SSVEP,ATCNet,High,40,100,5,52,1.0
Lee2019_SSVEP,ATCNet,High,40,100,5,54,0.905
Huebner2017,DeepConvNet,Unknown,3,12500,1,1,0.962211561864269
Huebner2017,DeepConvNet,Unknown,3,12500,1,10,0.9717257959573762
Huebner2017,DeepConvNet,Unknown,3,12500,1,12,0.9481837606837606
Huebner2017,DeepConvNet,Unknown,3,12500,2,3,0.926343677609452
Huebner2017,DeepConvNet,Unknown,3,12500,2,6,0.972273462953646
Huebner2017,DeepConvNet,Unknown,3,12500,2,9,0.960877085877086
Huebner2017,DeepConvNet,Unknown,3,12500,3,2,0.9387973137973138
Huebner2017,DeepConvNet,Unknown,3,12500,3,5,0.9032610907610908
Huebner2017,DeepConvNet,Unknown,3,12500,3,13,0.9565013759198148
Huebner2017,DeepConvNet,Unknown,3,12500,4,8,0.8630023856909161
Huebner2017,DeepConvNet,Unknown,3,12500,4,11,0.8099345414714881
Huebner2017,DeepConvNet,Unknown,3,12500,5,4,0.9766094394312896
Huebner2017,DeepConvNet,Unknown,3,12500,5,7,0.9876373626373628
Huebner2017,DeepConvNet,Unknown,6,6250,1,1,0.9571494735918205
Huebner2017,DeepConvNet,Unknown,6,6250,1,10,0.9768584487706632
Huebner2017,DeepConvNet,Unknown,6,6250,1,12,0.9457163207163208
Huebner2017,DeepConvNet,Unknown,6,6250,2,3,0.9312532442811804
Huebner2017,DeepConvNet,Unknown,6,6250,2,6,0.9756920985251006
Huebner2017,DeepConvNet,Unknown,6,6250,2,9,0.9640186202686204
Huebner2017,DeepConvNet,Unknown,6,6250,3,2,0.944304538054538
Huebner2017,DeepConvNet,Unknown,6,6250,3,5,0.9009208384208384
Huebner2017,DeepConvNet,Unknown,6,6250,3,13,0.9614616933801324
Huebner2017,DeepConvNet,Unknown,6,6250,4,8,0.8742577865440678
Huebner2017,DeepConvNet,Unknown,6,6250,4,11,0.8154694024689875
Huebner2017,DeepConvNet,Unknown,6,6250,5,4,0.9764696055277168
Huebner2017,DeepConvNet,Unknown,6,6250,5,7,0.9876119251119252
Lee2019_SSVEP,EEGNetv4,Low,40,50,1,4,0.995
Lee2019_SSVEP,EEGNetv4,Low,40,50,1,6,1.0
Lee2019_SSVEP,EEGNetv4,Low,40,50,1,13,0.995
Lee2019_SSVEP,EEGNetv4,Low,40,50,1,14,0.95
Lee2019_SSVEP,EEGNetv4,Low,40,50,1,18,0.995
Lee2019_SSVEP,EEGNetv4,Low,40,50,1,20,0.99
Lee2019_SSVEP,EEGNetv4,Low,40,50,1,33,1.0
Lee2019_SSVEP,EEGNetv4,Low,40,50,1,45,0.98
Lee2019_SSVEP,EEGNetv4,Low,40,50,1,49,0.995
Lee2019_SSVEP,EEGNetv4,Low,40,50,1,50,1.0
Lee2019_SSVEP,EEGNetv4,Low,40,50,1,53,1.0
Lee2019_SSVEP,EEGNetv4,Low,40,50,2,5,0.8500000000000001
Lee2019_SSVEP,EEGNetv4,Low,40,50,2,7,0.995
Lee2019_SSVEP,EEGNetv4,Low,40,50,2,9,0.995
Lee2019_SSVEP,EEGNetv4,Low,40,50,2,16,0.995
Lee2019_SSVEP,EEGNetv4,Low,40,50,2,25,0.975
Lee2019_SSVEP,EEGNetv4,Low,40,50,2,27,0.995
Lee2019_SSVEP,EEGNetv4,Low,40,50,2,34,0.8500000000000001
Lee2019_SSVEP,EEGNetv4,Low,40,50,2,35,0.98
Lee2019_SSVEP,EEGNetv4,Low,40,50,2,38,1.0
Lee2019_SSVEP,EEGNetv4,Low,40,50,2,46,1.0
Lee2019_SSVEP,EEGNetv4,Low,40,50,2,51,0.8500000000000001
Lee2019_SSVEP,EEGNetv4,Low,40,50,3,1,0.935
Lee2019_SSVEP,EEGNetv4,Low,40,50,3,10,0.98
Lee2019_SSVEP,EEGNetv4,Low,40,50,3,12,0.975
Lee2019_SSVEP,EEGNetv4,Low,40,50,3,17,0.95
Lee2019_SSVEP,EEGNetv4,Low,40,50,3,26,0.995
Lee2019_SSVEP,EEGNetv4,Low,40,50,3,28,0.99
Lee2019_SSVEP,EEGNetv4,Low,40,50,3,31,0.97
Lee2019_SSVEP,EEGNetv4,Low,40,50,3,32,0.865
Lee2019_SSVEP,EEGNetv4,Low,40,50,3,37,0.99
Lee2019_SSVEP,EEGNetv4,Low,40,50,3,41,0.995
Lee2019_SSVEP,EEGNetv4,Low,40,50,3,48,0.995
Lee2019_SSVEP,EEGNetv4,Low,40,50,4,2,0.995
Lee2019_SSVEP,EEGNetv4,Low,40,50,4,3,0.95
Lee2019_SSVEP,EEGNetv4,Low,40,50,4,11,1.0
Lee2019_SSVEP,EEGNetv4,Low,40,50,4,22,0.935
Lee2019_SSVEP,EEGNetv4,Low,40,50,4,24,0.97
Lee2019_SSVEP,EEGNetv4,Low,40,50,4,30,0.985
Lee2019_SSVEP,EEGNetv4,Low,40,50,4,36,1.0
Lee2019_SSVEP,EEGNetv4,Low,40,50,4,40,0.94
Lee2019_SSVEP,EEGNetv4,Low,40,50,4,42,0.8300000000000001
Lee2019_SSVEP,EEGNetv4,Low,40,50,4,44,0.995
Lee2019_SSVEP,EEGNetv4,Low,40,50,4,47,0.645
Lee2019_SSVEP,EEGNetv4,Low,40,50,5,8,0.935
Lee2019_SSVEP,EEGNetv4,Low,40,50,5,15,0.985
Lee2019_SSVEP,EEGNetv4,Low,40,50,5,19,0.99
Lee2019_SSVEP,EEGNetv4,Low,40,50,5,21,0.95
Lee2019_SSVEP,EEGNetv4,Low,40,50,5,23,0.47
Lee2019_SSVEP,EEGNetv4,Low,40,50,5,29,0.95
Lee2019_SSVEP,EEGNetv4,Low,40,50,5,39,1.0
Lee2019_SSVEP,EEGNetv4,Low,40,50,5,43,1.0
Lee2019_SSVEP,EEGNetv4,Low,40,50,5,52,0.95
Lee2019_SSVEP,EEGNetv4,Low,40,50,5,54,0.835
Lee2019_SSVEP,EEGNetv4,High,20,200,1,4,0.995
Lee2019_SSVEP,EEGNetv4,High,20,200,1,6,1.0
Lee2019_SSVEP,EEGNetv4,High,20,200,1,13,0.985
Lee2019_SSVEP,EEGNetv4,High,20,200,1,14,0.955
Lee2019_SSVEP,EEGNetv4,High,20,200,1,18,0.99
Lee2019_SSVEP,EEGNetv4,High,20,200,1,20,0.98
Lee2019_SSVEP,EEGNetv4,High,20,200,1,33,1.0
Lee2019_SSVEP,EEGNetv4,High,20,200,1,45,0.965
Lee2019_SSVEP,EEGNetv4,High,20,200,1,49,0.99
Lee2019_SSVEP,EEGNetv4,High,20,200,1,50,1.0
Lee2019_SSVEP,EEGNetv4,High,20,200,1,53,1.0
Lee2019_SSVEP,EEGNetv4,High,20,200,2,5,0.835
Lee2019_SSVEP,EEGNetv4,High,20,200,2,7,0.99
Lee2019_SSVEP,EEGNetv4,High,20,200,2,9,0.975
Lee2019_SSVEP,EEGNetv4,High,20,200,2,16,0.995
Lee2019_SSVEP,EEGNetv4,High,20,200,2,25,0.985
Lee2019_SSVEP,EEGNetv4,High,20,200,2,27,1.0
Lee2019_SSVEP,EEGNetv4,High,20,200,2,34,0.8949999999999999
Lee2019_SSVEP,EEGNetv4,High,20,200,2,35,0.995
Lee2019_SSVEP,EEGNetv4,High,20,200,2,38,0.985
Lee2019_SSVEP,EEGNetv4,High,20,200,2,46,0.995
Lee2019_SSVEP,EEGNetv4,High,20,200,2,51,0.855
Lee2019_SSVEP,EEGNetv4,High,20,200,3,1,0.955
Lee2019_SSVEP,EEGNetv4,High,20,200,3,10,0.99
Lee2019_SSVEP,EEGNetv4,High,20,200,3,12,0.96
Lee2019_SSVEP,EEGNetv4,High,20,200,3,17,0.955
Lee2019_SSVEP,EEGNetv4,High,20,200,3,26,1.0
Lee2019_SSVEP,EEGNetv4,High,20,200,3,28,0.98
Lee2019_SSVEP,EEGNetv4,High,20,200,3,31,0.995
Lee2019_SSVEP,EEGNetv4,High,20,200,3,32,0.845
Lee2019_SSVEP,EEGNetv4,High,20,200,3,37,0.995
Lee2019_SSVEP,EEGNetv4,High,20,200,3,41,0.99
Lee2019_SSVEP,EEGNetv4,High,20,200,3,48,0.995
Lee2019_SSVEP,EEGNetv4,High,20,200,4,2,0.99
Lee2019_SSVEP,EEGNetv4,High,20,200,4,3,0.95
Lee2019_SSVEP,EEGNetv4,High,20,200,4,11,1.0
Lee2019_SSVEP,EEGNetv4,High,20,200,4,22,0.91
Lee2019_SSVEP,EEGNetv4,High,20,200,4,24,0.975
Lee2019_SSVEP,EEGNetv4,High,20,200,4,30,0.97
Lee2019_SSVEP,EEGNetv4,High,20,200,4,36,1.0
Lee2019_SSVEP,EEGNetv4,High,20,200,4,40,0.95
Lee2019_SSVEP,EEGNetv4,High,20,200,4,42,0.7849999999999999
Lee2019_SSVEP,EEGNetv4,High,20,200,4,44,0.995
Lee2019_SSVEP,EEGNetv4,High,20,200,4,47,0.5900000000000001
Lee2019_SSVEP,EEGNetv4,High,20,200,5,8,0.94
Lee2019_SSVEP,EEGNetv4,High,20,200,5,15,0.995
Lee2019_SSVEP,EEGNetv4,High,20,200,5,19,0.985
Lee2019_SSVEP,EEGNetv4,High,20,200,5,21,0.95
Lee2019_SSVEP,EEGNetv4,High,20,200,5,23,0.495
Lee2019_SSVEP,EEGNetv4,High,20,200,5,29,0.985
Lee2019_SSVEP,EEGNetv4,High,20,200,5,39,1.0
Lee2019_SSVEP,EEGNetv4,High,20,200,5,43,1.0
Lee2019_SSVEP,EEGNetv4,High,20,200,5,52,0.965
Lee2019_SSVEP,EEGNetv4,High,20,200,5,54,0.8549999999999999
Huebner2018,DeepConvNet,Unknown,6,7000,1,1,0.9660482328749798
Huebner2018,DeepConvNet,Unknown,6,7000,1,10,0.904132326007326
Huebner2018,DeepConvNet,Unknown,6,7000,1,11,0.8845604029784286
Huebner2018,DeepConvNet,Unknown,6,7000,2,3,0.9715201465201464
Huebner2018,DeepConvNet,Unknown,6,7000,2,6,0.9704326923076922
Huebner2018,DeepConvNet,Unknown,6,7000,2,9,0.925193620011426
Huebner2018,DeepConvNet,Unknown,6,7000,3,2,0.97430173992674
Huebner2018,DeepConvNet,Unknown,6,7000,3,12,0.9057234432234432
Huebner2018,DeepConvNet,Unknown,6,7000,4,5,0.9022002375716642
Huebner2018,DeepConvNet,Unknown,6,7000,4,8,0.9000915750915751
Huebner2018,DeepConvNet,Unknown,6,7000,5,4,0.9425251831501832
Huebner2018,DeepConvNet,Unknown,6,7000,5,7,0.9078711458933152
BNCI2014_001,ATCNet,Unknown,6,500,1,2,0.6128472222222222
BNCI2014_001,ATCNet,Unknown,6,500,1,8,0.8142361111111112
BNCI2014_001,ATCNet,Unknown,6,500,2,1,0.8003472222222222
BNCI2014_001,ATCNet,Unknown,6,500,2,6,0.640625
BNCI2014_001,ATCNet,Unknown,6,500,3,3,0.8697916666666666
BNCI2014_001,ATCNet,Unknown,6,500,3,9,0.8298611111111112
BNCI2014_001,ATCNet,Unknown,6,500,4,4,0.734375
BNCI2014_001,ATCNet,Unknown,6,500,4,5,0.6649305555555556
BNCI2014_001,ATCNet,Unknown,6,500,5,7,0.8020833333333333
BI2015a,ShallowConvNet,Low,10,500,1,5,0.8
BI2015a,ShallowConvNet,Low,10,500,1,9,0.7477477477477478
BI2015a,ShallowConvNet,Low,10,500,1,13,0.8368421052631578
BI2015a,ShallowConvNet,Low,10,500,1,25,0.6477011494252873
BI2015a,ShallowConvNet,Low,10,500,1,26,0.8397849462365592
BI2015a,ShallowConvNet,Low,10,500,1,35,0.5983091787439614
BI2015a,ShallowConvNet,Low,10,500,1,37,0.6269047619047619
BI2015a,ShallowConvNet,Low,10,500,1,38,0.7644144144144144
BI2015a,ShallowConvNet,Low,10,500,1,40,0.742283950617284
BI2015a,ShallowConvNet,Low,10,500,2,4,0.8262499999999999
BI2015a,ShallowConvNet,Low,10,500,2,7,0.7392156862745098
BI2015a,ShallowConvNet,Low,10,500,2,14,0.6632478632478633
BI2015a,ShallowConvNet,Low,10,500,2,16,0.7780952380952381
BI2015a,ShallowConvNet,Low,10,500,2,18,0.6662962962962963
BI2015a,ShallowConvNet,Low,10,500,2,20,0.7307407407407407
BI2015a,ShallowConvNet,Low,10,500,2,28,0.6666666666666666
BI2015a,ShallowConvNet,Low,10,500,2,32,0.7526881720430108
BI2015a,ShallowConvNet,Low,10,500,2,41,0.7203703703703703
BI2015a,ShallowConvNet,Low,10,500,3,1,0.6321634647124843
BI2015a,ShallowConvNet,Low,10,500,3,6,0.7439393939393939
BI2015a,ShallowConvNet,Low,10,500,3,10,0.7946236559139785
BI2015a,ShallowConvNet,Low,10,500,3,12,0.6510752688172043
BI2015a,ShallowConvNet,Low,10,500,3,17,0.7103703703703703
BI2015a,ShallowConvNet,Low,10,500,3,27,0.6061181434599155
BI2015a,ShallowConvNet,Low,10,500,3,30,0.8555555555555555
BI2015a,ShallowConvNet,Low,10,500,3,31,0.6186666666666667
BI2015a,ShallowConvNet,Low,10,500,3,42,0.6368421052631579
BI2015a,ShallowConvNet,Low,10,500,4,2,0.7698412698412698
BI2015a,ShallowConvNet,Low,10,500,4,3,0.8505747126436782
BI2015a,ShallowConvNet,Low,10,500,4,22,0.706060606060606
BI2015a,ShallowConvNet,Low,10,500,4,24,0.8013888888888889
BI2015a,ShallowConvNet,Low,10,500,4,33,0.7615079365079365
BI2015a,ShallowConvNet,Low,10,500,4,34,0.6966666666666667
BI2015a,ShallowConvNet,Low,10,500,4,36,0.7316666666666667
BI2015a,ShallowConvNet,Low,10,500,4,43,0.8454022988505747
BI2015a,ShallowConvNet,Low,10,500,5,8,0.7353174603174604
BI2015a,ShallowConvNet,Low,10,500,5,11,0.64
BI2015a,ShallowConvNet,Low,10,500,5,15,0.7509523809523809
BI2015a,ShallowConvNet,Low,10,500,5,19,0.6986666666666667
BI2015a,ShallowConvNet,Low,10,500,5,21,0.8004761904761905
BI2015a,ShallowConvNet,Low,10,500,5,23,0.7162280701754385
BI2015a,ShallowConvNet,Low,10,500,5,29,0.6683006535947712
BI2015a,ShallowConvNet,Low,10,500,5,39,0.7081632653061225
BI2015a,EEGNetv4,High,30,500,1,5,0.8606060606060606
BI2015a,EEGNetv4,High,30,500,1,9,0.809009009009009
BI2015a,EEGNetv4,High,30,500,1,13,0.8754385964912281
BI2015a,EEGNetv4,High,30,500,1,25,0.7764367816091954
BI2015a,EEGNetv4,High,30,500,1,26,0.9048387096774192
BI2015a,EEGNetv4,High,30,500,1,35,0.6903381642512078
BI2015a,EEGNetv4,High,30,500,1,37,0.7376190476190476
BI2015a,EEGNetv4,High,30,500,1,38,0.8274774774774775
BI2015a,EEGNetv4,High,30,500,1,40,0.8200617283950618
BI2015a,EEGNetv4,High,30,500,2,4,0.8687499999999999
BI2015a,EEGNetv4,High,30,500,2,7,0.8377450980392157
BI2015a,EEGNetv4,High,30,500,2,14,0.7363247863247864
BI2015a,EEGNetv4,High,30,500,2,16,0.8576190476190476
BI2015a,EEGNetv4,High,30,500,2,18,0.7892592592592592
BI2015a,EEGNetv4,High,30,500,2,20,0.8366666666666667
BI2015a,EEGNetv4,High,30,500,2,28,0.7573333333333334
BI2015a,EEGNetv4,High,30,500,2,32,0.8263440860215054
BI2015a,EEGNetv4,High,30,500,2,41,0.7781481481481481
BI2015a,EEGNetv4,High,30,500,3,1,0.7147131445170661
BI2015a,EEGNetv4,High,30,500,3,6,0.8068181818181819
BI2015a,EEGNetv4,High,30,500,3,10,0.8559139784946237
BI2015a,EEGNetv4,High,30,500,3,12,0.7212365591397849
BI2015a,EEGNetv4,High,30,500,3,17,0.7903703703703704
BI2015a,EEGNetv4,High,30,500,3,27,0.7248945147679324
BI2015a,EEGNetv4,High,30,500,3,30,0.7283950617283951
BI2015a,EEGNetv4,High,30,500,3,31,0.7046666666666667
BI2015a,EEGNetv4,High,30,500,3,42,0.6997076023391813
BI2015a,EEGNetv4,High,30,500,4,2,0.8678571428571429
BI2015a,EEGNetv4,High,30,500,4,3,0.9005747126436782
BI2015a,EEGNetv4,High,30,500,4,22,0.8412878787878788
BI2015a,EEGNetv4,High,30,500,4,24,0.8787037037037038
BI2015a,EEGNetv4,High,30,500,4,33,0.8452380952380952
BI2015a,EEGNetv4,High,30,500,4,34,0.819047619047619
BI2015a,EEGNetv4,High,30,500,4,36,0.8583333333333334
BI2015a,EEGNetv4,High,30,500,4,43,0.9040229885057472
BI2015a,EEGNetv4,High,30,500,5,8,0.8432539682539683
BI2015a,EEGNetv4,High,30,500,5,11,0.7983333333333333
BI2015a,EEGNetv4,High,30,500,5,15,0.8447619047619048
BI2015a,EEGNetv4,High,30,500,5,19,0.7789999999999999
BI2015a,EEGNetv4,High,30,500,5,21,0.8628571428571429
BI2015a,EEGNetv4,High,30,500,5,23,0.7903508771929824
BI2015a,EEGNetv4,High,30,500,5,29,0.7624183006535947
BI2015a,EEGNetv4,High,30,500,5,39,0.7863945578231293
MAMEM2,DeepConvNet,Unknown,6,100,1,2,0.2213333333333333
MAMEM2,DeepConvNet,Unknown,6,100,1,9,0.1793333333333333
MAMEM2,DeepConvNet,Unknown,6,100,2,1,0.2073333333333333
MAMEM2,DeepConvNet,Unknown,6,100,2,6,0.2126666666666666
MAMEM2,DeepConvNet,Unknown,6,100,3,3,0.1933333333333333
MAMEM2,DeepConvNet,Unknown,6,100,3,8,0.2006666666666667
MAMEM2,DeepConvNet,Unknown,6,100,4,5,0.206
MAMEM2,DeepConvNet,Unknown,6,100,4,10,0.1626666666666666
MAMEM2,DeepConvNet,Unknown,6,100,5,4,0.1613333333333333
MAMEM2,DeepConvNet,Unknown,6,100,5,7,0.2186666666666666
Huebner2017,ATCNet,Unknown,6,12500,1,1,0.9700712705305112
Huebner2017,ATCNet,Unknown,6,12500,1,10,0.9817103263202512
Huebner2017,ATCNet,Unknown,6,12500,1,12,0.9562474562474562
Huebner2017,ATCNet,Unknown,6,12500,2,3,0.9410074583466604
Huebner2017,ATCNet,Unknown,6,12500,2,6,0.981250313596308
Huebner2017,ATCNet,Unknown,6,12500,2,9,0.970416157916158
Huebner2017,ATCNet,Unknown,6,12500,3,2,0.9541997354497354
Huebner2017,ATCNet,Unknown,6,12500,3,5,0.9215379527879528
Huebner2017,ATCNet,Unknown,6,12500,3,13,0.970466416895897
Huebner2017,ATCNet,Unknown,6,12500,4,8,0.8874969105289174
Huebner2017,ATCNet,Unknown,6,12500,4,11,0.834886014333828
Huebner2017,ATCNet,Unknown,6,12500,5,4,0.9829431243854712
Huebner2017,ATCNet,Unknown,6,12500,5,7,0.9908424908424908
BI2015a,EEGNetv4,Low,10,500,1,5,0.8388888888888889
BI2015a,EEGNetv4,Low,10,500,1,9,0.8040540540540541
BI2015a,EEGNetv4,Low,10,500,1,13,0.8754385964912281
BI2015a,EEGNetv4,Low,10,500,1,25,0.75
BI2015a,EEGNetv4,Low,10,500,1,26,0.8956989247311828
BI2015a,EEGNetv4,Low,10,500,1,35,0.6806763285024156
BI2015a,EEGNetv4,Low,10,500,1,37,0.7295238095238095
BI2015a,EEGNetv4,Low,10,500,1,38,0.8382882882882883
BI2015a,EEGNetv4,Low,10,500,1,40,0.8120370370370371
BI2015a,EEGNetv4,Low,10,500,2,4,0.8595833333333334
BI2015a,EEGNetv4,Low,10,500,2,7,0.8348039215686275
BI2015a,EEGNetv4,Low,10,500,2,14,0.7418803418803419
BI2015a,EEGNetv4,Low,10,500,2,16,0.8504761904761905
BI2015a,EEGNetv4,Low,10,500,2,18,0.787037037037037
BI2015a,EEGNetv4,Low,10,500,2,20,0.8333333333333333
BI2015a,EEGNetv4,Low,10,500,2,28,0.757
BI2015a,EEGNetv4,Low,10,500,2,32,0.8376344086021505
BI2015a,EEGNetv4,Low,10,500,2,41,0.7655555555555555
BI2015a,EEGNetv4,Low,10,500,3,1,0.6954525648643296
BI2015a,EEGNetv4,Low,10,500,3,6,0.806060606060606
BI2015a,EEGNetv4,Low,10,500,3,10,0.8865591397849462
BI2015a,EEGNetv4,Low,10,500,3,12,0.7295698924731182
BI2015a,EEGNetv4,Low,10,500,3,17,0.8066666666666666
BI2015a,EEGNetv4,Low,10,500,3,27,0.7238396624472574
BI2015a,EEGNetv4,Low,10,500,3,30,0.7506172839506173
BI2015a,EEGNetv4,Low,10,500,3,31,0.6975555555555555
BI2015a,EEGNetv4,Low,10,500,3,42,0.7078947368421054
BI2015a,EEGNetv4,Low,10,500,4,2,0.8638888888888889
BI2015a,EEGNetv4,Low,10,500,4,3,0.9057471264367816
BI2015a,EEGNetv4,Low,10,500,4,22,0.821590909090909
BI2015a,EEGNetv4,Low,10,500,4,24,0.8902777777777777
BI2015a,EEGNetv4,Low,10,500,4,33,0.8309523809523809
BI2015a,EEGNetv4,Low,10,500,4,34,0.8214285714285714
BI2015a,EEGNetv4,Low,10,500,4,36,0.8687499999999999
BI2015a,EEGNetv4,Low,10,500,4,43,0.92183908045977
BI2015a,EEGNetv4,Low,10,500,5,8,0.825
BI2015a,EEGNetv4,Low,10,500,5,11,0.7654166666666666
BI2015a,EEGNetv4,Low,10,500,5,15,0.8176190476190477
BI2015a,EEGNetv4,Low,10,500,5,19,0.7629999999999999
BI2015a,EEGNetv4,Low,10,500,5,21,0.8647619047619047
BI2015a,EEGNetv4,Low,10,500,5,23,0.7574561403508773
BI2015a,EEGNetv4,Low,10,500,5,29,0.7359477124183007
BI2015a,EEGNetv4,Low,10,500,5,39,0.7731292517006803
BI2015a,ATCNet,High,20,750,1,5,0.8646464646464647
BI2015a,ATCNet,High,20,750,1,9,0.8144144144144144
BI2015a,ATCNet,High,20,750,1,13,0.8929824561403509
BI2015a,ATCNet,High,20,750,1,25,0.764367816091954
BI2015a,ATCNet,High,20,750,1,26,0.9274193548387096
BI2015a,ATCNet,High,20,750,1,35,0.6917874396135266
BI2015a,ATCNet,High,20,750,1,37,0.7480952380952381
BI2015a,ATCNet,High,20,750,1,38,0.8360360360360359
BI2015a,ATCNet,High,20,750,1,40,0.837037037037037
BI2015a,ATCNet,High,20,750,2,4,0.8904166666666666
BI2015a,ATCNet,High,20,750,2,7,0.8627450980392157
BI2015a,ATCNet,High,20,750,2,14,0.788034188034188
BI2015a,ATCNet,High,20,750,2,16,0.8871428571428571
BI2015a,ATCNet,High,20,750,2,18,0.7759259259259259
BI2015a,ATCNet,High,20,750,2,20,0.8766666666666667
BI2015a,ATCNet,High,20,750,2,28,0.782
BI2015a,ATCNet,High,20,750,2,32,0.8317204301075269
BI2015a,ATCNet,High,20,750,2,41,0.7933333333333333
BI2015a,ATCNet,High,20,750,3,1,0.7320441891683722
BI2015a,ATCNet,High,20,750,3,6,0.821590909090909
BI2015a,ATCNet,High,20,750,3,10,0.8629032258064516
BI2015a,ATCNet,High,20,750,3,12,0.7459677419354839
BI2015a,ATCNet,High,20,750,3,17,0.807037037037037
BI2015a,ATCNet,High,20,750,3,27,0.7352320675105485
BI2015a,ATCNet,High,20,750,3,30,0.7753086419753087
BI2015a,ATCNet,High,20,750,3,31,0.71
BI2015a,ATCNet,High,20,750,3,42,0.7236842105263157
BI2015a,ATCNet,High,20,750,4,2,0.8884920634920634
BI2015a,ATCNet,High,20,750,4,3,0.9120689655172414
BI2015a,ATCNet,High,20,750,4,22,0.8534090909090909
BI2015a,ATCNet,High,20,750,4,24,0.8736111111111111
BI2015a,ATCNet,High,20,750,4,33,0.8472222222222223
BI2015a,ATCNet,High,20,750,4,34,0.8509523809523809
BI2015a,ATCNet,High,20,750,4,36,0.87875
BI2015a,ATCNet,High,20,750,4,43,0.9270114942528735
BI2015a,ATCNet,High,20,750,5,8,0.8511904761904763
BI2015a,ATCNet,High,20,750,5,11,0.8062499999999999
BI2015a,ATCNet,High,20,750,5,15,0.8609523809523809
BI2015a,ATCNet,High,20,750,5,19,0.802
BI2015a,ATCNet,High,20,750,5,21,0.8942857142857144
BI2015a,ATCNet,High,20,750,5,23,0.7890350877192982
BI2015a,ATCNet,High,20,750,5,29,0.7673202614379084
BI2015a,ATCNet,High,20,750,5,39,0.8013605442176871
Huebner2017,ATCNet,Unknown,6,6250,1,1,0.9698550412091018
Huebner2017,ATCNet,Unknown,6,6250,1,10,0.981277284471238
Huebner2017,ATCNet,Unknown,6,6250,1,12,0.9561457061457062
Huebner2017,ATCNet,Unknown,6,6250,2,3,0.9416052609048232
Huebner2017,ATCNet,Unknown,6,6250,2,6,0.9814222515358452
Huebner2017,ATCNet,Unknown,6,6250,2,9,0.970416157916158
Huebner2017,ATCNet,Unknown,6,6250,3,2,0.9539835164835164
Huebner2017,ATCNet,Unknown,6,6250,3,5,0.920355107855108
Huebner2017,ATCNet,Unknown,6,6250,3,13,0.9705172971238404
Huebner2017,ATCNet,Unknown,6,6250,4,8,0.8868482225646891
Huebner2017,ATCNet,Unknown,6,6250,4,11,0.8356111524112007
Huebner2017,ATCNet,Unknown,6,6250,5,4,0.9829940097915368
Huebner2017,ATCNet,Unknown,6,6250,5,7,0.9906898656898656
Lee2019_MI,ATCNet,Unknown,30,200,1,4,0.845
Lee2019_MI,ATCNet,Unknown,30,200,1,6,0.865
Lee2019_MI,ATCNet,Unknown,30,200,1,13,0.645
Lee2019_MI,ATCNet,Unknown,30,200,1,14,0.675
Lee2019_MI,ATCNet,Unknown,30,200,1,18,0.91
Lee2019_MI,ATCNet,Unknown,30,200,1,20,0.795
Lee2019_MI,ATCNet,Unknown,30,200,1,33,0.965
Lee2019_MI,ATCNet,Unknown,30,200,1,45,0.845
Lee2019_MI,ATCNet,Unknown,30,200,1,49,0.865
Lee2019_MI,ATCNet,Unknown,30,200,1,50,0.565
Lee2019_MI,ATCNet,Unknown,30,200,1,53,0.69
Lee2019_MI,ATCNet,Unknown,30,200,2,5,0.865
Lee2019_MI,ATCNet,Unknown,30,200,2,7,0.655
Lee2019_MI,ATCNet,Unknown,30,200,2,9,0.8
Lee2019_MI,ATCNet,Unknown,30,200,2,16,0.83
Lee2019_MI,ATCNet,Unknown,30,200,2,25,0.8400000000000001
Lee2019_MI,ATCNet,Unknown,30,200,2,27,0.72
Lee2019_MI,ATCNet,Unknown,30,200,2,34,0.5449999999999999
Lee2019_MI,ATCNet,Unknown,30,200,2,35,0.89
Lee2019_MI,ATCNet,Unknown,30,200,2,38,0.6499999999999999
Lee2019_MI,ATCNet,Unknown,30,200,2,46,0.7
Lee2019_MI,ATCNet,Unknown,30,200,2,51,0.625
Lee2019_MI,ATCNet,Unknown,30,200,3,1,0.8300000000000001
Lee2019_MI,ATCNet,Unknown,30,200,3,10,0.745
Lee2019_MI,ATCNet,Unknown,30,200,3,12,0.7849999999999999
Lee2019_MI,ATCNet,Unknown,30,200,3,17,0.72
Lee2019_MI,ATCNet,Unknown,30,200,3,26,0.8049999999999999
Lee2019_MI,ATCNet,Unknown,30,200,3,28,0.97
Lee2019_MI,ATCNet,Unknown,30,200,3,31,0.7849999999999999
Lee2019_MI,ATCNet,Unknown,30,200,3,32,0.975
Lee2019_MI,ATCNet,Unknown,30,200,3,37,0.955
Lee2019_MI,ATCNet,Unknown,30,200,3,41,0.5700000000000001
Lee2019_MI,ATCNet,Unknown,30,200,3,48,0.7
Lee2019_MI,ATCNet,Unknown,30,200,4,2,0.71
Lee2019_MI,ATCNet,Unknown,30,200,4,3,0.865
Lee2019_MI,ATCNet,Unknown,30,200,4,11,0.54
Lee2019_MI,ATCNet,Unknown,30,200,4,22,0.76
Lee2019_MI,ATCNet,Unknown,30,200,4,24,0.625
Lee2019_MI,ATCNet,Unknown,30,200,4,30,0.6799999999999999
Lee2019_MI,ATCNet,Unknown,30,200,4,36,0.99
Lee2019_MI,ATCNet,Unknown,30,200,4,40,0.7250000000000001
Lee2019_MI,ATCNet,Unknown,30,200,4,42,0.7050000000000001
Lee2019_MI,ATCNet,Unknown,30,200,4,44,0.905
Lee2019_MI,ATCNet,Unknown,30,200,4,47,0.71
Lee2019_MI,ATCNet,Unknown,30,200,5,8,0.78
Lee2019_MI,ATCNet,Unknown,30,200,5,15,0.805
Lee2019_MI,ATCNet,Unknown,30,200,5,19,0.8
Lee2019_MI,ATCNet,Unknown,30,200,5,21,0.955
Lee2019_MI,ATCNet,Unknown,30,200,5,23,0.87
Lee2019_MI,ATCNet,Unknown,30,200,5,29,0.81
Lee2019_MI,ATCNet,Unknown,30,200,5,39,0.8
Lee2019_MI,ATCNet,Unknown,30,200,5,43,0.845
Lee2019_MI,ATCNet,Unknown,30,200,5,52,0.81
Lee2019_MI,ATCNet,Unknown,30,200,5,54,0.615
Lee2019_SSVEP,ATCNet,Low,20,100,1,4,1.0
Lee2019_SSVEP,ATCNet,Low,20,100,1,6,1.0
Lee2019_SSVEP,ATCNet,Low,20,100,1,13,0.995
Lee2019_SSVEP,ATCNet,Low,20,100,1,14,0.93
Lee2019_SSVEP,ATCNet,Low,20,100,1,18,0.975
Lee2019_SSVEP,ATCNet,Low,20,100,1,20,0.98
Lee2019_SSVEP,ATCNet,Low,20,100,1,33,1.0
Lee2019_SSVEP,ATCNet,Low,20,100,1,45,0.95
Lee2019_SSVEP,ATCNet,Low,20,100,1,49,1.0
Lee2019_SSVEP,ATCNet,Low,20,100,1,50,0.995
Lee2019_SSVEP,ATCNet,Low,20,100,1,53,1.0
Lee2019_SSVEP,ATCNet,Low,20,100,2,5,0.835
Lee2019_SSVEP,ATCNet,Low,20,100,2,7,0.995
Lee2019_SSVEP,ATCNet,Low,20,100,2,9,0.965
Lee2019_SSVEP,ATCNet,Low,20,100,2,16,0.995
Lee2019_SSVEP,ATCNet,Low,20,100,2,25,0.97
Lee2019_SSVEP,ATCNet,Low,20,100,2,27,0.99
Lee2019_SSVEP,ATCNet,Low,20,100,2,34,0.8200000000000001
Lee2019_SSVEP,ATCNet,Low,20,100,2,35,0.985
Lee2019_SSVEP,ATCNet,Low,20,100,2,38,0.98
Lee2019_SSVEP,ATCNet,Low,20,100,2,46,1.0
Lee2019_SSVEP,ATCNet,Low,20,100,2,51,0.84
Lee2019_SSVEP,ATCNet,Low,20,100,3,1,0.96
Lee2019_SSVEP,ATCNet,Low,20,100,3,10,1.0
Lee2019_SSVEP,ATCNet,Low,20,100,3,12,0.965
Lee2019_SSVEP,ATCNet,Low,20,100,3,17,0.94
Lee2019_SSVEP,ATCNet,Low,20,100,3,26,0.995
Lee2019_SSVEP,ATCNet,Low,20,100,3,28,0.965
Lee2019_SSVEP,ATCNet,Low,20,100,3,31,1.0
Lee2019_SSVEP,ATCNet,Low,20,100,3,32,0.97
Lee2019_SSVEP,ATCNet,Low,20,100,3,37,0.99
Lee2019_SSVEP,ATCNet,Low,20,100,3,41,0.985
Lee2019_SSVEP,ATCNet,Low,20,100,3,48,1.0
Lee2019_SSVEP,ATCNet,Low,20,100,4,2,0.99
Lee2019_SSVEP,ATCNet,Low,20,100,4,3,0.91
Lee2019_SSVEP,ATCNet,Low,20,100,4,11,1.0
Lee2019_SSVEP,ATCNet,Low,20,100,4,22,0.8899999999999999
Lee2019_SSVEP,ATCNet,Low,20,100,4,24,0.96
Lee2019_SSVEP,ATCNet,Low,20,100,4,30,0.995
Lee2019_SSVEP,ATCNet,Low,20,100,4,36,1.0
Lee2019_SSVEP,ATCNet,Low,20,100,4,40,0.945
Lee2019_SSVEP,ATCNet,Low,20,100,4,42,0.8
Lee2019_SSVEP,ATCNet,Low,20,100,4,44,0.98
Lee2019_SSVEP,ATCNet,Low,20,100,4,47,0.5700000000000001
Lee2019_SSVEP,ATCNet,Low,20,100,5,8,0.97
Lee2019_SSVEP,ATCNet,Low,20,100,5,15,1.0
Lee2019_SSVEP,ATCNet,Low,20,100,5,19,0.98
Lee2019_SSVEP,ATCNet,Low,20,100,5,21,0.96
Lee2019_SSVEP,ATCNet,Low,20,100,5,23,0.54
Lee2019_SSVEP,ATCNet,Low,20,100,5,29,0.945
Lee2019_SSVEP,ATCNet,Low,20,100,5,39,1.0
Lee2019_SSVEP,ATCNet,Low,20,100,5,43,1.0
Lee2019_SSVEP,ATCNet,Low,20,100,5,52,0.995
Lee2019_SSVEP,ATCNet,Low,20,100,5,54,0.8999999999999999
BI2015a,ATCNet,Low,25,200,1,5,0.8767676767676769
BI2015a,ATCNet,Low,25,200,1,9,0.8211711711711711
BI2015a,ATCNet,Low,25,200,1,13,0.9013157894736844
BI2015a,ATCNet,Low,25,200,1,25,0.7617816091954024
BI2015a,ATCNet,Low,25,200,1,26,0.8951612903225806
BI2015a,ATCNet,Low,25,200,1,35,0.706280193236715
BI2015a,ATCNet,Low,25,200,1,37,0.746904761904762
BI2015a,ATCNet,Low,25,200,1,38,0.831981981981982
BI2015a,ATCNet,Low,25,200,1,40,0.8549382716049383
BI2015a,ATCNet,Low,25,200,2,4,0.89375
BI2015a,ATCNet,Low,25,200,2,7,0.8549019607843138
BI2015a,ATCNet,Low,25,200,2,14,0.7923076923076924
BI2015a,ATCNet,Low,25,200,2,16,0.9004761904761904
BI2015a,ATCNet,Low,25,200,2,18,0.7933333333333333
BI2015a,ATCNet,Low,25,200,2,20,0.8807407407407407
BI2015a,ATCNet,Low,25,200,2,28,0.8066666666666666
BI2015a,ATCNet,Low,25,200,2,32,0.8381720430107527
BI2015a,ATCNet,Low,25,200,2,41,0.798148148148148
BI2015a,ATCNet,Low,25,200,3,1,0.7291419643053629
BI2015a,ATCNet,Low,25,200,3,6,0.8284090909090909
BI2015a,ATCNet,Low,25,200,3,10,0.8736559139784946
BI2015a,ATCNet,Low,25,200,3,12,0.735752688172043
BI2015a,ATCNet,Low,25,200,3,17,0.7962962962962963
BI2015a,ATCNet,Low,25,200,3,27,0.7308016877637131
BI2015a,ATCNet,Low,25,200,3,30,0.7709876543209877
BI2015a,ATCNet,Low,25,200,3,31,0.7068888888888889
BI2015a,ATCNet,Low,25,200,3,42,0.7046783625730995
BI2015a,ATCNet,Low,25,200,4,2,0.8825396825396825
BI2015a,ATCNet,Low,25,200,4,3,0.9206896551724136
BI2015a,ATCNet,Low,25,200,4,22,0.8545454545454545
BI2015a,ATCNet,Low,25,200,4,24,0.8768518518518519
BI2015a,ATCNet,Low,25,200,4,33,0.8500000000000001
BI2015a,ATCNet,Low,25,200,4,34,0.86
BI2015a,ATCNet,Low,25,200,4,36,0.8758333333333332
BI2015a,ATCNet,Low,25,200,4,43,0.9114942528735632
BI2015a,ATCNet,Low,25,200,5,8,0.8734126984126984
BI2015a,ATCNet,Low,25,200,5,11,0.8054166666666667
BI2015a,ATCNet,Low,25,200,5,15,0.8552380952380952
BI2015a,ATCNet,Low,25,200,5,19,0.822
BI2015a,ATCNet,Low,25,200,5,21,0.8614285714285714
BI2015a,ATCNet,Low,25,200,5,23,0.8035087719298246
BI2015a,ATCNet,Low,25,200,5,29,0.7702614379084968
BI2015a,ATCNet,Low,25,200,5,39,0.8027210884353742
Lee2019_MI,DeepConvNet,Unknown,50,120,1,4,0.815
Lee2019_MI,DeepConvNet,Unknown,50,120,1,6,0.95
Lee2019_MI,DeepConvNet,Unknown,50,120,1,13,0.775
Lee2019_MI,DeepConvNet,Unknown,50,120,1,14,0.765
Lee2019_MI,DeepConvNet,Unknown,50,120,1,18,0.97
Lee2019_MI,DeepConvNet,Unknown,50,120,1,20,0.905
Lee2019_MI,DeepConvNet,Unknown,50,120,1,33,0.98
Lee2019_MI,DeepConvNet,Unknown,50,120,1,45,0.955
Lee2019_MI,DeepConvNet,Unknown,50,120,1,49,0.905
Lee2019_MI,DeepConvNet,Unknown,50,120,1,50,0.7050000000000001
Lee2019_MI,DeepConvNet,Unknown,50,120,1,53,0.855
Lee2019_MI,DeepConvNet,Unknown,50,120,2,5,0.9
Lee2019_MI,DeepConvNet,Unknown,50,120,2,7,0.7649999999999999
Lee2019_MI,DeepConvNet,Unknown,50,120,2,9,0.86
Lee2019_MI,DeepConvNet,Unknown,50,120,2,16,0.8300000000000001
Lee2019_MI,DeepConvNet,Unknown,50,120,2,25,0.915
Lee2019_MI,DeepConvNet,Unknown,50,120,2,27,0.945
Lee2019_MI,DeepConvNet,Unknown,50,120,2,34,0.71
Lee2019_MI,DeepConvNet,Unknown,50,120,2,35,0.96
Lee2019_MI,DeepConvNet,Unknown,50,120,2,38,0.79
Lee2019_MI,DeepConvNet,Unknown,50,120,2,46,0.745
Lee2019_MI,DeepConvNet,Unknown,50,120,2,51,0.7849999999999999
Lee2019_MI,DeepConvNet,Unknown,50,120,3,1,0.8049999999999999
Lee2019_MI,DeepConvNet,Unknown,50,120,3,10,0.7749999999999999
Lee2019_MI,DeepConvNet,Unknown,50,120,3,12,0.8200000000000001
Lee2019_MI,DeepConvNet,Unknown,50,120,3,17,0.7150000000000001
Lee2019_MI,DeepConvNet,Unknown,50,120,3,26,0.91
Lee2019_MI,DeepConvNet,Unknown,50,120,3,28,0.965
Lee2019_MI,DeepConvNet,Unknown,50,120,3,31,0.885
Lee2019_MI,DeepConvNet,Unknown,50,120,3,32,0.975
Lee2019_MI,DeepConvNet,Unknown,50,120,3,37,0.965
Lee2019_MI,DeepConvNet,Unknown,50,120,3,41,0.7849999999999999
Lee2019_MI,DeepConvNet,Unknown,50,120,3,48,0.72
Lee2019_MI,DeepConvNet,Unknown,50,120,4,2,0.845
Lee2019_MI,DeepConvNet,Unknown,50,120,4,3,0.925
Lee2019_MI,DeepConvNet,Unknown,50,120,4,11,0.72
Lee2019_MI,DeepConvNet,Unknown,50,120,4,22,0.72
Lee2019_MI,DeepConvNet,Unknown,50,120,4,24,0.8200000000000001
Lee2019_MI,DeepConvNet,Unknown,50,120,4,30,0.895
Lee2019_MI,DeepConvNet,Unknown,50,120,4,36,0.995
Lee2019_MI,DeepConvNet,Unknown,50,120,4,40,0.89
Lee2019_MI,DeepConvNet,Unknown,50,120,4,42,0.725
Lee2019_MI,DeepConvNet,Unknown,50,120,4,44,0.925
Lee2019_MI,DeepConvNet,Unknown,50,120,4,47,0.845
Lee2019_MI,DeepConvNet,Unknown,50,120,5,8,0.81
Lee2019_MI,DeepConvNet,Unknown,50,120,5,15,0.925
Lee2019_MI,DeepConvNet,Unknown,50,120,5,19,0.835
Lee2019_MI,DeepConvNet,Unknown,50,120,5,21,0.98
Lee2019_MI,DeepConvNet,Unknown,50,120,5,23,0.8400000000000001
Lee2019_MI,DeepConvNet,Unknown,50,120,5,29,0.8200000000000001
Lee2019_MI,DeepConvNet,Unknown,50,120,5,39,0.885
Lee2019_MI,DeepConvNet,Unknown,50,120,5,43,0.91
Lee2019_MI,DeepConvNet,Unknown,50,120,5,52,0.875
Lee2019_MI,DeepConvNet,Unknown,50,120,5,54,0.78
Kalunga2016,EEGNetv4,Unknown,12,42,1,1,0.265625
Kalunga2016,EEGNetv4,Unknown,12,42,1,10,0.5
Kalunga2016,EEGNetv4,Unknown,12,42,1,11,0.34375
Kalunga2016,EEGNetv4,Unknown,12,42,2,3,0.78125
Kalunga2016,EEGNetv4,Unknown,12,42,2,6,0.328125
Kalunga2016,EEGNetv4,Unknown,12,42,2,9,0.3125
Kalunga2016,EEGNetv4,Unknown,12,42,3,2,0.375
Kalunga2016,EEGNetv4,Unknown,12,42,3,12,0.4875
Kalunga2016,EEGNetv4,Unknown,12,42,4,5,0.390625
Kalunga2016,EEGNetv4,Unknown,12,42,4,8,0.5625
Kalunga2016,EEGNetv4,Unknown,12,42,5,4,0.46875
Kalunga2016,EEGNetv4,Unknown,12,42,5,7,0.6666666666666666
MAMEM2,ShallowConvNet,Unknown,6,100,1,2,0.2653333333333333
MAMEM2,ShallowConvNet,Unknown,6,100,1,9,0.2193333333333333
MAMEM2,ShallowConvNet,Unknown,6,100,2,1,0.2153333333333333
MAMEM2,ShallowConvNet,Unknown,6,100,2,6,0.202
MAMEM2,ShallowConvNet,Unknown,6,100,3,3,0.2
MAMEM2,ShallowConvNet,Unknown,6,100,3,8,0.1886666666666666
MAMEM2,ShallowConvNet,Unknown,6,100,4,5,0.1733333333333333
MAMEM2,ShallowConvNet,Unknown,6,100,4,10,0.2686666666666666
MAMEM2,ShallowConvNet,Unknown,6,100,5,4,0.2339999999999999
MAMEM2,ShallowConvNet,Unknown,6,100,5,7,0.2226666666666667
Kalunga2016,EEGNetv4,Unknown,8,64,1,1,0.25
Kalunga2016,EEGNetv4,Unknown,8,64,1,10,0.5
Kalunga2016,EEGNetv4,Unknown,8,64,1,11,0.265625
Kalunga2016,EEGNetv4,Unknown,8,64,2,3,0.59375
Kalunga2016,EEGNetv4,Unknown,8,64,2,6,0.328125
Kalunga2016,EEGNetv4,Unknown,8,64,2,9,0.296875
Kalunga2016,EEGNetv4,Unknown,8,64,3,2,0.265625
Kalunga2016,EEGNetv4,Unknown,8,64,3,12,0.5125
Kalunga2016,EEGNetv4,Unknown,8,64,4,5,0.421875
Kalunga2016,EEGNetv4,Unknown,8,64,4,8,0.546875
Kalunga2016,EEGNetv4,Unknown,8,64,5,4,0.46875
Kalunga2016,EEGNetv4,Unknown,8,64,5,7,0.53125
Huebner2018,EEGNetv4,Unknown,10,4200,1,1,0.9681771398915826
Huebner2018,EEGNetv4,Unknown,10,4200,1,10,0.920260989010989
Huebner2018,EEGNetv4,Unknown,10,4200,1,11,0.8846649529002946
Huebner2018,EEGNetv4,Unknown,10,4200,2,3,0.9742445054945056
Huebner2018,EEGNetv4,Unknown,10,4200,2,6,0.9720581501831502
Huebner2018,EEGNetv4,Unknown,10,4200,2,9,0.9337212820378632
Huebner2018,EEGNetv4,Unknown,10,4200,3,2,0.9803571428571428
Huebner2018,EEGNetv4,Unknown,10,4200,3,12,0.9145260989010988
Huebner2018,EEGNetv4,Unknown,10,4200,4,5,0.9028052108693944
Huebner2018,EEGNetv4,Unknown,10,4200,4,8,0.9062042124542125
Huebner2018,EEGNetv4,Unknown,10,4200,5,4,0.9453067765567764
Huebner2018,EEGNetv4,Unknown,10,4200,5,7,0.9177022260901428
Huebner2018,ATCNet,Unknown,10,4200,1,1,0.9731336459164672
Huebner2018,ATCNet,Unknown,10,4200,1,10,0.9240728021978022
Huebner2018,ATCNet,Unknown,10,4200,1,11,0.903717921698776
Huebner2018,ATCNet,Unknown,10,4200,2,3,0.9783653846153846
Huebner2018,ATCNet,Unknown,10,4200,2,6,0.977838827838828
Huebner2018,ATCNet,Unknown,10,4200,2,9,0.9384718615214196
Huebner2018,ATCNet,Unknown,10,4200,3,2,0.9811011904761904
Huebner2018,ATCNet,Unknown,10,4200,3,12,0.9230196886446886
Huebner2018,ATCNet,Unknown,10,4200,4,5,0.9158435921097412
Huebner2018,ATCNet,Unknown,10,4200,4,8,0.9176053113553112
Huebner2018,ATCNet,Unknown,10,4200,5,4,0.9499885531135532
Huebner2018,ATCNet,Unknown,10,4200,5,7,0.929400759479314
Huebner2017,ShallowConvNet,Unknown,10,3750,1,1,0.9624908258189858
Huebner2017,ShallowConvNet,Unknown,10,3750,1,10,0.9751258764102884
Huebner2017,ShallowConvNet,Unknown,10,3750,1,12,0.9442663817663818
Huebner2017,ShallowConvNet,Unknown,10,3750,2,3,0.9316978521512412
Huebner2017,ShallowConvNet,Unknown,10,3750,2,6,0.9752743996118152
Huebner2017,ShallowConvNet,Unknown,10,3750,2,9,0.971433658933659
Huebner2017,ShallowConvNet,Unknown,10,3750,3,2,0.9308862433862436
Huebner2017,ShallowConvNet,Unknown,10,3750,3,5,0.8983262108262109
Huebner2017,ShallowConvNet,Unknown,10,3750,3,13,0.9603676675265156
Huebner2017,ShallowConvNet,Unknown,10,3750,4,8,0.8576849280658053
Huebner2017,ShallowConvNet,Unknown,10,3750,4,11,0.7910295610712066
Huebner2017,ShallowConvNet,Unknown,10,3750,5,4,0.9781226408287268
Huebner2017,ShallowConvNet,Unknown,10,3750,5,7,0.9891381766381766
Huebner2017,ShallowConvNet,Unknown,6,12500,1,1,0.9570977804808968
Huebner2017,ShallowConvNet,Unknown,6,12500,1,10,0.9729097091546236
Huebner2017,ShallowConvNet,Unknown,6,12500,1,12,0.937665343915344
Huebner2017,ShallowConvNet,Unknown,6,12500,2,3,0.9262158583156446
Huebner2017,ShallowConvNet,Unknown,6,12500,2,6,0.9736892129085108
Huebner2017,ShallowConvNet,Unknown,6,12500,2,9,0.9668549043549044
Huebner2017,ShallowConvNet,Unknown,6,12500,3,2,0.9330229955229956
Huebner2017,ShallowConvNet,Unknown,6,12500,3,5,0.8965328652828652
Huebner2017,ShallowConvNet,Unknown,6,12500,3,13,0.9559160177418548
Huebner2017,ShallowConvNet,Unknown,6,12500,4,8,0.8494557953900514
Huebner2017,ShallowConvNet,Unknown,6,12500,4,11,0.7890958314769614
Huebner2017,ShallowConvNet,Unknown,6,12500,5,4,0.9752989719532564
Huebner2017,ShallowConvNet,Unknown,6,12500,5,7,0.9875737688237688
Yang2025,ATCNet,Low,30,150,1,4,0.5383333333333333
Yang2025,ATCNet,Low,30,150,1,13,0.75
Yang2025,ATCNet,Low,30,150,1,14,0.5549999999999999
Yang2025,ATCNet,Low,30,150,1,18,0.6483333333333333
Yang2025,ATCNet,Low,30,150,1,25,0.845
Yang2025,ATCNet,Low,30,150,1,31,0.8049999999999999
Yang2025,ATCNet,Low,30,150,1,32,0.7864102564102564
Yang2025,ATCNet,Low,30,150,1,33,0.955
Yang2025,ATCNet,Low,30,150,1,41,0.9216666666666666
Yang2025,ATCNet,Low,30,150,1,44,0.705
Yang2025,ATCNet,Low,30,150,1,47,0.8033333333333333
Yang2025,ATCNet,Low,30,150,2,5,0.835
Yang2025,ATCNet,Low,30,150,2,7,0.6683333333333333
Yang2025,ATCNet,Low,30,150,2,9,0.7033333333333334
Yang2025,ATCNet,Low,30,150,2,16,0.6833333333333333
Yang2025,ATCNet,Low,30,150,2,20,0.7250000000000001
Yang2025,ATCNet,Low,30,150,2,34,0.8516666666666667
Yang2025,ATCNet,Low,30,150,2,37,0.8466666666666667
Yang2025,ATCNet,Low,30,150,2,48,0.8083333333333333
Yang2025,ATCNet,Low,30,150,2,49,0.8966666666666667
Yang2025,ATCNet,Low,30,150,2,50,0.905
Yang2025,ATCNet,Low,30,150,3,1,0.8783333333333334
Yang2025,ATCNet,Low,30,150,3,10,0.8183333333333334
Yang2025,ATCNet,Low,30,150,3,12,0.5366666666666666
Yang2025,ATCNet,Low,30,150,3,17,0.72
Yang2025,ATCNet,Low,30,150,3,26,0.8264158305462653
Yang2025,ATCNet,Low,30,150,3,27,0.7716666666666667
Yang2025,ATCNet,Low,30,150,3,28,0.8866666666666667
Yang2025,ATCNet,Low,30,150,3,35,0.8033333333333333
Yang2025,ATCNet,Low,30,150,3,45,0.78
Yang2025,ATCNet,Low,30,150,3,46,0.9216666666666666
Yang2025,ATCNet,Low,30,150,4,2,0.62
Yang2025,ATCNet,Low,30,150,4,3,0.9216666666666666
Yang2025,ATCNet,Low,30,150,4,6,0.965
Yang2025,ATCNet,Low,30,150,4,22,0.8083333333333333
Yang2025,ATCNet,Low,30,150,4,24,0.9511495555958642
Yang2025,ATCNet,Low,30,150,4,30,0.7116666666666667
Yang2025,ATCNet,Low,30,150,4,36,0.8566666666666667
Yang2025,ATCNet,Low,30,150,4,38,0.5416666666666666
Yang2025,ATCNet,Low,30,150,4,40,0.8266666666666667
Yang2025,ATCNet,Low,30,150,4,42,0.7533333333333334
Yang2025,ATCNet,Low,30,150,5,8,0.8666666666666667
Yang2025,ATCNet,Low,30,150,5,11,0.8683333333333333
Yang2025,ATCNet,Low,30,150,5,15,0.7066666666666667
Yang2025,ATCNet,Low,30,150,5,19,0.8716666666666667
Yang2025,ATCNet,Low,30,150,5,21,0.8033333333333333
Yang2025,ATCNet,Low,30,150,5,23,0.9048717948717948
Yang2025,ATCNet,Low,30,150,5,29,0.9533333333333334
Yang2025,ATCNet,Low,30,150,5,39,0.8416666666666667
Yang2025,ATCNet,Low,30,150,5,43,0.9233333333333332
Yang2025,ATCNet,Low,30,150,5,51,0.8333333333333333
Lee2019_SSVEP,EEGNetv4,Low,20,100,1,4,0.995
Lee2019_SSVEP,EEGNetv4,Low,20,100,1,6,0.995
Lee2019_SSVEP,EEGNetv4,Low,20,100,1,13,0.99
Lee2019_SSVEP,EEGNetv4,Low,20,100,1,14,0.945
Lee2019_SSVEP,EEGNetv4,Low,20,100,1,18,0.99
Lee2019_SSVEP,EEGNetv4,Low,20,100,1,20,0.975
Lee2019_SSVEP,EEGNetv4,Low,20,100,1,33,1.0
Lee2019_SSVEP,EEGNetv4,Low,20,100,1,45,0.965
Lee2019_SSVEP,EEGNetv4,Low,20,100,1,49,0.99
Lee2019_SSVEP,EEGNetv4,Low,20,100,1,50,1.0
Lee2019_SSVEP,EEGNetv4,Low,20,100,1,53,1.0
Lee2019_SSVEP,EEGNetv4,Low,20,100,2,5,0.7949999999999999
Lee2019_SSVEP,EEGNetv4,Low,20,100,2,7,0.99
Lee2019_SSVEP,EEGNetv4,Low,20,100,2,9,0.985
Lee2019_SSVEP,EEGNetv4,Low,20,100,2,16,0.995
Lee2019_SSVEP,EEGNetv4,Low,20,100,2,25,0.985
Lee2019_SSVEP,EEGNetv4,Low,20,100,2,27,1.0
Lee2019_SSVEP,EEGNetv4,Low,20,100,2,34,0.875
Lee2019_SSVEP,EEGNetv4,Low,20,100,2,35,0.99
Lee2019_SSVEP,EEGNetv4,Low,20,100,2,38,0.99
Lee2019_SSVEP,EEGNetv4,Low,20,100,2,46,0.995
Lee2019_SSVEP,EEGNetv4,Low,20,100,2,51,0.84
Lee2019_SSVEP,EEGNetv4,Low,20,100,3,1,0.94
Lee2019_SSVEP,EEGNetv4,Low,20,100,3,10,0.99
Lee2019_SSVEP,EEGNetv4,Low,20,100,3,12,0.95
Lee2019_SSVEP,EEGNetv4,Low,20,100,3,17,0.965
Lee2019_SSVEP,EEGNetv4,Low,20,100,3,26,1.0
Lee2019_SSVEP,EEGNetv4,Low,20,100,3,28,0.98
Lee2019_SSVEP,EEGNetv4,Low,20,100,3,31,0.995
Lee2019_SSVEP,EEGNetv4,Low,20,100,3,32,0.855
Lee2019_SSVEP,EEGNetv4,Low,20,100,3,37,0.995
Lee2019_SSVEP,EEGNetv4,Low,20,100,3,41,0.99
Lee2019_SSVEP,EEGNetv4,Low,20,100,3,48,0.995
Lee2019_SSVEP,EEGNetv4,Low,20,100,4,2,0.99
Lee2019_SSVEP,EEGNetv4,Low,20,100,4,3,0.95
Lee2019_SSVEP,EEGNetv4,Low,20,100,4,11,1.0
Lee2019_SSVEP,EEGNetv4,Low,20,100,4,22,0.91
Lee2019_SSVEP,EEGNetv4,Low,20,100,4,24,0.975
Lee2019_SSVEP,EEGNetv4,Low,20,100,4,30,0.97
Lee2019_SSVEP,EEGNetv4,Low,20,100,4,36,1.0
Lee2019_SSVEP,EEGNetv4,Low,20,100,4,40,0.945
Lee2019_SSVEP,EEGNetv4,Low,20,100,4,42,0.7849999999999999
Lee2019_SSVEP,EEGNetv4,Low,20,100,4,44,0.995
Lee2019_SSVEP,EEGNetv4,Low,20,100,4,47,0.5950000000000001
Lee2019_SSVEP,EEGNetv4,Low,20,100,5,8,0.94
Lee2019_SSVEP,EEGNetv4,Low,20,100,5,15,0.995
Lee2019_SSVEP,EEGNetv4,Low,20,100,5,19,0.985
Lee2019_SSVEP,EEGNetv4,Low,20,100,5,21,0.95
Lee2019_SSVEP,EEGNetv4,Low,20,100,5,23,0.495
Lee2019_SSVEP,EEGNetv4,Low,20,100,5,29,0.985
Lee2019_SSVEP,EEGNetv4,Low,20,100,5,39,1.0
Lee2019_SSVEP,EEGNetv4,Low,20,100,5,43,1.0
Lee2019_SSVEP,EEGNetv4,Low,20,100,5,52,0.965
Lee2019_SSVEP,EEGNetv4,Low,20,100,5,54,0.8549999999999999
BI2015a,EEGNetv4,Low,20,250,1,5,0.8681818181818182
BI2015a,EEGNetv4,Low,20,250,1,9,0.8058558558558558
BI2015a,EEGNetv4,Low,20,250,1,13,0.8728070175438596
BI2015a,EEGNetv4,Low,20,250,1,25,0.7614942528735633
BI2015a,EEGNetv4,Low,20,250,1,26,0.8881720430107527
BI2015a,EEGNetv4,Low,20,250,1,35,0.6751207729468599
BI2015a,EEGNetv4,Low,20,250,1,37,0.7485714285714286
BI2015a,EEGNetv4,Low,20,250,1,38,0.8396396396396397
BI2015a,EEGNetv4,Low,20,250,1,40,0.8447530864197531
BI2015a,EEGNetv4,Low,20,250,2,4,0.8745833333333333
BI2015a,EEGNetv4,Low,20,250,2,7,0.8264705882352941
BI2015a,EEGNetv4,Low,20,250,2,14,0.7474358974358974
BI2015a,EEGNetv4,Low,20,250,2,16,0.8438095238095238
BI2015a,EEGNetv4,Low,20,250,2,18,0.797037037037037
BI2015a,EEGNetv4,Low,20,250,2,20,0.8407407407407408
BI2015a,EEGNetv4,Low,20,250,2,28,0.7663333333333333
BI2015a,EEGNetv4,Low,20,250,2,32,0.8370967741935484
BI2015a,EEGNetv4,Low,20,250,2,41,0.7844444444444445
BI2015a,EEGNetv4,Low,20,250,3,1,0.7030839990317115
BI2015a,EEGNetv4,Low,20,250,3,6,0.812121212121212
BI2015a,EEGNetv4,Low,20,250,3,10,0.8387096774193549
BI2015a,EEGNetv4,Low,20,250,3,12,0.7422043010752688
BI2015a,EEGNetv4,Low,20,250,3,17,0.8022222222222222
BI2015a,EEGNetv4,Low,20,250,3,27,0.7210970464135021
BI2015a,EEGNetv4,Low,20,250,3,30,0.7135802469135802
BI2015a,EEGNetv4,Low,20,250,3,31,0.6997777777777777
BI2015a,EEGNetv4,Low,20,250,3,42,0.7187134502923977
BI2015a,EEGNetv4,Low,20,250,4,2,0.8603174603174604
BI2015a,EEGNetv4,Low,20,250,4,3,0.8977011494252873
BI2015a,EEGNetv4,Low,20,250,4,22,0.8390151515151516
BI2015a,EEGNetv4,Low,20,250,4,24,0.8796296296296297
BI2015a,EEGNetv4,Low,20,250,4,33,0.848015873015873
BI2015a,EEGNetv4,Low,20,250,4,34,0.8533333333333333
BI2015a,EEGNetv4,Low,20,250,4,36,0.85625
BI2015a,EEGNetv4,Low,20,250,4,43,0.9189655172413792
BI2015a,EEGNetv4,Low,20,250,5,8,0.8365079365079365
BI2015a,EEGNetv4,Low,20,250,5,11,0.7870833333333334
BI2015a,EEGNetv4,Low,20,250,5,15,0.8314285714285714
BI2015a,EEGNetv4,Low,20,250,5,19,0.7693333333333333
BI2015a,EEGNetv4,Low,20,250,5,21,0.8738095238095238
BI2015a,EEGNetv4,Low,20,250,5,23,0.7890350877192982
BI2015a,EEGNetv4,Low,20,250,5,29,0.7450980392156863
BI2015a,EEGNetv4,Low,20,250,5,39,0.801360544217687
Huebner2018,EEGNetv4,Unknown,8,10500,1,1,0.9670324009263014
Huebner2018,EEGNetv4,Unknown,8,10500,1,10,0.917147435897436
Huebner2018,EEGNetv4,Unknown,8,10500,1,11,0.8863092942749673
Huebner2018,EEGNetv4,Unknown,8,10500,2,3,0.975
Huebner2018,EEGNetv4,Unknown,8,10500,2,6,0.971382783882784
Huebner2018,EEGNetv4,Unknown,8,10500,2,9,0.9265783158670556
Huebner2018,EEGNetv4,Unknown,8,10500,3,2,0.981662087912088
Huebner2018,EEGNetv4,Unknown,8,10500,3,12,0.9135874542124542
Huebner2018,EEGNetv4,Unknown,8,10500,4,5,0.9086763560564411
Huebner2018,EEGNetv4,Unknown,8,10500,4,8,0.9054601648351648
Huebner2018,EEGNetv4,Unknown,8,10500,5,4,0.9512019230769232
Huebner2018,EEGNetv4,Unknown,8,10500,5,7,0.9229675421836012
Kalunga2016,ATCNet,Unknown,12,42,1,1,0.375
Kalunga2016,ATCNet,Unknown,12,42,1,10,0.5703125
Kalunga2016,ATCNet,Unknown,12,42,1,11,0.515625
Kalunga2016,ATCNet,Unknown,12,42,2,3,0.921875
Kalunga2016,ATCNet,Unknown,12,42,2,6,0.484375
Kalunga2016,ATCNet,Unknown,12,42,2,9,0.421875
Kalunga2016,ATCNet,Unknown,12,42,3,2,0.5625
Kalunga2016,ATCNet,Unknown,12,42,3,12,0.7437499999999999
Kalunga2016,ATCNet,Unknown,12,42,4,5,0.4375
Kalunga2016,ATCNet,Unknown,12,42,4,8,0.765625
Kalunga2016,ATCNet,Unknown,12,42,5,4,0.75
Kalunga2016,ATCNet,Unknown,12,42,5,7,0.8125
Huebner2017,ATCNet,Unknown,10,3750,1,1,0.9734418565580788
Huebner2017,ATCNet,Unknown,10,3750,1,10,0.982563721136168
Huebner2017,ATCNet,Unknown,10,3750,1,12,0.9556878306878308
Huebner2017,ATCNet,Unknown,10,3750,2,3,0.9466294207033064
Huebner2017,ATCNet,Unknown,10,3750,2,6,0.9821678717607492
Huebner2017,ATCNet,Unknown,10,3750,2,9,0.9728963166463168
Huebner2017,ATCNet,Unknown,10,3750,3,2,0.9492139804639804
Huebner2017,ATCNet,Unknown,10,3750,3,5,0.9241452991452992
Huebner2017,ATCNet,Unknown,10,3750,3,13,0.9717764649871344
Huebner2017,ATCNet,Unknown,10,3750,4,8,0.8949251028746754
Huebner2017,ATCNet,Unknown,10,3750,4,11,0.8407511675701029
Huebner2017,ATCNet,Unknown,10,3750,5,4,0.9842658757082224
Huebner2017,ATCNet,Unknown,10,3750,5,7,0.9911223036223036
Huebner2017,EEGNetv4,Unknown,6,6250,1,1,0.9682906851706464
Huebner2017,EEGNetv4,Unknown,6,6250,1,10,0.9801566132023768
Huebner2017,EEGNetv4,Unknown,6,6250,1,12,0.9468482905982906
Huebner2017,EEGNetv4,Unknown,6,6250,2,3,0.9331979619991018
Huebner2017,EEGNetv4,Unknown,6,6250,2,6,0.9794369879474424
Huebner2017,EEGNetv4,Unknown,6,6250,2,9,0.9736848799348798
Huebner2017,EEGNetv4,Unknown,6,6250,3,2,0.9480565730565732
Huebner2017,EEGNetv4,Unknown,6,6250,3,5,0.9116300366300366
Huebner2017,EEGNetv4,Unknown,6,6250,3,13,0.9668414193860668
Huebner2017,EEGNetv4,Unknown,6,6250,4,8,0.8728705197957691
Huebner2017,EEGNetv4,Unknown,6,6250,4,11,0.8194147467960373
Huebner2017,EEGNetv4,Unknown,6,6250,5,4,0.9821801125294408
Huebner2017,EEGNetv4,Unknown,6,6250,5,7,0.990295584045584
Lee2019_MI,ShallowConvNet,Unknown,30,100,1,4,0.685
Lee2019_MI,ShallowConvNet,Unknown,30,100,1,6,0.835
Lee2019_MI,ShallowConvNet,Unknown,30,100,1,13,0.745
Lee2019_MI,ShallowConvNet,Unknown,30,100,1,14,0.72
Lee2019_MI,ShallowConvNet,Unknown,30,100,1,18,0.87
Lee2019_MI,ShallowConvNet,Unknown,30,100,1,20,0.745
Lee2019_MI,ShallowConvNet,Unknown,30,100,1,33,0.895
Lee2019_MI,ShallowConvNet,Unknown,30,100,1,45,0.88
Lee2019_MI,ShallowConvNet,Unknown,30,100,1,49,0.815
Lee2019_MI,ShallowConvNet,Unknown,30,100,1,50,0.615
Lee2019_MI,ShallowConvNet,Unknown,30,100,1,53,0.73
Lee2019_MI,ShallowConvNet,Unknown,30,100,2,5,0.8200000000000001
Lee2019_MI,ShallowConvNet,Unknown,30,100,2,7,0.725
Lee2019_MI,ShallowConvNet,Unknown,30,100,2,9,0.745
Lee2019_MI,ShallowConvNet,Unknown,30,100,2,16,0.835
Lee2019_MI,ShallowConvNet,Unknown,30,100,2,25,0.805
Lee2019_MI,ShallowConvNet,Unknown,30,100,2,27,0.7749999999999999
Lee2019_MI,ShallowConvNet,Unknown,30,100,2,34,0.56
Lee2019_MI,ShallowConvNet,Unknown,30,100,2,35,0.8799999999999999
Lee2019_MI,ShallowConvNet,Unknown,30,100,2,38,0.66
Lee2019_MI,ShallowConvNet,Unknown,30,100,2,46,0.65
Lee2019_MI,ShallowConvNet,Unknown,30,100,2,51,0.655
Lee2019_MI,ShallowConvNet,Unknown,30,100,3,1,0.69
Lee2019_MI,ShallowConvNet,Unknown,30,100,3,10,0.7250000000000001
Lee2019_MI,ShallowConvNet,Unknown,30,100,3,12,0.77
Lee2019_MI,ShallowConvNet,Unknown,30,100,3,17,0.71
Lee2019_MI,ShallowConvNet,Unknown,30,100,3,26,0.845
Lee2019_MI,ShallowConvNet,Unknown,30,100,3,28,0.915
Lee2019_MI,ShallowConvNet,Unknown,30,100,3,31,0.79
Lee2019_MI,ShallowConvNet,Unknown,30,100,3,32,0.905
Lee2019_MI,ShallowConvNet,Unknown,30,100,3,37,0.87
Lee2019_MI,ShallowConvNet,Unknown,30,100,3,41,0.705
Lee2019_MI,ShallowConvNet,Unknown,30,100,3,48,0.71
Lee2019_MI,ShallowConvNet,Unknown,30,100,4,2,0.845
Lee2019_MI,ShallowConvNet,Unknown,30,100,4,3,0.835
Lee2019_MI,ShallowConvNet,Unknown,30,100,4,11,0.615
Lee2019_MI,ShallowConvNet,Unknown,30,100,4,22,0.675
Lee2019_MI,ShallowConvNet,Unknown,30,100,4,24,0.645
Lee2019_MI,ShallowConvNet,Unknown,30,100,4,30,0.7
Lee2019_MI,ShallowConvNet,Unknown,30,100,4,36,0.955
Lee2019_MI,ShallowConvNet,Unknown,30,100,4,40,0.76
Lee2019_MI,ShallowConvNet,Unknown,30,100,4,42,0.675
Lee2019_MI,ShallowConvNet,Unknown,30,100,4,44,0.81
Lee2019_MI,ShallowConvNet,Unknown,30,100,4,47,0.8300000000000001
Lee2019_MI,ShallowConvNet,Unknown,30,100,5,8,0.675
Lee2019_MI,ShallowConvNet,Unknown,30,100,5,15,0.75
Lee2019_MI,ShallowConvNet,Unknown,30,100,5,19,0.8049999999999999
Lee2019_MI,ShallowConvNet,Unknown,30,100,5,21,0.98
Lee2019_MI,ShallowConvNet,Unknown,30,100,5,23,0.81
Lee2019_MI,ShallowConvNet,Unknown,30,100,5,29,0.8300000000000001
Lee2019_MI,ShallowConvNet,Unknown,30,100,5,39,0.835
Lee2019_MI,ShallowConvNet,Unknown,30,100,5,43,0.86
Lee2019_MI,ShallowConvNet,Unknown,30,100,5,52,0.775
Lee2019_MI,ShallowConvNet,Unknown,30,100,5,54,0.705
MAMEM2,ATCNet,Unknown,8,75,1,2,0.2373333333333333
MAMEM2,ATCNet,Unknown,8,75,1,9,0.1806666666666667
MAMEM2,ATCNet,Unknown,8,75,2,1,0.216
MAMEM2,ATCNet,Unknown,8,75,2,6,0.1846666666666666
MAMEM2,ATCNet,Unknown,8,75,3,3,0.2219999999999999
MAMEM2,ATCNet,Unknown,8,75,3,8,0.1753333333333333
MAMEM2,ATCNet,Unknown,8,75,4,5,0.1666666666666666
MAMEM2,ATCNet,Unknown,8,75,4,10,0.2073333333333333
MAMEM2,ATCNet,Unknown,8,75,5,4,0.1886666666666666
MAMEM2,ATCNet,Unknown,8,75,5,7,0.2486666666666666
Huebner2018,DeepConvNet,Unknown,12,7000,1,1,0.9664488151932628
Huebner2018,DeepConvNet,Unknown,12,7000,1,10,0.9005837912087913
Huebner2018,DeepConvNet,Unknown,12,7000,1,11,0.8862160723130773
Huebner2018,DeepConvNet,Unknown,12,7000,2,3,0.971668956043956
Huebner2018,DeepConvNet,Unknown,12,7000,2,6,0.970066391941392
Huebner2018,DeepConvNet,Unknown,12,7000,2,9,0.9227553870710296
Huebner2018,DeepConvNet,Unknown,12,7000,3,2,0.9740384615384616
Huebner2018,DeepConvNet,Unknown,12,7000,3,12,0.9101190476190476
Huebner2018,DeepConvNet,Unknown,12,7000,4,5,0.9004385749626953
Huebner2018,DeepConvNet,Unknown,12,7000,4,8,0.90069826007326
Huebner2018,DeepConvNet,Unknown,12,7000,5,4,0.9429143772893772
Huebner2018,DeepConvNet,Unknown,12,7000,5,7,0.9187221902319008
Lee2019_SSVEP,DeepConvNet,Low,40,50,1,4,1.0
Lee2019_SSVEP,DeepConvNet,Low,40,50,1,6,1.0
Lee2019_SSVEP,DeepConvNet,Low,40,50,1,13,0.995
Lee2019_SSVEP,DeepConvNet,Low,40,50,1,14,0.95
Lee2019_SSVEP,DeepConvNet,Low,40,50,1,18,0.995
Lee2019_SSVEP,DeepConvNet,Low,40,50,1,20,0.995
Lee2019_SSVEP,DeepConvNet,Low,40,50,1,33,1.0
Lee2019_SSVEP,DeepConvNet,Low,40,50,1,45,0.99
Lee2019_SSVEP,DeepConvNet,Low,40,50,1,49,1.0
Lee2019_SSVEP,DeepConvNet,Low,40,50,1,50,1.0
Lee2019_SSVEP,DeepConvNet,Low,40,50,1,53,1.0
Lee2019_SSVEP,DeepConvNet,Low,40,50,2,5,0.875
Lee2019_SSVEP,DeepConvNet,Low,40,50,2,7,1.0
Lee2019_SSVEP,DeepConvNet,Low,40,50,2,9,0.99
Lee2019_SSVEP,DeepConvNet,Low,40,50,2,16,1.0
Lee2019_SSVEP,DeepConvNet,Low,40,50,2,25,0.97
Lee2019_SSVEP,DeepConvNet,Low,40,50,2,27,0.995
Lee2019_SSVEP,DeepConvNet,Low,40,50,2,34,0.865
Lee2019_SSVEP,DeepConvNet,Low,40,50,2,35,1.0
Lee2019_SSVEP,DeepConvNet,Low,40,50,2,38,0.995
Lee2019_SSVEP,DeepConvNet,Low,40,50,2,46,0.99
Lee2019_SSVEP,DeepConvNet,Low,40,50,2,51,0.88
Lee2019_SSVEP,DeepConvNet,Low,40,50,3,1,0.955
Lee2019_SSVEP,DeepConvNet,Low,40,50,3,10,1.0
Lee2019_SSVEP,DeepConvNet,Low,40,50,3,12,0.975
Lee2019_SSVEP,DeepConvNet,Low,40,50,3,17,0.995
Lee2019_SSVEP,DeepConvNet,Low,40,50,3,26,0.99
Lee2019_SSVEP,DeepConvNet,Low,40,50,3,28,0.985
Lee2019_SSVEP,DeepConvNet,Low,40,50,3,31,1.0
Lee2019_SSVEP,DeepConvNet,Low,40,50,3,32,0.965
Lee2019_SSVEP,DeepConvNet,Low,40,50,3,37,0.985
Lee2019_SSVEP,DeepConvNet,Low,40,50,3,41,0.995
Lee2019_SSVEP,DeepConvNet,Low,40,50,3,48,0.995
Lee2019_SSVEP,DeepConvNet,Low,40,50,4,2,0.995
Lee2019_SSVEP,DeepConvNet,Low,40,50,4,3,0.955
Lee2019_SSVEP,DeepConvNet,Low,40,50,4,11,1.0
Lee2019_SSVEP,DeepConvNet,Low,40,50,4,22,0.965
Lee2019_SSVEP,DeepConvNet,Low,40,50,4,24,0.99
Lee2019_SSVEP,DeepConvNet,Low,40,50,4,30,0.995
Lee2019_SSVEP,DeepConvNet,Low,40,50,4,36,1.0
Lee2019_SSVEP,DeepConvNet,Low,40,50,4,40,0.95
Lee2019_SSVEP,DeepConvNet,Low,40,50,4,42,0.815
Lee2019_SSVEP,DeepConvNet,Low,40,50,4,44,0.995
Lee2019_SSVEP,DeepConvNet,Low,40,50,4,47,0.645
Lee2019_SSVEP,DeepConvNet,Low,40,50,5,8,0.95
Lee2019_SSVEP,DeepConvNet,Low,40,50,5,15,0.99
Lee2019_SSVEP,DeepConvNet,Low,40,50,5,19,0.985
Lee2019_SSVEP,DeepConvNet,Low,40,50,5,21,0.99
Lee2019_SSVEP,DeepConvNet,Low,40,50,5,23,0.45
Lee2019_SSVEP,DeepConvNet,Low,40,50,5,29,0.99
Lee2019_SSVEP,DeepConvNet,Low,40,50,5,39,1.0
Lee2019_SSVEP,DeepConvNet,Low,40,50,5,43,1.0
Lee2019_SSVEP,DeepConvNet,Low,40,50,5,52,1.0
Lee2019_SSVEP,DeepConvNet,Low,40,50,5,54,0.91
Lee2019_SSVEP,DeepConvNet,High,40,100,1,4,1.0
Lee2019_SSVEP,DeepConvNet,High,40,100,1,6,1.0
Lee2019_SSVEP,DeepConvNet,High,40,100,1,13,0.995
Lee2019_SSVEP,DeepConvNet,High,40,100,1,14,0.95
Lee2019_SSVEP,DeepConvNet,High,40,100,1,18,0.995
Lee2019_SSVEP,DeepConvNet,High,40,100,1,20,0.995
Lee2019_SSVEP,DeepConvNet,High,40,100,1,33,1.0
Lee2019_SSVEP,DeepConvNet,High,40,100,1,45,0.99
Lee2019_SSVEP,DeepConvNet,High,40,100,1,49,1.0
Lee2019_SSVEP,DeepConvNet,High,40,100,1,50,1.0
Lee2019_SSVEP,DeepConvNet,High,40,100,1,53,1.0
Lee2019_SSVEP,DeepConvNet,High,40,100,2,5,0.875
Lee2019_SSVEP,DeepConvNet,High,40,100,2,7,1.0
Lee2019_SSVEP,DeepConvNet,High,40,100,2,9,0.99
Lee2019_SSVEP,DeepConvNet,High,40,100,2,16,1.0
Lee2019_SSVEP,DeepConvNet,High,40,100,2,25,0.97
Lee2019_SSVEP,DeepConvNet,High,40,100,2,27,0.995
Lee2019_SSVEP,DeepConvNet,High,40,100,2,34,0.865
Lee2019_SSVEP,DeepConvNet,High,40,100,2,35,1.0
Lee2019_SSVEP,DeepConvNet,High,40,100,2,38,0.995
Lee2019_SSVEP,DeepConvNet,High,40,100,2,46,0.99
Lee2019_SSVEP,DeepConvNet,High,40,100,2,51,0.88
Lee2019_SSVEP,DeepConvNet,High,40,100,3,1,0.955
Lee2019_SSVEP,DeepConvNet,High,40,100,3,10,1.0
Lee2019_SSVEP,DeepConvNet,High,40,100,3,12,0.975
Lee2019_SSVEP,DeepConvNet,High,40,100,3,17,0.995
Lee2019_SSVEP,DeepConvNet,High,40,100,3,26,0.99
Lee2019_SSVEP,DeepConvNet,High,40,100,3,28,0.985
Lee2019_SSVEP,DeepConvNet,High,40,100,3,31,1.0
Lee2019_SSVEP,DeepConvNet,High,40,100,3,32,0.965
Lee2019_SSVEP,DeepConvNet,High,40,100,3,37,0.985
Lee2019_SSVEP,DeepConvNet,High,40,100,3,41,0.995
Lee2019_SSVEP,DeepConvNet,High,40,100,3,48,0.995
Lee2019_SSVEP,DeepConvNet,High,40,100,4,2,0.995
Lee2019_SSVEP,DeepConvNet,High,40,100,4,3,0.955
Lee2019_SSVEP,DeepConvNet,High,40,100,4,11,1.0
Lee2019_SSVEP,DeepConvNet,High,40,100,4,22,0.965
Lee2019_SSVEP,DeepConvNet,High,40,100,4,24,0.99
Lee2019_SSVEP,DeepConvNet,High,40,100,4,30,0.995
Lee2019_SSVEP,DeepConvNet,High,40,100,4,36,1.0
Lee2019_SSVEP,DeepConvNet,High,40,100,4,40,0.95
Lee2019_SSVEP,DeepConvNet,High,40,100,4,42,0.815
Lee2019_SSVEP,DeepConvNet,High,40,100,4,44,0.995
Lee2019_SSVEP,DeepConvNet,High,40,100,4,47,0.645
Lee2019_SSVEP,DeepConvNet,High,40,100,5,8,0.95
Lee2019_SSVEP,DeepConvNet,High,40,100,5,15,0.99
Lee2019_SSVEP,DeepConvNet,High,40,100,5,19,0.985
Lee2019_SSVEP,DeepConvNet,High,40,100,5,21,0.99
Lee2019_SSVEP,DeepConvNet,High,40,100,5,23,0.45
Lee2019_SSVEP,DeepConvNet,High,40,100,5,29,0.99
Lee2019_SSVEP,DeepConvNet,High,40,100,5,39,1.0
Lee2019_SSVEP,DeepConvNet,High,40,100,5,43,1.0
Lee2019_SSVEP,DeepConvNet,High,40,100,5,52,1.0
Lee2019_SSVEP,DeepConvNet,High,40,100,5,54,0.91
Huebner2018,ShallowConvNet,Unknown,12,7000,1,1,0.965040705585284
Huebner2018,ShallowConvNet,Unknown,12,7000,1,10,0.9095924908424908
Huebner2018,ShallowConvNet,Unknown,12,7000,1,11,0.8777314165435233
Huebner2018,ShallowConvNet,Unknown,12,7000,2,3,0.971771978021978
Huebner2018,ShallowConvNet,Unknown,12,7000,2,6,0.962293956043956
Huebner2018,ShallowConvNet,Unknown,12,7000,2,9,0.9200994116851796
Huebner2018,ShallowConvNet,Unknown,12,7000,3,2,0.9769459706959708
Huebner2018,ShallowConvNet,Unknown,12,7000,3,12,0.8964972527472528
Huebner2018,ShallowConvNet,Unknown,12,7000,4,5,0.8975517192858452
Huebner2018,ShallowConvNet,Unknown,12,7000,4,8,0.8922962454212454
Huebner2018,ShallowConvNet,Unknown,12,7000,5,4,0.9365842490842492
Huebner2018,ShallowConvNet,Unknown,12,7000,5,7,0.9048704173864488
Huebner2017,EEGNetv4,Unknown,3,12500,1,1,0.965937538029437
Huebner2017,EEGNetv4,Unknown,3,12500,1,10,0.9772908831731923
Huebner2017,EEGNetv4,Unknown,3,12500,1,12,0.945805352055352
Huebner2017,EEGNetv4,Unknown,3,12500,2,3,0.9372937660262106
Huebner2017,EEGNetv4,Unknown,3,12500,2,6,0.9807923682444534
Huebner2017,EEGNetv4,Unknown,3,12500,2,9,0.9665369352869352
Huebner2017,EEGNetv4,Unknown,3,12500,3,2,0.939166157916158
Huebner2017,EEGNetv4,Unknown,3,12500,3,5,0.905982905982906
Huebner2017,EEGNetv4,Unknown,3,12500,3,13,0.9632037186447232
Huebner2017,EEGNetv4,Unknown,3,12500,4,8,0.8720944163901623
Huebner2017,EEGNetv4,Unknown,3,12500,4,11,0.8214889793623067
Huebner2017,EEGNetv4,Unknown,3,12500,5,4,0.9801067678128536
Huebner2017,EEGNetv4,Unknown,3,12500,5,7,0.98889652014652
BI2015a,ShallowConvNet,Low,25,200,1,5,0.8156565656565656
BI2015a,ShallowConvNet,Low,25,200,1,9,0.7851351351351352
BI2015a,ShallowConvNet,Low,25,200,1,13,0.8679824561403509
BI2015a,ShallowConvNet,Low,25,200,1,25,0.6784482758620689
BI2015a,ShallowConvNet,Low,25,200,1,26,0.8521505376344086
BI2015a,ShallowConvNet,Low,25,200,1,35,0.6135265700483092
BI2015a,ShallowConvNet,Low,25,200,1,37,0.6519047619047619
BI2015a,ShallowConvNet,Low,25,200,1,38,0.7909909909909909
BI2015a,ShallowConvNet,Low,25,200,1,40,0.7777777777777778
BI2015a,ShallowConvNet,Low,25,200,2,4,0.8291666666666666
BI2015a,ShallowConvNet,Low,25,200,2,7,0.7877450980392157
BI2015a,ShallowConvNet,Low,25,200,2,14,0.688034188034188
BI2015a,ShallowConvNet,Low,25,200,2,16,0.8066666666666666
BI2015a,ShallowConvNet,Low,25,200,2,18,0.705925925925926
BI2015a,ShallowConvNet,Low,25,200,2,20,0.7759259259259259
BI2015a,ShallowConvNet,Low,25,200,2,28,0.6976666666666667
BI2015a,ShallowConvNet,Low,25,200,2,32,0.774731182795699
BI2015a,ShallowConvNet,Low,25,200,2,41,0.7492592592592593
BI2015a,ShallowConvNet,Low,25,200,3,1,0.649858497832354
BI2015a,ShallowConvNet,Low,25,200,3,6,0.7450757575757576
BI2015a,ShallowConvNet,Low,25,200,3,10,0.8091397849462365
BI2015a,ShallowConvNet,Low,25,200,3,12,0.6758064516129032
BI2015a,ShallowConvNet,Low,25,200,3,17,0.7551851851851852
BI2015a,ShallowConvNet,Low,25,200,3,27,0.6400843881856539
BI2015a,ShallowConvNet,Low,25,200,3,30,0.8339506172839506
BI2015a,ShallowConvNet,Low,25,200,3,31,0.6446666666666667
BI2015a,ShallowConvNet,Low,25,200,3,42,0.6552631578947369
BI2015a,ShallowConvNet,Low,25,200,4,2,0.8091269841269841
BI2015a,ShallowConvNet,Low,25,200,4,3,0.8580459770114943
BI2015a,ShallowConvNet,Low,25,200,4,22,0.7507575757575757
BI2015a,ShallowConvNet,Low,25,200,4,24,0.826851851851852
BI2015a,ShallowConvNet,Low,25,200,4,33,0.7757936507936508
BI2015a,ShallowConvNet,Low,25,200,4,34,0.7647619047619048
BI2015a,ShallowConvNet,Low,25,200,4,36,0.7791666666666667
BI2015a,ShallowConvNet,Low,25,200,4,43,0.8666666666666667
BI2015a,ShallowConvNet,Low,25,200,5,8,0.7785714285714286
BI2015a,ShallowConvNet,Low,25,200,5,11,0.7070833333333333
BI2015a,ShallowConvNet,Low,25,200,5,15,0.7795238095238095
BI2015a,ShallowConvNet,Low,25,200,5,19,0.722
BI2015a,ShallowConvNet,Low,25,200,5,21,0.8433333333333333
BI2015a,ShallowConvNet,Low,25,200,5,23,0.7175438596491228
BI2015a,ShallowConvNet,Low,25,200,5,29,0.7
BI2015a,ShallowConvNet,Low,25,200,5,39,0.7224489795918367
Yang2025,ShallowConvNet,High,30,300,1,4,0.5483333333333333
Yang2025,ShallowConvNet,High,30,300,1,13,0.8066666666666666
Yang2025,ShallowConvNet,High,30,300,1,14,0.5483333333333333
Yang2025,ShallowConvNet,High,30,300,1,18,0.7233333333333334
Yang2025,ShallowConvNet,High,30,300,1,25,0.9433333333333334
Yang2025,ShallowConvNet,High,30,300,1,31,0.8
Yang2025,ShallowConvNet,High,30,300,1,32,0.6560256410256411
Yang2025,ShallowConvNet,High,30,300,1,33,0.965
Yang2025,ShallowConvNet,High,30,300,1,41,0.9233333333333332
Yang2025,ShallowConvNet,High,30,300,1,44,0.7366666666666666
Yang2025,ShallowConvNet,High,30,300,1,47,0.9066666666666668
Yang2025,ShallowConvNet,High,30,300,2,5,0.9183333333333332
Yang2025,ShallowConvNet,High,30,300,2,7,0.8316666666666667
Yang2025,ShallowConvNet,High,30,300,2,9,0.7250000000000001
Yang2025,ShallowConvNet,High,30,300,2,16,0.7183333333333333
Yang2025,ShallowConvNet,High,30,300,2,20,0.8833333333333333
Yang2025,ShallowConvNet,High,30,300,2,34,0.815
Yang2025,ShallowConvNet,High,30,300,2,37,0.9133333333333332
Yang2025,ShallowConvNet,High,30,300,2,48,0.9033333333333332
Yang2025,ShallowConvNet,High,30,300,2,49,0.965
Yang2025,ShallowConvNet,High,30,300,2,50,0.96
Yang2025,ShallowConvNet,High,30,300,3,1,0.9433333333333334
Yang2025,ShallowConvNet,High,30,300,3,10,0.8783333333333333
Yang2025,ShallowConvNet,High,30,300,3,12,0.5833333333333334
Yang2025,ShallowConvNet,High,30,300,3,17,0.8033333333333333
Yang2025,ShallowConvNet,High,30,300,3,26,0.9131772575250836
Yang2025,ShallowConvNet,High,30,300,3,27,0.7116666666666667
Yang2025,ShallowConvNet,High,30,300,3,28,0.8983333333333333
Yang2025,ShallowConvNet,High,30,300,3,35,0.975
Yang2025,ShallowConvNet,High,30,300,3,45,0.8983333333333333
Yang2025,ShallowConvNet,High,30,300,3,46,0.995
Yang2025,ShallowConvNet,High,30,300,4,2,0.7016666666666667
Yang2025,ShallowConvNet,High,30,300,4,3,0.9583333333333334
Yang2025,ShallowConvNet,High,30,300,4,6,0.97
Yang2025,ShallowConvNet,High,30,300,4,22,0.8333333333333334
Yang2025,ShallowConvNet,High,30,300,4,24,0.9781198984219118
Yang2025,ShallowConvNet,High,30,300,4,30,0.925
Yang2025,ShallowConvNet,High,30,300,4,36,0.9383333333333332
Yang2025,ShallowConvNet,High,30,300,4,38,0.6783333333333333
Yang2025,ShallowConvNet,High,30,300,4,40,0.8416666666666667
Yang2025,ShallowConvNet,High,30,300,4,42,0.8300000000000001
Yang2025,ShallowConvNet,High,30,300,5,8,0.9333333333333332
Yang2025,ShallowConvNet,High,30,300,5,11,0.92
Yang2025,ShallowConvNet,High,30,300,5,15,0.8183333333333334
Yang2025,ShallowConvNet,High,30,300,5,19,0.8866666666666667
Yang2025,ShallowConvNet,High,30,300,5,21,0.9033333333333332
Yang2025,ShallowConvNet,High,30,300,5,23,0.959927536231884
Yang2025,ShallowConvNet,High,30,300,5,29,0.9333333333333332
Yang2025,ShallowConvNet,High,30,300,5,39,0.7933333333333333
Yang2025,ShallowConvNet,High,30,300,5,43,0.9983333333333332
Yang2025,ShallowConvNet,High,30,300,5,51,0.8916666666666666
Huebner2018,ATCNet,Unknown,8,10500,1,1,0.9699055736178526
Huebner2018,ATCNet,Unknown,8,10500,1,10,0.9212912087912088
Huebner2018,ATCNet,Unknown,8,10500,1,11,0.9021881109485697
Huebner2018,ATCNet,Unknown,8,10500,2,3,0.9783424908424908
Huebner2018,ATCNet,Unknown,8,10500,2,6,0.9768543956043956
Huebner2018,ATCNet,Unknown,8,10500,2,9,0.9370179601742704
Huebner2018,ATCNet,Unknown,8,10500,3,2,0.9822458791208792
Huebner2018,ATCNet,Unknown,8,10500,3,12,0.9213255494505496
Huebner2018,ATCNet,Unknown,8,10500,4,5,0.9170688368805466
Huebner2018,ATCNet,Unknown,8,10500,4,8,0.91944826007326
Huebner2018,ATCNet,Unknown,8,10500,5,4,0.9494391025641024
Huebner2018,ATCNet,Unknown,8,10500,5,7,0.9260123300877698
Lee2019_SSVEP,EEGNetv4,High,25,160,1,4,0.995
Lee2019_SSVEP,EEGNetv4,High,25,160,1,6,1.0
Lee2019_SSVEP,EEGNetv4,High,25,160,1,13,0.985
Lee2019_SSVEP,EEGNetv4,High,25,160,1,14,0.94
Lee2019_SSVEP,EEGNetv4,High,25,160,1,18,0.995
Lee2019_SSVEP,EEGNetv4,High,25,160,1,20,0.98
Lee2019_SSVEP,EEGNetv4,High,25,160,1,33,1.0
Lee2019_SSVEP,EEGNetv4,High,25,160,1,45,0.98
Lee2019_SSVEP,EEGNetv4,High,25,160,1,49,0.995
Lee2019_SSVEP,EEGNetv4,High,25,160,1,50,0.995
Lee2019_SSVEP,EEGNetv4,High,25,160,1,53,1.0
Lee2019_SSVEP,EEGNetv4,High,25,160,2,5,0.835
Lee2019_SSVEP,EEGNetv4,High,25,160,2,7,0.99
Lee2019_SSVEP,EEGNetv4,High,25,160,2,9,0.99
Lee2019_SSVEP,EEGNetv4,High,25,160,2,16,0.995
Lee2019_SSVEP,EEGNetv4,High,25,160,2,25,0.97
Lee2019_SSVEP,EEGNetv4,High,25,160,2,27,0.995
Lee2019_SSVEP,EEGNetv4,High,25,160,2,34,0.845
Lee2019_SSVEP,EEGNetv4,High,25,160,2,35,0.995
Lee2019_SSVEP,EEGNetv4,High,25,160,2,38,0.99
Lee2019_SSVEP,EEGNetv4,High,25,160,2,46,1.0
Lee2019_SSVEP,EEGNetv4,High,25,160,2,51,0.8200000000000001
Lee2019_SSVEP,EEGNetv4,High,25,160,3,1,0.935
Lee2019_SSVEP,EEGNetv4,High,25,160,3,10,0.99
Lee2019_SSVEP,EEGNetv4,High,25,160,3,12,0.965
Lee2019_SSVEP,EEGNetv4,High,25,160,3,17,0.965
Lee2019_SSVEP,EEGNetv4,High,25,160,3,26,0.995
Lee2019_SSVEP,EEGNetv4,High,25,160,3,28,0.98
Lee2019_SSVEP,EEGNetv4,High,25,160,3,31,0.99
Lee2019_SSVEP,EEGNetv4,High,25,160,3,32,0.85
Lee2019_SSVEP,EEGNetv4,High,25,160,3,37,0.995
Lee2019_SSVEP,EEGNetv4,High,25,160,3,41,0.985
Lee2019_SSVEP,EEGNetv4,High,25,160,3,48,0.995
Lee2019_SSVEP,EEGNetv4,High,25,160,4,2,0.99
Lee2019_SSVEP,EEGNetv4,High,25,160,4,3,0.95
Lee2019_SSVEP,EEGNetv4,High,25,160,4,11,1.0
Lee2019_SSVEP,EEGNetv4,High,25,160,4,22,0.915
Lee2019_SSVEP,EEGNetv4,High,25,160,4,24,0.98
Lee2019_SSVEP,EEGNetv4,High,25,160,4,30,0.985
Lee2019_SSVEP,EEGNetv4,High,25,160,4,36,1.0
Lee2019_SSVEP,EEGNetv4,High,25,160,4,40,0.97
Lee2019_SSVEP,EEGNetv4,High,25,160,4,42,0.835
Lee2019_SSVEP,EEGNetv4,High,25,160,4,44,0.995
Lee2019_SSVEP,EEGNetv4,High,25,160,4,47,0.5800000000000001
Lee2019_SSVEP,EEGNetv4,High,25,160,5,8,0.945
Lee2019_SSVEP,EEGNetv4,High,25,160,5,15,0.98
Lee2019_SSVEP,EEGNetv4,High,25,160,5,19,0.985
Lee2019_SSVEP,EEGNetv4,High,25,160,5,21,0.965
Lee2019_SSVEP,EEGNetv4,High,25,160,5,23,0.475
Lee2019_SSVEP,EEGNetv4,High,25,160,5,29,0.97
Lee2019_SSVEP,EEGNetv4,High,25,160,5,39,1.0
Lee2019_SSVEP,EEGNetv4,High,25,160,5,43,1.0
Lee2019_SSVEP,EEGNetv4,High,25,160,5,52,0.95
Lee2019_SSVEP,EEGNetv4,High,25,160,5,54,0.815
Yang2025,ShallowConvNet,Low,30,150,1,4,0.5666666666666667
Yang2025,ShallowConvNet,Low,30,150,1,13,0.835
Yang2025,ShallowConvNet,Low,30,150,1,14,0.6000000000000001
Yang2025,ShallowConvNet,Low,30,150,1,18,0.7116666666666667
Yang2025,ShallowConvNet,Low,30,150,1,25,0.9316666666666666
Yang2025,ShallowConvNet,Low,30,150,1,31,0.8116666666666666
Yang2025,ShallowConvNet,Low,30,150,1,32,0.6744648829431439
Yang2025,ShallowConvNet,Low,30,150,1,33,0.9683333333333332
Yang2025,ShallowConvNet,Low,30,150,1,41,0.9166666666666669
Yang2025,ShallowConvNet,Low,30,150,1,44,0.7683333333333333
Yang2025,ShallowConvNet,Low,30,150,1,47,0.8933333333333333
Yang2025,ShallowConvNet,Low,30,150,2,5,0.9166666666666666
Yang2025,ShallowConvNet,Low,30,150,2,7,0.8133333333333332
Yang2025,ShallowConvNet,Low,30,150,2,9,0.75
Yang2025,ShallowConvNet,Low,30,150,2,16,0.7066666666666667
Yang2025,ShallowConvNet,Low,30,150,2,20,0.8883333333333334
Yang2025,ShallowConvNet,Low,30,150,2,34,0.8233333333333334
Yang2025,ShallowConvNet,Low,30,150,2,37,0.915
Yang2025,ShallowConvNet,Low,30,150,2,48,0.915
Yang2025,ShallowConvNet,Low,30,150,2,49,0.9566666666666668
Yang2025,ShallowConvNet,Low,30,150,2,50,0.96
Yang2025,ShallowConvNet,Low,30,150,3,1,0.9433333333333334
Yang2025,ShallowConvNet,Low,30,150,3,10,0.8783333333333333
Yang2025,ShallowConvNet,Low,30,150,3,12,0.5983333333333334
Yang2025,ShallowConvNet,Low,30,150,3,17,0.7983333333333333
Yang2025,ShallowConvNet,Low,30,150,3,26,0.906505016722408
Yang2025,ShallowConvNet,Low,30,150,3,27,0.7116666666666667
Yang2025,ShallowConvNet,Low,30,150,3,28,0.89
Yang2025,ShallowConvNet,Low,30,150,3,35,0.97
Yang2025,ShallowConvNet,Low,30,150,3,45,0.8866666666666667
Yang2025,ShallowConvNet,Low,30,150,3,46,0.9933333333333332
Yang2025,ShallowConvNet,Low,30,150,4,2,0.7066666666666667
Yang2025,ShallowConvNet,Low,30,150,4,3,0.96
Yang2025,ShallowConvNet,Low,30,150,4,6,0.9683333333333332
Yang2025,ShallowConvNet,Low,30,150,4,22,0.835
Yang2025,ShallowConvNet,Low,30,150,4,24,0.976396698712135
Yang2025,ShallowConvNet,Low,30,150,4,30,0.9416666666666668
Yang2025,ShallowConvNet,Low,30,150,4,36,0.9316666666666666
Yang2025,ShallowConvNet,Low,30,150,4,38,0.6783333333333333
Yang2025,ShallowConvNet,Low,30,150,4,40,0.8400000000000001
Yang2025,ShallowConvNet,Low,30,150,4,42,0.835
Yang2025,ShallowConvNet,Low,30,150,5,8,0.935
Yang2025,ShallowConvNet,Low,30,150,5,11,0.9266666666666666
Yang2025,ShallowConvNet,Low,30,150,5,15,0.8083333333333333
Yang2025,ShallowConvNet,Low,30,150,5,19,0.8766666666666667
Yang2025,ShallowConvNet,Low,30,150,5,21,0.9083333333333332
Yang2025,ShallowConvNet,Low,30,150,5,23,0.9632608695652174
Yang2025,ShallowConvNet,Low,30,150,5,29,0.9316666666666666
Yang2025,ShallowConvNet,Low,30,150,5,39,0.7816666666666667
Yang2025,ShallowConvNet,Low,30,150,5,43,0.9966666666666666
Yang2025,ShallowConvNet,Low,30,150,5,51,0.8733333333333333
Huebner2018,ShallowConvNet,Unknown,10,4200,1,1,0.9650864973244542
Huebner2018,ShallowConvNet,Unknown,10,4200,1,10,0.9095467032967032
Huebner2018,ShallowConvNet,Unknown,10,4200,1,11,0.8788007952117923
Huebner2018,ShallowConvNet,Unknown,10,4200,2,3,0.971875
Huebner2018,ShallowConvNet,Unknown,10,4200,2,6,0.9623397435897436
Huebner2018,ShallowConvNet,Unknown,10,4200,2,9,0.9222743284968536
Huebner2018,ShallowConvNet,Unknown,10,4200,3,2,0.978319597069597
Huebner2018,ShallowConvNet,Unknown,10,4200,3,12,0.8965888278388279
Huebner2018,ShallowConvNet,Unknown,10,4200,4,5,0.8985131318882693
Huebner2018,ShallowConvNet,Unknown,10,4200,4,8,0.8909340659340659
Huebner2018,ShallowConvNet,Unknown,10,4200,5,4,0.9383127289377288
Huebner2018,ShallowConvNet,Unknown,10,4200,5,7,0.9031874901847876
MAMEM2,DeepConvNet,Unknown,8,75,1,2,0.19
MAMEM2,DeepConvNet,Unknown,8,75,1,9,0.1773333333333333
MAMEM2,DeepConvNet,Unknown,8,75,2,1,0.1933333333333333
MAMEM2,DeepConvNet,Unknown,8,75,2,6,0.174
MAMEM2,DeepConvNet,Unknown,8,75,3,3,0.1533333333333333
MAMEM2,DeepConvNet,Unknown,8,75,3,8,0.1993333333333333
MAMEM2,DeepConvNet,Unknown,8,75,4,5,0.16
MAMEM2,DeepConvNet,Unknown,8,75,4,10,0.1973333333333333
MAMEM2,DeepConvNet,Unknown,8,75,5,4,0.2146666666666666
MAMEM2,DeepConvNet,Unknown,8,75,5,7,0.1793333333333333
Lee2019_MI,ShallowConvNet,Unknown,50,60,1,4,0.745
Lee2019_MI,ShallowConvNet,Unknown,50,60,1,6,0.87
Lee2019_MI,ShallowConvNet,Unknown,50,60,1,13,0.73
Lee2019_MI,ShallowConvNet,Unknown,50,60,1,14,0.765
Lee2019_MI,ShallowConvNet,Unknown,50,60,1,18,0.8999999999999999
Lee2019_MI,ShallowConvNet,Unknown,50,60,1,20,0.7949999999999999
Lee2019_MI,ShallowConvNet,Unknown,50,60,1,33,0.92
Lee2019_MI,ShallowConvNet,Unknown,50,60,1,45,0.8300000000000001
Lee2019_MI,ShallowConvNet,Unknown,50,60,1,49,0.8500000000000001
Lee2019_MI,ShallowConvNet,Unknown,50,60,1,50,0.59
Lee2019_MI,ShallowConvNet,Unknown,50,60,1,53,0.78
Lee2019_MI,ShallowConvNet,Unknown,50,60,2,5,0.865
Lee2019_MI,ShallowConvNet,Unknown,50,60,2,7,0.77
Lee2019_MI,ShallowConvNet,Unknown,50,60,2,9,0.815
Lee2019_MI,ShallowConvNet,Unknown,50,60,2,16,0.835
Lee2019_MI,ShallowConvNet,Unknown,50,60,2,25,0.87
Lee2019_MI,ShallowConvNet,Unknown,50,60,2,27,0.8200000000000001
Lee2019_MI,ShallowConvNet,Unknown,50,60,2,34,0.565
Lee2019_MI,ShallowConvNet,Unknown,50,60,2,35,0.93
Lee2019_MI,ShallowConvNet,Unknown,50,60,2,38,0.745
Lee2019_MI,ShallowConvNet,Unknown,50,60,2,46,0.76
Lee2019_MI,ShallowConvNet,Unknown,50,60,2,51,0.64
Lee2019_MI,ShallowConvNet,Unknown,50,60,3,1,0.75
Lee2019_MI,ShallowConvNet,Unknown,50,60,3,10,0.735
Lee2019_MI,ShallowConvNet,Unknown,50,60,3,12,0.77
Lee2019_MI,ShallowConvNet,Unknown,50,60,3,17,0.715
Lee2019_MI,ShallowConvNet,Unknown,50,60,3,26,0.86
Lee2019_MI,ShallowConvNet,Unknown,50,60,3,28,0.945
Lee2019_MI,ShallowConvNet,Unknown,50,60,3,31,0.77
Lee2019_MI,ShallowConvNet,Unknown,50,60,3,32,0.91
Lee2019_MI,ShallowConvNet,Unknown,50,60,3,37,0.935
Lee2019_MI,ShallowConvNet,Unknown,50,60,3,41,0.73
Lee2019_MI,ShallowConvNet,Unknown,50,60,3,48,0.72
Lee2019_MI,ShallowConvNet,Unknown,50,60,4,2,0.81
Lee2019_MI,ShallowConvNet,Unknown,50,60,4,3,0.85
Lee2019_MI,ShallowConvNet,Unknown,50,60,4,11,0.69
Lee2019_MI,ShallowConvNet,Unknown,50,60,4,22,0.71
Lee2019_MI,ShallowConvNet,Unknown,50,60,4,24,0.71
Lee2019_MI,ShallowConvNet,Unknown,50,60,4,30,0.7150000000000001
Lee2019_MI,ShallowConvNet,Unknown,50,60,4,36,0.96
Lee2019_MI,ShallowConvNet,Unknown,50,60,4,40,0.7749999999999999
Lee2019_MI,ShallowConvNet,Unknown,50,60,4,42,0.685
Lee2019_MI,ShallowConvNet,Unknown,50,60,4,44,0.775
Lee2019_MI,ShallowConvNet,Unknown,50,60,4,47,0.8300000000000001
Lee2019_MI,ShallowConvNet,Unknown,50,60,5,8,0.735
Lee2019_MI,ShallowConvNet,Unknown,50,60,5,15,0.7749999999999999
Lee2019_MI,ShallowConvNet,Unknown,50,60,5,19,0.855
Lee2019_MI,ShallowConvNet,Unknown,50,60,5,21,0.98
Lee2019_MI,ShallowConvNet,Unknown,50,60,5,23,0.7949999999999999
Lee2019_MI,ShallowConvNet,Unknown,50,60,5,29,0.8400000000000001
Lee2019_MI,ShallowConvNet,Unknown,50,60,5,39,0.81
Lee2019_MI,ShallowConvNet,Unknown,50,60,5,43,0.915
Lee2019_MI,ShallowConvNet,Unknown,50,60,5,52,0.815
Lee2019_MI,ShallowConvNet,Unknown,50,60,5,54,0.75
MAMEM2,EEGNetv4,Unknown,6,100,1,2,0.2213333333333333
MAMEM2,EEGNetv4,Unknown,6,100,1,9,0.1946666666666666
MAMEM2,EEGNetv4,Unknown,6,100,2,1,0.126
MAMEM2,EEGNetv4,Unknown,6,100,2,6,0.2139999999999999
MAMEM2,EEGNetv4,Unknown,6,100,3,3,0.2906666666666666
MAMEM2,EEGNetv4,Unknown,6,100,3,8,0.2026666666666666
MAMEM2,EEGNetv4,Unknown,6,100,4,5,0.188
MAMEM2,EEGNetv4,Unknown,6,100,4,10,0.186
MAMEM2,EEGNetv4,Unknown,6,100,5,4,0.182
MAMEM2,EEGNetv4,Unknown,6,100,5,7,0.2493333333333333
Yang2025,ATCNet,High,30,300,1,4,0.535
Yang2025,ATCNet,High,30,300,1,13,0.7433333333333333
Yang2025,ATCNet,High,30,300,1,14,0.5816666666666667
Yang2025,ATCNet,High,30,300,1,18,0.6466666666666667
Yang2025,ATCNet,High,30,300,1,25,0.845
Yang2025,ATCNet,High,30,300,1,31,0.8066666666666666
Yang2025,ATCNet,High,30,300,1,32,0.7880936454849499
Yang2025,ATCNet,High,30,300,1,33,0.95
Yang2025,ATCNet,High,30,300,1,41,0.9116666666666666
Yang2025,ATCNet,High,30,300,1,44,0.6966666666666667
Yang2025,ATCNet,High,30,300,1,47,0.8133333333333332
Yang2025,ATCNet,High,30,300,2,5,0.8400000000000001
Yang2025,ATCNet,High,30,300,2,7,0.6683333333333333
Yang2025,ATCNet,High,30,300,2,9,0.7033333333333334
Yang2025,ATCNet,High,30,300,2,16,0.6816666666666666
Yang2025,ATCNet,High,30,300,2,20,0.7216666666666667
Yang2025,ATCNet,High,30,300,2,34,0.8483333333333334
Yang2025,ATCNet,High,30,300,2,37,0.8316666666666667
Yang2025,ATCNet,High,30,300,2,48,0.8049999999999999
Yang2025,ATCNet,High,30,300,2,49,0.8933333333333333
Yang2025,ATCNet,High,30,300,2,50,0.91
Yang2025,ATCNet,High,30,300,3,1,0.8816666666666667
Yang2025,ATCNet,High,30,300,3,10,0.8233333333333334
Yang2025,ATCNet,High,30,300,3,12,0.5416666666666666
Yang2025,ATCNet,High,30,300,3,17,0.705
Yang2025,ATCNet,High,30,300,3,26,0.8514827201783723
Yang2025,ATCNet,High,30,300,3,27,0.7533333333333333
Yang2025,ATCNet,High,30,300,3,28,0.88
Yang2025,ATCNet,High,30,300,3,35,0.8033333333333333
Yang2025,ATCNet,High,30,300,3,45,0.78
Yang2025,ATCNet,High,30,300,3,46,0.9266666666666667
Yang2025,ATCNet,High,30,300,4,2,0.6416666666666666
Yang2025,ATCNet,High,30,300,4,3,0.9233333333333332
Yang2025,ATCNet,High,30,300,4,6,0.9683333333333332
Yang2025,ATCNet,High,30,300,4,22,0.81
Yang2025,ATCNet,High,30,300,4,24,0.9528274079448577
Yang2025,ATCNet,High,30,300,4,30,0.7116666666666667
Yang2025,ATCNet,High,30,300,4,36,0.8566666666666667
Yang2025,ATCNet,High,30,300,4,38,0.5316666666666666
Yang2025,ATCNet,High,30,300,4,40,0.8266666666666667
Yang2025,ATCNet,High,30,300,4,42,0.76
Yang2025,ATCNet,High,30,300,5,8,0.865
Yang2025,ATCNet,High,30,300,5,11,0.8716666666666667
Yang2025,ATCNet,High,30,300,5,15,0.7033333333333334
Yang2025,ATCNet,High,30,300,5,19,0.8700000000000001
Yang2025,ATCNet,High,30,300,5,21,0.8200000000000001
Yang2025,ATCNet,High,30,300,5,23,0.9082051282051282
Yang2025,ATCNet,High,30,300,5,29,0.9466666666666668
Yang2025,ATCNet,High,30,300,5,39,0.8333333333333333
Yang2025,ATCNet,High,30,300,5,43,0.9216666666666666
Yang2025,ATCNet,High,30,300,5,51,0.8516666666666667
Huebner2018,DeepConvNet,Unknown,3,14000,1,1,0.9677766120872746
Huebner2018,DeepConvNet,Unknown,3,14000,1,10,0.9046932234432234
Huebner2018,DeepConvNet,Unknown,3,14000,1,11,0.8927362206158698
Huebner2018,DeepConvNet,Unknown,3,14000,2,3,0.9729281135531136
Huebner2018,DeepConvNet,Unknown,3,14000,2,6,0.9729281135531136
Huebner2018,DeepConvNet,Unknown,3,14000,2,9,0.92610912771098
Huebner2018,DeepConvNet,Unknown,3,14000,3,2,0.9762706043956044
Huebner2018,DeepConvNet,Unknown,3,14000,3,12,0.902724358974359
Huebner2018,DeepConvNet,Unknown,3,14000,4,5,0.8941073391973612
Huebner2018,DeepConvNet,Unknown,3,14000,4,8,0.8978708791208792
Huebner2018,DeepConvNet,Unknown,3,14000,5,4,0.9393543956043956
Huebner2018,DeepConvNet,Unknown,3,14000,5,7,0.909736199811548
BNCI2014_001,EEGNetv4,Unknown,5,300,1,2,0.5920138888888888
BNCI2014_001,EEGNetv4,Unknown,5,300,1,8,0.767361111111111
BNCI2014_001,EEGNetv4,Unknown,5,300,2,1,0.7743055555555556
BNCI2014_001,EEGNetv4,Unknown,5,300,2,6,0.6215277777777778
BNCI2014_001,EEGNetv4,Unknown,5,300,3,3,0.8263888888888888
BNCI2014_001,EEGNetv4,Unknown,5,300,3,9,0.796875
BNCI2014_001,EEGNetv4,Unknown,5,300,4,4,0.671875
BNCI2014_001,EEGNetv4,Unknown,5,300,4,5,0.5555555555555556
BNCI2014_001,EEGNetv4,Unknown,5,300,5,7,0.732638888888889
Lee2019_MI,EEGNetv4,Unknown,50,60,1,4,0.695
Lee2019_MI,EEGNetv4,Unknown,50,60,1,6,0.88
Lee2019_MI,EEGNetv4,Unknown,50,60,1,13,0.725
Lee2019_MI,EEGNetv4,Unknown,50,60,1,14,0.6399999999999999
Lee2019_MI,EEGNetv4,Unknown,50,60,1,18,0.91
Lee2019_MI,EEGNetv4,Unknown,50,60,1,20,0.84
Lee2019_MI,EEGNetv4,Unknown,50,60,1,33,0.96
Lee2019_MI,EEGNetv4,Unknown,50,60,1,45,0.875
Lee2019_MI,EEGNetv4,Unknown,50,60,1,49,0.85
Lee2019_MI,EEGNetv4,Unknown,50,60,1,50,0.61
Lee2019_MI,EEGNetv4,Unknown,50,60,1,53,0.775
Lee2019_MI,EEGNetv4,Unknown,50,60,2,5,0.8400000000000001
Lee2019_MI,EEGNetv4,Unknown,50,60,2,7,0.735
Lee2019_MI,EEGNetv4,Unknown,50,60,2,9,0.835
Lee2019_MI,EEGNetv4,Unknown,50,60,2,16,0.8400000000000001
Lee2019_MI,EEGNetv4,Unknown,50,60,2,25,0.905
Lee2019_MI,EEGNetv4,Unknown,50,60,2,27,0.915
Lee2019_MI,EEGNetv4,Unknown,50,60,2,34,0.725
Lee2019_MI,EEGNetv4,Unknown,50,60,2,35,0.935
Lee2019_MI,EEGNetv4,Unknown,50,60,2,38,0.765
Lee2019_MI,EEGNetv4,Unknown,50,60,2,46,0.665
Lee2019_MI,EEGNetv4,Unknown,50,60,2,51,0.725
Lee2019_MI,EEGNetv4,Unknown,50,60,3,1,0.74
Lee2019_MI,EEGNetv4,Unknown,50,60,3,10,0.725
Lee2019_MI,EEGNetv4,Unknown,50,60,3,12,0.815
Lee2019_MI,EEGNetv4,Unknown,50,60,3,17,0.66
Lee2019_MI,EEGNetv4,Unknown,50,60,3,26,0.83
Lee2019_MI,EEGNetv4,Unknown,50,60,3,28,0.935
Lee2019_MI,EEGNetv4,Unknown,50,60,3,31,0.825
Lee2019_MI,EEGNetv4,Unknown,50,60,3,32,0.96
Lee2019_MI,EEGNetv4,Unknown,50,60,3,37,0.935
Lee2019_MI,EEGNetv4,Unknown,50,60,3,41,0.7849999999999999
Lee2019_MI,EEGNetv4,Unknown,50,60,3,48,0.7
Lee2019_MI,EEGNetv4,Unknown,50,60,4,2,0.77
Lee2019_MI,EEGNetv4,Unknown,50,60,4,3,0.895
Lee2019_MI,EEGNetv4,Unknown,50,60,4,11,0.71
Lee2019_MI,EEGNetv4,Unknown,50,60,4,22,0.77
Lee2019_MI,EEGNetv4,Unknown,50,60,4,24,0.765
Lee2019_MI,EEGNetv4,Unknown,50,60,4,30,0.78
Lee2019_MI,EEGNetv4,Unknown,50,60,4,36,0.99
Lee2019_MI,EEGNetv4,Unknown,50,60,4,40,0.845
Lee2019_MI,EEGNetv4,Unknown,50,60,4,42,0.76
Lee2019_MI,EEGNetv4,Unknown,50,60,4,44,0.8700000000000001
Lee2019_MI,EEGNetv4,Unknown,50,60,4,47,0.8200000000000001
Lee2019_MI,EEGNetv4,Unknown,50,60,5,8,0.76
Lee2019_MI,EEGNetv4,Unknown,50,60,5,15,0.91
Lee2019_MI,EEGNetv4,Unknown,50,60,5,19,0.845
Lee2019_MI,EEGNetv4,Unknown,50,60,5,21,0.955
Lee2019_MI,EEGNetv4,Unknown,50,60,5,23,0.815
Lee2019_MI,EEGNetv4,Unknown,50,60,5,29,0.835
Lee2019_MI,EEGNetv4,Unknown,50,60,5,39,0.835
Lee2019_MI,EEGNetv4,Unknown,50,60,5,43,0.875
Lee2019_MI,EEGNetv4,Unknown,50,60,5,52,0.8400000000000001
Lee2019_MI,EEGNetv4,Unknown,50,60,5,54,0.71
Lee2019_SSVEP,ShallowConvNet,High,20,200,1,4,0.99
Lee2019_SSVEP,ShallowConvNet,High,20,200,1,6,0.99
Lee2019_SSVEP,ShallowConvNet,High,20,200,1,13,0.95
Lee2019_SSVEP,ShallowConvNet,High,20,200,1,14,0.915
Lee2019_SSVEP,ShallowConvNet,High,20,200,1,18,0.99
Lee2019_SSVEP,ShallowConvNet,High,20,200,1,20,0.895
Lee2019_SSVEP,ShallowConvNet,High,20,200,1,33,0.98
Lee2019_SSVEP,ShallowConvNet,High,20,200,1,45,0.95
Lee2019_SSVEP,ShallowConvNet,High,20,200,1,49,0.98
Lee2019_SSVEP,ShallowConvNet,High,20,200,1,50,0.93
Lee2019_SSVEP,ShallowConvNet,High,20,200,1,53,0.98
Lee2019_SSVEP,ShallowConvNet,High,20,200,2,5,0.735
Lee2019_SSVEP,ShallowConvNet,High,20,200,2,7,0.99
Lee2019_SSVEP,ShallowConvNet,High,20,200,2,9,0.915
Lee2019_SSVEP,ShallowConvNet,High,20,200,2,16,0.985
Lee2019_SSVEP,ShallowConvNet,High,20,200,2,25,0.875
Lee2019_SSVEP,ShallowConvNet,High,20,200,2,27,0.99
Lee2019_SSVEP,ShallowConvNet,High,20,200,2,34,0.7400000000000001
Lee2019_SSVEP,ShallowConvNet,High,20,200,2,35,0.84
Lee2019_SSVEP,ShallowConvNet,High,20,200,2,38,0.97
Lee2019_SSVEP,ShallowConvNet,High,20,200,2,46,0.95
Lee2019_SSVEP,ShallowConvNet,High,20,200,2,51,0.78
Lee2019_SSVEP,ShallowConvNet,High,20,200,3,1,0.93
Lee2019_SSVEP,ShallowConvNet,High,20,200,3,10,0.945
Lee2019_SSVEP,ShallowConvNet,High,20,200,3,12,0.95
Lee2019_SSVEP,ShallowConvNet,High,20,200,3,17,0.955
Lee2019_SSVEP,ShallowConvNet,High,20,200,3,26,0.96
Lee2019_SSVEP,ShallowConvNet,High,20,200,3,28,0.95
Lee2019_SSVEP,ShallowConvNet,High,20,200,3,31,0.99
Lee2019_SSVEP,ShallowConvNet,High,20,200,3,32,0.6799999999999999
Lee2019_SSVEP,ShallowConvNet,High,20,200,3,37,0.985
Lee2019_SSVEP,ShallowConvNet,High,20,200,3,41,0.965
Lee2019_SSVEP,ShallowConvNet,High,20,200,3,48,0.985
Lee2019_SSVEP,ShallowConvNet,High,20,200,4,2,0.955
Lee2019_SSVEP,ShallowConvNet,High,20,200,4,3,0.93
Lee2019_SSVEP,ShallowConvNet,High,20,200,4,11,1.0
Lee2019_SSVEP,ShallowConvNet,High,20,200,4,22,0.8300000000000001
Lee2019_SSVEP,ShallowConvNet,High,20,200,4,24,0.8849999999999999
Lee2019_SSVEP,ShallowConvNet,High,20,200,4,30,0.965
Lee2019_SSVEP,ShallowConvNet,High,20,200,4,36,1.0
Lee2019_SSVEP,ShallowConvNet,High,20,200,4,40,0.8799999999999999
Lee2019_SSVEP,ShallowConvNet,High,20,200,4,42,0.7949999999999999
Lee2019_SSVEP,ShallowConvNet,High,20,200,4,44,0.995
Lee2019_SSVEP,ShallowConvNet,High,20,200,4,47,0.62
Lee2019_SSVEP,ShallowConvNet,High,20,200,5,8,0.925
Lee2019_SSVEP,ShallowConvNet,High,20,200,5,15,0.94
Lee2019_SSVEP,ShallowConvNet,High,20,200,5,19,0.815
Lee2019_SSVEP,ShallowConvNet,High,20,200,5,21,0.955
Lee2019_SSVEP,ShallowConvNet,High,20,200,5,23,0.53
Lee2019_SSVEP,ShallowConvNet,High,20,200,5,29,0.94
Lee2019_SSVEP,ShallowConvNet,High,20,200,5,39,0.98
Lee2019_SSVEP,ShallowConvNet,High,20,200,5,43,0.99
Lee2019_SSVEP,ShallowConvNet,High,20,200,5,52,0.965
Lee2019_SSVEP,ShallowConvNet,High,20,200,5,54,0.645
Huebner2017,ShallowConvNet,Unknown,12,6250,1,1,0.9624908258189858
Huebner2017,ShallowConvNet,Unknown,12,6250,1,10,0.9751258764102884
Huebner2017,ShallowConvNet,Unknown,12,6250,1,12,0.9438721001221
Huebner2017,ShallowConvNet,Unknown,12,6250,2,3,0.9293955904160972
Huebner2017,ShallowConvNet,Unknown,12,6250,2,6,0.9750831721833596
Huebner2017,ShallowConvNet,Unknown,12,6250,2,9,0.9708485958485958
Huebner2017,ShallowConvNet,Unknown,12,6250,3,2,0.931496743996744
Huebner2017,ShallowConvNet,Unknown,12,6250,3,5,0.8979573667073668
Huebner2017,ShallowConvNet,Unknown,12,6250,3,13,0.961232496797776
Huebner2017,ShallowConvNet,Unknown,12,6250,4,8,0.8606868977887194
Huebner2017,ShallowConvNet,Unknown,12,6250,4,11,0.7975818776987529
Huebner2017,ShallowConvNet,Unknown,12,6250,5,4,0.9755153358921425
Huebner2017,ShallowConvNet,Unknown,12,6250,5,7,0.9900793650793652
Kalunga2016,DeepConvNet,Unknown,4,64,1,1,0.21875
Kalunga2016,DeepConvNet,Unknown,4,64,1,10,0.2421875
Kalunga2016,DeepConvNet,Unknown,4,64,1,11,0.25
Kalunga2016,DeepConvNet,Unknown,4,64,2,3,0.328125
Kalunga2016,DeepConvNet,Unknown,4,64,2,6,0.21875
Kalunga2016,DeepConvNet,Unknown,4,64,2,9,0.28125
Kalunga2016,DeepConvNet,Unknown,4,64,3,2,0.25
Kalunga2016,DeepConvNet,Unknown,4,64,3,12,0.25
Kalunga2016,DeepConvNet,Unknown,4,64,4,5,0.3125
Kalunga2016,DeepConvNet,Unknown,4,64,4,8,0.28125
Kalunga2016,DeepConvNet,Unknown,4,64,5,4,0.28125
Kalunga2016,DeepConvNet,Unknown,4,64,5,7,0.25
Yang2025,DeepConvNet,High,20,450,1,4,0.56
Yang2025,DeepConvNet,High,20,450,1,13,0.8566666666666667
Yang2025,DeepConvNet,High,20,450,1,14,0.5933333333333334
Yang2025,DeepConvNet,High,20,450,1,18,0.7333333333333334
Yang2025,DeepConvNet,High,20,450,1,25,0.9683333333333334
Yang2025,DeepConvNet,High,20,450,1,31,0.8516666666666667
Yang2025,DeepConvNet,High,20,450,1,32,0.6260033444816053
Yang2025,DeepConvNet,High,20,450,1,33,0.98
Yang2025,DeepConvNet,High,20,450,1,41,0.9216666666666666
Yang2025,DeepConvNet,High,20,450,1,44,0.7716666666666667
Yang2025,DeepConvNet,High,20,450,1,47,0.935
Yang2025,DeepConvNet,High,20,450,2,5,0.9216666666666666
Yang2025,DeepConvNet,High,20,450,2,7,0.8416666666666667
Yang2025,DeepConvNet,High,20,450,2,9,0.7516666666666667
Yang2025,DeepConvNet,High,20,450,2,16,0.6733333333333333
Yang2025,DeepConvNet,High,20,450,2,20,0.945
Yang2025,DeepConvNet,High,20,450,2,34,0.8583333333333334
Yang2025,DeepConvNet,High,20,450,2,37,0.945
Yang2025,DeepConvNet,High,20,450,2,48,0.91
Yang2025,DeepConvNet,High,20,450,2,49,0.985
Yang2025,DeepConvNet,High,20,450,2,50,0.9833333333333334
Yang2025,DeepConvNet,High,20,450,3,1,0.97
Yang2025,DeepConvNet,High,20,450,3,10,0.9016666666666666
Yang2025,DeepConvNet,High,20,450,3,12,0.585
Yang2025,DeepConvNet,High,20,450,3,17,0.8433333333333333
Yang2025,DeepConvNet,High,20,450,3,26,0.9532664437012264
Yang2025,DeepConvNet,High,20,450,3,27,0.7283333333333333
Yang2025,DeepConvNet,High,20,450,3,28,0.9116666666666666
Yang2025,DeepConvNet,High,20,450,3,35,0.9783333333333332
Yang2025,DeepConvNet,High,20,450,3,45,0.9183333333333332
Yang2025,DeepConvNet,High,20,450,3,46,0.9933333333333334
Yang2025,DeepConvNet,High,20,450,4,2,0.7066666666666667
Yang2025,DeepConvNet,High,20,450,4,3,0.9766666666666668
Yang2025,DeepConvNet,High,20,450,4,6,0.9833333333333334
Yang2025,DeepConvNet,High,20,450,4,22,0.89
Yang2025,DeepConvNet,High,20,450,4,24,0.9831421186286956
Yang2025,DeepConvNet,High,20,450,4,30,0.985
Yang2025,DeepConvNet,High,20,450,4,36,0.9466666666666668
Yang2025,DeepConvNet,High,20,450,4,38,0.7333333333333334
Yang2025,DeepConvNet,High,20,450,4,40,0.8866666666666667
Yang2025,DeepConvNet,High,20,450,4,42,0.86
Yang2025,DeepConvNet,High,20,450,5,8,0.9466666666666668
Yang2025,DeepConvNet,High,20,450,5,11,0.9366666666666666
Yang2025,DeepConvNet,High,20,450,5,15,0.885
Yang2025,DeepConvNet,High,20,450,5,19,0.9033333333333332
Yang2025,DeepConvNet,High,20,450,5,21,0.9233333333333332
Yang2025,DeepConvNet,High,20,450,5,23,0.9816332218506132
Yang2025,DeepConvNet,High,20,450,5,29,0.9016666666666666
Yang2025,DeepConvNet,High,20,450,5,39,0.8200000000000001
Yang2025,DeepConvNet,High,20,450,5,43,1.0
Yang2025,DeepConvNet,High,20,450,5,51,0.9333333333333332
Lee2019_SSVEP,EEGNetv4,High,40,100,1,4,0.995
Lee2019_SSVEP,EEGNetv4,High,40,100,1,6,1.0
Lee2019_SSVEP,EEGNetv4,High,40,100,1,13,1.0
Lee2019_SSVEP,EEGNetv4,High,40,100,1,14,0.95
Lee2019_SSVEP,EEGNetv4,High,40,100,1,18,0.995
Lee2019_SSVEP,EEGNetv4,High,40,100,1,20,0.985
Lee2019_SSVEP,EEGNetv4,High,40,100,1,33,1.0
Lee2019_SSVEP,EEGNetv4,High,40,100,1,45,0.98
Lee2019_SSVEP,EEGNetv4,High,40,100,1,49,0.995
Lee2019_SSVEP,EEGNetv4,High,40,100,1,50,1.0
Lee2019_SSVEP,EEGNetv4,High,40,100,1,53,1.0
Lee2019_SSVEP,EEGNetv4,High,40,100,2,5,0.85
Lee2019_SSVEP,EEGNetv4,High,40,100,2,7,0.995
Lee2019_SSVEP,EEGNetv4,High,40,100,2,9,0.99
Lee2019_SSVEP,EEGNetv4,High,40,100,2,16,0.995
Lee2019_SSVEP,EEGNetv4,High,40,100,2,25,0.975
Lee2019_SSVEP,EEGNetv4,High,40,100,2,27,1.0
Lee2019_SSVEP,EEGNetv4,High,40,100,2,34,0.845
Lee2019_SSVEP,EEGNetv4,High,40,100,2,35,0.985
Lee2019_SSVEP,EEGNetv4,High,40,100,2,38,1.0
Lee2019_SSVEP,EEGNetv4,High,40,100,2,46,1.0
Lee2019_SSVEP,EEGNetv4,High,40,100,2,51,0.845
Lee2019_SSVEP,EEGNetv4,High,40,100,3,1,0.95
Lee2019_SSVEP,EEGNetv4,High,40,100,3,10,0.985
Lee2019_SSVEP,EEGNetv4,High,40,100,3,12,0.975
Lee2019_SSVEP,EEGNetv4,High,40,100,3,17,0.96
Lee2019_SSVEP,EEGNetv4,High,40,100,3,26,0.995
Lee2019_SSVEP,EEGNetv4,High,40,100,3,28,0.99
Lee2019_SSVEP,EEGNetv4,High,40,100,3,31,0.975
Lee2019_SSVEP,EEGNetv4,High,40,100,3,32,0.87
Lee2019_SSVEP,EEGNetv4,High,40,100,3,37,0.99
Lee2019_SSVEP,EEGNetv4,High,40,100,3,41,0.995
Lee2019_SSVEP,EEGNetv4,High,40,100,3,48,0.995
Lee2019_SSVEP,EEGNetv4,High,40,100,4,2,0.995
Lee2019_SSVEP,EEGNetv4,High,40,100,4,3,0.945
Lee2019_SSVEP,EEGNetv4,High,40,100,4,11,1.0
Lee2019_SSVEP,EEGNetv4,High,40,100,4,22,0.94
Lee2019_SSVEP,EEGNetv4,High,40,100,4,24,0.985
Lee2019_SSVEP,EEGNetv4,High,40,100,4,30,0.98
Lee2019_SSVEP,EEGNetv4,High,40,100,4,36,1.0
Lee2019_SSVEP,EEGNetv4,High,40,100,4,40,0.94
Lee2019_SSVEP,EEGNetv4,High,40,100,4,42,0.83
Lee2019_SSVEP,EEGNetv4,High,40,100,4,44,0.995
Lee2019_SSVEP,EEGNetv4,High,40,100,4,47,0.645
Lee2019_SSVEP,EEGNetv4,High,40,100,5,8,0.93
Lee2019_SSVEP,EEGNetv4,High,40,100,5,15,0.99
Lee2019_SSVEP,EEGNetv4,High,40,100,5,19,0.985
Lee2019_SSVEP,EEGNetv4,High,40,100,5,21,0.945
Lee2019_SSVEP,EEGNetv4,High,40,100,5,23,0.45
Lee2019_SSVEP,EEGNetv4,High,40,100,5,29,0.955
Lee2019_SSVEP,EEGNetv4,High,40,100,5,39,1.0
Lee2019_SSVEP,EEGNetv4,High,40,100,5,43,1.0
Lee2019_SSVEP,EEGNetv4,High,40,100,5,52,0.955
Lee2019_SSVEP,EEGNetv4,High,40,100,5,54,0.84
Lee2019_MI,EEGNetv4,Unknown,50,120,1,4,0.695
Lee2019_MI,EEGNetv4,Unknown,50,120,1,6,0.88
Lee2019_MI,EEGNetv4,Unknown,50,120,1,13,0.725
Lee2019_MI,EEGNetv4,Unknown,50,120,1,14,0.6399999999999999
Lee2019_MI,EEGNetv4,Unknown,50,120,1,18,0.91
Lee2019_MI,EEGNetv4,Unknown,50,120,1,20,0.84
Lee2019_MI,EEGNetv4,Unknown,50,120,1,33,0.96
Lee2019_MI,EEGNetv4,Unknown,50,120,1,45,0.875
Lee2019_MI,EEGNetv4,Unknown,50,120,1,49,0.85
Lee2019_MI,EEGNetv4,Unknown,50,120,1,50,0.61
Lee2019_MI,EEGNetv4,Unknown,50,120,1,53,0.775
Lee2019_MI,EEGNetv4,Unknown,50,120,2,5,0.8400000000000001
Lee2019_MI,EEGNetv4,Unknown,50,120,2,7,0.735
Lee2019_MI,EEGNetv4,Unknown,50,120,2,9,0.835
Lee2019_MI,EEGNetv4,Unknown,50,120,2,16,0.8400000000000001
Lee2019_MI,EEGNetv4,Unknown,50,120,2,25,0.905
Lee2019_MI,EEGNetv4,Unknown,50,120,2,27,0.915
Lee2019_MI,EEGNetv4,Unknown,50,120,2,34,0.725
Lee2019_MI,EEGNetv4,Unknown,50,120,2,35,0.935
Lee2019_MI,EEGNetv4,Unknown,50,120,2,38,0.765
Lee2019_MI,EEGNetv4,Unknown,50,120,2,46,0.665
Lee2019_MI,EEGNetv4,Unknown,50,120,2,51,0.725
Lee2019_MI,EEGNetv4,Unknown,50,120,3,1,0.74
Lee2019_MI,EEGNetv4,Unknown,50,120,3,10,0.725
Lee2019_MI,EEGNetv4,Unknown,50,120,3,12,0.815
Lee2019_MI,EEGNetv4,Unknown,50,120,3,17,0.66
Lee2019_MI,EEGNetv4,Unknown,50,120,3,26,0.83
Lee2019_MI,EEGNetv4,Unknown,50,120,3,28,0.935
Lee2019_MI,EEGNetv4,Unknown,50,120,3,31,0.825
Lee2019_MI,EEGNetv4,Unknown,50,120,3,32,0.96
Lee2019_MI,EEGNetv4,Unknown,50,120,3,37,0.935
Lee2019_MI,EEGNetv4,Unknown,50,120,3,41,0.7849999999999999
Lee2019_MI,EEGNetv4,Unknown,50,120,3,48,0.7
Lee2019_MI,EEGNetv4,Unknown,50,120,4,2,0.77
Lee2019_MI,EEGNetv4,Unknown,50,120,4,3,0.895
Lee2019_MI,EEGNetv4,Unknown,50,120,4,11,0.71
Lee2019_MI,EEGNetv4,Unknown,50,120,4,22,0.77
Lee2019_MI,EEGNetv4,Unknown,50,120,4,24,0.765
Lee2019_MI,EEGNetv4,Unknown,50,120,4,30,0.78
Lee2019_MI,EEGNetv4,Unknown,50,120,4,36,0.99
Lee2019_MI,EEGNetv4,Unknown,50,120,4,40,0.845
Lee2019_MI,EEGNetv4,Unknown,50,120,4,42,0.76
Lee2019_MI,EEGNetv4,Unknown,50,120,4,44,0.8700000000000001
Lee2019_MI,EEGNetv4,Unknown,50,120,4,47,0.8200000000000001
Lee2019_MI,EEGNetv4,Unknown,50,120,5,8,0.76
Lee2019_MI,EEGNetv4,Unknown,50,120,5,15,0.91
Lee2019_MI,EEGNetv4,Unknown,50,120,5,19,0.845
Lee2019_MI,EEGNetv4,Unknown,50,120,5,21,0.955
Lee2019_MI,EEGNetv4,Unknown,50,120,5,23,0.815
Lee2019_MI,EEGNetv4,Unknown,50,120,5,29,0.835
Lee2019_MI,EEGNetv4,Unknown,50,120,5,39,0.835
Lee2019_MI,EEGNetv4,Unknown,50,120,5,43,0.875
Lee2019_MI,EEGNetv4,Unknown,50,120,5,52,0.8400000000000001
Lee2019_MI,EEGNetv4,Unknown,50,120,5,54,0.71
BI2015a,DeepConvNet,High,30,500,1,5,0.8909090909090909
BI2015a,DeepConvNet,High,30,500,1,9,0.8297297297297297
BI2015a,DeepConvNet,High,30,500,1,13,0.8916666666666666
BI2015a,DeepConvNet,High,30,500,1,25,0.7663793103448275
BI2015a,DeepConvNet,High,30,500,1,26,0.9231182795698925
BI2015a,DeepConvNet,High,30,500,1,35,0.7099033816425121
BI2015a,DeepConvNet,High,30,500,1,37,0.7495238095238095
BI2015a,DeepConvNet,High,30,500,1,38,0.8427927927927927
BI2015a,DeepConvNet,High,30,500,1,40,0.8546296296296296
BI2015a,DeepConvNet,High,30,500,2,4,0.8870833333333333
BI2015a,DeepConvNet,High,30,500,2,7,0.8813725490196078
BI2015a,DeepConvNet,High,30,500,2,14,0.7363247863247864
BI2015a,DeepConvNet,High,30,500,2,16,0.8980952380952381
BI2015a,DeepConvNet,High,30,500,2,18,0.7944444444444444
BI2015a,DeepConvNet,High,30,500,2,20,0.87
BI2015a,DeepConvNet,High,30,500,2,28,0.8109999999999999
BI2015a,DeepConvNet,High,30,500,2,32,0.8623655913978494
BI2015a,DeepConvNet,High,30,500,2,41,0.8181481481481481
BI2015a,DeepConvNet,High,30,500,3,1,0.7663466913140116
BI2015a,DeepConvNet,High,30,500,3,6,0.8280303030303031
BI2015a,DeepConvNet,High,30,500,3,10,0.8736559139784946
BI2015a,DeepConvNet,High,30,500,3,12,0.7317204301075269
BI2015a,DeepConvNet,High,30,500,3,17,0.8155555555555556
BI2015a,DeepConvNet,High,30,500,3,27,0.7375527426160338
BI2015a,DeepConvNet,High,30,500,3,30,0.9179012345679012
BI2015a,DeepConvNet,High,30,500,3,31,0.7015555555555556
BI2015a,DeepConvNet,High,30,500,3,42,0.7345029239766082
BI2015a,DeepConvNet,High,30,500,4,2,0.8976190476190475
BI2015a,DeepConvNet,High,30,500,4,3,0.907471264367816
BI2015a,DeepConvNet,High,30,500,4,22,0.8609848484848485
BI2015a,DeepConvNet,High,30,500,4,24,0.8865740740740741
BI2015a,DeepConvNet,High,30,500,4,33,0.8472222222222222
BI2015a,DeepConvNet,High,30,500,4,34,0.8509523809523809
BI2015a,DeepConvNet,High,30,500,4,36,0.89125
BI2015a,DeepConvNet,High,30,500,4,43,0.9103448275862068
BI2015a,DeepConvNet,High,30,500,5,8,0.859920634920635
BI2015a,DeepConvNet,High,30,500,5,11,0.8225
BI2015a,DeepConvNet,High,30,500,5,15,0.8485714285714285
BI2015a,DeepConvNet,High,30,500,5,19,0.8143333333333334
BI2015a,DeepConvNet,High,30,500,5,21,0.8766666666666667
BI2015a,DeepConvNet,High,30,500,5,23,0.7973684210526315
BI2015a,DeepConvNet,High,30,500,5,29,0.7777777777777777
BI2015a,DeepConvNet,High,30,500,5,39,0.7860544217687075
BNCI2014_001,EEGNetv4,Unknown,8,375,1,2,0.5729166666666667
BNCI2014_001,EEGNetv4,Unknown,8,375,1,8,0.8246527777777777
BNCI2014_001,EEGNetv4,Unknown,8,375,2,1,0.7986111111111112
BNCI2014_001,EEGNetv4,Unknown,8,375,2,6,0.6440972222222222
BNCI2014_001,EEGNetv4,Unknown,8,375,3,3,0.8541666666666667
BNCI2014_001,EEGNetv4,Unknown,8,375,3,9,0.814236111111111
BNCI2014_001,EEGNetv4,Unknown,8,375,4,4,0.671875
BNCI2014_001,EEGNetv4,Unknown,8,375,4,5,0.5659722222222222
BNCI2014_001,EEGNetv4,Unknown,8,375,5,7,0.748263888888889
Huebner2017,ShallowConvNet,Unknown,10,7500,1,1,0.9624908258189858
Huebner2017,ShallowConvNet,Unknown,10,7500,1,10,0.9751258764102884
Huebner2017,ShallowConvNet,Unknown,10,7500,1,12,0.9445334757834758
Huebner2017,ShallowConvNet,Unknown,10,7500,2,3,0.927526056558725
Huebner2017,ShallowConvNet,Unknown,10,7500,2,6,0.9768973315625912
Huebner2017,ShallowConvNet,Unknown,10,7500,2,9,0.9684320309320308
Huebner2017,ShallowConvNet,Unknown,10,7500,3,2,0.9311151811151812
Huebner2017,ShallowConvNet,Unknown,10,7500,3,5,0.8936965811965811
Huebner2017,ShallowConvNet,Unknown,10,7500,3,13,0.9607237618202308
Huebner2017,ShallowConvNet,Unknown,10,7500,4,8,0.8560822397009553
Huebner2017,ShallowConvNet,Unknown,10,7500,4,11,0.7966913410107286
Huebner2017,ShallowConvNet,Unknown,10,7500,5,4,0.9775375259677112
Huebner2017,ShallowConvNet,Unknown,10,7500,5,7,0.9900920838420838
MAMEM2,EEGNetv4,Unknown,6,50,1,2,0.244
MAMEM2,EEGNetv4,Unknown,6,50,1,9,0.1946666666666666
MAMEM2,EEGNetv4,Unknown,6,50,2,1,0.1633333333333333
MAMEM2,EEGNetv4,Unknown,6,50,2,6,0.204
MAMEM2,EEGNetv4,Unknown,6,50,3,3,0.2986666666666666
MAMEM2,EEGNetv4,Unknown,6,50,3,8,0.1946666666666666
MAMEM2,EEGNetv4,Unknown,6,50,4,5,0.1846666666666666
MAMEM2,EEGNetv4,Unknown,6,50,4,10,0.1793333333333333
MAMEM2,EEGNetv4,Unknown,6,50,5,4,0.1886666666666666
MAMEM2,EEGNetv4,Unknown,6,50,5,7,0.2333333333333333
Huebner2018,DeepConvNet,Unknown,6,14000,1,1,0.9629118530826564
Huebner2018,DeepConvNet,Unknown,6,14000,1,10,0.9058722527472528
Huebner2018,DeepConvNet,Unknown,6,14000,1,11,0.883502544735475
Huebner2018,DeepConvNet,Unknown,6,14000,2,3,0.9702838827838828
Huebner2018,DeepConvNet,Unknown,6,14000,2,6,0.9725389194139192
Huebner2018,DeepConvNet,Unknown,6,14000,2,9,0.9267160181684176
Huebner2018,DeepConvNet,Unknown,6,14000,3,2,0.9752518315018316
Huebner2018,DeepConvNet,Unknown,6,14000,3,12,0.9050824175824176
Huebner2018,DeepConvNet,Unknown,6,14000,4,5,0.90093016178434
Huebner2018,DeepConvNet,Unknown,6,14000,4,8,0.8994162087912088
Huebner2018,DeepConvNet,Unknown,6,14000,5,4,0.9448489010989012
Huebner2018,DeepConvNet,Unknown,6,14000,5,7,0.9106643371896213
BNCI2014_001,ShallowConvNet,Unknown,5,300,1,2,0.4791666666666667
BNCI2014_001,ShallowConvNet,Unknown,5,300,1,8,0.7482638888888888
BNCI2014_001,ShallowConvNet,Unknown,5,300,2,1,0.734375
BNCI2014_001,ShallowConvNet,Unknown,5,300,2,6,0.545138888888889
BNCI2014_001,ShallowConvNet,Unknown,5,300,3,3,0.8402777777777778
BNCI2014_001,ShallowConvNet,Unknown,5,300,3,9,0.8038194444444444
BNCI2014_001,ShallowConvNet,Unknown,5,300,4,4,0.6024305555555556
BNCI2014_001,ShallowConvNet,Unknown,5,300,4,5,0.4722222222222222
BNCI2014_001,ShallowConvNet,Unknown,5,300,5,7,0.6770833333333334
Kalunga2016,ATCNet,Unknown,8,64,1,1,0.453125
Kalunga2016,ATCNet,Unknown,8,64,1,10,0.6171875
Kalunga2016,ATCNet,Unknown,8,64,1,11,0.484375
Kalunga2016,ATCNet,Unknown,8,64,2,3,0.765625
Kalunga2016,ATCNet,Unknown,8,64,2,6,0.40625
Kalunga2016,ATCNet,Unknown,8,64,2,9,0.375
Kalunga2016,ATCNet,Unknown,8,64,3,2,0.546875
Kalunga2016,ATCNet,Unknown,8,64,3,12,0.75625
Kalunga2016,ATCNet,Unknown,8,64,4,5,0.40625
Kalunga2016,ATCNet,Unknown,8,64,4,8,0.6875
Kalunga2016,ATCNet,Unknown,8,64,5,4,0.609375
Kalunga2016,ATCNet,Unknown,8,64,5,7,0.7708333333333334
Yang2025,DeepConvNet,Low,15,300,1,4,0.5433333333333333
Yang2025,DeepConvNet,Low,15,300,1,13,0.8333333333333334
Yang2025,DeepConvNet,Low,15,300,1,14,0.5566666666666666
Yang2025,DeepConvNet,Low,15,300,1,18,0.72
Yang2025,DeepConvNet,Low,15,300,1,25,0.97
Yang2025,DeepConvNet,Low,15,300,1,31,0.84
Yang2025,DeepConvNet,Low,15,300,1,32,0.6377814938684504
Yang2025,DeepConvNet,Low,15,300,1,33,0.9683333333333332
Yang2025,DeepConvNet,Low,15,300,1,41,0.9283333333333332
Yang2025,DeepConvNet,Low,15,300,1,44,0.7683333333333333
Yang2025,DeepConvNet,Low,15,300,1,47,0.9233333333333332
Yang2025,DeepConvNet,Low,15,300,2,5,0.9133333333333332
Yang2025,DeepConvNet,Low,15,300,2,7,0.8266666666666667
Yang2025,DeepConvNet,Low,15,300,2,9,0.7283333333333333
Yang2025,DeepConvNet,Low,15,300,2,16,0.6916666666666667
Yang2025,DeepConvNet,Low,15,300,2,20,0.9333333333333332
Yang2025,DeepConvNet,Low,15,300,2,34,0.8366666666666667
Yang2025,DeepConvNet,Low,15,300,2,37,0.94
Yang2025,DeepConvNet,Low,15,300,2,48,0.9216666666666666
Yang2025,DeepConvNet,Low,15,300,2,49,0.975
Yang2025,DeepConvNet,Low,15,300,2,50,0.965
Yang2025,DeepConvNet,Low,15,300,4,2,0.6766666666666667
Yang2025,DeepConvNet,Low,15,300,4,3,0.9816666666666668
Yang2025,DeepConvNet,Low,15,300,4,6,0.9766666666666668
Yang2025,DeepConvNet,Low,15,300,4,22,0.8833333333333333
Yang2025,DeepConvNet,Low,15,300,4,24,0.9831647923090876
Yang2025,DeepConvNet,Low,15,300,4,30,0.9733333333333334
Yang2025,DeepConvNet,Low,15,300,4,36,0.9533333333333334
Yang2025,DeepConvNet,Low,15,300,4,38,0.7266666666666667
Yang2025,DeepConvNet,Low,15,300,4,40,0.8833333333333333
Yang2025,DeepConvNet,Low,15,300,4,42,0.855
Yang2025,DeepConvNet,Low,15,300,5,8,0.9266666666666667
Yang2025,DeepConvNet,Low,15,300,5,11,0.9316666666666666
Yang2025,DeepConvNet,Low,15,300,5,15,0.8316666666666667
Yang2025,DeepConvNet,Low,15,300,5,19,0.865
Yang2025,DeepConvNet,Low,15,300,5,21,0.915
Yang2025,DeepConvNet,Low,15,300,5,23,0.9799609810479376
Yang2025,DeepConvNet,Low,15,300,5,29,0.8833333333333333
Yang2025,DeepConvNet,Low,15,300,5,39,0.8083333333333333
Yang2025,DeepConvNet,Low,15,300,5,43,0.9983333333333332
Yang2025,DeepConvNet,Low,15,300,5,51,0.91
