dataset,model,config,subject_id,balanced_accuracy,auroc
BI2015a,ATCNet,FM-Dec_A-Eucl_AdaBN-F,4,0.84125,0.9277291667
BI2015a,ATCNet,FM-Dec_A-Eucl_AdaBN-F,5,0.8308080808,0.9338536884
BI2015a,ATCNet,FM-Dec_A-Eucl_AdaBN-F,7,0.762254902,0.8593377547
BI2015a,ATCNet,FM-Dec_A-Eucl_AdaBN-F,9,0.7216216216,0.8310405
BI2015a,ATCNet,FM-Dec_A-Eucl_AdaBN-F,10,0.7860215054,0.8995490808
BI2015a,ATCNet,FM-Dec_A-Eucl_AdaBN-F,13,0.6776315789,0.7831313481
BI2015a,ATCNet,FM-Dec_A-Eucl_AdaBN-F,14,0.6405982906,0.7452260939
BI2015a,ATCNet,FM-Dec_A-Eucl_AdaBN-F,16,0.8138095238,0.9153968254
BI2015a,ATCNet,FM-Dec_A-Eucl_AdaBN-F,17,0.6214814815,0.7749135802
BI2015a,ATCNet,FM-Dec_A-Eucl_AdaBN-F,18,0.6381481481,0.7532043896
BI2015a,ATCNet,FM-Dec_A-Eucl_AdaBN-F,20,0.7455555556,0.8591358025
BI2015a,ATCNet,FM-Dec_A-Eucl_AdaBN-F,25,0.6281609195,0.7331797463
BI2015a,ATCNet,FM-Dec_A-Eucl_AdaBN-F,26,0.8682795699,0.954977454
BI2015a,ATCNet,FM-Dec_A-Eucl_AdaBN-F,27,0.6035864979,0.6966271431
BI2015a,ATCNet,FM-Dec_A-Eucl_AdaBN-F,28,0.6793333333,0.7987222222
BI2015a,ATCNet,FM-Dec_A-Eucl_AdaBN-F,31,0.5566666667,0.6298261728
BI2015a,ATCNet,FM-Dec_A-Eucl_AdaBN-F,32,0.7666666667,0.8595213319
BI2015a,ATCNet,FM-Dec_A-Eucl_AdaBN-F,35,0.6502415459,0.7648008122
BI2015a,ATCNet,FM-Dec_A-Eucl_AdaBN-F,37,0.5269047619,0.5396621315
BI2015a,ATCNet,FM-Dec_A-Eucl_AdaBN-F,38,0.6324324324,0.7415915916
BI2015a,ATCNet,FM-Dec_A-Eucl_AdaBN-F,40,0.7645061728,0.8904968755
BI2015a,ATCNet,FM-Dec_A-Eucl_AdaBN-F,41,0.692962963,0.8204691358
BI2015a,ATCNet,FM-Dec_A-Eucl_AdaBN-F,1,0.6807895953,0.7853886725
BI2015a,ATCNet,FM-Dec_A-Eucl_AdaBN-F,2,0.7920634921,0.8898966994
BI2015a,ATCNet,FM-Dec_A-Eucl_AdaBN-F,3,0.7459770115,0.8831483683
BI2015a,ATCNet,FM-Dec_A-Eucl_AdaBN-F,6,0.7045454545,0.8093463039
BI2015a,ATCNet,FM-Dec_A-Eucl_AdaBN-F,8,0.755952381,0.8537918871
BI2015a,ATCNet,FM-Dec_A-Eucl_AdaBN-F,11,0.6775,0.8013125
BI2015a,ATCNet,FM-Dec_A-Eucl_AdaBN-F,12,0.6956989247,0.8017964505
BI2015a,ATCNet,FM-Dec_A-Eucl_AdaBN-F,15,0.7942857143,0.8981632653
BI2015a,ATCNet,FM-Dec_A-Eucl_AdaBN-F,19,0.7046666667,0.8065555556
BI2015a,ATCNet,FM-Dec_A-Eucl_AdaBN-F,21,0.7304761905,0.8522675737
BI2015a,ATCNet,FM-Dec_A-Eucl_AdaBN-F,22,0.7121212121,0.8248479109
BI2015a,ATCNet,FM-Dec_A-Eucl_AdaBN-F,23,0.7627192982,0.8759272084
BI2015a,ATCNet,FM-Dec_A-Eucl_AdaBN-F,24,0.7171296296,0.842909808
BI2015a,ATCNet,FM-Dec_A-Eucl_AdaBN-F,29,0.6071895425,0.6934533726
BI2015a,ATCNet,FM-Dec_A-Eucl_AdaBN-F,30,0.8679012346,0.9476527968
BI2015a,ATCNet,FM-Dec_A-Eucl_AdaBN-F,33,0.7186507937,0.848478836
BI2015a,ATCNet,FM-Dec_A-Eucl_AdaBN-F,34,0.729047619,0.8540997732
BI2015a,ATCNet,FM-Dec_A-Eucl_AdaBN-F,36,0.8025,0.8957881944
BI2015a,ATCNet,FM-Dec_A-Eucl_AdaBN-F,39,0.6363945578,0.7445184877
BI2015a,ATCNet,FM-Dec_A-Eucl_AdaBN-F,42,0.6105263158,0.6963681133
BI2015a,ATCNet,FM-Dec_A-Eucl_AdaBN-F,43,0.7948275862,0.9123662307
BI2015a,ATCNet,FM-Dec_A-Eucl_AdaBN-T,4,0.83875,0.9277604167
BI2015a,ATCNet,FM-Dec_A-Eucl_AdaBN-T,5,0.8368686869,0.9320579533
BI2015a,ATCNet,FM-Dec_A-Eucl_AdaBN-T,7,0.7740196078,0.8643069973
BI2015a,ATCNet,FM-Dec_A-Eucl_AdaBN-T,9,0.7243243243,0.8353542732
BI2015a,ATCNet,FM-Dec_A-Eucl_AdaBN-T,10,0.8129032258,0.9023181871
BI2015a,ATCNet,FM-Dec_A-Eucl_AdaBN-T,13,0.6789473684,0.7820406279
BI2015a,ATCNet,FM-Dec_A-Eucl_AdaBN-T,14,0.6534188034,0.7453429761
BI2015a,ATCNet,FM-Dec_A-Eucl_AdaBN-T,16,0.8004761905,0.9126077098
BI2015a,ATCNet,FM-Dec_A-Eucl_AdaBN-T,17,0.6555555556,0.7881069959
BI2015a,ATCNet,FM-Dec_A-Eucl_AdaBN-T,18,0.6518518519,0.7543072702
BI2015a,ATCNet,FM-Dec_A-Eucl_AdaBN-T,20,0.7588888889,0.8614403292
BI2015a,ATCNet,FM-Dec_A-Eucl_AdaBN-T,25,0.6278735632,0.7322251949
BI2015a,ATCNet,FM-Dec_A-Eucl_AdaBN-T,26,0.8741935484,0.955734767
BI2015a,ATCNet,FM-Dec_A-Eucl_AdaBN-T,27,0.6103375527,0.6952286849
BI2015a,ATCNet,FM-Dec_A-Eucl_AdaBN-T,28,0.6766666667,0.7936022222
BI2015a,ATCNet,FM-Dec_A-Eucl_AdaBN-T,31,0.5611111111,0.6316691358
BI2015a,ATCNet,FM-Dec_A-Eucl_AdaBN-T,32,0.7650537634,0.8590472887
BI2015a,ATCNet,FM-Dec_A-Eucl_AdaBN-T,35,0.6565217391,0.7647786413
BI2015a,ATCNet,FM-Dec_A-Eucl_AdaBN-T,37,0.5230952381,0.5463843537
BI2015a,ATCNet,FM-Dec_A-Eucl_AdaBN-T,38,0.6427927928,0.7402402402
BI2015a,ATCNet,FM-Dec_A-Eucl_AdaBN-T,40,0.7601851852,0.8907388355
BI2015a,ATCNet,FM-Dec_A-Eucl_AdaBN-T,41,0.6814814815,0.8211961591
BI2015a,ATCNet,FM-Dec_A-Eucl_AdaBN-T,1,0.7052837746,0.7894009081
BI2015a,ATCNet,FM-Dec_A-Eucl_AdaBN-T,2,0.7916666667,0.8891534392
BI2015a,ATCNet,FM-Dec_A-Eucl_AdaBN-T,3,0.7603448276,0.8802483816
BI2015a,ATCNet,FM-Dec_A-Eucl_AdaBN-T,6,0.7068181818,0.8123651286
BI2015a,ATCNet,FM-Dec_A-Eucl_AdaBN-T,8,0.7603174603,0.8584026203
BI2015a,ATCNet,FM-Dec_A-Eucl_AdaBN-T,11,0.6854166667,0.7935347222
BI2015a,ATCNet,FM-Dec_A-Eucl_AdaBN-T,12,0.6903225806,0.8035336455
BI2015a,ATCNet,FM-Dec_A-Eucl_AdaBN-T,15,0.8166666667,0.9057596372
BI2015a,ATCNet,FM-Dec_A-Eucl_AdaBN-T,19,0.7213333333,0.8103022222
BI2015a,ATCNet,FM-Dec_A-Eucl_AdaBN-T,21,0.7238095238,0.8485895692
BI2015a,ATCNet,FM-Dec_A-Eucl_AdaBN-T,22,0.7015151515,0.8193870523
BI2015a,ATCNet,FM-Dec_A-Eucl_AdaBN-T,23,0.7649122807,0.8778008618
BI2015a,ATCNet,FM-Dec_A-Eucl_AdaBN-T,24,0.7240740741,0.8488983196
BI2015a,ATCNet,FM-Dec_A-Eucl_AdaBN-T,29,0.6065359477,0.6954066812
BI2015a,ATCNet,FM-Dec_A-Eucl_AdaBN-T,30,0.887654321,0.951775644
BI2015a,ATCNet,FM-Dec_A-Eucl_AdaBN-T,33,0.7285714286,0.8535777274
BI2015a,ATCNet,FM-Dec_A-Eucl_AdaBN-T,34,0.7366666667,0.8539546485
BI2015a,ATCNet,FM-Dec_A-Eucl_AdaBN-T,36,0.8045833333,0.8972534722
BI2015a,ATCNet,FM-Dec_A-Eucl_AdaBN-T,39,0.6540816327,0.7503169975
BI2015a,ATCNet,FM-Dec_A-Eucl_AdaBN-T,42,0.6245614035,0.7018997298
BI2015a,ATCNet,FM-Dec_A-Eucl_AdaBN-T,43,0.8120689655,0.9166798785
BI2015a,ATCNet,FM-Dec_A-None_AdaBN-F,4,0.8645833333,0.94734375
BI2015a,ATCNet,FM-Dec_A-None_AdaBN-F,5,0.8313131313,0.938526681
BI2015a,ATCNet,FM-Dec_A-None_AdaBN-F,7,0.7985294118,0.8730199923
BI2015a,ATCNet,FM-Dec_A-None_AdaBN-F,9,0.7220720721,0.8150799448
BI2015a,ATCNet,FM-Dec_A-None_AdaBN-F,10,0.7962365591,0.9149554862
BI2015a,ATCNet,FM-Dec_A-None_AdaBN-F,13,0.773245614,0.9031086488
BI2015a,ATCNet,FM-Dec_A-None_AdaBN-F,14,0.5414529915,0.6001570604
BI2015a,ATCNet,FM-Dec_A-None_AdaBN-F,16,0.8480952381,0.9383582766
BI2015a,ATCNet,FM-Dec_A-None_AdaBN-F,17,0.7081481481,0.8394814815
BI2015a,ATCNet,FM-Dec_A-None_AdaBN-F,18,0.6507407407,0.76478738
BI2015a,ATCNet,FM-Dec_A-None_AdaBN-F,20,0.797037037,0.9027791495
BI2015a,ATCNet,FM-Dec_A-None_AdaBN-F,25,0.6373563218,0.7377741445
BI2015a,ATCNet,FM-Dec_A-None_AdaBN-F,26,0.8978494624,0.9647011215
BI2015a,ATCNet,FM-Dec_A-None_AdaBN-F,27,0.6278481013,0.7408428137
BI2015a,ATCNet,FM-Dec_A-None_AdaBN-F,28,0.732,0.8596266667
BI2015a,ATCNet,FM-Dec_A-None_AdaBN-F,31,0.5897777778,0.7048819753
BI2015a,ATCNet,FM-Dec_A-None_AdaBN-F,32,0.7897849462,0.8780205804
BI2015a,ATCNet,FM-Dec_A-None_AdaBN-F,35,0.6722222222,0.7910172933
BI2015a,ATCNet,FM-Dec_A-None_AdaBN-F,37,0.5454761905,0.592154195
BI2015a,ATCNet,FM-Dec_A-None_AdaBN-F,38,0.7013513514,0.7973257041
BI2015a,ATCNet,FM-Dec_A-None_AdaBN-F,40,0.7404320988,0.8576779454
BI2015a,ATCNet,FM-Dec_A-None_AdaBN-F,41,0.6192592593,0.7442030178
BI2015a,ATCNet,FM-Dec_A-None_AdaBN-F,1,0.5890138861,0.6982513589
BI2015a,ATCNet,FM-Dec_A-None_AdaBN-F,2,0.848015873,0.9446113631
BI2015a,ATCNet,FM-Dec_A-None_AdaBN-F,3,0.8195402299,0.9132316026
BI2015a,ATCNet,FM-Dec_A-None_AdaBN-F,6,0.6412878788,0.7600264004
BI2015a,ATCNet,FM-Dec_A-None_AdaBN-F,8,0.7702380952,0.8771006551
BI2015a,ATCNet,FM-Dec_A-None_AdaBN-F,11,0.6566666667,0.7604618056
BI2015a,ATCNet,FM-Dec_A-None_AdaBN-F,12,0.6494623656,0.779202798
BI2015a,ATCNet,FM-Dec_A-None_AdaBN-F,15,0.8061904762,0.9149705215
BI2015a,ATCNet,FM-Dec_A-None_AdaBN-F,19,0.7476666667,0.8334711111
BI2015a,ATCNet,FM-Dec_A-None_AdaBN-F,21,0.8557142857,0.9464172336
BI2015a,ATCNet,FM-Dec_A-None_AdaBN-F,22,0.7526515152,0.8692693985
BI2015a,ATCNet,FM-Dec_A-None_AdaBN-F,23,0.7618421053,0.8693097876
BI2015a,ATCNet,FM-Dec_A-None_AdaBN-F,24,0.8138888889,0.9148533951
BI2015a,ATCNet,FM-Dec_A-None_AdaBN-F,29,0.6467320261,0.7787624418
BI2015a,ATCNet,FM-Dec_A-None_AdaBN-F,30,0.775308642,0.9055784179
BI2015a,ATCNet,FM-Dec_A-None_AdaBN-F,33,0.8,0.91345742
BI2015a,ATCNet,FM-Dec_A-None_AdaBN-F,34,0.799047619,0.9112970522
BI2015a,ATCNet,FM-Dec_A-None_AdaBN-F,36,0.7804166667,0.8846215278
BI2015a,ATCNet,FM-Dec_A-None_AdaBN-F,39,0.5704081633,0.7810241103
BI2015a,ATCNet,FM-Dec_A-None_AdaBN-F,42,0.6874269006,0.7892342943
BI2015a,ATCNet,FM-Dec_A-None_AdaBN-F,43,0.8913793103,0.9634694147
BI2015a,ATCNet,FM-Dec_A-Riem_AdaBN-T,4,0.8775,0.94809375
BI2015a,ATCNet,FM-Dec_A-Riem_AdaBN-T,5,0.8727272727,0.950765228
BI2015a,ATCNet,FM-Dec_A-Riem_AdaBN-T,7,0.812254902,0.8877354864
BI2015a,ATCNet,FM-Dec_A-Riem_AdaBN-T,9,0.7738738739,0.8753063875
BI2015a,ATCNet,FM-Dec_A-Riem_AdaBN-T,10,0.8365591398,0.9325182102
BI2015a,ATCNet,FM-Dec_A-Riem_AdaBN-T,13,0.751754386,0.8676400431
BI2015a,ATCNet,FM-Dec_A-Riem_AdaBN-T,14,0.6871794872,0.7829242457
BI2015a,ATCNet,FM-Dec_A-Riem_AdaBN-T,16,0.8271428571,0.9205260771
BI2015a,ATCNet,FM-Dec_A-Riem_AdaBN-T,17,0.6988888889,0.8418463649
BI2015a,ATCNet,FM-Dec_A-Riem_AdaBN-T,18,0.6918518519,0.7954458162
BI2015a,ATCNet,FM-Dec_A-Riem_AdaBN-T,20,0.777037037,0.888872428
BI2015a,ATCNet,FM-Dec_A-Riem_AdaBN-T,25,0.683045977,0.8040857445
BI2015a,ATCNet,FM-Dec_A-Riem_AdaBN-T,26,0.8806451613,0.9637183489
BI2015a,ATCNet,FM-Dec_A-Riem_AdaBN-T,27,0.6272151899,0.7252149762
BI2015a,ATCNet,FM-Dec_A-Riem_AdaBN-T,28,0.756,0.8689244444
BI2015a,ATCNet,FM-Dec_A-Riem_AdaBN-T,31,0.5895555556,0.6833758025
BI2015a,ATCNet,FM-Dec_A-Riem_AdaBN-T,32,0.8016129032,0.8749913285
BI2015a,ATCNet,FM-Dec_A-Riem_AdaBN-T,35,0.6719806763,0.7888165418
BI2015a,ATCNet,FM-Dec_A-Riem_AdaBN-T,37,0.55,0.5863492063
BI2015a,ATCNet,FM-Dec_A-Riem_AdaBN-T,38,0.7072072072,0.8108311014
BI2015a,ATCNet,FM-Dec_A-Riem_AdaBN-T,40,0.7938271605,0.895463725
BI2015a,ATCNet,FM-Dec_A-Riem_AdaBN-T,41,0.7511111111,0.8799698217
BI2015a,ATCNet,FM-Dec_A-Riem_AdaBN-T,1,0.6864835721,0.7921738811
BI2015a,ATCNet,FM-Dec_A-Riem_AdaBN-T,2,0.848015873,0.9431468884
BI2015a,ATCNet,FM-Dec_A-Riem_AdaBN-T,3,0.8931034483,0.9663231603
BI2015a,ATCNet,FM-Dec_A-Riem_AdaBN-T,6,0.7185606061,0.8314135675
BI2015a,ATCNet,FM-Dec_A-Riem_AdaBN-T,8,0.7904761905,0.9016187957
BI2015a,ATCNet,FM-Dec_A-Riem_AdaBN-T,11,0.74375,0.8688125
BI2015a,ATCNet,FM-Dec_A-Riem_AdaBN-T,12,0.6879032258,0.8139163487
BI2015a,ATCNet,FM-Dec_A-Riem_AdaBN-T,15,0.8142857143,0.9162857143
BI2015a,ATCNet,FM-Dec_A-Riem_AdaBN-T,19,0.7213333333,0.8204377778
BI2015a,ATCNet,FM-Dec_A-Riem_AdaBN-T,21,0.8547619048,0.9394739229
BI2015a,ATCNet,FM-Dec_A-Riem_AdaBN-T,22,0.7821969697,0.8868428604
BI2015a,ATCNet,FM-Dec_A-Riem_AdaBN-T,23,0.7719298246,0.8784626039
BI2015a,ATCNet,FM-Dec_A-Riem_AdaBN-T,24,0.8180555556,0.9271647805
BI2015a,ATCNet,FM-Dec_A-Riem_AdaBN-T,29,0.662745098,0.7979345551
BI2015a,ATCNet,FM-Dec_A-Riem_AdaBN-T,30,0.8864197531,0.9686633135
BI2015a,ATCNet,FM-Dec_A-Riem_AdaBN-T,33,0.8007936508,0.9038265306
BI2015a,ATCNet,FM-Dec_A-Riem_AdaBN-T,34,0.789047619,0.9090793651
BI2015a,ATCNet,FM-Dec_A-Riem_AdaBN-T,36,0.7854166667,0.91103125
BI2015a,ATCNet,FM-Dec_A-Riem_AdaBN-T,39,0.7333333333,0.8450182794
BI2015a,ATCNet,FM-Dec_A-Riem_AdaBN-T,42,0.6745614035,0.7728053076
BI2015a,ATCNet,FM-Dec_A-Riem_AdaBN-T,43,0.8735632184,0.9540229885
BI2015a,ATCNet,FM-Full_A-Eucl_AdaBN-F,4,0.8958333333,0.9687847222
BI2015a,ATCNet,FM-Full_A-Eucl_AdaBN-F,5,0.8944444444,0.9665544332
BI2015a,ATCNet,FM-Full_A-Eucl_AdaBN-F,7,0.8754901961,0.949783737
BI2015a,ATCNet,FM-Full_A-Eucl_AdaBN-F,9,0.804954955,0.9208059411
BI2015a,ATCNet,FM-Full_A-Eucl_AdaBN-F,10,0.8924731183,0.9746271245
BI2015a,ATCNet,FM-Full_A-Eucl_AdaBN-F,13,0.8526315789,0.9558402585
BI2015a,ATCNet,FM-Full_A-Eucl_AdaBN-F,14,0.7957264957,0.9160859084
BI2015a,ATCNet,FM-Full_A-Eucl_AdaBN-F,16,0.8880952381,0.9689931973
BI2015a,ATCNet,FM-Full_A-Eucl_AdaBN-F,17,0.8,0.917042524
BI2015a,ATCNet,FM-Full_A-Eucl_AdaBN-F,18,0.8137037037,0.9337640604
BI2015a,ATCNet,FM-Full_A-Eucl_AdaBN-F,20,0.8614814815,0.9580768176
BI2015a,ATCNet,FM-Full_A-Eucl_AdaBN-F,25,0.8002873563,0.9117783062
BI2015a,ATCNet,FM-Full_A-Eucl_AdaBN-F,26,0.9188172043,0.9812463869
BI2015a,ATCNet,FM-Full_A-Eucl_AdaBN-F,27,0.735021097,0.8515302035
BI2015a,ATCNet,FM-Full_A-Eucl_AdaBN-F,28,0.763,0.87736
BI2015a,ATCNet,FM-Full_A-Eucl_AdaBN-F,31,0.6988888889,0.8144622222
BI2015a,ATCNet,FM-Full_A-Eucl_AdaBN-F,32,0.8478494624,0.9338247196
BI2015a,ATCNet,FM-Full_A-Eucl_AdaBN-F,35,0.7082125604,0.817687694
BI2015a,ATCNet,FM-Full_A-Eucl_AdaBN-F,37,0.7423809524,0.8538843537
BI2015a,ATCNet,FM-Full_A-Eucl_AdaBN-F,38,0.8382882883,0.9444525607
BI2015a,ATCNet,FM-Full_A-Eucl_AdaBN-F,40,0.8558641975,0.9459400244
BI2015a,ATCNet,FM-Full_A-Eucl_AdaBN-F,41,0.827037037,0.9226474623
BI2015a,ATCNet,FM-Full_A-Eucl_AdaBN-F,1,0.7862238947,0.9004294213
BI2015a,ATCNet,FM-Full_A-Eucl_AdaBN-F,2,0.876984127,0.9650447216
BI2015a,ATCNet,FM-Full_A-Eucl_AdaBN-F,3,0.8936781609,0.9811732065
BI2015a,ATCNet,FM-Full_A-Eucl_AdaBN-F,6,0.8363636364,0.9302657254
BI2015a,ATCNet,FM-Full_A-Eucl_AdaBN-F,8,0.8488095238,0.9490236835
BI2015a,ATCNet,FM-Full_A-Eucl_AdaBN-F,11,0.8333333333,0.9444305556
BI2015a,ATCNet,FM-Full_A-Eucl_AdaBN-F,12,0.7698924731,0.8775465372
BI2015a,ATCNet,FM-Full_A-Eucl_AdaBN-F,15,0.8471428571,0.9543356009
BI2015a,ATCNet,FM-Full_A-Eucl_AdaBN-F,19,0.789,0.9022288889
BI2015a,ATCNet,FM-Full_A-Eucl_AdaBN-F,21,0.86,0.9550884354
BI2015a,ATCNet,FM-Full_A-Eucl_AdaBN-F,22,0.8306818182,0.9399936869
BI2015a,ATCNet,FM-Full_A-Eucl_AdaBN-F,23,0.8324561404,0.9152393044
BI2015a,ATCNet,FM-Full_A-Eucl_AdaBN-F,24,0.8560185185,0.9577803498
BI2015a,ATCNet,FM-Full_A-Eucl_AdaBN-F,29,0.7784313725,0.9049895339
BI2015a,ATCNet,FM-Full_A-Eucl_AdaBN-F,30,0.9049382716,0.9736244475
BI2015a,ATCNet,FM-Full_A-Eucl_AdaBN-F,33,0.8317460317,0.9407596372
BI2015a,ATCNet,FM-Full_A-Eucl_AdaBN-F,34,0.8361904762,0.9556145125
BI2015a,ATCNet,FM-Full_A-Eucl_AdaBN-F,36,0.8733333333,0.9567916667
BI2015a,ATCNet,FM-Full_A-Eucl_AdaBN-F,39,0.7925170068,0.9010666852
BI2015a,ATCNet,FM-Full_A-Eucl_AdaBN-F,42,0.7271929825,0.8242997845
BI2015a,ATCNet,FM-Full_A-Eucl_AdaBN-F,43,0.9063218391,0.9715814507
BI2015a,ATCNet,FM-Full_A-Eucl_AdaBN-T,4,0.8920833333,0.9688506944
BI2015a,ATCNet,FM-Full_A-Eucl_AdaBN-T,5,0.9015151515,0.9662228344
BI2015a,ATCNet,FM-Full_A-Eucl_AdaBN-T,7,0.8803921569,0.9512399077
BI2015a,ATCNet,FM-Full_A-Eucl_AdaBN-T,9,0.8153153153,0.9223561399
BI2015a,ATCNet,FM-Full_A-Eucl_AdaBN-T,10,0.9198924731,0.9756619262
BI2015a,ATCNet,FM-Full_A-Eucl_AdaBN-T,13,0.8587719298,0.9520044629
BI2015a,ATCNet,FM-Full_A-Eucl_AdaBN-T,14,0.8145299145,0.9153955731
BI2015a,ATCNet,FM-Full_A-Eucl_AdaBN-T,16,0.8866666667,0.9691428571
BI2015a,ATCNet,FM-Full_A-Eucl_AdaBN-T,17,0.8074074074,0.9190192044
BI2015a,ATCNet,FM-Full_A-Eucl_AdaBN-T,18,0.8233333333,0.9348148148
BI2015a,ATCNet,FM-Full_A-Eucl_AdaBN-T,20,0.8655555556,0.9578792867
BI2015a,ATCNet,FM-Full_A-Eucl_AdaBN-T,25,0.8043103448,0.9128220373
BI2015a,ATCNet,FM-Full_A-Eucl_AdaBN-T,26,0.9241935484,0.9818765175
BI2015a,ATCNet,FM-Full_A-Eucl_AdaBN-T,27,0.732278481,0.8497249372
BI2015a,ATCNet,FM-Full_A-Eucl_AdaBN-T,28,0.7666666667,0.8747266667
BI2015a,ATCNet,FM-Full_A-Eucl_AdaBN-T,31,0.6986666667,0.8127822222
BI2015a,ATCNet,FM-Full_A-Eucl_AdaBN-T,32,0.8467741935,0.9358307319
BI2015a,ATCNet,FM-Full_A-Eucl_AdaBN-T,35,0.709178744,0.8140633387
BI2015a,ATCNet,FM-Full_A-Eucl_AdaBN-T,37,0.7447619048,0.8545646259
BI2015a,ATCNet,FM-Full_A-Eucl_AdaBN-T,38,0.845045045,0.9445864784
BI2015a,ATCNet,FM-Full_A-Eucl_AdaBN-T,40,0.8509259259,0.9452846365
BI2015a,ATCNet,FM-Full_A-Eucl_AdaBN-T,41,0.8285185185,0.9234046639
BI2015a,ATCNet,FM-Full_A-Eucl_AdaBN-T,1,0.7885288616,0.9008337551
BI2015a,ATCNet,FM-Full_A-Eucl_AdaBN-T,2,0.8845238095,0.9664084152
BI2015a,ATCNet,FM-Full_A-Eucl_AdaBN-T,3,0.9189655172,0.9832540626
BI2015a,ATCNet,FM-Full_A-Eucl_AdaBN-T,6,0.8367424242,0.9326130624
BI2015a,ATCNet,FM-Full_A-Eucl_AdaBN-T,8,0.8630952381,0.9520219199
BI2015a,ATCNet,FM-Full_A-Eucl_AdaBN-T,11,0.8358333333,0.9451423611
BI2015a,ATCNet,FM-Full_A-Eucl_AdaBN-T,12,0.7612903226,0.879094404
BI2015a,ATCNet,FM-Full_A-Eucl_AdaBN-T,15,0.8723809524,0.9556099773
BI2015a,ATCNet,FM-Full_A-Eucl_AdaBN-T,19,0.802,0.9066511111
BI2015a,ATCNet,FM-Full_A-Eucl_AdaBN-T,21,0.8528571429,0.955845805
BI2015a,ATCNet,FM-Full_A-Eucl_AdaBN-T,22,0.8401515152,0.9393882002
BI2015a,ATCNet,FM-Full_A-Eucl_AdaBN-T,23,0.8315789474,0.9152662358
BI2015a,ATCNet,FM-Full_A-Eucl_AdaBN-T,24,0.8703703704,0.960215192
BI2015a,ATCNet,FM-Full_A-Eucl_AdaBN-T,29,0.7931372549,0.9073347858
BI2015a,ATCNet,FM-Full_A-Eucl_AdaBN-T,30,0.9203703704,0.9756439567
BI2015a,ATCNet,FM-Full_A-Eucl_AdaBN-T,33,0.8452380952,0.9435090703
BI2015a,ATCNet,FM-Full_A-Eucl_AdaBN-T,34,0.8442857143,0.9553514739
BI2015a,ATCNet,FM-Full_A-Eucl_AdaBN-T,36,0.8770833333,0.9570590278
BI2015a,ATCNet,FM-Full_A-Eucl_AdaBN-T,39,0.7921768707,0.9009822296
BI2015a,ATCNet,FM-Full_A-Eucl_AdaBN-T,42,0.7254385965,0.8279248316
BI2015a,ATCNet,FM-Full_A-Eucl_AdaBN-T,43,0.9183908046,0.9747588849
BI2015a,ATCNet,FM-Full_A-None_AdaBN-F,4,0.8854166667,0.9596111111
BI2015a,ATCNet,FM-Full_A-None_AdaBN-F,5,0.8646464646,0.9585552495
BI2015a,ATCNet,FM-Full_A-None_AdaBN-F,7,0.856372549,0.9459871203
BI2015a,ATCNet,FM-Full_A-None_AdaBN-F,9,0.8036036036,0.9239672105
BI2015a,ATCNet,FM-Full_A-None_AdaBN-F,10,0.8758064516,0.9648514279
BI2015a,ATCNet,FM-Full_A-None_AdaBN-F,13,0.8837719298,0.9685672515
BI2015a,ATCNet,FM-Full_A-None_AdaBN-F,14,0.7773504274,0.8957703265
BI2015a,ATCNet,FM-Full_A-None_AdaBN-F,16,0.8761904762,0.9707165533
BI2015a,ATCNet,FM-Full_A-None_AdaBN-F,17,0.7862962963,0.9113470508
BI2015a,ATCNet,FM-Full_A-None_AdaBN-F,18,0.7859259259,0.8975802469
BI2015a,ATCNet,FM-Full_A-None_AdaBN-F,20,0.877037037,0.9619670782
BI2015a,ATCNet,FM-Full_A-None_AdaBN-F,25,0.7603448276,0.8872853085
BI2015a,ATCNet,FM-Full_A-None_AdaBN-F,26,0.9107526882,0.9780899526
BI2015a,ATCNet,FM-Full_A-None_AdaBN-F,27,0.7234177215,0.8434225284
BI2015a,ATCNet,FM-Full_A-None_AdaBN-F,28,0.7823333333,0.8874511111
BI2015a,ATCNet,FM-Full_A-None_AdaBN-F,31,0.7146666667,0.8307851852
BI2015a,ATCNet,FM-Full_A-None_AdaBN-F,32,0.8198924731,0.9300670598
BI2015a,ATCNet,FM-Full_A-None_AdaBN-F,35,0.6845410628,0.8051611473
BI2015a,ATCNet,FM-Full_A-None_AdaBN-F,37,0.7480952381,0.8579195011
BI2015a,ATCNet,FM-Full_A-None_AdaBN-F,38,0.8418918919,0.9422449477
BI2015a,ATCNet,FM-Full_A-None_AdaBN-F,40,0.8444444444,0.9396147691
BI2015a,ATCNet,FM-Full_A-None_AdaBN-F,41,0.7833333333,0.9174814815
BI2015a,ATCNet,FM-Full_A-None_AdaBN-F,1,0.741499967,0.8640053403
BI2015a,ATCNet,FM-Full_A-None_AdaBN-F,2,0.8996031746,0.9650163769
BI2015a,ATCNet,FM-Full_A-None_AdaBN-F,3,0.9109195402,0.9789800502
BI2015a,ATCNet,FM-Full_A-None_AdaBN-F,6,0.8075757576,0.9286616162
BI2015a,ATCNet,FM-Full_A-None_AdaBN-F,8,0.8535714286,0.9416572184
BI2015a,ATCNet,FM-Full_A-None_AdaBN-F,11,0.8283333333,0.922375
BI2015a,ATCNet,FM-Full_A-None_AdaBN-F,12,0.7564516129,0.8586166031
BI2015a,ATCNet,FM-Full_A-None_AdaBN-F,15,0.8657142857,0.9477414966
BI2015a,ATCNet,FM-Full_A-None_AdaBN-F,19,0.8246666667,0.9074288889
BI2015a,ATCNet,FM-Full_A-None_AdaBN-F,21,0.8857142857,0.9635918367
BI2015a,ATCNet,FM-Full_A-None_AdaBN-F,22,0.8568181818,0.933924472
BI2015a,ATCNet,FM-Full_A-None_AdaBN-F,23,0.7925438596,0.9186865189
BI2015a,ATCNet,FM-Full_A-None_AdaBN-F,24,0.8856481481,0.9669753086
BI2015a,ATCNet,FM-Full_A-None_AdaBN-F,29,0.7588235294,0.8865308215
BI2015a,ATCNet,FM-Full_A-None_AdaBN-F,30,0.7839506173,0.9304602957
BI2015a,ATCNet,FM-Full_A-None_AdaBN-F,33,0.8400793651,0.9372669438
BI2015a,ATCNet,FM-Full_A-None_AdaBN-F,34,0.8466666667,0.9536598639
BI2015a,ATCNet,FM-Full_A-None_AdaBN-F,36,0.8791666667,0.95696875
BI2015a,ATCNet,FM-Full_A-None_AdaBN-F,39,0.8017006803,0.9097066037
BI2015a,ATCNet,FM-Full_A-None_AdaBN-F,42,0.7488304094,0.8309086557
BI2015a,ATCNet,FM-Full_A-None_AdaBN-F,43,0.9235632184,0.9813317479
BI2015a,ATCNet,FM-Full_A-Riem_AdaBN-F,4,0.8645833333,0.96496875
BI2015a,ATCNet,FM-Full_A-Riem_AdaBN-F,5,0.8494949495,0.9549178655
BI2015a,ATCNet,FM-Full_A-Riem_AdaBN-F,7,0.8299019608,0.9447087659
BI2015a,ATCNet,FM-Full_A-Riem_AdaBN-F,9,0.7869369369,0.9179977275
BI2015a,ATCNet,FM-Full_A-Riem_AdaBN-F,10,0.8397849462,0.9562781824
BI2015a,ATCNet,FM-Full_A-Riem_AdaBN-F,13,0.8412280702,0.9413781163
BI2015a,ATCNet,FM-Full_A-Riem_AdaBN-F,14,0.797008547,0.9032982687
BI2015a,ATCNet,FM-Full_A-Riem_AdaBN-F,16,0.8457142857,0.9487210884
BI2015a,ATCNet,FM-Full_A-Riem_AdaBN-F,17,0.7848148148,0.9115198903
BI2015a,ATCNet,FM-Full_A-Riem_AdaBN-F,18,0.7818518519,0.9131769547
BI2015a,ATCNet,FM-Full_A-Riem_AdaBN-F,20,0.8414814815,0.9503758573
BI2015a,ATCNet,FM-Full_A-Riem_AdaBN-F,25,0.7945402299,0.9178177434
BI2015a,ATCNet,FM-Full_A-Riem_AdaBN-F,26,0.8720430108,0.9654179674
BI2015a,ATCNet,FM-Full_A-Riem_AdaBN-F,27,0.7170886076,0.8432364828
BI2015a,ATCNet,FM-Full_A-Riem_AdaBN-F,28,0.7656666667,0.8844333333
BI2015a,ATCNet,FM-Full_A-Riem_AdaBN-F,31,0.6984444444,0.8132424691
BI2015a,ATCNet,FM-Full_A-Riem_AdaBN-F,32,0.7827956989,0.9079835819
BI2015a,ATCNet,FM-Full_A-Riem_AdaBN-F,35,0.684057971,0.8146199445
BI2015a,ATCNet,FM-Full_A-Riem_AdaBN-F,37,0.7471428571,0.8569433107
BI2015a,ATCNet,FM-Full_A-Riem_AdaBN-F,38,0.8157657658,0.9208140573
BI2015a,ATCNet,FM-Full_A-Riem_AdaBN-F,40,0.8271604938,0.9422096479
BI2015a,ATCNet,FM-Full_A-Riem_AdaBN-F,41,0.7937037037,0.9147928669
BI2015a,ATCNet,FM-Full_A-Riem_AdaBN-F,1,0.793127352,0.9109972639
BI2015a,ATCNet,FM-Full_A-Riem_AdaBN-F,2,0.8821428571,0.9685279667
BI2015a,ATCNet,FM-Full_A-Riem_AdaBN-F,3,0.9362068966,0.9904478795
BI2015a,ATCNet,FM-Full_A-Riem_AdaBN-F,6,0.8306818182,0.9478391873
BI2015a,ATCNet,FM-Full_A-Riem_AdaBN-F,8,0.8865079365,0.9681909801
BI2015a,ATCNet,FM-Full_A-Riem_AdaBN-F,11,0.85125,0.9555798611
BI2015a,ATCNet,FM-Full_A-Riem_AdaBN-F,12,0.7559139785,0.8849346745
BI2015a,ATCNet,FM-Full_A-Riem_AdaBN-F,15,0.8519047619,0.9555918367
BI2015a,ATCNet,FM-Full_A-Riem_AdaBN-F,19,0.8056666667,0.9038555556
BI2015a,ATCNet,FM-Full_A-Riem_AdaBN-F,21,0.8766666667,0.9634965986
BI2015a,ATCNet,FM-Full_A-Riem_AdaBN-F,22,0.8401515152,0.9504734848
BI2015a,ATCNet,FM-Full_A-Riem_AdaBN-F,23,0.8026315789,0.9238804247
BI2015a,ATCNet,FM-Full_A-Riem_AdaBN-F,24,0.8805555556,0.9698302469
BI2015a,ATCNet,FM-Full_A-Riem_AdaBN-F,29,0.7918300654,0.9153359819
BI2015a,ATCNet,FM-Full_A-Riem_AdaBN-F,30,0.9308641975,0.9817253467
BI2015a,ATCNet,FM-Full_A-Riem_AdaBN-F,33,0.8579365079,0.9477009322
BI2015a,ATCNet,FM-Full_A-Riem_AdaBN-F,34,0.8547619048,0.9655963719
BI2015a,ATCNet,FM-Full_A-Riem_AdaBN-F,36,0.86125,0.9646770833
BI2015a,ATCNet,FM-Full_A-Riem_AdaBN-F,39,0.7928571429,0.9116479245
BI2015a,ATCNet,FM-Full_A-Riem_AdaBN-F,42,0.7459064327,0.8508190554
BI2015a,ATCNet,FM-Full_A-Riem_AdaBN-F,43,0.9155172414,0.981265689
BI2015a,ATCNet,FM-Full_A-Riem_AdaBN-T,4,0.9125,0.9755590278
BI2015a,ATCNet,FM-Full_A-Riem_AdaBN-T,5,0.9090909091,0.9751862055
BI2015a,ATCNet,FM-Full_A-Riem_AdaBN-T,7,0.8764705882,0.9601547482
BI2015a,ATCNet,FM-Full_A-Riem_AdaBN-T,9,0.8509009009,0.9408530152
BI2015a,ATCNet,FM-Full_A-Riem_AdaBN-T,10,0.902688172,0.9754191236
BI2015a,ATCNet,FM-Full_A-Riem_AdaBN-T,13,0.8688596491,0.9607917821
BI2015a,ATCNet,FM-Full_A-Riem_AdaBN-T,14,0.8213675214,0.9206406604
BI2015a,ATCNet,FM-Full_A-Riem_AdaBN-T,16,0.8957142857,0.9680136054
BI2015a,ATCNet,FM-Full_A-Riem_AdaBN-T,17,0.8092592593,0.923399177
BI2015a,ATCNet,FM-Full_A-Riem_AdaBN-T,18,0.8274074074,0.9314458162
BI2015a,ATCNet,FM-Full_A-Riem_AdaBN-T,20,0.8822222222,0.9652098765
BI2015a,ATCNet,FM-Full_A-Riem_AdaBN-T,25,0.8137931034,0.9266630334
BI2015a,ATCNet,FM-Full_A-Riem_AdaBN-T,26,0.9193548387,0.9819054226
BI2015a,ATCNet,FM-Full_A-Riem_AdaBN-T,27,0.7392405063,0.8557051042
BI2015a,ATCNet,FM-Full_A-Riem_AdaBN-T,28,0.807,0.9003711111
BI2015a,ATCNet,FM-Full_A-Riem_AdaBN-T,31,0.704,0.8268266667
BI2015a,ATCNet,FM-Full_A-Riem_AdaBN-T,32,0.8478494624,0.9326627356
BI2015a,ATCNet,FM-Full_A-Riem_AdaBN-T,35,0.7086956522,0.8270251348
BI2015a,ATCNet,FM-Full_A-Riem_AdaBN-T,37,0.7707142857,0.8804569161
BI2015a,ATCNet,FM-Full_A-Riem_AdaBN-T,38,0.8522522523,0.9471227985
BI2015a,ATCNet,FM-Full_A-Riem_AdaBN-T,40,0.8540123457,0.9522919524
BI2015a,ATCNet,FM-Full_A-Riem_AdaBN-T,41,0.8222222222,0.9349327846
BI2015a,ATCNet,FM-Full_A-Riem_AdaBN-T,1,0.8017376378,0.9120007629
BI2015a,ATCNet,FM-Full_A-Riem_AdaBN-T,2,0.9015873016,0.9697026959
BI2015a,ATCNet,FM-Full_A-Riem_AdaBN-T,3,0.9505747126,0.9891729423
BI2015a,ATCNet,FM-Full_A-Riem_AdaBN-T,6,0.8435606061,0.944171832
BI2015a,ATCNet,FM-Full_A-Riem_AdaBN-T,8,0.8976190476,0.9678382464
BI2015a,ATCNet,FM-Full_A-Riem_AdaBN-T,11,0.8629166667,0.9549861111
BI2015a,ATCNet,FM-Full_A-Riem_AdaBN-T,12,0.7688172043,0.8826699618
BI2015a,ATCNet,FM-Full_A-Riem_AdaBN-T,15,0.8704761905,0.9565714286
BI2015a,ATCNet,FM-Full_A-Riem_AdaBN-T,19,0.8363333333,0.9153511111
BI2015a,ATCNet,FM-Full_A-Riem_AdaBN-T,21,0.8938095238,0.9665895692
BI2015a,ATCNet,FM-Full_A-Riem_AdaBN-T,22,0.8545454545,0.944963843
BI2015a,ATCNet,FM-Full_A-Riem_AdaBN-T,23,0.8350877193,0.9197830102
BI2015a,ATCNet,FM-Full_A-Riem_AdaBN-T,24,0.8898148148,0.9708890604
BI2015a,ATCNet,FM-Full_A-Riem_AdaBN-T,29,0.8062091503,0.9219402794
BI2015a,ATCNet,FM-Full_A-Riem_AdaBN-T,30,0.9456790123,0.9838591678
BI2015a,ATCNet,FM-Full_A-Riem_AdaBN-T,33,0.8670634921,0.9496283699
BI2015a,ATCNet,FM-Full_A-Riem_AdaBN-T,34,0.8842857143,0.9662857143
BI2015a,ATCNet,FM-Full_A-Riem_AdaBN-T,36,0.89375,0.9669270833
BI2015a,ATCNet,FM-Full_A-Riem_AdaBN-T,39,0.8159863946,0.9177264103
BI2015a,ATCNet,FM-Full_A-Riem_AdaBN-T,42,0.7584795322,0.8585120208
BI2015a,ATCNet,FM-Full_A-Riem_AdaBN-T,43,0.9350574713,0.9777183247
BI2015a,ATCNet,FM-None_A-Eucl_AdaBN-T,4,0.8375,0.92675
BI2015a,ATCNet,FM-None_A-Eucl_AdaBN-T,5,0.8388888889,0.9333333333
BI2015a,ATCNet,FM-None_A-Eucl_AdaBN-T,7,0.7754901961,0.8639369473
BI2015a,ATCNet,FM-None_A-Eucl_AdaBN-T,9,0.7243243243,0.8349809269
BI2015a,ATCNet,FM-None_A-Eucl_AdaBN-T,10,0.8166666667,0.9015608741
BI2015a,ATCNet,FM-None_A-Eucl_AdaBN-T,13,0.6736842105,0.7823253309
BI2015a,ATCNet,FM-None_A-Eucl_AdaBN-T,14,0.6333333333,0.7415443056
BI2015a,ATCNet,FM-None_A-Eucl_AdaBN-T,16,0.799047619,0.912430839
BI2015a,ATCNet,FM-None_A-Eucl_AdaBN-T,17,0.637037037,0.7863484225
BI2015a,ATCNet,FM-None_A-Eucl_AdaBN-T,18,0.6451851852,0.7516076818
BI2015a,ATCNet,FM-None_A-Eucl_AdaBN-T,20,0.7637037037,0.8606392318
BI2015a,ATCNet,FM-None_A-Eucl_AdaBN-T,25,0.6232758621,0.735873299
BI2015a,ATCNet,FM-None_A-Eucl_AdaBN-T,26,0.8634408602,0.952665048
BI2015a,ATCNet,FM-None_A-Eucl_AdaBN-T,27,0.5955696203,0.6969627375
BI2015a,ATCNet,FM-None_A-Eucl_AdaBN-T,28,0.6656666667,0.7910533333
BI2015a,ATCNet,FM-None_A-Eucl_AdaBN-T,31,0.554,0.632185679
BI2015a,ATCNet,FM-None_A-Eucl_AdaBN-T,32,0.7661290323,0.8594866459
BI2015a,ATCNet,FM-None_A-Eucl_AdaBN-T,35,0.6461352657,0.7632581857
BI2015a,ATCNet,FM-None_A-Eucl_AdaBN-T,37,0.525952381,0.5492630385
BI2015a,ATCNet,FM-None_A-Eucl_AdaBN-T,38,0.6382882883,0.7382193004
BI2015a,ATCNet,FM-None_A-Eucl_AdaBN-T,40,0.7598765432,0.8870522786
BI2015a,ATCNet,FM-None_A-Eucl_AdaBN-T,41,0.677037037,0.8157009602
BI2015a,ATCNet,FM-None_A-Eucl_AdaBN-T,1,0.6572725072,0.7570297015
BI2015a,ATCNet,FM-None_A-Eucl_AdaBN-T,2,0.8166666667,0.9054579239
BI2015a,ATCNet,FM-None_A-Eucl_AdaBN-T,3,0.7574712644,0.8818866429
BI2015a,ATCNet,FM-None_A-Eucl_AdaBN-T,6,0.725,0.8367998163
BI2015a,ATCNet,FM-None_A-Eucl_AdaBN-T,8,0.694047619,0.8161690602
BI2015a,ATCNet,FM-None_A-Eucl_AdaBN-T,11,0.7191666667,0.8233784722
BI2015a,ATCNet,FM-None_A-Eucl_AdaBN-T,12,0.6905913978,0.8088377269
BI2015a,ATCNet,FM-None_A-Eucl_AdaBN-T,15,0.7838095238,0.8888662132
BI2015a,ATCNet,FM-None_A-Eucl_AdaBN-T,19,0.692,0.7935488889
BI2015a,ATCNet,FM-None_A-Eucl_AdaBN-T,21,0.7414285714,0.8720408163
BI2015a,ATCNet,FM-None_A-Eucl_AdaBN-T,22,0.6916666667,0.8442837466
BI2015a,ATCNet,FM-None_A-Eucl_AdaBN-T,23,0.7578947368,0.8545090797
BI2015a,ATCNet,FM-None_A-Eucl_AdaBN-T,24,0.7361111111,0.8498585391
BI2015a,ATCNet,FM-None_A-Eucl_AdaBN-T,29,0.6307189542,0.7160579264
BI2015a,ATCNet,FM-None_A-Eucl_AdaBN-T,30,0.8802469136,0.9518137479
BI2015a,ATCNet,FM-None_A-Eucl_AdaBN-T,33,0.7158730159,0.8440539179
BI2015a,ATCNet,FM-None_A-Eucl_AdaBN-T,34,0.7528571429,0.8514965986
BI2015a,ATCNet,FM-None_A-Eucl_AdaBN-T,36,0.75,0.8692534722
BI2015a,ATCNet,FM-None_A-Eucl_AdaBN-T,39,0.6363945578,0.7559928733
BI2015a,ATCNet,FM-None_A-Eucl_AdaBN-T,42,0.6298245614,0.7294210184
BI2015a,ATCNet,FM-None_A-Eucl_AdaBN-T,43,0.824137931,0.9138525565
BI2015a,ATCNet,FM-None_A-None_AdaBN-F,4,0.7091666667,0.8930138889
BI2015a,ATCNet,FM-None_A-None_AdaBN-F,5,0.7712121212,0.9347770636
BI2015a,ATCNet,FM-None_A-None_AdaBN-F,7,0.5024509804,0.74735198
BI2015a,ATCNet,FM-None_A-None_AdaBN-F,9,0.6162162162,0.8406338771
BI2015a,ATCNet,FM-None_A-None_AdaBN-F,10,0.7715053763,0.9151636027
BI2015a,ATCNet,FM-None_A-None_AdaBN-F,13,0.7315789474,0.9055901816
BI2015a,ATCNet,FM-None_A-None_AdaBN-F,14,0.5017094017,0.4574256702
BI2015a,ATCNet,FM-None_A-None_AdaBN-F,16,0.759047619,0.9390657596
BI2015a,ATCNet,FM-None_A-None_AdaBN-F,17,0.6085185185,0.8515747599
BI2015a,ATCNet,FM-None_A-None_AdaBN-F,18,0.5888888889,0.7329657064
BI2015a,ATCNet,FM-None_A-None_AdaBN-F,20,0.6659259259,0.9151714678
BI2015a,ATCNet,FM-None_A-None_AdaBN-F,25,0.5620689655,0.7450356718
BI2015a,ATCNet,FM-None_A-None_AdaBN-F,26,0.8252688172,0.969088912
BI2015a,ATCNet,FM-None_A-None_AdaBN-F,27,0.5248945148,0.7350949812
BI2015a,ATCNet,FM-None_A-None_AdaBN-F,28,0.6133333333,0.8525511111
BI2015a,ATCNet,FM-None_A-None_AdaBN-F,31,0.5275555556,0.6688434568
BI2015a,ATCNet,FM-None_A-None_AdaBN-F,32,0.7311827957,0.8848190542
BI2015a,ATCNet,FM-None_A-None_AdaBN-F,35,0.5,0.7647984784
BI2015a,ATCNet,FM-None_A-None_AdaBN-F,37,0.530952381,0.620723356
BI2015a,ATCNet,FM-None_A-None_AdaBN-F,38,0.686036036,0.8268281795
BI2015a,ATCNet,FM-None_A-None_AdaBN-F,40,0.599691358,0.8645156988
BI2015a,ATCNet,FM-None_A-None_AdaBN-F,41,0.6037037037,0.7186474623
BI2015a,ATCNet,FM-None_A-None_AdaBN-F,1,0.4998789639,0.5107050168
BI2015a,ATCNet,FM-None_A-None_AdaBN-F,2,0.8392857143,0.9576026707
BI2015a,ATCNet,FM-None_A-None_AdaBN-F,3,0.7833333333,0.8884198705
BI2015a,ATCNet,FM-None_A-None_AdaBN-F,6,0.6287878788,0.7527261249
BI2015a,ATCNet,FM-None_A-None_AdaBN-F,8,0.7869047619,0.8929232804
BI2015a,ATCNet,FM-None_A-None_AdaBN-F,11,0.5533333333,0.727375
BI2015a,ATCNet,FM-None_A-None_AdaBN-F,12,0.5037634409,0.7101167765
BI2015a,ATCNet,FM-None_A-None_AdaBN-F,15,0.8338095238,0.9277460317
BI2015a,ATCNet,FM-None_A-None_AdaBN-F,19,0.7373333333,0.8468133333
BI2015a,ATCNet,FM-None_A-None_AdaBN-F,21,0.8576190476,0.9475147392
BI2015a,ATCNet,FM-None_A-None_AdaBN-F,22,0.753030303,0.8541609275
BI2015a,ATCNet,FM-None_A-None_AdaBN-F,23,0.6929824561,0.8575561711
BI2015a,ATCNet,FM-None_A-None_AdaBN-F,24,0.8208333333,0.9353223594
BI2015a,ATCNet,FM-None_A-None_AdaBN-F,29,0.5973856209,0.7941710453
BI2015a,ATCNet,FM-None_A-None_AdaBN-F,30,0.8277777778,0.9009221155
BI2015a,ATCNet,FM-None_A-None_AdaBN-F,33,0.7662698413,0.9202758881
BI2015a,ATCNet,FM-None_A-None_AdaBN-F,34,0.7647619048,0.9204489796
BI2015a,ATCNet,FM-None_A-None_AdaBN-F,36,0.8183333333,0.9005138889
BI2015a,ATCNet,FM-None_A-None_AdaBN-F,39,0.5,0.6098130409
BI2015a,ATCNet,FM-None_A-None_AdaBN-F,42,0.6350877193,0.7857631408
BI2015a,ATCNet,FM-None_A-None_AdaBN-F,43,0.8896551724,0.9647377461
BI2015a,ATCNet,NoPre_FM-Full_A-Eucl_AdaBN-T,4,0.8020833333,0.9026666667
BI2015a,ATCNet,NoPre_FM-Full_A-Eucl_AdaBN-T,5,0.8015151515,0.9131262116
BI2015a,ATCNet,NoPre_FM-Full_A-Eucl_AdaBN-T,7,0.7764705882,0.875922722
BI2015a,ATCNet,NoPre_FM-Full_A-Eucl_AdaBN-T,9,0.7581081081,0.8635946758
BI2015a,ATCNet,NoPre_FM-Full_A-Eucl_AdaBN-T,10,0.8451612903,0.9297491039
BI2015a,ATCNet,NoPre_FM-Full_A-Eucl_AdaBN-T,13,0.8328947368,0.9347606956
BI2015a,ATCNet,NoPre_FM-Full_A-Eucl_AdaBN-T,14,0.75,0.8639455037
BI2015a,ATCNet,NoPre_FM-Full_A-Eucl_AdaBN-T,16,0.7857142857,0.8995102041
BI2015a,ATCNet,NoPre_FM-Full_A-Eucl_AdaBN-T,17,0.7888888889,0.8966310014
BI2015a,ATCNet,NoPre_FM-Full_A-Eucl_AdaBN-T,18,0.7466666667,0.8671824417
BI2015a,ATCNet,NoPre_FM-Full_A-Eucl_AdaBN-T,20,0.7548148148,0.8763895748
BI2015a,ATCNet,NoPre_FM-Full_A-Eucl_AdaBN-T,25,0.7037356322,0.8424379046
BI2015a,ATCNet,NoPre_FM-Full_A-Eucl_AdaBN-T,26,0.8204301075,0.9222858134
BI2015a,ATCNet,NoPre_FM-Full_A-Eucl_AdaBN-T,27,0.6550632911,0.7578441845
BI2015a,ATCNet,NoPre_FM-Full_A-Eucl_AdaBN-T,28,0.6843333333,0.7983
BI2015a,ATCNet,NoPre_FM-Full_A-Eucl_AdaBN-T,31,0.6648888889,0.764877037
BI2015a,ATCNet,NoPre_FM-Full_A-Eucl_AdaBN-T,32,0.7629032258,0.8818591745
BI2015a,ATCNet,NoPre_FM-Full_A-Eucl_AdaBN-T,35,0.6275362319,0.7226341338
BI2015a,ATCNet,NoPre_FM-Full_A-Eucl_AdaBN-T,37,0.6669047619,0.780760771
BI2015a,ATCNet,NoPre_FM-Full_A-Eucl_AdaBN-T,38,0.7599099099,0.8789586884
BI2015a,ATCNet,NoPre_FM-Full_A-Eucl_AdaBN-T,40,0.7725308642,0.8826779454
BI2015a,ATCNet,NoPre_FM-Full_A-Eucl_AdaBN-T,41,0.7448148148,0.8727187929
BI2015a,ATCNet,NoPre_FM-Full_A-Eucl_AdaBN-T,1,0.7424849805,0.860052669
BI2015a,ATCNet,NoPre_FM-Full_A-Eucl_AdaBN-T,2,0.7936507937,0.9177406148
BI2015a,ATCNet,NoPre_FM-Full_A-Eucl_AdaBN-T,3,0.8327586207,0.9352688598
BI2015a,ATCNet,NoPre_FM-Full_A-Eucl_AdaBN-T,6,0.7886363636,0.8990243343
BI2015a,ATCNet,NoPre_FM-Full_A-Eucl_AdaBN-T,8,0.8257936508,0.9161029227
BI2015a,ATCNet,NoPre_FM-Full_A-Eucl_AdaBN-T,11,0.7845833333,0.8950520833
BI2015a,ATCNet,NoPre_FM-Full_A-Eucl_AdaBN-T,12,0.688172043,0.8198202104
BI2015a,ATCNet,NoPre_FM-Full_A-Eucl_AdaBN-T,15,0.7833333333,0.890984127
BI2015a,ATCNet,NoPre_FM-Full_A-Eucl_AdaBN-T,19,0.7176666667,0.8252977778
BI2015a,ATCNet,NoPre_FM-Full_A-Eucl_AdaBN-T,21,0.7814285714,0.9058185941
BI2015a,ATCNet,NoPre_FM-Full_A-Eucl_AdaBN-T,22,0.7598484848,0.8799098944
BI2015a,ATCNet,NoPre_FM-Full_A-Eucl_AdaBN-T,23,0.7074561404,0.8342951677
BI2015a,ATCNet,NoPre_FM-Full_A-Eucl_AdaBN-T,24,0.8027777778,0.9069315844
BI2015a,ATCNet,NoPre_FM-Full_A-Eucl_AdaBN-T,29,0.7019607843,0.833098381
BI2015a,ATCNet,NoPre_FM-Full_A-Eucl_AdaBN-T,30,0.7882716049,0.9060661485
BI2015a,ATCNet,NoPre_FM-Full_A-Eucl_AdaBN-T,33,0.7706349206,0.8922272613
BI2015a,ATCNet,NoPre_FM-Full_A-Eucl_AdaBN-T,34,0.749047619,0.8608843537
BI2015a,ATCNet,NoPre_FM-Full_A-Eucl_AdaBN-T,36,0.7,0.8200451389
BI2015a,ATCNet,NoPre_FM-Full_A-Eucl_AdaBN-T,39,0.7238095238,0.8264449998
BI2015a,ATCNet,NoPre_FM-Full_A-Eucl_AdaBN-T,42,0.6804093567,0.7888803392
BI2015a,ATCNet,NoPre_FM-Full_A-Eucl_AdaBN-T,43,0.8333333333,0.9364909499
BI2015a,ATCNet,NoPre_FM-Full_A-None_AdaBN-F,4,0.7795833333,0.8798645833
BI2015a,ATCNet,NoPre_FM-Full_A-None_AdaBN-F,5,0.8035353535,0.8973166003
BI2015a,ATCNet,NoPre_FM-Full_A-None_AdaBN-F,7,0.7284313725,0.8554450211
BI2015a,ATCNet,NoPre_FM-Full_A-None_AdaBN-F,9,0.7864864865,0.886397208
BI2015a,ATCNet,NoPre_FM-Full_A-None_AdaBN-F,10,0.802688172,0.8907041276
BI2015a,ATCNet,NoPre_FM-Full_A-None_AdaBN-F,13,0.8592105263,0.9370614035
BI2015a,ATCNet,NoPre_FM-Full_A-None_AdaBN-F,14,0.7072649573,0.8301190737
BI2015a,ATCNet,NoPre_FM-Full_A-None_AdaBN-F,16,0.7895238095,0.9052108844
BI2015a,ATCNet,NoPre_FM-Full_A-None_AdaBN-F,17,0.7218518519,0.8378655693
BI2015a,ATCNet,NoPre_FM-Full_A-None_AdaBN-F,18,0.767037037,0.8470589849
BI2015a,ATCNet,NoPre_FM-Full_A-None_AdaBN-F,20,0.7555555556,0.8825816187
BI2015a,ATCNet,NoPre_FM-Full_A-None_AdaBN-F,25,0.7066091954,0.8213320782
BI2015a,ATCNet,NoPre_FM-Full_A-None_AdaBN-F,26,0.8096774194,0.9126777662
BI2015a,ATCNet,NoPre_FM-Full_A-None_AdaBN-F,27,0.6702531646,0.7727492033
BI2015a,ATCNet,NoPre_FM-Full_A-None_AdaBN-F,28,0.6896666667,0.8022533333
BI2015a,ATCNet,NoPre_FM-Full_A-None_AdaBN-F,31,0.6788888889,0.7699851852
BI2015a,ATCNet,NoPre_FM-Full_A-None_AdaBN-F,32,0.7564516129,0.8624291826
BI2015a,ATCNet,NoPre_FM-Full_A-None_AdaBN-F,35,0.6166666667,0.7068554692
BI2015a,ATCNet,NoPre_FM-Full_A-None_AdaBN-F,37,0.6947619048,0.7834297052
BI2015a,ATCNet,NoPre_FM-Full_A-None_AdaBN-F,38,0.7815315315,0.8873062251
BI2015a,ATCNet,NoPre_FM-Full_A-None_AdaBN-F,40,0.7734567901,0.8708123762
BI2015a,ATCNet,NoPre_FM-Full_A-None_AdaBN-F,41,0.7733333333,0.8886145405
BI2015a,ATCNet,NoPre_FM-Full_A-None_AdaBN-F,1,0.6957043199,0.8091409373
BI2015a,ATCNet,NoPre_FM-Full_A-None_AdaBN-F,2,0.7805555556,0.8795792391
BI2015a,ATCNet,NoPre_FM-Full_A-None_AdaBN-F,3,0.8293103448,0.9284515788
BI2015a,ATCNet,NoPre_FM-Full_A-None_AdaBN-F,6,0.7609848485,0.8785382231
BI2015a,ATCNet,NoPre_FM-Full_A-None_AdaBN-F,8,0.7948412698,0.8824389015
BI2015a,ATCNet,NoPre_FM-Full_A-None_AdaBN-F,11,0.7141666667,0.8164236111
BI2015a,ATCNet,NoPre_FM-Full_A-None_AdaBN-F,12,0.711827957,0.8114362932
BI2015a,ATCNet,NoPre_FM-Full_A-None_AdaBN-F,15,0.7623809524,0.8567528345
BI2015a,ATCNet,NoPre_FM-Full_A-None_AdaBN-F,19,0.7133333333,0.8149733333
BI2015a,ATCNet,NoPre_FM-Full_A-None_AdaBN-F,21,0.8238095238,0.9185941043
BI2015a,ATCNet,NoPre_FM-Full_A-None_AdaBN-F,22,0.7598484848,0.866744146
BI2015a,ATCNet,NoPre_FM-Full_A-None_AdaBN-F,23,0.7127192982,0.8182863958
BI2015a,ATCNet,NoPre_FM-Full_A-None_AdaBN-F,24,0.7990740741,0.9045310357
BI2015a,ATCNet,NoPre_FM-Full_A-None_AdaBN-F,29,0.7075163399,0.8054551668
BI2015a,ATCNet,NoPre_FM-Full_A-None_AdaBN-F,30,0.6808641975,0.8200426764
BI2015a,ATCNet,NoPre_FM-Full_A-None_AdaBN-F,33,0.7571428571,0.8822026959
BI2015a,ATCNet,NoPre_FM-Full_A-None_AdaBN-F,34,0.7419047619,0.8460453515
BI2015a,ATCNet,NoPre_FM-Full_A-None_AdaBN-F,36,0.7104166667,0.8237604167
BI2015a,ATCNet,NoPre_FM-Full_A-None_AdaBN-F,39,0.7639455782,0.8479152205
BI2015a,ATCNet,NoPre_FM-Full_A-None_AdaBN-F,42,0.6494152047,0.7524520365
BI2015a,ATCNet,NoPre_FM-Full_A-None_AdaBN-F,43,0.858045977,0.9401836438
BNCI2014_001,ATCNet,FM-Dec_A-Eucl_AdaBN-F,1,0.7083333333,0.9241938336
BNCI2014_001,ATCNet,FM-Dec_A-Eucl_AdaBN-F,2,0.3871527778,0.6380047582
BNCI2014_001,ATCNet,FM-Dec_A-Eucl_AdaBN-F,6,0.5208333333,0.7776531957
BNCI2014_001,ATCNet,FM-Dec_A-Eucl_AdaBN-F,8,0.6145833333,0.8430426955
BNCI2014_001,ATCNet,FM-Dec_A-Eucl_AdaBN-F,9,0.6701388889,0.8779176312
BNCI2014_001,ATCNet,FM-Dec_A-Eucl_AdaBN-F,3,0.7517361111,0.9268864133
BNCI2014_001,ATCNet,FM-Dec_A-Eucl_AdaBN-F,4,0.53125,0.7845695087
BNCI2014_001,ATCNet,FM-Dec_A-Eucl_AdaBN-F,5,0.4097222222,0.6671167695
BNCI2014_001,ATCNet,FM-Dec_A-Eucl_AdaBN-F,7,0.5451388889,0.7842721193
BNCI2014_001,ATCNet,FM-Dec_A-Eucl_AdaBN-T,1,0.7100694444,0.9244068287
BNCI2014_001,ATCNet,FM-Dec_A-Eucl_AdaBN-T,2,0.3888888889,0.6338935507
BNCI2014_001,ATCNet,FM-Dec_A-Eucl_AdaBN-T,6,0.515625,0.7739117155
BNCI2014_001,ATCNet,FM-Dec_A-Eucl_AdaBN-T,8,0.6215277778,0.8477928884
BNCI2014_001,ATCNet,FM-Dec_A-Eucl_AdaBN-T,9,0.671875,0.8900985404
BNCI2014_001,ATCNet,FM-Dec_A-Eucl_AdaBN-T,3,0.7916666667,0.9445569702
BNCI2014_001,ATCNet,FM-Dec_A-Eucl_AdaBN-T,4,0.5763888889,0.8070183899
BNCI2014_001,ATCNet,FM-Dec_A-Eucl_AdaBN-T,5,0.4184027778,0.6734262474
BNCI2014_001,ATCNet,FM-Dec_A-Eucl_AdaBN-T,7,0.5885416667,0.8077056006
BNCI2014_001,ATCNet,FM-Dec_A-None_AdaBN-F,1,0.6909722222,0.9047590342
BNCI2014_001,ATCNet,FM-Dec_A-None_AdaBN-F,2,0.3298611111,0.5884733475
BNCI2014_001,ATCNet,FM-Dec_A-None_AdaBN-F,6,0.4809027778,0.7399771734
BNCI2014_001,ATCNet,FM-Dec_A-None_AdaBN-F,8,0.640625,0.8656804591
BNCI2014_001,ATCNet,FM-Dec_A-None_AdaBN-F,9,0.6527777778,0.8636188272
BNCI2014_001,ATCNet,FM-Dec_A-None_AdaBN-F,3,0.75,0.9327256944
BNCI2014_001,ATCNet,FM-Dec_A-None_AdaBN-F,4,0.5399305556,0.7953076775
BNCI2014_001,ATCNet,FM-Dec_A-None_AdaBN-F,5,0.4010416667,0.6549519354
BNCI2014_001,ATCNet,FM-Dec_A-None_AdaBN-F,7,0.5138888889,0.7642746914
BNCI2014_001,ATCNet,FM-Dec_A-Riem_AdaBN-T,1,0.7135416667,0.9190015754
BNCI2014_001,ATCNet,FM-Dec_A-Riem_AdaBN-T,2,0.3697916667,0.6268405993
BNCI2014_001,ATCNet,FM-Dec_A-Riem_AdaBN-T,6,0.5329861111,0.7739880723
BNCI2014_001,ATCNet,FM-Dec_A-Riem_AdaBN-T,8,0.6232638889,0.843822338
BNCI2014_001,ATCNet,FM-Dec_A-Riem_AdaBN-T,9,0.6822916667,0.8928996271
BNCI2014_001,ATCNet,FM-Dec_A-Riem_AdaBN-T,3,0.7777777778,0.9338027263
BNCI2014_001,ATCNet,FM-Dec_A-Riem_AdaBN-T,4,0.5868055556,0.8099480774
BNCI2014_001,ATCNet,FM-Dec_A-Riem_AdaBN-T,5,0.4253472222,0.6772360468
BNCI2014_001,ATCNet,FM-Dec_A-Riem_AdaBN-T,7,0.546875,0.8002467528
BNCI2014_001,ATCNet,FM-Full_A-Eucl_AdaBN-F,1,0.8263888889,0.9710206083
BNCI2014_001,ATCNet,FM-Full_A-Eucl_AdaBN-F,2,0.6440972222,0.8585913387
BNCI2014_001,ATCNet,FM-Full_A-Eucl_AdaBN-F,6,0.6805555556,0.8785164288
BNCI2014_001,ATCNet,FM-Full_A-Eucl_AdaBN-F,8,0.8368055556,0.9597439236
BNCI2014_001,ATCNet,FM-Full_A-Eucl_AdaBN-F,9,0.8645833333,0.9751318158
BNCI2014_001,ATCNet,FM-Full_A-Eucl_AdaBN-F,3,0.8732638889,0.9798538773
BNCI2014_001,ATCNet,FM-Full_A-Eucl_AdaBN-F,4,0.7152777778,0.9110484182
BNCI2014_001,ATCNet,FM-Full_A-Eucl_AdaBN-F,5,0.6527777778,0.8566904578
BNCI2014_001,ATCNet,FM-Full_A-Eucl_AdaBN-F,7,0.8333333333,0.9645584169
BNCI2014_001,ATCNet,FM-Full_A-Eucl_AdaBN-T,1,0.8368055556,0.9720695087
BNCI2014_001,ATCNet,FM-Full_A-Eucl_AdaBN-T,2,0.6579861111,0.8622082369
BNCI2014_001,ATCNet,FM-Full_A-Eucl_AdaBN-T,6,0.6753472222,0.8850469393
BNCI2014_001,ATCNet,FM-Full_A-Eucl_AdaBN-T,8,0.8506944444,0.9623802405
BNCI2014_001,ATCNet,FM-Full_A-Eucl_AdaBN-T,9,0.8541666667,0.9788491834
BNCI2014_001,ATCNet,FM-Full_A-Eucl_AdaBN-T,3,0.9045138889,0.9885987333
BNCI2014_001,ATCNet,FM-Full_A-Eucl_AdaBN-T,4,0.7569444444,0.9272159529
BNCI2014_001,ATCNet,FM-Full_A-Eucl_AdaBN-T,5,0.6614583333,0.8694058642
BNCI2014_001,ATCNet,FM-Full_A-Eucl_AdaBN-T,7,0.8541666667,0.9733595358
BNCI2014_001,ATCNet,FM-Full_A-None_AdaBN-F,1,0.8003472222,0.9559501993
BNCI2014_001,ATCNet,FM-Full_A-None_AdaBN-F,2,0.5538194444,0.7891710069
BNCI2014_001,ATCNet,FM-Full_A-None_AdaBN-F,6,0.6284722222,0.8308537487
BNCI2014_001,ATCNet,FM-Full_A-None_AdaBN-F,8,0.8020833333,0.9488851916
BNCI2014_001,ATCNet,FM-Full_A-None_AdaBN-F,9,0.8194444444,0.9545637217
BNCI2014_001,ATCNet,FM-Full_A-None_AdaBN-F,3,0.8715277778,0.9794319059
BNCI2014_001,ATCNet,FM-Full_A-None_AdaBN-F,4,0.7013888889,0.8937033822
BNCI2014_001,ATCNet,FM-Full_A-None_AdaBN-F,5,0.6215277778,0.8316775977
BNCI2014_001,ATCNet,FM-Full_A-None_AdaBN-F,7,0.7413194444,0.9200022505
BNCI2014_001,ATCNet,FM-Full_A-Riem_AdaBN-F,1,0.8194444444,0.9698029192
BNCI2014_001,ATCNet,FM-Full_A-Riem_AdaBN-F,2,0.6354166667,0.8559027778
BNCI2014_001,ATCNet,FM-Full_A-Riem_AdaBN-F,6,0.6857638889,0.8766637731
BNCI2014_001,ATCNet,FM-Full_A-Riem_AdaBN-F,8,0.8142361111,0.9536112719
BNCI2014_001,ATCNet,FM-Full_A-Riem_AdaBN-F,9,0.859375,0.973552437
BNCI2014_001,ATCNet,FM-Full_A-Riem_AdaBN-F,3,0.8854166667,0.9818954154
BNCI2014_001,ATCNet,FM-Full_A-Riem_AdaBN-F,4,0.7135416667,0.9112533758
BNCI2014_001,ATCNet,FM-Full_A-Riem_AdaBN-F,5,0.6371527778,0.8552919239
BNCI2014_001,ATCNet,FM-Full_A-Riem_AdaBN-F,7,0.8263888889,0.9679020383
BNCI2014_001,ATCNet,FM-Full_A-Riem_AdaBN-T,1,0.8350694444,0.9729054141
BNCI2014_001,ATCNet,FM-Full_A-Riem_AdaBN-T,2,0.6527777778,0.8636027521
BNCI2014_001,ATCNet,FM-Full_A-Riem_AdaBN-T,6,0.6927083333,0.8853403099
BNCI2014_001,ATCNet,FM-Full_A-Riem_AdaBN-T,8,0.8211805556,0.9608209555
BNCI2014_001,ATCNet,FM-Full_A-Riem_AdaBN-T,9,0.8663194444,0.9789215213
BNCI2014_001,ATCNet,FM-Full_A-Riem_AdaBN-T,3,0.9010416667,0.9869229038
BNCI2014_001,ATCNet,FM-Full_A-Riem_AdaBN-T,4,0.7465277778,0.9190136317
BNCI2014_001,ATCNet,FM-Full_A-Riem_AdaBN-T,5,0.6597222222,0.8661185057
BNCI2014_001,ATCNet,FM-Full_A-Riem_AdaBN-T,7,0.8541666667,0.9728853202
BNCI2014_001,ATCNet,FM-None_A-Eucl_AdaBN-T,1,0.7135416667,0.9236191487
BNCI2014_001,ATCNet,FM-None_A-Eucl_AdaBN-T,2,0.3559027778,0.6086636767
BNCI2014_001,ATCNet,FM-None_A-Eucl_AdaBN-T,6,0.5104166667,0.7639089828
BNCI2014_001,ATCNet,FM-None_A-Eucl_AdaBN-T,8,0.6180555556,0.8433762539
BNCI2014_001,ATCNet,FM-None_A-Eucl_AdaBN-T,9,0.6510416667,0.8701573753
BNCI2014_001,ATCNet,FM-None_A-Eucl_AdaBN-T,3,0.7552083333,0.9325689622
BNCI2014_001,ATCNet,FM-None_A-Eucl_AdaBN-T,4,0.5,0.768313561
BNCI2014_001,ATCNet,FM-None_A-Eucl_AdaBN-T,5,0.3975694444,0.6549197852
BNCI2014_001,ATCNet,FM-None_A-Eucl_AdaBN-T,7,0.3697916667,0.6429317773
BNCI2014_001,ATCNet,FM-None_A-None_AdaBN-F,1,0.6701388889,0.9132949138
BNCI2014_001,ATCNet,FM-None_A-None_AdaBN-F,2,0.3159722222,0.5641195666
BNCI2014_001,ATCNet,FM-None_A-None_AdaBN-F,6,0.3142361111,0.7134854038
BNCI2014_001,ATCNet,FM-None_A-None_AdaBN-F,8,0.5902777778,0.8752813143
BNCI2014_001,ATCNet,FM-None_A-None_AdaBN-F,9,0.4739583333,0.8243915574
BNCI2014_001,ATCNet,FM-None_A-None_AdaBN-F,3,0.7256944444,0.9180893133
BNCI2014_001,ATCNet,FM-None_A-None_AdaBN-F,4,0.40625,0.7393663194
BNCI2014_001,ATCNet,FM-None_A-None_AdaBN-F,5,0.3541666667,0.654493795
BNCI2014_001,ATCNet,FM-None_A-None_AdaBN-F,7,0.3333333333,0.6212745949
BNCI2014_001,ATCNet,NoPre_FM-Full_A-Eucl_AdaBN-T,1,0.6111111111,0.884138696
BNCI2014_001,ATCNet,NoPre_FM-Full_A-Eucl_AdaBN-T,2,0.4895833333,0.7644796489
BNCI2014_001,ATCNet,NoPre_FM-Full_A-Eucl_AdaBN-T,6,0.4131944444,0.6803948045
BNCI2014_001,ATCNet,NoPre_FM-Full_A-Eucl_AdaBN-T,8,0.734375,0.9239085005
BNCI2014_001,ATCNet,NoPre_FM-Full_A-Eucl_AdaBN-T,9,0.6753472222,0.9005031507
BNCI2014_001,ATCNet,NoPre_FM-Full_A-Eucl_AdaBN-T,3,0.6701388889,0.8998480903
BNCI2014_001,ATCNet,NoPre_FM-Full_A-Eucl_AdaBN-T,4,0.4201388889,0.6910244663
BNCI2014_001,ATCNet,NoPre_FM-Full_A-Eucl_AdaBN-T,5,0.4930555556,0.7573543596
BNCI2014_001,ATCNet,NoPre_FM-Full_A-Eucl_AdaBN-T,7,0.6041666667,0.8660099987
BNCI2014_001,ATCNet,NoPre_FM-Full_A-None_AdaBN-F,1,0.5434027778,0.8357566551
BNCI2014_001,ATCNet,NoPre_FM-Full_A-None_AdaBN-F,2,0.3975694444,0.6634878151
BNCI2014_001,ATCNet,NoPre_FM-Full_A-None_AdaBN-F,6,0.3871527778,0.6815441744
BNCI2014_001,ATCNet,NoPre_FM-Full_A-None_AdaBN-F,8,0.5902777778,0.8492677791
BNCI2014_001,ATCNet,NoPre_FM-Full_A-None_AdaBN-F,9,0.59375,0.8588605967
BNCI2014_001,ATCNet,NoPre_FM-Full_A-None_AdaBN-F,3,0.5815972222,0.8475155928
BNCI2014_001,ATCNet,NoPre_FM-Full_A-None_AdaBN-F,4,0.4496527778,0.7587207433
BNCI2014_001,ATCNet,NoPre_FM-Full_A-None_AdaBN-F,5,0.4131944444,0.6991745435
BNCI2014_001,ATCNet,NoPre_FM-Full_A-None_AdaBN-F,7,0.5069444444,0.7940819509
Huebner2017,ATCNet,FM-Dec_A-Eucl_AdaBN-F,1,0.9176059601,0.981829821
Huebner2017,ATCNet,FM-Dec_A-Eucl_AdaBN-F,2,0.898962149,0.9656654982
Huebner2017,ATCNet,FM-Dec_A-Eucl_AdaBN-F,3,0.820291424,0.9225214836
Huebner2017,ATCNet,FM-Dec_A-Eucl_AdaBN-F,6,0.9481298822,0.9873422298
Huebner2017,ATCNet,FM-Dec_A-Eucl_AdaBN-F,9,0.9048000611,0.9751928777
Huebner2017,ATCNet,FM-Dec_A-Eucl_AdaBN-F,10,0.9287543567,0.9895441924
Huebner2017,ATCNet,FM-Dec_A-Eucl_AdaBN-F,12,0.9040369353,0.9723825527
Huebner2017,ATCNet,FM-Dec_A-Eucl_AdaBN-F,4,0.9051797911,0.9816228971
Huebner2017,ATCNet,FM-Dec_A-Eucl_AdaBN-F,5,0.8248880749,0.9209378156
Huebner2017,ATCNet,FM-Dec_A-Eucl_AdaBN-F,7,0.9247303622,0.9911045377
Huebner2017,ATCNet,FM-Dec_A-Eucl_AdaBN-F,8,0.7375440132,0.8782759163
Huebner2017,ATCNet,FM-Dec_A-Eucl_AdaBN-F,11,0.7684227726,0.8676402416
Huebner2017,ATCNet,FM-Dec_A-Eucl_AdaBN-F,13,0.8823377735,0.972964949
Huebner2017,ATCNet,FM-Dec_A-Eucl_AdaBN-T,1,0.9291411634,0.982967894
Huebner2017,ATCNet,FM-Dec_A-Eucl_AdaBN-T,2,0.9060719373,0.967503965
Huebner2017,ATCNet,FM-Dec_A-Eucl_AdaBN-T,3,0.8406900101,0.93037012
Huebner2017,ATCNet,FM-Dec_A-Eucl_AdaBN-T,6,0.9440888669,0.9861664805
Huebner2017,ATCNet,FM-Dec_A-Eucl_AdaBN-T,9,0.928011803,0.9823662094
Huebner2017,ATCNet,FM-Dec_A-Eucl_AdaBN-T,10,0.9450927098,0.9899160678
Huebner2017,ATCNet,FM-Dec_A-Eucl_AdaBN-T,12,0.9181166056,0.9736938806
Huebner2017,ATCNet,FM-Dec_A-Eucl_AdaBN-T,4,0.922680063,0.9832595764
Huebner2017,ATCNet,FM-Dec_A-Eucl_AdaBN-T,5,0.8378612129,0.9256612209
Huebner2017,ATCNet,FM-Dec_A-Eucl_AdaBN-T,7,0.9405652218,0.9918923776
Huebner2017,ATCNet,FM-Dec_A-Eucl_AdaBN-T,8,0.7590998722,0.8785087709
Huebner2017,ATCNet,FM-Dec_A-Eucl_AdaBN-T,11,0.7765159929,0.8671197056
Huebner2017,ATCNet,FM-Dec_A-Eucl_AdaBN-T,13,0.9030434688,0.9740980605
Huebner2017,ATCNet,FM-Dec_A-None_AdaBN-F,1,0.9436791441,0.989874898
Huebner2017,ATCNet,FM-Dec_A-None_AdaBN-F,2,0.9102818478,0.9696932241
Huebner2017,ATCNet,FM-Dec_A-None_AdaBN-F,3,0.88249853,0.9559007787
Huebner2017,ATCNet,FM-Dec_A-None_AdaBN-F,6,0.9523561751,0.990266198
Huebner2017,ATCNet,FM-Dec_A-None_AdaBN-F,9,0.9385429385,0.986201522
Huebner2017,ATCNet,FM-Dec_A-None_AdaBN-F,10,0.944608305,0.988964486
Huebner2017,ATCNet,FM-Dec_A-None_AdaBN-F,12,0.9059193122,0.9728665891
Huebner2017,ATCNet,FM-Dec_A-None_AdaBN-F,4,0.9474564095,0.9917599128
Huebner2017,ATCNet,FM-Dec_A-None_AdaBN-F,5,0.8460393773,0.9341656485
Huebner2017,ATCNet,FM-Dec_A-None_AdaBN-F,7,0.9400691901,0.993857376
Huebner2017,ATCNet,FM-Dec_A-None_AdaBN-F,8,0.7618958772,0.8738471696
Huebner2017,ATCNet,FM-Dec_A-None_AdaBN-F,11,0.7566430115,0.8516981283
Huebner2017,ATCNet,FM-Dec_A-None_AdaBN-F,13,0.8575223388,0.9546092674
Huebner2017,ATCNet,FM-Dec_A-Riem_AdaBN-T,1,0.935309639,0.9847498928
Huebner2017,ATCNet,FM-Dec_A-Riem_AdaBN-T,2,0.9129019129,0.9707986461
Huebner2017,ATCNet,FM-Dec_A-Riem_AdaBN-T,3,0.8418217729,0.9257183121
Huebner2017,ATCNet,FM-Dec_A-Riem_AdaBN-T,6,0.9428081433,0.9840290232
Huebner2017,ATCNet,FM-Dec_A-Riem_AdaBN-T,9,0.9237128612,0.980775035
Huebner2017,ATCNet,FM-Dec_A-Riem_AdaBN-T,10,0.9452963394,0.9891434127
Huebner2017,ATCNet,FM-Dec_A-Riem_AdaBN-T,12,0.9111212861,0.9708272633
Huebner2017,ATCNet,FM-Dec_A-Riem_AdaBN-T,4,0.9249693678,0.9849038279
Huebner2017,ATCNet,FM-Dec_A-Riem_AdaBN-T,5,0.8295685796,0.9203887722
Huebner2017,ATCNet,FM-Dec_A-Riem_AdaBN-T,7,0.9452457265,0.9931861079
Huebner2017,ATCNet,FM-Dec_A-Riem_AdaBN-T,8,0.7554739168,0.8764796648
Huebner2017,ATCNet,FM-Dec_A-Riem_AdaBN-T,11,0.7818217433,0.8676319935
Huebner2017,ATCNet,FM-Dec_A-Riem_AdaBN-T,13,0.8849441569,0.967771969
Huebner2017,ATCNet,FM-Full_A-Eucl_AdaBN-F,1,0.9685837138,0.9958173845
Huebner2017,ATCNet,FM-Full_A-Eucl_AdaBN-F,2,0.952024827,0.9929882269
Huebner2017,ATCNet,FM-Full_A-Eucl_AdaBN-F,3,0.9430817454,0.9896469064
Huebner2017,ATCNet,FM-Full_A-Eucl_AdaBN-F,6,0.9760921754,0.9974935033
Huebner2017,ATCNet,FM-Full_A-Eucl_AdaBN-F,9,0.9675289988,0.997352428
Huebner2017,ATCNet,FM-Full_A-Eucl_AdaBN-F,10,0.9784379446,0.9983222328
Huebner2017,ATCNet,FM-Full_A-Eucl_AdaBN-F,12,0.954759361,0.9935609581
Huebner2017,ATCNet,FM-Full_A-Eucl_AdaBN-F,4,0.9775762621,0.9986000624
Huebner2017,ATCNet,FM-Full_A-Eucl_AdaBN-F,5,0.9148478836,0.9830011381
Huebner2017,ATCNet,FM-Full_A-Eucl_AdaBN-F,7,0.9906898657,0.9996737536
Huebner2017,ATCNet,FM-Full_A-Eucl_AdaBN-F,8,0.8952435069,0.9663206089
Huebner2017,ATCNet,FM-Full_A-Eucl_AdaBN-F,11,0.8497326522,0.9397323384
Huebner2017,ATCNet,FM-Full_A-Eucl_AdaBN-F,13,0.9663204523,0.9967045967
Huebner2017,ATCNet,FM-Full_A-Eucl_AdaBN-T,1,0.9726534693,0.9960088779
Huebner2017,ATCNet,FM-Full_A-Eucl_AdaBN-T,2,0.9606990232,0.99405058
Huebner2017,ATCNet,FM-Full_A-Eucl_AdaBN-T,3,0.948219556,0.9901952371
Huebner2017,ATCNet,FM-Full_A-Eucl_AdaBN-T,6,0.9799888796,0.9973851942
Huebner2017,ATCNet,FM-Full_A-Eucl_AdaBN-T,9,0.9760632886,0.9978296003
Huebner2017,ATCNet,FM-Full_A-Eucl_AdaBN-T,10,0.9832134864,0.998355288
Huebner2017,ATCNet,FM-Full_A-Eucl_AdaBN-T,12,0.9617928368,0.9938199767
Huebner2017,ATCNet,FM-Full_A-Eucl_AdaBN-T,4,0.9838845717,0.9986884556
Huebner2017,ATCNet,FM-Full_A-Eucl_AdaBN-T,5,0.9252645503,0.9834943939
Huebner2017,ATCNet,FM-Full_A-Eucl_AdaBN-T,7,0.9917328042,0.9996668223
Huebner2017,ATCNet,FM-Full_A-Eucl_AdaBN-T,8,0.8972401869,0.9666907228
Huebner2017,ATCNet,FM-Full_A-Eucl_AdaBN-T,11,0.8567052994,0.9395947643
Huebner2017,ATCNet,FM-Full_A-Eucl_AdaBN-T,13,0.972158235,0.9967669855
Huebner2017,ATCNet,FM-Full_A-None_AdaBN-F,1,0.9703001875,0.9953830076
Huebner2017,ATCNet,FM-Full_A-None_AdaBN-F,2,0.9489468864,0.9898453129
Huebner2017,ATCNet,FM-Full_A-None_AdaBN-F,3,0.9446963137,0.9891307494
Huebner2017,ATCNet,FM-Full_A-None_AdaBN-F,6,0.9794369879,0.9973957295
Huebner2017,ATCNet,FM-Full_A-None_AdaBN-F,9,0.973468661,0.9971612596
Huebner2017,ATCNet,FM-Full_A-None_AdaBN-F,10,0.9823854693,0.9982107326
Huebner2017,ATCNet,FM-Full_A-None_AdaBN-F,12,0.9548102361,0.9918026565
Huebner2017,ATCNet,FM-Full_A-None_AdaBN-F,4,0.9823072587,0.9984198264
Huebner2017,ATCNet,FM-Full_A-None_AdaBN-F,5,0.9204950142,0.9798872956
Huebner2017,ATCNet,FM-Full_A-None_AdaBN-F,7,0.9914275539,0.9995063572
Huebner2017,ATCNet,FM-Full_A-None_AdaBN-F,8,0.8874846267,0.962889546
Huebner2017,ATCNet,FM-Full_A-None_AdaBN-F,11,0.8415144487,0.9276894814
Huebner2017,ATCNet,FM-Full_A-None_AdaBN-F,13,0.9702120158,0.9960010732
Huebner2017,ATCNet,FM-Full_A-Riem_AdaBN-F,1,0.9693723702,0.9959293694
Huebner2017,ATCNet,FM-Full_A-Riem_AdaBN-F,2,0.9520757021,0.992774195
Huebner2017,ATCNet,FM-Full_A-Riem_AdaBN-F,3,0.9402962742,0.9882482813
Huebner2017,ATCNet,FM-Full_A-Riem_AdaBN-F,6,0.9779247905,0.997957588
Huebner2017,ATCNet,FM-Full_A-Riem_AdaBN-F,9,0.9648580586,0.9968094748
Huebner2017,ATCNet,FM-Full_A-Riem_AdaBN-F,10,0.9785779273,0.9985662913
Huebner2017,ATCNet,FM-Full_A-Riem_AdaBN-F,12,0.9549374237,0.9931637323
Huebner2017,ATCNet,FM-Full_A-Riem_AdaBN-F,4,0.9747654156,0.9986380077
Huebner2017,ATCNet,FM-Full_A-Riem_AdaBN-F,5,0.9138303826,0.9827774494
Huebner2017,ATCNet,FM-Full_A-Riem_AdaBN-F,7,0.9887057387,0.9997254026
Huebner2017,ATCNet,FM-Full_A-Riem_AdaBN-F,8,0.891020422,0.9660650881
Huebner2017,ATCNet,FM-Full_A-Riem_AdaBN-F,11,0.8506993065,0.938915546
Huebner2017,ATCNet,FM-Full_A-Riem_AdaBN-F,13,0.9669308804,0.9964217941
Huebner2017,ATCNet,FM-Full_A-Riem_AdaBN-T,1,0.9745867109,0.9963407773
Huebner2017,ATCNet,FM-Full_A-Riem_AdaBN-T,2,0.9594398657,0.993656046
Huebner2017,ATCNet,FM-Full_A-Riem_AdaBN-T,3,0.9471639194,0.989315983
Huebner2017,ATCNet,FM-Full_A-Riem_AdaBN-T,6,0.9821846601,0.9977622298
Huebner2017,ATCNet,FM-Full_A-Riem_AdaBN-T,9,0.9781237281,0.9976867498
Huebner2017,ATCNet,FM-Full_A-Riem_AdaBN-T,10,0.9836463258,0.9986098587
Huebner2017,ATCNet,FM-Full_A-Riem_AdaBN-T,12,0.9637388075,0.9938179579
Huebner2017,ATCNet,FM-Full_A-Riem_AdaBN-T,4,0.9822438203,0.9987588773
Huebner2017,ATCNet,FM-Full_A-Riem_AdaBN-T,5,0.9270706146,0.9831409604
Huebner2017,ATCNet,FM-Full_A-Riem_AdaBN-T,7,0.9926612739,0.9997308535
Huebner2017,ATCNet,FM-Full_A-Riem_AdaBN-T,8,0.8942762803,0.9667207257
Huebner2017,ATCNet,FM-Full_A-Riem_AdaBN-T,11,0.8562217618,0.9392119371
Huebner2017,ATCNet,FM-Full_A-Riem_AdaBN-T,13,0.9725270325,0.9966708784
Huebner2017,ATCNet,FM-None_A-Eucl_AdaBN-T,1,0.9217394234,0.9821947522
Huebner2017,ATCNet,FM-None_A-Eucl_AdaBN-T,2,0.9076617827,0.9689824034
Huebner2017,ATCNet,FM-None_A-Eucl_AdaBN-T,3,0.8422419477,0.9301271859
Huebner2017,ATCNet,FM-None_A-Eucl_AdaBN-T,6,0.9420708604,0.9860450969
Huebner2017,ATCNet,FM-None_A-Eucl_AdaBN-T,9,0.9274394587,0.9820701112
Huebner2017,ATCNet,FM-None_A-Eucl_AdaBN-T,10,0.9439337694,0.9898099165
Huebner2017,ATCNet,FM-None_A-Eucl_AdaBN-T,12,0.9168447293,0.9729311587
Huebner2017,ATCNet,FM-None_A-Eucl_AdaBN-T,4,0.9131794683,0.9838367657
Huebner2017,ATCNet,FM-None_A-Eucl_AdaBN-T,5,0.8421728734,0.9290918884
Huebner2017,ATCNet,FM-None_A-Eucl_AdaBN-T,7,0.9267144892,0.9930057572
Huebner2017,ATCNet,FM-None_A-Eucl_AdaBN-T,8,0.737861071,0.8796957773
Huebner2017,ATCNet,FM-None_A-Eucl_AdaBN-T,11,0.783426359,0.8661161201
Huebner2017,ATCNet,FM-None_A-Eucl_AdaBN-T,13,0.8778732859,0.9714132535
Huebner2017,ATCNet,FM-None_A-None_AdaBN-F,1,0.9276796551,0.9862209926
Huebner2017,ATCNet,FM-None_A-None_AdaBN-F,2,0.906466219,0.9699598302
Huebner2017,ATCNet,FM-None_A-None_AdaBN-F,3,0.8058705941,0.938575173
Huebner2017,ATCNet,FM-None_A-None_AdaBN-F,6,0.9401685909,0.9886658146
Huebner2017,ATCNet,FM-None_A-None_AdaBN-F,9,0.9516814204,0.9899940181
Huebner2017,ATCNet,FM-None_A-None_AdaBN-F,10,0.9321032767,0.9876424968
Huebner2017,ATCNet,FM-None_A-None_AdaBN-F,12,0.7364672365,0.9567489389
Huebner2017,ATCNet,FM-None_A-None_AdaBN-F,4,0.8701661557,0.9883870215
Huebner2017,ATCNet,FM-None_A-None_AdaBN-F,5,0.8101088726,0.9251976085
Huebner2017,ATCNet,FM-None_A-None_AdaBN-F,7,0.931496744,0.9929145724
Huebner2017,ATCNet,FM-None_A-None_AdaBN-F,8,0.6732242878,0.8152379007
Huebner2017,ATCNet,FM-None_A-None_AdaBN-F,11,0.6286817182,0.8424514437
Huebner2017,ATCNet,FM-None_A-None_AdaBN-F,13,0.7982538054,0.9443508948
Huebner2017,ATCNet,NoPre_FM-Full_A-Eucl_AdaBN-T,1,0.9627452528,0.992826403
Huebner2017,ATCNet,NoPre_FM-Full_A-Eucl_AdaBN-T,2,0.9503841066,0.9900422519
Huebner2017,ATCNet,NoPre_FM-Full_A-Eucl_AdaBN-T,3,0.9284031231,0.9817470649
Huebner2017,ATCNet,NoPre_FM-Full_A-Eucl_AdaBN-T,6,0.9714548534,0.995238528
Huebner2017,ATCNet,NoPre_FM-Full_A-Eucl_AdaBN-T,9,0.960711742,0.994999255
Huebner2017,ATCNet,NoPre_FM-Full_A-Eucl_AdaBN-T,10,0.9735336917,0.9967892066
Huebner2017,ATCNet,NoPre_FM-Full_A-Eucl_AdaBN-T,12,0.9483872609,0.9896306249
Huebner2017,ATCNet,NoPre_FM-Full_A-Eucl_AdaBN-T,4,0.9739378883,0.9971603116
Huebner2017,ATCNet,NoPre_FM-Full_A-Eucl_AdaBN-T,5,0.9070767196,0.9726900742
Huebner2017,ATCNet,NoPre_FM-Full_A-Eucl_AdaBN-T,7,0.9855642043,0.9992505351
Huebner2017,ATCNet,NoPre_FM-Full_A-Eucl_AdaBN-T,8,0.8651364765,0.9484594948
Huebner2017,ATCNet,NoPre_FM-Full_A-Eucl_AdaBN-T,11,0.811158232,0.9064154765
Huebner2017,ATCNet,NoPre_FM-Full_A-Eucl_AdaBN-T,13,0.9606091635,0.9935368987
Huebner2017,ATCNet,NoPre_FM-Full_A-None_AdaBN-F,1,0.9552402612,0.9908319441
Huebner2017,ATCNet,NoPre_FM-Full_A-None_AdaBN-F,2,0.935248779,0.9848659173
Huebner2017,ATCNet,NoPre_FM-Full_A-None_AdaBN-F,3,0.9272320856,0.980545604
Huebner2017,ATCNet,NoPre_FM-Full_A-None_AdaBN-F,6,0.9694133888,0.9950003085
Huebner2017,ATCNet,NoPre_FM-Full_A-None_AdaBN-F,9,0.9602029915,0.9940274305
Huebner2017,ATCNet,NoPre_FM-Full_A-None_AdaBN-F,10,0.9716482453,0.9954632691
Huebner2017,ATCNet,NoPre_FM-Full_A-None_AdaBN-F,12,0.9378179691,0.9852058919
Huebner2017,ATCNet,NoPre_FM-Full_A-None_AdaBN-F,4,0.9764686632,0.9966254932
Huebner2017,ATCNet,NoPre_FM-Full_A-None_AdaBN-F,5,0.897995523,0.9633553435
Huebner2017,ATCNet,NoPre_FM-Full_A-None_AdaBN-F,7,0.9836563899,0.9987899679
Huebner2017,ATCNet,NoPre_FM-Full_A-None_AdaBN-F,8,0.8666236295,0.9457822056
Huebner2017,ATCNet,NoPre_FM-Full_A-None_AdaBN-F,11,0.7974187515,0.8897361897
Huebner2017,ATCNet,NoPre_FM-Full_A-None_AdaBN-F,13,0.9580523143,0.9925101074
Huebner2018,ATCNet,FM-Dec_A-Eucl_AdaBN-F,1,0.9220458604,0.9813988504
Huebner2018,ATCNet,FM-Dec_A-Eucl_AdaBN-F,3,0.9468063187,0.9906264581
Huebner2018,ATCNet,FM-Dec_A-Eucl_AdaBN-F,6,0.799393315,0.9365180479
Huebner2018,ATCNet,FM-Dec_A-Eucl_AdaBN-F,9,0.5853574781,0.7299753406
Huebner2018,ATCNet,FM-Dec_A-Eucl_AdaBN-F,10,0.7565590659,0.8943197006
Huebner2018,ATCNet,FM-Dec_A-Eucl_AdaBN-F,11,0.7261064248,0.8423847858
Huebner2018,ATCNet,FM-Dec_A-Eucl_AdaBN-F,2,0.9192307692,0.985293599
Huebner2018,ATCNet,FM-Dec_A-Eucl_AdaBN-F,4,0.8498626374,0.9591576999
Huebner2018,ATCNet,FM-Dec_A-Eucl_AdaBN-F,5,0.6821024438,0.8292800804
Huebner2018,ATCNet,FM-Dec_A-Eucl_AdaBN-F,7,0.83325732,0.9391422486
Huebner2018,ATCNet,FM-Dec_A-Eucl_AdaBN-F,8,0.6989583333,0.8490170123
Huebner2018,ATCNet,FM-Dec_A-Eucl_AdaBN-F,12,0.8083104396,0.9145719137
Huebner2018,ATCNet,FM-Dec_A-Eucl_AdaBN-T,1,0.9362740216,0.9848370741
Huebner2018,ATCNet,FM-Dec_A-Eucl_AdaBN-T,3,0.9549565018,0.991640148
Huebner2018,ATCNet,FM-Dec_A-Eucl_AdaBN-T,6,0.8053914835,0.9335023657
Huebner2018,ATCNet,FM-Dec_A-Eucl_AdaBN-T,9,0.6001921481,0.725142445
Huebner2018,ATCNet,FM-Dec_A-Eucl_AdaBN-T,10,0.7823145604,0.9057498392
Huebner2018,ATCNet,FM-Dec_A-Eucl_AdaBN-T,11,0.7409868138,0.8423647556
Huebner2018,ATCNet,FM-Dec_A-Eucl_AdaBN-T,2,0.9329097985,0.9857654151
Huebner2018,ATCNet,FM-Dec_A-Eucl_AdaBN-T,4,0.8750114469,0.9588994091
Huebner2018,ATCNet,FM-Dec_A-Eucl_AdaBN-T,5,0.7118912635,0.8308429213
Huebner2018,ATCNet,FM-Dec_A-Eucl_AdaBN-T,7,0.8532979659,0.9402131837
Huebner2018,ATCNet,FM-Dec_A-Eucl_AdaBN-T,8,0.7303800366,0.8476728344
Huebner2018,ATCNet,FM-Dec_A-Eucl_AdaBN-T,12,0.8218406593,0.9108190792
Huebner2018,ATCNet,FM-Dec_A-None_AdaBN-F,1,0.9439894118,0.9892367744
Huebner2018,ATCNet,FM-Dec_A-None_AdaBN-F,3,0.9639308608,0.9939461233
Huebner2018,ATCNet,FM-Dec_A-None_AdaBN-F,6,0.8085279304,0.9345421518
Huebner2018,ATCNet,FM-Dec_A-None_AdaBN-F,9,0.6101043425,0.7383667177
Huebner2018,ATCNet,FM-Dec_A-None_AdaBN-F,10,0.8349130037,0.9342670995
Huebner2018,ATCNet,FM-Dec_A-None_AdaBN-F,11,0.7465515367,0.8517596075
Huebner2018,ATCNet,FM-Dec_A-None_AdaBN-F,2,0.9559752747,0.9915685232
Huebner2018,ATCNet,FM-Dec_A-None_AdaBN-F,4,0.8836996337,0.9613201939
Huebner2018,ATCNet,FM-Dec_A-None_AdaBN-F,5,0.7465648643,0.8710311597
Huebner2018,ATCNet,FM-Dec_A-None_AdaBN-F,7,0.8247681974,0.9158740746
Huebner2018,ATCNet,FM-Dec_A-None_AdaBN-F,8,0.7214858059,0.8375469731
Huebner2018,ATCNet,FM-Dec_A-None_AdaBN-F,12,0.8099015568,0.9081589864
Huebner2018,ATCNet,FM-Dec_A-Riem_AdaBN-T,1,0.9323707256,0.9851085537
Huebner2018,ATCNet,FM-Dec_A-Riem_AdaBN-T,3,0.9566964286,0.9918768261
Huebner2018,ATCNet,FM-Dec_A-Riem_AdaBN-T,6,0.8135187729,0.946363733
Huebner2018,ATCNet,FM-Dec_A-Riem_AdaBN-T,9,0.6028595578,0.748926211
Huebner2018,ATCNet,FM-Dec_A-Riem_AdaBN-T,10,0.8001488095,0.9216391533
Huebner2018,ATCNet,FM-Dec_A-Riem_AdaBN-T,11,0.749724534,0.8550485514
Huebner2018,ATCNet,FM-Dec_A-Riem_AdaBN-T,2,0.9418040293,0.9868854248
Huebner2018,ATCNet,FM-Dec_A-Riem_AdaBN-T,4,0.8816163004,0.9623628418
Huebner2018,ATCNet,FM-Dec_A-Riem_AdaBN-T,5,0.7297838294,0.8496120917
Huebner2018,ATCNet,FM-Dec_A-Riem_AdaBN-T,7,0.8616996785,0.9472177009
Huebner2018,ATCNet,FM-Dec_A-Riem_AdaBN-T,8,0.7418612637,0.8638211342
Huebner2018,ATCNet,FM-Dec_A-Riem_AdaBN-T,12,0.8250114469,0.9147817597
Huebner2018,ATCNet,FM-Full_A-Eucl_AdaBN-F,1,0.9651554302,0.9936229552
Huebner2018,ATCNet,FM-Full_A-Eucl_AdaBN-F,3,0.977827381,0.9968137046
Huebner2018,ATCNet,FM-Full_A-Eucl_AdaBN-F,6,0.9791208791,0.9978580423
Huebner2018,ATCNet,FM-Full_A-Eucl_AdaBN-F,9,0.943886612,0.9876314196
Huebner2018,ATCNet,FM-Full_A-Eucl_AdaBN-F,10,0.9191163004,0.9777856543
Huebner2018,ATCNet,FM-Full_A-Eucl_AdaBN-F,11,0.9160651644,0.9733301192
Huebner2018,ATCNet,FM-Full_A-Eucl_AdaBN-F,2,0.977220696,0.9971439337
Huebner2018,ATCNet,FM-Full_A-Eucl_AdaBN-F,4,0.9485347985,0.9886529468
Huebner2018,ATCNet,FM-Full_A-Eucl_AdaBN-F,5,0.9128804092,0.9779494528
Huebner2018,ATCNet,FM-Full_A-Eucl_AdaBN-F,7,0.935446494,0.9849991521
Huebner2018,ATCNet,FM-Full_A-Eucl_AdaBN-F,8,0.9157165751,0.9739628848
Huebner2018,ATCNet,FM-Full_A-Eucl_AdaBN-F,12,0.9212454212,0.9776844857
Huebner2018,ATCNet,FM-Full_A-Eucl_AdaBN-T,1,0.9735916723,0.9950579538
Huebner2018,ATCNet,FM-Full_A-Eucl_AdaBN-T,3,0.9806318681,0.996979412
Huebner2018,ATCNet,FM-Full_A-Eucl_AdaBN-T,6,0.980540293,0.9978955581
Huebner2018,ATCNet,FM-Full_A-Eucl_AdaBN-T,9,0.9471946154,0.9871923231
Huebner2018,ATCNet,FM-Full_A-Eucl_AdaBN-T,10,0.9243704212,0.9786166983
Huebner2018,ATCNet,FM-Full_A-Eucl_AdaBN-T,11,0.9209178342,0.9741829331
Huebner2018,ATCNet,FM-Full_A-Eucl_AdaBN-T,2,0.9811355311,0.9973774229
Huebner2018,ATCNet,FM-Full_A-Eucl_AdaBN-T,4,0.954635989,0.9895054536
Huebner2018,ATCNet,FM-Full_A-Eucl_AdaBN-T,5,0.9170922341,0.9783213811
Huebner2018,ATCNet,FM-Full_A-Eucl_AdaBN-T,7,0.938674063,0.9851171664
Huebner2018,ATCNet,FM-Full_A-Eucl_AdaBN-T,8,0.9166895604,0.9745459265
Huebner2018,ATCNet,FM-Full_A-Eucl_AdaBN-T,12,0.9263392857,0.9780451307
Huebner2018,ATCNet,FM-Full_A-None_AdaBN-F,1,0.9712792713,0.9954359946
Huebner2018,ATCNet,FM-Full_A-None_AdaBN-F,3,0.9780906593,0.9969474288
Huebner2018,ATCNet,FM-Full_A-None_AdaBN-F,6,0.9768543956,0.997461394
Huebner2018,ATCNet,FM-Full_A-None_AdaBN-F,9,0.9356444806,0.9842239145
Huebner2018,ATCNet,FM-Full_A-None_AdaBN-F,10,0.9228708791,0.9789007855
Huebner2018,ATCNet,FM-Full_A-None_AdaBN-F,11,0.8994054608,0.9660642914
Huebner2018,ATCNet,FM-Full_A-None_AdaBN-F,2,0.9806776557,0.9973948522
Huebner2018,ATCNet,FM-Full_A-None_AdaBN-F,4,0.9497138278,0.9887040489
Huebner2018,ATCNet,FM-Full_A-None_AdaBN-F,5,0.913028237,0.9746984132
Huebner2018,ATCNet,FM-Full_A-None_AdaBN-F,7,0.9289087447,0.9808714872
Huebner2018,ATCNet,FM-Full_A-None_AdaBN-F,8,0.9148809524,0.9736553315
Huebner2018,ATCNet,FM-Full_A-None_AdaBN-F,12,0.92066163,0.9755231363
Huebner2018,ATCNet,FM-Full_A-Riem_AdaBN-F,1,0.9658994234,0.9943067512
Huebner2018,ATCNet,FM-Full_A-Riem_AdaBN-F,3,0.9775412088,0.9962085732
Huebner2018,ATCNet,FM-Full_A-Riem_AdaBN-F,6,0.9788003663,0.9980512221
Huebner2018,ATCNet,FM-Full_A-Riem_AdaBN-F,9,0.9404983504,0.9867297312
Huebner2018,ATCNet,FM-Full_A-Riem_AdaBN-F,10,0.9204555861,0.980276197
Huebner2018,ATCNet,FM-Full_A-Riem_AdaBN-F,11,0.9164906502,0.9736486768
Huebner2018,ATCNet,FM-Full_A-Riem_AdaBN-F,2,0.9774038462,0.9972058832
Huebner2018,ATCNet,FM-Full_A-Riem_AdaBN-F,4,0.9484546703,0.9891810434
Huebner2018,ATCNet,FM-Full_A-Riem_AdaBN-F,5,0.9137966635,0.978250276
Huebner2018,ATCNet,FM-Full_A-Riem_AdaBN-F,7,0.932481482,0.9843198303
Huebner2018,ATCNet,FM-Full_A-Riem_AdaBN-F,8,0.9153731685,0.9752729537
Huebner2018,ATCNet,FM-Full_A-Riem_AdaBN-F,12,0.9226304945,0.9772437533
Huebner2018,ATCNet,FM-Full_A-Riem_AdaBN-T,1,0.972859059,0.995119064
Huebner2018,ATCNet,FM-Full_A-Riem_AdaBN-T,3,0.9798076923,0.996463866
Huebner2018,ATCNet,FM-Full_A-Riem_AdaBN-T,6,0.9812271062,0.9979413592
Huebner2018,ATCNet,FM-Full_A-Riem_AdaBN-T,9,0.9441382758,0.9864717574
Huebner2018,ATCNet,FM-Full_A-Riem_AdaBN-T,10,0.9280677656,0.9808630816
Huebner2018,ATCNet,FM-Full_A-Riem_AdaBN-T,11,0.921067311,0.9739617079
Huebner2018,ATCNet,FM-Full_A-Riem_AdaBN-T,2,0.9801282051,0.9973473885
Huebner2018,ATCNet,FM-Full_A-Riem_AdaBN-T,4,0.9550251832,0.9900331142
Huebner2018,ATCNet,FM-Full_A-Riem_AdaBN-T,5,0.920400485,0.979165685
Huebner2018,ATCNet,FM-Full_A-Riem_AdaBN-T,7,0.935571638,0.9843858104
Huebner2018,ATCNet,FM-Full_A-Riem_AdaBN-T,8,0.9160828755,0.9756900837
Huebner2018,ATCNet,FM-Full_A-Riem_AdaBN-T,12,0.9270032051,0.9777948936
Huebner2018,ATCNet,FM-None_A-Eucl_AdaBN-T,1,0.9304476906,0.984163036
Huebner2018,ATCNet,FM-None_A-Eucl_AdaBN-T,3,0.9553571429,0.9913099871
Huebner2018,ATCNet,FM-None_A-Eucl_AdaBN-T,6,0.7660828755,0.9349961571
Huebner2018,ATCNet,FM-None_A-Eucl_AdaBN-T,9,0.5725375356,0.7457413683
Huebner2018,ATCNet,FM-None_A-Eucl_AdaBN-T,10,0.7624656593,0.9055600389
Huebner2018,ATCNet,FM-None_A-Eucl_AdaBN-T,11,0.7199778747,0.8395338654
Huebner2018,ATCNet,FM-None_A-Eucl_AdaBN-T,2,0.9309180403,0.9853191228
Huebner2018,ATCNet,FM-None_A-Eucl_AdaBN-T,4,0.8639423077,0.9607788244
Huebner2018,ATCNet,FM-None_A-Eucl_AdaBN-T,5,0.690288931,0.8377496793
Huebner2018,ATCNet,FM-None_A-Eucl_AdaBN-T,7,0.8484348008,0.9422072531
Huebner2018,ATCNet,FM-None_A-Eucl_AdaBN-T,8,0.6921016484,0.8461441027
Huebner2018,ATCNet,FM-None_A-Eucl_AdaBN-T,12,0.8093406593,0.9085167288
Huebner2018,ATCNet,FM-None_A-None_AdaBN-F,1,0.9182801032,0.9873992582
Huebner2018,ATCNet,FM-None_A-None_AdaBN-F,3,0.9660828755,0.9944211419
Huebner2018,ATCNet,FM-None_A-None_AdaBN-F,6,0.6906936813,0.9115588888
Huebner2018,ATCNet,FM-None_A-None_AdaBN-F,9,0.5661847904,0.7325778242
Huebner2018,ATCNet,FM-None_A-None_AdaBN-F,10,0.8518658425,0.9423808842
Huebner2018,ATCNet,FM-None_A-None_AdaBN-F,11,0.7031915427,0.8208942435
Huebner2018,ATCNet,FM-None_A-None_AdaBN-F,2,0.9531822344,0.9917265993
Huebner2018,ATCNet,FM-None_A-None_AdaBN-F,4,0.8044642857,0.9595287426
Huebner2018,ATCNet,FM-None_A-None_AdaBN-F,5,0.6530463003,0.8536371889
Huebner2018,ATCNet,FM-None_A-None_AdaBN-F,7,0.7269983227,0.9113263596
Huebner2018,ATCNet,FM-None_A-None_AdaBN-F,8,0.5793154762,0.7739650243
Huebner2018,ATCNet,FM-None_A-None_AdaBN-F,12,0.8036401099,0.893602267
Huebner2018,ATCNet,NoPre_FM-Full_A-Eucl_AdaBN-T,1,0.9596949425,0.992172938
Huebner2018,ATCNet,NoPre_FM-Full_A-Eucl_AdaBN-T,3,0.9674908425,0.9938990821
Huebner2018,ATCNet,NoPre_FM-Full_A-Eucl_AdaBN-T,6,0.972275641,0.9961566125
Huebner2018,ATCNet,NoPre_FM-Full_A-Eucl_AdaBN-T,9,0.9364914369,0.9829444034
Huebner2018,ATCNet,NoPre_FM-Full_A-Eucl_AdaBN-T,10,0.9033539377,0.9697799472
Huebner2018,ATCNet,NoPre_FM-Full_A-Eucl_AdaBN-T,11,0.9085462034,0.9670777864
Huebner2018,ATCNet,NoPre_FM-Full_A-Eucl_AdaBN-T,2,0.9706043956,0.9951956736
Huebner2018,ATCNet,NoPre_FM-Full_A-Eucl_AdaBN-T,4,0.9354395604,0.984144318
Huebner2018,ATCNet,NoPre_FM-Full_A-Eucl_AdaBN-T,5,0.9043729057,0.9723386492
Huebner2018,ATCNet,NoPre_FM-Full_A-Eucl_AdaBN-T,7,0.9203115457,0.9779507663
Huebner2018,ATCNet,NoPre_FM-Full_A-Eucl_AdaBN-T,8,0.9004349817,0.9657766712
Huebner2018,ATCNet,NoPre_FM-Full_A-Eucl_AdaBN-T,12,0.8979967949,0.965682943
Huebner2018,ATCNet,NoPre_FM-Full_A-None_AdaBN-F,1,0.9581149912,0.991592882
Huebner2018,ATCNet,NoPre_FM-Full_A-None_AdaBN-F,3,0.963003663,0.9933650576
Huebner2018,ATCNet,NoPre_FM-Full_A-None_AdaBN-F,6,0.967845696,0.9950573026
Huebner2018,ATCNet,NoPre_FM-Full_A-None_AdaBN-F,9,0.9279287633,0.9776645613
Huebner2018,ATCNet,NoPre_FM-Full_A-None_AdaBN-F,10,0.9059867216,0.9675810957
Huebner2018,ATCNet,NoPre_FM-Full_A-None_AdaBN-F,11,0.8827571815,0.9544234928
Huebner2018,ATCNet,NoPre_FM-Full_A-None_AdaBN-F,2,0.9711996337,0.9942503243
Huebner2018,ATCNet,NoPre_FM-Full_A-None_AdaBN-F,4,0.9318910256,0.9811059873
Huebner2018,ATCNet,NoPre_FM-Full_A-None_AdaBN-F,5,0.9036265674,0.9677591227
Huebner2018,ATCNet,NoPre_FM-Full_A-None_AdaBN-F,7,0.9064475039,0.9711222959
Huebner2018,ATCNet,NoPre_FM-Full_A-None_AdaBN-F,8,0.9015453297,0.9626686235
Huebner2018,ATCNet,NoPre_FM-Full_A-None_AdaBN-F,12,0.8959935897,0.9609977052
Kalunga2016,ATCNet,FM-Dec_A-Eucl_AdaBN-F,1,0.390625,0.673828125
Kalunga2016,ATCNet,FM-Dec_A-Eucl_AdaBN-F,3,0.90625,0.9697265625
Kalunga2016,ATCNet,FM-Dec_A-Eucl_AdaBN-F,6,0.46875,0.7340494792
Kalunga2016,ATCNet,FM-Dec_A-Eucl_AdaBN-F,9,0.53125,0.7503255208
Kalunga2016,ATCNet,FM-Dec_A-Eucl_AdaBN-F,10,0.5078125,0.7539876302
Kalunga2016,ATCNet,FM-Dec_A-Eucl_AdaBN-F,11,0.421875,0.732421875
Kalunga2016,ATCNet,FM-Dec_A-Eucl_AdaBN-F,2,0.53125,0.7473958333
Kalunga2016,ATCNet,FM-Dec_A-Eucl_AdaBN-F,4,0.453125,0.7451171875
Kalunga2016,ATCNet,FM-Dec_A-Eucl_AdaBN-F,5,0.25,0.6438802083
Kalunga2016,ATCNet,FM-Dec_A-Eucl_AdaBN-F,7,0.6666666667,0.8975694444
Kalunga2016,ATCNet,FM-Dec_A-Eucl_AdaBN-F,8,0.4375,0.6988932292
Kalunga2016,ATCNet,FM-Dec_A-Eucl_AdaBN-F,12,0.58125,0.7946354167
Kalunga2016,ATCNet,FM-Dec_A-Eucl_AdaBN-T,1,0.4375,0.6555989583
Kalunga2016,ATCNet,FM-Dec_A-Eucl_AdaBN-T,3,0.84375,0.9521484375
Kalunga2016,ATCNet,FM-Dec_A-Eucl_AdaBN-T,6,0.453125,0.7408854167
Kalunga2016,ATCNet,FM-Dec_A-Eucl_AdaBN-T,9,0.5625,0.7854817708
Kalunga2016,ATCNet,FM-Dec_A-Eucl_AdaBN-T,10,0.5078125,0.7513020833
Kalunga2016,ATCNet,FM-Dec_A-Eucl_AdaBN-T,11,0.484375,0.7366536458
Kalunga2016,ATCNet,FM-Dec_A-Eucl_AdaBN-T,2,0.515625,0.7415364583
Kalunga2016,ATCNet,FM-Dec_A-Eucl_AdaBN-T,4,0.453125,0.740234375
Kalunga2016,ATCNet,FM-Dec_A-Eucl_AdaBN-T,5,0.3125,0.6539713542
Kalunga2016,ATCNet,FM-Dec_A-Eucl_AdaBN-T,7,0.6145833333,0.8725405093
Kalunga2016,ATCNet,FM-Dec_A-Eucl_AdaBN-T,8,0.390625,0.6832682292
Kalunga2016,ATCNet,FM-Dec_A-Eucl_AdaBN-T,12,0.51875,0.7740104167
Kalunga2016,ATCNet,FM-Dec_A-None_AdaBN-F,1,0.328125,0.6429036458
Kalunga2016,ATCNet,FM-Dec_A-None_AdaBN-F,3,0.90625,0.9716796875
Kalunga2016,ATCNet,FM-Dec_A-None_AdaBN-F,6,0.4375,0.72265625
Kalunga2016,ATCNet,FM-Dec_A-None_AdaBN-F,9,0.4375,0.7259114583
Kalunga2016,ATCNet,FM-Dec_A-None_AdaBN-F,10,0.546875,0.7649739583
Kalunga2016,ATCNet,FM-Dec_A-None_AdaBN-F,11,0.4375,0.7177734375
Kalunga2016,ATCNet,FM-Dec_A-None_AdaBN-F,2,0.359375,0.6637369792
Kalunga2016,ATCNet,FM-Dec_A-None_AdaBN-F,4,0.46875,0.7975260417
Kalunga2016,ATCNet,FM-Dec_A-None_AdaBN-F,5,0.40625,0.6826171875
Kalunga2016,ATCNet,FM-Dec_A-None_AdaBN-F,7,0.6354166667,0.8800636574
Kalunga2016,ATCNet,FM-Dec_A-None_AdaBN-F,8,0.484375,0.7330729167
Kalunga2016,ATCNet,FM-Dec_A-None_AdaBN-F,12,0.45625,0.7311979167
Kalunga2016,ATCNet,FM-Dec_A-Riem_AdaBN-T,1,0.46875,0.6559244792
Kalunga2016,ATCNet,FM-Dec_A-Riem_AdaBN-T,3,0.859375,0.9537760417
Kalunga2016,ATCNet,FM-Dec_A-Riem_AdaBN-T,6,0.484375,0.7467447917
Kalunga2016,ATCNet,FM-Dec_A-Riem_AdaBN-T,9,0.578125,0.7903645833
Kalunga2016,ATCNet,FM-Dec_A-Riem_AdaBN-T,10,0.4765625,0.7462565104
Kalunga2016,ATCNet,FM-Dec_A-Riem_AdaBN-T,11,0.484375,0.7298177083
Kalunga2016,ATCNet,FM-Dec_A-Riem_AdaBN-T,2,0.34375,0.6858723958
Kalunga2016,ATCNet,FM-Dec_A-Riem_AdaBN-T,4,0.40625,0.7138671875
Kalunga2016,ATCNet,FM-Dec_A-Riem_AdaBN-T,5,0.359375,0.658203125
Kalunga2016,ATCNet,FM-Dec_A-Riem_AdaBN-T,7,0.6145833333,0.8499710648
Kalunga2016,ATCNet,FM-Dec_A-Riem_AdaBN-T,8,0.359375,0.6396484375
Kalunga2016,ATCNet,FM-Dec_A-Riem_AdaBN-T,12,0.45,0.7358854167
Kalunga2016,ATCNet,FM-Full_A-Eucl_AdaBN-F,1,0.421875,0.6891276042
Kalunga2016,ATCNet,FM-Full_A-Eucl_AdaBN-F,3,0.90625,0.9739583333
Kalunga2016,ATCNet,FM-Full_A-Eucl_AdaBN-F,6,0.5,0.7470703125
Kalunga2016,ATCNet,FM-Full_A-Eucl_AdaBN-F,9,0.578125,0.7584635417
Kalunga2016,ATCNet,FM-Full_A-Eucl_AdaBN-F,10,0.5859375,0.8057454427
Kalunga2016,ATCNet,FM-Full_A-Eucl_AdaBN-F,11,0.5,0.7210286458
Kalunga2016,ATCNet,FM-Full_A-Eucl_AdaBN-F,2,0.515625,0.80859375
Kalunga2016,ATCNet,FM-Full_A-Eucl_AdaBN-F,4,0.5,0.7734375
Kalunga2016,ATCNet,FM-Full_A-Eucl_AdaBN-F,5,0.28125,0.6461588542
Kalunga2016,ATCNet,FM-Full_A-Eucl_AdaBN-F,7,0.7604166667,0.9252025463
Kalunga2016,ATCNet,FM-Full_A-Eucl_AdaBN-F,8,0.453125,0.7057291667
Kalunga2016,ATCNet,FM-Full_A-Eucl_AdaBN-F,12,0.59375,0.86890625
Kalunga2016,ATCNet,FM-Full_A-Eucl_AdaBN-T,1,0.46875,0.6774088542
Kalunga2016,ATCNet,FM-Full_A-Eucl_AdaBN-T,3,0.84375,0.9462890625
Kalunga2016,ATCNet,FM-Full_A-Eucl_AdaBN-T,6,0.5,0.7591145833
Kalunga2016,ATCNet,FM-Full_A-Eucl_AdaBN-T,9,0.578125,0.8069661458
Kalunga2016,ATCNet,FM-Full_A-Eucl_AdaBN-T,10,0.5859375,0.8169759115
Kalunga2016,ATCNet,FM-Full_A-Eucl_AdaBN-T,11,0.5,0.7294921875
Kalunga2016,ATCNet,FM-Full_A-Eucl_AdaBN-T,2,0.5625,0.7945963542
Kalunga2016,ATCNet,FM-Full_A-Eucl_AdaBN-T,4,0.53125,0.7825520833
Kalunga2016,ATCNet,FM-Full_A-Eucl_AdaBN-T,5,0.34375,0.6682942708
Kalunga2016,ATCNet,FM-Full_A-Eucl_AdaBN-T,7,0.6666666667,0.8923611111
Kalunga2016,ATCNet,FM-Full_A-Eucl_AdaBN-T,8,0.390625,0.6878255208
Kalunga2016,ATCNet,FM-Full_A-Eucl_AdaBN-T,12,0.6125,0.8579166667
Kalunga2016,ATCNet,FM-Full_A-None_AdaBN-F,1,0.34375,0.626953125
Kalunga2016,ATCNet,FM-Full_A-None_AdaBN-F,3,0.90625,0.9765625
Kalunga2016,ATCNet,FM-Full_A-None_AdaBN-F,6,0.484375,0.7373046875
Kalunga2016,ATCNet,FM-Full_A-None_AdaBN-F,9,0.484375,0.7431640625
Kalunga2016,ATCNet,FM-Full_A-None_AdaBN-F,10,0.625,0.8416341146
Kalunga2016,ATCNet,FM-Full_A-None_AdaBN-F,11,0.46875,0.7024739583
Kalunga2016,ATCNet,FM-Full_A-None_AdaBN-F,2,0.484375,0.7425130208
Kalunga2016,ATCNet,FM-Full_A-None_AdaBN-F,4,0.515625,0.8037109375
Kalunga2016,ATCNet,FM-Full_A-None_AdaBN-F,5,0.453125,0.6904296875
Kalunga2016,ATCNet,FM-Full_A-None_AdaBN-F,7,0.6875,0.8859953704
Kalunga2016,ATCNet,FM-Full_A-None_AdaBN-F,8,0.484375,0.7626953125
Kalunga2016,ATCNet,FM-Full_A-None_AdaBN-F,12,0.6625,0.87890625
Kalunga2016,ATCNet,FM-Full_A-Riem_AdaBN-F,1,0.40625,0.6917317708
Kalunga2016,ATCNet,FM-Full_A-Riem_AdaBN-F,3,0.890625,0.9729817708
Kalunga2016,ATCNet,FM-Full_A-Riem_AdaBN-F,6,0.515625,0.7587890625
Kalunga2016,ATCNet,FM-Full_A-Riem_AdaBN-F,9,0.5,0.76953125
Kalunga2016,ATCNet,FM-Full_A-Riem_AdaBN-F,10,0.5546875,0.8025716146
Kalunga2016,ATCNet,FM-Full_A-Riem_AdaBN-F,11,0.421875,0.7014973958
Kalunga2016,ATCNet,FM-Full_A-Riem_AdaBN-F,2,0.5625,0.8180338542
Kalunga2016,ATCNet,FM-Full_A-Riem_AdaBN-F,4,0.484375,0.787109375
Kalunga2016,ATCNet,FM-Full_A-Riem_AdaBN-F,5,0.390625,0.7220052083
Kalunga2016,ATCNet,FM-Full_A-Riem_AdaBN-F,7,0.65625,0.9249131944
Kalunga2016,ATCNet,FM-Full_A-Riem_AdaBN-F,8,0.46875,0.7330729167
Kalunga2016,ATCNet,FM-Full_A-Riem_AdaBN-F,12,0.61875,0.8645833333
Kalunga2016,ATCNet,FM-Full_A-Riem_AdaBN-T,1,0.46875,0.6796875
Kalunga2016,ATCNet,FM-Full_A-Riem_AdaBN-T,3,0.859375,0.9482421875
Kalunga2016,ATCNet,FM-Full_A-Riem_AdaBN-T,6,0.515625,0.7587890625
Kalunga2016,ATCNet,FM-Full_A-Riem_AdaBN-T,9,0.59375,0.8059895833
Kalunga2016,ATCNet,FM-Full_A-Riem_AdaBN-T,10,0.5703125,0.8128255208
Kalunga2016,ATCNet,FM-Full_A-Riem_AdaBN-T,11,0.46875,0.7223307292
Kalunga2016,ATCNet,FM-Full_A-Riem_AdaBN-T,2,0.453125,0.7506510417
Kalunga2016,ATCNet,FM-Full_A-Riem_AdaBN-T,4,0.5,0.7626953125
Kalunga2016,ATCNet,FM-Full_A-Riem_AdaBN-T,5,0.40625,0.6793619792
Kalunga2016,ATCNet,FM-Full_A-Riem_AdaBN-T,7,0.6458333333,0.8721064815
Kalunga2016,ATCNet,FM-Full_A-Riem_AdaBN-T,8,0.375,0.6396484375
Kalunga2016,ATCNet,FM-Full_A-Riem_AdaBN-T,12,0.6,0.8515625
Kalunga2016,ATCNet,FM-None_A-Eucl_AdaBN-T,1,0.4375,0.6555989583
Kalunga2016,ATCNet,FM-None_A-Eucl_AdaBN-T,3,0.84375,0.9527994792
Kalunga2016,ATCNet,FM-None_A-Eucl_AdaBN-T,6,0.453125,0.740234375
Kalunga2016,ATCNet,FM-None_A-Eucl_AdaBN-T,9,0.578125,0.787109375
Kalunga2016,ATCNet,FM-None_A-Eucl_AdaBN-T,10,0.5078125,0.7529296875
Kalunga2016,ATCNet,FM-None_A-Eucl_AdaBN-T,11,0.5,0.7386067708
Kalunga2016,ATCNet,FM-None_A-Eucl_AdaBN-T,2,0.25,0.5579427083
Kalunga2016,ATCNet,FM-None_A-Eucl_AdaBN-T,4,0.28125,0.6002604167
Kalunga2016,ATCNet,FM-None_A-Eucl_AdaBN-T,5,0.25,0.5475260417
Kalunga2016,ATCNet,FM-None_A-Eucl_AdaBN-T,7,0.5104166667,0.7706886574
Kalunga2016,ATCNet,FM-None_A-Eucl_AdaBN-T,8,0.265625,0.5582682292
Kalunga2016,ATCNet,FM-None_A-Eucl_AdaBN-T,12,0.41875,0.6989583333
Kalunga2016,ATCNet,FM-None_A-None_AdaBN-F,1,0.359375,0.6357421875
Kalunga2016,ATCNet,FM-None_A-None_AdaBN-F,3,0.875,0.9645182292
Kalunga2016,ATCNet,FM-None_A-None_AdaBN-F,6,0.46875,0.7259114583
Kalunga2016,ATCNet,FM-None_A-None_AdaBN-F,9,0.453125,0.7268880208
Kalunga2016,ATCNet,FM-None_A-None_AdaBN-F,10,0.484375,0.7487792969
Kalunga2016,ATCNet,FM-None_A-None_AdaBN-F,11,0.484375,0.7115885417
Kalunga2016,ATCNet,FM-None_A-None_AdaBN-F,2,0.40625,0.7493489583
Kalunga2016,ATCNet,FM-None_A-None_AdaBN-F,4,0.5625,0.7822265625
Kalunga2016,ATCNet,FM-None_A-None_AdaBN-F,5,0.3125,0.6005859375
Kalunga2016,ATCNet,FM-None_A-None_AdaBN-F,7,0.6458333333,0.8776041667
Kalunga2016,ATCNet,FM-None_A-None_AdaBN-F,8,0.578125,0.7796223958
Kalunga2016,ATCNet,FM-None_A-None_AdaBN-F,12,0.525,0.8388020833
Kalunga2016,ATCNet,NoPre_FM-Full_A-Eucl_AdaBN-T,1,0.171875,0.431640625
Kalunga2016,ATCNet,NoPre_FM-Full_A-Eucl_AdaBN-T,3,0.296875,0.5084635417
Kalunga2016,ATCNet,NoPre_FM-Full_A-Eucl_AdaBN-T,6,0.203125,0.4794921875
Kalunga2016,ATCNet,NoPre_FM-Full_A-Eucl_AdaBN-T,9,0.296875,0.4892578125
Kalunga2016,ATCNet,NoPre_FM-Full_A-Eucl_AdaBN-T,10,0.3046875,0.6144205729
Kalunga2016,ATCNet,NoPre_FM-Full_A-Eucl_AdaBN-T,11,0.234375,0.4807942708
Kalunga2016,ATCNet,NoPre_FM-Full_A-Eucl_AdaBN-T,2,0.421875,0.5680338542
Kalunga2016,ATCNet,NoPre_FM-Full_A-Eucl_AdaBN-T,4,0.296875,0.5706380208
Kalunga2016,ATCNet,NoPre_FM-Full_A-Eucl_AdaBN-T,5,0.203125,0.474609375
Kalunga2016,ATCNet,NoPre_FM-Full_A-Eucl_AdaBN-T,7,0.2708333333,0.4971064815
Kalunga2016,ATCNet,NoPre_FM-Full_A-Eucl_AdaBN-T,8,0.21875,0.4892578125
Kalunga2016,ATCNet,NoPre_FM-Full_A-Eucl_AdaBN-T,12,0.44375,0.7153645833
Kalunga2016,ATCNet,NoPre_FM-Full_A-None_AdaBN-F,1,0.21875,0.4886067708
Kalunga2016,ATCNet,NoPre_FM-Full_A-None_AdaBN-F,3,0.21875,0.4568684896
Kalunga2016,ATCNet,NoPre_FM-Full_A-None_AdaBN-F,6,0.171875,0.4567057292
Kalunga2016,ATCNet,NoPre_FM-Full_A-None_AdaBN-F,9,0.21875,0.4957682292
Kalunga2016,ATCNet,NoPre_FM-Full_A-None_AdaBN-F,10,0.25,0.5441080729
Kalunga2016,ATCNet,NoPre_FM-Full_A-None_AdaBN-F,11,0.25,0.5377604167
Kalunga2016,ATCNet,NoPre_FM-Full_A-None_AdaBN-F,2,0.078125,0.3697916667
Kalunga2016,ATCNet,NoPre_FM-Full_A-None_AdaBN-F,4,0.25,0.5390625
Kalunga2016,ATCNet,NoPre_FM-Full_A-None_AdaBN-F,5,0.328125,0.5891927083
Kalunga2016,ATCNet,NoPre_FM-Full_A-None_AdaBN-F,7,0.1770833333,0.4971064815
Kalunga2016,ATCNet,NoPre_FM-Full_A-None_AdaBN-F,8,0.25,0.548828125
Kalunga2016,ATCNet,NoPre_FM-Full_A-None_AdaBN-F,12,0.325,0.61359375
Lee2019_MI,ATCNet,FM-Dec_A-Eucl_AdaBN-F,4,0.675,0.6938
Lee2019_MI,ATCNet,FM-Dec_A-Eucl_AdaBN-F,5,0.845,0.9372
Lee2019_MI,ATCNet,FM-Dec_A-Eucl_AdaBN-F,6,0.745,0.804
Lee2019_MI,ATCNet,FM-Dec_A-Eucl_AdaBN-F,7,0.79,0.846
Lee2019_MI,ATCNet,FM-Dec_A-Eucl_AdaBN-F,9,0.82,0.9174
Lee2019_MI,ATCNet,FM-Dec_A-Eucl_AdaBN-F,10,0.66,0.7125
Lee2019_MI,ATCNet,FM-Dec_A-Eucl_AdaBN-F,13,0.665,0.7307
Lee2019_MI,ATCNet,FM-Dec_A-Eucl_AdaBN-F,14,0.7,0.7785
Lee2019_MI,ATCNet,FM-Dec_A-Eucl_AdaBN-F,16,0.705,0.8041
Lee2019_MI,ATCNet,FM-Dec_A-Eucl_AdaBN-F,17,0.685,0.8348
Lee2019_MI,ATCNet,FM-Dec_A-Eucl_AdaBN-F,18,0.86,0.9399
Lee2019_MI,ATCNet,FM-Dec_A-Eucl_AdaBN-F,20,0.77,0.8421
Lee2019_MI,ATCNet,FM-Dec_A-Eucl_AdaBN-F,25,0.745,0.8818
Lee2019_MI,ATCNet,FM-Dec_A-Eucl_AdaBN-F,26,0.76,0.8309
Lee2019_MI,ATCNet,FM-Dec_A-Eucl_AdaBN-F,27,0.615,0.6692
Lee2019_MI,ATCNet,FM-Dec_A-Eucl_AdaBN-F,31,0.77,0.8711
Lee2019_MI,ATCNet,FM-Dec_A-Eucl_AdaBN-F,33,0.95,0.9964
Lee2019_MI,ATCNet,FM-Dec_A-Eucl_AdaBN-F,34,0.485,0.5072
Lee2019_MI,ATCNet,FM-Dec_A-Eucl_AdaBN-F,35,0.6,0.6324
Lee2019_MI,ATCNet,FM-Dec_A-Eucl_AdaBN-F,37,0.95,0.9936
Lee2019_MI,ATCNet,FM-Dec_A-Eucl_AdaBN-F,38,0.635,0.716
Lee2019_MI,ATCNet,FM-Dec_A-Eucl_AdaBN-F,45,0.875,0.9457
Lee2019_MI,ATCNet,FM-Dec_A-Eucl_AdaBN-F,46,0.735,0.8228
Lee2019_MI,ATCNet,FM-Dec_A-Eucl_AdaBN-F,49,0.715,0.801
Lee2019_MI,ATCNet,FM-Dec_A-Eucl_AdaBN-F,50,0.63,0.7222
Lee2019_MI,ATCNet,FM-Dec_A-Eucl_AdaBN-F,51,0.645,0.7061
Lee2019_MI,ATCNet,FM-Dec_A-Eucl_AdaBN-F,53,0.63,0.67965
Lee2019_MI,ATCNet,FM-Dec_A-Eucl_AdaBN-F,1,0.8,0.8749
Lee2019_MI,ATCNet,FM-Dec_A-Eucl_AdaBN-F,2,0.665,0.7211
Lee2019_MI,ATCNet,FM-Dec_A-Eucl_AdaBN-F,3,0.925,0.9844
Lee2019_MI,ATCNet,FM-Dec_A-Eucl_AdaBN-F,8,0.77,0.8479
Lee2019_MI,ATCNet,FM-Dec_A-Eucl_AdaBN-F,11,0.535,0.5787
Lee2019_MI,ATCNet,FM-Dec_A-Eucl_AdaBN-F,12,0.635,0.7339
Lee2019_MI,ATCNet,FM-Dec_A-Eucl_AdaBN-F,15,0.675,0.7662
Lee2019_MI,ATCNet,FM-Dec_A-Eucl_AdaBN-F,19,0.74,0.8463
Lee2019_MI,ATCNet,FM-Dec_A-Eucl_AdaBN-F,21,0.945,0.9878
Lee2019_MI,ATCNet,FM-Dec_A-Eucl_AdaBN-F,22,0.78,0.891
Lee2019_MI,ATCNet,FM-Dec_A-Eucl_AdaBN-F,23,0.845,0.8919
Lee2019_MI,ATCNet,FM-Dec_A-Eucl_AdaBN-F,24,0.62,0.6467
Lee2019_MI,ATCNet,FM-Dec_A-Eucl_AdaBN-F,28,0.945,0.9854
Lee2019_MI,ATCNet,FM-Dec_A-Eucl_AdaBN-F,29,0.765,0.8129
Lee2019_MI,ATCNet,FM-Dec_A-Eucl_AdaBN-F,30,0.745,0.8149
Lee2019_MI,ATCNet,FM-Dec_A-Eucl_AdaBN-F,32,0.935,0.9868
Lee2019_MI,ATCNet,FM-Dec_A-Eucl_AdaBN-F,36,0.97,0.9981
Lee2019_MI,ATCNet,FM-Dec_A-Eucl_AdaBN-F,39,0.8,0.8981
Lee2019_MI,ATCNet,FM-Dec_A-Eucl_AdaBN-F,40,0.755,0.8256
Lee2019_MI,ATCNet,FM-Dec_A-Eucl_AdaBN-F,41,0.59,0.6522
Lee2019_MI,ATCNet,FM-Dec_A-Eucl_AdaBN-F,42,0.75,0.8023
Lee2019_MI,ATCNet,FM-Dec_A-Eucl_AdaBN-F,43,0.82,0.8816
Lee2019_MI,ATCNet,FM-Dec_A-Eucl_AdaBN-F,44,0.88,0.9527
Lee2019_MI,ATCNet,FM-Dec_A-Eucl_AdaBN-F,47,0.79,0.8543
Lee2019_MI,ATCNet,FM-Dec_A-Eucl_AdaBN-F,48,0.66,0.7135
Lee2019_MI,ATCNet,FM-Dec_A-Eucl_AdaBN-F,52,0.79,0.8374
Lee2019_MI,ATCNet,FM-Dec_A-Eucl_AdaBN-F,54,0.63,0.6733
Lee2019_MI,ATCNet,FM-Dec_A-Eucl_AdaBN-T,4,0.655,0.6989
Lee2019_MI,ATCNet,FM-Dec_A-Eucl_AdaBN-T,5,0.875,0.932
Lee2019_MI,ATCNet,FM-Dec_A-Eucl_AdaBN-T,6,0.74,0.7738
Lee2019_MI,ATCNet,FM-Dec_A-Eucl_AdaBN-T,7,0.74,0.8025
Lee2019_MI,ATCNet,FM-Dec_A-Eucl_AdaBN-T,9,0.825,0.9103
Lee2019_MI,ATCNet,FM-Dec_A-Eucl_AdaBN-T,10,0.64,0.7178
Lee2019_MI,ATCNet,FM-Dec_A-Eucl_AdaBN-T,13,0.675,0.7526
Lee2019_MI,ATCNet,FM-Dec_A-Eucl_AdaBN-T,14,0.68,0.7715
Lee2019_MI,ATCNet,FM-Dec_A-Eucl_AdaBN-T,16,0.71,0.8002
Lee2019_MI,ATCNet,FM-Dec_A-Eucl_AdaBN-T,17,0.73,0.8178
Lee2019_MI,ATCNet,FM-Dec_A-Eucl_AdaBN-T,18,0.87,0.9459
Lee2019_MI,ATCNet,FM-Dec_A-Eucl_AdaBN-T,20,0.76,0.8365
Lee2019_MI,ATCNet,FM-Dec_A-Eucl_AdaBN-T,25,0.825,0.8763
Lee2019_MI,ATCNet,FM-Dec_A-Eucl_AdaBN-T,26,0.73,0.828
Lee2019_MI,ATCNet,FM-Dec_A-Eucl_AdaBN-T,27,0.64,0.6813
Lee2019_MI,ATCNet,FM-Dec_A-Eucl_AdaBN-T,31,0.775,0.8507
Lee2019_MI,ATCNet,FM-Dec_A-Eucl_AdaBN-T,33,0.94,0.9914
Lee2019_MI,ATCNet,FM-Dec_A-Eucl_AdaBN-T,34,0.515,0.5374
Lee2019_MI,ATCNet,FM-Dec_A-Eucl_AdaBN-T,35,0.57,0.6024
Lee2019_MI,ATCNet,FM-Dec_A-Eucl_AdaBN-T,37,0.94,0.9871
Lee2019_MI,ATCNet,FM-Dec_A-Eucl_AdaBN-T,38,0.67,0.7183
Lee2019_MI,ATCNet,FM-Dec_A-Eucl_AdaBN-T,45,0.84,0.9382
Lee2019_MI,ATCNet,FM-Dec_A-Eucl_AdaBN-T,46,0.725,0.8136
Lee2019_MI,ATCNet,FM-Dec_A-Eucl_AdaBN-T,49,0.74,0.8157
Lee2019_MI,ATCNet,FM-Dec_A-Eucl_AdaBN-T,50,0.66,0.7093
Lee2019_MI,ATCNet,FM-Dec_A-Eucl_AdaBN-T,51,0.645,0.7281
Lee2019_MI,ATCNet,FM-Dec_A-Eucl_AdaBN-T,53,0.635,0.6551
Lee2019_MI,ATCNet,FM-Dec_A-Eucl_AdaBN-T,1,0.805,0.8756
Lee2019_MI,ATCNet,FM-Dec_A-Eucl_AdaBN-T,2,0.665,0.7453
Lee2019_MI,ATCNet,FM-Dec_A-Eucl_AdaBN-T,3,0.925,0.9757
Lee2019_MI,ATCNet,FM-Dec_A-Eucl_AdaBN-T,8,0.785,0.8458
Lee2019_MI,ATCNet,FM-Dec_A-Eucl_AdaBN-T,11,0.51,0.5641
Lee2019_MI,ATCNet,FM-Dec_A-Eucl_AdaBN-T,12,0.68,0.7363
Lee2019_MI,ATCNet,FM-Dec_A-Eucl_AdaBN-T,15,0.725,0.7771
Lee2019_MI,ATCNet,FM-Dec_A-Eucl_AdaBN-T,19,0.745,0.8345
Lee2019_MI,ATCNet,FM-Dec_A-Eucl_AdaBN-T,21,0.94,0.9825
Lee2019_MI,ATCNet,FM-Dec_A-Eucl_AdaBN-T,22,0.8,0.864
Lee2019_MI,ATCNet,FM-Dec_A-Eucl_AdaBN-T,23,0.805,0.8695
Lee2019_MI,ATCNet,FM-Dec_A-Eucl_AdaBN-T,24,0.63,0.642
Lee2019_MI,ATCNet,FM-Dec_A-Eucl_AdaBN-T,28,0.915,0.9753
Lee2019_MI,ATCNet,FM-Dec_A-Eucl_AdaBN-T,29,0.74,0.8072
Lee2019_MI,ATCNet,FM-Dec_A-Eucl_AdaBN-T,30,0.76,0.8028
Lee2019_MI,ATCNet,FM-Dec_A-Eucl_AdaBN-T,32,0.92,0.9824
Lee2019_MI,ATCNet,FM-Dec_A-Eucl_AdaBN-T,36,0.96,0.9941
Lee2019_MI,ATCNet,FM-Dec_A-Eucl_AdaBN-T,39,0.805,0.8903
Lee2019_MI,ATCNet,FM-Dec_A-Eucl_AdaBN-T,40,0.715,0.7932
Lee2019_MI,ATCNet,FM-Dec_A-Eucl_AdaBN-T,41,0.56,0.6358
Lee2019_MI,ATCNet,FM-Dec_A-Eucl_AdaBN-T,42,0.74,0.8086
Lee2019_MI,ATCNet,FM-Dec_A-Eucl_AdaBN-T,43,0.79,0.8634
Lee2019_MI,ATCNet,FM-Dec_A-Eucl_AdaBN-T,44,0.85,0.9402
Lee2019_MI,ATCNet,FM-Dec_A-Eucl_AdaBN-T,47,0.775,0.8472
Lee2019_MI,ATCNet,FM-Dec_A-Eucl_AdaBN-T,48,0.69,0.7104
Lee2019_MI,ATCNet,FM-Dec_A-Eucl_AdaBN-T,52,0.765,0.8391
Lee2019_MI,ATCNet,FM-Dec_A-Eucl_AdaBN-T,54,0.63,0.6684
Lee2019_MI,ATCNet,FM-Dec_A-None_AdaBN-F,4,0.67,0.806
Lee2019_MI,ATCNet,FM-Dec_A-None_AdaBN-F,5,0.88,0.9471
Lee2019_MI,ATCNet,FM-Dec_A-None_AdaBN-F,6,0.71,0.8088
Lee2019_MI,ATCNet,FM-Dec_A-None_AdaBN-F,7,0.62,0.7019
Lee2019_MI,ATCNet,FM-Dec_A-None_AdaBN-F,9,0.845,0.9288
Lee2019_MI,ATCNet,FM-Dec_A-None_AdaBN-F,10,0.68,0.7721
Lee2019_MI,ATCNet,FM-Dec_A-None_AdaBN-F,13,0.69,0.7116
Lee2019_MI,ATCNet,FM-Dec_A-None_AdaBN-F,14,0.665,0.7218
Lee2019_MI,ATCNet,FM-Dec_A-None_AdaBN-F,16,0.775,0.8756
Lee2019_MI,ATCNet,FM-Dec_A-None_AdaBN-F,17,0.67,0.7195
Lee2019_MI,ATCNet,FM-Dec_A-None_AdaBN-F,18,0.895,0.9744
Lee2019_MI,ATCNet,FM-Dec_A-None_AdaBN-F,20,0.815,0.8956
Lee2019_MI,ATCNet,FM-Dec_A-None_AdaBN-F,25,0.815,0.9149
Lee2019_MI,ATCNet,FM-Dec_A-None_AdaBN-F,26,0.765,0.8382
Lee2019_MI,ATCNet,FM-Dec_A-None_AdaBN-F,27,0.72,0.8172
Lee2019_MI,ATCNet,FM-Dec_A-None_AdaBN-F,31,0.765,0.8594
Lee2019_MI,ATCNet,FM-Dec_A-None_AdaBN-F,33,0.97,0.9988
Lee2019_MI,ATCNet,FM-Dec_A-None_AdaBN-F,34,0.52,0.5506
Lee2019_MI,ATCNet,FM-Dec_A-None_AdaBN-F,35,0.71,0.8486
Lee2019_MI,ATCNet,FM-Dec_A-None_AdaBN-F,37,0.97,0.9972
Lee2019_MI,ATCNet,FM-Dec_A-None_AdaBN-F,38,0.62,0.7037
Lee2019_MI,ATCNet,FM-Dec_A-None_AdaBN-F,45,0.85,0.9202
Lee2019_MI,ATCNet,FM-Dec_A-None_AdaBN-F,46,0.725,0.7885
Lee2019_MI,ATCNet,FM-Dec_A-None_AdaBN-F,49,0.745,0.88765
Lee2019_MI,ATCNet,FM-Dec_A-None_AdaBN-F,50,0.615,0.675
Lee2019_MI,ATCNet,FM-Dec_A-None_AdaBN-F,51,0.61,0.6738
Lee2019_MI,ATCNet,FM-Dec_A-None_AdaBN-F,53,0.74,0.8034
Lee2019_MI,ATCNet,FM-Dec_A-None_AdaBN-F,1,0.81,0.8804
Lee2019_MI,ATCNet,FM-Dec_A-None_AdaBN-F,2,0.65,0.7319
Lee2019_MI,ATCNet,FM-Dec_A-None_AdaBN-F,3,0.9,0.9496
Lee2019_MI,ATCNet,FM-Dec_A-None_AdaBN-F,8,0.76,0.8563
Lee2019_MI,ATCNet,FM-Dec_A-None_AdaBN-F,11,0.53,0.5576
Lee2019_MI,ATCNet,FM-Dec_A-None_AdaBN-F,12,0.72,0.8335
Lee2019_MI,ATCNet,FM-Dec_A-None_AdaBN-F,15,0.79,0.8925
Lee2019_MI,ATCNet,FM-Dec_A-None_AdaBN-F,19,0.825,0.8829
Lee2019_MI,ATCNet,FM-Dec_A-None_AdaBN-F,21,0.945,0.9983
Lee2019_MI,ATCNet,FM-Dec_A-None_AdaBN-F,22,0.78,0.8469
Lee2019_MI,ATCNet,FM-Dec_A-None_AdaBN-F,23,0.79,0.8612
Lee2019_MI,ATCNet,FM-Dec_A-None_AdaBN-F,24,0.58,0.6252
Lee2019_MI,ATCNet,FM-Dec_A-None_AdaBN-F,28,0.955,0.9947
Lee2019_MI,ATCNet,FM-Dec_A-None_AdaBN-F,29,0.78,0.8557
Lee2019_MI,ATCNet,FM-Dec_A-None_AdaBN-F,30,0.715,0.7952
Lee2019_MI,ATCNet,FM-Dec_A-None_AdaBN-F,32,0.955,0.9927
Lee2019_MI,ATCNet,FM-Dec_A-None_AdaBN-F,36,0.99,0.9996
Lee2019_MI,ATCNet,FM-Dec_A-None_AdaBN-F,39,0.78,0.8848
Lee2019_MI,ATCNet,FM-Dec_A-None_AdaBN-F,40,0.765,0.8386
Lee2019_MI,ATCNet,FM-Dec_A-None_AdaBN-F,41,0.62,0.6656
Lee2019_MI,ATCNet,FM-Dec_A-None_AdaBN-F,42,0.68,0.7378
Lee2019_MI,ATCNet,FM-Dec_A-None_AdaBN-F,43,0.815,0.8919
Lee2019_MI,ATCNet,FM-Dec_A-None_AdaBN-F,44,0.88,0.9553
Lee2019_MI,ATCNet,FM-Dec_A-None_AdaBN-F,47,0.855,0.9327
Lee2019_MI,ATCNet,FM-Dec_A-None_AdaBN-F,48,0.695,0.7503
Lee2019_MI,ATCNet,FM-Dec_A-None_AdaBN-F,52,0.73,0.8244
Lee2019_MI,ATCNet,FM-Dec_A-None_AdaBN-F,54,0.61,0.6452
Lee2019_MI,ATCNet,FM-Dec_A-Riem_AdaBN-T,4,0.645,0.7048
Lee2019_MI,ATCNet,FM-Dec_A-Riem_AdaBN-T,5,0.835,0.93
Lee2019_MI,ATCNet,FM-Dec_A-Riem_AdaBN-T,6,0.665,0.7272
Lee2019_MI,ATCNet,FM-Dec_A-Riem_AdaBN-T,7,0.765,0.8082
Lee2019_MI,ATCNet,FM-Dec_A-Riem_AdaBN-T,9,0.84,0.9158
Lee2019_MI,ATCNet,FM-Dec_A-Riem_AdaBN-T,10,0.665,0.7489
Lee2019_MI,ATCNet,FM-Dec_A-Riem_AdaBN-T,13,0.695,0.749
Lee2019_MI,ATCNet,FM-Dec_A-Riem_AdaBN-T,14,0.72,0.7959
Lee2019_MI,ATCNet,FM-Dec_A-Riem_AdaBN-T,16,0.77,0.8476
Lee2019_MI,ATCNet,FM-Dec_A-Riem_AdaBN-T,17,0.73,0.7925
Lee2019_MI,ATCNet,FM-Dec_A-Riem_AdaBN-T,18,0.89,0.95
Lee2019_MI,ATCNet,FM-Dec_A-Riem_AdaBN-T,20,0.765,0.8551
Lee2019_MI,ATCNet,FM-Dec_A-Riem_AdaBN-T,25,0.815,0.8913
Lee2019_MI,ATCNet,FM-Dec_A-Riem_AdaBN-T,26,0.76,0.8045
Lee2019_MI,ATCNet,FM-Dec_A-Riem_AdaBN-T,27,0.605,0.6665
Lee2019_MI,ATCNet,FM-Dec_A-Riem_AdaBN-T,31,0.765,0.845
Lee2019_MI,ATCNet,FM-Dec_A-Riem_AdaBN-T,33,0.965,0.9936
Lee2019_MI,ATCNet,FM-Dec_A-Riem_AdaBN-T,34,0.525,0.5481
Lee2019_MI,ATCNet,FM-Dec_A-Riem_AdaBN-T,35,0.575,0.6125
Lee2019_MI,ATCNet,FM-Dec_A-Riem_AdaBN-T,37,0.96,0.9912
Lee2019_MI,ATCNet,FM-Dec_A-Riem_AdaBN-T,38,0.645,0.7116
Lee2019_MI,ATCNet,FM-Dec_A-Riem_AdaBN-T,45,0.875,0.9385
Lee2019_MI,ATCNet,FM-Dec_A-Riem_AdaBN-T,46,0.72,0.8184
Lee2019_MI,ATCNet,FM-Dec_A-Riem_AdaBN-T,49,0.74,0.8236
Lee2019_MI,ATCNet,FM-Dec_A-Riem_AdaBN-T,50,0.65,0.6949
Lee2019_MI,ATCNet,FM-Dec_A-Riem_AdaBN-T,51,0.65,0.7228
Lee2019_MI,ATCNet,FM-Dec_A-Riem_AdaBN-T,53,0.655,0.6878
Lee2019_MI,ATCNet,FM-Dec_A-Riem_AdaBN-T,1,0.825,0.9078
Lee2019_MI,ATCNet,FM-Dec_A-Riem_AdaBN-T,2,0.685,0.7299
Lee2019_MI,ATCNet,FM-Dec_A-Riem_AdaBN-T,3,0.905,0.9616
Lee2019_MI,ATCNet,FM-Dec_A-Riem_AdaBN-T,8,0.76,0.8304
Lee2019_MI,ATCNet,FM-Dec_A-Riem_AdaBN-T,11,0.53,0.552
Lee2019_MI,ATCNet,FM-Dec_A-Riem_AdaBN-T,12,0.65,0.72
Lee2019_MI,ATCNet,FM-Dec_A-Riem_AdaBN-T,15,0.695,0.7453
Lee2019_MI,ATCNet,FM-Dec_A-Riem_AdaBN-T,19,0.75,0.8431
Lee2019_MI,ATCNet,FM-Dec_A-Riem_AdaBN-T,21,0.95,0.9882
Lee2019_MI,ATCNet,FM-Dec_A-Riem_AdaBN-T,22,0.85,0.9023
Lee2019_MI,ATCNet,FM-Dec_A-Riem_AdaBN-T,23,0.81,0.8871
Lee2019_MI,ATCNet,FM-Dec_A-Riem_AdaBN-T,24,0.65,0.667
Lee2019_MI,ATCNet,FM-Dec_A-Riem_AdaBN-T,28,0.96,0.9931
Lee2019_MI,ATCNet,FM-Dec_A-Riem_AdaBN-T,29,0.75,0.834
Lee2019_MI,ATCNet,FM-Dec_A-Riem_AdaBN-T,30,0.7,0.7792
Lee2019_MI,ATCNet,FM-Dec_A-Riem_AdaBN-T,32,0.93,0.9735
Lee2019_MI,ATCNet,FM-Dec_A-Riem_AdaBN-T,36,0.965,0.9971
Lee2019_MI,ATCNet,FM-Dec_A-Riem_AdaBN-T,39,0.785,0.8906
Lee2019_MI,ATCNet,FM-Dec_A-Riem_AdaBN-T,40,0.725,0.7956
Lee2019_MI,ATCNet,FM-Dec_A-Riem_AdaBN-T,41,0.625,0.6472
Lee2019_MI,ATCNet,FM-Dec_A-Riem_AdaBN-T,42,0.73,0.8197
Lee2019_MI,ATCNet,FM-Dec_A-Riem_AdaBN-T,43,0.795,0.8725
Lee2019_MI,ATCNet,FM-Dec_A-Riem_AdaBN-T,44,0.88,0.9429
Lee2019_MI,ATCNet,FM-Dec_A-Riem_AdaBN-T,47,0.77,0.8307
Lee2019_MI,ATCNet,FM-Dec_A-Riem_AdaBN-T,48,0.61,0.6589
Lee2019_MI,ATCNet,FM-Dec_A-Riem_AdaBN-T,52,0.81,0.8758
Lee2019_MI,ATCNet,FM-Dec_A-Riem_AdaBN-T,54,0.62,0.7104
Lee2019_MI,ATCNet,FM-Full_A-Eucl_AdaBN-F,4,0.67,0.7241
Lee2019_MI,ATCNet,FM-Full_A-Eucl_AdaBN-F,5,0.885,0.9647
Lee2019_MI,ATCNet,FM-Full_A-Eucl_AdaBN-F,6,0.765,0.8619
Lee2019_MI,ATCNet,FM-Full_A-Eucl_AdaBN-F,7,0.79,0.8873
Lee2019_MI,ATCNet,FM-Full_A-Eucl_AdaBN-F,9,0.82,0.9156
Lee2019_MI,ATCNet,FM-Full_A-Eucl_AdaBN-F,10,0.74,0.7826
Lee2019_MI,ATCNet,FM-Full_A-Eucl_AdaBN-F,13,0.68,0.7383
Lee2019_MI,ATCNet,FM-Full_A-Eucl_AdaBN-F,14,0.745,0.8265
Lee2019_MI,ATCNet,FM-Full_A-Eucl_AdaBN-F,16,0.79,0.9027
Lee2019_MI,ATCNet,FM-Full_A-Eucl_AdaBN-F,17,0.785,0.8682
Lee2019_MI,ATCNet,FM-Full_A-Eucl_AdaBN-F,18,0.895,0.9694
Lee2019_MI,ATCNet,FM-Full_A-Eucl_AdaBN-F,20,0.76,0.8508
Lee2019_MI,ATCNet,FM-Full_A-Eucl_AdaBN-F,25,0.78,0.908
Lee2019_MI,ATCNet,FM-Full_A-Eucl_AdaBN-F,26,0.745,0.8363
Lee2019_MI,ATCNet,FM-Full_A-Eucl_AdaBN-F,27,0.695,0.7734
Lee2019_MI,ATCNet,FM-Full_A-Eucl_AdaBN-F,31,0.78,0.8931
Lee2019_MI,ATCNet,FM-Full_A-Eucl_AdaBN-F,33,0.985,0.9975
Lee2019_MI,ATCNet,FM-Full_A-Eucl_AdaBN-F,34,0.55,0.5503
Lee2019_MI,ATCNet,FM-Full_A-Eucl_AdaBN-F,35,0.76,0.874
Lee2019_MI,ATCNet,FM-Full_A-Eucl_AdaBN-F,37,0.965,0.9956
Lee2019_MI,ATCNet,FM-Full_A-Eucl_AdaBN-F,38,0.65,0.7209
Lee2019_MI,ATCNet,FM-Full_A-Eucl_AdaBN-F,45,0.905,0.9737
Lee2019_MI,ATCNet,FM-Full_A-Eucl_AdaBN-F,46,0.77,0.8424
Lee2019_MI,ATCNet,FM-Full_A-Eucl_AdaBN-F,49,0.74,0.8512
Lee2019_MI,ATCNet,FM-Full_A-Eucl_AdaBN-F,50,0.615,0.6717
Lee2019_MI,ATCNet,FM-Full_A-Eucl_AdaBN-F,51,0.625,0.6806
Lee2019_MI,ATCNet,FM-Full_A-Eucl_AdaBN-F,53,0.6,0.661
Lee2019_MI,ATCNet,FM-Full_A-Eucl_AdaBN-F,1,0.83,0.9017
Lee2019_MI,ATCNet,FM-Full_A-Eucl_AdaBN-F,2,0.715,0.8026
Lee2019_MI,ATCNet,FM-Full_A-Eucl_AdaBN-F,3,0.945,0.9918
Lee2019_MI,ATCNet,FM-Full_A-Eucl_AdaBN-F,8,0.76,0.8474
Lee2019_MI,ATCNet,FM-Full_A-Eucl_AdaBN-F,11,0.53,0.555
Lee2019_MI,ATCNet,FM-Full_A-Eucl_AdaBN-F,12,0.69,0.7777
Lee2019_MI,ATCNet,FM-Full_A-Eucl_AdaBN-F,15,0.75,0.8653
Lee2019_MI,ATCNet,FM-Full_A-Eucl_AdaBN-F,19,0.78,0.8747
Lee2019_MI,ATCNet,FM-Full_A-Eucl_AdaBN-F,21,0.965,0.9924
Lee2019_MI,ATCNet,FM-Full_A-Eucl_AdaBN-F,22,0.825,0.9131
Lee2019_MI,ATCNet,FM-Full_A-Eucl_AdaBN-F,23,0.875,0.9275
Lee2019_MI,ATCNet,FM-Full_A-Eucl_AdaBN-F,24,0.665,0.7387
Lee2019_MI,ATCNet,FM-Full_A-Eucl_AdaBN-F,28,0.975,0.997
Lee2019_MI,ATCNet,FM-Full_A-Eucl_AdaBN-F,29,0.815,0.8974
Lee2019_MI,ATCNet,FM-Full_A-Eucl_AdaBN-F,30,0.75,0.829
Lee2019_MI,ATCNet,FM-Full_A-Eucl_AdaBN-F,32,0.97,0.9975
Lee2019_MI,ATCNet,FM-Full_A-Eucl_AdaBN-F,36,0.995,0.9994
Lee2019_MI,ATCNet,FM-Full_A-Eucl_AdaBN-F,39,0.85,0.9205
Lee2019_MI,ATCNet,FM-Full_A-Eucl_AdaBN-F,40,0.72,0.8131
Lee2019_MI,ATCNet,FM-Full_A-Eucl_AdaBN-F,41,0.565,0.6375
Lee2019_MI,ATCNet,FM-Full_A-Eucl_AdaBN-F,42,0.735,0.801
Lee2019_MI,ATCNet,FM-Full_A-Eucl_AdaBN-F,43,0.835,0.9125
Lee2019_MI,ATCNet,FM-Full_A-Eucl_AdaBN-F,44,0.905,0.9764
Lee2019_MI,ATCNet,FM-Full_A-Eucl_AdaBN-F,47,0.76,0.8367
Lee2019_MI,ATCNet,FM-Full_A-Eucl_AdaBN-F,48,0.605,0.6934
Lee2019_MI,ATCNet,FM-Full_A-Eucl_AdaBN-F,52,0.8,0.8743
Lee2019_MI,ATCNet,FM-Full_A-Eucl_AdaBN-F,54,0.63,0.6961
Lee2019_MI,ATCNet,FM-Full_A-Eucl_AdaBN-T,4,0.65,0.7257
Lee2019_MI,ATCNet,FM-Full_A-Eucl_AdaBN-T,5,0.9,0.9693
Lee2019_MI,ATCNet,FM-Full_A-Eucl_AdaBN-T,6,0.78,0.8413
Lee2019_MI,ATCNet,FM-Full_A-Eucl_AdaBN-T,7,0.77,0.8526
Lee2019_MI,ATCNet,FM-Full_A-Eucl_AdaBN-T,9,0.85,0.9206
Lee2019_MI,ATCNet,FM-Full_A-Eucl_AdaBN-T,10,0.74,0.7876
Lee2019_MI,ATCNet,FM-Full_A-Eucl_AdaBN-T,13,0.66,0.7359
Lee2019_MI,ATCNet,FM-Full_A-Eucl_AdaBN-T,14,0.735,0.8228
Lee2019_MI,ATCNet,FM-Full_A-Eucl_AdaBN-T,16,0.825,0.8876
Lee2019_MI,ATCNet,FM-Full_A-Eucl_AdaBN-T,17,0.785,0.8577
Lee2019_MI,ATCNet,FM-Full_A-Eucl_AdaBN-T,18,0.91,0.9655
Lee2019_MI,ATCNet,FM-Full_A-Eucl_AdaBN-T,20,0.78,0.8527
Lee2019_MI,ATCNet,FM-Full_A-Eucl_AdaBN-T,25,0.8,0.891
Lee2019_MI,ATCNet,FM-Full_A-Eucl_AdaBN-T,26,0.76,0.8257
Lee2019_MI,ATCNet,FM-Full_A-Eucl_AdaBN-T,27,0.705,0.7702
Lee2019_MI,ATCNet,FM-Full_A-Eucl_AdaBN-T,31,0.785,0.8833
Lee2019_MI,ATCNet,FM-Full_A-Eucl_AdaBN-T,33,0.965,0.9961
Lee2019_MI,ATCNet,FM-Full_A-Eucl_AdaBN-T,34,0.56,0.5822
Lee2019_MI,ATCNet,FM-Full_A-Eucl_AdaBN-T,35,0.745,0.8305
Lee2019_MI,ATCNet,FM-Full_A-Eucl_AdaBN-T,37,0.935,0.9885
Lee2019_MI,ATCNet,FM-Full_A-Eucl_AdaBN-T,38,0.67,0.7075
Lee2019_MI,ATCNet,FM-Full_A-Eucl_AdaBN-T,45,0.865,0.9539
Lee2019_MI,ATCNet,FM-Full_A-Eucl_AdaBN-T,46,0.755,0.8352
Lee2019_MI,ATCNet,FM-Full_A-Eucl_AdaBN-T,49,0.74,0.853
Lee2019_MI,ATCNet,FM-Full_A-Eucl_AdaBN-T,50,0.645,0.6943
Lee2019_MI,ATCNet,FM-Full_A-Eucl_AdaBN-T,51,0.62,0.689
Lee2019_MI,ATCNet,FM-Full_A-Eucl_AdaBN-T,53,0.62,0.6576
Lee2019_MI,ATCNet,FM-Full_A-Eucl_AdaBN-T,1,0.82,0.9138
Lee2019_MI,ATCNet,FM-Full_A-Eucl_AdaBN-T,2,0.7,0.8074
Lee2019_MI,ATCNet,FM-Full_A-Eucl_AdaBN-T,3,0.94,0.9811
Lee2019_MI,ATCNet,FM-Full_A-Eucl_AdaBN-T,8,0.76,0.8604
Lee2019_MI,ATCNet,FM-Full_A-Eucl_AdaBN-T,11,0.535,0.549
Lee2019_MI,ATCNet,FM-Full_A-Eucl_AdaBN-T,12,0.7,0.7844
Lee2019_MI,ATCNet,FM-Full_A-Eucl_AdaBN-T,15,0.775,0.8487
Lee2019_MI,ATCNet,FM-Full_A-Eucl_AdaBN-T,19,0.78,0.8598
Lee2019_MI,ATCNet,FM-Full_A-Eucl_AdaBN-T,21,0.965,0.9884
Lee2019_MI,ATCNet,FM-Full_A-Eucl_AdaBN-T,22,0.805,0.8781
Lee2019_MI,ATCNet,FM-Full_A-Eucl_AdaBN-T,23,0.85,0.9114
Lee2019_MI,ATCNet,FM-Full_A-Eucl_AdaBN-T,24,0.655,0.7226
Lee2019_MI,ATCNet,FM-Full_A-Eucl_AdaBN-T,28,0.95,0.9884
Lee2019_MI,ATCNet,FM-Full_A-Eucl_AdaBN-T,29,0.81,0.8968
Lee2019_MI,ATCNet,FM-Full_A-Eucl_AdaBN-T,30,0.75,0.8138
Lee2019_MI,ATCNet,FM-Full_A-Eucl_AdaBN-T,32,0.965,0.9944
Lee2019_MI,ATCNet,FM-Full_A-Eucl_AdaBN-T,36,0.975,0.9963
Lee2019_MI,ATCNet,FM-Full_A-Eucl_AdaBN-T,39,0.845,0.9205
Lee2019_MI,ATCNet,FM-Full_A-Eucl_AdaBN-T,40,0.71,0.7908
Lee2019_MI,ATCNet,FM-Full_A-Eucl_AdaBN-T,41,0.56,0.6237
Lee2019_MI,ATCNet,FM-Full_A-Eucl_AdaBN-T,42,0.715,0.8125
Lee2019_MI,ATCNet,FM-Full_A-Eucl_AdaBN-T,43,0.82,0.9014
Lee2019_MI,ATCNet,FM-Full_A-Eucl_AdaBN-T,44,0.89,0.9667
Lee2019_MI,ATCNet,FM-Full_A-Eucl_AdaBN-T,47,0.76,0.8588
Lee2019_MI,ATCNet,FM-Full_A-Eucl_AdaBN-T,48,0.63,0.7042
Lee2019_MI,ATCNet,FM-Full_A-Eucl_AdaBN-T,52,0.795,0.8809
Lee2019_MI,ATCNet,FM-Full_A-Eucl_AdaBN-T,54,0.625,0.6859
Lee2019_MI,ATCNet,FM-Full_A-None_AdaBN-F,4,0.745,0.8343
Lee2019_MI,ATCNet,FM-Full_A-None_AdaBN-F,5,0.905,0.9614
Lee2019_MI,ATCNet,FM-Full_A-None_AdaBN-F,6,0.785,0.8596
Lee2019_MI,ATCNet,FM-Full_A-None_AdaBN-F,7,0.725,0.8303
Lee2019_MI,ATCNet,FM-Full_A-None_AdaBN-F,9,0.82,0.8944
Lee2019_MI,ATCNet,FM-Full_A-None_AdaBN-F,10,0.745,0.8097
Lee2019_MI,ATCNet,FM-Full_A-None_AdaBN-F,13,0.615,0.6236
Lee2019_MI,ATCNet,FM-Full_A-None_AdaBN-F,14,0.655,0.6929
Lee2019_MI,ATCNet,FM-Full_A-None_AdaBN-F,16,0.81,0.8794
Lee2019_MI,ATCNet,FM-Full_A-None_AdaBN-F,17,0.725,0.799
Lee2019_MI,ATCNet,FM-Full_A-None_AdaBN-F,18,0.895,0.968
Lee2019_MI,ATCNet,FM-Full_A-None_AdaBN-F,20,0.795,0.8734
Lee2019_MI,ATCNet,FM-Full_A-None_AdaBN-F,25,0.82,0.9185
Lee2019_MI,ATCNet,FM-Full_A-None_AdaBN-F,26,0.8,0.8821
Lee2019_MI,ATCNet,FM-Full_A-None_AdaBN-F,27,0.705,0.8094
Lee2019_MI,ATCNet,FM-Full_A-None_AdaBN-F,31,0.76,0.8377
Lee2019_MI,ATCNet,FM-Full_A-None_AdaBN-F,33,0.98,0.999
Lee2019_MI,ATCNet,FM-Full_A-None_AdaBN-F,34,0.54,0.554
Lee2019_MI,ATCNet,FM-Full_A-None_AdaBN-F,35,0.855,0.9572
Lee2019_MI,ATCNet,FM-Full_A-None_AdaBN-F,37,0.97,0.9968
Lee2019_MI,ATCNet,FM-Full_A-None_AdaBN-F,38,0.65,0.7274
Lee2019_MI,ATCNet,FM-Full_A-None_AdaBN-F,45,0.87,0.9372
Lee2019_MI,ATCNet,FM-Full_A-None_AdaBN-F,46,0.715,0.7696
Lee2019_MI,ATCNet,FM-Full_A-None_AdaBN-F,49,0.795,0.8973
Lee2019_MI,ATCNet,FM-Full_A-None_AdaBN-F,50,0.58,0.6892
Lee2019_MI,ATCNet,FM-Full_A-None_AdaBN-F,51,0.575,0.6072
Lee2019_MI,ATCNet,FM-Full_A-None_AdaBN-F,53,0.675,0.7324
Lee2019_MI,ATCNet,FM-Full_A-None_AdaBN-F,1,0.82,0.9031
Lee2019_MI,ATCNet,FM-Full_A-None_AdaBN-F,2,0.715,0.803
Lee2019_MI,ATCNet,FM-Full_A-None_AdaBN-F,3,0.89,0.967
Lee2019_MI,ATCNet,FM-Full_A-None_AdaBN-F,8,0.77,0.84
Lee2019_MI,ATCNet,FM-Full_A-None_AdaBN-F,11,0.505,0.5275
Lee2019_MI,ATCNet,FM-Full_A-None_AdaBN-F,12,0.8,0.8789
Lee2019_MI,ATCNet,FM-Full_A-None_AdaBN-F,15,0.83,0.8979
Lee2019_MI,ATCNet,FM-Full_A-None_AdaBN-F,19,0.81,0.8661
Lee2019_MI,ATCNet,FM-Full_A-None_AdaBN-F,21,0.95,0.9978
Lee2019_MI,ATCNet,FM-Full_A-None_AdaBN-F,22,0.76,0.8461
Lee2019_MI,ATCNet,FM-Full_A-None_AdaBN-F,23,0.825,0.9073
Lee2019_MI,ATCNet,FM-Full_A-None_AdaBN-F,24,0.625,0.6733
Lee2019_MI,ATCNet,FM-Full_A-None_AdaBN-F,28,0.965,0.9961
Lee2019_MI,ATCNet,FM-Full_A-None_AdaBN-F,29,0.855,0.9207
Lee2019_MI,ATCNet,FM-Full_A-None_AdaBN-F,30,0.69,0.77475
Lee2019_MI,ATCNet,FM-Full_A-None_AdaBN-F,32,0.98,0.9974
Lee2019_MI,ATCNet,FM-Full_A-None_AdaBN-F,36,0.99,0.9995
Lee2019_MI,ATCNet,FM-Full_A-None_AdaBN-F,39,0.78,0.8719
Lee2019_MI,ATCNet,FM-Full_A-None_AdaBN-F,40,0.75,0.8344
Lee2019_MI,ATCNet,FM-Full_A-None_AdaBN-F,41,0.625,0.6639
Lee2019_MI,ATCNet,FM-Full_A-None_AdaBN-F,42,0.7,0.7938
Lee2019_MI,ATCNet,FM-Full_A-None_AdaBN-F,43,0.76,0.8855
Lee2019_MI,ATCNet,FM-Full_A-None_AdaBN-F,44,0.905,0.971
Lee2019_MI,ATCNet,FM-Full_A-None_AdaBN-F,47,0.78,0.868
Lee2019_MI,ATCNet,FM-Full_A-None_AdaBN-F,48,0.705,0.7835
Lee2019_MI,ATCNet,FM-Full_A-None_AdaBN-F,52,0.79,0.8959
Lee2019_MI,ATCNet,FM-Full_A-None_AdaBN-F,54,0.69,0.7199
Lee2019_MI,ATCNet,FM-Full_A-Riem_AdaBN-F,4,0.615,0.6962
Lee2019_MI,ATCNet,FM-Full_A-Riem_AdaBN-F,5,0.87,0.9626
Lee2019_MI,ATCNet,FM-Full_A-Riem_AdaBN-F,6,0.745,0.8254
Lee2019_MI,ATCNet,FM-Full_A-Riem_AdaBN-F,7,0.77,0.8865
Lee2019_MI,ATCNet,FM-Full_A-Riem_AdaBN-F,9,0.855,0.9275
Lee2019_MI,ATCNet,FM-Full_A-Riem_AdaBN-F,10,0.74,0.8012
Lee2019_MI,ATCNet,FM-Full_A-Riem_AdaBN-F,13,0.645,0.7173
Lee2019_MI,ATCNet,FM-Full_A-Riem_AdaBN-F,14,0.685,0.822
Lee2019_MI,ATCNet,FM-Full_A-Riem_AdaBN-F,16,0.79,0.8724
Lee2019_MI,ATCNet,FM-Full_A-Riem_AdaBN-F,17,0.77,0.8574
Lee2019_MI,ATCNet,FM-Full_A-Riem_AdaBN-F,18,0.91,0.9776
Lee2019_MI,ATCNet,FM-Full_A-Riem_AdaBN-F,20,0.775,0.8648
Lee2019_MI,ATCNet,FM-Full_A-Riem_AdaBN-F,25,0.79,0.9407
Lee2019_MI,ATCNet,FM-Full_A-Riem_AdaBN-F,26,0.675,0.7742
Lee2019_MI,ATCNet,FM-Full_A-Riem_AdaBN-F,27,0.67,0.7626
Lee2019_MI,ATCNet,FM-Full_A-Riem_AdaBN-F,31,0.78,0.8712
Lee2019_MI,ATCNet,FM-Full_A-Riem_AdaBN-F,33,0.98,0.9981
Lee2019_MI,ATCNet,FM-Full_A-Riem_AdaBN-F,34,0.545,0.5351
Lee2019_MI,ATCNet,FM-Full_A-Riem_AdaBN-F,35,0.76,0.8716
Lee2019_MI,ATCNet,FM-Full_A-Riem_AdaBN-F,37,0.97,0.9973
Lee2019_MI,ATCNet,FM-Full_A-Riem_AdaBN-F,38,0.64,0.6798
Lee2019_MI,ATCNet,FM-Full_A-Riem_AdaBN-F,45,0.92,0.9737
Lee2019_MI,ATCNet,FM-Full_A-Riem_AdaBN-F,46,0.755,0.8378
Lee2019_MI,ATCNet,FM-Full_A-Riem_AdaBN-F,49,0.765,0.8776
Lee2019_MI,ATCNet,FM-Full_A-Riem_AdaBN-F,50,0.635,0.6723
Lee2019_MI,ATCNet,FM-Full_A-Riem_AdaBN-F,51,0.625,0.6708
Lee2019_MI,ATCNet,FM-Full_A-Riem_AdaBN-F,53,0.625,0.6969
Lee2019_MI,ATCNet,FM-Full_A-Riem_AdaBN-F,1,0.85,0.9141
Lee2019_MI,ATCNet,FM-Full_A-Riem_AdaBN-F,2,0.73,0.7965
Lee2019_MI,ATCNet,FM-Full_A-Riem_AdaBN-F,3,0.935,0.9662
Lee2019_MI,ATCNet,FM-Full_A-Riem_AdaBN-F,8,0.735,0.814
Lee2019_MI,ATCNet,FM-Full_A-Riem_AdaBN-F,11,0.495,0.533
Lee2019_MI,ATCNet,FM-Full_A-Riem_AdaBN-F,12,0.665,0.7485
Lee2019_MI,ATCNet,FM-Full_A-Riem_AdaBN-F,15,0.755,0.8313
Lee2019_MI,ATCNet,FM-Full_A-Riem_AdaBN-F,19,0.805,0.8748
Lee2019_MI,ATCNet,FM-Full_A-Riem_AdaBN-F,21,0.98,0.9955
Lee2019_MI,ATCNet,FM-Full_A-Riem_AdaBN-F,22,0.78,0.8995
Lee2019_MI,ATCNet,FM-Full_A-Riem_AdaBN-F,23,0.84,0.9205
Lee2019_MI,ATCNet,FM-Full_A-Riem_AdaBN-F,24,0.61,0.6715
Lee2019_MI,ATCNet,FM-Full_A-Riem_AdaBN-F,28,0.94,0.997
Lee2019_MI,ATCNet,FM-Full_A-Riem_AdaBN-F,29,0.815,0.904
Lee2019_MI,ATCNet,FM-Full_A-Riem_AdaBN-F,30,0.695,0.7722
Lee2019_MI,ATCNet,FM-Full_A-Riem_AdaBN-F,32,0.955,0.9897
Lee2019_MI,ATCNet,FM-Full_A-Riem_AdaBN-F,36,0.98,0.9996
Lee2019_MI,ATCNet,FM-Full_A-Riem_AdaBN-F,39,0.755,0.8761
Lee2019_MI,ATCNet,FM-Full_A-Riem_AdaBN-F,40,0.71,0.7935
Lee2019_MI,ATCNet,FM-Full_A-Riem_AdaBN-F,41,0.57,0.6206
Lee2019_MI,ATCNet,FM-Full_A-Riem_AdaBN-F,42,0.73,0.8429
Lee2019_MI,ATCNet,FM-Full_A-Riem_AdaBN-F,43,0.845,0.8983
Lee2019_MI,ATCNet,FM-Full_A-Riem_AdaBN-F,44,0.855,0.9669
Lee2019_MI,ATCNet,FM-Full_A-Riem_AdaBN-F,47,0.735,0.8219
Lee2019_MI,ATCNet,FM-Full_A-Riem_AdaBN-F,48,0.63,0.7004
Lee2019_MI,ATCNet,FM-Full_A-Riem_AdaBN-F,52,0.83,0.893
Lee2019_MI,ATCNet,FM-Full_A-Riem_AdaBN-F,54,0.655,0.7209
Lee2019_MI,ATCNet,FM-Full_A-Riem_AdaBN-T,4,0.65,0.722
Lee2019_MI,ATCNet,FM-Full_A-Riem_AdaBN-T,5,0.875,0.9591
Lee2019_MI,ATCNet,FM-Full_A-Riem_AdaBN-T,6,0.735,0.8055
Lee2019_MI,ATCNet,FM-Full_A-Riem_AdaBN-T,7,0.77,0.8537
Lee2019_MI,ATCNet,FM-Full_A-Riem_AdaBN-T,9,0.85,0.9334
Lee2019_MI,ATCNet,FM-Full_A-Riem_AdaBN-T,10,0.73,0.8091
Lee2019_MI,ATCNet,FM-Full_A-Riem_AdaBN-T,13,0.69,0.7448
Lee2019_MI,ATCNet,FM-Full_A-Riem_AdaBN-T,14,0.755,0.8294
Lee2019_MI,ATCNet,FM-Full_A-Riem_AdaBN-T,16,0.805,0.8904
Lee2019_MI,ATCNet,FM-Full_A-Riem_AdaBN-T,17,0.8,0.8716
Lee2019_MI,ATCNet,FM-Full_A-Riem_AdaBN-T,18,0.925,0.9738
Lee2019_MI,ATCNet,FM-Full_A-Riem_AdaBN-T,20,0.8,0.87
Lee2019_MI,ATCNet,FM-Full_A-Riem_AdaBN-T,25,0.85,0.9306
Lee2019_MI,ATCNet,FM-Full_A-Riem_AdaBN-T,26,0.74,0.7957
Lee2019_MI,ATCNet,FM-Full_A-Riem_AdaBN-T,27,0.715,0.7531
Lee2019_MI,ATCNet,FM-Full_A-Riem_AdaBN-T,31,0.765,0.8704
Lee2019_MI,ATCNet,FM-Full_A-Riem_AdaBN-T,33,0.97,0.9973
Lee2019_MI,ATCNet,FM-Full_A-Riem_AdaBN-T,34,0.53,0.5611
Lee2019_MI,ATCNet,FM-Full_A-Riem_AdaBN-T,35,0.785,0.8331
Lee2019_MI,ATCNet,FM-Full_A-Riem_AdaBN-T,37,0.96,0.9917
Lee2019_MI,ATCNet,FM-Full_A-Riem_AdaBN-T,38,0.635,0.7093
Lee2019_MI,ATCNet,FM-Full_A-Riem_AdaBN-T,45,0.89,0.9526
Lee2019_MI,ATCNet,FM-Full_A-Riem_AdaBN-T,46,0.745,0.8285
Lee2019_MI,ATCNet,FM-Full_A-Riem_AdaBN-T,49,0.8,0.8707
Lee2019_MI,ATCNet,FM-Full_A-Riem_AdaBN-T,50,0.64,0.6763
Lee2019_MI,ATCNet,FM-Full_A-Riem_AdaBN-T,51,0.625,0.688
Lee2019_MI,ATCNet,FM-Full_A-Riem_AdaBN-T,53,0.66,0.6972
Lee2019_MI,ATCNet,FM-Full_A-Riem_AdaBN-T,1,0.84,0.9211
Lee2019_MI,ATCNet,FM-Full_A-Riem_AdaBN-T,2,0.74,0.7982
Lee2019_MI,ATCNet,FM-Full_A-Riem_AdaBN-T,3,0.92,0.97
Lee2019_MI,ATCNet,FM-Full_A-Riem_AdaBN-T,8,0.75,0.8285
Lee2019_MI,ATCNet,FM-Full_A-Riem_AdaBN-T,11,0.55,0.5516
Lee2019_MI,ATCNet,FM-Full_A-Riem_AdaBN-T,12,0.67,0.7557
Lee2019_MI,ATCNet,FM-Full_A-Riem_AdaBN-T,15,0.765,0.8224
Lee2019_MI,ATCNet,FM-Full_A-Riem_AdaBN-T,19,0.79,0.8641
Lee2019_MI,ATCNet,FM-Full_A-Riem_AdaBN-T,21,0.97,0.9927
Lee2019_MI,ATCNet,FM-Full_A-Riem_AdaBN-T,22,0.835,0.8991
Lee2019_MI,ATCNet,FM-Full_A-Riem_AdaBN-T,23,0.87,0.9344
Lee2019_MI,ATCNet,FM-Full_A-Riem_AdaBN-T,24,0.65,0.6994
Lee2019_MI,ATCNet,FM-Full_A-Riem_AdaBN-T,28,0.985,0.9972
Lee2019_MI,ATCNet,FM-Full_A-Riem_AdaBN-T,29,0.825,0.9006
Lee2019_MI,ATCNet,FM-Full_A-Riem_AdaBN-T,30,0.7,0.7973
Lee2019_MI,ATCNet,FM-Full_A-Riem_AdaBN-T,32,0.95,0.9887
Lee2019_MI,ATCNet,FM-Full_A-Riem_AdaBN-T,36,0.98,0.998
Lee2019_MI,ATCNet,FM-Full_A-Riem_AdaBN-T,39,0.82,0.9028
Lee2019_MI,ATCNet,FM-Full_A-Riem_AdaBN-T,40,0.745,0.7997
Lee2019_MI,ATCNet,FM-Full_A-Riem_AdaBN-T,41,0.6,0.6323
Lee2019_MI,ATCNet,FM-Full_A-Riem_AdaBN-T,42,0.75,0.8484
Lee2019_MI,ATCNet,FM-Full_A-Riem_AdaBN-T,43,0.825,0.9084
Lee2019_MI,ATCNet,FM-Full_A-Riem_AdaBN-T,44,0.91,0.9662
Lee2019_MI,ATCNet,FM-Full_A-Riem_AdaBN-T,47,0.755,0.8303
Lee2019_MI,ATCNet,FM-Full_A-Riem_AdaBN-T,48,0.625,0.7106
Lee2019_MI,ATCNet,FM-Full_A-Riem_AdaBN-T,52,0.82,0.9009
Lee2019_MI,ATCNet,FM-Full_A-Riem_AdaBN-T,54,0.64,0.7094
Lee2019_MI,ATCNet,FM-None_A-Eucl_AdaBN-T,4,0.665,0.7089
Lee2019_MI,ATCNet,FM-None_A-Eucl_AdaBN-T,5,0.875,0.9348
Lee2019_MI,ATCNet,FM-None_A-Eucl_AdaBN-T,6,0.73,0.7725
Lee2019_MI,ATCNet,FM-None_A-Eucl_AdaBN-T,7,0.755,0.8136
Lee2019_MI,ATCNet,FM-None_A-Eucl_AdaBN-T,9,0.815,0.9118
Lee2019_MI,ATCNet,FM-None_A-Eucl_AdaBN-T,10,0.655,0.7312
Lee2019_MI,ATCNet,FM-None_A-Eucl_AdaBN-T,13,0.675,0.7552
Lee2019_MI,ATCNet,FM-None_A-Eucl_AdaBN-T,14,0.69,0.7829
Lee2019_MI,ATCNet,FM-None_A-Eucl_AdaBN-T,16,0.72,0.8093
Lee2019_MI,ATCNet,FM-None_A-Eucl_AdaBN-T,17,0.745,0.8262
Lee2019_MI,ATCNet,FM-None_A-Eucl_AdaBN-T,18,0.88,0.9465
Lee2019_MI,ATCNet,FM-None_A-Eucl_AdaBN-T,20,0.755,0.8416
Lee2019_MI,ATCNet,FM-None_A-Eucl_AdaBN-T,25,0.805,0.8751
Lee2019_MI,ATCNet,FM-None_A-Eucl_AdaBN-T,26,0.745,0.833
Lee2019_MI,ATCNet,FM-None_A-Eucl_AdaBN-T,27,0.645,0.6892
Lee2019_MI,ATCNet,FM-None_A-Eucl_AdaBN-T,31,0.775,0.8506
Lee2019_MI,ATCNet,FM-None_A-Eucl_AdaBN-T,33,0.94,0.9916
Lee2019_MI,ATCNet,FM-None_A-Eucl_AdaBN-T,34,0.525,0.5395
Lee2019_MI,ATCNet,FM-None_A-Eucl_AdaBN-T,35,0.57,0.5852
Lee2019_MI,ATCNet,FM-None_A-Eucl_AdaBN-T,37,0.94,0.9875
Lee2019_MI,ATCNet,FM-None_A-Eucl_AdaBN-T,38,0.665,0.719
Lee2019_MI,ATCNet,FM-None_A-Eucl_AdaBN-T,45,0.84,0.9405
Lee2019_MI,ATCNet,FM-None_A-Eucl_AdaBN-T,46,0.725,0.8219
Lee2019_MI,ATCNet,FM-None_A-Eucl_AdaBN-T,49,0.735,0.8115
Lee2019_MI,ATCNet,FM-None_A-Eucl_AdaBN-T,50,0.665,0.7213
Lee2019_MI,ATCNet,FM-None_A-Eucl_AdaBN-T,51,0.65,0.7229
Lee2019_MI,ATCNet,FM-None_A-Eucl_AdaBN-T,53,0.64,0.6665
Lee2019_MI,ATCNet,FM-None_A-Eucl_AdaBN-T,1,0.81,0.8876
Lee2019_MI,ATCNet,FM-None_A-Eucl_AdaBN-T,2,0.705,0.7837
Lee2019_MI,ATCNet,FM-None_A-Eucl_AdaBN-T,3,0.92,0.9749
Lee2019_MI,ATCNet,FM-None_A-Eucl_AdaBN-T,8,0.73,0.808
Lee2019_MI,ATCNet,FM-None_A-Eucl_AdaBN-T,11,0.55,0.5739
Lee2019_MI,ATCNet,FM-None_A-Eucl_AdaBN-T,12,0.675,0.7349
Lee2019_MI,ATCNet,FM-None_A-Eucl_AdaBN-T,15,0.735,0.782
Lee2019_MI,ATCNet,FM-None_A-Eucl_AdaBN-T,19,0.715,0.8149
Lee2019_MI,ATCNet,FM-None_A-Eucl_AdaBN-T,21,0.93,0.9837
Lee2019_MI,ATCNet,FM-None_A-Eucl_AdaBN-T,22,0.77,0.8659
Lee2019_MI,ATCNet,FM-None_A-Eucl_AdaBN-T,23,0.78,0.8705
Lee2019_MI,ATCNet,FM-None_A-Eucl_AdaBN-T,24,0.635,0.6736
Lee2019_MI,ATCNet,FM-None_A-Eucl_AdaBN-T,28,0.95,0.9922
Lee2019_MI,ATCNet,FM-None_A-Eucl_AdaBN-T,29,0.755,0.8384
Lee2019_MI,ATCNet,FM-None_A-Eucl_AdaBN-T,30,0.705,0.7737
Lee2019_MI,ATCNet,FM-None_A-Eucl_AdaBN-T,32,0.945,0.9861
Lee2019_MI,ATCNet,FM-None_A-Eucl_AdaBN-T,36,0.97,0.9959
Lee2019_MI,ATCNet,FM-None_A-Eucl_AdaBN-T,39,0.825,0.8891
Lee2019_MI,ATCNet,FM-None_A-Eucl_AdaBN-T,40,0.73,0.7926
Lee2019_MI,ATCNet,FM-None_A-Eucl_AdaBN-T,41,0.645,0.6798
Lee2019_MI,ATCNet,FM-None_A-Eucl_AdaBN-T,42,0.725,0.7819
Lee2019_MI,ATCNet,FM-None_A-Eucl_AdaBN-T,43,0.795,0.8646
Lee2019_MI,ATCNet,FM-None_A-Eucl_AdaBN-T,44,0.855,0.9385
Lee2019_MI,ATCNet,FM-None_A-Eucl_AdaBN-T,47,0.78,0.8741
Lee2019_MI,ATCNet,FM-None_A-Eucl_AdaBN-T,48,0.64,0.6977
Lee2019_MI,ATCNet,FM-None_A-Eucl_AdaBN-T,52,0.77,0.8506
Lee2019_MI,ATCNet,FM-None_A-Eucl_AdaBN-T,54,0.63,0.7031
Lee2019_MI,ATCNet,FM-None_A-None_AdaBN-F,4,0.695,0.7889
Lee2019_MI,ATCNet,FM-None_A-None_AdaBN-F,5,0.81,0.9364
Lee2019_MI,ATCNet,FM-None_A-None_AdaBN-F,6,0.7,0.7851
Lee2019_MI,ATCNet,FM-None_A-None_AdaBN-F,7,0.645,0.7157
Lee2019_MI,ATCNet,FM-None_A-None_AdaBN-F,9,0.775,0.934
Lee2019_MI,ATCNet,FM-None_A-None_AdaBN-F,10,0.695,0.7995
Lee2019_MI,ATCNet,FM-None_A-None_AdaBN-F,13,0.61,0.7028
Lee2019_MI,ATCNet,FM-None_A-None_AdaBN-F,14,0.655,0.6901
Lee2019_MI,ATCNet,FM-None_A-None_AdaBN-F,16,0.795,0.8682
Lee2019_MI,ATCNet,FM-None_A-None_AdaBN-F,17,0.65,0.7351
Lee2019_MI,ATCNet,FM-None_A-None_AdaBN-F,18,0.685,0.9663
Lee2019_MI,ATCNet,FM-None_A-None_AdaBN-F,20,0.775,0.8957
Lee2019_MI,ATCNet,FM-None_A-None_AdaBN-F,25,0.71,0.8775
Lee2019_MI,ATCNet,FM-None_A-None_AdaBN-F,26,0.75,0.8351
Lee2019_MI,ATCNet,FM-None_A-None_AdaBN-F,27,0.695,0.801
Lee2019_MI,ATCNet,FM-None_A-None_AdaBN-F,31,0.655,0.8245
Lee2019_MI,ATCNet,FM-None_A-None_AdaBN-F,33,0.98,0.9989
Lee2019_MI,ATCNet,FM-None_A-None_AdaBN-F,34,0.525,0.5813
Lee2019_MI,ATCNet,FM-None_A-None_AdaBN-F,35,0.615,0.8248
Lee2019_MI,ATCNet,FM-None_A-None_AdaBN-F,37,0.985,0.9996
Lee2019_MI,ATCNet,FM-None_A-None_AdaBN-F,38,0.545,0.6899
Lee2019_MI,ATCNet,FM-None_A-None_AdaBN-F,45,0.77,0.8442
Lee2019_MI,ATCNet,FM-None_A-None_AdaBN-F,46,0.7,0.7937
Lee2019_MI,ATCNet,FM-None_A-None_AdaBN-F,49,0.6,0.8915
Lee2019_MI,ATCNet,FM-None_A-None_AdaBN-F,50,0.5,0.6213
Lee2019_MI,ATCNet,FM-None_A-None_AdaBN-F,51,0.54,0.6797
Lee2019_MI,ATCNet,FM-None_A-None_AdaBN-F,53,0.75,0.757
Lee2019_MI,ATCNet,FM-None_A-None_AdaBN-F,1,0.75,0.881
Lee2019_MI,ATCNet,FM-None_A-None_AdaBN-F,2,0.7,0.7825
Lee2019_MI,ATCNet,FM-None_A-None_AdaBN-F,3,0.845,0.9183
Lee2019_MI,ATCNet,FM-None_A-None_AdaBN-F,8,0.765,0.8451
Lee2019_MI,ATCNet,FM-None_A-None_AdaBN-F,11,0.54,0.5686
Lee2019_MI,ATCNet,FM-None_A-None_AdaBN-F,12,0.775,0.8628
Lee2019_MI,ATCNet,FM-None_A-None_AdaBN-F,15,0.585,0.8139
Lee2019_MI,ATCNet,FM-None_A-None_AdaBN-F,19,0.795,0.8736
Lee2019_MI,ATCNet,FM-None_A-None_AdaBN-F,21,0.935,0.9962
Lee2019_MI,ATCNet,FM-None_A-None_AdaBN-F,22,0.73,0.8375
Lee2019_MI,ATCNet,FM-None_A-None_AdaBN-F,23,0.785,0.892
Lee2019_MI,ATCNet,FM-None_A-None_AdaBN-F,24,0.57,0.6187
Lee2019_MI,ATCNet,FM-None_A-None_AdaBN-F,28,0.865,0.9833
Lee2019_MI,ATCNet,FM-None_A-None_AdaBN-F,29,0.795,0.8463
Lee2019_MI,ATCNet,FM-None_A-None_AdaBN-F,30,0.655,0.7624
Lee2019_MI,ATCNet,FM-None_A-None_AdaBN-F,32,0.905,0.9928
Lee2019_MI,ATCNet,FM-None_A-None_AdaBN-F,36,0.98,0.9999
Lee2019_MI,ATCNet,FM-None_A-None_AdaBN-F,39,0.81,0.9206
Lee2019_MI,ATCNet,FM-None_A-None_AdaBN-F,40,0.695,0.8252
Lee2019_MI,ATCNet,FM-None_A-None_AdaBN-F,41,0.705,0.7508
Lee2019_MI,ATCNet,FM-None_A-None_AdaBN-F,42,0.58,0.6642
Lee2019_MI,ATCNet,FM-None_A-None_AdaBN-F,43,0.805,0.8957
Lee2019_MI,ATCNet,FM-None_A-None_AdaBN-F,44,0.74,0.9533
Lee2019_MI,ATCNet,FM-None_A-None_AdaBN-F,47,0.76,0.8858
Lee2019_MI,ATCNet,FM-None_A-None_AdaBN-F,48,0.645,0.7339
Lee2019_MI,ATCNet,FM-None_A-None_AdaBN-F,52,0.77,0.8496
Lee2019_MI,ATCNet,FM-None_A-None_AdaBN-F,54,0.645,0.6997
Lee2019_MI,ATCNet,NoPre_FM-Full_A-Eucl_AdaBN-T,4,0.48,0.4499
Lee2019_MI,ATCNet,NoPre_FM-Full_A-Eucl_AdaBN-T,5,0.46,0.4579
Lee2019_MI,ATCNet,NoPre_FM-Full_A-Eucl_AdaBN-T,6,0.46,0.4508
Lee2019_MI,ATCNet,NoPre_FM-Full_A-Eucl_AdaBN-T,7,0.485,0.481
Lee2019_MI,ATCNet,NoPre_FM-Full_A-Eucl_AdaBN-T,9,0.44,0.4144
Lee2019_MI,ATCNet,NoPre_FM-Full_A-Eucl_AdaBN-T,10,0.49,0.504
Lee2019_MI,ATCNet,NoPre_FM-Full_A-Eucl_AdaBN-T,13,0.455,0.476
Lee2019_MI,ATCNet,NoPre_FM-Full_A-Eucl_AdaBN-T,14,0.495,0.5271
Lee2019_MI,ATCNet,NoPre_FM-Full_A-Eucl_AdaBN-T,16,0.515,0.5444
Lee2019_MI,ATCNet,NoPre_FM-Full_A-Eucl_AdaBN-T,17,0.51,0.5212
Lee2019_MI,ATCNet,NoPre_FM-Full_A-Eucl_AdaBN-T,18,0.5,0.5043
Lee2019_MI,ATCNet,NoPre_FM-Full_A-Eucl_AdaBN-T,20,0.49,0.5068
Lee2019_MI,ATCNet,NoPre_FM-Full_A-Eucl_AdaBN-T,25,0.48,0.4867
Lee2019_MI,ATCNet,NoPre_FM-Full_A-Eucl_AdaBN-T,26,0.52,0.5292
Lee2019_MI,ATCNet,NoPre_FM-Full_A-Eucl_AdaBN-T,27,0.555,0.5576
Lee2019_MI,ATCNet,NoPre_FM-Full_A-Eucl_AdaBN-T,31,0.525,0.4938
Lee2019_MI,ATCNet,NoPre_FM-Full_A-Eucl_AdaBN-T,33,0.49,0.4726
Lee2019_MI,ATCNet,NoPre_FM-Full_A-Eucl_AdaBN-T,34,0.555,0.5475
Lee2019_MI,ATCNet,NoPre_FM-Full_A-Eucl_AdaBN-T,35,0.49,0.5205
Lee2019_MI,ATCNet,NoPre_FM-Full_A-Eucl_AdaBN-T,37,0.505,0.5038
Lee2019_MI,ATCNet,NoPre_FM-Full_A-Eucl_AdaBN-T,38,0.56,0.5622
Lee2019_MI,ATCNet,NoPre_FM-Full_A-Eucl_AdaBN-T,45,0.55,0.5424
Lee2019_MI,ATCNet,NoPre_FM-Full_A-Eucl_AdaBN-T,46,0.53,0.5208
Lee2019_MI,ATCNet,NoPre_FM-Full_A-Eucl_AdaBN-T,49,0.535,0.584
Lee2019_MI,ATCNet,NoPre_FM-Full_A-Eucl_AdaBN-T,50,0.47,0.4957
Lee2019_MI,ATCNet,NoPre_FM-Full_A-Eucl_AdaBN-T,51,0.485,0.4832
Lee2019_MI,ATCNet,NoPre_FM-Full_A-Eucl_AdaBN-T,53,0.48,0.4501
Lee2019_MI,ATCNet,NoPre_FM-Full_A-Eucl_AdaBN-T,1,0.465,0.4455
Lee2019_MI,ATCNet,NoPre_FM-Full_A-Eucl_AdaBN-T,2,0.505,0.5069
Lee2019_MI,ATCNet,NoPre_FM-Full_A-Eucl_AdaBN-T,3,0.52,0.50445
Lee2019_MI,ATCNet,NoPre_FM-Full_A-Eucl_AdaBN-T,8,0.46,0.452
Lee2019_MI,ATCNet,NoPre_FM-Full_A-Eucl_AdaBN-T,11,0.435,0.3976
Lee2019_MI,ATCNet,NoPre_FM-Full_A-Eucl_AdaBN-T,12,0.415,0.3992
Lee2019_MI,ATCNet,NoPre_FM-Full_A-Eucl_AdaBN-T,15,0.435,0.441
Lee2019_MI,ATCNet,NoPre_FM-Full_A-Eucl_AdaBN-T,19,0.545,0.5107
Lee2019_MI,ATCNet,NoPre_FM-Full_A-Eucl_AdaBN-T,21,0.535,0.5542
Lee2019_MI,ATCNet,NoPre_FM-Full_A-Eucl_AdaBN-T,22,0.48,0.5161
Lee2019_MI,ATCNet,NoPre_FM-Full_A-Eucl_AdaBN-T,23,0.45,0.446
Lee2019_MI,ATCNet,NoPre_FM-Full_A-Eucl_AdaBN-T,24,0.51,0.5374
Lee2019_MI,ATCNet,NoPre_FM-Full_A-Eucl_AdaBN-T,28,0.485,0.4812
Lee2019_MI,ATCNet,NoPre_FM-Full_A-Eucl_AdaBN-T,29,0.78,0.8782
Lee2019_MI,ATCNet,NoPre_FM-Full_A-Eucl_AdaBN-T,30,0.525,0.5688
Lee2019_MI,ATCNet,NoPre_FM-Full_A-Eucl_AdaBN-T,32,0.51,0.502
Lee2019_MI,ATCNet,NoPre_FM-Full_A-Eucl_AdaBN-T,36,0.59,0.6426
Lee2019_MI,ATCNet,NoPre_FM-Full_A-Eucl_AdaBN-T,39,0.5,0.5124
Lee2019_MI,ATCNet,NoPre_FM-Full_A-Eucl_AdaBN-T,40,0.41,0.4208
Lee2019_MI,ATCNet,NoPre_FM-Full_A-Eucl_AdaBN-T,41,0.505,0.4781
Lee2019_MI,ATCNet,NoPre_FM-Full_A-Eucl_AdaBN-T,42,0.5,0.4929
Lee2019_MI,ATCNet,NoPre_FM-Full_A-Eucl_AdaBN-T,43,0.455,0.4362
Lee2019_MI,ATCNet,NoPre_FM-Full_A-Eucl_AdaBN-T,44,0.495,0.5001
Lee2019_MI,ATCNet,NoPre_FM-Full_A-Eucl_AdaBN-T,47,0.465,0.4732
Lee2019_MI,ATCNet,NoPre_FM-Full_A-Eucl_AdaBN-T,48,0.45,0.4579
Lee2019_MI,ATCNet,NoPre_FM-Full_A-Eucl_AdaBN-T,52,0.465,0.4145
Lee2019_MI,ATCNet,NoPre_FM-Full_A-Eucl_AdaBN-T,54,0.515,0.5387
Lee2019_MI,ATCNet,NoPre_FM-Full_A-None_AdaBN-F,4,0.53,0.523
Lee2019_MI,ATCNet,NoPre_FM-Full_A-None_AdaBN-F,5,0.47,0.511
Lee2019_MI,ATCNet,NoPre_FM-Full_A-None_AdaBN-F,6,0.48,0.5333
Lee2019_MI,ATCNet,NoPre_FM-Full_A-None_AdaBN-F,7,0.545,0.5723
Lee2019_MI,ATCNet,NoPre_FM-Full_A-None_AdaBN-F,9,0.495,0.4739
Lee2019_MI,ATCNet,NoPre_FM-Full_A-None_AdaBN-F,10,0.555,0.5666
Lee2019_MI,ATCNet,NoPre_FM-Full_A-None_AdaBN-F,13,0.495,0.521
Lee2019_MI,ATCNet,NoPre_FM-Full_A-None_AdaBN-F,14,0.5,0.4888
Lee2019_MI,ATCNet,NoPre_FM-Full_A-None_AdaBN-F,16,0.625,0.7442
Lee2019_MI,ATCNet,NoPre_FM-Full_A-None_AdaBN-F,17,0.51,0.4846
Lee2019_MI,ATCNet,NoPre_FM-Full_A-None_AdaBN-F,18,0.47,0.4554
Lee2019_MI,ATCNet,NoPre_FM-Full_A-None_AdaBN-F,20,0.49,0.4865
Lee2019_MI,ATCNet,NoPre_FM-Full_A-None_AdaBN-F,25,0.605,0.6848
Lee2019_MI,ATCNet,NoPre_FM-Full_A-None_AdaBN-F,26,0.525,0.5744
Lee2019_MI,ATCNet,NoPre_FM-Full_A-None_AdaBN-F,27,0.625,0.6899
Lee2019_MI,ATCNet,NoPre_FM-Full_A-None_AdaBN-F,31,0.52,0.4961
Lee2019_MI,ATCNet,NoPre_FM-Full_A-None_AdaBN-F,33,0.525,0.5467
Lee2019_MI,ATCNet,NoPre_FM-Full_A-None_AdaBN-F,34,0.565,0.5395
Lee2019_MI,ATCNet,NoPre_FM-Full_A-None_AdaBN-F,35,0.69,0.7815
Lee2019_MI,ATCNet,NoPre_FM-Full_A-None_AdaBN-F,37,0.585,0.6116
Lee2019_MI,ATCNet,NoPre_FM-Full_A-None_AdaBN-F,38,0.55,0.5558
Lee2019_MI,ATCNet,NoPre_FM-Full_A-None_AdaBN-F,45,0.55,0.5588
Lee2019_MI,ATCNet,NoPre_FM-Full_A-None_AdaBN-F,46,0.54,0.5707
Lee2019_MI,ATCNet,NoPre_FM-Full_A-None_AdaBN-F,49,0.59,0.6127
Lee2019_MI,ATCNet,NoPre_FM-Full_A-None_AdaBN-F,50,0.535,0.5424
Lee2019_MI,ATCNet,NoPre_FM-Full_A-None_AdaBN-F,51,0.43,0.4228
Lee2019_MI,ATCNet,NoPre_FM-Full_A-None_AdaBN-F,53,0.51,0.5314
Lee2019_MI,ATCNet,NoPre_FM-Full_A-None_AdaBN-F,1,0.445,0.4478
Lee2019_MI,ATCNet,NoPre_FM-Full_A-None_AdaBN-F,2,0.465,0.4631
Lee2019_MI,ATCNet,NoPre_FM-Full_A-None_AdaBN-F,3,0.565,0.5964
Lee2019_MI,ATCNet,NoPre_FM-Full_A-None_AdaBN-F,8,0.565,0.5174
Lee2019_MI,ATCNet,NoPre_FM-Full_A-None_AdaBN-F,11,0.435,0.419
Lee2019_MI,ATCNet,NoPre_FM-Full_A-None_AdaBN-F,12,0.53,0.5275
Lee2019_MI,ATCNet,NoPre_FM-Full_A-None_AdaBN-F,15,0.525,0.5509
Lee2019_MI,ATCNet,NoPre_FM-Full_A-None_AdaBN-F,19,0.48,0.4865
Lee2019_MI,ATCNet,NoPre_FM-Full_A-None_AdaBN-F,21,0.61,0.6749
Lee2019_MI,ATCNet,NoPre_FM-Full_A-None_AdaBN-F,22,0.435,0.4283
Lee2019_MI,ATCNet,NoPre_FM-Full_A-None_AdaBN-F,23,0.44,0.4623
Lee2019_MI,ATCNet,NoPre_FM-Full_A-None_AdaBN-F,24,0.54,0.5665
Lee2019_MI,ATCNet,NoPre_FM-Full_A-None_AdaBN-F,28,0.475,0.4749
Lee2019_MI,ATCNet,NoPre_FM-Full_A-None_AdaBN-F,29,0.75,0.8505
Lee2019_MI,ATCNet,NoPre_FM-Full_A-None_AdaBN-F,30,0.475,0.4631
Lee2019_MI,ATCNet,NoPre_FM-Full_A-None_AdaBN-F,32,0.51,0.5229
Lee2019_MI,ATCNet,NoPre_FM-Full_A-None_AdaBN-F,36,0.665,0.7989
Lee2019_MI,ATCNet,NoPre_FM-Full_A-None_AdaBN-F,39,0.465,0.5146
Lee2019_MI,ATCNet,NoPre_FM-Full_A-None_AdaBN-F,40,0.48,0.448
Lee2019_MI,ATCNet,NoPre_FM-Full_A-None_AdaBN-F,41,0.505,0.4837
Lee2019_MI,ATCNet,NoPre_FM-Full_A-None_AdaBN-F,42,0.47,0.4983
Lee2019_MI,ATCNet,NoPre_FM-Full_A-None_AdaBN-F,43,0.435,0.4165
Lee2019_MI,ATCNet,NoPre_FM-Full_A-None_AdaBN-F,44,0.58,0.6742
Lee2019_MI,ATCNet,NoPre_FM-Full_A-None_AdaBN-F,47,0.48,0.5186
Lee2019_MI,ATCNet,NoPre_FM-Full_A-None_AdaBN-F,48,0.46,0.4464
Lee2019_MI,ATCNet,NoPre_FM-Full_A-None_AdaBN-F,52,0.56,0.5523
Lee2019_MI,ATCNet,NoPre_FM-Full_A-None_AdaBN-F,54,0.535,0.542
Lee2019_SSVEP,ATCNet,FM-Dec_A-Eucl_AdaBN-F,4,0.995,0.9999666667
Lee2019_SSVEP,ATCNet,FM-Dec_A-Eucl_AdaBN-F,5,0.83,0.9655
Lee2019_SSVEP,ATCNet,FM-Dec_A-Eucl_AdaBN-F,6,0.94,0.9999666667
Lee2019_SSVEP,ATCNet,FM-Dec_A-Eucl_AdaBN-F,7,1,1
Lee2019_SSVEP,ATCNet,FM-Dec_A-Eucl_AdaBN-F,9,0.96,0.9981333333
Lee2019_SSVEP,ATCNet,FM-Dec_A-Eucl_AdaBN-F,10,0.995,1
Lee2019_SSVEP,ATCNet,FM-Dec_A-Eucl_AdaBN-F,13,0.995,1
Lee2019_SSVEP,ATCNet,FM-Dec_A-Eucl_AdaBN-F,14,0.925,0.9966333333
Lee2019_SSVEP,ATCNet,FM-Dec_A-Eucl_AdaBN-F,16,1,1
Lee2019_SSVEP,ATCNet,FM-Dec_A-Eucl_AdaBN-F,17,0.955,0.9983666667
Lee2019_SSVEP,ATCNet,FM-Dec_A-Eucl_AdaBN-F,18,0.99,0.9992333333
Lee2019_SSVEP,ATCNet,FM-Dec_A-Eucl_AdaBN-F,20,0.97,0.9989
Lee2019_SSVEP,ATCNet,FM-Dec_A-Eucl_AdaBN-F,25,0.965,0.9985333333
Lee2019_SSVEP,ATCNet,FM-Dec_A-Eucl_AdaBN-F,26,0.995,1
Lee2019_SSVEP,ATCNet,FM-Dec_A-Eucl_AdaBN-F,27,0.99,0.9999666667
Lee2019_SSVEP,ATCNet,FM-Dec_A-Eucl_AdaBN-F,31,1,1
Lee2019_SSVEP,ATCNet,FM-Dec_A-Eucl_AdaBN-F,33,1,1
Lee2019_SSVEP,ATCNet,FM-Dec_A-Eucl_AdaBN-F,34,0.835,0.9705
Lee2019_SSVEP,ATCNet,FM-Dec_A-Eucl_AdaBN-F,35,0.99,0.9997666667
Lee2019_SSVEP,ATCNet,FM-Dec_A-Eucl_AdaBN-F,37,0.98,0.9997333333
Lee2019_SSVEP,ATCNet,FM-Dec_A-Eucl_AdaBN-F,38,0.985,0.9997
Lee2019_SSVEP,ATCNet,FM-Dec_A-Eucl_AdaBN-F,45,0.935,0.9924666667
Lee2019_SSVEP,ATCNet,FM-Dec_A-Eucl_AdaBN-F,46,1,1
Lee2019_SSVEP,ATCNet,FM-Dec_A-Eucl_AdaBN-F,49,0.99,0.9999666667
Lee2019_SSVEP,ATCNet,FM-Dec_A-Eucl_AdaBN-F,50,0.995,0.9998666667
Lee2019_SSVEP,ATCNet,FM-Dec_A-Eucl_AdaBN-F,51,0.785,0.9493666667
Lee2019_SSVEP,ATCNet,FM-Dec_A-Eucl_AdaBN-F,53,1,1
Lee2019_SSVEP,ATCNet,FM-Dec_A-Eucl_AdaBN-F,1,0.935,0.9966
Lee2019_SSVEP,ATCNet,FM-Dec_A-Eucl_AdaBN-F,2,0.99,0.9991666667
Lee2019_SSVEP,ATCNet,FM-Dec_A-Eucl_AdaBN-F,3,0.895,0.9875666667
Lee2019_SSVEP,ATCNet,FM-Dec_A-Eucl_AdaBN-F,8,0.94,0.9896
Lee2019_SSVEP,ATCNet,FM-Dec_A-Eucl_AdaBN-F,11,0.985,1
Lee2019_SSVEP,ATCNet,FM-Dec_A-Eucl_AdaBN-F,12,0.96,0.9987333333
Lee2019_SSVEP,ATCNet,FM-Dec_A-Eucl_AdaBN-F,15,0.995,1
Lee2019_SSVEP,ATCNet,FM-Dec_A-Eucl_AdaBN-F,19,0.975,0.9996666667
Lee2019_SSVEP,ATCNet,FM-Dec_A-Eucl_AdaBN-F,21,0.89,0.9852
Lee2019_SSVEP,ATCNet,FM-Dec_A-Eucl_AdaBN-F,22,0.915,0.9921
Lee2019_SSVEP,ATCNet,FM-Dec_A-Eucl_AdaBN-F,23,0.355,0.6233
Lee2019_SSVEP,ATCNet,FM-Dec_A-Eucl_AdaBN-F,24,0.985,0.9951666667
Lee2019_SSVEP,ATCNet,FM-Dec_A-Eucl_AdaBN-F,28,0.975,0.9977666667
Lee2019_SSVEP,ATCNet,FM-Dec_A-Eucl_AdaBN-F,29,0.96,0.9965
Lee2019_SSVEP,ATCNet,FM-Dec_A-Eucl_AdaBN-F,30,0.995,0.9999666667
Lee2019_SSVEP,ATCNet,FM-Dec_A-Eucl_AdaBN-F,32,0.94,0.9968333333
Lee2019_SSVEP,ATCNet,FM-Dec_A-Eucl_AdaBN-F,36,1,1
Lee2019_SSVEP,ATCNet,FM-Dec_A-Eucl_AdaBN-F,39,1,1
Lee2019_SSVEP,ATCNet,FM-Dec_A-Eucl_AdaBN-F,40,0.93,0.9937
Lee2019_SSVEP,ATCNet,FM-Dec_A-Eucl_AdaBN-F,41,0.965,0.9992333333
Lee2019_SSVEP,ATCNet,FM-Dec_A-Eucl_AdaBN-F,42,0.815,0.9605
Lee2019_SSVEP,ATCNet,FM-Dec_A-Eucl_AdaBN-F,43,1,1
Lee2019_SSVEP,ATCNet,FM-Dec_A-Eucl_AdaBN-F,44,0.985,1
Lee2019_SSVEP,ATCNet,FM-Dec_A-Eucl_AdaBN-F,47,0.645,0.8766333333
Lee2019_SSVEP,ATCNet,FM-Dec_A-Eucl_AdaBN-F,48,0.995,1
Lee2019_SSVEP,ATCNet,FM-Dec_A-Eucl_AdaBN-F,52,0.995,0.9999666667
Lee2019_SSVEP,ATCNet,FM-Dec_A-Eucl_AdaBN-F,54,0.84,0.9636333333
Lee2019_SSVEP,ATCNet,FM-Dec_A-Eucl_AdaBN-T,4,0.995,1
Lee2019_SSVEP,ATCNet,FM-Dec_A-Eucl_AdaBN-T,5,0.84,0.9658
Lee2019_SSVEP,ATCNet,FM-Dec_A-Eucl_AdaBN-T,6,0.95,0.9998666667
Lee2019_SSVEP,ATCNet,FM-Dec_A-Eucl_AdaBN-T,7,0.99,0.9999666667
Lee2019_SSVEP,ATCNet,FM-Dec_A-Eucl_AdaBN-T,9,0.94,0.9962
Lee2019_SSVEP,ATCNet,FM-Dec_A-Eucl_AdaBN-T,10,0.99,0.9999
Lee2019_SSVEP,ATCNet,FM-Dec_A-Eucl_AdaBN-T,13,0.995,0.9999333333
Lee2019_SSVEP,ATCNet,FM-Dec_A-Eucl_AdaBN-T,14,0.94,0.9974333333
Lee2019_SSVEP,ATCNet,FM-Dec_A-Eucl_AdaBN-T,16,1,1
Lee2019_SSVEP,ATCNet,FM-Dec_A-Eucl_AdaBN-T,17,0.945,0.9977
Lee2019_SSVEP,ATCNet,FM-Dec_A-Eucl_AdaBN-T,18,0.98,0.9993333333
Lee2019_SSVEP,ATCNet,FM-Dec_A-Eucl_AdaBN-T,20,0.975,0.999
Lee2019_SSVEP,ATCNet,FM-Dec_A-Eucl_AdaBN-T,25,0.96,0.9987
Lee2019_SSVEP,ATCNet,FM-Dec_A-Eucl_AdaBN-T,26,0.985,0.9998333333
Lee2019_SSVEP,ATCNet,FM-Dec_A-Eucl_AdaBN-T,27,0.99,0.9999666667
Lee2019_SSVEP,ATCNet,FM-Dec_A-Eucl_AdaBN-T,31,0.995,1
Lee2019_SSVEP,ATCNet,FM-Dec_A-Eucl_AdaBN-T,33,0.99,0.9999333333
Lee2019_SSVEP,ATCNet,FM-Dec_A-Eucl_AdaBN-T,34,0.815,0.9636333333
Lee2019_SSVEP,ATCNet,FM-Dec_A-Eucl_AdaBN-T,35,0.99,0.9997
Lee2019_SSVEP,ATCNet,FM-Dec_A-Eucl_AdaBN-T,37,0.985,0.9997
Lee2019_SSVEP,ATCNet,FM-Dec_A-Eucl_AdaBN-T,38,0.985,0.9997
Lee2019_SSVEP,ATCNet,FM-Dec_A-Eucl_AdaBN-T,45,0.94,0.9889666667
Lee2019_SSVEP,ATCNet,FM-Dec_A-Eucl_AdaBN-T,46,1,1
Lee2019_SSVEP,ATCNet,FM-Dec_A-Eucl_AdaBN-T,49,0.99,0.9999666667
Lee2019_SSVEP,ATCNet,FM-Dec_A-Eucl_AdaBN-T,50,0.995,1
Lee2019_SSVEP,ATCNet,FM-Dec_A-Eucl_AdaBN-T,51,0.785,0.9486
Lee2019_SSVEP,ATCNet,FM-Dec_A-Eucl_AdaBN-T,53,1,1
Lee2019_SSVEP,ATCNet,FM-Dec_A-Eucl_AdaBN-T,1,0.92,0.9938333333
Lee2019_SSVEP,ATCNet,FM-Dec_A-Eucl_AdaBN-T,2,0.99,0.999
Lee2019_SSVEP,ATCNet,FM-Dec_A-Eucl_AdaBN-T,3,0.9,0.9849666667
Lee2019_SSVEP,ATCNet,FM-Dec_A-Eucl_AdaBN-T,8,0.95,0.9888
Lee2019_SSVEP,ATCNet,FM-Dec_A-Eucl_AdaBN-T,11,0.985,0.9999333333
Lee2019_SSVEP,ATCNet,FM-Dec_A-Eucl_AdaBN-T,12,0.96,0.9986666667
Lee2019_SSVEP,ATCNet,FM-Dec_A-Eucl_AdaBN-T,15,0.995,0.9999666667
Lee2019_SSVEP,ATCNet,FM-Dec_A-Eucl_AdaBN-T,19,0.98,0.9994
Lee2019_SSVEP,ATCNet,FM-Dec_A-Eucl_AdaBN-T,21,0.905,0.9842666667
Lee2019_SSVEP,ATCNet,FM-Dec_A-Eucl_AdaBN-T,22,0.91,0.9929
Lee2019_SSVEP,ATCNet,FM-Dec_A-Eucl_AdaBN-T,23,0.35,0.6357
Lee2019_SSVEP,ATCNet,FM-Dec_A-Eucl_AdaBN-T,24,0.98,0.9941666667
Lee2019_SSVEP,ATCNet,FM-Dec_A-Eucl_AdaBN-T,28,0.975,0.9977333333
Lee2019_SSVEP,ATCNet,FM-Dec_A-Eucl_AdaBN-T,29,0.965,0.9959
Lee2019_SSVEP,ATCNet,FM-Dec_A-Eucl_AdaBN-T,30,0.995,0.9999666667
Lee2019_SSVEP,ATCNet,FM-Dec_A-Eucl_AdaBN-T,32,0.92,0.9966333333
Lee2019_SSVEP,ATCNet,FM-Dec_A-Eucl_AdaBN-T,36,1,1
Lee2019_SSVEP,ATCNet,FM-Dec_A-Eucl_AdaBN-T,39,1,1
Lee2019_SSVEP,ATCNet,FM-Dec_A-Eucl_AdaBN-T,40,0.92,0.9919666667
Lee2019_SSVEP,ATCNet,FM-Dec_A-Eucl_AdaBN-T,41,0.97,0.9985333333
Lee2019_SSVEP,ATCNet,FM-Dec_A-Eucl_AdaBN-T,42,0.815,0.9595333333
Lee2019_SSVEP,ATCNet,FM-Dec_A-Eucl_AdaBN-T,43,1,1
Lee2019_SSVEP,ATCNet,FM-Dec_A-Eucl_AdaBN-T,44,0.985,1
Lee2019_SSVEP,ATCNet,FM-Dec_A-Eucl_AdaBN-T,47,0.63,0.8717333333
Lee2019_SSVEP,ATCNet,FM-Dec_A-Eucl_AdaBN-T,48,0.995,1
Lee2019_SSVEP,ATCNet,FM-Dec_A-Eucl_AdaBN-T,52,0.985,0.9999333333
Lee2019_SSVEP,ATCNet,FM-Dec_A-Eucl_AdaBN-T,54,0.82,0.9591666667
Lee2019_SSVEP,ATCNet,FM-Dec_A-None_AdaBN-F,4,0.995,1
Lee2019_SSVEP,ATCNet,FM-Dec_A-None_AdaBN-F,5,0.84,0.97
Lee2019_SSVEP,ATCNet,FM-Dec_A-None_AdaBN-F,6,0.995,1
Lee2019_SSVEP,ATCNet,FM-Dec_A-None_AdaBN-F,7,1,1
Lee2019_SSVEP,ATCNet,FM-Dec_A-None_AdaBN-F,9,0.965,0.9992333333
Lee2019_SSVEP,ATCNet,FM-Dec_A-None_AdaBN-F,10,1,1
Lee2019_SSVEP,ATCNet,FM-Dec_A-None_AdaBN-F,13,0.99,0.9998666667
Lee2019_SSVEP,ATCNet,FM-Dec_A-None_AdaBN-F,14,0.805,0.9604666667
Lee2019_SSVEP,ATCNet,FM-Dec_A-None_AdaBN-F,16,1,1
Lee2019_SSVEP,ATCNet,FM-Dec_A-None_AdaBN-F,17,0.95,0.9973
Lee2019_SSVEP,ATCNet,FM-Dec_A-None_AdaBN-F,18,0.98,0.9995666667
Lee2019_SSVEP,ATCNet,FM-Dec_A-None_AdaBN-F,20,0.985,0.9995333333
Lee2019_SSVEP,ATCNet,FM-Dec_A-None_AdaBN-F,25,0.97,0.9989666667
Lee2019_SSVEP,ATCNet,FM-Dec_A-None_AdaBN-F,26,0.995,0.9999333333
Lee2019_SSVEP,ATCNet,FM-Dec_A-None_AdaBN-F,27,0.995,1
Lee2019_SSVEP,ATCNet,FM-Dec_A-None_AdaBN-F,31,1,1
Lee2019_SSVEP,ATCNet,FM-Dec_A-None_AdaBN-F,33,1,1
Lee2019_SSVEP,ATCNet,FM-Dec_A-None_AdaBN-F,34,0.82,0.9569
Lee2019_SSVEP,ATCNet,FM-Dec_A-None_AdaBN-F,35,0.985,0.9995666667
Lee2019_SSVEP,ATCNet,FM-Dec_A-None_AdaBN-F,37,0.985,0.9997666667
Lee2019_SSVEP,ATCNet,FM-Dec_A-None_AdaBN-F,38,0.99,0.9999
Lee2019_SSVEP,ATCNet,FM-Dec_A-None_AdaBN-F,45,0.95,0.9968333333
Lee2019_SSVEP,ATCNet,FM-Dec_A-None_AdaBN-F,46,1,1
Lee2019_SSVEP,ATCNet,FM-Dec_A-None_AdaBN-F,49,0.99,0.9999666667
Lee2019_SSVEP,ATCNet,FM-Dec_A-None_AdaBN-F,50,0.99,0.9999666667
Lee2019_SSVEP,ATCNet,FM-Dec_A-None_AdaBN-F,51,0.805,0.9498
Lee2019_SSVEP,ATCNet,FM-Dec_A-None_AdaBN-F,53,1,1
Lee2019_SSVEP,ATCNet,FM-Dec_A-None_AdaBN-F,1,0.96,0.9987
Lee2019_SSVEP,ATCNet,FM-Dec_A-None_AdaBN-F,2,0.985,0.9998666667
Lee2019_SSVEP,ATCNet,FM-Dec_A-None_AdaBN-F,3,0.905,0.9888333333
Lee2019_SSVEP,ATCNet,FM-Dec_A-None_AdaBN-F,8,0.95,0.9916
Lee2019_SSVEP,ATCNet,FM-Dec_A-None_AdaBN-F,11,1,1
Lee2019_SSVEP,ATCNet,FM-Dec_A-None_AdaBN-F,12,0.97,0.9992333333
Lee2019_SSVEP,ATCNet,FM-Dec_A-None_AdaBN-F,15,0.715,0.9759333333
Lee2019_SSVEP,ATCNet,FM-Dec_A-None_AdaBN-F,19,0.985,0.9997666667
Lee2019_SSVEP,ATCNet,FM-Dec_A-None_AdaBN-F,21,0.935,0.9968333333
Lee2019_SSVEP,ATCNet,FM-Dec_A-None_AdaBN-F,22,0.88,0.9839333333
Lee2019_SSVEP,ATCNet,FM-Dec_A-None_AdaBN-F,23,0.4,0.6451333333
Lee2019_SSVEP,ATCNet,FM-Dec_A-None_AdaBN-F,24,0.975,0.9931666667
Lee2019_SSVEP,ATCNet,FM-Dec_A-None_AdaBN-F,28,0.965,0.9988
Lee2019_SSVEP,ATCNet,FM-Dec_A-None_AdaBN-F,29,0.94,0.9936666667
Lee2019_SSVEP,ATCNet,FM-Dec_A-None_AdaBN-F,30,0.995,1
Lee2019_SSVEP,ATCNet,FM-Dec_A-None_AdaBN-F,32,0.93,0.9924666667
Lee2019_SSVEP,ATCNet,FM-Dec_A-None_AdaBN-F,36,1,1
Lee2019_SSVEP,ATCNet,FM-Dec_A-None_AdaBN-F,39,1,1
Lee2019_SSVEP,ATCNet,FM-Dec_A-None_AdaBN-F,40,0.945,0.9956
Lee2019_SSVEP,ATCNet,FM-Dec_A-None_AdaBN-F,41,0.985,0.9994666667
Lee2019_SSVEP,ATCNet,FM-Dec_A-None_AdaBN-F,42,0.81,0.9570333333
Lee2019_SSVEP,ATCNet,FM-Dec_A-None_AdaBN-F,43,1,1
Lee2019_SSVEP,ATCNet,FM-Dec_A-None_AdaBN-F,44,0.985,1
Lee2019_SSVEP,ATCNet,FM-Dec_A-None_AdaBN-F,47,0.625,0.8733333333
Lee2019_SSVEP,ATCNet,FM-Dec_A-None_AdaBN-F,48,1,1
Lee2019_SSVEP,ATCNet,FM-Dec_A-None_AdaBN-F,52,0.995,0.9999
Lee2019_SSVEP,ATCNet,FM-Dec_A-None_AdaBN-F,54,0.835,0.9663
Lee2019_SSVEP,ATCNet,FM-Dec_A-Riem_AdaBN-T,4,0.99,0.9999333333
Lee2019_SSVEP,ATCNet,FM-Dec_A-Riem_AdaBN-T,5,0.85,0.9663333333
Lee2019_SSVEP,ATCNet,FM-Dec_A-Riem_AdaBN-T,6,0.965,0.9998
Lee2019_SSVEP,ATCNet,FM-Dec_A-Riem_AdaBN-T,7,1,1
Lee2019_SSVEP,ATCNet,FM-Dec_A-Riem_AdaBN-T,9,0.95,0.9972333333
Lee2019_SSVEP,ATCNet,FM-Dec_A-Riem_AdaBN-T,10,0.995,0.9997666667
Lee2019_SSVEP,ATCNet,FM-Dec_A-Riem_AdaBN-T,13,0.995,1
Lee2019_SSVEP,ATCNet,FM-Dec_A-Riem_AdaBN-T,14,0.96,0.9973666667
Lee2019_SSVEP,ATCNet,FM-Dec_A-Riem_AdaBN-T,16,0.995,1
Lee2019_SSVEP,ATCNet,FM-Dec_A-Riem_AdaBN-T,17,0.95,0.9971
Lee2019_SSVEP,ATCNet,FM-Dec_A-Riem_AdaBN-T,18,0.975,0.9989333333
Lee2019_SSVEP,ATCNet,FM-Dec_A-Riem_AdaBN-T,20,0.97,0.9992666667
Lee2019_SSVEP,ATCNet,FM-Dec_A-Riem_AdaBN-T,25,0.955,0.9976666667
Lee2019_SSVEP,ATCNet,FM-Dec_A-Riem_AdaBN-T,26,0.985,0.9995666667
Lee2019_SSVEP,ATCNet,FM-Dec_A-Riem_AdaBN-T,27,0.995,1
Lee2019_SSVEP,ATCNet,FM-Dec_A-Riem_AdaBN-T,31,0.995,0.9999333333
Lee2019_SSVEP,ATCNet,FM-Dec_A-Riem_AdaBN-T,33,0.995,1
Lee2019_SSVEP,ATCNet,FM-Dec_A-Riem_AdaBN-T,34,0.845,0.9660666667
Lee2019_SSVEP,ATCNet,FM-Dec_A-Riem_AdaBN-T,35,0.99,0.9995333333
Lee2019_SSVEP,ATCNet,FM-Dec_A-Riem_AdaBN-T,37,0.98,0.9998
Lee2019_SSVEP,ATCNet,FM-Dec_A-Riem_AdaBN-T,38,0.975,0.9997333333
Lee2019_SSVEP,ATCNet,FM-Dec_A-Riem_AdaBN-T,45,0.925,0.9907
Lee2019_SSVEP,ATCNet,FM-Dec_A-Riem_AdaBN-T,46,1,1
Lee2019_SSVEP,ATCNet,FM-Dec_A-Riem_AdaBN-T,49,0.99,0.9998666667
Lee2019_SSVEP,ATCNet,FM-Dec_A-Riem_AdaBN-T,50,1,1
Lee2019_SSVEP,ATCNet,FM-Dec_A-Riem_AdaBN-T,51,0.785,0.9506666667
Lee2019_SSVEP,ATCNet,FM-Dec_A-Riem_AdaBN-T,53,1,1
Lee2019_SSVEP,ATCNet,FM-Dec_A-Riem_AdaBN-T,1,0.935,0.9965333333
Lee2019_SSVEP,ATCNet,FM-Dec_A-Riem_AdaBN-T,2,0.99,0.9981666667
Lee2019_SSVEP,ATCNet,FM-Dec_A-Riem_AdaBN-T,3,0.905,0.9847
Lee2019_SSVEP,ATCNet,FM-Dec_A-Riem_AdaBN-T,8,0.955,0.9904333333
Lee2019_SSVEP,ATCNet,FM-Dec_A-Riem_AdaBN-T,11,0.985,1
Lee2019_SSVEP,ATCNet,FM-Dec_A-Riem_AdaBN-T,12,0.96,0.9983
Lee2019_SSVEP,ATCNet,FM-Dec_A-Riem_AdaBN-T,15,0.99,0.9999666667
Lee2019_SSVEP,ATCNet,FM-Dec_A-Riem_AdaBN-T,19,0.975,0.9994666667
Lee2019_SSVEP,ATCNet,FM-Dec_A-Riem_AdaBN-T,21,0.91,0.9906666667
Lee2019_SSVEP,ATCNet,FM-Dec_A-Riem_AdaBN-T,22,0.91,0.9902
Lee2019_SSVEP,ATCNet,FM-Dec_A-Riem_AdaBN-T,23,0.345,0.6130666667
Lee2019_SSVEP,ATCNet,FM-Dec_A-Riem_AdaBN-T,24,0.98,0.9946666667
Lee2019_SSVEP,ATCNet,FM-Dec_A-Riem_AdaBN-T,28,0.98,0.9976
Lee2019_SSVEP,ATCNet,FM-Dec_A-Riem_AdaBN-T,29,0.965,0.9981
Lee2019_SSVEP,ATCNet,FM-Dec_A-Riem_AdaBN-T,30,1,1
Lee2019_SSVEP,ATCNet,FM-Dec_A-Riem_AdaBN-T,32,0.9,0.995
Lee2019_SSVEP,ATCNet,FM-Dec_A-Riem_AdaBN-T,36,1,1
Lee2019_SSVEP,ATCNet,FM-Dec_A-Riem_AdaBN-T,39,1,1
Lee2019_SSVEP,ATCNet,FM-Dec_A-Riem_AdaBN-T,40,0.94,0.9942
Lee2019_SSVEP,ATCNet,FM-Dec_A-Riem_AdaBN-T,41,0.975,0.9993
Lee2019_SSVEP,ATCNet,FM-Dec_A-Riem_AdaBN-T,42,0.785,0.9558
Lee2019_SSVEP,ATCNet,FM-Dec_A-Riem_AdaBN-T,43,1,1
Lee2019_SSVEP,ATCNet,FM-Dec_A-Riem_AdaBN-T,44,0.995,1
Lee2019_SSVEP,ATCNet,FM-Dec_A-Riem_AdaBN-T,47,0.645,0.8804333333
Lee2019_SSVEP,ATCNet,FM-Dec_A-Riem_AdaBN-T,48,0.995,1
Lee2019_SSVEP,ATCNet,FM-Dec_A-Riem_AdaBN-T,52,0.985,1
Lee2019_SSVEP,ATCNet,FM-Dec_A-Riem_AdaBN-T,54,0.865,0.9669
Lee2019_SSVEP,ATCNet,FM-Full_A-Eucl_AdaBN-F,4,1,1
Lee2019_SSVEP,ATCNet,FM-Full_A-Eucl_AdaBN-F,5,0.845,0.9742666667
Lee2019_SSVEP,ATCNet,FM-Full_A-Eucl_AdaBN-F,6,0.995,1
Lee2019_SSVEP,ATCNet,FM-Full_A-Eucl_AdaBN-F,7,1,1
Lee2019_SSVEP,ATCNet,FM-Full_A-Eucl_AdaBN-F,9,0.975,0.9985
Lee2019_SSVEP,ATCNet,FM-Full_A-Eucl_AdaBN-F,10,1,1
Lee2019_SSVEP,ATCNet,FM-Full_A-Eucl_AdaBN-F,13,1,1
Lee2019_SSVEP,ATCNet,FM-Full_A-Eucl_AdaBN-F,14,0.98,0.9995333333
Lee2019_SSVEP,ATCNet,FM-Full_A-Eucl_AdaBN-F,16,1,1
Lee2019_SSVEP,ATCNet,FM-Full_A-Eucl_AdaBN-F,17,0.985,0.9995
Lee2019_SSVEP,ATCNet,FM-Full_A-Eucl_AdaBN-F,18,0.985,0.9991666667
Lee2019_SSVEP,ATCNet,FM-Full_A-Eucl_AdaBN-F,20,0.975,0.9992
Lee2019_SSVEP,ATCNet,FM-Full_A-Eucl_AdaBN-F,25,0.98,0.9996
Lee2019_SSVEP,ATCNet,FM-Full_A-Eucl_AdaBN-F,26,1,1
Lee2019_SSVEP,ATCNet,FM-Full_A-Eucl_AdaBN-F,27,0.995,0.9999666667
Lee2019_SSVEP,ATCNet,FM-Full_A-Eucl_AdaBN-F,31,1,1
Lee2019_SSVEP,ATCNet,FM-Full_A-Eucl_AdaBN-F,33,1,1
Lee2019_SSVEP,ATCNet,FM-Full_A-Eucl_AdaBN-F,34,0.88,0.9809
Lee2019_SSVEP,ATCNet,FM-Full_A-Eucl_AdaBN-F,35,0.99,0.9996666667
Lee2019_SSVEP,ATCNet,FM-Full_A-Eucl_AdaBN-F,37,0.985,0.9998333333
Lee2019_SSVEP,ATCNet,FM-Full_A-Eucl_AdaBN-F,38,0.98,0.9997
Lee2019_SSVEP,ATCNet,FM-Full_A-Eucl_AdaBN-F,45,0.96,0.9959666667
Lee2019_SSVEP,ATCNet,FM-Full_A-Eucl_AdaBN-F,46,1,1
Lee2019_SSVEP,ATCNet,FM-Full_A-Eucl_AdaBN-F,49,1,1
Lee2019_SSVEP,ATCNet,FM-Full_A-Eucl_AdaBN-F,50,0.995,0.9998
Lee2019_SSVEP,ATCNet,FM-Full_A-Eucl_AdaBN-F,51,0.825,0.9623333333
Lee2019_SSVEP,ATCNet,FM-Full_A-Eucl_AdaBN-F,53,1,1
Lee2019_SSVEP,ATCNet,FM-Full_A-Eucl_AdaBN-F,1,0.945,0.9974666667
Lee2019_SSVEP,ATCNet,FM-Full_A-Eucl_AdaBN-F,2,0.99,0.9997666667
Lee2019_SSVEP,ATCNet,FM-Full_A-Eucl_AdaBN-F,3,0.9,0.9879666667
Lee2019_SSVEP,ATCNet,FM-Full_A-Eucl_AdaBN-F,8,0.96,0.9915
Lee2019_SSVEP,ATCNet,FM-Full_A-Eucl_AdaBN-F,11,0.995,1
Lee2019_SSVEP,ATCNet,FM-Full_A-Eucl_AdaBN-F,12,0.96,0.9987
Lee2019_SSVEP,ATCNet,FM-Full_A-Eucl_AdaBN-F,15,1,1
Lee2019_SSVEP,ATCNet,FM-Full_A-Eucl_AdaBN-F,19,0.975,0.9997
Lee2019_SSVEP,ATCNet,FM-Full_A-Eucl_AdaBN-F,21,0.94,0.9958
Lee2019_SSVEP,ATCNet,FM-Full_A-Eucl_AdaBN-F,22,0.935,0.9950333333
Lee2019_SSVEP,ATCNet,FM-Full_A-Eucl_AdaBN-F,23,0.615,0.8308333333
Lee2019_SSVEP,ATCNet,FM-Full_A-Eucl_AdaBN-F,24,0.99,0.9951666667
Lee2019_SSVEP,ATCNet,FM-Full_A-Eucl_AdaBN-F,28,0.98,0.9987333333
Lee2019_SSVEP,ATCNet,FM-Full_A-Eucl_AdaBN-F,29,0.96,0.9984333333
Lee2019_SSVEP,ATCNet,FM-Full_A-Eucl_AdaBN-F,30,0.995,1
Lee2019_SSVEP,ATCNet,FM-Full_A-Eucl_AdaBN-F,32,0.995,0.9999
Lee2019_SSVEP,ATCNet,FM-Full_A-Eucl_AdaBN-F,36,1,1
Lee2019_SSVEP,ATCNet,FM-Full_A-Eucl_AdaBN-F,39,1,1
Lee2019_SSVEP,ATCNet,FM-Full_A-Eucl_AdaBN-F,40,0.925,0.9936333333
Lee2019_SSVEP,ATCNet,FM-Full_A-Eucl_AdaBN-F,41,0.99,1
Lee2019_SSVEP,ATCNet,FM-Full_A-Eucl_AdaBN-F,42,0.8,0.9602666667
Lee2019_SSVEP,ATCNet,FM-Full_A-Eucl_AdaBN-F,43,1,1
Lee2019_SSVEP,ATCNet,FM-Full_A-Eucl_AdaBN-F,44,0.99,0.9999
Lee2019_SSVEP,ATCNet,FM-Full_A-Eucl_AdaBN-F,47,0.645,0.8776333333
Lee2019_SSVEP,ATCNet,FM-Full_A-Eucl_AdaBN-F,48,0.995,1
Lee2019_SSVEP,ATCNet,FM-Full_A-Eucl_AdaBN-F,52,0.995,1
Lee2019_SSVEP,ATCNet,FM-Full_A-Eucl_AdaBN-F,54,0.895,0.9809333333
Lee2019_SSVEP,ATCNet,FM-Full_A-Eucl_AdaBN-T,4,0.995,1
Lee2019_SSVEP,ATCNet,FM-Full_A-Eucl_AdaBN-T,5,0.855,0.9732
Lee2019_SSVEP,ATCNet,FM-Full_A-Eucl_AdaBN-T,6,1,1
Lee2019_SSVEP,ATCNet,FM-Full_A-Eucl_AdaBN-T,7,0.995,1
Lee2019_SSVEP,ATCNet,FM-Full_A-Eucl_AdaBN-T,9,0.95,0.9974333333
Lee2019_SSVEP,ATCNet,FM-Full_A-Eucl_AdaBN-T,10,0.995,0.9999333333
Lee2019_SSVEP,ATCNet,FM-Full_A-Eucl_AdaBN-T,13,1,1
Lee2019_SSVEP,ATCNet,FM-Full_A-Eucl_AdaBN-T,14,0.98,0.9994666667
Lee2019_SSVEP,ATCNet,FM-Full_A-Eucl_AdaBN-T,16,1,1
Lee2019_SSVEP,ATCNet,FM-Full_A-Eucl_AdaBN-T,17,0.97,0.9985666667
Lee2019_SSVEP,ATCNet,FM-Full_A-Eucl_AdaBN-T,18,0.98,0.9993333333
Lee2019_SSVEP,ATCNet,FM-Full_A-Eucl_AdaBN-T,20,0.975,0.9991333333
Lee2019_SSVEP,ATCNet,FM-Full_A-Eucl_AdaBN-T,25,0.98,0.9994
Lee2019_SSVEP,ATCNet,FM-Full_A-Eucl_AdaBN-T,26,1,1
Lee2019_SSVEP,ATCNet,FM-Full_A-Eucl_AdaBN-T,27,0.995,0.9999666667
Lee2019_SSVEP,ATCNet,FM-Full_A-Eucl_AdaBN-T,31,0.995,1
Lee2019_SSVEP,ATCNet,FM-Full_A-Eucl_AdaBN-T,33,1,1
Lee2019_SSVEP,ATCNet,FM-Full_A-Eucl_AdaBN-T,34,0.865,0.9768
Lee2019_SSVEP,ATCNet,FM-Full_A-Eucl_AdaBN-T,35,0.99,0.9997
Lee2019_SSVEP,ATCNet,FM-Full_A-Eucl_AdaBN-T,37,0.995,0.9997333333
Lee2019_SSVEP,ATCNet,FM-Full_A-Eucl_AdaBN-T,38,0.975,0.9996666667
Lee2019_SSVEP,ATCNet,FM-Full_A-Eucl_AdaBN-T,45,0.94,0.9933666667
Lee2019_SSVEP,ATCNet,FM-Full_A-Eucl_AdaBN-T,46,1,1
Lee2019_SSVEP,ATCNet,FM-Full_A-Eucl_AdaBN-T,49,0.995,0.9999666667
Lee2019_SSVEP,ATCNet,FM-Full_A-Eucl_AdaBN-T,50,0.995,0.9999
Lee2019_SSVEP,ATCNet,FM-Full_A-Eucl_AdaBN-T,51,0.795,0.9593
Lee2019_SSVEP,ATCNet,FM-Full_A-Eucl_AdaBN-T,53,1,1
Lee2019_SSVEP,ATCNet,FM-Full_A-Eucl_AdaBN-T,1,0.93,0.9951
Lee2019_SSVEP,ATCNet,FM-Full_A-Eucl_AdaBN-T,2,0.99,0.9997
Lee2019_SSVEP,ATCNet,FM-Full_A-Eucl_AdaBN-T,3,0.905,0.9849
Lee2019_SSVEP,ATCNet,FM-Full_A-Eucl_AdaBN-T,8,0.955,0.9907333333
Lee2019_SSVEP,ATCNet,FM-Full_A-Eucl_AdaBN-T,11,0.995,0.9999666667
Lee2019_SSVEP,ATCNet,FM-Full_A-Eucl_AdaBN-T,12,0.95,0.9985
Lee2019_SSVEP,ATCNet,FM-Full_A-Eucl_AdaBN-T,15,1,1
Lee2019_SSVEP,ATCNet,FM-Full_A-Eucl_AdaBN-T,19,0.98,0.9994666667
Lee2019_SSVEP,ATCNet,FM-Full_A-Eucl_AdaBN-T,21,0.95,0.9956
Lee2019_SSVEP,ATCNet,FM-Full_A-Eucl_AdaBN-T,22,0.93,0.9945666667
Lee2019_SSVEP,ATCNet,FM-Full_A-Eucl_AdaBN-T,23,0.61,0.8360666667
Lee2019_SSVEP,ATCNet,FM-Full_A-Eucl_AdaBN-T,24,0.98,0.9952333333
Lee2019_SSVEP,ATCNet,FM-Full_A-Eucl_AdaBN-T,28,0.975,0.9985333333
Lee2019_SSVEP,ATCNet,FM-Full_A-Eucl_AdaBN-T,29,0.96,0.9980333333
Lee2019_SSVEP,ATCNet,FM-Full_A-Eucl_AdaBN-T,30,0.995,1
Lee2019_SSVEP,ATCNet,FM-Full_A-Eucl_AdaBN-T,32,0.985,0.9997
Lee2019_SSVEP,ATCNet,FM-Full_A-Eucl_AdaBN-T,36,1,1
Lee2019_SSVEP,ATCNet,FM-Full_A-Eucl_AdaBN-T,39,1,1
Lee2019_SSVEP,ATCNet,FM-Full_A-Eucl_AdaBN-T,40,0.92,0.9914
Lee2019_SSVEP,ATCNet,FM-Full_A-Eucl_AdaBN-T,41,0.995,1
Lee2019_SSVEP,ATCNet,FM-Full_A-Eucl_AdaBN-T,42,0.81,0.9588666667
Lee2019_SSVEP,ATCNet,FM-Full_A-Eucl_AdaBN-T,43,1,1
Lee2019_SSVEP,ATCNet,FM-Full_A-Eucl_AdaBN-T,44,0.98,0.9998666667
Lee2019_SSVEP,ATCNet,FM-Full_A-Eucl_AdaBN-T,47,0.65,0.8697
Lee2019_SSVEP,ATCNet,FM-Full_A-Eucl_AdaBN-T,48,0.995,1
Lee2019_SSVEP,ATCNet,FM-Full_A-Eucl_AdaBN-T,52,0.99,1
Lee2019_SSVEP,ATCNet,FM-Full_A-Eucl_AdaBN-T,54,0.875,0.9769
Lee2019_SSVEP,ATCNet,FM-Full_A-None_AdaBN-F,4,1,1
Lee2019_SSVEP,ATCNet,FM-Full_A-None_AdaBN-F,5,0.845,0.9772
Lee2019_SSVEP,ATCNet,FM-Full_A-None_AdaBN-F,6,1,1
Lee2019_SSVEP,ATCNet,FM-Full_A-None_AdaBN-F,7,1,1
Lee2019_SSVEP,ATCNet,FM-Full_A-None_AdaBN-F,9,0.98,0.9996333333
Lee2019_SSVEP,ATCNet,FM-Full_A-None_AdaBN-F,10,1,1
Lee2019_SSVEP,ATCNet,FM-Full_A-None_AdaBN-F,13,0.995,0.9999666667
Lee2019_SSVEP,ATCNet,FM-Full_A-None_AdaBN-F,14,0.915,0.9937
Lee2019_SSVEP,ATCNet,FM-Full_A-None_AdaBN-F,16,1,1
Lee2019_SSVEP,ATCNet,FM-Full_A-None_AdaBN-F,17,0.99,0.9994
Lee2019_SSVEP,ATCNet,FM-Full_A-None_AdaBN-F,18,0.975,0.9994
Lee2019_SSVEP,ATCNet,FM-Full_A-None_AdaBN-F,20,0.98,0.9995333333
Lee2019_SSVEP,ATCNet,FM-Full_A-None_AdaBN-F,25,0.97,0.9995
Lee2019_SSVEP,ATCNet,FM-Full_A-None_AdaBN-F,26,1,1
Lee2019_SSVEP,ATCNet,FM-Full_A-None_AdaBN-F,27,0.995,0.9999666667
Lee2019_SSVEP,ATCNet,FM-Full_A-None_AdaBN-F,31,1,1
Lee2019_SSVEP,ATCNet,FM-Full_A-None_AdaBN-F,33,1,1
Lee2019_SSVEP,ATCNet,FM-Full_A-None_AdaBN-F,34,0.855,0.9711333333
Lee2019_SSVEP,ATCNet,FM-Full_A-None_AdaBN-F,35,0.985,0.9992666667
Lee2019_SSVEP,ATCNet,FM-Full_A-None_AdaBN-F,37,0.985,0.9998666667
Lee2019_SSVEP,ATCNet,FM-Full_A-None_AdaBN-F,38,0.995,0.9999666667
Lee2019_SSVEP,ATCNet,FM-Full_A-None_AdaBN-F,45,0.945,0.9963
Lee2019_SSVEP,ATCNet,FM-Full_A-None_AdaBN-F,46,1,1
Lee2019_SSVEP,ATCNet,FM-Full_A-None_AdaBN-F,49,0.995,0.9999666667
Lee2019_SSVEP,ATCNet,FM-Full_A-None_AdaBN-F,50,0.995,0.9999333333
Lee2019_SSVEP,ATCNet,FM-Full_A-None_AdaBN-F,51,0.815,0.9635
Lee2019_SSVEP,ATCNet,FM-Full_A-None_AdaBN-F,53,1,1
Lee2019_SSVEP,ATCNet,FM-Full_A-None_AdaBN-F,1,0.96,0.9979666667
Lee2019_SSVEP,ATCNet,FM-Full_A-None_AdaBN-F,2,0.99,1
Lee2019_SSVEP,ATCNet,FM-Full_A-None_AdaBN-F,3,0.93,0.9927666667
Lee2019_SSVEP,ATCNet,FM-Full_A-None_AdaBN-F,8,0.945,0.9926666667
Lee2019_SSVEP,ATCNet,FM-Full_A-None_AdaBN-F,11,1,1
Lee2019_SSVEP,ATCNet,FM-Full_A-None_AdaBN-F,12,0.975,0.9989666667
Lee2019_SSVEP,ATCNet,FM-Full_A-None_AdaBN-F,15,0.995,1
Lee2019_SSVEP,ATCNet,FM-Full_A-None_AdaBN-F,19,0.985,0.9997666667
Lee2019_SSVEP,ATCNet,FM-Full_A-None_AdaBN-F,21,0.97,0.9994
Lee2019_SSVEP,ATCNet,FM-Full_A-None_AdaBN-F,22,0.925,0.9920333333
Lee2019_SSVEP,ATCNet,FM-Full_A-None_AdaBN-F,23,0.59,0.8067333333
Lee2019_SSVEP,ATCNet,FM-Full_A-None_AdaBN-F,24,0.97,0.9936333333
Lee2019_SSVEP,ATCNet,FM-Full_A-None_AdaBN-F,28,0.98,0.9988333333
Lee2019_SSVEP,ATCNet,FM-Full_A-None_AdaBN-F,29,0.965,0.9987666667
Lee2019_SSVEP,ATCNet,FM-Full_A-None_AdaBN-F,30,1,1
Lee2019_SSVEP,ATCNet,FM-Full_A-None_AdaBN-F,32,0.975,0.9981
Lee2019_SSVEP,ATCNet,FM-Full_A-None_AdaBN-F,36,1,1
Lee2019_SSVEP,ATCNet,FM-Full_A-None_AdaBN-F,39,1,1
Lee2019_SSVEP,ATCNet,FM-Full_A-None_AdaBN-F,40,0.925,0.9942333333
Lee2019_SSVEP,ATCNet,FM-Full_A-None_AdaBN-F,41,1,1
Lee2019_SSVEP,ATCNet,FM-Full_A-None_AdaBN-F,42,0.8,0.9565333333
Lee2019_SSVEP,ATCNet,FM-Full_A-None_AdaBN-F,43,1,1
Lee2019_SSVEP,ATCNet,FM-Full_A-None_AdaBN-F,44,0.985,0.9999666667
Lee2019_SSVEP,ATCNet,FM-Full_A-None_AdaBN-F,47,0.63,0.8762666667
Lee2019_SSVEP,ATCNet,FM-Full_A-None_AdaBN-F,48,1,1
Lee2019_SSVEP,ATCNet,FM-Full_A-None_AdaBN-F,52,1,1
Lee2019_SSVEP,ATCNet,FM-Full_A-None_AdaBN-F,54,0.89,0.9822666667
Lee2019_SSVEP,ATCNet,FM-Full_A-Riem_AdaBN-F,4,1,1
Lee2019_SSVEP,ATCNet,FM-Full_A-Riem_AdaBN-F,5,0.8,0.9657666667
Lee2019_SSVEP,ATCNet,FM-Full_A-Riem_AdaBN-F,6,1,1
Lee2019_SSVEP,ATCNet,FM-Full_A-Riem_AdaBN-F,7,1,1
Lee2019_SSVEP,ATCNet,FM-Full_A-Riem_AdaBN-F,9,0.975,0.9990666667
Lee2019_SSVEP,ATCNet,FM-Full_A-Riem_AdaBN-F,10,0.99,1
Lee2019_SSVEP,ATCNet,FM-Full_A-Riem_AdaBN-F,13,1,1
Lee2019_SSVEP,ATCNet,FM-Full_A-Riem_AdaBN-F,14,0.98,0.9993333333
Lee2019_SSVEP,ATCNet,FM-Full_A-Riem_AdaBN-F,16,1,1
Lee2019_SSVEP,ATCNet,FM-Full_A-Riem_AdaBN-F,17,0.96,0.9976
Lee2019_SSVEP,ATCNet,FM-Full_A-Riem_AdaBN-F,18,0.975,0.9991
Lee2019_SSVEP,ATCNet,FM-Full_A-Riem_AdaBN-F,20,0.97,0.9992666667
Lee2019_SSVEP,ATCNet,FM-Full_A-Riem_AdaBN-F,25,0.965,0.9995666667
Lee2019_SSVEP,ATCNet,FM-Full_A-Riem_AdaBN-F,26,1,1
Lee2019_SSVEP,ATCNet,FM-Full_A-Riem_AdaBN-F,27,1,1
Lee2019_SSVEP,ATCNet,FM-Full_A-Riem_AdaBN-F,31,0.995,1
Lee2019_SSVEP,ATCNet,FM-Full_A-Riem_AdaBN-F,33,1,1
Lee2019_SSVEP,ATCNet,FM-Full_A-Riem_AdaBN-F,34,0.87,0.9798666667
Lee2019_SSVEP,ATCNet,FM-Full_A-Riem_AdaBN-F,35,0.99,0.9996
Lee2019_SSVEP,ATCNet,FM-Full_A-Riem_AdaBN-F,37,0.985,0.9998333333
Lee2019_SSVEP,ATCNet,FM-Full_A-Riem_AdaBN-F,38,0.985,0.9996
Lee2019_SSVEP,ATCNet,FM-Full_A-Riem_AdaBN-F,45,0.94,0.9968
Lee2019_SSVEP,ATCNet,FM-Full_A-Riem_AdaBN-F,46,1,1
Lee2019_SSVEP,ATCNet,FM-Full_A-Riem_AdaBN-F,49,0.99,0.9999666667
Lee2019_SSVEP,ATCNet,FM-Full_A-Riem_AdaBN-F,50,0.995,0.9999666667
Lee2019_SSVEP,ATCNet,FM-Full_A-Riem_AdaBN-F,51,0.8,0.9635
Lee2019_SSVEP,ATCNet,FM-Full_A-Riem_AdaBN-F,53,1,1
Lee2019_SSVEP,ATCNet,FM-Full_A-Riem_AdaBN-F,1,0.95,0.9976666667
Lee2019_SSVEP,ATCNet,FM-Full_A-Riem_AdaBN-F,2,0.99,0.9997666667
Lee2019_SSVEP,ATCNet,FM-Full_A-Riem_AdaBN-F,3,0.91,0.9885
Lee2019_SSVEP,ATCNet,FM-Full_A-Riem_AdaBN-F,8,0.96,0.9917333333
Lee2019_SSVEP,ATCNet,FM-Full_A-Riem_AdaBN-F,11,0.98,1
Lee2019_SSVEP,ATCNet,FM-Full_A-Riem_AdaBN-F,12,0.96,0.9983333333
Lee2019_SSVEP,ATCNet,FM-Full_A-Riem_AdaBN-F,15,0.995,1
Lee2019_SSVEP,ATCNet,FM-Full_A-Riem_AdaBN-F,19,0.975,0.9996333333
Lee2019_SSVEP,ATCNet,FM-Full_A-Riem_AdaBN-F,21,0.95,0.9972333333
Lee2019_SSVEP,ATCNet,FM-Full_A-Riem_AdaBN-F,22,0.935,0.9958666667
Lee2019_SSVEP,ATCNet,FM-Full_A-Riem_AdaBN-F,23,0.525,0.7816666667
Lee2019_SSVEP,ATCNet,FM-Full_A-Riem_AdaBN-F,24,0.985,0.9944666667
Lee2019_SSVEP,ATCNet,FM-Full_A-Riem_AdaBN-F,28,0.975,0.9984666667
Lee2019_SSVEP,ATCNet,FM-Full_A-Riem_AdaBN-F,29,0.965,0.999
Lee2019_SSVEP,ATCNet,FM-Full_A-Riem_AdaBN-F,30,1,1
Lee2019_SSVEP,ATCNet,FM-Full_A-Riem_AdaBN-F,32,0.98,0.9997666667
Lee2019_SSVEP,ATCNet,FM-Full_A-Riem_AdaBN-F,36,1,1
Lee2019_SSVEP,ATCNet,FM-Full_A-Riem_AdaBN-F,39,1,1
Lee2019_SSVEP,ATCNet,FM-Full_A-Riem_AdaBN-F,40,0.93,0.9947
Lee2019_SSVEP,ATCNet,FM-Full_A-Riem_AdaBN-F,41,0.99,1
Lee2019_SSVEP,ATCNet,FM-Full_A-Riem_AdaBN-F,42,0.795,0.9515
Lee2019_SSVEP,ATCNet,FM-Full_A-Riem_AdaBN-F,43,1,1
Lee2019_SSVEP,ATCNet,FM-Full_A-Riem_AdaBN-F,44,0.995,1
Lee2019_SSVEP,ATCNet,FM-Full_A-Riem_AdaBN-F,47,0.65,0.8839666667
Lee2019_SSVEP,ATCNet,FM-Full_A-Riem_AdaBN-F,48,0.995,1
Lee2019_SSVEP,ATCNet,FM-Full_A-Riem_AdaBN-F,52,1,1
Lee2019_SSVEP,ATCNet,FM-Full_A-Riem_AdaBN-F,54,0.89,0.9824333333
Lee2019_SSVEP,ATCNet,FM-Full_A-Riem_AdaBN-T,4,1,1
Lee2019_SSVEP,ATCNet,FM-Full_A-Riem_AdaBN-T,5,0.87,0.9725333333
Lee2019_SSVEP,ATCNet,FM-Full_A-Riem_AdaBN-T,6,1,1
Lee2019_SSVEP,ATCNet,FM-Full_A-Riem_AdaBN-T,7,0.995,1
Lee2019_SSVEP,ATCNet,FM-Full_A-Riem_AdaBN-T,9,0.97,0.9982333333
Lee2019_SSVEP,ATCNet,FM-Full_A-Riem_AdaBN-T,10,0.995,0.9998
Lee2019_SSVEP,ATCNet,FM-Full_A-Riem_AdaBN-T,13,0.995,1
Lee2019_SSVEP,ATCNet,FM-Full_A-Riem_AdaBN-T,14,0.98,0.9993666667
Lee2019_SSVEP,ATCNet,FM-Full_A-Riem_AdaBN-T,16,0.995,1
Lee2019_SSVEP,ATCNet,FM-Full_A-Riem_AdaBN-T,17,0.965,0.9981333333
Lee2019_SSVEP,ATCNet,FM-Full_A-Riem_AdaBN-T,18,0.975,0.9989333333
Lee2019_SSVEP,ATCNet,FM-Full_A-Riem_AdaBN-T,20,0.975,0.9994333333
Lee2019_SSVEP,ATCNet,FM-Full_A-Riem_AdaBN-T,25,0.965,0.9994333333
Lee2019_SSVEP,ATCNet,FM-Full_A-Riem_AdaBN-T,26,1,1
Lee2019_SSVEP,ATCNet,FM-Full_A-Riem_AdaBN-T,27,1,1
Lee2019_SSVEP,ATCNet,FM-Full_A-Riem_AdaBN-T,31,0.99,0.9999333333
Lee2019_SSVEP,ATCNet,FM-Full_A-Riem_AdaBN-T,33,1,1
Lee2019_SSVEP,ATCNet,FM-Full_A-Riem_AdaBN-T,34,0.875,0.9803
Lee2019_SSVEP,ATCNet,FM-Full_A-Riem_AdaBN-T,35,0.99,0.9996333333
Lee2019_SSVEP,ATCNet,FM-Full_A-Riem_AdaBN-T,37,0.985,0.9997333333
Lee2019_SSVEP,ATCNet,FM-Full_A-Riem_AdaBN-T,38,0.98,0.9996
Lee2019_SSVEP,ATCNet,FM-Full_A-Riem_AdaBN-T,45,0.945,0.9942666667
Lee2019_SSVEP,ATCNet,FM-Full_A-Riem_AdaBN-T,46,1,1
Lee2019_SSVEP,ATCNet,FM-Full_A-Riem_AdaBN-T,49,0.99,0.9999
Lee2019_SSVEP,ATCNet,FM-Full_A-Riem_AdaBN-T,50,0.995,0.9999666667
Lee2019_SSVEP,ATCNet,FM-Full_A-Riem_AdaBN-T,51,0.82,0.9597
Lee2019_SSVEP,ATCNet,FM-Full_A-Riem_AdaBN-T,53,1,1
Lee2019_SSVEP,ATCNet,FM-Full_A-Riem_AdaBN-T,1,0.945,0.9973
Lee2019_SSVEP,ATCNet,FM-Full_A-Riem_AdaBN-T,2,0.99,0.9996333333
Lee2019_SSVEP,ATCNet,FM-Full_A-Riem_AdaBN-T,3,0.905,0.9846666667
Lee2019_SSVEP,ATCNet,FM-Full_A-Riem_AdaBN-T,8,0.95,0.9914666667
Lee2019_SSVEP,ATCNet,FM-Full_A-Riem_AdaBN-T,11,0.99,1
Lee2019_SSVEP,ATCNet,FM-Full_A-Riem_AdaBN-T,12,0.96,0.9982666667
Lee2019_SSVEP,ATCNet,FM-Full_A-Riem_AdaBN-T,15,1,1
Lee2019_SSVEP,ATCNet,FM-Full_A-Riem_AdaBN-T,19,0.975,0.9993666667
Lee2019_SSVEP,ATCNet,FM-Full_A-Riem_AdaBN-T,21,0.97,0.9973
Lee2019_SSVEP,ATCNet,FM-Full_A-Riem_AdaBN-T,22,0.91,0.9953
Lee2019_SSVEP,ATCNet,FM-Full_A-Riem_AdaBN-T,23,0.595,0.7898333333
Lee2019_SSVEP,ATCNet,FM-Full_A-Riem_AdaBN-T,24,0.985,0.9955333333
Lee2019_SSVEP,ATCNet,FM-Full_A-Riem_AdaBN-T,28,0.98,0.9981666667
Lee2019_SSVEP,ATCNet,FM-Full_A-Riem_AdaBN-T,29,0.975,0.9988666667
Lee2019_SSVEP,ATCNet,FM-Full_A-Riem_AdaBN-T,30,1,1
Lee2019_SSVEP,ATCNet,FM-Full_A-Riem_AdaBN-T,32,0.98,0.9997666667
Lee2019_SSVEP,ATCNet,FM-Full_A-Riem_AdaBN-T,36,1,1
Lee2019_SSVEP,ATCNet,FM-Full_A-Riem_AdaBN-T,39,1,1
Lee2019_SSVEP,ATCNet,FM-Full_A-Riem_AdaBN-T,40,0.935,0.9938
Lee2019_SSVEP,ATCNet,FM-Full_A-Riem_AdaBN-T,41,0.995,1
Lee2019_SSVEP,ATCNet,FM-Full_A-Riem_AdaBN-T,42,0.795,0.9515666667
Lee2019_SSVEP,ATCNet,FM-Full_A-Riem_AdaBN-T,43,1,1
Lee2019_SSVEP,ATCNet,FM-Full_A-Riem_AdaBN-T,44,0.99,0.9999333333
Lee2019_SSVEP,ATCNet,FM-Full_A-Riem_AdaBN-T,47,0.65,0.8734333333
Lee2019_SSVEP,ATCNet,FM-Full_A-Riem_AdaBN-T,48,0.995,1
Lee2019_SSVEP,ATCNet,FM-Full_A-Riem_AdaBN-T,52,1,1
Lee2019_SSVEP,ATCNet,FM-Full_A-Riem_AdaBN-T,54,0.905,0.9794666667
Lee2019_SSVEP,ATCNet,FM-None_A-Eucl_AdaBN-T,4,0.995,0.9999666667
Lee2019_SSVEP,ATCNet,FM-None_A-Eucl_AdaBN-T,5,0.84,0.9662666667
Lee2019_SSVEP,ATCNet,FM-None_A-Eucl_AdaBN-T,6,0.945,0.9998333333
Lee2019_SSVEP,ATCNet,FM-None_A-Eucl_AdaBN-T,7,0.99,0.9999333333
Lee2019_SSVEP,ATCNet,FM-None_A-Eucl_AdaBN-T,9,0.935,0.9963
Lee2019_SSVEP,ATCNet,FM-None_A-Eucl_AdaBN-T,10,0.99,0.9999
Lee2019_SSVEP,ATCNet,FM-None_A-Eucl_AdaBN-T,13,0.995,0.9999666667
Lee2019_SSVEP,ATCNet,FM-None_A-Eucl_AdaBN-T,14,0.94,0.9975
Lee2019_SSVEP,ATCNet,FM-None_A-Eucl_AdaBN-T,16,1,1
Lee2019_SSVEP,ATCNet,FM-None_A-Eucl_AdaBN-T,17,0.95,0.9978
Lee2019_SSVEP,ATCNet,FM-None_A-Eucl_AdaBN-T,18,0.98,0.9994666667
Lee2019_SSVEP,ATCNet,FM-None_A-Eucl_AdaBN-T,20,0.975,0.999
Lee2019_SSVEP,ATCNet,FM-None_A-Eucl_AdaBN-T,25,0.95,0.9988
Lee2019_SSVEP,ATCNet,FM-None_A-Eucl_AdaBN-T,26,0.985,0.9997666667
Lee2019_SSVEP,ATCNet,FM-None_A-Eucl_AdaBN-T,27,0.99,0.9999666667
Lee2019_SSVEP,ATCNet,FM-None_A-Eucl_AdaBN-T,31,0.995,1
Lee2019_SSVEP,ATCNet,FM-None_A-Eucl_AdaBN-T,33,0.99,0.9999333333
Lee2019_SSVEP,ATCNet,FM-None_A-Eucl_AdaBN-T,34,0.81,0.964
Lee2019_SSVEP,ATCNet,FM-None_A-Eucl_AdaBN-T,35,0.99,0.9997
Lee2019_SSVEP,ATCNet,FM-None_A-Eucl_AdaBN-T,37,0.985,0.9997
Lee2019_SSVEP,ATCNet,FM-None_A-Eucl_AdaBN-T,38,0.985,0.9997666667
Lee2019_SSVEP,ATCNet,FM-None_A-Eucl_AdaBN-T,45,0.945,0.9893
Lee2019_SSVEP,ATCNet,FM-None_A-Eucl_AdaBN-T,46,1,1
Lee2019_SSVEP,ATCNet,FM-None_A-Eucl_AdaBN-T,49,0.99,0.9999666667
Lee2019_SSVEP,ATCNet,FM-None_A-Eucl_AdaBN-T,50,0.995,1
Lee2019_SSVEP,ATCNet,FM-None_A-Eucl_AdaBN-T,51,0.79,0.9494
Lee2019_SSVEP,ATCNet,FM-None_A-Eucl_AdaBN-T,53,0.995,1
Lee2019_SSVEP,ATCNet,FM-None_A-Eucl_AdaBN-T,1,0.945,0.9945333333
Lee2019_SSVEP,ATCNet,FM-None_A-Eucl_AdaBN-T,2,0.99,0.9996
Lee2019_SSVEP,ATCNet,FM-None_A-Eucl_AdaBN-T,3,0.9,0.9872
Lee2019_SSVEP,ATCNet,FM-None_A-Eucl_AdaBN-T,8,0.95,0.9912333333
Lee2019_SSVEP,ATCNet,FM-None_A-Eucl_AdaBN-T,11,0.97,1
Lee2019_SSVEP,ATCNet,FM-None_A-Eucl_AdaBN-T,12,0.975,0.9989333333
Lee2019_SSVEP,ATCNet,FM-None_A-Eucl_AdaBN-T,15,0.99,0.9999333333
Lee2019_SSVEP,ATCNet,FM-None_A-Eucl_AdaBN-T,19,0.975,0.9991333333
Lee2019_SSVEP,ATCNet,FM-None_A-Eucl_AdaBN-T,21,0.925,0.9882333333
Lee2019_SSVEP,ATCNet,FM-None_A-Eucl_AdaBN-T,22,0.89,0.9875333333
Lee2019_SSVEP,ATCNet,FM-None_A-Eucl_AdaBN-T,23,0.425,0.6596333333
Lee2019_SSVEP,ATCNet,FM-None_A-Eucl_AdaBN-T,24,0.98,0.9944333333
Lee2019_SSVEP,ATCNet,FM-None_A-Eucl_AdaBN-T,28,0.96,0.9970333333
Lee2019_SSVEP,ATCNet,FM-None_A-Eucl_AdaBN-T,29,0.965,0.9961333333
Lee2019_SSVEP,ATCNet,FM-None_A-Eucl_AdaBN-T,30,1,1
Lee2019_SSVEP,ATCNet,FM-None_A-Eucl_AdaBN-T,32,0.92,0.9954
Lee2019_SSVEP,ATCNet,FM-None_A-Eucl_AdaBN-T,36,1,1
Lee2019_SSVEP,ATCNet,FM-None_A-Eucl_AdaBN-T,39,1,1
Lee2019_SSVEP,ATCNet,FM-None_A-Eucl_AdaBN-T,40,0.93,0.9942666667
Lee2019_SSVEP,ATCNet,FM-None_A-Eucl_AdaBN-T,41,0.96,0.9992
Lee2019_SSVEP,ATCNet,FM-None_A-Eucl_AdaBN-T,42,0.79,0.9595666667
Lee2019_SSVEP,ATCNet,FM-None_A-Eucl_AdaBN-T,43,1,1
Lee2019_SSVEP,ATCNet,FM-None_A-Eucl_AdaBN-T,44,0.995,1
Lee2019_SSVEP,ATCNet,FM-None_A-Eucl_AdaBN-T,47,0.62,0.8773666667
Lee2019_SSVEP,ATCNet,FM-None_A-Eucl_AdaBN-T,48,0.995,0.9999666667
Lee2019_SSVEP,ATCNet,FM-None_A-Eucl_AdaBN-T,52,0.995,0.9999333333
Lee2019_SSVEP,ATCNet,FM-None_A-Eucl_AdaBN-T,54,0.855,0.9609666667
Lee2019_SSVEP,ATCNet,FM-None_A-None_AdaBN-F,4,1,1
Lee2019_SSVEP,ATCNet,FM-None_A-None_AdaBN-F,5,0.835,0.9684666667
Lee2019_SSVEP,ATCNet,FM-None_A-None_AdaBN-F,6,1,1
Lee2019_SSVEP,ATCNet,FM-None_A-None_AdaBN-F,7,1,1
Lee2019_SSVEP,ATCNet,FM-None_A-None_AdaBN-F,9,0.935,0.9982666667
Lee2019_SSVEP,ATCNet,FM-None_A-None_AdaBN-F,10,1,1
Lee2019_SSVEP,ATCNet,FM-None_A-None_AdaBN-F,13,0.97,0.9997333333
Lee2019_SSVEP,ATCNet,FM-None_A-None_AdaBN-F,14,0.805,0.9495666667
Lee2019_SSVEP,ATCNet,FM-None_A-None_AdaBN-F,16,1,1
Lee2019_SSVEP,ATCNet,FM-None_A-None_AdaBN-F,17,0.92,0.9963333333
Lee2019_SSVEP,ATCNet,FM-None_A-None_AdaBN-F,18,0.98,0.9995666667
Lee2019_SSVEP,ATCNet,FM-None_A-None_AdaBN-F,20,0.98,0.9996
Lee2019_SSVEP,ATCNet,FM-None_A-None_AdaBN-F,25,0.97,0.9993333333
Lee2019_SSVEP,ATCNet,FM-None_A-None_AdaBN-F,26,0.995,0.9999
Lee2019_SSVEP,ATCNet,FM-None_A-None_AdaBN-F,27,1,1
Lee2019_SSVEP,ATCNet,FM-None_A-None_AdaBN-F,31,1,1
Lee2019_SSVEP,ATCNet,FM-None_A-None_AdaBN-F,33,0.99,1
Lee2019_SSVEP,ATCNet,FM-None_A-None_AdaBN-F,34,0.835,0.9530666667
Lee2019_SSVEP,ATCNet,FM-None_A-None_AdaBN-F,35,0.945,0.9980333333
Lee2019_SSVEP,ATCNet,FM-None_A-None_AdaBN-F,37,0.985,0.9997333333
Lee2019_SSVEP,ATCNet,FM-None_A-None_AdaBN-F,38,0.995,0.9998666667
Lee2019_SSVEP,ATCNet,FM-None_A-None_AdaBN-F,45,0.92,0.9960333333
Lee2019_SSVEP,ATCNet,FM-None_A-None_AdaBN-F,46,0.99,1
Lee2019_SSVEP,ATCNet,FM-None_A-None_AdaBN-F,49,0.99,0.9999666667
Lee2019_SSVEP,ATCNet,FM-None_A-None_AdaBN-F,50,0.995,0.9999666667
Lee2019_SSVEP,ATCNet,FM-None_A-None_AdaBN-F,51,0.765,0.9441333333
Lee2019_SSVEP,ATCNet,FM-None_A-None_AdaBN-F,53,1,1
Lee2019_SSVEP,ATCNet,FM-None_A-None_AdaBN-F,1,0.95,0.9983666667
Lee2019_SSVEP,ATCNet,FM-None_A-None_AdaBN-F,2,0.985,0.9999666667
Lee2019_SSVEP,ATCNet,FM-None_A-None_AdaBN-F,3,0.91,0.9892666667
Lee2019_SSVEP,ATCNet,FM-None_A-None_AdaBN-F,8,0.925,0.9914333333
Lee2019_SSVEP,ATCNet,FM-None_A-None_AdaBN-F,11,1,1
Lee2019_SSVEP,ATCNet,FM-None_A-None_AdaBN-F,12,0.965,0.9988
Lee2019_SSVEP,ATCNet,FM-None_A-None_AdaBN-F,15,0.735,0.9766333333
Lee2019_SSVEP,ATCNet,FM-None_A-None_AdaBN-F,19,0.98,0.9997333333
Lee2019_SSVEP,ATCNet,FM-None_A-None_AdaBN-F,21,0.965,0.9979
Lee2019_SSVEP,ATCNet,FM-None_A-None_AdaBN-F,22,0.895,0.9832666667
Lee2019_SSVEP,ATCNet,FM-None_A-None_AdaBN-F,23,0.395,0.6618666667
Lee2019_SSVEP,ATCNet,FM-None_A-None_AdaBN-F,24,0.93,0.9941666667
Lee2019_SSVEP,ATCNet,FM-None_A-None_AdaBN-F,28,0.97,0.9966666667
Lee2019_SSVEP,ATCNet,FM-None_A-None_AdaBN-F,29,0.935,0.9936666667
Lee2019_SSVEP,ATCNet,FM-None_A-None_AdaBN-F,30,0.99,1
Lee2019_SSVEP,ATCNet,FM-None_A-None_AdaBN-F,32,0.925,0.9911333333
Lee2019_SSVEP,ATCNet,FM-None_A-None_AdaBN-F,36,1,1
Lee2019_SSVEP,ATCNet,FM-None_A-None_AdaBN-F,39,1,1
Lee2019_SSVEP,ATCNet,FM-None_A-None_AdaBN-F,40,0.915,0.9941666667
Lee2019_SSVEP,ATCNet,FM-None_A-None_AdaBN-F,41,0.98,0.9995333333
Lee2019_SSVEP,ATCNet,FM-None_A-None_AdaBN-F,42,0.81,0.9608666667
Lee2019_SSVEP,ATCNet,FM-None_A-None_AdaBN-F,43,1,1
Lee2019_SSVEP,ATCNet,FM-None_A-None_AdaBN-F,44,0.98,1
Lee2019_SSVEP,ATCNet,FM-None_A-None_AdaBN-F,47,0.625,0.8780333333
Lee2019_SSVEP,ATCNet,FM-None_A-None_AdaBN-F,48,1,1
Lee2019_SSVEP,ATCNet,FM-None_A-None_AdaBN-F,52,0.995,0.9999666667
Lee2019_SSVEP,ATCNet,FM-None_A-None_AdaBN-F,54,0.855,0.9678666667
Lee2019_SSVEP,ATCNet,NoPre_FM-Full_A-Eucl_AdaBN-T,4,0.675,0.9136
Lee2019_SSVEP,ATCNet,NoPre_FM-Full_A-Eucl_AdaBN-T,5,0.49,0.7767666667
Lee2019_SSVEP,ATCNet,NoPre_FM-Full_A-Eucl_AdaBN-T,6,0.535,0.8098666667
Lee2019_SSVEP,ATCNet,NoPre_FM-Full_A-Eucl_AdaBN-T,7,0.7,0.9090333333
Lee2019_SSVEP,ATCNet,NoPre_FM-Full_A-Eucl_AdaBN-T,9,0.44,0.6992
Lee2019_SSVEP,ATCNet,NoPre_FM-Full_A-Eucl_AdaBN-T,10,0.5,0.7734
Lee2019_SSVEP,ATCNet,NoPre_FM-Full_A-Eucl_AdaBN-T,13,0.415,0.7302333333
Lee2019_SSVEP,ATCNet,NoPre_FM-Full_A-Eucl_AdaBN-T,14,0.365,0.6404666667
Lee2019_SSVEP,ATCNet,NoPre_FM-Full_A-Eucl_AdaBN-T,16,0.715,0.9063
Lee2019_SSVEP,ATCNet,NoPre_FM-Full_A-Eucl_AdaBN-T,17,0.43,0.7150666667
Lee2019_SSVEP,ATCNet,NoPre_FM-Full_A-Eucl_AdaBN-T,18,0.74,0.9283333333
Lee2019_SSVEP,ATCNet,NoPre_FM-Full_A-Eucl_AdaBN-T,20,0.44,0.7102666667
Lee2019_SSVEP,ATCNet,NoPre_FM-Full_A-Eucl_AdaBN-T,25,0.55,0.8003
Lee2019_SSVEP,ATCNet,NoPre_FM-Full_A-Eucl_AdaBN-T,26,0.62,0.8298666667
Lee2019_SSVEP,ATCNet,NoPre_FM-Full_A-Eucl_AdaBN-T,27,0.605,0.8757666667
Lee2019_SSVEP,ATCNet,NoPre_FM-Full_A-Eucl_AdaBN-T,31,0.56,0.8322
Lee2019_SSVEP,ATCNet,NoPre_FM-Full_A-Eucl_AdaBN-T,33,0.54,0.8137666667
Lee2019_SSVEP,ATCNet,NoPre_FM-Full_A-Eucl_AdaBN-T,34,0.31,0.5661333333
Lee2019_SSVEP,ATCNet,NoPre_FM-Full_A-Eucl_AdaBN-T,35,0.58,0.835
Lee2019_SSVEP,ATCNet,NoPre_FM-Full_A-Eucl_AdaBN-T,37,0.645,0.8917333333
Lee2019_SSVEP,ATCNet,NoPre_FM-Full_A-Eucl_AdaBN-T,38,0.645,0.8701333333
Lee2019_SSVEP,ATCNet,NoPre_FM-Full_A-Eucl_AdaBN-T,45,0.615,0.8279
Lee2019_SSVEP,ATCNet,NoPre_FM-Full_A-Eucl_AdaBN-T,46,0.585,0.8520333333
Lee2019_SSVEP,ATCNet,NoPre_FM-Full_A-Eucl_AdaBN-T,49,0.525,0.7648333333
Lee2019_SSVEP,ATCNet,NoPre_FM-Full_A-Eucl_AdaBN-T,50,0.595,0.8599666667
Lee2019_SSVEP,ATCNet,NoPre_FM-Full_A-Eucl_AdaBN-T,51,0.465,0.7214666667
Lee2019_SSVEP,ATCNet,NoPre_FM-Full_A-Eucl_AdaBN-T,53,0.595,0.8401
Lee2019_SSVEP,ATCNet,NoPre_FM-Full_A-Eucl_AdaBN-T,1,0.385,0.6884333333
Lee2019_SSVEP,ATCNet,NoPre_FM-Full_A-Eucl_AdaBN-T,2,0.56,0.8242
Lee2019_SSVEP,ATCNet,NoPre_FM-Full_A-Eucl_AdaBN-T,3,0.435,0.7095666667
Lee2019_SSVEP,ATCNet,NoPre_FM-Full_A-Eucl_AdaBN-T,8,0.345,0.5921666667
Lee2019_SSVEP,ATCNet,NoPre_FM-Full_A-Eucl_AdaBN-T,11,0.51,0.7758
Lee2019_SSVEP,ATCNet,NoPre_FM-Full_A-Eucl_AdaBN-T,12,0.505,0.7517666667
Lee2019_SSVEP,ATCNet,NoPre_FM-Full_A-Eucl_AdaBN-T,15,0.585,0.8510333333
Lee2019_SSVEP,ATCNet,NoPre_FM-Full_A-Eucl_AdaBN-T,19,0.525,0.8001333333
Lee2019_SSVEP,ATCNet,NoPre_FM-Full_A-Eucl_AdaBN-T,21,0.615,0.8465333333
Lee2019_SSVEP,ATCNet,NoPre_FM-Full_A-Eucl_AdaBN-T,22,0.56,0.781
Lee2019_SSVEP,ATCNet,NoPre_FM-Full_A-Eucl_AdaBN-T,23,0.355,0.5975
Lee2019_SSVEP,ATCNet,NoPre_FM-Full_A-Eucl_AdaBN-T,24,0.495,0.7883
Lee2019_SSVEP,ATCNet,NoPre_FM-Full_A-Eucl_AdaBN-T,28,0.44,0.7227
Lee2019_SSVEP,ATCNet,NoPre_FM-Full_A-Eucl_AdaBN-T,29,0.41,0.6931666667
Lee2019_SSVEP,ATCNet,NoPre_FM-Full_A-Eucl_AdaBN-T,30,0.725,0.9154
Lee2019_SSVEP,ATCNet,NoPre_FM-Full_A-Eucl_AdaBN-T,32,0.565,0.8286333333
Lee2019_SSVEP,ATCNet,NoPre_FM-Full_A-Eucl_AdaBN-T,36,0.69,0.8906666667
Lee2019_SSVEP,ATCNet,NoPre_FM-Full_A-Eucl_AdaBN-T,39,0.63,0.8926
Lee2019_SSVEP,ATCNet,NoPre_FM-Full_A-Eucl_AdaBN-T,40,0.385,0.6370666667
Lee2019_SSVEP,ATCNet,NoPre_FM-Full_A-Eucl_AdaBN-T,41,0.555,0.8329666667
Lee2019_SSVEP,ATCNet,NoPre_FM-Full_A-Eucl_AdaBN-T,42,0.365,0.5936666667
Lee2019_SSVEP,ATCNet,NoPre_FM-Full_A-Eucl_AdaBN-T,43,0.635,0.8657
Lee2019_SSVEP,ATCNet,NoPre_FM-Full_A-Eucl_AdaBN-T,44,0.66,0.8911333333
Lee2019_SSVEP,ATCNet,NoPre_FM-Full_A-Eucl_AdaBN-T,47,0.37,0.6279666667
Lee2019_SSVEP,ATCNet,NoPre_FM-Full_A-Eucl_AdaBN-T,48,0.61,0.8793666667
Lee2019_SSVEP,ATCNet,NoPre_FM-Full_A-Eucl_AdaBN-T,52,0.33,0.5894666667
Lee2019_SSVEP,ATCNet,NoPre_FM-Full_A-Eucl_AdaBN-T,54,0.4,0.6637333333
Lee2019_SSVEP,ATCNet,NoPre_FM-Full_A-None_AdaBN-F,4,0.735,0.9231666667
Lee2019_SSVEP,ATCNet,NoPre_FM-Full_A-None_AdaBN-F,5,0.445,0.7325333333
Lee2019_SSVEP,ATCNet,NoPre_FM-Full_A-None_AdaBN-F,6,0.61,0.8552333333
Lee2019_SSVEP,ATCNet,NoPre_FM-Full_A-None_AdaBN-F,7,0.715,0.9184333333
Lee2019_SSVEP,ATCNet,NoPre_FM-Full_A-None_AdaBN-F,9,0.41,0.6797
Lee2019_SSVEP,ATCNet,NoPre_FM-Full_A-None_AdaBN-F,10,0.445,0.7418333333
Lee2019_SSVEP,ATCNet,NoPre_FM-Full_A-None_AdaBN-F,13,0.5,0.7466
Lee2019_SSVEP,ATCNet,NoPre_FM-Full_A-None_AdaBN-F,14,0.26,0.5701
Lee2019_SSVEP,ATCNet,NoPre_FM-Full_A-None_AdaBN-F,16,0.65,0.8893333333
Lee2019_SSVEP,ATCNet,NoPre_FM-Full_A-None_AdaBN-F,17,0.445,0.7009
Lee2019_SSVEP,ATCNet,NoPre_FM-Full_A-None_AdaBN-F,18,0.635,0.8769
Lee2019_SSVEP,ATCNet,NoPre_FM-Full_A-None_AdaBN-F,20,0.405,0.6723666667
Lee2019_SSVEP,ATCNet,NoPre_FM-Full_A-None_AdaBN-F,25,0.66,0.8614666667
Lee2019_SSVEP,ATCNet,NoPre_FM-Full_A-None_AdaBN-F,26,0.615,0.8640333333
Lee2019_SSVEP,ATCNet,NoPre_FM-Full_A-None_AdaBN-F,27,0.645,0.8855333333
Lee2019_SSVEP,ATCNet,NoPre_FM-Full_A-None_AdaBN-F,31,0.77,0.9425333333
Lee2019_SSVEP,ATCNet,NoPre_FM-Full_A-None_AdaBN-F,33,0.47,0.7574333333
Lee2019_SSVEP,ATCNet,NoPre_FM-Full_A-None_AdaBN-F,34,0.325,0.6097
Lee2019_SSVEP,ATCNet,NoPre_FM-Full_A-None_AdaBN-F,35,0.445,0.7256666667
Lee2019_SSVEP,ATCNet,NoPre_FM-Full_A-None_AdaBN-F,37,0.635,0.8742333333
Lee2019_SSVEP,ATCNet,NoPre_FM-Full_A-None_AdaBN-F,38,0.43,0.6941
Lee2019_SSVEP,ATCNet,NoPre_FM-Full_A-None_AdaBN-F,45,0.41,0.7502
Lee2019_SSVEP,ATCNet,NoPre_FM-Full_A-None_AdaBN-F,46,0.385,0.6637
Lee2019_SSVEP,ATCNet,NoPre_FM-Full_A-None_AdaBN-F,49,0.595,0.8491
Lee2019_SSVEP,ATCNet,NoPre_FM-Full_A-None_AdaBN-F,50,0.635,0.8618
Lee2019_SSVEP,ATCNet,NoPre_FM-Full_A-None_AdaBN-F,51,0.385,0.6441333333
Lee2019_SSVEP,ATCNet,NoPre_FM-Full_A-None_AdaBN-F,53,0.58,0.8299
Lee2019_SSVEP,ATCNet,NoPre_FM-Full_A-None_AdaBN-F,1,0.425,0.693
Lee2019_SSVEP,ATCNet,NoPre_FM-Full_A-None_AdaBN-F,2,0.59,0.8403
Lee2019_SSVEP,ATCNet,NoPre_FM-Full_A-None_AdaBN-F,3,0.4,0.7353
Lee2019_SSVEP,ATCNet,NoPre_FM-Full_A-None_AdaBN-F,8,0.385,0.7043333333
Lee2019_SSVEP,ATCNet,NoPre_FM-Full_A-None_AdaBN-F,11,0.745,0.9335666667
Lee2019_SSVEP,ATCNet,NoPre_FM-Full_A-None_AdaBN-F,12,0.69,0.8997
Lee2019_SSVEP,ATCNet,NoPre_FM-Full_A-None_AdaBN-F,15,0.585,0.8603
Lee2019_SSVEP,ATCNet,NoPre_FM-Full_A-None_AdaBN-F,19,0.36,0.6663666667
Lee2019_SSVEP,ATCNet,NoPre_FM-Full_A-None_AdaBN-F,21,0.65,0.9029666667
Lee2019_SSVEP,ATCNet,NoPre_FM-Full_A-None_AdaBN-F,22,0.375,0.6569666667
Lee2019_SSVEP,ATCNet,NoPre_FM-Full_A-None_AdaBN-F,23,0.295,0.6041333333
Lee2019_SSVEP,ATCNet,NoPre_FM-Full_A-None_AdaBN-F,24,0.39,0.6941
Lee2019_SSVEP,ATCNet,NoPre_FM-Full_A-None_AdaBN-F,28,0.44,0.7506
Lee2019_SSVEP,ATCNet,NoPre_FM-Full_A-None_AdaBN-F,29,0.41,0.7298333333
Lee2019_SSVEP,ATCNet,NoPre_FM-Full_A-None_AdaBN-F,30,0.7,0.9227666667
Lee2019_SSVEP,ATCNet,NoPre_FM-Full_A-None_AdaBN-F,32,0.435,0.7455666667
Lee2019_SSVEP,ATCNet,NoPre_FM-Full_A-None_AdaBN-F,36,0.81,0.9612333333
Lee2019_SSVEP,ATCNet,NoPre_FM-Full_A-None_AdaBN-F,39,0.51,0.8144
Lee2019_SSVEP,ATCNet,NoPre_FM-Full_A-None_AdaBN-F,40,0.38,0.6468333333
Lee2019_SSVEP,ATCNet,NoPre_FM-Full_A-None_AdaBN-F,41,0.6,0.8550333333
Lee2019_SSVEP,ATCNet,NoPre_FM-Full_A-None_AdaBN-F,42,0.31,0.5976333333
Lee2019_SSVEP,ATCNet,NoPre_FM-Full_A-None_AdaBN-F,43,0.555,0.8894666667
Lee2019_SSVEP,ATCNet,NoPre_FM-Full_A-None_AdaBN-F,44,0.665,0.8802333333
Lee2019_SSVEP,ATCNet,NoPre_FM-Full_A-None_AdaBN-F,47,0.255,0.4979
Lee2019_SSVEP,ATCNet,NoPre_FM-Full_A-None_AdaBN-F,48,0.595,0.8366666667
Lee2019_SSVEP,ATCNet,NoPre_FM-Full_A-None_AdaBN-F,52,0.37,0.6580666667
Lee2019_SSVEP,ATCNet,NoPre_FM-Full_A-None_AdaBN-F,54,0.36,0.6340333333
MAMEM2,ATCNet,FM-Dec_A-Eucl_AdaBN-F,1,0.2013333333,0.469118797
MAMEM2,ATCNet,FM-Dec_A-Eucl_AdaBN-F,2,0.262,0.5592980451
MAMEM2,ATCNet,FM-Dec_A-Eucl_AdaBN-F,6,0.168,0.4805307268
MAMEM2,ATCNet,FM-Dec_A-Eucl_AdaBN-F,8,0.2433333333,0.5690738847
MAMEM2,ATCNet,FM-Dec_A-Eucl_AdaBN-F,9,0.1813333333,0.5094169424
MAMEM2,ATCNet,FM-Dec_A-Eucl_AdaBN-F,3,0.2206666667,0.5555677193
MAMEM2,ATCNet,FM-Dec_A-Eucl_AdaBN-F,4,0.204,0.4889110777
MAMEM2,ATCNet,FM-Dec_A-Eucl_AdaBN-F,5,0.1373333333,0.4882173434
MAMEM2,ATCNet,FM-Dec_A-Eucl_AdaBN-F,7,0.2733333333,0.5911639098
MAMEM2,ATCNet,FM-Dec_A-Eucl_AdaBN-F,10,0.176,0.435680401
MAMEM2,ATCNet,FM-Dec_A-Eucl_AdaBN-T,1,0.1933333333,0.4710191479
MAMEM2,ATCNet,FM-Dec_A-Eucl_AdaBN-T,2,0.264,0.5658305764
MAMEM2,ATCNet,FM-Dec_A-Eucl_AdaBN-T,6,0.1926666667,0.490800401
MAMEM2,ATCNet,FM-Dec_A-Eucl_AdaBN-T,8,0.256,0.5737415539
MAMEM2,ATCNet,FM-Dec_A-Eucl_AdaBN-T,9,0.172,0.5091364411
MAMEM2,ATCNet,FM-Dec_A-Eucl_AdaBN-T,3,0.2273333333,0.5511793484
MAMEM2,ATCNet,FM-Dec_A-Eucl_AdaBN-T,4,0.2186666667,0.4943621053
MAMEM2,ATCNet,FM-Dec_A-Eucl_AdaBN-T,5,0.136,0.4817196992
MAMEM2,ATCNet,FM-Dec_A-Eucl_AdaBN-T,7,0.2586666667,0.5902087218
MAMEM2,ATCNet,FM-Dec_A-Eucl_AdaBN-T,10,0.1746666667,0.4390119298
MAMEM2,ATCNet,FM-Dec_A-None_AdaBN-F,1,0.2153333333,0.5185128822
MAMEM2,ATCNet,FM-Dec_A-None_AdaBN-F,2,0.2033333333,0.4972180451
MAMEM2,ATCNet,FM-Dec_A-None_AdaBN-F,6,0.212,0.4917267168
MAMEM2,ATCNet,FM-Dec_A-None_AdaBN-F,8,0.1573333333,0.4803797494
MAMEM2,ATCNet,FM-Dec_A-None_AdaBN-F,9,0.2346666667,0.5256248622
MAMEM2,ATCNet,FM-Dec_A-None_AdaBN-F,3,0.1853333333,0.4984994486
MAMEM2,ATCNet,FM-Dec_A-None_AdaBN-F,4,0.1706666667,0.4749255138
MAMEM2,ATCNet,FM-Dec_A-None_AdaBN-F,5,0.2493333333,0.5728449123
MAMEM2,ATCNet,FM-Dec_A-None_AdaBN-F,7,0.1606666667,0.5121852632
MAMEM2,ATCNet,FM-Dec_A-None_AdaBN-F,10,0.1766666667,0.4794442105
MAMEM2,ATCNet,FM-Dec_A-Riem_AdaBN-T,1,0.1806666667,0.4815300251
MAMEM2,ATCNet,FM-Dec_A-Riem_AdaBN-T,2,0.262,0.5477906767
MAMEM2,ATCNet,FM-Dec_A-Riem_AdaBN-T,6,0.1426666667,0.487277594
MAMEM2,ATCNet,FM-Dec_A-Riem_AdaBN-T,8,0.2693333333,0.5713281203
MAMEM2,ATCNet,FM-Dec_A-Riem_AdaBN-T,9,0.2466666667,0.5247596992
MAMEM2,ATCNet,FM-Dec_A-Riem_AdaBN-T,3,0.2213333333,0.5054871178
MAMEM2,ATCNet,FM-Dec_A-Riem_AdaBN-T,4,0.178,0.4752403008
MAMEM2,ATCNet,FM-Dec_A-Riem_AdaBN-T,5,0.226,0.5265138847
MAMEM2,ATCNet,FM-Dec_A-Riem_AdaBN-T,7,0.228,0.55792401
MAMEM2,ATCNet,FM-Dec_A-Riem_AdaBN-T,10,0.1993333333,0.4823819549
MAMEM2,ATCNet,FM-Full_A-Eucl_AdaBN-F,1,0.174,0.4590676692
MAMEM2,ATCNet,FM-Full_A-Eucl_AdaBN-F,2,0.276,0.5800749875
MAMEM2,ATCNet,FM-Full_A-Eucl_AdaBN-F,6,0.1693333333,0.4867913784
MAMEM2,ATCNet,FM-Full_A-Eucl_AdaBN-F,8,0.242,0.5685371429
MAMEM2,ATCNet,FM-Full_A-Eucl_AdaBN-F,9,0.1993333333,0.508636792
MAMEM2,ATCNet,FM-Full_A-Eucl_AdaBN-F,3,0.2226666667,0.5587913784
MAMEM2,ATCNet,FM-Full_A-Eucl_AdaBN-F,4,0.1546666667,0.4790845113
MAMEM2,ATCNet,FM-Full_A-Eucl_AdaBN-F,5,0.168,0.5069255138
MAMEM2,ATCNet,FM-Full_A-Eucl_AdaBN-F,7,0.2433333333,0.5975961905
MAMEM2,ATCNet,FM-Full_A-Eucl_AdaBN-F,10,0.1666666667,0.4419887719
MAMEM2,ATCNet,FM-Full_A-Eucl_AdaBN-T,1,0.176,0.4601706266
MAMEM2,ATCNet,FM-Full_A-Eucl_AdaBN-T,2,0.3086666667,0.5856206516
MAMEM2,ATCNet,FM-Full_A-Eucl_AdaBN-T,6,0.1646666667,0.4935514787
MAMEM2,ATCNet,FM-Full_A-Eucl_AdaBN-T,8,0.25,0.5774628571
MAMEM2,ATCNet,FM-Full_A-Eucl_AdaBN-T,9,0.182,0.5080407018
MAMEM2,ATCNet,FM-Full_A-Eucl_AdaBN-T,3,0.2093333333,0.5466688722
MAMEM2,ATCNet,FM-Full_A-Eucl_AdaBN-T,4,0.1613333333,0.4796182456
MAMEM2,ATCNet,FM-Full_A-Eucl_AdaBN-T,5,0.1733333333,0.5023456642
MAMEM2,ATCNet,FM-Full_A-Eucl_AdaBN-T,7,0.2433333333,0.5942582456
MAMEM2,ATCNet,FM-Full_A-Eucl_AdaBN-T,10,0.1906666667,0.4373784461
MAMEM2,ATCNet,FM-Full_A-None_AdaBN-F,1,0.1973333333,0.5177379449
MAMEM2,ATCNet,FM-Full_A-None_AdaBN-F,2,0.2913333333,0.5575566917
MAMEM2,ATCNet,FM-Full_A-None_AdaBN-F,6,0.2393333333,0.5230337845
MAMEM2,ATCNet,FM-Full_A-None_AdaBN-F,8,0.2193333333,0.5404902256
MAMEM2,ATCNet,FM-Full_A-None_AdaBN-F,9,0.208,0.5067957895
MAMEM2,ATCNet,FM-Full_A-None_AdaBN-F,3,0.2013333333,0.4998610526
MAMEM2,ATCNet,FM-Full_A-None_AdaBN-F,4,0.212,0.5135705263
MAMEM2,ATCNet,FM-Full_A-None_AdaBN-F,5,0.2653333333,0.5822173434
MAMEM2,ATCNet,FM-Full_A-None_AdaBN-F,7,0.1886666667,0.5028122306
MAMEM2,ATCNet,FM-Full_A-None_AdaBN-F,10,0.1833333333,0.4789387469
MAMEM2,ATCNet,FM-Full_A-Riem_AdaBN-F,1,0.2186666667,0.4864362907
MAMEM2,ATCNet,FM-Full_A-Riem_AdaBN-F,2,0.2746666667,0.5577351378
MAMEM2,ATCNet,FM-Full_A-Riem_AdaBN-F,6,0.166,0.5071719298
MAMEM2,ATCNet,FM-Full_A-Riem_AdaBN-F,8,0.254,0.5639065664
MAMEM2,ATCNet,FM-Full_A-Riem_AdaBN-F,9,0.1466666667,0.4909493734
MAMEM2,ATCNet,FM-Full_A-Riem_AdaBN-F,3,0.204,0.4806750877
MAMEM2,ATCNet,FM-Full_A-Riem_AdaBN-F,4,0.194,0.4673094737
MAMEM2,ATCNet,FM-Full_A-Riem_AdaBN-F,5,0.224,0.4968322807
MAMEM2,ATCNet,FM-Full_A-Riem_AdaBN-F,7,0.252,0.5286670677
MAMEM2,ATCNet,FM-Full_A-Riem_AdaBN-F,10,0.218,0.5184934336
MAMEM2,ATCNet,FM-Full_A-Riem_AdaBN-T,1,0.1893333333,0.486086416
MAMEM2,ATCNet,FM-Full_A-Riem_AdaBN-T,2,0.286,0.5682544361
MAMEM2,ATCNet,FM-Full_A-Riem_AdaBN-T,6,0.18,0.5043125815
MAMEM2,ATCNet,FM-Full_A-Riem_AdaBN-T,8,0.252,0.559678396
MAMEM2,ATCNet,FM-Full_A-Riem_AdaBN-T,9,0.1733333333,0.5017355388
MAMEM2,ATCNet,FM-Full_A-Riem_AdaBN-T,3,0.166,0.5097373434
MAMEM2,ATCNet,FM-Full_A-Riem_AdaBN-T,4,0.174,0.4553946867
MAMEM2,ATCNet,FM-Full_A-Riem_AdaBN-T,5,0.1993333333,0.5149834586
MAMEM2,ATCNet,FM-Full_A-Riem_AdaBN-T,7,0.282,0.5711452632
MAMEM2,ATCNet,FM-Full_A-Riem_AdaBN-T,10,0.1746666667,0.4707514787
MAMEM2,ATCNet,FM-None_A-Eucl_AdaBN-T,1,0.1853333333,0.4687230075
MAMEM2,ATCNet,FM-None_A-Eucl_AdaBN-T,2,0.272,0.5675977945
MAMEM2,ATCNet,FM-None_A-Eucl_AdaBN-T,6,0.1926666667,0.490964812
MAMEM2,ATCNet,FM-None_A-Eucl_AdaBN-T,8,0.256,0.5722377945
MAMEM2,ATCNet,FM-None_A-Eucl_AdaBN-T,9,0.18,0.509445213
MAMEM2,ATCNet,FM-None_A-Eucl_AdaBN-T,3,0.2206666667,0.5399358396
MAMEM2,ATCNet,FM-None_A-Eucl_AdaBN-T,4,0.176,0.5022257644
MAMEM2,ATCNet,FM-None_A-Eucl_AdaBN-T,5,0.156,0.4740236591
MAMEM2,ATCNet,FM-None_A-Eucl_AdaBN-T,7,0.21,0.4967703258
MAMEM2,ATCNet,FM-None_A-Eucl_AdaBN-T,10,0.184,0.4541080702
MAMEM2,ATCNet,FM-None_A-None_AdaBN-F,1,0.188,0.498886015
MAMEM2,ATCNet,FM-None_A-None_AdaBN-F,2,0.1813333333,0.4662101253
MAMEM2,ATCNet,FM-None_A-None_AdaBN-F,6,0.1906666667,0.5051041604
MAMEM2,ATCNet,FM-None_A-None_AdaBN-F,8,0.2026666667,0.5019472682
MAMEM2,ATCNet,FM-None_A-None_AdaBN-F,9,0.1806666667,0.4965630075
MAMEM2,ATCNet,FM-None_A-None_AdaBN-F,3,0.1473333333,0.5198889223
MAMEM2,ATCNet,FM-None_A-None_AdaBN-F,4,0.1293333333,0.4272926316
MAMEM2,ATCNet,FM-None_A-None_AdaBN-F,5,0.186,0.4605104762
MAMEM2,ATCNet,FM-None_A-None_AdaBN-F,7,0.206,0.4937106767
MAMEM2,ATCNet,FM-None_A-None_AdaBN-F,10,0.228,0.4991574937
MAMEM2,ATCNet,NoPre_FM-Full_A-Eucl_AdaBN-T,1,0.2146666667,0.4828228571
MAMEM2,ATCNet,NoPre_FM-Full_A-Eucl_AdaBN-T,2,0.2046666667,0.5289467669
MAMEM2,ATCNet,NoPre_FM-Full_A-Eucl_AdaBN-T,6,0.2086666667,0.4736671679
MAMEM2,ATCNet,NoPre_FM-Full_A-Eucl_AdaBN-T,8,0.1726666667,0.4829471679
MAMEM2,ATCNet,NoPre_FM-Full_A-Eucl_AdaBN-T,9,0.1866666667,0.5024617544
MAMEM2,ATCNet,NoPre_FM-Full_A-Eucl_AdaBN-T,3,0.246,0.5733784461
MAMEM2,ATCNet,NoPre_FM-Full_A-Eucl_AdaBN-T,4,0.1853333333,0.4932866165
MAMEM2,ATCNet,NoPre_FM-Full_A-Eucl_AdaBN-T,5,0.1066666667,0.4426819048
MAMEM2,ATCNet,NoPre_FM-Full_A-Eucl_AdaBN-T,7,0.186,0.4601034586
MAMEM2,ATCNet,NoPre_FM-Full_A-Eucl_AdaBN-T,10,0.1786666667,0.5207598997
MAMEM2,ATCNet,NoPre_FM-Full_A-None_AdaBN-F,1,0.2093333333,0.5124777945
MAMEM2,ATCNet,NoPre_FM-Full_A-None_AdaBN-F,2,0.2366666667,0.5188336842
MAMEM2,ATCNet,NoPre_FM-Full_A-None_AdaBN-F,6,0.2473333333,0.5647510777
MAMEM2,ATCNet,NoPre_FM-Full_A-None_AdaBN-F,8,0.2246666667,0.5297116792
MAMEM2,ATCNet,NoPre_FM-Full_A-None_AdaBN-F,9,0.2126666667,0.5133144862
MAMEM2,ATCNet,NoPre_FM-Full_A-None_AdaBN-F,3,0.2373333333,0.5322662657
MAMEM2,ATCNet,NoPre_FM-Full_A-None_AdaBN-F,4,0.2306666667,0.5218021053
MAMEM2,ATCNet,NoPre_FM-Full_A-None_AdaBN-F,5,0.2126666667,0.4966221554
MAMEM2,ATCNet,NoPre_FM-Full_A-None_AdaBN-F,7,0.2213333333,0.4931663158
MAMEM2,ATCNet,NoPre_FM-Full_A-None_AdaBN-F,10,0.2073333333,0.527846015
Yang2025,ATCNet,FM-Dec_A-Eucl_AdaBN-F,4,0.5483333333,0.5483222222
Yang2025,ATCNet,FM-Dec_A-Eucl_AdaBN-F,5,0.7683333333,0.8378222222
Yang2025,ATCNet,FM-Dec_A-Eucl_AdaBN-F,7,0.66,0.7173222222
Yang2025,ATCNet,FM-Dec_A-Eucl_AdaBN-F,9,0.6783333333,0.7493666667
Yang2025,ATCNet,FM-Dec_A-Eucl_AdaBN-F,10,0.8116666667,0.8876777778
Yang2025,ATCNet,FM-Dec_A-Eucl_AdaBN-F,13,0.7216666667,0.8329222222
Yang2025,ATCNet,FM-Dec_A-Eucl_AdaBN-F,14,0.5533333333,0.6196777778
Yang2025,ATCNet,FM-Dec_A-Eucl_AdaBN-F,16,0.6633333333,0.7163888889
Yang2025,ATCNet,FM-Dec_A-Eucl_AdaBN-F,17,0.705,0.7877666667
Yang2025,ATCNet,FM-Dec_A-Eucl_AdaBN-F,18,0.6733333333,0.7361111111
Yang2025,ATCNet,FM-Dec_A-Eucl_AdaBN-F,20,0.6133333333,0.6870111111
Yang2025,ATCNet,FM-Dec_A-Eucl_AdaBN-F,25,0.7616666667,0.8683888889
Yang2025,ATCNet,FM-Dec_A-Eucl_AdaBN-F,26,0.7364548495,0.8319397993
Yang2025,ATCNet,FM-Dec_A-Eucl_AdaBN-F,27,0.7083333333,0.7905444444
Yang2025,ATCNet,FM-Dec_A-Eucl_AdaBN-F,31,0.7933333333,0.8708666667
Yang2025,ATCNet,FM-Dec_A-Eucl_AdaBN-F,32,0.7313545151,0.7975585284
Yang2025,ATCNet,FM-Dec_A-Eucl_AdaBN-F,33,0.8566666667,0.9392777778
Yang2025,ATCNet,FM-Dec_A-Eucl_AdaBN-F,34,0.5383333333,0.5504
Yang2025,ATCNet,FM-Dec_A-Eucl_AdaBN-F,37,0.84,0.9187666667
Yang2025,ATCNet,FM-Dec_A-Eucl_AdaBN-F,41,0.88,0.9567222222
Yang2025,ATCNet,FM-Dec_A-Eucl_AdaBN-F,44,0.6183333333,0.6938444444
Yang2025,ATCNet,FM-Dec_A-Eucl_AdaBN-F,45,0.73,0.829
Yang2025,ATCNet,FM-Dec_A-Eucl_AdaBN-F,47,0.7933333333,0.8693555556
Yang2025,ATCNet,FM-Dec_A-Eucl_AdaBN-F,48,0.8116666667,0.8805222222
Yang2025,ATCNet,FM-Dec_A-Eucl_AdaBN-F,49,0.82,0.9106444444
Yang2025,ATCNet,FM-Dec_A-Eucl_AdaBN-F,50,0.91,0.9731777778
Yang2025,ATCNet,FM-Dec_A-Eucl_AdaBN-F,1,0.85,0.9155333333
Yang2025,ATCNet,FM-Dec_A-Eucl_AdaBN-F,2,0.595,0.5993111111
Yang2025,ATCNet,FM-Dec_A-Eucl_AdaBN-F,3,0.88,0.9579333333
Yang2025,ATCNet,FM-Dec_A-Eucl_AdaBN-F,6,0.9033333333,0.9658777778
Yang2025,ATCNet,FM-Dec_A-Eucl_AdaBN-F,8,0.7266666667,0.8276777778
Yang2025,ATCNet,FM-Dec_A-Eucl_AdaBN-F,11,0.785,0.8589222222
Yang2025,ATCNet,FM-Dec_A-Eucl_AdaBN-F,12,0.5666666667,0.5941222222
Yang2025,ATCNet,FM-Dec_A-Eucl_AdaBN-F,15,0.7116666667,0.7812777778
Yang2025,ATCNet,FM-Dec_A-Eucl_AdaBN-F,19,0.76,0.8412111111
Yang2025,ATCNet,FM-Dec_A-Eucl_AdaBN-F,21,0.745,0.8247
Yang2025,ATCNet,FM-Dec_A-Eucl_AdaBN-F,22,0.7366666667,0.7961777778
Yang2025,ATCNet,FM-Dec_A-Eucl_AdaBN-F,23,0.8564548495,0.9219620959
Yang2025,ATCNet,FM-Dec_A-Eucl_AdaBN-F,24,0.8906108289,0.9639375113
Yang2025,ATCNet,FM-Dec_A-Eucl_AdaBN-F,28,0.8033333333,0.9105111111
Yang2025,ATCNet,FM-Dec_A-Eucl_AdaBN-F,29,0.805,0.8946444444
Yang2025,ATCNet,FM-Dec_A-Eucl_AdaBN-F,30,0.7966666667,0.8741888889
Yang2025,ATCNet,FM-Dec_A-Eucl_AdaBN-F,35,0.7316666667,0.8322444444
Yang2025,ATCNet,FM-Dec_A-Eucl_AdaBN-F,36,0.8266666667,0.9091444444
Yang2025,ATCNet,FM-Dec_A-Eucl_AdaBN-F,38,0.55,0.5937
Yang2025,ATCNet,FM-Dec_A-Eucl_AdaBN-F,39,0.7716666667,0.8378777778
Yang2025,ATCNet,FM-Dec_A-Eucl_AdaBN-F,40,0.7816666667,0.8526333333
Yang2025,ATCNet,FM-Dec_A-Eucl_AdaBN-F,42,0.73,0.8036222222
Yang2025,ATCNet,FM-Dec_A-Eucl_AdaBN-F,43,0.8416666667,0.9229111111
Yang2025,ATCNet,FM-Dec_A-Eucl_AdaBN-F,46,0.8916666667,0.9641777778
Yang2025,ATCNet,FM-Dec_A-Eucl_AdaBN-F,51,0.8316666667,0.9094666667
Yang2025,ATCNet,FM-Dec_A-Eucl_AdaBN-T,4,0.51,0.5351666667
Yang2025,ATCNet,FM-Dec_A-Eucl_AdaBN-T,5,0.7683333333,0.8439333333
Yang2025,ATCNet,FM-Dec_A-Eucl_AdaBN-T,7,0.64,0.7102111111
Yang2025,ATCNet,FM-Dec_A-Eucl_AdaBN-T,9,0.6783333333,0.7346444444
Yang2025,ATCNet,FM-Dec_A-Eucl_AdaBN-T,10,0.8183333333,0.8905333333
Yang2025,ATCNet,FM-Dec_A-Eucl_AdaBN-T,13,0.7266666667,0.8159
Yang2025,ATCNet,FM-Dec_A-Eucl_AdaBN-T,14,0.5616666667,0.6103111111
Yang2025,ATCNet,FM-Dec_A-Eucl_AdaBN-T,16,0.66,0.7277111111
Yang2025,ATCNet,FM-Dec_A-Eucl_AdaBN-T,17,0.72,0.7978444444
Yang2025,ATCNet,FM-Dec_A-Eucl_AdaBN-T,18,0.6883333333,0.7547
Yang2025,ATCNet,FM-Dec_A-Eucl_AdaBN-T,20,0.66,0.6981888889
Yang2025,ATCNet,FM-Dec_A-Eucl_AdaBN-T,25,0.7866666667,0.8782444444
Yang2025,ATCNet,FM-Dec_A-Eucl_AdaBN-T,26,0.799671126,0.8692419175
Yang2025,ATCNet,FM-Dec_A-Eucl_AdaBN-T,27,0.72,0.7968
Yang2025,ATCNet,FM-Dec_A-Eucl_AdaBN-T,31,0.805,0.8772444444
Yang2025,ATCNet,FM-Dec_A-Eucl_AdaBN-T,32,0.7195707915,0.7925083612
Yang2025,ATCNet,FM-Dec_A-Eucl_AdaBN-T,33,0.8583333333,0.9453111111
Yang2025,ATCNet,FM-Dec_A-Eucl_AdaBN-T,34,0.5466666667,0.5566
Yang2025,ATCNet,FM-Dec_A-Eucl_AdaBN-T,37,0.8466666667,0.9284888889
Yang2025,ATCNet,FM-Dec_A-Eucl_AdaBN-T,41,0.8866666667,0.9578777778
Yang2025,ATCNet,FM-Dec_A-Eucl_AdaBN-T,44,0.6233333333,0.7005333333
Yang2025,ATCNet,FM-Dec_A-Eucl_AdaBN-T,45,0.755,0.8332333333
Yang2025,ATCNet,FM-Dec_A-Eucl_AdaBN-T,47,0.78,0.8603777778
Yang2025,ATCNet,FM-Dec_A-Eucl_AdaBN-T,48,0.8083333333,0.8847666667
Yang2025,ATCNet,FM-Dec_A-Eucl_AdaBN-T,49,0.81,0.9044222222
Yang2025,ATCNet,FM-Dec_A-Eucl_AdaBN-T,50,0.905,0.9724111111
Yang2025,ATCNet,FM-Dec_A-Eucl_AdaBN-T,1,0.8566666667,0.9254777778
Yang2025,ATCNet,FM-Dec_A-Eucl_AdaBN-T,2,0.5916666667,0.6039777778
Yang2025,ATCNet,FM-Dec_A-Eucl_AdaBN-T,3,0.8866666667,0.9549222222
Yang2025,ATCNet,FM-Dec_A-Eucl_AdaBN-T,6,0.8983333333,0.9635
Yang2025,ATCNet,FM-Dec_A-Eucl_AdaBN-T,8,0.785,0.8750555556
Yang2025,ATCNet,FM-Dec_A-Eucl_AdaBN-T,11,0.8083333333,0.9036333333
Yang2025,ATCNet,FM-Dec_A-Eucl_AdaBN-T,12,0.5766666667,0.6009222222
Yang2025,ATCNet,FM-Dec_A-Eucl_AdaBN-T,15,0.745,0.8107
Yang2025,ATCNet,FM-Dec_A-Eucl_AdaBN-T,19,0.7583333333,0.8450888889
Yang2025,ATCNet,FM-Dec_A-Eucl_AdaBN-T,21,0.7516666667,0.8406777778
Yang2025,ATCNet,FM-Dec_A-Eucl_AdaBN-T,22,0.7316666667,0.8295111111
Yang2025,ATCNet,FM-Dec_A-Eucl_AdaBN-T,23,0.8597881828,0.929754738
Yang2025,ATCNet,FM-Dec_A-Eucl_AdaBN-T,24,0.9090672048,0.9688010158
Yang2025,ATCNet,FM-Dec_A-Eucl_AdaBN-T,28,0.835,0.9194222222
Yang2025,ATCNet,FM-Dec_A-Eucl_AdaBN-T,29,0.825,0.9222333333
Yang2025,ATCNet,FM-Dec_A-Eucl_AdaBN-T,30,0.8266666667,0.9026333333
Yang2025,ATCNet,FM-Dec_A-Eucl_AdaBN-T,35,0.7833333333,0.8567777778
Yang2025,ATCNet,FM-Dec_A-Eucl_AdaBN-T,36,0.82,0.9091888889
Yang2025,ATCNet,FM-Dec_A-Eucl_AdaBN-T,38,0.5816666667,0.6096333333
Yang2025,ATCNet,FM-Dec_A-Eucl_AdaBN-T,39,0.7483333333,0.8461777778
Yang2025,ATCNet,FM-Dec_A-Eucl_AdaBN-T,40,0.7833333333,0.8496777778
Yang2025,ATCNet,FM-Dec_A-Eucl_AdaBN-T,42,0.7383333333,0.8088777778
Yang2025,ATCNet,FM-Dec_A-Eucl_AdaBN-T,43,0.84,0.9210888889
Yang2025,ATCNet,FM-Dec_A-Eucl_AdaBN-T,46,0.9,0.9622333333
Yang2025,ATCNet,FM-Dec_A-Eucl_AdaBN-T,51,0.8233333333,0.8990444444
Yang2025,ATCNet,FM-Dec_A-None_AdaBN-F,4,0.535,0.5620555556
Yang2025,ATCNet,FM-Dec_A-None_AdaBN-F,5,0.7866666667,0.8612666667
Yang2025,ATCNet,FM-Dec_A-None_AdaBN-F,7,0.66,0.7453666667
Yang2025,ATCNet,FM-Dec_A-None_AdaBN-F,9,0.7083333333,0.7789222222
Yang2025,ATCNet,FM-Dec_A-None_AdaBN-F,10,0.795,0.8812111111
Yang2025,ATCNet,FM-Dec_A-None_AdaBN-F,13,0.7616666667,0.8414222222
Yang2025,ATCNet,FM-Dec_A-None_AdaBN-F,14,0.59,0.6216555556
Yang2025,ATCNet,FM-Dec_A-None_AdaBN-F,16,0.695,0.7586666667
Yang2025,ATCNet,FM-Dec_A-None_AdaBN-F,17,0.7116666667,0.7912333333
Yang2025,ATCNet,FM-Dec_A-None_AdaBN-F,18,0.7,0.7536777778
Yang2025,ATCNet,FM-Dec_A-None_AdaBN-F,20,0.64,0.6823222222
Yang2025,ATCNet,FM-Dec_A-None_AdaBN-F,25,0.8416666667,0.9230777778
Yang2025,ATCNet,FM-Dec_A-None_AdaBN-F,26,0.8047380156,0.8862541806
Yang2025,ATCNet,FM-Dec_A-None_AdaBN-F,27,0.6566666667,0.7264777778
Yang2025,ATCNet,FM-Dec_A-None_AdaBN-F,31,0.78,0.8794111111
Yang2025,ATCNet,FM-Dec_A-None_AdaBN-F,32,0.7261204013,0.8274470457
Yang2025,ATCNet,FM-Dec_A-None_AdaBN-F,33,0.9183333333,0.9787888889
Yang2025,ATCNet,FM-Dec_A-None_AdaBN-F,34,0.4983333333,0.4825
Yang2025,ATCNet,FM-Dec_A-None_AdaBN-F,37,0.8483333333,0.9244888889
Yang2025,ATCNet,FM-Dec_A-None_AdaBN-F,41,0.9116666667,0.9732888889
Yang2025,ATCNet,FM-Dec_A-None_AdaBN-F,44,0.66,0.7344888889
Yang2025,ATCNet,FM-Dec_A-None_AdaBN-F,45,0.775,0.8527
Yang2025,ATCNet,FM-Dec_A-None_AdaBN-F,47,0.7966666667,0.8918222222
Yang2025,ATCNet,FM-Dec_A-None_AdaBN-F,48,0.84,0.9234444444
Yang2025,ATCNet,FM-Dec_A-None_AdaBN-F,49,0.8766666667,0.9518333333
Yang2025,ATCNet,FM-Dec_A-None_AdaBN-F,50,0.8916666667,0.9634222222
Yang2025,ATCNet,FM-Dec_A-None_AdaBN-F,1,0.8566666667,0.9244444444
Yang2025,ATCNet,FM-Dec_A-None_AdaBN-F,2,0.5866666667,0.6315444444
Yang2025,ATCNet,FM-Dec_A-None_AdaBN-F,3,0.8983333333,0.9678444444
Yang2025,ATCNet,FM-Dec_A-None_AdaBN-F,6,0.935,0.9803333333
Yang2025,ATCNet,FM-Dec_A-None_AdaBN-F,8,0.865,0.9326666667
Yang2025,ATCNet,FM-Dec_A-None_AdaBN-F,11,0.8683333333,0.9367777778
Yang2025,ATCNet,FM-Dec_A-None_AdaBN-F,12,0.5466666667,0.5760111111
Yang2025,ATCNet,FM-Dec_A-None_AdaBN-F,15,0.7283333333,0.8143222222
Yang2025,ATCNet,FM-Dec_A-None_AdaBN-F,19,0.7966666667,0.8782777778
Yang2025,ATCNet,FM-Dec_A-None_AdaBN-F,21,0.7883333333,0.8698444444
Yang2025,ATCNet,FM-Dec_A-None_AdaBN-F,22,0.7,0.7631333333
Yang2025,ATCNet,FM-Dec_A-None_AdaBN-F,23,0.8981884058,0.9548717949
Yang2025,ATCNet,FM-Dec_A-None_AdaBN-F,24,0.9073440051,0.9685402685
Yang2025,ATCNet,FM-Dec_A-None_AdaBN-F,28,0.9016666667,0.9621
Yang2025,ATCNet,FM-Dec_A-None_AdaBN-F,29,0.91,0.9699888889
Yang2025,ATCNet,FM-Dec_A-None_AdaBN-F,30,0.68,0.7972111111
Yang2025,ATCNet,FM-Dec_A-None_AdaBN-F,35,0.7233333333,0.7974333333
Yang2025,ATCNet,FM-Dec_A-None_AdaBN-F,36,0.835,0.9245
Yang2025,ATCNet,FM-Dec_A-None_AdaBN-F,38,0.505,0.5461333333
Yang2025,ATCNet,FM-Dec_A-None_AdaBN-F,39,0.785,0.8725888889
Yang2025,ATCNet,FM-Dec_A-None_AdaBN-F,40,0.7733333333,0.8697
Yang2025,ATCNet,FM-Dec_A-None_AdaBN-F,42,0.765,0.8417777778
Yang2025,ATCNet,FM-Dec_A-None_AdaBN-F,43,0.87,0.9429
Yang2025,ATCNet,FM-Dec_A-None_AdaBN-F,46,0.8933333333,0.9581666667
Yang2025,ATCNet,FM-Dec_A-None_AdaBN-F,51,0.8266666667,0.9126666667
Yang2025,ATCNet,FM-Dec_A-Riem_AdaBN-T,4,0.5433333333,0.5570111111
Yang2025,ATCNet,FM-Dec_A-Riem_AdaBN-T,5,0.7466666667,0.8284333333
Yang2025,ATCNet,FM-Dec_A-Riem_AdaBN-T,7,0.65,0.6955666667
Yang2025,ATCNet,FM-Dec_A-Riem_AdaBN-T,9,0.6733333333,0.7552333333
Yang2025,ATCNet,FM-Dec_A-Riem_AdaBN-T,10,0.8033333333,0.8962444444
Yang2025,ATCNet,FM-Dec_A-Riem_AdaBN-T,13,0.715,0.8194111111
Yang2025,ATCNet,FM-Dec_A-Riem_AdaBN-T,14,0.6133333333,0.6376111111
Yang2025,ATCNet,FM-Dec_A-Riem_AdaBN-T,16,0.6816666667,0.7599111111
Yang2025,ATCNet,FM-Dec_A-Riem_AdaBN-T,17,0.7566666667,0.8319444444
Yang2025,ATCNet,FM-Dec_A-Riem_AdaBN-T,18,0.6783333333,0.7340666667
Yang2025,ATCNet,FM-Dec_A-Riem_AdaBN-T,20,0.6683333333,0.7042222222
Yang2025,ATCNet,FM-Dec_A-Riem_AdaBN-T,25,0.825,0.9008666667
Yang2025,ATCNet,FM-Dec_A-Riem_AdaBN-T,26,0.8313656633,0.9079264214
Yang2025,ATCNet,FM-Dec_A-Riem_AdaBN-T,27,0.7333333333,0.8085888889
Yang2025,ATCNet,FM-Dec_A-Riem_AdaBN-T,31,0.7833333333,0.8681777778
Yang2025,ATCNet,FM-Dec_A-Riem_AdaBN-T,32,0.7345429208,0.8086176143
Yang2025,ATCNet,FM-Dec_A-Riem_AdaBN-T,33,0.8933333333,0.9605777778
Yang2025,ATCNet,FM-Dec_A-Riem_AdaBN-T,34,0.4833333333,0.4921444444
Yang2025,ATCNet,FM-Dec_A-Riem_AdaBN-T,37,0.865,0.9442
Yang2025,ATCNet,FM-Dec_A-Riem_AdaBN-T,41,0.9066666667,0.9602666667
Yang2025,ATCNet,FM-Dec_A-Riem_AdaBN-T,44,0.6333333333,0.6826222222
Yang2025,ATCNet,FM-Dec_A-Riem_AdaBN-T,45,0.765,0.8450555556
Yang2025,ATCNet,FM-Dec_A-Riem_AdaBN-T,47,0.7733333333,0.8768888889
Yang2025,ATCNet,FM-Dec_A-Riem_AdaBN-T,48,0.7916666667,0.8801444444
Yang2025,ATCNet,FM-Dec_A-Riem_AdaBN-T,49,0.8266666667,0.9105777778
Yang2025,ATCNet,FM-Dec_A-Riem_AdaBN-T,50,0.91,0.9678666667
Yang2025,ATCNet,FM-Dec_A-Riem_AdaBN-T,1,0.85,0.9162777778
Yang2025,ATCNet,FM-Dec_A-Riem_AdaBN-T,2,0.605,0.6281444444
Yang2025,ATCNet,FM-Dec_A-Riem_AdaBN-T,3,0.8983333333,0.9616888889
Yang2025,ATCNet,FM-Dec_A-Riem_AdaBN-T,6,0.8966666667,0.9539444444
Yang2025,ATCNet,FM-Dec_A-Riem_AdaBN-T,8,0.81,0.8759333333
Yang2025,ATCNet,FM-Dec_A-Riem_AdaBN-T,11,0.8066666667,0.8851111111
Yang2025,ATCNet,FM-Dec_A-Riem_AdaBN-T,12,0.5433333333,0.5914555556
Yang2025,ATCNet,FM-Dec_A-Riem_AdaBN-T,15,0.7233333333,0.7946777778
Yang2025,ATCNet,FM-Dec_A-Riem_AdaBN-T,19,0.7383333333,0.8304666667
Yang2025,ATCNet,FM-Dec_A-Riem_AdaBN-T,21,0.765,0.8499666667
Yang2025,ATCNet,FM-Dec_A-Riem_AdaBN-T,22,0.73,0.8078888889
Yang2025,ATCNet,FM-Dec_A-Riem_AdaBN-T,23,0.8614715719,0.930780379
Yang2025,ATCNet,FM-Dec_A-Riem_AdaBN-T,24,0.8787751678,0.9496190822
Yang2025,ATCNet,FM-Dec_A-Riem_AdaBN-T,28,0.83,0.9188444444
Yang2025,ATCNet,FM-Dec_A-Riem_AdaBN-T,29,0.8633333333,0.9406555556
Yang2025,ATCNet,FM-Dec_A-Riem_AdaBN-T,30,0.7933333333,0.8774
Yang2025,ATCNet,FM-Dec_A-Riem_AdaBN-T,35,0.7566666667,0.8469888889
Yang2025,ATCNet,FM-Dec_A-Riem_AdaBN-T,36,0.8016666667,0.9016444444
Yang2025,ATCNet,FM-Dec_A-Riem_AdaBN-T,38,0.5916666667,0.6314888889
Yang2025,ATCNet,FM-Dec_A-Riem_AdaBN-T,39,0.77,0.8400555556
Yang2025,ATCNet,FM-Dec_A-Riem_AdaBN-T,40,0.78,0.8630111111
Yang2025,ATCNet,FM-Dec_A-Riem_AdaBN-T,42,0.73,0.7995555556
Yang2025,ATCNet,FM-Dec_A-Riem_AdaBN-T,43,0.8633333333,0.9393555556
Yang2025,ATCNet,FM-Dec_A-Riem_AdaBN-T,46,0.88,0.9533222222
Yang2025,ATCNet,FM-Dec_A-Riem_AdaBN-T,51,0.8216666667,0.9006777778
Yang2025,ATCNet,FM-Full_A-Eucl_AdaBN-F,4,0.51,0.5022444444
Yang2025,ATCNet,FM-Full_A-Eucl_AdaBN-F,5,0.8533333333,0.9337111111
Yang2025,ATCNet,FM-Full_A-Eucl_AdaBN-F,7,0.65,0.7129111111
Yang2025,ATCNet,FM-Full_A-Eucl_AdaBN-F,9,0.6583333333,0.7078555556
Yang2025,ATCNet,FM-Full_A-Eucl_AdaBN-F,10,0.805,0.8874222222
Yang2025,ATCNet,FM-Full_A-Eucl_AdaBN-F,13,0.67,0.7809
Yang2025,ATCNet,FM-Full_A-Eucl_AdaBN-F,14,0.5666666667,0.6019222222
Yang2025,ATCNet,FM-Full_A-Eucl_AdaBN-F,16,0.6516666667,0.7103111111
Yang2025,ATCNet,FM-Full_A-Eucl_AdaBN-F,17,0.76,0.8222444444
Yang2025,ATCNet,FM-Full_A-Eucl_AdaBN-F,18,0.6366666667,0.7024666667
Yang2025,ATCNet,FM-Full_A-Eucl_AdaBN-F,20,0.6666666667,0.745
Yang2025,ATCNet,FM-Full_A-Eucl_AdaBN-F,25,0.8066666667,0.9054555556
Yang2025,ATCNet,FM-Full_A-Eucl_AdaBN-F,26,0.8112597547,0.9008472687
Yang2025,ATCNet,FM-Full_A-Eucl_AdaBN-F,27,0.7433333333,0.8169166667
Yang2025,ATCNet,FM-Full_A-Eucl_AdaBN-F,31,0.78,0.8773555556
Yang2025,ATCNet,FM-Full_A-Eucl_AdaBN-F,32,0.7564492754,0.8526532887
Yang2025,ATCNet,FM-Full_A-Eucl_AdaBN-F,33,0.93,0.9889888889
Yang2025,ATCNet,FM-Full_A-Eucl_AdaBN-F,34,0.85,0.9254111111
Yang2025,ATCNet,FM-Full_A-Eucl_AdaBN-F,37,0.85,0.9312111111
Yang2025,ATCNet,FM-Full_A-Eucl_AdaBN-F,41,0.9333333333,0.9813555556
Yang2025,ATCNet,FM-Full_A-Eucl_AdaBN-F,44,0.675,0.72165
Yang2025,ATCNet,FM-Full_A-Eucl_AdaBN-F,45,0.7483333333,0.8216444444
Yang2025,ATCNet,FM-Full_A-Eucl_AdaBN-F,47,0.8,0.8785666667
Yang2025,ATCNet,FM-Full_A-Eucl_AdaBN-F,48,0.8533333333,0.9243111111
Yang2025,ATCNet,FM-Full_A-Eucl_AdaBN-F,49,0.845,0.9230888889
Yang2025,ATCNet,FM-Full_A-Eucl_AdaBN-F,50,0.9,0.9655444444
Yang2025,ATCNet,FM-Full_A-Eucl_AdaBN-F,1,0.8733333333,0.9408888889
Yang2025,ATCNet,FM-Full_A-Eucl_AdaBN-F,2,0.5633333333,0.6058555556
Yang2025,ATCNet,FM-Full_A-Eucl_AdaBN-F,3,0.91,0.9721888889
Yang2025,ATCNet,FM-Full_A-Eucl_AdaBN-F,6,0.9466666667,0.9863555556
Yang2025,ATCNet,FM-Full_A-Eucl_AdaBN-F,8,0.775,0.8525777778
Yang2025,ATCNet,FM-Full_A-Eucl_AdaBN-F,11,0.7983333333,0.8925888889
Yang2025,ATCNet,FM-Full_A-Eucl_AdaBN-F,12,0.5183333333,0.5289111111
Yang2025,ATCNet,FM-Full_A-Eucl_AdaBN-F,15,0.6883333333,0.7761
Yang2025,ATCNet,FM-Full_A-Eucl_AdaBN-F,19,0.795,0.8818333333
Yang2025,ATCNet,FM-Full_A-Eucl_AdaBN-F,21,0.7866666667,0.8622333333
Yang2025,ATCNet,FM-Full_A-Eucl_AdaBN-F,22,0.7533333333,0.8283888889
Yang2025,ATCNet,FM-Full_A-Eucl_AdaBN-F,23,0.8864604236,0.9544314381
Yang2025,ATCNet,FM-Full_A-Eucl_AdaBN-F,24,0.9360035371,0.9879149284
Yang2025,ATCNet,FM-Full_A-Eucl_AdaBN-F,28,0.8783333333,0.9488333333
Yang2025,ATCNet,FM-Full_A-Eucl_AdaBN-F,29,0.9333333333,0.9824111111
Yang2025,ATCNet,FM-Full_A-Eucl_AdaBN-F,30,0.8483333333,0.9220333333
Yang2025,ATCNet,FM-Full_A-Eucl_AdaBN-F,35,0.77,0.8578222222
Yang2025,ATCNet,FM-Full_A-Eucl_AdaBN-F,36,0.85,0.9285777778
Yang2025,ATCNet,FM-Full_A-Eucl_AdaBN-F,38,0.585,0.6036666667
Yang2025,ATCNet,FM-Full_A-Eucl_AdaBN-F,39,0.785,0.8779111111
Yang2025,ATCNet,FM-Full_A-Eucl_AdaBN-F,40,0.7716666667,0.8588888889
Yang2025,ATCNet,FM-Full_A-Eucl_AdaBN-F,42,0.6933333333,0.7576111111
Yang2025,ATCNet,FM-Full_A-Eucl_AdaBN-F,43,0.8983333333,0.9566666667
Yang2025,ATCNet,FM-Full_A-Eucl_AdaBN-F,46,0.9233333333,0.9754555556
Yang2025,ATCNet,FM-Full_A-Eucl_AdaBN-F,51,0.8483333333,0.9226777778
Yang2025,ATCNet,FM-Full_A-Eucl_AdaBN-T,4,0.5316666667,0.5226666667
Yang2025,ATCNet,FM-Full_A-Eucl_AdaBN-T,5,0.88,0.9416555556
Yang2025,ATCNet,FM-Full_A-Eucl_AdaBN-T,7,0.6466666667,0.7207666667
Yang2025,ATCNet,FM-Full_A-Eucl_AdaBN-T,9,0.6716666667,0.7333777778
Yang2025,ATCNet,FM-Full_A-Eucl_AdaBN-T,10,0.8216666667,0.8992111111
Yang2025,ATCNet,FM-Full_A-Eucl_AdaBN-T,13,0.7366666667,0.8055222222
Yang2025,ATCNet,FM-Full_A-Eucl_AdaBN-T,14,0.575,0.6099111111
Yang2025,ATCNet,FM-Full_A-Eucl_AdaBN-T,16,0.6733333333,0.7317444444
Yang2025,ATCNet,FM-Full_A-Eucl_AdaBN-T,17,0.7583333333,0.8417888889
Yang2025,ATCNet,FM-Full_A-Eucl_AdaBN-T,18,0.66,0.7275222222
Yang2025,ATCNet,FM-Full_A-Eucl_AdaBN-T,20,0.7183333333,0.7700888889
Yang2025,ATCNet,FM-Full_A-Eucl_AdaBN-T,25,0.8266666667,0.9131777778
Yang2025,ATCNet,FM-Full_A-Eucl_AdaBN-T,26,0.8497157191,0.9326532887
Yang2025,ATCNet,FM-Full_A-Eucl_AdaBN-T,27,0.7683333333,0.8331333333
Yang2025,ATCNet,FM-Full_A-Eucl_AdaBN-T,31,0.785,0.8865
Yang2025,ATCNet,FM-Full_A-Eucl_AdaBN-T,32,0.7796655518,0.8583277592
Yang2025,ATCNet,FM-Full_A-Eucl_AdaBN-T,33,0.945,0.9893222222
Yang2025,ATCNet,FM-Full_A-Eucl_AdaBN-T,34,0.835,0.9161333333
Yang2025,ATCNet,FM-Full_A-Eucl_AdaBN-T,37,0.8566666667,0.9427555556
Yang2025,ATCNet,FM-Full_A-Eucl_AdaBN-T,41,0.925,0.9837444444
Yang2025,ATCNet,FM-Full_A-Eucl_AdaBN-T,44,0.685,0.7299777778
Yang2025,ATCNet,FM-Full_A-Eucl_AdaBN-T,45,0.7666666667,0.8386444444
Yang2025,ATCNet,FM-Full_A-Eucl_AdaBN-T,47,0.8016666667,0.8842555556
Yang2025,ATCNet,FM-Full_A-Eucl_AdaBN-T,48,0.8483333333,0.9273777778
Yang2025,ATCNet,FM-Full_A-Eucl_AdaBN-T,49,0.855,0.9332333333
Yang2025,ATCNet,FM-Full_A-Eucl_AdaBN-T,50,0.905,0.9659444444
Yang2025,ATCNet,FM-Full_A-Eucl_AdaBN-T,1,0.87,0.9460555556
Yang2025,ATCNet,FM-Full_A-Eucl_AdaBN-T,2,0.59,0.6266222222
Yang2025,ATCNet,FM-Full_A-Eucl_AdaBN-T,3,0.9183333333,0.9722
Yang2025,ATCNet,FM-Full_A-Eucl_AdaBN-T,6,0.9466666667,0.9904222222
Yang2025,ATCNet,FM-Full_A-Eucl_AdaBN-T,8,0.7683333333,0.8743888889
Yang2025,ATCNet,FM-Full_A-Eucl_AdaBN-T,11,0.8416666667,0.9235
Yang2025,ATCNet,FM-Full_A-Eucl_AdaBN-T,12,0.52,0.5393
Yang2025,ATCNet,FM-Full_A-Eucl_AdaBN-T,15,0.7383333333,0.8071
Yang2025,ATCNet,FM-Full_A-Eucl_AdaBN-T,19,0.7983333333,0.8927444444
Yang2025,ATCNet,FM-Full_A-Eucl_AdaBN-T,21,0.8166666667,0.8893777778
Yang2025,ATCNet,FM-Full_A-Eucl_AdaBN-T,22,0.7633333333,0.8434444444
Yang2025,ATCNet,FM-Full_A-Eucl_AdaBN-T,23,0.9014938685,0.9666555184
Yang2025,ATCNet,FM-Full_A-Eucl_AdaBN-T,24,0.9545165971,0.9890486124
Yang2025,ATCNet,FM-Full_A-Eucl_AdaBN-T,28,0.9066666667,0.9631444444
Yang2025,ATCNet,FM-Full_A-Eucl_AdaBN-T,29,0.93,0.9871444444
Yang2025,ATCNet,FM-Full_A-Eucl_AdaBN-T,30,0.9133333333,0.9666444444
Yang2025,ATCNet,FM-Full_A-Eucl_AdaBN-T,35,0.8,0.8725888889
Yang2025,ATCNet,FM-Full_A-Eucl_AdaBN-T,36,0.8616666667,0.9320444444
Yang2025,ATCNet,FM-Full_A-Eucl_AdaBN-T,38,0.5983333333,0.6298
Yang2025,ATCNet,FM-Full_A-Eucl_AdaBN-T,39,0.795,0.8883555556
Yang2025,ATCNet,FM-Full_A-Eucl_AdaBN-T,40,0.8033333333,0.8831333333
Yang2025,ATCNet,FM-Full_A-Eucl_AdaBN-T,42,0.705,0.7766666667
Yang2025,ATCNet,FM-Full_A-Eucl_AdaBN-T,43,0.9033333333,0.9583333333
Yang2025,ATCNet,FM-Full_A-Eucl_AdaBN-T,46,0.9283333333,0.9765888889
Yang2025,ATCNet,FM-Full_A-Eucl_AdaBN-T,51,0.8316666667,0.9191
Yang2025,ATCNet,FM-Full_A-None_AdaBN-F,4,0.5433333333,0.5435555556
Yang2025,ATCNet,FM-Full_A-None_AdaBN-F,5,0.865,0.9407666667
Yang2025,ATCNet,FM-Full_A-None_AdaBN-F,7,0.6833333333,0.7545333333
Yang2025,ATCNet,FM-Full_A-None_AdaBN-F,9,0.6916666667,0.7653111111
Yang2025,ATCNet,FM-Full_A-None_AdaBN-F,10,0.815,0.9184
Yang2025,ATCNet,FM-Full_A-None_AdaBN-F,13,0.7383333333,0.8170333333
Yang2025,ATCNet,FM-Full_A-None_AdaBN-F,14,0.5466666667,0.5985333333
Yang2025,ATCNet,FM-Full_A-None_AdaBN-F,16,0.6883333333,0.7646444444
Yang2025,ATCNet,FM-Full_A-None_AdaBN-F,17,0.71,0.7951555556
Yang2025,ATCNet,FM-Full_A-None_AdaBN-F,18,0.6583333333,0.7238666667
Yang2025,ATCNet,FM-Full_A-None_AdaBN-F,20,0.6983333333,0.7871111111
Yang2025,ATCNet,FM-Full_A-None_AdaBN-F,25,0.8533333333,0.9360111111
Yang2025,ATCNet,FM-Full_A-None_AdaBN-F,26,0.8998327759,0.9645596433
Yang2025,ATCNet,FM-Full_A-None_AdaBN-F,27,0.78,0.8756444444
Yang2025,ATCNet,FM-Full_A-None_AdaBN-F,31,0.8033333333,0.8952555556
Yang2025,ATCNet,FM-Full_A-None_AdaBN-F,32,0.8113712375,0.889264214
Yang2025,ATCNet,FM-Full_A-None_AdaBN-F,33,0.9683333333,0.9961555556
Yang2025,ATCNet,FM-Full_A-None_AdaBN-F,34,0.8816666667,0.9547444444
Yang2025,ATCNet,FM-Full_A-None_AdaBN-F,37,0.8316666667,0.9174444444
Yang2025,ATCNet,FM-Full_A-None_AdaBN-F,41,0.9183333333,0.9811666667
Yang2025,ATCNet,FM-Full_A-None_AdaBN-F,44,0.6716666667,0.7415333333
Yang2025,ATCNet,FM-Full_A-None_AdaBN-F,45,0.77,0.8529
Yang2025,ATCNet,FM-Full_A-None_AdaBN-F,47,0.8233333333,0.9016777778
Yang2025,ATCNet,FM-Full_A-None_AdaBN-F,48,0.8283333333,0.9201666667
Yang2025,ATCNet,FM-Full_A-None_AdaBN-F,49,0.89,0.9624111111
Yang2025,ATCNet,FM-Full_A-None_AdaBN-F,50,0.8933333333,0.9629888889
Yang2025,ATCNet,FM-Full_A-None_AdaBN-F,1,0.8716666667,0.9468333333
Yang2025,ATCNet,FM-Full_A-None_AdaBN-F,2,0.595,0.6540333333
Yang2025,ATCNet,FM-Full_A-None_AdaBN-F,3,0.915,0.9625888889
Yang2025,ATCNet,FM-Full_A-None_AdaBN-F,6,0.95,0.9889
Yang2025,ATCNet,FM-Full_A-None_AdaBN-F,8,0.8483333333,0.9245222222
Yang2025,ATCNet,FM-Full_A-None_AdaBN-F,11,0.8816666667,0.9423111111
Yang2025,ATCNet,FM-Full_A-None_AdaBN-F,12,0.525,0.5682444444
Yang2025,ATCNet,FM-Full_A-None_AdaBN-F,15,0.7216666667,0.7646888889
Yang2025,ATCNet,FM-Full_A-None_AdaBN-F,19,0.88,0.9423888889
Yang2025,ATCNet,FM-Full_A-None_AdaBN-F,21,0.8216666667,0.9018444444
Yang2025,ATCNet,FM-Full_A-None_AdaBN-F,22,0.7966666667,0.8749222222
Yang2025,ATCNet,FM-Full_A-None_AdaBN-F,23,0.9148717949,0.9694537347
Yang2025,ATCNet,FM-Full_A-None_AdaBN-F,24,0.9561491021,0.991418012
Yang2025,ATCNet,FM-Full_A-None_AdaBN-F,28,0.9316666667,0.9809444444
Yang2025,ATCNet,FM-Full_A-None_AdaBN-F,29,0.9516666667,0.9946
Yang2025,ATCNet,FM-Full_A-None_AdaBN-F,30,0.7083333333,0.7684444444
Yang2025,ATCNet,FM-Full_A-None_AdaBN-F,35,0.7966666667,0.8713333333
Yang2025,ATCNet,FM-Full_A-None_AdaBN-F,36,0.8433333333,0.9253555556
Yang2025,ATCNet,FM-Full_A-None_AdaBN-F,38,0.5833333333,0.6197
Yang2025,ATCNet,FM-Full_A-None_AdaBN-F,39,0.7966666667,0.9002
Yang2025,ATCNet,FM-Full_A-None_AdaBN-F,40,0.8083333333,0.8882666667
Yang2025,ATCNet,FM-Full_A-None_AdaBN-F,42,0.7316666667,0.8166444444
Yang2025,ATCNet,FM-Full_A-None_AdaBN-F,43,0.8916666667,0.9632777778
Yang2025,ATCNet,FM-Full_A-None_AdaBN-F,46,0.9133333333,0.9771888889
Yang2025,ATCNet,FM-Full_A-None_AdaBN-F,51,0.86,0.9245222222
Yang2025,ATCNet,FM-Full_A-Riem_AdaBN-F,4,0.545,0.5521555556
Yang2025,ATCNet,FM-Full_A-Riem_AdaBN-F,5,0.75,0.8675222222
Yang2025,ATCNet,FM-Full_A-Riem_AdaBN-F,7,0.6016666667,0.6878
Yang2025,ATCNet,FM-Full_A-Riem_AdaBN-F,9,0.5683333333,0.6329
Yang2025,ATCNet,FM-Full_A-Riem_AdaBN-F,10,0.7133333333,0.8189666667
Yang2025,ATCNet,FM-Full_A-Riem_AdaBN-F,13,0.6833333333,0.7774888889
Yang2025,ATCNet,FM-Full_A-Riem_AdaBN-F,14,0.545,0.5564555556
Yang2025,ATCNet,FM-Full_A-Riem_AdaBN-F,16,0.565,0.5877666667
Yang2025,ATCNet,FM-Full_A-Riem_AdaBN-F,17,0.7033333333,0.8199777778
Yang2025,ATCNet,FM-Full_A-Riem_AdaBN-F,18,0.585,0.6179222222
Yang2025,ATCNet,FM-Full_A-Riem_AdaBN-F,20,0.5933333333,0.6832333333
Yang2025,ATCNet,FM-Full_A-Riem_AdaBN-F,25,0.78,0.8624444444
Yang2025,ATCNet,FM-Full_A-Riem_AdaBN-F,26,0.7297826087,0.8400557414
Yang2025,ATCNet,FM-Full_A-Riem_AdaBN-F,27,0.675,0.7404111111
Yang2025,ATCNet,FM-Full_A-Riem_AdaBN-F,31,0.7216666667,0.8158333333
Yang2025,ATCNet,FM-Full_A-Riem_AdaBN-F,32,0.7294425864,0.8303121516
Yang2025,ATCNet,FM-Full_A-Riem_AdaBN-F,33,0.8033333333,0.9237222222
Yang2025,ATCNet,FM-Full_A-Riem_AdaBN-F,34,0.78,0.9006444444
Yang2025,ATCNet,FM-Full_A-Riem_AdaBN-F,37,0.765,0.8626
Yang2025,ATCNet,FM-Full_A-Riem_AdaBN-F,41,0.8116666667,0.9426333333
Yang2025,ATCNet,FM-Full_A-Riem_AdaBN-F,44,0.6316666667,0.672
Yang2025,ATCNet,FM-Full_A-Riem_AdaBN-F,45,0.7116666667,0.8091
Yang2025,ATCNet,FM-Full_A-Riem_AdaBN-F,47,0.7083333333,0.8104
Yang2025,ATCNet,FM-Full_A-Riem_AdaBN-F,48,0.7416666667,0.7913
Yang2025,ATCNet,FM-Full_A-Riem_AdaBN-F,49,0.75,0.8656666667
Yang2025,ATCNet,FM-Full_A-Riem_AdaBN-F,50,0.8116666667,0.9297555556
Yang2025,ATCNet,FM-Full_A-Riem_AdaBN-F,1,0.8266666667,0.9191222222
Yang2025,ATCNet,FM-Full_A-Riem_AdaBN-F,2,0.5566666667,0.5526333333
Yang2025,ATCNet,FM-Full_A-Riem_AdaBN-F,3,0.835,0.9318555556
Yang2025,ATCNet,FM-Full_A-Riem_AdaBN-F,6,0.89,0.9714111111
Yang2025,ATCNet,FM-Full_A-Riem_AdaBN-F,8,0.7283333333,0.8081888889
Yang2025,ATCNet,FM-Full_A-Riem_AdaBN-F,11,0.7016666667,0.7693888889
Yang2025,ATCNet,FM-Full_A-Riem_AdaBN-F,12,0.5383333333,0.5582333333
Yang2025,ATCNet,FM-Full_A-Riem_AdaBN-F,15,0.6666666667,0.7395777778
Yang2025,ATCNet,FM-Full_A-Riem_AdaBN-F,19,0.74,0.8521777778
Yang2025,ATCNet,FM-Full_A-Riem_AdaBN-F,21,0.7266666667,0.7997111111
Yang2025,ATCNet,FM-Full_A-Riem_AdaBN-F,22,0.7266666667,0.8208
Yang2025,ATCNet,FM-Full_A-Riem_AdaBN-F,23,0.8115273133,0.9251950948
Yang2025,ATCNet,FM-Full_A-Riem_AdaBN-F,24,0.8535960457,0.9574868493
Yang2025,ATCNet,FM-Full_A-Riem_AdaBN-F,28,0.8133333333,0.9219111111
Yang2025,ATCNet,FM-Full_A-Riem_AdaBN-F,29,0.8633333333,0.9630333333
Yang2025,ATCNet,FM-Full_A-Riem_AdaBN-F,30,0.7266666667,0.8324555556
Yang2025,ATCNet,FM-Full_A-Riem_AdaBN-F,35,0.72,0.8056222222
Yang2025,ATCNet,FM-Full_A-Riem_AdaBN-F,36,0.7683333333,0.8645777778
Yang2025,ATCNet,FM-Full_A-Riem_AdaBN-F,38,0.56,0.5894777778
Yang2025,ATCNet,FM-Full_A-Riem_AdaBN-F,39,0.7183333333,0.8219777778
Yang2025,ATCNet,FM-Full_A-Riem_AdaBN-F,40,0.6983333333,0.7842111111
Yang2025,ATCNet,FM-Full_A-Riem_AdaBN-F,42,0.68,0.7612222222
Yang2025,ATCNet,FM-Full_A-Riem_AdaBN-F,43,0.8366666667,0.9371111111
Yang2025,ATCNet,FM-Full_A-Riem_AdaBN-F,46,0.8366666667,0.9411
Yang2025,ATCNet,FM-Full_A-Riem_AdaBN-F,51,0.7316666667,0.8617555556
Yang2025,ATCNet,FM-Full_A-Riem_AdaBN-T,4,0.53,0.5489
Yang2025,ATCNet,FM-Full_A-Riem_AdaBN-T,5,0.885,0.9494777778
Yang2025,ATCNet,FM-Full_A-Riem_AdaBN-T,7,0.66,0.7208888889
Yang2025,ATCNet,FM-Full_A-Riem_AdaBN-T,9,0.6783333333,0.7453888889
Yang2025,ATCNet,FM-Full_A-Riem_AdaBN-T,10,0.815,0.8997333333
Yang2025,ATCNet,FM-Full_A-Riem_AdaBN-T,13,0.735,0.8273111111
Yang2025,ATCNet,FM-Full_A-Riem_AdaBN-T,14,0.575,0.6096888889
Yang2025,ATCNet,FM-Full_A-Riem_AdaBN-T,16,0.68,0.7495222222
Yang2025,ATCNet,FM-Full_A-Riem_AdaBN-T,17,0.7916666667,0.8603888889
Yang2025,ATCNet,FM-Full_A-Riem_AdaBN-T,18,0.665,0.7179222222
Yang2025,ATCNet,FM-Full_A-Riem_AdaBN-T,20,0.7266666667,0.7956666667
Yang2025,ATCNet,FM-Full_A-Riem_AdaBN-T,25,0.8366666667,0.9267888889
Yang2025,ATCNet,FM-Full_A-Riem_AdaBN-T,26,0.8948216276,0.9586176143
Yang2025,ATCNet,FM-Full_A-Riem_AdaBN-T,27,0.765,0.8390222222
Yang2025,ATCNet,FM-Full_A-Riem_AdaBN-T,31,0.805,0.8812888889
Yang2025,ATCNet,FM-Full_A-Riem_AdaBN-T,32,0.8130044593,0.8988740245
Yang2025,ATCNet,FM-Full_A-Riem_AdaBN-T,33,0.95,0.9917777778
Yang2025,ATCNet,FM-Full_A-Riem_AdaBN-T,34,0.8416666667,0.9301777778
Yang2025,ATCNet,FM-Full_A-Riem_AdaBN-T,37,0.8816666667,0.9434222222
Yang2025,ATCNet,FM-Full_A-Riem_AdaBN-T,41,0.9316666667,0.9813888889
Yang2025,ATCNet,FM-Full_A-Riem_AdaBN-T,44,0.6216666667,0.7000666667
Yang2025,ATCNet,FM-Full_A-Riem_AdaBN-T,45,0.775,0.8599111111
Yang2025,ATCNet,FM-Full_A-Riem_AdaBN-T,47,0.7966666667,0.8867111111
Yang2025,ATCNet,FM-Full_A-Riem_AdaBN-T,48,0.855,0.9275888889
Yang2025,ATCNet,FM-Full_A-Riem_AdaBN-T,49,0.85,0.9329
Yang2025,ATCNet,FM-Full_A-Riem_AdaBN-T,50,0.9033333333,0.9685444444
Yang2025,ATCNet,FM-Full_A-Riem_AdaBN-T,1,0.8766666667,0.9424666667
Yang2025,ATCNet,FM-Full_A-Riem_AdaBN-T,2,0.6216666667,0.6570777778
Yang2025,ATCNet,FM-Full_A-Riem_AdaBN-T,3,0.91,0.9670666667
Yang2025,ATCNet,FM-Full_A-Riem_AdaBN-T,6,0.9516666667,0.9898666667
Yang2025,ATCNet,FM-Full_A-Riem_AdaBN-T,8,0.8116666667,0.8866222222
Yang2025,ATCNet,FM-Full_A-Riem_AdaBN-T,11,0.8266666667,0.9095
Yang2025,ATCNet,FM-Full_A-Riem_AdaBN-T,12,0.5466666667,0.5786777778
Yang2025,ATCNet,FM-Full_A-Riem_AdaBN-T,15,0.7433333333,0.8077333333
Yang2025,ATCNet,FM-Full_A-Riem_AdaBN-T,19,0.8083333333,0.8897333333
Yang2025,ATCNet,FM-Full_A-Riem_AdaBN-T,21,0.8233333333,0.8927444444
Yang2025,ATCNet,FM-Full_A-Riem_AdaBN-T,22,0.7416666667,0.8312222222
Yang2025,ATCNet,FM-Full_A-Riem_AdaBN-T,23,0.9198662207,0.9723299889
Yang2025,ATCNet,FM-Full_A-Riem_AdaBN-T,24,0.9393365681,0.9822351714
Yang2025,ATCNet,FM-Full_A-Riem_AdaBN-T,28,0.8983333333,0.9606333333
Yang2025,ATCNet,FM-Full_A-Riem_AdaBN-T,29,0.9383333333,0.9898111111
Yang2025,ATCNet,FM-Full_A-Riem_AdaBN-T,30,0.885,0.9527444444
Yang2025,ATCNet,FM-Full_A-Riem_AdaBN-T,35,0.7866666667,0.8544333333
Yang2025,ATCNet,FM-Full_A-Riem_AdaBN-T,36,0.8283333333,0.9259333333
Yang2025,ATCNet,FM-Full_A-Riem_AdaBN-T,38,0.5916666667,0.6306111111
Yang2025,ATCNet,FM-Full_A-Riem_AdaBN-T,39,0.7866666667,0.8777666667
Yang2025,ATCNet,FM-Full_A-Riem_AdaBN-T,40,0.8233333333,0.8953555556
Yang2025,ATCNet,FM-Full_A-Riem_AdaBN-T,42,0.7233333333,0.7870555556
Yang2025,ATCNet,FM-Full_A-Riem_AdaBN-T,43,0.9033333333,0.9657777778
Yang2025,ATCNet,FM-Full_A-Riem_AdaBN-T,46,0.9133333333,0.9749
Yang2025,ATCNet,FM-Full_A-Riem_AdaBN-T,51,0.8266666667,0.9143111111
Yang2025,ATCNet,FM-None_A-Eucl_AdaBN-T,4,0.5166666667,0.5343777778
Yang2025,ATCNet,FM-None_A-Eucl_AdaBN-T,5,0.7716666667,0.8461111111
Yang2025,ATCNet,FM-None_A-Eucl_AdaBN-T,7,0.6316666667,0.7090666667
Yang2025,ATCNet,FM-None_A-Eucl_AdaBN-T,9,0.68,0.7383222222
Yang2025,ATCNet,FM-None_A-Eucl_AdaBN-T,10,0.8216666667,0.8923888889
Yang2025,ATCNet,FM-None_A-Eucl_AdaBN-T,13,0.7316666667,0.8061777778
Yang2025,ATCNet,FM-None_A-Eucl_AdaBN-T,14,0.575,0.6135555556
Yang2025,ATCNet,FM-None_A-Eucl_AdaBN-T,16,0.6616666667,0.7296555556
Yang2025,ATCNet,FM-None_A-Eucl_AdaBN-T,17,0.7166666667,0.7968888889
Yang2025,ATCNet,FM-None_A-Eucl_AdaBN-T,18,0.6833333333,0.7513222222
Yang2025,ATCNet,FM-None_A-Eucl_AdaBN-T,20,0.655,0.6993666667
Yang2025,ATCNet,FM-None_A-Eucl_AdaBN-T,25,0.7833333333,0.8793666667
Yang2025,ATCNet,FM-None_A-Eucl_AdaBN-T,26,0.7963377926,0.8685618729
Yang2025,ATCNet,FM-None_A-Eucl_AdaBN-T,27,0.725,0.7961
Yang2025,ATCNet,FM-None_A-Eucl_AdaBN-T,31,0.7983333333,0.8805
Yang2025,ATCNet,FM-None_A-Eucl_AdaBN-T,32,0.7178874025,0.7839910814
Yang2025,ATCNet,FM-None_A-Eucl_AdaBN-T,33,0.8533333333,0.9454666667
Yang2025,ATCNet,FM-None_A-Eucl_AdaBN-T,34,0.5466666667,0.5565444444
Yang2025,ATCNet,FM-None_A-Eucl_AdaBN-T,37,0.8533333333,0.9293444444
Yang2025,ATCNet,FM-None_A-Eucl_AdaBN-T,41,0.8866666667,0.9586777778
Yang2025,ATCNet,FM-None_A-Eucl_AdaBN-T,44,0.6233333333,0.7013
Yang2025,ATCNet,FM-None_A-Eucl_AdaBN-T,45,0.7533333333,0.8369
Yang2025,ATCNet,FM-None_A-Eucl_AdaBN-T,47,0.7816666667,0.8620222222
Yang2025,ATCNet,FM-None_A-Eucl_AdaBN-T,48,0.8083333333,0.8845777778
Yang2025,ATCNet,FM-None_A-Eucl_AdaBN-T,49,0.815,0.9053333333
Yang2025,ATCNet,FM-None_A-Eucl_AdaBN-T,50,0.91,0.9723888889
Yang2025,ATCNet,FM-None_A-Eucl_AdaBN-T,1,0.8583333333,0.9226333333
Yang2025,ATCNet,FM-None_A-Eucl_AdaBN-T,2,0.5716666667,0.6066
Yang2025,ATCNet,FM-None_A-Eucl_AdaBN-T,3,0.8766666667,0.9484777778
Yang2025,ATCNet,FM-None_A-Eucl_AdaBN-T,6,0.915,0.9710888889
Yang2025,ATCNet,FM-None_A-Eucl_AdaBN-T,8,0.785,0.8582666667
Yang2025,ATCNet,FM-None_A-Eucl_AdaBN-T,11,0.835,0.9088666667
Yang2025,ATCNet,FM-None_A-Eucl_AdaBN-T,12,0.57,0.5889333333
Yang2025,ATCNet,FM-None_A-Eucl_AdaBN-T,15,0.7616666667,0.8295111111
Yang2025,ATCNet,FM-None_A-Eucl_AdaBN-T,19,0.7533333333,0.8562444444
Yang2025,ATCNet,FM-None_A-Eucl_AdaBN-T,21,0.785,0.8526666667
Yang2025,ATCNet,FM-None_A-Eucl_AdaBN-T,22,0.745,0.8300222222
Yang2025,ATCNet,FM-None_A-Eucl_AdaBN-T,23,0.8764994426,0.9331438127
Yang2025,ATCNet,FM-None_A-Eucl_AdaBN-T,24,0.8989547433,0.9638468166
Yang2025,ATCNet,FM-None_A-Eucl_AdaBN-T,28,0.8566666667,0.9325888889
Yang2025,ATCNet,FM-None_A-Eucl_AdaBN-T,29,0.8416666667,0.9258
Yang2025,ATCNet,FM-None_A-Eucl_AdaBN-T,30,0.8383333333,0.9145
Yang2025,ATCNet,FM-None_A-Eucl_AdaBN-T,35,0.77,0.8458333333
Yang2025,ATCNet,FM-None_A-Eucl_AdaBN-T,36,0.84,0.9097111111
Yang2025,ATCNet,FM-None_A-Eucl_AdaBN-T,38,0.5766666667,0.6182222222
Yang2025,ATCNet,FM-None_A-Eucl_AdaBN-T,39,0.7666666667,0.8469444444
Yang2025,ATCNet,FM-None_A-Eucl_AdaBN-T,40,0.7783333333,0.8566111111
Yang2025,ATCNet,FM-None_A-Eucl_AdaBN-T,42,0.735,0.8230333333
Yang2025,ATCNet,FM-None_A-Eucl_AdaBN-T,43,0.8566666667,0.9449444444
Yang2025,ATCNet,FM-None_A-Eucl_AdaBN-T,46,0.8916666667,0.9555222222
Yang2025,ATCNet,FM-None_A-Eucl_AdaBN-T,51,0.8333333333,0.9058
Yang2025,ATCNet,FM-None_A-None_AdaBN-F,4,0.5383333333,0.5452888889
Yang2025,ATCNet,FM-None_A-None_AdaBN-F,5,0.7283333333,0.8136
Yang2025,ATCNet,FM-None_A-None_AdaBN-F,7,0.655,0.6974333333
Yang2025,ATCNet,FM-None_A-None_AdaBN-F,9,0.6416666667,0.7662111111
Yang2025,ATCNet,FM-None_A-None_AdaBN-F,10,0.7716666667,0.8733333333
Yang2025,ATCNet,FM-None_A-None_AdaBN-F,13,0.6783333333,0.8067333333
Yang2025,ATCNet,FM-None_A-None_AdaBN-F,14,0.5416666667,0.5878111111
Yang2025,ATCNet,FM-None_A-None_AdaBN-F,16,0.6183333333,0.7119222222
Yang2025,ATCNet,FM-None_A-None_AdaBN-F,17,0.645,0.7370333333
Yang2025,ATCNet,FM-None_A-None_AdaBN-F,18,0.675,0.7619555556
Yang2025,ATCNet,FM-None_A-None_AdaBN-F,20,0.5666666667,0.5698222222
Yang2025,ATCNet,FM-None_A-None_AdaBN-F,25,0.6783333333,0.8739444444
Yang2025,ATCNet,FM-None_A-None_AdaBN-F,26,0.7262151616,0.810367893
Yang2025,ATCNet,FM-None_A-None_AdaBN-F,27,0.5383333333,0.6276777778
Yang2025,ATCNet,FM-None_A-None_AdaBN-F,31,0.7683333333,0.8742555556
Yang2025,ATCNet,FM-None_A-None_AdaBN-F,32,0.6930880713,0.7894314381
Yang2025,ATCNet,FM-None_A-None_AdaBN-F,33,0.73,0.9767777778
Yang2025,ATCNet,FM-None_A-None_AdaBN-F,34,0.4716666667,0.4232222222
Yang2025,ATCNet,FM-None_A-None_AdaBN-F,37,0.8383333333,0.9240333333
Yang2025,ATCNet,FM-None_A-None_AdaBN-F,41,0.9,0.9665222222
Yang2025,ATCNet,FM-None_A-None_AdaBN-F,44,0.6116666667,0.7005444444
Yang2025,ATCNet,FM-None_A-None_AdaBN-F,45,0.695,0.8206111111
Yang2025,ATCNet,FM-None_A-None_AdaBN-F,47,0.78,0.8731444444
Yang2025,ATCNet,FM-None_A-None_AdaBN-F,48,0.815,0.8884555556
Yang2025,ATCNet,FM-None_A-None_AdaBN-F,49,0.8466666667,0.9356666667
Yang2025,ATCNet,FM-None_A-None_AdaBN-F,50,0.8066666667,0.9020555556
Yang2025,ATCNet,FM-None_A-None_AdaBN-F,1,0.7483333333,0.8629777778
Yang2025,ATCNet,FM-None_A-None_AdaBN-F,2,0.5583333333,0.6161222222
Yang2025,ATCNet,FM-None_A-None_AdaBN-F,3,0.8916666667,0.9611111111
Yang2025,ATCNet,FM-None_A-None_AdaBN-F,6,0.94,0.9856888889
Yang2025,ATCNet,FM-None_A-None_AdaBN-F,8,0.825,0.9071111111
Yang2025,ATCNet,FM-None_A-None_AdaBN-F,11,0.8383333333,0.9232666667
Yang2025,ATCNet,FM-None_A-None_AdaBN-F,12,0.5316666667,0.5590555556
Yang2025,ATCNet,FM-None_A-None_AdaBN-F,15,0.7816666667,0.8371222222
Yang2025,ATCNet,FM-None_A-None_AdaBN-F,19,0.7666666667,0.8914666667
Yang2025,ATCNet,FM-None_A-None_AdaBN-F,21,0.7433333333,0.8285111111
Yang2025,ATCNet,FM-None_A-None_AdaBN-F,22,0.6816666667,0.7811555556
Yang2025,ATCNet,FM-None_A-None_AdaBN-F,23,0.8465440357,0.9230211817
Yang2025,ATCNet,FM-None_A-None_AdaBN-F,24,0.8821195356,0.9553668601
Yang2025,ATCNet,FM-None_A-None_AdaBN-F,28,0.9,0.9556666667
Yang2025,ATCNet,FM-None_A-None_AdaBN-F,29,0.905,0.9724222222
Yang2025,ATCNet,FM-None_A-None_AdaBN-F,30,0.7933333333,0.8650333333
Yang2025,ATCNet,FM-None_A-None_AdaBN-F,35,0.6316666667,0.7054111111
Yang2025,ATCNet,FM-None_A-None_AdaBN-F,36,0.6866666667,0.8896777778
Yang2025,ATCNet,FM-None_A-None_AdaBN-F,38,0.4916666667,0.5334666667
Yang2025,ATCNet,FM-None_A-None_AdaBN-F,39,0.7233333333,0.8366444444
Yang2025,ATCNet,FM-None_A-None_AdaBN-F,40,0.6933333333,0.844
Yang2025,ATCNet,FM-None_A-None_AdaBN-F,42,0.6666666667,0.7954333333
Yang2025,ATCNet,FM-None_A-None_AdaBN-F,43,0.7466666667,0.9115
Yang2025,ATCNet,FM-None_A-None_AdaBN-F,46,0.785,0.9191555556
Yang2025,ATCNet,FM-None_A-None_AdaBN-F,51,0.7733333333,0.9025888889
Yang2025,ATCNet,NoPre_FM-Full_A-Eucl_AdaBN-T,4,0.49,0.4998333333
Yang2025,ATCNet,NoPre_FM-Full_A-Eucl_AdaBN-T,5,0.4983333333,0.5045222222
Yang2025,ATCNet,NoPre_FM-Full_A-Eucl_AdaBN-T,7,0.4983333333,0.4979666667
Yang2025,ATCNet,NoPre_FM-Full_A-Eucl_AdaBN-T,9,0.5066666667,0.5111444444
Yang2025,ATCNet,NoPre_FM-Full_A-Eucl_AdaBN-T,10,0.5266666667,0.5049555556
Yang2025,ATCNet,NoPre_FM-Full_A-Eucl_AdaBN-T,13,0.49,0.4787111111
Yang2025,ATCNet,NoPre_FM-Full_A-Eucl_AdaBN-T,14,0.525,0.5175222222
Yang2025,ATCNet,NoPre_FM-Full_A-Eucl_AdaBN-T,16,0.5166666667,0.5098111111
Yang2025,ATCNet,NoPre_FM-Full_A-Eucl_AdaBN-T,17,0.46,0.4815
Yang2025,ATCNet,NoPre_FM-Full_A-Eucl_AdaBN-T,18,0.475,0.4798111111
Yang2025,ATCNet,NoPre_FM-Full_A-Eucl_AdaBN-T,20,0.5,0.4990333333
Yang2025,ATCNet,NoPre_FM-Full_A-Eucl_AdaBN-T,25,0.505,0.5068111111
Yang2025,ATCNet,NoPre_FM-Full_A-Eucl_AdaBN-T,26,0.562580825,0.5863433668
Yang2025,ATCNet,NoPre_FM-Full_A-Eucl_AdaBN-T,27,0.51,0.5264333333
Yang2025,ATCNet,NoPre_FM-Full_A-Eucl_AdaBN-T,31,0.5166666667,0.5321444444
Yang2025,ATCNet,NoPre_FM-Full_A-Eucl_AdaBN-T,32,0.4808416945,0.4647491639
Yang2025,ATCNet,NoPre_FM-Full_A-Eucl_AdaBN-T,33,0.575,0.6066444444
Yang2025,ATCNet,NoPre_FM-Full_A-Eucl_AdaBN-T,34,0.4933333333,0.4914444444
Yang2025,ATCNet,NoPre_FM-Full_A-Eucl_AdaBN-T,37,0.485,0.4865777778
Yang2025,ATCNet,NoPre_FM-Full_A-Eucl_AdaBN-T,41,0.49,0.4691777778
Yang2025,ATCNet,NoPre_FM-Full_A-Eucl_AdaBN-T,44,0.4816666667,0.4698444444
Yang2025,ATCNet,NoPre_FM-Full_A-Eucl_AdaBN-T,45,0.5366666667,0.5310333333
Yang2025,ATCNet,NoPre_FM-Full_A-Eucl_AdaBN-T,47,0.5383333333,0.5649111111
Yang2025,ATCNet,NoPre_FM-Full_A-Eucl_AdaBN-T,48,0.525,0.5249888889
Yang2025,ATCNet,NoPre_FM-Full_A-Eucl_AdaBN-T,49,0.5316666667,0.5469222222
Yang2025,ATCNet,NoPre_FM-Full_A-Eucl_AdaBN-T,50,0.5183333333,0.5189777778
Yang2025,ATCNet,NoPre_FM-Full_A-Eucl_AdaBN-T,1,0.5233333333,0.5166777778
Yang2025,ATCNet,NoPre_FM-Full_A-Eucl_AdaBN-T,2,0.5333333333,0.5296777778
Yang2025,ATCNet,NoPre_FM-Full_A-Eucl_AdaBN-T,3,0.5166666667,0.5198222222
Yang2025,ATCNet,NoPre_FM-Full_A-Eucl_AdaBN-T,6,0.515,0.5206333333
Yang2025,ATCNet,NoPre_FM-Full_A-Eucl_AdaBN-T,8,0.5066666667,0.5121
Yang2025,ATCNet,NoPre_FM-Full_A-Eucl_AdaBN-T,11,0.4566666667,0.4704333333
Yang2025,ATCNet,NoPre_FM-Full_A-Eucl_AdaBN-T,12,0.4733333333,0.4881
Yang2025,ATCNet,NoPre_FM-Full_A-Eucl_AdaBN-T,15,0.5283333333,0.5313
Yang2025,ATCNet,NoPre_FM-Full_A-Eucl_AdaBN-T,19,0.515,0.5146666667
Yang2025,ATCNet,NoPre_FM-Full_A-Eucl_AdaBN-T,21,0.5066666667,0.5074222222
Yang2025,ATCNet,NoPre_FM-Full_A-Eucl_AdaBN-T,22,0.54,0.5230555556
Yang2025,ATCNet,NoPre_FM-Full_A-Eucl_AdaBN-T,23,0.5074749164,0.5111928651
Yang2025,ATCNet,NoPre_FM-Full_A-Eucl_AdaBN-T,24,0.5284327952,0.5310062579
Yang2025,ATCNet,NoPre_FM-Full_A-Eucl_AdaBN-T,28,0.4833333333,0.4789444444
Yang2025,ATCNet,NoPre_FM-Full_A-Eucl_AdaBN-T,29,0.7733333333,0.8722222222
Yang2025,ATCNet,NoPre_FM-Full_A-Eucl_AdaBN-T,30,0.5866666667,0.5969
Yang2025,ATCNet,NoPre_FM-Full_A-Eucl_AdaBN-T,35,0.53,0.5188222222
Yang2025,ATCNet,NoPre_FM-Full_A-Eucl_AdaBN-T,36,0.5233333333,0.5411444444
Yang2025,ATCNet,NoPre_FM-Full_A-Eucl_AdaBN-T,38,0.4833333333,0.4862
Yang2025,ATCNet,NoPre_FM-Full_A-Eucl_AdaBN-T,39,0.495,0.4773777778
Yang2025,ATCNet,NoPre_FM-Full_A-Eucl_AdaBN-T,40,0.5133333333,0.5043666667
Yang2025,ATCNet,NoPre_FM-Full_A-Eucl_AdaBN-T,42,0.495,0.5008111111
Yang2025,ATCNet,NoPre_FM-Full_A-Eucl_AdaBN-T,43,0.5033333333,0.5247777778
Yang2025,ATCNet,NoPre_FM-Full_A-Eucl_AdaBN-T,46,0.5433333333,0.5466888889
Yang2025,ATCNet,NoPre_FM-Full_A-Eucl_AdaBN-T,51,0.5166666667,0.5359
Yang2025,ATCNet,NoPre_FM-Full_A-None_AdaBN-F,4,0.505,0.5092111111
Yang2025,ATCNet,NoPre_FM-Full_A-None_AdaBN-F,5,0.6383333333,0.7186777778
Yang2025,ATCNet,NoPre_FM-Full_A-None_AdaBN-F,7,0.57,0.5919444444
Yang2025,ATCNet,NoPre_FM-Full_A-None_AdaBN-F,9,0.515,0.5067444444
Yang2025,ATCNet,NoPre_FM-Full_A-None_AdaBN-F,10,0.53,0.5383666667
Yang2025,ATCNet,NoPre_FM-Full_A-None_AdaBN-F,13,0.4983333333,0.5004555556
Yang2025,ATCNet,NoPre_FM-Full_A-None_AdaBN-F,14,0.5283333333,0.5252222222
Yang2025,ATCNet,NoPre_FM-Full_A-None_AdaBN-F,16,0.5633333333,0.58115
Yang2025,ATCNet,NoPre_FM-Full_A-None_AdaBN-F,17,0.5016666667,0.5042611111
Yang2025,ATCNet,NoPre_FM-Full_A-None_AdaBN-F,18,0.5133333333,0.5366444444
Yang2025,ATCNet,NoPre_FM-Full_A-None_AdaBN-F,20,0.5166666667,0.5288555556
Yang2025,ATCNet,NoPre_FM-Full_A-None_AdaBN-F,25,0.5416666667,0.5870777778
Yang2025,ATCNet,NoPre_FM-Full_A-None_AdaBN-F,26,0.7280602007,0.8130657748
Yang2025,ATCNet,NoPre_FM-Full_A-None_AdaBN-F,27,0.6983333333,0.7757222222
Yang2025,ATCNet,NoPre_FM-Full_A-None_AdaBN-F,31,0.6,0.6452555556
Yang2025,ATCNet,NoPre_FM-Full_A-None_AdaBN-F,32,0.5308807135,0.5504236343
Yang2025,ATCNet,NoPre_FM-Full_A-None_AdaBN-F,33,0.8133333333,0.9097111111
Yang2025,ATCNet,NoPre_FM-Full_A-None_AdaBN-F,34,0.7916666667,0.8975111111
Yang2025,ATCNet,NoPre_FM-Full_A-None_AdaBN-F,37,0.5916666667,0.6356444444
Yang2025,ATCNet,NoPre_FM-Full_A-None_AdaBN-F,41,0.545,0.5706666667
Yang2025,ATCNet,NoPre_FM-Full_A-None_AdaBN-F,44,0.51,0.5381
Yang2025,ATCNet,NoPre_FM-Full_A-None_AdaBN-F,45,0.5266666667,0.5477777778
Yang2025,ATCNet,NoPre_FM-Full_A-None_AdaBN-F,47,0.6316666667,0.6834888889
Yang2025,ATCNet,NoPre_FM-Full_A-None_AdaBN-F,48,0.5666666667,0.6055444444
Yang2025,ATCNet,NoPre_FM-Full_A-None_AdaBN-F,49,0.7733333333,0.8484388889
Yang2025,ATCNet,NoPre_FM-Full_A-None_AdaBN-F,50,0.5966666667,0.6260333333
Yang2025,ATCNet,NoPre_FM-Full_A-None_AdaBN-F,1,0.65,0.71545
Yang2025,ATCNet,NoPre_FM-Full_A-None_AdaBN-F,2,0.5133333333,0.5099944444
Yang2025,ATCNet,NoPre_FM-Full_A-None_AdaBN-F,3,0.69,0.7585166667
Yang2025,ATCNet,NoPre_FM-Full_A-None_AdaBN-F,6,0.76,0.8711333333
Yang2025,ATCNet,NoPre_FM-Full_A-None_AdaBN-F,8,0.6666666667,0.7061277778
Yang2025,ATCNet,NoPre_FM-Full_A-None_AdaBN-F,11,0.5983333333,0.6711
Yang2025,ATCNet,NoPre_FM-Full_A-None_AdaBN-F,12,0.535,0.5354777778
Yang2025,ATCNet,NoPre_FM-Full_A-None_AdaBN-F,15,0.57,0.5898055556
Yang2025,ATCNet,NoPre_FM-Full_A-None_AdaBN-F,19,0.67,0.7611555556
Yang2025,ATCNet,NoPre_FM-Full_A-None_AdaBN-F,21,0.6333333333,0.6890944444
Yang2025,ATCNet,NoPre_FM-Full_A-None_AdaBN-F,22,0.605,0.6488944444
Yang2025,ATCNet,NoPre_FM-Full_A-None_AdaBN-F,23,0.7011204013,0.7864437012
Yang2025,ATCNet,NoPre_FM-Full_A-None_AdaBN-F,24,0.7003219663,0.7676854707
Yang2025,ATCNet,NoPre_FM-Full_A-None_AdaBN-F,28,0.745,0.8444333333
Yang2025,ATCNet,NoPre_FM-Full_A-None_AdaBN-F,29,0.84,0.9260111111
Yang2025,ATCNet,NoPre_FM-Full_A-None_AdaBN-F,30,0.6366666667,0.6282722222
Yang2025,ATCNet,NoPre_FM-Full_A-None_AdaBN-F,35,0.5216666667,0.5219222222
Yang2025,ATCNet,NoPre_FM-Full_A-None_AdaBN-F,36,0.54,0.5705888889
Yang2025,ATCNet,NoPre_FM-Full_A-None_AdaBN-F,38,0.55,0.5541666667
Yang2025,ATCNet,NoPre_FM-Full_A-None_AdaBN-F,39,0.6716666667,0.7525222222
Yang2025,ATCNet,NoPre_FM-Full_A-None_AdaBN-F,40,0.535,0.5535555556
Yang2025,ATCNet,NoPre_FM-Full_A-None_AdaBN-F,42,0.5183333333,0.5196666667
Yang2025,ATCNet,NoPre_FM-Full_A-None_AdaBN-F,43,0.5383333333,0.5655444444
Yang2025,ATCNet,NoPre_FM-Full_A-None_AdaBN-F,46,0.545,0.5863055556
Yang2025,ATCNet,NoPre_FM-Full_A-None_AdaBN-F,51,0.5833333333,0.6391611111
BI2015a,DeepConvNet,FM-Dec_A-Eucl_AdaBN-F,4,0.7966666667,0.9472013889
BI2015a,DeepConvNet,FM-Dec_A-Eucl_AdaBN-F,5,0.7863636364,0.9294255688
BI2015a,DeepConvNet,FM-Dec_A-Eucl_AdaBN-F,7,0.7970588235,0.9346212995
BI2015a,DeepConvNet,FM-Dec_A-Eucl_AdaBN-F,9,0.6783783784,0.8382477072
BI2015a,DeepConvNet,FM-Dec_A-Eucl_AdaBN-F,10,0.7989247312,0.9451323852
BI2015a,DeepConvNet,FM-Dec_A-Eucl_AdaBN-F,13,0.6951754386,0.8650931056
BI2015a,DeepConvNet,FM-Dec_A-Eucl_AdaBN-F,14,0.6346153846,0.8040324348
BI2015a,DeepConvNet,FM-Dec_A-Eucl_AdaBN-F,16,0.8028571429,0.9322811791
BI2015a,DeepConvNet,FM-Dec_A-Eucl_AdaBN-F,17,0.6618518519,0.832861454
BI2015a,DeepConvNet,FM-Dec_A-Eucl_AdaBN-F,18,0.6292592593,0.8097969822
BI2015a,DeepConvNet,FM-Dec_A-Eucl_AdaBN-F,20,0.7588888889,0.8994979424
BI2015a,DeepConvNet,FM-Dec_A-Eucl_AdaBN-F,25,0.6255747126,0.7848114018
BI2015a,DeepConvNet,FM-Dec_A-Eucl_AdaBN-F,26,0.8478494624,0.9657359232
BI2015a,DeepConvNet,FM-Dec_A-Eucl_AdaBN-F,27,0.5723628692,0.741939504
BI2015a,DeepConvNet,FM-Dec_A-Eucl_AdaBN-F,28,0.6406666667,0.8126066667
BI2015a,DeepConvNet,FM-Dec_A-Eucl_AdaBN-F,31,0.5673333333,0.7311318519
BI2015a,DeepConvNet,FM-Dec_A-Eucl_AdaBN-F,32,0.7446236559,0.8874494161
BI2015a,DeepConvNet,FM-Dec_A-Eucl_AdaBN-F,35,0.5898550725,0.7716667834
BI2015a,DeepConvNet,FM-Dec_A-Eucl_AdaBN-F,37,0.5588095238,0.745100907
BI2015a,DeepConvNet,FM-Dec_A-Eucl_AdaBN-F,38,0.7234234234,0.8924113302
BI2015a,DeepConvNet,FM-Dec_A-Eucl_AdaBN-F,40,0.7527777778,0.8985787228
BI2015a,DeepConvNet,FM-Dec_A-Eucl_AdaBN-F,41,0.6214814815,0.8162002743
BI2015a,DeepConvNet,FM-Dec_A-Eucl_AdaBN-F,1,0.6179599921,0.7971476567
BI2015a,DeepConvNet,FM-Dec_A-Eucl_AdaBN-F,2,0.7682539683,0.9097505669
BI2015a,DeepConvNet,FM-Dec_A-Eucl_AdaBN-F,3,0.8103448276,0.9421455939
BI2015a,DeepConvNet,FM-Dec_A-Eucl_AdaBN-F,6,0.6878787879,0.8678460744
BI2015a,DeepConvNet,FM-Dec_A-Eucl_AdaBN-F,8,0.6619047619,0.8503621819
BI2015a,DeepConvNet,FM-Dec_A-Eucl_AdaBN-F,11,0.64125,0.7913819444
BI2015a,DeepConvNet,FM-Dec_A-Eucl_AdaBN-F,12,0.6564516129,0.8358842063
BI2015a,DeepConvNet,FM-Dec_A-Eucl_AdaBN-F,15,0.72,0.8842947846
BI2015a,DeepConvNet,FM-Dec_A-Eucl_AdaBN-F,19,0.6803333333,0.8300444444
BI2015a,DeepConvNet,FM-Dec_A-Eucl_AdaBN-F,21,0.6833333333,0.8727709751
BI2015a,DeepConvNet,FM-Dec_A-Eucl_AdaBN-F,22,0.6549242424,0.8681215565
BI2015a,DeepConvNet,FM-Dec_A-Eucl_AdaBN-F,23,0.7057017544,0.8650161588
BI2015a,DeepConvNet,FM-Dec_A-Eucl_AdaBN-F,24,0.7111111111,0.8829132373
BI2015a,DeepConvNet,FM-Dec_A-Eucl_AdaBN-F,29,0.6055555556,0.8089089666
BI2015a,DeepConvNet,FM-Dec_A-Eucl_AdaBN-F,30,0.8617283951,0.9534369761
BI2015a,DeepConvNet,FM-Dec_A-Eucl_AdaBN-F,33,0.6908730159,0.8526927438
BI2015a,DeepConvNet,FM-Dec_A-Eucl_AdaBN-F,34,0.7166666667,0.9093333333
BI2015a,DeepConvNet,FM-Dec_A-Eucl_AdaBN-F,36,0.7629166667,0.9076979167
BI2015a,DeepConvNet,FM-Dec_A-Eucl_AdaBN-F,39,0.5806122449,0.7486417696
BI2015a,DeepConvNet,FM-Dec_A-Eucl_AdaBN-F,42,0.598245614,0.7725539482
BI2015a,DeepConvNet,FM-Dec_A-Eucl_AdaBN-F,43,0.7913793103,0.9447615273
BI2015a,DeepConvNet,FM-Dec_A-Eucl_AdaBN-T,4,0.8316666667,0.9432326389
BI2015a,DeepConvNet,FM-Dec_A-Eucl_AdaBN-T,5,0.8176767677,0.9265023977
BI2015a,DeepConvNet,FM-Dec_A-Eucl_AdaBN-T,7,0.8073529412,0.9317377932
BI2015a,DeepConvNet,FM-Dec_A-Eucl_AdaBN-T,9,0.7018018018,0.8445540135
BI2015a,DeepConvNet,FM-Dec_A-Eucl_AdaBN-T,10,0.8161290323,0.9364897676
BI2015a,DeepConvNet,FM-Dec_A-Eucl_AdaBN-T,13,0.725877193,0.8615227762
BI2015a,DeepConvNet,FM-Dec_A-Eucl_AdaBN-T,14,0.6594017094,0.8078311053
BI2015a,DeepConvNet,FM-Dec_A-Eucl_AdaBN-T,16,0.829047619,0.9280997732
BI2015a,DeepConvNet,FM-Dec_A-Eucl_AdaBN-T,17,0.6937037037,0.8434375857
BI2015a,DeepConvNet,FM-Dec_A-Eucl_AdaBN-T,18,0.6522222222,0.8042688615
BI2015a,DeepConvNet,FM-Dec_A-Eucl_AdaBN-T,20,0.7718518519,0.888351166
BI2015a,DeepConvNet,FM-Dec_A-Eucl_AdaBN-T,25,0.6238505747,0.7725244418
BI2015a,DeepConvNet,FM-Dec_A-Eucl_AdaBN-T,26,0.8741935484,0.9601109955
BI2015a,DeepConvNet,FM-Dec_A-Eucl_AdaBN-T,27,0.6035864979,0.7378598515
BI2015a,DeepConvNet,FM-Dec_A-Eucl_AdaBN-T,28,0.6573333333,0.8037844444
BI2015a,DeepConvNet,FM-Dec_A-Eucl_AdaBN-T,31,0.5755555556,0.7313145679
BI2015a,DeepConvNet,FM-Dec_A-Eucl_AdaBN-T,32,0.7569892473,0.8854260608
BI2015a,DeepConvNet,FM-Dec_A-Eucl_AdaBN-T,35,0.5956521739,0.7703003571
BI2015a,DeepConvNet,FM-Dec_A-Eucl_AdaBN-T,37,0.5652380952,0.7203571429
BI2015a,DeepConvNet,FM-Dec_A-Eucl_AdaBN-T,38,0.7337837838,0.8884100317
BI2015a,DeepConvNet,FM-Dec_A-Eucl_AdaBN-T,40,0.7700617284,0.9013374486
BI2015a,DeepConvNet,FM-Dec_A-Eucl_AdaBN-T,41,0.6637037037,0.8160987654
BI2015a,DeepConvNet,FM-Dec_A-Eucl_AdaBN-T,1,0.6422120992,0.7999336869
BI2015a,DeepConvNet,FM-Dec_A-Eucl_AdaBN-T,2,0.7833333333,0.9083301839
BI2015a,DeepConvNet,FM-Dec_A-Eucl_AdaBN-T,3,0.8373563218,0.9476350905
BI2015a,DeepConvNet,FM-Dec_A-Eucl_AdaBN-T,6,0.6962121212,0.8667699725
BI2015a,DeepConvNet,FM-Dec_A-Eucl_AdaBN-T,8,0.6928571429,0.8564153439
BI2015a,DeepConvNet,FM-Dec_A-Eucl_AdaBN-T,11,0.6608333333,0.7925451389
BI2015a,DeepConvNet,FM-Dec_A-Eucl_AdaBN-T,12,0.6865591398,0.8440513354
BI2015a,DeepConvNet,FM-Dec_A-Eucl_AdaBN-T,15,0.7595238095,0.8904444444
BI2015a,DeepConvNet,FM-Dec_A-Eucl_AdaBN-T,19,0.6946666667,0.8348333333
BI2015a,DeepConvNet,FM-Dec_A-Eucl_AdaBN-T,21,0.7180952381,0.8759909297
BI2015a,DeepConvNet,FM-Dec_A-Eucl_AdaBN-T,22,0.6856060606,0.8663710973
BI2015a,DeepConvNet,FM-Dec_A-Eucl_AdaBN-T,23,0.7298245614,0.8722337642
BI2015a,DeepConvNet,FM-Dec_A-Eucl_AdaBN-T,24,0.7462962963,0.893861454
BI2015a,DeepConvNet,FM-Dec_A-Eucl_AdaBN-T,29,0.6385620915,0.8088256653
BI2015a,DeepConvNet,FM-Dec_A-Eucl_AdaBN-T,30,0.8858024691,0.9568358482
BI2015a,DeepConvNet,FM-Dec_A-Eucl_AdaBN-T,33,0.7158730159,0.8569129504
BI2015a,DeepConvNet,FM-Dec_A-Eucl_AdaBN-T,34,0.7561904762,0.909138322
BI2015a,DeepConvNet,FM-Dec_A-Eucl_AdaBN-T,36,0.77375,0.9053993056
BI2015a,DeepConvNet,FM-Dec_A-Eucl_AdaBN-T,39,0.6054421769,0.7636378361
BI2015a,DeepConvNet,FM-Dec_A-Eucl_AdaBN-T,42,0.6251461988,0.7732669881
BI2015a,DeepConvNet,FM-Dec_A-Eucl_AdaBN-T,43,0.8528735632,0.9528339279
BI2015a,DeepConvNet,FM-Dec_A-None_AdaBN-F,4,0.88625,0.9725520833
BI2015a,DeepConvNet,FM-Dec_A-None_AdaBN-F,5,0.8494949495,0.9535353535
BI2015a,DeepConvNet,FM-Dec_A-None_AdaBN-F,7,0.8225490196,0.9348231449
BI2015a,DeepConvNet,FM-Dec_A-None_AdaBN-F,9,0.7671171171,0.8926324974
BI2015a,DeepConvNet,FM-Dec_A-None_AdaBN-F,10,0.8494623656,0.9466181061
BI2015a,DeepConvNet,FM-Dec_A-None_AdaBN-F,13,0.8478070175,0.9542436134
BI2015a,DeepConvNet,FM-Dec_A-None_AdaBN-F,14,0.6273504274,0.795605961
BI2015a,DeepConvNet,FM-Dec_A-None_AdaBN-F,16,0.8604761905,0.9544716553
BI2015a,DeepConvNet,FM-Dec_A-None_AdaBN-F,17,0.7896296296,0.9048888889
BI2015a,DeepConvNet,FM-Dec_A-None_AdaBN-F,18,0.6551851852,0.8015528121
BI2015a,DeepConvNet,FM-Dec_A-None_AdaBN-F,20,0.8262962963,0.9463731139
BI2015a,DeepConvNet,FM-Dec_A-None_AdaBN-F,25,0.6474137931,0.7945319725
BI2015a,DeepConvNet,FM-Dec_A-None_AdaBN-F,26,0.8892473118,0.9766446988
BI2015a,DeepConvNet,FM-Dec_A-None_AdaBN-F,27,0.6670886076,0.8049155228
BI2015a,DeepConvNet,FM-Dec_A-None_AdaBN-F,28,0.789,0.9092666667
BI2015a,DeepConvNet,FM-Dec_A-None_AdaBN-F,31,0.612,0.7729916049
BI2015a,DeepConvNet,FM-Dec_A-None_AdaBN-F,32,0.8129032258,0.9294831772
BI2015a,DeepConvNet,FM-Dec_A-None_AdaBN-F,35,0.6490338164,0.819266494
BI2015a,DeepConvNet,FM-Dec_A-None_AdaBN-F,37,0.6930952381,0.8431043084
BI2015a,DeepConvNet,FM-Dec_A-None_AdaBN-F,38,0.8094594595,0.9331994156
BI2015a,DeepConvNet,FM-Dec_A-None_AdaBN-F,40,0.7882716049,0.9109053498
BI2015a,DeepConvNet,FM-Dec_A-None_AdaBN-F,41,0.6877777778,0.8593964335
BI2015a,DeepConvNet,FM-Dec_A-None_AdaBN-F,1,0.5684971722,0.769401495
BI2015a,DeepConvNet,FM-Dec_A-None_AdaBN-F,2,0.8777777778,0.9633251449
BI2015a,DeepConvNet,FM-Dec_A-None_AdaBN-F,3,0.8833333333,0.968608799
BI2015a,DeepConvNet,FM-Dec_A-None_AdaBN-F,6,0.6871212121,0.847681359
BI2015a,DeepConvNet,FM-Dec_A-None_AdaBN-F,8,0.8023809524,0.9446900983
BI2015a,DeepConvNet,FM-Dec_A-None_AdaBN-F,11,0.7095833333,0.861625
BI2015a,DeepConvNet,FM-Dec_A-None_AdaBN-F,12,0.6680107527,0.8373381316
BI2015a,DeepConvNet,FM-Dec_A-None_AdaBN-F,15,0.83,0.9524988662
BI2015a,DeepConvNet,FM-Dec_A-None_AdaBN-F,19,0.7863333333,0.9078311111
BI2015a,DeepConvNet,FM-Dec_A-None_AdaBN-F,21,0.8623809524,0.9552335601
BI2015a,DeepConvNet,FM-Dec_A-None_AdaBN-F,22,0.7806818182,0.9137999311
BI2015a,DeepConvNet,FM-Dec_A-None_AdaBN-F,23,0.7372807018,0.894621422
BI2015a,DeepConvNet,FM-Dec_A-None_AdaBN-F,24,0.862037037,0.9537037037
BI2015a,DeepConvNet,FM-Dec_A-None_AdaBN-F,29,0.6784313725,0.852646418
BI2015a,DeepConvNet,FM-Dec_A-None_AdaBN-F,30,0.862345679,0.9614311843
BI2015a,DeepConvNet,FM-Dec_A-None_AdaBN-F,33,0.7920634921,0.9326625094
BI2015a,DeepConvNet,FM-Dec_A-None_AdaBN-F,34,0.8242857143,0.9507619048
BI2015a,DeepConvNet,FM-Dec_A-None_AdaBN-F,36,0.8179166667,0.9448541667
BI2015a,DeepConvNet,FM-Dec_A-None_AdaBN-F,39,0.7006802721,0.8914688324
BI2015a,DeepConvNet,FM-Dec_A-None_AdaBN-F,42,0.6815789474,0.8319585513
BI2015a,DeepConvNet,FM-Dec_A-None_AdaBN-F,43,0.9034482759,0.9791848329
BI2015a,DeepConvNet,FM-Dec_A-Riem_AdaBN-T,4,0.87875,0.9654479167
BI2015a,DeepConvNet,FM-Dec_A-Riem_AdaBN-T,5,0.902020202,0.9642740537
BI2015a,DeepConvNet,FM-Dec_A-Riem_AdaBN-T,7,0.8632352941,0.9513696655
BI2015a,DeepConvNet,FM-Dec_A-Riem_AdaBN-T,9,0.804954955,0.9293685577
BI2015a,DeepConvNet,FM-Dec_A-Riem_AdaBN-T,10,0.8537634409,0.9529020696
BI2015a,DeepConvNet,FM-Dec_A-Riem_AdaBN-T,13,0.8074561404,0.9190135426
BI2015a,DeepConvNet,FM-Dec_A-Riem_AdaBN-T,14,0.7141025641,0.8627109358
BI2015a,DeepConvNet,FM-Dec_A-Riem_AdaBN-T,16,0.8528571429,0.9475238095
BI2015a,DeepConvNet,FM-Dec_A-Riem_AdaBN-T,17,0.7596296296,0.8874375857
BI2015a,DeepConvNet,FM-Dec_A-Riem_AdaBN-T,18,0.6977777778,0.8477805213
BI2015a,DeepConvNet,FM-Dec_A-Riem_AdaBN-T,20,0.8481481481,0.9460740741
BI2015a,DeepConvNet,FM-Dec_A-Riem_AdaBN-T,25,0.6997126437,0.846408046
BI2015a,DeepConvNet,FM-Dec_A-Riem_AdaBN-T,26,0.9,0.9738987166
BI2015a,DeepConvNet,FM-Dec_A-Riem_AdaBN-T,27,0.6772151899,0.8150741512
BI2015a,DeepConvNet,FM-Dec_A-Riem_AdaBN-T,28,0.7606666667,0.89608
BI2015a,DeepConvNet,FM-Dec_A-Riem_AdaBN-T,31,0.6264444444,0.7808997531
BI2015a,DeepConvNet,FM-Dec_A-Riem_AdaBN-T,32,0.8123655914,0.9188981385
BI2015a,DeepConvNet,FM-Dec_A-Riem_AdaBN-T,35,0.6698067633,0.8282270298
BI2015a,DeepConvNet,FM-Dec_A-Riem_AdaBN-T,37,0.655,0.8221802721
BI2015a,DeepConvNet,FM-Dec_A-Riem_AdaBN-T,38,0.8162162162,0.9330289749
BI2015a,DeepConvNet,FM-Dec_A-Riem_AdaBN-T,40,0.8024691358,0.9290275873
BI2015a,DeepConvNet,FM-Dec_A-Riem_AdaBN-T,41,0.737037037,0.8851358025
BI2015a,DeepConvNet,FM-Dec_A-Riem_AdaBN-T,1,0.6780924716,0.8222201683
BI2015a,DeepConvNet,FM-Dec_A-Riem_AdaBN-T,2,0.8833333333,0.9639424288
BI2015a,DeepConvNet,FM-Dec_A-Riem_AdaBN-T,3,0.925862069,0.9869005153
BI2015a,DeepConvNet,FM-Dec_A-Riem_AdaBN-T,6,0.759469697,0.9049644169
BI2015a,DeepConvNet,FM-Dec_A-Riem_AdaBN-T,8,0.8563492063,0.9489197531
BI2015a,DeepConvNet,FM-Dec_A-Riem_AdaBN-T,11,0.8195833333,0.930875
BI2015a,DeepConvNet,FM-Dec_A-Riem_AdaBN-T,12,0.7271505376,0.8753483062
BI2015a,DeepConvNet,FM-Dec_A-Riem_AdaBN-T,15,0.8485714286,0.9440136054
BI2015a,DeepConvNet,FM-Dec_A-Riem_AdaBN-T,19,0.7763333333,0.8938644444
BI2015a,DeepConvNet,FM-Dec_A-Riem_AdaBN-T,21,0.8771428571,0.9518594104
BI2015a,DeepConvNet,FM-Dec_A-Riem_AdaBN-T,22,0.8075757576,0.9331008953
BI2015a,DeepConvNet,FM-Dec_A-Riem_AdaBN-T,23,0.7684210526,0.9123461065
BI2015a,DeepConvNet,FM-Dec_A-Riem_AdaBN-T,24,0.8703703704,0.9564771948
BI2015a,DeepConvNet,FM-Dec_A-Riem_AdaBN-T,29,0.7107843137,0.8534132171
BI2015a,DeepConvNet,FM-Dec_A-Riem_AdaBN-T,30,0.9339506173,0.9795991465
BI2015a,DeepConvNet,FM-Dec_A-Riem_AdaBN-T,33,0.7944444444,0.9299225246
BI2015a,DeepConvNet,FM-Dec_A-Riem_AdaBN-T,34,0.8519047619,0.9549297052
BI2015a,DeepConvNet,FM-Dec_A-Riem_AdaBN-T,36,0.8404166667,0.9545173611
BI2015a,DeepConvNet,FM-Dec_A-Riem_AdaBN-T,39,0.7670068027,0.9076218242
BI2015a,DeepConvNet,FM-Dec_A-Riem_AdaBN-T,42,0.6944444444,0.8350689101
BI2015a,DeepConvNet,FM-Dec_A-Riem_AdaBN-T,43,0.908045977,0.9797793632
BI2015a,DeepConvNet,FM-Full_A-Eucl_AdaBN-F,4,0.8975,0.9694097222
BI2015a,DeepConvNet,FM-Full_A-Eucl_AdaBN-F,5,0.8838383838,0.9698449138
BI2015a,DeepConvNet,FM-Full_A-Eucl_AdaBN-F,7,0.8720588235,0.9613465975
BI2015a,DeepConvNet,FM-Full_A-Eucl_AdaBN-F,9,0.8027027027,0.9351878906
BI2015a,DeepConvNet,FM-Full_A-Eucl_AdaBN-F,10,0.8887096774,0.9688807955
BI2015a,DeepConvNet,FM-Full_A-Eucl_AdaBN-F,13,0.8399122807,0.9498153278
BI2015a,DeepConvNet,FM-Full_A-Eucl_AdaBN-F,14,0.7705128205,0.9098582804
BI2015a,DeepConvNet,FM-Full_A-Eucl_AdaBN-F,16,0.8814285714,0.958521542
BI2015a,DeepConvNet,FM-Full_A-Eucl_AdaBN-F,17,0.8059259259,0.9272839506
BI2015a,DeepConvNet,FM-Full_A-Eucl_AdaBN-F,18,0.8107407407,0.9325733882
BI2015a,DeepConvNet,FM-Full_A-Eucl_AdaBN-F,20,0.8674074074,0.9620246914
BI2015a,DeepConvNet,FM-Full_A-Eucl_AdaBN-F,25,0.8097701149,0.9342713701
BI2015a,DeepConvNet,FM-Full_A-Eucl_AdaBN-F,26,0.8994623656,0.9821540062
BI2015a,DeepConvNet,FM-Full_A-Eucl_AdaBN-F,27,0.7417721519,0.8548327369
BI2015a,DeepConvNet,FM-Full_A-Eucl_AdaBN-F,28,0.7603333333,0.8864622222
BI2015a,DeepConvNet,FM-Full_A-Eucl_AdaBN-F,31,0.6891111111,0.812397037
BI2015a,DeepConvNet,FM-Full_A-Eucl_AdaBN-F,32,0.8349462366,0.941617528
BI2015a,DeepConvNet,FM-Full_A-Eucl_AdaBN-F,35,0.6842995169,0.8092697613
BI2015a,DeepConvNet,FM-Full_A-Eucl_AdaBN-F,37,0.7395238095,0.8653650794
BI2015a,DeepConvNet,FM-Full_A-Eucl_AdaBN-F,38,0.8076576577,0.9366244623
BI2015a,DeepConvNet,FM-Full_A-Eucl_AdaBN-F,40,0.8580246914,0.9549439872
BI2015a,DeepConvNet,FM-Full_A-Eucl_AdaBN-F,41,0.7896296296,0.9381975309
BI2015a,DeepConvNet,FM-Full_A-Eucl_AdaBN-F,1,0.7645258687,0.8897365815
BI2015a,DeepConvNet,FM-Full_A-Eucl_AdaBN-F,2,0.875,0.9678539934
BI2015a,DeepConvNet,FM-Full_A-Eucl_AdaBN-F,3,0.9103448276,0.9864909499
BI2015a,DeepConvNet,FM-Full_A-Eucl_AdaBN-F,6,0.809469697,0.9445764463
BI2015a,DeepConvNet,FM-Full_A-Eucl_AdaBN-F,8,0.844047619,0.9474080373
BI2015a,DeepConvNet,FM-Full_A-Eucl_AdaBN-F,11,0.8366666667,0.9468888889
BI2015a,DeepConvNet,FM-Full_A-Eucl_AdaBN-F,12,0.7416666667,0.8725690831
BI2015a,DeepConvNet,FM-Full_A-Eucl_AdaBN-F,15,0.8323809524,0.9522993197
BI2015a,DeepConvNet,FM-Full_A-Eucl_AdaBN-F,19,0.7973333333,0.9124522222
BI2015a,DeepConvNet,FM-Full_A-Eucl_AdaBN-F,21,0.8514285714,0.9673968254
BI2015a,DeepConvNet,FM-Full_A-Eucl_AdaBN-F,22,0.8056818182,0.9388802801
BI2015a,DeepConvNet,FM-Full_A-Eucl_AdaBN-F,23,0.7850877193,0.9264196676
BI2015a,DeepConvNet,FM-Full_A-Eucl_AdaBN-F,24,0.8384259259,0.9561599794
BI2015a,DeepConvNet,FM-Full_A-Eucl_AdaBN-F,29,0.7683006536,0.9222948439
BI2015a,DeepConvNet,FM-Full_A-Eucl_AdaBN-F,30,0.9179012346,0.9767108672
BI2015a,DeepConvNet,FM-Full_A-Eucl_AdaBN-F,33,0.8503968254,0.9556311413
BI2015a,DeepConvNet,FM-Full_A-Eucl_AdaBN-F,34,0.8180952381,0.9524580499
BI2015a,DeepConvNet,FM-Full_A-Eucl_AdaBN-F,36,0.8891666667,0.9685243056
BI2015a,DeepConvNet,FM-Full_A-Eucl_AdaBN-F,39,0.7333333333,0.8854389375
BI2015a,DeepConvNet,FM-Full_A-Eucl_AdaBN-F,42,0.7315789474,0.846256968
BI2015a,DeepConvNet,FM-Full_A-Eucl_AdaBN-F,43,0.8643678161,0.9779957722
BI2015a,DeepConvNet,FM-Full_A-Eucl_AdaBN-T,4,0.9133333333,0.9724930556
BI2015a,DeepConvNet,FM-Full_A-Eucl_AdaBN-T,5,0.8909090909,0.9677736966
BI2015a,DeepConvNet,FM-Full_A-Eucl_AdaBN-T,7,0.8921568627,0.9585159554
BI2015a,DeepConvNet,FM-Full_A-Eucl_AdaBN-T,9,0.8067567568,0.934550767
BI2015a,DeepConvNet,FM-Full_A-Eucl_AdaBN-T,10,0.8989247312,0.9651462597
BI2015a,DeepConvNet,FM-Full_A-Eucl_AdaBN-T,13,0.8754385965,0.9475377039
BI2015a,DeepConvNet,FM-Full_A-Eucl_AdaBN-T,14,0.788034188,0.9055792972
BI2015a,DeepConvNet,FM-Full_A-Eucl_AdaBN-T,16,0.8919047619,0.9603038549
BI2015a,DeepConvNet,FM-Full_A-Eucl_AdaBN-T,17,0.8174074074,0.9206844993
BI2015a,DeepConvNet,FM-Full_A-Eucl_AdaBN-T,18,0.8303703704,0.9297256516
BI2015a,DeepConvNet,FM-Full_A-Eucl_AdaBN-T,20,0.8914814815,0.9597174211
BI2015a,DeepConvNet,FM-Full_A-Eucl_AdaBN-T,25,0.8281609195,0.9346396486
BI2015a,DeepConvNet,FM-Full_A-Eucl_AdaBN-T,26,0.9096774194,0.9826685166
BI2015a,DeepConvNet,FM-Full_A-Eucl_AdaBN-T,27,0.7318565401,0.8454142855
BI2015a,DeepConvNet,FM-Full_A-Eucl_AdaBN-T,28,0.773,0.8819622222
BI2015a,DeepConvNet,FM-Full_A-Eucl_AdaBN-T,31,0.6957777778,0.8044888889
BI2015a,DeepConvNet,FM-Full_A-Eucl_AdaBN-T,32,0.8532258065,0.9376344086
BI2015a,DeepConvNet,FM-Full_A-Eucl_AdaBN-T,35,0.681884058,0.8007444748
BI2015a,DeepConvNet,FM-Full_A-Eucl_AdaBN-T,37,0.7438095238,0.859515873
BI2015a,DeepConvNet,FM-Full_A-Eucl_AdaBN-T,38,0.8261261261,0.9357397938
BI2015a,DeepConvNet,FM-Full_A-Eucl_AdaBN-T,40,0.875308642,0.9552659656
BI2015a,DeepConvNet,FM-Full_A-Eucl_AdaBN-T,41,0.8218518519,0.9358655693
BI2015a,DeepConvNet,FM-Full_A-Eucl_AdaBN-T,1,0.7715600449,0.8886149806
BI2015a,DeepConvNet,FM-Full_A-Eucl_AdaBN-T,2,0.8936507937,0.9673910305
BI2015a,DeepConvNet,FM-Full_A-Eucl_AdaBN-T,3,0.9235632184,0.9859690844
BI2015a,DeepConvNet,FM-Full_A-Eucl_AdaBN-T,6,0.8325757576,0.9429005969
BI2015a,DeepConvNet,FM-Full_A-Eucl_AdaBN-T,8,0.8849206349,0.9535619803
BI2015a,DeepConvNet,FM-Full_A-Eucl_AdaBN-T,11,0.8554166667,0.9416076389
BI2015a,DeepConvNet,FM-Full_A-Eucl_AdaBN-T,12,0.7510752688,0.859162909
BI2015a,DeepConvNet,FM-Full_A-Eucl_AdaBN-T,15,0.8652380952,0.9560362812
BI2015a,DeepConvNet,FM-Full_A-Eucl_AdaBN-T,19,0.8053333333,0.9108066667
BI2015a,DeepConvNet,FM-Full_A-Eucl_AdaBN-T,21,0.8814285714,0.9656780045
BI2015a,DeepConvNet,FM-Full_A-Eucl_AdaBN-T,22,0.8420454545,0.9432277319
BI2015a,DeepConvNet,FM-Full_A-Eucl_AdaBN-T,23,0.8184210526,0.9278470299
BI2015a,DeepConvNet,FM-Full_A-Eucl_AdaBN-T,24,0.8712962963,0.9605624143
BI2015a,DeepConvNet,FM-Full_A-Eucl_AdaBN-T,29,0.7928104575,0.9156585074
BI2015a,DeepConvNet,FM-Full_A-Eucl_AdaBN-T,30,0.9296296296,0.9776596555
BI2015a,DeepConvNet,FM-Full_A-Eucl_AdaBN-T,33,0.8801587302,0.9609410431
BI2015a,DeepConvNet,FM-Full_A-Eucl_AdaBN-T,34,0.8661904762,0.9537641723
BI2015a,DeepConvNet,FM-Full_A-Eucl_AdaBN-T,36,0.8870833333,0.9665642361
BI2015a,DeepConvNet,FM-Full_A-Eucl_AdaBN-T,39,0.7680272109,0.8866004905
BI2015a,DeepConvNet,FM-Full_A-Eucl_AdaBN-T,42,0.7339181287,0.8402927396
BI2015a,DeepConvNet,FM-Full_A-Eucl_AdaBN-T,43,0.9074712644,0.9815431365
BI2015a,DeepConvNet,FM-Full_A-None_AdaBN-F,4,0.8945833333,0.9693368056
BI2015a,DeepConvNet,FM-Full_A-None_AdaBN-F,5,0.8949494949,0.9640750944
BI2015a,DeepConvNet,FM-Full_A-None_AdaBN-F,7,0.8705882353,0.9542147251
BI2015a,DeepConvNet,FM-Full_A-None_AdaBN-F,9,0.8423423423,0.9339704569
BI2015a,DeepConvNet,FM-Full_A-None_AdaBN-F,10,0.8833333333,0.9627702625
BI2015a,DeepConvNet,FM-Full_A-None_AdaBN-F,13,0.8872807018,0.9706140351
BI2015a,DeepConvNet,FM-Full_A-None_AdaBN-F,14,0.7521367521,0.9009569728
BI2015a,DeepConvNet,FM-Full_A-None_AdaBN-F,16,0.8828571429,0.9600861678
BI2015a,DeepConvNet,FM-Full_A-None_AdaBN-F,17,0.8088888889,0.9237009602
BI2015a,DeepConvNet,FM-Full_A-None_AdaBN-F,18,0.7966666667,0.9056680384
BI2015a,DeepConvNet,FM-Full_A-None_AdaBN-F,20,0.8888888889,0.9587791495
BI2015a,DeepConvNet,FM-Full_A-None_AdaBN-F,25,0.775,0.8913908707
BI2015a,DeepConvNet,FM-Full_A-None_AdaBN-F,26,0.9247311828,0.9822291594
BI2015a,DeepConvNet,FM-Full_A-None_AdaBN-F,27,0.7483122363,0.8560513807
BI2015a,DeepConvNet,FM-Full_A-None_AdaBN-F,28,0.8013333333,0.9139111111
BI2015a,DeepConvNet,FM-Full_A-None_AdaBN-F,31,0.6993333333,0.8176345679
BI2015a,DeepConvNet,FM-Full_A-None_AdaBN-F,32,0.85,0.9417851775
BI2015a,DeepConvNet,FM-Full_A-None_AdaBN-F,35,0.6910628019,0.812094798
BI2015a,DeepConvNet,FM-Full_A-None_AdaBN-F,37,0.7571428571,0.8748764172
BI2015a,DeepConvNet,FM-Full_A-None_AdaBN-F,38,0.8527027027,0.9499959419
BI2015a,DeepConvNet,FM-Full_A-None_AdaBN-F,40,0.8404320988,0.9432536961
BI2015a,DeepConvNet,FM-Full_A-None_AdaBN-F,41,0.8266666667,0.9342949246
BI2015a,DeepConvNet,FM-Full_A-None_AdaBN-F,1,0.7509575053,0.8749866127
BI2015a,DeepConvNet,FM-Full_A-None_AdaBN-F,2,0.8876984127,0.9662698413
BI2015a,DeepConvNet,FM-Full_A-None_AdaBN-F,3,0.9017241379,0.9841788876
BI2015a,DeepConvNet,FM-Full_A-None_AdaBN-F,6,0.8018939394,0.9338642103
BI2015a,DeepConvNet,FM-Full_A-None_AdaBN-F,8,0.8603174603,0.9479906778
BI2015a,DeepConvNet,FM-Full_A-None_AdaBN-F,11,0.8279166667,0.9382708333
BI2015a,DeepConvNet,FM-Full_A-None_AdaBN-F,12,0.7408602151,0.8643730489
BI2015a,DeepConvNet,FM-Full_A-None_AdaBN-F,15,0.8419047619,0.9500226757
BI2015a,DeepConvNet,FM-Full_A-None_AdaBN-F,19,0.8196666667,0.9132222222
BI2015a,DeepConvNet,FM-Full_A-None_AdaBN-F,21,0.8914285714,0.9638911565
BI2015a,DeepConvNet,FM-Full_A-None_AdaBN-F,22,0.8382575758,0.932615932
BI2015a,DeepConvNet,FM-Full_A-None_AdaBN-F,23,0.7706140351,0.9151392736
BI2015a,DeepConvNet,FM-Full_A-None_AdaBN-F,24,0.8787037037,0.9651191701
BI2015a,DeepConvNet,FM-Full_A-None_AdaBN-F,29,0.7748366013,0.8961766842
BI2015a,DeepConvNet,FM-Full_A-None_AdaBN-F,30,0.9012345679,0.9651272672
BI2015a,DeepConvNet,FM-Full_A-None_AdaBN-F,33,0.8436507937,0.9473135551
BI2015a,DeepConvNet,FM-Full_A-None_AdaBN-F,34,0.8371428571,0.9556643991
BI2015a,DeepConvNet,FM-Full_A-None_AdaBN-F,36,0.8779166667,0.9667465278
BI2015a,DeepConvNet,FM-Full_A-None_AdaBN-F,39,0.7976190476,0.917127123
BI2015a,DeepConvNet,FM-Full_A-None_AdaBN-F,42,0.7286549708,0.8451198659
BI2015a,DeepConvNet,FM-Full_A-None_AdaBN-F,43,0.9195402299,0.9815959836
BI2015a,DeepConvNet,FM-Full_A-Riem_AdaBN-F,4,0.8991666667,0.9745798611
BI2015a,DeepConvNet,FM-Full_A-Riem_AdaBN-F,5,0.9035353535,0.9713396592
BI2015a,DeepConvNet,FM-Full_A-Riem_AdaBN-F,7,0.887745098,0.9644511726
BI2015a,DeepConvNet,FM-Full_A-Riem_AdaBN-F,9,0.8288288288,0.9395178963
BI2015a,DeepConvNet,FM-Full_A-Riem_AdaBN-F,10,0.8946236559,0.9734767025
BI2015a,DeepConvNet,FM-Full_A-Riem_AdaBN-F,13,0.8635964912,0.9608879655
BI2015a,DeepConvNet,FM-Full_A-Riem_AdaBN-F,14,0.797008547,0.9226203521
BI2015a,DeepConvNet,FM-Full_A-Riem_AdaBN-F,16,0.869047619,0.9620408163
BI2015a,DeepConvNet,FM-Full_A-Riem_AdaBN-F,17,0.8181481481,0.9358491084
BI2015a,DeepConvNet,FM-Full_A-Riem_AdaBN-F,18,0.8344444444,0.9390562414
BI2015a,DeepConvNet,FM-Full_A-Riem_AdaBN-F,20,0.8811111111,0.966175583
BI2015a,DeepConvNet,FM-Full_A-Riem_AdaBN-F,25,0.8387931034,0.9385305192
BI2015a,DeepConvNet,FM-Full_A-Riem_AdaBN-F,26,0.9150537634,0.9794427101
BI2015a,DeepConvNet,FM-Full_A-Riem_AdaBN-F,27,0.7561181435,0.8664218697
BI2015a,DeepConvNet,FM-Full_A-Riem_AdaBN-F,28,0.777,0.8973177778
BI2015a,DeepConvNet,FM-Full_A-Riem_AdaBN-F,31,0.6995555556,0.8119753086
BI2015a,DeepConvNet,FM-Full_A-Riem_AdaBN-F,32,0.8602150538,0.9460573477
BI2015a,DeepConvNet,FM-Full_A-Riem_AdaBN-F,35,0.6929951691,0.814436743
BI2015a,DeepConvNet,FM-Full_A-Riem_AdaBN-F,37,0.7502380952,0.8667539683
BI2015a,DeepConvNet,FM-Full_A-Riem_AdaBN-F,38,0.8306306306,0.9440548657
BI2015a,DeepConvNet,FM-Full_A-Riem_AdaBN-F,40,0.8567901235,0.9575274348
BI2015a,DeepConvNet,FM-Full_A-Riem_AdaBN-F,41,0.7992592593,0.934526749
BI2015a,DeepConvNet,FM-Full_A-Riem_AdaBN-F,1,0.7704636782,0.8976158095
BI2015a,DeepConvNet,FM-Full_A-Riem_AdaBN-F,2,0.896031746,0.9749653565
BI2015a,DeepConvNet,FM-Full_A-Riem_AdaBN-F,3,0.9350574713,0.9910688334
BI2015a,DeepConvNet,FM-Full_A-Riem_AdaBN-F,6,0.821969697,0.9449982782
BI2015a,DeepConvNet,FM-Full_A-Riem_AdaBN-F,8,0.8765873016,0.9608134921
BI2015a,DeepConvNet,FM-Full_A-Riem_AdaBN-F,11,0.8620833333,0.9577361111
BI2015a,DeepConvNet,FM-Full_A-Riem_AdaBN-F,12,0.7561827957,0.872056018
BI2015a,DeepConvNet,FM-Full_A-Riem_AdaBN-F,15,0.8680952381,0.9642403628
BI2015a,DeepConvNet,FM-Full_A-Riem_AdaBN-F,19,0.7956666667,0.9174266667
BI2015a,DeepConvNet,FM-Full_A-Riem_AdaBN-F,21,0.8871428571,0.9705306122
BI2015a,DeepConvNet,FM-Full_A-Riem_AdaBN-F,22,0.8454545455,0.9477932736
BI2015a,DeepConvNet,FM-Full_A-Riem_AdaBN-F,23,0.7881578947,0.9316135734
BI2015a,DeepConvNet,FM-Full_A-Riem_AdaBN-F,24,0.8541666667,0.9685313786
BI2015a,DeepConvNet,FM-Full_A-Riem_AdaBN-F,29,0.7895424837,0.9251270879
BI2015a,DeepConvNet,FM-Full_A-Riem_AdaBN-F,30,0.9216049383,0.9801935681
BI2015a,DeepConvNet,FM-Full_A-Riem_AdaBN-F,33,0.8587301587,0.9584120685
BI2015a,DeepConvNet,FM-Full_A-Riem_AdaBN-F,34,0.8561904762,0.9676598639
BI2015a,DeepConvNet,FM-Full_A-Riem_AdaBN-F,36,0.8983333333,0.9701145833
BI2015a,DeepConvNet,FM-Full_A-Riem_AdaBN-F,39,0.7799319728,0.9022791429
BI2015a,DeepConvNet,FM-Full_A-Riem_AdaBN-F,42,0.7277777778,0.8571269792
BI2015a,DeepConvNet,FM-Full_A-Riem_AdaBN-F,43,0.9011494253,0.9839014401
BI2015a,DeepConvNet,FM-Full_A-Riem_AdaBN-T,4,0.9229166667,0.97521875
BI2015a,DeepConvNet,FM-Full_A-Riem_AdaBN-T,5,0.9141414141,0.9726099378
BI2015a,DeepConvNet,FM-Full_A-Riem_AdaBN-T,7,0.8965686275,0.9638264129
BI2015a,DeepConvNet,FM-Full_A-Riem_AdaBN-T,9,0.8382882883,0.9371317263
BI2015a,DeepConvNet,FM-Full_A-Riem_AdaBN-T,10,0.9021505376,0.9700312175
BI2015a,DeepConvNet,FM-Full_A-Riem_AdaBN-T,13,0.8850877193,0.954182056
BI2015a,DeepConvNet,FM-Full_A-Riem_AdaBN-T,14,0.7923076923,0.9155562861
BI2015a,DeepConvNet,FM-Full_A-Riem_AdaBN-T,16,0.8880952381,0.9638276644
BI2015a,DeepConvNet,FM-Full_A-Riem_AdaBN-T,17,0.8318518519,0.9296762689
BI2015a,DeepConvNet,FM-Full_A-Riem_AdaBN-T,18,0.8314814815,0.9374705075
BI2015a,DeepConvNet,FM-Full_A-Riem_AdaBN-T,20,0.8888888889,0.9643155007
BI2015a,DeepConvNet,FM-Full_A-Riem_AdaBN-T,25,0.8477011494,0.9385239133
BI2015a,DeepConvNet,FM-Full_A-Riem_AdaBN-T,26,0.9231182796,0.9822696265
BI2015a,DeepConvNet,FM-Full_A-Riem_AdaBN-T,27,0.7502109705,0.8532388862
BI2015a,DeepConvNet,FM-Full_A-Riem_AdaBN-T,28,0.79,0.8916577778
BI2015a,DeepConvNet,FM-Full_A-Riem_AdaBN-T,31,0.7088888889,0.8145876543
BI2015a,DeepConvNet,FM-Full_A-Riem_AdaBN-T,32,0.8661290323,0.9428662273
BI2015a,DeepConvNet,FM-Full_A-Riem_AdaBN-T,35,0.693236715,0.8015029522
BI2015a,DeepConvNet,FM-Full_A-Riem_AdaBN-T,37,0.7614285714,0.8689109977
BI2015a,DeepConvNet,FM-Full_A-Riem_AdaBN-T,38,0.8414414414,0.9428496064
BI2015a,DeepConvNet,FM-Full_A-Riem_AdaBN-T,40,0.8719135802,0.9605395519
BI2015a,DeepConvNet,FM-Full_A-Riem_AdaBN-T,41,0.8233333333,0.9356076818
BI2015a,DeepConvNet,FM-Full_A-Riem_AdaBN-T,1,0.7835566999,0.9041021691
BI2015a,DeepConvNet,FM-Full_A-Riem_AdaBN-T,2,0.9126984127,0.9740236835
BI2015a,DeepConvNet,FM-Full_A-Riem_AdaBN-T,3,0.9534482759,0.9913925221
BI2015a,DeepConvNet,FM-Full_A-Riem_AdaBN-T,6,0.8526515152,0.9467745638
BI2015a,DeepConvNet,FM-Full_A-Riem_AdaBN-T,8,0.8904761905,0.9612307886
BI2015a,DeepConvNet,FM-Full_A-Riem_AdaBN-T,11,0.8708333333,0.9519756944
BI2015a,DeepConvNet,FM-Full_A-Riem_AdaBN-T,12,0.7540322581,0.8692970286
BI2015a,DeepConvNet,FM-Full_A-Riem_AdaBN-T,15,0.8866666667,0.9627755102
BI2015a,DeepConvNet,FM-Full_A-Riem_AdaBN-T,19,0.815,0.9120388889
BI2015a,DeepConvNet,FM-Full_A-Riem_AdaBN-T,21,0.900952381,0.9677460317
BI2015a,DeepConvNet,FM-Full_A-Riem_AdaBN-T,22,0.8678030303,0.9518221993
BI2015a,DeepConvNet,FM-Full_A-Riem_AdaBN-T,23,0.8171052632,0.9286895968
BI2015a,DeepConvNet,FM-Full_A-Riem_AdaBN-T,24,0.8791666667,0.9678455075
BI2015a,DeepConvNet,FM-Full_A-Riem_AdaBN-T,29,0.8058823529,0.9226472724
BI2015a,DeepConvNet,FM-Full_A-Riem_AdaBN-T,30,0.937037037,0.9806127115
BI2015a,DeepConvNet,FM-Full_A-Riem_AdaBN-T,33,0.8777777778,0.9614323507
BI2015a,DeepConvNet,FM-Full_A-Riem_AdaBN-T,34,0.880952381,0.9660997732
BI2015a,DeepConvNet,FM-Full_A-Riem_AdaBN-T,36,0.8975,0.9693611111
BI2015a,DeepConvNet,FM-Full_A-Riem_AdaBN-T,39,0.8040816327,0.9051575732
BI2015a,DeepConvNet,FM-Full_A-Riem_AdaBN-T,42,0.7552631579,0.8555264868
BI2015a,DeepConvNet,FM-Full_A-Riem_AdaBN-T,43,0.9304597701,0.98501123
BI2015a,DeepConvNet,FM-None_A-Eucl_AdaBN-T,4,0.84,0.9333125
BI2015a,DeepConvNet,FM-None_A-Eucl_AdaBN-T,5,0.851010101,0.9327211509
BI2015a,DeepConvNet,FM-None_A-Eucl_AdaBN-T,7,0.8117647059,0.8919405998
BI2015a,DeepConvNet,FM-None_A-Eucl_AdaBN-T,9,0.6891891892,0.8412263615
BI2015a,DeepConvNet,FM-None_A-Eucl_AdaBN-T,10,0.8005376344,0.910295988
BI2015a,DeepConvNet,FM-None_A-Eucl_AdaBN-T,13,0.7127192982,0.8132579255
BI2015a,DeepConvNet,FM-None_A-Eucl_AdaBN-T,14,0.6354700855,0.7601285704
BI2015a,DeepConvNet,FM-None_A-Eucl_AdaBN-T,16,0.8261904762,0.9237142857
BI2015a,DeepConvNet,FM-None_A-Eucl_AdaBN-T,17,0.6203703704,0.7832427984
BI2015a,DeepConvNet,FM-None_A-Eucl_AdaBN-T,18,0.6214814815,0.7778765432
BI2015a,DeepConvNet,FM-None_A-Eucl_AdaBN-T,20,0.7374074074,0.8668916324
BI2015a,DeepConvNet,FM-None_A-Eucl_AdaBN-T,25,0.6344827586,0.7232758621
BI2015a,DeepConvNet,FM-None_A-Eucl_AdaBN-T,26,0.8784946237,0.9637010059
BI2015a,DeepConvNet,FM-None_A-Eucl_AdaBN-T,27,0.5993670886,0.7193781267
BI2015a,DeepConvNet,FM-None_A-Eucl_AdaBN-T,28,0.629,0.7660444444
BI2015a,DeepConvNet,FM-None_A-Eucl_AdaBN-T,31,0.5717777778,0.6984197531
BI2015a,DeepConvNet,FM-None_A-Eucl_AdaBN-T,32,0.7537634409,0.8688172043
BI2015a,DeepConvNet,FM-None_A-Eucl_AdaBN-T,35,0.634057971,0.7608100539
BI2015a,DeepConvNet,FM-None_A-Eucl_AdaBN-T,37,0.5238095238,0.5756281179
BI2015a,DeepConvNet,FM-None_A-Eucl_AdaBN-T,38,0.6297297297,0.7245921597
BI2015a,DeepConvNet,FM-None_A-Eucl_AdaBN-T,40,0.7512345679,0.8788827923
BI2015a,DeepConvNet,FM-None_A-Eucl_AdaBN-T,41,0.6181481481,0.7868504801
BI2015a,DeepConvNet,FM-None_A-Eucl_AdaBN-T,1,0.6271780991,0.7915638594
BI2015a,DeepConvNet,FM-None_A-Eucl_AdaBN-T,2,0.7555555556,0.8972033258
BI2015a,DeepConvNet,FM-None_A-Eucl_AdaBN-T,3,0.7603448276,0.9007927071
BI2015a,DeepConvNet,FM-None_A-Eucl_AdaBN-T,6,0.6678030303,0.8149075987
BI2015a,DeepConvNet,FM-None_A-Eucl_AdaBN-T,8,0.6507936508,0.821425422
BI2015a,DeepConvNet,FM-None_A-Eucl_AdaBN-T,11,0.6104166667,0.7479340278
BI2015a,DeepConvNet,FM-None_A-Eucl_AdaBN-T,12,0.6247311828,0.7944010868
BI2015a,DeepConvNet,FM-None_A-Eucl_AdaBN-T,15,0.7738095238,0.8733514739
BI2015a,DeepConvNet,FM-None_A-Eucl_AdaBN-T,19,0.6763333333,0.81716
BI2015a,DeepConvNet,FM-None_A-Eucl_AdaBN-T,21,0.6752380952,0.8553877551
BI2015a,DeepConvNet,FM-None_A-Eucl_AdaBN-T,22,0.6579545455,0.8062213039
BI2015a,DeepConvNet,FM-None_A-Eucl_AdaBN-T,23,0.6964912281,0.8600184672
BI2015a,DeepConvNet,FM-None_A-Eucl_AdaBN-T,24,0.7037037037,0.8625771605
BI2015a,DeepConvNet,FM-None_A-Eucl_AdaBN-T,29,0.5810457516,0.7038318595
BI2015a,DeepConvNet,FM-None_A-Eucl_AdaBN-T,30,0.8518518519,0.9356881573
BI2015a,DeepConvNet,FM-None_A-Eucl_AdaBN-T,33,0.6972222222,0.8612087428
BI2015a,DeepConvNet,FM-None_A-Eucl_AdaBN-T,34,0.7228571429,0.8699319728
BI2015a,DeepConvNet,FM-None_A-Eucl_AdaBN-T,36,0.73625,0.8904513889
BI2015a,DeepConvNet,FM-None_A-Eucl_AdaBN-T,39,0.5724489796,0.6994978944
BI2015a,DeepConvNet,FM-None_A-Eucl_AdaBN-T,42,0.5894736842,0.7256283985
BI2015a,DeepConvNet,FM-None_A-Eucl_AdaBN-T,43,0.7885057471,0.9220174396
BI2015a,DeepConvNet,FM-None_A-None_AdaBN-F,4,0.8854166667,0.9537430556
BI2015a,DeepConvNet,FM-None_A-None_AdaBN-F,5,0.803030303,0.9546066728
BI2015a,DeepConvNet,FM-None_A-None_AdaBN-F,7,0.7117647059,0.7906910804
BI2015a,DeepConvNet,FM-None_A-None_AdaBN-F,9,0.6900900901,0.8472972973
BI2015a,DeepConvNet,FM-None_A-None_AdaBN-F,10,0.8129032258,0.9223840906
BI2015a,DeepConvNet,FM-None_A-None_AdaBN-F,13,0.8013157895,0.9230417051
BI2015a,DeepConvNet,FM-None_A-None_AdaBN-F,14,0.5401709402,0.5506355468
BI2015a,DeepConvNet,FM-None_A-None_AdaBN-F,16,0.8185714286,0.9359455782
BI2015a,DeepConvNet,FM-None_A-None_AdaBN-F,17,0.7292592593,0.8832647462
BI2015a,DeepConvNet,FM-None_A-None_AdaBN-F,18,0.6359259259,0.7900823045
BI2015a,DeepConvNet,FM-None_A-None_AdaBN-F,20,0.797037037,0.9247544582
BI2015a,DeepConvNet,FM-None_A-None_AdaBN-F,25,0.6471264368,0.7675832342
BI2015a,DeepConvNet,FM-None_A-None_AdaBN-F,26,0.9053763441,0.973673257
BI2015a,DeepConvNet,FM-None_A-None_AdaBN-F,27,0.6162447257,0.7826167459
BI2015a,DeepConvNet,FM-None_A-None_AdaBN-F,28,0.7443333333,0.8867311111
BI2015a,DeepConvNet,FM-None_A-None_AdaBN-F,31,0.556,0.6663032099
BI2015a,DeepConvNet,FM-None_A-None_AdaBN-F,32,0.8188172043,0.9148572089
BI2015a,DeepConvNet,FM-None_A-None_AdaBN-F,35,0.5760869565,0.8223074051
BI2015a,DeepConvNet,FM-None_A-None_AdaBN-F,37,0.5385714286,0.5864421769
BI2015a,DeepConvNet,FM-None_A-None_AdaBN-F,38,0.7130630631,0.8392703514
BI2015a,DeepConvNet,FM-None_A-None_AdaBN-F,40,0.7262345679,0.8912913428
BI2015a,DeepConvNet,FM-None_A-None_AdaBN-F,41,0.6185185185,0.7369053498
BI2015a,DeepConvNet,FM-None_A-None_AdaBN-F,1,0.4998789639,0.475792933
BI2015a,DeepConvNet,FM-None_A-None_AdaBN-F,2,0.8376984127,0.9644746788
BI2015a,DeepConvNet,FM-None_A-None_AdaBN-F,3,0.7471264368,0.8655502708
BI2015a,DeepConvNet,FM-None_A-None_AdaBN-F,6,0.6333333333,0.7355371901
BI2015a,DeepConvNet,FM-None_A-None_AdaBN-F,8,0.7793650794,0.9028974553
BI2015a,DeepConvNet,FM-None_A-None_AdaBN-F,11,0.59625,0.7355590278
BI2015a,DeepConvNet,FM-None_A-None_AdaBN-F,12,0.5849462366,0.7990186727
BI2015a,DeepConvNet,FM-None_A-None_AdaBN-F,15,0.8052380952,0.9258367347
BI2015a,DeepConvNet,FM-None_A-None_AdaBN-F,19,0.7326666667,0.8573755556
BI2015a,DeepConvNet,FM-None_A-None_AdaBN-F,21,0.8452380952,0.9503809524
BI2015a,DeepConvNet,FM-None_A-None_AdaBN-F,22,0.7378787879,0.88037764
BI2015a,DeepConvNet,FM-None_A-None_AdaBN-F,23,0.725,0.8872306864
BI2015a,DeepConvNet,FM-None_A-None_AdaBN-F,24,0.8060185185,0.9399091221
BI2015a,DeepConvNet,FM-None_A-None_AdaBN-F,29,0.5836601307,0.769550173
BI2015a,DeepConvNet,FM-None_A-None_AdaBN-F,30,0.7981481481,0.8545648529
BI2015a,DeepConvNet,FM-None_A-None_AdaBN-F,33,0.7496031746,0.9134857647
BI2015a,DeepConvNet,FM-None_A-None_AdaBN-F,34,0.7804761905,0.9360090703
BI2015a,DeepConvNet,FM-None_A-None_AdaBN-F,36,0.825,0.9252673611
BI2015a,DeepConvNet,FM-None_A-None_AdaBN-F,39,0.4996598639,0.3502360128
BI2015a,DeepConvNet,FM-None_A-None_AdaBN-F,42,0.6450292398,0.8044509422
BI2015a,DeepConvNet,FM-None_A-None_AdaBN-F,43,0.8798850575,0.9708019553
BI2015a,DeepConvNet,NoPre_FM-Full_A-Eucl_AdaBN-T,4,0.8454166667,0.928984375
BI2015a,DeepConvNet,NoPre_FM-Full_A-Eucl_AdaBN-T,5,0.8454545455,0.9234389348
BI2015a,DeepConvNet,NoPre_FM-Full_A-Eucl_AdaBN-T,7,0.8049019608,0.8875456555
BI2015a,DeepConvNet,NoPre_FM-Full_A-Eucl_AdaBN-T,9,0.7522522523,0.8422774125
BI2015a,DeepConvNet,NoPre_FM-Full_A-Eucl_AdaBN-T,10,0.8532258065,0.9296277026
BI2015a,DeepConvNet,NoPre_FM-Full_A-Eucl_AdaBN-T,13,0.8412280702,0.926498538
BI2015a,DeepConvNet,NoPre_FM-Full_A-Eucl_AdaBN-T,14,0.7824786325,0.8589086128
BI2015a,DeepConvNet,NoPre_FM-Full_A-Eucl_AdaBN-T,16,0.8157142857,0.8998253968
BI2015a,DeepConvNet,NoPre_FM-Full_A-Eucl_AdaBN-T,17,0.8081481481,0.8940617284
BI2015a,DeepConvNet,NoPre_FM-Full_A-Eucl_AdaBN-T,18,0.7611111111,0.8499067215
BI2015a,DeepConvNet,NoPre_FM-Full_A-Eucl_AdaBN-T,20,0.7907407407,0.8728093278
BI2015a,DeepConvNet,NoPre_FM-Full_A-Eucl_AdaBN-T,25,0.7275862069,0.8232122804
BI2015a,DeepConvNet,NoPre_FM-Full_A-Eucl_AdaBN-T,26,0.8489247312,0.93320037
BI2015a,DeepConvNet,NoPre_FM-Full_A-Eucl_AdaBN-T,27,0.6780590717,0.7669902437
BI2015a,DeepConvNet,NoPre_FM-Full_A-Eucl_AdaBN-T,28,0.7076666667,0.7969855556
BI2015a,DeepConvNet,NoPre_FM-Full_A-Eucl_AdaBN-T,31,0.6517777778,0.7331150617
BI2015a,DeepConvNet,NoPre_FM-Full_A-Eucl_AdaBN-T,32,0.7489247312,0.8353537981
BI2015a,DeepConvNet,NoPre_FM-Full_A-Eucl_AdaBN-T,35,0.6140096618,0.6997409508
BI2015a,DeepConvNet,NoPre_FM-Full_A-Eucl_AdaBN-T,37,0.6683333333,0.7659098639
BI2015a,DeepConvNet,NoPre_FM-Full_A-Eucl_AdaBN-T,38,0.7846846847,0.8760713416
BI2015a,DeepConvNet,NoPre_FM-Full_A-Eucl_AdaBN-T,40,0.812962963,0.8980547935
BI2015a,DeepConvNet,NoPre_FM-Full_A-Eucl_AdaBN-T,41,0.7925925926,0.8841426612
BI2015a,DeepConvNet,NoPre_FM-Full_A-Eucl_AdaBN-T,1,0.7057881649,0.8134203326
BI2015a,DeepConvNet,NoPre_FM-Full_A-Eucl_AdaBN-T,2,,
BI2015a,DeepConvNet,NoPre_FM-Full_A-Eucl_AdaBN-T,3,0.882183908,0.9585744484
BI2015a,DeepConvNet,NoPre_FM-Full_A-Eucl_AdaBN-T,6,0.8189393939,0.9012468434
BI2015a,DeepConvNet,NoPre_FM-Full_A-Eucl_AdaBN-T,8,0.85,0.9277525825
BI2015a,DeepConvNet,NoPre_FM-Full_A-Eucl_AdaBN-T,11,0.83625,0.9159513889
BI2015a,DeepConvNet,NoPre_FM-Full_A-Eucl_AdaBN-T,12,0.7204301075,0.8065694011
BI2015a,DeepConvNet,NoPre_FM-Full_A-Eucl_AdaBN-T,15,0.7942857143,0.8734965986
BI2015a,DeepConvNet,NoPre_FM-Full_A-Eucl_AdaBN-T,19,0.7516666667,0.8414
BI2015a,DeepConvNet,NoPre_FM-Full_A-Eucl_AdaBN-T,21,0.780952381,0.887031746
BI2015a,DeepConvNet,NoPre_FM-Full_A-Eucl_AdaBN-T,22,0.7791666667,0.8695004017
BI2015a,DeepConvNet,NoPre_FM-Full_A-Eucl_AdaBN-T,23,0.7653508772,0.8601454294
BI2015a,DeepConvNet,NoPre_FM-Full_A-Eucl_AdaBN-T,24,0.8189814815,0.916711677
BI2015a,DeepConvNet,NoPre_FM-Full_A-Eucl_AdaBN-T,29,0.7346405229,0.8272971934
BI2015a,DeepConvNet,NoPre_FM-Full_A-Eucl_AdaBN-T,30,0.8191358025,0.9235977747
BI2015a,DeepConvNet,NoPre_FM-Full_A-Eucl_AdaBN-T,33,0.8150793651,0.9033903376
BI2015a,DeepConvNet,NoPre_FM-Full_A-Eucl_AdaBN-T,34,0.7533333333,0.8529637188
BI2015a,DeepConvNet,NoPre_FM-Full_A-Eucl_AdaBN-T,36,0.77125,0.87553125
BI2015a,DeepConvNet,NoPre_FM-Full_A-Eucl_AdaBN-T,39,0.730952381,0.8267943912
BI2015a,DeepConvNet,NoPre_FM-Full_A-Eucl_AdaBN-T,42,0.6973684211,0.7850304367
BI2015a,DeepConvNet,NoPre_FM-Full_A-Eucl_AdaBN-T,43,0.8505747126,0.9419870525
BI2015a,DeepConvNet,NoPre_FM-Full_A-None_AdaBN-F,4,0.71875,0.8460347222
BI2015a,DeepConvNet,NoPre_FM-Full_A-None_AdaBN-F,5,0.7944444444,0.8908504234
BI2015a,DeepConvNet,NoPre_FM-Full_A-None_AdaBN-F,7,0.7294117647,0.8248558247
BI2015a,DeepConvNet,NoPre_FM-Full_A-None_AdaBN-F,9,0.7518018018,0.8446067689
BI2015a,DeepConvNet,NoPre_FM-Full_A-None_AdaBN-F,10,0.8284946237,0.9028616025
BI2015a,DeepConvNet,NoPre_FM-Full_A-None_AdaBN-F,13,0.774122807,0.9261118806
BI2015a,DeepConvNet,NoPre_FM-Full_A-None_AdaBN-F,14,0.7384615385,0.8261085543
BI2015a,DeepConvNet,NoPre_FM-Full_A-None_AdaBN-F,16,0.7804761905,0.8990566893
BI2015a,DeepConvNet,NoPre_FM-Full_A-None_AdaBN-F,17,0.7681481481,0.8551577503
BI2015a,DeepConvNet,NoPre_FM-Full_A-None_AdaBN-F,18,0.7362962963,0.8366090535
BI2015a,DeepConvNet,NoPre_FM-Full_A-None_AdaBN-F,20,0.7740740741,0.8648820302
BI2015a,DeepConvNet,NoPre_FM-Full_A-None_AdaBN-F,25,0.6663793103,0.8055662901
BI2015a,DeepConvNet,NoPre_FM-Full_A-None_AdaBN-F,26,0.8327956989,0.9094982079
BI2015a,DeepConvNet,NoPre_FM-Full_A-None_AdaBN-F,27,0.6732067511,0.7464775944
BI2015a,DeepConvNet,NoPre_FM-Full_A-None_AdaBN-F,28,0.7293333333,0.8034266667
BI2015a,DeepConvNet,NoPre_FM-Full_A-None_AdaBN-F,31,0.6808888889,0.7507032099
BI2015a,DeepConvNet,NoPre_FM-Full_A-None_AdaBN-F,32,0.7720430108,0.8446120939
BI2015a,DeepConvNet,NoPre_FM-Full_A-None_AdaBN-F,35,0.6007246377,0.6959917384
BI2015a,DeepConvNet,NoPre_FM-Full_A-None_AdaBN-F,37,0.6864285714,0.7637154195
BI2015a,DeepConvNet,NoPre_FM-Full_A-None_AdaBN-F,38,0.7954954955,0.8888158429
BI2015a,DeepConvNet,NoPre_FM-Full_A-None_AdaBN-F,40,0.7425925926,0.8449817101
BI2015a,DeepConvNet,NoPre_FM-Full_A-None_AdaBN-F,41,0.7488888889,0.8780356653
BI2015a,DeepConvNet,NoPre_FM-Full_A-None_AdaBN-F,1,0.6535247904,0.7703774125
BI2015a,DeepConvNet,NoPre_FM-Full_A-None_AdaBN-F,2,0.7706349206,0.8798595364
BI2015a,DeepConvNet,NoPre_FM-Full_A-None_AdaBN-F,3,0.8275862069,0.9289503237
BI2015a,DeepConvNet,NoPre_FM-Full_A-None_AdaBN-F,6,0.8011363636,0.8816187443
BI2015a,DeepConvNet,NoPre_FM-Full_A-None_AdaBN-F,8,0.7321428571,0.8871378181
BI2015a,DeepConvNet,NoPre_FM-Full_A-None_AdaBN-F,11,0.7608333333,0.8392256944
BI2015a,DeepConvNet,NoPre_FM-Full_A-None_AdaBN-F,12,0.7185483871,0.8019640999
BI2015a,DeepConvNet,NoPre_FM-Full_A-None_AdaBN-F,15,0.7066666667,0.8472380952
BI2015a,DeepConvNet,NoPre_FM-Full_A-None_AdaBN-F,19,0.7523333333,0.8363455556
BI2015a,DeepConvNet,NoPre_FM-Full_A-None_AdaBN-F,21,0.779047619,0.9123401361
BI2015a,DeepConvNet,NoPre_FM-Full_A-None_AdaBN-F,22,0.7685606061,0.8502812213
BI2015a,DeepConvNet,NoPre_FM-Full_A-None_AdaBN-F,23,0.6934210526,0.8308287165
BI2015a,DeepConvNet,NoPre_FM-Full_A-None_AdaBN-F,24,0.8074074074,0.9050068587
BI2015a,DeepConvNet,NoPre_FM-Full_A-None_AdaBN-F,29,0.6758169935,0.7753983511
BI2015a,DeepConvNet,NoPre_FM-Full_A-None_AdaBN-F,30,0.7709876543,0.8681832038
BI2015a,DeepConvNet,NoPre_FM-Full_A-None_AdaBN-F,33,0.7376984127,0.8736268582
BI2015a,DeepConvNet,NoPre_FM-Full_A-None_AdaBN-F,34,0.6380952381,0.814244898
BI2015a,DeepConvNet,NoPre_FM-Full_A-None_AdaBN-F,36,0.73375,0.87253125
BI2015a,DeepConvNet,NoPre_FM-Full_A-None_AdaBN-F,39,0.7119047619,0.8173909019
BI2015a,DeepConvNet,NoPre_FM-Full_A-None_AdaBN-F,42,0.6657894737,0.7485910195
BI2015a,DeepConvNet,NoPre_FM-Full_A-None_AdaBN-F,43,0.8482758621,0.9376271634
BNCI2014_001,DeepConvNet,FM-Dec_A-Eucl_AdaBN-F,1,0.5069444444,0.849645544
BNCI2014_001,DeepConvNet,FM-Dec_A-Eucl_AdaBN-F,2,0.4045138889,0.7249107832
BNCI2014_001,DeepConvNet,FM-Dec_A-Eucl_AdaBN-F,6,0.4513888889,0.7835005144
BNCI2014_001,DeepConvNet,FM-Dec_A-Eucl_AdaBN-F,8,0.4652777778,0.7949901942
BNCI2014_001,DeepConvNet,FM-Dec_A-Eucl_AdaBN-F,9,0.5746527778,0.8803449717
BNCI2014_001,DeepConvNet,FM-Dec_A-Eucl_AdaBN-F,3,0.640625,0.9073310507
BNCI2014_001,DeepConvNet,FM-Dec_A-Eucl_AdaBN-F,4,0.5069444444,0.7900752315
BNCI2014_001,DeepConvNet,FM-Dec_A-Eucl_AdaBN-F,5,0.4114583333,0.6919889725
BNCI2014_001,DeepConvNet,FM-Dec_A-Eucl_AdaBN-F,7,0.5486111111,0.8632611561
BNCI2014_001,DeepConvNet,FM-Dec_A-Eucl_AdaBN-T,1,0.7569444444,0.9300933963
BNCI2014_001,DeepConvNet,FM-Dec_A-Eucl_AdaBN-T,2,0.546875,0.7711548354
BNCI2014_001,DeepConvNet,FM-Dec_A-Eucl_AdaBN-T,6,0.5729166667,0.8082682292
BNCI2014_001,DeepConvNet,FM-Dec_A-Eucl_AdaBN-T,8,0.6354166667,0.8495892811
BNCI2014_001,DeepConvNet,FM-Dec_A-Eucl_AdaBN-T,9,0.7569444444,0.9356272505
BNCI2014_001,DeepConvNet,FM-Dec_A-Eucl_AdaBN-T,3,0.7673611111,0.9425556199
BNCI2014_001,DeepConvNet,FM-Dec_A-Eucl_AdaBN-T,4,0.6215277778,0.861291956
BNCI2014_001,DeepConvNet,FM-Dec_A-Eucl_AdaBN-T,5,0.4635416667,0.7189871078
BNCI2014_001,DeepConvNet,FM-Dec_A-Eucl_AdaBN-T,7,0.7690972222,0.9296111433
BNCI2014_001,DeepConvNet,FM-Dec_A-None_AdaBN-F,1,0.3993055556,0.7789673354
BNCI2014_001,DeepConvNet,FM-Dec_A-None_AdaBN-F,2,0.4010416667,0.6711958269
BNCI2014_001,DeepConvNet,FM-Dec_A-None_AdaBN-F,6,0.4149305556,0.7249308771
BNCI2014_001,DeepConvNet,FM-Dec_A-None_AdaBN-F,8,0.4288194444,0.7673369985
BNCI2014_001,DeepConvNet,FM-Dec_A-None_AdaBN-F,9,0.5277777778,0.8433119534
BNCI2014_001,DeepConvNet,FM-Dec_A-None_AdaBN-F,3,0.6961805556,0.9239245756
BNCI2014_001,DeepConvNet,FM-Dec_A-None_AdaBN-F,4,0.5069444444,0.7890544624
BNCI2014_001,DeepConvNet,FM-Dec_A-None_AdaBN-F,5,0.3506944444,0.6264226466
BNCI2014_001,DeepConvNet,FM-Dec_A-None_AdaBN-F,7,0.3802083333,0.7188263567
BNCI2014_001,DeepConvNet,FM-Dec_A-Riem_AdaBN-T,1,0.7326388889,0.9277906379
BNCI2014_001,DeepConvNet,FM-Dec_A-Riem_AdaBN-T,2,0.5364583333,0.772308224
BNCI2014_001,DeepConvNet,FM-Dec_A-Riem_AdaBN-T,6,0.5590277778,0.8040525334
BNCI2014_001,DeepConvNet,FM-Dec_A-Riem_AdaBN-T,8,0.6527777778,0.8582537616
BNCI2014_001,DeepConvNet,FM-Dec_A-Riem_AdaBN-T,9,0.7708333333,0.933629919
BNCI2014_001,DeepConvNet,FM-Dec_A-Riem_AdaBN-T,3,0.765625,0.9423908501
BNCI2014_001,DeepConvNet,FM-Dec_A-Riem_AdaBN-T,4,0.640625,0.8629115226
BNCI2014_001,DeepConvNet,FM-Dec_A-Riem_AdaBN-T,5,0.4791666667,0.7221137153
BNCI2014_001,DeepConvNet,FM-Dec_A-Riem_AdaBN-T,7,0.7517361111,0.9214891975
BNCI2014_001,DeepConvNet,FM-Full_A-Eucl_AdaBN-F,1,0.6510416667,0.9274168917
BNCI2014_001,DeepConvNet,FM-Full_A-Eucl_AdaBN-F,2,0.5104166667,0.806873714
BNCI2014_001,DeepConvNet,FM-Full_A-Eucl_AdaBN-F,6,0.5260416667,0.8463501479
BNCI2014_001,DeepConvNet,FM-Full_A-Eucl_AdaBN-F,8,0.6840277778,0.9241576646
BNCI2014_001,DeepConvNet,FM-Full_A-Eucl_AdaBN-F,9,0.7326388889,0.9584378215
BNCI2014_001,DeepConvNet,FM-Full_A-Eucl_AdaBN-F,3,0.8194444444,0.9736086998
BNCI2014_001,DeepConvNet,FM-Full_A-Eucl_AdaBN-F,4,0.6579861111,0.894655832
BNCI2014_001,DeepConvNet,FM-Full_A-Eucl_AdaBN-F,5,0.5989583333,0.850003215
BNCI2014_001,DeepConvNet,FM-Full_A-Eucl_AdaBN-F,7,0.71875,0.9518590856
BNCI2014_001,DeepConvNet,FM-Full_A-Eucl_AdaBN-T,1,0.8333333333,0.9662784529
BNCI2014_001,DeepConvNet,FM-Full_A-Eucl_AdaBN-T,2,0.6423611111,0.8620354295
BNCI2014_001,DeepConvNet,FM-Full_A-Eucl_AdaBN-T,6,0.6458333333,0.8696670846
BNCI2014_001,DeepConvNet,FM-Full_A-Eucl_AdaBN-T,8,0.8090277778,0.9513165509
BNCI2014_001,DeepConvNet,FM-Full_A-Eucl_AdaBN-T,9,0.8819444444,0.9833060057
BNCI2014_001,DeepConvNet,FM-Full_A-Eucl_AdaBN-T,3,0.875,0.9815899884
BNCI2014_001,DeepConvNet,FM-Full_A-Eucl_AdaBN-T,4,0.7135416667,0.9176874357
BNCI2014_001,DeepConvNet,FM-Full_A-Eucl_AdaBN-T,5,0.6423611111,0.8631847994
BNCI2014_001,DeepConvNet,FM-Full_A-Eucl_AdaBN-T,7,0.8680555556,0.979841821
BNCI2014_001,DeepConvNet,FM-Full_A-None_AdaBN-F,1,0.5677083333,0.872580697
BNCI2014_001,DeepConvNet,FM-Full_A-None_AdaBN-F,2,0.4791666667,0.7550998264
BNCI2014_001,DeepConvNet,FM-Full_A-None_AdaBN-F,6,0.5,0.7937242798
BNCI2014_001,DeepConvNet,FM-Full_A-None_AdaBN-F,8,0.6388888889,0.8893992734
BNCI2014_001,DeepConvNet,FM-Full_A-None_AdaBN-F,9,0.7083333333,0.9265327611
BNCI2014_001,DeepConvNet,FM-Full_A-None_AdaBN-F,3,0.7864583333,0.9567579733
BNCI2014_001,DeepConvNet,FM-Full_A-None_AdaBN-F,4,0.6006944444,0.8507828575
BNCI2014_001,DeepConvNet,FM-Full_A-None_AdaBN-F,5,0.5017361111,0.7693061986
BNCI2014_001,DeepConvNet,FM-Full_A-None_AdaBN-F,7,0.6006944444,0.8642799158
BNCI2014_001,DeepConvNet,FM-Full_A-Riem_AdaBN-F,1,0.6493055556,0.9260746206
BNCI2014_001,DeepConvNet,FM-Full_A-Riem_AdaBN-F,2,0.5086805556,0.8167036394
BNCI2014_001,DeepConvNet,FM-Full_A-Riem_AdaBN-F,6,0.5121527778,0.850433224
BNCI2014_001,DeepConvNet,FM-Full_A-Riem_AdaBN-F,8,0.6805555556,0.9248529128
BNCI2014_001,DeepConvNet,FM-Full_A-Riem_AdaBN-F,9,0.7326388889,0.9536353845
BNCI2014_001,DeepConvNet,FM-Full_A-Riem_AdaBN-F,3,0.8072916667,0.9733957047
BNCI2014_001,DeepConvNet,FM-Full_A-Riem_AdaBN-F,4,0.6597222222,0.8926785944
BNCI2014_001,DeepConvNet,FM-Full_A-Riem_AdaBN-F,5,0.5815972222,0.8508310828
BNCI2014_001,DeepConvNet,FM-Full_A-Riem_AdaBN-F,7,0.7204861111,0.952767329
BNCI2014_001,DeepConvNet,FM-Full_A-Riem_AdaBN-T,1,0.8385416667,0.9666642554
BNCI2014_001,DeepConvNet,FM-Full_A-Riem_AdaBN-T,2,0.6701388889,0.8680073302
BNCI2014_001,DeepConvNet,FM-Full_A-Riem_AdaBN-T,6,0.671875,0.8772545332
BNCI2014_001,DeepConvNet,FM-Full_A-Riem_AdaBN-T,8,0.8177083333,0.9531692065
BNCI2014_001,DeepConvNet,FM-Full_A-Riem_AdaBN-T,9,0.8888888889,0.9820682227
BNCI2014_001,DeepConvNet,FM-Full_A-Riem_AdaBN-T,3,0.8836805556,0.9822128987
BNCI2014_001,DeepConvNet,FM-Full_A-Riem_AdaBN-T,4,0.7100694444,0.9177959426
BNCI2014_001,DeepConvNet,FM-Full_A-Riem_AdaBN-T,5,0.6527777778,0.8649932485
BNCI2014_001,DeepConvNet,FM-Full_A-Riem_AdaBN-T,7,0.8576388889,0.9798860275
BNCI2014_001,DeepConvNet,FM-None_A-Eucl_AdaBN-T,1,0.6857638889,0.9000691229
BNCI2014_001,DeepConvNet,FM-None_A-Eucl_AdaBN-T,2,0.3020833333,0.5542775849
BNCI2014_001,DeepConvNet,FM-None_A-Eucl_AdaBN-T,6,0.4826388889,0.7593074846
BNCI2014_001,DeepConvNet,FM-None_A-Eucl_AdaBN-T,8,0.578125,0.8173104745
BNCI2014_001,DeepConvNet,FM-None_A-Eucl_AdaBN-T,9,0.6336805556,0.8614326132
BNCI2014_001,DeepConvNet,FM-None_A-Eucl_AdaBN-T,3,0.7118055556,0.9288676698
BNCI2014_001,DeepConvNet,FM-None_A-Eucl_AdaBN-T,4,0.5017361111,0.7688882459
BNCI2014_001,DeepConvNet,FM-None_A-Eucl_AdaBN-T,5,0.390625,0.6548072595
BNCI2014_001,DeepConvNet,FM-None_A-Eucl_AdaBN-T,7,0.4756944444,0.7520335005
BNCI2014_001,DeepConvNet,FM-None_A-None_AdaBN-F,1,0.5347222222,0.8089313272
BNCI2014_001,DeepConvNet,FM-None_A-None_AdaBN-F,2,0.2951388889,0.5448133681
BNCI2014_001,DeepConvNet,FM-None_A-None_AdaBN-F,6,0.3229166667,0.6921135545
BNCI2014_001,DeepConvNet,FM-None_A-None_AdaBN-F,8,0.4097222222,0.7327594522
BNCI2014_001,DeepConvNet,FM-None_A-None_AdaBN-F,9,0.5416666667,0.8260151427
BNCI2014_001,DeepConvNet,FM-None_A-None_AdaBN-F,3,0.6753472222,0.9423868313
BNCI2014_001,DeepConvNet,FM-None_A-None_AdaBN-F,4,0.3559027778,0.7553811407
BNCI2014_001,DeepConvNet,FM-None_A-None_AdaBN-F,5,0.265625,0.6643719457
BNCI2014_001,DeepConvNet,FM-None_A-None_AdaBN-F,7,0.3611111111,0.7133688593
BNCI2014_001,DeepConvNet,NoPre_FM-Full_A-Eucl_AdaBN-T,1,0.6423611111,0.8695786716
BNCI2014_001,DeepConvNet,NoPre_FM-Full_A-Eucl_AdaBN-T,2,0.5017361111,0.7606758777
BNCI2014_001,DeepConvNet,NoPre_FM-Full_A-Eucl_AdaBN-T,6,0.4322916667,0.671999582
BNCI2014_001,DeepConvNet,NoPre_FM-Full_A-Eucl_AdaBN-T,8,0.4878472222,0.7450327932
BNCI2014_001,DeepConvNet,NoPre_FM-Full_A-Eucl_AdaBN-T,9,0.6631944444,0.878781668
BNCI2014_001,DeepConvNet,NoPre_FM-Full_A-Eucl_AdaBN-T,3,0.59375,0.8402657215
BNCI2014_001,DeepConvNet,NoPre_FM-Full_A-Eucl_AdaBN-T,4,0.4878472222,0.7712311921
BNCI2014_001,DeepConvNet,NoPre_FM-Full_A-Eucl_AdaBN-T,5,0.4652777778,0.7168933256
BNCI2014_001,DeepConvNet,NoPre_FM-Full_A-Eucl_AdaBN-T,7,0.5920138889,0.8574258938
BNCI2014_001,DeepConvNet,NoPre_FM-Full_A-None_AdaBN-F,1,0.3003472222,0.6470510224
BNCI2014_001,DeepConvNet,NoPre_FM-Full_A-None_AdaBN-F,2,0.3402777778,0.6000192901
BNCI2014_001,DeepConvNet,NoPre_FM-Full_A-None_AdaBN-F,6,0.2621527778,0.5709916731
BNCI2014_001,DeepConvNet,NoPre_FM-Full_A-None_AdaBN-F,8,0.3697916667,0.685386124
BNCI2014_001,DeepConvNet,NoPre_FM-Full_A-None_AdaBN-F,9,0.2743055556,0.6842608668
BNCI2014_001,DeepConvNet,NoPre_FM-Full_A-None_AdaBN-F,3,0.3177083333,0.6620772248
BNCI2014_001,DeepConvNet,NoPre_FM-Full_A-None_AdaBN-F,4,0.2517361111,0.5784545396
BNCI2014_001,DeepConvNet,NoPre_FM-Full_A-None_AdaBN-F,5,0.3125,0.570437082
BNCI2014_001,DeepConvNet,NoPre_FM-Full_A-None_AdaBN-F,7,0.25,0.5746768904
Huebner2017,DeepConvNet,FM-Dec_A-Eucl_AdaBN-F,1,0.9363544726,0.9918117069
Huebner2017,DeepConvNet,FM-Dec_A-Eucl_AdaBN-F,2,0.9048890924,0.9837755021
Huebner2017,DeepConvNet,FM-Dec_A-Eucl_AdaBN-F,3,0.879017524,0.9743808808
Huebner2017,DeepConvNet,FM-Dec_A-Eucl_AdaBN-F,6,0.937095726,0.9949998158
Huebner2017,DeepConvNet,FM-Dec_A-Eucl_AdaBN-F,9,0.9305809931,0.9945237651
Huebner2017,DeepConvNet,FM-Dec_A-Eucl_AdaBN-F,10,0.950215711,0.9967742229
Huebner2017,DeepConvNet,FM-Dec_A-Eucl_AdaBN-F,12,0.9078398453,0.9865740673
Huebner2017,DeepConvNet,FM-Dec_A-Eucl_AdaBN-F,4,0.9275915143,0.9946417869
Huebner2017,DeepConvNet,FM-Dec_A-Eucl_AdaBN-F,5,0.8412189662,0.9682833089
Huebner2017,DeepConvNet,FM-Dec_A-Eucl_AdaBN-F,7,0.9669693732,0.9988740867
Huebner2017,DeepConvNet,FM-Dec_A-Eucl_AdaBN-F,8,0.7954786297,0.9229764907
Huebner2017,DeepConvNet,FM-Dec_A-Eucl_AdaBN-F,11,0.7827706897,0.9119173958
Huebner2017,DeepConvNet,FM-Dec_A-Eucl_AdaBN-F,13,0.9301100002,0.9911038344
Huebner2017,DeepConvNet,FM-Dec_A-Eucl_AdaBN-T,1,0.9615746193,0.9929505034
Huebner2017,DeepConvNet,FM-Dec_A-Eucl_AdaBN-T,2,0.9424475987,0.9870394462
Huebner2017,DeepConvNet,FM-Dec_A-Eucl_AdaBN-T,3,0.9135852053,0.9758941495
Huebner2017,DeepConvNet,FM-Dec_A-Eucl_AdaBN-T,6,0.9704248932,0.9954742084
Huebner2017,DeepConvNet,FM-Dec_A-Eucl_AdaBN-T,9,0.965265059,0.9952094848
Huebner2017,DeepConvNet,FM-Dec_A-Eucl_AdaBN-T,10,0.9748324123,0.9970541714
Huebner2017,DeepConvNet,FM-Dec_A-Eucl_AdaBN-T,12,0.9412138787,0.9883564606
Huebner2017,DeepConvNet,FM-Dec_A-Eucl_AdaBN-T,4,0.9626560351,0.9953757214
Huebner2017,DeepConvNet,FM-Dec_A-Eucl_AdaBN-T,5,0.9023580586,0.9699001227
Huebner2017,DeepConvNet,FM-Dec_A-Eucl_AdaBN-T,7,0.9827660765,0.998917492
Huebner2017,DeepConvNet,FM-Dec_A-Eucl_AdaBN-T,8,0.8316481918,0.9265460077
Huebner2017,DeepConvNet,FM-Dec_A-Eucl_AdaBN-T,11,0.8261327145,0.9154072795
Huebner2017,DeepConvNet,FM-Dec_A-Eucl_AdaBN-T,13,0.9551654503,0.9915629679
Huebner2017,DeepConvNet,FM-Dec_A-None_AdaBN-F,1,0.9482464122,0.9930258387
Huebner2017,DeepConvNet,FM-Dec_A-None_AdaBN-F,2,0.9003739316,0.9815891535
Huebner2017,DeepConvNet,FM-Dec_A-None_AdaBN-F,3,0.8948013221,0.9767363501
Huebner2017,DeepConvNet,FM-Dec_A-None_AdaBN-F,6,0.9516291243,0.9967134349
Huebner2017,DeepConvNet,FM-Dec_A-None_AdaBN-F,9,0.9431725682,0.9951534448
Huebner2017,DeepConvNet,FM-Dec_A-None_AdaBN-F,10,0.9685037648,0.9973120493
Huebner2017,DeepConvNet,FM-Dec_A-None_AdaBN-F,12,0.9166285104,0.9871845848
Huebner2017,DeepConvNet,FM-Dec_A-None_AdaBN-F,4,0.9605712143,0.9975412118
Huebner2017,DeepConvNet,FM-Dec_A-None_AdaBN-F,5,0.8805072243,0.9697093245
Huebner2017,DeepConvNet,FM-Dec_A-None_AdaBN-F,7,0.9806801994,0.99932281
Huebner2017,DeepConvNet,FM-Dec_A-None_AdaBN-F,8,0.8179513684,0.9280895317
Huebner2017,DeepConvNet,FM-Dec_A-None_AdaBN-F,11,0.794158719,0.9083498794
Huebner2017,DeepConvNet,FM-Dec_A-None_AdaBN-F,13,0.9348155127,0.9887393508
Huebner2017,DeepConvNet,FM-Dec_A-Riem_AdaBN-T,1,0.9643727781,0.9927693251
Huebner2017,DeepConvNet,FM-Dec_A-Riem_AdaBN-T,2,0.9399547212,0.9863380132
Huebner2017,DeepConvNet,FM-Dec_A-Riem_AdaBN-T,3,0.9143611741,0.9766764789
Huebner2017,DeepConvNet,FM-Dec_A-Riem_AdaBN-T,6,0.9705012175,0.9955413616
Huebner2017,DeepConvNet,FM-Dec_A-Riem_AdaBN-T,9,0.9632682133,0.9947912797
Huebner2017,DeepConvNet,FM-Dec_A-Riem_AdaBN-T,10,0.9749343283,0.9973729627
Huebner2017,DeepConvNet,FM-Dec_A-Riem_AdaBN-T,12,0.9414046602,0.9886660851
Huebner2017,DeepConvNet,FM-Dec_A-Riem_AdaBN-T,4,0.966815143,0.99565512
Huebner2017,DeepConvNet,FM-Dec_A-Riem_AdaBN-T,5,0.9041386854,0.970279448
Huebner2017,DeepConvNet,FM-Dec_A-Riem_AdaBN-T,7,0.9835673586,0.9991079033
Huebner2017,DeepConvNet,FM-Dec_A-Riem_AdaBN-T,8,0.8382237507,0.9312321093
Huebner2017,DeepConvNet,FM-Dec_A-Riem_AdaBN-T,11,0.8250258938,0.9150574613
Huebner2017,DeepConvNet,FM-Dec_A-Riem_AdaBN-T,13,0.9528125257,0.9915844372
Huebner2017,DeepConvNet,FM-Full_A-Eucl_AdaBN-F,1,0.9621991434,0.9955288488
Huebner2017,DeepConvNet,FM-Full_A-Eucl_AdaBN-F,2,0.9466575092,0.9916086617
Huebner2017,DeepConvNet,FM-Full_A-Eucl_AdaBN-F,3,0.9315586913,0.9872966199
Huebner2017,DeepConvNet,FM-Full_A-Eucl_AdaBN-F,6,0.9695794907,0.9974211583
Huebner2017,DeepConvNet,FM-Full_A-Eucl_AdaBN-F,9,0.9570614571,0.9968715377
Huebner2017,DeepConvNet,FM-Full_A-Eucl_AdaBN-F,10,0.972184823,0.9983724821
Huebner2017,DeepConvNet,FM-Full_A-Eucl_AdaBN-F,12,0.948489011,0.9930788901
Huebner2017,DeepConvNet,FM-Full_A-Eucl_AdaBN-F,4,0.962644559,0.9980613232
Huebner2017,DeepConvNet,FM-Full_A-Eucl_AdaBN-F,5,0.8996489621,0.9802652582
Huebner2017,DeepConvNet,FM-Full_A-Eucl_AdaBN-F,7,0.9857549858,0.9995948166
Huebner2017,DeepConvNet,FM-Full_A-Eucl_AdaBN-F,8,0.8675427976,0.9575000848
Huebner2017,DeepConvNet,FM-Full_A-Eucl_AdaBN-F,11,0.827097854,0.9312014161
Huebner2017,DeepConvNet,FM-Full_A-Eucl_AdaBN-F,13,0.957137547,0.995719684
Huebner2017,DeepConvNet,FM-Full_A-Eucl_AdaBN-T,1,0.9722843145,0.9955222021
Huebner2017,DeepConvNet,FM-Full_A-Eucl_AdaBN-T,2,0.9581298331,0.9926528116
Huebner2017,DeepConvNet,FM-Full_A-Eucl_AdaBN-T,3,0.9444799498,0.9881528207
Huebner2017,DeepConvNet,FM-Full_A-Eucl_AdaBN-T,6,0.9805063608,0.9973166009
Huebner2017,DeepConvNet,FM-Full_A-Eucl_AdaBN-T,9,0.9736212861,0.9972447223
Huebner2017,DeepConvNet,FM-Full_A-Eucl_AdaBN-T,10,0.981901267,0.9984240138
Huebner2017,DeepConvNet,FM-Full_A-Eucl_AdaBN-T,12,0.9621489621,0.9937429239
Huebner2017,DeepConvNet,FM-Full_A-Eucl_AdaBN-T,4,0.9802213609,0.9982247825
Huebner2017,DeepConvNet,FM-Full_A-Eucl_AdaBN-T,5,0.9244505495,0.9813978001
Huebner2017,DeepConvNet,FM-Full_A-Eucl_AdaBN-T,7,0.9920889296,0.999700066
Huebner2017,DeepConvNet,FM-Full_A-Eucl_AdaBN-T,8,0.8776019202,0.9577204031
Huebner2017,DeepConvNet,FM-Full_A-Eucl_AdaBN-T,11,0.8492116448,0.9325295706
Huebner2017,DeepConvNet,FM-Full_A-Eucl_AdaBN-T,13,0.9694744207,0.995790351
Huebner2017,DeepConvNet,FM-Full_A-None_AdaBN-F,1,0.9569335135,0.9947972196
Huebner2017,DeepConvNet,FM-Full_A-None_AdaBN-F,2,0.9343711844,0.9884853138
Huebner2017,DeepConvNet,FM-Full_A-None_AdaBN-F,3,0.9269799471,0.9864489168
Huebner2017,DeepConvNet,FM-Full_A-None_AdaBN-F,6,0.970745311,0.9974883115
Huebner2017,DeepConvNet,FM-Full_A-None_AdaBN-F,9,0.9616274929,0.996602593
Huebner2017,DeepConvNet,FM-Full_A-None_AdaBN-F,10,0.970834537,0.9978529635
Huebner2017,DeepConvNet,FM-Full_A-None_AdaBN-F,12,0.9456018519,0.9924903277
Huebner2017,DeepConvNet,FM-Full_A-None_AdaBN-F,4,0.9779958985,0.9986369139
Huebner2017,DeepConvNet,FM-Full_A-None_AdaBN-F,5,0.9060464998,0.9775826928
Huebner2017,DeepConvNet,FM-Full_A-None_AdaBN-F,7,0.9876882377,0.9996105468
Huebner2017,DeepConvNet,FM-Full_A-None_AdaBN-F,8,0.8723249488,0.958863356
Huebner2017,DeepConvNet,FM-Full_A-None_AdaBN-F,11,0.8228233115,0.9225046406
Huebner2017,DeepConvNet,FM-Full_A-None_AdaBN-F,13,0.9644378839,0.995489175
Huebner2017,DeepConvNet,FM-Full_A-Riem_AdaBN-F,1,0.9624280604,0.9953475527
Huebner2017,DeepConvNet,FM-Full_A-Riem_AdaBN-F,2,0.9471789784,0.9917058021
Huebner2017,DeepConvNet,FM-Full_A-Riem_AdaBN-F,3,0.9287222001,0.9864024738
Huebner2017,DeepConvNet,FM-Full_A-Riem_AdaBN-F,6,0.9697707181,0.997449164
Huebner2017,DeepConvNet,FM-Full_A-Riem_AdaBN-F,9,0.9610169923,0.9968090206
Huebner2017,DeepConvNet,FM-Full_A-Riem_AdaBN-F,10,0.9733818301,0.9980469077
Huebner2017,DeepConvNet,FM-Full_A-Riem_AdaBN-F,12,0.9491503867,0.9932055226
Huebner2017,DeepConvNet,FM-Full_A-Riem_AdaBN-F,4,0.9617162032,0.9981175092
Huebner2017,DeepConvNet,FM-Full_A-Riem_AdaBN-F,5,0.8965710216,0.9802533638
Huebner2017,DeepConvNet,FM-Full_A-Riem_AdaBN-F,7,0.9865817053,0.9996391976
Huebner2017,DeepConvNet,FM-Full_A-Riem_AdaBN-F,8,0.8718664417,0.956255176
Huebner2017,DeepConvNet,FM-Full_A-Riem_AdaBN-F,11,0.8270473052,0.9285464031
Huebner2017,DeepConvNet,FM-Full_A-Riem_AdaBN-F,13,0.9561581868,0.9956527018
Huebner2017,DeepConvNet,FM-Full_A-Riem_AdaBN-T,1,0.9726023147,0.9952884556
Huebner2017,DeepConvNet,FM-Full_A-Riem_AdaBN-T,2,0.9590710216,0.9926023908
Huebner2017,DeepConvNet,FM-Full_A-Riem_AdaBN-T,3,0.9437931987,0.9873757582
Huebner2017,DeepConvNet,FM-Full_A-Riem_AdaBN-T,6,0.9797615743,0.9974118357
Huebner2017,DeepConvNet,FM-Full_A-Riem_AdaBN-T,9,0.9755163818,0.9968652624
Huebner2017,DeepConvNet,FM-Full_A-Riem_AdaBN-T,10,0.9814555363,0.9982748351
Huebner2017,DeepConvNet,FM-Full_A-Riem_AdaBN-T,12,0.9617165242,0.9935710692
Huebner2017,DeepConvNet,FM-Full_A-Riem_AdaBN-T,4,0.9802595586,0.9983005048
Huebner2017,DeepConvNet,FM-Full_A-Riem_AdaBN-T,5,0.923509361,0.9809700392
Huebner2017,DeepConvNet,FM-Full_A-Riem_AdaBN-T,7,0.9921270859,0.9996575187
Huebner2017,DeepConvNet,FM-Full_A-Riem_AdaBN-T,8,0.8769657854,0.9572225372
Huebner2017,DeepConvNet,FM-Full_A-Riem_AdaBN-T,11,0.8431938354,0.9301498404
Huebner2017,DeepConvNet,FM-Full_A-Riem_AdaBN-T,13,0.9701612028,0.9959238443
Huebner2017,DeepConvNet,FM-None_A-Eucl_AdaBN-T,1,0.9104963064,0.9835378139
Huebner2017,DeepConvNet,FM-None_A-Eucl_AdaBN-T,2,0.9098239723,0.9701247367
Huebner2017,DeepConvNet,FM-None_A-Eucl_AdaBN-T,3,0.8270049321,0.922834587
Huebner2017,DeepConvNet,FM-None_A-Eucl_AdaBN-T,6,0.9438246501,0.9861669353
Huebner2017,DeepConvNet,FM-None_A-Eucl_AdaBN-T,9,0.9246922059,0.983672709
Huebner2017,DeepConvNet,FM-None_A-Eucl_AdaBN-T,10,0.9382794551,0.989069068
Huebner2017,DeepConvNet,FM-None_A-Eucl_AdaBN-T,12,0.9213344526,0.978040501
Huebner2017,DeepConvNet,FM-None_A-Eucl_AdaBN-T,4,0.9106617849,0.9849435064
Huebner2017,DeepConvNet,FM-None_A-Eucl_AdaBN-T,5,0.8538486976,0.9309470108
Huebner2017,DeepConvNet,FM-None_A-Eucl_AdaBN-T,7,0.9391407204,0.994823329
Huebner2017,DeepConvNet,FM-None_A-Eucl_AdaBN-T,8,0.742134772,0.8840625326
Huebner2017,DeepConvNet,FM-None_A-Eucl_AdaBN-T,11,0.7900043287,0.8694250181
Huebner2017,DeepConvNet,FM-None_A-Eucl_AdaBN-T,13,0.8813326703,0.9676933435
Huebner2017,DeepConvNet,FM-None_A-None_AdaBN-F,1,0.8931999799,0.98867061
Huebner2017,DeepConvNet,FM-None_A-None_AdaBN-F,2,0.9056013431,0.968602035
Huebner2017,DeepConvNet,FM-None_A-None_AdaBN-F,3,0.6916711225,0.9431340611
Huebner2017,DeepConvNet,FM-None_A-None_AdaBN-F,6,0.9553151978,0.9912899052
Huebner2017,DeepConvNet,FM-None_A-None_AdaBN-F,9,0.9490867928,0.9910533094
Huebner2017,DeepConvNet,FM-None_A-None_AdaBN-F,10,0.9124158012,0.9919101796
Huebner2017,DeepConvNet,FM-None_A-None_AdaBN-F,12,0.6514168702,0.960846618
Huebner2017,DeepConvNet,FM-None_A-None_AdaBN-F,4,0.8738674295,0.989979176
Huebner2017,DeepConvNet,FM-None_A-None_AdaBN-F,5,0.8167735043,0.9337199703
Huebner2017,DeepConvNet,FM-None_A-None_AdaBN-F,7,0.8813085063,0.992293271
Huebner2017,DeepConvNet,FM-None_A-None_AdaBN-F,8,0.5725850365,0.8406328819
Huebner2017,DeepConvNet,FM-None_A-None_AdaBN-F,11,0.6581354133,0.8654863901
Huebner2017,DeepConvNet,FM-None_A-None_AdaBN-F,13,0.7559261669,0.9465708813
Huebner2017,DeepConvNet,NoPre_FM-Full_A-Eucl_AdaBN-T,1,0.9572238497,0.9916061797
Huebner2017,DeepConvNet,NoPre_FM-Full_A-Eucl_AdaBN-T,2,0.9436558812,0.987186856
Huebner2017,DeepConvNet,NoPre_FM-Full_A-Eucl_AdaBN-T,3,0.9265449307,0.9791766957
Huebner2017,DeepConvNet,NoPre_FM-Full_A-Eucl_AdaBN-T,6,0.9692254963,0.9947660302
Huebner2017,DeepConvNet,NoPre_FM-Full_A-Eucl_AdaBN-T,9,0.9603683354,0.9933430904
Huebner2017,DeepConvNet,NoPre_FM-Full_A-Eucl_AdaBN-T,10,0.9700417518,0.9959971976
Huebner2017,DeepConvNet,NoPre_FM-Full_A-Eucl_AdaBN-T,12,0.9460597273,0.9885534332
Huebner2017,DeepConvNet,NoPre_FM-Full_A-Eucl_AdaBN-T,4,0.9711001856,0.9962070348
Huebner2017,DeepConvNet,NoPre_FM-Full_A-Eucl_AdaBN-T,5,0.9025106838,0.9684865567
Huebner2017,DeepConvNet,NoPre_FM-Full_A-Eucl_AdaBN-T,7,0.985258954,0.998846277
Huebner2017,DeepConvNet,NoPre_FM-Full_A-Eucl_AdaBN-T,8,0.8548834038,0.9390505409
Huebner2017,DeepConvNet,NoPre_FM-Full_A-Eucl_AdaBN-T,11,0.8143915173,0.9016846655
Huebner2017,DeepConvNet,NoPre_FM-Full_A-Eucl_AdaBN-T,13,0.9609264751,0.991854301
Huebner2017,DeepConvNet,NoPre_FM-Full_A-None_AdaBN-F,1,0.8952857431,0.9865296537
Huebner2017,DeepConvNet,NoPre_FM-Full_A-None_AdaBN-F,2,0.88877442,0.9790867033
Huebner2017,DeepConvNet,NoPre_FM-Full_A-None_AdaBN-F,3,0.8927027366,0.9760746042
Huebner2017,DeepConvNet,NoPre_FM-Full_A-None_AdaBN-F,6,0.8866792171,0.9897455713
Huebner2017,DeepConvNet,NoPre_FM-Full_A-None_AdaBN-F,9,0.8948031136,0.9873301944
Huebner2017,DeepConvNet,NoPre_FM-Full_A-None_AdaBN-F,10,0.9371358358,0.9921465438
Huebner2017,DeepConvNet,NoPre_FM-Full_A-None_AdaBN-F,12,0.8993055556,0.9801535316
Huebner2017,DeepConvNet,NoPre_FM-Full_A-None_AdaBN-F,4,0.9304660686,0.9948288884
Huebner2017,DeepConvNet,NoPre_FM-Full_A-None_AdaBN-F,5,0.8586182336,0.9579090886
Huebner2017,DeepConvNet,NoPre_FM-Full_A-None_AdaBN-F,7,0.9339387464,0.9976267899
Huebner2017,DeepConvNet,NoPre_FM-Full_A-None_AdaBN-F,8,0.8440998708,0.9388770022
Huebner2017,DeepConvNet,NoPre_FM-Full_A-None_AdaBN-F,11,0.779018922,0.8897276723
Huebner2017,DeepConvNet,NoPre_FM-Full_A-None_AdaBN-F,13,0.9307711067,0.9875724538
Huebner2018,DeepConvNet,FM-Dec_A-Eucl_AdaBN-F,1,0.9416320912,0.9911359186
Huebner2018,DeepConvNet,FM-Dec_A-Eucl_AdaBN-F,3,0.9456845238,0.9922416002
Huebner2018,DeepConvNet,FM-Dec_A-Eucl_AdaBN-F,6,0.9348099817,0.9922687184
Huebner2018,DeepConvNet,FM-Dec_A-Eucl_AdaBN-F,9,0.8841795265,0.9734662902
Huebner2018,DeepConvNet,FM-Dec_A-Eucl_AdaBN-F,10,0.8639423077,0.9694244942
Huebner2018,DeepConvNet,FM-Dec_A-Eucl_AdaBN-F,11,0.8469487851,0.9546766672
Huebner2018,DeepConvNet,FM-Dec_A-Eucl_AdaBN-F,2,0.9483402015,0.995570382
Huebner2018,DeepConvNet,FM-Dec_A-Eucl_AdaBN-F,4,0.8997825092,0.9796797052
Huebner2018,DeepConvNet,FM-Dec_A-Eucl_AdaBN-F,5,0.8001731066,0.9264677658
Huebner2018,DeepConvNet,FM-Dec_A-Eucl_AdaBN-F,7,0.8874160799,0.9709860689
Huebner2018,DeepConvNet,FM-Dec_A-Eucl_AdaBN-F,8,0.8298763736,0.9450968625
Huebner2018,DeepConvNet,FM-Dec_A-Eucl_AdaBN-F,12,0.8743704212,0.9646974479
Huebner2018,DeepConvNet,FM-Dec_A-Eucl_AdaBN-T,1,0.959030826,0.9913173139
Huebner2018,DeepConvNet,FM-Dec_A-Eucl_AdaBN-T,3,0.9669528388,0.992561636
Huebner2018,DeepConvNet,FM-Dec_A-Eucl_AdaBN-T,6,0.9560782967,0.9928058499
Huebner2018,DeepConvNet,FM-Dec_A-Eucl_AdaBN-T,9,0.9059394203,0.9737062471
Huebner2018,DeepConvNet,FM-Dec_A-Eucl_AdaBN-T,10,0.9020718864,0.9708970271
Huebner2018,DeepConvNet,FM-Dec_A-Eucl_AdaBN-T,11,0.881387983,0.9567733296
Huebner2018,DeepConvNet,FM-Dec_A-Eucl_AdaBN-T,2,0.9743017399,0.9959542888
Huebner2018,DeepConvNet,FM-Dec_A-Eucl_AdaBN-T,4,0.9338827839,0.9827389946
Huebner2018,DeepConvNet,FM-Dec_A-Eucl_AdaBN-T,5,0.8406187008,0.9337311132
Huebner2018,DeepConvNet,FM-Dec_A-Eucl_AdaBN-T,7,0.9143010915,0.9734590389
Huebner2018,DeepConvNet,FM-Dec_A-Eucl_AdaBN-T,8,0.8616643773,0.9480011011
Huebner2018,DeepConvNet,FM-Dec_A-Eucl_AdaBN-T,12,0.9044642857,0.9678752943
Huebner2018,DeepConvNet,FM-Dec_A-None_AdaBN-F,1,0.9568449655,0.9939650304
Huebner2018,DeepConvNet,FM-Dec_A-None_AdaBN-F,3,0.9612980769,0.9932618175
Huebner2018,DeepConvNet,FM-Dec_A-None_AdaBN-F,6,0.9471840659,0.993753216
Huebner2018,DeepConvNet,FM-Dec_A-None_AdaBN-F,9,0.8857819103,0.9721421321
Huebner2018,DeepConvNet,FM-Dec_A-None_AdaBN-F,10,0.8856570513,0.9724990188
Huebner2018,DeepConvNet,FM-Dec_A-None_AdaBN-F,11,0.8392807323,0.9456013215
Huebner2018,DeepConvNet,FM-Dec_A-None_AdaBN-F,2,0.9689331502,0.9965695862
Huebner2018,DeepConvNet,FM-Dec_A-None_AdaBN-F,4,0.9173076923,0.9808442351
Huebner2018,DeepConvNet,FM-Dec_A-None_AdaBN-F,5,0.840763338,0.9470165286
Huebner2018,DeepConvNet,FM-Dec_A-None_AdaBN-F,7,0.8893714338,0.967299557
Huebner2018,DeepConvNet,FM-Dec_A-None_AdaBN-F,8,0.8660599817,0.9589785698
Huebner2018,DeepConvNet,FM-Dec_A-None_AdaBN-F,12,0.8814331502,0.9635306013
Huebner2018,DeepConvNet,FM-Dec_A-Riem_AdaBN-T,1,0.9593972144,0.9913832485
Huebner2018,DeepConvNet,FM-Dec_A-Riem_AdaBN-T,3,0.9694139194,0.9935068354
Huebner2018,DeepConvNet,FM-Dec_A-Riem_AdaBN-T,6,0.9564217033,0.9934170182
Huebner2018,DeepConvNet,FM-Dec_A-Riem_AdaBN-T,9,0.9051725585,0.9733669794
Huebner2018,DeepConvNet,FM-Dec_A-Riem_AdaBN-T,10,0.9071428571,0.9731033599
Huebner2018,DeepConvNet,FM-Dec_A-Riem_AdaBN-T,11,0.8798470368,0.9570531054
Huebner2018,DeepConvNet,FM-Dec_A-Riem_AdaBN-T,2,0.9762934982,0.9961786341
Huebner2018,DeepConvNet,FM-Dec_A-Riem_AdaBN-T,4,0.9322344322,0.9821427345
Huebner2018,DeepConvNet,FM-Dec_A-Riem_AdaBN-T,5,0.8428056854,0.934697107
Huebner2018,DeepConvNet,FM-Dec_A-Riem_AdaBN-T,7,0.9172663216,0.9752718269
Huebner2018,DeepConvNet,FM-Dec_A-Riem_AdaBN-T,8,0.8665521978,0.9524579736
Huebner2018,DeepConvNet,FM-Dec_A-Riem_AdaBN-T,12,0.9061126374,0.9692101785
Huebner2018,DeepConvNet,FM-Full_A-Eucl_AdaBN-F,1,0.9657850258,0.9945451136
Huebner2018,DeepConvNet,FM-Full_A-Eucl_AdaBN-F,3,0.9714056777,0.9954300077
Huebner2018,DeepConvNet,FM-Full_A-Eucl_AdaBN-F,6,0.9713369963,0.997910807
Huebner2018,DeepConvNet,FM-Full_A-Eucl_AdaBN-F,9,0.9266705535,0.9848425664
Huebner2018,DeepConvNet,FM-Full_A-Eucl_AdaBN-F,10,0.8972527473,0.9723335432
Huebner2018,DeepConvNet,FM-Full_A-Eucl_AdaBN-F,11,0.8962994689,0.9697803159
Huebner2018,DeepConvNet,FM-Full_A-Eucl_AdaBN-F,2,0.9729052198,0.9967795684
Huebner2018,DeepConvNet,FM-Full_A-Eucl_AdaBN-F,4,0.938209707,0.9876546011
Huebner2018,DeepConvNet,FM-Full_A-Eucl_AdaBN-F,5,0.8988708801,0.9748906221
Huebner2018,DeepConvNet,FM-Full_A-Eucl_AdaBN-F,7,0.9192729327,0.9810916343
Huebner2018,DeepConvNet,FM-Full_A-Eucl_AdaBN-F,8,0.898992674,0.971790184
Huebner2018,DeepConvNet,FM-Full_A-Eucl_AdaBN-F,12,0.906456044,0.9729225673
Huebner2018,DeepConvNet,FM-Full_A-Eucl_AdaBN-T,1,0.9731451347,0.9944860204
Huebner2018,DeepConvNet,FM-Full_A-Eucl_AdaBN-T,3,0.9789148352,0.995888987
Huebner2018,DeepConvNet,FM-Full_A-Eucl_AdaBN-T,6,0.9802197802,0.9979091035
Huebner2018,DeepConvNet,FM-Full_A-Eucl_AdaBN-T,9,0.9408643027,0.9850272188
Huebner2018,DeepConvNet,FM-Full_A-Eucl_AdaBN-T,10,0.9145489927,0.97396467
Huebner2018,DeepConvNet,FM-Full_A-Eucl_AdaBN-T,11,0.9096957439,0.9703404038
Huebner2018,DeepConvNet,FM-Full_A-Eucl_AdaBN-T,2,0.9792239011,0.99686542
Huebner2018,DeepConvNet,FM-Full_A-Eucl_AdaBN-T,4,0.9532623626,0.9884444363
Huebner2018,DeepConvNet,FM-Full_A-Eucl_AdaBN-T,5,0.9122601377,0.9749058794
Huebner2018,DeepConvNet,FM-Full_A-Eucl_AdaBN-T,7,0.9331330485,0.9818226495
Huebner2018,DeepConvNet,FM-Full_A-Eucl_AdaBN-T,8,0.9090201465,0.9722253974
Huebner2018,DeepConvNet,FM-Full_A-Eucl_AdaBN-T,12,0.9168040293,0.9731358745
Huebner2018,DeepConvNet,FM-Full_A-None_AdaBN-F,1,0.9671699942,0.9948785892
Huebner2018,DeepConvNet,FM-Full_A-None_AdaBN-F,3,0.97308837,0.9960337084
Huebner2018,DeepConvNet,FM-Full_A-None_AdaBN-F,6,0.9729281136,0.9973138655
Huebner2018,DeepConvNet,FM-Full_A-None_AdaBN-F,9,0.9272883877,0.9819446852
Huebner2018,DeepConvNet,FM-Full_A-None_AdaBN-F,10,0.9059409341,0.9758517574
Huebner2018,DeepConvNet,FM-Full_A-None_AdaBN-F,11,0.8904014236,0.9652997641
Huebner2018,DeepConvNet,FM-Full_A-None_AdaBN-F,2,0.9751144689,0.9969788124
Huebner2018,DeepConvNet,FM-Full_A-None_AdaBN-F,4,0.9441735348,0.9877760471
Huebner2018,DeepConvNet,FM-Full_A-None_AdaBN-F,5,0.9005977742,0.9731777855
Huebner2018,DeepConvNet,FM-Full_A-None_AdaBN-F,7,0.9164326284,0.9796567729
Huebner2018,DeepConvNet,FM-Full_A-None_AdaBN-F,8,0.9031478938,0.9730459892
Huebner2018,DeepConvNet,FM-Full_A-None_AdaBN-F,12,0.9080929487,0.9724166285
Huebner2018,DeepConvNet,FM-Full_A-Riem_AdaBN-F,1,0.9641366867,0.994243406
Huebner2018,DeepConvNet,FM-Full_A-Riem_AdaBN-F,3,0.9699061355,0.9956339122
Huebner2018,DeepConvNet,FM-Full_A-Riem_AdaBN-F,6,0.9704212454,0.99785052
Huebner2018,DeepConvNet,FM-Full_A-Riem_AdaBN-F,9,0.9302534709,0.9858408944
Huebner2018,DeepConvNet,FM-Full_A-Riem_AdaBN-F,10,0.905242674,0.9737709723
Huebner2018,DeepConvNet,FM-Full_A-Riem_AdaBN-F,11,0.8961039104,0.9699000019
Huebner2018,DeepConvNet,FM-Full_A-Riem_AdaBN-F,2,0.9737179487,0.9967422706
Huebner2018,DeepConvNet,FM-Full_A-Riem_AdaBN-F,4,0.9395947802,0.9874408305
Huebner2018,DeepConvNet,FM-Full_A-Riem_AdaBN-F,5,0.8991002709,0.9751277166
Huebner2018,DeepConvNet,FM-Full_A-Riem_AdaBN-F,7,0.9214246453,0.9824489963
Huebner2018,DeepConvNet,FM-Full_A-Riem_AdaBN-F,8,0.9002861722,0.9723473476
Huebner2018,DeepConvNet,FM-Full_A-Riem_AdaBN-F,12,0.9085737179,0.973768424
Huebner2018,DeepConvNet,FM-Full_A-Riem_AdaBN-T,1,0.971805849,0.9945045007
Huebner2018,DeepConvNet,FM-Full_A-Riem_AdaBN-T,3,0.9779304029,0.9958608059
Huebner2018,DeepConvNet,FM-Full_A-Riem_AdaBN-T,6,0.980242674,0.9981070938
Huebner2018,DeepConvNet,FM-Full_A-Riem_AdaBN-T,9,0.9400401059,0.9855122297
Huebner2018,DeepConvNet,FM-Full_A-Riem_AdaBN-T,10,0.9169986264,0.9745778688
Huebner2018,DeepConvNet,FM-Full_A-Riem_AdaBN-T,11,0.9078331881,0.9712422002
Huebner2018,DeepConvNet,FM-Full_A-Riem_AdaBN-T,2,0.9798878205,0.996690051
Huebner2018,DeepConvNet,FM-Full_A-Riem_AdaBN-T,4,0.9491758242,0.9885897981
Huebner2018,DeepConvNet,FM-Full_A-Riem_AdaBN-T,5,0.9150992173,0.9754118509
Huebner2018,DeepConvNet,FM-Full_A-Riem_AdaBN-T,7,0.9348501653,0.9831773941
Huebner2018,DeepConvNet,FM-Full_A-Riem_AdaBN-T,8,0.910382326,0.972339948
Huebner2018,DeepConvNet,FM-Full_A-Riem_AdaBN-T,12,0.9181776557,0.9750940007
Huebner2018,DeepConvNet,FM-None_A-Eucl_AdaBN-T,1,0.9174672316,0.9822902357
Huebner2018,DeepConvNet,FM-None_A-Eucl_AdaBN-T,3,0.9547619048,0.9903719829
Huebner2018,DeepConvNet,FM-None_A-Eucl_AdaBN-T,6,0.7817078755,0.9491123485
Huebner2018,DeepConvNet,FM-None_A-Eucl_AdaBN-T,9,0.5816723061,0.7431837906
Huebner2018,DeepConvNet,FM-None_A-Eucl_AdaBN-T,10,0.7751144689,0.9263237643
Huebner2018,DeepConvNet,FM-None_A-Eucl_AdaBN-T,11,0.7241848234,0.8575078873
Huebner2018,DeepConvNet,FM-None_A-Eucl_AdaBN-T,2,0.9452953297,0.9876216232
Huebner2018,DeepConvNet,FM-None_A-Eucl_AdaBN-T,4,0.8848443223,0.9655780814
Huebner2018,DeepConvNet,FM-None_A-Eucl_AdaBN-T,5,0.7176568758,0.8556798771
Huebner2018,DeepConvNet,FM-None_A-Eucl_AdaBN-T,7,0.8597305288,0.9432961146
Huebner2018,DeepConvNet,FM-None_A-Eucl_AdaBN-T,8,0.688610348,0.844410717
Huebner2018,DeepConvNet,FM-None_A-Eucl_AdaBN-T,12,0.8363324176,0.9202692199
Huebner2018,DeepConvNet,FM-None_A-None_AdaBN-F,1,0.9152353614,0.9887849762
Huebner2018,DeepConvNet,FM-None_A-None_AdaBN-F,3,0.9638507326,0.9920134256
Huebner2018,DeepConvNet,FM-None_A-None_AdaBN-F,6,0.627415293,0.8954458426
Huebner2018,DeepConvNet,FM-None_A-None_AdaBN-F,9,0.5636092367,0.7328337809
Huebner2018,DeepConvNet,FM-None_A-None_AdaBN-F,10,0.8100045788,0.9353293842
Huebner2018,DeepConvNet,FM-None_A-None_AdaBN-F,11,0.7078693853,0.8412185558
Huebner2018,DeepConvNet,FM-None_A-None_AdaBN-F,2,0.9567307692,0.9916152374
Huebner2018,DeepConvNet,FM-None_A-None_AdaBN-F,4,0.8236607143,0.9597123834
Huebner2018,DeepConvNet,FM-None_A-None_AdaBN-F,5,0.6320232532,0.8719474686
Huebner2018,DeepConvNet,FM-None_A-None_AdaBN-F,7,0.7441681826,0.9130723223
Huebner2018,DeepConvNet,FM-None_A-None_AdaBN-F,8,0.5617101648,0.8409492467
Huebner2018,DeepConvNet,FM-None_A-None_AdaBN-F,12,0.7465430403,0.8522603921
Huebner2018,DeepConvNet,NoPre_FM-Full_A-Eucl_AdaBN-T,1,0.9612510985,0.9912092399
Huebner2018,DeepConvNet,NoPre_FM-Full_A-Eucl_AdaBN-T,3,0.9678228022,0.9928390186
Huebner2018,DeepConvNet,NoPre_FM-Full_A-Eucl_AdaBN-T,6,0.9731570513,0.9954768991
Huebner2018,DeepConvNet,NoPre_FM-Full_A-Eucl_AdaBN-T,9,0.92998901,0.9796973738
Huebner2018,DeepConvNet,NoPre_FM-Full_A-Eucl_AdaBN-T,10,0.899896978,0.9653833072
Huebner2018,DeepConvNet,NoPre_FM-Full_A-Eucl_AdaBN-T,11,0.8970721073,0.9636719197
Huebner2018,DeepConvNet,NoPre_FM-Full_A-Eucl_AdaBN-T,2,0.9726076007,0.9948647905
Huebner2018,DeepConvNet,NoPre_FM-Full_A-Eucl_AdaBN-T,4,0.9349931319,0.9833885646
Huebner2018,DeepConvNet,NoPre_FM-Full_A-Eucl_AdaBN-T,5,0.8973843392,0.9670796083
Huebner2018,DeepConvNet,NoPre_FM-Full_A-Eucl_AdaBN-T,7,0.9142075198,0.9745101255
Huebner2018,DeepConvNet,NoPre_FM-Full_A-Eucl_AdaBN-T,8,0.8974931319,0.964070581
Huebner2018,DeepConvNet,NoPre_FM-Full_A-Eucl_AdaBN-T,12,0.8978479853,0.9636635215
Huebner2018,DeepConvNet,NoPre_FM-Full_A-None_AdaBN-F,1,0.9374653155,0.9889723952
Huebner2018,DeepConvNet,NoPre_FM-Full_A-None_AdaBN-F,3,0.925709707,0.989616979
Huebner2018,DeepConvNet,NoPre_FM-Full_A-None_AdaBN-F,6,0.9536172161,0.993808638
Huebner2018,DeepConvNet,NoPre_FM-Full_A-None_AdaBN-F,9,0.9183594346,0.9767637315
Huebner2018,DeepConvNet,NoPre_FM-Full_A-None_AdaBN-F,10,0.8797847985,0.9639391189
Huebner2018,DeepConvNet,NoPre_FM-Full_A-None_AdaBN-F,11,0.8639910685,0.9518979763
Huebner2018,DeepConvNet,NoPre_FM-Full_A-None_AdaBN-F,2,0.9428914835,0.9930229319
Huebner2018,DeepConvNet,NoPre_FM-Full_A-None_AdaBN-F,4,0.8956501832,0.9805718129
Huebner2018,DeepConvNet,NoPre_FM-Full_A-None_AdaBN-F,5,0.8786535642,0.9647047234
Huebner2018,DeepConvNet,NoPre_FM-Full_A-None_AdaBN-F,7,0.8869104874,0.9678251753
Huebner2018,DeepConvNet,NoPre_FM-Full_A-None_AdaBN-F,8,0.890728022,0.9627208977
Huebner2018,DeepConvNet,NoPre_FM-Full_A-None_AdaBN-F,12,0.8589629121,0.9604509528
Kalunga2016,DeepConvNet,FM-Dec_A-Eucl_AdaBN-F,1,0.1875,0.4488932292
Kalunga2016,DeepConvNet,FM-Dec_A-Eucl_AdaBN-F,3,0.484375,0.7607421875
Kalunga2016,DeepConvNet,FM-Dec_A-Eucl_AdaBN-F,6,0.25,0.5667317708
Kalunga2016,DeepConvNet,FM-Dec_A-Eucl_AdaBN-F,9,0.1875,0.4827473958
Kalunga2016,DeepConvNet,FM-Dec_A-Eucl_AdaBN-F,10,0.265625,0.5906575521
Kalunga2016,DeepConvNet,FM-Dec_A-Eucl_AdaBN-F,11,0.234375,0.5380859375
Kalunga2016,DeepConvNet,FM-Dec_A-Eucl_AdaBN-F,2,0.265625,0.4847005208
Kalunga2016,DeepConvNet,FM-Dec_A-Eucl_AdaBN-F,4,0.28125,0.5257161458
Kalunga2016,DeepConvNet,FM-Dec_A-Eucl_AdaBN-F,5,0.1875,0.5598958333
Kalunga2016,DeepConvNet,FM-Dec_A-Eucl_AdaBN-F,7,0.3229166667,0.5396412037
Kalunga2016,DeepConvNet,FM-Dec_A-Eucl_AdaBN-F,8,0.234375,0.478515625
Kalunga2016,DeepConvNet,FM-Dec_A-Eucl_AdaBN-F,12,0.23125,0.5213541667
Kalunga2016,DeepConvNet,FM-Dec_A-Eucl_AdaBN-T,1,0.15625,0.3704427083
Kalunga2016,DeepConvNet,FM-Dec_A-Eucl_AdaBN-T,3,0.640625,0.7981770833
Kalunga2016,DeepConvNet,FM-Dec_A-Eucl_AdaBN-T,6,0.375,0.6692708333
Kalunga2016,DeepConvNet,FM-Dec_A-Eucl_AdaBN-T,9,0.328125,0.5234375
Kalunga2016,DeepConvNet,FM-Dec_A-Eucl_AdaBN-T,10,0.4453125,0.6923014323
Kalunga2016,DeepConvNet,FM-Dec_A-Eucl_AdaBN-T,11,0.34375,0.572265625
Kalunga2016,DeepConvNet,FM-Dec_A-Eucl_AdaBN-T,2,0.328125,0.5745442708
Kalunga2016,DeepConvNet,FM-Dec_A-Eucl_AdaBN-T,4,0.34375,0.5940755208
Kalunga2016,DeepConvNet,FM-Dec_A-Eucl_AdaBN-T,5,0.390625,0.6051432292
Kalunga2016,DeepConvNet,FM-Dec_A-Eucl_AdaBN-T,7,0.3958333333,0.6232638889
Kalunga2016,DeepConvNet,FM-Dec_A-Eucl_AdaBN-T,8,0.25,0.546875
Kalunga2016,DeepConvNet,FM-Dec_A-Eucl_AdaBN-T,12,0.275,0.51921875
Kalunga2016,DeepConvNet,FM-Dec_A-None_AdaBN-F,1,0.28125,0.5149739583
Kalunga2016,DeepConvNet,FM-Dec_A-None_AdaBN-F,3,0.390625,0.6995442708
Kalunga2016,DeepConvNet,FM-Dec_A-None_AdaBN-F,6,0.359375,0.6334635417
Kalunga2016,DeepConvNet,FM-Dec_A-None_AdaBN-F,9,0.21875,0.5260416667
Kalunga2016,DeepConvNet,FM-Dec_A-None_AdaBN-F,10,0.296875,0.5736490885
Kalunga2016,DeepConvNet,FM-Dec_A-None_AdaBN-F,11,0.25,0.595703125
Kalunga2016,DeepConvNet,FM-Dec_A-None_AdaBN-F,2,0.265625,0.5341796875
Kalunga2016,DeepConvNet,FM-Dec_A-None_AdaBN-F,4,0.296875,0.6129557292
Kalunga2016,DeepConvNet,FM-Dec_A-None_AdaBN-F,5,0.25,0.5416666667
Kalunga2016,DeepConvNet,FM-Dec_A-None_AdaBN-F,7,0.3125,0.5591724537
Kalunga2016,DeepConvNet,FM-Dec_A-None_AdaBN-F,8,0.234375,0.4983723958
Kalunga2016,DeepConvNet,FM-Dec_A-None_AdaBN-F,12,0.28125,0.5517708333
Kalunga2016,DeepConvNet,FM-Dec_A-Riem_AdaBN-T,1,0.171875,0.3639322917
Kalunga2016,DeepConvNet,FM-Dec_A-Riem_AdaBN-T,3,0.609375,0.7884114583
Kalunga2016,DeepConvNet,FM-Dec_A-Riem_AdaBN-T,6,0.359375,0.6735026042
Kalunga2016,DeepConvNet,FM-Dec_A-Riem_AdaBN-T,9,0.34375,0.5188802083
Kalunga2016,DeepConvNet,FM-Dec_A-Riem_AdaBN-T,10,0.40625,0.6836751302
Kalunga2016,DeepConvNet,FM-Dec_A-Riem_AdaBN-T,11,0.34375,0.5667317708
Kalunga2016,DeepConvNet,FM-Dec_A-Riem_AdaBN-T,2,0.359375,0.6695963542
Kalunga2016,DeepConvNet,FM-Dec_A-Riem_AdaBN-T,4,0.34375,0.5953776042
Kalunga2016,DeepConvNet,FM-Dec_A-Riem_AdaBN-T,5,0.390625,0.62109375
Kalunga2016,DeepConvNet,FM-Dec_A-Riem_AdaBN-T,7,0.4375,0.6265914352
Kalunga2016,DeepConvNet,FM-Dec_A-Riem_AdaBN-T,8,0.34375,0.5237630208
Kalunga2016,DeepConvNet,FM-Dec_A-Riem_AdaBN-T,12,0.26875,0.5286979167
Kalunga2016,DeepConvNet,FM-Full_A-Eucl_AdaBN-F,1,0.203125,0.4514973958
Kalunga2016,DeepConvNet,FM-Full_A-Eucl_AdaBN-F,3,0.484375,0.7581380208
Kalunga2016,DeepConvNet,FM-Full_A-Eucl_AdaBN-F,6,0.296875,0.5748697917
Kalunga2016,DeepConvNet,FM-Full_A-Eucl_AdaBN-F,9,0.1875,0.466796875
Kalunga2016,DeepConvNet,FM-Full_A-Eucl_AdaBN-F,10,0.28125,0.6310221354
Kalunga2016,DeepConvNet,FM-Full_A-Eucl_AdaBN-F,11,0.25,0.5439453125
Kalunga2016,DeepConvNet,FM-Full_A-Eucl_AdaBN-F,2,0.265625,0.533203125
Kalunga2016,DeepConvNet,FM-Full_A-Eucl_AdaBN-F,4,0.25,0.5572916667
Kalunga2016,DeepConvNet,FM-Full_A-Eucl_AdaBN-F,5,0.203125,0.52734375
Kalunga2016,DeepConvNet,FM-Full_A-Eucl_AdaBN-F,7,0.34375,0.5791377315
Kalunga2016,DeepConvNet,FM-Full_A-Eucl_AdaBN-F,8,0.1875,0.4557291667
Kalunga2016,DeepConvNet,FM-Full_A-Eucl_AdaBN-F,12,0.275,0.5366145833
Kalunga2016,DeepConvNet,FM-Full_A-Eucl_AdaBN-T,1,0.125,0.3352864583
Kalunga2016,DeepConvNet,FM-Full_A-Eucl_AdaBN-T,3,0.65625,0.8115234375
Kalunga2016,DeepConvNet,FM-Full_A-Eucl_AdaBN-T,6,0.359375,0.6692708333
Kalunga2016,DeepConvNet,FM-Full_A-Eucl_AdaBN-T,9,0.296875,0.50390625
Kalunga2016,DeepConvNet,FM-Full_A-Eucl_AdaBN-T,10,0.4921875,0.7138671875
Kalunga2016,DeepConvNet,FM-Full_A-Eucl_AdaBN-T,11,0.328125,0.5690104167
Kalunga2016,DeepConvNet,FM-Full_A-Eucl_AdaBN-T,2,0.296875,0.6194661458
Kalunga2016,DeepConvNet,FM-Full_A-Eucl_AdaBN-T,4,0.34375,0.6298828125
Kalunga2016,DeepConvNet,FM-Full_A-Eucl_AdaBN-T,5,0.375,0.5986328125
Kalunga2016,DeepConvNet,FM-Full_A-Eucl_AdaBN-T,7,0.375,0.623119213
Kalunga2016,DeepConvNet,FM-Full_A-Eucl_AdaBN-T,8,0.1875,0.5113932292
Kalunga2016,DeepConvNet,FM-Full_A-Eucl_AdaBN-T,12,0.3,0.5582291667
Kalunga2016,DeepConvNet,FM-Full_A-None_AdaBN-F,1,0.296875,0.4938151042
Kalunga2016,DeepConvNet,FM-Full_A-None_AdaBN-F,3,0.5,0.7272135417
Kalunga2016,DeepConvNet,FM-Full_A-None_AdaBN-F,6,0.34375,0.6497395833
Kalunga2016,DeepConvNet,FM-Full_A-None_AdaBN-F,9,0.21875,0.5074869792
Kalunga2016,DeepConvNet,FM-Full_A-None_AdaBN-F,10,0.328125,0.5927734375
Kalunga2016,DeepConvNet,FM-Full_A-None_AdaBN-F,11,0.28125,0.6136067708
Kalunga2016,DeepConvNet,FM-Full_A-None_AdaBN-F,2,0.296875,0.5680338542
Kalunga2016,DeepConvNet,FM-Full_A-None_AdaBN-F,4,0.3125,0.6455078125
Kalunga2016,DeepConvNet,FM-Full_A-None_AdaBN-F,5,0.265625,0.5358072917
Kalunga2016,DeepConvNet,FM-Full_A-None_AdaBN-F,7,0.3229166667,0.552662037
Kalunga2016,DeepConvNet,FM-Full_A-None_AdaBN-F,8,0.296875,0.5055338542
Kalunga2016,DeepConvNet,FM-Full_A-None_AdaBN-F,12,0.24375,0.5633854167
Kalunga2016,DeepConvNet,FM-Full_A-Riem_AdaBN-F,1,0.25,0.4820963542
Kalunga2016,DeepConvNet,FM-Full_A-Riem_AdaBN-F,3,0.453125,0.7415364583
Kalunga2016,DeepConvNet,FM-Full_A-Riem_AdaBN-F,6,0.34375,0.603515625
Kalunga2016,DeepConvNet,FM-Full_A-Riem_AdaBN-F,9,0.1875,0.4775390625
Kalunga2016,DeepConvNet,FM-Full_A-Riem_AdaBN-F,10,0.2890625,0.6270345052
Kalunga2016,DeepConvNet,FM-Full_A-Riem_AdaBN-F,11,0.265625,0.5641276042
Kalunga2016,DeepConvNet,FM-Full_A-Riem_AdaBN-F,2,0.28125,0.5543619792
Kalunga2016,DeepConvNet,FM-Full_A-Riem_AdaBN-F,4,0.28125,0.5559895833
Kalunga2016,DeepConvNet,FM-Full_A-Riem_AdaBN-F,5,0.3125,0.5289713542
Kalunga2016,DeepConvNet,FM-Full_A-Riem_AdaBN-F,7,0.28125,0.5679976852
Kalunga2016,DeepConvNet,FM-Full_A-Riem_AdaBN-F,8,0.234375,0.4567057292
Kalunga2016,DeepConvNet,FM-Full_A-Riem_AdaBN-F,12,0.2625,0.5336979167
Kalunga2016,DeepConvNet,FM-Full_A-Riem_AdaBN-T,1,0.125,0.3336588542
Kalunga2016,DeepConvNet,FM-Full_A-Riem_AdaBN-T,3,0.625,0.8059895833
Kalunga2016,DeepConvNet,FM-Full_A-Riem_AdaBN-T,6,0.359375,0.6666666667
Kalunga2016,DeepConvNet,FM-Full_A-Riem_AdaBN-T,9,0.328125,0.509765625
Kalunga2016,DeepConvNet,FM-Full_A-Riem_AdaBN-T,10,0.484375,0.7102050781
Kalunga2016,DeepConvNet,FM-Full_A-Riem_AdaBN-T,11,0.296875,0.5611979167
Kalunga2016,DeepConvNet,FM-Full_A-Riem_AdaBN-T,2,0.46875,0.7102864583
Kalunga2016,DeepConvNet,FM-Full_A-Riem_AdaBN-T,4,0.421875,0.63671875
Kalunga2016,DeepConvNet,FM-Full_A-Riem_AdaBN-T,5,0.375,0.6110026042
Kalunga2016,DeepConvNet,FM-Full_A-Riem_AdaBN-T,7,0.46875,0.650318287
Kalunga2016,DeepConvNet,FM-Full_A-Riem_AdaBN-T,8,0.265625,0.5048828125
Kalunga2016,DeepConvNet,FM-Full_A-Riem_AdaBN-T,12,0.275,0.54140625
Kalunga2016,DeepConvNet,FM-None_A-Eucl_AdaBN-T,1,0.09375,0.3616536458
Kalunga2016,DeepConvNet,FM-None_A-Eucl_AdaBN-T,3,0.703125,0.8170572917
Kalunga2016,DeepConvNet,FM-None_A-Eucl_AdaBN-T,6,0.359375,0.6276041667
Kalunga2016,DeepConvNet,FM-None_A-Eucl_AdaBN-T,9,0.375,0.5445963542
Kalunga2016,DeepConvNet,FM-None_A-Eucl_AdaBN-T,10,0.359375,0.5856119792
Kalunga2016,DeepConvNet,FM-None_A-Eucl_AdaBN-T,11,0.34375,0.5813802083
Kalunga2016,DeepConvNet,FM-None_A-Eucl_AdaBN-T,2,0.390625,0.5849609375
Kalunga2016,DeepConvNet,FM-None_A-Eucl_AdaBN-T,4,0.375,0.5947265625
Kalunga2016,DeepConvNet,FM-None_A-Eucl_AdaBN-T,5,0.328125,0.5458984375
Kalunga2016,DeepConvNet,FM-None_A-Eucl_AdaBN-T,7,0.40625,0.6354166667
Kalunga2016,DeepConvNet,FM-None_A-Eucl_AdaBN-T,8,0.234375,0.5576171875
Kalunga2016,DeepConvNet,FM-None_A-Eucl_AdaBN-T,12,0.275,0.5338020833
Kalunga2016,DeepConvNet,FM-None_A-None_AdaBN-F,1,0.25,0.4280598958
Kalunga2016,DeepConvNet,FM-None_A-None_AdaBN-F,3,0.375,0.7213541667
Kalunga2016,DeepConvNet,FM-None_A-None_AdaBN-F,6,0.34375,0.6852213542
Kalunga2016,DeepConvNet,FM-None_A-None_AdaBN-F,9,0.234375,0.5963541667
Kalunga2016,DeepConvNet,FM-None_A-None_AdaBN-F,10,0.265625,0.5458984375
Kalunga2016,DeepConvNet,FM-None_A-None_AdaBN-F,11,0.296875,0.5813802083
Kalunga2016,DeepConvNet,FM-None_A-None_AdaBN-F,2,0.265625,0.4951171875
Kalunga2016,DeepConvNet,FM-None_A-None_AdaBN-F,4,0.328125,0.6975911458
Kalunga2016,DeepConvNet,FM-None_A-None_AdaBN-F,5,0.28125,0.498046875
Kalunga2016,DeepConvNet,FM-None_A-None_AdaBN-F,7,0.2708333333,0.6166087963
Kalunga2016,DeepConvNet,FM-None_A-None_AdaBN-F,8,0.265625,0.5989583333
Kalunga2016,DeepConvNet,FM-None_A-None_AdaBN-F,12,0.2625,0.55484375
Kalunga2016,DeepConvNet,NoPre_FM-Full_A-Eucl_AdaBN-T,1,0.125,0.3961588542
Kalunga2016,DeepConvNet,NoPre_FM-Full_A-Eucl_AdaBN-T,3,0.25,0.4986979167
Kalunga2016,DeepConvNet,NoPre_FM-Full_A-Eucl_AdaBN-T,6,0.359375,0.6064453125
Kalunga2016,DeepConvNet,NoPre_FM-Full_A-Eucl_AdaBN-T,9,0.21875,0.462890625
Kalunga2016,DeepConvNet,NoPre_FM-Full_A-Eucl_AdaBN-T,10,0.3515625,0.6180013021
Kalunga2016,DeepConvNet,NoPre_FM-Full_A-Eucl_AdaBN-T,11,0.203125,0.4521484375
Kalunga2016,DeepConvNet,NoPre_FM-Full_A-Eucl_AdaBN-T,2,0.390625,0.6969401042
Kalunga2016,DeepConvNet,NoPre_FM-Full_A-Eucl_AdaBN-T,4,0.359375,0.599609375
Kalunga2016,DeepConvNet,NoPre_FM-Full_A-Eucl_AdaBN-T,5,0.296875,0.5074869792
Kalunga2016,DeepConvNet,NoPre_FM-Full_A-Eucl_AdaBN-T,7,0.2708333333,0.5415219907
Kalunga2016,DeepConvNet,NoPre_FM-Full_A-Eucl_AdaBN-T,8,0.28125,0.4889322917
Kalunga2016,DeepConvNet,NoPre_FM-Full_A-Eucl_AdaBN-T,12,0.23125,0.4831770833
Kalunga2016,DeepConvNet,NoPre_FM-Full_A-None_AdaBN-F,1,0.296875,0.5475260417
Kalunga2016,DeepConvNet,NoPre_FM-Full_A-None_AdaBN-F,3,0.171875,0.4057617188
Kalunga2016,DeepConvNet,NoPre_FM-Full_A-None_AdaBN-F,6,0.234375,0.5359700521
Kalunga2016,DeepConvNet,NoPre_FM-Full_A-None_AdaBN-F,9,0.25,0.5027669271
Kalunga2016,DeepConvNet,NoPre_FM-Full_A-None_AdaBN-F,10,0.2734375,0.5364990234
Kalunga2016,DeepConvNet,NoPre_FM-Full_A-None_AdaBN-F,11,0.25,0.5711263021
Kalunga2016,DeepConvNet,NoPre_FM-Full_A-None_AdaBN-F,2,0.28125,0.5543619792
Kalunga2016,DeepConvNet,NoPre_FM-Full_A-None_AdaBN-F,4,0.234375,0.48046875
Kalunga2016,DeepConvNet,NoPre_FM-Full_A-None_AdaBN-F,5,0.265625,0.5209960938
Kalunga2016,DeepConvNet,NoPre_FM-Full_A-None_AdaBN-F,7,0.2291666667,0.5120081019
Kalunga2016,DeepConvNet,NoPre_FM-Full_A-None_AdaBN-F,8,0.28125,0.5706380208
Kalunga2016,DeepConvNet,NoPre_FM-Full_A-None_AdaBN-F,12,0.25625,0.5093489583
Lee2019_MI,DeepConvNet,FM-Dec_A-Eucl_AdaBN-F,4,0.755,0.8537
Lee2019_MI,DeepConvNet,FM-Dec_A-Eucl_AdaBN-F,5,0.865,0.9328
Lee2019_MI,DeepConvNet,FM-Dec_A-Eucl_AdaBN-F,6,0.915,0.9777
Lee2019_MI,DeepConvNet,FM-Dec_A-Eucl_AdaBN-F,7,0.82,0.8977
Lee2019_MI,DeepConvNet,FM-Dec_A-Eucl_AdaBN-F,9,0.85,0.9127
Lee2019_MI,DeepConvNet,FM-Dec_A-Eucl_AdaBN-F,10,0.715,0.79175
Lee2019_MI,DeepConvNet,FM-Dec_A-Eucl_AdaBN-F,13,0.73,0.8148
Lee2019_MI,DeepConvNet,FM-Dec_A-Eucl_AdaBN-F,14,0.68,0.7455
Lee2019_MI,DeepConvNet,FM-Dec_A-Eucl_AdaBN-F,16,0.77,0.8691
Lee2019_MI,DeepConvNet,FM-Dec_A-Eucl_AdaBN-F,17,0.78,0.8558
Lee2019_MI,DeepConvNet,FM-Dec_A-Eucl_AdaBN-F,18,0.91,0.9761
Lee2019_MI,DeepConvNet,FM-Dec_A-Eucl_AdaBN-F,20,0.875,0.9484
Lee2019_MI,DeepConvNet,FM-Dec_A-Eucl_AdaBN-F,25,0.85,0.9474
Lee2019_MI,DeepConvNet,FM-Dec_A-Eucl_AdaBN-F,26,0.84,0.9162
Lee2019_MI,DeepConvNet,FM-Dec_A-Eucl_AdaBN-F,27,0.895,0.9573
Lee2019_MI,DeepConvNet,FM-Dec_A-Eucl_AdaBN-F,31,0.875,0.9542
Lee2019_MI,DeepConvNet,FM-Dec_A-Eucl_AdaBN-F,33,0.985,0.9988
Lee2019_MI,DeepConvNet,FM-Dec_A-Eucl_AdaBN-F,34,0.635,0.7115
Lee2019_MI,DeepConvNet,FM-Dec_A-Eucl_AdaBN-F,35,0.96,0.9892
Lee2019_MI,DeepConvNet,FM-Dec_A-Eucl_AdaBN-F,37,0.97,0.9918
Lee2019_MI,DeepConvNet,FM-Dec_A-Eucl_AdaBN-F,38,0.855,0.9148
Lee2019_MI,DeepConvNet,FM-Dec_A-Eucl_AdaBN-F,45,0.89,0.9713
Lee2019_MI,DeepConvNet,FM-Dec_A-Eucl_AdaBN-F,46,0.7,0.7873
Lee2019_MI,DeepConvNet,FM-Dec_A-Eucl_AdaBN-F,49,0.815,0.9138
Lee2019_MI,DeepConvNet,FM-Dec_A-Eucl_AdaBN-F,50,0.685,0.7982
Lee2019_MI,DeepConvNet,FM-Dec_A-Eucl_AdaBN-F,51,0.765,0.8871
Lee2019_MI,DeepConvNet,FM-Dec_A-Eucl_AdaBN-F,53,0.775,0.8414
Lee2019_MI,DeepConvNet,FM-Dec_A-Eucl_AdaBN-F,1,0.68,0.8677
Lee2019_MI,DeepConvNet,FM-Dec_A-Eucl_AdaBN-F,2,0.7,0.88935
Lee2019_MI,DeepConvNet,FM-Dec_A-Eucl_AdaBN-F,3,0.83,0.9777
Lee2019_MI,DeepConvNet,FM-Dec_A-Eucl_AdaBN-F,8,0.68,0.86065
Lee2019_MI,DeepConvNet,FM-Dec_A-Eucl_AdaBN-F,11,0.655,0.7195
Lee2019_MI,DeepConvNet,FM-Dec_A-Eucl_AdaBN-F,12,0.735,0.8668
Lee2019_MI,DeepConvNet,FM-Dec_A-Eucl_AdaBN-F,15,0.815,0.9526
Lee2019_MI,DeepConvNet,FM-Dec_A-Eucl_AdaBN-F,19,0.74,0.902
Lee2019_MI,DeepConvNet,FM-Dec_A-Eucl_AdaBN-F,21,0.775,0.9912
Lee2019_MI,DeepConvNet,FM-Dec_A-Eucl_AdaBN-F,22,0.63,0.8697
Lee2019_MI,DeepConvNet,FM-Dec_A-Eucl_AdaBN-F,23,0.64,0.87505
Lee2019_MI,DeepConvNet,FM-Dec_A-Eucl_AdaBN-F,24,0.685,0.86525
Lee2019_MI,DeepConvNet,FM-Dec_A-Eucl_AdaBN-F,28,0.76,0.97205
Lee2019_MI,DeepConvNet,FM-Dec_A-Eucl_AdaBN-F,29,0.685,0.8098
Lee2019_MI,DeepConvNet,FM-Dec_A-Eucl_AdaBN-F,30,0.78,0.9247
Lee2019_MI,DeepConvNet,FM-Dec_A-Eucl_AdaBN-F,32,0.825,0.9869
Lee2019_MI,DeepConvNet,FM-Dec_A-Eucl_AdaBN-F,36,0.93,0.9959
Lee2019_MI,DeepConvNet,FM-Dec_A-Eucl_AdaBN-F,39,0.725,0.8861
Lee2019_MI,DeepConvNet,FM-Dec_A-Eucl_AdaBN-F,40,0.73,0.9585
Lee2019_MI,DeepConvNet,FM-Dec_A-Eucl_AdaBN-F,41,0.75,0.9008
Lee2019_MI,DeepConvNet,FM-Dec_A-Eucl_AdaBN-F,42,0.64,0.8268
Lee2019_MI,DeepConvNet,FM-Dec_A-Eucl_AdaBN-F,43,0.72,0.9677
Lee2019_MI,DeepConvNet,FM-Dec_A-Eucl_AdaBN-F,44,0.77,0.912
Lee2019_MI,DeepConvNet,FM-Dec_A-Eucl_AdaBN-F,47,0.745,0.92335
Lee2019_MI,DeepConvNet,FM-Dec_A-Eucl_AdaBN-F,48,0.6,0.809
Lee2019_MI,DeepConvNet,FM-Dec_A-Eucl_AdaBN-F,52,0.725,0.9368
Lee2019_MI,DeepConvNet,FM-Dec_A-Eucl_AdaBN-F,54,0.63,0.8143
Lee2019_MI,DeepConvNet,FM-Dec_A-Eucl_AdaBN-T,4,0.77,0.8575
Lee2019_MI,DeepConvNet,FM-Dec_A-Eucl_AdaBN-T,5,0.905,0.9601
Lee2019_MI,DeepConvNet,FM-Dec_A-Eucl_AdaBN-T,6,0.925,0.975
Lee2019_MI,DeepConvNet,FM-Dec_A-Eucl_AdaBN-T,7,0.825,0.8973
Lee2019_MI,DeepConvNet,FM-Dec_A-Eucl_AdaBN-T,9,0.845,0.9111
Lee2019_MI,DeepConvNet,FM-Dec_A-Eucl_AdaBN-T,10,0.755,0.8413
Lee2019_MI,DeepConvNet,FM-Dec_A-Eucl_AdaBN-T,13,0.745,0.8403
Lee2019_MI,DeepConvNet,FM-Dec_A-Eucl_AdaBN-T,14,0.7,0.7553
Lee2019_MI,DeepConvNet,FM-Dec_A-Eucl_AdaBN-T,16,0.865,0.9361
Lee2019_MI,DeepConvNet,FM-Dec_A-Eucl_AdaBN-T,17,0.73,0.8484
Lee2019_MI,DeepConvNet,FM-Dec_A-Eucl_AdaBN-T,18,0.91,0.9708
Lee2019_MI,DeepConvNet,FM-Dec_A-Eucl_AdaBN-T,20,0.89,0.9571
Lee2019_MI,DeepConvNet,FM-Dec_A-Eucl_AdaBN-T,25,0.89,0.9474
Lee2019_MI,DeepConvNet,FM-Dec_A-Eucl_AdaBN-T,26,0.835,0.9164
Lee2019_MI,DeepConvNet,FM-Dec_A-Eucl_AdaBN-T,27,0.92,0.9648
Lee2019_MI,DeepConvNet,FM-Dec_A-Eucl_AdaBN-T,31,0.905,0.9576
Lee2019_MI,DeepConvNet,FM-Dec_A-Eucl_AdaBN-T,33,0.99,0.9998
Lee2019_MI,DeepConvNet,FM-Dec_A-Eucl_AdaBN-T,34,0.66,0.7244
Lee2019_MI,DeepConvNet,FM-Dec_A-Eucl_AdaBN-T,35,0.95,0.9888
Lee2019_MI,DeepConvNet,FM-Dec_A-Eucl_AdaBN-T,37,0.945,0.9871
Lee2019_MI,DeepConvNet,FM-Dec_A-Eucl_AdaBN-T,38,0.835,0.9026
Lee2019_MI,DeepConvNet,FM-Dec_A-Eucl_AdaBN-T,45,0.945,0.9802
Lee2019_MI,DeepConvNet,FM-Dec_A-Eucl_AdaBN-T,46,0.75,0.816
Lee2019_MI,DeepConvNet,FM-Dec_A-Eucl_AdaBN-T,49,0.825,0.9111
Lee2019_MI,DeepConvNet,FM-Dec_A-Eucl_AdaBN-T,50,0.72,0.7856
Lee2019_MI,DeepConvNet,FM-Dec_A-Eucl_AdaBN-T,51,0.755,0.87295
Lee2019_MI,DeepConvNet,FM-Dec_A-Eucl_AdaBN-T,53,0.765,0.8486
Lee2019_MI,DeepConvNet,FM-Dec_A-Eucl_AdaBN-T,1,0.795,0.8689
Lee2019_MI,DeepConvNet,FM-Dec_A-Eucl_AdaBN-T,2,0.84,0.9207
Lee2019_MI,DeepConvNet,FM-Dec_A-Eucl_AdaBN-T,3,0.935,0.986
Lee2019_MI,DeepConvNet,FM-Dec_A-Eucl_AdaBN-T,8,0.78,0.8737
Lee2019_MI,DeepConvNet,FM-Dec_A-Eucl_AdaBN-T,11,0.66,0.7394
Lee2019_MI,DeepConvNet,FM-Dec_A-Eucl_AdaBN-T,12,0.765,0.8797
Lee2019_MI,DeepConvNet,FM-Dec_A-Eucl_AdaBN-T,15,0.88,0.9463
Lee2019_MI,DeepConvNet,FM-Dec_A-Eucl_AdaBN-T,19,0.835,0.91
Lee2019_MI,DeepConvNet,FM-Dec_A-Eucl_AdaBN-T,21,0.975,0.9981
Lee2019_MI,DeepConvNet,FM-Dec_A-Eucl_AdaBN-T,22,0.795,0.8899
Lee2019_MI,DeepConvNet,FM-Dec_A-Eucl_AdaBN-T,23,0.8,0.8964
Lee2019_MI,DeepConvNet,FM-Dec_A-Eucl_AdaBN-T,24,0.815,0.8843
Lee2019_MI,DeepConvNet,FM-Dec_A-Eucl_AdaBN-T,28,0.94,0.989
Lee2019_MI,DeepConvNet,FM-Dec_A-Eucl_AdaBN-T,29,0.77,0.8565
Lee2019_MI,DeepConvNet,FM-Dec_A-Eucl_AdaBN-T,30,0.855,0.9346
Lee2019_MI,DeepConvNet,FM-Dec_A-Eucl_AdaBN-T,32,0.97,0.9853
Lee2019_MI,DeepConvNet,FM-Dec_A-Eucl_AdaBN-T,36,0.985,0.9984
Lee2019_MI,DeepConvNet,FM-Dec_A-Eucl_AdaBN-T,39,0.795,0.8939
Lee2019_MI,DeepConvNet,FM-Dec_A-Eucl_AdaBN-T,40,0.9,0.9669
Lee2019_MI,DeepConvNet,FM-Dec_A-Eucl_AdaBN-T,41,0.8,0.9038
Lee2019_MI,DeepConvNet,FM-Dec_A-Eucl_AdaBN-T,42,0.775,0.8362
Lee2019_MI,DeepConvNet,FM-Dec_A-Eucl_AdaBN-T,43,0.9,0.9779
Lee2019_MI,DeepConvNet,FM-Dec_A-Eucl_AdaBN-T,44,0.84,0.9343
Lee2019_MI,DeepConvNet,FM-Dec_A-Eucl_AdaBN-T,47,0.86,0.9347
Lee2019_MI,DeepConvNet,FM-Dec_A-Eucl_AdaBN-T,48,0.69,0.7786
Lee2019_MI,DeepConvNet,FM-Dec_A-Eucl_AdaBN-T,52,0.88,0.9456
Lee2019_MI,DeepConvNet,FM-Dec_A-Eucl_AdaBN-T,54,0.72,0.8153
Lee2019_MI,DeepConvNet,FM-Dec_A-None_AdaBN-F,4,0.655,0.7987
Lee2019_MI,DeepConvNet,FM-Dec_A-None_AdaBN-F,5,0.92,0.9697
Lee2019_MI,DeepConvNet,FM-Dec_A-None_AdaBN-F,6,0.895,0.9678
Lee2019_MI,DeepConvNet,FM-Dec_A-None_AdaBN-F,7,0.715,0.7934
Lee2019_MI,DeepConvNet,FM-Dec_A-None_AdaBN-F,9,0.845,0.9473
Lee2019_MI,DeepConvNet,FM-Dec_A-None_AdaBN-F,10,0.68,0.8038
Lee2019_MI,DeepConvNet,FM-Dec_A-None_AdaBN-F,13,0.69,0.8282
Lee2019_MI,DeepConvNet,FM-Dec_A-None_AdaBN-F,14,0.695,0.7614
Lee2019_MI,DeepConvNet,FM-Dec_A-None_AdaBN-F,16,0.805,0.8961
Lee2019_MI,DeepConvNet,FM-Dec_A-None_AdaBN-F,17,0.67,0.7332
Lee2019_MI,DeepConvNet,FM-Dec_A-None_AdaBN-F,18,0.89,0.994
Lee2019_MI,DeepConvNet,FM-Dec_A-None_AdaBN-F,20,0.815,0.9543
Lee2019_MI,DeepConvNet,FM-Dec_A-None_AdaBN-F,25,0.89,0.9723
Lee2019_MI,DeepConvNet,FM-Dec_A-None_AdaBN-F,26,0.855,0.9228
Lee2019_MI,DeepConvNet,FM-Dec_A-None_AdaBN-F,27,0.87,0.9554
Lee2019_MI,DeepConvNet,FM-Dec_A-None_AdaBN-F,31,0.9,0.9655
Lee2019_MI,DeepConvNet,FM-Dec_A-None_AdaBN-F,33,0.975,0.9979
Lee2019_MI,DeepConvNet,FM-Dec_A-None_AdaBN-F,34,0.645,0.6918
Lee2019_MI,DeepConvNet,FM-Dec_A-None_AdaBN-F,35,0.95,0.9874
Lee2019_MI,DeepConvNet,FM-Dec_A-None_AdaBN-F,37,0.965,0.9949
Lee2019_MI,DeepConvNet,FM-Dec_A-None_AdaBN-F,38,0.765,0.8567
Lee2019_MI,DeepConvNet,FM-Dec_A-None_AdaBN-F,45,0.91,0.9778
Lee2019_MI,DeepConvNet,FM-Dec_A-None_AdaBN-F,46,0.73,0.8023
Lee2019_MI,DeepConvNet,FM-Dec_A-None_AdaBN-F,49,0.83,0.9475
Lee2019_MI,DeepConvNet,FM-Dec_A-None_AdaBN-F,50,0.625,0.6835
Lee2019_MI,DeepConvNet,FM-Dec_A-None_AdaBN-F,51,0.8,0.8544
Lee2019_MI,DeepConvNet,FM-Dec_A-None_AdaBN-F,53,0.76,0.8477
Lee2019_MI,DeepConvNet,FM-Dec_A-None_AdaBN-F,1,0.735,0.7879
Lee2019_MI,DeepConvNet,FM-Dec_A-None_AdaBN-F,2,0.715,0.8726
Lee2019_MI,DeepConvNet,FM-Dec_A-None_AdaBN-F,3,0.825,0.9381
Lee2019_MI,DeepConvNet,FM-Dec_A-None_AdaBN-F,8,0.725,0.86
Lee2019_MI,DeepConvNet,FM-Dec_A-None_AdaBN-F,11,0.66,0.7397
Lee2019_MI,DeepConvNet,FM-Dec_A-None_AdaBN-F,12,0.74,0.8565
Lee2019_MI,DeepConvNet,FM-Dec_A-None_AdaBN-F,15,0.86,0.9572
Lee2019_MI,DeepConvNet,FM-Dec_A-None_AdaBN-F,19,0.775,0.9232
Lee2019_MI,DeepConvNet,FM-Dec_A-None_AdaBN-F,21,0.895,0.9951
Lee2019_MI,DeepConvNet,FM-Dec_A-None_AdaBN-F,22,0.625,0.7542
Lee2019_MI,DeepConvNet,FM-Dec_A-None_AdaBN-F,23,0.7,0.81425
Lee2019_MI,DeepConvNet,FM-Dec_A-None_AdaBN-F,24,0.745,0.8837
Lee2019_MI,DeepConvNet,FM-Dec_A-None_AdaBN-F,28,0.87,0.962
Lee2019_MI,DeepConvNet,FM-Dec_A-None_AdaBN-F,29,0.74,0.8347
Lee2019_MI,DeepConvNet,FM-Dec_A-None_AdaBN-F,30,0.835,0.9327
Lee2019_MI,DeepConvNet,FM-Dec_A-None_AdaBN-F,32,0.83,0.967
Lee2019_MI,DeepConvNet,FM-Dec_A-None_AdaBN-F,36,0.96,0.9954
Lee2019_MI,DeepConvNet,FM-Dec_A-None_AdaBN-F,39,0.8,0.8999
Lee2019_MI,DeepConvNet,FM-Dec_A-None_AdaBN-F,40,0.83,0.9607
Lee2019_MI,DeepConvNet,FM-Dec_A-None_AdaBN-F,41,0.73,0.8464
Lee2019_MI,DeepConvNet,FM-Dec_A-None_AdaBN-F,42,0.72,0.7887
Lee2019_MI,DeepConvNet,FM-Dec_A-None_AdaBN-F,43,0.785,0.9291
Lee2019_MI,DeepConvNet,FM-Dec_A-None_AdaBN-F,44,0.785,0.8766
Lee2019_MI,DeepConvNet,FM-Dec_A-None_AdaBN-F,47,0.835,0.9284
Lee2019_MI,DeepConvNet,FM-Dec_A-None_AdaBN-F,48,0.695,0.7408
Lee2019_MI,DeepConvNet,FM-Dec_A-None_AdaBN-F,52,0.785,0.8838
Lee2019_MI,DeepConvNet,FM-Dec_A-None_AdaBN-F,54,0.69,0.795
Lee2019_MI,DeepConvNet,FM-Dec_A-Riem_AdaBN-T,4,0.76,0.8318
Lee2019_MI,DeepConvNet,FM-Dec_A-Riem_AdaBN-T,5,0.895,0.94675
Lee2019_MI,DeepConvNet,FM-Dec_A-Riem_AdaBN-T,6,0.905,0.9705
Lee2019_MI,DeepConvNet,FM-Dec_A-Riem_AdaBN-T,7,0.82,0.9214
Lee2019_MI,DeepConvNet,FM-Dec_A-Riem_AdaBN-T,9,0.865,0.9371
Lee2019_MI,DeepConvNet,FM-Dec_A-Riem_AdaBN-T,10,0.775,0.8504
Lee2019_MI,DeepConvNet,FM-Dec_A-Riem_AdaBN-T,13,0.775,0.8552
Lee2019_MI,DeepConvNet,FM-Dec_A-Riem_AdaBN-T,14,0.74,0.7969
Lee2019_MI,DeepConvNet,FM-Dec_A-Riem_AdaBN-T,16,0.84,0.9304
Lee2019_MI,DeepConvNet,FM-Dec_A-Riem_AdaBN-T,17,0.815,0.8864
Lee2019_MI,DeepConvNet,FM-Dec_A-Riem_AdaBN-T,18,0.94,0.984
Lee2019_MI,DeepConvNet,FM-Dec_A-Riem_AdaBN-T,20,0.865,0.9444
Lee2019_MI,DeepConvNet,FM-Dec_A-Riem_AdaBN-T,25,0.87,0.938
Lee2019_MI,DeepConvNet,FM-Dec_A-Riem_AdaBN-T,26,0.84,0.9313
Lee2019_MI,DeepConvNet,FM-Dec_A-Riem_AdaBN-T,27,0.885,0.9536
Lee2019_MI,DeepConvNet,FM-Dec_A-Riem_AdaBN-T,31,0.895,0.9572
Lee2019_MI,DeepConvNet,FM-Dec_A-Riem_AdaBN-T,33,0.985,0.9987
Lee2019_MI,DeepConvNet,FM-Dec_A-Riem_AdaBN-T,34,0.63,0.7408
Lee2019_MI,DeepConvNet,FM-Dec_A-Riem_AdaBN-T,35,0.94,0.9833
Lee2019_MI,DeepConvNet,FM-Dec_A-Riem_AdaBN-T,37,0.935,0.9874
Lee2019_MI,DeepConvNet,FM-Dec_A-Riem_AdaBN-T,38,0.845,0.9272
Lee2019_MI,DeepConvNet,FM-Dec_A-Riem_AdaBN-T,45,0.95,0.9861
Lee2019_MI,DeepConvNet,FM-Dec_A-Riem_AdaBN-T,46,0.735,0.8074
Lee2019_MI,DeepConvNet,FM-Dec_A-Riem_AdaBN-T,49,0.82,0.9306
Lee2019_MI,DeepConvNet,FM-Dec_A-Riem_AdaBN-T,50,0.665,0.7724
Lee2019_MI,DeepConvNet,FM-Dec_A-Riem_AdaBN-T,51,0.815,0.8917
Lee2019_MI,DeepConvNet,FM-Dec_A-Riem_AdaBN-T,53,0.79,0.8712
Lee2019_MI,DeepConvNet,FM-Dec_A-Riem_AdaBN-T,1,0.765,0.8637
Lee2019_MI,DeepConvNet,FM-Dec_A-Riem_AdaBN-T,2,0.825,0.9142
Lee2019_MI,DeepConvNet,FM-Dec_A-Riem_AdaBN-T,3,0.95,0.9893
Lee2019_MI,DeepConvNet,FM-Dec_A-Riem_AdaBN-T,8,0.785,0.8701
Lee2019_MI,DeepConvNet,FM-Dec_A-Riem_AdaBN-T,11,0.695,0.7825
Lee2019_MI,DeepConvNet,FM-Dec_A-Riem_AdaBN-T,12,0.75,0.8645
Lee2019_MI,DeepConvNet,FM-Dec_A-Riem_AdaBN-T,15,0.895,0.9557
Lee2019_MI,DeepConvNet,FM-Dec_A-Riem_AdaBN-T,19,0.85,0.9258
Lee2019_MI,DeepConvNet,FM-Dec_A-Riem_AdaBN-T,21,0.94,0.994
Lee2019_MI,DeepConvNet,FM-Dec_A-Riem_AdaBN-T,22,0.785,0.8813
Lee2019_MI,DeepConvNet,FM-Dec_A-Riem_AdaBN-T,23,0.815,0.8964
Lee2019_MI,DeepConvNet,FM-Dec_A-Riem_AdaBN-T,24,0.8,0.9036
Lee2019_MI,DeepConvNet,FM-Dec_A-Riem_AdaBN-T,28,0.96,0.9941
Lee2019_MI,DeepConvNet,FM-Dec_A-Riem_AdaBN-T,29,0.745,0.8609
Lee2019_MI,DeepConvNet,FM-Dec_A-Riem_AdaBN-T,30,0.9,0.946
Lee2019_MI,DeepConvNet,FM-Dec_A-Riem_AdaBN-T,32,0.965,0.99255
Lee2019_MI,DeepConvNet,FM-Dec_A-Riem_AdaBN-T,36,0.985,0.9983
Lee2019_MI,DeepConvNet,FM-Dec_A-Riem_AdaBN-T,39,0.84,0.9017
Lee2019_MI,DeepConvNet,FM-Dec_A-Riem_AdaBN-T,40,0.84,0.9539
Lee2019_MI,DeepConvNet,FM-Dec_A-Riem_AdaBN-T,41,0.815,0.9158
Lee2019_MI,DeepConvNet,FM-Dec_A-Riem_AdaBN-T,42,0.79,0.8571
Lee2019_MI,DeepConvNet,FM-Dec_A-Riem_AdaBN-T,43,0.89,0.9664
Lee2019_MI,DeepConvNet,FM-Dec_A-Riem_AdaBN-T,44,0.86,0.9343
Lee2019_MI,DeepConvNet,FM-Dec_A-Riem_AdaBN-T,47,0.855,0.9253
Lee2019_MI,DeepConvNet,FM-Dec_A-Riem_AdaBN-T,48,0.715,0.7889
Lee2019_MI,DeepConvNet,FM-Dec_A-Riem_AdaBN-T,52,0.82,0.92745
Lee2019_MI,DeepConvNet,FM-Dec_A-Riem_AdaBN-T,54,0.74,0.833
Lee2019_MI,DeepConvNet,FM-Full_A-Eucl_AdaBN-F,4,0.79,0.8824
Lee2019_MI,DeepConvNet,FM-Full_A-Eucl_AdaBN-F,5,0.91,0.9722
Lee2019_MI,DeepConvNet,FM-Full_A-Eucl_AdaBN-F,6,0.92,0.9811
Lee2019_MI,DeepConvNet,FM-Full_A-Eucl_AdaBN-F,7,0.865,0.9377
Lee2019_MI,DeepConvNet,FM-Full_A-Eucl_AdaBN-F,9,0.845,0.9278
Lee2019_MI,DeepConvNet,FM-Full_A-Eucl_AdaBN-F,10,0.75,0.85035
Lee2019_MI,DeepConvNet,FM-Full_A-Eucl_AdaBN-F,13,0.79,0.8485
Lee2019_MI,DeepConvNet,FM-Full_A-Eucl_AdaBN-F,14,0.74,0.7912
Lee2019_MI,DeepConvNet,FM-Full_A-Eucl_AdaBN-F,16,0.81,0.9157
Lee2019_MI,DeepConvNet,FM-Full_A-Eucl_AdaBN-F,17,0.85,0.9025
Lee2019_MI,DeepConvNet,FM-Full_A-Eucl_AdaBN-F,18,0.92,0.9861
Lee2019_MI,DeepConvNet,FM-Full_A-Eucl_AdaBN-F,20,0.895,0.9631
Lee2019_MI,DeepConvNet,FM-Full_A-Eucl_AdaBN-F,25,0.89,0.9673
Lee2019_MI,DeepConvNet,FM-Full_A-Eucl_AdaBN-F,26,0.855,0.9367
Lee2019_MI,DeepConvNet,FM-Full_A-Eucl_AdaBN-F,27,0.895,0.9661
Lee2019_MI,DeepConvNet,FM-Full_A-Eucl_AdaBN-F,31,0.9,0.9633
Lee2019_MI,DeepConvNet,FM-Full_A-Eucl_AdaBN-F,33,0.985,0.9993
Lee2019_MI,DeepConvNet,FM-Full_A-Eucl_AdaBN-F,34,0.7,0.7495
Lee2019_MI,DeepConvNet,FM-Full_A-Eucl_AdaBN-F,35,0.975,0.995
Lee2019_MI,DeepConvNet,FM-Full_A-Eucl_AdaBN-F,37,0.975,0.9939
Lee2019_MI,DeepConvNet,FM-Full_A-Eucl_AdaBN-F,38,0.84,0.9295
Lee2019_MI,DeepConvNet,FM-Full_A-Eucl_AdaBN-F,45,0.965,0.9863
Lee2019_MI,DeepConvNet,FM-Full_A-Eucl_AdaBN-F,46,0.765,0.8454
Lee2019_MI,DeepConvNet,FM-Full_A-Eucl_AdaBN-F,49,0.85,0.9437
Lee2019_MI,DeepConvNet,FM-Full_A-Eucl_AdaBN-F,50,0.73,0.8282
Lee2019_MI,DeepConvNet,FM-Full_A-Eucl_AdaBN-F,51,0.81,0.8906
Lee2019_MI,DeepConvNet,FM-Full_A-Eucl_AdaBN-F,53,0.81,0.882
Lee2019_MI,DeepConvNet,FM-Full_A-Eucl_AdaBN-F,1,0.745,0.8854
Lee2019_MI,DeepConvNet,FM-Full_A-Eucl_AdaBN-F,2,0.775,0.9265
Lee2019_MI,DeepConvNet,FM-Full_A-Eucl_AdaBN-F,3,0.91,0.98975
Lee2019_MI,DeepConvNet,FM-Full_A-Eucl_AdaBN-F,8,0.755,0.9059
Lee2019_MI,DeepConvNet,FM-Full_A-Eucl_AdaBN-F,11,0.695,0.79735
Lee2019_MI,DeepConvNet,FM-Full_A-Eucl_AdaBN-F,12,0.765,0.9021
Lee2019_MI,DeepConvNet,FM-Full_A-Eucl_AdaBN-F,15,0.815,0.9557
Lee2019_MI,DeepConvNet,FM-Full_A-Eucl_AdaBN-F,19,0.77,0.9377
Lee2019_MI,DeepConvNet,FM-Full_A-Eucl_AdaBN-F,21,0.895,0.9962
Lee2019_MI,DeepConvNet,FM-Full_A-Eucl_AdaBN-F,22,0.745,0.90925
Lee2019_MI,DeepConvNet,FM-Full_A-Eucl_AdaBN-F,23,0.715,0.908
Lee2019_MI,DeepConvNet,FM-Full_A-Eucl_AdaBN-F,24,0.765,0.90375
Lee2019_MI,DeepConvNet,FM-Full_A-Eucl_AdaBN-F,28,0.87,0.985
Lee2019_MI,DeepConvNet,FM-Full_A-Eucl_AdaBN-F,29,0.75,0.9345
Lee2019_MI,DeepConvNet,FM-Full_A-Eucl_AdaBN-F,30,0.85,0.9427
Lee2019_MI,DeepConvNet,FM-Full_A-Eucl_AdaBN-F,32,0.91,0.99165
Lee2019_MI,DeepConvNet,FM-Full_A-Eucl_AdaBN-F,36,0.97,0.9987
Lee2019_MI,DeepConvNet,FM-Full_A-Eucl_AdaBN-F,39,0.83,0.9238
Lee2019_MI,DeepConvNet,FM-Full_A-Eucl_AdaBN-F,40,0.795,0.9638
Lee2019_MI,DeepConvNet,FM-Full_A-Eucl_AdaBN-F,41,0.77,0.93115
Lee2019_MI,DeepConvNet,FM-Full_A-Eucl_AdaBN-F,42,0.685,0.8559
Lee2019_MI,DeepConvNet,FM-Full_A-Eucl_AdaBN-F,43,0.795,0.97885
Lee2019_MI,DeepConvNet,FM-Full_A-Eucl_AdaBN-F,44,0.86,0.962
Lee2019_MI,DeepConvNet,FM-Full_A-Eucl_AdaBN-F,47,0.825,0.9418
Lee2019_MI,DeepConvNet,FM-Full_A-Eucl_AdaBN-F,48,0.6,0.7984
Lee2019_MI,DeepConvNet,FM-Full_A-Eucl_AdaBN-F,52,0.815,0.9554
Lee2019_MI,DeepConvNet,FM-Full_A-Eucl_AdaBN-F,54,0.64,0.8536
Lee2019_MI,DeepConvNet,FM-Full_A-Eucl_AdaBN-T,4,0.815,0.8875
Lee2019_MI,DeepConvNet,FM-Full_A-Eucl_AdaBN-T,5,0.925,0.974
Lee2019_MI,DeepConvNet,FM-Full_A-Eucl_AdaBN-T,6,0.94,0.9818
Lee2019_MI,DeepConvNet,FM-Full_A-Eucl_AdaBN-T,7,0.85,0.9186
Lee2019_MI,DeepConvNet,FM-Full_A-Eucl_AdaBN-T,9,0.875,0.9328
Lee2019_MI,DeepConvNet,FM-Full_A-Eucl_AdaBN-T,10,0.77,0.851
Lee2019_MI,DeepConvNet,FM-Full_A-Eucl_AdaBN-T,13,0.79,0.8582
Lee2019_MI,DeepConvNet,FM-Full_A-Eucl_AdaBN-T,14,0.77,0.799
Lee2019_MI,DeepConvNet,FM-Full_A-Eucl_AdaBN-T,16,0.86,0.945
Lee2019_MI,DeepConvNet,FM-Full_A-Eucl_AdaBN-T,17,0.85,0.908
Lee2019_MI,DeepConvNet,FM-Full_A-Eucl_AdaBN-T,18,0.935,0.9837
Lee2019_MI,DeepConvNet,FM-Full_A-Eucl_AdaBN-T,20,0.88,0.9536
Lee2019_MI,DeepConvNet,FM-Full_A-Eucl_AdaBN-T,25,0.91,0.9664
Lee2019_MI,DeepConvNet,FM-Full_A-Eucl_AdaBN-T,26,0.87,0.9495
Lee2019_MI,DeepConvNet,FM-Full_A-Eucl_AdaBN-T,27,0.925,0.9764
Lee2019_MI,DeepConvNet,FM-Full_A-Eucl_AdaBN-T,31,0.895,0.9652
Lee2019_MI,DeepConvNet,FM-Full_A-Eucl_AdaBN-T,33,0.985,0.9992
Lee2019_MI,DeepConvNet,FM-Full_A-Eucl_AdaBN-T,34,0.715,0.7707
Lee2019_MI,DeepConvNet,FM-Full_A-Eucl_AdaBN-T,35,0.96,0.9924
Lee2019_MI,DeepConvNet,FM-Full_A-Eucl_AdaBN-T,37,0.96,0.9924
Lee2019_MI,DeepConvNet,FM-Full_A-Eucl_AdaBN-T,38,0.855,0.9424
Lee2019_MI,DeepConvNet,FM-Full_A-Eucl_AdaBN-T,45,0.955,0.9833
Lee2019_MI,DeepConvNet,FM-Full_A-Eucl_AdaBN-T,46,0.78,0.8531
Lee2019_MI,DeepConvNet,FM-Full_A-Eucl_AdaBN-T,49,0.87,0.9463
Lee2019_MI,DeepConvNet,FM-Full_A-Eucl_AdaBN-T,50,0.73,0.8308
Lee2019_MI,DeepConvNet,FM-Full_A-Eucl_AdaBN-T,51,0.805,0.8784
Lee2019_MI,DeepConvNet,FM-Full_A-Eucl_AdaBN-T,53,0.805,0.8761
Lee2019_MI,DeepConvNet,FM-Full_A-Eucl_AdaBN-T,1,0.795,0.8914
Lee2019_MI,DeepConvNet,FM-Full_A-Eucl_AdaBN-T,2,0.875,0.9533
Lee2019_MI,DeepConvNet,FM-Full_A-Eucl_AdaBN-T,3,0.935,0.9916
Lee2019_MI,DeepConvNet,FM-Full_A-Eucl_AdaBN-T,8,0.815,0.9198
Lee2019_MI,DeepConvNet,FM-Full_A-Eucl_AdaBN-T,11,0.715,0.8004
Lee2019_MI,DeepConvNet,FM-Full_A-Eucl_AdaBN-T,12,0.815,0.9011
Lee2019_MI,DeepConvNet,FM-Full_A-Eucl_AdaBN-T,15,0.93,0.9741
Lee2019_MI,DeepConvNet,FM-Full_A-Eucl_AdaBN-T,19,0.865,0.9307
Lee2019_MI,DeepConvNet,FM-Full_A-Eucl_AdaBN-T,21,0.98,0.999
Lee2019_MI,DeepConvNet,FM-Full_A-Eucl_AdaBN-T,22,0.855,0.9146
Lee2019_MI,DeepConvNet,FM-Full_A-Eucl_AdaBN-T,23,0.84,0.9287
Lee2019_MI,DeepConvNet,FM-Full_A-Eucl_AdaBN-T,24,0.85,0.9357
Lee2019_MI,DeepConvNet,FM-Full_A-Eucl_AdaBN-T,28,0.95,0.9908
Lee2019_MI,DeepConvNet,FM-Full_A-Eucl_AdaBN-T,29,0.895,0.9655
Lee2019_MI,DeepConvNet,FM-Full_A-Eucl_AdaBN-T,30,0.89,0.9472
Lee2019_MI,DeepConvNet,FM-Full_A-Eucl_AdaBN-T,32,0.965,0.9909
Lee2019_MI,DeepConvNet,FM-Full_A-Eucl_AdaBN-T,36,0.99,0.9985
Lee2019_MI,DeepConvNet,FM-Full_A-Eucl_AdaBN-T,39,0.84,0.9324
Lee2019_MI,DeepConvNet,FM-Full_A-Eucl_AdaBN-T,40,0.91,0.9701
Lee2019_MI,DeepConvNet,FM-Full_A-Eucl_AdaBN-T,41,0.83,0.918
Lee2019_MI,DeepConvNet,FM-Full_A-Eucl_AdaBN-T,42,0.8,0.8554
Lee2019_MI,DeepConvNet,FM-Full_A-Eucl_AdaBN-T,43,0.92,0.9846
Lee2019_MI,DeepConvNet,FM-Full_A-Eucl_AdaBN-T,44,0.89,0.9703
Lee2019_MI,DeepConvNet,FM-Full_A-Eucl_AdaBN-T,47,0.885,0.9492
Lee2019_MI,DeepConvNet,FM-Full_A-Eucl_AdaBN-T,48,0.755,0.8157
Lee2019_MI,DeepConvNet,FM-Full_A-Eucl_AdaBN-T,52,0.91,0.9623
Lee2019_MI,DeepConvNet,FM-Full_A-Eucl_AdaBN-T,54,0.77,0.858
Lee2019_MI,DeepConvNet,FM-Full_A-None_AdaBN-F,4,0.71,0.8136
Lee2019_MI,DeepConvNet,FM-Full_A-None_AdaBN-F,5,0.935,0.9763
Lee2019_MI,DeepConvNet,FM-Full_A-None_AdaBN-F,6,0.91,0.9782
Lee2019_MI,DeepConvNet,FM-Full_A-None_AdaBN-F,7,0.73,0.8501
Lee2019_MI,DeepConvNet,FM-Full_A-None_AdaBN-F,9,0.88,0.9542
Lee2019_MI,DeepConvNet,FM-Full_A-None_AdaBN-F,10,0.775,0.846
Lee2019_MI,DeepConvNet,FM-Full_A-None_AdaBN-F,13,0.76,0.832
Lee2019_MI,DeepConvNet,FM-Full_A-None_AdaBN-F,14,0.725,0.7845
Lee2019_MI,DeepConvNet,FM-Full_A-None_AdaBN-F,16,0.845,0.9112
Lee2019_MI,DeepConvNet,FM-Full_A-None_AdaBN-F,17,0.7,0.7685
Lee2019_MI,DeepConvNet,FM-Full_A-None_AdaBN-F,18,0.96,0.9925
Lee2019_MI,DeepConvNet,FM-Full_A-None_AdaBN-F,20,0.89,0.9649
Lee2019_MI,DeepConvNet,FM-Full_A-None_AdaBN-F,25,0.92,0.9761
Lee2019_MI,DeepConvNet,FM-Full_A-None_AdaBN-F,26,0.86,0.9433
Lee2019_MI,DeepConvNet,FM-Full_A-None_AdaBN-F,27,0.89,0.9665
Lee2019_MI,DeepConvNet,FM-Full_A-None_AdaBN-F,31,0.875,0.9538
Lee2019_MI,DeepConvNet,FM-Full_A-None_AdaBN-F,33,0.965,0.9973
Lee2019_MI,DeepConvNet,FM-Full_A-None_AdaBN-F,34,0.665,0.7624
Lee2019_MI,DeepConvNet,FM-Full_A-None_AdaBN-F,35,0.955,0.9923
Lee2019_MI,DeepConvNet,FM-Full_A-None_AdaBN-F,37,0.965,0.9939
Lee2019_MI,DeepConvNet,FM-Full_A-None_AdaBN-F,38,0.72,0.8571
Lee2019_MI,DeepConvNet,FM-Full_A-None_AdaBN-F,45,0.91,0.984
Lee2019_MI,DeepConvNet,FM-Full_A-None_AdaBN-F,46,0.745,0.8027
Lee2019_MI,DeepConvNet,FM-Full_A-None_AdaBN-F,49,0.86,0.9616
Lee2019_MI,DeepConvNet,FM-Full_A-None_AdaBN-F,50,0.625,0.7374
Lee2019_MI,DeepConvNet,FM-Full_A-None_AdaBN-F,51,0.795,0.8551
Lee2019_MI,DeepConvNet,FM-Full_A-None_AdaBN-F,53,0.775,0.8814
Lee2019_MI,DeepConvNet,FM-Full_A-None_AdaBN-F,1,0.735,0.7911
Lee2019_MI,DeepConvNet,FM-Full_A-None_AdaBN-F,2,0.795,0.88725
Lee2019_MI,DeepConvNet,FM-Full_A-None_AdaBN-F,3,0.85,0.9554
Lee2019_MI,DeepConvNet,FM-Full_A-None_AdaBN-F,8,0.785,0.8898
Lee2019_MI,DeepConvNet,FM-Full_A-None_AdaBN-F,11,0.67,0.7848
Lee2019_MI,DeepConvNet,FM-Full_A-None_AdaBN-F,12,0.79,0.8974
Lee2019_MI,DeepConvNet,FM-Full_A-None_AdaBN-F,15,0.86,0.964
Lee2019_MI,DeepConvNet,FM-Full_A-None_AdaBN-F,19,0.775,0.92495
Lee2019_MI,DeepConvNet,FM-Full_A-None_AdaBN-F,21,0.925,0.9953
Lee2019_MI,DeepConvNet,FM-Full_A-None_AdaBN-F,22,0.66,0.7562
Lee2019_MI,DeepConvNet,FM-Full_A-None_AdaBN-F,23,0.775,0.8532
Lee2019_MI,DeepConvNet,FM-Full_A-None_AdaBN-F,24,0.835,0.9144
Lee2019_MI,DeepConvNet,FM-Full_A-None_AdaBN-F,28,0.91,0.9696
Lee2019_MI,DeepConvNet,FM-Full_A-None_AdaBN-F,29,0.78,0.9146
Lee2019_MI,DeepConvNet,FM-Full_A-None_AdaBN-F,30,0.86,0.9463
Lee2019_MI,DeepConvNet,FM-Full_A-None_AdaBN-F,32,0.865,0.9868
Lee2019_MI,DeepConvNet,FM-Full_A-None_AdaBN-F,36,0.98,0.9962
Lee2019_MI,DeepConvNet,FM-Full_A-None_AdaBN-F,39,0.815,0.9147
Lee2019_MI,DeepConvNet,FM-Full_A-None_AdaBN-F,40,0.865,0.9671
Lee2019_MI,DeepConvNet,FM-Full_A-None_AdaBN-F,41,0.74,0.876
Lee2019_MI,DeepConvNet,FM-Full_A-None_AdaBN-F,42,0.71,0.7916
Lee2019_MI,DeepConvNet,FM-Full_A-None_AdaBN-F,43,0.815,0.9452
Lee2019_MI,DeepConvNet,FM-Full_A-None_AdaBN-F,44,0.855,0.92825
Lee2019_MI,DeepConvNet,FM-Full_A-None_AdaBN-F,47,0.845,0.9338
Lee2019_MI,DeepConvNet,FM-Full_A-None_AdaBN-F,48,0.71,0.7685
Lee2019_MI,DeepConvNet,FM-Full_A-None_AdaBN-F,52,0.845,0.9356
Lee2019_MI,DeepConvNet,FM-Full_A-None_AdaBN-F,54,0.715,0.8511
Lee2019_MI,DeepConvNet,FM-Full_A-Riem_AdaBN-F,4,0.77,0.8481
Lee2019_MI,DeepConvNet,FM-Full_A-Riem_AdaBN-F,5,0.91,0.9561
Lee2019_MI,DeepConvNet,FM-Full_A-Riem_AdaBN-F,6,0.945,0.9832
Lee2019_MI,DeepConvNet,FM-Full_A-Riem_AdaBN-F,7,0.845,0.9392
Lee2019_MI,DeepConvNet,FM-Full_A-Riem_AdaBN-F,9,0.85,0.9307
Lee2019_MI,DeepConvNet,FM-Full_A-Riem_AdaBN-F,10,0.775,0.8549
Lee2019_MI,DeepConvNet,FM-Full_A-Riem_AdaBN-F,13,0.735,0.835
Lee2019_MI,DeepConvNet,FM-Full_A-Riem_AdaBN-F,14,0.755,0.8046
Lee2019_MI,DeepConvNet,FM-Full_A-Riem_AdaBN-F,16,0.805,0.9244
Lee2019_MI,DeepConvNet,FM-Full_A-Riem_AdaBN-F,17,0.83,0.9184
Lee2019_MI,DeepConvNet,FM-Full_A-Riem_AdaBN-F,18,0.94,0.9845
Lee2019_MI,DeepConvNet,FM-Full_A-Riem_AdaBN-F,20,0.915,0.9626
Lee2019_MI,DeepConvNet,FM-Full_A-Riem_AdaBN-F,25,0.905,0.9688
Lee2019_MI,DeepConvNet,FM-Full_A-Riem_AdaBN-F,26,0.85,0.9362
Lee2019_MI,DeepConvNet,FM-Full_A-Riem_AdaBN-F,27,0.89,0.9653
Lee2019_MI,DeepConvNet,FM-Full_A-Riem_AdaBN-F,31,0.885,0.9608
Lee2019_MI,DeepConvNet,FM-Full_A-Riem_AdaBN-F,33,0.97,0.9995
Lee2019_MI,DeepConvNet,FM-Full_A-Riem_AdaBN-F,34,0.7,0.7588
Lee2019_MI,DeepConvNet,FM-Full_A-Riem_AdaBN-F,35,0.96,0.9902
Lee2019_MI,DeepConvNet,FM-Full_A-Riem_AdaBN-F,37,0.965,0.989
Lee2019_MI,DeepConvNet,FM-Full_A-Riem_AdaBN-F,38,0.86,0.9394
Lee2019_MI,DeepConvNet,FM-Full_A-Riem_AdaBN-F,45,0.955,0.9882
Lee2019_MI,DeepConvNet,FM-Full_A-Riem_AdaBN-F,46,0.75,0.8128
Lee2019_MI,DeepConvNet,FM-Full_A-Riem_AdaBN-F,49,0.83,0.9333
Lee2019_MI,DeepConvNet,FM-Full_A-Riem_AdaBN-F,50,0.75,0.8235
Lee2019_MI,DeepConvNet,FM-Full_A-Riem_AdaBN-F,51,0.785,0.8956
Lee2019_MI,DeepConvNet,FM-Full_A-Riem_AdaBN-F,53,0.82,0.8933
Lee2019_MI,DeepConvNet,FM-Full_A-Riem_AdaBN-F,1,0.735,0.88645
Lee2019_MI,DeepConvNet,FM-Full_A-Riem_AdaBN-F,2,0.81,0.9143
Lee2019_MI,DeepConvNet,FM-Full_A-Riem_AdaBN-F,3,0.93,0.9951
Lee2019_MI,DeepConvNet,FM-Full_A-Riem_AdaBN-F,8,0.735,0.89675
Lee2019_MI,DeepConvNet,FM-Full_A-Riem_AdaBN-F,11,0.74,0.8044
Lee2019_MI,DeepConvNet,FM-Full_A-Riem_AdaBN-F,12,0.715,0.8801
Lee2019_MI,DeepConvNet,FM-Full_A-Riem_AdaBN-F,15,0.855,0.9581
Lee2019_MI,DeepConvNet,FM-Full_A-Riem_AdaBN-F,19,0.795,0.9417
Lee2019_MI,DeepConvNet,FM-Full_A-Riem_AdaBN-F,21,0.895,0.9955
Lee2019_MI,DeepConvNet,FM-Full_A-Riem_AdaBN-F,22,0.745,0.9134
Lee2019_MI,DeepConvNet,FM-Full_A-Riem_AdaBN-F,23,0.735,0.89655
Lee2019_MI,DeepConvNet,FM-Full_A-Riem_AdaBN-F,24,0.775,0.9199
Lee2019_MI,DeepConvNet,FM-Full_A-Riem_AdaBN-F,28,0.885,0.9875
Lee2019_MI,DeepConvNet,FM-Full_A-Riem_AdaBN-F,29,0.81,0.9432
Lee2019_MI,DeepConvNet,FM-Full_A-Riem_AdaBN-F,30,0.87,0.9541
Lee2019_MI,DeepConvNet,FM-Full_A-Riem_AdaBN-F,32,0.925,0.995
Lee2019_MI,DeepConvNet,FM-Full_A-Riem_AdaBN-F,36,0.97,0.9994
Lee2019_MI,DeepConvNet,FM-Full_A-Riem_AdaBN-F,39,0.835,0.9172
Lee2019_MI,DeepConvNet,FM-Full_A-Riem_AdaBN-F,40,0.8,0.9605
Lee2019_MI,DeepConvNet,FM-Full_A-Riem_AdaBN-F,41,0.795,0.9317
Lee2019_MI,DeepConvNet,FM-Full_A-Riem_AdaBN-F,42,0.725,0.8536
Lee2019_MI,DeepConvNet,FM-Full_A-Riem_AdaBN-F,43,0.775,0.96345
Lee2019_MI,DeepConvNet,FM-Full_A-Riem_AdaBN-F,44,0.875,0.9585
Lee2019_MI,DeepConvNet,FM-Full_A-Riem_AdaBN-F,47,0.825,0.9249
Lee2019_MI,DeepConvNet,FM-Full_A-Riem_AdaBN-F,48,0.645,0.79205
Lee2019_MI,DeepConvNet,FM-Full_A-Riem_AdaBN-F,52,0.815,0.937
Lee2019_MI,DeepConvNet,FM-Full_A-Riem_AdaBN-F,54,0.68,0.8455
Lee2019_MI,DeepConvNet,FM-Full_A-Riem_AdaBN-T,4,0.795,0.8721
Lee2019_MI,DeepConvNet,FM-Full_A-Riem_AdaBN-T,5,0.925,0.96765
Lee2019_MI,DeepConvNet,FM-Full_A-Riem_AdaBN-T,6,0.95,0.9845
Lee2019_MI,DeepConvNet,FM-Full_A-Riem_AdaBN-T,7,0.865,0.9383
Lee2019_MI,DeepConvNet,FM-Full_A-Riem_AdaBN-T,9,0.885,0.9364
Lee2019_MI,DeepConvNet,FM-Full_A-Riem_AdaBN-T,10,0.805,0.86995
Lee2019_MI,DeepConvNet,FM-Full_A-Riem_AdaBN-T,13,0.795,0.8709
Lee2019_MI,DeepConvNet,FM-Full_A-Riem_AdaBN-T,14,0.785,0.8468
Lee2019_MI,DeepConvNet,FM-Full_A-Riem_AdaBN-T,16,0.845,0.9402
Lee2019_MI,DeepConvNet,FM-Full_A-Riem_AdaBN-T,17,0.88,0.9245
Lee2019_MI,DeepConvNet,FM-Full_A-Riem_AdaBN-T,18,0.955,0.9898
Lee2019_MI,DeepConvNet,FM-Full_A-Riem_AdaBN-T,20,0.88,0.9626
Lee2019_MI,DeepConvNet,FM-Full_A-Riem_AdaBN-T,25,0.87,0.9557
Lee2019_MI,DeepConvNet,FM-Full_A-Riem_AdaBN-T,26,0.835,0.9375
Lee2019_MI,DeepConvNet,FM-Full_A-Riem_AdaBN-T,27,0.885,0.9634
Lee2019_MI,DeepConvNet,FM-Full_A-Riem_AdaBN-T,31,0.905,0.9666
Lee2019_MI,DeepConvNet,FM-Full_A-Riem_AdaBN-T,33,0.99,0.9983
Lee2019_MI,DeepConvNet,FM-Full_A-Riem_AdaBN-T,34,0.675,0.7676
Lee2019_MI,DeepConvNet,FM-Full_A-Riem_AdaBN-T,35,0.96,0.9909
Lee2019_MI,DeepConvNet,FM-Full_A-Riem_AdaBN-T,37,0.94,0.9872
Lee2019_MI,DeepConvNet,FM-Full_A-Riem_AdaBN-T,38,0.855,0.9392
Lee2019_MI,DeepConvNet,FM-Full_A-Riem_AdaBN-T,45,0.95,0.9892
Lee2019_MI,DeepConvNet,FM-Full_A-Riem_AdaBN-T,46,0.76,0.8385
Lee2019_MI,DeepConvNet,FM-Full_A-Riem_AdaBN-T,49,0.865,0.9485
Lee2019_MI,DeepConvNet,FM-Full_A-Riem_AdaBN-T,50,0.75,0.8445
Lee2019_MI,DeepConvNet,FM-Full_A-Riem_AdaBN-T,51,0.785,0.896
Lee2019_MI,DeepConvNet,FM-Full_A-Riem_AdaBN-T,53,0.81,0.8891
Lee2019_MI,DeepConvNet,FM-Full_A-Riem_AdaBN-T,1,0.795,0.8787
Lee2019_MI,DeepConvNet,FM-Full_A-Riem_AdaBN-T,2,0.835,0.9382
Lee2019_MI,DeepConvNet,FM-Full_A-Riem_AdaBN-T,3,0.945,0.9902
Lee2019_MI,DeepConvNet,FM-Full_A-Riem_AdaBN-T,8,0.81,0.9075
Lee2019_MI,DeepConvNet,FM-Full_A-Riem_AdaBN-T,11,0.755,0.8288
Lee2019_MI,DeepConvNet,FM-Full_A-Riem_AdaBN-T,12,0.79,0.8935
Lee2019_MI,DeepConvNet,FM-Full_A-Riem_AdaBN-T,15,0.91,0.9692
Lee2019_MI,DeepConvNet,FM-Full_A-Riem_AdaBN-T,19,0.845,0.93315
Lee2019_MI,DeepConvNet,FM-Full_A-Riem_AdaBN-T,21,0.965,0.9974
Lee2019_MI,DeepConvNet,FM-Full_A-Riem_AdaBN-T,22,0.85,0.9134
Lee2019_MI,DeepConvNet,FM-Full_A-Riem_AdaBN-T,23,0.865,0.9269
Lee2019_MI,DeepConvNet,FM-Full_A-Riem_AdaBN-T,24,0.835,0.9323
Lee2019_MI,DeepConvNet,FM-Full_A-Riem_AdaBN-T,28,0.965,0.9968
Lee2019_MI,DeepConvNet,FM-Full_A-Riem_AdaBN-T,29,0.875,0.9559
Lee2019_MI,DeepConvNet,FM-Full_A-Riem_AdaBN-T,30,0.905,0.956
Lee2019_MI,DeepConvNet,FM-Full_A-Riem_AdaBN-T,32,0.97,0.9954
Lee2019_MI,DeepConvNet,FM-Full_A-Riem_AdaBN-T,36,0.985,0.999
Lee2019_MI,DeepConvNet,FM-Full_A-Riem_AdaBN-T,39,0.855,0.9225
Lee2019_MI,DeepConvNet,FM-Full_A-Riem_AdaBN-T,40,0.9,0.9679
Lee2019_MI,DeepConvNet,FM-Full_A-Riem_AdaBN-T,41,0.825,0.9244
Lee2019_MI,DeepConvNet,FM-Full_A-Riem_AdaBN-T,42,0.805,0.8702
Lee2019_MI,DeepConvNet,FM-Full_A-Riem_AdaBN-T,43,0.925,0.9784
Lee2019_MI,DeepConvNet,FM-Full_A-Riem_AdaBN-T,44,0.885,0.9641
Lee2019_MI,DeepConvNet,FM-Full_A-Riem_AdaBN-T,47,0.88,0.9378
Lee2019_MI,DeepConvNet,FM-Full_A-Riem_AdaBN-T,48,0.725,0.7921
Lee2019_MI,DeepConvNet,FM-Full_A-Riem_AdaBN-T,52,0.865,0.9452
Lee2019_MI,DeepConvNet,FM-Full_A-Riem_AdaBN-T,54,0.8,0.8511
Lee2019_MI,DeepConvNet,FM-None_A-Eucl_AdaBN-T,4,0.74,0.8209
Lee2019_MI,DeepConvNet,FM-None_A-Eucl_AdaBN-T,5,0.825,0.92305
Lee2019_MI,DeepConvNet,FM-None_A-Eucl_AdaBN-T,6,0.88,0.9722
Lee2019_MI,DeepConvNet,FM-None_A-Eucl_AdaBN-T,7,0.79,0.8795
Lee2019_MI,DeepConvNet,FM-None_A-Eucl_AdaBN-T,9,0.825,0.9062
Lee2019_MI,DeepConvNet,FM-None_A-Eucl_AdaBN-T,10,0.735,0.8146
Lee2019_MI,DeepConvNet,FM-None_A-Eucl_AdaBN-T,13,0.795,0.8745
Lee2019_MI,DeepConvNet,FM-None_A-Eucl_AdaBN-T,14,0.665,0.7509
Lee2019_MI,DeepConvNet,FM-None_A-Eucl_AdaBN-T,16,0.82,0.9577
Lee2019_MI,DeepConvNet,FM-None_A-Eucl_AdaBN-T,17,0.77,0.8814
Lee2019_MI,DeepConvNet,FM-None_A-Eucl_AdaBN-T,18,0.91,0.9663
Lee2019_MI,DeepConvNet,FM-None_A-Eucl_AdaBN-T,20,0.885,0.9535
Lee2019_MI,DeepConvNet,FM-None_A-Eucl_AdaBN-T,25,0.815,0.9199
Lee2019_MI,DeepConvNet,FM-None_A-Eucl_AdaBN-T,26,0.82,0.9181
Lee2019_MI,DeepConvNet,FM-None_A-Eucl_AdaBN-T,27,0.885,0.9528
Lee2019_MI,DeepConvNet,FM-None_A-Eucl_AdaBN-T,31,0.885,0.963
Lee2019_MI,DeepConvNet,FM-None_A-Eucl_AdaBN-T,33,0.96,0.9961
Lee2019_MI,DeepConvNet,FM-None_A-Eucl_AdaBN-T,34,0.67,0.7019
Lee2019_MI,DeepConvNet,FM-None_A-Eucl_AdaBN-T,35,0.875,0.9718
Lee2019_MI,DeepConvNet,FM-None_A-Eucl_AdaBN-T,37,0.9,0.966
Lee2019_MI,DeepConvNet,FM-None_A-Eucl_AdaBN-T,38,0.81,0.8903
Lee2019_MI,DeepConvNet,FM-None_A-Eucl_AdaBN-T,45,0.945,0.9787
Lee2019_MI,DeepConvNet,FM-None_A-Eucl_AdaBN-T,46,0.785,0.8458
Lee2019_MI,DeepConvNet,FM-None_A-Eucl_AdaBN-T,49,0.775,0.8846
Lee2019_MI,DeepConvNet,FM-None_A-Eucl_AdaBN-T,50,0.715,0.8081
Lee2019_MI,DeepConvNet,FM-None_A-Eucl_AdaBN-T,51,0.755,0.8475
Lee2019_MI,DeepConvNet,FM-None_A-Eucl_AdaBN-T,53,0.78,0.8723
Lee2019_MI,DeepConvNet,FM-None_A-Eucl_AdaBN-T,1,0.735,0.8175
Lee2019_MI,DeepConvNet,FM-None_A-Eucl_AdaBN-T,2,0.88,0.9403
Lee2019_MI,DeepConvNet,FM-None_A-Eucl_AdaBN-T,3,0.905,0.9822
Lee2019_MI,DeepConvNet,FM-None_A-Eucl_AdaBN-T,8,0.77,0.85605
Lee2019_MI,DeepConvNet,FM-None_A-Eucl_AdaBN-T,11,0.635,0.78795
Lee2019_MI,DeepConvNet,FM-None_A-Eucl_AdaBN-T,12,0.81,0.903
Lee2019_MI,DeepConvNet,FM-None_A-Eucl_AdaBN-T,15,0.89,0.9419
Lee2019_MI,DeepConvNet,FM-None_A-Eucl_AdaBN-T,19,0.77,0.9254
Lee2019_MI,DeepConvNet,FM-None_A-Eucl_AdaBN-T,21,0.96,0.997
Lee2019_MI,DeepConvNet,FM-None_A-Eucl_AdaBN-T,22,0.82,0.9018
Lee2019_MI,DeepConvNet,FM-None_A-Eucl_AdaBN-T,23,0.745,0.8575
Lee2019_MI,DeepConvNet,FM-None_A-Eucl_AdaBN-T,24,0.775,0.8917
Lee2019_MI,DeepConvNet,FM-None_A-Eucl_AdaBN-T,28,0.905,0.9751
Lee2019_MI,DeepConvNet,FM-None_A-Eucl_AdaBN-T,29,0.785,0.8615
Lee2019_MI,DeepConvNet,FM-None_A-Eucl_AdaBN-T,30,0.83,0.9182
Lee2019_MI,DeepConvNet,FM-None_A-Eucl_AdaBN-T,32,0.915,0.9759
Lee2019_MI,DeepConvNet,FM-None_A-Eucl_AdaBN-T,36,0.99,0.998
Lee2019_MI,DeepConvNet,FM-None_A-Eucl_AdaBN-T,39,0.83,0.8987
Lee2019_MI,DeepConvNet,FM-None_A-Eucl_AdaBN-T,40,0.88,0.9687
Lee2019_MI,DeepConvNet,FM-None_A-Eucl_AdaBN-T,41,0.785,0.90195
Lee2019_MI,DeepConvNet,FM-None_A-Eucl_AdaBN-T,42,0.775,0.8625
Lee2019_MI,DeepConvNet,FM-None_A-Eucl_AdaBN-T,43,0.88,0.9697
Lee2019_MI,DeepConvNet,FM-None_A-Eucl_AdaBN-T,44,0.76,0.8845
Lee2019_MI,DeepConvNet,FM-None_A-Eucl_AdaBN-T,47,0.865,0.9433
Lee2019_MI,DeepConvNet,FM-None_A-Eucl_AdaBN-T,48,0.7,0.7978
Lee2019_MI,DeepConvNet,FM-None_A-Eucl_AdaBN-T,52,0.845,0.9292
Lee2019_MI,DeepConvNet,FM-None_A-Eucl_AdaBN-T,54,0.72,0.8295
Lee2019_MI,DeepConvNet,FM-None_A-None_AdaBN-F,4,0.69,0.7593
Lee2019_MI,DeepConvNet,FM-None_A-None_AdaBN-F,5,0.875,0.9585
Lee2019_MI,DeepConvNet,FM-None_A-None_AdaBN-F,6,0.825,0.9707
Lee2019_MI,DeepConvNet,FM-None_A-None_AdaBN-F,7,0.67,0.7596
Lee2019_MI,DeepConvNet,FM-None_A-None_AdaBN-F,9,0.855,0.9454
Lee2019_MI,DeepConvNet,FM-None_A-None_AdaBN-F,10,0.69,0.7642
Lee2019_MI,DeepConvNet,FM-None_A-None_AdaBN-F,13,0.715,0.8392
Lee2019_MI,DeepConvNet,FM-None_A-None_AdaBN-F,14,0.685,0.7549
Lee2019_MI,DeepConvNet,FM-None_A-None_AdaBN-F,16,0.74,0.9266
Lee2019_MI,DeepConvNet,FM-None_A-None_AdaBN-F,17,0.725,0.7839
Lee2019_MI,DeepConvNet,FM-None_A-None_AdaBN-F,18,0.875,0.9932
Lee2019_MI,DeepConvNet,FM-None_A-None_AdaBN-F,20,0.875,0.9702
Lee2019_MI,DeepConvNet,FM-None_A-None_AdaBN-F,25,0.875,0.9642
Lee2019_MI,DeepConvNet,FM-None_A-None_AdaBN-F,26,0.87,0.9484
Lee2019_MI,DeepConvNet,FM-None_A-None_AdaBN-F,27,0.905,0.9708
Lee2019_MI,DeepConvNet,FM-None_A-None_AdaBN-F,31,0.86,0.9646
Lee2019_MI,DeepConvNet,FM-None_A-None_AdaBN-F,33,0.97,0.9982
Lee2019_MI,DeepConvNet,FM-None_A-None_AdaBN-F,34,0.63,0.6916
Lee2019_MI,DeepConvNet,FM-None_A-None_AdaBN-F,35,0.935,0.9936
Lee2019_MI,DeepConvNet,FM-None_A-None_AdaBN-F,37,0.96,0.9935
Lee2019_MI,DeepConvNet,FM-None_A-None_AdaBN-F,38,0.63,0.8153
Lee2019_MI,DeepConvNet,FM-None_A-None_AdaBN-F,45,0.89,0.9668
Lee2019_MI,DeepConvNet,FM-None_A-None_AdaBN-F,46,0.665,0.8172
Lee2019_MI,DeepConvNet,FM-None_A-None_AdaBN-F,49,0.7,0.9395
Lee2019_MI,DeepConvNet,FM-None_A-None_AdaBN-F,50,0.53,0.6909
Lee2019_MI,DeepConvNet,FM-None_A-None_AdaBN-F,51,0.75,0.8088
Lee2019_MI,DeepConvNet,FM-None_A-None_AdaBN-F,53,0.805,0.8904
Lee2019_MI,DeepConvNet,FM-None_A-None_AdaBN-F,1,0.765,0.8459
Lee2019_MI,DeepConvNet,FM-None_A-None_AdaBN-F,2,0.765,0.9019
Lee2019_MI,DeepConvNet,FM-None_A-None_AdaBN-F,3,0.84,0.9448
Lee2019_MI,DeepConvNet,FM-None_A-None_AdaBN-F,8,0.79,0.8874
Lee2019_MI,DeepConvNet,FM-None_A-None_AdaBN-F,11,0.565,0.7706
Lee2019_MI,DeepConvNet,FM-None_A-None_AdaBN-F,12,0.75,0.9021
Lee2019_MI,DeepConvNet,FM-None_A-None_AdaBN-F,15,0.91,0.9629
Lee2019_MI,DeepConvNet,FM-None_A-None_AdaBN-F,19,0.645,0.924
Lee2019_MI,DeepConvNet,FM-None_A-None_AdaBN-F,21,0.88,0.9973
Lee2019_MI,DeepConvNet,FM-None_A-None_AdaBN-F,22,0.67,0.826
Lee2019_MI,DeepConvNet,FM-None_A-None_AdaBN-F,23,0.775,0.8472
Lee2019_MI,DeepConvNet,FM-None_A-None_AdaBN-F,24,0.775,0.8625
Lee2019_MI,DeepConvNet,FM-None_A-None_AdaBN-F,28,0.93,0.9789
Lee2019_MI,DeepConvNet,FM-None_A-None_AdaBN-F,29,0.675,0.8296
Lee2019_MI,DeepConvNet,FM-None_A-None_AdaBN-F,30,0.725,0.9352
Lee2019_MI,DeepConvNet,FM-None_A-None_AdaBN-F,32,0.795,0.9694
Lee2019_MI,DeepConvNet,FM-None_A-None_AdaBN-F,36,0.985,0.9994
Lee2019_MI,DeepConvNet,FM-None_A-None_AdaBN-F,39,0.755,0.9138
Lee2019_MI,DeepConvNet,FM-None_A-None_AdaBN-F,40,0.695,0.9593
Lee2019_MI,DeepConvNet,FM-None_A-None_AdaBN-F,41,0.575,0.9007
Lee2019_MI,DeepConvNet,FM-None_A-None_AdaBN-F,42,0.79,0.8655
Lee2019_MI,DeepConvNet,FM-None_A-None_AdaBN-F,43,0.78,0.9633
Lee2019_MI,DeepConvNet,FM-None_A-None_AdaBN-F,44,0.78,0.889
Lee2019_MI,DeepConvNet,FM-None_A-None_AdaBN-F,47,0.86,0.9623
Lee2019_MI,DeepConvNet,FM-None_A-None_AdaBN-F,48,0.72,0.7924
Lee2019_MI,DeepConvNet,FM-None_A-None_AdaBN-F,52,0.75,0.9007
Lee2019_MI,DeepConvNet,FM-None_A-None_AdaBN-F,54,0.665,0.8213
Lee2019_MI,DeepConvNet,NoPre_FM-Full_A-Eucl_AdaBN-T,4,0.57,0.5949
Lee2019_MI,DeepConvNet,NoPre_FM-Full_A-Eucl_AdaBN-T,5,0.53,0.5738
Lee2019_MI,DeepConvNet,NoPre_FM-Full_A-Eucl_AdaBN-T,6,0.75,0.8455
Lee2019_MI,DeepConvNet,NoPre_FM-Full_A-Eucl_AdaBN-T,7,0.62,0.6785
Lee2019_MI,DeepConvNet,NoPre_FM-Full_A-Eucl_AdaBN-T,9,0.51,0.4639
Lee2019_MI,DeepConvNet,NoPre_FM-Full_A-Eucl_AdaBN-T,10,0.58,0.5923
Lee2019_MI,DeepConvNet,NoPre_FM-Full_A-Eucl_AdaBN-T,13,0.575,0.5501
Lee2019_MI,DeepConvNet,NoPre_FM-Full_A-Eucl_AdaBN-T,14,0.525,0.5491
Lee2019_MI,DeepConvNet,NoPre_FM-Full_A-Eucl_AdaBN-T,16,0.62,0.661
Lee2019_MI,DeepConvNet,NoPre_FM-Full_A-Eucl_AdaBN-T,17,0.525,0.5209
Lee2019_MI,DeepConvNet,NoPre_FM-Full_A-Eucl_AdaBN-T,18,0.57,0.6092
Lee2019_MI,DeepConvNet,NoPre_FM-Full_A-Eucl_AdaBN-T,20,0.61,0.6561
Lee2019_MI,DeepConvNet,NoPre_FM-Full_A-Eucl_AdaBN-T,25,0.78,0.8698
Lee2019_MI,DeepConvNet,NoPre_FM-Full_A-Eucl_AdaBN-T,26,0.68,0.7215
Lee2019_MI,DeepConvNet,NoPre_FM-Full_A-Eucl_AdaBN-T,27,0.75,0.7858
Lee2019_MI,DeepConvNet,NoPre_FM-Full_A-Eucl_AdaBN-T,31,0.635,0.726
Lee2019_MI,DeepConvNet,NoPre_FM-Full_A-Eucl_AdaBN-T,33,0.56,0.6003
Lee2019_MI,DeepConvNet,NoPre_FM-Full_A-Eucl_AdaBN-T,34,0.595,0.6171
Lee2019_MI,DeepConvNet,NoPre_FM-Full_A-Eucl_AdaBN-T,35,0.84,0.9326
Lee2019_MI,DeepConvNet,NoPre_FM-Full_A-Eucl_AdaBN-T,37,0.41,0.4302
Lee2019_MI,DeepConvNet,NoPre_FM-Full_A-Eucl_AdaBN-T,38,0.655,0.7039
Lee2019_MI,DeepConvNet,NoPre_FM-Full_A-Eucl_AdaBN-T,45,0.575,0.5675
Lee2019_MI,DeepConvNet,NoPre_FM-Full_A-Eucl_AdaBN-T,46,0.515,0.524
Lee2019_MI,DeepConvNet,NoPre_FM-Full_A-Eucl_AdaBN-T,49,0.56,0.5924
Lee2019_MI,DeepConvNet,NoPre_FM-Full_A-Eucl_AdaBN-T,50,0.53,0.5218
Lee2019_MI,DeepConvNet,NoPre_FM-Full_A-Eucl_AdaBN-T,51,0.505,0.4979
Lee2019_MI,DeepConvNet,NoPre_FM-Full_A-Eucl_AdaBN-T,53,0.625,0.65835
Lee2019_MI,DeepConvNet,NoPre_FM-Full_A-Eucl_AdaBN-T,1,0.54,0.5008
Lee2019_MI,DeepConvNet,NoPre_FM-Full_A-Eucl_AdaBN-T,2,0.615,0.6143
Lee2019_MI,DeepConvNet,NoPre_FM-Full_A-Eucl_AdaBN-T,3,0.64,0.70175
Lee2019_MI,DeepConvNet,NoPre_FM-Full_A-Eucl_AdaBN-T,8,0.615,0.6684
Lee2019_MI,DeepConvNet,NoPre_FM-Full_A-Eucl_AdaBN-T,11,0.54,0.5491
Lee2019_MI,DeepConvNet,NoPre_FM-Full_A-Eucl_AdaBN-T,12,0.535,0.5761
Lee2019_MI,DeepConvNet,NoPre_FM-Full_A-Eucl_AdaBN-T,15,0.675,0.7349
Lee2019_MI,DeepConvNet,NoPre_FM-Full_A-Eucl_AdaBN-T,19,0.565,0.5487
Lee2019_MI,DeepConvNet,NoPre_FM-Full_A-Eucl_AdaBN-T,21,0.575,0.531
Lee2019_MI,DeepConvNet,NoPre_FM-Full_A-Eucl_AdaBN-T,22,0.415,0.4076
Lee2019_MI,DeepConvNet,NoPre_FM-Full_A-Eucl_AdaBN-T,23,0.505,0.5266
Lee2019_MI,DeepConvNet,NoPre_FM-Full_A-Eucl_AdaBN-T,24,0.55,0.5537
Lee2019_MI,DeepConvNet,NoPre_FM-Full_A-Eucl_AdaBN-T,28,0.635,0.6656
Lee2019_MI,DeepConvNet,NoPre_FM-Full_A-Eucl_AdaBN-T,29,0.715,0.8085
Lee2019_MI,DeepConvNet,NoPre_FM-Full_A-Eucl_AdaBN-T,30,0.595,0.619
Lee2019_MI,DeepConvNet,NoPre_FM-Full_A-Eucl_AdaBN-T,32,0.56,0.559
Lee2019_MI,DeepConvNet,NoPre_FM-Full_A-Eucl_AdaBN-T,36,0.645,0.7039
Lee2019_MI,DeepConvNet,NoPre_FM-Full_A-Eucl_AdaBN-T,39,0.55,0.5699
Lee2019_MI,DeepConvNet,NoPre_FM-Full_A-Eucl_AdaBN-T,40,0.56,0.6131
Lee2019_MI,DeepConvNet,NoPre_FM-Full_A-Eucl_AdaBN-T,41,0.555,0.5884
Lee2019_MI,DeepConvNet,NoPre_FM-Full_A-Eucl_AdaBN-T,42,0.49,0.4976
Lee2019_MI,DeepConvNet,NoPre_FM-Full_A-Eucl_AdaBN-T,43,0.565,0.6004
Lee2019_MI,DeepConvNet,NoPre_FM-Full_A-Eucl_AdaBN-T,44,0.535,0.5814
Lee2019_MI,DeepConvNet,NoPre_FM-Full_A-Eucl_AdaBN-T,47,0.64,0.7372
Lee2019_MI,DeepConvNet,NoPre_FM-Full_A-Eucl_AdaBN-T,48,0.54,0.5448
Lee2019_MI,DeepConvNet,NoPre_FM-Full_A-Eucl_AdaBN-T,52,0.555,0.6002
Lee2019_MI,DeepConvNet,NoPre_FM-Full_A-Eucl_AdaBN-T,54,0.65,0.679
Lee2019_MI,DeepConvNet,NoPre_FM-Full_A-None_AdaBN-F,4,0.515,0.5414
Lee2019_MI,DeepConvNet,NoPre_FM-Full_A-None_AdaBN-F,5,0.575,0.5472
Lee2019_MI,DeepConvNet,NoPre_FM-Full_A-None_AdaBN-F,6,0.68,0.7945
Lee2019_MI,DeepConvNet,NoPre_FM-Full_A-None_AdaBN-F,7,0.52,0.5413
Lee2019_MI,DeepConvNet,NoPre_FM-Full_A-None_AdaBN-F,9,0.48,0.4681
Lee2019_MI,DeepConvNet,NoPre_FM-Full_A-None_AdaBN-F,10,0.505,0.4795
Lee2019_MI,DeepConvNet,NoPre_FM-Full_A-None_AdaBN-F,13,0.505,0.5327
Lee2019_MI,DeepConvNet,NoPre_FM-Full_A-None_AdaBN-F,14,0.475,0.4742
Lee2019_MI,DeepConvNet,NoPre_FM-Full_A-None_AdaBN-F,16,0.56,0.6499
Lee2019_MI,DeepConvNet,NoPre_FM-Full_A-None_AdaBN-F,17,0.4,0.4059
Lee2019_MI,DeepConvNet,NoPre_FM-Full_A-None_AdaBN-F,18,0.48,0.4977
Lee2019_MI,DeepConvNet,NoPre_FM-Full_A-None_AdaBN-F,20,0.54,0.5902
Lee2019_MI,DeepConvNet,NoPre_FM-Full_A-None_AdaBN-F,25,0.75,0.8517
Lee2019_MI,DeepConvNet,NoPre_FM-Full_A-None_AdaBN-F,26,0.575,0.6352
Lee2019_MI,DeepConvNet,NoPre_FM-Full_A-None_AdaBN-F,27,0.65,0.7334
Lee2019_MI,DeepConvNet,NoPre_FM-Full_A-None_AdaBN-F,31,0.515,0.5813
Lee2019_MI,DeepConvNet,NoPre_FM-Full_A-None_AdaBN-F,33,0.535,0.5455
Lee2019_MI,DeepConvNet,NoPre_FM-Full_A-None_AdaBN-F,34,0.545,0.6065
Lee2019_MI,DeepConvNet,NoPre_FM-Full_A-None_AdaBN-F,35,0.83,0.9316
Lee2019_MI,DeepConvNet,NoPre_FM-Full_A-None_AdaBN-F,37,0.505,0.5296
Lee2019_MI,DeepConvNet,NoPre_FM-Full_A-None_AdaBN-F,38,0.61,0.6246
Lee2019_MI,DeepConvNet,NoPre_FM-Full_A-None_AdaBN-F,45,0.525,0.553
Lee2019_MI,DeepConvNet,NoPre_FM-Full_A-None_AdaBN-F,46,0.53,0.5136
Lee2019_MI,DeepConvNet,NoPre_FM-Full_A-None_AdaBN-F,49,0.555,0.5527
Lee2019_MI,DeepConvNet,NoPre_FM-Full_A-None_AdaBN-F,50,0.515,0.5324
Lee2019_MI,DeepConvNet,NoPre_FM-Full_A-None_AdaBN-F,51,0.54,0.5622
Lee2019_MI,DeepConvNet,NoPre_FM-Full_A-None_AdaBN-F,53,0.505,0.4938
Lee2019_MI,DeepConvNet,NoPre_FM-Full_A-None_AdaBN-F,1,0.5,0.4735
Lee2019_MI,DeepConvNet,NoPre_FM-Full_A-None_AdaBN-F,2,0.475,0.5174
Lee2019_MI,DeepConvNet,NoPre_FM-Full_A-None_AdaBN-F,3,0.61,0.6829
Lee2019_MI,DeepConvNet,NoPre_FM-Full_A-None_AdaBN-F,8,0.54,0.5631
Lee2019_MI,DeepConvNet,NoPre_FM-Full_A-None_AdaBN-F,11,0.52,0.5083
Lee2019_MI,DeepConvNet,NoPre_FM-Full_A-None_AdaBN-F,12,0.5,0.5309
Lee2019_MI,DeepConvNet,NoPre_FM-Full_A-None_AdaBN-F,15,0.71,0.7113
Lee2019_MI,DeepConvNet,NoPre_FM-Full_A-None_AdaBN-F,19,0.55,0.5894
Lee2019_MI,DeepConvNet,NoPre_FM-Full_A-None_AdaBN-F,21,0.605,0.6449
Lee2019_MI,DeepConvNet,NoPre_FM-Full_A-None_AdaBN-F,22,0.475,0.3934
Lee2019_MI,DeepConvNet,NoPre_FM-Full_A-None_AdaBN-F,23,0.495,0.5042
Lee2019_MI,DeepConvNet,NoPre_FM-Full_A-None_AdaBN-F,24,0.53,0.544
Lee2019_MI,DeepConvNet,NoPre_FM-Full_A-None_AdaBN-F,28,0.545,0.6132
Lee2019_MI,DeepConvNet,NoPre_FM-Full_A-None_AdaBN-F,29,0.675,0.8485
Lee2019_MI,DeepConvNet,NoPre_FM-Full_A-None_AdaBN-F,30,0.535,0.5382
Lee2019_MI,DeepConvNet,NoPre_FM-Full_A-None_AdaBN-F,32,0.55,0.5908
Lee2019_MI,DeepConvNet,NoPre_FM-Full_A-None_AdaBN-F,36,0.53,0.5577
Lee2019_MI,DeepConvNet,NoPre_FM-Full_A-None_AdaBN-F,39,0.535,0.5434
Lee2019_MI,DeepConvNet,NoPre_FM-Full_A-None_AdaBN-F,40,0.495,0.4758
Lee2019_MI,DeepConvNet,NoPre_FM-Full_A-None_AdaBN-F,41,0.47,0.4477
Lee2019_MI,DeepConvNet,NoPre_FM-Full_A-None_AdaBN-F,42,0.435,0.4813
Lee2019_MI,DeepConvNet,NoPre_FM-Full_A-None_AdaBN-F,43,0.48,0.4554
Lee2019_MI,DeepConvNet,NoPre_FM-Full_A-None_AdaBN-F,44,0.49,0.5205
Lee2019_MI,DeepConvNet,NoPre_FM-Full_A-None_AdaBN-F,47,0.645,0.684
Lee2019_MI,DeepConvNet,NoPre_FM-Full_A-None_AdaBN-F,48,0.495,0.521
Lee2019_MI,DeepConvNet,NoPre_FM-Full_A-None_AdaBN-F,52,0.55,0.5949
Lee2019_MI,DeepConvNet,NoPre_FM-Full_A-None_AdaBN-F,54,0.55,0.5954
Lee2019_SSVEP,DeepConvNet,FM-Dec_A-Eucl_AdaBN-F,4,1,1
Lee2019_SSVEP,DeepConvNet,FM-Dec_A-Eucl_AdaBN-F,5,0.86,0.9787666667
Lee2019_SSVEP,DeepConvNet,FM-Dec_A-Eucl_AdaBN-F,6,1,1
Lee2019_SSVEP,DeepConvNet,FM-Dec_A-Eucl_AdaBN-F,7,0.995,1
Lee2019_SSVEP,DeepConvNet,FM-Dec_A-Eucl_AdaBN-F,9,1,1
Lee2019_SSVEP,DeepConvNet,FM-Dec_A-Eucl_AdaBN-F,10,0.99,1
Lee2019_SSVEP,DeepConvNet,FM-Dec_A-Eucl_AdaBN-F,13,1,1
Lee2019_SSVEP,DeepConvNet,FM-Dec_A-Eucl_AdaBN-F,14,0.95,0.9977666667
Lee2019_SSVEP,DeepConvNet,FM-Dec_A-Eucl_AdaBN-F,16,1,1
Lee2019_SSVEP,DeepConvNet,FM-Dec_A-Eucl_AdaBN-F,17,0.965,0.9993333333
Lee2019_SSVEP,DeepConvNet,FM-Dec_A-Eucl_AdaBN-F,18,0.99,0.9998666667
Lee2019_SSVEP,DeepConvNet,FM-Dec_A-Eucl_AdaBN-F,20,0.995,0.9999666667
Lee2019_SSVEP,DeepConvNet,FM-Dec_A-Eucl_AdaBN-F,25,0.975,0.9991333333
Lee2019_SSVEP,DeepConvNet,FM-Dec_A-Eucl_AdaBN-F,26,1,1
Lee2019_SSVEP,DeepConvNet,FM-Dec_A-Eucl_AdaBN-F,27,0.99,0.9999333333
Lee2019_SSVEP,DeepConvNet,FM-Dec_A-Eucl_AdaBN-F,31,1,1
Lee2019_SSVEP,DeepConvNet,FM-Dec_A-Eucl_AdaBN-F,33,1,1
Lee2019_SSVEP,DeepConvNet,FM-Dec_A-Eucl_AdaBN-F,34,0.875,0.9739333333
Lee2019_SSVEP,DeepConvNet,FM-Dec_A-Eucl_AdaBN-F,35,0.995,0.9999666667
Lee2019_SSVEP,DeepConvNet,FM-Dec_A-Eucl_AdaBN-F,37,0.995,0.9998333333
Lee2019_SSVEP,DeepConvNet,FM-Dec_A-Eucl_AdaBN-F,38,0.995,0.9999666667
Lee2019_SSVEP,DeepConvNet,FM-Dec_A-Eucl_AdaBN-F,45,0.965,0.9986333333
Lee2019_SSVEP,DeepConvNet,FM-Dec_A-Eucl_AdaBN-F,46,0.995,1
Lee2019_SSVEP,DeepConvNet,FM-Dec_A-Eucl_AdaBN-F,49,1,1
Lee2019_SSVEP,DeepConvNet,FM-Dec_A-Eucl_AdaBN-F,50,1,1
Lee2019_SSVEP,DeepConvNet,FM-Dec_A-Eucl_AdaBN-F,51,0.835,0.9703
Lee2019_SSVEP,DeepConvNet,FM-Dec_A-Eucl_AdaBN-F,53,1,1
Lee2019_SSVEP,DeepConvNet,FM-Dec_A-Eucl_AdaBN-F,1,0.95,0.9983333333
Lee2019_SSVEP,DeepConvNet,FM-Dec_A-Eucl_AdaBN-F,2,0.995,0.9999666667
Lee2019_SSVEP,DeepConvNet,FM-Dec_A-Eucl_AdaBN-F,3,0.94,0.9955666667
Lee2019_SSVEP,DeepConvNet,FM-Dec_A-Eucl_AdaBN-F,8,0.97,0.9927833333
Lee2019_SSVEP,DeepConvNet,FM-Dec_A-Eucl_AdaBN-F,11,1,1
Lee2019_SSVEP,DeepConvNet,FM-Dec_A-Eucl_AdaBN-F,12,0.985,0.9996
Lee2019_SSVEP,DeepConvNet,FM-Dec_A-Eucl_AdaBN-F,15,1,1
Lee2019_SSVEP,DeepConvNet,FM-Dec_A-Eucl_AdaBN-F,19,0.98,0.9998
Lee2019_SSVEP,DeepConvNet,FM-Dec_A-Eucl_AdaBN-F,21,0.975,0.9982333333
Lee2019_SSVEP,DeepConvNet,FM-Dec_A-Eucl_AdaBN-F,22,0.975,0.9968
Lee2019_SSVEP,DeepConvNet,FM-Dec_A-Eucl_AdaBN-F,23,0.485,0.7032333333
Lee2019_SSVEP,DeepConvNet,FM-Dec_A-Eucl_AdaBN-F,24,0.995,0.9950666667
Lee2019_SSVEP,DeepConvNet,FM-Dec_A-Eucl_AdaBN-F,28,0.99,0.9977
Lee2019_SSVEP,DeepConvNet,FM-Dec_A-Eucl_AdaBN-F,29,0.975,0.9980666667
Lee2019_SSVEP,DeepConvNet,FM-Dec_A-Eucl_AdaBN-F,30,0.995,1
Lee2019_SSVEP,DeepConvNet,FM-Dec_A-Eucl_AdaBN-F,32,0.97,0.9985333333
Lee2019_SSVEP,DeepConvNet,FM-Dec_A-Eucl_AdaBN-F,36,1,1
Lee2019_SSVEP,DeepConvNet,FM-Dec_A-Eucl_AdaBN-F,39,1,1
Lee2019_SSVEP,DeepConvNet,FM-Dec_A-Eucl_AdaBN-F,40,0.96,0.9977333333
Lee2019_SSVEP,DeepConvNet,FM-Dec_A-Eucl_AdaBN-F,41,0.99,0.9994333333
Lee2019_SSVEP,DeepConvNet,FM-Dec_A-Eucl_AdaBN-F,42,0.825,0.9685833333
Lee2019_SSVEP,DeepConvNet,FM-Dec_A-Eucl_AdaBN-F,43,1,1
Lee2019_SSVEP,DeepConvNet,FM-Dec_A-Eucl_AdaBN-F,44,1,1
Lee2019_SSVEP,DeepConvNet,FM-Dec_A-Eucl_AdaBN-F,47,0.665,0.8969333333
Lee2019_SSVEP,DeepConvNet,FM-Dec_A-Eucl_AdaBN-F,48,0.995,1
Lee2019_SSVEP,DeepConvNet,FM-Dec_A-Eucl_AdaBN-F,52,1,1
Lee2019_SSVEP,DeepConvNet,FM-Dec_A-Eucl_AdaBN-F,54,0.88,0.981
Lee2019_SSVEP,DeepConvNet,FM-Dec_A-Eucl_AdaBN-T,4,1,1
Lee2019_SSVEP,DeepConvNet,FM-Dec_A-Eucl_AdaBN-T,5,0.85,0.9781333333
Lee2019_SSVEP,DeepConvNet,FM-Dec_A-Eucl_AdaBN-T,6,1,1
Lee2019_SSVEP,DeepConvNet,FM-Dec_A-Eucl_AdaBN-T,7,0.995,1
Lee2019_SSVEP,DeepConvNet,FM-Dec_A-Eucl_AdaBN-T,9,0.985,0.9996333333
Lee2019_SSVEP,DeepConvNet,FM-Dec_A-Eucl_AdaBN-T,10,0.995,0.9999333333
Lee2019_SSVEP,DeepConvNet,FM-Dec_A-Eucl_AdaBN-T,13,0.995,0.9999333333
Lee2019_SSVEP,DeepConvNet,FM-Dec_A-Eucl_AdaBN-T,14,0.955,0.9973666667
Lee2019_SSVEP,DeepConvNet,FM-Dec_A-Eucl_AdaBN-T,16,1,1
Lee2019_SSVEP,DeepConvNet,FM-Dec_A-Eucl_AdaBN-T,17,0.975,0.9985333333
Lee2019_SSVEP,DeepConvNet,FM-Dec_A-Eucl_AdaBN-T,18,0.985,0.9998666667
Lee2019_SSVEP,DeepConvNet,FM-Dec_A-Eucl_AdaBN-T,20,0.99,0.9999
Lee2019_SSVEP,DeepConvNet,FM-Dec_A-Eucl_AdaBN-T,25,0.975,0.9987666667
Lee2019_SSVEP,DeepConvNet,FM-Dec_A-Eucl_AdaBN-T,26,0.995,1
Lee2019_SSVEP,DeepConvNet,FM-Dec_A-Eucl_AdaBN-T,27,0.99,0.9999
Lee2019_SSVEP,DeepConvNet,FM-Dec_A-Eucl_AdaBN-T,31,1,1
Lee2019_SSVEP,DeepConvNet,FM-Dec_A-Eucl_AdaBN-T,33,1,1
Lee2019_SSVEP,DeepConvNet,FM-Dec_A-Eucl_AdaBN-T,34,0.845,0.9702333333
Lee2019_SSVEP,DeepConvNet,FM-Dec_A-Eucl_AdaBN-T,35,0.99,0.9999333333
Lee2019_SSVEP,DeepConvNet,FM-Dec_A-Eucl_AdaBN-T,37,0.995,0.9998333333
Lee2019_SSVEP,DeepConvNet,FM-Dec_A-Eucl_AdaBN-T,38,0.995,1
Lee2019_SSVEP,DeepConvNet,FM-Dec_A-Eucl_AdaBN-T,45,0.97,0.9983666667
Lee2019_SSVEP,DeepConvNet,FM-Dec_A-Eucl_AdaBN-T,46,1,1
Lee2019_SSVEP,DeepConvNet,FM-Dec_A-Eucl_AdaBN-T,49,1,1
Lee2019_SSVEP,DeepConvNet,FM-Dec_A-Eucl_AdaBN-T,50,1,1
Lee2019_SSVEP,DeepConvNet,FM-Dec_A-Eucl_AdaBN-T,51,0.84,0.9725333333
Lee2019_SSVEP,DeepConvNet,FM-Dec_A-Eucl_AdaBN-T,53,1,1
Lee2019_SSVEP,DeepConvNet,FM-Dec_A-Eucl_AdaBN-T,1,0.965,0.9986333333
Lee2019_SSVEP,DeepConvNet,FM-Dec_A-Eucl_AdaBN-T,2,0.995,0.9998666667
Lee2019_SSVEP,DeepConvNet,FM-Dec_A-Eucl_AdaBN-T,3,0.925,0.9958666667
Lee2019_SSVEP,DeepConvNet,FM-Dec_A-Eucl_AdaBN-T,8,0.975,0.9929166667
Lee2019_SSVEP,DeepConvNet,FM-Dec_A-Eucl_AdaBN-T,11,1,1
Lee2019_SSVEP,DeepConvNet,FM-Dec_A-Eucl_AdaBN-T,12,0.98,0.9994666667
Lee2019_SSVEP,DeepConvNet,FM-Dec_A-Eucl_AdaBN-T,15,1,1
Lee2019_SSVEP,DeepConvNet,FM-Dec_A-Eucl_AdaBN-T,19,0.985,0.9998
Lee2019_SSVEP,DeepConvNet,FM-Dec_A-Eucl_AdaBN-T,21,0.98,0.9984666667
Lee2019_SSVEP,DeepConvNet,FM-Dec_A-Eucl_AdaBN-T,22,0.97,0.9961333333
Lee2019_SSVEP,DeepConvNet,FM-Dec_A-Eucl_AdaBN-T,23,0.475,0.6869666667
Lee2019_SSVEP,DeepConvNet,FM-Dec_A-Eucl_AdaBN-T,24,0.995,0.9951333333
Lee2019_SSVEP,DeepConvNet,FM-Dec_A-Eucl_AdaBN-T,28,0.985,0.9991333333
Lee2019_SSVEP,DeepConvNet,FM-Dec_A-Eucl_AdaBN-T,29,0.985,0.9987333333
Lee2019_SSVEP,DeepConvNet,FM-Dec_A-Eucl_AdaBN-T,30,1,1
Lee2019_SSVEP,DeepConvNet,FM-Dec_A-Eucl_AdaBN-T,32,0.95,0.9957333333
Lee2019_SSVEP,DeepConvNet,FM-Dec_A-Eucl_AdaBN-T,36,1,1
Lee2019_SSVEP,DeepConvNet,FM-Dec_A-Eucl_AdaBN-T,39,1,1
Lee2019_SSVEP,DeepConvNet,FM-Dec_A-Eucl_AdaBN-T,40,0.945,0.9971
Lee2019_SSVEP,DeepConvNet,FM-Dec_A-Eucl_AdaBN-T,41,0.99,0.9994333333
Lee2019_SSVEP,DeepConvNet,FM-Dec_A-Eucl_AdaBN-T,42,0.82,0.9696666667
Lee2019_SSVEP,DeepConvNet,FM-Dec_A-Eucl_AdaBN-T,43,1,1
Lee2019_SSVEP,DeepConvNet,FM-Dec_A-Eucl_AdaBN-T,44,1,1
Lee2019_SSVEP,DeepConvNet,FM-Dec_A-Eucl_AdaBN-T,47,0.675,0.8983666667
Lee2019_SSVEP,DeepConvNet,FM-Dec_A-Eucl_AdaBN-T,48,0.995,1
Lee2019_SSVEP,DeepConvNet,FM-Dec_A-Eucl_AdaBN-T,52,1,1
Lee2019_SSVEP,DeepConvNet,FM-Dec_A-Eucl_AdaBN-T,54,0.87,0.9771
Lee2019_SSVEP,DeepConvNet,FM-Dec_A-None_AdaBN-F,4,1,1
Lee2019_SSVEP,DeepConvNet,FM-Dec_A-None_AdaBN-F,5,0.87,0.9825
Lee2019_SSVEP,DeepConvNet,FM-Dec_A-None_AdaBN-F,6,1,1
Lee2019_SSVEP,DeepConvNet,FM-Dec_A-None_AdaBN-F,7,1,1
Lee2019_SSVEP,DeepConvNet,FM-Dec_A-None_AdaBN-F,9,0.99,0.9998666667
Lee2019_SSVEP,DeepConvNet,FM-Dec_A-None_AdaBN-F,10,1,1
Lee2019_SSVEP,DeepConvNet,FM-Dec_A-None_AdaBN-F,13,0.985,0.9994666667
Lee2019_SSVEP,DeepConvNet,FM-Dec_A-None_AdaBN-F,14,0.91,0.99
Lee2019_SSVEP,DeepConvNet,FM-Dec_A-None_AdaBN-F,16,1,1
Lee2019_SSVEP,DeepConvNet,FM-Dec_A-None_AdaBN-F,17,0.99,1
Lee2019_SSVEP,DeepConvNet,FM-Dec_A-None_AdaBN-F,18,0.995,1
Lee2019_SSVEP,DeepConvNet,FM-Dec_A-None_AdaBN-F,20,0.99,0.9999666667
Lee2019_SSVEP,DeepConvNet,FM-Dec_A-None_AdaBN-F,25,0.97,0.9995666667
Lee2019_SSVEP,DeepConvNet,FM-Dec_A-None_AdaBN-F,26,1,1
Lee2019_SSVEP,DeepConvNet,FM-Dec_A-None_AdaBN-F,27,1,1
Lee2019_SSVEP,DeepConvNet,FM-Dec_A-None_AdaBN-F,31,1,1
Lee2019_SSVEP,DeepConvNet,FM-Dec_A-None_AdaBN-F,33,0.995,1
Lee2019_SSVEP,DeepConvNet,FM-Dec_A-None_AdaBN-F,34,0.835,0.9552666667
Lee2019_SSVEP,DeepConvNet,FM-Dec_A-None_AdaBN-F,35,0.985,0.9999333333
Lee2019_SSVEP,DeepConvNet,FM-Dec_A-None_AdaBN-F,37,0.985,0.9998666667
Lee2019_SSVEP,DeepConvNet,FM-Dec_A-None_AdaBN-F,38,0.995,1
Lee2019_SSVEP,DeepConvNet,FM-Dec_A-None_AdaBN-F,45,0.985,0.9996
Lee2019_SSVEP,DeepConvNet,FM-Dec_A-None_AdaBN-F,46,0.99,1
Lee2019_SSVEP,DeepConvNet,FM-Dec_A-None_AdaBN-F,49,1,1
Lee2019_SSVEP,DeepConvNet,FM-Dec_A-None_AdaBN-F,50,1,1
Lee2019_SSVEP,DeepConvNet,FM-Dec_A-None_AdaBN-F,51,0.83,0.9639
Lee2019_SSVEP,DeepConvNet,FM-Dec_A-None_AdaBN-F,53,1,1
Lee2019_SSVEP,DeepConvNet,FM-Dec_A-None_AdaBN-F,1,0.97,0.9988
Lee2019_SSVEP,DeepConvNet,FM-Dec_A-None_AdaBN-F,2,0.995,1
Lee2019_SSVEP,DeepConvNet,FM-Dec_A-None_AdaBN-F,3,0.95,0.9962333333
Lee2019_SSVEP,DeepConvNet,FM-Dec_A-None_AdaBN-F,8,0.95,0.9902333333
Lee2019_SSVEP,DeepConvNet,FM-Dec_A-None_AdaBN-F,11,1,1
Lee2019_SSVEP,DeepConvNet,FM-Dec_A-None_AdaBN-F,12,0.97,0.9992
Lee2019_SSVEP,DeepConvNet,FM-Dec_A-None_AdaBN-F,15,0.95,0.9962
Lee2019_SSVEP,DeepConvNet,FM-Dec_A-None_AdaBN-F,19,0.99,0.9999
Lee2019_SSVEP,DeepConvNet,FM-Dec_A-None_AdaBN-F,21,0.98,0.9999
Lee2019_SSVEP,DeepConvNet,FM-Dec_A-None_AdaBN-F,22,0.965,0.9966666667
Lee2019_SSVEP,DeepConvNet,FM-Dec_A-None_AdaBN-F,23,0.415,0.6472666667
Lee2019_SSVEP,DeepConvNet,FM-Dec_A-None_AdaBN-F,24,0.99,0.9944
Lee2019_SSVEP,DeepConvNet,FM-Dec_A-None_AdaBN-F,28,0.975,0.9985666667
Lee2019_SSVEP,DeepConvNet,FM-Dec_A-None_AdaBN-F,29,0.925,0.9939333333
Lee2019_SSVEP,DeepConvNet,FM-Dec_A-None_AdaBN-F,30,0.995,0.9998333333
Lee2019_SSVEP,DeepConvNet,FM-Dec_A-None_AdaBN-F,32,0.96,0.9981666667
Lee2019_SSVEP,DeepConvNet,FM-Dec_A-None_AdaBN-F,36,1,1
Lee2019_SSVEP,DeepConvNet,FM-Dec_A-None_AdaBN-F,39,1,1
Lee2019_SSVEP,DeepConvNet,FM-Dec_A-None_AdaBN-F,40,0.965,0.9982
Lee2019_SSVEP,DeepConvNet,FM-Dec_A-None_AdaBN-F,41,0.99,0.9997666667
Lee2019_SSVEP,DeepConvNet,FM-Dec_A-None_AdaBN-F,42,0.825,0.9703
Lee2019_SSVEP,DeepConvNet,FM-Dec_A-None_AdaBN-F,43,1,1
Lee2019_SSVEP,DeepConvNet,FM-Dec_A-None_AdaBN-F,44,1,1
Lee2019_SSVEP,DeepConvNet,FM-Dec_A-None_AdaBN-F,47,0.65,0.8807
Lee2019_SSVEP,DeepConvNet,FM-Dec_A-None_AdaBN-F,48,0.995,1
Lee2019_SSVEP,DeepConvNet,FM-Dec_A-None_AdaBN-F,52,1,1
Lee2019_SSVEP,DeepConvNet,FM-Dec_A-None_AdaBN-F,54,0.865,0.9791666667
Lee2019_SSVEP,DeepConvNet,FM-Dec_A-Riem_AdaBN-T,4,1,1
Lee2019_SSVEP,DeepConvNet,FM-Dec_A-Riem_AdaBN-T,5,0.855,0.9756666667
Lee2019_SSVEP,DeepConvNet,FM-Dec_A-Riem_AdaBN-T,6,1,1
Lee2019_SSVEP,DeepConvNet,FM-Dec_A-Riem_AdaBN-T,7,0.995,1
Lee2019_SSVEP,DeepConvNet,FM-Dec_A-Riem_AdaBN-T,9,0.99,0.9999
Lee2019_SSVEP,DeepConvNet,FM-Dec_A-Riem_AdaBN-T,10,0.995,1
Lee2019_SSVEP,DeepConvNet,FM-Dec_A-Riem_AdaBN-T,13,1,1
Lee2019_SSVEP,DeepConvNet,FM-Dec_A-Riem_AdaBN-T,14,0.965,0.9981333333
Lee2019_SSVEP,DeepConvNet,FM-Dec_A-Riem_AdaBN-T,16,1,1
Lee2019_SSVEP,DeepConvNet,FM-Dec_A-Riem_AdaBN-T,17,0.98,0.9988666667
Lee2019_SSVEP,DeepConvNet,FM-Dec_A-Riem_AdaBN-T,18,0.99,0.9999
Lee2019_SSVEP,DeepConvNet,FM-Dec_A-Riem_AdaBN-T,20,0.995,0.9999333333
Lee2019_SSVEP,DeepConvNet,FM-Dec_A-Riem_AdaBN-T,25,0.96,0.9985333333
Lee2019_SSVEP,DeepConvNet,FM-Dec_A-Riem_AdaBN-T,26,0.995,1
Lee2019_SSVEP,DeepConvNet,FM-Dec_A-Riem_AdaBN-T,27,0.995,1
Lee2019_SSVEP,DeepConvNet,FM-Dec_A-Riem_AdaBN-T,31,1,1
Lee2019_SSVEP,DeepConvNet,FM-Dec_A-Riem_AdaBN-T,33,1,1
Lee2019_SSVEP,DeepConvNet,FM-Dec_A-Riem_AdaBN-T,34,0.885,0.97865
Lee2019_SSVEP,DeepConvNet,FM-Dec_A-Riem_AdaBN-T,35,0.99,0.9999
Lee2019_SSVEP,DeepConvNet,FM-Dec_A-Riem_AdaBN-T,37,0.995,0.9998333333
Lee2019_SSVEP,DeepConvNet,FM-Dec_A-Riem_AdaBN-T,38,0.995,0.9999666667
Lee2019_SSVEP,DeepConvNet,FM-Dec_A-Riem_AdaBN-T,45,0.975,0.9995333333
Lee2019_SSVEP,DeepConvNet,FM-Dec_A-Riem_AdaBN-T,46,1,1
Lee2019_SSVEP,DeepConvNet,FM-Dec_A-Riem_AdaBN-T,49,1,1
Lee2019_SSVEP,DeepConvNet,FM-Dec_A-Riem_AdaBN-T,50,1,1
Lee2019_SSVEP,DeepConvNet,FM-Dec_A-Riem_AdaBN-T,51,0.85,0.9727333333
Lee2019_SSVEP,DeepConvNet,FM-Dec_A-Riem_AdaBN-T,53,1,1
Lee2019_SSVEP,DeepConvNet,FM-Dec_A-Riem_AdaBN-T,1,0.955,0.9974
Lee2019_SSVEP,DeepConvNet,FM-Dec_A-Riem_AdaBN-T,2,0.995,0.9999666667
Lee2019_SSVEP,DeepConvNet,FM-Dec_A-Riem_AdaBN-T,3,0.93,0.9953333333
Lee2019_SSVEP,DeepConvNet,FM-Dec_A-Riem_AdaBN-T,8,0.975,0.9941
Lee2019_SSVEP,DeepConvNet,FM-Dec_A-Riem_AdaBN-T,11,1,1
Lee2019_SSVEP,DeepConvNet,FM-Dec_A-Riem_AdaBN-T,12,0.975,0.9993333333
Lee2019_SSVEP,DeepConvNet,FM-Dec_A-Riem_AdaBN-T,15,1,1
Lee2019_SSVEP,DeepConvNet,FM-Dec_A-Riem_AdaBN-T,19,0.98,0.9997
Lee2019_SSVEP,DeepConvNet,FM-Dec_A-Riem_AdaBN-T,21,0.98,0.999
Lee2019_SSVEP,DeepConvNet,FM-Dec_A-Riem_AdaBN-T,22,0.965,0.9979333333
Lee2019_SSVEP,DeepConvNet,FM-Dec_A-Riem_AdaBN-T,23,0.47,0.7133833333
Lee2019_SSVEP,DeepConvNet,FM-Dec_A-Riem_AdaBN-T,24,0.995,0.9951666667
Lee2019_SSVEP,DeepConvNet,FM-Dec_A-Riem_AdaBN-T,28,0.99,0.9994333333
Lee2019_SSVEP,DeepConvNet,FM-Dec_A-Riem_AdaBN-T,29,0.985,0.9994
Lee2019_SSVEP,DeepConvNet,FM-Dec_A-Riem_AdaBN-T,30,1,1
Lee2019_SSVEP,DeepConvNet,FM-Dec_A-Riem_AdaBN-T,32,0.955,0.9958666667
Lee2019_SSVEP,DeepConvNet,FM-Dec_A-Riem_AdaBN-T,36,1,1
Lee2019_SSVEP,DeepConvNet,FM-Dec_A-Riem_AdaBN-T,39,1,1
Lee2019_SSVEP,DeepConvNet,FM-Dec_A-Riem_AdaBN-T,40,0.955,0.9967
Lee2019_SSVEP,DeepConvNet,FM-Dec_A-Riem_AdaBN-T,41,0.99,0.9998
Lee2019_SSVEP,DeepConvNet,FM-Dec_A-Riem_AdaBN-T,42,0.82,0.9704833333
Lee2019_SSVEP,DeepConvNet,FM-Dec_A-Riem_AdaBN-T,43,1,1
Lee2019_SSVEP,DeepConvNet,FM-Dec_A-Riem_AdaBN-T,44,1,1
Lee2019_SSVEP,DeepConvNet,FM-Dec_A-Riem_AdaBN-T,47,0.685,0.8953333333
Lee2019_SSVEP,DeepConvNet,FM-Dec_A-Riem_AdaBN-T,48,0.995,1
Lee2019_SSVEP,DeepConvNet,FM-Dec_A-Riem_AdaBN-T,52,1,1
Lee2019_SSVEP,DeepConvNet,FM-Dec_A-Riem_AdaBN-T,54,0.885,0.9731666667
Lee2019_SSVEP,DeepConvNet,FM-Full_A-Eucl_AdaBN-F,4,1,1
Lee2019_SSVEP,DeepConvNet,FM-Full_A-Eucl_AdaBN-F,5,0.88,0.9812333333
Lee2019_SSVEP,DeepConvNet,FM-Full_A-Eucl_AdaBN-F,6,1,1
Lee2019_SSVEP,DeepConvNet,FM-Full_A-Eucl_AdaBN-F,7,0.995,1
Lee2019_SSVEP,DeepConvNet,FM-Full_A-Eucl_AdaBN-F,9,0.99,0.9999666667
Lee2019_SSVEP,DeepConvNet,FM-Full_A-Eucl_AdaBN-F,10,1,1
Lee2019_SSVEP,DeepConvNet,FM-Full_A-Eucl_AdaBN-F,13,0.995,1
Lee2019_SSVEP,DeepConvNet,FM-Full_A-Eucl_AdaBN-F,14,0.97,0.9995666667
Lee2019_SSVEP,DeepConvNet,FM-Full_A-Eucl_AdaBN-F,16,1,1
Lee2019_SSVEP,DeepConvNet,FM-Full_A-Eucl_AdaBN-F,17,0.99,0.9995666667
Lee2019_SSVEP,DeepConvNet,FM-Full_A-Eucl_AdaBN-F,18,0.995,0.9999666667
Lee2019_SSVEP,DeepConvNet,FM-Full_A-Eucl_AdaBN-F,20,0.99,1
Lee2019_SSVEP,DeepConvNet,FM-Full_A-Eucl_AdaBN-F,25,0.98,0.9999333333
Lee2019_SSVEP,DeepConvNet,FM-Full_A-Eucl_AdaBN-F,26,1,1
Lee2019_SSVEP,DeepConvNet,FM-Full_A-Eucl_AdaBN-F,27,0.99,0.9999666667
Lee2019_SSVEP,DeepConvNet,FM-Full_A-Eucl_AdaBN-F,31,1,1
Lee2019_SSVEP,DeepConvNet,FM-Full_A-Eucl_AdaBN-F,33,1,1
Lee2019_SSVEP,DeepConvNet,FM-Full_A-Eucl_AdaBN-F,34,0.895,0.9862666667
Lee2019_SSVEP,DeepConvNet,FM-Full_A-Eucl_AdaBN-F,35,0.995,0.9999666667
Lee2019_SSVEP,DeepConvNet,FM-Full_A-Eucl_AdaBN-F,37,0.99,0.9998333333
Lee2019_SSVEP,DeepConvNet,FM-Full_A-Eucl_AdaBN-F,38,0.99,0.9999666667
Lee2019_SSVEP,DeepConvNet,FM-Full_A-Eucl_AdaBN-F,45,0.96,0.9989333333
Lee2019_SSVEP,DeepConvNet,FM-Full_A-Eucl_AdaBN-F,46,1,1
Lee2019_SSVEP,DeepConvNet,FM-Full_A-Eucl_AdaBN-F,49,1,1
Lee2019_SSVEP,DeepConvNet,FM-Full_A-Eucl_AdaBN-F,50,1,1
Lee2019_SSVEP,DeepConvNet,FM-Full_A-Eucl_AdaBN-F,51,0.875,0.9792666667
Lee2019_SSVEP,DeepConvNet,FM-Full_A-Eucl_AdaBN-F,53,1,1
Lee2019_SSVEP,DeepConvNet,FM-Full_A-Eucl_AdaBN-F,1,0.965,0.9984333333
Lee2019_SSVEP,DeepConvNet,FM-Full_A-Eucl_AdaBN-F,2,0.995,0.9999666667
Lee2019_SSVEP,DeepConvNet,FM-Full_A-Eucl_AdaBN-F,3,0.94,0.9953333333
Lee2019_SSVEP,DeepConvNet,FM-Full_A-Eucl_AdaBN-F,8,0.985,0.99465
Lee2019_SSVEP,DeepConvNet,FM-Full_A-Eucl_AdaBN-F,11,1,1
Lee2019_SSVEP,DeepConvNet,FM-Full_A-Eucl_AdaBN-F,12,0.975,0.9992666667
Lee2019_SSVEP,DeepConvNet,FM-Full_A-Eucl_AdaBN-F,15,1,1
Lee2019_SSVEP,DeepConvNet,FM-Full_A-Eucl_AdaBN-F,19,0.99,0.9999666667
Lee2019_SSVEP,DeepConvNet,FM-Full_A-Eucl_AdaBN-F,21,0.97,0.9991
Lee2019_SSVEP,DeepConvNet,FM-Full_A-Eucl_AdaBN-F,22,0.985,0.9984666667
Lee2019_SSVEP,DeepConvNet,FM-Full_A-Eucl_AdaBN-F,23,0.535,0.7650333333
Lee2019_SSVEP,DeepConvNet,FM-Full_A-Eucl_AdaBN-F,24,0.995,0.9945833333
Lee2019_SSVEP,DeepConvNet,FM-Full_A-Eucl_AdaBN-F,28,0.985,0.9996666667
Lee2019_SSVEP,DeepConvNet,FM-Full_A-Eucl_AdaBN-F,29,0.99,0.9995
Lee2019_SSVEP,DeepConvNet,FM-Full_A-Eucl_AdaBN-F,30,1,1
Lee2019_SSVEP,DeepConvNet,FM-Full_A-Eucl_AdaBN-F,32,0.98,0.9985
Lee2019_SSVEP,DeepConvNet,FM-Full_A-Eucl_AdaBN-F,36,1,1
Lee2019_SSVEP,DeepConvNet,FM-Full_A-Eucl_AdaBN-F,39,1,1
Lee2019_SSVEP,DeepConvNet,FM-Full_A-Eucl_AdaBN-F,40,0.96,0.9976666667
Lee2019_SSVEP,DeepConvNet,FM-Full_A-Eucl_AdaBN-F,41,0.99,0.9997666667
Lee2019_SSVEP,DeepConvNet,FM-Full_A-Eucl_AdaBN-F,42,0.82,0.9649
Lee2019_SSVEP,DeepConvNet,FM-Full_A-Eucl_AdaBN-F,43,1,1
Lee2019_SSVEP,DeepConvNet,FM-Full_A-Eucl_AdaBN-F,44,1,1
Lee2019_SSVEP,DeepConvNet,FM-Full_A-Eucl_AdaBN-F,47,0.715,0.9030666667
Lee2019_SSVEP,DeepConvNet,FM-Full_A-Eucl_AdaBN-F,48,0.995,1
Lee2019_SSVEP,DeepConvNet,FM-Full_A-Eucl_AdaBN-F,52,1,1
Lee2019_SSVEP,DeepConvNet,FM-Full_A-Eucl_AdaBN-F,54,0.915,0.9869
Lee2019_SSVEP,DeepConvNet,FM-Full_A-Eucl_AdaBN-T,4,1,1
Lee2019_SSVEP,DeepConvNet,FM-Full_A-Eucl_AdaBN-T,5,0.88,0.9825
Lee2019_SSVEP,DeepConvNet,FM-Full_A-Eucl_AdaBN-T,6,1,1
Lee2019_SSVEP,DeepConvNet,FM-Full_A-Eucl_AdaBN-T,7,0.995,1
Lee2019_SSVEP,DeepConvNet,FM-Full_A-Eucl_AdaBN-T,9,0.99,0.9998
Lee2019_SSVEP,DeepConvNet,FM-Full_A-Eucl_AdaBN-T,10,0.995,1
Lee2019_SSVEP,DeepConvNet,FM-Full_A-Eucl_AdaBN-T,13,0.995,1
Lee2019_SSVEP,DeepConvNet,FM-Full_A-Eucl_AdaBN-T,14,0.975,0.9997333333
Lee2019_SSVEP,DeepConvNet,FM-Full_A-Eucl_AdaBN-T,16,1,1
Lee2019_SSVEP,DeepConvNet,FM-Full_A-Eucl_AdaBN-T,17,0.97,0.9996666667
Lee2019_SSVEP,DeepConvNet,FM-Full_A-Eucl_AdaBN-T,18,0.99,0.9999666667
Lee2019_SSVEP,DeepConvNet,FM-Full_A-Eucl_AdaBN-T,20,0.995,0.9999666667
Lee2019_SSVEP,DeepConvNet,FM-Full_A-Eucl_AdaBN-T,25,0.975,0.9989333333
Lee2019_SSVEP,DeepConvNet,FM-Full_A-Eucl_AdaBN-T,26,0.995,1
Lee2019_SSVEP,DeepConvNet,FM-Full_A-Eucl_AdaBN-T,27,0.99,0.9999666667
Lee2019_SSVEP,DeepConvNet,FM-Full_A-Eucl_AdaBN-T,31,1,1
Lee2019_SSVEP,DeepConvNet,FM-Full_A-Eucl_AdaBN-T,33,1,1
Lee2019_SSVEP,DeepConvNet,FM-Full_A-Eucl_AdaBN-T,34,0.9,0.9863666667
Lee2019_SSVEP,DeepConvNet,FM-Full_A-Eucl_AdaBN-T,35,0.995,0.9999666667
Lee2019_SSVEP,DeepConvNet,FM-Full_A-Eucl_AdaBN-T,37,0.995,0.9998333333
Lee2019_SSVEP,DeepConvNet,FM-Full_A-Eucl_AdaBN-T,38,0.995,0.9999666667
Lee2019_SSVEP,DeepConvNet,FM-Full_A-Eucl_AdaBN-T,45,0.975,0.9986333333
Lee2019_SSVEP,DeepConvNet,FM-Full_A-Eucl_AdaBN-T,46,1,1
Lee2019_SSVEP,DeepConvNet,FM-Full_A-Eucl_AdaBN-T,49,1,1
Lee2019_SSVEP,DeepConvNet,FM-Full_A-Eucl_AdaBN-T,50,1,1
Lee2019_SSVEP,DeepConvNet,FM-Full_A-Eucl_AdaBN-T,51,0.885,0.9806
Lee2019_SSVEP,DeepConvNet,FM-Full_A-Eucl_AdaBN-T,53,1,1
Lee2019_SSVEP,DeepConvNet,FM-Full_A-Eucl_AdaBN-T,1,0.965,0.9980333333
Lee2019_SSVEP,DeepConvNet,FM-Full_A-Eucl_AdaBN-T,2,0.995,1
Lee2019_SSVEP,DeepConvNet,FM-Full_A-Eucl_AdaBN-T,3,0.945,0.9955166667
Lee2019_SSVEP,DeepConvNet,FM-Full_A-Eucl_AdaBN-T,8,0.98,0.9947833333
Lee2019_SSVEP,DeepConvNet,FM-Full_A-Eucl_AdaBN-T,11,1,1
Lee2019_SSVEP,DeepConvNet,FM-Full_A-Eucl_AdaBN-T,12,0.975,0.9993333333
Lee2019_SSVEP,DeepConvNet,FM-Full_A-Eucl_AdaBN-T,15,1,1
Lee2019_SSVEP,DeepConvNet,FM-Full_A-Eucl_AdaBN-T,19,0.985,0.9999
Lee2019_SSVEP,DeepConvNet,FM-Full_A-Eucl_AdaBN-T,21,0.98,0.9992333333
Lee2019_SSVEP,DeepConvNet,FM-Full_A-Eucl_AdaBN-T,22,0.98,0.9986333333
Lee2019_SSVEP,DeepConvNet,FM-Full_A-Eucl_AdaBN-T,23,0.575,0.7905666667
Lee2019_SSVEP,DeepConvNet,FM-Full_A-Eucl_AdaBN-T,24,0.995,0.9949666667
Lee2019_SSVEP,DeepConvNet,FM-Full_A-Eucl_AdaBN-T,28,0.985,0.9996333333
Lee2019_SSVEP,DeepConvNet,FM-Full_A-Eucl_AdaBN-T,29,0.985,0.9996
Lee2019_SSVEP,DeepConvNet,FM-Full_A-Eucl_AdaBN-T,30,1,1
Lee2019_SSVEP,DeepConvNet,FM-Full_A-Eucl_AdaBN-T,32,0.98,0.9996
Lee2019_SSVEP,DeepConvNet,FM-Full_A-Eucl_AdaBN-T,36,1,1
Lee2019_SSVEP,DeepConvNet,FM-Full_A-Eucl_AdaBN-T,39,1,1
Lee2019_SSVEP,DeepConvNet,FM-Full_A-Eucl_AdaBN-T,40,0.955,0.9977333333
Lee2019_SSVEP,DeepConvNet,FM-Full_A-Eucl_AdaBN-T,41,0.995,0.9998
Lee2019_SSVEP,DeepConvNet,FM-Full_A-Eucl_AdaBN-T,42,0.84,0.9678333333
Lee2019_SSVEP,DeepConvNet,FM-Full_A-Eucl_AdaBN-T,43,1,1
Lee2019_SSVEP,DeepConvNet,FM-Full_A-Eucl_AdaBN-T,44,1,1
Lee2019_SSVEP,DeepConvNet,FM-Full_A-Eucl_AdaBN-T,47,0.675,0.8994666667
Lee2019_SSVEP,DeepConvNet,FM-Full_A-Eucl_AdaBN-T,48,0.995,1
Lee2019_SSVEP,DeepConvNet,FM-Full_A-Eucl_AdaBN-T,52,1,1
Lee2019_SSVEP,DeepConvNet,FM-Full_A-Eucl_AdaBN-T,54,0.89,0.983
Lee2019_SSVEP,DeepConvNet,FM-Full_A-None_AdaBN-F,4,1,1
Lee2019_SSVEP,DeepConvNet,FM-Full_A-None_AdaBN-F,5,0.875,0.9873666667
Lee2019_SSVEP,DeepConvNet,FM-Full_A-None_AdaBN-F,6,1,1
Lee2019_SSVEP,DeepConvNet,FM-Full_A-None_AdaBN-F,7,1,1
Lee2019_SSVEP,DeepConvNet,FM-Full_A-None_AdaBN-F,9,0.99,0.9999666667
Lee2019_SSVEP,DeepConvNet,FM-Full_A-None_AdaBN-F,10,1,1
Lee2019_SSVEP,DeepConvNet,FM-Full_A-None_AdaBN-F,13,0.99,0.9997333333
Lee2019_SSVEP,DeepConvNet,FM-Full_A-None_AdaBN-F,14,0.95,0.9985
Lee2019_SSVEP,DeepConvNet,FM-Full_A-None_AdaBN-F,16,1,1
Lee2019_SSVEP,DeepConvNet,FM-Full_A-None_AdaBN-F,17,0.99,0.9997333333
Lee2019_SSVEP,DeepConvNet,FM-Full_A-None_AdaBN-F,18,0.995,1
Lee2019_SSVEP,DeepConvNet,FM-Full_A-None_AdaBN-F,20,1,1
Lee2019_SSVEP,DeepConvNet,FM-Full_A-None_AdaBN-F,25,0.985,0.9998666667
Lee2019_SSVEP,DeepConvNet,FM-Full_A-None_AdaBN-F,26,0.995,1
Lee2019_SSVEP,DeepConvNet,FM-Full_A-None_AdaBN-F,27,0.995,1
Lee2019_SSVEP,DeepConvNet,FM-Full_A-None_AdaBN-F,31,1,1
Lee2019_SSVEP,DeepConvNet,FM-Full_A-None_AdaBN-F,33,0.995,1
Lee2019_SSVEP,DeepConvNet,FM-Full_A-None_AdaBN-F,34,0.845,0.97195
Lee2019_SSVEP,DeepConvNet,FM-Full_A-None_AdaBN-F,35,0.99,0.9998333333
Lee2019_SSVEP,DeepConvNet,FM-Full_A-None_AdaBN-F,37,0.985,0.9998
Lee2019_SSVEP,DeepConvNet,FM-Full_A-None_AdaBN-F,38,0.995,1
Lee2019_SSVEP,DeepConvNet,FM-Full_A-None_AdaBN-F,45,0.98,0.9998333333
Lee2019_SSVEP,DeepConvNet,FM-Full_A-None_AdaBN-F,46,0.995,1
Lee2019_SSVEP,DeepConvNet,FM-Full_A-None_AdaBN-F,49,1,1
Lee2019_SSVEP,DeepConvNet,FM-Full_A-None_AdaBN-F,50,1,1
Lee2019_SSVEP,DeepConvNet,FM-Full_A-None_AdaBN-F,51,0.865,0.9730666667
Lee2019_SSVEP,DeepConvNet,FM-Full_A-None_AdaBN-F,53,1,1
Lee2019_SSVEP,DeepConvNet,FM-Full_A-None_AdaBN-F,1,0.965,0.9986333333
Lee2019_SSVEP,DeepConvNet,FM-Full_A-None_AdaBN-F,2,0.995,1
Lee2019_SSVEP,DeepConvNet,FM-Full_A-None_AdaBN-F,3,0.935,0.9962833333
Lee2019_SSVEP,DeepConvNet,FM-Full_A-None_AdaBN-F,8,0.955,0.99315
Lee2019_SSVEP,DeepConvNet,FM-Full_A-None_AdaBN-F,11,1,1
Lee2019_SSVEP,DeepConvNet,FM-Full_A-None_AdaBN-F,12,0.975,0.9993
Lee2019_SSVEP,DeepConvNet,FM-Full_A-None_AdaBN-F,15,0.985,0.9998666667
Lee2019_SSVEP,DeepConvNet,FM-Full_A-None_AdaBN-F,19,0.99,0.9999
Lee2019_SSVEP,DeepConvNet,FM-Full_A-None_AdaBN-F,21,0.99,0.9998666667
Lee2019_SSVEP,DeepConvNet,FM-Full_A-None_AdaBN-F,22,0.955,0.9978
Lee2019_SSVEP,DeepConvNet,FM-Full_A-None_AdaBN-F,23,0.5,0.7344666667
Lee2019_SSVEP,DeepConvNet,FM-Full_A-None_AdaBN-F,24,0.985,0.9941833333
Lee2019_SSVEP,DeepConvNet,FM-Full_A-None_AdaBN-F,28,0.99,0.9988
Lee2019_SSVEP,DeepConvNet,FM-Full_A-None_AdaBN-F,29,0.985,0.9986333333
Lee2019_SSVEP,DeepConvNet,FM-Full_A-None_AdaBN-F,30,0.995,1
Lee2019_SSVEP,DeepConvNet,FM-Full_A-None_AdaBN-F,32,0.965,0.9990666667
Lee2019_SSVEP,DeepConvNet,FM-Full_A-None_AdaBN-F,36,1,1
Lee2019_SSVEP,DeepConvNet,FM-Full_A-None_AdaBN-F,39,1,1
Lee2019_SSVEP,DeepConvNet,FM-Full_A-None_AdaBN-F,40,0.94,0.9960666667
Lee2019_SSVEP,DeepConvNet,FM-Full_A-None_AdaBN-F,41,0.995,0.9999333333
Lee2019_SSVEP,DeepConvNet,FM-Full_A-None_AdaBN-F,42,0.835,0.9734833333
Lee2019_SSVEP,DeepConvNet,FM-Full_A-None_AdaBN-F,43,1,1
Lee2019_SSVEP,DeepConvNet,FM-Full_A-None_AdaBN-F,44,0.995,1
Lee2019_SSVEP,DeepConvNet,FM-Full_A-None_AdaBN-F,47,0.64,0.8737333333
Lee2019_SSVEP,DeepConvNet,FM-Full_A-None_AdaBN-F,48,0.995,1
Lee2019_SSVEP,DeepConvNet,FM-Full_A-None_AdaBN-F,52,1,1
Lee2019_SSVEP,DeepConvNet,FM-Full_A-None_AdaBN-F,54,0.89,0.9874
Lee2019_SSVEP,DeepConvNet,FM-Full_A-Riem_AdaBN-F,4,1,1
Lee2019_SSVEP,DeepConvNet,FM-Full_A-Riem_AdaBN-F,5,0.87,0.9816666667
Lee2019_SSVEP,DeepConvNet,FM-Full_A-Riem_AdaBN-F,6,1,1
Lee2019_SSVEP,DeepConvNet,FM-Full_A-Riem_AdaBN-F,7,0.995,1
Lee2019_SSVEP,DeepConvNet,FM-Full_A-Riem_AdaBN-F,9,1,1
Lee2019_SSVEP,DeepConvNet,FM-Full_A-Riem_AdaBN-F,10,1,1
Lee2019_SSVEP,DeepConvNet,FM-Full_A-Riem_AdaBN-F,13,1,1
Lee2019_SSVEP,DeepConvNet,FM-Full_A-Riem_AdaBN-F,14,0.98,0.9998333333
Lee2019_SSVEP,DeepConvNet,FM-Full_A-Riem_AdaBN-F,16,1,1
Lee2019_SSVEP,DeepConvNet,FM-Full_A-Riem_AdaBN-F,17,0.985,0.9995666667
Lee2019_SSVEP,DeepConvNet,FM-Full_A-Riem_AdaBN-F,18,0.99,0.9999
Lee2019_SSVEP,DeepConvNet,FM-Full_A-Riem_AdaBN-F,20,0.99,0.9998333333
Lee2019_SSVEP,DeepConvNet,FM-Full_A-Riem_AdaBN-F,25,0.985,0.9995333333
Lee2019_SSVEP,DeepConvNet,FM-Full_A-Riem_AdaBN-F,26,0.995,1
Lee2019_SSVEP,DeepConvNet,FM-Full_A-Riem_AdaBN-F,27,1,1
Lee2019_SSVEP,DeepConvNet,FM-Full_A-Riem_AdaBN-F,31,1,1
Lee2019_SSVEP,DeepConvNet,FM-Full_A-Riem_AdaBN-F,33,1,1
Lee2019_SSVEP,DeepConvNet,FM-Full_A-Riem_AdaBN-F,34,0.93,0.9917
Lee2019_SSVEP,DeepConvNet,FM-Full_A-Riem_AdaBN-F,35,0.99,0.9999333333
Lee2019_SSVEP,DeepConvNet,FM-Full_A-Riem_AdaBN-F,37,0.995,0.9998333333
Lee2019_SSVEP,DeepConvNet,FM-Full_A-Riem_AdaBN-F,38,0.995,1
Lee2019_SSVEP,DeepConvNet,FM-Full_A-Riem_AdaBN-F,45,0.98,0.9997
Lee2019_SSVEP,DeepConvNet,FM-Full_A-Riem_AdaBN-F,46,1,1
Lee2019_SSVEP,DeepConvNet,FM-Full_A-Riem_AdaBN-F,49,1,1
Lee2019_SSVEP,DeepConvNet,FM-Full_A-Riem_AdaBN-F,50,1,1
Lee2019_SSVEP,DeepConvNet,FM-Full_A-Riem_AdaBN-F,51,0.865,0.9793666667
Lee2019_SSVEP,DeepConvNet,FM-Full_A-Riem_AdaBN-F,53,1,1
Lee2019_SSVEP,DeepConvNet,FM-Full_A-Riem_AdaBN-F,1,0.97,0.9986
Lee2019_SSVEP,DeepConvNet,FM-Full_A-Riem_AdaBN-F,2,0.995,0.9999666667
Lee2019_SSVEP,DeepConvNet,FM-Full_A-Riem_AdaBN-F,3,0.935,0.9952833333
Lee2019_SSVEP,DeepConvNet,FM-Full_A-Riem_AdaBN-F,8,0.975,0.9933666667
Lee2019_SSVEP,DeepConvNet,FM-Full_A-Riem_AdaBN-F,11,1,1
Lee2019_SSVEP,DeepConvNet,FM-Full_A-Riem_AdaBN-F,12,0.975,0.9996333333
Lee2019_SSVEP,DeepConvNet,FM-Full_A-Riem_AdaBN-F,15,1,1
Lee2019_SSVEP,DeepConvNet,FM-Full_A-Riem_AdaBN-F,19,0.99,1
Lee2019_SSVEP,DeepConvNet,FM-Full_A-Riem_AdaBN-F,21,0.98,0.9995333333
Lee2019_SSVEP,DeepConvNet,FM-Full_A-Riem_AdaBN-F,22,0.98,0.9989333333
Lee2019_SSVEP,DeepConvNet,FM-Full_A-Riem_AdaBN-F,23,0.555,0.7688666667
Lee2019_SSVEP,DeepConvNet,FM-Full_A-Riem_AdaBN-F,24,0.995,0.99475
Lee2019_SSVEP,DeepConvNet,FM-Full_A-Riem_AdaBN-F,28,0.99,0.9996333333
Lee2019_SSVEP,DeepConvNet,FM-Full_A-Riem_AdaBN-F,29,0.985,0.9997666667
Lee2019_SSVEP,DeepConvNet,FM-Full_A-Riem_AdaBN-F,30,0.995,1
Lee2019_SSVEP,DeepConvNet,FM-Full_A-Riem_AdaBN-F,32,0.985,0.99795
Lee2019_SSVEP,DeepConvNet,FM-Full_A-Riem_AdaBN-F,36,1,1
Lee2019_SSVEP,DeepConvNet,FM-Full_A-Riem_AdaBN-F,39,1,1
Lee2019_SSVEP,DeepConvNet,FM-Full_A-Riem_AdaBN-F,40,0.96,0.9969666667
Lee2019_SSVEP,DeepConvNet,FM-Full_A-Riem_AdaBN-F,41,0.995,0.9997333333
Lee2019_SSVEP,DeepConvNet,FM-Full_A-Riem_AdaBN-F,42,0.84,0.9684833333
Lee2019_SSVEP,DeepConvNet,FM-Full_A-Riem_AdaBN-F,43,1,1
Lee2019_SSVEP,DeepConvNet,FM-Full_A-Riem_AdaBN-F,44,1,1
Lee2019_SSVEP,DeepConvNet,FM-Full_A-Riem_AdaBN-F,47,0.68,0.9073333333
Lee2019_SSVEP,DeepConvNet,FM-Full_A-Riem_AdaBN-F,48,0.995,1
Lee2019_SSVEP,DeepConvNet,FM-Full_A-Riem_AdaBN-F,52,1,1
Lee2019_SSVEP,DeepConvNet,FM-Full_A-Riem_AdaBN-F,54,0.92,0.9900333333
Lee2019_SSVEP,DeepConvNet,FM-Full_A-Riem_AdaBN-T,4,1,1
Lee2019_SSVEP,DeepConvNet,FM-Full_A-Riem_AdaBN-T,5,0.845,0.979
Lee2019_SSVEP,DeepConvNet,FM-Full_A-Riem_AdaBN-T,6,1,1
Lee2019_SSVEP,DeepConvNet,FM-Full_A-Riem_AdaBN-T,7,0.995,1
Lee2019_SSVEP,DeepConvNet,FM-Full_A-Riem_AdaBN-T,9,0.99,1
Lee2019_SSVEP,DeepConvNet,FM-Full_A-Riem_AdaBN-T,10,0.995,1
Lee2019_SSVEP,DeepConvNet,FM-Full_A-Riem_AdaBN-T,13,0.995,1
Lee2019_SSVEP,DeepConvNet,FM-Full_A-Riem_AdaBN-T,14,0.985,0.9999
Lee2019_SSVEP,DeepConvNet,FM-Full_A-Riem_AdaBN-T,16,1,1
Lee2019_SSVEP,DeepConvNet,FM-Full_A-Riem_AdaBN-T,17,0.985,0.9992333333
Lee2019_SSVEP,DeepConvNet,FM-Full_A-Riem_AdaBN-T,18,0.985,0.9999333333
Lee2019_SSVEP,DeepConvNet,FM-Full_A-Riem_AdaBN-T,20,0.99,0.9998
Lee2019_SSVEP,DeepConvNet,FM-Full_A-Riem_AdaBN-T,25,0.97,0.9992333333
Lee2019_SSVEP,DeepConvNet,FM-Full_A-Riem_AdaBN-T,26,1,1
Lee2019_SSVEP,DeepConvNet,FM-Full_A-Riem_AdaBN-T,27,0.995,0.9999666667
Lee2019_SSVEP,DeepConvNet,FM-Full_A-Riem_AdaBN-T,31,1,1
Lee2019_SSVEP,DeepConvNet,FM-Full_A-Riem_AdaBN-T,33,1,1
Lee2019_SSVEP,DeepConvNet,FM-Full_A-Riem_AdaBN-T,34,0.92,0.9884
Lee2019_SSVEP,DeepConvNet,FM-Full_A-Riem_AdaBN-T,35,0.995,1
Lee2019_SSVEP,DeepConvNet,FM-Full_A-Riem_AdaBN-T,37,0.995,0.9998333333
Lee2019_SSVEP,DeepConvNet,FM-Full_A-Riem_AdaBN-T,38,0.99,0.9999666667
Lee2019_SSVEP,DeepConvNet,FM-Full_A-Riem_AdaBN-T,45,0.985,0.9994333333
Lee2019_SSVEP,DeepConvNet,FM-Full_A-Riem_AdaBN-T,46,1,1
Lee2019_SSVEP,DeepConvNet,FM-Full_A-Riem_AdaBN-T,49,1,1
Lee2019_SSVEP,DeepConvNet,FM-Full_A-Riem_AdaBN-T,50,1,1
Lee2019_SSVEP,DeepConvNet,FM-Full_A-Riem_AdaBN-T,51,0.875,0.9799833333
Lee2019_SSVEP,DeepConvNet,FM-Full_A-Riem_AdaBN-T,53,1,1
Lee2019_SSVEP,DeepConvNet,FM-Full_A-Riem_AdaBN-T,1,0.955,0.9983333333
Lee2019_SSVEP,DeepConvNet,FM-Full_A-Riem_AdaBN-T,2,0.995,0.9999333333
Lee2019_SSVEP,DeepConvNet,FM-Full_A-Riem_AdaBN-T,3,0.935,0.9949666667
Lee2019_SSVEP,DeepConvNet,FM-Full_A-Riem_AdaBN-T,8,0.975,0.99415
Lee2019_SSVEP,DeepConvNet,FM-Full_A-Riem_AdaBN-T,11,1,1
Lee2019_SSVEP,DeepConvNet,FM-Full_A-Riem_AdaBN-T,12,0.97,0.9994666667
Lee2019_SSVEP,DeepConvNet,FM-Full_A-Riem_AdaBN-T,15,1,1
Lee2019_SSVEP,DeepConvNet,FM-Full_A-Riem_AdaBN-T,19,0.98,0.9996
Lee2019_SSVEP,DeepConvNet,FM-Full_A-Riem_AdaBN-T,21,0.985,0.9995666667
Lee2019_SSVEP,DeepConvNet,FM-Full_A-Riem_AdaBN-T,22,0.98,0.9993666667
Lee2019_SSVEP,DeepConvNet,FM-Full_A-Riem_AdaBN-T,23,0.55,0.7699
Lee2019_SSVEP,DeepConvNet,FM-Full_A-Riem_AdaBN-T,24,0.995,0.9948666667
Lee2019_SSVEP,DeepConvNet,FM-Full_A-Riem_AdaBN-T,28,0.99,0.9998333333
Lee2019_SSVEP,DeepConvNet,FM-Full_A-Riem_AdaBN-T,29,0.985,0.9997333333
Lee2019_SSVEP,DeepConvNet,FM-Full_A-Riem_AdaBN-T,30,0.995,1
Lee2019_SSVEP,DeepConvNet,FM-Full_A-Riem_AdaBN-T,32,0.975,0.9989666667
Lee2019_SSVEP,DeepConvNet,FM-Full_A-Riem_AdaBN-T,36,1,1
Lee2019_SSVEP,DeepConvNet,FM-Full_A-Riem_AdaBN-T,39,1,1
Lee2019_SSVEP,DeepConvNet,FM-Full_A-Riem_AdaBN-T,40,0.945,0.9965666667
Lee2019_SSVEP,DeepConvNet,FM-Full_A-Riem_AdaBN-T,41,0.995,0.9999
Lee2019_SSVEP,DeepConvNet,FM-Full_A-Riem_AdaBN-T,42,0.815,0.9686
Lee2019_SSVEP,DeepConvNet,FM-Full_A-Riem_AdaBN-T,43,1,1
Lee2019_SSVEP,DeepConvNet,FM-Full_A-Riem_AdaBN-T,44,1,1
Lee2019_SSVEP,DeepConvNet,FM-Full_A-Riem_AdaBN-T,47,0.695,0.9019333333
Lee2019_SSVEP,DeepConvNet,FM-Full_A-Riem_AdaBN-T,48,0.995,1
Lee2019_SSVEP,DeepConvNet,FM-Full_A-Riem_AdaBN-T,52,1,1
Lee2019_SSVEP,DeepConvNet,FM-Full_A-Riem_AdaBN-T,54,0.9,0.9838333333
Lee2019_SSVEP,DeepConvNet,FM-None_A-Eucl_AdaBN-T,4,1,1
Lee2019_SSVEP,DeepConvNet,FM-None_A-Eucl_AdaBN-T,5,0.86,0.9790333333
Lee2019_SSVEP,DeepConvNet,FM-None_A-Eucl_AdaBN-T,6,0.995,1
Lee2019_SSVEP,DeepConvNet,FM-None_A-Eucl_AdaBN-T,7,0.995,1
Lee2019_SSVEP,DeepConvNet,FM-None_A-Eucl_AdaBN-T,9,0.995,0.9999666667
Lee2019_SSVEP,DeepConvNet,FM-None_A-Eucl_AdaBN-T,10,0.995,1
Lee2019_SSVEP,DeepConvNet,FM-None_A-Eucl_AdaBN-T,13,0.995,1
Lee2019_SSVEP,DeepConvNet,FM-None_A-Eucl_AdaBN-T,14,0.93,0.9964
Lee2019_SSVEP,DeepConvNet,FM-None_A-Eucl_AdaBN-T,16,1,1
Lee2019_SSVEP,DeepConvNet,FM-None_A-Eucl_AdaBN-T,17,0.975,0.9988
Lee2019_SSVEP,DeepConvNet,FM-None_A-Eucl_AdaBN-T,18,0.99,0.9999333333
Lee2019_SSVEP,DeepConvNet,FM-None_A-Eucl_AdaBN-T,20,0.995,1
Lee2019_SSVEP,DeepConvNet,FM-None_A-Eucl_AdaBN-T,25,0.95,0.9974333333
Lee2019_SSVEP,DeepConvNet,FM-None_A-Eucl_AdaBN-T,26,1,1
Lee2019_SSVEP,DeepConvNet,FM-None_A-Eucl_AdaBN-T,27,0.995,0.9999666667
Lee2019_SSVEP,DeepConvNet,FM-None_A-Eucl_AdaBN-T,31,1,1
Lee2019_SSVEP,DeepConvNet,FM-None_A-Eucl_AdaBN-T,33,1,1
Lee2019_SSVEP,DeepConvNet,FM-None_A-Eucl_AdaBN-T,34,0.855,0.9652
Lee2019_SSVEP,DeepConvNet,FM-None_A-Eucl_AdaBN-T,35,0.995,0.9999666667
Lee2019_SSVEP,DeepConvNet,FM-None_A-Eucl_AdaBN-T,37,0.995,0.9999
Lee2019_SSVEP,DeepConvNet,FM-None_A-Eucl_AdaBN-T,38,0.995,1
Lee2019_SSVEP,DeepConvNet,FM-None_A-Eucl_AdaBN-T,45,0.965,0.9977
Lee2019_SSVEP,DeepConvNet,FM-None_A-Eucl_AdaBN-T,46,0.995,1
Lee2019_SSVEP,DeepConvNet,FM-None_A-Eucl_AdaBN-T,49,1,1
Lee2019_SSVEP,DeepConvNet,FM-None_A-Eucl_AdaBN-T,50,0.995,1
Lee2019_SSVEP,DeepConvNet,FM-None_A-Eucl_AdaBN-T,51,0.85,0.9715
Lee2019_SSVEP,DeepConvNet,FM-None_A-Eucl_AdaBN-T,53,1,1
Lee2019_SSVEP,DeepConvNet,FM-None_A-Eucl_AdaBN-T,1,0.95,0.9979666667
Lee2019_SSVEP,DeepConvNet,FM-None_A-Eucl_AdaBN-T,2,0.995,0.9999666667
Lee2019_SSVEP,DeepConvNet,FM-None_A-Eucl_AdaBN-T,3,0.94,0.9962666667
Lee2019_SSVEP,DeepConvNet,FM-None_A-Eucl_AdaBN-T,8,0.975,0.99355
Lee2019_SSVEP,DeepConvNet,FM-None_A-Eucl_AdaBN-T,11,1,1
Lee2019_SSVEP,DeepConvNet,FM-None_A-Eucl_AdaBN-T,12,0.975,0.9997
Lee2019_SSVEP,DeepConvNet,FM-None_A-Eucl_AdaBN-T,15,1,1
Lee2019_SSVEP,DeepConvNet,FM-None_A-Eucl_AdaBN-T,19,0.98,1
Lee2019_SSVEP,DeepConvNet,FM-None_A-Eucl_AdaBN-T,21,0.955,0.9981333333
Lee2019_SSVEP,DeepConvNet,FM-None_A-Eucl_AdaBN-T,22,0.975,0.9957
Lee2019_SSVEP,DeepConvNet,FM-None_A-Eucl_AdaBN-T,23,0.345,0.6119666667
Lee2019_SSVEP,DeepConvNet,FM-None_A-Eucl_AdaBN-T,24,0.99,0.9947833333
Lee2019_SSVEP,DeepConvNet,FM-None_A-Eucl_AdaBN-T,28,0.98,0.9997666667
Lee2019_SSVEP,DeepConvNet,FM-None_A-Eucl_AdaBN-T,29,0.98,0.9993
Lee2019_SSVEP,DeepConvNet,FM-None_A-Eucl_AdaBN-T,30,0.995,1
Lee2019_SSVEP,DeepConvNet,FM-None_A-Eucl_AdaBN-T,32,0.925,0.9934
Lee2019_SSVEP,DeepConvNet,FM-None_A-Eucl_AdaBN-T,36,1,1
Lee2019_SSVEP,DeepConvNet,FM-None_A-Eucl_AdaBN-T,39,1,1
Lee2019_SSVEP,DeepConvNet,FM-None_A-Eucl_AdaBN-T,40,0.94,0.9966333333
Lee2019_SSVEP,DeepConvNet,FM-None_A-Eucl_AdaBN-T,41,0.99,0.9993666667
Lee2019_SSVEP,DeepConvNet,FM-None_A-Eucl_AdaBN-T,42,0.845,0.9713666667
Lee2019_SSVEP,DeepConvNet,FM-None_A-Eucl_AdaBN-T,43,1,1
Lee2019_SSVEP,DeepConvNet,FM-None_A-Eucl_AdaBN-T,44,1,1
Lee2019_SSVEP,DeepConvNet,FM-None_A-Eucl_AdaBN-T,47,0.665,0.89585
Lee2019_SSVEP,DeepConvNet,FM-None_A-Eucl_AdaBN-T,48,0.995,1
Lee2019_SSVEP,DeepConvNet,FM-None_A-Eucl_AdaBN-T,52,0.995,1
Lee2019_SSVEP,DeepConvNet,FM-None_A-Eucl_AdaBN-T,54,0.86,0.9681
Lee2019_SSVEP,DeepConvNet,FM-None_A-None_AdaBN-F,4,1,1
Lee2019_SSVEP,DeepConvNet,FM-None_A-None_AdaBN-F,5,0.86,0.9827666667
Lee2019_SSVEP,DeepConvNet,FM-None_A-None_AdaBN-F,6,1,1
Lee2019_SSVEP,DeepConvNet,FM-None_A-None_AdaBN-F,7,1,1
Lee2019_SSVEP,DeepConvNet,FM-None_A-None_AdaBN-F,9,0.995,0.9999666667
Lee2019_SSVEP,DeepConvNet,FM-None_A-None_AdaBN-F,10,1,1
Lee2019_SSVEP,DeepConvNet,FM-None_A-None_AdaBN-F,13,0.93,0.9973666667
Lee2019_SSVEP,DeepConvNet,FM-None_A-None_AdaBN-F,14,0.855,0.9757
Lee2019_SSVEP,DeepConvNet,FM-None_A-None_AdaBN-F,16,1,1
Lee2019_SSVEP,DeepConvNet,FM-None_A-None_AdaBN-F,17,0.98,0.9999333333
Lee2019_SSVEP,DeepConvNet,FM-None_A-None_AdaBN-F,18,0.995,1
Lee2019_SSVEP,DeepConvNet,FM-None_A-None_AdaBN-F,20,0.995,1
Lee2019_SSVEP,DeepConvNet,FM-None_A-None_AdaBN-F,25,0.985,0.9994
Lee2019_SSVEP,DeepConvNet,FM-None_A-None_AdaBN-F,26,0.99,1
Lee2019_SSVEP,DeepConvNet,FM-None_A-None_AdaBN-F,27,1,1
Lee2019_SSVEP,DeepConvNet,FM-None_A-None_AdaBN-F,31,1,1
Lee2019_SSVEP,DeepConvNet,FM-None_A-None_AdaBN-F,33,1,1
Lee2019_SSVEP,DeepConvNet,FM-None_A-None_AdaBN-F,34,0.81,0.9505166667
Lee2019_SSVEP,DeepConvNet,FM-None_A-None_AdaBN-F,35,0.98,0.9999333333
Lee2019_SSVEP,DeepConvNet,FM-None_A-None_AdaBN-F,37,0.99,0.9998666667
Lee2019_SSVEP,DeepConvNet,FM-None_A-None_AdaBN-F,38,0.995,1
Lee2019_SSVEP,DeepConvNet,FM-None_A-None_AdaBN-F,45,0.96,0.9995
Lee2019_SSVEP,DeepConvNet,FM-None_A-None_AdaBN-F,46,0.945,0.99955
Lee2019_SSVEP,DeepConvNet,FM-None_A-None_AdaBN-F,49,1,1
Lee2019_SSVEP,DeepConvNet,FM-None_A-None_AdaBN-F,50,0.99,1
Lee2019_SSVEP,DeepConvNet,FM-None_A-None_AdaBN-F,51,0.845,0.9676
Lee2019_SSVEP,DeepConvNet,FM-None_A-None_AdaBN-F,53,1,1
Lee2019_SSVEP,DeepConvNet,FM-None_A-None_AdaBN-F,1,0.96,0.9989333333
Lee2019_SSVEP,DeepConvNet,FM-None_A-None_AdaBN-F,2,0.99,1
Lee2019_SSVEP,DeepConvNet,FM-None_A-None_AdaBN-F,3,0.945,0.9975
Lee2019_SSVEP,DeepConvNet,FM-None_A-None_AdaBN-F,8,0.975,0.9929166667
Lee2019_SSVEP,DeepConvNet,FM-None_A-None_AdaBN-F,11,1,1
Lee2019_SSVEP,DeepConvNet,FM-None_A-None_AdaBN-F,12,0.98,0.9994666667
Lee2019_SSVEP,DeepConvNet,FM-None_A-None_AdaBN-F,15,0.88,0.9888666667
Lee2019_SSVEP,DeepConvNet,FM-None_A-None_AdaBN-F,19,0.98,1
Lee2019_SSVEP,DeepConvNet,FM-None_A-None_AdaBN-F,21,0.99,0.9996666667
Lee2019_SSVEP,DeepConvNet,FM-None_A-None_AdaBN-F,22,0.935,0.9939
Lee2019_SSVEP,DeepConvNet,FM-None_A-None_AdaBN-F,23,0.32,0.5887666667
Lee2019_SSVEP,DeepConvNet,FM-None_A-None_AdaBN-F,24,0.96,0.9945166667
Lee2019_SSVEP,DeepConvNet,FM-None_A-None_AdaBN-F,28,0.98,0.9996
Lee2019_SSVEP,DeepConvNet,FM-None_A-None_AdaBN-F,29,0.935,0.9968666667
Lee2019_SSVEP,DeepConvNet,FM-None_A-None_AdaBN-F,30,0.995,1
Lee2019_SSVEP,DeepConvNet,FM-None_A-None_AdaBN-F,32,0.92,0.997
Lee2019_SSVEP,DeepConvNet,FM-None_A-None_AdaBN-F,36,1,1
Lee2019_SSVEP,DeepConvNet,FM-None_A-None_AdaBN-F,39,1,1
Lee2019_SSVEP,DeepConvNet,FM-None_A-None_AdaBN-F,40,0.955,0.9980333333
Lee2019_SSVEP,DeepConvNet,FM-None_A-None_AdaBN-F,41,0.99,0.9997333333
Lee2019_SSVEP,DeepConvNet,FM-None_A-None_AdaBN-F,42,0.84,0.9728666667
Lee2019_SSVEP,DeepConvNet,FM-None_A-None_AdaBN-F,43,1,1
Lee2019_SSVEP,DeepConvNet,FM-None_A-None_AdaBN-F,44,0.995,1
Lee2019_SSVEP,DeepConvNet,FM-None_A-None_AdaBN-F,47,0.63,0.8850666667
Lee2019_SSVEP,DeepConvNet,FM-None_A-None_AdaBN-F,48,0.995,1
Lee2019_SSVEP,DeepConvNet,FM-None_A-None_AdaBN-F,52,0.985,1
Lee2019_SSVEP,DeepConvNet,FM-None_A-None_AdaBN-F,54,0.78,0.9746333333
Lee2019_SSVEP,DeepConvNet,NoPre_FM-Full_A-Eucl_AdaBN-T,4,0.625,0.8449333333
Lee2019_SSVEP,DeepConvNet,NoPre_FM-Full_A-Eucl_AdaBN-T,5,0.37,0.618
Lee2019_SSVEP,DeepConvNet,NoPre_FM-Full_A-Eucl_AdaBN-T,6,0.55,0.8051333333
Lee2019_SSVEP,DeepConvNet,NoPre_FM-Full_A-Eucl_AdaBN-T,7,0.66,0.8972666667
Lee2019_SSVEP,DeepConvNet,NoPre_FM-Full_A-Eucl_AdaBN-T,9,0.445,0.6974
Lee2019_SSVEP,DeepConvNet,NoPre_FM-Full_A-Eucl_AdaBN-T,10,0.45,0.6933333333
Lee2019_SSVEP,DeepConvNet,NoPre_FM-Full_A-Eucl_AdaBN-T,13,0.485,0.7308333333
Lee2019_SSVEP,DeepConvNet,NoPre_FM-Full_A-Eucl_AdaBN-T,14,0.465,0.7042
Lee2019_SSVEP,DeepConvNet,NoPre_FM-Full_A-Eucl_AdaBN-T,16,0.43,0.6910333333
Lee2019_SSVEP,DeepConvNet,NoPre_FM-Full_A-Eucl_AdaBN-T,17,0.36,0.6528666667
Lee2019_SSVEP,DeepConvNet,NoPre_FM-Full_A-Eucl_AdaBN-T,18,0.695,0.9053333333
Lee2019_SSVEP,DeepConvNet,NoPre_FM-Full_A-Eucl_AdaBN-T,20,0.315,0.5943333333
Lee2019_SSVEP,DeepConvNet,NoPre_FM-Full_A-Eucl_AdaBN-T,25,0.5,0.7701
Lee2019_SSVEP,DeepConvNet,NoPre_FM-Full_A-Eucl_AdaBN-T,26,0.53,0.7700333333
Lee2019_SSVEP,DeepConvNet,NoPre_FM-Full_A-Eucl_AdaBN-T,27,0.48,0.7705
Lee2019_SSVEP,DeepConvNet,NoPre_FM-Full_A-Eucl_AdaBN-T,31,0.375,0.6604666667
Lee2019_SSVEP,DeepConvNet,NoPre_FM-Full_A-Eucl_AdaBN-T,33,0.55,0.7645333333
Lee2019_SSVEP,DeepConvNet,NoPre_FM-Full_A-Eucl_AdaBN-T,34,0.295,0.5454333333
Lee2019_SSVEP,DeepConvNet,NoPre_FM-Full_A-Eucl_AdaBN-T,35,0.55,0.7941
Lee2019_SSVEP,DeepConvNet,NoPre_FM-Full_A-Eucl_AdaBN-T,37,0.455,0.7096333333
Lee2019_SSVEP,DeepConvNet,NoPre_FM-Full_A-Eucl_AdaBN-T,38,0.59,0.8468
Lee2019_SSVEP,DeepConvNet,NoPre_FM-Full_A-Eucl_AdaBN-T,45,0.355,0.6240666667
Lee2019_SSVEP,DeepConvNet,NoPre_FM-Full_A-Eucl_AdaBN-T,46,0.51,0.7536
Lee2019_SSVEP,DeepConvNet,NoPre_FM-Full_A-Eucl_AdaBN-T,49,0.515,0.7749666667
Lee2019_SSVEP,DeepConvNet,NoPre_FM-Full_A-Eucl_AdaBN-T,50,0.465,0.743
Lee2019_SSVEP,DeepConvNet,NoPre_FM-Full_A-Eucl_AdaBN-T,51,0.345,0.6200666667
Lee2019_SSVEP,DeepConvNet,NoPre_FM-Full_A-Eucl_AdaBN-T,53,0.51,0.7843333333
Lee2019_SSVEP,DeepConvNet,NoPre_FM-Full_A-Eucl_AdaBN-T,1,0.39,0.6233
Lee2019_SSVEP,DeepConvNet,NoPre_FM-Full_A-Eucl_AdaBN-T,2,0.29,0.5543333333
Lee2019_SSVEP,DeepConvNet,NoPre_FM-Full_A-Eucl_AdaBN-T,3,0.515,0.7742666667
Lee2019_SSVEP,DeepConvNet,NoPre_FM-Full_A-Eucl_AdaBN-T,8,0.305,0.5717333333
Lee2019_SSVEP,DeepConvNet,NoPre_FM-Full_A-Eucl_AdaBN-T,11,0.435,0.7214333333
Lee2019_SSVEP,DeepConvNet,NoPre_FM-Full_A-Eucl_AdaBN-T,12,0.425,0.6774
Lee2019_SSVEP,DeepConvNet,NoPre_FM-Full_A-Eucl_AdaBN-T,15,0.66,0.8735333333
Lee2019_SSVEP,DeepConvNet,NoPre_FM-Full_A-Eucl_AdaBN-T,19,0.445,0.7257
Lee2019_SSVEP,DeepConvNet,NoPre_FM-Full_A-Eucl_AdaBN-T,21,0.52,0.79
Lee2019_SSVEP,DeepConvNet,NoPre_FM-Full_A-Eucl_AdaBN-T,22,0.34,0.6275333333
Lee2019_SSVEP,DeepConvNet,NoPre_FM-Full_A-Eucl_AdaBN-T,23,0.24,0.5132
Lee2019_SSVEP,DeepConvNet,NoPre_FM-Full_A-Eucl_AdaBN-T,24,0.315,0.5830666667
Lee2019_SSVEP,DeepConvNet,NoPre_FM-Full_A-Eucl_AdaBN-T,28,0.395,0.6572
Lee2019_SSVEP,DeepConvNet,NoPre_FM-Full_A-Eucl_AdaBN-T,29,0.395,0.6123
Lee2019_SSVEP,DeepConvNet,NoPre_FM-Full_A-Eucl_AdaBN-T,30,0.62,0.8510666667
Lee2019_SSVEP,DeepConvNet,NoPre_FM-Full_A-Eucl_AdaBN-T,32,0.49,0.7646333333
Lee2019_SSVEP,DeepConvNet,NoPre_FM-Full_A-Eucl_AdaBN-T,36,0.635,0.8558666667
Lee2019_SSVEP,DeepConvNet,NoPre_FM-Full_A-Eucl_AdaBN-T,39,0.435,0.7245333333
Lee2019_SSVEP,DeepConvNet,NoPre_FM-Full_A-Eucl_AdaBN-T,40,0.28,0.5488333333
Lee2019_SSVEP,DeepConvNet,NoPre_FM-Full_A-Eucl_AdaBN-T,41,0.54,0.7925
Lee2019_SSVEP,DeepConvNet,NoPre_FM-Full_A-Eucl_AdaBN-T,42,0.38,0.6161666667
Lee2019_SSVEP,DeepConvNet,NoPre_FM-Full_A-Eucl_AdaBN-T,43,0.69,0.8952666667
Lee2019_SSVEP,DeepConvNet,NoPre_FM-Full_A-Eucl_AdaBN-T,44,0.62,0.8548
Lee2019_SSVEP,DeepConvNet,NoPre_FM-Full_A-Eucl_AdaBN-T,47,0.28,0.5555333333
Lee2019_SSVEP,DeepConvNet,NoPre_FM-Full_A-Eucl_AdaBN-T,48,0.615,0.8565
Lee2019_SSVEP,DeepConvNet,NoPre_FM-Full_A-Eucl_AdaBN-T,52,0.385,0.6153333333
Lee2019_SSVEP,DeepConvNet,NoPre_FM-Full_A-Eucl_AdaBN-T,54,0.275,0.5418666667
Lee2019_SSVEP,DeepConvNet,NoPre_FM-Full_A-None_AdaBN-F,4,0.62,0.8812
Lee2019_SSVEP,DeepConvNet,NoPre_FM-Full_A-None_AdaBN-F,5,0.245,0.5052
Lee2019_SSVEP,DeepConvNet,NoPre_FM-Full_A-None_AdaBN-F,6,0.42,0.7506666667
Lee2019_SSVEP,DeepConvNet,NoPre_FM-Full_A-None_AdaBN-F,7,0.375,0.7299666667
Lee2019_SSVEP,DeepConvNet,NoPre_FM-Full_A-None_AdaBN-F,9,0.295,0.5941333333
Lee2019_SSVEP,DeepConvNet,NoPre_FM-Full_A-None_AdaBN-F,10,0.235,0.5641
Lee2019_SSVEP,DeepConvNet,NoPre_FM-Full_A-None_AdaBN-F,13,0.32,0.6086333333
Lee2019_SSVEP,DeepConvNet,NoPre_FM-Full_A-None_AdaBN-F,14,0.245,0.5433
Lee2019_SSVEP,DeepConvNet,NoPre_FM-Full_A-None_AdaBN-F,16,0.35,0.6606333333
Lee2019_SSVEP,DeepConvNet,NoPre_FM-Full_A-None_AdaBN-F,17,0.21,0.4862666667
Lee2019_SSVEP,DeepConvNet,NoPre_FM-Full_A-None_AdaBN-F,18,0.415,0.7651333333
Lee2019_SSVEP,DeepConvNet,NoPre_FM-Full_A-None_AdaBN-F,20,0.265,0.5441666667
Lee2019_SSVEP,DeepConvNet,NoPre_FM-Full_A-None_AdaBN-F,25,0.43,0.7038
Lee2019_SSVEP,DeepConvNet,NoPre_FM-Full_A-None_AdaBN-F,26,0.38,0.6806333333
Lee2019_SSVEP,DeepConvNet,NoPre_FM-Full_A-None_AdaBN-F,27,0.415,0.7224666667
Lee2019_SSVEP,DeepConvNet,NoPre_FM-Full_A-None_AdaBN-F,31,0.405,0.6855
Lee2019_SSVEP,DeepConvNet,NoPre_FM-Full_A-None_AdaBN-F,33,0.33,0.6079
Lee2019_SSVEP,DeepConvNet,NoPre_FM-Full_A-None_AdaBN-F,34,0.295,0.5536
Lee2019_SSVEP,DeepConvNet,NoPre_FM-Full_A-None_AdaBN-F,35,0.285,0.5784666667
Lee2019_SSVEP,DeepConvNet,NoPre_FM-Full_A-None_AdaBN-F,37,0.245,0.6098
Lee2019_SSVEP,DeepConvNet,NoPre_FM-Full_A-None_AdaBN-F,38,0.285,0.5832666667
Lee2019_SSVEP,DeepConvNet,NoPre_FM-Full_A-None_AdaBN-F,45,0.245,0.5207333333
Lee2019_SSVEP,DeepConvNet,NoPre_FM-Full_A-None_AdaBN-F,46,0.31,0.6068333333
Lee2019_SSVEP,DeepConvNet,NoPre_FM-Full_A-None_AdaBN-F,49,0.425,0.7477
Lee2019_SSVEP,DeepConvNet,NoPre_FM-Full_A-None_AdaBN-F,50,0.275,0.595
Lee2019_SSVEP,DeepConvNet,NoPre_FM-Full_A-None_AdaBN-F,51,0.24,0.4774333333
Lee2019_SSVEP,DeepConvNet,NoPre_FM-Full_A-None_AdaBN-F,53,0.285,0.5872333333
Lee2019_SSVEP,DeepConvNet,NoPre_FM-Full_A-None_AdaBN-F,1,0.31,0.5470666667
Lee2019_SSVEP,DeepConvNet,NoPre_FM-Full_A-None_AdaBN-F,2,0.27,0.5705
Lee2019_SSVEP,DeepConvNet,NoPre_FM-Full_A-None_AdaBN-F,3,0.315,0.6522666667
Lee2019_SSVEP,DeepConvNet,NoPre_FM-Full_A-None_AdaBN-F,8,0.23,0.5507
Lee2019_SSVEP,DeepConvNet,NoPre_FM-Full_A-None_AdaBN-F,11,0.47,0.7601333333
Lee2019_SSVEP,DeepConvNet,NoPre_FM-Full_A-None_AdaBN-F,12,0.35,0.6572333333
Lee2019_SSVEP,DeepConvNet,NoPre_FM-Full_A-None_AdaBN-F,15,0.295,0.6782
Lee2019_SSVEP,DeepConvNet,NoPre_FM-Full_A-None_AdaBN-F,19,0.21,0.5103333333
Lee2019_SSVEP,DeepConvNet,NoPre_FM-Full_A-None_AdaBN-F,21,0.51,0.7894
Lee2019_SSVEP,DeepConvNet,NoPre_FM-Full_A-None_AdaBN-F,22,0.275,0.5422
Lee2019_SSVEP,DeepConvNet,NoPre_FM-Full_A-None_AdaBN-F,23,0.245,0.5336
Lee2019_SSVEP,DeepConvNet,NoPre_FM-Full_A-None_AdaBN-F,24,0.265,0.5681333333
Lee2019_SSVEP,DeepConvNet,NoPre_FM-Full_A-None_AdaBN-F,28,0.345,0.6606666667
Lee2019_SSVEP,DeepConvNet,NoPre_FM-Full_A-None_AdaBN-F,29,0.305,0.6081
Lee2019_SSVEP,DeepConvNet,NoPre_FM-Full_A-None_AdaBN-F,30,0.405,0.7437
Lee2019_SSVEP,DeepConvNet,NoPre_FM-Full_A-None_AdaBN-F,32,0.255,0.6209333333
Lee2019_SSVEP,DeepConvNet,NoPre_FM-Full_A-None_AdaBN-F,36,0.605,0.9106333333
Lee2019_SSVEP,DeepConvNet,NoPre_FM-Full_A-None_AdaBN-F,39,0.3,0.6146
Lee2019_SSVEP,DeepConvNet,NoPre_FM-Full_A-None_AdaBN-F,40,0.27,0.4933666667
Lee2019_SSVEP,DeepConvNet,NoPre_FM-Full_A-None_AdaBN-F,41,0.455,0.7388333333
Lee2019_SSVEP,DeepConvNet,NoPre_FM-Full_A-None_AdaBN-F,42,0.27,0.5158666667
Lee2019_SSVEP,DeepConvNet,NoPre_FM-Full_A-None_AdaBN-F,43,0.28,0.6837333333
Lee2019_SSVEP,DeepConvNet,NoPre_FM-Full_A-None_AdaBN-F,44,0.325,0.6964
Lee2019_SSVEP,DeepConvNet,NoPre_FM-Full_A-None_AdaBN-F,47,0.265,0.5121666667
Lee2019_SSVEP,DeepConvNet,NoPre_FM-Full_A-None_AdaBN-F,48,0.385,0.7285333333
Lee2019_SSVEP,DeepConvNet,NoPre_FM-Full_A-None_AdaBN-F,52,0.31,0.6042666667
Lee2019_SSVEP,DeepConvNet,NoPre_FM-Full_A-None_AdaBN-F,54,0.215,0.4950333333
MAMEM2,DeepConvNet,FM-Dec_A-Eucl_AdaBN-F,1,0.1666666667,0.4813978947
MAMEM2,DeepConvNet,FM-Dec_A-Eucl_AdaBN-F,2,0.2386666667,0.5671805514
MAMEM2,DeepConvNet,FM-Dec_A-Eucl_AdaBN-F,6,0.1753333333,0.4579733333
MAMEM2,DeepConvNet,FM-Dec_A-Eucl_AdaBN-F,8,0.206,0.5214199499
MAMEM2,DeepConvNet,FM-Dec_A-Eucl_AdaBN-F,9,0.1466666667,0.4673020551
MAMEM2,DeepConvNet,FM-Dec_A-Eucl_AdaBN-F,3,0.2506666667,0.5528555388
MAMEM2,DeepConvNet,FM-Dec_A-Eucl_AdaBN-F,4,0.212,0.4972513283
MAMEM2,DeepConvNet,FM-Dec_A-Eucl_AdaBN-F,5,0.1973333333,0.4716483208
MAMEM2,DeepConvNet,FM-Dec_A-Eucl_AdaBN-F,7,0.2066666667,0.5045946867
MAMEM2,DeepConvNet,FM-Dec_A-Eucl_AdaBN-F,10,0.1426666667,0.4744405013
MAMEM2,DeepConvNet,FM-Dec_A-Eucl_AdaBN-T,1,0.2013333333,0.488072782
MAMEM2,DeepConvNet,FM-Dec_A-Eucl_AdaBN-T,2,0.2706666667,0.5748537343
MAMEM2,DeepConvNet,FM-Dec_A-Eucl_AdaBN-T,6,0.1646666667,0.4623374436
MAMEM2,DeepConvNet,FM-Dec_A-Eucl_AdaBN-T,8,0.1986666667,0.5088334837
MAMEM2,DeepConvNet,FM-Dec_A-Eucl_AdaBN-T,9,0.1673333333,0.4761158897
MAMEM2,DeepConvNet,FM-Dec_A-Eucl_AdaBN-T,3,0.208,0.5214221554
MAMEM2,DeepConvNet,FM-Dec_A-Eucl_AdaBN-T,4,0.2153333333,0.5107903759
MAMEM2,DeepConvNet,FM-Dec_A-Eucl_AdaBN-T,5,0.184,0.4749974937
MAMEM2,DeepConvNet,FM-Dec_A-Eucl_AdaBN-T,7,0.2093333333,0.4959683208
MAMEM2,DeepConvNet,FM-Dec_A-Eucl_AdaBN-T,10,0.172,0.4760306767
MAMEM2,DeepConvNet,FM-Dec_A-None_AdaBN-F,1,0.2333333333,0.5469072682
MAMEM2,DeepConvNet,FM-Dec_A-None_AdaBN-F,2,0.24,0.5313814536
MAMEM2,DeepConvNet,FM-Dec_A-None_AdaBN-F,6,0.2033333333,0.5274466165
MAMEM2,DeepConvNet,FM-Dec_A-None_AdaBN-F,8,0.204,0.5007751378
MAMEM2,DeepConvNet,FM-Dec_A-None_AdaBN-F,9,0.1766666667,0.4387566917
MAMEM2,DeepConvNet,FM-Dec_A-None_AdaBN-F,3,0.2193333333,0.5314307769
MAMEM2,DeepConvNet,FM-Dec_A-None_AdaBN-F,4,0.1986666667,0.5076184461
MAMEM2,DeepConvNet,FM-Dec_A-None_AdaBN-F,5,0.196,0.5054361905
MAMEM2,DeepConvNet,FM-Dec_A-None_AdaBN-F,7,0.1726666667,0.4792230576
MAMEM2,DeepConvNet,FM-Dec_A-None_AdaBN-F,10,0.188,0.5004657644
MAMEM2,DeepConvNet,FM-Dec_A-Riem_AdaBN-T,1,0.1826666667,0.4741243108
MAMEM2,DeepConvNet,FM-Dec_A-Riem_AdaBN-T,2,0.2793333333,0.5665916792
MAMEM2,DeepConvNet,FM-Dec_A-Riem_AdaBN-T,6,0.2493333333,0.4747613033
MAMEM2,DeepConvNet,FM-Dec_A-Riem_AdaBN-T,8,0.2226666667,0.5290566416
MAMEM2,DeepConvNet,FM-Dec_A-Riem_AdaBN-T,9,0.158,0.4361606015
MAMEM2,DeepConvNet,FM-Dec_A-Riem_AdaBN-T,3,0.2133333333,0.4753281203
MAMEM2,DeepConvNet,FM-Dec_A-Riem_AdaBN-T,4,0.2253333333,0.4978091228
MAMEM2,DeepConvNet,FM-Dec_A-Riem_AdaBN-T,5,0.2146666667,0.4993257143
MAMEM2,DeepConvNet,FM-Dec_A-Riem_AdaBN-T,7,0.2546666667,0.5330065163
MAMEM2,DeepConvNet,FM-Dec_A-Riem_AdaBN-T,10,0.1486666667,0.4593433584
MAMEM2,DeepConvNet,FM-Full_A-Eucl_AdaBN-F,1,0.1786666667,0.476322005
MAMEM2,DeepConvNet,FM-Full_A-Eucl_AdaBN-F,2,0.2633333333,0.564886015
MAMEM2,DeepConvNet,FM-Full_A-Eucl_AdaBN-F,6,0.1646666667,0.4492188471
MAMEM2,DeepConvNet,FM-Full_A-Eucl_AdaBN-F,8,0.25,0.5306678697
MAMEM2,DeepConvNet,FM-Full_A-Eucl_AdaBN-F,9,0.2226666667,0.4921589975
MAMEM2,DeepConvNet,FM-Full_A-Eucl_AdaBN-F,3,0.218,0.5323308271
MAMEM2,DeepConvNet,FM-Full_A-Eucl_AdaBN-F,4,0.2113333333,0.4924970426
MAMEM2,DeepConvNet,FM-Full_A-Eucl_AdaBN-F,5,0.1846666667,0.4800146366
MAMEM2,DeepConvNet,FM-Full_A-Eucl_AdaBN-F,7,0.174,0.4717962907
MAMEM2,DeepConvNet,FM-Full_A-Eucl_AdaBN-F,10,0.1686666667,0.4809782456
MAMEM2,DeepConvNet,FM-Full_A-Eucl_AdaBN-T,1,0.2393333333,0.4872455138
MAMEM2,DeepConvNet,FM-Full_A-Eucl_AdaBN-T,2,0.292,0.5758261654
MAMEM2,DeepConvNet,FM-Full_A-Eucl_AdaBN-T,6,0.188,0.4653916792
MAMEM2,DeepConvNet,FM-Full_A-Eucl_AdaBN-T,8,0.216,0.5285305263
MAMEM2,DeepConvNet,FM-Full_A-Eucl_AdaBN-T,9,0.2306666667,0.5041646115
MAMEM2,DeepConvNet,FM-Full_A-Eucl_AdaBN-T,3,0.2313333333,0.5292721805
MAMEM2,DeepConvNet,FM-Full_A-Eucl_AdaBN-T,4,0.1966666667,0.5025750376
MAMEM2,DeepConvNet,FM-Full_A-Eucl_AdaBN-T,5,0.2006666667,0.4869172932
MAMEM2,DeepConvNet,FM-Full_A-Eucl_AdaBN-T,7,0.2093333333,0.4758061153
MAMEM2,DeepConvNet,FM-Full_A-Eucl_AdaBN-T,10,0.158,0.4595137845
MAMEM2,DeepConvNet,FM-Full_A-None_AdaBN-F,1,0.2446666667,0.5487091729
MAMEM2,DeepConvNet,FM-Full_A-None_AdaBN-F,2,0.2146666667,0.5596531328
MAMEM2,DeepConvNet,FM-Full_A-None_AdaBN-F,6,0.2306666667,0.5050241604
MAMEM2,DeepConvNet,FM-Full_A-None_AdaBN-F,8,0.206,0.5077259148
MAMEM2,DeepConvNet,FM-Full_A-None_AdaBN-F,9,0.1126666667,0.4476441103
MAMEM2,DeepConvNet,FM-Full_A-None_AdaBN-F,3,0.2433333333,0.5300423058
MAMEM2,DeepConvNet,FM-Full_A-None_AdaBN-F,4,0.1853333333,0.5030594486
MAMEM2,DeepConvNet,FM-Full_A-None_AdaBN-F,5,0.2093333333,0.5132629574
MAMEM2,DeepConvNet,FM-Full_A-None_AdaBN-F,7,0.164,0.4807328321
MAMEM2,DeepConvNet,FM-Full_A-None_AdaBN-F,10,0.192,0.4884924311
MAMEM2,DeepConvNet,FM-Full_A-Riem_AdaBN-F,1,0.2066666667,0.4916106266
MAMEM2,DeepConvNet,FM-Full_A-Riem_AdaBN-F,2,0.2906666667,0.5881124812
MAMEM2,DeepConvNet,FM-Full_A-Riem_AdaBN-F,6,0.2013333333,0.4908234586
MAMEM2,DeepConvNet,FM-Full_A-Riem_AdaBN-F,8,0.2793333333,0.570806015
MAMEM2,DeepConvNet,FM-Full_A-Riem_AdaBN-F,9,0.1266666667,0.4351300251
MAMEM2,DeepConvNet,FM-Full_A-Riem_AdaBN-F,3,0.1933333333,0.504400401
MAMEM2,DeepConvNet,FM-Full_A-Riem_AdaBN-F,4,0.216,0.5014516291
MAMEM2,DeepConvNet,FM-Full_A-Riem_AdaBN-F,5,0.238,0.5201674185
MAMEM2,DeepConvNet,FM-Full_A-Riem_AdaBN-F,7,0.2066666667,0.4932264662
MAMEM2,DeepConvNet,FM-Full_A-Riem_AdaBN-F,10,0.192,0.4804104261
MAMEM2,DeepConvNet,FM-Full_A-Riem_AdaBN-T,1,0.198,0.4735831579
MAMEM2,DeepConvNet,FM-Full_A-Riem_AdaBN-T,2,0.336,0.584953985
MAMEM2,DeepConvNet,FM-Full_A-Riem_AdaBN-T,6,0.2033333333,0.4756489223
MAMEM2,DeepConvNet,FM-Full_A-Riem_AdaBN-T,8,0.27,0.5429924812
MAMEM2,DeepConvNet,FM-Full_A-Riem_AdaBN-T,9,0.158,0.4334592481
MAMEM2,DeepConvNet,FM-Full_A-Riem_AdaBN-T,3,0.1826666667,0.5051023559
MAMEM2,DeepConvNet,FM-Full_A-Riem_AdaBN-T,4,0.244,0.5242043108
MAMEM2,DeepConvNet,FM-Full_A-Riem_AdaBN-T,5,0.2693333333,0.5239703258
MAMEM2,DeepConvNet,FM-Full_A-Riem_AdaBN-T,7,0.1806666667,0.4892960401
MAMEM2,DeepConvNet,FM-Full_A-Riem_AdaBN-T,10,0.1946666667,0.4903073684
MAMEM2,DeepConvNet,FM-None_A-Eucl_AdaBN-T,1,0.2093333333,0.4949982957
MAMEM2,DeepConvNet,FM-None_A-Eucl_AdaBN-T,2,0.274,0.5706666667
MAMEM2,DeepConvNet,FM-None_A-Eucl_AdaBN-T,6,0.1826666667,0.4740018045
MAMEM2,DeepConvNet,FM-None_A-Eucl_AdaBN-T,8,0.2106666667,0.5093180952
MAMEM2,DeepConvNet,FM-None_A-Eucl_AdaBN-T,9,0.19,0.4925118797
MAMEM2,DeepConvNet,FM-None_A-Eucl_AdaBN-T,3,0.2153333333,0.5211584962
MAMEM2,DeepConvNet,FM-None_A-Eucl_AdaBN-T,4,0.2513333333,0.5071518797
MAMEM2,DeepConvNet,FM-None_A-Eucl_AdaBN-T,5,0.216,0.4981182957
MAMEM2,DeepConvNet,FM-None_A-Eucl_AdaBN-T,7,0.2053333333,0.4984757895
MAMEM2,DeepConvNet,FM-None_A-Eucl_AdaBN-T,10,0.172,0.4612288722
MAMEM2,DeepConvNet,FM-None_A-None_AdaBN-F,1,0.308,0.5601507769
MAMEM2,DeepConvNet,FM-None_A-None_AdaBN-F,2,0.2193333333,0.5000789975
MAMEM2,DeepConvNet,FM-None_A-None_AdaBN-F,6,0.2206666667,0.5227512782
MAMEM2,DeepConvNet,FM-None_A-None_AdaBN-F,8,0.2546666667,0.4873070677
MAMEM2,DeepConvNet,FM-None_A-None_AdaBN-F,9,0.1386666667,0.4559685213
MAMEM2,DeepConvNet,FM-None_A-None_AdaBN-F,3,0.2153333333,0.5429501754
MAMEM2,DeepConvNet,FM-None_A-None_AdaBN-F,4,0.1866666667,0.4857004511
MAMEM2,DeepConvNet,FM-None_A-None_AdaBN-F,5,0.1926666667,0.5315725313
MAMEM2,DeepConvNet,FM-None_A-None_AdaBN-F,7,0.2506666667,0.5306686717
MAMEM2,DeepConvNet,FM-None_A-None_AdaBN-F,10,0.1426666667,0.4606682707
MAMEM2,DeepConvNet,NoPre_FM-Full_A-Eucl_AdaBN-T,1,0.2086666667,0.5122397995
MAMEM2,DeepConvNet,NoPre_FM-Full_A-Eucl_AdaBN-T,2,0.2306666667,0.5122899248
MAMEM2,DeepConvNet,NoPre_FM-Full_A-Eucl_AdaBN-T,6,0.1926666667,0.5003067669
MAMEM2,DeepConvNet,NoPre_FM-Full_A-Eucl_AdaBN-T,8,0.1806666667,0.4950995489
MAMEM2,DeepConvNet,NoPre_FM-Full_A-Eucl_AdaBN-T,9,0.2266666667,0.5125744361
MAMEM2,DeepConvNet,NoPre_FM-Full_A-Eucl_AdaBN-T,3,0.212,0.4962792982
MAMEM2,DeepConvNet,NoPre_FM-Full_A-Eucl_AdaBN-T,4,0.19,0.5052922306
MAMEM2,DeepConvNet,NoPre_FM-Full_A-Eucl_AdaBN-T,5,0.228,0.5461361404
MAMEM2,DeepConvNet,NoPre_FM-Full_A-Eucl_AdaBN-T,7,0.1793333333,0.4874315789
MAMEM2,DeepConvNet,NoPre_FM-Full_A-Eucl_AdaBN-T,10,0.188,0.4620014035
MAMEM2,DeepConvNet,NoPre_FM-Full_A-None_AdaBN-F,1,0.192,0.500479599
MAMEM2,DeepConvNet,NoPre_FM-Full_A-None_AdaBN-F,2,0.19,0.4959803509
MAMEM2,DeepConvNet,NoPre_FM-Full_A-None_AdaBN-F,6,0.2553333333,0.5280643609
MAMEM2,DeepConvNet,NoPre_FM-Full_A-None_AdaBN-F,8,0.2313333333,0.5023328321
MAMEM2,DeepConvNet,NoPre_FM-Full_A-None_AdaBN-F,9,0.2033333333,0.4823709273
MAMEM2,DeepConvNet,NoPre_FM-Full_A-None_AdaBN-F,3,0.164,0.473196391
MAMEM2,DeepConvNet,NoPre_FM-Full_A-None_AdaBN-F,4,0.2313333333,0.4845776441
MAMEM2,DeepConvNet,NoPre_FM-Full_A-None_AdaBN-F,5,0.208,0.5233948872
MAMEM2,DeepConvNet,NoPre_FM-Full_A-None_AdaBN-F,7,0.1666666667,0.4786482206
MAMEM2,DeepConvNet,NoPre_FM-Full_A-None_AdaBN-F,10,0.2233333333,0.5241820551
Yang2025,DeepConvNet,FM-Dec_A-Eucl_AdaBN-F,4,0.5616666667,0.5911666667
Yang2025,DeepConvNet,FM-Dec_A-Eucl_AdaBN-F,5,0.8766666667,0.9522555556
Yang2025,DeepConvNet,FM-Dec_A-Eucl_AdaBN-F,7,0.7866666667,0.8971888889
Yang2025,DeepConvNet,FM-Dec_A-Eucl_AdaBN-F,9,0.7283333333,0.8080777778
Yang2025,DeepConvNet,FM-Dec_A-Eucl_AdaBN-F,10,0.885,0.9552111111
Yang2025,DeepConvNet,FM-Dec_A-Eucl_AdaBN-F,13,0.82,0.8947555556
Yang2025,DeepConvNet,FM-Dec_A-Eucl_AdaBN-F,14,0.6083333333,0.6437555556
Yang2025,DeepConvNet,FM-Dec_A-Eucl_AdaBN-F,16,0.615,0.6461222222
Yang2025,DeepConvNet,FM-Dec_A-Eucl_AdaBN-F,17,0.8366666667,0.9217777778
Yang2025,DeepConvNet,FM-Dec_A-Eucl_AdaBN-F,18,0.6683333333,0.7399111111
Yang2025,DeepConvNet,FM-Dec_A-Eucl_AdaBN-F,20,0.87,0.9474666667
Yang2025,DeepConvNet,FM-Dec_A-Eucl_AdaBN-F,25,0.9533333333,0.9916222222
Yang2025,DeepConvNet,FM-Dec_A-Eucl_AdaBN-F,26,0.9248662207,0.9751727982
Yang2025,DeepConvNet,FM-Dec_A-Eucl_AdaBN-F,27,0.6766666667,0.7343444444
Yang2025,DeepConvNet,FM-Dec_A-Eucl_AdaBN-F,31,0.7966666667,0.8752777778
Yang2025,DeepConvNet,FM-Dec_A-Eucl_AdaBN-F,32,0.62287068,0.6786176143
Yang2025,DeepConvNet,FM-Dec_A-Eucl_AdaBN-F,33,0.9383333333,0.9879333333
Yang2025,DeepConvNet,FM-Dec_A-Eucl_AdaBN-F,34,0.75,0.8503
Yang2025,DeepConvNet,FM-Dec_A-Eucl_AdaBN-F,37,0.8983333333,0.9638
Yang2025,DeepConvNet,FM-Dec_A-Eucl_AdaBN-F,41,0.9016666667,0.9581
Yang2025,DeepConvNet,FM-Dec_A-Eucl_AdaBN-F,44,0.7366666667,0.8081333333
Yang2025,DeepConvNet,FM-Dec_A-Eucl_AdaBN-F,45,0.9033333333,0.9611
Yang2025,DeepConvNet,FM-Dec_A-Eucl_AdaBN-F,47,0.9166666667,0.9775777778
Yang2025,DeepConvNet,FM-Dec_A-Eucl_AdaBN-F,48,0.9033333333,0.9633444444
Yang2025,DeepConvNet,FM-Dec_A-Eucl_AdaBN-F,49,0.9016666667,0.9604444444
Yang2025,DeepConvNet,FM-Dec_A-Eucl_AdaBN-F,50,0.96,0.9915888889
Yang2025,DeepConvNet,FM-Dec_A-Eucl_AdaBN-F,1,0.95,0.9915888889
Yang2025,DeepConvNet,FM-Dec_A-Eucl_AdaBN-F,2,0.7,0.7962888889
Yang2025,DeepConvNet,FM-Dec_A-Eucl_AdaBN-F,3,0.9633333333,0.9930333333
Yang2025,DeepConvNet,FM-Dec_A-Eucl_AdaBN-F,6,0.98,0.9960777778
Yang2025,DeepConvNet,FM-Dec_A-Eucl_AdaBN-F,8,0.925,0.9764388889
Yang2025,DeepConvNet,FM-Dec_A-Eucl_AdaBN-F,11,0.91,0.9749444444
Yang2025,DeepConvNet,FM-Dec_A-Eucl_AdaBN-F,12,0.6066666667,0.6719777778
Yang2025,DeepConvNet,FM-Dec_A-Eucl_AdaBN-F,15,0.85,0.9089444444
Yang2025,DeepConvNet,FM-Dec_A-Eucl_AdaBN-F,19,0.8783333333,0.9555777778
Yang2025,DeepConvNet,FM-Dec_A-Eucl_AdaBN-F,21,0.9216666667,0.9764222222
Yang2025,DeepConvNet,FM-Dec_A-Eucl_AdaBN-F,22,0.8783333333,0.9407166667
Yang2025,DeepConvNet,FM-Dec_A-Eucl_AdaBN-F,23,0.9649219621,0.9942920847
Yang2025,DeepConvNet,FM-Dec_A-Eucl_AdaBN-F,24,0.9713858153,0.9967463269
Yang2025,DeepConvNet,FM-Dec_A-Eucl_AdaBN-F,28,0.8483333333,0.9321333333
Yang2025,DeepConvNet,FM-Dec_A-Eucl_AdaBN-F,29,0.805,0.8993222222
Yang2025,DeepConvNet,FM-Dec_A-Eucl_AdaBN-F,30,0.9516666667,0.9858666667
Yang2025,DeepConvNet,FM-Dec_A-Eucl_AdaBN-F,35,0.975,0.9965
Yang2025,DeepConvNet,FM-Dec_A-Eucl_AdaBN-F,36,0.9366666667,0.9876
Yang2025,DeepConvNet,FM-Dec_A-Eucl_AdaBN-F,38,0.7883333333,0.8683111111
Yang2025,DeepConvNet,FM-Dec_A-Eucl_AdaBN-F,39,0.76,0.8499777778
Yang2025,DeepConvNet,FM-Dec_A-Eucl_AdaBN-F,40,0.8666666667,0.9404444444
Yang2025,DeepConvNet,FM-Dec_A-Eucl_AdaBN-F,42,0.8283333333,0.9070166667
Yang2025,DeepConvNet,FM-Dec_A-Eucl_AdaBN-F,43,0.9966666667,0.9999111111
Yang2025,DeepConvNet,FM-Dec_A-Eucl_AdaBN-F,46,0.9883333333,0.9995222222
Yang2025,DeepConvNet,FM-Dec_A-Eucl_AdaBN-F,51,0.9366666667,0.9840666667
Yang2025,DeepConvNet,FM-Dec_A-Eucl_AdaBN-T,4,0.57,0.6160888889
Yang2025,DeepConvNet,FM-Dec_A-Eucl_AdaBN-T,5,0.8883333333,0.9581333333
Yang2025,DeepConvNet,FM-Dec_A-Eucl_AdaBN-T,7,0.8283333333,0.9102055556
Yang2025,DeepConvNet,FM-Dec_A-Eucl_AdaBN-T,9,0.725,0.8189333333
Yang2025,DeepConvNet,FM-Dec_A-Eucl_AdaBN-T,10,0.8833333333,0.9565888889
Yang2025,DeepConvNet,FM-Dec_A-Eucl_AdaBN-T,13,0.7916666667,0.8937555556
Yang2025,DeepConvNet,FM-Dec_A-Eucl_AdaBN-T,14,0.5916666667,0.6282611111
Yang2025,DeepConvNet,FM-Dec_A-Eucl_AdaBN-T,16,0.6283333333,0.6724888889
Yang2025,DeepConvNet,FM-Dec_A-Eucl_AdaBN-T,17,0.855,0.9314222222
Yang2025,DeepConvNet,FM-Dec_A-Eucl_AdaBN-T,18,0.6833333333,0.7548333333
Yang2025,DeepConvNet,FM-Dec_A-Eucl_AdaBN-T,20,0.8766666667,0.9532
Yang2025,DeepConvNet,FM-Dec_A-Eucl_AdaBN-T,25,0.9533333333,0.9942444444
Yang2025,DeepConvNet,FM-Dec_A-Eucl_AdaBN-T,26,0.9332107023,0.9863433668
Yang2025,DeepConvNet,FM-Dec_A-Eucl_AdaBN-T,27,0.6783333333,0.7400666667
Yang2025,DeepConvNet,FM-Dec_A-Eucl_AdaBN-T,31,0.785,0.8763722222
Yang2025,DeepConvNet,FM-Dec_A-Eucl_AdaBN-T,32,0.6243924192,0.6924972129
Yang2025,DeepConvNet,FM-Dec_A-Eucl_AdaBN-T,33,0.9666666667,0.9943111111
Yang2025,DeepConvNet,FM-Dec_A-Eucl_AdaBN-T,34,0.7583333333,0.8448222222
Yang2025,DeepConvNet,FM-Dec_A-Eucl_AdaBN-T,37,0.9033333333,0.9678611111
Yang2025,DeepConvNet,FM-Dec_A-Eucl_AdaBN-T,41,0.8983333333,0.9662277778
Yang2025,DeepConvNet,FM-Dec_A-Eucl_AdaBN-T,44,0.7533333333,0.8327111111
Yang2025,DeepConvNet,FM-Dec_A-Eucl_AdaBN-T,45,0.8983333333,0.9669833333
Yang2025,DeepConvNet,FM-Dec_A-Eucl_AdaBN-T,47,0.9133333333,0.9806333333
Yang2025,DeepConvNet,FM-Dec_A-Eucl_AdaBN-T,48,0.91,0.9718555556
Yang2025,DeepConvNet,FM-Dec_A-Eucl_AdaBN-T,49,0.9116666667,0.9687666667
Yang2025,DeepConvNet,FM-Dec_A-Eucl_AdaBN-T,50,0.9633333333,0.9942777778
Yang2025,DeepConvNet,FM-Dec_A-Eucl_AdaBN-T,1,0.9583333333,0.9924555556
Yang2025,DeepConvNet,FM-Dec_A-Eucl_AdaBN-T,2,0.715,0.791
Yang2025,DeepConvNet,FM-Dec_A-Eucl_AdaBN-T,3,0.9683333333,0.9942777778
Yang2025,DeepConvNet,FM-Dec_A-Eucl_AdaBN-T,6,0.975,0.997
Yang2025,DeepConvNet,FM-Dec_A-Eucl_AdaBN-T,8,0.93,0.9801166667
Yang2025,DeepConvNet,FM-Dec_A-Eucl_AdaBN-T,11,0.9033333333,0.9745222222
Yang2025,DeepConvNet,FM-Dec_A-Eucl_AdaBN-T,12,0.6266666667,0.6822111111
Yang2025,DeepConvNet,FM-Dec_A-Eucl_AdaBN-T,15,0.8266666667,0.9217944444
Yang2025,DeepConvNet,FM-Dec_A-Eucl_AdaBN-T,19,0.875,0.9576222222
Yang2025,DeepConvNet,FM-Dec_A-Eucl_AdaBN-T,21,0.9166666667,0.9751444444
Yang2025,DeepConvNet,FM-Dec_A-Eucl_AdaBN-T,22,0.885,0.9476777778
Yang2025,DeepConvNet,FM-Dec_A-Eucl_AdaBN-T,23,0.9699331104,0.9960981048
Yang2025,DeepConvNet,FM-Dec_A-Eucl_AdaBN-T,24,0.9764533829,0.9963948848
Yang2025,DeepConvNet,FM-Dec_A-Eucl_AdaBN-T,28,0.86,0.9385611111
Yang2025,DeepConvNet,FM-Dec_A-Eucl_AdaBN-T,29,0.8183333333,0.9140888889
Yang2025,DeepConvNet,FM-Dec_A-Eucl_AdaBN-T,30,0.94,0.9873555556
Yang2025,DeepConvNet,FM-Dec_A-Eucl_AdaBN-T,35,0.975,0.9969555556
Yang2025,DeepConvNet,FM-Dec_A-Eucl_AdaBN-T,36,0.9366666667,0.9884444444
Yang2025,DeepConvNet,FM-Dec_A-Eucl_AdaBN-T,38,0.7766666667,0.8678777778
Yang2025,DeepConvNet,FM-Dec_A-Eucl_AdaBN-T,39,0.77,0.8536277778
Yang2025,DeepConvNet,FM-Dec_A-Eucl_AdaBN-T,40,0.8666666667,0.9444222222
Yang2025,DeepConvNet,FM-Dec_A-Eucl_AdaBN-T,42,0.845,0.9135444444
Yang2025,DeepConvNet,FM-Dec_A-Eucl_AdaBN-T,43,0.995,0.9999222222
Yang2025,DeepConvNet,FM-Dec_A-Eucl_AdaBN-T,46,0.9883333333,0.9997222222
Yang2025,DeepConvNet,FM-Dec_A-Eucl_AdaBN-T,51,0.935,0.9848888889
Yang2025,DeepConvNet,FM-Dec_A-None_AdaBN-F,4,0.575,0.6288888889
Yang2025,DeepConvNet,FM-Dec_A-None_AdaBN-F,5,0.9166666667,0.9756888889
Yang2025,DeepConvNet,FM-Dec_A-None_AdaBN-F,7,0.855,0.9481555556
Yang2025,DeepConvNet,FM-Dec_A-None_AdaBN-F,9,0.7333333333,0.8403333333
Yang2025,DeepConvNet,FM-Dec_A-None_AdaBN-F,10,0.8833333333,0.9613666667
Yang2025,DeepConvNet,FM-Dec_A-None_AdaBN-F,13,0.84,0.9230222222
Yang2025,DeepConvNet,FM-Dec_A-None_AdaBN-F,14,0.5816666667,0.6194222222
Yang2025,DeepConvNet,FM-Dec_A-None_AdaBN-F,16,0.655,0.7140777778
Yang2025,DeepConvNet,FM-Dec_A-None_AdaBN-F,17,0.85,0.9248333333
Yang2025,DeepConvNet,FM-Dec_A-None_AdaBN-F,18,0.7083333333,0.7989111111
Yang2025,DeepConvNet,FM-Dec_A-None_AdaBN-F,20,0.9116666667,0.9675111111
Yang2025,DeepConvNet,FM-Dec_A-None_AdaBN-F,25,0.9533333333,0.9941777778
Yang2025,DeepConvNet,FM-Dec_A-None_AdaBN-F,26,0.9332441472,0.984303233
Yang2025,DeepConvNet,FM-Dec_A-None_AdaBN-F,27,0.7133333333,0.7726444444
Yang2025,DeepConvNet,FM-Dec_A-None_AdaBN-F,31,0.8166666667,0.9020555556
Yang2025,DeepConvNet,FM-Dec_A-None_AdaBN-F,32,0.6861092531,0.7542697882
Yang2025,DeepConvNet,FM-Dec_A-None_AdaBN-F,33,0.9666666667,0.9962333333
Yang2025,DeepConvNet,FM-Dec_A-None_AdaBN-F,34,0.8133333333,0.8939611111
Yang2025,DeepConvNet,FM-Dec_A-None_AdaBN-F,37,0.9433333333,0.9836333333
Yang2025,DeepConvNet,FM-Dec_A-None_AdaBN-F,41,0.9266666667,0.9808444444
Yang2025,DeepConvNet,FM-Dec_A-None_AdaBN-F,44,0.77,0.8538777778
Yang2025,DeepConvNet,FM-Dec_A-None_AdaBN-F,45,0.9066666667,0.9674111111
Yang2025,DeepConvNet,FM-Dec_A-None_AdaBN-F,47,0.9333333333,0.9847444444
Yang2025,DeepConvNet,FM-Dec_A-None_AdaBN-F,48,0.9266666667,0.9759333333
Yang2025,DeepConvNet,FM-Dec_A-None_AdaBN-F,49,0.9783333333,0.9979111111
Yang2025,DeepConvNet,FM-Dec_A-None_AdaBN-F,50,0.9716666667,0.9976222222
Yang2025,DeepConvNet,FM-Dec_A-None_AdaBN-F,1,0.9616666667,0.9936222222
Yang2025,DeepConvNet,FM-Dec_A-None_AdaBN-F,2,0.69,0.7842666667
Yang2025,DeepConvNet,FM-Dec_A-None_AdaBN-F,3,0.975,0.9957
Yang2025,DeepConvNet,FM-Dec_A-None_AdaBN-F,6,0.98,0.9972555556
Yang2025,DeepConvNet,FM-Dec_A-None_AdaBN-F,8,0.9566666667,0.9902222222
Yang2025,DeepConvNet,FM-Dec_A-None_AdaBN-F,11,0.9333333333,0.9883777778
Yang2025,DeepConvNet,FM-Dec_A-None_AdaBN-F,12,0.625,0.6723444444
Yang2025,DeepConvNet,FM-Dec_A-None_AdaBN-F,15,0.8633333333,0.9365111111
Yang2025,DeepConvNet,FM-Dec_A-None_AdaBN-F,19,0.865,0.9563111111
Yang2025,DeepConvNet,FM-Dec_A-None_AdaBN-F,21,0.9166666667,0.9791666667
Yang2025,DeepConvNet,FM-Dec_A-None_AdaBN-F,22,0.88,0.9437666667
Yang2025,DeepConvNet,FM-Dec_A-None_AdaBN-F,23,0.9732943144,0.995328874
Yang2025,DeepConvNet,FM-Dec_A-None_AdaBN-F,24,0.9747188464,0.9978573372
Yang2025,DeepConvNet,FM-Dec_A-None_AdaBN-F,28,0.9283333333,0.9781666667
Yang2025,DeepConvNet,FM-Dec_A-None_AdaBN-F,29,0.8683333333,0.9486777778
Yang2025,DeepConvNet,FM-Dec_A-None_AdaBN-F,30,0.9133333333,0.9868888889
Yang2025,DeepConvNet,FM-Dec_A-None_AdaBN-F,35,0.9816666667,0.9964111111
Yang2025,DeepConvNet,FM-Dec_A-None_AdaBN-F,36,0.945,0.9919777778
Yang2025,DeepConvNet,FM-Dec_A-None_AdaBN-F,38,0.7133333333,0.7999888889
Yang2025,DeepConvNet,FM-Dec_A-None_AdaBN-F,39,0.7933333333,0.8965333333
Yang2025,DeepConvNet,FM-Dec_A-None_AdaBN-F,40,0.8816666667,0.9593333333
Yang2025,DeepConvNet,FM-Dec_A-None_AdaBN-F,42,0.8766666667,0.9446111111
Yang2025,DeepConvNet,FM-Dec_A-None_AdaBN-F,43,0.9983333333,1
Yang2025,DeepConvNet,FM-Dec_A-None_AdaBN-F,46,0.9916666667,0.9998
Yang2025,DeepConvNet,FM-Dec_A-None_AdaBN-F,51,0.9266666667,0.9818444444
Yang2025,DeepConvNet,FM-Dec_A-Riem_AdaBN-T,4,0.5683333333,0.6073888889
Yang2025,DeepConvNet,FM-Dec_A-Riem_AdaBN-T,5,0.8883333333,0.9593555556
Yang2025,DeepConvNet,FM-Dec_A-Riem_AdaBN-T,7,0.8183333333,0.9127666667
Yang2025,DeepConvNet,FM-Dec_A-Riem_AdaBN-T,9,0.7266666667,0.8036166667
Yang2025,DeepConvNet,FM-Dec_A-Riem_AdaBN-T,10,0.8883333333,0.9608222222
Yang2025,DeepConvNet,FM-Dec_A-Riem_AdaBN-T,13,0.8133333333,0.9036388889
Yang2025,DeepConvNet,FM-Dec_A-Riem_AdaBN-T,14,0.5566666667,0.6061888889
Yang2025,DeepConvNet,FM-Dec_A-Riem_AdaBN-T,16,0.6516666667,0.6937
Yang2025,DeepConvNet,FM-Dec_A-Riem_AdaBN-T,17,0.8433333333,0.9233388889
Yang2025,DeepConvNet,FM-Dec_A-Riem_AdaBN-T,18,0.7,0.7891222222
Yang2025,DeepConvNet,FM-Dec_A-Riem_AdaBN-T,20,0.9066666667,0.9770333333
Yang2025,DeepConvNet,FM-Dec_A-Riem_AdaBN-T,25,0.9633333333,0.9942777778
Yang2025,DeepConvNet,FM-Dec_A-Riem_AdaBN-T,26,0.9449052397,0.9886231884
Yang2025,DeepConvNet,FM-Dec_A-Riem_AdaBN-T,27,0.6666666667,0.7459333333
Yang2025,DeepConvNet,FM-Dec_A-Riem_AdaBN-T,31,0.805,0.8879888889
Yang2025,DeepConvNet,FM-Dec_A-Riem_AdaBN-T,32,0.6494760312,0.7057134894
Yang2025,DeepConvNet,FM-Dec_A-Riem_AdaBN-T,33,0.97,0.9937111111
Yang2025,DeepConvNet,FM-Dec_A-Riem_AdaBN-T,34,0.7716666667,0.8646111111
Yang2025,DeepConvNet,FM-Dec_A-Riem_AdaBN-T,37,0.9166666667,0.9755666667
Yang2025,DeepConvNet,FM-Dec_A-Riem_AdaBN-T,41,0.92,0.9701888889
Yang2025,DeepConvNet,FM-Dec_A-Riem_AdaBN-T,44,0.7333333333,0.8326777778
Yang2025,DeepConvNet,FM-Dec_A-Riem_AdaBN-T,45,0.905,0.9724666667
Yang2025,DeepConvNet,FM-Dec_A-Riem_AdaBN-T,47,0.9233333333,0.9800555556
Yang2025,DeepConvNet,FM-Dec_A-Riem_AdaBN-T,48,0.91,0.9735888889
Yang2025,DeepConvNet,FM-Dec_A-Riem_AdaBN-T,49,0.9266666667,0.9801666667
Yang2025,DeepConvNet,FM-Dec_A-Riem_AdaBN-T,50,0.9633333333,0.9971333333
Yang2025,DeepConvNet,FM-Dec_A-Riem_AdaBN-T,1,0.9466666667,0.9896333333
Yang2025,DeepConvNet,FM-Dec_A-Riem_AdaBN-T,2,0.6783333333,0.7504
Yang2025,DeepConvNet,FM-Dec_A-Riem_AdaBN-T,3,0.97,0.9962222222
Yang2025,DeepConvNet,FM-Dec_A-Riem_AdaBN-T,6,0.9633333333,0.9924555556
Yang2025,DeepConvNet,FM-Dec_A-Riem_AdaBN-T,8,0.9283333333,0.9850666667
Yang2025,DeepConvNet,FM-Dec_A-Riem_AdaBN-T,11,0.9,0.9692555556
Yang2025,DeepConvNet,FM-Dec_A-Riem_AdaBN-T,12,0.59,0.6454444444
Yang2025,DeepConvNet,FM-Dec_A-Riem_AdaBN-T,15,0.8433333333,0.9210555556
Yang2025,DeepConvNet,FM-Dec_A-Riem_AdaBN-T,19,0.8616666667,0.9504444444
Yang2025,DeepConvNet,FM-Dec_A-Riem_AdaBN-T,21,0.9066666667,0.9777666667
Yang2025,DeepConvNet,FM-Dec_A-Riem_AdaBN-T,22,0.85,0.9401722222
Yang2025,DeepConvNet,FM-Dec_A-Riem_AdaBN-T,23,0.9699554069,0.9954849498
Yang2025,DeepConvNet,FM-Dec_A-Riem_AdaBN-T,24,0.9612506802,0.9947963904
Yang2025,DeepConvNet,FM-Dec_A-Riem_AdaBN-T,28,0.8533333333,0.9370555556
Yang2025,DeepConvNet,FM-Dec_A-Riem_AdaBN-T,29,0.8333333333,0.9222555556
Yang2025,DeepConvNet,FM-Dec_A-Riem_AdaBN-T,30,0.95,0.9917333333
Yang2025,DeepConvNet,FM-Dec_A-Riem_AdaBN-T,35,0.9683333333,0.9944944444
Yang2025,DeepConvNet,FM-Dec_A-Riem_AdaBN-T,36,0.9366666667,0.9891111111
Yang2025,DeepConvNet,FM-Dec_A-Riem_AdaBN-T,38,0.7533333333,0.8509444444
Yang2025,DeepConvNet,FM-Dec_A-Riem_AdaBN-T,39,0.775,0.8535
Yang2025,DeepConvNet,FM-Dec_A-Riem_AdaBN-T,40,0.8633333333,0.9400222222
Yang2025,DeepConvNet,FM-Dec_A-Riem_AdaBN-T,42,0.8216666667,0.9133555556
Yang2025,DeepConvNet,FM-Dec_A-Riem_AdaBN-T,43,0.9966666667,1
Yang2025,DeepConvNet,FM-Dec_A-Riem_AdaBN-T,46,0.9983333333,0.9994666667
Yang2025,DeepConvNet,FM-Dec_A-Riem_AdaBN-T,51,0.9233333333,0.9732111111
Yang2025,DeepConvNet,FM-Full_A-Eucl_AdaBN-F,4,0.5833333333,0.6303277778
Yang2025,DeepConvNet,FM-Full_A-Eucl_AdaBN-F,5,0.8933333333,0.9613
Yang2025,DeepConvNet,FM-Full_A-Eucl_AdaBN-F,7,0.8466666667,0.9250111111
Yang2025,DeepConvNet,FM-Full_A-Eucl_AdaBN-F,9,0.7216666667,0.7972722222
Yang2025,DeepConvNet,FM-Full_A-Eucl_AdaBN-F,10,0.8983333333,0.9592444444
Yang2025,DeepConvNet,FM-Full_A-Eucl_AdaBN-F,13,0.8433333333,0.9311444444
Yang2025,DeepConvNet,FM-Full_A-Eucl_AdaBN-F,14,0.57,0.6025555556
Yang2025,DeepConvNet,FM-Full_A-Eucl_AdaBN-F,16,0.6283333333,0.6622888889
Yang2025,DeepConvNet,FM-Full_A-Eucl_AdaBN-F,17,0.855,0.9338611111
Yang2025,DeepConvNet,FM-Full_A-Eucl_AdaBN-F,18,0.6983333333,0.7571
Yang2025,DeepConvNet,FM-Full_A-Eucl_AdaBN-F,20,0.9416666667,0.9880333333
Yang2025,DeepConvNet,FM-Full_A-Eucl_AdaBN-F,25,0.9716666667,0.9963666667
Yang2025,DeepConvNet,FM-Full_A-Eucl_AdaBN-F,26,0.9515774805,0.9875585284
Yang2025,DeepConvNet,FM-Full_A-Eucl_AdaBN-F,27,0.7116666667,0.7782777778
Yang2025,DeepConvNet,FM-Full_A-Eucl_AdaBN-F,31,0.8166666667,0.8944888889
Yang2025,DeepConvNet,FM-Full_A-Eucl_AdaBN-F,32,0.6245707915,0.6529654404
Yang2025,DeepConvNet,FM-Full_A-Eucl_AdaBN-F,33,0.965,0.9956111111
Yang2025,DeepConvNet,FM-Full_A-Eucl_AdaBN-F,34,0.7916666667,0.8901833333
Yang2025,DeepConvNet,FM-Full_A-Eucl_AdaBN-F,37,0.9266666667,0.9797
Yang2025,DeepConvNet,FM-Full_A-Eucl_AdaBN-F,41,0.9183333333,0.9704555556
Yang2025,DeepConvNet,FM-Full_A-Eucl_AdaBN-F,44,0.7733333333,0.8504388889
Yang2025,DeepConvNet,FM-Full_A-Eucl_AdaBN-F,45,0.9066666667,0.9701222222
Yang2025,DeepConvNet,FM-Full_A-Eucl_AdaBN-F,47,0.9216666667,0.9854333333
Yang2025,DeepConvNet,FM-Full_A-Eucl_AdaBN-F,48,0.9183333333,0.9776666667
Yang2025,DeepConvNet,FM-Full_A-Eucl_AdaBN-F,49,0.95,0.9860666667
Yang2025,DeepConvNet,FM-Full_A-Eucl_AdaBN-F,50,0.97,0.9956666667
Yang2025,DeepConvNet,FM-Full_A-Eucl_AdaBN-F,1,0.96,0.9928777778
Yang2025,DeepConvNet,FM-Full_A-Eucl_AdaBN-F,2,0.7133333333,0.7692111111
Yang2025,DeepConvNet,FM-Full_A-Eucl_AdaBN-F,3,0.9866666667,0.9969666667
Yang2025,DeepConvNet,FM-Full_A-Eucl_AdaBN-F,6,0.9833333333,0.998
Yang2025,DeepConvNet,FM-Full_A-Eucl_AdaBN-F,8,0.9366666667,0.9812666667
Yang2025,DeepConvNet,FM-Full_A-Eucl_AdaBN-F,11,0.9166666667,0.9797111111
Yang2025,DeepConvNet,FM-Full_A-Eucl_AdaBN-F,12,0.6216666667,0.6600222222
Yang2025,DeepConvNet,FM-Full_A-Eucl_AdaBN-F,15,0.8866666667,0.9516111111
Yang2025,DeepConvNet,FM-Full_A-Eucl_AdaBN-F,19,0.885,0.9597222222
Yang2025,DeepConvNet,FM-Full_A-Eucl_AdaBN-F,21,0.9233333333,0.9796444444
Yang2025,DeepConvNet,FM-Full_A-Eucl_AdaBN-F,22,0.8766666667,0.9552277778
Yang2025,DeepConvNet,FM-Full_A-Eucl_AdaBN-F,23,0.9799721293,0.9974358974
Yang2025,DeepConvNet,FM-Full_A-Eucl_AdaBN-F,24,0.98148694,0.9982427898
Yang2025,DeepConvNet,FM-Full_A-Eucl_AdaBN-F,28,0.8966666667,0.9577888889
Yang2025,DeepConvNet,FM-Full_A-Eucl_AdaBN-F,29,0.8616666667,0.9506
Yang2025,DeepConvNet,FM-Full_A-Eucl_AdaBN-F,30,0.9716666667,0.9946611111
Yang2025,DeepConvNet,FM-Full_A-Eucl_AdaBN-F,35,0.98,0.9984777778
Yang2025,DeepConvNet,FM-Full_A-Eucl_AdaBN-F,36,0.94,0.9923222222
Yang2025,DeepConvNet,FM-Full_A-Eucl_AdaBN-F,38,0.7833333333,0.8873
Yang2025,DeepConvNet,FM-Full_A-Eucl_AdaBN-F,39,0.7733333333,0.8567111111
Yang2025,DeepConvNet,FM-Full_A-Eucl_AdaBN-F,40,0.88,0.9536222222
Yang2025,DeepConvNet,FM-Full_A-Eucl_AdaBN-F,42,0.8366666667,0.9205111111
Yang2025,DeepConvNet,FM-Full_A-Eucl_AdaBN-F,43,1,1
Yang2025,DeepConvNet,FM-Full_A-Eucl_AdaBN-F,46,0.9916666667,0.9998777778
Yang2025,DeepConvNet,FM-Full_A-Eucl_AdaBN-F,51,0.94,0.9875777778
Yang2025,DeepConvNet,FM-Full_A-Eucl_AdaBN-T,4,0.5883333333,0.6383888889
Yang2025,DeepConvNet,FM-Full_A-Eucl_AdaBN-T,5,0.905,0.9668777778
Yang2025,DeepConvNet,FM-Full_A-Eucl_AdaBN-T,7,0.8433333333,0.9290833333
Yang2025,DeepConvNet,FM-Full_A-Eucl_AdaBN-T,9,0.735,0.8023444444
Yang2025,DeepConvNet,FM-Full_A-Eucl_AdaBN-T,10,0.8883333333,0.9594555556
Yang2025,DeepConvNet,FM-Full_A-Eucl_AdaBN-T,13,0.85,0.9303777778
Yang2025,DeepConvNet,FM-Full_A-Eucl_AdaBN-T,14,0.6033333333,0.6218888889
Yang2025,DeepConvNet,FM-Full_A-Eucl_AdaBN-T,16,0.6366666667,0.68775
Yang2025,DeepConvNet,FM-Full_A-Eucl_AdaBN-T,17,0.8516666667,0.938
Yang2025,DeepConvNet,FM-Full_A-Eucl_AdaBN-T,18,0.6933333333,0.7786111111
Yang2025,DeepConvNet,FM-Full_A-Eucl_AdaBN-T,20,0.9583333333,0.9925777778
Yang2025,DeepConvNet,FM-Full_A-Eucl_AdaBN-T,25,0.9716666667,0.9972222222
Yang2025,DeepConvNet,FM-Full_A-Eucl_AdaBN-T,26,0.9482218506,0.9912597547
Yang2025,DeepConvNet,FM-Full_A-Eucl_AdaBN-T,27,0.725,0.7923055556
Yang2025,DeepConvNet,FM-Full_A-Eucl_AdaBN-T,31,0.81,0.8997722222
Yang2025,DeepConvNet,FM-Full_A-Eucl_AdaBN-T,32,0.6227536232,0.6795763657
Yang2025,DeepConvNet,FM-Full_A-Eucl_AdaBN-T,33,0.975,0.9973333333
Yang2025,DeepConvNet,FM-Full_A-Eucl_AdaBN-T,34,0.7933333333,0.8856777778
Yang2025,DeepConvNet,FM-Full_A-Eucl_AdaBN-T,37,0.9216666667,0.9762277778
Yang2025,DeepConvNet,FM-Full_A-Eucl_AdaBN-T,41,0.9216666667,0.9724944444
Yang2025,DeepConvNet,FM-Full_A-Eucl_AdaBN-T,44,0.7683333333,0.8610611111
Yang2025,DeepConvNet,FM-Full_A-Eucl_AdaBN-T,45,0.9033333333,0.9710666667
Yang2025,DeepConvNet,FM-Full_A-Eucl_AdaBN-T,47,0.9366666667,0.9864777778
Yang2025,DeepConvNet,FM-Full_A-Eucl_AdaBN-T,48,0.9316666667,0.9819777778
Yang2025,DeepConvNet,FM-Full_A-Eucl_AdaBN-T,49,0.9583333333,0.9884
Yang2025,DeepConvNet,FM-Full_A-Eucl_AdaBN-T,50,0.9716666667,0.9961222222
Yang2025,DeepConvNet,FM-Full_A-Eucl_AdaBN-T,1,0.97,0.9944222222
Yang2025,DeepConvNet,FM-Full_A-Eucl_AdaBN-T,2,0.7016666667,0.7685555556
Yang2025,DeepConvNet,FM-Full_A-Eucl_AdaBN-T,3,0.9816666667,0.9963777778
Yang2025,DeepConvNet,FM-Full_A-Eucl_AdaBN-T,6,0.9733333333,0.9987777778
Yang2025,DeepConvNet,FM-Full_A-Eucl_AdaBN-T,8,0.9383333333,0.9856222222
Yang2025,DeepConvNet,FM-Full_A-Eucl_AdaBN-T,11,0.9416666667,0.9844888889
Yang2025,DeepConvNet,FM-Full_A-Eucl_AdaBN-T,12,0.645,0.6871388889
Yang2025,DeepConvNet,FM-Full_A-Eucl_AdaBN-T,15,0.89,0.95355
Yang2025,DeepConvNet,FM-Full_A-Eucl_AdaBN-T,19,0.8833333333,0.9616222222
Yang2025,DeepConvNet,FM-Full_A-Eucl_AdaBN-T,21,0.925,0.9756333333
Yang2025,DeepConvNet,FM-Full_A-Eucl_AdaBN-T,22,0.89,0.9580722222
Yang2025,DeepConvNet,FM-Full_A-Eucl_AdaBN-T,23,0.9749498328,0.9980602007
Yang2025,DeepConvNet,FM-Full_A-Eucl_AdaBN-T,24,0.9848653183,0.9984468529
Yang2025,DeepConvNet,FM-Full_A-Eucl_AdaBN-T,28,0.8783333333,0.9609777778
Yang2025,DeepConvNet,FM-Full_A-Eucl_AdaBN-T,29,0.8816666667,0.9574333333
Yang2025,DeepConvNet,FM-Full_A-Eucl_AdaBN-T,30,0.9733333333,0.9969555556
Yang2025,DeepConvNet,FM-Full_A-Eucl_AdaBN-T,35,0.98,0.9987
Yang2025,DeepConvNet,FM-Full_A-Eucl_AdaBN-T,36,0.945,0.9918222222
Yang2025,DeepConvNet,FM-Full_A-Eucl_AdaBN-T,38,0.7833333333,0.8862
Yang2025,DeepConvNet,FM-Full_A-Eucl_AdaBN-T,39,0.77,0.86215
Yang2025,DeepConvNet,FM-Full_A-Eucl_AdaBN-T,40,0.8833333333,0.9545333333
Yang2025,DeepConvNet,FM-Full_A-Eucl_AdaBN-T,42,0.8433333333,0.9278777778
Yang2025,DeepConvNet,FM-Full_A-Eucl_AdaBN-T,43,0.9983333333,0.9999888889
Yang2025,DeepConvNet,FM-Full_A-Eucl_AdaBN-T,46,0.9933333333,0.9999777778
Yang2025,DeepConvNet,FM-Full_A-Eucl_AdaBN-T,51,0.9483333333,0.9890888889
Yang2025,DeepConvNet,FM-Full_A-None_AdaBN-F,4,0.5616666667,0.6052944444
Yang2025,DeepConvNet,FM-Full_A-None_AdaBN-F,5,0.9166666667,0.9777888889
Yang2025,DeepConvNet,FM-Full_A-None_AdaBN-F,7,0.86,0.9482222222
Yang2025,DeepConvNet,FM-Full_A-None_AdaBN-F,9,0.7366666667,0.8388444444
Yang2025,DeepConvNet,FM-Full_A-None_AdaBN-F,10,0.905,0.9682666667
Yang2025,DeepConvNet,FM-Full_A-None_AdaBN-F,13,0.8483333333,0.9377111111
Yang2025,DeepConvNet,FM-Full_A-None_AdaBN-F,14,0.605,0.6350555556
Yang2025,DeepConvNet,FM-Full_A-None_AdaBN-F,16,0.6683333333,0.7431555556
Yang2025,DeepConvNet,FM-Full_A-None_AdaBN-F,17,0.8483333333,0.9349777778
Yang2025,DeepConvNet,FM-Full_A-None_AdaBN-F,18,0.7433333333,0.8190611111
Yang2025,DeepConvNet,FM-Full_A-None_AdaBN-F,20,0.9483333333,0.9901
Yang2025,DeepConvNet,FM-Full_A-None_AdaBN-F,25,0.9783333333,0.9977555556
Yang2025,DeepConvNet,FM-Full_A-None_AdaBN-F,26,0.9499331104,0.9916276477
Yang2025,DeepConvNet,FM-Full_A-None_AdaBN-F,27,0.75,0.8364888889
Yang2025,DeepConvNet,FM-Full_A-None_AdaBN-F,31,0.8433333333,0.9221333333
Yang2025,DeepConvNet,FM-Full_A-None_AdaBN-F,32,0.6811984392,0.7500557414
Yang2025,DeepConvNet,FM-Full_A-None_AdaBN-F,33,0.9833333333,0.9980333333
Yang2025,DeepConvNet,FM-Full_A-None_AdaBN-F,34,0.8416666667,0.9283222222
Yang2025,DeepConvNet,FM-Full_A-None_AdaBN-F,37,0.9483333333,0.9868111111
Yang2025,DeepConvNet,FM-Full_A-None_AdaBN-F,41,0.925,0.9791777778
Yang2025,DeepConvNet,FM-Full_A-None_AdaBN-F,44,0.7883333333,0.8659888889
Yang2025,DeepConvNet,FM-Full_A-None_AdaBN-F,45,0.9166666667,0.9695333333
Yang2025,DeepConvNet,FM-Full_A-None_AdaBN-F,47,0.9416666667,0.9863222222
Yang2025,DeepConvNet,FM-Full_A-None_AdaBN-F,48,0.9333333333,0.9831666667
Yang2025,DeepConvNet,FM-Full_A-None_AdaBN-F,49,0.9866666667,0.9985888889
Yang2025,DeepConvNet,FM-Full_A-None_AdaBN-F,50,0.9766666667,0.9976888889
Yang2025,DeepConvNet,FM-Full_A-None_AdaBN-F,1,0.9766666667,0.9955555556
Yang2025,DeepConvNet,FM-Full_A-None_AdaBN-F,2,0.7216666667,0.7834444444
Yang2025,DeepConvNet,FM-Full_A-None_AdaBN-F,3,0.9766666667,0.9977333333
Yang2025,DeepConvNet,FM-Full_A-None_AdaBN-F,6,0.985,0.9987555556
Yang2025,DeepConvNet,FM-Full_A-None_AdaBN-F,8,0.9566666667,0.9900444444
Yang2025,DeepConvNet,FM-Full_A-None_AdaBN-F,11,0.955,0.9939888889
Yang2025,DeepConvNet,FM-Full_A-None_AdaBN-F,12,0.6016666667,0.6506666667
Yang2025,DeepConvNet,FM-Full_A-None_AdaBN-F,15,0.8683333333,0.9439222222
Yang2025,DeepConvNet,FM-Full_A-None_AdaBN-F,19,0.8966666667,0.9695444444
Yang2025,DeepConvNet,FM-Full_A-None_AdaBN-F,21,0.9283333333,0.9787333333
Yang2025,DeepConvNet,FM-Full_A-None_AdaBN-F,22,0.905,0.9668388889
Yang2025,DeepConvNet,FM-Full_A-None_AdaBN-F,23,0.9849721293,0.9969397993
Yang2025,DeepConvNet,FM-Full_A-None_AdaBN-F,24,0.986520497,0.9989230002
Yang2025,DeepConvNet,FM-Full_A-None_AdaBN-F,28,0.9433333333,0.9845166667
Yang2025,DeepConvNet,FM-Full_A-None_AdaBN-F,29,0.9116666667,0.9792111111
Yang2025,DeepConvNet,FM-Full_A-None_AdaBN-F,30,0.975,0.9923444444
Yang2025,DeepConvNet,FM-Full_A-None_AdaBN-F,35,0.9833333333,0.9978222222
Yang2025,DeepConvNet,FM-Full_A-None_AdaBN-F,36,0.9466666667,0.9936444444
Yang2025,DeepConvNet,FM-Full_A-None_AdaBN-F,38,0.7266666667,0.8316333333
Yang2025,DeepConvNet,FM-Full_A-None_AdaBN-F,39,0.8333333333,0.9132722222
Yang2025,DeepConvNet,FM-Full_A-None_AdaBN-F,40,0.89,0.9627111111
Yang2025,DeepConvNet,FM-Full_A-None_AdaBN-F,42,0.8516666667,0.9378111111
Yang2025,DeepConvNet,FM-Full_A-None_AdaBN-F,43,1,1
Yang2025,DeepConvNet,FM-Full_A-None_AdaBN-F,46,0.9966666667,0.9999777778
Yang2025,DeepConvNet,FM-Full_A-None_AdaBN-F,51,0.94,0.9873111111
Yang2025,DeepConvNet,FM-Full_A-Riem_AdaBN-F,4,0.59,0.6290111111
Yang2025,DeepConvNet,FM-Full_A-Riem_AdaBN-F,5,0.885,0.9555111111
Yang2025,DeepConvNet,FM-Full_A-Riem_AdaBN-F,7,0.8366666667,0.9221
Yang2025,DeepConvNet,FM-Full_A-Riem_AdaBN-F,9,0.7183333333,0.7904333333
Yang2025,DeepConvNet,FM-Full_A-Riem_AdaBN-F,10,0.9066666667,0.9629111111
Yang2025,DeepConvNet,FM-Full_A-Riem_AdaBN-F,13,0.8466666667,0.9278666667
Yang2025,DeepConvNet,FM-Full_A-Riem_AdaBN-F,14,0.5533333333,0.5774777778
Yang2025,DeepConvNet,FM-Full_A-Riem_AdaBN-F,16,0.615,0.6951777778
Yang2025,DeepConvNet,FM-Full_A-Riem_AdaBN-F,17,0.8233333333,0.9192333333
Yang2025,DeepConvNet,FM-Full_A-Riem_AdaBN-F,18,0.7216666667,0.7791
Yang2025,DeepConvNet,FM-Full_A-Riem_AdaBN-F,20,0.9583333333,0.9888111111
Yang2025,DeepConvNet,FM-Full_A-Riem_AdaBN-F,25,0.9566666667,0.9933222222
Yang2025,DeepConvNet,FM-Full_A-Riem_AdaBN-F,26,0.9532497213,0.989877369
Yang2025,DeepConvNet,FM-Full_A-Riem_AdaBN-F,27,0.7133333333,0.7739111111
Yang2025,DeepConvNet,FM-Full_A-Riem_AdaBN-F,31,0.8083333333,0.8875833333
Yang2025,DeepConvNet,FM-Full_A-Riem_AdaBN-F,32,0.6145261984,0.644671126
Yang2025,DeepConvNet,FM-Full_A-Riem_AdaBN-F,33,0.97,0.9959888889
Yang2025,DeepConvNet,FM-Full_A-Riem_AdaBN-F,34,0.825,0.8959166667
Yang2025,DeepConvNet,FM-Full_A-Riem_AdaBN-F,37,0.9216666667,0.9789
Yang2025,DeepConvNet,FM-Full_A-Riem_AdaBN-F,41,0.915,0.9703611111
Yang2025,DeepConvNet,FM-Full_A-Riem_AdaBN-F,44,0.7533333333,0.8381777778
Yang2025,DeepConvNet,FM-Full_A-Riem_AdaBN-F,45,0.9183333333,0.9710777778
Yang2025,DeepConvNet,FM-Full_A-Riem_AdaBN-F,47,0.94,0.9858111111
Yang2025,DeepConvNet,FM-Full_A-Riem_AdaBN-F,48,0.9283333333,0.9773555556
Yang2025,DeepConvNet,FM-Full_A-Riem_AdaBN-F,49,0.9533333333,0.9896555556
Yang2025,DeepConvNet,FM-Full_A-Riem_AdaBN-F,50,0.9716666667,0.9957888889
Yang2025,DeepConvNet,FM-Full_A-Riem_AdaBN-F,1,0.96,0.9919555556
Yang2025,DeepConvNet,FM-Full_A-Riem_AdaBN-F,2,0.6883333333,0.7617777778
Yang2025,DeepConvNet,FM-Full_A-Riem_AdaBN-F,3,0.98,0.9963
Yang2025,DeepConvNet,FM-Full_A-Riem_AdaBN-F,6,0.975,0.9967666667
Yang2025,DeepConvNet,FM-Full_A-Riem_AdaBN-F,8,0.9333333333,0.9806777778
Yang2025,DeepConvNet,FM-Full_A-Riem_AdaBN-F,11,0.93,0.9802333333
Yang2025,DeepConvNet,FM-Full_A-Riem_AdaBN-F,12,0.6216666667,0.6537222222
Yang2025,DeepConvNet,FM-Full_A-Riem_AdaBN-F,15,0.87,0.9456333333
Yang2025,DeepConvNet,FM-Full_A-Riem_AdaBN-F,19,0.875,0.9516555556
Yang2025,DeepConvNet,FM-Full_A-Riem_AdaBN-F,21,0.9183333333,0.9801111111
Yang2025,DeepConvNet,FM-Full_A-Riem_AdaBN-F,22,0.8733333333,0.9474666667
Yang2025,DeepConvNet,FM-Full_A-Riem_AdaBN-F,23,0.9732943144,0.9969565217
Yang2025,DeepConvNet,FM-Full_A-Riem_AdaBN-F,24,0.973040994,0.9966329585
Yang2025,DeepConvNet,FM-Full_A-Riem_AdaBN-F,28,0.8866666667,0.9478777778
Yang2025,DeepConvNet,FM-Full_A-Riem_AdaBN-F,29,0.8816666667,0.9589333333
Yang2025,DeepConvNet,FM-Full_A-Riem_AdaBN-F,30,0.9616666667,0.9937222222
Yang2025,DeepConvNet,FM-Full_A-Riem_AdaBN-F,35,0.9766666667,0.9960777778
Yang2025,DeepConvNet,FM-Full_A-Riem_AdaBN-F,36,0.9516666667,0.9912666667
Yang2025,DeepConvNet,FM-Full_A-Riem_AdaBN-F,38,0.78,0.8841555556
Yang2025,DeepConvNet,FM-Full_A-Riem_AdaBN-F,39,0.775,0.8604222222
Yang2025,DeepConvNet,FM-Full_A-Riem_AdaBN-F,40,0.87,0.9473
Yang2025,DeepConvNet,FM-Full_A-Riem_AdaBN-F,42,0.8466666667,0.9220555556
Yang2025,DeepConvNet,FM-Full_A-Riem_AdaBN-F,43,0.9983333333,1
Yang2025,DeepConvNet,FM-Full_A-Riem_AdaBN-F,46,0.9966666667,0.9998111111
Yang2025,DeepConvNet,FM-Full_A-Riem_AdaBN-F,51,0.9133333333,0.9785
Yang2025,DeepConvNet,FM-Full_A-Riem_AdaBN-T,4,0.61,0.6488555556
Yang2025,DeepConvNet,FM-Full_A-Riem_AdaBN-T,5,0.9066666667,0.9669666667
Yang2025,DeepConvNet,FM-Full_A-Riem_AdaBN-T,7,0.855,0.9365444444
Yang2025,DeepConvNet,FM-Full_A-Riem_AdaBN-T,9,0.74,0.8133722222
Yang2025,DeepConvNet,FM-Full_A-Riem_AdaBN-T,10,0.9033333333,0.9661555556
Yang2025,DeepConvNet,FM-Full_A-Riem_AdaBN-T,13,0.8616666667,0.9370944444
Yang2025,DeepConvNet,FM-Full_A-Riem_AdaBN-T,14,0.5616666667,0.6116388889
Yang2025,DeepConvNet,FM-Full_A-Riem_AdaBN-T,16,0.6633333333,0.7115111111
Yang2025,DeepConvNet,FM-Full_A-Riem_AdaBN-T,17,0.8316666667,0.93385
Yang2025,DeepConvNet,FM-Full_A-Riem_AdaBN-T,18,0.7266666667,0.7951555556
Yang2025,DeepConvNet,FM-Full_A-Riem_AdaBN-T,20,0.9516666667,0.9920666667
Yang2025,DeepConvNet,FM-Full_A-Riem_AdaBN-T,25,0.9666666667,0.9970666667
Yang2025,DeepConvNet,FM-Full_A-Riem_AdaBN-T,26,0.954916388,0.9941248606
Yang2025,DeepConvNet,FM-Full_A-Riem_AdaBN-T,27,0.7083333333,0.7852444444
Yang2025,DeepConvNet,FM-Full_A-Riem_AdaBN-T,31,0.8033333333,0.89645
Yang2025,DeepConvNet,FM-Full_A-Riem_AdaBN-T,32,0.6361092531,0.6863600892
Yang2025,DeepConvNet,FM-Full_A-Riem_AdaBN-T,33,0.9783333333,0.9980777778
Yang2025,DeepConvNet,FM-Full_A-Riem_AdaBN-T,34,0.8066666667,0.899
Yang2025,DeepConvNet,FM-Full_A-Riem_AdaBN-T,37,0.935,0.9829888889
Yang2025,DeepConvNet,FM-Full_A-Riem_AdaBN-T,41,0.9183333333,0.9733111111
Yang2025,DeepConvNet,FM-Full_A-Riem_AdaBN-T,44,0.7666666667,0.8542333333
Yang2025,DeepConvNet,FM-Full_A-Riem_AdaBN-T,45,0.9133333333,0.9734333333
Yang2025,DeepConvNet,FM-Full_A-Riem_AdaBN-T,47,0.94,0.9876333333
Yang2025,DeepConvNet,FM-Full_A-Riem_AdaBN-T,48,0.9366666667,0.9867
Yang2025,DeepConvNet,FM-Full_A-Riem_AdaBN-T,49,0.955,0.9914111111
Yang2025,DeepConvNet,FM-Full_A-Riem_AdaBN-T,50,0.9816666667,0.9970666667
Yang2025,DeepConvNet,FM-Full_A-Riem_AdaBN-T,1,0.965,0.9937444444
Yang2025,DeepConvNet,FM-Full_A-Riem_AdaBN-T,2,0.695,0.7733444444
Yang2025,DeepConvNet,FM-Full_A-Riem_AdaBN-T,3,0.9833333333,0.9971888889
Yang2025,DeepConvNet,FM-Full_A-Riem_AdaBN-T,6,0.9783333333,0.9970666667
Yang2025,DeepConvNet,FM-Full_A-Riem_AdaBN-T,8,0.935,0.9817444444
Yang2025,DeepConvNet,FM-Full_A-Riem_AdaBN-T,11,0.9266666667,0.9785222222
Yang2025,DeepConvNet,FM-Full_A-Riem_AdaBN-T,12,0.595,0.6474555556
Yang2025,DeepConvNet,FM-Full_A-Riem_AdaBN-T,15,0.8783333333,0.9539666667
Yang2025,DeepConvNet,FM-Full_A-Riem_AdaBN-T,19,0.8816666667,0.9559111111
Yang2025,DeepConvNet,FM-Full_A-Riem_AdaBN-T,21,0.9316666667,0.9838888889
Yang2025,DeepConvNet,FM-Full_A-Riem_AdaBN-T,22,0.8916666667,0.9565388889
Yang2025,DeepConvNet,FM-Full_A-Riem_AdaBN-T,23,0.9766332219,0.9976811594
Yang2025,DeepConvNet,FM-Full_A-Riem_AdaBN-T,24,0.9713744785,0.9970524215
Yang2025,DeepConvNet,FM-Full_A-Riem_AdaBN-T,28,0.8833333333,0.9533777778
Yang2025,DeepConvNet,FM-Full_A-Riem_AdaBN-T,29,0.8716666667,0.9570111111
Yang2025,DeepConvNet,FM-Full_A-Riem_AdaBN-T,30,0.9716666667,0.9948333333
Yang2025,DeepConvNet,FM-Full_A-Riem_AdaBN-T,35,0.9816666667,0.9973555556
Yang2025,DeepConvNet,FM-Full_A-Riem_AdaBN-T,36,0.9516666667,0.9928777778
Yang2025,DeepConvNet,FM-Full_A-Riem_AdaBN-T,38,0.7766666667,0.8826222222
Yang2025,DeepConvNet,FM-Full_A-Riem_AdaBN-T,39,0.7716666667,0.8663833333
Yang2025,DeepConvNet,FM-Full_A-Riem_AdaBN-T,40,0.88,0.9516777778
Yang2025,DeepConvNet,FM-Full_A-Riem_AdaBN-T,42,0.845,0.9268833333
Yang2025,DeepConvNet,FM-Full_A-Riem_AdaBN-T,43,0.9983333333,1
Yang2025,DeepConvNet,FM-Full_A-Riem_AdaBN-T,46,0.9966666667,0.9999555556
Yang2025,DeepConvNet,FM-Full_A-Riem_AdaBN-T,51,0.935,0.9838222222
Yang2025,DeepConvNet,FM-None_A-Eucl_AdaBN-T,4,0.6,0.6432555556
Yang2025,DeepConvNet,FM-None_A-Eucl_AdaBN-T,5,0.8883333333,0.9613
Yang2025,DeepConvNet,FM-None_A-Eucl_AdaBN-T,7,0.83,0.9103333333
Yang2025,DeepConvNet,FM-None_A-Eucl_AdaBN-T,9,0.7433333333,0.8345111111
Yang2025,DeepConvNet,FM-None_A-Eucl_AdaBN-T,10,0.8733333333,0.9566888889
Yang2025,DeepConvNet,FM-None_A-Eucl_AdaBN-T,13,0.7916666667,0.8787777778
Yang2025,DeepConvNet,FM-None_A-Eucl_AdaBN-T,14,0.585,0.6395722222
Yang2025,DeepConvNet,FM-None_A-Eucl_AdaBN-T,16,0.61,0.6538222222
Yang2025,DeepConvNet,FM-None_A-Eucl_AdaBN-T,17,0.8483333333,0.9302444444
Yang2025,DeepConvNet,FM-None_A-Eucl_AdaBN-T,18,0.6566666667,0.7420111111
Yang2025,DeepConvNet,FM-None_A-Eucl_AdaBN-T,20,0.8066666667,0.9112777778
Yang2025,DeepConvNet,FM-None_A-Eucl_AdaBN-T,25,0.9466666667,0.9923555556
Yang2025,DeepConvNet,FM-None_A-Eucl_AdaBN-T,26,0.9281939799,0.9805128205
Yang2025,DeepConvNet,FM-None_A-Eucl_AdaBN-T,27,0.7116666667,0.7708055556
Yang2025,DeepConvNet,FM-None_A-Eucl_AdaBN-T,31,0.775,0.8642777778
Yang2025,DeepConvNet,FM-None_A-Eucl_AdaBN-T,32,0.607826087,0.6557302118
Yang2025,DeepConvNet,FM-None_A-Eucl_AdaBN-T,33,0.955,0.9904333333
Yang2025,DeepConvNet,FM-None_A-Eucl_AdaBN-T,34,0.6483333333,0.70815
Yang2025,DeepConvNet,FM-None_A-Eucl_AdaBN-T,37,0.8866666667,0.9543277778
Yang2025,DeepConvNet,FM-None_A-Eucl_AdaBN-T,41,0.895,0.9576555556
Yang2025,DeepConvNet,FM-None_A-Eucl_AdaBN-T,44,0.7416666667,0.8267333333
Yang2025,DeepConvNet,FM-None_A-Eucl_AdaBN-T,45,0.9016666667,0.9685222222
Yang2025,DeepConvNet,FM-None_A-Eucl_AdaBN-T,47,0.9183333333,0.9803111111
Yang2025,DeepConvNet,FM-None_A-Eucl_AdaBN-T,48,0.9,0.9682333333
Yang2025,DeepConvNet,FM-None_A-Eucl_AdaBN-T,49,0.8783333333,0.9657
Yang2025,DeepConvNet,FM-None_A-Eucl_AdaBN-T,50,0.97,0.9948444444
Yang2025,DeepConvNet,FM-None_A-Eucl_AdaBN-T,1,0.9583333333,0.9941555556
Yang2025,DeepConvNet,FM-None_A-Eucl_AdaBN-T,2,0.7183333333,0.7949
Yang2025,DeepConvNet,FM-None_A-Eucl_AdaBN-T,3,0.9666666667,0.9917777778
Yang2025,DeepConvNet,FM-None_A-Eucl_AdaBN-T,6,0.9616666667,0.9958888889
Yang2025,DeepConvNet,FM-None_A-Eucl_AdaBN-T,8,0.9366666667,0.9797888889
Yang2025,DeepConvNet,FM-None_A-Eucl_AdaBN-T,11,0.9033333333,0.9753555556
Yang2025,DeepConvNet,FM-None_A-Eucl_AdaBN-T,12,0.645,0.7182666667
Yang2025,DeepConvNet,FM-None_A-Eucl_AdaBN-T,15,0.8166666667,0.9009333333
Yang2025,DeepConvNet,FM-None_A-Eucl_AdaBN-T,19,0.8733333333,0.9552222222
Yang2025,DeepConvNet,FM-None_A-Eucl_AdaBN-T,21,0.8983333333,0.9718
Yang2025,DeepConvNet,FM-None_A-Eucl_AdaBN-T,22,0.8583333333,0.9480222222
Yang2025,DeepConvNet,FM-None_A-Eucl_AdaBN-T,23,0.9666109253,0.9953846154
Yang2025,DeepConvNet,FM-None_A-Eucl_AdaBN-T,24,0.9478845456,0.9897741701
Yang2025,DeepConvNet,FM-None_A-Eucl_AdaBN-T,28,0.8383333333,0.9274444444
Yang2025,DeepConvNet,FM-None_A-Eucl_AdaBN-T,29,0.81,0.8886111111
Yang2025,DeepConvNet,FM-None_A-Eucl_AdaBN-T,30,0.89,0.9624666667
Yang2025,DeepConvNet,FM-None_A-Eucl_AdaBN-T,35,0.9766666667,0.9970222222
Yang2025,DeepConvNet,FM-None_A-Eucl_AdaBN-T,36,0.94,0.9830555556
Yang2025,DeepConvNet,FM-None_A-Eucl_AdaBN-T,38,0.6816666667,0.7723777778
Yang2025,DeepConvNet,FM-None_A-Eucl_AdaBN-T,39,0.7416666667,0.8374333333
Yang2025,DeepConvNet,FM-None_A-Eucl_AdaBN-T,40,0.875,0.9430222222
Yang2025,DeepConvNet,FM-None_A-Eucl_AdaBN-T,42,0.8516666667,0.9338222222
Yang2025,DeepConvNet,FM-None_A-Eucl_AdaBN-T,43,0.995,1
Yang2025,DeepConvNet,FM-None_A-Eucl_AdaBN-T,46,0.9783333333,0.9986444444
Yang2025,DeepConvNet,FM-None_A-Eucl_AdaBN-T,51,0.8983333333,0.9818111111
Yang2025,DeepConvNet,FM-None_A-None_AdaBN-F,4,0.615,0.6713555556
Yang2025,DeepConvNet,FM-None_A-None_AdaBN-F,5,0.8983333333,0.9708444444
Yang2025,DeepConvNet,FM-None_A-None_AdaBN-F,7,0.8266666667,0.9304333333
Yang2025,DeepConvNet,FM-None_A-None_AdaBN-F,9,0.775,0.8673
Yang2025,DeepConvNet,FM-None_A-None_AdaBN-F,10,0.8833333333,0.9642
Yang2025,DeepConvNet,FM-None_A-None_AdaBN-F,13,0.7933333333,0.8860777778
Yang2025,DeepConvNet,FM-None_A-None_AdaBN-F,14,0.5833333333,0.6389666667
Yang2025,DeepConvNet,FM-None_A-None_AdaBN-F,16,0.64,0.7129444444
Yang2025,DeepConvNet,FM-None_A-None_AdaBN-F,17,0.8416666667,0.9215
Yang2025,DeepConvNet,FM-None_A-None_AdaBN-F,18,0.735,0.8013222222
Yang2025,DeepConvNet,FM-None_A-None_AdaBN-F,20,0.7883333333,0.8832666667
Yang2025,DeepConvNet,FM-None_A-None_AdaBN-F,25,0.9366666667,0.9825111111
Yang2025,DeepConvNet,FM-None_A-None_AdaBN-F,26,0.8429821628,0.9049386845
Yang2025,DeepConvNet,FM-None_A-None_AdaBN-F,27,0.685,0.7556222222
Yang2025,DeepConvNet,FM-None_A-None_AdaBN-F,31,0.8033333333,0.8898444444
Yang2025,DeepConvNet,FM-None_A-None_AdaBN-F,32,0.614632107,0.6911594203
Yang2025,DeepConvNet,FM-None_A-None_AdaBN-F,33,0.9666666667,0.9946111111
Yang2025,DeepConvNet,FM-None_A-None_AdaBN-F,34,0.6433333333,0.6965111111
Yang2025,DeepConvNet,FM-None_A-None_AdaBN-F,37,0.885,0.9578
Yang2025,DeepConvNet,FM-None_A-None_AdaBN-F,41,0.8766666667,0.9644333333
Yang2025,DeepConvNet,FM-None_A-None_AdaBN-F,44,0.7533333333,0.8572777778
Yang2025,DeepConvNet,FM-None_A-None_AdaBN-F,45,0.915,0.9673222222
Yang2025,DeepConvNet,FM-None_A-None_AdaBN-F,47,0.9233333333,0.9823111111
Yang2025,DeepConvNet,FM-None_A-None_AdaBN-F,48,0.8916666667,0.9644333333
Yang2025,DeepConvNet,FM-None_A-None_AdaBN-F,49,0.9566666667,0.9953
Yang2025,DeepConvNet,FM-None_A-None_AdaBN-F,50,0.965,0.9943777778
Yang2025,DeepConvNet,FM-None_A-None_AdaBN-F,1,0.9666666667,0.9950222222
Yang2025,DeepConvNet,FM-None_A-None_AdaBN-F,2,0.7416666667,0.8270444444
Yang2025,DeepConvNet,FM-None_A-None_AdaBN-F,3,0.975,0.9978333333
Yang2025,DeepConvNet,FM-None_A-None_AdaBN-F,6,0.9583333333,0.9958111111
Yang2025,DeepConvNet,FM-None_A-None_AdaBN-F,8,0.95,0.9874
Yang2025,DeepConvNet,FM-None_A-None_AdaBN-F,11,0.9383333333,0.9822777778
Yang2025,DeepConvNet,FM-None_A-None_AdaBN-F,12,0.655,0.7137666667
Yang2025,DeepConvNet,FM-None_A-None_AdaBN-F,15,0.845,0.9259222222
Yang2025,DeepConvNet,FM-None_A-None_AdaBN-F,19,0.8783333333,0.9596444444
Yang2025,DeepConvNet,FM-None_A-None_AdaBN-F,21,0.9266666667,0.9814222222
Yang2025,DeepConvNet,FM-None_A-None_AdaBN-F,22,0.8683333333,0.9366555556
Yang2025,DeepConvNet,FM-None_A-None_AdaBN-F,23,0.9599275362,0.9925641026
Yang2025,DeepConvNet,FM-None_A-None_AdaBN-F,24,0.9679734264,0.9925290223
Yang2025,DeepConvNet,FM-None_A-None_AdaBN-F,28,0.9033333333,0.9716333333
Yang2025,DeepConvNet,FM-None_A-None_AdaBN-F,29,0.8016666667,0.9094666667
Yang2025,DeepConvNet,FM-None_A-None_AdaBN-F,30,0.9583333333,0.9865555556
Yang2025,DeepConvNet,FM-None_A-None_AdaBN-F,35,0.9783333333,0.9972888889
Yang2025,DeepConvNet,FM-None_A-None_AdaBN-F,36,0.9366666667,0.9865
Yang2025,DeepConvNet,FM-None_A-None_AdaBN-F,38,0.5983333333,0.6925444444
Yang2025,DeepConvNet,FM-None_A-None_AdaBN-F,39,0.7583333333,0.8545777778
Yang2025,DeepConvNet,FM-None_A-None_AdaBN-F,40,0.8766666667,0.9556777778
Yang2025,DeepConvNet,FM-None_A-None_AdaBN-F,42,0.865,0.949
Yang2025,DeepConvNet,FM-None_A-None_AdaBN-F,43,0.9983333333,1
Yang2025,DeepConvNet,FM-None_A-None_AdaBN-F,46,0.985,0.9992333333
Yang2025,DeepConvNet,FM-None_A-None_AdaBN-F,51,0.9066666667,0.9785444444
Yang2025,DeepConvNet,NoPre_FM-Full_A-Eucl_AdaBN-T,4,0.4866666667,0.5098333333
Yang2025,DeepConvNet,NoPre_FM-Full_A-Eucl_AdaBN-T,5,0.7683333333,0.8609222222
Yang2025,DeepConvNet,NoPre_FM-Full_A-Eucl_AdaBN-T,7,0.7083333333,0.7805944444
Yang2025,DeepConvNet,NoPre_FM-Full_A-Eucl_AdaBN-T,9,0.6416666667,0.6828722222
Yang2025,DeepConvNet,NoPre_FM-Full_A-Eucl_AdaBN-T,10,0.765,0.8612833333
Yang2025,DeepConvNet,NoPre_FM-Full_A-Eucl_AdaBN-T,13,0.725,0.7994222222
Yang2025,DeepConvNet,NoPre_FM-Full_A-Eucl_AdaBN-T,14,0.5083333333,0.5106111111
Yang2025,DeepConvNet,NoPre_FM-Full_A-Eucl_AdaBN-T,16,0.54,0.5584611111
Yang2025,DeepConvNet,NoPre_FM-Full_A-Eucl_AdaBN-T,17,0.7316666667,0.8146055556
Yang2025,DeepConvNet,NoPre_FM-Full_A-Eucl_AdaBN-T,18,0.5833333333,0.6411833333
Yang2025,DeepConvNet,NoPre_FM-Full_A-Eucl_AdaBN-T,20,0.8816666667,0.9566333333
Yang2025,DeepConvNet,NoPre_FM-Full_A-Eucl_AdaBN-T,25,0.8933333333,0.9680666667
Yang2025,DeepConvNet,NoPre_FM-Full_A-Eucl_AdaBN-T,26,0.8563322185,0.9341471572
Yang2025,DeepConvNet,NoPre_FM-Full_A-Eucl_AdaBN-T,27,0.6733333333,0.7205333333
Yang2025,DeepConvNet,NoPre_FM-Full_A-Eucl_AdaBN-T,31,0.72,0.7969722222
Yang2025,DeepConvNet,NoPre_FM-Full_A-Eucl_AdaBN-T,32,0.4975027871,0.5250613155
Yang2025,DeepConvNet,NoPre_FM-Full_A-Eucl_AdaBN-T,33,0.8416666667,0.9353111111
Yang2025,DeepConvNet,NoPre_FM-Full_A-Eucl_AdaBN-T,34,0.7183333333,0.8072111111
Yang2025,DeepConvNet,NoPre_FM-Full_A-Eucl_AdaBN-T,37,0.825,0.9165555556
Yang2025,DeepConvNet,NoPre_FM-Full_A-Eucl_AdaBN-T,41,0.7666666667,0.8648111111
Yang2025,DeepConvNet,NoPre_FM-Full_A-Eucl_AdaBN-T,44,0.595,0.6508111111
Yang2025,DeepConvNet,NoPre_FM-Full_A-Eucl_AdaBN-T,45,0.7683333333,0.86345
Yang2025,DeepConvNet,NoPre_FM-Full_A-Eucl_AdaBN-T,47,0.8583333333,0.9490777778
Yang2025,DeepConvNet,NoPre_FM-Full_A-Eucl_AdaBN-T,48,0.8066666667,0.9033888889
Yang2025,DeepConvNet,NoPre_FM-Full_A-Eucl_AdaBN-T,49,0.7983333333,0.8942555556
Yang2025,DeepConvNet,NoPre_FM-Full_A-Eucl_AdaBN-T,50,0.8533333333,0.94105
Yang2025,DeepConvNet,NoPre_FM-Full_A-Eucl_AdaBN-T,1,0.8466666667,0.9315277778
Yang2025,DeepConvNet,NoPre_FM-Full_A-Eucl_AdaBN-T,2,0.5516666667,0.5778222222
Yang2025,DeepConvNet,NoPre_FM-Full_A-Eucl_AdaBN-T,3,0.8666666667,0.9489555556
Yang2025,DeepConvNet,NoPre_FM-Full_A-Eucl_AdaBN-T,6,0.9166666667,0.9779722222
Yang2025,DeepConvNet,NoPre_FM-Full_A-Eucl_AdaBN-T,8,0.8416666667,0.9153888889
Yang2025,DeepConvNet,NoPre_FM-Full_A-Eucl_AdaBN-T,11,0.785,0.8771166667
Yang2025,DeepConvNet,NoPre_FM-Full_A-Eucl_AdaBN-T,12,0.525,0.5323611111
Yang2025,DeepConvNet,NoPre_FM-Full_A-Eucl_AdaBN-T,15,0.6583333333,0.7588888889
Yang2025,DeepConvNet,NoPre_FM-Full_A-Eucl_AdaBN-T,19,0.7383333333,0.8349833333
Yang2025,DeepConvNet,NoPre_FM-Full_A-Eucl_AdaBN-T,21,0.825,0.91315
Yang2025,DeepConvNet,NoPre_FM-Full_A-Eucl_AdaBN-T,22,0.7533333333,0.8492444444
Yang2025,DeepConvNet,NoPre_FM-Full_A-Eucl_AdaBN-T,23,0.8914158305,0.9544481605
Yang2025,DeepConvNet,NoPre_FM-Full_A-Eucl_AdaBN-T,24,0.9124002358,0.9742200254
Yang2025,DeepConvNet,NoPre_FM-Full_A-Eucl_AdaBN-T,28,0.7583333333,0.8368666667
Yang2025,DeepConvNet,NoPre_FM-Full_A-Eucl_AdaBN-T,29,0.7683333333,0.8625111111
Yang2025,DeepConvNet,NoPre_FM-Full_A-Eucl_AdaBN-T,30,0.8733333333,0.9436444444
Yang2025,DeepConvNet,NoPre_FM-Full_A-Eucl_AdaBN-T,35,0.9133333333,0.9759
Yang2025,DeepConvNet,NoPre_FM-Full_A-Eucl_AdaBN-T,36,0.87,0.9545222222
Yang2025,DeepConvNet,NoPre_FM-Full_A-Eucl_AdaBN-T,38,0.7016666667,0.7796555556
Yang2025,DeepConvNet,NoPre_FM-Full_A-Eucl_AdaBN-T,39,0.6283333333,0.6951444444
Yang2025,DeepConvNet,NoPre_FM-Full_A-Eucl_AdaBN-T,40,0.7066666667,0.7902833333
Yang2025,DeepConvNet,NoPre_FM-Full_A-Eucl_AdaBN-T,42,0.665,0.7185944444
Yang2025,DeepConvNet,NoPre_FM-Full_A-Eucl_AdaBN-T,43,0.9533333333,0.9929333333
Yang2025,DeepConvNet,NoPre_FM-Full_A-Eucl_AdaBN-T,46,0.9283333333,0.9847666667
Yang2025,DeepConvNet,NoPre_FM-Full_A-Eucl_AdaBN-T,51,0.8033333333,0.9031111111
Yang2025,DeepConvNet,NoPre_FM-Full_A-None_AdaBN-F,4,0.5066666667,0.5023888889
Yang2025,DeepConvNet,NoPre_FM-Full_A-None_AdaBN-F,5,0.825,0.8848888889
Yang2025,DeepConvNet,NoPre_FM-Full_A-None_AdaBN-F,7,0.7,0.8013555556
Yang2025,DeepConvNet,NoPre_FM-Full_A-None_AdaBN-F,9,0.665,0.70465
Yang2025,DeepConvNet,NoPre_FM-Full_A-None_AdaBN-F,10,0.7566666667,0.8516277778
Yang2025,DeepConvNet,NoPre_FM-Full_A-None_AdaBN-F,13,0.7366666667,0.8170111111
Yang2025,DeepConvNet,NoPre_FM-Full_A-None_AdaBN-F,14,0.5066666667,0.5188777778
Yang2025,DeepConvNet,NoPre_FM-Full_A-None_AdaBN-F,16,0.55,0.5882444444
Yang2025,DeepConvNet,NoPre_FM-Full_A-None_AdaBN-F,17,0.735,0.8136611111
Yang2025,DeepConvNet,NoPre_FM-Full_A-None_AdaBN-F,18,0.63,0.6955
Yang2025,DeepConvNet,NoPre_FM-Full_A-None_AdaBN-F,20,0.8216666667,0.9029222222
Yang2025,DeepConvNet,NoPre_FM-Full_A-None_AdaBN-F,25,0.8966666667,0.9324222222
Yang2025,DeepConvNet,NoPre_FM-Full_A-None_AdaBN-F,26,0.7999275362,0.8816610925
Yang2025,DeepConvNet,NoPre_FM-Full_A-None_AdaBN-F,27,0.655,0.7196333333
Yang2025,DeepConvNet,NoPre_FM-Full_A-None_AdaBN-F,31,0.65,0.7543666667
Yang2025,DeepConvNet,NoPre_FM-Full_A-None_AdaBN-F,32,0.5493924192,0.571884058
Yang2025,DeepConvNet,NoPre_FM-Full_A-None_AdaBN-F,33,0.8483333333,0.9353777778
Yang2025,DeepConvNet,NoPre_FM-Full_A-None_AdaBN-F,34,0.7516666667,0.8374333333
Yang2025,DeepConvNet,NoPre_FM-Full_A-None_AdaBN-F,37,0.865,0.9077111111
Yang2025,DeepConvNet,NoPre_FM-Full_A-None_AdaBN-F,41,0.8,0.8679388889
Yang2025,DeepConvNet,NoPre_FM-Full_A-None_AdaBN-F,44,0.6016666667,0.6620611111
Yang2025,DeepConvNet,NoPre_FM-Full_A-None_AdaBN-F,45,0.825,0.8743222222
Yang2025,DeepConvNet,NoPre_FM-Full_A-None_AdaBN-F,47,0.8166666667,0.9028166667
Yang2025,DeepConvNet,NoPre_FM-Full_A-None_AdaBN-F,48,0.6733333333,0.8552777778
Yang2025,DeepConvNet,NoPre_FM-Full_A-None_AdaBN-F,49,0.8833333333,0.9236111111
Yang2025,DeepConvNet,NoPre_FM-Full_A-None_AdaBN-F,50,0.8883333333,0.9397777778
Yang2025,DeepConvNet,NoPre_FM-Full_A-None_AdaBN-F,1,0.8783333333,0.9381555556
Yang2025,DeepConvNet,NoPre_FM-Full_A-None_AdaBN-F,2,0.5783333333,0.6408333333
Yang2025,DeepConvNet,NoPre_FM-Full_A-None_AdaBN-F,3,0.9,0.9416666667
Yang2025,DeepConvNet,NoPre_FM-Full_A-None_AdaBN-F,6,0.8966666667,0.9420611111
Yang2025,DeepConvNet,NoPre_FM-Full_A-None_AdaBN-F,8,0.8216666667,0.9067944444
Yang2025,DeepConvNet,NoPre_FM-Full_A-None_AdaBN-F,11,0.7283333333,0.9115888889
Yang2025,DeepConvNet,NoPre_FM-Full_A-None_AdaBN-F,12,0.5333333333,0.5573666667
Yang2025,DeepConvNet,NoPre_FM-Full_A-None_AdaBN-F,15,0.6933333333,0.7714
Yang2025,DeepConvNet,NoPre_FM-Full_A-None_AdaBN-F,19,0.7633333333,0.8491333333
Yang2025,DeepConvNet,NoPre_FM-Full_A-None_AdaBN-F,21,0.7666666667,0.8504166667
Yang2025,DeepConvNet,NoPre_FM-Full_A-None_AdaBN-F,22,0.7633333333,0.8460666667
Yang2025,DeepConvNet,NoPre_FM-Full_A-None_AdaBN-F,23,0.8430546265,0.9068115942
Yang2025,DeepConvNet,NoPre_FM-Full_A-None_AdaBN-F,24,0.9393252313,0.9588245964
Yang2025,DeepConvNet,NoPre_FM-Full_A-None_AdaBN-F,28,0.7483333333,0.8447444444
Yang2025,DeepConvNet,NoPre_FM-Full_A-None_AdaBN-F,29,0.6983333333,0.8416555556
Yang2025,DeepConvNet,NoPre_FM-Full_A-None_AdaBN-F,30,0.745,0.8570166667
Yang2025,DeepConvNet,NoPre_FM-Full_A-None_AdaBN-F,35,0.9033333333,0.9450777778
Yang2025,DeepConvNet,NoPre_FM-Full_A-None_AdaBN-F,36,0.8733333333,0.9334777778
Yang2025,DeepConvNet,NoPre_FM-Full_A-None_AdaBN-F,38,0.6183333333,0.6963111111
Yang2025,DeepConvNet,NoPre_FM-Full_A-None_AdaBN-F,39,0.6766666667,0.7607777778
Yang2025,DeepConvNet,NoPre_FM-Full_A-None_AdaBN-F,40,0.71,0.8409333333
Yang2025,DeepConvNet,NoPre_FM-Full_A-None_AdaBN-F,42,0.6933333333,0.7834222222
Yang2025,DeepConvNet,NoPre_FM-Full_A-None_AdaBN-F,43,0.9433333333,0.9623222222
Yang2025,DeepConvNet,NoPre_FM-Full_A-None_AdaBN-F,46,0.9133333333,0.9521222222
Yang2025,DeepConvNet,NoPre_FM-Full_A-None_AdaBN-F,51,0.7733333333,0.8931611111
BI2015a,EEGNetv4,FM-Dec_A-Eucl_AdaBN-F,4,0.7975,0.9400833333
BI2015a,EEGNetv4,FM-Dec_A-Eucl_AdaBN-F,5,0.8106060606,0.9410825426
BI2015a,EEGNetv4,FM-Dec_A-Eucl_AdaBN-F,7,0.8009803922,0.924384852
BI2015a,EEGNetv4,FM-Dec_A-Eucl_AdaBN-F,9,0.6914414414,0.8572193815
BI2015a,EEGNetv4,FM-Dec_A-Eucl_AdaBN-F,10,0.8005376344,0.9325818014
BI2015a,EEGNetv4,FM-Dec_A-Eucl_AdaBN-F,13,0.7285087719,0.8879539858
BI2015a,EEGNetv4,FM-Dec_A-Eucl_AdaBN-F,14,0.6811965812,0.842640076
BI2015a,EEGNetv4,FM-Dec_A-Eucl_AdaBN-F,16,0.7923809524,0.9264988662
BI2015a,EEGNetv4,FM-Dec_A-Eucl_AdaBN-F,17,0.6844444444,0.8522222222
BI2015a,EEGNetv4,FM-Dec_A-Eucl_AdaBN-F,18,0.6559259259,0.8264005487
BI2015a,EEGNetv4,FM-Dec_A-Eucl_AdaBN-F,20,0.767037037,0.8993333333
BI2015a,EEGNetv4,FM-Dec_A-Eucl_AdaBN-F,25,0.6649425287,0.8333680143
BI2015a,EEGNetv4,FM-Dec_A-Eucl_AdaBN-F,26,0.8430107527,0.956862065
BI2015a,EEGNetv4,FM-Dec_A-Eucl_AdaBN-F,27,0.6267932489,0.7872794602
BI2015a,EEGNetv4,FM-Dec_A-Eucl_AdaBN-F,28,0.6403333333,0.7992266667
BI2015a,EEGNetv4,FM-Dec_A-Eucl_AdaBN-F,31,0.6093333333,0.7513333333
BI2015a,EEGNetv4,FM-Dec_A-Eucl_AdaBN-F,32,0.7403225806,0.8694357729
BI2015a,EEGNetv4,FM-Dec_A-Eucl_AdaBN-F,35,0.6328502415,0.7892097832
BI2015a,EEGNetv4,FM-Dec_A-Eucl_AdaBN-F,37,0.6030952381,0.749877551
BI2015a,EEGNetv4,FM-Dec_A-Eucl_AdaBN-F,38,0.7112612613,0.8704082461
BI2015a,EEGNetv4,FM-Dec_A-Eucl_AdaBN-F,40,0.7654320988,0.9076760402
BI2015a,EEGNetv4,FM-Dec_A-Eucl_AdaBN-F,41,0.6844444444,0.8440713306
BI2015a,EEGNetv4,FM-Dec_A-Eucl_AdaBN-F,1,0.6643942695,0.8346617959
BI2015a,EEGNetv4,FM-Dec_A-Eucl_AdaBN-F,2,0.7567460317,0.9151486521
BI2015a,EEGNetv4,FM-Dec_A-Eucl_AdaBN-F,3,0.8206896552,0.9507266482
BI2015a,EEGNetv4,FM-Dec_A-Eucl_AdaBN-F,6,0.7465909091,0.8821338384
BI2015a,EEGNetv4,FM-Dec_A-Eucl_AdaBN-F,8,0.7527777778,0.9105095742
BI2015a,EEGNetv4,FM-Dec_A-Eucl_AdaBN-F,11,0.7033333333,0.8484236111
BI2015a,EEGNetv4,FM-Dec_A-Eucl_AdaBN-F,12,0.6948924731,0.8522676032
BI2015a,EEGNetv4,FM-Dec_A-Eucl_AdaBN-F,15,0.760952381,0.9105578231
BI2015a,EEGNetv4,FM-Dec_A-Eucl_AdaBN-F,19,0.683,0.8254711111
BI2015a,EEGNetv4,FM-Dec_A-Eucl_AdaBN-F,21,0.7533333333,0.8960090703
BI2015a,EEGNetv4,FM-Dec_A-Eucl_AdaBN-F,22,0.7356060606,0.8883809688
BI2015a,EEGNetv4,FM-Dec_A-Eucl_AdaBN-F,23,0.7065789474,0.8737880886
BI2015a,EEGNetv4,FM-Dec_A-Eucl_AdaBN-F,24,0.7467592593,0.9065543553
BI2015a,EEGNetv4,FM-Dec_A-Eucl_AdaBN-F,29,0.7039215686,0.846151053
BI2015a,EEGNetv4,FM-Dec_A-Eucl_AdaBN-F,30,0.8561728395,0.9471193416
BI2015a,EEGNetv4,FM-Dec_A-Eucl_AdaBN-F,33,0.7107142857,0.8769494835
BI2015a,EEGNetv4,FM-Dec_A-Eucl_AdaBN-F,34,0.7519047619,0.9065578231
BI2015a,EEGNetv4,FM-Dec_A-Eucl_AdaBN-F,36,0.7520833333,0.9024618056
BI2015a,EEGNetv4,FM-Dec_A-Eucl_AdaBN-F,39,0.6258503401,0.7937202092
BI2015a,EEGNetv4,FM-Dec_A-Eucl_AdaBN-F,42,0.6438596491,0.7825382169
BI2015a,EEGNetv4,FM-Dec_A-Eucl_AdaBN-F,43,0.8517241379,0.9579336768
BI2015a,EEGNetv4,FM-Dec_A-Eucl_AdaBN-T,4,0.8316666667,0.9436423611
BI2015a,EEGNetv4,FM-Dec_A-Eucl_AdaBN-T,5,0.8106060606,0.9403632282
BI2015a,EEGNetv4,FM-Dec_A-Eucl_AdaBN-T,7,0.8068627451,0.9239475202
BI2015a,EEGNetv4,FM-Dec_A-Eucl_AdaBN-T,9,0.6959459459,0.85810405
BI2015a,EEGNetv4,FM-Dec_A-Eucl_AdaBN-T,10,0.8413978495,0.9347728061
BI2015a,EEGNetv4,FM-Dec_A-Eucl_AdaBN-T,13,0.7377192982,0.8930786396
BI2015a,EEGNetv4,FM-Dec_A-Eucl_AdaBN-T,14,0.6876068376,0.8411169552
BI2015a,EEGNetv4,FM-Dec_A-Eucl_AdaBN-T,16,0.8166666667,0.9240181406
BI2015a,EEGNetv4,FM-Dec_A-Eucl_AdaBN-T,17,0.71,0.8576104252
BI2015a,EEGNetv4,FM-Dec_A-Eucl_AdaBN-T,18,0.6811111111,0.827558299
BI2015a,EEGNetv4,FM-Dec_A-Eucl_AdaBN-T,20,0.7792592593,0.9036707819
BI2015a,EEGNetv4,FM-Dec_A-Eucl_AdaBN-T,25,0.6795977011,0.834491016
BI2015a,EEGNetv4,FM-Dec_A-Eucl_AdaBN-T,26,0.8607526882,0.9573534513
BI2015a,EEGNetv4,FM-Dec_A-Eucl_AdaBN-T,27,0.6367088608,0.7853540209
BI2015a,EEGNetv4,FM-Dec_A-Eucl_AdaBN-T,28,0.638,0.7972955556
BI2015a,EEGNetv4,FM-Dec_A-Eucl_AdaBN-T,31,0.6148888889,0.7506241975
BI2015a,EEGNetv4,FM-Dec_A-Eucl_AdaBN-T,32,0.7537634409,0.8691120361
BI2015a,EEGNetv4,FM-Dec_A-Eucl_AdaBN-T,35,0.6487922705,0.78991225
BI2015a,EEGNetv4,FM-Dec_A-Eucl_AdaBN-T,37,0.6061904762,0.7494002268
BI2015a,EEGNetv4,FM-Dec_A-Eucl_AdaBN-T,38,0.7108108108,0.8678800422
BI2015a,EEGNetv4,FM-Dec_A-Eucl_AdaBN-T,40,0.7706790123,0.9075350556
BI2015a,EEGNetv4,FM-Dec_A-Eucl_AdaBN-T,41,0.6844444444,0.8470150892
BI2015a,EEGNetv4,FM-Dec_A-Eucl_AdaBN-T,1,0.6856151933,0.8345092171
BI2015a,EEGNetv4,FM-Dec_A-Eucl_AdaBN-T,2,0.7853174603,0.9145549887
BI2015a,EEGNetv4,FM-Dec_A-Eucl_AdaBN-T,3,0.8482758621,0.9516184437
BI2015a,EEGNetv4,FM-Dec_A-Eucl_AdaBN-T,6,0.7568181818,0.883488292
BI2015a,EEGNetv4,FM-Dec_A-Eucl_AdaBN-T,8,0.7603174603,0.9085915848
BI2015a,EEGNetv4,FM-Dec_A-Eucl_AdaBN-T,11,0.7095833333,0.8499097222
BI2015a,EEGNetv4,FM-Dec_A-Eucl_AdaBN-T,12,0.7045698925,0.8539253093
BI2015a,EEGNetv4,FM-Dec_A-Eucl_AdaBN-T,15,0.7704761905,0.906952381
BI2015a,EEGNetv4,FM-Dec_A-Eucl_AdaBN-T,19,0.692,0.8287866667
BI2015a,EEGNetv4,FM-Dec_A-Eucl_AdaBN-T,21,0.7723809524,0.903537415
BI2015a,EEGNetv4,FM-Dec_A-Eucl_AdaBN-T,22,0.7492424242,0.892507461
BI2015a,EEGNetv4,FM-Dec_A-Eucl_AdaBN-T,23,0.7175438596,0.8720298553
BI2015a,EEGNetv4,FM-Dec_A-Eucl_AdaBN-T,24,0.7601851852,0.9090792181
BI2015a,EEGNetv4,FM-Dec_A-Eucl_AdaBN-T,29,0.7081699346,0.8519992311
BI2015a,EEGNetv4,FM-Dec_A-Eucl_AdaBN-T,30,0.8666666667,0.94797287
BI2015a,EEGNetv4,FM-Dec_A-Eucl_AdaBN-T,33,0.7273809524,0.8793430335
BI2015a,EEGNetv4,FM-Dec_A-Eucl_AdaBN-T,34,0.7547619048,0.9079365079
BI2015a,EEGNetv4,FM-Dec_A-Eucl_AdaBN-T,36,0.75625,0.8981111111
BI2015a,EEGNetv4,FM-Dec_A-Eucl_AdaBN-T,39,0.631292517,0.7964274145
BI2015a,EEGNetv4,FM-Dec_A-Eucl_AdaBN-T,42,0.6567251462,0.7851099484
BI2015a,EEGNetv4,FM-Dec_A-Eucl_AdaBN-T,43,0.8557471264,0.9576562294
BI2015a,EEGNetv4,FM-Dec_A-None_AdaBN-F,4,0.8616666667,0.9485520833
BI2015a,EEGNetv4,FM-Dec_A-None_AdaBN-F,5,0.851010101,0.9522395674
BI2015a,EEGNetv4,FM-Dec_A-None_AdaBN-F,7,0.8323529412,0.9228710111
BI2015a,EEGNetv4,FM-Dec_A-None_AdaBN-F,9,0.7513513514,0.8932473014
BI2015a,EEGNetv4,FM-Dec_A-None_AdaBN-F,10,0.8188172043,0.9398369754
BI2015a,EEGNetv4,FM-Dec_A-None_AdaBN-F,13,0.8592105263,0.9555901816
BI2015a,EEGNetv4,FM-Dec_A-None_AdaBN-F,14,0.6423076923,0.7926218131
BI2015a,EEGNetv4,FM-Dec_A-None_AdaBN-F,16,0.8276190476,0.9471927438
BI2015a,EEGNetv4,FM-Dec_A-None_AdaBN-F,17,0.7751851852,0.9085377229
BI2015a,EEGNetv4,FM-Dec_A-None_AdaBN-F,18,0.6940740741,0.8286556927
BI2015a,EEGNetv4,FM-Dec_A-None_AdaBN-F,20,0.82,0.9381838134
BI2015a,EEGNetv4,FM-Dec_A-None_AdaBN-F,25,0.6896551724,0.8232114546
BI2015a,EEGNetv4,FM-Dec_A-None_AdaBN-F,26,0.8650537634,0.9721990982
BI2015a,EEGNetv4,FM-Dec_A-None_AdaBN-F,27,0.6672995781,0.8003071089
BI2015a,EEGNetv4,FM-Dec_A-None_AdaBN-F,28,0.7496666667,0.8925488889
BI2015a,EEGNetv4,FM-Dec_A-None_AdaBN-F,31,0.654,0.8186093827
BI2015a,EEGNetv4,FM-Dec_A-None_AdaBN-F,32,0.8258064516,0.9153775003
BI2015a,EEGNetv4,FM-Dec_A-None_AdaBN-F,35,0.6449275362,0.8061600037
BI2015a,EEGNetv4,FM-Dec_A-None_AdaBN-F,37,0.7157142857,0.8520589569
BI2015a,EEGNetv4,FM-Dec_A-None_AdaBN-F,38,0.8103603604,0.9320509699
BI2015a,EEGNetv4,FM-Dec_A-None_AdaBN-F,40,0.7709876543,0.9017908855
BI2015a,EEGNetv4,FM-Dec_A-None_AdaBN-F,41,0.6803703704,0.8669492455
BI2015a,EEGNetv4,FM-Dec_A-None_AdaBN-F,1,0.6142105147,0.7894827725
BI2015a,EEGNetv4,FM-Dec_A-None_AdaBN-F,2,0.8674603175,0.9627676997
BI2015a,EEGNetv4,FM-Dec_A-None_AdaBN-F,3,0.8603448276,0.9621878716
BI2015a,EEGNetv4,FM-Dec_A-None_AdaBN-F,6,0.7556818182,0.8900137741
BI2015a,EEGNetv4,FM-Dec_A-None_AdaBN-F,8,0.8265873016,0.9423248929
BI2015a,EEGNetv4,FM-Dec_A-None_AdaBN-F,11,0.69125,0.8448819444
BI2015a,EEGNetv4,FM-Dec_A-None_AdaBN-F,12,0.6922043011,0.8427303735
BI2015a,EEGNetv4,FM-Dec_A-None_AdaBN-F,15,0.8357142857,0.9378367347
BI2015a,EEGNetv4,FM-Dec_A-None_AdaBN-F,19,0.757,0.8944666667
BI2015a,EEGNetv4,FM-Dec_A-None_AdaBN-F,21,0.8638095238,0.9531428571
BI2015a,EEGNetv4,FM-Dec_A-None_AdaBN-F,22,0.7954545455,0.9216970845
BI2015a,EEGNetv4,FM-Dec_A-None_AdaBN-F,23,0.7565789474,0.9021968298
BI2015a,EEGNetv4,FM-Dec_A-None_AdaBN-F,24,0.850462963,0.9584147805
BI2015a,EEGNetv4,FM-Dec_A-None_AdaBN-F,29,0.7049019608,0.8591887735
BI2015a,EEGNetv4,FM-Dec_A-None_AdaBN-F,30,0.7141975309,0.8970050297
BI2015a,EEGNetv4,FM-Dec_A-None_AdaBN-F,33,0.8027777778,0.9269274376
BI2015a,EEGNetv4,FM-Dec_A-None_AdaBN-F,34,0.8276190476,0.9475827664
BI2015a,EEGNetv4,FM-Dec_A-None_AdaBN-F,36,0.8425,0.9506840278
BI2015a,EEGNetv4,FM-Dec_A-None_AdaBN-F,39,0.7639455782,0.9100374844
BI2015a,EEGNetv4,FM-Dec_A-None_AdaBN-F,42,0.7070175439,0.8337505557
BI2015a,EEGNetv4,FM-Dec_A-None_AdaBN-F,43,0.9045977011,0.9806645528
BI2015a,EEGNetv4,FM-Dec_A-Riem_AdaBN-T,4,0.8758333333,0.9545208333
BI2015a,EEGNetv4,FM-Dec_A-Riem_AdaBN-T,5,0.8686868687,0.9628609326
BI2015a,EEGNetv4,FM-Dec_A-Riem_AdaBN-T,7,0.8411764706,0.9446703191
BI2015a,EEGNetv4,FM-Dec_A-Riem_AdaBN-T,9,0.7869369369,0.9227538349
BI2015a,EEGNetv4,FM-Dec_A-Riem_AdaBN-T,10,0.8333333333,0.9524684935
BI2015a,EEGNetv4,FM-Dec_A-Riem_AdaBN-T,13,0.8048245614,0.9264658356
BI2015a,EEGNetv4,FM-Dec_A-Riem_AdaBN-T,14,0.7346153846,0.8886149463
BI2015a,EEGNetv4,FM-Dec_A-Riem_AdaBN-T,16,0.8580952381,0.9482857143
BI2015a,EEGNetv4,FM-Dec_A-Riem_AdaBN-T,17,0.7685185185,0.9088751715
BI2015a,EEGNetv4,FM-Dec_A-Riem_AdaBN-T,18,0.7018518519,0.8629382716
BI2015a,EEGNetv4,FM-Dec_A-Riem_AdaBN-T,20,0.8307407407,0.9372839506
BI2015a,EEGNetv4,FM-Dec_A-Riem_AdaBN-T,25,0.717816092,0.8838684106
BI2015a,EEGNetv4,FM-Dec_A-Riem_AdaBN-T,26,0.8768817204,0.9710718002
BI2015a,EEGNetv4,FM-Dec_A-Riem_AdaBN-T,27,0.6508438819,0.8065658993
BI2015a,EEGNetv4,FM-Dec_A-Riem_AdaBN-T,28,0.7483333333,0.8978511111
BI2015a,EEGNetv4,FM-Dec_A-Riem_AdaBN-T,31,0.648,0.7933866667
BI2015a,EEGNetv4,FM-Dec_A-Riem_AdaBN-T,32,0.8032258065,0.9142444213
BI2015a,EEGNetv4,FM-Dec_A-Riem_AdaBN-T,35,0.6570048309,0.8030642489
BI2015a,EEGNetv4,FM-Dec_A-Riem_AdaBN-T,37,0.6664285714,0.8255839002
BI2015a,EEGNetv4,FM-Dec_A-Riem_AdaBN-T,38,0.8018018018,0.9309431053
BI2015a,EEGNetv4,FM-Dec_A-Riem_AdaBN-T,40,0.7830246914,0.9242055327
BI2015a,EEGNetv4,FM-Dec_A-Riem_AdaBN-T,41,0.7681481481,0.8992592593
BI2015a,EEGNetv4,FM-Dec_A-Riem_AdaBN-T,1,0.6950665698,0.8475561717
BI2015a,EEGNetv4,FM-Dec_A-Riem_AdaBN-T,2,0.8583333333,0.9506771227
BI2015a,EEGNetv4,FM-Dec_A-Riem_AdaBN-T,3,0.9333333333,0.9853745541
BI2015a,EEGNetv4,FM-Dec_A-Riem_AdaBN-T,6,0.8037878788,0.9288797062
BI2015a,EEGNetv4,FM-Dec_A-Riem_AdaBN-T,8,0.8285714286,0.9415091963
BI2015a,EEGNetv4,FM-Dec_A-Riem_AdaBN-T,11,0.8154166667,0.9337777778
BI2015a,EEGNetv4,FM-Dec_A-Riem_AdaBN-T,12,0.7209677419,0.8660322003
BI2015a,EEGNetv4,FM-Dec_A-Riem_AdaBN-T,15,0.8276190476,0.9317687075
BI2015a,EEGNetv4,FM-Dec_A-Riem_AdaBN-T,19,0.7683333333,0.8859555556
BI2015a,EEGNetv4,FM-Dec_A-Riem_AdaBN-T,21,0.8576190476,0.9506530612
BI2015a,EEGNetv4,FM-Dec_A-Riem_AdaBN-T,22,0.8049242424,0.9260933196
BI2015a,EEGNetv4,FM-Dec_A-Riem_AdaBN-T,23,0.7530701754,0.8983341028
BI2015a,EEGNetv4,FM-Dec_A-Riem_AdaBN-T,24,0.8712962963,0.9656207133
BI2015a,EEGNetv4,FM-Dec_A-Riem_AdaBN-T,29,0.7189542484,0.8733713529
BI2015a,EEGNetv4,FM-Dec_A-Riem_AdaBN-T,30,0.9160493827,0.9686252096
BI2015a,EEGNetv4,FM-Dec_A-Riem_AdaBN-T,33,0.8186507937,0.9298311917
BI2015a,EEGNetv4,FM-Dec_A-Riem_AdaBN-T,34,0.81,0.9436689342
BI2015a,EEGNetv4,FM-Dec_A-Riem_AdaBN-T,36,0.8404166667,0.9419756944
BI2015a,EEGNetv4,FM-Dec_A-Riem_AdaBN-T,39,0.7574829932,0.8958651488
BI2015a,EEGNetv4,FM-Dec_A-Riem_AdaBN-T,42,0.7061403509,0.8482763927
BI2015a,EEGNetv4,FM-Dec_A-Riem_AdaBN-T,43,0.9011494253,0.9779032897
BI2015a,EEGNetv4,FM-Full_A-Eucl_AdaBN-F,4,0.8629166667,0.9644340278
BI2015a,EEGNetv4,FM-Full_A-Eucl_AdaBN-F,5,0.8651515152,0.9593663912
BI2015a,EEGNetv4,FM-Full_A-Eucl_AdaBN-F,7,0.8803921569,0.9535755479
BI2015a,EEGNetv4,FM-Full_A-Eucl_AdaBN-F,9,0.7945945946,0.932091551
BI2015a,EEGNetv4,FM-Full_A-Eucl_AdaBN-F,10,0.8908602151,0.9661463753
BI2015a,EEGNetv4,FM-Full_A-Eucl_AdaBN-F,13,0.8442982456,0.940747153
BI2015a,EEGNetv4,FM-Full_A-Eucl_AdaBN-F,14,0.7901709402,0.9171561107
BI2015a,EEGNetv4,FM-Full_A-Eucl_AdaBN-F,16,0.8680952381,0.9591746032
BI2015a,EEGNetv4,FM-Full_A-Eucl_AdaBN-F,17,0.7788888889,0.91921262
BI2015a,EEGNetv4,FM-Full_A-Eucl_AdaBN-F,18,0.8003703704,0.9262853224
BI2015a,EEGNetv4,FM-Full_A-Eucl_AdaBN-F,20,0.8366666667,0.9506200274
BI2015a,EEGNetv4,FM-Full_A-Eucl_AdaBN-F,25,0.7982758621,0.9166369402
BI2015a,EEGNetv4,FM-Full_A-Eucl_AdaBN-F,26,0.902688172,0.9769395306
BI2015a,EEGNetv4,FM-Full_A-Eucl_AdaBN-F,27,0.7280590717,0.8598951379
BI2015a,EEGNetv4,FM-Full_A-Eucl_AdaBN-F,28,0.742,0.8627555556
BI2015a,EEGNetv4,FM-Full_A-Eucl_AdaBN-F,31,0.7015555556,0.8322528395
BI2015a,EEGNetv4,FM-Full_A-Eucl_AdaBN-F,32,0.8091397849,0.9318938606
BI2015a,EEGNetv4,FM-Full_A-Eucl_AdaBN-F,35,0.6787439614,0.8101367593
BI2015a,EEGNetv4,FM-Full_A-Eucl_AdaBN-F,37,0.7185714286,0.8638106576
BI2015a,EEGNetv4,FM-Full_A-Eucl_AdaBN-F,38,0.8094594595,0.9258866975
BI2015a,EEGNetv4,FM-Full_A-Eucl_AdaBN-F,40,0.8367283951,0.9411541686
BI2015a,EEGNetv4,FM-Full_A-Eucl_AdaBN-F,41,0.7940740741,0.9194869684
BI2015a,EEGNetv4,FM-Full_A-Eucl_AdaBN-F,1,0.7549481746,0.8894428673
BI2015a,EEGNetv4,FM-Full_A-Eucl_AdaBN-F,2,0.8619047619,0.9619929453
BI2015a,EEGNetv4,FM-Full_A-Eucl_AdaBN-F,3,0.8954022989,0.9739793896
BI2015a,EEGNetv4,FM-Full_A-Eucl_AdaBN-F,6,0.8359848485,0.9400969927
BI2015a,EEGNetv4,FM-Full_A-Eucl_AdaBN-F,8,0.8428571429,0.952771479
BI2015a,EEGNetv4,FM-Full_A-Eucl_AdaBN-F,11,0.8141666667,0.9341875
BI2015a,EEGNetv4,FM-Full_A-Eucl_AdaBN-F,12,0.7430107527,0.8778355879
BI2015a,EEGNetv4,FM-Full_A-Eucl_AdaBN-F,15,0.8304761905,0.9426303855
BI2015a,EEGNetv4,FM-Full_A-Eucl_AdaBN-F,19,0.7723333333,0.9030311111
BI2015a,EEGNetv4,FM-Full_A-Eucl_AdaBN-F,21,0.8423809524,0.9505487528
BI2015a,EEGNetv4,FM-Full_A-Eucl_AdaBN-F,22,0.8166666667,0.9346131772
BI2015a,EEGNetv4,FM-Full_A-Eucl_AdaBN-F,23,0.8092105263,0.9153162512
BI2015a,EEGNetv4,FM-Full_A-Eucl_AdaBN-F,24,0.8472222222,0.9585262346
BI2015a,EEGNetv4,FM-Full_A-Eucl_AdaBN-F,29,0.7630718954,0.9077384767
BI2015a,EEGNetv4,FM-Full_A-Eucl_AdaBN-F,30,0.8814814815,0.9631992074
BI2015a,EEGNetv4,FM-Full_A-Eucl_AdaBN-F,33,0.8305555556,0.9447562358
BI2015a,EEGNetv4,FM-Full_A-Eucl_AdaBN-F,34,0.8280952381,0.944585034
BI2015a,EEGNetv4,FM-Full_A-Eucl_AdaBN-F,36,0.855,0.9514305556
BI2015a,EEGNetv4,FM-Full_A-Eucl_AdaBN-F,39,0.7663265306,0.8832986256
BI2015a,EEGNetv4,FM-Full_A-Eucl_AdaBN-F,42,0.7204678363,0.8364830204
BI2015a,EEGNetv4,FM-Full_A-Eucl_AdaBN-F,43,0.9086206897,0.9759281279
BI2015a,EEGNetv4,FM-Full_A-Eucl_AdaBN-T,4,0.8816666667,0.9654548611
BI2015a,EEGNetv4,FM-Full_A-Eucl_AdaBN-T,5,0.8717171717,0.9581267218
BI2015a,EEGNetv4,FM-Full_A-Eucl_AdaBN-T,7,0.8843137255,0.9545991926
BI2015a,EEGNetv4,FM-Full_A-Eucl_AdaBN-T,9,0.8036036036,0.931908936
BI2015a,EEGNetv4,FM-Full_A-Eucl_AdaBN-T,10,0.9043010753,0.9683778471
BI2015a,EEGNetv4,FM-Full_A-Eucl_AdaBN-T,13,0.8543859649,0.9436634349
BI2015a,EEGNetv4,FM-Full_A-Eucl_AdaBN-T,14,0.7824786325,0.914770984
BI2015a,EEGNetv4,FM-Full_A-Eucl_AdaBN-T,16,0.8804761905,0.959446712
BI2015a,EEGNetv4,FM-Full_A-Eucl_AdaBN-T,17,0.7925925926,0.9232071331
BI2015a,EEGNetv4,FM-Full_A-Eucl_AdaBN-T,18,0.7988888889,0.9261454047
BI2015a,EEGNetv4,FM-Full_A-Eucl_AdaBN-T,20,0.8418518519,0.9515912209
BI2015a,EEGNetv4,FM-Full_A-Eucl_AdaBN-T,25,0.799137931,0.9161315894
BI2015a,EEGNetv4,FM-Full_A-Eucl_AdaBN-T,26,0.9069892473,0.9768181293
BI2015a,EEGNetv4,FM-Full_A-Eucl_AdaBN-T,27,0.7251054852,0.8586275348
BI2015a,EEGNetv4,FM-Full_A-Eucl_AdaBN-T,28,0.747,0.86112
BI2015a,EEGNetv4,FM-Full_A-Eucl_AdaBN-T,31,0.6971111111,0.8310498765
BI2015a,EEGNetv4,FM-Full_A-Eucl_AdaBN-T,32,0.8177419355,0.9323332177
BI2015a,EEGNetv4,FM-Full_A-Eucl_AdaBN-T,35,0.6850241546,0.8094494621
BI2015a,EEGNetv4,FM-Full_A-Eucl_AdaBN-T,37,0.7223809524,0.8624512472
BI2015a,EEGNetv4,FM-Full_A-Eucl_AdaBN-T,38,0.8009009009,0.9268565863
BI2015a,EEGNetv4,FM-Full_A-Eucl_AdaBN-T,40,0.8342592593,0.9398395824
BI2015a,EEGNetv4,FM-Full_A-Eucl_AdaBN-T,41,0.8037037037,0.920260631
BI2015a,EEGNetv4,FM-Full_A-Eucl_AdaBN-T,1,0.7659827028,0.8906326885
BI2015a,EEGNetv4,FM-Full_A-Eucl_AdaBN-T,2,0.8662698413,0.9615457294
BI2015a,EEGNetv4,FM-Full_A-Eucl_AdaBN-T,3,0.9109195402,0.9753732329
BI2015a,EEGNetv4,FM-Full_A-Eucl_AdaBN-T,6,0.8378787879,0.940857438
BI2015a,EEGNetv4,FM-Full_A-Eucl_AdaBN-T,8,0.8428571429,0.9519085412
BI2015a,EEGNetv4,FM-Full_A-Eucl_AdaBN-T,11,0.8183333333,0.9329375
BI2015a,EEGNetv4,FM-Full_A-Eucl_AdaBN-T,12,0.7422043011,0.8765124581
BI2015a,EEGNetv4,FM-Full_A-Eucl_AdaBN-T,15,0.8352380952,0.9403900227
BI2015a,EEGNetv4,FM-Full_A-Eucl_AdaBN-T,19,0.785,0.9028622222
BI2015a,EEGNetv4,FM-Full_A-Eucl_AdaBN-T,21,0.8423809524,0.9533197279
BI2015a,EEGNetv4,FM-Full_A-Eucl_AdaBN-T,22,0.828030303,0.9380222681
BI2015a,EEGNetv4,FM-Full_A-Eucl_AdaBN-T,23,0.8092105263,0.9128385657
BI2015a,EEGNetv4,FM-Full_A-Eucl_AdaBN-T,24,0.8546296296,0.9588605967
BI2015a,EEGNetv4,FM-Full_A-Eucl_AdaBN-T,29,0.7604575163,0.9105066427
BI2015a,EEGNetv4,FM-Full_A-Eucl_AdaBN-T,30,0.9049382716,0.9624066453
BI2015a,EEGNetv4,FM-Full_A-Eucl_AdaBN-T,33,0.8432539683,0.9463277904
BI2015a,EEGNetv4,FM-Full_A-Eucl_AdaBN-T,34,0.8338095238,0.9445351474
BI2015a,EEGNetv4,FM-Full_A-Eucl_AdaBN-T,36,0.8458333333,0.9495972222
BI2015a,EEGNetv4,FM-Full_A-Eucl_AdaBN-T,39,0.768707483,0.8849460873
BI2015a,EEGNetv4,FM-Full_A-Eucl_AdaBN-T,42,0.7222222222,0.8375859239
BI2015a,EEGNetv4,FM-Full_A-Eucl_AdaBN-T,43,0.9103448276,0.9764301757
BI2015a,EEGNetv4,FM-Full_A-None_AdaBN-F,4,0.88,0.9562847222
BI2015a,EEGNetv4,FM-Full_A-None_AdaBN-F,5,0.8505050505,0.9530660137
BI2015a,EEGNetv4,FM-Full_A-None_AdaBN-F,7,0.8289215686,0.9337995002
BI2015a,EEGNetv4,FM-Full_A-None_AdaBN-F,9,0.8045045045,0.9246976706
BI2015a,EEGNetv4,FM-Full_A-None_AdaBN-F,10,0.8483870968,0.9505491964
BI2015a,EEGNetv4,FM-Full_A-None_AdaBN-F,13,0.8868421053,0.9620306248
BI2015a,EEGNetv4,FM-Full_A-None_AdaBN-F,14,0.7623931624,0.8955402148
BI2015a,EEGNetv4,FM-Full_A-None_AdaBN-F,16,0.8433333333,0.9548344671
BI2015a,EEGNetv4,FM-Full_A-None_AdaBN-F,17,0.7825925926,0.913297668
BI2015a,EEGNetv4,FM-Full_A-None_AdaBN-F,18,0.782962963,0.9008504801
BI2015a,EEGNetv4,FM-Full_A-None_AdaBN-F,20,0.8385185185,0.9520617284
BI2015a,EEGNetv4,FM-Full_A-None_AdaBN-F,25,0.7511494253,0.8908145065
BI2015a,EEGNetv4,FM-Full_A-None_AdaBN-F,26,0.8935483871,0.9786738351
BI2015a,EEGNetv4,FM-Full_A-None_AdaBN-F,27,0.7183544304,0.8399241575
BI2015a,EEGNetv4,FM-Full_A-None_AdaBN-F,28,0.76,0.8913111111
BI2015a,EEGNetv4,FM-Full_A-None_AdaBN-F,31,0.6946666667,0.8221441975
BI2015a,EEGNetv4,FM-Full_A-None_AdaBN-F,32,0.8215053763,0.9208232166
BI2015a,EEGNetv4,FM-Full_A-None_AdaBN-F,35,0.6821256039,0.7949357045
BI2015a,EEGNetv4,FM-Full_A-None_AdaBN-F,37,0.744047619,0.8716247166
BI2015a,EEGNetv4,FM-Full_A-None_AdaBN-F,38,0.8171171171,0.9367056245
BI2015a,EEGNetv4,FM-Full_A-None_AdaBN-F,40,0.8320987654,0.9298601585
BI2015a,EEGNetv4,FM-Full_A-None_AdaBN-F,41,0.7814814815,0.9118765432
BI2015a,EEGNetv4,FM-Full_A-None_AdaBN-F,1,0.6966594045,0.8352263374
BI2015a,EEGNetv4,FM-Full_A-None_AdaBN-F,2,0.8742063492,0.9575617284
BI2015a,EEGNetv4,FM-Full_A-None_AdaBN-F,3,0.8781609195,0.9756704981
BI2015a,EEGNetv4,FM-Full_A-None_AdaBN-F,6,0.8140151515,0.9333161157
BI2015a,EEGNetv4,FM-Full_A-None_AdaBN-F,8,0.8396825397,0.9461986647
BI2015a,EEGNetv4,FM-Full_A-None_AdaBN-F,11,0.7875,0.9008506944
BI2015a,EEGNetv4,FM-Full_A-None_AdaBN-F,12,0.7422043011,0.8611848191
BI2015a,EEGNetv4,FM-Full_A-None_AdaBN-F,15,0.8404761905,0.9389750567
BI2015a,EEGNetv4,FM-Full_A-None_AdaBN-F,19,0.7806666667,0.89766
BI2015a,EEGNetv4,FM-Full_A-None_AdaBN-F,21,0.8738095238,0.9586666667
BI2015a,EEGNetv4,FM-Full_A-None_AdaBN-F,22,0.8310606061,0.929338843
BI2015a,EEGNetv4,FM-Full_A-None_AdaBN-F,23,0.7754385965,0.9142313019
BI2015a,EEGNetv4,FM-Full_A-None_AdaBN-F,24,0.8777777778,0.9650848765
BI2015a,EEGNetv4,FM-Full_A-None_AdaBN-F,29,0.760130719,0.8819150754
BI2015a,EEGNetv4,FM-Full_A-None_AdaBN-F,30,0.7413580247,0.9000381039
BI2015a,EEGNetv4,FM-Full_A-None_AdaBN-F,33,0.826984127,0.9362937768
BI2015a,EEGNetv4,FM-Full_A-None_AdaBN-F,34,0.8438095238,0.94030839
BI2015a,EEGNetv4,FM-Full_A-None_AdaBN-F,36,0.8758333333,0.9614756944
BI2015a,EEGNetv4,FM-Full_A-None_AdaBN-F,39,0.7850340136,0.901781665
BI2015a,EEGNetv4,FM-Full_A-None_AdaBN-F,42,0.7058479532,0.8137632092
BI2015a,EEGNetv4,FM-Full_A-None_AdaBN-F,43,0.9275862069,0.9843242172
BI2015a,EEGNetv4,FM-Full_A-Riem_AdaBN-F,4,0.8345833333,0.9634131944
BI2015a,EEGNetv4,FM-Full_A-Riem_AdaBN-F,5,0.8338383838,0.9613559841
BI2015a,EEGNetv4,FM-Full_A-Riem_AdaBN-F,7,0.8181372549,0.9537341407
BI2015a,EEGNetv4,FM-Full_A-Riem_AdaBN-F,9,0.7788288288,0.9321686551
BI2015a,EEGNetv4,FM-Full_A-Riem_AdaBN-F,10,0.8102150538,0.9677708406
BI2015a,EEGNetv4,FM-Full_A-Riem_AdaBN-F,13,0.8100877193,0.949430594
BI2015a,EEGNetv4,FM-Full_A-Riem_AdaBN-F,14,0.7521367521,0.9162977573
BI2015a,EEGNetv4,FM-Full_A-Riem_AdaBN-F,16,0.8133333333,0.9565260771
BI2015a,EEGNetv4,FM-Full_A-Riem_AdaBN-F,17,0.752962963,0.9264032922
BI2015a,EEGNetv4,FM-Full_A-Riem_AdaBN-F,18,0.7951851852,0.9391193416
BI2015a,EEGNetv4,FM-Full_A-Riem_AdaBN-F,20,0.8248148148,0.9577914952
BI2015a,EEGNetv4,FM-Full_A-Riem_AdaBN-F,25,0.7732758621,0.9314770776
BI2015a,EEGNetv4,FM-Full_A-Riem_AdaBN-F,26,0.8505376344,0.9759798821
BI2015a,EEGNetv4,FM-Full_A-Riem_AdaBN-F,27,0.7166666667,0.8655138956
BI2015a,EEGNetv4,FM-Full_A-Riem_AdaBN-F,28,0.755,0.8961155556
BI2015a,EEGNetv4,FM-Full_A-Riem_AdaBN-F,31,0.6806666667,0.8259545679
BI2015a,EEGNetv4,FM-Full_A-Riem_AdaBN-F,32,0.7774193548,0.9370967742
BI2015a,EEGNetv4,FM-Full_A-Riem_AdaBN-F,35,0.661352657,0.8219246657
BI2015a,EEGNetv4,FM-Full_A-Riem_AdaBN-F,37,0.7473809524,0.8793866213
BI2015a,EEGNetv4,FM-Full_A-Riem_AdaBN-F,38,0.7837837838,0.9360847334
BI2015a,EEGNetv4,FM-Full_A-Riem_AdaBN-F,40,0.8185185185,0.9458752477
BI2015a,EEGNetv4,FM-Full_A-Riem_AdaBN-F,41,0.7622222222,0.9349766804
BI2015a,EEGNetv4,FM-Full_A-Riem_AdaBN-F,1,0.7505820735,0.8975544846
BI2015a,EEGNetv4,FM-Full_A-Riem_AdaBN-F,2,0.8634920635,0.9679862686
BI2015a,EEGNetv4,FM-Full_A-Riem_AdaBN-F,3,0.9132183908,0.9895626899
BI2015a,EEGNetv4,FM-Full_A-Riem_AdaBN-F,6,0.815530303,0.950450528
BI2015a,EEGNetv4,FM-Full_A-Riem_AdaBN-F,8,0.8492063492,0.960037163
BI2015a,EEGNetv4,FM-Full_A-Riem_AdaBN-F,11,0.8404166667,0.9564479167
BI2015a,EEGNetv4,FM-Full_A-Riem_AdaBN-F,12,0.7545698925,0.8866906579
BI2015a,EEGNetv4,FM-Full_A-Riem_AdaBN-F,15,0.8161904762,0.9495147392
BI2015a,EEGNetv4,FM-Full_A-Riem_AdaBN-F,19,0.7853333333,0.9202288889
BI2015a,EEGNetv4,FM-Full_A-Riem_AdaBN-F,21,0.8595238095,0.9658095238
BI2015a,EEGNetv4,FM-Full_A-Riem_AdaBN-F,22,0.8200757576,0.9422865014
BI2015a,EEGNetv4,FM-Full_A-Riem_AdaBN-F,23,0.7771929825,0.9208987381
BI2015a,EEGNetv4,FM-Full_A-Riem_AdaBN-F,24,0.8458333333,0.9732981824
BI2015a,EEGNetv4,FM-Full_A-Riem_AdaBN-F,29,0.7748366013,0.9157129736
BI2015a,EEGNetv4,FM-Full_A-Riem_AdaBN-F,30,0.9179012346,0.975163847
BI2015a,EEGNetv4,FM-Full_A-Riem_AdaBN-F,33,0.8547619048,0.9577632905
BI2015a,EEGNetv4,FM-Full_A-Riem_AdaBN-F,34,0.8385714286,0.9629886621
BI2015a,EEGNetv4,FM-Full_A-Riem_AdaBN-F,36,0.8483333333,0.9619583333
BI2015a,EEGNetv4,FM-Full_A-Riem_AdaBN-F,39,0.7540816327,0.9052686381
BI2015a,EEGNetv4,FM-Full_A-Riem_AdaBN-F,42,0.7269005848,0.8514397592
BI2015a,EEGNetv4,FM-Full_A-Riem_AdaBN-F,43,0.8833333333,0.9853877659
BI2015a,EEGNetv4,FM-Full_A-Riem_AdaBN-T,4,0.89625,0.9642222222
BI2015a,EEGNetv4,FM-Full_A-Riem_AdaBN-T,5,0.8914141414,0.9648505255
BI2015a,EEGNetv4,FM-Full_A-Riem_AdaBN-T,7,0.881372549,0.9583717801
BI2015a,EEGNetv4,FM-Full_A-Riem_AdaBN-T,9,0.8067567568,0.9353867381
BI2015a,EEGNetv4,FM-Full_A-Riem_AdaBN-T,10,0.8924731183,0.9728465719
BI2015a,EEGNetv4,FM-Full_A-Riem_AdaBN-T,13,0.8504385965,0.9512734688
BI2015a,EEGNetv4,FM-Full_A-Riem_AdaBN-T,14,0.7888888889,0.9187997662
BI2015a,EEGNetv4,FM-Full_A-Riem_AdaBN-T,16,0.8652380952,0.9623537415
BI2015a,EEGNetv4,FM-Full_A-Riem_AdaBN-T,17,0.8111111111,0.9318847737
BI2015a,EEGNetv4,FM-Full_A-Riem_AdaBN-T,18,0.8274074074,0.9414128944
BI2015a,EEGNetv4,FM-Full_A-Riem_AdaBN-T,20,0.8659259259,0.9591604938
BI2015a,EEGNetv4,FM-Full_A-Riem_AdaBN-T,25,0.8051724138,0.9318337957
BI2015a,EEGNetv4,FM-Full_A-Riem_AdaBN-T,26,0.9209677419,0.9830500636
BI2015a,EEGNetv4,FM-Full_A-Riem_AdaBN-T,27,0.7303797468,0.8661298937
BI2015a,EEGNetv4,FM-Full_A-Riem_AdaBN-T,28,0.7783333333,0.8995111111
BI2015a,EEGNetv4,FM-Full_A-Riem_AdaBN-T,31,0.6946666667,0.8268730864
BI2015a,EEGNetv4,FM-Full_A-Riem_AdaBN-T,32,0.8430107527,0.9436697884
BI2015a,EEGNetv4,FM-Full_A-Riem_AdaBN-T,35,0.6809178744,0.823186072
BI2015a,EEGNetv4,FM-Full_A-Riem_AdaBN-T,37,0.7557142857,0.880468254
BI2015a,EEGNetv4,FM-Full_A-Riem_AdaBN-T,38,0.8396396396,0.9399115332
BI2015a,EEGNetv4,FM-Full_A-Riem_AdaBN-T,40,0.8475308642,0.9477671087
BI2015a,EEGNetv4,FM-Full_A-Riem_AdaBN-T,41,0.8048148148,0.9366831276
BI2015a,EEGNetv4,FM-Full_A-Riem_AdaBN-T,1,0.7671948241,0.8981920879
BI2015a,EEGNetv4,FM-Full_A-Riem_AdaBN-T,2,0.8916666667,0.9664367599
BI2015a,EEGNetv4,FM-Full_A-Riem_AdaBN-T,3,0.9477011494,0.9900581319
BI2015a,EEGNetv4,FM-Full_A-Riem_AdaBN-T,6,0.8545454545,0.9501893939
BI2015a,EEGNetv4,FM-Full_A-Riem_AdaBN-T,8,0.8718253968,0.9591962711
BI2015a,EEGNetv4,FM-Full_A-Riem_AdaBN-T,11,0.8558333333,0.9564409722
BI2015a,EEGNetv4,FM-Full_A-Riem_AdaBN-T,12,0.7696236559,0.8880231819
BI2015a,EEGNetv4,FM-Full_A-Riem_AdaBN-T,15,0.8466666667,0.9500226757
BI2015a,EEGNetv4,FM-Full_A-Riem_AdaBN-T,19,0.8206666667,0.9186244444
BI2015a,EEGNetv4,FM-Full_A-Riem_AdaBN-T,21,0.8814285714,0.9657278912
BI2015a,EEGNetv4,FM-Full_A-Riem_AdaBN-T,22,0.8416666667,0.9421057163
BI2015a,EEGNetv4,FM-Full_A-Riem_AdaBN-T,23,0.8035087719,0.9221144968
BI2015a,EEGNetv4,FM-Full_A-Riem_AdaBN-T,24,0.8777777778,0.971412037
BI2015a,EEGNetv4,FM-Full_A-Riem_AdaBN-T,29,0.7937908497,0.9152548165
BI2015a,EEGNetv4,FM-Full_A-Riem_AdaBN-T,30,0.9395061728,0.9750038104
BI2015a,EEGNetv4,FM-Full_A-Riem_AdaBN-T,33,0.8753968254,0.9579333585
BI2015a,EEGNetv4,FM-Full_A-Riem_AdaBN-T,34,0.8471428571,0.9637596372
BI2015a,EEGNetv4,FM-Full_A-Riem_AdaBN-T,36,0.8729166667,0.9612569444
BI2015a,EEGNetv4,FM-Full_A-Riem_AdaBN-T,39,0.7870748299,0.904618446
BI2015a,EEGNetv4,FM-Full_A-Riem_AdaBN-T,42,0.7342105263,0.8512773161
BI2015a,EEGNetv4,FM-Full_A-Riem_AdaBN-T,43,0.9172413793,0.9841854935
BI2015a,EEGNetv4,FM-None_A-Eucl_AdaBN-T,4,0.8216666667,0.9171458333
BI2015a,EEGNetv4,FM-None_A-Eucl_AdaBN-T,5,0.8131313131,0.9158249158
BI2015a,EEGNetv4,FM-None_A-Eucl_AdaBN-T,7,0.7882352941,0.8803200692
BI2015a,EEGNetv4,FM-None_A-Eucl_AdaBN-T,9,0.7081081081,0.8377647918
BI2015a,EEGNetv4,FM-None_A-Eucl_AdaBN-T,10,0.8290322581,0.9162677766
BI2015a,EEGNetv4,FM-None_A-Eucl_AdaBN-T,13,0.6956140351,0.8018217144
BI2015a,EEGNetv4,FM-None_A-Eucl_AdaBN-T,14,0.6606837607,0.7608444737
BI2015a,EEGNetv4,FM-None_A-Eucl_AdaBN-T,16,0.829047619,0.9224489796
BI2015a,EEGNetv4,FM-None_A-Eucl_AdaBN-T,17,0.6696296296,0.788776406
BI2015a,EEGNetv4,FM-None_A-Eucl_AdaBN-T,18,0.6277777778,0.7550096022
BI2015a,EEGNetv4,FM-None_A-Eucl_AdaBN-T,20,0.7566666667,0.8549849108
BI2015a,EEGNetv4,FM-None_A-Eucl_AdaBN-T,25,0.6370689655,0.7384017043
BI2015a,EEGNetv4,FM-None_A-Eucl_AdaBN-T,26,0.8817204301,0.9466181061
BI2015a,EEGNetv4,FM-None_A-Eucl_AdaBN-T,27,0.6139240506,0.7364685147
BI2015a,EEGNetv4,FM-None_A-Eucl_AdaBN-T,28,0.6206666667,0.7306466667
BI2015a,EEGNetv4,FM-None_A-Eucl_AdaBN-T,31,0.5522222222,0.6670093827
BI2015a,EEGNetv4,FM-None_A-Eucl_AdaBN-T,32,0.7747311828,0.8621285698
BI2015a,EEGNetv4,FM-None_A-Eucl_AdaBN-T,35,0.652173913,0.7764545264
BI2015a,EEGNetv4,FM-None_A-Eucl_AdaBN-T,37,0.53,0.5926746032
BI2015a,EEGNetv4,FM-None_A-Eucl_AdaBN-T,38,0.5743243243,0.6770960149
BI2015a,EEGNetv4,FM-None_A-Eucl_AdaBN-T,40,0.7703703704,0.880115455
BI2015a,EEGNetv4,FM-None_A-Eucl_AdaBN-T,41,0.6851851852,0.8110562414
BI2015a,EEGNetv4,FM-None_A-Eucl_AdaBN-T,1,0.6612622962,0.8023893254
BI2015a,EEGNetv4,FM-None_A-Eucl_AdaBN-T,2,0.8130952381,0.9027116402
BI2015a,EEGNetv4,FM-None_A-Eucl_AdaBN-T,3,0.7879310345,0.8935658607
BI2015a,EEGNetv4,FM-None_A-Eucl_AdaBN-T,6,0.7450757576,0.8426021579
BI2015a,EEGNetv4,FM-None_A-Eucl_AdaBN-T,8,0.6496031746,0.7665501386
BI2015a,EEGNetv4,FM-None_A-Eucl_AdaBN-T,11,0.68,0.7785451389
BI2015a,EEGNetv4,FM-None_A-Eucl_AdaBN-T,12,0.6626344086,0.7924615562
BI2015a,EEGNetv4,FM-None_A-Eucl_AdaBN-T,15,0.7771428571,0.8664852608
BI2015a,EEGNetv4,FM-None_A-Eucl_AdaBN-T,19,0.705,0.8210955556
BI2015a,EEGNetv4,FM-None_A-Eucl_AdaBN-T,21,0.7819047619,0.9058594104
BI2015a,EEGNetv4,FM-None_A-Eucl_AdaBN-T,22,0.7162878788,0.8316316575
BI2015a,EEGNetv4,FM-None_A-Eucl_AdaBN-T,23,0.7412280702,0.846752847
BI2015a,EEGNetv4,FM-None_A-Eucl_AdaBN-T,24,0.7481481481,0.8748713992
BI2015a,EEGNetv4,FM-None_A-Eucl_AdaBN-T,29,0.5800653595,0.6781344782
BI2015a,EEGNetv4,FM-None_A-Eucl_AdaBN-T,30,0.85,0.9293400396
BI2015a,EEGNetv4,FM-None_A-Eucl_AdaBN-T,33,0.7376984127,0.8513227513
BI2015a,EEGNetv4,FM-None_A-Eucl_AdaBN-T,34,0.7495238095,0.8544807256
BI2015a,EEGNetv4,FM-None_A-Eucl_AdaBN-T,36,0.7395833333,0.8452048611
BI2015a,EEGNetv4,FM-None_A-Eucl_AdaBN-T,39,0.6156462585,0.7385487528
BI2015a,EEGNetv4,FM-None_A-Eucl_AdaBN-T,42,0.6114035088,0.7238192948
BI2015a,EEGNetv4,FM-None_A-Eucl_AdaBN-T,43,0.8385057471,0.9198176774
BI2015a,EEGNetv4,FM-None_A-None_AdaBN-F,4,0.6875,0.7657881944
BI2015a,EEGNetv4,FM-None_A-None_AdaBN-F,5,0.6338383838,0.9250586675
BI2015a,EEGNetv4,FM-None_A-None_AdaBN-F,7,0.5156862745,0.8180026913
BI2015a,EEGNetv4,FM-None_A-None_AdaBN-F,9,0.590990991,0.8476219463
BI2015a,EEGNetv4,FM-None_A-None_AdaBN-F,10,0.7177419355,0.9250722627
BI2015a,EEGNetv4,FM-None_A-None_AdaBN-F,13,0.7280701754,0.9254309018
BI2015a,EEGNetv4,FM-None_A-None_AdaBN-F,14,0.5072649573,0.5562203229
BI2015a,EEGNetv4,FM-None_A-None_AdaBN-F,16,0.7261904762,0.9414875283
BI2015a,EEGNetv4,FM-None_A-None_AdaBN-F,17,0.63,0.8835473251
BI2015a,EEGNetv4,FM-None_A-None_AdaBN-F,18,0.567037037,0.7172674897
BI2015a,EEGNetv4,FM-None_A-None_AdaBN-F,20,0.6566666667,0.9131440329
BI2015a,EEGNetv4,FM-None_A-None_AdaBN-F,25,0.5433908046,0.7078709209
BI2015a,EEGNetv4,FM-None_A-None_AdaBN-F,26,0.8188172043,0.9724361198
BI2015a,EEGNetv4,FM-None_A-None_AdaBN-F,27,0.5253164557,0.7642952518
BI2015a,EEGNetv4,FM-None_A-None_AdaBN-F,28,0.6143333333,0.8881555556
BI2015a,EEGNetv4,FM-None_A-None_AdaBN-F,31,0.5151111111,0.7027555556
BI2015a,EEGNetv4,FM-None_A-None_AdaBN-F,32,0.7311827957,0.9033356457
BI2015a,EEGNetv4,FM-None_A-None_AdaBN-F,35,0.5024154589,0.8203155266
BI2015a,EEGNetv4,FM-None_A-None_AdaBN-F,37,0.5833333333,0.6631632653
BI2015a,EEGNetv4,FM-None_A-None_AdaBN-F,38,0.6468468468,0.859552796
BI2015a,EEGNetv4,FM-None_A-None_AdaBN-F,40,0.5966049383,0.8884316415
BI2015a,EEGNetv4,FM-None_A-None_AdaBN-F,41,0.5640740741,0.687473251
BI2015a,EEGNetv4,FM-None_A-None_AdaBN-F,1,0.5004850245,0.5359169032
BI2015a,EEGNetv4,FM-None_A-None_AdaBN-F,2,0.7011904762,0.9507747543
BI2015a,EEGNetv4,FM-None_A-None_AdaBN-F,3,0.7833333333,0.8642092747
BI2015a,EEGNetv4,FM-None_A-None_AdaBN-F,6,0.628030303,0.7589129936
BI2015a,EEGNetv4,FM-None_A-None_AdaBN-F,8,0.7420634921,0.8917454019
BI2015a,EEGNetv4,FM-None_A-None_AdaBN-F,11,0.59375,0.7011979167
BI2015a,EEGNetv4,FM-None_A-None_AdaBN-F,12,0.5653225806,0.7653789455
BI2015a,EEGNetv4,FM-None_A-None_AdaBN-F,15,0.7914285714,0.9193197279
BI2015a,EEGNetv4,FM-None_A-None_AdaBN-F,19,0.711,0.84628
BI2015a,EEGNetv4,FM-None_A-None_AdaBN-F,21,0.7771428571,0.9472108844
BI2015a,EEGNetv4,FM-None_A-None_AdaBN-F,22,0.7496212121,0.8823347107
BI2015a,EEGNetv4,FM-None_A-None_AdaBN-F,23,0.6763157895,0.8692174515
BI2015a,EEGNetv4,FM-None_A-None_AdaBN-F,24,0.7300925926,0.9369427298
BI2015a,EEGNetv4,FM-None_A-None_AdaBN-F,29,0.5676470588,0.7725233884
BI2015a,EEGNetv4,FM-None_A-None_AdaBN-F,30,0.875308642,0.9174592288
BI2015a,EEGNetv4,FM-None_A-None_AdaBN-F,33,0.6956349206,0.9065980096
BI2015a,EEGNetv4,FM-None_A-None_AdaBN-F,34,0.6880952381,0.9131247166
BI2015a,EEGNetv4,FM-None_A-None_AdaBN-F,36,0.77625,0.9033055556
BI2015a,EEGNetv4,FM-None_A-None_AdaBN-F,39,0.5,0.5518996714
BI2015a,EEGNetv4,FM-None_A-None_AdaBN-F,42,0.6,0.803602818
BI2015a,EEGNetv4,FM-None_A-None_AdaBN-F,43,0.8367816092,0.9631193024
BI2015a,EEGNetv4,NoPre_FM-Full_A-Eucl_AdaBN-T,4,0.8029166667,0.9183090278
BI2015a,EEGNetv4,NoPre_FM-Full_A-Eucl_AdaBN-T,5,0.8136363636,0.9192378329
BI2015a,EEGNetv4,NoPre_FM-Full_A-Eucl_AdaBN-T,7,0.8083333333,0.9149894271
BI2015a,EEGNetv4,NoPre_FM-Full_A-Eucl_AdaBN-T,9,0.7504504505,0.8644225306
BI2015a,EEGNetv4,NoPre_FM-Full_A-Eucl_AdaBN-T,10,0.8161290323,0.9306046942
BI2015a,EEGNetv4,NoPre_FM-Full_A-Eucl_AdaBN-T,13,0.8114035088,0.9198484149
BI2015a,EEGNetv4,NoPre_FM-Full_A-Eucl_AdaBN-T,14,0.761965812,0.8836291913
BI2015a,EEGNetv4,NoPre_FM-Full_A-Eucl_AdaBN-T,16,0.7895238095,0.9098820862
BI2015a,EEGNetv4,NoPre_FM-Full_A-Eucl_AdaBN-T,17,0.7581481481,0.8897805213
BI2015a,EEGNetv4,NoPre_FM-Full_A-Eucl_AdaBN-T,18,0.7548148148,0.8911165981
BI2015a,EEGNetv4,NoPre_FM-Full_A-Eucl_AdaBN-T,20,0.7807407407,0.9189327846
BI2015a,EEGNetv4,NoPre_FM-Full_A-Eucl_AdaBN-T,25,0.7629310345,0.8801443388
BI2015a,EEGNetv4,NoPre_FM-Full_A-Eucl_AdaBN-T,26,0.8435483871,0.9457162678
BI2015a,EEGNetv4,NoPre_FM-Full_A-Eucl_AdaBN-T,27,0.6852320675,0.8119576635
BI2015a,EEGNetv4,NoPre_FM-Full_A-Eucl_AdaBN-T,28,0.7176666667,0.8525488889
BI2015a,EEGNetv4,NoPre_FM-Full_A-Eucl_AdaBN-T,31,0.6693333333,0.7806864198
BI2015a,EEGNetv4,NoPre_FM-Full_A-Eucl_AdaBN-T,32,0.7440860215,0.8777951208
BI2015a,EEGNetv4,NoPre_FM-Full_A-Eucl_AdaBN-T,35,0.6381642512,0.7516126397
BI2015a,EEGNetv4,NoPre_FM-Full_A-Eucl_AdaBN-T,37,0.704047619,0.8250804989
BI2015a,EEGNetv4,NoPre_FM-Full_A-Eucl_AdaBN-T,38,0.7522522523,0.8926751075
BI2015a,EEGNetv4,NoPre_FM-Full_A-Eucl_AdaBN-T,40,0.7848765432,0.9168991007
BI2015a,EEGNetv4,NoPre_FM-Full_A-Eucl_AdaBN-T,41,0.7285185185,0.8728065844
BI2015a,EEGNetv4,NoPre_FM-Full_A-Eucl_AdaBN-T,1,0.7339842873,0.8610027655
BI2015a,EEGNetv4,NoPre_FM-Full_A-Eucl_AdaBN-T,2,0.7861111111,0.9148715042
BI2015a,EEGNetv4,NoPre_FM-Full_A-Eucl_AdaBN-T,3,0.8517241379,0.9580988242
BI2015a,EEGNetv4,NoPre_FM-Full_A-Eucl_AdaBN-T,6,0.7943181818,0.9155589991
BI2015a,EEGNetv4,NoPre_FM-Full_A-Eucl_AdaBN-T,8,0.7833333333,0.9190003779
BI2015a,EEGNetv4,NoPre_FM-Full_A-Eucl_AdaBN-T,11,0.7845833333,0.9040833333
BI2015a,EEGNetv4,NoPre_FM-Full_A-Eucl_AdaBN-T,12,0.6811827957,0.8241559718
BI2015a,EEGNetv4,NoPre_FM-Full_A-Eucl_AdaBN-T,15,0.7838095238,0.9112970522
BI2015a,EEGNetv4,NoPre_FM-Full_A-Eucl_AdaBN-T,19,0.7416666667,0.8780133333
BI2015a,EEGNetv4,NoPre_FM-Full_A-Eucl_AdaBN-T,21,0.7738095238,0.9197868481
BI2015a,EEGNetv4,NoPre_FM-Full_A-Eucl_AdaBN-T,22,0.7753787879,0.9074982782
BI2015a,EEGNetv4,NoPre_FM-Full_A-Eucl_AdaBN-T,23,0.7565789474,0.8920590951
BI2015a,EEGNetv4,NoPre_FM-Full_A-Eucl_AdaBN-T,24,0.8055555556,0.922548011
BI2015a,EEGNetv4,NoPre_FM-Full_A-Eucl_AdaBN-T,29,0.7032679739,0.8581827502
BI2015a,EEGNetv4,NoPre_FM-Full_A-Eucl_AdaBN-T,30,0.8055555556,0.9220240817
BI2015a,EEGNetv4,NoPre_FM-Full_A-Eucl_AdaBN-T,33,0.8265873016,0.9253401361
BI2015a,EEGNetv4,NoPre_FM-Full_A-Eucl_AdaBN-T,34,0.76,0.9039818594
BI2015a,EEGNetv4,NoPre_FM-Full_A-Eucl_AdaBN-T,36,0.7841666667,0.9140416667
BI2015a,EEGNetv4,NoPre_FM-Full_A-Eucl_AdaBN-T,39,0.693877551,0.8262113008
BI2015a,EEGNetv4,NoPre_FM-Full_A-Eucl_AdaBN-T,42,0.6918128655,0.8079203858
BI2015a,EEGNetv4,NoPre_FM-Full_A-Eucl_AdaBN-T,43,0.8189655172,0.9421521998
BI2015a,EEGNetv4,NoPre_FM-Full_A-None_AdaBN-F,4,0.7745833333,0.8950486111
BI2015a,EEGNetv4,NoPre_FM-Full_A-None_AdaBN-F,5,0.7954545455,0.9037190083
BI2015a,EEGNetv4,NoPre_FM-Full_A-None_AdaBN-F,7,0.7838235294,0.8811947328
BI2015a,EEGNetv4,NoPre_FM-Full_A-None_AdaBN-F,9,0.7711711712,0.8753469686
BI2015a,EEGNetv4,NoPre_FM-Full_A-None_AdaBN-F,10,0.8016129032,0.8876633137
BI2015a,EEGNetv4,NoPre_FM-Full_A-None_AdaBN-F,13,0.8438596491,0.9261426593
BI2015a,EEGNetv4,NoPre_FM-Full_A-None_AdaBN-F,14,0.7269230769,0.8396449704
BI2015a,EEGNetv4,NoPre_FM-Full_A-None_AdaBN-F,16,0.810952381,0.8984807256
BI2015a,EEGNetv4,NoPre_FM-Full_A-None_AdaBN-F,17,0.7451851852,0.8518312757
BI2015a,EEGNetv4,NoPre_FM-Full_A-None_AdaBN-F,18,0.7418518519,0.8531934156
BI2015a,EEGNetv4,NoPre_FM-Full_A-None_AdaBN-F,20,0.7988888889,0.9178052126
BI2015a,EEGNetv4,NoPre_FM-Full_A-None_AdaBN-F,25,0.7195402299,0.8463320782
BI2015a,EEGNetv4,NoPre_FM-Full_A-None_AdaBN-F,26,0.838172043,0.9345531275
BI2015a,EEGNetv4,NoPre_FM-Full_A-None_AdaBN-F,27,0.6778481013,0.7906781321
BI2015a,EEGNetv4,NoPre_FM-Full_A-None_AdaBN-F,28,0.7106666667,0.8299622222
BI2015a,EEGNetv4,NoPre_FM-Full_A-None_AdaBN-F,31,0.6773333333,0.7896355556
BI2015a,EEGNetv4,NoPre_FM-Full_A-None_AdaBN-F,32,0.7672043011,0.8620302925
BI2015a,EEGNetv4,NoPre_FM-Full_A-None_AdaBN-F,35,0.6355072464,0.7393393078
BI2015a,EEGNetv4,NoPre_FM-Full_A-None_AdaBN-F,37,0.71,0.8207755102
BI2015a,EEGNetv4,NoPre_FM-Full_A-None_AdaBN-F,38,0.7981981982,0.8999391283
BI2015a,EEGNetv4,NoPre_FM-Full_A-None_AdaBN-F,40,0.7641975309,0.8790161561
BI2015a,EEGNetv4,NoPre_FM-Full_A-None_AdaBN-F,41,0.7544444444,0.8897475995
BI2015a,EEGNetv4,NoPre_FM-Full_A-None_AdaBN-F,1,0.670490086,0.7862705486
BI2015a,EEGNetv4,NoPre_FM-Full_A-None_AdaBN-F,2,0.7976190476,0.9
BI2015a,EEGNetv4,NoPre_FM-Full_A-None_AdaBN-F,3,0.8465517241,0.9278966838
BI2015a,EEGNetv4,NoPre_FM-Full_A-None_AdaBN-F,6,0.7678030303,0.885740932
BI2015a,EEGNetv4,NoPre_FM-Full_A-None_AdaBN-F,8,0.7746031746,0.8857268833
BI2015a,EEGNetv4,NoPre_FM-Full_A-None_AdaBN-F,11,0.7133333333,0.8263576389
BI2015a,EEGNetv4,NoPre_FM-Full_A-None_AdaBN-F,12,0.6930107527,0.8062261533
BI2015a,EEGNetv4,NoPre_FM-Full_A-None_AdaBN-F,15,0.7714285714,0.8841269841
BI2015a,EEGNetv4,NoPre_FM-Full_A-None_AdaBN-F,19,0.726,0.8530355556
BI2015a,EEGNetv4,NoPre_FM-Full_A-None_AdaBN-F,21,0.7928571429,0.9047029478
BI2015a,EEGNetv4,NoPre_FM-Full_A-None_AdaBN-F,22,0.7473484848,0.8658832645
BI2015a,EEGNetv4,NoPre_FM-Full_A-None_AdaBN-F,23,0.7412280702,0.8545744845
BI2015a,EEGNetv4,NoPre_FM-Full_A-None_AdaBN-F,24,0.7930555556,0.8945473251
BI2015a,EEGNetv4,NoPre_FM-Full_A-None_AdaBN-F,29,0.7009803922,0.8140309283
BI2015a,EEGNetv4,NoPre_FM-Full_A-None_AdaBN-F,30,0.6888888889,0.8419524463
BI2015a,EEGNetv4,NoPre_FM-Full_A-None_AdaBN-F,33,0.7944444444,0.9029698917
BI2015a,EEGNetv4,NoPre_FM-Full_A-None_AdaBN-F,34,0.7842857143,0.8840997732
BI2015a,EEGNetv4,NoPre_FM-Full_A-None_AdaBN-F,36,0.8,0.910125
BI2015a,EEGNetv4,NoPre_FM-Full_A-None_AdaBN-F,39,0.7496598639,0.8535355639
BI2015a,EEGNetv4,NoPre_FM-Full_A-None_AdaBN-F,42,0.6660818713,0.7514329195
BI2015a,EEGNetv4,NoPre_FM-Full_A-None_AdaBN-F,43,0.8488505747,0.94385652
BNCI2014_001,EEGNetv4,FM-Dec_A-Eucl_AdaBN-F,1,0.7586805556,0.9321268969
BNCI2014_001,EEGNetv4,FM-Dec_A-Eucl_AdaBN-F,2,0.4913194444,0.7255618248
BNCI2014_001,EEGNetv4,FM-Dec_A-Eucl_AdaBN-F,6,0.6024305556,0.8266139403
BNCI2014_001,EEGNetv4,FM-Dec_A-Eucl_AdaBN-F,8,0.6579861111,0.860665027
BNCI2014_001,EEGNetv4,FM-Dec_A-Eucl_AdaBN-F,9,0.7135416667,0.9094810957
BNCI2014_001,EEGNetv4,FM-Dec_A-Eucl_AdaBN-F,3,0.7847222222,0.9434397505
BNCI2014_001,EEGNetv4,FM-Dec_A-Eucl_AdaBN-F,4,0.5902777778,0.835310571
BNCI2014_001,EEGNetv4,FM-Dec_A-Eucl_AdaBN-F,5,0.5034722222,0.7492926955
BNCI2014_001,EEGNetv4,FM-Dec_A-Eucl_AdaBN-F,7,0.6788194444,0.8837327996
BNCI2014_001,EEGNetv4,FM-Dec_A-Eucl_AdaBN-T,1,0.7447916667,0.9302139596
BNCI2014_001,EEGNetv4,FM-Dec_A-Eucl_AdaBN-T,2,0.4861111111,0.7276395319
BNCI2014_001,EEGNetv4,FM-Dec_A-Eucl_AdaBN-T,6,0.6076388889,0.8244317451
BNCI2014_001,EEGNetv4,FM-Dec_A-Eucl_AdaBN-T,8,0.6684027778,0.8675893776
BNCI2014_001,EEGNetv4,FM-Dec_A-Eucl_AdaBN-T,9,0.7256944444,0.9164175026
BNCI2014_001,EEGNetv4,FM-Dec_A-Eucl_AdaBN-T,3,0.8072916667,0.9539609053
BNCI2014_001,EEGNetv4,FM-Dec_A-Eucl_AdaBN-T,4,0.609375,0.8464948238
BNCI2014_001,EEGNetv4,FM-Dec_A-Eucl_AdaBN-T,5,0.5138888889,0.753942419
BNCI2014_001,EEGNetv4,FM-Dec_A-Eucl_AdaBN-T,7,0.6927083333,0.8912800604
BNCI2014_001,EEGNetv4,FM-Dec_A-None_AdaBN-F,1,0.7239583333,0.9174181777
BNCI2014_001,EEGNetv4,FM-Dec_A-None_AdaBN-F,2,0.4895833333,0.7354439943
BNCI2014_001,EEGNetv4,FM-Dec_A-None_AdaBN-F,6,0.5625,0.798434285
BNCI2014_001,EEGNetv4,FM-Dec_A-None_AdaBN-F,8,0.6319444444,0.8750602816
BNCI2014_001,EEGNetv4,FM-Dec_A-None_AdaBN-F,9,0.7274305556,0.9081830311
BNCI2014_001,EEGNetv4,FM-Dec_A-None_AdaBN-F,3,0.8194444444,0.9650286137
BNCI2014_001,EEGNetv4,FM-Dec_A-None_AdaBN-F,4,0.6336805556,0.8602792245
BNCI2014_001,EEGNetv4,FM-Dec_A-None_AdaBN-F,5,0.4826388889,0.7473154578
BNCI2014_001,EEGNetv4,FM-Dec_A-None_AdaBN-F,7,0.6770833333,0.8792398084
BNCI2014_001,EEGNetv4,FM-Dec_A-Riem_AdaBN-T,1,0.75,0.9313954797
BNCI2014_001,EEGNetv4,FM-Dec_A-Riem_AdaBN-T,2,0.4878472222,0.7294962063
BNCI2014_001,EEGNetv4,FM-Dec_A-Riem_AdaBN-T,6,0.6024305556,0.8272489069
BNCI2014_001,EEGNetv4,FM-Dec_A-Riem_AdaBN-T,8,0.6527777778,0.8639202353
BNCI2014_001,EEGNetv4,FM-Dec_A-Riem_AdaBN-T,9,0.7309027778,0.9173498585
BNCI2014_001,EEGNetv4,FM-Dec_A-Riem_AdaBN-T,3,0.7829861111,0.9481778871
BNCI2014_001,EEGNetv4,FM-Dec_A-Riem_AdaBN-T,4,0.6180555556,0.850863233
BNCI2014_001,EEGNetv4,FM-Dec_A-Riem_AdaBN-T,5,0.5138888889,0.755196277
BNCI2014_001,EEGNetv4,FM-Dec_A-Riem_AdaBN-T,7,0.6822916667,0.8872813786
BNCI2014_001,EEGNetv4,FM-Full_A-Eucl_AdaBN-F,1,0.8177083333,0.9618377058
BNCI2014_001,EEGNetv4,FM-Full_A-Eucl_AdaBN-F,2,0.578125,0.8113184799
BNCI2014_001,EEGNetv4,FM-Full_A-Eucl_AdaBN-F,6,0.65625,0.8793965406
BNCI2014_001,EEGNetv4,FM-Full_A-Eucl_AdaBN-F,8,0.7795138889,0.9394249936
BNCI2014_001,EEGNetv4,FM-Full_A-Eucl_AdaBN-F,9,0.8125,0.9605999228
BNCI2014_001,EEGNetv4,FM-Full_A-Eucl_AdaBN-F,3,0.8576388889,0.9756703318
BNCI2014_001,EEGNetv4,FM-Full_A-Eucl_AdaBN-F,4,0.6961805556,0.9005393197
BNCI2014_001,EEGNetv4,FM-Full_A-Eucl_AdaBN-F,5,0.6041666667,0.827658822
BNCI2014_001,EEGNetv4,FM-Full_A-Eucl_AdaBN-F,7,0.7795138889,0.9502435378
BNCI2014_001,EEGNetv4,FM-Full_A-Eucl_AdaBN-T,1,0.8229166667,0.961367509
BNCI2014_001,EEGNetv4,FM-Full_A-Eucl_AdaBN-T,2,0.578125,0.814577707
BNCI2014_001,EEGNetv4,FM-Full_A-Eucl_AdaBN-T,6,0.6701388889,0.8779980067
BNCI2014_001,EEGNetv4,FM-Full_A-Eucl_AdaBN-T,8,0.7760416667,0.9405181006
BNCI2014_001,EEGNetv4,FM-Full_A-Eucl_AdaBN-T,9,0.8125,0.9618015368
BNCI2014_001,EEGNetv4,FM-Full_A-Eucl_AdaBN-T,3,0.8715277778,0.98086259
BNCI2014_001,EEGNetv4,FM-Full_A-Eucl_AdaBN-T,4,0.6961805556,0.9090430491
BNCI2014_001,EEGNetv4,FM-Full_A-Eucl_AdaBN-T,5,0.6111111111,0.8321839635
BNCI2014_001,EEGNetv4,FM-Full_A-Eucl_AdaBN-T,7,0.8072916667,0.9565248843
BNCI2014_001,EEGNetv4,FM-Full_A-None_AdaBN-F,1,0.765625,0.9366681134
BNCI2014_001,EEGNetv4,FM-Full_A-None_AdaBN-F,2,0.5295138889,0.7792566872
BNCI2014_001,EEGNetv4,FM-Full_A-None_AdaBN-F,6,0.6111111111,0.8230492863
BNCI2014_001,EEGNetv4,FM-Full_A-None_AdaBN-F,8,0.7395833333,0.9230685764
BNCI2014_001,EEGNetv4,FM-Full_A-None_AdaBN-F,9,0.7725694444,0.9301014339
BNCI2014_001,EEGNetv4,FM-Full_A-None_AdaBN-F,3,0.8506944444,0.9751519097
BNCI2014_001,EEGNetv4,FM-Full_A-None_AdaBN-F,4,0.6649305556,0.8909866898
BNCI2014_001,EEGNetv4,FM-Full_A-None_AdaBN-F,5,0.5520833333,0.7828414352
BNCI2014_001,EEGNetv4,FM-Full_A-None_AdaBN-F,7,0.7361111111,0.9174543467
BNCI2014_001,EEGNetv4,FM-Full_A-Riem_AdaBN-F,1,0.8211805556,0.961564429
BNCI2014_001,EEGNetv4,FM-Full_A-Riem_AdaBN-F,2,0.5885416667,0.8192274306
BNCI2014_001,EEGNetv4,FM-Full_A-Riem_AdaBN-F,6,0.6666666667,0.8813818158
BNCI2014_001,EEGNetv4,FM-Full_A-Riem_AdaBN-F,8,0.7708333333,0.938986947
BNCI2014_001,EEGNetv4,FM-Full_A-Riem_AdaBN-F,9,0.8125,0.9599850502
BNCI2014_001,EEGNetv4,FM-Full_A-Riem_AdaBN-F,3,0.8541666667,0.979608732
BNCI2014_001,EEGNetv4,FM-Full_A-Riem_AdaBN-F,4,0.6909722222,0.9019539288
BNCI2014_001,EEGNetv4,FM-Full_A-Riem_AdaBN-F,5,0.6111111111,0.8311993634
BNCI2014_001,EEGNetv4,FM-Full_A-Riem_AdaBN-F,7,0.78125,0.9502194252
BNCI2014_001,EEGNetv4,FM-Full_A-Riem_AdaBN-T,1,0.828125,0.9613353588
BNCI2014_001,EEGNetv4,FM-Full_A-Riem_AdaBN-T,2,0.5850694444,0.8219722544
BNCI2014_001,EEGNetv4,FM-Full_A-Riem_AdaBN-T,6,0.6701388889,0.8811848958
BNCI2014_001,EEGNetv4,FM-Full_A-Riem_AdaBN-T,8,0.7777777778,0.9427083333
BNCI2014_001,EEGNetv4,FM-Full_A-Riem_AdaBN-T,9,0.8159722222,0.9630835262
BNCI2014_001,EEGNetv4,FM-Full_A-Riem_AdaBN-T,3,0.8524305556,0.9808585712
BNCI2014_001,EEGNetv4,FM-Full_A-Riem_AdaBN-T,4,0.7083333333,0.9051810057
BNCI2014_001,EEGNetv4,FM-Full_A-Riem_AdaBN-T,5,0.6024305556,0.8316575039
BNCI2014_001,EEGNetv4,FM-Full_A-Riem_AdaBN-T,7,0.8090277778,0.953985018
BNCI2014_001,EEGNetv4,FM-None_A-Eucl_AdaBN-T,1,0.6302083333,0.8835157858
BNCI2014_001,EEGNetv4,FM-None_A-Eucl_AdaBN-T,2,0.3020833333,0.5907841435
BNCI2014_001,EEGNetv4,FM-None_A-Eucl_AdaBN-T,6,0.5,0.781177662
BNCI2014_001,EEGNetv4,FM-None_A-Eucl_AdaBN-T,8,0.5520833333,0.8224143197
BNCI2014_001,EEGNetv4,FM-None_A-Eucl_AdaBN-T,9,0.6197916667,0.8500956469
BNCI2014_001,EEGNetv4,FM-None_A-Eucl_AdaBN-T,3,0.625,0.9146412037
BNCI2014_001,EEGNetv4,FM-None_A-Eucl_AdaBN-T,4,0.5225694444,0.7841997814
BNCI2014_001,EEGNetv4,FM-None_A-Eucl_AdaBN-T,5,0.4149305556,0.6788837449
BNCI2014_001,EEGNetv4,FM-None_A-Eucl_AdaBN-T,7,0.59375,0.8458076132
BNCI2014_001,EEGNetv4,FM-None_A-None_AdaBN-F,1,0.6145833333,0.863550508
BNCI2014_001,EEGNetv4,FM-None_A-None_AdaBN-F,2,0.3107638889,0.6321775334
BNCI2014_001,EEGNetv4,FM-None_A-None_AdaBN-F,6,0.3298611111,0.7212597254
BNCI2014_001,EEGNetv4,FM-None_A-None_AdaBN-F,8,0.5434027778,0.8364519033
BNCI2014_001,EEGNetv4,FM-None_A-None_AdaBN-F,9,0.4670138889,0.8216467335
BNCI2014_001,EEGNetv4,FM-None_A-None_AdaBN-F,3,0.6388888889,0.9189252186
BNCI2014_001,EEGNetv4,FM-None_A-None_AdaBN-F,4,0.4618055556,0.7790597672
BNCI2014_001,EEGNetv4,FM-None_A-None_AdaBN-F,5,0.3975694444,0.6847069509
BNCI2014_001,EEGNetv4,FM-None_A-None_AdaBN-F,7,0.5086805556,0.7798675412
BNCI2014_001,EEGNetv4,NoPre_FM-Full_A-Eucl_AdaBN-T,1,0.546875,0.8220566487
BNCI2014_001,EEGNetv4,NoPre_FM-Full_A-Eucl_AdaBN-T,2,0.5208333333,0.7668025013
BNCI2014_001,EEGNetv4,NoPre_FM-Full_A-Eucl_AdaBN-T,6,0.421875,0.6842046039
BNCI2014_001,EEGNetv4,NoPre_FM-Full_A-Eucl_AdaBN-T,8,0.4809027778,0.7653075167
BNCI2014_001,EEGNetv4,NoPre_FM-Full_A-Eucl_AdaBN-T,9,0.6302083333,0.8474553112
BNCI2014_001,EEGNetv4,NoPre_FM-Full_A-Eucl_AdaBN-T,3,0.4982638889,0.7675700874
BNCI2014_001,EEGNetv4,NoPre_FM-Full_A-Eucl_AdaBN-T,4,0.4878472222,0.7405558771
BNCI2014_001,EEGNetv4,NoPre_FM-Full_A-Eucl_AdaBN-T,5,0.4861111111,0.7558674126
BNCI2014_001,EEGNetv4,NoPre_FM-Full_A-Eucl_AdaBN-T,7,0.4618055556,0.7336435828
BNCI2014_001,EEGNetv4,NoPre_FM-Full_A-None_AdaBN-F,1,0.5138888889,0.8019225823
BNCI2014_001,EEGNetv4,NoPre_FM-Full_A-None_AdaBN-F,2,0.4444444444,0.726992509
BNCI2014_001,EEGNetv4,NoPre_FM-Full_A-None_AdaBN-F,6,0.3732638889,0.6566398212
BNCI2014_001,EEGNetv4,NoPre_FM-Full_A-None_AdaBN-F,8,0.4670138889,0.7451212063
BNCI2014_001,EEGNetv4,NoPre_FM-Full_A-None_AdaBN-F,9,0.5677083333,0.8461572467
BNCI2014_001,EEGNetv4,NoPre_FM-Full_A-None_AdaBN-F,3,0.5503472222,0.8151724859
BNCI2014_001,EEGNetv4,NoPre_FM-Full_A-None_AdaBN-F,4,0.4548611111,0.737975823
BNCI2014_001,EEGNetv4,NoPre_FM-Full_A-None_AdaBN-F,5,0.4756944444,0.735110436
BNCI2014_001,EEGNetv4,NoPre_FM-Full_A-None_AdaBN-F,7,0.4357638889,0.7089401685
Huebner2017,EEGNetv4,FM-Dec_A-Eucl_AdaBN-F,1,0.9490347994,0.9922910629
Huebner2017,EEGNetv4,FM-Dec_A-Eucl_AdaBN-F,2,0.9228861416,0.9847577237
Huebner2017,EEGNetv4,FM-Dec_A-Eucl_AdaBN-F,3,0.8929438029,0.9739371984
Huebner2017,EEGNetv4,FM-Dec_A-Eucl_AdaBN-F,6,0.9615218656,0.9955905517
Huebner2017,EEGNetv4,FM-Dec_A-Eucl_AdaBN-F,9,0.9487688238,0.995115625
Huebner2017,EEGNetv4,FM-Dec_A-Eucl_AdaBN-F,10,0.9655743879,0.9970063012
Huebner2017,EEGNetv4,FM-Dec_A-Eucl_AdaBN-F,12,0.9257733008,0.9885901595
Huebner2017,EEGNetv4,FM-Dec_A-Eucl_AdaBN-F,4,0.9506501755,0.9948394222
Huebner2017,EEGNetv4,FM-Dec_A-Eucl_AdaBN-F,5,0.8863960114,0.9720890453
Huebner2017,EEGNetv4,FM-Dec_A-Eucl_AdaBN-F,7,0.982740639,0.9992382538
Huebner2017,EEGNetv4,FM-Dec_A-Eucl_AdaBN-F,8,0.8355798634,0.94393835
Huebner2017,EEGNetv4,FM-Dec_A-Eucl_AdaBN-F,11,0.7972122642,0.9106440487
Huebner2017,EEGNetv4,FM-Dec_A-Eucl_AdaBN-F,13,0.9457539541,0.9913183592
Huebner2017,EEGNetv4,FM-Dec_A-Eucl_AdaBN-T,1,0.957008832,0.9925729182
Huebner2017,EEGNetv4,FM-Dec_A-Eucl_AdaBN-T,2,0.9346128409,0.985753724
Huebner2017,EEGNetv4,FM-Dec_A-Eucl_AdaBN-T,3,0.9049237486,0.9741687404
Huebner2017,EEGNetv4,FM-Dec_A-Eucl_AdaBN-T,6,0.972676041,0.9956529299
Huebner2017,EEGNetv4,FM-Dec_A-Eucl_AdaBN-T,9,0.9626704314,0.9955459263
Huebner2017,EEGNetv4,FM-Dec_A-Eucl_AdaBN-T,10,0.9725912722,0.996924026
Huebner2017,EEGNetv4,FM-Dec_A-Eucl_AdaBN-T,12,0.9415954416,0.9887875022
Huebner2017,EEGNetv4,FM-Dec_A-Eucl_AdaBN-T,4,0.9576069038,0.9948183209
Huebner2017,EEGNetv4,FM-Dec_A-Eucl_AdaBN-T,5,0.8978810541,0.9716997772
Huebner2017,EEGNetv4,FM-Dec_A-Eucl_AdaBN-T,7,0.9849537037,0.9991883882
Huebner2017,EEGNetv4,FM-Dec_A-Eucl_AdaBN-T,8,0.8486537781,0.9436447325
Huebner2017,EEGNetv4,FM-Dec_A-Eucl_AdaBN-T,11,0.8078366757,0.909573957
Huebner2017,EEGNetv4,FM-Dec_A-Eucl_AdaBN-T,13,0.9534359263,0.9914867822
Huebner2017,EEGNetv4,FM-Dec_A-None_AdaBN-F,1,0.95973073,0.9938595584
Huebner2017,EEGNetv4,FM-Dec_A-None_AdaBN-F,2,0.9303011803,0.9840252004
Huebner2017,EEGNetv4,FM-Dec_A-None_AdaBN-F,3,0.9205173659,0.9820152566
Huebner2017,EEGNetv4,FM-Dec_A-None_AdaBN-F,6,0.9721803504,0.9966996783
Huebner2017,EEGNetv4,FM-Dec_A-None_AdaBN-F,9,0.9673890924,0.9961789035
Huebner2017,EEGNetv4,FM-Dec_A-None_AdaBN-F,10,0.9758006145,0.997397328
Huebner2017,EEGNetv4,FM-Dec_A-None_AdaBN-F,12,0.9400310338,0.9881261602
Huebner2017,EEGNetv4,FM-Dec_A-None_AdaBN-F,4,0.9756041498,0.9975504667
Huebner2017,EEGNetv4,FM-Dec_A-None_AdaBN-F,5,0.8993055556,0.96996444
Huebner2017,EEGNetv4,FM-Dec_A-None_AdaBN-F,7,0.9874211437,0.9993616392
Huebner2017,EEGNetv4,FM-Dec_A-None_AdaBN-F,8,0.8418611822,0.937178382
Huebner2017,EEGNetv4,FM-Dec_A-None_AdaBN-F,11,0.800228508,0.9039770842
Huebner2017,EEGNetv4,FM-Dec_A-None_AdaBN-F,13,0.9511588847,0.9899833758
Huebner2017,EEGNetv4,FM-Dec_A-Riem_AdaBN-T,1,0.9550885473,0.9926318134
Huebner2017,EEGNetv4,FM-Dec_A-Riem_AdaBN-T,2,0.9358338421,0.9866969144
Huebner2017,EEGNetv4,FM-Dec_A-Riem_AdaBN-T,3,0.9112963044,0.9772305308
Huebner2017,EEGNetv4,FM-Dec_A-Riem_AdaBN-T,6,0.9725997168,0.9957668099
Huebner2017,EEGNetv4,FM-Dec_A-Riem_AdaBN-T,9,0.9624287749,0.9956687398
Huebner2017,EEGNetv4,FM-Dec_A-Riem_AdaBN-T,10,0.9727318623,0.9973947464
Huebner2017,EEGNetv4,FM-Dec_A-Riem_AdaBN-T,12,0.9402472527,0.9886341536
Huebner2017,EEGNetv4,FM-Dec_A-Riem_AdaBN-T,4,0.9598329047,0.9951588695
Huebner2017,EEGNetv4,FM-Dec_A-Riem_AdaBN-T,5,0.9005392755,0.9708999588
Huebner2017,EEGNetv4,FM-Dec_A-Riem_AdaBN-T,7,0.9839489214,0.9993745262
Huebner2017,EEGNetv4,FM-Dec_A-Riem_AdaBN-T,8,0.8523424989,0.9472534064
Huebner2017,EEGNetv4,FM-Dec_A-Riem_AdaBN-T,11,0.8033077063,0.9079542929
Huebner2017,EEGNetv4,FM-Dec_A-Riem_AdaBN-T,13,0.9504977782,0.9913016347
Huebner2017,EEGNetv4,FM-Full_A-Eucl_AdaBN-F,1,0.9681894528,0.995691147
Huebner2017,EEGNetv4,FM-Full_A-Eucl_AdaBN-F,2,0.9504858567,0.9923886112
Huebner2017,EEGNetv4,FM-Full_A-Eucl_AdaBN-F,3,0.9351071744,0.9878172867
Huebner2017,EEGNetv4,FM-Full_A-Eucl_AdaBN-F,6,0.9762641133,0.9974922528
Huebner2017,EEGNetv4,FM-Full_A-Eucl_AdaBN-F,9,0.9667022792,0.9975443871
Huebner2017,EEGNetv4,FM-Full_A-Eucl_AdaBN-F,10,0.9791638432,0.9983032501
Huebner2017,EEGNetv4,FM-Full_A-Eucl_AdaBN-F,12,0.9517322955,0.9930122175
Huebner2017,EEGNetv4,FM-Full_A-Eucl_AdaBN-F,4,0.9754394789,0.9984743465
Huebner2017,EEGNetv4,FM-Full_A-Eucl_AdaBN-F,5,0.9116045991,0.9809683904
Huebner2017,EEGNetv4,FM-Full_A-Eucl_AdaBN-F,7,0.9908043346,0.9997285991
Huebner2017,EEGNetv4,FM-Full_A-Eucl_AdaBN-F,8,0.8798543735,0.9644553323
Huebner2017,EEGNetv4,FM-Full_A-Eucl_AdaBN-F,11,0.8370984775,0.9330715178
Huebner2017,EEGNetv4,FM-Full_A-Eucl_AdaBN-F,13,0.9655191392,0.9955617433
Huebner2017,EEGNetv4,FM-Full_A-Eucl_AdaBN-T,1,0.971585145,0.9956806805
Huebner2017,EEGNetv4,FM-Full_A-Eucl_AdaBN-T,2,0.955776862,0.9929534353
Huebner2017,EEGNetv4,FM-Full_A-Eucl_AdaBN-T,3,0.9443403851,0.9880328092
Huebner2017,EEGNetv4,FM-Full_A-Eucl_AdaBN-T,6,0.9796642932,0.997417217
Huebner2017,EEGNetv4,FM-Full_A-Eucl_AdaBN-T,9,0.9759233822,0.9977963229
Huebner2017,EEGNetv4,FM-Full_A-Eucl_AdaBN-T,10,0.9824493187,0.99829046
Huebner2017,EEGNetv4,FM-Full_A-Eucl_AdaBN-T,12,0.9589311152,0.9932462024
Huebner2017,EEGNetv4,FM-Full_A-Eucl_AdaBN-T,4,0.9809974643,0.9984702407
Huebner2017,EEGNetv4,FM-Full_A-Eucl_AdaBN-T,5,0.9178113553,0.9809736226
Huebner2017,EEGNetv4,FM-Full_A-Eucl_AdaBN-T,7,0.9913766789,0.9997232996
Huebner2017,EEGNetv4,FM-Full_A-Eucl_AdaBN-T,8,0.882995504,0.9644733542
Huebner2017,EEGNetv4,FM-Full_A-Eucl_AdaBN-T,11,0.8377604085,0.9328023453
Huebner2017,EEGNetv4,FM-Full_A-Eucl_AdaBN-T,13,0.9674777251,0.9956288264
Huebner2017,EEGNetv4,FM-Full_A-None_AdaBN-F,1,0.9678327165,0.995038471
Huebner2017,EEGNetv4,FM-Full_A-None_AdaBN-F,2,0.9411375661,0.987663961
Huebner2017,EEGNetv4,FM-Full_A-None_AdaBN-F,3,0.9407661229,0.9862975227
Huebner2017,EEGNetv4,FM-Full_A-None_AdaBN-F,6,0.9790545331,0.9969525639
Huebner2017,EEGNetv4,FM-Full_A-None_AdaBN-F,9,0.9701617827,0.9969001549
Huebner2017,EEGNetv4,FM-Full_A-None_AdaBN-F,10,0.9780040928,0.9974609243
Huebner2017,EEGNetv4,FM-Full_A-None_AdaBN-F,12,0.9474969475,0.9904661265
Huebner2017,EEGNetv4,FM-Full_A-None_AdaBN-F,4,0.9830448952,0.9983929366
Huebner2017,EEGNetv4,FM-Full_A-None_AdaBN-F,5,0.9145171958,0.9754658937
Huebner2017,EEGNetv4,FM-Full_A-None_AdaBN-F,7,0.9914657102,0.9995580062
Huebner2017,EEGNetv4,FM-Full_A-None_AdaBN-F,8,0.8767243153,0.9578834249
Huebner2017,EEGNetv4,FM-Full_A-None_AdaBN-F,11,0.8233461704,0.9136357503
Huebner2017,EEGNetv4,FM-Full_A-None_AdaBN-F,13,0.9634073742,0.9935444701
Huebner2017,EEGNetv4,FM-Full_A-Riem_AdaBN-F,1,0.9637506771,0.9957938938
Huebner2017,EEGNetv4,FM-Full_A-Riem_AdaBN-F,2,0.9491885429,0.9922839338
Huebner2017,EEGNetv4,FM-Full_A-Riem_AdaBN-F,3,0.9310753473,0.9877838006
Huebner2017,EEGNetv4,FM-Full_A-Riem_AdaBN-F,6,0.9768176724,0.9976155691
Huebner2017,EEGNetv4,FM-Full_A-Riem_AdaBN-F,9,0.9641330891,0.9973200591
Huebner2017,EEGNetv4,FM-Full_A-Riem_AdaBN-F,10,0.9778902979,0.9984931446
Huebner2017,EEGNetv4,FM-Full_A-Riem_AdaBN-F,12,0.9498371998,0.9936358743
Huebner2017,EEGNetv4,FM-Full_A-Riem_AdaBN-F,4,0.9764697401,0.9985076307
Huebner2017,EEGNetv4,FM-Full_A-Riem_AdaBN-F,5,0.9121387871,0.980009251
Huebner2017,EEGNetv4,FM-Full_A-Riem_AdaBN-F,7,0.9883750509,0.9997430002
Huebner2017,EEGNetv4,FM-Full_A-Riem_AdaBN-F,8,0.8806304769,0.9663921917
Huebner2017,EEGNetv4,FM-Full_A-Riem_AdaBN-F,11,0.8389562577,0.9333110647
Huebner2017,EEGNetv4,FM-Full_A-Riem_AdaBN-F,13,0.9646033624,0.9952845941
Huebner2017,EEGNetv4,FM-Full_A-Riem_AdaBN-T,1,0.9676424011,0.9959325498
Huebner2017,EEGNetv4,FM-Full_A-Riem_AdaBN-T,2,0.9555733618,0.992601314
Huebner2017,EEGNetv4,FM-Full_A-Riem_AdaBN-T,3,0.9387188266,0.9877827405
Huebner2017,EEGNetv4,FM-Full_A-Riem_AdaBN-T,6,0.980867025,0.9975726319
Huebner2017,EEGNetv4,FM-Full_A-Riem_AdaBN-T,9,0.9747405372,0.9977579479
Huebner2017,EEGNetv4,FM-Full_A-Riem_AdaBN-T,10,0.9813159586,0.9984681718
Huebner2017,EEGNetv4,FM-Full_A-Riem_AdaBN-T,12,0.9564509565,0.9938000574
Huebner2017,EEGNetv4,FM-Full_A-Riem_AdaBN-T,4,0.9801452348,0.998511686
Huebner2017,EEGNetv4,FM-Full_A-Riem_AdaBN-T,5,0.9177604803,0.9800297424
Huebner2017,EEGNetv4,FM-Full_A-Riem_AdaBN-T,7,0.991211335,0.999739871
Huebner2017,EEGNetv4,FM-Full_A-Riem_AdaBN-T,8,0.8849290149,0.9665599419
Huebner2017,EEGNetv4,FM-Full_A-Riem_AdaBN-T,11,0.8426590757,0.9330258169
Huebner2017,EEGNetv4,FM-Full_A-Riem_AdaBN-T,13,0.9678592932,0.9952850989
Huebner2017,EEGNetv4,FM-None_A-Eucl_AdaBN-T,1,0.9144130018,0.9827084693
Huebner2017,EEGNetv4,FM-None_A-Eucl_AdaBN-T,2,0.9004375254,0.9654213181
Huebner2017,EEGNetv4,FM-None_A-Eucl_AdaBN-T,3,0.8264188749,0.9204638386
Huebner2017,EEGNetv4,FM-None_A-Eucl_AdaBN-T,6,0.9450508401,0.9869243035
Huebner2017,EEGNetv4,FM-None_A-Eucl_AdaBN-T,9,0.9383140008,0.9844639809
Huebner2017,EEGNetv4,FM-None_A-Eucl_AdaBN-T,10,0.9192399225,0.9859460507
Huebner2017,EEGNetv4,FM-None_A-Eucl_AdaBN-T,12,0.916488604,0.9736374538
Huebner2017,EEGNetv4,FM-None_A-Eucl_AdaBN-T,4,0.9087918472,0.9821307752
Huebner2017,EEGNetv4,FM-None_A-Eucl_AdaBN-T,5,0.8556547619,0.9369388939
Huebner2017,EEGNetv4,FM-None_A-Eucl_AdaBN-T,7,0.944253663,0.9957080569
Huebner2017,EEGNetv4,FM-None_A-Eucl_AdaBN-T,8,0.7437127581,0.8965203705
Huebner2017,EEGNetv4,FM-None_A-Eucl_AdaBN-T,11,0.7796584823,0.8666292329
Huebner2017,EEGNetv4,FM-None_A-Eucl_AdaBN-T,13,0.8947763403,0.9760180824
Huebner2017,EEGNetv4,FM-None_A-None_AdaBN-F,1,0.905396155,0.9850146181
Huebner2017,EEGNetv4,FM-None_A-None_AdaBN-F,2,0.9043549044,0.9691076731
Huebner2017,EEGNetv4,FM-None_A-None_AdaBN-F,3,0.8025645235,0.9508171516
Huebner2017,EEGNetv4,FM-None_A-None_AdaBN-F,6,0.9453233942,0.991187849
Huebner2017,EEGNetv4,FM-None_A-None_AdaBN-F,9,0.9590964591,0.9921307871
Huebner2017,EEGNetv4,FM-None_A-None_AdaBN-F,10,0.9504801527,0.9913025137
Huebner2017,EEGNetv4,FM-None_A-None_AdaBN-F,12,0.7679461742,0.9741017391
Huebner2017,EEGNetv4,FM-None_A-None_AdaBN-F,4,0.9120742924,0.9910598178
Huebner2017,EEGNetv4,FM-None_A-None_AdaBN-F,5,0.8498931624,0.938877479
Huebner2017,EEGNetv4,FM-None_A-None_AdaBN-F,7,0.9359610297,0.9956946988
Huebner2017,EEGNetv4,FM-None_A-None_AdaBN-F,8,0.6317770813,0.8772254456
Huebner2017,EEGNetv4,FM-None_A-None_AdaBN-F,11,0.6331987027,0.8379765916
Huebner2017,EEGNetv4,FM-None_A-None_AdaBN-F,13,0.8612116601,0.9667873255
Huebner2017,EEGNetv4,NoPre_FM-Full_A-Eucl_AdaBN-T,1,0.9611931807,0.9918256566
Huebner2017,EEGNetv4,NoPre_FM-Full_A-Eucl_AdaBN-T,2,0.9478021978,0.9895798508
Huebner2017,EEGNetv4,NoPre_FM-Full_A-Eucl_AdaBN-T,3,0.9294202927,0.9819374477
Huebner2017,EEGNetv4,NoPre_FM-Full_A-Eucl_AdaBN-T,6,0.9680378853,0.995089366
Huebner2017,EEGNetv4,NoPre_FM-Full_A-Eucl_AdaBN-T,9,0.9583969271,0.9944101206
Huebner2017,EEGNetv4,NoPre_FM-Full_A-Eucl_AdaBN-T,10,0.9707952554,0.9960115233
Huebner2017,EEGNetv4,NoPre_FM-Full_A-Eucl_AdaBN-T,12,0.948221917,0.9900063331
Huebner2017,EEGNetv4,NoPre_FM-Full_A-Eucl_AdaBN-T,4,0.9726024493,0.9969222406
Huebner2017,EEGNetv4,NoPre_FM-Full_A-Eucl_AdaBN-T,5,0.898211742,0.9698489953
Huebner2017,EEGNetv4,NoPre_FM-Full_A-Eucl_AdaBN-T,7,0.9845594221,0.9992458245
Huebner2017,EEGNetv4,NoPre_FM-Full_A-Eucl_AdaBN-T,8,0.8657730153,0.951556841
Huebner2017,EEGNetv4,NoPre_FM-Full_A-Eucl_AdaBN-T,11,0.815738171,0.9111146419
Huebner2017,EEGNetv4,NoPre_FM-Full_A-Eucl_AdaBN-T,13,0.960164012,0.992421353
Huebner2017,EEGNetv4,NoPre_FM-Full_A-None_AdaBN-F,1,0.9527596987,0.9900839084
Huebner2017,EEGNetv4,NoPre_FM-Full_A-None_AdaBN-F,2,0.9333664021,0.983265759
Huebner2017,EEGNetv4,NoPre_FM-Full_A-None_AdaBN-F,3,0.9241923221,0.9795261795
Huebner2017,EEGNetv4,NoPre_FM-Full_A-None_AdaBN-F,6,0.9675623179,0.993644246
Huebner2017,EEGNetv4,NoPre_FM-Full_A-None_AdaBN-F,9,0.95877849,0.992468911
Huebner2017,EEGNetv4,NoPre_FM-Full_A-None_AdaBN-F,10,0.9663494221,0.9950384109
Huebner2017,EEGNetv4,NoPre_FM-Full_A-None_AdaBN-F,12,0.9335571836,0.9847048466
Huebner2017,EEGNetv4,NoPre_FM-Full_A-None_AdaBN-F,4,0.9707321077,0.9965432083
Huebner2017,EEGNetv4,NoPre_FM-Full_A-None_AdaBN-F,5,0.8902879528,0.9596662462
Huebner2017,EEGNetv4,NoPre_FM-Full_A-None_AdaBN-F,7,0.9815959503,0.9984487652
Huebner2017,EEGNetv4,NoPre_FM-Full_A-None_AdaBN-F,8,0.8605192654,0.944707874
Huebner2017,EEGNetv4,NoPre_FM-Full_A-None_AdaBN-F,11,0.7910821298,0.8853045136
Huebner2017,EEGNetv4,NoPre_FM-Full_A-None_AdaBN-F,13,0.954783613,0.9893734692
Huebner2018,EEGNetv4,FM-Dec_A-Eucl_AdaBN-F,1,0.9430626878,0.9883071475
Huebner2018,EEGNetv4,FM-Dec_A-Eucl_AdaBN-F,3,0.9608974359,0.9929629993
Huebner2018,EEGNetv4,FM-Dec_A-Eucl_AdaBN-F,6,0.958367674,0.9943450473
Huebner2018,EEGNetv4,FM-Dec_A-Eucl_AdaBN-F,9,0.9025401604,0.9756715849
Huebner2018,EEGNetv4,FM-Dec_A-Eucl_AdaBN-F,10,0.8859432234,0.9673916361
Huebner2018,EEGNetv4,FM-Dec_A-Eucl_AdaBN-F,11,0.8714410031,0.9592536579
Huebner2018,EEGNetv4,FM-Dec_A-Eucl_AdaBN-F,2,0.9668612637,0.994419016
Huebner2018,EEGNetv4,FM-Dec_A-Eucl_AdaBN-F,4,0.9085050366,0.9796962623
Huebner2018,EEGNetv4,FM-Dec_A-Eucl_AdaBN-F,5,0.821185764,0.9298457584
Huebner2018,EEGNetv4,FM-Dec_A-Eucl_AdaBN-F,7,0.8979454034,0.9721284097
Huebner2018,EEGNetv4,FM-Dec_A-Eucl_AdaBN-F,8,0.8560325092,0.9514589329
Huebner2018,EEGNetv4,FM-Dec_A-Eucl_AdaBN-F,12,0.8803914835,0.963002055
Huebner2018,EEGNetv4,FM-Dec_A-Eucl_AdaBN-T,1,0.9526778627,0.9894426464
Huebner2018,EEGNetv4,FM-Dec_A-Eucl_AdaBN-T,3,0.9671588828,0.9931632789
Huebner2018,EEGNetv4,FM-Dec_A-Eucl_AdaBN-T,6,0.9600961538,0.9943467371
Huebner2018,EEGNetv4,FM-Dec_A-Eucl_AdaBN-T,9,0.907221698,0.9755091333
Huebner2018,EEGNetv4,FM-Dec_A-Eucl_AdaBN-T,10,0.8910370879,0.9676122613
Huebner2018,EEGNetv4,FM-Dec_A-Eucl_AdaBN-T,11,0.8837101049,0.9600677725
Huebner2018,EEGNetv4,FM-Dec_A-Eucl_AdaBN-T,2,0.9694024725,0.9943883274
Huebner2018,EEGNetv4,FM-Dec_A-Eucl_AdaBN-T,4,0.9194482601,0.9799349435
Huebner2018,EEGNetv4,FM-Dec_A-Eucl_AdaBN-T,5,0.8292750628,0.9303457988
Huebner2018,EEGNetv4,FM-Dec_A-Eucl_AdaBN-T,7,0.9052703873,0.9723457485
Huebner2018,EEGNetv4,FM-Dec_A-Eucl_AdaBN-T,8,0.8645718864,0.9510973476
Huebner2018,EEGNetv4,FM-Dec_A-Eucl_AdaBN-T,12,0.8906593407,0.9623716995
Huebner2018,EEGNetv4,FM-Dec_A-None_AdaBN-F,1,0.9626481008,0.9928996501
Huebner2018,EEGNetv4,FM-Dec_A-None_AdaBN-F,3,0.9694826007,0.9943912846
Huebner2018,EEGNetv4,FM-Dec_A-None_AdaBN-F,6,0.963106685,0.9945611618
Huebner2018,EEGNetv4,FM-Dec_A-None_AdaBN-F,9,0.9099572774,0.975419962
Huebner2018,EEGNetv4,FM-Dec_A-None_AdaBN-F,10,0.9093521062,0.9754921752
Huebner2018,EEGNetv4,FM-Dec_A-None_AdaBN-F,11,0.8591737298,0.9475223731
Huebner2018,EEGNetv4,FM-Dec_A-None_AdaBN-F,2,0.9749084249,0.9962530661
Huebner2018,EEGNetv4,FM-Dec_A-None_AdaBN-F,4,0.9331272894,0.984709617
Huebner2018,EEGNetv4,FM-Dec_A-None_AdaBN-F,5,0.8740378511,0.956483863
Huebner2018,EEGNetv4,FM-Dec_A-None_AdaBN-F,7,0.9045719259,0.9705013883
Huebner2018,EEGNetv4,FM-Dec_A-None_AdaBN-F,8,0.8801968864,0.9605339427
Huebner2018,EEGNetv4,FM-Dec_A-None_AdaBN-F,12,0.8951007326,0.9657342496
Huebner2018,EEGNetv4,FM-Dec_A-Riem_AdaBN-T,1,0.9555397102,0.9898770001
Huebner2018,EEGNetv4,FM-Dec_A-Riem_AdaBN-T,3,0.9651671245,0.9934441637
Huebner2018,EEGNetv4,FM-Dec_A-Riem_AdaBN-T,6,0.9587568681,0.9940874651
Huebner2018,EEGNetv4,FM-Dec_A-Riem_AdaBN-T,9,0.9092019045,0.9754386603
Huebner2018,EEGNetv4,FM-Dec_A-Riem_AdaBN-T,10,0.8996108059,0.9704648935
Huebner2018,EEGNetv4,FM-Dec_A-Riem_AdaBN-T,11,0.8791341177,0.9574731198
Huebner2018,EEGNetv4,FM-Dec_A-Riem_AdaBN-T,2,0.9650297619,0.9946206447
Huebner2018,EEGNetv4,FM-Dec_A-Riem_AdaBN-T,4,0.9192193223,0.9813006252
Huebner2018,EEGNetv4,FM-Dec_A-Riem_AdaBN-T,5,0.842246852,0.9380728908
Huebner2018,EEGNetv4,FM-Dec_A-Riem_AdaBN-T,7,0.9074115758,0.9735433134
Huebner2018,EEGNetv4,FM-Dec_A-Riem_AdaBN-T,8,0.875503663,0.9568148493
Huebner2018,EEGNetv4,FM-Dec_A-Riem_AdaBN-T,12,0.8842834249,0.9636916209
Huebner2018,EEGNetv4,FM-Full_A-Eucl_AdaBN-F,1,0.9626026907,0.9930393422
Huebner2018,EEGNetv4,FM-Full_A-Eucl_AdaBN-F,3,0.9726877289,0.995918272
Huebner2018,EEGNetv4,FM-Full_A-Eucl_AdaBN-F,6,0.9753777473,0.9973113853
Huebner2018,EEGNetv4,FM-Full_A-Eucl_AdaBN-F,9,0.9392047474,0.9860046408
Huebner2018,EEGNetv4,FM-Full_A-Eucl_AdaBN-F,10,0.9085966117,0.9770757838
Huebner2018,EEGNetv4,FM-Full_A-Eucl_AdaBN-F,11,0.9059468216,0.9715359023
Huebner2018,EEGNetv4,FM-Full_A-Eucl_AdaBN-F,2,0.9767055861,0.9966843685
Huebner2018,EEGNetv4,FM-Full_A-Eucl_AdaBN-F,4,0.9425824176,0.9882779931
Huebner2018,EEGNetv4,FM-Full_A-Eucl_AdaBN-F,5,0.9047992094,0.9748585669
Huebner2018,EEGNetv4,FM-Full_A-Eucl_AdaBN-F,7,0.9216413979,0.981572307
Huebner2018,EEGNetv4,FM-Full_A-Eucl_AdaBN-F,8,0.9018887363,0.9704914666
Huebner2018,EEGNetv4,FM-Full_A-Eucl_AdaBN-F,12,0.9093864469,0.9748700506
Huebner2018,EEGNetv4,FM-Full_A-Eucl_AdaBN-T,1,0.9678681956,0.9936517113
Huebner2018,EEGNetv4,FM-Full_A-Eucl_AdaBN-T,3,0.9747596154,0.996001112
Huebner2018,EEGNetv4,FM-Full_A-Eucl_AdaBN-T,6,0.9765682234,0.9974144482
Huebner2018,EEGNetv4,FM-Full_A-Eucl_AdaBN-T,9,0.9421236028,0.9859035719
Huebner2018,EEGNetv4,FM-Full_A-Eucl_AdaBN-T,10,0.9125801282,0.9773546791
Huebner2018,EEGNetv4,FM-Full_A-Eucl_AdaBN-T,11,0.910833764,0.972130139
Huebner2018,EEGNetv4,FM-Full_A-Eucl_AdaBN-T,2,0.9787774725,0.9966844638
Huebner2018,EEGNetv4,FM-Full_A-Eucl_AdaBN-T,4,0.9467490842,0.9883211369
Huebner2018,EEGNetv4,FM-Full_A-Eucl_AdaBN-T,5,0.9084840245,0.9750321371
Huebner2018,EEGNetv4,FM-Full_A-Eucl_AdaBN-T,7,0.9259448232,0.9815546805
Huebner2018,EEGNetv4,FM-Full_A-Eucl_AdaBN-T,8,0.9031364469,0.9701371446
Huebner2018,EEGNetv4,FM-Full_A-Eucl_AdaBN-T,12,0.9111607143,0.9745518953
Huebner2018,EEGNetv4,FM-Full_A-None_AdaBN-F,1,0.9679709408,0.9937751991
Huebner2018,EEGNetv4,FM-Full_A-None_AdaBN-F,3,0.974095696,0.9959124804
Huebner2018,EEGNetv4,FM-Full_A-None_AdaBN-F,6,0.9725389194,0.9968211451
Huebner2018,EEGNetv4,FM-Full_A-None_AdaBN-F,9,0.9324277335,0.9806930171
Huebner2018,EEGNetv4,FM-Full_A-None_AdaBN-F,10,0.9176968864,0.9780308357
Huebner2018,EEGNetv4,FM-Full_A-None_AdaBN-F,11,0.887539574,0.9575902212
Huebner2018,EEGNetv4,FM-Full_A-None_AdaBN-F,2,0.9786744505,0.9969026769
Huebner2018,EEGNetv4,FM-Full_A-None_AdaBN-F,4,0.9442994505,0.9857047739
Huebner2018,EEGNetv4,FM-Full_A-None_AdaBN-F,5,0.902988789,0.9700223392
Huebner2018,EEGNetv4,FM-Full_A-None_AdaBN-F,7,0.9172560156,0.9761935707
Huebner2018,EEGNetv4,FM-Full_A-None_AdaBN-F,8,0.9088484432,0.9705160774
Huebner2018,EEGNetv4,FM-Full_A-None_AdaBN-F,12,0.9128205128,0.9733700315
Huebner2018,EEGNetv4,FM-Full_A-Riem_AdaBN-F,1,0.9629346672,0.993434405
Huebner2018,EEGNetv4,FM-Full_A-Riem_AdaBN-F,3,0.9723099817,0.9957158392
Huebner2018,EEGNetv4,FM-Full_A-Riem_AdaBN-F,6,0.9727564103,0.9972840763
Huebner2018,EEGNetv4,FM-Full_A-Riem_AdaBN-F,9,0.9383348134,0.9862008093
Huebner2018,EEGNetv4,FM-Full_A-Riem_AdaBN-F,10,0.9129464286,0.9785798638
Huebner2018,EEGNetv4,FM-Full_A-Riem_AdaBN-F,11,0.9049807418,0.9720046791
Huebner2018,EEGNetv4,FM-Full_A-Riem_AdaBN-F,2,0.977220696,0.9965865657
Huebner2018,EEGNetv4,FM-Full_A-Riem_AdaBN-F,4,0.9370535714,0.9873508362
Huebner2018,EEGNetv4,FM-Full_A-Riem_AdaBN-F,5,0.9074553653,0.975238417
Huebner2018,EEGNetv4,FM-Full_A-Riem_AdaBN-F,7,0.9248930687,0.9818763332
Huebner2018,EEGNetv4,FM-Full_A-Riem_AdaBN-F,8,0.9063644689,0.9733857165
Huebner2018,EEGNetv4,FM-Full_A-Riem_AdaBN-F,12,0.9090544872,0.9740586026
Huebner2018,EEGNetv4,FM-Full_A-Riem_AdaBN-T,1,0.9687266953,0.9937794648
Huebner2018,EEGNetv4,FM-Full_A-Riem_AdaBN-T,3,0.9774267399,0.9957828035
Huebner2018,EEGNetv4,FM-Full_A-Riem_AdaBN-T,6,0.9772779304,0.9974141756
Huebner2018,EEGNetv4,FM-Full_A-Riem_AdaBN-T,9,0.9416657399,0.9861624451
Huebner2018,EEGNetv4,FM-Full_A-Riem_AdaBN-T,10,0.9182577839,0.9788970789
Huebner2018,EEGNetv4,FM-Full_A-Riem_AdaBN-T,11,0.913558812,0.9724510337
Huebner2018,EEGNetv4,FM-Full_A-Riem_AdaBN-T,2,0.9796474359,0.9966380495
Huebner2018,EEGNetv4,FM-Full_A-Riem_AdaBN-T,4,0.9421016484,0.9874866589
Huebner2018,EEGNetv4,FM-Full_A-Riem_AdaBN-T,5,0.9109679736,0.9753904989
Huebner2018,EEGNetv4,FM-Full_A-Riem_AdaBN-T,7,0.9277653815,0.9818868573
Huebner2018,EEGNetv4,FM-Full_A-Riem_AdaBN-T,8,0.9097184066,0.9733170624
Huebner2018,EEGNetv4,FM-Full_A-Riem_AdaBN-T,12,0.9137820513,0.9738075342
Huebner2018,EEGNetv4,FM-None_A-Eucl_AdaBN-T,1,0.9204546384,0.9814929688
Huebner2018,EEGNetv4,FM-None_A-Eucl_AdaBN-T,3,0.9559867216,0.9896160932
Huebner2018,EEGNetv4,FM-None_A-Eucl_AdaBN-T,6,0.7537202381,0.9480540702
Huebner2018,EEGNetv4,FM-None_A-Eucl_AdaBN-T,9,0.5743123062,0.7592695972
Huebner2018,EEGNetv4,FM-None_A-Eucl_AdaBN-T,10,0.7722069597,0.9227210748
Huebner2018,EEGNetv4,FM-None_A-Eucl_AdaBN-T,11,0.73925875,0.8694165564
Huebner2018,EEGNetv4,FM-None_A-Eucl_AdaBN-T,2,0.9235233516,0.9782481903
Huebner2018,EEGNetv4,FM-None_A-Eucl_AdaBN-T,4,0.8678914835,0.9577662082
Huebner2018,EEGNetv4,FM-None_A-Eucl_AdaBN-T,5,0.6533159409,0.8083055594
Huebner2018,EEGNetv4,FM-None_A-Eucl_AdaBN-T,7,0.8332878017,0.9320858744
Huebner2018,EEGNetv4,FM-None_A-Eucl_AdaBN-T,8,0.6461538462,0.8105406882
Huebner2018,EEGNetv4,FM-None_A-Eucl_AdaBN-T,12,0.7559180403,0.8475083671
Huebner2018,EEGNetv4,FM-None_A-None_AdaBN-F,1,0.9486820565,0.988829187
Huebner2018,EEGNetv4,FM-None_A-None_AdaBN-F,3,0.9563301282,0.9923635504
Huebner2018,EEGNetv4,FM-None_A-None_AdaBN-F,6,0.751510989,0.9472729428
Huebner2018,EEGNetv4,FM-None_A-None_AdaBN-F,9,0.6240233958,0.7460563364
Huebner2018,EEGNetv4,FM-None_A-None_AdaBN-F,10,0.8541208791,0.9357147763
Huebner2018,EEGNetv4,FM-None_A-None_AdaBN-F,11,0.7163345608,0.8293783081
Huebner2018,EEGNetv4,FM-None_A-None_AdaBN-F,2,0.961389652,0.9911095304
Huebner2018,EEGNetv4,FM-None_A-None_AdaBN-F,4,0.864010989,0.9634898286
Huebner2018,EEGNetv4,FM-None_A-None_AdaBN-F,5,0.70611248,0.8702280055
Huebner2018,EEGNetv4,FM-None_A-None_AdaBN-F,7,0.7922884604,0.9171761989
Huebner2018,EEGNetv4,FM-None_A-None_AdaBN-F,8,0.5936813187,0.8345574416
Huebner2018,EEGNetv4,FM-None_A-None_AdaBN-F,12,0.8308035714,0.9125568392
Huebner2018,EEGNetv4,NoPre_FM-Full_A-Eucl_AdaBN-T,1,0.9583326247,0.9899208157
Huebner2018,EEGNetv4,NoPre_FM-Full_A-Eucl_AdaBN-T,3,0.9699519231,0.9941288919
Huebner2018,EEGNetv4,NoPre_FM-Full_A-Eucl_AdaBN-T,6,0.969757326,0.99575003
Huebner2018,EEGNetv4,NoPre_FM-Full_A-Eucl_AdaBN-T,9,0.9360909091,0.9832541518
Huebner2018,EEGNetv4,NoPre_FM-Full_A-Eucl_AdaBN-T,10,0.8986149267,0.9703012166
Huebner2018,EEGNetv4,NoPre_FM-Full_A-Eucl_AdaBN-T,11,0.9040502818,0.9669061623
Huebner2018,EEGNetv4,NoPre_FM-Full_A-Eucl_AdaBN-T,2,0.9739125458,0.9948226687
Huebner2018,EEGNetv4,NoPre_FM-Full_A-Eucl_AdaBN-T,4,0.9382669414,0.9838004617
Huebner2018,EEGNetv4,NoPre_FM-Full_A-Eucl_AdaBN-T,5,0.9020146961,0.9710747227
Huebner2018,EEGNetv4,NoPre_FM-Full_A-Eucl_AdaBN-T,7,0.9200715638,0.9776939622
Huebner2018,EEGNetv4,NoPre_FM-Full_A-Eucl_AdaBN-T,8,0.8933035714,0.964815528
Huebner2018,EEGNetv4,NoPre_FM-Full_A-Eucl_AdaBN-T,12,0.8994848901,0.9668185832
Huebner2018,EEGNetv4,NoPre_FM-Full_A-None_AdaBN-F,1,0.9549324926,0.9886337953
Huebner2018,EEGNetv4,NoPre_FM-Full_A-None_AdaBN-F,3,0.963907967,0.991860378
Huebner2018,EEGNetv4,NoPre_FM-Full_A-None_AdaBN-F,6,0.9629120879,0.9941989496
Huebner2018,EEGNetv4,NoPre_FM-Full_A-None_AdaBN-F,9,0.9226745837,0.9774013815
Huebner2018,EEGNetv4,NoPre_FM-Full_A-None_AdaBN-F,10,0.892639652,0.9657344132
Huebner2018,EEGNetv4,NoPre_FM-Full_A-None_AdaBN-F,11,0.8750766459,0.949120509
Huebner2018,EEGNetv4,NoPre_FM-Full_A-None_AdaBN-F,2,0.969356685,0.9936482317
Huebner2018,EEGNetv4,NoPre_FM-Full_A-None_AdaBN-F,4,0.9334134615,0.9811892906
Huebner2018,EEGNetv4,NoPre_FM-Full_A-None_AdaBN-F,5,0.8960479986,0.9630645599
Huebner2018,EEGNetv4,NoPre_FM-Full_A-None_AdaBN-F,7,0.9032311134,0.9667466606
Huebner2018,EEGNetv4,NoPre_FM-Full_A-None_AdaBN-F,8,0.8900412088,0.9607179242
Huebner2018,EEGNetv4,NoPre_FM-Full_A-None_AdaBN-F,12,0.8963026557,0.9620968788
Kalunga2016,EEGNetv4,FM-Dec_A-Eucl_AdaBN-F,1,0.359375,0.5794270833
Kalunga2016,EEGNetv4,FM-Dec_A-Eucl_AdaBN-F,3,0.65625,0.9020182292
Kalunga2016,EEGNetv4,FM-Dec_A-Eucl_AdaBN-F,6,0.375,0.6516927083
Kalunga2016,EEGNetv4,FM-Dec_A-Eucl_AdaBN-F,9,0.390625,0.6705729167
Kalunga2016,EEGNetv4,FM-Dec_A-Eucl_AdaBN-F,10,0.4609375,0.7045084635
Kalunga2016,EEGNetv4,FM-Dec_A-Eucl_AdaBN-F,11,0.453125,0.6767578125
Kalunga2016,EEGNetv4,FM-Dec_A-Eucl_AdaBN-F,2,0.1875,0.4931640625
Kalunga2016,EEGNetv4,FM-Dec_A-Eucl_AdaBN-F,4,0.28125,0.5735677083
Kalunga2016,EEGNetv4,FM-Dec_A-Eucl_AdaBN-F,5,0.328125,0.541015625
Kalunga2016,EEGNetv4,FM-Dec_A-Eucl_AdaBN-F,7,0.5104166667,0.7200520833
Kalunga2016,EEGNetv4,FM-Dec_A-Eucl_AdaBN-F,8,0.1875,0.466796875
Kalunga2016,EEGNetv4,FM-Dec_A-Eucl_AdaBN-F,12,0.31875,0.5653645833
Kalunga2016,EEGNetv4,FM-Dec_A-Eucl_AdaBN-T,1,0.328125,0.5709635417
Kalunga2016,EEGNetv4,FM-Dec_A-Eucl_AdaBN-T,3,0.71875,0.8929036458
Kalunga2016,EEGNetv4,FM-Dec_A-Eucl_AdaBN-T,6,0.375,0.6412760417
Kalunga2016,EEGNetv4,FM-Dec_A-Eucl_AdaBN-T,9,0.40625,0.6861979167
Kalunga2016,EEGNetv4,FM-Dec_A-Eucl_AdaBN-T,10,0.484375,0.7041829427
Kalunga2016,EEGNetv4,FM-Dec_A-Eucl_AdaBN-T,11,0.46875,0.6793619792
Kalunga2016,EEGNetv4,FM-Dec_A-Eucl_AdaBN-T,2,0.203125,0.48046875
Kalunga2016,EEGNetv4,FM-Dec_A-Eucl_AdaBN-T,4,0.28125,0.5706380208
Kalunga2016,EEGNetv4,FM-Dec_A-Eucl_AdaBN-T,5,0.359375,0.5540364583
Kalunga2016,EEGNetv4,FM-Dec_A-Eucl_AdaBN-T,7,0.53125,0.7093460648
Kalunga2016,EEGNetv4,FM-Dec_A-Eucl_AdaBN-T,8,0.203125,0.4599609375
Kalunga2016,EEGNetv4,FM-Dec_A-Eucl_AdaBN-T,12,0.31875,0.5625
Kalunga2016,EEGNetv4,FM-Dec_A-None_AdaBN-F,1,0.203125,0.4752604167
Kalunga2016,EEGNetv4,FM-Dec_A-None_AdaBN-F,3,0.78125,0.921875
Kalunga2016,EEGNetv4,FM-Dec_A-None_AdaBN-F,6,0.40625,0.6907552083
Kalunga2016,EEGNetv4,FM-Dec_A-None_AdaBN-F,9,0.328125,0.6175130208
Kalunga2016,EEGNetv4,FM-Dec_A-None_AdaBN-F,10,0.4296875,0.681233724
Kalunga2016,EEGNetv4,FM-Dec_A-None_AdaBN-F,11,0.328125,0.6061197917
Kalunga2016,EEGNetv4,FM-Dec_A-None_AdaBN-F,2,0.28125,0.5872395833
Kalunga2016,EEGNetv4,FM-Dec_A-None_AdaBN-F,4,0.328125,0.6337890625
Kalunga2016,EEGNetv4,FM-Dec_A-None_AdaBN-F,5,0.34375,0.5706380208
Kalunga2016,EEGNetv4,FM-Dec_A-None_AdaBN-F,7,0.5520833333,0.763599537
Kalunga2016,EEGNetv4,FM-Dec_A-None_AdaBN-F,8,0.359375,0.6350911458
Kalunga2016,EEGNetv4,FM-Dec_A-None_AdaBN-F,12,0.34375,0.5784375
Kalunga2016,EEGNetv4,FM-Dec_A-Riem_AdaBN-T,1,0.328125,0.5712890625
Kalunga2016,EEGNetv4,FM-Dec_A-Riem_AdaBN-T,3,0.75,0.8961588542
Kalunga2016,EEGNetv4,FM-Dec_A-Riem_AdaBN-T,6,0.375,0.6438802083
Kalunga2016,EEGNetv4,FM-Dec_A-Riem_AdaBN-T,9,0.359375,0.6878255208
Kalunga2016,EEGNetv4,FM-Dec_A-Riem_AdaBN-T,10,0.46875,0.6985677083
Kalunga2016,EEGNetv4,FM-Dec_A-Riem_AdaBN-T,11,0.46875,0.677734375
Kalunga2016,EEGNetv4,FM-Dec_A-Riem_AdaBN-T,2,0.171875,0.4899088542
Kalunga2016,EEGNetv4,FM-Dec_A-Riem_AdaBN-T,4,0.28125,0.5673828125
Kalunga2016,EEGNetv4,FM-Dec_A-Riem_AdaBN-T,5,0.28125,0.5201822917
Kalunga2016,EEGNetv4,FM-Dec_A-Riem_AdaBN-T,7,0.4895833333,0.7029803241
Kalunga2016,EEGNetv4,FM-Dec_A-Riem_AdaBN-T,8,0.1875,0.4104817708
Kalunga2016,EEGNetv4,FM-Dec_A-Riem_AdaBN-T,12,0.25,0.5310416667
Kalunga2016,EEGNetv4,FM-Full_A-Eucl_AdaBN-F,1,0.328125,0.5621744792
Kalunga2016,EEGNetv4,FM-Full_A-Eucl_AdaBN-F,3,0.71875,0.9127604167
Kalunga2016,EEGNetv4,FM-Full_A-Eucl_AdaBN-F,6,0.359375,0.6539713542
Kalunga2016,EEGNetv4,FM-Full_A-Eucl_AdaBN-F,9,0.390625,0.6829427083
Kalunga2016,EEGNetv4,FM-Full_A-Eucl_AdaBN-F,10,0.515625,0.7430013021
Kalunga2016,EEGNetv4,FM-Full_A-Eucl_AdaBN-F,11,0.453125,0.6803385417
Kalunga2016,EEGNetv4,FM-Full_A-Eucl_AdaBN-F,2,0.203125,0.5305989583
Kalunga2016,EEGNetv4,FM-Full_A-Eucl_AdaBN-F,4,0.28125,0.5872395833
Kalunga2016,EEGNetv4,FM-Full_A-Eucl_AdaBN-F,5,0.265625,0.5244140625
Kalunga2016,EEGNetv4,FM-Full_A-Eucl_AdaBN-F,7,0.5208333333,0.7256944444
Kalunga2016,EEGNetv4,FM-Full_A-Eucl_AdaBN-F,8,0.203125,0.4602864583
Kalunga2016,EEGNetv4,FM-Full_A-Eucl_AdaBN-F,12,0.34375,0.6529166667
Kalunga2016,EEGNetv4,FM-Full_A-Eucl_AdaBN-T,1,0.296875,0.5654296875
Kalunga2016,EEGNetv4,FM-Full_A-Eucl_AdaBN-T,3,0.75,0.9016927083
Kalunga2016,EEGNetv4,FM-Full_A-Eucl_AdaBN-T,6,0.359375,0.6429036458
Kalunga2016,EEGNetv4,FM-Full_A-Eucl_AdaBN-T,9,0.4375,0.6949869792
Kalunga2016,EEGNetv4,FM-Full_A-Eucl_AdaBN-T,10,0.5078125,0.7512207031
Kalunga2016,EEGNetv4,FM-Full_A-Eucl_AdaBN-T,11,0.484375,0.6813151042
Kalunga2016,EEGNetv4,FM-Full_A-Eucl_AdaBN-T,2,0.203125,0.5146484375
Kalunga2016,EEGNetv4,FM-Full_A-Eucl_AdaBN-T,4,0.265625,0.5934244792
Kalunga2016,EEGNetv4,FM-Full_A-Eucl_AdaBN-T,5,0.34375,0.5338541667
Kalunga2016,EEGNetv4,FM-Full_A-Eucl_AdaBN-T,7,0.5104166667,0.7258391204
Kalunga2016,EEGNetv4,FM-Full_A-Eucl_AdaBN-T,8,0.203125,0.4498697917
Kalunga2016,EEGNetv4,FM-Full_A-Eucl_AdaBN-T,12,0.35625,0.6464583333
Kalunga2016,EEGNetv4,FM-Full_A-None_AdaBN-F,1,0.203125,0.4436848958
Kalunga2016,EEGNetv4,FM-Full_A-None_AdaBN-F,3,0.78125,0.9319661458
Kalunga2016,EEGNetv4,FM-Full_A-None_AdaBN-F,6,0.40625,0.7213541667
Kalunga2016,EEGNetv4,FM-Full_A-None_AdaBN-F,9,0.328125,0.6376953125
Kalunga2016,EEGNetv4,FM-Full_A-None_AdaBN-F,10,0.515625,0.7373860677
Kalunga2016,EEGNetv4,FM-Full_A-None_AdaBN-F,11,0.296875,0.6025390625
Kalunga2016,EEGNetv4,FM-Full_A-None_AdaBN-F,2,0.359375,0.6110026042
Kalunga2016,EEGNetv4,FM-Full_A-None_AdaBN-F,4,0.375,0.6350911458
Kalunga2016,EEGNetv4,FM-Full_A-None_AdaBN-F,5,0.359375,0.5524088542
Kalunga2016,EEGNetv4,FM-Full_A-None_AdaBN-F,7,0.5520833333,0.7624421296
Kalunga2016,EEGNetv4,FM-Full_A-None_AdaBN-F,8,0.359375,0.6559244792
Kalunga2016,EEGNetv4,FM-Full_A-None_AdaBN-F,12,0.3625,0.6368229167
Kalunga2016,EEGNetv4,FM-Full_A-Riem_AdaBN-F,1,0.3125,0.5618489583
Kalunga2016,EEGNetv4,FM-Full_A-Riem_AdaBN-F,3,0.75,0.9127604167
Kalunga2016,EEGNetv4,FM-Full_A-Riem_AdaBN-F,6,0.375,0.6692708333
Kalunga2016,EEGNetv4,FM-Full_A-Riem_AdaBN-F,9,0.40625,0.6832682292
Kalunga2016,EEGNetv4,FM-Full_A-Riem_AdaBN-F,10,0.4921875,0.7412923177
Kalunga2016,EEGNetv4,FM-Full_A-Riem_AdaBN-F,11,0.375,0.6761067708
Kalunga2016,EEGNetv4,FM-Full_A-Riem_AdaBN-F,2,0.265625,0.583984375
Kalunga2016,EEGNetv4,FM-Full_A-Riem_AdaBN-F,4,0.34375,0.583984375
Kalunga2016,EEGNetv4,FM-Full_A-Riem_AdaBN-F,5,0.203125,0.5221354167
Kalunga2016,EEGNetv4,FM-Full_A-Riem_AdaBN-F,7,0.5,0.6833043981
Kalunga2016,EEGNetv4,FM-Full_A-Riem_AdaBN-F,8,0.25,0.4381510417
Kalunga2016,EEGNetv4,FM-Full_A-Riem_AdaBN-F,12,0.34375,0.6057291667
Kalunga2016,EEGNetv4,FM-Full_A-Riem_AdaBN-T,1,0.28125,0.5602213542
Kalunga2016,EEGNetv4,FM-Full_A-Riem_AdaBN-T,3,0.765625,0.90625
Kalunga2016,EEGNetv4,FM-Full_A-Riem_AdaBN-T,6,0.359375,0.6435546875
Kalunga2016,EEGNetv4,FM-Full_A-Riem_AdaBN-T,9,0.4375,0.6995442708
Kalunga2016,EEGNetv4,FM-Full_A-Riem_AdaBN-T,10,0.5,0.746500651
Kalunga2016,EEGNetv4,FM-Full_A-Riem_AdaBN-T,11,0.453125,0.6790364583
Kalunga2016,EEGNetv4,FM-Full_A-Riem_AdaBN-T,2,0.21875,0.5260416667
Kalunga2016,EEGNetv4,FM-Full_A-Riem_AdaBN-T,4,0.25,0.5748697917
Kalunga2016,EEGNetv4,FM-Full_A-Riem_AdaBN-T,5,0.25,0.5143229167
Kalunga2016,EEGNetv4,FM-Full_A-Riem_AdaBN-T,7,0.4791666667,0.7035590278
Kalunga2016,EEGNetv4,FM-Full_A-Riem_AdaBN-T,8,0.234375,0.4134114583
Kalunga2016,EEGNetv4,FM-Full_A-Riem_AdaBN-T,12,0.33125,0.5864583333
Kalunga2016,EEGNetv4,FM-None_A-Eucl_AdaBN-T,1,0.359375,0.5748697917
Kalunga2016,EEGNetv4,FM-None_A-Eucl_AdaBN-T,3,0.734375,0.8984375
Kalunga2016,EEGNetv4,FM-None_A-Eucl_AdaBN-T,6,0.390625,0.6432291667
Kalunga2016,EEGNetv4,FM-None_A-Eucl_AdaBN-T,9,0.40625,0.6858723958
Kalunga2016,EEGNetv4,FM-None_A-Eucl_AdaBN-T,10,0.4296875,0.697265625
Kalunga2016,EEGNetv4,FM-None_A-Eucl_AdaBN-T,11,0.4375,0.6871744792
Kalunga2016,EEGNetv4,FM-None_A-Eucl_AdaBN-T,2,0.21875,0.4778645833
Kalunga2016,EEGNetv4,FM-None_A-Eucl_AdaBN-T,4,0.203125,0.4973958333
Kalunga2016,EEGNetv4,FM-None_A-Eucl_AdaBN-T,5,0.234375,0.4817708333
Kalunga2016,EEGNetv4,FM-None_A-Eucl_AdaBN-T,7,0.3854166667,0.6743344907
Kalunga2016,EEGNetv4,FM-None_A-Eucl_AdaBN-T,8,0.28125,0.4964192708
Kalunga2016,EEGNetv4,FM-None_A-Eucl_AdaBN-T,12,0.2875,0.5351041667
Kalunga2016,EEGNetv4,FM-None_A-None_AdaBN-F,1,0.25,0.4986979167
Kalunga2016,EEGNetv4,FM-None_A-None_AdaBN-F,3,0.765625,0.91796875
Kalunga2016,EEGNetv4,FM-None_A-None_AdaBN-F,6,0.421875,0.6891276042
Kalunga2016,EEGNetv4,FM-None_A-None_AdaBN-F,9,0.328125,0.6087239583
Kalunga2016,EEGNetv4,FM-None_A-None_AdaBN-F,10,0.390625,0.6682128906
Kalunga2016,EEGNetv4,FM-None_A-None_AdaBN-F,11,0.3125,0.6015625
Kalunga2016,EEGNetv4,FM-None_A-None_AdaBN-F,2,0.15625,0.4283854167
Kalunga2016,EEGNetv4,FM-None_A-None_AdaBN-F,4,0.359375,0.578125
Kalunga2016,EEGNetv4,FM-None_A-None_AdaBN-F,5,0.25,0.4563802083
Kalunga2016,EEGNetv4,FM-None_A-None_AdaBN-F,7,0.4270833333,0.681712963
Kalunga2016,EEGNetv4,FM-None_A-None_AdaBN-F,8,0.25,0.5006510417
Kalunga2016,EEGNetv4,FM-None_A-None_AdaBN-F,12,0.29375,0.496875
Kalunga2016,EEGNetv4,NoPre_FM-Full_A-Eucl_AdaBN-T,1,0.21875,0.4495442708
Kalunga2016,EEGNetv4,NoPre_FM-Full_A-Eucl_AdaBN-T,3,0.140625,0.5283203125
Kalunga2016,EEGNetv4,NoPre_FM-Full_A-Eucl_AdaBN-T,6,0.25,0.5602213542
Kalunga2016,EEGNetv4,NoPre_FM-Full_A-Eucl_AdaBN-T,9,0.28125,0.4759114583
Kalunga2016,EEGNetv4,NoPre_FM-Full_A-Eucl_AdaBN-T,10,0.3515625,0.5901692708
Kalunga2016,EEGNetv4,NoPre_FM-Full_A-Eucl_AdaBN-T,11,0.25,0.45703125
Kalunga2016,EEGNetv4,NoPre_FM-Full_A-Eucl_AdaBN-T,2,0.25,0.5400390625
Kalunga2016,EEGNetv4,NoPre_FM-Full_A-Eucl_AdaBN-T,4,0.34375,0.5745442708
Kalunga2016,EEGNetv4,NoPre_FM-Full_A-Eucl_AdaBN-T,5,0.296875,0.4928385417
Kalunga2016,EEGNetv4,NoPre_FM-Full_A-Eucl_AdaBN-T,7,0.1770833333,0.5007233796
Kalunga2016,EEGNetv4,NoPre_FM-Full_A-Eucl_AdaBN-T,8,0.25,0.5107421875
Kalunga2016,EEGNetv4,NoPre_FM-Full_A-Eucl_AdaBN-T,12,0.2375,0.50546875
Kalunga2016,EEGNetv4,NoPre_FM-Full_A-None_AdaBN-F,1,0.1875,0.4780273437
Kalunga2016,EEGNetv4,NoPre_FM-Full_A-None_AdaBN-F,3,0.203125,0.4689127604
Kalunga2016,EEGNetv4,NoPre_FM-Full_A-None_AdaBN-F,6,0.265625,0.4957682292
Kalunga2016,EEGNetv4,NoPre_FM-Full_A-None_AdaBN-F,9,0.234375,0.4856770833
Kalunga2016,EEGNetv4,NoPre_FM-Full_A-None_AdaBN-F,10,0.3046875,0.5688476562
Kalunga2016,EEGNetv4,NoPre_FM-Full_A-None_AdaBN-F,11,0.140625,0.4620768229
Kalunga2016,EEGNetv4,NoPre_FM-Full_A-None_AdaBN-F,2,0.25,0.4944661458
Kalunga2016,EEGNetv4,NoPre_FM-Full_A-None_AdaBN-F,4,0.296875,0.5392252604
Kalunga2016,EEGNetv4,NoPre_FM-Full_A-None_AdaBN-F,5,0.1875,0.3989257812
Kalunga2016,EEGNetv4,NoPre_FM-Full_A-None_AdaBN-F,7,0.25,0.4954427083
Kalunga2016,EEGNetv4,NoPre_FM-Full_A-None_AdaBN-F,8,0.28125,0.5076497396
Kalunga2016,EEGNetv4,NoPre_FM-Full_A-None_AdaBN-F,12,0.225,0.482265625
Lee2019_MI,EEGNetv4,FM-Dec_A-Eucl_AdaBN-F,4,0.68,0.7378
Lee2019_MI,EEGNetv4,FM-Dec_A-Eucl_AdaBN-F,5,0.77,0.83925
Lee2019_MI,EEGNetv4,FM-Dec_A-Eucl_AdaBN-F,6,0.825,0.9139
Lee2019_MI,EEGNetv4,FM-Dec_A-Eucl_AdaBN-F,7,0.805,0.886
Lee2019_MI,EEGNetv4,FM-Dec_A-Eucl_AdaBN-F,9,0.74,0.8313
Lee2019_MI,EEGNetv4,FM-Dec_A-Eucl_AdaBN-F,10,0.715,0.7678
Lee2019_MI,EEGNetv4,FM-Dec_A-Eucl_AdaBN-F,13,0.71,0.7944
Lee2019_MI,EEGNetv4,FM-Dec_A-Eucl_AdaBN-F,14,0.62,0.6314
Lee2019_MI,EEGNetv4,FM-Dec_A-Eucl_AdaBN-F,16,0.78,0.8716
Lee2019_MI,EEGNetv4,FM-Dec_A-Eucl_AdaBN-F,17,0.67,0.7575
Lee2019_MI,EEGNetv4,FM-Dec_A-Eucl_AdaBN-F,18,0.88,0.92745
Lee2019_MI,EEGNetv4,FM-Dec_A-Eucl_AdaBN-F,20,0.82,0.8969
Lee2019_MI,EEGNetv4,FM-Dec_A-Eucl_AdaBN-F,25,0.855,0.9018
Lee2019_MI,EEGNetv4,FM-Dec_A-Eucl_AdaBN-F,26,0.8,0.8934
Lee2019_MI,EEGNetv4,FM-Dec_A-Eucl_AdaBN-F,27,0.915,0.9581
Lee2019_MI,EEGNetv4,FM-Dec_A-Eucl_AdaBN-F,31,0.855,0.9252
Lee2019_MI,EEGNetv4,FM-Dec_A-Eucl_AdaBN-F,33,0.925,0.9785
Lee2019_MI,EEGNetv4,FM-Dec_A-Eucl_AdaBN-F,34,0.685,0.7492
Lee2019_MI,EEGNetv4,FM-Dec_A-Eucl_AdaBN-F,35,0.87,0.9575
Lee2019_MI,EEGNetv4,FM-Dec_A-Eucl_AdaBN-F,37,0.835,0.9436
Lee2019_MI,EEGNetv4,FM-Dec_A-Eucl_AdaBN-F,38,0.77,0.84315
Lee2019_MI,EEGNetv4,FM-Dec_A-Eucl_AdaBN-F,45,0.905,0.9684
Lee2019_MI,EEGNetv4,FM-Dec_A-Eucl_AdaBN-F,46,0.67,0.7308
Lee2019_MI,EEGNetv4,FM-Dec_A-Eucl_AdaBN-F,49,0.79,0.8689
Lee2019_MI,EEGNetv4,FM-Dec_A-Eucl_AdaBN-F,50,0.63,0.6924
Lee2019_MI,EEGNetv4,FM-Dec_A-Eucl_AdaBN-F,51,0.75,0.8284
Lee2019_MI,EEGNetv4,FM-Dec_A-Eucl_AdaBN-F,53,0.7,0.7919
Lee2019_MI,EEGNetv4,FM-Dec_A-Eucl_AdaBN-F,1,0.7,0.8002
Lee2019_MI,EEGNetv4,FM-Dec_A-Eucl_AdaBN-F,2,0.715,0.8209
Lee2019_MI,EEGNetv4,FM-Dec_A-Eucl_AdaBN-F,3,0.89,0.9543
Lee2019_MI,EEGNetv4,FM-Dec_A-Eucl_AdaBN-F,8,0.715,0.8045
Lee2019_MI,EEGNetv4,FM-Dec_A-Eucl_AdaBN-F,11,0.615,0.7174
Lee2019_MI,EEGNetv4,FM-Dec_A-Eucl_AdaBN-F,12,0.71,0.7755
Lee2019_MI,EEGNetv4,FM-Dec_A-Eucl_AdaBN-F,15,0.79,0.8779
Lee2019_MI,EEGNetv4,FM-Dec_A-Eucl_AdaBN-F,19,0.775,0.8617
Lee2019_MI,EEGNetv4,FM-Dec_A-Eucl_AdaBN-F,21,0.905,0.9685
Lee2019_MI,EEGNetv4,FM-Dec_A-Eucl_AdaBN-F,22,0.735,0.8215
Lee2019_MI,EEGNetv4,FM-Dec_A-Eucl_AdaBN-F,23,0.73,0.7831
Lee2019_MI,EEGNetv4,FM-Dec_A-Eucl_AdaBN-F,24,0.735,0.8234
Lee2019_MI,EEGNetv4,FM-Dec_A-Eucl_AdaBN-F,28,0.89,0.9493
Lee2019_MI,EEGNetv4,FM-Dec_A-Eucl_AdaBN-F,29,0.745,0.8184
Lee2019_MI,EEGNetv4,FM-Dec_A-Eucl_AdaBN-F,30,0.785,0.854
Lee2019_MI,EEGNetv4,FM-Dec_A-Eucl_AdaBN-F,32,0.875,0.9446
Lee2019_MI,EEGNetv4,FM-Dec_A-Eucl_AdaBN-F,36,0.92,0.9766
Lee2019_MI,EEGNetv4,FM-Dec_A-Eucl_AdaBN-F,39,0.725,0.8129
Lee2019_MI,EEGNetv4,FM-Dec_A-Eucl_AdaBN-F,40,0.79,0.9033
Lee2019_MI,EEGNetv4,FM-Dec_A-Eucl_AdaBN-F,41,0.795,0.8552
Lee2019_MI,EEGNetv4,FM-Dec_A-Eucl_AdaBN-F,42,0.635,0.7433
Lee2019_MI,EEGNetv4,FM-Dec_A-Eucl_AdaBN-F,43,0.79,0.883
Lee2019_MI,EEGNetv4,FM-Dec_A-Eucl_AdaBN-F,44,0.815,0.8915
Lee2019_MI,EEGNetv4,FM-Dec_A-Eucl_AdaBN-F,47,0.755,0.8392
Lee2019_MI,EEGNetv4,FM-Dec_A-Eucl_AdaBN-F,48,0.69,0.7434
Lee2019_MI,EEGNetv4,FM-Dec_A-Eucl_AdaBN-F,52,0.79,0.8598
Lee2019_MI,EEGNetv4,FM-Dec_A-Eucl_AdaBN-F,54,0.705,0.7838
Lee2019_MI,EEGNetv4,FM-Dec_A-Eucl_AdaBN-T,4,0.68,0.7413
Lee2019_MI,EEGNetv4,FM-Dec_A-Eucl_AdaBN-T,5,0.76,0.83835
Lee2019_MI,EEGNetv4,FM-Dec_A-Eucl_AdaBN-T,6,0.835,0.9102
Lee2019_MI,EEGNetv4,FM-Dec_A-Eucl_AdaBN-T,7,0.795,0.8827
Lee2019_MI,EEGNetv4,FM-Dec_A-Eucl_AdaBN-T,9,0.76,0.83975
Lee2019_MI,EEGNetv4,FM-Dec_A-Eucl_AdaBN-T,10,0.715,0.7674
Lee2019_MI,EEGNetv4,FM-Dec_A-Eucl_AdaBN-T,13,0.74,0.8139
Lee2019_MI,EEGNetv4,FM-Dec_A-Eucl_AdaBN-T,14,0.63,0.6408
Lee2019_MI,EEGNetv4,FM-Dec_A-Eucl_AdaBN-T,16,0.785,0.8747
Lee2019_MI,EEGNetv4,FM-Dec_A-Eucl_AdaBN-T,17,0.68,0.7457
Lee2019_MI,EEGNetv4,FM-Dec_A-Eucl_AdaBN-T,18,0.875,0.9351
Lee2019_MI,EEGNetv4,FM-Dec_A-Eucl_AdaBN-T,20,0.815,0.9018
Lee2019_MI,EEGNetv4,FM-Dec_A-Eucl_AdaBN-T,25,0.845,0.9006
Lee2019_MI,EEGNetv4,FM-Dec_A-Eucl_AdaBN-T,26,0.805,0.8959
Lee2019_MI,EEGNetv4,FM-Dec_A-Eucl_AdaBN-T,27,0.895,0.957
Lee2019_MI,EEGNetv4,FM-Dec_A-Eucl_AdaBN-T,31,0.87,0.9254
Lee2019_MI,EEGNetv4,FM-Dec_A-Eucl_AdaBN-T,33,0.925,0.9809
Lee2019_MI,EEGNetv4,FM-Dec_A-Eucl_AdaBN-T,34,0.7,0.7411
Lee2019_MI,EEGNetv4,FM-Dec_A-Eucl_AdaBN-T,35,0.88,0.9545
Lee2019_MI,EEGNetv4,FM-Dec_A-Eucl_AdaBN-T,37,0.845,0.9347
Lee2019_MI,EEGNetv4,FM-Dec_A-Eucl_AdaBN-T,38,0.78,0.8428
Lee2019_MI,EEGNetv4,FM-Dec_A-Eucl_AdaBN-T,45,0.905,0.966
Lee2019_MI,EEGNetv4,FM-Dec_A-Eucl_AdaBN-T,46,0.67,0.72945
Lee2019_MI,EEGNetv4,FM-Dec_A-Eucl_AdaBN-T,49,0.765,0.8682
Lee2019_MI,EEGNetv4,FM-Dec_A-Eucl_AdaBN-T,50,0.635,0.6841
Lee2019_MI,EEGNetv4,FM-Dec_A-Eucl_AdaBN-T,51,0.755,0.827
Lee2019_MI,EEGNetv4,FM-Dec_A-Eucl_AdaBN-T,53,0.69,0.79
Lee2019_MI,EEGNetv4,FM-Dec_A-Eucl_AdaBN-T,1,0.71,0.8047
Lee2019_MI,EEGNetv4,FM-Dec_A-Eucl_AdaBN-T,2,0.74,0.8129
Lee2019_MI,EEGNetv4,FM-Dec_A-Eucl_AdaBN-T,3,0.885,0.95
Lee2019_MI,EEGNetv4,FM-Dec_A-Eucl_AdaBN-T,8,0.75,0.8136
Lee2019_MI,EEGNetv4,FM-Dec_A-Eucl_AdaBN-T,11,0.64,0.7173
Lee2019_MI,EEGNetv4,FM-Dec_A-Eucl_AdaBN-T,12,0.715,0.77775
Lee2019_MI,EEGNetv4,FM-Dec_A-Eucl_AdaBN-T,15,0.785,0.879
Lee2019_MI,EEGNetv4,FM-Dec_A-Eucl_AdaBN-T,19,0.785,0.8716
Lee2019_MI,EEGNetv4,FM-Dec_A-Eucl_AdaBN-T,21,0.92,0.9733
Lee2019_MI,EEGNetv4,FM-Dec_A-Eucl_AdaBN-T,22,0.73,0.8172
Lee2019_MI,EEGNetv4,FM-Dec_A-Eucl_AdaBN-T,23,0.74,0.7804
Lee2019_MI,EEGNetv4,FM-Dec_A-Eucl_AdaBN-T,24,0.73,0.8179
Lee2019_MI,EEGNetv4,FM-Dec_A-Eucl_AdaBN-T,28,0.88,0.9527
Lee2019_MI,EEGNetv4,FM-Dec_A-Eucl_AdaBN-T,29,0.765,0.8201
Lee2019_MI,EEGNetv4,FM-Dec_A-Eucl_AdaBN-T,30,0.79,0.8495
Lee2019_MI,EEGNetv4,FM-Dec_A-Eucl_AdaBN-T,32,0.88,0.95075
Lee2019_MI,EEGNetv4,FM-Dec_A-Eucl_AdaBN-T,36,0.93,0.9776
Lee2019_MI,EEGNetv4,FM-Dec_A-Eucl_AdaBN-T,39,0.715,0.8122
Lee2019_MI,EEGNetv4,FM-Dec_A-Eucl_AdaBN-T,40,0.785,0.8973
Lee2019_MI,EEGNetv4,FM-Dec_A-Eucl_AdaBN-T,41,0.79,0.8509
Lee2019_MI,EEGNetv4,FM-Dec_A-Eucl_AdaBN-T,42,0.635,0.7422
Lee2019_MI,EEGNetv4,FM-Dec_A-Eucl_AdaBN-T,43,0.805,0.8919
Lee2019_MI,EEGNetv4,FM-Dec_A-Eucl_AdaBN-T,44,0.81,0.8896
Lee2019_MI,EEGNetv4,FM-Dec_A-Eucl_AdaBN-T,47,0.785,0.85305
Lee2019_MI,EEGNetv4,FM-Dec_A-Eucl_AdaBN-T,48,0.705,0.73975
Lee2019_MI,EEGNetv4,FM-Dec_A-Eucl_AdaBN-T,52,0.775,0.8632
Lee2019_MI,EEGNetv4,FM-Dec_A-Eucl_AdaBN-T,54,0.725,0.7866
Lee2019_MI,EEGNetv4,FM-Dec_A-None_AdaBN-F,4,0.685,0.7181
Lee2019_MI,EEGNetv4,FM-Dec_A-None_AdaBN-F,5,0.785,0.853
Lee2019_MI,EEGNetv4,FM-Dec_A-None_AdaBN-F,6,0.855,0.937
Lee2019_MI,EEGNetv4,FM-Dec_A-None_AdaBN-F,7,0.675,0.7428
Lee2019_MI,EEGNetv4,FM-Dec_A-None_AdaBN-F,9,0.78,0.8552
Lee2019_MI,EEGNetv4,FM-Dec_A-None_AdaBN-F,10,0.705,0.7992
Lee2019_MI,EEGNetv4,FM-Dec_A-None_AdaBN-F,13,0.68,0.76415
Lee2019_MI,EEGNetv4,FM-Dec_A-None_AdaBN-F,14,0.66,0.7331
Lee2019_MI,EEGNetv4,FM-Dec_A-None_AdaBN-F,16,0.745,0.827
Lee2019_MI,EEGNetv4,FM-Dec_A-None_AdaBN-F,17,0.66,0.6877
Lee2019_MI,EEGNetv4,FM-Dec_A-None_AdaBN-F,18,0.895,0.9554
Lee2019_MI,EEGNetv4,FM-Dec_A-None_AdaBN-F,20,0.875,0.9313
Lee2019_MI,EEGNetv4,FM-Dec_A-None_AdaBN-F,25,0.905,0.9642
Lee2019_MI,EEGNetv4,FM-Dec_A-None_AdaBN-F,26,0.795,0.8612
Lee2019_MI,EEGNetv4,FM-Dec_A-None_AdaBN-F,27,0.88,0.9495
Lee2019_MI,EEGNetv4,FM-Dec_A-None_AdaBN-F,31,0.83,0.9273
Lee2019_MI,EEGNetv4,FM-Dec_A-None_AdaBN-F,33,0.93,0.9805
Lee2019_MI,EEGNetv4,FM-Dec_A-None_AdaBN-F,34,0.64,0.6915
Lee2019_MI,EEGNetv4,FM-Dec_A-None_AdaBN-F,35,0.895,0.9701
Lee2019_MI,EEGNetv4,FM-Dec_A-None_AdaBN-F,37,0.88,0.9492
Lee2019_MI,EEGNetv4,FM-Dec_A-None_AdaBN-F,38,0.74,0.8366
Lee2019_MI,EEGNetv4,FM-Dec_A-None_AdaBN-F,45,0.865,0.9386
Lee2019_MI,EEGNetv4,FM-Dec_A-None_AdaBN-F,46,0.65,0.7196
Lee2019_MI,EEGNetv4,FM-Dec_A-None_AdaBN-F,49,0.83,0.9349
Lee2019_MI,EEGNetv4,FM-Dec_A-None_AdaBN-F,50,0.55,0.6094
Lee2019_MI,EEGNetv4,FM-Dec_A-None_AdaBN-F,51,0.705,0.7783
Lee2019_MI,EEGNetv4,FM-Dec_A-None_AdaBN-F,53,0.78,0.8456
Lee2019_MI,EEGNetv4,FM-Dec_A-None_AdaBN-F,1,0.685,0.7733
Lee2019_MI,EEGNetv4,FM-Dec_A-None_AdaBN-F,2,0.735,0.8216
Lee2019_MI,EEGNetv4,FM-Dec_A-None_AdaBN-F,3,0.81,0.8687
Lee2019_MI,EEGNetv4,FM-Dec_A-None_AdaBN-F,8,0.725,0.8167
Lee2019_MI,EEGNetv4,FM-Dec_A-None_AdaBN-F,11,0.645,0.7551
Lee2019_MI,EEGNetv4,FM-Dec_A-None_AdaBN-F,12,0.78,0.8431
Lee2019_MI,EEGNetv4,FM-Dec_A-None_AdaBN-F,15,0.785,0.883
Lee2019_MI,EEGNetv4,FM-Dec_A-None_AdaBN-F,19,0.8,0.8953
Lee2019_MI,EEGNetv4,FM-Dec_A-None_AdaBN-F,21,0.965,0.9918
Lee2019_MI,EEGNetv4,FM-Dec_A-None_AdaBN-F,22,0.7,0.7543
Lee2019_MI,EEGNetv4,FM-Dec_A-None_AdaBN-F,23,0.75,0.8172
Lee2019_MI,EEGNetv4,FM-Dec_A-None_AdaBN-F,24,0.73,0.849
Lee2019_MI,EEGNetv4,FM-Dec_A-None_AdaBN-F,28,0.86,0.9618
Lee2019_MI,EEGNetv4,FM-Dec_A-None_AdaBN-F,29,0.75,0.8258
Lee2019_MI,EEGNetv4,FM-Dec_A-None_AdaBN-F,30,0.775,0.8283
Lee2019_MI,EEGNetv4,FM-Dec_A-None_AdaBN-F,32,0.875,0.9495
Lee2019_MI,EEGNetv4,FM-Dec_A-None_AdaBN-F,36,0.97,0.9983
Lee2019_MI,EEGNetv4,FM-Dec_A-None_AdaBN-F,39,0.77,0.8426
Lee2019_MI,EEGNetv4,FM-Dec_A-None_AdaBN-F,40,0.81,0.8793
Lee2019_MI,EEGNetv4,FM-Dec_A-None_AdaBN-F,41,0.73,0.8128
Lee2019_MI,EEGNetv4,FM-Dec_A-None_AdaBN-F,42,0.72,0.7779
Lee2019_MI,EEGNetv4,FM-Dec_A-None_AdaBN-F,43,0.815,0.8986
Lee2019_MI,EEGNetv4,FM-Dec_A-None_AdaBN-F,44,0.79,0.8706
Lee2019_MI,EEGNetv4,FM-Dec_A-None_AdaBN-F,47,0.835,0.9101
Lee2019_MI,EEGNetv4,FM-Dec_A-None_AdaBN-F,48,0.69,0.7317
Lee2019_MI,EEGNetv4,FM-Dec_A-None_AdaBN-F,52,0.83,0.9001
Lee2019_MI,EEGNetv4,FM-Dec_A-None_AdaBN-F,54,0.67,0.7697
Lee2019_MI,EEGNetv4,FM-Dec_A-Riem_AdaBN-T,4,0.69,0.7706
Lee2019_MI,EEGNetv4,FM-Dec_A-Riem_AdaBN-T,5,0.77,0.83565
Lee2019_MI,EEGNetv4,FM-Dec_A-Riem_AdaBN-T,6,0.81,0.8945
Lee2019_MI,EEGNetv4,FM-Dec_A-Riem_AdaBN-T,7,0.815,0.8925
Lee2019_MI,EEGNetv4,FM-Dec_A-Riem_AdaBN-T,9,0.775,0.8552
Lee2019_MI,EEGNetv4,FM-Dec_A-Riem_AdaBN-T,10,0.7,0.7569
Lee2019_MI,EEGNetv4,FM-Dec_A-Riem_AdaBN-T,13,0.7,0.7807
Lee2019_MI,EEGNetv4,FM-Dec_A-Riem_AdaBN-T,14,0.61,0.66
Lee2019_MI,EEGNetv4,FM-Dec_A-Riem_AdaBN-T,16,0.78,0.8819
Lee2019_MI,EEGNetv4,FM-Dec_A-Riem_AdaBN-T,17,0.655,0.76615
Lee2019_MI,EEGNetv4,FM-Dec_A-Riem_AdaBN-T,18,0.86,0.9501
Lee2019_MI,EEGNetv4,FM-Dec_A-Riem_AdaBN-T,20,0.78,0.8912
Lee2019_MI,EEGNetv4,FM-Dec_A-Riem_AdaBN-T,25,0.81,0.9
Lee2019_MI,EEGNetv4,FM-Dec_A-Riem_AdaBN-T,26,0.83,0.8974
Lee2019_MI,EEGNetv4,FM-Dec_A-Riem_AdaBN-T,27,0.85,0.9251
Lee2019_MI,EEGNetv4,FM-Dec_A-Riem_AdaBN-T,31,0.86,0.9337
Lee2019_MI,EEGNetv4,FM-Dec_A-Riem_AdaBN-T,33,0.91,0.9775
Lee2019_MI,EEGNetv4,FM-Dec_A-Riem_AdaBN-T,34,0.725,0.7855
Lee2019_MI,EEGNetv4,FM-Dec_A-Riem_AdaBN-T,35,0.865,0.9309
Lee2019_MI,EEGNetv4,FM-Dec_A-Riem_AdaBN-T,37,0.85,0.9346
Lee2019_MI,EEGNetv4,FM-Dec_A-Riem_AdaBN-T,38,0.76,0.8319
Lee2019_MI,EEGNetv4,FM-Dec_A-Riem_AdaBN-T,45,0.89,0.9706
Lee2019_MI,EEGNetv4,FM-Dec_A-Riem_AdaBN-T,46,0.625,0.6946
Lee2019_MI,EEGNetv4,FM-Dec_A-Riem_AdaBN-T,49,0.8,0.873
Lee2019_MI,EEGNetv4,FM-Dec_A-Riem_AdaBN-T,50,0.635,0.6903
Lee2019_MI,EEGNetv4,FM-Dec_A-Riem_AdaBN-T,51,0.73,0.82615
Lee2019_MI,EEGNetv4,FM-Dec_A-Riem_AdaBN-T,53,0.78,0.8511
Lee2019_MI,EEGNetv4,FM-Dec_A-Riem_AdaBN-T,1,0.755,0.8254
Lee2019_MI,EEGNetv4,FM-Dec_A-Riem_AdaBN-T,2,0.76,0.8313
Lee2019_MI,EEGNetv4,FM-Dec_A-Riem_AdaBN-T,3,0.9,0.959
Lee2019_MI,EEGNetv4,FM-Dec_A-Riem_AdaBN-T,8,0.7,0.8071
Lee2019_MI,EEGNetv4,FM-Dec_A-Riem_AdaBN-T,11,0.66,0.7212
Lee2019_MI,EEGNetv4,FM-Dec_A-Riem_AdaBN-T,12,0.72,0.795
Lee2019_MI,EEGNetv4,FM-Dec_A-Riem_AdaBN-T,15,0.83,0.9121
Lee2019_MI,EEGNetv4,FM-Dec_A-Riem_AdaBN-T,19,0.82,0.9098
Lee2019_MI,EEGNetv4,FM-Dec_A-Riem_AdaBN-T,21,0.915,0.975
Lee2019_MI,EEGNetv4,FM-Dec_A-Riem_AdaBN-T,22,0.73,0.7812
Lee2019_MI,EEGNetv4,FM-Dec_A-Riem_AdaBN-T,23,0.68,0.7776
Lee2019_MI,EEGNetv4,FM-Dec_A-Riem_AdaBN-T,24,0.795,0.8498
Lee2019_MI,EEGNetv4,FM-Dec_A-Riem_AdaBN-T,28,0.895,0.9497
Lee2019_MI,EEGNetv4,FM-Dec_A-Riem_AdaBN-T,29,0.72,0.7771
Lee2019_MI,EEGNetv4,FM-Dec_A-Riem_AdaBN-T,30,0.795,0.8607
Lee2019_MI,EEGNetv4,FM-Dec_A-Riem_AdaBN-T,32,0.88,0.9467
Lee2019_MI,EEGNetv4,FM-Dec_A-Riem_AdaBN-T,36,0.935,0.97
Lee2019_MI,EEGNetv4,FM-Dec_A-Riem_AdaBN-T,39,0.775,0.8347
Lee2019_MI,EEGNetv4,FM-Dec_A-Riem_AdaBN-T,40,0.81,0.90345
Lee2019_MI,EEGNetv4,FM-Dec_A-Riem_AdaBN-T,41,0.82,0.8852
Lee2019_MI,EEGNetv4,FM-Dec_A-Riem_AdaBN-T,42,0.685,0.7796
Lee2019_MI,EEGNetv4,FM-Dec_A-Riem_AdaBN-T,43,0.81,0.8915
Lee2019_MI,EEGNetv4,FM-Dec_A-Riem_AdaBN-T,44,0.805,0.8788
Lee2019_MI,EEGNetv4,FM-Dec_A-Riem_AdaBN-T,47,0.795,0.8632
Lee2019_MI,EEGNetv4,FM-Dec_A-Riem_AdaBN-T,48,0.685,0.7378
Lee2019_MI,EEGNetv4,FM-Dec_A-Riem_AdaBN-T,52,0.775,0.8816
Lee2019_MI,EEGNetv4,FM-Dec_A-Riem_AdaBN-T,54,0.655,0.7396
Lee2019_MI,EEGNetv4,FM-Full_A-Eucl_AdaBN-F,4,0.705,0.7694
Lee2019_MI,EEGNetv4,FM-Full_A-Eucl_AdaBN-F,5,0.795,0.8786
Lee2019_MI,EEGNetv4,FM-Full_A-Eucl_AdaBN-F,6,0.855,0.9305
Lee2019_MI,EEGNetv4,FM-Full_A-Eucl_AdaBN-F,7,0.825,0.9038
Lee2019_MI,EEGNetv4,FM-Full_A-Eucl_AdaBN-F,9,0.765,0.8622
Lee2019_MI,EEGNetv4,FM-Full_A-Eucl_AdaBN-F,10,0.76,0.7945
Lee2019_MI,EEGNetv4,FM-Full_A-Eucl_AdaBN-F,13,0.72,0.8036
Lee2019_MI,EEGNetv4,FM-Full_A-Eucl_AdaBN-F,14,0.595,0.6401
Lee2019_MI,EEGNetv4,FM-Full_A-Eucl_AdaBN-F,16,0.79,0.878
Lee2019_MI,EEGNetv4,FM-Full_A-Eucl_AdaBN-F,17,0.69,0.77365
Lee2019_MI,EEGNetv4,FM-Full_A-Eucl_AdaBN-F,18,0.905,0.948
Lee2019_MI,EEGNetv4,FM-Full_A-Eucl_AdaBN-F,20,0.82,0.9136
Lee2019_MI,EEGNetv4,FM-Full_A-Eucl_AdaBN-F,25,0.855,0.9162
Lee2019_MI,EEGNetv4,FM-Full_A-Eucl_AdaBN-F,26,0.825,0.9088
Lee2019_MI,EEGNetv4,FM-Full_A-Eucl_AdaBN-F,27,0.91,0.9661
Lee2019_MI,EEGNetv4,FM-Full_A-Eucl_AdaBN-F,31,0.86,0.9283
Lee2019_MI,EEGNetv4,FM-Full_A-Eucl_AdaBN-F,33,0.915,0.9868
Lee2019_MI,EEGNetv4,FM-Full_A-Eucl_AdaBN-F,34,0.725,0.7846
Lee2019_MI,EEGNetv4,FM-Full_A-Eucl_AdaBN-F,35,0.91,0.978
Lee2019_MI,EEGNetv4,FM-Full_A-Eucl_AdaBN-F,37,0.9,0.9711
Lee2019_MI,EEGNetv4,FM-Full_A-Eucl_AdaBN-F,38,0.815,0.88175
Lee2019_MI,EEGNetv4,FM-Full_A-Eucl_AdaBN-F,45,0.91,0.9733
Lee2019_MI,EEGNetv4,FM-Full_A-Eucl_AdaBN-F,46,0.685,0.7483
Lee2019_MI,EEGNetv4,FM-Full_A-Eucl_AdaBN-F,49,0.8,0.8903
Lee2019_MI,EEGNetv4,FM-Full_A-Eucl_AdaBN-F,50,0.635,0.6966
Lee2019_MI,EEGNetv4,FM-Full_A-Eucl_AdaBN-F,51,0.765,0.8348
Lee2019_MI,EEGNetv4,FM-Full_A-Eucl_AdaBN-F,53,0.725,0.8205
Lee2019_MI,EEGNetv4,FM-Full_A-Eucl_AdaBN-F,1,0.71,0.8175
Lee2019_MI,EEGNetv4,FM-Full_A-Eucl_AdaBN-F,2,0.755,0.8291
Lee2019_MI,EEGNetv4,FM-Full_A-Eucl_AdaBN-F,3,0.9,0.9682
Lee2019_MI,EEGNetv4,FM-Full_A-Eucl_AdaBN-F,8,0.765,0.8399
Lee2019_MI,EEGNetv4,FM-Full_A-Eucl_AdaBN-F,11,0.695,0.7696
Lee2019_MI,EEGNetv4,FM-Full_A-Eucl_AdaBN-F,12,0.705,0.7904
Lee2019_MI,EEGNetv4,FM-Full_A-Eucl_AdaBN-F,15,0.81,0.8933
Lee2019_MI,EEGNetv4,FM-Full_A-Eucl_AdaBN-F,19,0.785,0.87815
Lee2019_MI,EEGNetv4,FM-Full_A-Eucl_AdaBN-F,21,0.935,0.9846
Lee2019_MI,EEGNetv4,FM-Full_A-Eucl_AdaBN-F,22,0.78,0.8587
Lee2019_MI,EEGNetv4,FM-Full_A-Eucl_AdaBN-F,23,0.745,0.8053
Lee2019_MI,EEGNetv4,FM-Full_A-Eucl_AdaBN-F,24,0.775,0.8562
Lee2019_MI,EEGNetv4,FM-Full_A-Eucl_AdaBN-F,28,0.91,0.9679
Lee2019_MI,EEGNetv4,FM-Full_A-Eucl_AdaBN-F,29,0.775,0.8555
Lee2019_MI,EEGNetv4,FM-Full_A-Eucl_AdaBN-F,30,0.82,0.8753
Lee2019_MI,EEGNetv4,FM-Full_A-Eucl_AdaBN-F,32,0.885,0.9633
Lee2019_MI,EEGNetv4,FM-Full_A-Eucl_AdaBN-F,36,0.955,0.9853
Lee2019_MI,EEGNetv4,FM-Full_A-Eucl_AdaBN-F,39,0.77,0.8476
Lee2019_MI,EEGNetv4,FM-Full_A-Eucl_AdaBN-F,40,0.805,0.9166
Lee2019_MI,EEGNetv4,FM-Full_A-Eucl_AdaBN-F,41,0.785,0.8632
Lee2019_MI,EEGNetv4,FM-Full_A-Eucl_AdaBN-F,42,0.67,0.7587
Lee2019_MI,EEGNetv4,FM-Full_A-Eucl_AdaBN-F,43,0.805,0.8966
Lee2019_MI,EEGNetv4,FM-Full_A-Eucl_AdaBN-F,44,0.845,0.9282
Lee2019_MI,EEGNetv4,FM-Full_A-Eucl_AdaBN-F,47,0.8,0.8597
Lee2019_MI,EEGNetv4,FM-Full_A-Eucl_AdaBN-F,48,0.665,0.74525
Lee2019_MI,EEGNetv4,FM-Full_A-Eucl_AdaBN-F,52,0.81,0.89
Lee2019_MI,EEGNetv4,FM-Full_A-Eucl_AdaBN-F,54,0.73,0.7925
Lee2019_MI,EEGNetv4,FM-Full_A-Eucl_AdaBN-T,4,0.715,0.7774
Lee2019_MI,EEGNetv4,FM-Full_A-Eucl_AdaBN-T,5,0.78,0.8772
Lee2019_MI,EEGNetv4,FM-Full_A-Eucl_AdaBN-T,6,0.855,0.9265
Lee2019_MI,EEGNetv4,FM-Full_A-Eucl_AdaBN-T,7,0.805,0.9017
Lee2019_MI,EEGNetv4,FM-Full_A-Eucl_AdaBN-T,9,0.79,0.86945
Lee2019_MI,EEGNetv4,FM-Full_A-Eucl_AdaBN-T,10,0.75,0.7985
Lee2019_MI,EEGNetv4,FM-Full_A-Eucl_AdaBN-T,13,0.75,0.8186
Lee2019_MI,EEGNetv4,FM-Full_A-Eucl_AdaBN-T,14,0.605,0.6519
Lee2019_MI,EEGNetv4,FM-Full_A-Eucl_AdaBN-T,16,0.795,0.8778
Lee2019_MI,EEGNetv4,FM-Full_A-Eucl_AdaBN-T,17,0.7,0.7725
Lee2019_MI,EEGNetv4,FM-Full_A-Eucl_AdaBN-T,18,0.905,0.9589
Lee2019_MI,EEGNetv4,FM-Full_A-Eucl_AdaBN-T,20,0.835,0.9175
Lee2019_MI,EEGNetv4,FM-Full_A-Eucl_AdaBN-T,25,0.85,0.9137
Lee2019_MI,EEGNetv4,FM-Full_A-Eucl_AdaBN-T,26,0.83,0.9137
Lee2019_MI,EEGNetv4,FM-Full_A-Eucl_AdaBN-T,27,0.905,0.9664
Lee2019_MI,EEGNetv4,FM-Full_A-Eucl_AdaBN-T,31,0.86,0.9281
Lee2019_MI,EEGNetv4,FM-Full_A-Eucl_AdaBN-T,33,0.92,0.987
Lee2019_MI,EEGNetv4,FM-Full_A-Eucl_AdaBN-T,34,0.735,0.7787
Lee2019_MI,EEGNetv4,FM-Full_A-Eucl_AdaBN-T,35,0.925,0.9765
Lee2019_MI,EEGNetv4,FM-Full_A-Eucl_AdaBN-T,37,0.885,0.9623
Lee2019_MI,EEGNetv4,FM-Full_A-Eucl_AdaBN-T,38,0.8,0.88265
Lee2019_MI,EEGNetv4,FM-Full_A-Eucl_AdaBN-T,45,0.91,0.9707
Lee2019_MI,EEGNetv4,FM-Full_A-Eucl_AdaBN-T,46,0.68,0.7439
Lee2019_MI,EEGNetv4,FM-Full_A-Eucl_AdaBN-T,49,0.81,0.8929
Lee2019_MI,EEGNetv4,FM-Full_A-Eucl_AdaBN-T,50,0.655,0.6969
Lee2019_MI,EEGNetv4,FM-Full_A-Eucl_AdaBN-T,51,0.775,0.8352
Lee2019_MI,EEGNetv4,FM-Full_A-Eucl_AdaBN-T,53,0.725,0.8181
Lee2019_MI,EEGNetv4,FM-Full_A-Eucl_AdaBN-T,1,0.725,0.826
Lee2019_MI,EEGNetv4,FM-Full_A-Eucl_AdaBN-T,2,0.78,0.8245
Lee2019_MI,EEGNetv4,FM-Full_A-Eucl_AdaBN-T,3,0.895,0.9615
Lee2019_MI,EEGNetv4,FM-Full_A-Eucl_AdaBN-T,8,0.775,0.8517
Lee2019_MI,EEGNetv4,FM-Full_A-Eucl_AdaBN-T,11,0.705,0.76765
Lee2019_MI,EEGNetv4,FM-Full_A-Eucl_AdaBN-T,12,0.72,0.7895
Lee2019_MI,EEGNetv4,FM-Full_A-Eucl_AdaBN-T,15,0.8,0.8945
Lee2019_MI,EEGNetv4,FM-Full_A-Eucl_AdaBN-T,19,0.805,0.8877
Lee2019_MI,EEGNetv4,FM-Full_A-Eucl_AdaBN-T,21,0.945,0.9845
Lee2019_MI,EEGNetv4,FM-Full_A-Eucl_AdaBN-T,22,0.755,0.8514
Lee2019_MI,EEGNetv4,FM-Full_A-Eucl_AdaBN-T,23,0.72,0.8029
Lee2019_MI,EEGNetv4,FM-Full_A-Eucl_AdaBN-T,24,0.765,0.8531
Lee2019_MI,EEGNetv4,FM-Full_A-Eucl_AdaBN-T,28,0.91,0.9704
Lee2019_MI,EEGNetv4,FM-Full_A-Eucl_AdaBN-T,29,0.79,0.8604
Lee2019_MI,EEGNetv4,FM-Full_A-Eucl_AdaBN-T,30,0.805,0.8752
Lee2019_MI,EEGNetv4,FM-Full_A-Eucl_AdaBN-T,32,0.895,0.965
Lee2019_MI,EEGNetv4,FM-Full_A-Eucl_AdaBN-T,36,0.945,0.9848
Lee2019_MI,EEGNetv4,FM-Full_A-Eucl_AdaBN-T,39,0.755,0.8473
Lee2019_MI,EEGNetv4,FM-Full_A-Eucl_AdaBN-T,40,0.82,0.9115
Lee2019_MI,EEGNetv4,FM-Full_A-Eucl_AdaBN-T,41,0.785,0.8564
Lee2019_MI,EEGNetv4,FM-Full_A-Eucl_AdaBN-T,42,0.665,0.7554
Lee2019_MI,EEGNetv4,FM-Full_A-Eucl_AdaBN-T,43,0.825,0.9035
Lee2019_MI,EEGNetv4,FM-Full_A-Eucl_AdaBN-T,44,0.84,0.9245
Lee2019_MI,EEGNetv4,FM-Full_A-Eucl_AdaBN-T,47,0.805,0.8733
Lee2019_MI,EEGNetv4,FM-Full_A-Eucl_AdaBN-T,48,0.68,0.7489
Lee2019_MI,EEGNetv4,FM-Full_A-Eucl_AdaBN-T,52,0.805,0.895
Lee2019_MI,EEGNetv4,FM-Full_A-Eucl_AdaBN-T,54,0.705,0.7887
Lee2019_MI,EEGNetv4,FM-Full_A-None_AdaBN-F,4,0.695,0.7294
Lee2019_MI,EEGNetv4,FM-Full_A-None_AdaBN-F,5,0.82,0.8936
Lee2019_MI,EEGNetv4,FM-Full_A-None_AdaBN-F,6,0.86,0.9392
Lee2019_MI,EEGNetv4,FM-Full_A-None_AdaBN-F,7,0.725,0.7822
Lee2019_MI,EEGNetv4,FM-Full_A-None_AdaBN-F,9,0.81,0.858
Lee2019_MI,EEGNetv4,FM-Full_A-None_AdaBN-F,10,0.705,0.8116
Lee2019_MI,EEGNetv4,FM-Full_A-None_AdaBN-F,13,0.71,0.7708
Lee2019_MI,EEGNetv4,FM-Full_A-None_AdaBN-F,14,0.655,0.7306
Lee2019_MI,EEGNetv4,FM-Full_A-None_AdaBN-F,16,0.8,0.8719
Lee2019_MI,EEGNetv4,FM-Full_A-None_AdaBN-F,17,0.63,0.6731
Lee2019_MI,EEGNetv4,FM-Full_A-None_AdaBN-F,18,0.885,0.9546
Lee2019_MI,EEGNetv4,FM-Full_A-None_AdaBN-F,20,0.85,0.9266
Lee2019_MI,EEGNetv4,FM-Full_A-None_AdaBN-F,25,0.87,0.9648
Lee2019_MI,EEGNetv4,FM-Full_A-None_AdaBN-F,26,0.8,0.8782
Lee2019_MI,EEGNetv4,FM-Full_A-None_AdaBN-F,27,0.9,0.9416
Lee2019_MI,EEGNetv4,FM-Full_A-None_AdaBN-F,31,0.84,0.9245
Lee2019_MI,EEGNetv4,FM-Full_A-None_AdaBN-F,33,0.92,0.9855
Lee2019_MI,EEGNetv4,FM-Full_A-None_AdaBN-F,34,0.675,0.7387
Lee2019_MI,EEGNetv4,FM-Full_A-None_AdaBN-F,35,0.915,0.9804
Lee2019_MI,EEGNetv4,FM-Full_A-None_AdaBN-F,37,0.875,0.9642
Lee2019_MI,EEGNetv4,FM-Full_A-None_AdaBN-F,38,0.755,0.8456
Lee2019_MI,EEGNetv4,FM-Full_A-None_AdaBN-F,45,0.855,0.92255
Lee2019_MI,EEGNetv4,FM-Full_A-None_AdaBN-F,46,0.645,0.7056
Lee2019_MI,EEGNetv4,FM-Full_A-None_AdaBN-F,49,0.91,0.964
Lee2019_MI,EEGNetv4,FM-Full_A-None_AdaBN-F,50,0.555,0.6093
Lee2019_MI,EEGNetv4,FM-Full_A-None_AdaBN-F,51,0.74,0.7989
Lee2019_MI,EEGNetv4,FM-Full_A-None_AdaBN-F,53,0.795,0.8714
Lee2019_MI,EEGNetv4,FM-Full_A-None_AdaBN-F,1,0.7,0.7746
Lee2019_MI,EEGNetv4,FM-Full_A-None_AdaBN-F,2,0.775,0.8234
Lee2019_MI,EEGNetv4,FM-Full_A-None_AdaBN-F,3,0.84,0.9179
Lee2019_MI,EEGNetv4,FM-Full_A-None_AdaBN-F,8,0.76,0.8566
Lee2019_MI,EEGNetv4,FM-Full_A-None_AdaBN-F,11,0.7,0.7957
Lee2019_MI,EEGNetv4,FM-Full_A-None_AdaBN-F,12,0.76,0.8489
Lee2019_MI,EEGNetv4,FM-Full_A-None_AdaBN-F,15,0.825,0.8874
Lee2019_MI,EEGNetv4,FM-Full_A-None_AdaBN-F,19,0.79,0.8928
Lee2019_MI,EEGNetv4,FM-Full_A-None_AdaBN-F,21,0.965,0.9936
Lee2019_MI,EEGNetv4,FM-Full_A-None_AdaBN-F,22,0.685,0.7402
Lee2019_MI,EEGNetv4,FM-Full_A-None_AdaBN-F,23,0.755,0.8432
Lee2019_MI,EEGNetv4,FM-Full_A-None_AdaBN-F,24,0.765,0.8598
Lee2019_MI,EEGNetv4,FM-Full_A-None_AdaBN-F,28,0.88,0.9667
Lee2019_MI,EEGNetv4,FM-Full_A-None_AdaBN-F,29,0.8,0.8651
Lee2019_MI,EEGNetv4,FM-Full_A-None_AdaBN-F,30,0.745,0.8335
Lee2019_MI,EEGNetv4,FM-Full_A-None_AdaBN-F,32,0.91,0.968
Lee2019_MI,EEGNetv4,FM-Full_A-None_AdaBN-F,36,0.975,0.9973
Lee2019_MI,EEGNetv4,FM-Full_A-None_AdaBN-F,39,0.79,0.83925
Lee2019_MI,EEGNetv4,FM-Full_A-None_AdaBN-F,40,0.78,0.8775
Lee2019_MI,EEGNetv4,FM-Full_A-None_AdaBN-F,41,0.76,0.8387
Lee2019_MI,EEGNetv4,FM-Full_A-None_AdaBN-F,42,0.71,0.7798
Lee2019_MI,EEGNetv4,FM-Full_A-None_AdaBN-F,43,0.8,0.8947
Lee2019_MI,EEGNetv4,FM-Full_A-None_AdaBN-F,44,0.81,0.8867
Lee2019_MI,EEGNetv4,FM-Full_A-None_AdaBN-F,47,0.785,0.8832
Lee2019_MI,EEGNetv4,FM-Full_A-None_AdaBN-F,48,0.685,0.7606
Lee2019_MI,EEGNetv4,FM-Full_A-None_AdaBN-F,52,0.85,0.9352
Lee2019_MI,EEGNetv4,FM-Full_A-None_AdaBN-F,54,0.65,0.7554
Lee2019_MI,EEGNetv4,FM-Full_A-Riem_AdaBN-F,4,0.735,0.7948
Lee2019_MI,EEGNetv4,FM-Full_A-Riem_AdaBN-F,5,0.8,0.8751
Lee2019_MI,EEGNetv4,FM-Full_A-Riem_AdaBN-F,6,0.85,0.9218
Lee2019_MI,EEGNetv4,FM-Full_A-Riem_AdaBN-F,7,0.83,0.9126
Lee2019_MI,EEGNetv4,FM-Full_A-Riem_AdaBN-F,9,0.79,0.8801
Lee2019_MI,EEGNetv4,FM-Full_A-Riem_AdaBN-F,10,0.695,0.7723
Lee2019_MI,EEGNetv4,FM-Full_A-Riem_AdaBN-F,13,0.725,0.7927
Lee2019_MI,EEGNetv4,FM-Full_A-Riem_AdaBN-F,14,0.625,0.6641
Lee2019_MI,EEGNetv4,FM-Full_A-Riem_AdaBN-F,16,0.815,0.894
Lee2019_MI,EEGNetv4,FM-Full_A-Riem_AdaBN-F,17,0.695,0.7807
Lee2019_MI,EEGNetv4,FM-Full_A-Riem_AdaBN-F,18,0.89,0.9568
Lee2019_MI,EEGNetv4,FM-Full_A-Riem_AdaBN-F,20,0.8,0.8939
Lee2019_MI,EEGNetv4,FM-Full_A-Riem_AdaBN-F,25,0.825,0.923
Lee2019_MI,EEGNetv4,FM-Full_A-Riem_AdaBN-F,26,0.82,0.9145
Lee2019_MI,EEGNetv4,FM-Full_A-Riem_AdaBN-F,27,0.87,0.9458
Lee2019_MI,EEGNetv4,FM-Full_A-Riem_AdaBN-F,31,0.865,0.9367
Lee2019_MI,EEGNetv4,FM-Full_A-Riem_AdaBN-F,33,0.92,0.985
Lee2019_MI,EEGNetv4,FM-Full_A-Riem_AdaBN-F,34,0.725,0.8065
Lee2019_MI,EEGNetv4,FM-Full_A-Riem_AdaBN-F,35,0.91,0.97
Lee2019_MI,EEGNetv4,FM-Full_A-Riem_AdaBN-F,37,0.89,0.9645
Lee2019_MI,EEGNetv4,FM-Full_A-Riem_AdaBN-F,38,0.8,0.8625
Lee2019_MI,EEGNetv4,FM-Full_A-Riem_AdaBN-F,45,0.91,0.9744
Lee2019_MI,EEGNetv4,FM-Full_A-Riem_AdaBN-F,46,0.66,0.7202
Lee2019_MI,EEGNetv4,FM-Full_A-Riem_AdaBN-F,49,0.82,0.9028
Lee2019_MI,EEGNetv4,FM-Full_A-Riem_AdaBN-F,50,0.685,0.7312
Lee2019_MI,EEGNetv4,FM-Full_A-Riem_AdaBN-F,51,0.735,0.8239
Lee2019_MI,EEGNetv4,FM-Full_A-Riem_AdaBN-F,53,0.8,0.86705
Lee2019_MI,EEGNetv4,FM-Full_A-Riem_AdaBN-F,1,0.77,0.8314
Lee2019_MI,EEGNetv4,FM-Full_A-Riem_AdaBN-F,2,0.77,0.8457
Lee2019_MI,EEGNetv4,FM-Full_A-Riem_AdaBN-F,3,0.905,0.9687
Lee2019_MI,EEGNetv4,FM-Full_A-Riem_AdaBN-F,8,0.75,0.8257
Lee2019_MI,EEGNetv4,FM-Full_A-Riem_AdaBN-F,11,0.725,0.7813
Lee2019_MI,EEGNetv4,FM-Full_A-Riem_AdaBN-F,12,0.735,0.81595
Lee2019_MI,EEGNetv4,FM-Full_A-Riem_AdaBN-F,15,0.85,0.9113
Lee2019_MI,EEGNetv4,FM-Full_A-Riem_AdaBN-F,19,0.845,0.9237
Lee2019_MI,EEGNetv4,FM-Full_A-Riem_AdaBN-F,21,0.935,0.9852
Lee2019_MI,EEGNetv4,FM-Full_A-Riem_AdaBN-F,22,0.74,0.8144
Lee2019_MI,EEGNetv4,FM-Full_A-Riem_AdaBN-F,23,0.725,0.8083
Lee2019_MI,EEGNetv4,FM-Full_A-Riem_AdaBN-F,24,0.795,0.8799
Lee2019_MI,EEGNetv4,FM-Full_A-Riem_AdaBN-F,28,0.915,0.9656
Lee2019_MI,EEGNetv4,FM-Full_A-Riem_AdaBN-F,29,0.75,0.8276
Lee2019_MI,EEGNetv4,FM-Full_A-Riem_AdaBN-F,30,0.785,0.8863
Lee2019_MI,EEGNetv4,FM-Full_A-Riem_AdaBN-F,32,0.9,0.9621
Lee2019_MI,EEGNetv4,FM-Full_A-Riem_AdaBN-F,36,0.945,0.9751
Lee2019_MI,EEGNetv4,FM-Full_A-Riem_AdaBN-F,39,0.795,0.865
Lee2019_MI,EEGNetv4,FM-Full_A-Riem_AdaBN-F,40,0.81,0.9237
Lee2019_MI,EEGNetv4,FM-Full_A-Riem_AdaBN-F,41,0.825,0.8979
Lee2019_MI,EEGNetv4,FM-Full_A-Riem_AdaBN-F,42,0.725,0.7871
Lee2019_MI,EEGNetv4,FM-Full_A-Riem_AdaBN-F,43,0.81,0.9034
Lee2019_MI,EEGNetv4,FM-Full_A-Riem_AdaBN-F,44,0.85,0.9282
Lee2019_MI,EEGNetv4,FM-Full_A-Riem_AdaBN-F,47,0.8,0.8788
Lee2019_MI,EEGNetv4,FM-Full_A-Riem_AdaBN-F,48,0.68,0.7385
Lee2019_MI,EEGNetv4,FM-Full_A-Riem_AdaBN-F,52,0.805,0.9092
Lee2019_MI,EEGNetv4,FM-Full_A-Riem_AdaBN-F,54,0.66,0.7485
Lee2019_MI,EEGNetv4,FM-Full_A-Riem_AdaBN-T,4,0.735,0.7969
Lee2019_MI,EEGNetv4,FM-Full_A-Riem_AdaBN-T,5,0.805,0.8809
Lee2019_MI,EEGNetv4,FM-Full_A-Riem_AdaBN-T,6,0.83,0.9166
Lee2019_MI,EEGNetv4,FM-Full_A-Riem_AdaBN-T,7,0.82,0.9116
Lee2019_MI,EEGNetv4,FM-Full_A-Riem_AdaBN-T,9,0.79,0.88495
Lee2019_MI,EEGNetv4,FM-Full_A-Riem_AdaBN-T,10,0.705,0.7825
Lee2019_MI,EEGNetv4,FM-Full_A-Riem_AdaBN-T,13,0.695,0.7994
Lee2019_MI,EEGNetv4,FM-Full_A-Riem_AdaBN-T,14,0.625,0.66515
Lee2019_MI,EEGNetv4,FM-Full_A-Riem_AdaBN-T,16,0.805,0.8878
Lee2019_MI,EEGNetv4,FM-Full_A-Riem_AdaBN-T,17,0.69,0.78065
Lee2019_MI,EEGNetv4,FM-Full_A-Riem_AdaBN-T,18,0.9,0.9658
Lee2019_MI,EEGNetv4,FM-Full_A-Riem_AdaBN-T,20,0.81,0.9043
Lee2019_MI,EEGNetv4,FM-Full_A-Riem_AdaBN-T,25,0.82,0.9198
Lee2019_MI,EEGNetv4,FM-Full_A-Riem_AdaBN-T,26,0.83,0.9144
Lee2019_MI,EEGNetv4,FM-Full_A-Riem_AdaBN-T,27,0.845,0.9397
Lee2019_MI,EEGNetv4,FM-Full_A-Riem_AdaBN-T,31,0.86,0.9379
Lee2019_MI,EEGNetv4,FM-Full_A-Riem_AdaBN-T,33,0.915,0.9837
Lee2019_MI,EEGNetv4,FM-Full_A-Riem_AdaBN-T,34,0.73,0.809
Lee2019_MI,EEGNetv4,FM-Full_A-Riem_AdaBN-T,35,0.9,0.9631
Lee2019_MI,EEGNetv4,FM-Full_A-Riem_AdaBN-T,37,0.88,0.9617
Lee2019_MI,EEGNetv4,FM-Full_A-Riem_AdaBN-T,38,0.785,0.86435
Lee2019_MI,EEGNetv4,FM-Full_A-Riem_AdaBN-T,45,0.91,0.9765
Lee2019_MI,EEGNetv4,FM-Full_A-Riem_AdaBN-T,46,0.645,0.7169
Lee2019_MI,EEGNetv4,FM-Full_A-Riem_AdaBN-T,49,0.835,0.904
Lee2019_MI,EEGNetv4,FM-Full_A-Riem_AdaBN-T,50,0.69,0.7432
Lee2019_MI,EEGNetv4,FM-Full_A-Riem_AdaBN-T,51,0.725,0.82765
Lee2019_MI,EEGNetv4,FM-Full_A-Riem_AdaBN-T,53,0.785,0.86345
Lee2019_MI,EEGNetv4,FM-Full_A-Riem_AdaBN-T,1,0.775,0.8381
Lee2019_MI,EEGNetv4,FM-Full_A-Riem_AdaBN-T,2,0.78,0.8403
Lee2019_MI,EEGNetv4,FM-Full_A-Riem_AdaBN-T,3,0.91,0.9685
Lee2019_MI,EEGNetv4,FM-Full_A-Riem_AdaBN-T,8,0.775,0.8347
Lee2019_MI,EEGNetv4,FM-Full_A-Riem_AdaBN-T,11,0.72,0.77865
Lee2019_MI,EEGNetv4,FM-Full_A-Riem_AdaBN-T,12,0.75,0.80815
Lee2019_MI,EEGNetv4,FM-Full_A-Riem_AdaBN-T,15,0.855,0.9213
Lee2019_MI,EEGNetv4,FM-Full_A-Riem_AdaBN-T,19,0.855,0.9347
Lee2019_MI,EEGNetv4,FM-Full_A-Riem_AdaBN-T,21,0.93,0.9824
Lee2019_MI,EEGNetv4,FM-Full_A-Riem_AdaBN-T,22,0.725,0.8132
Lee2019_MI,EEGNetv4,FM-Full_A-Riem_AdaBN-T,23,0.71,0.8117
Lee2019_MI,EEGNetv4,FM-Full_A-Riem_AdaBN-T,24,0.81,0.8755
Lee2019_MI,EEGNetv4,FM-Full_A-Riem_AdaBN-T,28,0.92,0.9626
Lee2019_MI,EEGNetv4,FM-Full_A-Riem_AdaBN-T,29,0.745,0.8258
Lee2019_MI,EEGNetv4,FM-Full_A-Riem_AdaBN-T,30,0.79,0.8824
Lee2019_MI,EEGNetv4,FM-Full_A-Riem_AdaBN-T,32,0.91,0.9657
Lee2019_MI,EEGNetv4,FM-Full_A-Riem_AdaBN-T,36,0.95,0.97755
Lee2019_MI,EEGNetv4,FM-Full_A-Riem_AdaBN-T,39,0.805,0.8705
Lee2019_MI,EEGNetv4,FM-Full_A-Riem_AdaBN-T,40,0.825,0.92245
Lee2019_MI,EEGNetv4,FM-Full_A-Riem_AdaBN-T,41,0.835,0.8887
Lee2019_MI,EEGNetv4,FM-Full_A-Riem_AdaBN-T,42,0.715,0.7908
Lee2019_MI,EEGNetv4,FM-Full_A-Riem_AdaBN-T,43,0.815,0.9082
Lee2019_MI,EEGNetv4,FM-Full_A-Riem_AdaBN-T,44,0.855,0.9242
Lee2019_MI,EEGNetv4,FM-Full_A-Riem_AdaBN-T,47,0.815,0.885
Lee2019_MI,EEGNetv4,FM-Full_A-Riem_AdaBN-T,48,0.69,0.7379
Lee2019_MI,EEGNetv4,FM-Full_A-Riem_AdaBN-T,52,0.795,0.911
Lee2019_MI,EEGNetv4,FM-Full_A-Riem_AdaBN-T,54,0.67,0.7418
Lee2019_MI,EEGNetv4,FM-None_A-Eucl_AdaBN-T,4,0.685,0.7223
Lee2019_MI,EEGNetv4,FM-None_A-Eucl_AdaBN-T,5,0.725,0.81865
Lee2019_MI,EEGNetv4,FM-None_A-Eucl_AdaBN-T,6,0.835,0.9013
Lee2019_MI,EEGNetv4,FM-None_A-Eucl_AdaBN-T,7,0.78,0.88315
Lee2019_MI,EEGNetv4,FM-None_A-Eucl_AdaBN-T,9,0.76,0.8308
Lee2019_MI,EEGNetv4,FM-None_A-Eucl_AdaBN-T,10,0.68,0.78
Lee2019_MI,EEGNetv4,FM-None_A-Eucl_AdaBN-T,13,0.73,0.8115
Lee2019_MI,EEGNetv4,FM-None_A-Eucl_AdaBN-T,14,0.62,0.6477
Lee2019_MI,EEGNetv4,FM-None_A-Eucl_AdaBN-T,16,0.765,0.8617
Lee2019_MI,EEGNetv4,FM-None_A-Eucl_AdaBN-T,17,0.655,0.7391
Lee2019_MI,EEGNetv4,FM-None_A-Eucl_AdaBN-T,18,0.85,0.92525
Lee2019_MI,EEGNetv4,FM-None_A-Eucl_AdaBN-T,20,0.805,0.8948
Lee2019_MI,EEGNetv4,FM-None_A-Eucl_AdaBN-T,25,0.78,0.8713
Lee2019_MI,EEGNetv4,FM-None_A-Eucl_AdaBN-T,26,0.805,0.8914
Lee2019_MI,EEGNetv4,FM-None_A-Eucl_AdaBN-T,27,0.88,0.9556
Lee2019_MI,EEGNetv4,FM-None_A-Eucl_AdaBN-T,31,0.835,0.9175
Lee2019_MI,EEGNetv4,FM-None_A-Eucl_AdaBN-T,33,0.92,0.9781
Lee2019_MI,EEGNetv4,FM-None_A-Eucl_AdaBN-T,34,0.675,0.7327
Lee2019_MI,EEGNetv4,FM-None_A-Eucl_AdaBN-T,35,0.79,0.9155
Lee2019_MI,EEGNetv4,FM-None_A-Eucl_AdaBN-T,37,0.825,0.923
Lee2019_MI,EEGNetv4,FM-None_A-Eucl_AdaBN-T,38,0.72,0.8246
Lee2019_MI,EEGNetv4,FM-None_A-Eucl_AdaBN-T,45,0.89,0.9606
Lee2019_MI,EEGNetv4,FM-None_A-Eucl_AdaBN-T,46,0.67,0.7345
Lee2019_MI,EEGNetv4,FM-None_A-Eucl_AdaBN-T,49,0.74,0.84715
Lee2019_MI,EEGNetv4,FM-None_A-Eucl_AdaBN-T,50,0.64,0.6802
Lee2019_MI,EEGNetv4,FM-None_A-Eucl_AdaBN-T,51,0.745,0.8285
Lee2019_MI,EEGNetv4,FM-None_A-Eucl_AdaBN-T,53,0.685,0.7839
Lee2019_MI,EEGNetv4,FM-None_A-Eucl_AdaBN-T,1,0.69,0.7873
Lee2019_MI,EEGNetv4,FM-None_A-Eucl_AdaBN-T,2,0.75,0.8271
Lee2019_MI,EEGNetv4,FM-None_A-Eucl_AdaBN-T,3,0.87,0.9475
Lee2019_MI,EEGNetv4,FM-None_A-Eucl_AdaBN-T,8,0.765,0.8328
Lee2019_MI,EEGNetv4,FM-None_A-Eucl_AdaBN-T,11,0.62,0.71685
Lee2019_MI,EEGNetv4,FM-None_A-Eucl_AdaBN-T,12,0.745,0.8095
Lee2019_MI,EEGNetv4,FM-None_A-Eucl_AdaBN-T,15,0.78,0.8557
Lee2019_MI,EEGNetv4,FM-None_A-Eucl_AdaBN-T,19,0.75,0.83745
Lee2019_MI,EEGNetv4,FM-None_A-Eucl_AdaBN-T,21,0.93,0.9861
Lee2019_MI,EEGNetv4,FM-None_A-Eucl_AdaBN-T,22,0.75,0.8307
Lee2019_MI,EEGNetv4,FM-None_A-Eucl_AdaBN-T,23,0.74,0.7834
Lee2019_MI,EEGNetv4,FM-None_A-Eucl_AdaBN-T,24,0.71,0.7971
Lee2019_MI,EEGNetv4,FM-None_A-Eucl_AdaBN-T,28,0.875,0.9676
Lee2019_MI,EEGNetv4,FM-None_A-Eucl_AdaBN-T,29,0.71,0.7989
Lee2019_MI,EEGNetv4,FM-None_A-Eucl_AdaBN-T,30,0.77,0.8747
Lee2019_MI,EEGNetv4,FM-None_A-Eucl_AdaBN-T,32,0.855,0.9498
Lee2019_MI,EEGNetv4,FM-None_A-Eucl_AdaBN-T,36,0.96,0.9911
Lee2019_MI,EEGNetv4,FM-None_A-Eucl_AdaBN-T,39,0.72,0.811
Lee2019_MI,EEGNetv4,FM-None_A-Eucl_AdaBN-T,40,0.765,0.87065
Lee2019_MI,EEGNetv4,FM-None_A-Eucl_AdaBN-T,41,0.73,0.8318
Lee2019_MI,EEGNetv4,FM-None_A-Eucl_AdaBN-T,42,0.715,0.7508
Lee2019_MI,EEGNetv4,FM-None_A-Eucl_AdaBN-T,43,0.84,0.9082
Lee2019_MI,EEGNetv4,FM-None_A-Eucl_AdaBN-T,44,0.835,0.9042
Lee2019_MI,EEGNetv4,FM-None_A-Eucl_AdaBN-T,47,0.8,0.87345
Lee2019_MI,EEGNetv4,FM-None_A-Eucl_AdaBN-T,48,0.675,0.7149
Lee2019_MI,EEGNetv4,FM-None_A-Eucl_AdaBN-T,52,0.82,0.88575
Lee2019_MI,EEGNetv4,FM-None_A-Eucl_AdaBN-T,54,0.685,0.7643
Lee2019_MI,EEGNetv4,FM-None_A-None_AdaBN-F,4,0.635,0.6912
Lee2019_MI,EEGNetv4,FM-None_A-None_AdaBN-F,5,0.74,0.8313
Lee2019_MI,EEGNetv4,FM-None_A-None_AdaBN-F,6,0.815,0.9441
Lee2019_MI,EEGNetv4,FM-None_A-None_AdaBN-F,7,0.67,0.7477
Lee2019_MI,EEGNetv4,FM-None_A-None_AdaBN-F,9,0.74,0.8432
Lee2019_MI,EEGNetv4,FM-None_A-None_AdaBN-F,10,0.695,0.79275
Lee2019_MI,EEGNetv4,FM-None_A-None_AdaBN-F,13,0.685,0.81185
Lee2019_MI,EEGNetv4,FM-None_A-None_AdaBN-F,14,0.665,0.7411
Lee2019_MI,EEGNetv4,FM-None_A-None_AdaBN-F,16,0.74,0.8178
Lee2019_MI,EEGNetv4,FM-None_A-None_AdaBN-F,17,0.645,0.675
Lee2019_MI,EEGNetv4,FM-None_A-None_AdaBN-F,18,0.875,0.9409
Lee2019_MI,EEGNetv4,FM-None_A-None_AdaBN-F,20,0.845,0.9372
Lee2019_MI,EEGNetv4,FM-None_A-None_AdaBN-F,25,0.885,0.9597
Lee2019_MI,EEGNetv4,FM-None_A-None_AdaBN-F,26,0.76,0.8696
Lee2019_MI,EEGNetv4,FM-None_A-None_AdaBN-F,27,0.885,0.9527
Lee2019_MI,EEGNetv4,FM-None_A-None_AdaBN-F,31,0.835,0.9214
Lee2019_MI,EEGNetv4,FM-None_A-None_AdaBN-F,33,0.91,0.9761
Lee2019_MI,EEGNetv4,FM-None_A-None_AdaBN-F,34,0.625,0.679
Lee2019_MI,EEGNetv4,FM-None_A-None_AdaBN-F,35,0.825,0.9196
Lee2019_MI,EEGNetv4,FM-None_A-None_AdaBN-F,37,0.865,0.9394
Lee2019_MI,EEGNetv4,FM-None_A-None_AdaBN-F,38,0.645,0.7932
Lee2019_MI,EEGNetv4,FM-None_A-None_AdaBN-F,45,0.84,0.9098
Lee2019_MI,EEGNetv4,FM-None_A-None_AdaBN-F,46,0.655,0.7446
Lee2019_MI,EEGNetv4,FM-None_A-None_AdaBN-F,49,0.735,0.9165
Lee2019_MI,EEGNetv4,FM-None_A-None_AdaBN-F,50,0.52,0.6066
Lee2019_MI,EEGNetv4,FM-None_A-None_AdaBN-F,51,0.705,0.7691
Lee2019_MI,EEGNetv4,FM-None_A-None_AdaBN-F,53,0.8,0.8774
Lee2019_MI,EEGNetv4,FM-None_A-None_AdaBN-F,1,0.705,0.7946
Lee2019_MI,EEGNetv4,FM-None_A-None_AdaBN-F,2,0.74,0.8252
Lee2019_MI,EEGNetv4,FM-None_A-None_AdaBN-F,3,0.805,0.8731
Lee2019_MI,EEGNetv4,FM-None_A-None_AdaBN-F,8,0.77,0.8346
Lee2019_MI,EEGNetv4,FM-None_A-None_AdaBN-F,11,0.635,0.7591
Lee2019_MI,EEGNetv4,FM-None_A-None_AdaBN-F,12,0.75,0.8429
Lee2019_MI,EEGNetv4,FM-None_A-None_AdaBN-F,15,0.775,0.9031
Lee2019_MI,EEGNetv4,FM-None_A-None_AdaBN-F,19,0.795,0.9085
Lee2019_MI,EEGNetv4,FM-None_A-None_AdaBN-F,21,0.975,0.9978
Lee2019_MI,EEGNetv4,FM-None_A-None_AdaBN-F,22,0.72,0.7643
Lee2019_MI,EEGNetv4,FM-None_A-None_AdaBN-F,23,0.685,0.805
Lee2019_MI,EEGNetv4,FM-None_A-None_AdaBN-F,24,0.68,0.8379
Lee2019_MI,EEGNetv4,FM-None_A-None_AdaBN-F,28,0.88,0.9609
Lee2019_MI,EEGNetv4,FM-None_A-None_AdaBN-F,29,0.805,0.8762
Lee2019_MI,EEGNetv4,FM-None_A-None_AdaBN-F,30,0.81,0.8838
Lee2019_MI,EEGNetv4,FM-None_A-None_AdaBN-F,32,0.91,0.955
Lee2019_MI,EEGNetv4,FM-None_A-None_AdaBN-F,36,0.96,0.9981
Lee2019_MI,EEGNetv4,FM-None_A-None_AdaBN-F,39,0.795,0.8628
Lee2019_MI,EEGNetv4,FM-None_A-None_AdaBN-F,40,0.785,0.8876
Lee2019_MI,EEGNetv4,FM-None_A-None_AdaBN-F,41,0.645,0.8133
Lee2019_MI,EEGNetv4,FM-None_A-None_AdaBN-F,42,0.655,0.7574
Lee2019_MI,EEGNetv4,FM-None_A-None_AdaBN-F,43,0.815,0.9022
Lee2019_MI,EEGNetv4,FM-None_A-None_AdaBN-F,44,0.735,0.8546
Lee2019_MI,EEGNetv4,FM-None_A-None_AdaBN-F,47,0.785,0.8882
Lee2019_MI,EEGNetv4,FM-None_A-None_AdaBN-F,48,0.63,0.71
Lee2019_MI,EEGNetv4,FM-None_A-None_AdaBN-F,52,0.82,0.9088
Lee2019_MI,EEGNetv4,FM-None_A-None_AdaBN-F,54,0.69,0.7873
Lee2019_MI,EEGNetv4,NoPre_FM-Full_A-Eucl_AdaBN-T,4,0.595,0.6158
Lee2019_MI,EEGNetv4,NoPre_FM-Full_A-Eucl_AdaBN-T,5,0.505,0.5306
Lee2019_MI,EEGNetv4,NoPre_FM-Full_A-Eucl_AdaBN-T,6,0.64,0.6974
Lee2019_MI,EEGNetv4,NoPre_FM-Full_A-Eucl_AdaBN-T,7,0.565,0.6274
Lee2019_MI,EEGNetv4,NoPre_FM-Full_A-Eucl_AdaBN-T,9,0.445,0.4455
Lee2019_MI,EEGNetv4,NoPre_FM-Full_A-Eucl_AdaBN-T,10,0.565,0.5763
Lee2019_MI,EEGNetv4,NoPre_FM-Full_A-Eucl_AdaBN-T,13,0.495,0.4842
Lee2019_MI,EEGNetv4,NoPre_FM-Full_A-Eucl_AdaBN-T,14,0.46,0.4639
Lee2019_MI,EEGNetv4,NoPre_FM-Full_A-Eucl_AdaBN-T,16,0.575,0.6398
Lee2019_MI,EEGNetv4,NoPre_FM-Full_A-Eucl_AdaBN-T,17,0.555,0.5408
Lee2019_MI,EEGNetv4,NoPre_FM-Full_A-Eucl_AdaBN-T,18,0.565,0.6412
Lee2019_MI,EEGNetv4,NoPre_FM-Full_A-Eucl_AdaBN-T,20,0.59,0.6042
Lee2019_MI,EEGNetv4,NoPre_FM-Full_A-Eucl_AdaBN-T,25,0.745,0.8532
Lee2019_MI,EEGNetv4,NoPre_FM-Full_A-Eucl_AdaBN-T,26,0.665,0.7259
Lee2019_MI,EEGNetv4,NoPre_FM-Full_A-Eucl_AdaBN-T,27,0.635,0.7148
Lee2019_MI,EEGNetv4,NoPre_FM-Full_A-Eucl_AdaBN-T,31,0.615,0.6814
Lee2019_MI,EEGNetv4,NoPre_FM-Full_A-Eucl_AdaBN-T,33,0.59,0.64
Lee2019_MI,EEGNetv4,NoPre_FM-Full_A-Eucl_AdaBN-T,34,0.5,0.5084
Lee2019_MI,EEGNetv4,NoPre_FM-Full_A-Eucl_AdaBN-T,35,0.815,0.9118
Lee2019_MI,EEGNetv4,NoPre_FM-Full_A-Eucl_AdaBN-T,37,0.545,0.5255
Lee2019_MI,EEGNetv4,NoPre_FM-Full_A-Eucl_AdaBN-T,38,0.615,0.6593
Lee2019_MI,EEGNetv4,NoPre_FM-Full_A-Eucl_AdaBN-T,45,0.61,0.6301
Lee2019_MI,EEGNetv4,NoPre_FM-Full_A-Eucl_AdaBN-T,46,0.48,0.4836
Lee2019_MI,EEGNetv4,NoPre_FM-Full_A-Eucl_AdaBN-T,49,0.6,0.6317
Lee2019_MI,EEGNetv4,NoPre_FM-Full_A-Eucl_AdaBN-T,50,0.585,0.6153
Lee2019_MI,EEGNetv4,NoPre_FM-Full_A-Eucl_AdaBN-T,51,0.525,0.5324
Lee2019_MI,EEGNetv4,NoPre_FM-Full_A-Eucl_AdaBN-T,53,0.585,0.6234
Lee2019_MI,EEGNetv4,NoPre_FM-Full_A-Eucl_AdaBN-T,1,0.5,0.5229
Lee2019_MI,EEGNetv4,NoPre_FM-Full_A-Eucl_AdaBN-T,2,0.555,0.5741
Lee2019_MI,EEGNetv4,NoPre_FM-Full_A-Eucl_AdaBN-T,3,0.64,0.6898
Lee2019_MI,EEGNetv4,NoPre_FM-Full_A-Eucl_AdaBN-T,8,0.525,0.5473
Lee2019_MI,EEGNetv4,NoPre_FM-Full_A-Eucl_AdaBN-T,11,0.455,0.4674
Lee2019_MI,EEGNetv4,NoPre_FM-Full_A-Eucl_AdaBN-T,12,0.545,0.5305
Lee2019_MI,EEGNetv4,NoPre_FM-Full_A-Eucl_AdaBN-T,15,0.71,0.7303
Lee2019_MI,EEGNetv4,NoPre_FM-Full_A-Eucl_AdaBN-T,19,0.55,0.5343
Lee2019_MI,EEGNetv4,NoPre_FM-Full_A-Eucl_AdaBN-T,21,0.61,0.6412
Lee2019_MI,EEGNetv4,NoPre_FM-Full_A-Eucl_AdaBN-T,22,0.53,0.5264
Lee2019_MI,EEGNetv4,NoPre_FM-Full_A-Eucl_AdaBN-T,23,0.44,0.4325
Lee2019_MI,EEGNetv4,NoPre_FM-Full_A-Eucl_AdaBN-T,24,0.51,0.5388
Lee2019_MI,EEGNetv4,NoPre_FM-Full_A-Eucl_AdaBN-T,28,0.63,0.688
Lee2019_MI,EEGNetv4,NoPre_FM-Full_A-Eucl_AdaBN-T,29,0.58,0.6399
Lee2019_MI,EEGNetv4,NoPre_FM-Full_A-Eucl_AdaBN-T,30,0.615,0.6316
Lee2019_MI,EEGNetv4,NoPre_FM-Full_A-Eucl_AdaBN-T,32,0.555,0.5275
Lee2019_MI,EEGNetv4,NoPre_FM-Full_A-Eucl_AdaBN-T,36,0.645,0.6897
Lee2019_MI,EEGNetv4,NoPre_FM-Full_A-Eucl_AdaBN-T,39,0.475,0.5
Lee2019_MI,EEGNetv4,NoPre_FM-Full_A-Eucl_AdaBN-T,40,0.545,0.5545
Lee2019_MI,EEGNetv4,NoPre_FM-Full_A-Eucl_AdaBN-T,41,0.53,0.5327
Lee2019_MI,EEGNetv4,NoPre_FM-Full_A-Eucl_AdaBN-T,42,0.5,0.5017
Lee2019_MI,EEGNetv4,NoPre_FM-Full_A-Eucl_AdaBN-T,43,0.56,0.6122
Lee2019_MI,EEGNetv4,NoPre_FM-Full_A-Eucl_AdaBN-T,44,0.595,0.6193
Lee2019_MI,EEGNetv4,NoPre_FM-Full_A-Eucl_AdaBN-T,47,0.6,0.6621
Lee2019_MI,EEGNetv4,NoPre_FM-Full_A-Eucl_AdaBN-T,48,0.5,0.5026
Lee2019_MI,EEGNetv4,NoPre_FM-Full_A-Eucl_AdaBN-T,52,0.535,0.5394
Lee2019_MI,EEGNetv4,NoPre_FM-Full_A-Eucl_AdaBN-T,54,0.595,0.6158
Lee2019_MI,EEGNetv4,NoPre_FM-Full_A-None_AdaBN-F,4,0.475,0.5091
Lee2019_MI,EEGNetv4,NoPre_FM-Full_A-None_AdaBN-F,5,0.565,0.5767
Lee2019_MI,EEGNetv4,NoPre_FM-Full_A-None_AdaBN-F,6,0.61,0.7192
Lee2019_MI,EEGNetv4,NoPre_FM-Full_A-None_AdaBN-F,7,0.51,0.5785
Lee2019_MI,EEGNetv4,NoPre_FM-Full_A-None_AdaBN-F,9,0.5,0.4578
Lee2019_MI,EEGNetv4,NoPre_FM-Full_A-None_AdaBN-F,10,0.595,0.5888
Lee2019_MI,EEGNetv4,NoPre_FM-Full_A-None_AdaBN-F,13,0.515,0.5222
Lee2019_MI,EEGNetv4,NoPre_FM-Full_A-None_AdaBN-F,14,0.485,0.4906
Lee2019_MI,EEGNetv4,NoPre_FM-Full_A-None_AdaBN-F,16,0.575,0.6354
Lee2019_MI,EEGNetv4,NoPre_FM-Full_A-None_AdaBN-F,17,0.47,0.458
Lee2019_MI,EEGNetv4,NoPre_FM-Full_A-None_AdaBN-F,18,0.56,0.5838
Lee2019_MI,EEGNetv4,NoPre_FM-Full_A-None_AdaBN-F,20,0.48,0.494
Lee2019_MI,EEGNetv4,NoPre_FM-Full_A-None_AdaBN-F,25,0.785,0.8693
Lee2019_MI,EEGNetv4,NoPre_FM-Full_A-None_AdaBN-F,26,0.57,0.6423
Lee2019_MI,EEGNetv4,NoPre_FM-Full_A-None_AdaBN-F,27,0.615,0.6524
Lee2019_MI,EEGNetv4,NoPre_FM-Full_A-None_AdaBN-F,31,0.6,0.669
Lee2019_MI,EEGNetv4,NoPre_FM-Full_A-None_AdaBN-F,33,0.585,0.6215
Lee2019_MI,EEGNetv4,NoPre_FM-Full_A-None_AdaBN-F,34,0.535,0.5536
Lee2019_MI,EEGNetv4,NoPre_FM-Full_A-None_AdaBN-F,35,0.81,0.8975
Lee2019_MI,EEGNetv4,NoPre_FM-Full_A-None_AdaBN-F,37,0.505,0.5018
Lee2019_MI,EEGNetv4,NoPre_FM-Full_A-None_AdaBN-F,38,0.61,0.6565
Lee2019_MI,EEGNetv4,NoPre_FM-Full_A-None_AdaBN-F,45,0.435,0.4709
Lee2019_MI,EEGNetv4,NoPre_FM-Full_A-None_AdaBN-F,46,0.55,0.5701
Lee2019_MI,EEGNetv4,NoPre_FM-Full_A-None_AdaBN-F,49,0.57,0.5942
Lee2019_MI,EEGNetv4,NoPre_FM-Full_A-None_AdaBN-F,50,0.54,0.5402
Lee2019_MI,EEGNetv4,NoPre_FM-Full_A-None_AdaBN-F,51,0.535,0.5264
Lee2019_MI,EEGNetv4,NoPre_FM-Full_A-None_AdaBN-F,53,0.55,0.5402
Lee2019_MI,EEGNetv4,NoPre_FM-Full_A-None_AdaBN-F,1,0.51,0.5005
Lee2019_MI,EEGNetv4,NoPre_FM-Full_A-None_AdaBN-F,2,0.47,0.4823
Lee2019_MI,EEGNetv4,NoPre_FM-Full_A-None_AdaBN-F,3,0.615,0.6443
Lee2019_MI,EEGNetv4,NoPre_FM-Full_A-None_AdaBN-F,8,0.575,0.5925
Lee2019_MI,EEGNetv4,NoPre_FM-Full_A-None_AdaBN-F,11,0.565,0.5932
Lee2019_MI,EEGNetv4,NoPre_FM-Full_A-None_AdaBN-F,12,0.5,0.5395
Lee2019_MI,EEGNetv4,NoPre_FM-Full_A-None_AdaBN-F,15,0.605,0.6357
Lee2019_MI,EEGNetv4,NoPre_FM-Full_A-None_AdaBN-F,19,0.52,0.5341
Lee2019_MI,EEGNetv4,NoPre_FM-Full_A-None_AdaBN-F,21,0.59,0.6557
Lee2019_MI,EEGNetv4,NoPre_FM-Full_A-None_AdaBN-F,22,0.525,0.5158
Lee2019_MI,EEGNetv4,NoPre_FM-Full_A-None_AdaBN-F,23,0.47,0.4646
Lee2019_MI,EEGNetv4,NoPre_FM-Full_A-None_AdaBN-F,24,0.625,0.6021
Lee2019_MI,EEGNetv4,NoPre_FM-Full_A-None_AdaBN-F,28,0.61,0.6318
Lee2019_MI,EEGNetv4,NoPre_FM-Full_A-None_AdaBN-F,29,0.68,0.7916
Lee2019_MI,EEGNetv4,NoPre_FM-Full_A-None_AdaBN-F,30,0.565,0.5866
Lee2019_MI,EEGNetv4,NoPre_FM-Full_A-None_AdaBN-F,32,0.5,0.5644
Lee2019_MI,EEGNetv4,NoPre_FM-Full_A-None_AdaBN-F,36,0.575,0.6062
Lee2019_MI,EEGNetv4,NoPre_FM-Full_A-None_AdaBN-F,39,0.515,0.5139
Lee2019_MI,EEGNetv4,NoPre_FM-Full_A-None_AdaBN-F,40,0.535,0.5647
Lee2019_MI,EEGNetv4,NoPre_FM-Full_A-None_AdaBN-F,41,0.49,0.5194
Lee2019_MI,EEGNetv4,NoPre_FM-Full_A-None_AdaBN-F,42,0.525,0.5042
Lee2019_MI,EEGNetv4,NoPre_FM-Full_A-None_AdaBN-F,43,0.48,0.4753
Lee2019_MI,EEGNetv4,NoPre_FM-Full_A-None_AdaBN-F,44,0.52,0.5098
Lee2019_MI,EEGNetv4,NoPre_FM-Full_A-None_AdaBN-F,47,0.54,0.5891
Lee2019_MI,EEGNetv4,NoPre_FM-Full_A-None_AdaBN-F,48,0.465,0.4644
Lee2019_MI,EEGNetv4,NoPre_FM-Full_A-None_AdaBN-F,52,0.6,0.6427
Lee2019_MI,EEGNetv4,NoPre_FM-Full_A-None_AdaBN-F,54,0.55,0.5488
Lee2019_SSVEP,EEGNetv4,FM-Dec_A-Eucl_AdaBN-F,4,0.995,1
Lee2019_SSVEP,EEGNetv4,FM-Dec_A-Eucl_AdaBN-F,5,0.855,0.9767666667
Lee2019_SSVEP,EEGNetv4,FM-Dec_A-Eucl_AdaBN-F,6,0.98,0.9999333333
Lee2019_SSVEP,EEGNetv4,FM-Dec_A-Eucl_AdaBN-F,7,0.99,0.9999666667
Lee2019_SSVEP,EEGNetv4,FM-Dec_A-Eucl_AdaBN-F,9,0.985,0.9997
Lee2019_SSVEP,EEGNetv4,FM-Dec_A-Eucl_AdaBN-F,10,0.98,0.9997333333
Lee2019_SSVEP,EEGNetv4,FM-Dec_A-Eucl_AdaBN-F,13,0.995,1
Lee2019_SSVEP,EEGNetv4,FM-Dec_A-Eucl_AdaBN-F,14,0.96,0.9993666667
Lee2019_SSVEP,EEGNetv4,FM-Dec_A-Eucl_AdaBN-F,16,0.995,0.9999
Lee2019_SSVEP,EEGNetv4,FM-Dec_A-Eucl_AdaBN-F,17,0.925,0.9942666667
Lee2019_SSVEP,EEGNetv4,FM-Dec_A-Eucl_AdaBN-F,18,0.985,0.9998333333
Lee2019_SSVEP,EEGNetv4,FM-Dec_A-Eucl_AdaBN-F,20,0.975,0.9991666667
Lee2019_SSVEP,EEGNetv4,FM-Dec_A-Eucl_AdaBN-F,25,0.97,0.9986
Lee2019_SSVEP,EEGNetv4,FM-Dec_A-Eucl_AdaBN-F,26,0.995,0.9999333333
Lee2019_SSVEP,EEGNetv4,FM-Dec_A-Eucl_AdaBN-F,27,0.99,0.9999333333
Lee2019_SSVEP,EEGNetv4,FM-Dec_A-Eucl_AdaBN-F,31,0.97,1
Lee2019_SSVEP,EEGNetv4,FM-Dec_A-Eucl_AdaBN-F,33,1,1
Lee2019_SSVEP,EEGNetv4,FM-Dec_A-Eucl_AdaBN-F,34,0.86,0.9764333333
Lee2019_SSVEP,EEGNetv4,FM-Dec_A-Eucl_AdaBN-F,35,0.99,0.9994333333
Lee2019_SSVEP,EEGNetv4,FM-Dec_A-Eucl_AdaBN-F,37,0.995,1
Lee2019_SSVEP,EEGNetv4,FM-Dec_A-Eucl_AdaBN-F,38,0.995,0.9998333333
Lee2019_SSVEP,EEGNetv4,FM-Dec_A-Eucl_AdaBN-F,45,0.965,0.9991666667
Lee2019_SSVEP,EEGNetv4,FM-Dec_A-Eucl_AdaBN-F,46,1,1
Lee2019_SSVEP,EEGNetv4,FM-Dec_A-Eucl_AdaBN-F,49,1,1
Lee2019_SSVEP,EEGNetv4,FM-Dec_A-Eucl_AdaBN-F,50,1,1
Lee2019_SSVEP,EEGNetv4,FM-Dec_A-Eucl_AdaBN-F,51,0.85,0.9609333333
Lee2019_SSVEP,EEGNetv4,FM-Dec_A-Eucl_AdaBN-F,53,1,1
Lee2019_SSVEP,EEGNetv4,FM-Dec_A-Eucl_AdaBN-F,1,0.94,0.9968333333
Lee2019_SSVEP,EEGNetv4,FM-Dec_A-Eucl_AdaBN-F,2,0.99,0.9993
Lee2019_SSVEP,EEGNetv4,FM-Dec_A-Eucl_AdaBN-F,3,0.94,0.9943333333
Lee2019_SSVEP,EEGNetv4,FM-Dec_A-Eucl_AdaBN-F,8,0.935,0.9904
Lee2019_SSVEP,EEGNetv4,FM-Dec_A-Eucl_AdaBN-F,11,0.98,0.9999666667
Lee2019_SSVEP,EEGNetv4,FM-Dec_A-Eucl_AdaBN-F,12,0.975,0.9978
Lee2019_SSVEP,EEGNetv4,FM-Dec_A-Eucl_AdaBN-F,15,1,1
Lee2019_SSVEP,EEGNetv4,FM-Dec_A-Eucl_AdaBN-F,19,0.99,0.9952333333
Lee2019_SSVEP,EEGNetv4,FM-Dec_A-Eucl_AdaBN-F,21,0.865,0.9744333333
Lee2019_SSVEP,EEGNetv4,FM-Dec_A-Eucl_AdaBN-F,22,0.96,0.9942666667
Lee2019_SSVEP,EEGNetv4,FM-Dec_A-Eucl_AdaBN-F,23,0.375,0.6395333333
Lee2019_SSVEP,EEGNetv4,FM-Dec_A-Eucl_AdaBN-F,24,0.99,0.9992
Lee2019_SSVEP,EEGNetv4,FM-Dec_A-Eucl_AdaBN-F,28,0.985,0.9997666667
Lee2019_SSVEP,EEGNetv4,FM-Dec_A-Eucl_AdaBN-F,29,0.98,0.9989333333
Lee2019_SSVEP,EEGNetv4,FM-Dec_A-Eucl_AdaBN-F,30,0.985,1
Lee2019_SSVEP,EEGNetv4,FM-Dec_A-Eucl_AdaBN-F,32,0.875,0.9888666667
Lee2019_SSVEP,EEGNetv4,FM-Dec_A-Eucl_AdaBN-F,36,1,1
Lee2019_SSVEP,EEGNetv4,FM-Dec_A-Eucl_AdaBN-F,39,1,1
Lee2019_SSVEP,EEGNetv4,FM-Dec_A-Eucl_AdaBN-F,40,0.965,0.9982666667
Lee2019_SSVEP,EEGNetv4,FM-Dec_A-Eucl_AdaBN-F,41,0.975,0.9990333333
Lee2019_SSVEP,EEGNetv4,FM-Dec_A-Eucl_AdaBN-F,42,0.845,0.9720333333
Lee2019_SSVEP,EEGNetv4,FM-Dec_A-Eucl_AdaBN-F,43,1,1
Lee2019_SSVEP,EEGNetv4,FM-Dec_A-Eucl_AdaBN-F,44,0.995,1
Lee2019_SSVEP,EEGNetv4,FM-Dec_A-Eucl_AdaBN-F,47,0.675,0.9019833333
Lee2019_SSVEP,EEGNetv4,FM-Dec_A-Eucl_AdaBN-F,48,0.995,1
Lee2019_SSVEP,EEGNetv4,FM-Dec_A-Eucl_AdaBN-F,52,0.97,0.9978333333
Lee2019_SSVEP,EEGNetv4,FM-Dec_A-Eucl_AdaBN-F,54,0.765,0.92845
Lee2019_SSVEP,EEGNetv4,FM-Dec_A-Eucl_AdaBN-T,4,0.995,1
Lee2019_SSVEP,EEGNetv4,FM-Dec_A-Eucl_AdaBN-T,5,0.865,0.9763666667
Lee2019_SSVEP,EEGNetv4,FM-Dec_A-Eucl_AdaBN-T,6,0.975,0.9999
Lee2019_SSVEP,EEGNetv4,FM-Dec_A-Eucl_AdaBN-T,7,0.995,0.9999
Lee2019_SSVEP,EEGNetv4,FM-Dec_A-Eucl_AdaBN-T,9,0.985,0.9997333333
Lee2019_SSVEP,EEGNetv4,FM-Dec_A-Eucl_AdaBN-T,10,0.98,0.9998
Lee2019_SSVEP,EEGNetv4,FM-Dec_A-Eucl_AdaBN-T,13,0.995,1
Lee2019_SSVEP,EEGNetv4,FM-Dec_A-Eucl_AdaBN-T,14,0.975,0.9995333333
Lee2019_SSVEP,EEGNetv4,FM-Dec_A-Eucl_AdaBN-T,16,0.995,0.9998666667
Lee2019_SSVEP,EEGNetv4,FM-Dec_A-Eucl_AdaBN-T,17,0.92,0.9941666667
Lee2019_SSVEP,EEGNetv4,FM-Dec_A-Eucl_AdaBN-T,18,0.985,0.9998333333
Lee2019_SSVEP,EEGNetv4,FM-Dec_A-Eucl_AdaBN-T,20,0.97,0.9991
Lee2019_SSVEP,EEGNetv4,FM-Dec_A-Eucl_AdaBN-T,25,0.97,0.9986666667
Lee2019_SSVEP,EEGNetv4,FM-Dec_A-Eucl_AdaBN-T,26,0.995,0.9999333333
Lee2019_SSVEP,EEGNetv4,FM-Dec_A-Eucl_AdaBN-T,27,0.99,0.9999333333
Lee2019_SSVEP,EEGNetv4,FM-Dec_A-Eucl_AdaBN-T,31,0.97,1
Lee2019_SSVEP,EEGNetv4,FM-Dec_A-Eucl_AdaBN-T,33,1,1
Lee2019_SSVEP,EEGNetv4,FM-Dec_A-Eucl_AdaBN-T,34,0.855,0.9761333333
Lee2019_SSVEP,EEGNetv4,FM-Dec_A-Eucl_AdaBN-T,35,0.99,0.9996333333
Lee2019_SSVEP,EEGNetv4,FM-Dec_A-Eucl_AdaBN-T,37,0.995,1
Lee2019_SSVEP,EEGNetv4,FM-Dec_A-Eucl_AdaBN-T,38,0.995,0.9998333333
Lee2019_SSVEP,EEGNetv4,FM-Dec_A-Eucl_AdaBN-T,45,0.97,0.9992
Lee2019_SSVEP,EEGNetv4,FM-Dec_A-Eucl_AdaBN-T,46,1,1
Lee2019_SSVEP,EEGNetv4,FM-Dec_A-Eucl_AdaBN-T,49,1,1
Lee2019_SSVEP,EEGNetv4,FM-Dec_A-Eucl_AdaBN-T,50,1,1
Lee2019_SSVEP,EEGNetv4,FM-Dec_A-Eucl_AdaBN-T,51,0.85,0.9602333333
Lee2019_SSVEP,EEGNetv4,FM-Dec_A-Eucl_AdaBN-T,53,1,1
Lee2019_SSVEP,EEGNetv4,FM-Dec_A-Eucl_AdaBN-T,1,0.94,0.9969333333
Lee2019_SSVEP,EEGNetv4,FM-Dec_A-Eucl_AdaBN-T,2,0.99,0.9993333333
Lee2019_SSVEP,EEGNetv4,FM-Dec_A-Eucl_AdaBN-T,3,0.94,0.9943333333
Lee2019_SSVEP,EEGNetv4,FM-Dec_A-Eucl_AdaBN-T,8,0.935,0.9931333333
Lee2019_SSVEP,EEGNetv4,FM-Dec_A-Eucl_AdaBN-T,11,0.98,0.9999333333
Lee2019_SSVEP,EEGNetv4,FM-Dec_A-Eucl_AdaBN-T,12,0.975,0.9981666667
Lee2019_SSVEP,EEGNetv4,FM-Dec_A-Eucl_AdaBN-T,15,1,1
Lee2019_SSVEP,EEGNetv4,FM-Dec_A-Eucl_AdaBN-T,19,0.99,0.9954
Lee2019_SSVEP,EEGNetv4,FM-Dec_A-Eucl_AdaBN-T,21,0.87,0.9757333333
Lee2019_SSVEP,EEGNetv4,FM-Dec_A-Eucl_AdaBN-T,22,0.965,0.9938
Lee2019_SSVEP,EEGNetv4,FM-Dec_A-Eucl_AdaBN-T,23,0.375,0.6397666667
Lee2019_SSVEP,EEGNetv4,FM-Dec_A-Eucl_AdaBN-T,24,0.99,0.9981666667
Lee2019_SSVEP,EEGNetv4,FM-Dec_A-Eucl_AdaBN-T,28,0.985,0.9997333333
Lee2019_SSVEP,EEGNetv4,FM-Dec_A-Eucl_AdaBN-T,29,0.98,0.9987666667
Lee2019_SSVEP,EEGNetv4,FM-Dec_A-Eucl_AdaBN-T,30,0.985,1
Lee2019_SSVEP,EEGNetv4,FM-Dec_A-Eucl_AdaBN-T,32,0.875,0.9891333333
Lee2019_SSVEP,EEGNetv4,FM-Dec_A-Eucl_AdaBN-T,36,1,1
Lee2019_SSVEP,EEGNetv4,FM-Dec_A-Eucl_AdaBN-T,39,1,1
Lee2019_SSVEP,EEGNetv4,FM-Dec_A-Eucl_AdaBN-T,40,0.965,0.9983
Lee2019_SSVEP,EEGNetv4,FM-Dec_A-Eucl_AdaBN-T,41,0.975,0.9989666667
Lee2019_SSVEP,EEGNetv4,FM-Dec_A-Eucl_AdaBN-T,42,0.845,0.9718666667
Lee2019_SSVEP,EEGNetv4,FM-Dec_A-Eucl_AdaBN-T,43,1,1
Lee2019_SSVEP,EEGNetv4,FM-Dec_A-Eucl_AdaBN-T,44,0.995,1
Lee2019_SSVEP,EEGNetv4,FM-Dec_A-Eucl_AdaBN-T,47,0.675,0.9046333333
Lee2019_SSVEP,EEGNetv4,FM-Dec_A-Eucl_AdaBN-T,48,0.995,1
Lee2019_SSVEP,EEGNetv4,FM-Dec_A-Eucl_AdaBN-T,52,0.97,0.9977666667
Lee2019_SSVEP,EEGNetv4,FM-Dec_A-Eucl_AdaBN-T,54,0.76,0.9316666667
Lee2019_SSVEP,EEGNetv4,FM-Dec_A-None_AdaBN-F,4,0.995,1
Lee2019_SSVEP,EEGNetv4,FM-Dec_A-None_AdaBN-F,5,0.845,0.9625666667
Lee2019_SSVEP,EEGNetv4,FM-Dec_A-None_AdaBN-F,6,1,1
Lee2019_SSVEP,EEGNetv4,FM-Dec_A-None_AdaBN-F,7,0.995,0.9999666667
Lee2019_SSVEP,EEGNetv4,FM-Dec_A-None_AdaBN-F,9,0.99,0.9999
Lee2019_SSVEP,EEGNetv4,FM-Dec_A-None_AdaBN-F,10,0.985,0.9997
Lee2019_SSVEP,EEGNetv4,FM-Dec_A-None_AdaBN-F,13,0.965,0.9987
Lee2019_SSVEP,EEGNetv4,FM-Dec_A-None_AdaBN-F,14,0.94,0.9861666667
Lee2019_SSVEP,EEGNetv4,FM-Dec_A-None_AdaBN-F,16,0.99,0.9996666667
Lee2019_SSVEP,EEGNetv4,FM-Dec_A-None_AdaBN-F,17,0.925,0.9951
Lee2019_SSVEP,EEGNetv4,FM-Dec_A-None_AdaBN-F,18,0.98,0.9998333333
Lee2019_SSVEP,EEGNetv4,FM-Dec_A-None_AdaBN-F,20,0.975,0.9985666667
Lee2019_SSVEP,EEGNetv4,FM-Dec_A-None_AdaBN-F,25,0.96,0.9981333333
Lee2019_SSVEP,EEGNetv4,FM-Dec_A-None_AdaBN-F,26,0.985,0.9994333333
Lee2019_SSVEP,EEGNetv4,FM-Dec_A-None_AdaBN-F,27,1,1
Lee2019_SSVEP,EEGNetv4,FM-Dec_A-None_AdaBN-F,31,0.975,1
Lee2019_SSVEP,EEGNetv4,FM-Dec_A-None_AdaBN-F,33,1,1
Lee2019_SSVEP,EEGNetv4,FM-Dec_A-None_AdaBN-F,34,0.805,0.9448333333
Lee2019_SSVEP,EEGNetv4,FM-Dec_A-None_AdaBN-F,35,0.98,0.9989333333
Lee2019_SSVEP,EEGNetv4,FM-Dec_A-None_AdaBN-F,37,0.99,0.9999333333
Lee2019_SSVEP,EEGNetv4,FM-Dec_A-None_AdaBN-F,38,0.995,1
Lee2019_SSVEP,EEGNetv4,FM-Dec_A-None_AdaBN-F,45,0.96,0.9983
Lee2019_SSVEP,EEGNetv4,FM-Dec_A-None_AdaBN-F,46,1,1
Lee2019_SSVEP,EEGNetv4,FM-Dec_A-None_AdaBN-F,49,1,1
Lee2019_SSVEP,EEGNetv4,FM-Dec_A-None_AdaBN-F,50,0.995,0.9999666667
Lee2019_SSVEP,EEGNetv4,FM-Dec_A-None_AdaBN-F,51,0.78,0.942
Lee2019_SSVEP,EEGNetv4,FM-Dec_A-None_AdaBN-F,53,1,1
Lee2019_SSVEP,EEGNetv4,FM-Dec_A-None_AdaBN-F,1,0.94,0.9958333333
Lee2019_SSVEP,EEGNetv4,FM-Dec_A-None_AdaBN-F,2,0.985,0.9998666667
Lee2019_SSVEP,EEGNetv4,FM-Dec_A-None_AdaBN-F,3,0.935,0.9942
Lee2019_SSVEP,EEGNetv4,FM-Dec_A-None_AdaBN-F,8,0.96,0.9960333333
Lee2019_SSVEP,EEGNetv4,FM-Dec_A-None_AdaBN-F,11,1,1
Lee2019_SSVEP,EEGNetv4,FM-Dec_A-None_AdaBN-F,12,0.97,0.9984333333
Lee2019_SSVEP,EEGNetv4,FM-Dec_A-None_AdaBN-F,15,0.995,0.9998666667
Lee2019_SSVEP,EEGNetv4,FM-Dec_A-None_AdaBN-F,19,0.995,0.9954333333
Lee2019_SSVEP,EEGNetv4,FM-Dec_A-None_AdaBN-F,21,0.94,0.9954
Lee2019_SSVEP,EEGNetv4,FM-Dec_A-None_AdaBN-F,22,0.925,0.9912
Lee2019_SSVEP,EEGNetv4,FM-Dec_A-None_AdaBN-F,23,0.395,0.6507666667
Lee2019_SSVEP,EEGNetv4,FM-Dec_A-None_AdaBN-F,24,0.975,0.9950166667
Lee2019_SSVEP,EEGNetv4,FM-Dec_A-None_AdaBN-F,28,0.99,1
Lee2019_SSVEP,EEGNetv4,FM-Dec_A-None_AdaBN-F,29,0.955,0.9965333333
Lee2019_SSVEP,EEGNetv4,FM-Dec_A-None_AdaBN-F,30,0.995,0.9997333333
Lee2019_SSVEP,EEGNetv4,FM-Dec_A-None_AdaBN-F,32,0.875,0.9816
Lee2019_SSVEP,EEGNetv4,FM-Dec_A-None_AdaBN-F,36,1,1
Lee2019_SSVEP,EEGNetv4,FM-Dec_A-None_AdaBN-F,39,0.995,0.9999666667
Lee2019_SSVEP,EEGNetv4,FM-Dec_A-None_AdaBN-F,40,0.96,0.9975
Lee2019_SSVEP,EEGNetv4,FM-Dec_A-None_AdaBN-F,41,0.985,0.9998333333
Lee2019_SSVEP,EEGNetv4,FM-Dec_A-None_AdaBN-F,42,0.82,0.9688
Lee2019_SSVEP,EEGNetv4,FM-Dec_A-None_AdaBN-F,43,1,1
Lee2019_SSVEP,EEGNetv4,FM-Dec_A-None_AdaBN-F,44,1,1
Lee2019_SSVEP,EEGNetv4,FM-Dec_A-None_AdaBN-F,47,0.66,0.8916666667
Lee2019_SSVEP,EEGNetv4,FM-Dec_A-None_AdaBN-F,48,0.995,1
Lee2019_SSVEP,EEGNetv4,FM-Dec_A-None_AdaBN-F,52,0.955,0.9958666667
Lee2019_SSVEP,EEGNetv4,FM-Dec_A-None_AdaBN-F,54,0.765,0.9496333333
Lee2019_SSVEP,EEGNetv4,FM-Dec_A-Riem_AdaBN-T,4,0.995,1
Lee2019_SSVEP,EEGNetv4,FM-Dec_A-Riem_AdaBN-T,5,0.84,0.9777
Lee2019_SSVEP,EEGNetv4,FM-Dec_A-Riem_AdaBN-T,6,0.985,1
Lee2019_SSVEP,EEGNetv4,FM-Dec_A-Riem_AdaBN-T,7,0.99,0.9999666667
Lee2019_SSVEP,EEGNetv4,FM-Dec_A-Riem_AdaBN-T,9,0.98,0.9998666667
Lee2019_SSVEP,EEGNetv4,FM-Dec_A-Riem_AdaBN-T,10,0.98,0.9998666667
Lee2019_SSVEP,EEGNetv4,FM-Dec_A-Riem_AdaBN-T,13,1,1
Lee2019_SSVEP,EEGNetv4,FM-Dec_A-Riem_AdaBN-T,14,0.975,0.9996
Lee2019_SSVEP,EEGNetv4,FM-Dec_A-Riem_AdaBN-T,16,0.995,0.9997333333
Lee2019_SSVEP,EEGNetv4,FM-Dec_A-Riem_AdaBN-T,17,0.955,0.9962666667
Lee2019_SSVEP,EEGNetv4,FM-Dec_A-Riem_AdaBN-T,18,0.98,0.9998333333
Lee2019_SSVEP,EEGNetv4,FM-Dec_A-Riem_AdaBN-T,20,0.975,0.9993666667
Lee2019_SSVEP,EEGNetv4,FM-Dec_A-Riem_AdaBN-T,25,0.97,0.9972
Lee2019_SSVEP,EEGNetv4,FM-Dec_A-Riem_AdaBN-T,26,0.995,0.9999
Lee2019_SSVEP,EEGNetv4,FM-Dec_A-Riem_AdaBN-T,27,0.995,0.9999666667
Lee2019_SSVEP,EEGNetv4,FM-Dec_A-Riem_AdaBN-T,31,0.975,1
Lee2019_SSVEP,EEGNetv4,FM-Dec_A-Riem_AdaBN-T,33,1,1
Lee2019_SSVEP,EEGNetv4,FM-Dec_A-Riem_AdaBN-T,34,0.87,0.9749833333
Lee2019_SSVEP,EEGNetv4,FM-Dec_A-Riem_AdaBN-T,35,0.99,0.9994
Lee2019_SSVEP,EEGNetv4,FM-Dec_A-Riem_AdaBN-T,37,0.995,1
Lee2019_SSVEP,EEGNetv4,FM-Dec_A-Riem_AdaBN-T,38,0.995,0.9998666667
Lee2019_SSVEP,EEGNetv4,FM-Dec_A-Riem_AdaBN-T,45,0.975,0.9985333333
Lee2019_SSVEP,EEGNetv4,FM-Dec_A-Riem_AdaBN-T,46,1,1
Lee2019_SSVEP,EEGNetv4,FM-Dec_A-Riem_AdaBN-T,49,1,1
Lee2019_SSVEP,EEGNetv4,FM-Dec_A-Riem_AdaBN-T,50,1,1
Lee2019_SSVEP,EEGNetv4,FM-Dec_A-Riem_AdaBN-T,51,0.82,0.9580333333
Lee2019_SSVEP,EEGNetv4,FM-Dec_A-Riem_AdaBN-T,53,1,1
Lee2019_SSVEP,EEGNetv4,FM-Dec_A-Riem_AdaBN-T,1,0.945,0.9956
Lee2019_SSVEP,EEGNetv4,FM-Dec_A-Riem_AdaBN-T,2,0.99,0.9998666667
Lee2019_SSVEP,EEGNetv4,FM-Dec_A-Riem_AdaBN-T,3,0.95,0.9943666667
Lee2019_SSVEP,EEGNetv4,FM-Dec_A-Riem_AdaBN-T,8,0.95,0.9945333333
Lee2019_SSVEP,EEGNetv4,FM-Dec_A-Riem_AdaBN-T,11,0.995,1
Lee2019_SSVEP,EEGNetv4,FM-Dec_A-Riem_AdaBN-T,12,0.97,0.9977
Lee2019_SSVEP,EEGNetv4,FM-Dec_A-Riem_AdaBN-T,15,1,1
Lee2019_SSVEP,EEGNetv4,FM-Dec_A-Riem_AdaBN-T,19,0.985,0.9951
Lee2019_SSVEP,EEGNetv4,FM-Dec_A-Riem_AdaBN-T,21,0.885,0.9789333333
Lee2019_SSVEP,EEGNetv4,FM-Dec_A-Riem_AdaBN-T,22,0.96,0.9950333333
Lee2019_SSVEP,EEGNetv4,FM-Dec_A-Riem_AdaBN-T,23,0.43,0.6747333333
Lee2019_SSVEP,EEGNetv4,FM-Dec_A-Riem_AdaBN-T,24,0.99,0.9980833333
Lee2019_SSVEP,EEGNetv4,FM-Dec_A-Riem_AdaBN-T,28,0.99,0.9999
Lee2019_SSVEP,EEGNetv4,FM-Dec_A-Riem_AdaBN-T,29,0.975,0.9984
Lee2019_SSVEP,EEGNetv4,FM-Dec_A-Riem_AdaBN-T,30,0.995,1
Lee2019_SSVEP,EEGNetv4,FM-Dec_A-Riem_AdaBN-T,32,0.9,0.9898666667
Lee2019_SSVEP,EEGNetv4,FM-Dec_A-Riem_AdaBN-T,36,1,1
Lee2019_SSVEP,EEGNetv4,FM-Dec_A-Riem_AdaBN-T,39,1,1
Lee2019_SSVEP,EEGNetv4,FM-Dec_A-Riem_AdaBN-T,40,0.95,0.9976666667
Lee2019_SSVEP,EEGNetv4,FM-Dec_A-Riem_AdaBN-T,41,0.955,0.9982333333
Lee2019_SSVEP,EEGNetv4,FM-Dec_A-Riem_AdaBN-T,42,0.835,0.9700666667
Lee2019_SSVEP,EEGNetv4,FM-Dec_A-Riem_AdaBN-T,43,1,1
Lee2019_SSVEP,EEGNetv4,FM-Dec_A-Riem_AdaBN-T,44,0.995,1
Lee2019_SSVEP,EEGNetv4,FM-Dec_A-Riem_AdaBN-T,47,0.7,0.9023166667
Lee2019_SSVEP,EEGNetv4,FM-Dec_A-Riem_AdaBN-T,48,0.995,1
Lee2019_SSVEP,EEGNetv4,FM-Dec_A-Riem_AdaBN-T,52,0.97,0.9988333333
Lee2019_SSVEP,EEGNetv4,FM-Dec_A-Riem_AdaBN-T,54,0.815,0.9581333333
Lee2019_SSVEP,EEGNetv4,FM-Full_A-Eucl_AdaBN-F,4,0.995,1
Lee2019_SSVEP,EEGNetv4,FM-Full_A-Eucl_AdaBN-F,5,0.875,0.9822333333
Lee2019_SSVEP,EEGNetv4,FM-Full_A-Eucl_AdaBN-F,6,0.99,1
Lee2019_SSVEP,EEGNetv4,FM-Full_A-Eucl_AdaBN-F,7,0.995,0.9999666667
Lee2019_SSVEP,EEGNetv4,FM-Full_A-Eucl_AdaBN-F,9,0.985,0.9996333333
Lee2019_SSVEP,EEGNetv4,FM-Full_A-Eucl_AdaBN-F,10,0.98,0.9998333333
Lee2019_SSVEP,EEGNetv4,FM-Full_A-Eucl_AdaBN-F,13,1,1
Lee2019_SSVEP,EEGNetv4,FM-Full_A-Eucl_AdaBN-F,14,0.99,0.9999666667
Lee2019_SSVEP,EEGNetv4,FM-Full_A-Eucl_AdaBN-F,16,0.995,0.9996666667
Lee2019_SSVEP,EEGNetv4,FM-Full_A-Eucl_AdaBN-F,17,0.945,0.9968666667
Lee2019_SSVEP,EEGNetv4,FM-Full_A-Eucl_AdaBN-F,18,0.985,0.9998333333
Lee2019_SSVEP,EEGNetv4,FM-Full_A-Eucl_AdaBN-F,20,0.98,0.9994
Lee2019_SSVEP,EEGNetv4,FM-Full_A-Eucl_AdaBN-F,25,0.965,0.9991333333
Lee2019_SSVEP,EEGNetv4,FM-Full_A-Eucl_AdaBN-F,26,1,1
Lee2019_SSVEP,EEGNetv4,FM-Full_A-Eucl_AdaBN-F,27,0.99,0.9999666667
Lee2019_SSVEP,EEGNetv4,FM-Full_A-Eucl_AdaBN-F,31,0.97,1
Lee2019_SSVEP,EEGNetv4,FM-Full_A-Eucl_AdaBN-F,33,1,1
Lee2019_SSVEP,EEGNetv4,FM-Full_A-Eucl_AdaBN-F,34,0.885,0.9879
Lee2019_SSVEP,EEGNetv4,FM-Full_A-Eucl_AdaBN-F,35,0.995,0.9993666667
Lee2019_SSVEP,EEGNetv4,FM-Full_A-Eucl_AdaBN-F,37,0.995,0.9999666667
Lee2019_SSVEP,EEGNetv4,FM-Full_A-Eucl_AdaBN-F,38,0.995,0.9998666667
Lee2019_SSVEP,EEGNetv4,FM-Full_A-Eucl_AdaBN-F,45,0.97,0.9995
Lee2019_SSVEP,EEGNetv4,FM-Full_A-Eucl_AdaBN-F,46,1,1
Lee2019_SSVEP,EEGNetv4,FM-Full_A-Eucl_AdaBN-F,49,1,1
Lee2019_SSVEP,EEGNetv4,FM-Full_A-Eucl_AdaBN-F,50,1,1
Lee2019_SSVEP,EEGNetv4,FM-Full_A-Eucl_AdaBN-F,51,0.855,0.9675666667
Lee2019_SSVEP,EEGNetv4,FM-Full_A-Eucl_AdaBN-F,53,1,1
Lee2019_SSVEP,EEGNetv4,FM-Full_A-Eucl_AdaBN-F,1,0.945,0.9961666667
Lee2019_SSVEP,EEGNetv4,FM-Full_A-Eucl_AdaBN-F,2,0.99,0.9998
Lee2019_SSVEP,EEGNetv4,FM-Full_A-Eucl_AdaBN-F,3,0.94,0.9944333333
Lee2019_SSVEP,EEGNetv4,FM-Full_A-Eucl_AdaBN-F,8,0.945,0.9927333333
Lee2019_SSVEP,EEGNetv4,FM-Full_A-Eucl_AdaBN-F,11,0.985,1
Lee2019_SSVEP,EEGNetv4,FM-Full_A-Eucl_AdaBN-F,12,0.965,0.9973666667
Lee2019_SSVEP,EEGNetv4,FM-Full_A-Eucl_AdaBN-F,15,1,1
Lee2019_SSVEP,EEGNetv4,FM-Full_A-Eucl_AdaBN-F,19,0.985,0.9951
Lee2019_SSVEP,EEGNetv4,FM-Full_A-Eucl_AdaBN-F,21,0.91,0.9868
Lee2019_SSVEP,EEGNetv4,FM-Full_A-Eucl_AdaBN-F,22,0.96,0.9945
Lee2019_SSVEP,EEGNetv4,FM-Full_A-Eucl_AdaBN-F,23,0.515,0.7493666667
Lee2019_SSVEP,EEGNetv4,FM-Full_A-Eucl_AdaBN-F,24,0.99,0.99895
Lee2019_SSVEP,EEGNetv4,FM-Full_A-Eucl_AdaBN-F,28,0.985,0.9997
Lee2019_SSVEP,EEGNetv4,FM-Full_A-Eucl_AdaBN-F,29,0.99,0.999
Lee2019_SSVEP,EEGNetv4,FM-Full_A-Eucl_AdaBN-F,30,0.99,1
Lee2019_SSVEP,EEGNetv4,FM-Full_A-Eucl_AdaBN-F,32,0.925,0.9955333333
Lee2019_SSVEP,EEGNetv4,FM-Full_A-Eucl_AdaBN-F,36,1,1
Lee2019_SSVEP,EEGNetv4,FM-Full_A-Eucl_AdaBN-F,39,1,1
Lee2019_SSVEP,EEGNetv4,FM-Full_A-Eucl_AdaBN-F,40,0.97,0.9986666667
Lee2019_SSVEP,EEGNetv4,FM-Full_A-Eucl_AdaBN-F,41,0.98,0.9997666667
Lee2019_SSVEP,EEGNetv4,FM-Full_A-Eucl_AdaBN-F,42,0.82,0.9695
Lee2019_SSVEP,EEGNetv4,FM-Full_A-Eucl_AdaBN-F,43,1,1
Lee2019_SSVEP,EEGNetv4,FM-Full_A-Eucl_AdaBN-F,44,0.995,1
Lee2019_SSVEP,EEGNetv4,FM-Full_A-Eucl_AdaBN-F,47,0.685,0.8996666667
Lee2019_SSVEP,EEGNetv4,FM-Full_A-Eucl_AdaBN-F,48,0.995,1
Lee2019_SSVEP,EEGNetv4,FM-Full_A-Eucl_AdaBN-F,52,0.975,0.9981666667
Lee2019_SSVEP,EEGNetv4,FM-Full_A-Eucl_AdaBN-F,54,0.84,0.9616333333
Lee2019_SSVEP,EEGNetv4,FM-Full_A-Eucl_AdaBN-T,4,0.995,1
Lee2019_SSVEP,EEGNetv4,FM-Full_A-Eucl_AdaBN-T,5,0.885,0.9820333333
Lee2019_SSVEP,EEGNetv4,FM-Full_A-Eucl_AdaBN-T,6,0.985,1
Lee2019_SSVEP,EEGNetv4,FM-Full_A-Eucl_AdaBN-T,7,0.995,0.9999666667
Lee2019_SSVEP,EEGNetv4,FM-Full_A-Eucl_AdaBN-T,9,0.985,0.9997333333
Lee2019_SSVEP,EEGNetv4,FM-Full_A-Eucl_AdaBN-T,10,0.98,0.9998333333
Lee2019_SSVEP,EEGNetv4,FM-Full_A-Eucl_AdaBN-T,13,1,1
Lee2019_SSVEP,EEGNetv4,FM-Full_A-Eucl_AdaBN-T,14,0.985,0.9999666667
Lee2019_SSVEP,EEGNetv4,FM-Full_A-Eucl_AdaBN-T,16,0.995,0.9996333333
Lee2019_SSVEP,EEGNetv4,FM-Full_A-Eucl_AdaBN-T,17,0.94,0.9965
Lee2019_SSVEP,EEGNetv4,FM-Full_A-Eucl_AdaBN-T,18,0.985,0.9998333333
Lee2019_SSVEP,EEGNetv4,FM-Full_A-Eucl_AdaBN-T,20,0.97,0.9993
Lee2019_SSVEP,EEGNetv4,FM-Full_A-Eucl_AdaBN-T,25,0.97,0.9992
Lee2019_SSVEP,EEGNetv4,FM-Full_A-Eucl_AdaBN-T,26,0.995,1
Lee2019_SSVEP,EEGNetv4,FM-Full_A-Eucl_AdaBN-T,27,0.99,0.9999666667
Lee2019_SSVEP,EEGNetv4,FM-Full_A-Eucl_AdaBN-T,31,0.97,1
Lee2019_SSVEP,EEGNetv4,FM-Full_A-Eucl_AdaBN-T,33,1,1
Lee2019_SSVEP,EEGNetv4,FM-Full_A-Eucl_AdaBN-T,34,0.89,0.9875333333
Lee2019_SSVEP,EEGNetv4,FM-Full_A-Eucl_AdaBN-T,35,0.995,0.9995
Lee2019_SSVEP,EEGNetv4,FM-Full_A-Eucl_AdaBN-T,37,0.995,0.9999666667
Lee2019_SSVEP,EEGNetv4,FM-Full_A-Eucl_AdaBN-T,38,0.995,0.9999
Lee2019_SSVEP,EEGNetv4,FM-Full_A-Eucl_AdaBN-T,45,0.97,0.9995
Lee2019_SSVEP,EEGNetv4,FM-Full_A-Eucl_AdaBN-T,46,1,1
Lee2019_SSVEP,EEGNetv4,FM-Full_A-Eucl_AdaBN-T,49,1,1
Lee2019_SSVEP,EEGNetv4,FM-Full_A-Eucl_AdaBN-T,50,1,1
Lee2019_SSVEP,EEGNetv4,FM-Full_A-Eucl_AdaBN-T,51,0.86,0.9672666667
Lee2019_SSVEP,EEGNetv4,FM-Full_A-Eucl_AdaBN-T,53,1,1
Lee2019_SSVEP,EEGNetv4,FM-Full_A-Eucl_AdaBN-T,1,0.945,0.9962666667
Lee2019_SSVEP,EEGNetv4,FM-Full_A-Eucl_AdaBN-T,2,0.99,0.9998666667
Lee2019_SSVEP,EEGNetv4,FM-Full_A-Eucl_AdaBN-T,3,0.945,0.9943666667
Lee2019_SSVEP,EEGNetv4,FM-Full_A-Eucl_AdaBN-T,8,0.94,0.9952333333
Lee2019_SSVEP,EEGNetv4,FM-Full_A-Eucl_AdaBN-T,11,0.985,1
Lee2019_SSVEP,EEGNetv4,FM-Full_A-Eucl_AdaBN-T,12,0.965,0.9978333333
Lee2019_SSVEP,EEGNetv4,FM-Full_A-Eucl_AdaBN-T,15,1,1
Lee2019_SSVEP,EEGNetv4,FM-Full_A-Eucl_AdaBN-T,19,0.985,0.9952333333
Lee2019_SSVEP,EEGNetv4,FM-Full_A-Eucl_AdaBN-T,21,0.91,0.9873666667
Lee2019_SSVEP,EEGNetv4,FM-Full_A-Eucl_AdaBN-T,22,0.965,0.9939
Lee2019_SSVEP,EEGNetv4,FM-Full_A-Eucl_AdaBN-T,23,0.525,0.7476333333
Lee2019_SSVEP,EEGNetv4,FM-Full_A-Eucl_AdaBN-T,24,0.99,0.9978333333
Lee2019_SSVEP,EEGNetv4,FM-Full_A-Eucl_AdaBN-T,28,0.985,0.9997333333
Lee2019_SSVEP,EEGNetv4,FM-Full_A-Eucl_AdaBN-T,29,0.99,0.999
Lee2019_SSVEP,EEGNetv4,FM-Full_A-Eucl_AdaBN-T,30,0.99,1
Lee2019_SSVEP,EEGNetv4,FM-Full_A-Eucl_AdaBN-T,32,0.92,0.9954666667
Lee2019_SSVEP,EEGNetv4,FM-Full_A-Eucl_AdaBN-T,36,1,1
Lee2019_SSVEP,EEGNetv4,FM-Full_A-Eucl_AdaBN-T,39,1,1
Lee2019_SSVEP,EEGNetv4,FM-Full_A-Eucl_AdaBN-T,40,0.97,0.9985333333
Lee2019_SSVEP,EEGNetv4,FM-Full_A-Eucl_AdaBN-T,41,0.98,0.9997666667
Lee2019_SSVEP,EEGNetv4,FM-Full_A-Eucl_AdaBN-T,42,0.82,0.9693
Lee2019_SSVEP,EEGNetv4,FM-Full_A-Eucl_AdaBN-T,43,1,1
Lee2019_SSVEP,EEGNetv4,FM-Full_A-Eucl_AdaBN-T,44,0.995,1
Lee2019_SSVEP,EEGNetv4,FM-Full_A-Eucl_AdaBN-T,47,0.685,0.9047166667
Lee2019_SSVEP,EEGNetv4,FM-Full_A-Eucl_AdaBN-T,48,0.995,1
Lee2019_SSVEP,EEGNetv4,FM-Full_A-Eucl_AdaBN-T,52,0.975,0.9982
Lee2019_SSVEP,EEGNetv4,FM-Full_A-Eucl_AdaBN-T,54,0.84,0.9622
Lee2019_SSVEP,EEGNetv4,FM-Full_A-None_AdaBN-F,4,0.995,1
Lee2019_SSVEP,EEGNetv4,FM-Full_A-None_AdaBN-F,5,0.845,0.9651333333
Lee2019_SSVEP,EEGNetv4,FM-Full_A-None_AdaBN-F,6,1,1
Lee2019_SSVEP,EEGNetv4,FM-Full_A-None_AdaBN-F,7,0.995,1
Lee2019_SSVEP,EEGNetv4,FM-Full_A-None_AdaBN-F,9,0.975,0.9996333333
Lee2019_SSVEP,EEGNetv4,FM-Full_A-None_AdaBN-F,10,0.985,0.9997333333
Lee2019_SSVEP,EEGNetv4,FM-Full_A-None_AdaBN-F,13,0.98,0.9992333333
Lee2019_SSVEP,EEGNetv4,FM-Full_A-None_AdaBN-F,14,0.95,0.9913833333
Lee2019_SSVEP,EEGNetv4,FM-Full_A-None_AdaBN-F,16,0.995,0.9995
Lee2019_SSVEP,EEGNetv4,FM-Full_A-None_AdaBN-F,17,0.955,0.99625
Lee2019_SSVEP,EEGNetv4,FM-Full_A-None_AdaBN-F,18,0.98,0.9998666667
Lee2019_SSVEP,EEGNetv4,FM-Full_A-None_AdaBN-F,20,0.98,0.9993333333
Lee2019_SSVEP,EEGNetv4,FM-Full_A-None_AdaBN-F,25,0.975,0.999
Lee2019_SSVEP,EEGNetv4,FM-Full_A-None_AdaBN-F,26,0.995,1
Lee2019_SSVEP,EEGNetv4,FM-Full_A-None_AdaBN-F,27,1,1
Lee2019_SSVEP,EEGNetv4,FM-Full_A-None_AdaBN-F,31,0.98,1
Lee2019_SSVEP,EEGNetv4,FM-Full_A-None_AdaBN-F,33,1,1
Lee2019_SSVEP,EEGNetv4,FM-Full_A-None_AdaBN-F,34,0.835,0.96225
Lee2019_SSVEP,EEGNetv4,FM-Full_A-None_AdaBN-F,35,0.99,0.9992666667
Lee2019_SSVEP,EEGNetv4,FM-Full_A-None_AdaBN-F,37,0.99,0.9999333333
Lee2019_SSVEP,EEGNetv4,FM-Full_A-None_AdaBN-F,38,0.995,0.9999666667
Lee2019_SSVEP,EEGNetv4,FM-Full_A-None_AdaBN-F,45,0.965,0.9986
Lee2019_SSVEP,EEGNetv4,FM-Full_A-None_AdaBN-F,46,1,1
Lee2019_SSVEP,EEGNetv4,FM-Full_A-None_AdaBN-F,49,1,1
Lee2019_SSVEP,EEGNetv4,FM-Full_A-None_AdaBN-F,50,0.99,0.9999666667
Lee2019_SSVEP,EEGNetv4,FM-Full_A-None_AdaBN-F,51,0.83,0.9607333333
Lee2019_SSVEP,EEGNetv4,FM-Full_A-None_AdaBN-F,53,1,1
Lee2019_SSVEP,EEGNetv4,FM-Full_A-None_AdaBN-F,1,0.95,0.9958
Lee2019_SSVEP,EEGNetv4,FM-Full_A-None_AdaBN-F,2,0.99,0.9999
Lee2019_SSVEP,EEGNetv4,FM-Full_A-None_AdaBN-F,3,0.93,0.9946
Lee2019_SSVEP,EEGNetv4,FM-Full_A-None_AdaBN-F,8,0.965,0.9962666667
Lee2019_SSVEP,EEGNetv4,FM-Full_A-None_AdaBN-F,11,1,1
Lee2019_SSVEP,EEGNetv4,FM-Full_A-None_AdaBN-F,12,0.965,0.9977
Lee2019_SSVEP,EEGNetv4,FM-Full_A-None_AdaBN-F,15,1,1
Lee2019_SSVEP,EEGNetv4,FM-Full_A-None_AdaBN-F,19,0.99,0.9951666667
Lee2019_SSVEP,EEGNetv4,FM-Full_A-None_AdaBN-F,21,0.975,0.9973333333
Lee2019_SSVEP,EEGNetv4,FM-Full_A-None_AdaBN-F,22,0.94,0.9922666667
Lee2019_SSVEP,EEGNetv4,FM-Full_A-None_AdaBN-F,23,0.555,0.7403666667
Lee2019_SSVEP,EEGNetv4,FM-Full_A-None_AdaBN-F,24,0.98,0.9945833333
Lee2019_SSVEP,EEGNetv4,FM-Full_A-None_AdaBN-F,28,0.995,0.9999666667
Lee2019_SSVEP,EEGNetv4,FM-Full_A-None_AdaBN-F,29,0.975,0.9981333333
Lee2019_SSVEP,EEGNetv4,FM-Full_A-None_AdaBN-F,30,0.995,0.9998
Lee2019_SSVEP,EEGNetv4,FM-Full_A-None_AdaBN-F,32,0.92,0.9904
Lee2019_SSVEP,EEGNetv4,FM-Full_A-None_AdaBN-F,36,1,1
Lee2019_SSVEP,EEGNetv4,FM-Full_A-None_AdaBN-F,39,1,1
Lee2019_SSVEP,EEGNetv4,FM-Full_A-None_AdaBN-F,40,0.955,0.9975666667
Lee2019_SSVEP,EEGNetv4,FM-Full_A-None_AdaBN-F,41,0.995,0.9999333333
Lee2019_SSVEP,EEGNetv4,FM-Full_A-None_AdaBN-F,42,0.79,0.9608
Lee2019_SSVEP,EEGNetv4,FM-Full_A-None_AdaBN-F,43,1,1
Lee2019_SSVEP,EEGNetv4,FM-Full_A-None_AdaBN-F,44,0.99,1
Lee2019_SSVEP,EEGNetv4,FM-Full_A-None_AdaBN-F,47,0.665,0.8811666667
Lee2019_SSVEP,EEGNetv4,FM-Full_A-None_AdaBN-F,48,0.995,1
Lee2019_SSVEP,EEGNetv4,FM-Full_A-None_AdaBN-F,52,0.95,0.9978333333
Lee2019_SSVEP,EEGNetv4,FM-Full_A-None_AdaBN-F,54,0.84,0.9684666667
Lee2019_SSVEP,EEGNetv4,FM-Full_A-Riem_AdaBN-F,4,1,1
Lee2019_SSVEP,EEGNetv4,FM-Full_A-Riem_AdaBN-F,5,0.87,0.9818666667
Lee2019_SSVEP,EEGNetv4,FM-Full_A-Riem_AdaBN-F,6,0.99,1
Lee2019_SSVEP,EEGNetv4,FM-Full_A-Riem_AdaBN-F,7,0.995,0.9999666667
Lee2019_SSVEP,EEGNetv4,FM-Full_A-Riem_AdaBN-F,9,0.98,0.9998666667
Lee2019_SSVEP,EEGNetv4,FM-Full_A-Riem_AdaBN-F,10,0.985,0.9999
Lee2019_SSVEP,EEGNetv4,FM-Full_A-Riem_AdaBN-F,13,1,1
Lee2019_SSVEP,EEGNetv4,FM-Full_A-Riem_AdaBN-F,14,0.99,0.9998666667
Lee2019_SSVEP,EEGNetv4,FM-Full_A-Riem_AdaBN-F,16,0.995,0.9987333333
Lee2019_SSVEP,EEGNetv4,FM-Full_A-Riem_AdaBN-F,17,0.96,0.9969666667
Lee2019_SSVEP,EEGNetv4,FM-Full_A-Riem_AdaBN-F,18,0.98,0.9998
Lee2019_SSVEP,EEGNetv4,FM-Full_A-Riem_AdaBN-F,20,0.975,0.9997666667
Lee2019_SSVEP,EEGNetv4,FM-Full_A-Riem_AdaBN-F,25,0.97,0.9984666667
Lee2019_SSVEP,EEGNetv4,FM-Full_A-Riem_AdaBN-F,26,1,1
Lee2019_SSVEP,EEGNetv4,FM-Full_A-Riem_AdaBN-F,27,0.995,1
Lee2019_SSVEP,EEGNetv4,FM-Full_A-Riem_AdaBN-F,31,0.975,1
Lee2019_SSVEP,EEGNetv4,FM-Full_A-Riem_AdaBN-F,33,1,1
Lee2019_SSVEP,EEGNetv4,FM-Full_A-Riem_AdaBN-F,34,0.895,0.9871333333
Lee2019_SSVEP,EEGNetv4,FM-Full_A-Riem_AdaBN-F,35,0.995,0.9981333333
Lee2019_SSVEP,EEGNetv4,FM-Full_A-Riem_AdaBN-F,37,0.99,0.9999666667
Lee2019_SSVEP,EEGNetv4,FM-Full_A-Riem_AdaBN-F,38,0.995,0.9999333333
Lee2019_SSVEP,EEGNetv4,FM-Full_A-Riem_AdaBN-F,45,0.98,0.9988666667
Lee2019_SSVEP,EEGNetv4,FM-Full_A-Riem_AdaBN-F,46,1,1
Lee2019_SSVEP,EEGNetv4,FM-Full_A-Riem_AdaBN-F,49,1,1
Lee2019_SSVEP,EEGNetv4,FM-Full_A-Riem_AdaBN-F,50,1,1
Lee2019_SSVEP,EEGNetv4,FM-Full_A-Riem_AdaBN-F,51,0.835,0.9642
Lee2019_SSVEP,EEGNetv4,FM-Full_A-Riem_AdaBN-F,53,1,1
Lee2019_SSVEP,EEGNetv4,FM-Full_A-Riem_AdaBN-F,1,0.93,0.9950666667
Lee2019_SSVEP,EEGNetv4,FM-Full_A-Riem_AdaBN-F,2,0.99,0.9998333333
Lee2019_SSVEP,EEGNetv4,FM-Full_A-Riem_AdaBN-F,3,0.945,0.9951333333
Lee2019_SSVEP,EEGNetv4,FM-Full_A-Riem_AdaBN-F,8,0.965,0.9962666667
Lee2019_SSVEP,EEGNetv4,FM-Full_A-Riem_AdaBN-F,11,0.995,1
Lee2019_SSVEP,EEGNetv4,FM-Full_A-Riem_AdaBN-F,12,0.96,0.9971666667
Lee2019_SSVEP,EEGNetv4,FM-Full_A-Riem_AdaBN-F,15,1,1
Lee2019_SSVEP,EEGNetv4,FM-Full_A-Riem_AdaBN-F,19,0.985,0.9949
Lee2019_SSVEP,EEGNetv4,FM-Full_A-Riem_AdaBN-F,21,0.935,0.9903
Lee2019_SSVEP,EEGNetv4,FM-Full_A-Riem_AdaBN-F,22,0.96,0.994
Lee2019_SSVEP,EEGNetv4,FM-Full_A-Riem_AdaBN-F,23,0.575,0.8019333333
Lee2019_SSVEP,EEGNetv4,FM-Full_A-Riem_AdaBN-F,24,0.995,0.9987
Lee2019_SSVEP,EEGNetv4,FM-Full_A-Riem_AdaBN-F,28,0.99,0.9995666667
Lee2019_SSVEP,EEGNetv4,FM-Full_A-Riem_AdaBN-F,29,0.97,0.9984333333
Lee2019_SSVEP,EEGNetv4,FM-Full_A-Riem_AdaBN-F,30,0.99,1
Lee2019_SSVEP,EEGNetv4,FM-Full_A-Riem_AdaBN-F,32,0.935,0.9936333333
Lee2019_SSVEP,EEGNetv4,FM-Full_A-Riem_AdaBN-F,36,1,1
Lee2019_SSVEP,EEGNetv4,FM-Full_A-Riem_AdaBN-F,39,1,1
Lee2019_SSVEP,EEGNetv4,FM-Full_A-Riem_AdaBN-F,40,0.955,0.9981333333
Lee2019_SSVEP,EEGNetv4,FM-Full_A-Riem_AdaBN-F,41,0.98,0.9998
Lee2019_SSVEP,EEGNetv4,FM-Full_A-Riem_AdaBN-F,42,0.825,0.9660666667
Lee2019_SSVEP,EEGNetv4,FM-Full_A-Riem_AdaBN-F,43,0.995,1
Lee2019_SSVEP,EEGNetv4,FM-Full_A-Riem_AdaBN-F,44,1,1
Lee2019_SSVEP,EEGNetv4,FM-Full_A-Riem_AdaBN-F,47,0.695,0.9000333333
Lee2019_SSVEP,EEGNetv4,FM-Full_A-Riem_AdaBN-F,48,0.995,1
Lee2019_SSVEP,EEGNetv4,FM-Full_A-Riem_AdaBN-F,52,0.965,0.9986
Lee2019_SSVEP,EEGNetv4,FM-Full_A-Riem_AdaBN-F,54,0.855,0.9748333333
Lee2019_SSVEP,EEGNetv4,FM-Full_A-Riem_AdaBN-T,4,0.995,1
Lee2019_SSVEP,EEGNetv4,FM-Full_A-Riem_AdaBN-T,5,0.875,0.9833
Lee2019_SSVEP,EEGNetv4,FM-Full_A-Riem_AdaBN-T,6,0.985,1
Lee2019_SSVEP,EEGNetv4,FM-Full_A-Riem_AdaBN-T,7,0.99,0.9999666667
Lee2019_SSVEP,EEGNetv4,FM-Full_A-Riem_AdaBN-T,9,0.985,0.9998333333
Lee2019_SSVEP,EEGNetv4,FM-Full_A-Riem_AdaBN-T,10,0.985,0.9999666667
Lee2019_SSVEP,EEGNetv4,FM-Full_A-Riem_AdaBN-T,13,1,1
Lee2019_SSVEP,EEGNetv4,FM-Full_A-Riem_AdaBN-T,14,0.99,0.9999333333
Lee2019_SSVEP,EEGNetv4,FM-Full_A-Riem_AdaBN-T,16,0.995,0.9994333333
Lee2019_SSVEP,EEGNetv4,FM-Full_A-Riem_AdaBN-T,17,0.955,0.9968
Lee2019_SSVEP,EEGNetv4,FM-Full_A-Riem_AdaBN-T,18,0.985,0.9998666667
Lee2019_SSVEP,EEGNetv4,FM-Full_A-Riem_AdaBN-T,20,0.975,0.9995333333
Lee2019_SSVEP,EEGNetv4,FM-Full_A-Riem_AdaBN-T,25,0.97,0.9987333333
Lee2019_SSVEP,EEGNetv4,FM-Full_A-Riem_AdaBN-T,26,1,1
Lee2019_SSVEP,EEGNetv4,FM-Full_A-Riem_AdaBN-T,27,0.995,1
Lee2019_SSVEP,EEGNetv4,FM-Full_A-Riem_AdaBN-T,31,0.975,1
Lee2019_SSVEP,EEGNetv4,FM-Full_A-Riem_AdaBN-T,33,1,1
Lee2019_SSVEP,EEGNetv4,FM-Full_A-Riem_AdaBN-T,34,0.875,0.9847
Lee2019_SSVEP,EEGNetv4,FM-Full_A-Riem_AdaBN-T,35,0.995,0.9993
Lee2019_SSVEP,EEGNetv4,FM-Full_A-Riem_AdaBN-T,37,0.99,0.9999666667
Lee2019_SSVEP,EEGNetv4,FM-Full_A-Riem_AdaBN-T,38,0.99,0.9999333333
Lee2019_SSVEP,EEGNetv4,FM-Full_A-Riem_AdaBN-T,45,0.975,0.9991666667
Lee2019_SSVEP,EEGNetv4,FM-Full_A-Riem_AdaBN-T,46,1,1
Lee2019_SSVEP,EEGNetv4,FM-Full_A-Riem_AdaBN-T,49,1,1
Lee2019_SSVEP,EEGNetv4,FM-Full_A-Riem_AdaBN-T,50,1,1
Lee2019_SSVEP,EEGNetv4,FM-Full_A-Riem_AdaBN-T,51,0.82,0.9613666667
Lee2019_SSVEP,EEGNetv4,FM-Full_A-Riem_AdaBN-T,53,1,1
Lee2019_SSVEP,EEGNetv4,FM-Full_A-Riem_AdaBN-T,1,0.935,0.9956333333
Lee2019_SSVEP,EEGNetv4,FM-Full_A-Riem_AdaBN-T,2,0.99,0.9999
Lee2019_SSVEP,EEGNetv4,FM-Full_A-Riem_AdaBN-T,3,0.945,0.9944
Lee2019_SSVEP,EEGNetv4,FM-Full_A-Riem_AdaBN-T,8,0.955,0.9966666667
Lee2019_SSVEP,EEGNetv4,FM-Full_A-Riem_AdaBN-T,11,1,1
Lee2019_SSVEP,EEGNetv4,FM-Full_A-Riem_AdaBN-T,12,0.965,0.9979
Lee2019_SSVEP,EEGNetv4,FM-Full_A-Riem_AdaBN-T,15,1,1
Lee2019_SSVEP,EEGNetv4,FM-Full_A-Riem_AdaBN-T,19,0.99,0.9949666667
Lee2019_SSVEP,EEGNetv4,FM-Full_A-Riem_AdaBN-T,21,0.925,0.9901333333
Lee2019_SSVEP,EEGNetv4,FM-Full_A-Riem_AdaBN-T,22,0.97,0.9951666667
Lee2019_SSVEP,EEGNetv4,FM-Full_A-Riem_AdaBN-T,23,0.535,0.7522666667
Lee2019_SSVEP,EEGNetv4,FM-Full_A-Riem_AdaBN-T,24,0.995,0.9977
Lee2019_SSVEP,EEGNetv4,FM-Full_A-Riem_AdaBN-T,28,0.985,0.9998333333
Lee2019_SSVEP,EEGNetv4,FM-Full_A-Riem_AdaBN-T,29,0.98,0.9993666667
Lee2019_SSVEP,EEGNetv4,FM-Full_A-Riem_AdaBN-T,30,0.98,1
Lee2019_SSVEP,EEGNetv4,FM-Full_A-Riem_AdaBN-T,32,0.935,0.9953
Lee2019_SSVEP,EEGNetv4,FM-Full_A-Riem_AdaBN-T,36,1,1
Lee2019_SSVEP,EEGNetv4,FM-Full_A-Riem_AdaBN-T,39,1,1
Lee2019_SSVEP,EEGNetv4,FM-Full_A-Riem_AdaBN-T,40,0.96,0.9983333333
Lee2019_SSVEP,EEGNetv4,FM-Full_A-Riem_AdaBN-T,41,0.985,0.9997666667
Lee2019_SSVEP,EEGNetv4,FM-Full_A-Riem_AdaBN-T,42,0.835,0.9689333333
Lee2019_SSVEP,EEGNetv4,FM-Full_A-Riem_AdaBN-T,43,0.995,1
Lee2019_SSVEP,EEGNetv4,FM-Full_A-Riem_AdaBN-T,44,0.995,1
Lee2019_SSVEP,EEGNetv4,FM-Full_A-Riem_AdaBN-T,47,0.7,0.9040333333
Lee2019_SSVEP,EEGNetv4,FM-Full_A-Riem_AdaBN-T,48,0.995,1
Lee2019_SSVEP,EEGNetv4,FM-Full_A-Riem_AdaBN-T,52,0.975,0.9985666667
Lee2019_SSVEP,EEGNetv4,FM-Full_A-Riem_AdaBN-T,54,0.84,0.9677333333
Lee2019_SSVEP,EEGNetv4,FM-None_A-Eucl_AdaBN-T,4,0.995,1
Lee2019_SSVEP,EEGNetv4,FM-None_A-Eucl_AdaBN-T,5,0.855,0.9750333333
Lee2019_SSVEP,EEGNetv4,FM-None_A-Eucl_AdaBN-T,6,0.885,0.9993666667
Lee2019_SSVEP,EEGNetv4,FM-None_A-Eucl_AdaBN-T,7,0.98,0.9997666667
Lee2019_SSVEP,EEGNetv4,FM-None_A-Eucl_AdaBN-T,9,0.99,0.9997666667
Lee2019_SSVEP,EEGNetv4,FM-None_A-Eucl_AdaBN-T,10,0.98,0.9998
Lee2019_SSVEP,EEGNetv4,FM-None_A-Eucl_AdaBN-T,13,0.985,0.9999666667
Lee2019_SSVEP,EEGNetv4,FM-None_A-Eucl_AdaBN-T,14,0.955,0.9986666667
Lee2019_SSVEP,EEGNetv4,FM-None_A-Eucl_AdaBN-T,16,0.995,0.9998666667
Lee2019_SSVEP,EEGNetv4,FM-None_A-Eucl_AdaBN-T,17,0.915,0.9938666667
Lee2019_SSVEP,EEGNetv4,FM-None_A-Eucl_AdaBN-T,18,0.985,0.9998333333
Lee2019_SSVEP,EEGNetv4,FM-None_A-Eucl_AdaBN-T,20,0.965,0.9991666667
Lee2019_SSVEP,EEGNetv4,FM-None_A-Eucl_AdaBN-T,25,0.97,0.9983666667
Lee2019_SSVEP,EEGNetv4,FM-None_A-Eucl_AdaBN-T,26,0.995,0.9999333333
Lee2019_SSVEP,EEGNetv4,FM-None_A-Eucl_AdaBN-T,27,0.99,0.9999
Lee2019_SSVEP,EEGNetv4,FM-None_A-Eucl_AdaBN-T,31,0.955,0.9999333333
Lee2019_SSVEP,EEGNetv4,FM-None_A-Eucl_AdaBN-T,33,1,1
Lee2019_SSVEP,EEGNetv4,FM-None_A-Eucl_AdaBN-T,34,0.845,0.9715
Lee2019_SSVEP,EEGNetv4,FM-None_A-Eucl_AdaBN-T,35,0.99,0.9996
Lee2019_SSVEP,EEGNetv4,FM-None_A-Eucl_AdaBN-T,37,0.995,1
Lee2019_SSVEP,EEGNetv4,FM-None_A-Eucl_AdaBN-T,38,0.995,0.9999333333
Lee2019_SSVEP,EEGNetv4,FM-None_A-Eucl_AdaBN-T,45,0.955,0.999
Lee2019_SSVEP,EEGNetv4,FM-None_A-Eucl_AdaBN-T,46,1,1
Lee2019_SSVEP,EEGNetv4,FM-None_A-Eucl_AdaBN-T,49,1,1
Lee2019_SSVEP,EEGNetv4,FM-None_A-Eucl_AdaBN-T,50,1,1
Lee2019_SSVEP,EEGNetv4,FM-None_A-Eucl_AdaBN-T,51,0.825,0.9588333333
Lee2019_SSVEP,EEGNetv4,FM-None_A-Eucl_AdaBN-T,53,1,1
Lee2019_SSVEP,EEGNetv4,FM-None_A-Eucl_AdaBN-T,1,0.945,0.9956666667
Lee2019_SSVEP,EEGNetv4,FM-None_A-Eucl_AdaBN-T,2,0.985,0.9990333333
Lee2019_SSVEP,EEGNetv4,FM-None_A-Eucl_AdaBN-T,3,0.95,0.9957333333
Lee2019_SSVEP,EEGNetv4,FM-None_A-Eucl_AdaBN-T,8,0.94,0.9977666667
Lee2019_SSVEP,EEGNetv4,FM-None_A-Eucl_AdaBN-T,11,0.97,1
Lee2019_SSVEP,EEGNetv4,FM-None_A-Eucl_AdaBN-T,12,0.975,0.9972666667
Lee2019_SSVEP,EEGNetv4,FM-None_A-Eucl_AdaBN-T,15,1,1
Lee2019_SSVEP,EEGNetv4,FM-None_A-Eucl_AdaBN-T,19,0.985,0.9952666667
Lee2019_SSVEP,EEGNetv4,FM-None_A-Eucl_AdaBN-T,21,0.86,0.9650333333
Lee2019_SSVEP,EEGNetv4,FM-None_A-Eucl_AdaBN-T,22,0.95,0.9947666667
Lee2019_SSVEP,EEGNetv4,FM-None_A-Eucl_AdaBN-T,23,0.31,0.544
Lee2019_SSVEP,EEGNetv4,FM-None_A-Eucl_AdaBN-T,24,0.985,0.9974666667
Lee2019_SSVEP,EEGNetv4,FM-None_A-Eucl_AdaBN-T,28,0.985,0.9998333333
Lee2019_SSVEP,EEGNetv4,FM-None_A-Eucl_AdaBN-T,29,0.965,0.9985333333
Lee2019_SSVEP,EEGNetv4,FM-None_A-Eucl_AdaBN-T,30,0.97,1
Lee2019_SSVEP,EEGNetv4,FM-None_A-Eucl_AdaBN-T,32,0.8,0.9641
Lee2019_SSVEP,EEGNetv4,FM-None_A-Eucl_AdaBN-T,36,1,1
Lee2019_SSVEP,EEGNetv4,FM-None_A-Eucl_AdaBN-T,39,1,1
Lee2019_SSVEP,EEGNetv4,FM-None_A-Eucl_AdaBN-T,40,0.955,0.9975333333
Lee2019_SSVEP,EEGNetv4,FM-None_A-Eucl_AdaBN-T,41,0.975,0.9989666667
Lee2019_SSVEP,EEGNetv4,FM-None_A-Eucl_AdaBN-T,42,0.835,0.9707333333
Lee2019_SSVEP,EEGNetv4,FM-None_A-Eucl_AdaBN-T,43,1,1
Lee2019_SSVEP,EEGNetv4,FM-None_A-Eucl_AdaBN-T,44,0.995,1
Lee2019_SSVEP,EEGNetv4,FM-None_A-Eucl_AdaBN-T,47,0.7,0.9064666667
Lee2019_SSVEP,EEGNetv4,FM-None_A-Eucl_AdaBN-T,48,0.995,1
Lee2019_SSVEP,EEGNetv4,FM-None_A-Eucl_AdaBN-T,52,0.935,0.9973
Lee2019_SSVEP,EEGNetv4,FM-None_A-Eucl_AdaBN-T,54,0.59,0.8389333333
Lee2019_SSVEP,EEGNetv4,FM-None_A-None_AdaBN-F,4,0.995,1
Lee2019_SSVEP,EEGNetv4,FM-None_A-None_AdaBN-F,5,0.825,0.9573166667
Lee2019_SSVEP,EEGNetv4,FM-None_A-None_AdaBN-F,6,1,1
Lee2019_SSVEP,EEGNetv4,FM-None_A-None_AdaBN-F,7,0.985,0.9999333333
Lee2019_SSVEP,EEGNetv4,FM-None_A-None_AdaBN-F,9,0.98,0.9998
Lee2019_SSVEP,EEGNetv4,FM-None_A-None_AdaBN-F,10,0.985,0.9996333333
Lee2019_SSVEP,EEGNetv4,FM-None_A-None_AdaBN-F,13,0.945,0.997
Lee2019_SSVEP,EEGNetv4,FM-None_A-None_AdaBN-F,14,0.92,0.9848
Lee2019_SSVEP,EEGNetv4,FM-None_A-None_AdaBN-F,16,0.99,0.9999
Lee2019_SSVEP,EEGNetv4,FM-None_A-None_AdaBN-F,17,0.91,0.99115
Lee2019_SSVEP,EEGNetv4,FM-None_A-None_AdaBN-F,18,0.98,0.9998666667
Lee2019_SSVEP,EEGNetv4,FM-None_A-None_AdaBN-F,20,0.975,0.9989666667
Lee2019_SSVEP,EEGNetv4,FM-None_A-None_AdaBN-F,25,0.955,0.9982
Lee2019_SSVEP,EEGNetv4,FM-None_A-None_AdaBN-F,26,0.98,0.9996666667
Lee2019_SSVEP,EEGNetv4,FM-None_A-None_AdaBN-F,27,1,1
Lee2019_SSVEP,EEGNetv4,FM-None_A-None_AdaBN-F,31,0.97,1
Lee2019_SSVEP,EEGNetv4,FM-None_A-None_AdaBN-F,33,1,1
Lee2019_SSVEP,EEGNetv4,FM-None_A-None_AdaBN-F,34,0.755,0.9309333333
Lee2019_SSVEP,EEGNetv4,FM-None_A-None_AdaBN-F,35,0.955,0.9984333333
Lee2019_SSVEP,EEGNetv4,FM-None_A-None_AdaBN-F,37,0.99,0.9998666667
Lee2019_SSVEP,EEGNetv4,FM-None_A-None_AdaBN-F,38,0.995,0.9999333333
Lee2019_SSVEP,EEGNetv4,FM-None_A-None_AdaBN-F,45,0.955,0.9981
Lee2019_SSVEP,EEGNetv4,FM-None_A-None_AdaBN-F,46,1,1
Lee2019_SSVEP,EEGNetv4,FM-None_A-None_AdaBN-F,49,1,1
Lee2019_SSVEP,EEGNetv4,FM-None_A-None_AdaBN-F,50,0.995,1
Lee2019_SSVEP,EEGNetv4,FM-None_A-None_AdaBN-F,51,0.8,0.9450333333
Lee2019_SSVEP,EEGNetv4,FM-None_A-None_AdaBN-F,53,1,1
Lee2019_SSVEP,EEGNetv4,FM-None_A-None_AdaBN-F,1,0.94,0.9948333333
Lee2019_SSVEP,EEGNetv4,FM-None_A-None_AdaBN-F,2,0.99,0.9997
Lee2019_SSVEP,EEGNetv4,FM-None_A-None_AdaBN-F,3,0.94,0.9961666667
Lee2019_SSVEP,EEGNetv4,FM-None_A-None_AdaBN-F,8,0.9,0.9934666667
Lee2019_SSVEP,EEGNetv4,FM-None_A-None_AdaBN-F,11,1,1
Lee2019_SSVEP,EEGNetv4,FM-None_A-None_AdaBN-F,12,0.97,0.9988
Lee2019_SSVEP,EEGNetv4,FM-None_A-None_AdaBN-F,15,0.855,0.9787666667
Lee2019_SSVEP,EEGNetv4,FM-None_A-None_AdaBN-F,19,0.99,0.9950666667
Lee2019_SSVEP,EEGNetv4,FM-None_A-None_AdaBN-F,21,0.895,0.9946333333
Lee2019_SSVEP,EEGNetv4,FM-None_A-None_AdaBN-F,22,0.875,0.9882666667
Lee2019_SSVEP,EEGNetv4,FM-None_A-None_AdaBN-F,23,0.285,0.5586666667
Lee2019_SSVEP,EEGNetv4,FM-None_A-None_AdaBN-F,24,0.96,0.9958333333
Lee2019_SSVEP,EEGNetv4,FM-None_A-None_AdaBN-F,28,0.975,0.9996
Lee2019_SSVEP,EEGNetv4,FM-None_A-None_AdaBN-F,29,0.9,0.981
Lee2019_SSVEP,EEGNetv4,FM-None_A-None_AdaBN-F,30,0.96,0.9989333333
Lee2019_SSVEP,EEGNetv4,FM-None_A-None_AdaBN-F,32,0.725,0.9452
Lee2019_SSVEP,EEGNetv4,FM-None_A-None_AdaBN-F,36,1,1
Lee2019_SSVEP,EEGNetv4,FM-None_A-None_AdaBN-F,39,1,1
Lee2019_SSVEP,EEGNetv4,FM-None_A-None_AdaBN-F,40,0.945,0.9969
Lee2019_SSVEP,EEGNetv4,FM-None_A-None_AdaBN-F,41,0.985,0.9996666667
Lee2019_SSVEP,EEGNetv4,FM-None_A-None_AdaBN-F,42,0.82,0.9667333333
Lee2019_SSVEP,EEGNetv4,FM-None_A-None_AdaBN-F,43,1,1
Lee2019_SSVEP,EEGNetv4,FM-None_A-None_AdaBN-F,44,0.995,1
Lee2019_SSVEP,EEGNetv4,FM-None_A-None_AdaBN-F,47,0.625,0.85675
Lee2019_SSVEP,EEGNetv4,FM-None_A-None_AdaBN-F,48,0.995,1
Lee2019_SSVEP,EEGNetv4,FM-None_A-None_AdaBN-F,52,0.935,0.9956666667
Lee2019_SSVEP,EEGNetv4,FM-None_A-None_AdaBN-F,54,0.625,0.8807666667
Lee2019_SSVEP,EEGNetv4,NoPre_FM-Full_A-Eucl_AdaBN-T,4,0.79,0.9541333333
Lee2019_SSVEP,EEGNetv4,NoPre_FM-Full_A-Eucl_AdaBN-T,5,0.595,0.8328333333
Lee2019_SSVEP,EEGNetv4,NoPre_FM-Full_A-Eucl_AdaBN-T,6,0.775,0.9347666667
Lee2019_SSVEP,EEGNetv4,NoPre_FM-Full_A-Eucl_AdaBN-T,7,0.755,0.9415333333
Lee2019_SSVEP,EEGNetv4,NoPre_FM-Full_A-Eucl_AdaBN-T,9,0.635,0.8755666667
Lee2019_SSVEP,EEGNetv4,NoPre_FM-Full_A-Eucl_AdaBN-T,10,0.745,0.9206666667
Lee2019_SSVEP,EEGNetv4,NoPre_FM-Full_A-Eucl_AdaBN-T,13,0.595,0.8301
Lee2019_SSVEP,EEGNetv4,NoPre_FM-Full_A-Eucl_AdaBN-T,14,0.66,0.8752666667
Lee2019_SSVEP,EEGNetv4,NoPre_FM-Full_A-Eucl_AdaBN-T,16,0.77,0.9495333333
Lee2019_SSVEP,EEGNetv4,NoPre_FM-Full_A-Eucl_AdaBN-T,17,0.595,0.8172666667
Lee2019_SSVEP,EEGNetv4,NoPre_FM-Full_A-Eucl_AdaBN-T,18,0.825,0.9572333333
Lee2019_SSVEP,EEGNetv4,NoPre_FM-Full_A-Eucl_AdaBN-T,20,0.69,0.8939666667
Lee2019_SSVEP,EEGNetv4,NoPre_FM-Full_A-Eucl_AdaBN-T,25,0.72,0.9081333333
Lee2019_SSVEP,EEGNetv4,NoPre_FM-Full_A-Eucl_AdaBN-T,26,0.73,0.9326333333
Lee2019_SSVEP,EEGNetv4,NoPre_FM-Full_A-Eucl_AdaBN-T,27,0.795,0.9521
Lee2019_SSVEP,EEGNetv4,NoPre_FM-Full_A-Eucl_AdaBN-T,31,0.805,0.9652
Lee2019_SSVEP,EEGNetv4,NoPre_FM-Full_A-Eucl_AdaBN-T,33,0.635,0.8562333333
Lee2019_SSVEP,EEGNetv4,NoPre_FM-Full_A-Eucl_AdaBN-T,34,0.495,0.7635
Lee2019_SSVEP,EEGNetv4,NoPre_FM-Full_A-Eucl_AdaBN-T,35,0.755,0.9352666667
Lee2019_SSVEP,EEGNetv4,NoPre_FM-Full_A-Eucl_AdaBN-T,37,0.77,0.9373333333
Lee2019_SSVEP,EEGNetv4,NoPre_FM-Full_A-Eucl_AdaBN-T,38,0.86,0.9670333333
Lee2019_SSVEP,EEGNetv4,NoPre_FM-Full_A-Eucl_AdaBN-T,45,0.64,0.8780333333
Lee2019_SSVEP,EEGNetv4,NoPre_FM-Full_A-Eucl_AdaBN-T,46,0.635,0.8852
Lee2019_SSVEP,EEGNetv4,NoPre_FM-Full_A-Eucl_AdaBN-T,49,0.73,0.9148333333
Lee2019_SSVEP,EEGNetv4,NoPre_FM-Full_A-Eucl_AdaBN-T,50,0.75,0.9331
Lee2019_SSVEP,EEGNetv4,NoPre_FM-Full_A-Eucl_AdaBN-T,51,0.6,0.8256333333
Lee2019_SSVEP,EEGNetv4,NoPre_FM-Full_A-Eucl_AdaBN-T,53,0.67,0.8987666667
Lee2019_SSVEP,EEGNetv4,NoPre_FM-Full_A-Eucl_AdaBN-T,1,0.67,0.8829
Lee2019_SSVEP,EEGNetv4,NoPre_FM-Full_A-Eucl_AdaBN-T,2,0.675,0.9105666667
Lee2019_SSVEP,EEGNetv4,NoPre_FM-Full_A-Eucl_AdaBN-T,3,0.66,0.8892
Lee2019_SSVEP,EEGNetv4,NoPre_FM-Full_A-Eucl_AdaBN-T,8,0.47,0.7182333333
Lee2019_SSVEP,EEGNetv4,NoPre_FM-Full_A-Eucl_AdaBN-T,11,0.795,0.9542
Lee2019_SSVEP,EEGNetv4,NoPre_FM-Full_A-Eucl_AdaBN-T,12,0.755,0.9309333333
Lee2019_SSVEP,EEGNetv4,NoPre_FM-Full_A-Eucl_AdaBN-T,15,0.785,0.9433333333
Lee2019_SSVEP,EEGNetv4,NoPre_FM-Full_A-Eucl_AdaBN-T,19,0.725,0.919
Lee2019_SSVEP,EEGNetv4,NoPre_FM-Full_A-Eucl_AdaBN-T,21,0.755,0.9205
Lee2019_SSVEP,EEGNetv4,NoPre_FM-Full_A-Eucl_AdaBN-T,22,0.535,0.7766666667
Lee2019_SSVEP,EEGNetv4,NoPre_FM-Full_A-Eucl_AdaBN-T,23,0.34,0.6284666667
Lee2019_SSVEP,EEGNetv4,NoPre_FM-Full_A-Eucl_AdaBN-T,24,0.705,0.8993333333
Lee2019_SSVEP,EEGNetv4,NoPre_FM-Full_A-Eucl_AdaBN-T,28,0.625,0.8618
Lee2019_SSVEP,EEGNetv4,NoPre_FM-Full_A-Eucl_AdaBN-T,29,0.625,0.8456666667
Lee2019_SSVEP,EEGNetv4,NoPre_FM-Full_A-Eucl_AdaBN-T,30,0.805,0.9501666667
Lee2019_SSVEP,EEGNetv4,NoPre_FM-Full_A-Eucl_AdaBN-T,32,0.7,0.9031
Lee2019_SSVEP,EEGNetv4,NoPre_FM-Full_A-Eucl_AdaBN-T,36,0.83,0.9663
Lee2019_SSVEP,EEGNetv4,NoPre_FM-Full_A-Eucl_AdaBN-T,39,0.7,0.9093
Lee2019_SSVEP,EEGNetv4,NoPre_FM-Full_A-Eucl_AdaBN-T,40,0.675,0.8885333333
Lee2019_SSVEP,EEGNetv4,NoPre_FM-Full_A-Eucl_AdaBN-T,41,0.7,0.8928333333
Lee2019_SSVEP,EEGNetv4,NoPre_FM-Full_A-Eucl_AdaBN-T,42,0.45,0.7105666667
Lee2019_SSVEP,EEGNetv4,NoPre_FM-Full_A-Eucl_AdaBN-T,43,0.78,0.9454333333
Lee2019_SSVEP,EEGNetv4,NoPre_FM-Full_A-Eucl_AdaBN-T,44,0.825,0.9663333333
Lee2019_SSVEP,EEGNetv4,NoPre_FM-Full_A-Eucl_AdaBN-T,47,0.44,0.6929
Lee2019_SSVEP,EEGNetv4,NoPre_FM-Full_A-Eucl_AdaBN-T,48,0.735,0.9284333333
Lee2019_SSVEP,EEGNetv4,NoPre_FM-Full_A-Eucl_AdaBN-T,52,0.595,0.8511666667
Lee2019_SSVEP,EEGNetv4,NoPre_FM-Full_A-Eucl_AdaBN-T,54,0.655,0.8709333333
Lee2019_SSVEP,EEGNetv4,NoPre_FM-Full_A-None_AdaBN-F,4,0.855,0.9786333333
Lee2019_SSVEP,EEGNetv4,NoPre_FM-Full_A-None_AdaBN-F,5,0.535,0.7935666667
Lee2019_SSVEP,EEGNetv4,NoPre_FM-Full_A-None_AdaBN-F,6,0.765,0.9511666667
Lee2019_SSVEP,EEGNetv4,NoPre_FM-Full_A-None_AdaBN-F,7,0.83,0.9744
Lee2019_SSVEP,EEGNetv4,NoPre_FM-Full_A-None_AdaBN-F,9,0.64,0.8629666667
Lee2019_SSVEP,EEGNetv4,NoPre_FM-Full_A-None_AdaBN-F,10,0.72,0.921
Lee2019_SSVEP,EEGNetv4,NoPre_FM-Full_A-None_AdaBN-F,13,0.65,0.8887
Lee2019_SSVEP,EEGNetv4,NoPre_FM-Full_A-None_AdaBN-F,14,0.485,0.7563666667
Lee2019_SSVEP,EEGNetv4,NoPre_FM-Full_A-None_AdaBN-F,16,0.825,0.9604333333
Lee2019_SSVEP,EEGNetv4,NoPre_FM-Full_A-None_AdaBN-F,17,0.605,0.8342
Lee2019_SSVEP,EEGNetv4,NoPre_FM-Full_A-None_AdaBN-F,18,0.86,0.9821666667
Lee2019_SSVEP,EEGNetv4,NoPre_FM-Full_A-None_AdaBN-F,20,0.565,0.8286333333
Lee2019_SSVEP,EEGNetv4,NoPre_FM-Full_A-None_AdaBN-F,25,0.765,0.9295333333
Lee2019_SSVEP,EEGNetv4,NoPre_FM-Full_A-None_AdaBN-F,26,0.675,0.891
Lee2019_SSVEP,EEGNetv4,NoPre_FM-Full_A-None_AdaBN-F,27,0.79,0.9559
Lee2019_SSVEP,EEGNetv4,NoPre_FM-Full_A-None_AdaBN-F,31,0.905,0.9862666667
Lee2019_SSVEP,EEGNetv4,NoPre_FM-Full_A-None_AdaBN-F,33,0.585,0.837
Lee2019_SSVEP,EEGNetv4,NoPre_FM-Full_A-None_AdaBN-F,34,0.525,0.7436333333
Lee2019_SSVEP,EEGNetv4,NoPre_FM-Full_A-None_AdaBN-F,35,0.635,0.8639666667
Lee2019_SSVEP,EEGNetv4,NoPre_FM-Full_A-None_AdaBN-F,37,0.745,0.9289666667
Lee2019_SSVEP,EEGNetv4,NoPre_FM-Full_A-None_AdaBN-F,38,0.755,0.9395666667
Lee2019_SSVEP,EEGNetv4,NoPre_FM-Full_A-None_AdaBN-F,45,0.605,0.8651
Lee2019_SSVEP,EEGNetv4,NoPre_FM-Full_A-None_AdaBN-F,46,0.58,0.8079
Lee2019_SSVEP,EEGNetv4,NoPre_FM-Full_A-None_AdaBN-F,49,0.765,0.9349666667
Lee2019_SSVEP,EEGNetv4,NoPre_FM-Full_A-None_AdaBN-F,50,0.745,0.9405333333
Lee2019_SSVEP,EEGNetv4,NoPre_FM-Full_A-None_AdaBN-F,51,0.435,0.7113
Lee2019_SSVEP,EEGNetv4,NoPre_FM-Full_A-None_AdaBN-F,53,0.645,0.8847
Lee2019_SSVEP,EEGNetv4,NoPre_FM-Full_A-None_AdaBN-F,1,0.575,0.8147333333
Lee2019_SSVEP,EEGNetv4,NoPre_FM-Full_A-None_AdaBN-F,2,0.745,0.9349333333
Lee2019_SSVEP,EEGNetv4,NoPre_FM-Full_A-None_AdaBN-F,3,0.72,0.9285666667
Lee2019_SSVEP,EEGNetv4,NoPre_FM-Full_A-None_AdaBN-F,8,0.475,0.7582666667
Lee2019_SSVEP,EEGNetv4,NoPre_FM-Full_A-None_AdaBN-F,11,0.86,0.9799333333
Lee2019_SSVEP,EEGNetv4,NoPre_FM-Full_A-None_AdaBN-F,12,0.775,0.9351333333
Lee2019_SSVEP,EEGNetv4,NoPre_FM-Full_A-None_AdaBN-F,15,0.745,0.9453
Lee2019_SSVEP,EEGNetv4,NoPre_FM-Full_A-None_AdaBN-F,19,0.65,0.8904
Lee2019_SSVEP,EEGNetv4,NoPre_FM-Full_A-None_AdaBN-F,21,0.765,0.9394
Lee2019_SSVEP,EEGNetv4,NoPre_FM-Full_A-None_AdaBN-F,22,0.54,0.7723666667
Lee2019_SSVEP,EEGNetv4,NoPre_FM-Full_A-None_AdaBN-F,23,0.35,0.5755
Lee2019_SSVEP,EEGNetv4,NoPre_FM-Full_A-None_AdaBN-F,24,0.565,0.8266666667
Lee2019_SSVEP,EEGNetv4,NoPre_FM-Full_A-None_AdaBN-F,28,0.64,0.8667
Lee2019_SSVEP,EEGNetv4,NoPre_FM-Full_A-None_AdaBN-F,29,0.635,0.8602333333
Lee2019_SSVEP,EEGNetv4,NoPre_FM-Full_A-None_AdaBN-F,30,0.805,0.9585
Lee2019_SSVEP,EEGNetv4,NoPre_FM-Full_A-None_AdaBN-F,32,0.675,0.8981333333
Lee2019_SSVEP,EEGNetv4,NoPre_FM-Full_A-None_AdaBN-F,36,0.88,0.9812666667
Lee2019_SSVEP,EEGNetv4,NoPre_FM-Full_A-None_AdaBN-F,39,0.63,0.8775666667
Lee2019_SSVEP,EEGNetv4,NoPre_FM-Full_A-None_AdaBN-F,40,0.71,0.8978333333
Lee2019_SSVEP,EEGNetv4,NoPre_FM-Full_A-None_AdaBN-F,41,0.735,0.9367666667
Lee2019_SSVEP,EEGNetv4,NoPre_FM-Full_A-None_AdaBN-F,42,0.415,0.7009
Lee2019_SSVEP,EEGNetv4,NoPre_FM-Full_A-None_AdaBN-F,43,0.85,0.9738666667
Lee2019_SSVEP,EEGNetv4,NoPre_FM-Full_A-None_AdaBN-F,44,0.86,0.9754666667
Lee2019_SSVEP,EEGNetv4,NoPre_FM-Full_A-None_AdaBN-F,47,0.35,0.5877
Lee2019_SSVEP,EEGNetv4,NoPre_FM-Full_A-None_AdaBN-F,48,0.71,0.9262666667
Lee2019_SSVEP,EEGNetv4,NoPre_FM-Full_A-None_AdaBN-F,52,0.615,0.8512333333
Lee2019_SSVEP,EEGNetv4,NoPre_FM-Full_A-None_AdaBN-F,54,0.535,0.8117666667
MAMEM2,EEGNetv4,FM-Dec_A-Eucl_AdaBN-F,1,0.172,0.4586319799
MAMEM2,EEGNetv4,FM-Dec_A-Eucl_AdaBN-F,2,0.206,0.4992511278
MAMEM2,EEGNetv4,FM-Dec_A-Eucl_AdaBN-F,6,0.1693333333,0.4642083208
MAMEM2,EEGNetv4,FM-Dec_A-Eucl_AdaBN-F,8,0.2606666667,0.5427627068
MAMEM2,EEGNetv4,FM-Dec_A-Eucl_AdaBN-F,9,0.188,0.4994644612
MAMEM2,EEGNetv4,FM-Dec_A-Eucl_AdaBN-F,3,0.182,0.4717245113
MAMEM2,EEGNetv4,FM-Dec_A-Eucl_AdaBN-F,4,0.234,0.5430985464
MAMEM2,EEGNetv4,FM-Dec_A-Eucl_AdaBN-F,5,0.2193333333,0.5066710777
MAMEM2,EEGNetv4,FM-Dec_A-Eucl_AdaBN-F,7,0.2273333333,0.5142083208
MAMEM2,EEGNetv4,FM-Dec_A-Eucl_AdaBN-F,10,0.194,0.4563743358
MAMEM2,EEGNetv4,FM-Dec_A-Eucl_AdaBN-T,1,0.1966666667,0.4584960401
MAMEM2,EEGNetv4,FM-Dec_A-Eucl_AdaBN-T,2,0.2126666667,0.5030065163
MAMEM2,EEGNetv4,FM-Dec_A-Eucl_AdaBN-T,6,0.1766666667,0.462795589
MAMEM2,EEGNetv4,FM-Dec_A-Eucl_AdaBN-T,8,0.2693333333,0.5437279198
MAMEM2,EEGNetv4,FM-Dec_A-Eucl_AdaBN-T,9,0.198,0.4971705263
MAMEM2,EEGNetv4,FM-Dec_A-Eucl_AdaBN-T,3,0.18,0.4665822556
MAMEM2,EEGNetv4,FM-Dec_A-Eucl_AdaBN-T,4,0.25,0.5432671679
MAMEM2,EEGNetv4,FM-Dec_A-Eucl_AdaBN-T,5,0.2273333333,0.504484411
MAMEM2,EEGNetv4,FM-Dec_A-Eucl_AdaBN-T,7,0.2433333333,0.5133319298
MAMEM2,EEGNetv4,FM-Dec_A-Eucl_AdaBN-T,10,0.174,0.4457345363
MAMEM2,EEGNetv4,FM-Dec_A-None_AdaBN-F,1,0.226,0.522801604
MAMEM2,EEGNetv4,FM-Dec_A-None_AdaBN-F,2,0.2013333333,0.4966965414
MAMEM2,EEGNetv4,FM-Dec_A-None_AdaBN-F,6,0.1886666667,0.4755993985
MAMEM2,EEGNetv4,FM-Dec_A-None_AdaBN-F,8,0.1966666667,0.5217800501
MAMEM2,EEGNetv4,FM-Dec_A-None_AdaBN-F,9,0.216,0.4549247118
MAMEM2,EEGNetv4,FM-Dec_A-None_AdaBN-F,3,0.2573333333,0.5177708271
MAMEM2,EEGNetv4,FM-Dec_A-None_AdaBN-F,4,0.182,0.5020126316
MAMEM2,EEGNetv4,FM-Dec_A-None_AdaBN-F,5,0.1986666667,0.4984968421
MAMEM2,EEGNetv4,FM-Dec_A-None_AdaBN-F,7,0.2673333333,0.5142732832
MAMEM2,EEGNetv4,FM-Dec_A-None_AdaBN-F,10,0.212,0.5125433584
MAMEM2,EEGNetv4,FM-Dec_A-Riem_AdaBN-T,1,0.2126666667,0.4486666667
MAMEM2,EEGNetv4,FM-Dec_A-Riem_AdaBN-T,2,0.1926666667,0.5050027068
MAMEM2,EEGNetv4,FM-Dec_A-Riem_AdaBN-T,6,0.1866666667,0.4921840602
MAMEM2,EEGNetv4,FM-Dec_A-Riem_AdaBN-T,8,0.222,0.5135340351
MAMEM2,EEGNetv4,FM-Dec_A-Riem_AdaBN-T,9,0.23,0.4751105764
MAMEM2,EEGNetv4,FM-Dec_A-Riem_AdaBN-T,3,0.1873333333,0.4704842105
MAMEM2,EEGNetv4,FM-Dec_A-Riem_AdaBN-T,4,0.23,0.5529317293
MAMEM2,EEGNetv4,FM-Dec_A-Riem_AdaBN-T,5,0.218,0.5044862155
MAMEM2,EEGNetv4,FM-Dec_A-Riem_AdaBN-T,7,0.178,0.5075490727
MAMEM2,EEGNetv4,FM-Dec_A-Riem_AdaBN-T,10,0.168,0.4510644612
MAMEM2,EEGNetv4,FM-Full_A-Eucl_AdaBN-F,1,0.2186666667,0.4600707769
MAMEM2,EEGNetv4,FM-Full_A-Eucl_AdaBN-F,2,0.2113333333,0.499598396
MAMEM2,EEGNetv4,FM-Full_A-Eucl_AdaBN-F,6,0.1673333333,0.4677782456
MAMEM2,EEGNetv4,FM-Full_A-Eucl_AdaBN-F,8,0.266,0.5506981454
MAMEM2,EEGNetv4,FM-Full_A-Eucl_AdaBN-F,9,0.2226666667,0.4994500251
MAMEM2,EEGNetv4,FM-Full_A-Eucl_AdaBN-F,3,0.1866666667,0.4724549373
MAMEM2,EEGNetv4,FM-Full_A-Eucl_AdaBN-F,4,0.252,0.5436703759
MAMEM2,EEGNetv4,FM-Full_A-Eucl_AdaBN-F,5,0.22,0.5141086717
MAMEM2,EEGNetv4,FM-Full_A-Eucl_AdaBN-F,7,0.2226666667,0.5138015038
MAMEM2,EEGNetv4,FM-Full_A-Eucl_AdaBN-F,10,0.188,0.4577104762
MAMEM2,EEGNetv4,FM-Full_A-Eucl_AdaBN-T,1,0.2106666667,0.4585387469
MAMEM2,EEGNetv4,FM-Full_A-Eucl_AdaBN-T,2,0.2113333333,0.5027350376
MAMEM2,EEGNetv4,FM-Full_A-Eucl_AdaBN-T,6,0.1673333333,0.4628475188
MAMEM2,EEGNetv4,FM-Full_A-Eucl_AdaBN-T,8,0.2726666667,0.5516473183
MAMEM2,EEGNetv4,FM-Full_A-Eucl_AdaBN-T,9,0.2146666667,0.4964497243
MAMEM2,EEGNetv4,FM-Full_A-Eucl_AdaBN-T,3,0.1753333333,0.4714724812
MAMEM2,EEGNetv4,FM-Full_A-Eucl_AdaBN-T,4,0.252,0.5429473684
MAMEM2,EEGNetv4,FM-Full_A-Eucl_AdaBN-T,5,0.226,0.5104509273
MAMEM2,EEGNetv4,FM-Full_A-Eucl_AdaBN-T,7,0.2206666667,0.5149233083
MAMEM2,EEGNetv4,FM-Full_A-Eucl_AdaBN-T,10,0.158,0.4523985965
MAMEM2,EEGNetv4,FM-Full_A-None_AdaBN-F,1,0.1886666667,0.5146095238
MAMEM2,EEGNetv4,FM-Full_A-None_AdaBN-F,2,0.202,0.4995562907
MAMEM2,EEGNetv4,FM-Full_A-None_AdaBN-F,6,0.1786666667,0.5022674687
MAMEM2,EEGNetv4,FM-Full_A-None_AdaBN-F,8,0.2273333333,0.5159532832
MAMEM2,EEGNetv4,FM-Full_A-None_AdaBN-F,9,0.1653333333,0.4427901754
MAMEM2,EEGNetv4,FM-Full_A-None_AdaBN-F,3,0.23,0.5075861654
MAMEM2,EEGNetv4,FM-Full_A-None_AdaBN-F,4,0.2246666667,0.5311855639
MAMEM2,EEGNetv4,FM-Full_A-None_AdaBN-F,5,0.252,0.5142766917
MAMEM2,EEGNetv4,FM-Full_A-None_AdaBN-F,7,0.242,0.5053443609
MAMEM2,EEGNetv4,FM-Full_A-None_AdaBN-F,10,0.2533333333,0.5212256642
MAMEM2,EEGNetv4,FM-Full_A-Riem_AdaBN-F,1,0.2273333333,0.4399609023
MAMEM2,EEGNetv4,FM-Full_A-Riem_AdaBN-F,2,0.1333333333,0.5058089223
MAMEM2,EEGNetv4,FM-Full_A-Riem_AdaBN-F,6,0.1953333333,0.4690265664
MAMEM2,EEGNetv4,FM-Full_A-Riem_AdaBN-F,8,0.1973333333,0.5143727318
MAMEM2,EEGNetv4,FM-Full_A-Riem_AdaBN-F,9,0.1693333333,0.478242807
MAMEM2,EEGNetv4,FM-Full_A-Riem_AdaBN-F,3,0.176,0.4823755388
MAMEM2,EEGNetv4,FM-Full_A-Riem_AdaBN-F,4,0.2586666667,0.5710498246
MAMEM2,EEGNetv4,FM-Full_A-Riem_AdaBN-F,5,0.212,0.511754386
MAMEM2,EEGNetv4,FM-Full_A-Riem_AdaBN-F,7,0.1973333333,0.5112114286
MAMEM2,EEGNetv4,FM-Full_A-Riem_AdaBN-F,10,0.156,0.4621090727
MAMEM2,EEGNetv4,FM-Full_A-Riem_AdaBN-T,1,0.2046666667,0.4443530827
MAMEM2,EEGNetv4,FM-Full_A-Riem_AdaBN-T,2,0.2006666667,0.5053419549
MAMEM2,EEGNetv4,FM-Full_A-Riem_AdaBN-T,6,0.1873333333,0.4739181955
MAMEM2,EEGNetv4,FM-Full_A-Riem_AdaBN-T,8,0.2126666667,0.5154672682
MAMEM2,EEGNetv4,FM-Full_A-Riem_AdaBN-T,9,0.214,0.4835911779
MAMEM2,EEGNetv4,FM-Full_A-Riem_AdaBN-T,3,0.1773333333,0.4830803008
MAMEM2,EEGNetv4,FM-Full_A-Riem_AdaBN-T,4,0.2666666667,0.5761882707
MAMEM2,EEGNetv4,FM-Full_A-Riem_AdaBN-T,5,0.1886666667,0.5007913784
MAMEM2,EEGNetv4,FM-Full_A-Riem_AdaBN-T,7,0.212,0.5144467168
MAMEM2,EEGNetv4,FM-Full_A-Riem_AdaBN-T,10,0.1613333333,0.4547087719
MAMEM2,EEGNetv4,FM-None_A-Eucl_AdaBN-T,1,0.2086666667,0.4643210025
MAMEM2,EEGNetv4,FM-None_A-Eucl_AdaBN-T,2,0.2126666667,0.5051689223
MAMEM2,EEGNetv4,FM-None_A-Eucl_AdaBN-T,6,0.1773333333,0.4619133835
MAMEM2,EEGNetv4,FM-None_A-Eucl_AdaBN-T,8,0.2726666667,0.5358237594
MAMEM2,EEGNetv4,FM-None_A-Eucl_AdaBN-T,9,0.1866666667,0.4954624561
MAMEM2,EEGNetv4,FM-None_A-Eucl_AdaBN-T,3,0.21,0.5292134336
MAMEM2,EEGNetv4,FM-None_A-Eucl_AdaBN-T,4,0.3013333333,0.5488084211
MAMEM2,EEGNetv4,FM-None_A-Eucl_AdaBN-T,5,0.196,0.5014947368
MAMEM2,EEGNetv4,FM-None_A-Eucl_AdaBN-T,7,0.176,0.5014207519
MAMEM2,EEGNetv4,FM-None_A-Eucl_AdaBN-T,10,0.186,0.4858987469
MAMEM2,EEGNetv4,FM-None_A-None_AdaBN-F,1,0.2546666667,0.5228002005
MAMEM2,EEGNetv4,FM-None_A-None_AdaBN-F,2,0.194,0.4903453634
MAMEM2,EEGNetv4,FM-None_A-None_AdaBN-F,6,0.1753333333,0.4691117794
MAMEM2,EEGNetv4,FM-None_A-None_AdaBN-F,8,0.1766666667,0.5050562406
MAMEM2,EEGNetv4,FM-None_A-None_AdaBN-F,9,0.2273333333,0.454406416
MAMEM2,EEGNetv4,FM-None_A-None_AdaBN-F,3,0.1786666667,0.5150855138
MAMEM2,EEGNetv4,FM-None_A-None_AdaBN-F,4,0.2313333333,0.503361203
MAMEM2,EEGNetv4,FM-None_A-None_AdaBN-F,5,0.2326666667,0.5150869173
MAMEM2,EEGNetv4,FM-None_A-None_AdaBN-F,7,0.182,0.5052449123
MAMEM2,EEGNetv4,FM-None_A-None_AdaBN-F,10,0.1806666667,0.5029732331
MAMEM2,EEGNetv4,NoPre_FM-Full_A-Eucl_AdaBN-T,1,0.2246666667,0.4648439098
MAMEM2,EEGNetv4,NoPre_FM-Full_A-Eucl_AdaBN-T,2,0.1926666667,0.4849866667
MAMEM2,EEGNetv4,NoPre_FM-Full_A-Eucl_AdaBN-T,6,0.2733333333,0.5446285714
MAMEM2,EEGNetv4,NoPre_FM-Full_A-Eucl_AdaBN-T,8,0.202,0.5277898747
MAMEM2,EEGNetv4,NoPre_FM-Full_A-Eucl_AdaBN-T,9,0.1773333333,0.4615504762
MAMEM2,EEGNetv4,NoPre_FM-Full_A-Eucl_AdaBN-T,3,0.1933333333,0.5232707769
MAMEM2,EEGNetv4,NoPre_FM-Full_A-Eucl_AdaBN-T,4,0.246,0.5272280702
MAMEM2,EEGNetv4,NoPre_FM-Full_A-Eucl_AdaBN-T,5,0.144,0.4755679198
MAMEM2,EEGNetv4,NoPre_FM-Full_A-Eucl_AdaBN-T,7,0.1773333333,0.4658680702
MAMEM2,EEGNetv4,NoPre_FM-Full_A-Eucl_AdaBN-T,10,0.2406666667,0.5068695739
MAMEM2,EEGNetv4,NoPre_FM-Full_A-None_AdaBN-F,1,0.232,0.4719550877
MAMEM2,EEGNetv4,NoPre_FM-Full_A-None_AdaBN-F,2,0.2093333333,0.5360709774
MAMEM2,EEGNetv4,NoPre_FM-Full_A-None_AdaBN-F,6,0.2186666667,0.5345339348
MAMEM2,EEGNetv4,NoPre_FM-Full_A-None_AdaBN-F,8,0.1706666667,0.5406845113
MAMEM2,EEGNetv4,NoPre_FM-Full_A-None_AdaBN-F,9,0.142,0.4613844612
MAMEM2,EEGNetv4,NoPre_FM-Full_A-None_AdaBN-F,3,0.2006666667,0.4880850125
MAMEM2,EEGNetv4,NoPre_FM-Full_A-None_AdaBN-F,4,0.2233333333,0.5557020551
MAMEM2,EEGNetv4,NoPre_FM-Full_A-None_AdaBN-F,5,0.1966666667,0.5089114787
MAMEM2,EEGNetv4,NoPre_FM-Full_A-None_AdaBN-F,7,0.1393333333,0.4745341353
MAMEM2,EEGNetv4,NoPre_FM-Full_A-None_AdaBN-F,10,0.2386666667,0.5349684211
Yang2025,EEGNetv4,FM-Dec_A-Eucl_AdaBN-F,4,0.5783333333,0.5980777778
Yang2025,EEGNetv4,FM-Dec_A-Eucl_AdaBN-F,5,0.855,0.9372555556
Yang2025,EEGNetv4,FM-Dec_A-Eucl_AdaBN-F,7,0.785,0.8781444444
Yang2025,EEGNetv4,FM-Dec_A-Eucl_AdaBN-F,9,0.7066666667,0.7969888889
Yang2025,EEGNetv4,FM-Dec_A-Eucl_AdaBN-F,10,0.8633333333,0.9331222222
Yang2025,EEGNetv4,FM-Dec_A-Eucl_AdaBN-F,13,0.7883333333,0.8542444444
Yang2025,EEGNetv4,FM-Dec_A-Eucl_AdaBN-F,14,0.5933333333,0.6234444444
Yang2025,EEGNetv4,FM-Dec_A-Eucl_AdaBN-F,16,0.5766666667,0.5847388889
Yang2025,EEGNetv4,FM-Dec_A-Eucl_AdaBN-F,17,0.81,0.9004666667
Yang2025,EEGNetv4,FM-Dec_A-Eucl_AdaBN-F,18,0.675,0.7118111111
Yang2025,EEGNetv4,FM-Dec_A-Eucl_AdaBN-F,20,0.85,0.9327111111
Yang2025,EEGNetv4,FM-Dec_A-Eucl_AdaBN-F,25,0.93,0.9795777778
Yang2025,EEGNetv4,FM-Dec_A-Eucl_AdaBN-F,26,0.9231772575,0.9755072464
Yang2025,EEGNetv4,FM-Dec_A-Eucl_AdaBN-F,27,0.645,0.6771333333
Yang2025,EEGNetv4,FM-Dec_A-Eucl_AdaBN-F,31,0.7783333333,0.8673333333
Yang2025,EEGNetv4,FM-Dec_A-Eucl_AdaBN-F,32,0.5909866221,0.6421571906
Yang2025,EEGNetv4,FM-Dec_A-Eucl_AdaBN-F,33,0.9416666667,0.9864444444
Yang2025,EEGNetv4,FM-Dec_A-Eucl_AdaBN-F,34,0.7333333333,0.8189333333
Yang2025,EEGNetv4,FM-Dec_A-Eucl_AdaBN-F,37,0.8716666667,0.9528555556
Yang2025,EEGNetv4,FM-Dec_A-Eucl_AdaBN-F,41,0.88,0.9540888889
Yang2025,EEGNetv4,FM-Dec_A-Eucl_AdaBN-F,44,0.7483333333,0.8189
Yang2025,EEGNetv4,FM-Dec_A-Eucl_AdaBN-F,45,0.8733333333,0.9537555556
Yang2025,EEGNetv4,FM-Dec_A-Eucl_AdaBN-F,47,0.915,0.9743222222
Yang2025,EEGNetv4,FM-Dec_A-Eucl_AdaBN-F,48,0.86,0.9454777778
Yang2025,EEGNetv4,FM-Dec_A-Eucl_AdaBN-F,49,0.91,0.9634444444
Yang2025,EEGNetv4,FM-Dec_A-Eucl_AdaBN-F,50,0.9533333333,0.9885
Yang2025,EEGNetv4,FM-Dec_A-Eucl_AdaBN-F,1,0.9233333333,0.9828777778
Yang2025,EEGNetv4,FM-Dec_A-Eucl_AdaBN-F,2,0.675,0.7327777778
Yang2025,EEGNetv4,FM-Dec_A-Eucl_AdaBN-F,3,0.945,0.9858333333
Yang2025,EEGNetv4,FM-Dec_A-Eucl_AdaBN-F,6,0.9516666667,0.9910333333
Yang2025,EEGNetv4,FM-Dec_A-Eucl_AdaBN-F,8,0.9233333333,0.9673111111
Yang2025,EEGNetv4,FM-Dec_A-Eucl_AdaBN-F,11,0.8783333333,0.9514666667
Yang2025,EEGNetv4,FM-Dec_A-Eucl_AdaBN-F,12,0.6216666667,0.6805888889
Yang2025,EEGNetv4,FM-Dec_A-Eucl_AdaBN-F,15,0.7716666667,0.8507111111
Yang2025,EEGNetv4,FM-Dec_A-Eucl_AdaBN-F,19,0.8533333333,0.9338222222
Yang2025,EEGNetv4,FM-Dec_A-Eucl_AdaBN-F,21,0.8983333333,0.9644777778
Yang2025,EEGNetv4,FM-Dec_A-Eucl_AdaBN-F,22,0.8416666667,0.9062555556
Yang2025,EEGNetv4,FM-Dec_A-Eucl_AdaBN-F,23,0.9532552954,0.9901783724
Yang2025,EEGNetv4,FM-Dec_A-Eucl_AdaBN-F,24,0.9612846907,0.9967690005
Yang2025,EEGNetv4,FM-Dec_A-Eucl_AdaBN-F,28,0.8516666667,0.9099444444
Yang2025,EEGNetv4,FM-Dec_A-Eucl_AdaBN-F,29,0.8283333333,0.8911111111
Yang2025,EEGNetv4,FM-Dec_A-Eucl_AdaBN-F,30,0.9183333333,0.9756333333
Yang2025,EEGNetv4,FM-Dec_A-Eucl_AdaBN-F,35,0.955,0.9922555556
Yang2025,EEGNetv4,FM-Dec_A-Eucl_AdaBN-F,36,0.9516666667,0.9877
Yang2025,EEGNetv4,FM-Dec_A-Eucl_AdaBN-F,38,0.735,0.7964
Yang2025,EEGNetv4,FM-Dec_A-Eucl_AdaBN-F,39,0.7633333333,0.8324333333
Yang2025,EEGNetv4,FM-Dec_A-Eucl_AdaBN-F,40,0.8233333333,0.9187777778
Yang2025,EEGNetv4,FM-Dec_A-Eucl_AdaBN-F,42,0.78,0.8698666667
Yang2025,EEGNetv4,FM-Dec_A-Eucl_AdaBN-F,43,0.99,0.9999111111
Yang2025,EEGNetv4,FM-Dec_A-Eucl_AdaBN-F,46,0.975,0.9988
Yang2025,EEGNetv4,FM-Dec_A-Eucl_AdaBN-F,51,0.9116666667,0.9667888889
Yang2025,EEGNetv4,FM-Dec_A-Eucl_AdaBN-T,4,0.5783333333,0.6062944444
Yang2025,EEGNetv4,FM-Dec_A-Eucl_AdaBN-T,5,0.8566666667,0.9373777778
Yang2025,EEGNetv4,FM-Dec_A-Eucl_AdaBN-T,7,0.7933333333,0.8827611111
Yang2025,EEGNetv4,FM-Dec_A-Eucl_AdaBN-T,9,0.7266666667,0.7966333333
Yang2025,EEGNetv4,FM-Dec_A-Eucl_AdaBN-T,10,0.8566666667,0.94465
Yang2025,EEGNetv4,FM-Dec_A-Eucl_AdaBN-T,13,0.785,0.8542111111
Yang2025,EEGNetv4,FM-Dec_A-Eucl_AdaBN-T,14,0.595,0.6328888889
Yang2025,EEGNetv4,FM-Dec_A-Eucl_AdaBN-T,16,0.5866666667,0.6014666667
Yang2025,EEGNetv4,FM-Dec_A-Eucl_AdaBN-T,17,0.8133333333,0.9053111111
Yang2025,EEGNetv4,FM-Dec_A-Eucl_AdaBN-T,18,0.67,0.7236444444
Yang2025,EEGNetv4,FM-Dec_A-Eucl_AdaBN-T,20,0.8566666667,0.9338
Yang2025,EEGNetv4,FM-Dec_A-Eucl_AdaBN-T,25,0.94,0.9846666667
Yang2025,EEGNetv4,FM-Dec_A-Eucl_AdaBN-T,26,0.9298662207,0.9843701226
Yang2025,EEGNetv4,FM-Dec_A-Eucl_AdaBN-T,27,0.6566666667,0.7064722222
Yang2025,EEGNetv4,FM-Dec_A-Eucl_AdaBN-T,31,0.7783333333,0.8646222222
Yang2025,EEGNetv4,FM-Dec_A-Eucl_AdaBN-T,32,0.5909866221,0.6453177258
Yang2025,EEGNetv4,FM-Dec_A-Eucl_AdaBN-T,33,0.9483333333,0.9878777778
Yang2025,EEGNetv4,FM-Dec_A-Eucl_AdaBN-T,34,0.7233333333,0.8169666667
Yang2025,EEGNetv4,FM-Dec_A-Eucl_AdaBN-T,37,0.885,0.952
Yang2025,EEGNetv4,FM-Dec_A-Eucl_AdaBN-T,41,0.885,0.9554888889
Yang2025,EEGNetv4,FM-Dec_A-Eucl_AdaBN-T,44,0.7533333333,0.8212333333
Yang2025,EEGNetv4,FM-Dec_A-Eucl_AdaBN-T,45,0.8666666667,0.9550777778
Yang2025,EEGNetv4,FM-Dec_A-Eucl_AdaBN-T,47,0.9066666667,0.9739777778
Yang2025,EEGNetv4,FM-Dec_A-Eucl_AdaBN-T,48,0.8616666667,0.9462333333
Yang2025,EEGNetv4,FM-Dec_A-Eucl_AdaBN-T,49,0.9066666667,0.9660111111
Yang2025,EEGNetv4,FM-Dec_A-Eucl_AdaBN-T,50,0.95,0.9882555556
Yang2025,EEGNetv4,FM-Dec_A-Eucl_AdaBN-T,1,0.9216666667,0.9838555556
Yang2025,EEGNetv4,FM-Dec_A-Eucl_AdaBN-T,2,0.6766666667,0.7443222222
Yang2025,EEGNetv4,FM-Dec_A-Eucl_AdaBN-T,3,0.9516666667,0.9872555556
Yang2025,EEGNetv4,FM-Dec_A-Eucl_AdaBN-T,6,0.96,0.9932
Yang2025,EEGNetv4,FM-Dec_A-Eucl_AdaBN-T,8,0.9216666667,0.9707555556
Yang2025,EEGNetv4,FM-Dec_A-Eucl_AdaBN-T,11,0.8916666667,0.9571444444
Yang2025,EEGNetv4,FM-Dec_A-Eucl_AdaBN-T,12,0.6366666667,0.6811055556
Yang2025,EEGNetv4,FM-Dec_A-Eucl_AdaBN-T,15,0.7833333333,0.8660888889
Yang2025,EEGNetv4,FM-Dec_A-Eucl_AdaBN-T,19,0.8533333333,0.9388222222
Yang2025,EEGNetv4,FM-Dec_A-Eucl_AdaBN-T,21,0.9,0.9643777778
Yang2025,EEGNetv4,FM-Dec_A-Eucl_AdaBN-T,22,0.8416666667,0.9139777778
Yang2025,EEGNetv4,FM-Dec_A-Eucl_AdaBN-T,23,0.9599219621,0.9914158305
Yang2025,EEGNetv4,FM-Dec_A-Eucl_AdaBN-T,24,0.9629965536,0.9965876111
Yang2025,EEGNetv4,FM-Dec_A-Eucl_AdaBN-T,28,0.8416666667,0.9069777778
Yang2025,EEGNetv4,FM-Dec_A-Eucl_AdaBN-T,29,0.8283333333,0.9086444444
Yang2025,EEGNetv4,FM-Dec_A-Eucl_AdaBN-T,30,0.9216666667,0.9807222222
Yang2025,EEGNetv4,FM-Dec_A-Eucl_AdaBN-T,35,0.9616666667,0.9933
Yang2025,EEGNetv4,FM-Dec_A-Eucl_AdaBN-T,36,0.95,0.9880222222
Yang2025,EEGNetv4,FM-Dec_A-Eucl_AdaBN-T,38,0.7333333333,0.8057666667
Yang2025,EEGNetv4,FM-Dec_A-Eucl_AdaBN-T,39,0.7633333333,0.8388888889
Yang2025,EEGNetv4,FM-Dec_A-Eucl_AdaBN-T,40,0.8366666667,0.9212888889
Yang2025,EEGNetv4,FM-Dec_A-Eucl_AdaBN-T,42,0.7783333333,0.8696
Yang2025,EEGNetv4,FM-Dec_A-Eucl_AdaBN-T,43,0.9916666667,0.9999
Yang2025,EEGNetv4,FM-Dec_A-Eucl_AdaBN-T,46,0.9816666667,0.9993
Yang2025,EEGNetv4,FM-Dec_A-Eucl_AdaBN-T,51,0.915,0.9680555556
Yang2025,EEGNetv4,FM-Dec_A-None_AdaBN-F,4,0.5916666667,0.628
Yang2025,EEGNetv4,FM-Dec_A-None_AdaBN-F,5,0.8816666667,0.9492777778
Yang2025,EEGNetv4,FM-Dec_A-None_AdaBN-F,7,0.8416666667,0.9169
Yang2025,EEGNetv4,FM-Dec_A-None_AdaBN-F,9,0.7316666667,0.8096666667
Yang2025,EEGNetv4,FM-Dec_A-None_AdaBN-F,10,0.8716666667,0.9497555556
Yang2025,EEGNetv4,FM-Dec_A-None_AdaBN-F,13,0.8216666667,0.8972166667
Yang2025,EEGNetv4,FM-Dec_A-None_AdaBN-F,14,0.5616666667,0.5901333333
Yang2025,EEGNetv4,FM-Dec_A-None_AdaBN-F,16,0.6416666667,0.6995111111
Yang2025,EEGNetv4,FM-Dec_A-None_AdaBN-F,17,0.8366666667,0.9131722222
Yang2025,EEGNetv4,FM-Dec_A-None_AdaBN-F,18,0.705,0.7764111111
Yang2025,EEGNetv4,FM-Dec_A-None_AdaBN-F,20,0.9016666667,0.9522666667
Yang2025,EEGNetv4,FM-Dec_A-None_AdaBN-F,25,0.9333333333,0.9799444444
Yang2025,EEGNetv4,FM-Dec_A-None_AdaBN-F,26,0.8864827202,0.9475139353
Yang2025,EEGNetv4,FM-Dec_A-None_AdaBN-F,27,0.7033333333,0.7679888889
Yang2025,EEGNetv4,FM-Dec_A-None_AdaBN-F,31,0.8033333333,0.8754222222
Yang2025,EEGNetv4,FM-Dec_A-None_AdaBN-F,32,0.6226867336,0.6799442586
Yang2025,EEGNetv4,FM-Dec_A-None_AdaBN-F,33,0.9733333333,0.9961888889
Yang2025,EEGNetv4,FM-Dec_A-None_AdaBN-F,34,0.7716666667,0.8561111111
Yang2025,EEGNetv4,FM-Dec_A-None_AdaBN-F,37,0.9366666667,0.9776111111
Yang2025,EEGNetv4,FM-Dec_A-None_AdaBN-F,41,0.9166666667,0.9682222222
Yang2025,EEGNetv4,FM-Dec_A-None_AdaBN-F,44,0.7516666667,0.8398555556
Yang2025,EEGNetv4,FM-Dec_A-None_AdaBN-F,45,0.8916666667,0.9452
Yang2025,EEGNetv4,FM-Dec_A-None_AdaBN-F,47,0.9283333333,0.9751666667
Yang2025,EEGNetv4,FM-Dec_A-None_AdaBN-F,48,0.9,0.9687777778
Yang2025,EEGNetv4,FM-Dec_A-None_AdaBN-F,49,0.96,0.9935111111
Yang2025,EEGNetv4,FM-Dec_A-None_AdaBN-F,50,0.965,0.9930444444
Yang2025,EEGNetv4,FM-Dec_A-None_AdaBN-F,1,0.9483333333,0.9902222222
Yang2025,EEGNetv4,FM-Dec_A-None_AdaBN-F,2,0.71,0.7817444444
Yang2025,EEGNetv4,FM-Dec_A-None_AdaBN-F,3,0.9566666667,0.9898722222
Yang2025,EEGNetv4,FM-Dec_A-None_AdaBN-F,6,0.97,0.9936777778
Yang2025,EEGNetv4,FM-Dec_A-None_AdaBN-F,8,0.9383333333,0.9863666667
Yang2025,EEGNetv4,FM-Dec_A-None_AdaBN-F,11,0.92,0.9747555556
Yang2025,EEGNetv4,FM-Dec_A-None_AdaBN-F,12,0.5766666667,0.6217111111
Yang2025,EEGNetv4,FM-Dec_A-None_AdaBN-F,15,0.7783333333,0.8633111111
Yang2025,EEGNetv4,FM-Dec_A-None_AdaBN-F,19,0.8816666667,0.9563555556
Yang2025,EEGNetv4,FM-Dec_A-None_AdaBN-F,21,0.9116666667,0.97
Yang2025,EEGNetv4,FM-Dec_A-None_AdaBN-F,22,0.8416666667,0.9130555556
Yang2025,EEGNetv4,FM-Dec_A-None_AdaBN-F,23,0.9682943144,0.9836789298
Yang2025,EEGNetv4,FM-Dec_A-None_AdaBN-F,24,0.9797864139,0.9977893162
Yang2025,EEGNetv4,FM-Dec_A-None_AdaBN-F,28,0.9016666667,0.9613444444
Yang2025,EEGNetv4,FM-Dec_A-None_AdaBN-F,29,0.86,0.9313888889
Yang2025,EEGNetv4,FM-Dec_A-None_AdaBN-F,30,0.8116666667,0.9440666667
Yang2025,EEGNetv4,FM-Dec_A-None_AdaBN-F,35,0.9633333333,0.9903777778
Yang2025,EEGNetv4,FM-Dec_A-None_AdaBN-F,36,0.9516666667,0.9871444444
Yang2025,EEGNetv4,FM-Dec_A-None_AdaBN-F,38,0.6783333333,0.7341777778
Yang2025,EEGNetv4,FM-Dec_A-None_AdaBN-F,39,0.7866666667,0.8752222222
Yang2025,EEGNetv4,FM-Dec_A-None_AdaBN-F,40,0.8783333333,0.9493
Yang2025,EEGNetv4,FM-Dec_A-None_AdaBN-F,42,0.8266666667,0.9087666667
Yang2025,EEGNetv4,FM-Dec_A-None_AdaBN-F,43,0.9966666667,0.9999666667
Yang2025,EEGNetv4,FM-Dec_A-None_AdaBN-F,46,0.9933333333,0.9992
Yang2025,EEGNetv4,FM-Dec_A-None_AdaBN-F,51,0.8933333333,0.9647
Yang2025,EEGNetv4,FM-Dec_A-Riem_AdaBN-T,4,0.58,0.6157888889
Yang2025,EEGNetv4,FM-Dec_A-Riem_AdaBN-T,5,0.86,0.9383333333
Yang2025,EEGNetv4,FM-Dec_A-Riem_AdaBN-T,7,0.8033333333,0.8874055556
Yang2025,EEGNetv4,FM-Dec_A-Riem_AdaBN-T,9,0.7233333333,0.7983555556
Yang2025,EEGNetv4,FM-Dec_A-Riem_AdaBN-T,10,0.8666666667,0.9491
Yang2025,EEGNetv4,FM-Dec_A-Riem_AdaBN-T,13,0.785,0.8704888889
Yang2025,EEGNetv4,FM-Dec_A-Riem_AdaBN-T,14,0.5616666667,0.5925111111
Yang2025,EEGNetv4,FM-Dec_A-Riem_AdaBN-T,16,0.595,0.6145333333
Yang2025,EEGNetv4,FM-Dec_A-Riem_AdaBN-T,17,0.8333333333,0.9110444444
Yang2025,EEGNetv4,FM-Dec_A-Riem_AdaBN-T,18,0.66,0.7384888889
Yang2025,EEGNetv4,FM-Dec_A-Riem_AdaBN-T,20,0.9033333333,0.9660888889
Yang2025,EEGNetv4,FM-Dec_A-Riem_AdaBN-T,25,0.9366666667,0.9867
Yang2025,EEGNetv4,FM-Dec_A-Riem_AdaBN-T,26,0.9398885173,0.9833667781
Yang2025,EEGNetv4,FM-Dec_A-Riem_AdaBN-T,27,0.6733333333,0.7387111111
Yang2025,EEGNetv4,FM-Dec_A-Riem_AdaBN-T,31,0.7383333333,0.8377
Yang2025,EEGNetv4,FM-Dec_A-Riem_AdaBN-T,32,0.6127369008,0.6278037904
Yang2025,EEGNetv4,FM-Dec_A-Riem_AdaBN-T,33,0.96,0.9929
Yang2025,EEGNetv4,FM-Dec_A-Riem_AdaBN-T,34,0.7516666667,0.8382555556
Yang2025,EEGNetv4,FM-Dec_A-Riem_AdaBN-T,37,0.8933333333,0.9618444444
Yang2025,EEGNetv4,FM-Dec_A-Riem_AdaBN-T,41,0.8883333333,0.9545555556
Yang2025,EEGNetv4,FM-Dec_A-Riem_AdaBN-T,44,0.7266666667,0.8155166667
Yang2025,EEGNetv4,FM-Dec_A-Riem_AdaBN-T,45,0.9,0.9564666667
Yang2025,EEGNetv4,FM-Dec_A-Riem_AdaBN-T,47,0.91,0.9784666667
Yang2025,EEGNetv4,FM-Dec_A-Riem_AdaBN-T,48,0.8883333333,0.9544333333
Yang2025,EEGNetv4,FM-Dec_A-Riem_AdaBN-T,49,0.9066666667,0.9702666667
Yang2025,EEGNetv4,FM-Dec_A-Riem_AdaBN-T,50,0.955,0.9926555556
Yang2025,EEGNetv4,FM-Dec_A-Riem_AdaBN-T,1,0.9466666667,0.9854888889
Yang2025,EEGNetv4,FM-Dec_A-Riem_AdaBN-T,2,0.6733333333,0.7303666667
Yang2025,EEGNetv4,FM-Dec_A-Riem_AdaBN-T,3,0.935,0.9850333333
Yang2025,EEGNetv4,FM-Dec_A-Riem_AdaBN-T,6,0.9616666667,0.9908111111
Yang2025,EEGNetv4,FM-Dec_A-Riem_AdaBN-T,8,0.9216666667,0.9729111111
Yang2025,EEGNetv4,FM-Dec_A-Riem_AdaBN-T,11,0.8866666667,0.9523833333
Yang2025,EEGNetv4,FM-Dec_A-Riem_AdaBN-T,12,0.615,0.6539333333
Yang2025,EEGNetv4,FM-Dec_A-Riem_AdaBN-T,15,0.81,0.8825111111
Yang2025,EEGNetv4,FM-Dec_A-Riem_AdaBN-T,19,0.8616666667,0.9417888889
Yang2025,EEGNetv4,FM-Dec_A-Riem_AdaBN-T,21,0.8916666667,0.9573555556
Yang2025,EEGNetv4,FM-Dec_A-Riem_AdaBN-T,22,0.8516666667,0.9231111111
Yang2025,EEGNetv4,FM-Dec_A-Riem_AdaBN-T,23,0.9616053512,0.9949498328
Yang2025,EEGNetv4,FM-Dec_A-Riem_AdaBN-T,24,0.954595955,0.9934132958
Yang2025,EEGNetv4,FM-Dec_A-Riem_AdaBN-T,28,0.8383333333,0.9126
Yang2025,EEGNetv4,FM-Dec_A-Riem_AdaBN-T,29,0.83,0.9126555556
Yang2025,EEGNetv4,FM-Dec_A-Riem_AdaBN-T,30,0.915,0.9745222222
Yang2025,EEGNetv4,FM-Dec_A-Riem_AdaBN-T,35,0.9633333333,0.9911111111
Yang2025,EEGNetv4,FM-Dec_A-Riem_AdaBN-T,36,0.9233333333,0.9842777778
Yang2025,EEGNetv4,FM-Dec_A-Riem_AdaBN-T,38,0.725,0.8077333333
Yang2025,EEGNetv4,FM-Dec_A-Riem_AdaBN-T,39,0.7383333333,0.8341222222
Yang2025,EEGNetv4,FM-Dec_A-Riem_AdaBN-T,40,0.855,0.9204
Yang2025,EEGNetv4,FM-Dec_A-Riem_AdaBN-T,42,0.795,0.8758555556
Yang2025,EEGNetv4,FM-Dec_A-Riem_AdaBN-T,43,0.9966666667,0.9999666667
Yang2025,EEGNetv4,FM-Dec_A-Riem_AdaBN-T,46,0.98,0.9983888889
Yang2025,EEGNetv4,FM-Dec_A-Riem_AdaBN-T,51,0.905,0.9633666667
Yang2025,EEGNetv4,FM-Full_A-Eucl_AdaBN-F,4,0.5516666667,0.5825333333
Yang2025,EEGNetv4,FM-Full_A-Eucl_AdaBN-F,5,0.8583333333,0.9510888889
Yang2025,EEGNetv4,FM-Full_A-Eucl_AdaBN-F,7,0.815,0.9027444444
Yang2025,EEGNetv4,FM-Full_A-Eucl_AdaBN-F,9,0.6966666667,0.7945444444
Yang2025,EEGNetv4,FM-Full_A-Eucl_AdaBN-F,10,0.8733333333,0.9404111111
Yang2025,EEGNetv4,FM-Full_A-Eucl_AdaBN-F,13,0.7916666667,0.8848
Yang2025,EEGNetv4,FM-Full_A-Eucl_AdaBN-F,14,0.585,0.6027888889
Yang2025,EEGNetv4,FM-Full_A-Eucl_AdaBN-F,16,0.585,0.6002888889
Yang2025,EEGNetv4,FM-Full_A-Eucl_AdaBN-F,17,0.8266666667,0.9148111111
Yang2025,EEGNetv4,FM-Full_A-Eucl_AdaBN-F,18,0.6733333333,0.7152222222
Yang2025,EEGNetv4,FM-Full_A-Eucl_AdaBN-F,20,0.9116666667,0.9670444444
Yang2025,EEGNetv4,FM-Full_A-Eucl_AdaBN-F,25,0.94,0.9895333333
Yang2025,EEGNetv4,FM-Full_A-Eucl_AdaBN-F,26,0.9382107023,0.985039019
Yang2025,EEGNetv4,FM-Full_A-Eucl_AdaBN-F,27,0.68,0.7298444444
Yang2025,EEGNetv4,FM-Full_A-Eucl_AdaBN-F,31,0.795,0.8865888889
Yang2025,EEGNetv4,FM-Full_A-Eucl_AdaBN-F,32,0.6194091416,0.6509698997
Yang2025,EEGNetv4,FM-Full_A-Eucl_AdaBN-F,33,0.965,0.9924777778
Yang2025,EEGNetv4,FM-Full_A-Eucl_AdaBN-F,34,0.79,0.8492777778
Yang2025,EEGNetv4,FM-Full_A-Eucl_AdaBN-F,37,0.9083333333,0.9695333333
Yang2025,EEGNetv4,FM-Full_A-Eucl_AdaBN-F,41,0.8933333333,0.9632388889
Yang2025,EEGNetv4,FM-Full_A-Eucl_AdaBN-F,44,0.7583333333,0.8450333333
Yang2025,EEGNetv4,FM-Full_A-Eucl_AdaBN-F,45,0.8766666667,0.9608111111
Yang2025,EEGNetv4,FM-Full_A-Eucl_AdaBN-F,47,0.9283333333,0.9821222222
Yang2025,EEGNetv4,FM-Full_A-Eucl_AdaBN-F,48,0.8966666667,0.9603555556
Yang2025,EEGNetv4,FM-Full_A-Eucl_AdaBN-F,49,0.93,0.9800444444
Yang2025,EEGNetv4,FM-Full_A-Eucl_AdaBN-F,50,0.955,0.9910666667
Yang2025,EEGNetv4,FM-Full_A-Eucl_AdaBN-F,1,0.9366666667,0.9869444444
Yang2025,EEGNetv4,FM-Full_A-Eucl_AdaBN-F,2,0.6716666667,0.7398555556
Yang2025,EEGNetv4,FM-Full_A-Eucl_AdaBN-F,3,0.965,0.9924444444
Yang2025,EEGNetv4,FM-Full_A-Eucl_AdaBN-F,6,0.9616666667,0.9949666667
Yang2025,EEGNetv4,FM-Full_A-Eucl_AdaBN-F,8,0.9183333333,0.9730111111
Yang2025,EEGNetv4,FM-Full_A-Eucl_AdaBN-F,11,0.8933333333,0.9661666667
Yang2025,EEGNetv4,FM-Full_A-Eucl_AdaBN-F,12,0.6483333333,0.6864111111
Yang2025,EEGNetv4,FM-Full_A-Eucl_AdaBN-F,15,0.8383333333,0.9051222222
Yang2025,EEGNetv4,FM-Full_A-Eucl_AdaBN-F,19,0.85,0.9379444444
Yang2025,EEGNetv4,FM-Full_A-Eucl_AdaBN-F,21,0.91,0.9720666667
Yang2025,EEGNetv4,FM-Full_A-Eucl_AdaBN-F,22,0.855,0.9252833333
Yang2025,EEGNetv4,FM-Full_A-Eucl_AdaBN-F,23,0.9599331104,0.9946042363
Yang2025,EEGNetv4,FM-Full_A-Eucl_AdaBN-F,24,0.9781085616,0.9984922003
Yang2025,EEGNetv4,FM-Full_A-Eucl_AdaBN-F,28,0.8466666667,0.9211666667
Yang2025,EEGNetv4,FM-Full_A-Eucl_AdaBN-F,29,0.88,0.9446
Yang2025,EEGNetv4,FM-Full_A-Eucl_AdaBN-F,30,0.945,0.9879444444
Yang2025,EEGNetv4,FM-Full_A-Eucl_AdaBN-F,35,0.97,0.9942
Yang2025,EEGNetv4,FM-Full_A-Eucl_AdaBN-F,36,0.955,0.9923111111
Yang2025,EEGNetv4,FM-Full_A-Eucl_AdaBN-F,38,0.7433333333,0.8236555556
Yang2025,EEGNetv4,FM-Full_A-Eucl_AdaBN-F,39,0.7733333333,0.8532111111
Yang2025,EEGNetv4,FM-Full_A-Eucl_AdaBN-F,40,0.8383333333,0.9270555556
Yang2025,EEGNetv4,FM-Full_A-Eucl_AdaBN-F,42,0.7966666667,0.8871388889
Yang2025,EEGNetv4,FM-Full_A-Eucl_AdaBN-F,43,0.9966666667,0.9999555556
Yang2025,EEGNetv4,FM-Full_A-Eucl_AdaBN-F,46,0.9816666667,0.9994333333
Yang2025,EEGNetv4,FM-Full_A-Eucl_AdaBN-F,51,0.9133333333,0.9699888889
Yang2025,EEGNetv4,FM-Full_A-Eucl_AdaBN-T,4,0.5583333333,0.5891388889
Yang2025,EEGNetv4,FM-Full_A-Eucl_AdaBN-T,5,0.8633333333,0.9500888889
Yang2025,EEGNetv4,FM-Full_A-Eucl_AdaBN-T,7,0.825,0.9059444444
Yang2025,EEGNetv4,FM-Full_A-Eucl_AdaBN-T,9,0.7133333333,0.7890222222
Yang2025,EEGNetv4,FM-Full_A-Eucl_AdaBN-T,10,0.8633333333,0.9512666667
Yang2025,EEGNetv4,FM-Full_A-Eucl_AdaBN-T,13,0.8016666667,0.8862888889
Yang2025,EEGNetv4,FM-Full_A-Eucl_AdaBN-T,14,0.5966666667,0.6175
Yang2025,EEGNetv4,FM-Full_A-Eucl_AdaBN-T,16,0.5883333333,0.6141444444
Yang2025,EEGNetv4,FM-Full_A-Eucl_AdaBN-T,17,0.8316666667,0.9181777778
Yang2025,EEGNetv4,FM-Full_A-Eucl_AdaBN-T,18,0.6816666667,0.7327555556
Yang2025,EEGNetv4,FM-Full_A-Eucl_AdaBN-T,20,0.91,0.9662777778
Yang2025,EEGNetv4,FM-Full_A-Eucl_AdaBN-T,25,0.9466666667,0.9917
Yang2025,EEGNetv4,FM-Full_A-Eucl_AdaBN-T,26,0.9465496098,0.9878595318
Yang2025,EEGNetv4,FM-Full_A-Eucl_AdaBN-T,27,0.695,0.7526
Yang2025,EEGNetv4,FM-Full_A-Eucl_AdaBN-T,31,0.7916666667,0.8847888889
Yang2025,EEGNetv4,FM-Full_A-Eucl_AdaBN-T,32,0.6210535117,0.6528428094
Yang2025,EEGNetv4,FM-Full_A-Eucl_AdaBN-T,33,0.9683333333,0.9936111111
Yang2025,EEGNetv4,FM-Full_A-Eucl_AdaBN-T,34,0.7916666667,0.8518111111
Yang2025,EEGNetv4,FM-Full_A-Eucl_AdaBN-T,37,0.915,0.9692222222
Yang2025,EEGNetv4,FM-Full_A-Eucl_AdaBN-T,41,0.8966666667,0.96385
Yang2025,EEGNetv4,FM-Full_A-Eucl_AdaBN-T,44,0.7616666667,0.8481444444
Yang2025,EEGNetv4,FM-Full_A-Eucl_AdaBN-T,45,0.8816666667,0.9613888889
Yang2025,EEGNetv4,FM-Full_A-Eucl_AdaBN-T,47,0.9266666667,0.9818555556
Yang2025,EEGNetv4,FM-Full_A-Eucl_AdaBN-T,48,0.8883333333,0.9607333333
Yang2025,EEGNetv4,FM-Full_A-Eucl_AdaBN-T,49,0.9416666667,0.9825888889
Yang2025,EEGNetv4,FM-Full_A-Eucl_AdaBN-T,50,0.955,0.9908666667
Yang2025,EEGNetv4,FM-Full_A-Eucl_AdaBN-T,1,0.9333333333,0.9873666667
Yang2025,EEGNetv4,FM-Full_A-Eucl_AdaBN-T,2,0.665,0.7489666667
Yang2025,EEGNetv4,FM-Full_A-Eucl_AdaBN-T,3,0.9616666667,0.9927222222
Yang2025,EEGNetv4,FM-Full_A-Eucl_AdaBN-T,6,0.9716666667,0.9963333333
Yang2025,EEGNetv4,FM-Full_A-Eucl_AdaBN-T,8,0.935,0.9764777778
Yang2025,EEGNetv4,FM-Full_A-Eucl_AdaBN-T,11,0.9033333333,0.9689555556
Yang2025,EEGNetv4,FM-Full_A-Eucl_AdaBN-T,12,0.6466666667,0.6848666667
Yang2025,EEGNetv4,FM-Full_A-Eucl_AdaBN-T,15,0.8466666667,0.9177222222
Yang2025,EEGNetv4,FM-Full_A-Eucl_AdaBN-T,19,0.8566666667,0.9444111111
Yang2025,EEGNetv4,FM-Full_A-Eucl_AdaBN-T,21,0.91,0.9700444444
Yang2025,EEGNetv4,FM-Full_A-Eucl_AdaBN-T,22,0.8616666667,0.9300444444
Yang2025,EEGNetv4,FM-Full_A-Eucl_AdaBN-T,23,0.9599275362,0.9949944259
Yang2025,EEGNetv4,FM-Full_A-Eucl_AdaBN-T,24,0.9781198984,0.9981861056
Yang2025,EEGNetv4,FM-Full_A-Eucl_AdaBN-T,28,0.84,0.9228888889
Yang2025,EEGNetv4,FM-Full_A-Eucl_AdaBN-T,29,0.8816666667,0.9546444444
Yang2025,EEGNetv4,FM-Full_A-Eucl_AdaBN-T,30,0.9433333333,0.9905333333
Yang2025,EEGNetv4,FM-Full_A-Eucl_AdaBN-T,35,0.9666666667,0.9947111111
Yang2025,EEGNetv4,FM-Full_A-Eucl_AdaBN-T,36,0.9533333333,0.9921777778
Yang2025,EEGNetv4,FM-Full_A-Eucl_AdaBN-T,38,0.7516666667,0.8303555556
Yang2025,EEGNetv4,FM-Full_A-Eucl_AdaBN-T,39,0.7766666667,0.8553444444
Yang2025,EEGNetv4,FM-Full_A-Eucl_AdaBN-T,40,0.8416666667,0.9291111111
Yang2025,EEGNetv4,FM-Full_A-Eucl_AdaBN-T,42,0.7916666667,0.8866555556
Yang2025,EEGNetv4,FM-Full_A-Eucl_AdaBN-T,43,0.9966666667,0.9999555556
Yang2025,EEGNetv4,FM-Full_A-Eucl_AdaBN-T,46,0.9866666667,0.9996888889
Yang2025,EEGNetv4,FM-Full_A-Eucl_AdaBN-T,51,0.9133333333,0.9715888889
Yang2025,EEGNetv4,FM-Full_A-None_AdaBN-F,4,0.555,0.5984444444
Yang2025,EEGNetv4,FM-Full_A-None_AdaBN-F,5,0.8983333333,0.9549888889
Yang2025,EEGNetv4,FM-Full_A-None_AdaBN-F,7,0.8333333333,0.9098333333
Yang2025,EEGNetv4,FM-Full_A-None_AdaBN-F,9,0.7383333333,0.8182111111
Yang2025,EEGNetv4,FM-Full_A-None_AdaBN-F,10,0.8883333333,0.9563111111
Yang2025,EEGNetv4,FM-Full_A-None_AdaBN-F,13,0.8466666667,0.9218111111
Yang2025,EEGNetv4,FM-Full_A-None_AdaBN-F,14,0.5433333333,0.5783444444
Yang2025,EEGNetv4,FM-Full_A-None_AdaBN-F,16,0.6666666667,0.7204111111
Yang2025,EEGNetv4,FM-Full_A-None_AdaBN-F,17,0.8316666667,0.9066666667
Yang2025,EEGNetv4,FM-Full_A-None_AdaBN-F,18,0.6833333333,0.7679666667
Yang2025,EEGNetv4,FM-Full_A-None_AdaBN-F,20,0.915,0.9706333333
Yang2025,EEGNetv4,FM-Full_A-None_AdaBN-F,25,0.955,0.9898444444
Yang2025,EEGNetv4,FM-Full_A-None_AdaBN-F,26,0.908154961,0.9537904125
Yang2025,EEGNetv4,FM-Full_A-None_AdaBN-F,27,0.7333333333,0.8158444444
Yang2025,EEGNetv4,FM-Full_A-None_AdaBN-F,31,0.825,0.8976611111
Yang2025,EEGNetv4,FM-Full_A-None_AdaBN-F,32,0.6410089186,0.7012597547
Yang2025,EEGNetv4,FM-Full_A-None_AdaBN-F,33,0.9766666667,0.9968222222
Yang2025,EEGNetv4,FM-Full_A-None_AdaBN-F,34,0.7816666667,0.8739111111
Yang2025,EEGNetv4,FM-Full_A-None_AdaBN-F,37,0.9216666667,0.9814888889
Yang2025,EEGNetv4,FM-Full_A-None_AdaBN-F,41,0.91,0.9702222222
Yang2025,EEGNetv4,FM-Full_A-None_AdaBN-F,44,0.75,0.8453444444
Yang2025,EEGNetv4,FM-Full_A-None_AdaBN-F,45,0.8916666667,0.9554555556
Yang2025,EEGNetv4,FM-Full_A-None_AdaBN-F,47,0.9383333333,0.9830111111
Yang2025,EEGNetv4,FM-Full_A-None_AdaBN-F,48,0.9016666667,0.9684888889
Yang2025,EEGNetv4,FM-Full_A-None_AdaBN-F,49,0.9766666667,0.9954
Yang2025,EEGNetv4,FM-Full_A-None_AdaBN-F,50,0.9683333333,0.9925666667
Yang2025,EEGNetv4,FM-Full_A-None_AdaBN-F,1,0.9583333333,0.9906222222
Yang2025,EEGNetv4,FM-Full_A-None_AdaBN-F,2,0.6966666667,0.7843444444
Yang2025,EEGNetv4,FM-Full_A-None_AdaBN-F,3,0.9433333333,0.9867444444
Yang2025,EEGNetv4,FM-Full_A-None_AdaBN-F,6,0.9716666667,0.9953333333
Yang2025,EEGNetv4,FM-Full_A-None_AdaBN-F,8,0.95,0.9871888889
Yang2025,EEGNetv4,FM-Full_A-None_AdaBN-F,11,0.925,0.9803888889
Yang2025,EEGNetv4,FM-Full_A-None_AdaBN-F,12,0.6,0.6368222222
Yang2025,EEGNetv4,FM-Full_A-None_AdaBN-F,15,0.7916666667,0.8833
Yang2025,EEGNetv4,FM-Full_A-None_AdaBN-F,19,0.8883333333,0.9584888889
Yang2025,EEGNetv4,FM-Full_A-None_AdaBN-F,21,0.9183333333,0.9695
Yang2025,EEGNetv4,FM-Full_A-None_AdaBN-F,22,0.8716666667,0.9425222222
Yang2025,EEGNetv4,FM-Full_A-None_AdaBN-F,23,0.9616053512,0.9920958751
Yang2025,EEGNetv4,FM-Full_A-None_AdaBN-F,24,0.9831534555,0.9988436423
Yang2025,EEGNetv4,FM-Full_A-None_AdaBN-F,28,0.92,0.9652111111
Yang2025,EEGNetv4,FM-Full_A-None_AdaBN-F,29,0.8983333333,0.9680333333
Yang2025,EEGNetv4,FM-Full_A-None_AdaBN-F,30,0.7966666667,0.9568
Yang2025,EEGNetv4,FM-Full_A-None_AdaBN-F,35,0.97,0.9925333333
Yang2025,EEGNetv4,FM-Full_A-None_AdaBN-F,36,0.95,0.9876888889
Yang2025,EEGNetv4,FM-Full_A-None_AdaBN-F,38,0.66,0.7451944444
Yang2025,EEGNetv4,FM-Full_A-None_AdaBN-F,39,0.795,0.8874722222
Yang2025,EEGNetv4,FM-Full_A-None_AdaBN-F,40,0.8816666667,0.9521111111
Yang2025,EEGNetv4,FM-Full_A-None_AdaBN-F,42,0.825,0.9124666667
Yang2025,EEGNetv4,FM-Full_A-None_AdaBN-F,43,0.9966666667,0.9999555556
Yang2025,EEGNetv4,FM-Full_A-None_AdaBN-F,46,0.9933333333,0.9993
Yang2025,EEGNetv4,FM-Full_A-None_AdaBN-F,51,0.9016666667,0.9710833333
Yang2025,EEGNetv4,FM-Full_A-Riem_AdaBN-F,4,0.5333333333,0.5832444444
Yang2025,EEGNetv4,FM-Full_A-Riem_AdaBN-F,5,0.8383333333,0.9062666667
Yang2025,EEGNetv4,FM-Full_A-Riem_AdaBN-F,7,0.7383333333,0.8664222222
Yang2025,EEGNetv4,FM-Full_A-Riem_AdaBN-F,9,0.6483333333,0.7320333333
Yang2025,EEGNetv4,FM-Full_A-Riem_AdaBN-F,10,0.84,0.9331888889
Yang2025,EEGNetv4,FM-Full_A-Riem_AdaBN-F,13,0.7783333333,0.8562444444
Yang2025,EEGNetv4,FM-Full_A-Riem_AdaBN-F,14,0.555,0.5650333333
Yang2025,EEGNetv4,FM-Full_A-Riem_AdaBN-F,16,0.56,0.5933222222
Yang2025,EEGNetv4,FM-Full_A-Riem_AdaBN-F,17,0.7566666667,0.8819444444
Yang2025,EEGNetv4,FM-Full_A-Riem_AdaBN-F,18,0.66,0.7338888889
Yang2025,EEGNetv4,FM-Full_A-Riem_AdaBN-F,20,0.8783333333,0.9516555556
Yang2025,EEGNetv4,FM-Full_A-Riem_AdaBN-F,25,0.905,0.9689555556
Yang2025,EEGNetv4,FM-Full_A-Riem_AdaBN-F,26,0.8881382386,0.9592976589
Yang2025,EEGNetv4,FM-Full_A-Riem_AdaBN-F,27,0.6783333333,0.7444666667
Yang2025,EEGNetv4,FM-Full_A-Riem_AdaBN-F,31,0.7333333333,0.8043111111
Yang2025,EEGNetv4,FM-Full_A-Riem_AdaBN-F,32,0.5708807135,0.6065551839
Yang2025,EEGNetv4,FM-Full_A-Riem_AdaBN-F,33,0.875,0.9845555556
Yang2025,EEGNetv4,FM-Full_A-Riem_AdaBN-F,34,0.7483333333,0.8493555556
Yang2025,EEGNetv4,FM-Full_A-Riem_AdaBN-F,37,0.8666666667,0.9544111111
Yang2025,EEGNetv4,FM-Full_A-Riem_AdaBN-F,41,0.8366666667,0.9384666667
Yang2025,EEGNetv4,FM-Full_A-Riem_AdaBN-F,44,0.7283333333,0.8275111111
Yang2025,EEGNetv4,FM-Full_A-Riem_AdaBN-F,45,0.8316666667,0.9352444444
Yang2025,EEGNetv4,FM-Full_A-Riem_AdaBN-F,47,0.875,0.9632666667
Yang2025,EEGNetv4,FM-Full_A-Riem_AdaBN-F,48,0.8183333333,0.9286222222
Yang2025,EEGNetv4,FM-Full_A-Riem_AdaBN-F,49,0.865,0.9659666667
Yang2025,EEGNetv4,FM-Full_A-Riem_AdaBN-F,50,0.915,0.9832333333
Yang2025,EEGNetv4,FM-Full_A-Riem_AdaBN-F,1,0.905,0.9834888889
Yang2025,EEGNetv4,FM-Full_A-Riem_AdaBN-F,2,0.63,0.7082555556
Yang2025,EEGNetv4,FM-Full_A-Riem_AdaBN-F,3,0.945,0.9895555556
Yang2025,EEGNetv4,FM-Full_A-Riem_AdaBN-F,6,0.95,0.9893555556
Yang2025,EEGNetv4,FM-Full_A-Riem_AdaBN-F,8,0.9016666667,0.9654888889
Yang2025,EEGNetv4,FM-Full_A-Riem_AdaBN-F,11,0.86,0.9524555556
Yang2025,EEGNetv4,FM-Full_A-Riem_AdaBN-F,12,0.6216666667,0.6796666667
Yang2025,EEGNetv4,FM-Full_A-Riem_AdaBN-F,15,0.7933333333,0.8916666667
Yang2025,EEGNetv4,FM-Full_A-Riem_AdaBN-F,19,0.845,0.9447777778
Yang2025,EEGNetv4,FM-Full_A-Riem_AdaBN-F,21,0.8966666667,0.9555888889
Yang2025,EEGNetv4,FM-Full_A-Riem_AdaBN-F,22,0.8533333333,0.9249555556
Yang2025,EEGNetv4,FM-Full_A-Riem_AdaBN-F,23,0.9532943144,0.9907134894
Yang2025,EEGNetv4,FM-Full_A-Riem_AdaBN-F,24,0.9527707237,0.9916447488
Yang2025,EEGNetv4,FM-Full_A-Riem_AdaBN-F,28,0.83,0.9105222222
Yang2025,EEGNetv4,FM-Full_A-Riem_AdaBN-F,29,0.8533333333,0.9485666667
Yang2025,EEGNetv4,FM-Full_A-Riem_AdaBN-F,30,0.9166666667,0.9784555556
Yang2025,EEGNetv4,FM-Full_A-Riem_AdaBN-F,35,0.965,0.9865222222
Yang2025,EEGNetv4,FM-Full_A-Riem_AdaBN-F,36,0.9116666667,0.9785555556
Yang2025,EEGNetv4,FM-Full_A-Riem_AdaBN-F,38,0.7533333333,0.8419444444
Yang2025,EEGNetv4,FM-Full_A-Riem_AdaBN-F,39,0.7433333333,0.8456
Yang2025,EEGNetv4,FM-Full_A-Riem_AdaBN-F,40,0.8166666667,0.9101333333
Yang2025,EEGNetv4,FM-Full_A-Riem_AdaBN-F,42,0.78,0.8624666667
Yang2025,EEGNetv4,FM-Full_A-Riem_AdaBN-F,43,0.9883333333,0.9999666667
Yang2025,EEGNetv4,FM-Full_A-Riem_AdaBN-F,46,0.9783333333,0.9972444444
Yang2025,EEGNetv4,FM-Full_A-Riem_AdaBN-F,51,0.87,0.9573
Yang2025,EEGNetv4,FM-Full_A-Riem_AdaBN-T,4,0.5816666667,0.6068555556
Yang2025,EEGNetv4,FM-Full_A-Riem_AdaBN-T,5,0.88,0.9513
Yang2025,EEGNetv4,FM-Full_A-Riem_AdaBN-T,7,0.82,0.9068166667
Yang2025,EEGNetv4,FM-Full_A-Riem_AdaBN-T,9,0.725,0.7907611111
Yang2025,EEGNetv4,FM-Full_A-Riem_AdaBN-T,10,0.875,0.9520888889
Yang2025,EEGNetv4,FM-Full_A-Riem_AdaBN-T,13,0.8033333333,0.8944444444
Yang2025,EEGNetv4,FM-Full_A-Riem_AdaBN-T,14,0.5433333333,0.5903777778
Yang2025,EEGNetv4,FM-Full_A-Riem_AdaBN-T,16,0.585,0.62355
Yang2025,EEGNetv4,FM-Full_A-Riem_AdaBN-T,17,0.8283333333,0.9189388889
Yang2025,EEGNetv4,FM-Full_A-Riem_AdaBN-T,18,0.6766666667,0.7541666667
Yang2025,EEGNetv4,FM-Full_A-Riem_AdaBN-T,20,0.9266666667,0.9792944444
Yang2025,EEGNetv4,FM-Full_A-Riem_AdaBN-T,25,0.95,0.9919333333
Yang2025,EEGNetv4,FM-Full_A-Riem_AdaBN-T,26,0.9331939799,0.9860758082
Yang2025,EEGNetv4,FM-Full_A-Riem_AdaBN-T,27,0.7083333333,0.7705388889
Yang2025,EEGNetv4,FM-Full_A-Riem_AdaBN-T,31,0.77,0.8589666667
Yang2025,EEGNetv4,FM-Full_A-Riem_AdaBN-T,32,0.5909977703,0.6339241918
Yang2025,EEGNetv4,FM-Full_A-Riem_AdaBN-T,33,0.9683333333,0.9953888889
Yang2025,EEGNetv4,FM-Full_A-Riem_AdaBN-T,34,0.7783333333,0.8640111111
Yang2025,EEGNetv4,FM-Full_A-Riem_AdaBN-T,37,0.9133333333,0.9746222222
Yang2025,EEGNetv4,FM-Full_A-Riem_AdaBN-T,41,0.8983333333,0.9621444444
Yang2025,EEGNetv4,FM-Full_A-Riem_AdaBN-T,44,0.745,0.8372777778
Yang2025,EEGNetv4,FM-Full_A-Riem_AdaBN-T,45,0.8983333333,0.9621388889
Yang2025,EEGNetv4,FM-Full_A-Riem_AdaBN-T,47,0.9266666667,0.9823666667
Yang2025,EEGNetv4,FM-Full_A-Riem_AdaBN-T,48,0.8966666667,0.9668777778
Yang2025,EEGNetv4,FM-Full_A-Riem_AdaBN-T,49,0.9333333333,0.9824777778
Yang2025,EEGNetv4,FM-Full_A-Riem_AdaBN-T,50,0.9583333333,0.9934888889
Yang2025,EEGNetv4,FM-Full_A-Riem_AdaBN-T,1,0.9533333333,0.9886
Yang2025,EEGNetv4,FM-Full_A-Riem_AdaBN-T,2,0.6583333333,0.7315555556
Yang2025,EEGNetv4,FM-Full_A-Riem_AdaBN-T,3,0.955,0.9908555556
Yang2025,EEGNetv4,FM-Full_A-Riem_AdaBN-T,6,0.9733333333,0.9944444444
Yang2025,EEGNetv4,FM-Full_A-Riem_AdaBN-T,8,0.93,0.9741555556
Yang2025,EEGNetv4,FM-Full_A-Riem_AdaBN-T,11,0.9,0.9651111111
Yang2025,EEGNetv4,FM-Full_A-Riem_AdaBN-T,12,0.6416666667,0.6670333333
Yang2025,EEGNetv4,FM-Full_A-Riem_AdaBN-T,15,0.8333333333,0.9156444444
Yang2025,EEGNetv4,FM-Full_A-Riem_AdaBN-T,19,0.8616666667,0.9485222222
Yang2025,EEGNetv4,FM-Full_A-Riem_AdaBN-T,21,0.9083333333,0.9670555556
Yang2025,EEGNetv4,FM-Full_A-Riem_AdaBN-T,22,0.8716666667,0.9368111111
Yang2025,EEGNetv4,FM-Full_A-Riem_AdaBN-T,23,0.9732887402,0.9966220736
Yang2025,EEGNetv4,FM-Full_A-Riem_AdaBN-T,24,0.9663295846,0.9952838745
Yang2025,EEGNetv4,FM-Full_A-Riem_AdaBN-T,28,0.8616666667,0.9287111111
Yang2025,EEGNetv4,FM-Full_A-Riem_AdaBN-T,29,0.86,0.9450666667
Yang2025,EEGNetv4,FM-Full_A-Riem_AdaBN-T,30,0.9366666667,0.9845777778
Yang2025,EEGNetv4,FM-Full_A-Riem_AdaBN-T,35,0.97,0.9936777778
Yang2025,EEGNetv4,FM-Full_A-Riem_AdaBN-T,36,0.9316666667,0.9889666667
Yang2025,EEGNetv4,FM-Full_A-Riem_AdaBN-T,38,0.7466666667,0.8375444444
Yang2025,EEGNetv4,FM-Full_A-Riem_AdaBN-T,39,0.7466666667,0.8491833333
Yang2025,EEGNetv4,FM-Full_A-Riem_AdaBN-T,40,0.855,0.9286333333
Yang2025,EEGNetv4,FM-Full_A-Riem_AdaBN-T,42,0.7966666667,0.8876166667
Yang2025,EEGNetv4,FM-Full_A-Riem_AdaBN-T,43,0.9983333333,0.9999888889
Yang2025,EEGNetv4,FM-Full_A-Riem_AdaBN-T,46,0.99,0.9993888889
Yang2025,EEGNetv4,FM-Full_A-Riem_AdaBN-T,51,0.91,0.9697888889
Yang2025,EEGNetv4,FM-None_A-Eucl_AdaBN-T,4,0.5866666667,0.6274111111
Yang2025,EEGNetv4,FM-None_A-Eucl_AdaBN-T,5,0.8483333333,0.9257222222
Yang2025,EEGNetv4,FM-None_A-Eucl_AdaBN-T,7,0.775,0.8595111111
Yang2025,EEGNetv4,FM-None_A-Eucl_AdaBN-T,9,0.725,0.7994444444
Yang2025,EEGNetv4,FM-None_A-Eucl_AdaBN-T,10,0.8233333333,0.9318222222
Yang2025,EEGNetv4,FM-None_A-Eucl_AdaBN-T,13,0.7383333333,0.8118777778
Yang2025,EEGNetv4,FM-None_A-Eucl_AdaBN-T,14,0.5783333333,0.6127888889
Yang2025,EEGNetv4,FM-None_A-Eucl_AdaBN-T,16,0.585,0.6035166667
Yang2025,EEGNetv4,FM-None_A-Eucl_AdaBN-T,17,0.8083333333,0.8931666667
Yang2025,EEGNetv4,FM-None_A-Eucl_AdaBN-T,18,0.655,0.7096111111
Yang2025,EEGNetv4,FM-None_A-Eucl_AdaBN-T,20,0.8116666667,0.8993222222
Yang2025,EEGNetv4,FM-None_A-Eucl_AdaBN-T,25,0.9233333333,0.9777666667
Yang2025,EEGNetv4,FM-None_A-Eucl_AdaBN-T,26,0.8897603122,0.9712040134
Yang2025,EEGNetv4,FM-None_A-Eucl_AdaBN-T,27,0.6666666667,0.7091444444
Yang2025,EEGNetv4,FM-None_A-Eucl_AdaBN-T,31,0.755,0.8419833333
Yang2025,EEGNetv4,FM-None_A-Eucl_AdaBN-T,32,0.5643645485,0.5952842809
Yang2025,EEGNetv4,FM-None_A-Eucl_AdaBN-T,33,0.9283333333,0.9825444444
Yang2025,EEGNetv4,FM-None_A-Eucl_AdaBN-T,34,0.6666666667,0.7081555556
Yang2025,EEGNetv4,FM-None_A-Eucl_AdaBN-T,37,0.8633333333,0.934
Yang2025,EEGNetv4,FM-None_A-Eucl_AdaBN-T,41,0.8683333333,0.9412
Yang2025,EEGNetv4,FM-None_A-Eucl_AdaBN-T,44,0.725,0.8009333333
Yang2025,EEGNetv4,FM-None_A-Eucl_AdaBN-T,45,0.855,0.9462444444
Yang2025,EEGNetv4,FM-None_A-Eucl_AdaBN-T,47,0.8983333333,0.9648555556
Yang2025,EEGNetv4,FM-None_A-Eucl_AdaBN-T,48,0.825,0.9277666667
Yang2025,EEGNetv4,FM-None_A-Eucl_AdaBN-T,49,0.8883333333,0.9512277778
Yang2025,EEGNetv4,FM-None_A-Eucl_AdaBN-T,50,0.9533333333,0.9883777778
Yang2025,EEGNetv4,FM-None_A-Eucl_AdaBN-T,1,0.93,0.9811333333
Yang2025,EEGNetv4,FM-None_A-Eucl_AdaBN-T,2,0.6866666667,0.7567555556
Yang2025,EEGNetv4,FM-None_A-Eucl_AdaBN-T,3,0.9166666667,0.9730888889
Yang2025,EEGNetv4,FM-None_A-Eucl_AdaBN-T,6,0.94,0.9877555556
Yang2025,EEGNetv4,FM-None_A-Eucl_AdaBN-T,8,0.91,0.9663
Yang2025,EEGNetv4,FM-None_A-Eucl_AdaBN-T,11,0.865,0.9417888889
Yang2025,EEGNetv4,FM-None_A-Eucl_AdaBN-T,12,0.615,0.6707611111
Yang2025,EEGNetv4,FM-None_A-Eucl_AdaBN-T,15,0.7466666667,0.8165666667
Yang2025,EEGNetv4,FM-None_A-Eucl_AdaBN-T,19,0.85,0.9323555556
Yang2025,EEGNetv4,FM-None_A-Eucl_AdaBN-T,21,0.8716666667,0.9477222222
Yang2025,EEGNetv4,FM-None_A-Eucl_AdaBN-T,22,0.8083333333,0.8963777778
Yang2025,EEGNetv4,FM-None_A-Eucl_AdaBN-T,23,0.9649331104,0.994425864
Yang2025,EEGNetv4,FM-None_A-Eucl_AdaBN-T,24,0.9293374751,0.9812148558
Yang2025,EEGNetv4,FM-None_A-Eucl_AdaBN-T,28,0.7816666667,0.8664666667
Yang2025,EEGNetv4,FM-None_A-Eucl_AdaBN-T,29,0.7866666667,0.8839222222
Yang2025,EEGNetv4,FM-None_A-Eucl_AdaBN-T,30,0.8583333333,0.9425555556
Yang2025,EEGNetv4,FM-None_A-Eucl_AdaBN-T,35,0.9533333333,0.9934444444
Yang2025,EEGNetv4,FM-None_A-Eucl_AdaBN-T,36,0.9316666667,0.9821
Yang2025,EEGNetv4,FM-None_A-Eucl_AdaBN-T,38,0.6333333333,0.7098666667
Yang2025,EEGNetv4,FM-None_A-Eucl_AdaBN-T,39,0.7516666667,0.8438666667
Yang2025,EEGNetv4,FM-None_A-Eucl_AdaBN-T,40,0.83,0.9124111111
Yang2025,EEGNetv4,FM-None_A-Eucl_AdaBN-T,42,0.805,0.8723555556
Yang2025,EEGNetv4,FM-None_A-Eucl_AdaBN-T,43,0.9766666667,0.9990777778
Yang2025,EEGNetv4,FM-None_A-Eucl_AdaBN-T,46,0.9583333333,0.9934
Yang2025,EEGNetv4,FM-None_A-Eucl_AdaBN-T,51,0.865,0.9452
Yang2025,EEGNetv4,FM-None_A-None_AdaBN-F,4,0.5866666667,0.6315
Yang2025,EEGNetv4,FM-None_A-None_AdaBN-F,5,0.8283333333,0.9282444444
Yang2025,EEGNetv4,FM-None_A-None_AdaBN-F,7,0.7483333333,0.8745888889
Yang2025,EEGNetv4,FM-None_A-None_AdaBN-F,9,0.7116666667,0.7977333333
Yang2025,EEGNetv4,FM-None_A-None_AdaBN-F,10,0.7866666667,0.9269333333
Yang2025,EEGNetv4,FM-None_A-None_AdaBN-F,13,0.7816666667,0.8506888889
Yang2025,EEGNetv4,FM-None_A-None_AdaBN-F,14,0.5566666667,0.5884888889
Yang2025,EEGNetv4,FM-None_A-None_AdaBN-F,16,0.5683333333,0.6338666667
Yang2025,EEGNetv4,FM-None_A-None_AdaBN-F,17,0.7916666667,0.8830833333
Yang2025,EEGNetv4,FM-None_A-None_AdaBN-F,18,0.6783333333,0.7446111111
Yang2025,EEGNetv4,FM-None_A-None_AdaBN-F,20,0.7683333333,0.8536111111
Yang2025,EEGNetv4,FM-None_A-None_AdaBN-F,25,0.8983333333,0.9524666667
Yang2025,EEGNetv4,FM-None_A-None_AdaBN-F,26,0.7476867336,0.8520958751
Yang2025,EEGNetv4,FM-None_A-None_AdaBN-F,27,0.5966666667,0.6729555556
Yang2025,EEGNetv4,FM-None_A-None_AdaBN-F,31,0.7366666667,0.8293111111
Yang2025,EEGNetv4,FM-None_A-None_AdaBN-F,32,0.5642586399,0.6066778149
Yang2025,EEGNetv4,FM-None_A-None_AdaBN-F,33,0.9616666667,0.9919222222
Yang2025,EEGNetv4,FM-None_A-None_AdaBN-F,34,0.5483333333,0.5558777778
Yang2025,EEGNetv4,FM-None_A-None_AdaBN-F,37,0.9,0.9578777778
Yang2025,EEGNetv4,FM-None_A-None_AdaBN-F,41,0.875,0.9505555556
Yang2025,EEGNetv4,FM-None_A-None_AdaBN-F,44,0.7216666667,0.8017555556
Yang2025,EEGNetv4,FM-None_A-None_AdaBN-F,45,0.8616666667,0.9344444444
Yang2025,EEGNetv4,FM-None_A-None_AdaBN-F,47,0.89,0.9669666667
Yang2025,EEGNetv4,FM-None_A-None_AdaBN-F,48,0.8383333333,0.9406222222
Yang2025,EEGNetv4,FM-None_A-None_AdaBN-F,49,0.9583333333,0.9862111111
Yang2025,EEGNetv4,FM-None_A-None_AdaBN-F,50,0.92,0.9829555556
Yang2025,EEGNetv4,FM-None_A-None_AdaBN-F,1,0.9216666667,0.9830666667
Yang2025,EEGNetv4,FM-None_A-None_AdaBN-F,2,0.7133333333,0.7807666667
Yang2025,EEGNetv4,FM-None_A-None_AdaBN-F,3,0.9316666667,0.9834333333
Yang2025,EEGNetv4,FM-None_A-None_AdaBN-F,6,0.9233333333,0.9821333333
Yang2025,EEGNetv4,FM-None_A-None_AdaBN-F,8,0.8933333333,0.9687555556
Yang2025,EEGNetv4,FM-None_A-None_AdaBN-F,11,0.8866666667,0.9510555556
Yang2025,EEGNetv4,FM-None_A-None_AdaBN-F,12,0.6183333333,0.6517888889
Yang2025,EEGNetv4,FM-None_A-None_AdaBN-F,15,0.7766666667,0.8496111111
Yang2025,EEGNetv4,FM-None_A-None_AdaBN-F,19,0.8533333333,0.9270111111
Yang2025,EEGNetv4,FM-None_A-None_AdaBN-F,21,0.8783333333,0.9428555556
Yang2025,EEGNetv4,FM-None_A-None_AdaBN-F,22,0.7783333333,0.8633444444
Yang2025,EEGNetv4,FM-None_A-None_AdaBN-F,23,0.9398940914,0.9837904125
Yang2025,EEGNetv4,FM-None_A-None_AdaBN-F,24,0.9663522583,0.9947397061
Yang2025,EEGNetv4,FM-None_A-None_AdaBN-F,28,0.8216666667,0.9347111111
Yang2025,EEGNetv4,FM-None_A-None_AdaBN-F,29,0.8166666667,0.9071666667
Yang2025,EEGNetv4,FM-None_A-None_AdaBN-F,30,0.9166666667,0.9682277778
Yang2025,EEGNetv4,FM-None_A-None_AdaBN-F,35,0.9616666667,0.9909777778
Yang2025,EEGNetv4,FM-None_A-None_AdaBN-F,36,0.925,0.9758666667
Yang2025,EEGNetv4,FM-None_A-None_AdaBN-F,38,0.605,0.6224555556
Yang2025,EEGNetv4,FM-None_A-None_AdaBN-F,39,0.7183333333,0.8162777778
Yang2025,EEGNetv4,FM-None_A-None_AdaBN-F,40,0.8183333333,0.9007444444
Yang2025,EEGNetv4,FM-None_A-None_AdaBN-F,42,0.8116666667,0.8852777778
Yang2025,EEGNetv4,FM-None_A-None_AdaBN-F,43,0.99,0.9996777778
Yang2025,EEGNetv4,FM-None_A-None_AdaBN-F,46,0.9533333333,0.9969222222
Yang2025,EEGNetv4,FM-None_A-None_AdaBN-F,51,0.8666666667,0.9439444444
Yang2025,EEGNetv4,NoPre_FM-Full_A-Eucl_AdaBN-T,4,0.5466666667,0.5391444444
Yang2025,EEGNetv4,NoPre_FM-Full_A-Eucl_AdaBN-T,5,0.7533333333,0.8432777778
Yang2025,EEGNetv4,NoPre_FM-Full_A-Eucl_AdaBN-T,7,0.68,0.7676777778
Yang2025,EEGNetv4,NoPre_FM-Full_A-Eucl_AdaBN-T,9,0.635,0.6957555556
Yang2025,EEGNetv4,NoPre_FM-Full_A-Eucl_AdaBN-T,10,0.78,0.8779
Yang2025,EEGNetv4,NoPre_FM-Full_A-Eucl_AdaBN-T,13,0.7116666667,0.7919444444
Yang2025,EEGNetv4,NoPre_FM-Full_A-Eucl_AdaBN-T,14,0.515,0.5392111111
Yang2025,EEGNetv4,NoPre_FM-Full_A-Eucl_AdaBN-T,16,0.5033333333,0.5301222222
Yang2025,EEGNetv4,NoPre_FM-Full_A-Eucl_AdaBN-T,17,0.7183333333,0.7930111111
Yang2025,EEGNetv4,NoPre_FM-Full_A-Eucl_AdaBN-T,18,0.6083333333,0.6545888889
Yang2025,EEGNetv4,NoPre_FM-Full_A-Eucl_AdaBN-T,20,0.8766666667,0.9418333333
Yang2025,EEGNetv4,NoPre_FM-Full_A-Eucl_AdaBN-T,25,0.8533333333,0.9380444444
Yang2025,EEGNetv4,NoPre_FM-Full_A-Eucl_AdaBN-T,26,0.8430156076,0.9209810479
Yang2025,EEGNetv4,NoPre_FM-Full_A-Eucl_AdaBN-T,27,0.645,0.7015777778
Yang2025,EEGNetv4,NoPre_FM-Full_A-Eucl_AdaBN-T,31,0.7166666667,0.8019888889
Yang2025,EEGNetv4,NoPre_FM-Full_A-Eucl_AdaBN-T,32,0.5124972129,0.5142586399
Yang2025,EEGNetv4,NoPre_FM-Full_A-Eucl_AdaBN-T,33,0.8216666667,0.9240666667
Yang2025,EEGNetv4,NoPre_FM-Full_A-Eucl_AdaBN-T,34,0.6966666667,0.7961111111
Yang2025,EEGNetv4,NoPre_FM-Full_A-Eucl_AdaBN-T,37,0.7766666667,0.8701444444
Yang2025,EEGNetv4,NoPre_FM-Full_A-Eucl_AdaBN-T,41,0.7716666667,0.8630666667
Yang2025,EEGNetv4,NoPre_FM-Full_A-Eucl_AdaBN-T,44,0.6,0.6406111111
Yang2025,EEGNetv4,NoPre_FM-Full_A-Eucl_AdaBN-T,45,0.745,0.8348777778
Yang2025,EEGNetv4,NoPre_FM-Full_A-Eucl_AdaBN-T,47,0.855,0.9431111111
Yang2025,EEGNetv4,NoPre_FM-Full_A-Eucl_AdaBN-T,48,0.7766666667,0.8701222222
Yang2025,EEGNetv4,NoPre_FM-Full_A-Eucl_AdaBN-T,49,0.805,0.8947
Yang2025,EEGNetv4,NoPre_FM-Full_A-Eucl_AdaBN-T,50,0.8633333333,0.9371555556
Yang2025,EEGNetv4,NoPre_FM-Full_A-Eucl_AdaBN-T,1,0.8433333333,0.9352555556
Yang2025,EEGNetv4,NoPre_FM-Full_A-Eucl_AdaBN-T,2,0.5433333333,0.5837777778
Yang2025,EEGNetv4,NoPre_FM-Full_A-Eucl_AdaBN-T,3,0.8733333333,0.9527888889
Yang2025,EEGNetv4,NoPre_FM-Full_A-Eucl_AdaBN-T,6,0.92,0.9776777778
Yang2025,EEGNetv4,NoPre_FM-Full_A-Eucl_AdaBN-T,8,0.8166666667,0.9136666667
Yang2025,EEGNetv4,NoPre_FM-Full_A-Eucl_AdaBN-T,11,0.7783333333,0.8645166667
Yang2025,EEGNetv4,NoPre_FM-Full_A-Eucl_AdaBN-T,12,0.54,0.54195
Yang2025,EEGNetv4,NoPre_FM-Full_A-Eucl_AdaBN-T,15,0.7383333333,0.8312
Yang2025,EEGNetv4,NoPre_FM-Full_A-Eucl_AdaBN-T,19,0.7083333333,0.8306666667
Yang2025,EEGNetv4,NoPre_FM-Full_A-Eucl_AdaBN-T,21,0.77,0.8742222222
Yang2025,EEGNetv4,NoPre_FM-Full_A-Eucl_AdaBN-T,22,0.7266666667,0.8187166667
Yang2025,EEGNetv4,NoPre_FM-Full_A-Eucl_AdaBN-T,23,0.8814548495,0.9586510591
Yang2025,EEGNetv4,NoPre_FM-Full_A-Eucl_AdaBN-T,24,0.8551491928,0.9444834936
Yang2025,EEGNetv4,NoPre_FM-Full_A-Eucl_AdaBN-T,28,0.72,0.8034
Yang2025,EEGNetv4,NoPre_FM-Full_A-Eucl_AdaBN-T,29,0.7533333333,0.8549
Yang2025,EEGNetv4,NoPre_FM-Full_A-Eucl_AdaBN-T,30,0.8583333333,0.9320111111
Yang2025,EEGNetv4,NoPre_FM-Full_A-Eucl_AdaBN-T,35,0.8916666667,0.9613111111
Yang2025,EEGNetv4,NoPre_FM-Full_A-Eucl_AdaBN-T,36,0.8583333333,0.9399222222
Yang2025,EEGNetv4,NoPre_FM-Full_A-Eucl_AdaBN-T,38,0.715,0.7947
Yang2025,EEGNetv4,NoPre_FM-Full_A-Eucl_AdaBN-T,39,0.6466666667,0.7176222222
Yang2025,EEGNetv4,NoPre_FM-Full_A-Eucl_AdaBN-T,40,0.69,0.7815888889
Yang2025,EEGNetv4,NoPre_FM-Full_A-Eucl_AdaBN-T,42,0.6816666667,0.7428777778
Yang2025,EEGNetv4,NoPre_FM-Full_A-Eucl_AdaBN-T,43,0.9183333333,0.9822222222
Yang2025,EEGNetv4,NoPre_FM-Full_A-Eucl_AdaBN-T,46,0.9116666667,0.9748777778
Yang2025,EEGNetv4,NoPre_FM-Full_A-Eucl_AdaBN-T,51,0.7933333333,0.88365
Yang2025,EEGNetv4,NoPre_FM-Full_A-None_AdaBN-F,4,0.545,0.5247888889
Yang2025,EEGNetv4,NoPre_FM-Full_A-None_AdaBN-F,5,0.7983333333,0.8734222222
Yang2025,EEGNetv4,NoPre_FM-Full_A-None_AdaBN-F,7,0.7033333333,0.7782555556
Yang2025,EEGNetv4,NoPre_FM-Full_A-None_AdaBN-F,9,0.62,0.6869222222
Yang2025,EEGNetv4,NoPre_FM-Full_A-None_AdaBN-F,10,0.83,0.8941111111
Yang2025,EEGNetv4,NoPre_FM-Full_A-None_AdaBN-F,13,0.7383333333,0.8036611111
Yang2025,EEGNetv4,NoPre_FM-Full_A-None_AdaBN-F,14,0.525,0.5378777778
Yang2025,EEGNetv4,NoPre_FM-Full_A-None_AdaBN-F,16,0.5516666667,0.5609833333
Yang2025,EEGNetv4,NoPre_FM-Full_A-None_AdaBN-F,17,0.7483333333,0.82125
Yang2025,EEGNetv4,NoPre_FM-Full_A-None_AdaBN-F,18,0.635,0.6876833333
Yang2025,EEGNetv4,NoPre_FM-Full_A-None_AdaBN-F,20,0.8666666667,0.9009444444
Yang2025,EEGNetv4,NoPre_FM-Full_A-None_AdaBN-F,25,0.9033333333,0.9310888889
Yang2025,EEGNetv4,NoPre_FM-Full_A-None_AdaBN-F,26,0.8697826087,0.8977146042
Yang2025,EEGNetv4,NoPre_FM-Full_A-None_AdaBN-F,27,0.6783333333,0.7119944444
Yang2025,EEGNetv4,NoPre_FM-Full_A-None_AdaBN-F,31,0.7583333333,0.8121388889
Yang2025,EEGNetv4,NoPre_FM-Full_A-None_AdaBN-F,32,0.5742865106,0.5969063545
Yang2025,EEGNetv4,NoPre_FM-Full_A-None_AdaBN-F,33,0.885,0.9429111111
Yang2025,EEGNetv4,NoPre_FM-Full_A-None_AdaBN-F,34,0.7583333333,0.8286333333
Yang2025,EEGNetv4,NoPre_FM-Full_A-None_AdaBN-F,37,0.8516666667,0.9051444444
Yang2025,EEGNetv4,NoPre_FM-Full_A-None_AdaBN-F,41,0.8266666667,0.8879
Yang2025,EEGNetv4,NoPre_FM-Full_A-None_AdaBN-F,44,0.645,0.7180555556
Yang2025,EEGNetv4,NoPre_FM-Full_A-None_AdaBN-F,45,0.7933333333,0.85445
Yang2025,EEGNetv4,NoPre_FM-Full_A-None_AdaBN-F,47,0.875,0.9343666667
Yang2025,EEGNetv4,NoPre_FM-Full_A-None_AdaBN-F,48,0.7816666667,0.8699444444
Yang2025,EEGNetv4,NoPre_FM-Full_A-None_AdaBN-F,49,0.8733333333,0.9177444444
Yang2025,EEGNetv4,NoPre_FM-Full_A-None_AdaBN-F,50,0.885,0.9283666667
Yang2025,EEGNetv4,NoPre_FM-Full_A-None_AdaBN-F,1,0.8783333333,0.9413055556
Yang2025,EEGNetv4,NoPre_FM-Full_A-None_AdaBN-F,2,0.6266666667,0.6576333333
Yang2025,EEGNetv4,NoPre_FM-Full_A-None_AdaBN-F,3,0.9116666667,0.9391055556
Yang2025,EEGNetv4,NoPre_FM-Full_A-None_AdaBN-F,6,0.915,0.9355722222
Yang2025,EEGNetv4,NoPre_FM-Full_A-None_AdaBN-F,8,0.8616666667,0.9090888889
Yang2025,EEGNetv4,NoPre_FM-Full_A-None_AdaBN-F,11,0.8383333333,0.9011611111
Yang2025,EEGNetv4,NoPre_FM-Full_A-None_AdaBN-F,12,0.5316666667,0.5475111111
Yang2025,EEGNetv4,NoPre_FM-Full_A-None_AdaBN-F,15,0.7083333333,0.7672444444
Yang2025,EEGNetv4,NoPre_FM-Full_A-None_AdaBN-F,19,0.775,0.8705611111
Yang2025,EEGNetv4,NoPre_FM-Full_A-None_AdaBN-F,21,0.815,0.8831611111
Yang2025,EEGNetv4,NoPre_FM-Full_A-None_AdaBN-F,22,0.77,0.8325666667
Yang2025,EEGNetv4,NoPre_FM-Full_A-None_AdaBN-F,23,0.8981103679,0.9229877369
Yang2025,EEGNetv4,NoPre_FM-Full_A-None_AdaBN-F,24,0.9258570651,0.9537230183
Yang2025,EEGNetv4,NoPre_FM-Full_A-None_AdaBN-F,28,0.8,0.86935
Yang2025,EEGNetv4,NoPre_FM-Full_A-None_AdaBN-F,29,0.8083333333,0.8897833333
Yang2025,EEGNetv4,NoPre_FM-Full_A-None_AdaBN-F,30,0.8983333333,0.92855
Yang2025,EEGNetv4,NoPre_FM-Full_A-None_AdaBN-F,35,0.9116666667,0.9404
Yang2025,EEGNetv4,NoPre_FM-Full_A-None_AdaBN-F,36,0.885,0.93275
Yang2025,EEGNetv4,NoPre_FM-Full_A-None_AdaBN-F,38,0.6683333333,0.7436777778
Yang2025,EEGNetv4,NoPre_FM-Full_A-None_AdaBN-F,39,0.7266666667,0.7909333333
Yang2025,EEGNetv4,NoPre_FM-Full_A-None_AdaBN-F,40,0.7666666667,0.8381222222
Yang2025,EEGNetv4,NoPre_FM-Full_A-None_AdaBN-F,42,0.72,0.7722222222
Yang2025,EEGNetv4,NoPre_FM-Full_A-None_AdaBN-F,43,0.9466666667,0.9569388889
Yang2025,EEGNetv4,NoPre_FM-Full_A-None_AdaBN-F,46,0.9466666667,0.96505
Yang2025,EEGNetv4,NoPre_FM-Full_A-None_AdaBN-F,51,0.8316666667,0.9084111111
BI2015a,ShallowConvNet,FM-Dec_A-Eucl_AdaBN-F,4,0.78375,0.9280173611
BI2015a,ShallowConvNet,FM-Dec_A-Eucl_AdaBN-F,5,0.748989899,0.9137639016
BI2015a,ShallowConvNet,FM-Dec_A-Eucl_AdaBN-F,7,0.7544117647,0.9094002307
BI2015a,ShallowConvNet,FM-Dec_A-Eucl_AdaBN-F,9,0.6837837838,0.8203108514
BI2015a,ShallowConvNet,FM-Dec_A-Eucl_AdaBN-F,10,0.7709677419,0.9145565961
BI2015a,ShallowConvNet,FM-Dec_A-Eucl_AdaBN-F,13,0.7228070175,0.8830640197
BI2015a,ShallowConvNet,FM-Dec_A-Eucl_AdaBN-F,14,0.6235042735,0.8082000146
BI2015a,ShallowConvNet,FM-Dec_A-Eucl_AdaBN-F,16,0.7428571429,0.9124943311
BI2015a,ShallowConvNet,FM-Dec_A-Eucl_AdaBN-F,17,0.6733333333,0.8370041152
BI2015a,ShallowConvNet,FM-Dec_A-Eucl_AdaBN-F,18,0.6318518519,0.8062962963
BI2015a,ShallowConvNet,FM-Dec_A-Eucl_AdaBN-F,20,0.7077777778,0.8630178326
BI2015a,ShallowConvNet,FM-Dec_A-Eucl_AdaBN-F,25,0.6396551724,0.8312475228
BI2015a,ShallowConvNet,FM-Dec_A-Eucl_AdaBN-F,26,0.7607526882,0.925187883
BI2015a,ShallowConvNet,FM-Dec_A-Eucl_AdaBN-F,27,0.5605485232,0.7099138315
BI2015a,ShallowConvNet,FM-Dec_A-Eucl_AdaBN-F,28,0.6103333333,0.7827088889
BI2015a,ShallowConvNet,FM-Dec_A-Eucl_AdaBN-F,31,0.5626666667,0.6682814815
BI2015a,ShallowConvNet,FM-Dec_A-Eucl_AdaBN-F,32,0.6822580645,0.8378136201
BI2015a,ShallowConvNet,FM-Dec_A-Eucl_AdaBN-F,35,0.561352657,0.7058367757
BI2015a,ShallowConvNet,FM-Dec_A-Eucl_AdaBN-F,37,0.5752380952,0.7133673469
BI2015a,ShallowConvNet,FM-Dec_A-Eucl_AdaBN-F,38,0.7103603604,0.8715242269
BI2015a,ShallowConvNet,FM-Dec_A-Eucl_AdaBN-F,40,0.7114197531,0.882963725
BI2015a,ShallowConvNet,FM-Dec_A-Eucl_AdaBN-F,41,0.68,0.8415061728
BI2015a,ShallowConvNet,FM-Dec_A-Eucl_AdaBN-F,1,0.6120318655,0.7744500928
BI2015a,ShallowConvNet,FM-Dec_A-Eucl_AdaBN-F,2,0.7658730159,0.9051618796
BI2015a,ShallowConvNet,FM-Dec_A-Eucl_AdaBN-F,3,0.7931034483,0.9362201083
BI2015a,ShallowConvNet,FM-Dec_A-Eucl_AdaBN-F,6,0.6893939394,0.8494719927
BI2015a,ShallowConvNet,FM-Dec_A-Eucl_AdaBN-F,8,0.6746031746,0.8487024439
BI2015a,ShallowConvNet,FM-Dec_A-Eucl_AdaBN-F,11,0.65625,0.8340833333
BI2015a,ShallowConvNet,FM-Dec_A-Eucl_AdaBN-F,12,0.6741935484,0.8231630824
BI2015a,ShallowConvNet,FM-Dec_A-Eucl_AdaBN-F,15,0.6947619048,0.8706530612
BI2015a,ShallowConvNet,FM-Dec_A-Eucl_AdaBN-F,19,0.6186666667,0.7730777778
BI2015a,ShallowConvNet,FM-Dec_A-Eucl_AdaBN-F,21,0.7147619048,0.8827165533
BI2015a,ShallowConvNet,FM-Dec_A-Eucl_AdaBN-F,22,0.6560606061,0.8539830119
BI2015a,ShallowConvNet,FM-Dec_A-Eucl_AdaBN-F,23,0.6543859649,0.82203755
BI2015a,ShallowConvNet,FM-Dec_A-Eucl_AdaBN-F,24,0.7060185185,0.8841263717
BI2015a,ShallowConvNet,FM-Dec_A-Eucl_AdaBN-F,29,0.6281045752,0.7810521594
BI2015a,ShallowConvNet,FM-Dec_A-Eucl_AdaBN-F,30,0.8450617284,0.9403901844
BI2015a,ShallowConvNet,FM-Dec_A-Eucl_AdaBN-F,33,0.7103174603,0.8548689846
BI2015a,ShallowConvNet,FM-Dec_A-Eucl_AdaBN-F,34,0.69,0.8505668934
BI2015a,ShallowConvNet,FM-Dec_A-Eucl_AdaBN-F,36,0.71375,0.8616805556
BI2015a,ShallowConvNet,FM-Dec_A-Eucl_AdaBN-F,39,0.6343537415,0.7708292841
BI2015a,ShallowConvNet,FM-Dec_A-Eucl_AdaBN-F,42,0.6198830409,0.7589309531
BI2015a,ShallowConvNet,FM-Dec_A-Eucl_AdaBN-F,43,0.7994252874,0.9396617783
BI2015a,ShallowConvNet,FM-Dec_A-Eucl_AdaBN-T,4,0.7916666667,0.9278263889
BI2015a,ShallowConvNet,FM-Dec_A-Eucl_AdaBN-T,5,0.7545454545,0.9099989797
BI2015a,ShallowConvNet,FM-Dec_A-Eucl_AdaBN-T,7,0.7431372549,0.9063581315
BI2015a,ShallowConvNet,FM-Dec_A-Eucl_AdaBN-T,9,0.6851351351,0.8170440711
BI2015a,ShallowConvNet,FM-Dec_A-Eucl_AdaBN-T,10,0.7623655914,0.9091340039
BI2015a,ShallowConvNet,FM-Dec_A-Eucl_AdaBN-T,13,0.7302631579,0.8840566328
BI2015a,ShallowConvNet,FM-Dec_A-Eucl_AdaBN-T,14,0.6239316239,0.8015085105
BI2015a,ShallowConvNet,FM-Dec_A-Eucl_AdaBN-T,16,0.7395238095,0.9094331066
BI2015a,ShallowConvNet,FM-Dec_A-Eucl_AdaBN-T,17,0.662962963,0.8349108368
BI2015a,ShallowConvNet,FM-Dec_A-Eucl_AdaBN-T,18,0.622962963,0.8090946502
BI2015a,ShallowConvNet,FM-Dec_A-Eucl_AdaBN-T,20,0.7033333333,0.8641234568
BI2015a,ShallowConvNet,FM-Dec_A-Eucl_AdaBN-T,25,0.6362068966,0.8213551988
BI2015a,ShallowConvNet,FM-Dec_A-Eucl_AdaBN-T,26,0.7634408602,0.9248641461
BI2015a,ShallowConvNet,FM-Dec_A-Eucl_AdaBN-T,27,0.5613924051,0.7081219178
BI2015a,ShallowConvNet,FM-Dec_A-Eucl_AdaBN-T,28,0.6213333333,0.7828155556
BI2015a,ShallowConvNet,FM-Dec_A-Eucl_AdaBN-T,31,0.5597777778,0.6635032099
BI2015a,ShallowConvNet,FM-Dec_A-Eucl_AdaBN-T,32,0.7037634409,0.8386865534
BI2015a,ShallowConvNet,FM-Dec_A-Eucl_AdaBN-T,35,0.5657004831,0.7095556489
BI2015a,ShallowConvNet,FM-Dec_A-Eucl_AdaBN-T,37,0.575,0.7120600907
BI2015a,ShallowConvNet,FM-Dec_A-Eucl_AdaBN-T,38,0.7022522523,0.8758907556
BI2015a,ShallowConvNet,FM-Dec_A-Eucl_AdaBN-T,40,0.7212962963,0.8831809175
BI2015a,ShallowConvNet,FM-Dec_A-Eucl_AdaBN-T,41,0.6725925926,0.8404334705
BI2015a,ShallowConvNet,FM-Dec_A-Eucl_AdaBN-T,1,0.6003895161,0.7697386354
BI2015a,ShallowConvNet,FM-Dec_A-Eucl_AdaBN-T,2,0.7686507937,0.89904258
BI2015a,ShallowConvNet,FM-Dec_A-Eucl_AdaBN-T,3,0.7810344828,0.9388030123
BI2015a,ShallowConvNet,FM-Dec_A-Eucl_AdaBN-T,6,0.6829545455,0.8525195133
BI2015a,ShallowConvNet,FM-Dec_A-Eucl_AdaBN-T,8,0.6742063492,0.8478237591
BI2015a,ShallowConvNet,FM-Dec_A-Eucl_AdaBN-T,11,0.6520833333,0.8341527778
BI2015a,ShallowConvNet,FM-Dec_A-Eucl_AdaBN-T,12,0.6693548387,0.8248496936
BI2015a,ShallowConvNet,FM-Dec_A-Eucl_AdaBN-T,15,0.6985714286,0.8697596372
BI2015a,ShallowConvNet,FM-Dec_A-Eucl_AdaBN-T,19,0.6233333333,0.7726511111
BI2015a,ShallowConvNet,FM-Dec_A-Eucl_AdaBN-T,21,0.7123809524,0.8867528345
BI2015a,ShallowConvNet,FM-Dec_A-Eucl_AdaBN-T,22,0.6609848485,0.8478018825
BI2015a,ShallowConvNet,FM-Dec_A-Eucl_AdaBN-T,23,0.6429824561,0.8254501385
BI2015a,ShallowConvNet,FM-Dec_A-Eucl_AdaBN-T,24,0.7069444444,0.8844521605
BI2015a,ShallowConvNet,FM-Dec_A-Eucl_AdaBN-T,29,0.627124183,0.7874877184
BI2015a,ShallowConvNet,FM-Dec_A-Eucl_AdaBN-T,30,0.8333333333,0.9445206523
BI2015a,ShallowConvNet,FM-Dec_A-Eucl_AdaBN-T,33,0.694047619,0.849127614
BI2015a,ShallowConvNet,FM-Dec_A-Eucl_AdaBN-T,34,0.6842857143,0.8569206349
BI2015a,ShallowConvNet,FM-Dec_A-Eucl_AdaBN-T,36,0.70375,0.8615
BI2015a,ShallowConvNet,FM-Dec_A-Eucl_AdaBN-T,39,0.619047619,0.7676731917
BI2015a,ShallowConvNet,FM-Dec_A-Eucl_AdaBN-T,42,0.6175438596,0.7613419514
BI2015a,ShallowConvNet,FM-Dec_A-Eucl_AdaBN-T,43,0.7942528736,0.9438036729
BI2015a,ShallowConvNet,FM-Dec_A-None_AdaBN-F,4,0.7845833333,0.9126041667
BI2015a,ShallowConvNet,FM-Dec_A-None_AdaBN-F,5,0.7777777778,0.9146566677
BI2015a,ShallowConvNet,FM-Dec_A-None_AdaBN-F,7,0.6720588235,0.8823144944
BI2015a,ShallowConvNet,FM-Dec_A-None_AdaBN-F,9,0.7540540541,0.8719178638
BI2015a,ShallowConvNet,FM-Dec_A-None_AdaBN-F,10,0.8005376344,0.9239969939
BI2015a,ShallowConvNet,FM-Dec_A-None_AdaBN-F,13,0.8548245614,0.951458141
BI2015a,ShallowConvNet,FM-Dec_A-None_AdaBN-F,14,0.5914529915,0.7522865074
BI2015a,ShallowConvNet,FM-Dec_A-None_AdaBN-F,16,0.8014285714,0.9193877551
BI2015a,ShallowConvNet,FM-Dec_A-None_AdaBN-F,17,0.7459259259,0.8800466392
BI2015a,ShallowConvNet,FM-Dec_A-None_AdaBN-F,18,0.562962963,0.7004910837
BI2015a,ShallowConvNet,FM-Dec_A-None_AdaBN-F,20,0.7425925926,0.910866941
BI2015a,ShallowConvNet,FM-Dec_A-None_AdaBN-F,25,0.607183908,0.8216508125
BI2015a,ShallowConvNet,FM-Dec_A-None_AdaBN-F,26,0.8446236559,0.9568447219
BI2015a,ShallowConvNet,FM-Dec_A-None_AdaBN-F,27,0.6132911392,0.7504584379
BI2015a,ShallowConvNet,FM-Dec_A-None_AdaBN-F,28,0.7186666667,0.8525288889
BI2015a,ShallowConvNet,FM-Dec_A-None_AdaBN-F,31,0.6024444444,0.7408790123
BI2015a,ShallowConvNet,FM-Dec_A-None_AdaBN-F,32,0.788172043,0.9105850387
BI2015a,ShallowConvNet,FM-Dec_A-None_AdaBN-F,35,0.6147342995,0.7581343789
BI2015a,ShallowConvNet,FM-Dec_A-None_AdaBN-F,37,0.6519047619,0.80530839
BI2015a,ShallowConvNet,FM-Dec_A-None_AdaBN-F,38,0.7837837838,0.9207004302
BI2015a,ShallowConvNet,FM-Dec_A-None_AdaBN-F,40,0.7459876543,0.885907255
BI2015a,ShallowConvNet,FM-Dec_A-None_AdaBN-F,41,0.6148148148,0.7957037037
BI2015a,ShallowConvNet,FM-Dec_A-None_AdaBN-F,1,0.529953126,0.7123425981
BI2015a,ShallowConvNet,FM-Dec_A-None_AdaBN-F,2,0.7726190476,0.9285651298
BI2015a,ShallowConvNet,FM-Dec_A-None_AdaBN-F,3,0.8086206897,0.939371119
BI2015a,ShallowConvNet,FM-Dec_A-None_AdaBN-F,6,0.7121212121,0.8650453398
BI2015a,ShallowConvNet,FM-Dec_A-None_AdaBN-F,8,0.7301587302,0.9020030234
BI2015a,ShallowConvNet,FM-Dec_A-None_AdaBN-F,11,0.63,0.80559375
BI2015a,ShallowConvNet,FM-Dec_A-None_AdaBN-F,12,0.651344086,0.8225213898
BI2015a,ShallowConvNet,FM-Dec_A-None_AdaBN-F,15,0.7857142857,0.9264399093
BI2015a,ShallowConvNet,FM-Dec_A-None_AdaBN-F,19,0.678,0.8509466667
BI2015a,ShallowConvNet,FM-Dec_A-None_AdaBN-F,21,0.8152380952,0.9317097506
BI2015a,ShallowConvNet,FM-Dec_A-None_AdaBN-F,22,0.7143939394,0.8777591253
BI2015a,ShallowConvNet,FM-Dec_A-None_AdaBN-F,23,0.6780701754,0.8042205294
BI2015a,ShallowConvNet,FM-Dec_A-None_AdaBN-F,24,0.8064814815,0.9322016461
BI2015a,ShallowConvNet,FM-Dec_A-None_AdaBN-F,29,0.6104575163,0.7568477936
BI2015a,ShallowConvNet,FM-Dec_A-None_AdaBN-F,30,0.6240740741,0.8465096784
BI2015a,ShallowConvNet,FM-Dec_A-None_AdaBN-F,33,0.7464285714,0.8967781557
BI2015a,ShallowConvNet,FM-Dec_A-None_AdaBN-F,34,0.7176190476,0.8856553288
BI2015a,ShallowConvNet,FM-Dec_A-None_AdaBN-F,36,0.7304166667,0.8929444444
BI2015a,ShallowConvNet,FM-Dec_A-None_AdaBN-F,39,0.6112244898,0.8583645703
BI2015a,ShallowConvNet,FM-Dec_A-None_AdaBN-F,42,0.6266081871,0.7782565576
BI2015a,ShallowConvNet,FM-Dec_A-None_AdaBN-F,43,0.8649425287,0.9721429515
BI2015a,ShallowConvNet,FM-Dec_A-Riem_AdaBN-T,4,0.83375,0.9524895833
BI2015a,ShallowConvNet,FM-Dec_A-Riem_AdaBN-T,5,0.8358585859,0.9537139067
BI2015a,ShallowConvNet,FM-Dec_A-Riem_AdaBN-T,7,0.7970588235,0.9441993464
BI2015a,ShallowConvNet,FM-Dec_A-Riem_AdaBN-T,9,0.7342342342,0.896887428
BI2015a,ShallowConvNet,FM-Dec_A-Riem_AdaBN-T,10,0.7704301075,0.9379350214
BI2015a,ShallowConvNet,FM-Dec_A-Riem_AdaBN-T,13,0.7609649123,0.9219721453
BI2015a,ShallowConvNet,FM-Dec_A-Riem_AdaBN-T,14,0.6965811966,0.8653006063
BI2015a,ShallowConvNet,FM-Dec_A-Riem_AdaBN-T,16,0.7652380952,0.9235192744
BI2015a,ShallowConvNet,FM-Dec_A-Riem_AdaBN-T,17,0.7314814815,0.8864718793
BI2015a,ShallowConvNet,FM-Dec_A-Riem_AdaBN-T,18,0.6533333333,0.8257283951
BI2015a,ShallowConvNet,FM-Dec_A-Riem_AdaBN-T,20,0.757037037,0.9136460905
BI2015a,ShallowConvNet,FM-Dec_A-Riem_AdaBN-T,25,0.6385057471,0.8333614084
BI2015a,ShallowConvNet,FM-Dec_A-Riem_AdaBN-T,26,0.8553763441,0.9673083593
BI2015a,ShallowConvNet,FM-Dec_A-Riem_AdaBN-T,27,0.603164557,0.7581370507
BI2015a,ShallowConvNet,FM-Dec_A-Riem_AdaBN-T,28,0.6823333333,0.8631555556
BI2015a,ShallowConvNet,FM-Dec_A-Riem_AdaBN-T,31,0.6077777778,0.7615619753
BI2015a,ShallowConvNet,FM-Dec_A-Riem_AdaBN-T,32,0.7327956989,0.8703896404
BI2015a,ShallowConvNet,FM-Dec_A-Riem_AdaBN-T,35,0.6038647343,0.7469135802
BI2015a,ShallowConvNet,FM-Dec_A-Riem_AdaBN-T,37,0.6380952381,0.7834070295
BI2015a,ShallowConvNet,FM-Dec_A-Riem_AdaBN-T,38,0.7527027027,0.8974961448
BI2015a,ShallowConvNet,FM-Dec_A-Riem_AdaBN-T,40,0.7706790123,0.9134506935
BI2015a,ShallowConvNet,FM-Dec_A-Riem_AdaBN-T,41,0.6922222222,0.8675089163
BI2015a,ShallowConvNet,FM-Dec_A-Riem_AdaBN-T,1,0.6241548381,0.7997432568
BI2015a,ShallowConvNet,FM-Dec_A-Riem_AdaBN-T,2,0.8111111111,0.9433106576
BI2015a,ShallowConvNet,FM-Dec_A-Riem_AdaBN-T,3,0.8764367816,0.9809221826
BI2015a,ShallowConvNet,FM-Dec_A-Riem_AdaBN-T,6,0.7348484848,0.9053317264
BI2015a,ShallowConvNet,FM-Dec_A-Riem_AdaBN-T,8,0.746031746,0.9054421769
BI2015a,ShallowConvNet,FM-Dec_A-Riem_AdaBN-T,11,0.7283333333,0.8967152778
BI2015a,ShallowConvNet,FM-Dec_A-Riem_AdaBN-T,12,0.6758064516,0.8344909816
BI2015a,ShallowConvNet,FM-Dec_A-Riem_AdaBN-T,15,0.7538095238,0.9171746032
BI2015a,ShallowConvNet,FM-Dec_A-Riem_AdaBN-T,19,0.6936666667,0.8605822222
BI2015a,ShallowConvNet,FM-Dec_A-Riem_AdaBN-T,21,0.7866666667,0.9268707483
BI2015a,ShallowConvNet,FM-Dec_A-Riem_AdaBN-T,22,0.7071969697,0.8967573462
BI2015a,ShallowConvNet,FM-Dec_A-Riem_AdaBN-T,23,0.6921052632,0.8611111111
BI2015a,ShallowConvNet,FM-Dec_A-Riem_AdaBN-T,24,0.7990740741,0.939266118
BI2015a,ShallowConvNet,FM-Dec_A-Riem_AdaBN-T,29,0.6065359477,0.8039877825
BI2015a,ShallowConvNet,FM-Dec_A-Riem_AdaBN-T,30,0.8820987654,0.9728242646
BI2015a,ShallowConvNet,FM-Dec_A-Riem_AdaBN-T,33,0.7714285714,0.9170729403
BI2015a,ShallowConvNet,FM-Dec_A-Riem_AdaBN-T,34,0.7328571429,0.8985034014
BI2015a,ShallowConvNet,FM-Dec_A-Riem_AdaBN-T,36,0.735,0.9269965278
BI2015a,ShallowConvNet,FM-Dec_A-Riem_AdaBN-T,39,0.7013605442,0.8711671063
BI2015a,ShallowConvNet,FM-Dec_A-Riem_AdaBN-T,42,0.6473684211,0.7982490339
BI2015a,ShallowConvNet,FM-Dec_A-Riem_AdaBN-T,43,0.8689655172,0.9708415907
BI2015a,ShallowConvNet,FM-Full_A-Eucl_AdaBN-F,4,0.8358333333,0.9505868056
BI2015a,ShallowConvNet,FM-Full_A-Eucl_AdaBN-F,5,0.8338383838,0.9488572595
BI2015a,ShallowConvNet,FM-Full_A-Eucl_AdaBN-F,7,0.7906862745,0.9428681276
BI2015a,ShallowConvNet,FM-Full_A-Eucl_AdaBN-F,9,0.7599099099,0.9003205909
BI2015a,ShallowConvNet,FM-Full_A-Eucl_AdaBN-F,10,0.8424731183,0.9554052492
BI2015a,ShallowConvNet,FM-Full_A-Eucl_AdaBN-F,13,0.8201754386,0.9273776547
BI2015a,ShallowConvNet,FM-Full_A-Eucl_AdaBN-F,14,0.752991453,0.8960661845
BI2015a,ShallowConvNet,FM-Full_A-Eucl_AdaBN-F,16,0.7938095238,0.9329886621
BI2015a,ShallowConvNet,FM-Full_A-Eucl_AdaBN-F,17,0.7581481481,0.906340192
BI2015a,ShallowConvNet,FM-Full_A-Eucl_AdaBN-F,18,0.7355555556,0.8830891632
BI2015a,ShallowConvNet,FM-Full_A-Eucl_AdaBN-F,20,0.8137037037,0.9380713306
BI2015a,ShallowConvNet,FM-Full_A-Eucl_AdaBN-F,25,0.7270114943,0.8808214427
BI2015a,ShallowConvNet,FM-Full_A-Eucl_AdaBN-F,26,0.8494623656,0.9577639033
BI2015a,ShallowConvNet,FM-Full_A-Eucl_AdaBN-F,27,0.6485232068,0.7879230536
BI2015a,ShallowConvNet,FM-Full_A-Eucl_AdaBN-F,28,0.6823333333,0.8378655556
BI2015a,ShallowConvNet,FM-Full_A-Eucl_AdaBN-F,31,0.6373333333,0.7821264198
BI2015a,ShallowConvNet,FM-Full_A-Eucl_AdaBN-F,32,0.7607526882,0.904965892
BI2015a,ShallowConvNet,FM-Full_A-Eucl_AdaBN-F,35,0.6149758454,0.7481691521
BI2015a,ShallowConvNet,FM-Full_A-Eucl_AdaBN-F,37,0.6442857143,0.796047619
BI2015a,ShallowConvNet,FM-Full_A-Eucl_AdaBN-F,38,0.7490990991,0.9045775505
BI2015a,ShallowConvNet,FM-Full_A-Eucl_AdaBN-F,40,0.812962963,0.9374428441
BI2015a,ShallowConvNet,FM-Full_A-Eucl_AdaBN-F,41,0.757037037,0.8961783265
BI2015a,ShallowConvNet,FM-Full_A-Eucl_AdaBN-F,1,0.7471842609,0.885505454
BI2015a,ShallowConvNet,FM-Full_A-Eucl_AdaBN-F,2,0.8420634921,0.9517038297
BI2015a,ShallowConvNet,FM-Full_A-Eucl_AdaBN-F,3,0.8718390805,0.9684634694
BI2015a,ShallowConvNet,FM-Full_A-Eucl_AdaBN-F,6,0.7939393939,0.9096390037
BI2015a,ShallowConvNet,FM-Full_A-Eucl_AdaBN-F,8,0.7861111111,0.9253716301
BI2015a,ShallowConvNet,FM-Full_A-Eucl_AdaBN-F,11,0.7770833333,0.9057916667
BI2015a,ShallowConvNet,FM-Full_A-Eucl_AdaBN-F,12,0.7048387097,0.8496574749
BI2015a,ShallowConvNet,FM-Full_A-Eucl_AdaBN-F,15,0.779047619,0.9299183673
BI2015a,ShallowConvNet,FM-Full_A-Eucl_AdaBN-F,19,0.694,0.8620688889
BI2015a,ShallowConvNet,FM-Full_A-Eucl_AdaBN-F,21,0.7971428571,0.9358730159
BI2015a,ShallowConvNet,FM-Full_A-Eucl_AdaBN-F,22,0.7643939394,0.9005681818
BI2015a,ShallowConvNet,FM-Full_A-Eucl_AdaBN-F,23,0.7311403509,0.871468144
BI2015a,ShallowConvNet,FM-Full_A-Eucl_AdaBN-F,24,0.7981481481,0.9293552812
BI2015a,ShallowConvNet,FM-Full_A-Eucl_AdaBN-F,29,0.7163398693,0.8810735187
BI2015a,ShallowConvNet,FM-Full_A-Eucl_AdaBN-F,30,0.8722222222,0.9606843469
BI2015a,ShallowConvNet,FM-Full_A-Eucl_AdaBN-F,33,0.8091269841,0.9210695389
BI2015a,ShallowConvNet,FM-Full_A-Eucl_AdaBN-F,34,0.7466666667,0.9078095238
BI2015a,ShallowConvNet,FM-Full_A-Eucl_AdaBN-F,36,0.7766666667,0.9187916667
BI2015a,ShallowConvNet,FM-Full_A-Eucl_AdaBN-F,39,0.7132653061,0.8591489657
BI2015a,ShallowConvNet,FM-Full_A-Eucl_AdaBN-F,42,0.6707602339,0.8037584214
BI2015a,ShallowConvNet,FM-Full_A-Eucl_AdaBN-F,43,0.8436781609,0.955648038
BI2015a,ShallowConvNet,FM-Full_A-Eucl_AdaBN-T,4,0.85125,0.9534479167
BI2015a,ShallowConvNet,FM-Full_A-Eucl_AdaBN-T,5,0.8333333333,0.9485409652
BI2015a,ShallowConvNet,FM-Full_A-Eucl_AdaBN-T,7,0.7862745098,0.9425317186
BI2015a,ShallowConvNet,FM-Full_A-Eucl_AdaBN-T,9,0.7481981982,0.8988474961
BI2015a,ShallowConvNet,FM-Full_A-Eucl_AdaBN-T,10,0.8494623656,0.9556018037
BI2015a,ShallowConvNet,FM-Full_A-Eucl_AdaBN-T,13,0.8214912281,0.9299938443
BI2015a,ShallowConvNet,FM-Full_A-Eucl_AdaBN-T,14,0.7393162393,0.8995507342
BI2015a,ShallowConvNet,FM-Full_A-Eucl_AdaBN-T,16,0.7757142857,0.9314376417
BI2015a,ShallowConvNet,FM-Full_A-Eucl_AdaBN-T,17,0.7425925926,0.9065432099
BI2015a,ShallowConvNet,FM-Full_A-Eucl_AdaBN-T,18,0.7122222222,0.8851769547
BI2015a,ShallowConvNet,FM-Full_A-Eucl_AdaBN-T,20,0.7944444444,0.9362386831
BI2015a,ShallowConvNet,FM-Full_A-Eucl_AdaBN-T,25,0.7261494253,0.8803557273
BI2015a,ShallowConvNet,FM-Full_A-Eucl_AdaBN-T,26,0.8478494624,0.9584229391
BI2015a,ShallowConvNet,FM-Full_A-Eucl_AdaBN-T,27,0.6483122363,0.7858053375
BI2015a,ShallowConvNet,FM-Full_A-Eucl_AdaBN-T,28,0.681,0.8383133333
BI2015a,ShallowConvNet,FM-Full_A-Eucl_AdaBN-T,31,0.6188888889,0.7840088889
BI2015a,ShallowConvNet,FM-Full_A-Eucl_AdaBN-T,32,0.7661290323,0.9064342699
BI2015a,ShallowConvNet,FM-Full_A-Eucl_AdaBN-T,35,0.6004830918,0.7535800135
BI2015a,ShallowConvNet,FM-Full_A-Eucl_AdaBN-T,37,0.6221428571,0.7955555556
BI2015a,ShallowConvNet,FM-Full_A-Eucl_AdaBN-T,38,0.7445945946,0.9053688824
BI2015a,ShallowConvNet,FM-Full_A-Eucl_AdaBN-T,40,0.8077160494,0.9359987045
BI2015a,ShallowConvNet,FM-Full_A-Eucl_AdaBN-T,41,0.7477777778,0.8937668038
BI2015a,ShallowConvNet,FM-Full_A-Eucl_AdaBN-T,1,0.7455993486,0.8956047035
BI2015a,ShallowConvNet,FM-Full_A-Eucl_AdaBN-T,2,0.8365079365,0.9532753842
BI2015a,ShallowConvNet,FM-Full_A-Eucl_AdaBN-T,3,0.8747126437,0.9706500198
BI2015a,ShallowConvNet,FM-Full_A-Eucl_AdaBN-T,6,0.7696969697,0.9061753903
BI2015a,ShallowConvNet,FM-Full_A-Eucl_AdaBN-T,8,0.7797619048,0.9261463845
BI2015a,ShallowConvNet,FM-Full_A-Eucl_AdaBN-T,11,0.7816666667,0.9057222222
BI2015a,ShallowConvNet,FM-Full_A-Eucl_AdaBN-T,12,0.6900537634,0.8508570355
BI2015a,ShallowConvNet,FM-Full_A-Eucl_AdaBN-T,15,0.7757142857,0.9284943311
BI2015a,ShallowConvNet,FM-Full_A-Eucl_AdaBN-T,19,0.6856666667,0.8680733333
BI2015a,ShallowConvNet,FM-Full_A-Eucl_AdaBN-T,21,0.790952381,0.9398049887
BI2015a,ShallowConvNet,FM-Full_A-Eucl_AdaBN-T,22,0.7458333333,0.9012023646
BI2015a,ShallowConvNet,FM-Full_A-Eucl_AdaBN-T,23,0.7328947368,0.8726492767
BI2015a,ShallowConvNet,FM-Full_A-Eucl_AdaBN-T,24,0.7921296296,0.9284722222
BI2015a,ShallowConvNet,FM-Full_A-Eucl_AdaBN-T,29,0.7153594771,0.8834144987
BI2015a,ShallowConvNet,FM-Full_A-Eucl_AdaBN-T,30,0.8796296296,0.9622542295
BI2015a,ShallowConvNet,FM-Full_A-Eucl_AdaBN-T,33,0.8142857143,0.9195861678
BI2015a,ShallowConvNet,FM-Full_A-Eucl_AdaBN-T,34,0.7380952381,0.9097777778
BI2015a,ShallowConvNet,FM-Full_A-Eucl_AdaBN-T,36,0.7641666667,0.9199375
BI2015a,ShallowConvNet,FM-Full_A-Eucl_AdaBN-T,39,0.6993197279,0.8612638253
BI2015a,ShallowConvNet,FM-Full_A-Eucl_AdaBN-T,42,0.6564327485,0.802108341
BI2015a,ShallowConvNet,FM-Full_A-Eucl_AdaBN-T,43,0.8448275862,0.9565794689
BI2015a,ShallowConvNet,FM-Full_A-None_AdaBN-F,4,0.8383333333,0.9401319444
BI2015a,ShallowConvNet,FM-Full_A-None_AdaBN-F,5,0.8161616162,0.9359708193
BI2015a,ShallowConvNet,FM-Full_A-None_AdaBN-F,7,0.7661764706,0.9045511342
BI2015a,ShallowConvNet,FM-Full_A-None_AdaBN-F,9,0.7585585586,0.9035751968
BI2015a,ShallowConvNet,FM-Full_A-None_AdaBN-F,10,0.802688172,0.9313735692
BI2015a,ShallowConvNet,FM-Full_A-None_AdaBN-F,13,0.8504385965,0.9558364112
BI2015a,ShallowConvNet,FM-Full_A-None_AdaBN-F,14,0.702991453,0.8452370516
BI2015a,ShallowConvNet,FM-Full_A-None_AdaBN-F,16,0.8052380952,0.9228163265
BI2015a,ShallowConvNet,FM-Full_A-None_AdaBN-F,17,0.737037037,0.8807901235
BI2015a,ShallowConvNet,FM-Full_A-None_AdaBN-F,18,0.6751851852,0.8239478738
BI2015a,ShallowConvNet,FM-Full_A-None_AdaBN-F,20,0.7644444444,0.9107599451
BI2015a,ShallowConvNet,FM-Full_A-None_AdaBN-F,25,0.6761494253,0.8372010834
BI2015a,ShallowConvNet,FM-Full_A-None_AdaBN-F,26,0.8317204301,0.958388253
BI2015a,ShallowConvNet,FM-Full_A-None_AdaBN-F,27,0.6362869198,0.7803614983
BI2015a,ShallowConvNet,FM-Full_A-None_AdaBN-F,28,0.69,0.8479066667
BI2015a,ShallowConvNet,FM-Full_A-None_AdaBN-F,31,0.6364444444,0.7838449383
BI2015a,ShallowConvNet,FM-Full_A-None_AdaBN-F,32,0.7758064516,0.9144120708
BI2015a,ShallowConvNet,FM-Full_A-None_AdaBN-F,35,0.5963768116,0.7214135686
BI2015a,ShallowConvNet,FM-Full_A-None_AdaBN-F,37,0.6547619048,0.7985907029
BI2015a,ShallowConvNet,FM-Full_A-None_AdaBN-F,38,0.7927927928,0.9206841977
BI2015a,ShallowConvNet,FM-Full_A-None_AdaBN-F,40,0.7768518519,0.9079484835
BI2015a,ShallowConvNet,FM-Full_A-None_AdaBN-F,41,0.7292592593,0.8719368999
BI2015a,ShallowConvNet,FM-Full_A-None_AdaBN-F,1,0.6493761141,0.8022649149
BI2015a,ShallowConvNet,FM-Full_A-None_AdaBN-F,2,0.8138888889,0.935893802
BI2015a,ShallowConvNet,FM-Full_A-None_AdaBN-F,3,0.866091954,0.967446162
BI2015a,ShallowConvNet,FM-Full_A-None_AdaBN-F,6,0.7534090909,0.8921229339
BI2015a,ShallowConvNet,FM-Full_A-None_AdaBN-F,8,0.7718253968,0.9052406148
BI2015a,ShallowConvNet,FM-Full_A-None_AdaBN-F,11,0.6708333333,0.8339201389
BI2015a,ShallowConvNet,FM-Full_A-None_AdaBN-F,12,0.6870967742,0.8295800092
BI2015a,ShallowConvNet,FM-Full_A-None_AdaBN-F,15,0.7819047619,0.9247891156
BI2015a,ShallowConvNet,FM-Full_A-None_AdaBN-F,19,0.7146666667,0.85192
BI2015a,ShallowConvNet,FM-Full_A-None_AdaBN-F,21,0.8204761905,0.9380272109
BI2015a,ShallowConvNet,FM-Full_A-None_AdaBN-F,22,0.7549242424,0.8847566575
BI2015a,ShallowConvNet,FM-Full_A-None_AdaBN-F,23,0.7109649123,0.8394813789
BI2015a,ShallowConvNet,FM-Full_A-None_AdaBN-F,24,0.7976851852,0.933800583
BI2015a,ShallowConvNet,FM-Full_A-None_AdaBN-F,29,0.6647058824,0.8089388697
BI2015a,ShallowConvNet,FM-Full_A-None_AdaBN-F,30,0.8327160494,0.9427678708
BI2015a,ShallowConvNet,FM-Full_A-None_AdaBN-F,33,0.7591269841,0.9068531116
BI2015a,ShallowConvNet,FM-Full_A-None_AdaBN-F,34,0.730952381,0.8940362812
BI2015a,ShallowConvNet,FM-Full_A-None_AdaBN-F,36,0.7875,0.9227534722
BI2015a,ShallowConvNet,FM-Full_A-None_AdaBN-F,39,0.7197278912,0.860523393
BI2015a,ShallowConvNet,FM-Full_A-None_AdaBN-F,42,0.648245614,0.775426627
BI2015a,ShallowConvNet,FM-Full_A-None_AdaBN-F,43,0.875862069,0.9588981371
BI2015a,ShallowConvNet,FM-Full_A-Riem_AdaBN-F,4,0.8779166667,0.9637569444
BI2015a,ShallowConvNet,FM-Full_A-Riem_AdaBN-F,5,0.8646464646,0.9536169779
BI2015a,ShallowConvNet,FM-Full_A-Riem_AdaBN-F,7,0.8289215686,0.9519319493
BI2015a,ShallowConvNet,FM-Full_A-Riem_AdaBN-F,9,0.7662162162,0.9121134648
BI2015a,ShallowConvNet,FM-Full_A-Riem_AdaBN-F,10,0.8360215054,0.9547519945
BI2015a,ShallowConvNet,FM-Full_A-Riem_AdaBN-F,13,0.8214912281,0.9450523238
BI2015a,ShallowConvNet,FM-Full_A-Riem_AdaBN-F,14,0.761965812,0.9129154796
BI2015a,ShallowConvNet,FM-Full_A-Riem_AdaBN-F,16,0.7919047619,0.933414966
BI2015a,ShallowConvNet,FM-Full_A-Riem_AdaBN-F,17,0.7903703704,0.9223237311
BI2015a,ShallowConvNet,FM-Full_A-Riem_AdaBN-F,18,0.7307407407,0.8835418381
BI2015a,ShallowConvNet,FM-Full_A-Riem_AdaBN-F,20,0.7988888889,0.9371824417
BI2015a,ShallowConvNet,FM-Full_A-Riem_AdaBN-F,25,0.7353448276,0.8995128154
BI2015a,ShallowConvNet,FM-Full_A-Riem_AdaBN-F,26,0.8537634409,0.9690600069
BI2015a,ShallowConvNet,FM-Full_A-Riem_AdaBN-F,27,0.6687763713,0.7979962257
BI2015a,ShallowConvNet,FM-Full_A-Riem_AdaBN-F,28,0.701,0.8620488889
BI2015a,ShallowConvNet,FM-Full_A-Riem_AdaBN-F,31,0.6451111111,0.7915239506
BI2015a,ShallowConvNet,FM-Full_A-Riem_AdaBN-F,32,0.7774193548,0.9343218869
BI2015a,ShallowConvNet,FM-Full_A-Riem_AdaBN-F,35,0.6142512077,0.7709561483
BI2015a,ShallowConvNet,FM-Full_A-Riem_AdaBN-F,37,0.6654761905,0.8197800454
BI2015a,ShallowConvNet,FM-Full_A-Riem_AdaBN-F,38,0.7693693694,0.9213903092
BI2015a,ShallowConvNet,FM-Full_A-Riem_AdaBN-F,40,0.8083333333,0.9357777016
BI2015a,ShallowConvNet,FM-Full_A-Riem_AdaBN-F,41,0.7444444444,0.9083539095
BI2015a,ShallowConvNet,FM-Full_A-Riem_AdaBN-F,1,0.7687524482,0.8990923028
BI2015a,ShallowConvNet,FM-Full_A-Riem_AdaBN-F,2,0.8400793651,0.9551398337
BI2015a,ShallowConvNet,FM-Full_A-Riem_AdaBN-F,3,0.8908045977,0.9855198837
BI2015a,ShallowConvNet,FM-Full_A-Riem_AdaBN-F,6,0.7931818182,0.9280073462
BI2015a,ShallowConvNet,FM-Full_A-Riem_AdaBN-F,8,0.8273809524,0.9394085412
BI2015a,ShallowConvNet,FM-Full_A-Riem_AdaBN-F,11,0.7870833333,0.9155520833
BI2015a,ShallowConvNet,FM-Full_A-Riem_AdaBN-F,12,0.6997311828,0.8577812464
BI2015a,ShallowConvNet,FM-Full_A-Riem_AdaBN-F,15,0.8147619048,0.9437142857
BI2015a,ShallowConvNet,FM-Full_A-Riem_AdaBN-F,19,0.7166666667,0.8766088889
BI2015a,ShallowConvNet,FM-Full_A-Riem_AdaBN-F,21,0.8328571429,0.9469977324
BI2015a,ShallowConvNet,FM-Full_A-Riem_AdaBN-F,22,0.7776515152,0.9130710514
BI2015a,ShallowConvNet,FM-Full_A-Riem_AdaBN-F,23,0.7324561404,0.8820021545
BI2015a,ShallowConvNet,FM-Full_A-Riem_AdaBN-F,24,0.8083333333,0.9491555213
BI2015a,ShallowConvNet,FM-Full_A-Riem_AdaBN-F,29,0.7290849673,0.888301508
BI2015a,ShallowConvNet,FM-Full_A-Riem_AdaBN-F,30,0.8759259259,0.9752400549
BI2015a,ShallowConvNet,FM-Full_A-Riem_AdaBN-F,33,0.8115079365,0.9374559083
BI2015a,ShallowConvNet,FM-Full_A-Riem_AdaBN-F,34,0.7661904762,0.9307891156
BI2015a,ShallowConvNet,FM-Full_A-Riem_AdaBN-F,36,0.7945833333,0.9438819444
BI2015a,ShallowConvNet,FM-Full_A-Riem_AdaBN-F,39,0.7333333333,0.8775625897
BI2015a,ShallowConvNet,FM-Full_A-Riem_AdaBN-F,42,0.6616959064,0.816184467
BI2015a,ShallowConvNet,FM-Full_A-Riem_AdaBN-F,43,0.8609195402,0.9714691505
BI2015a,ShallowConvNet,FM-Full_A-Riem_AdaBN-T,4,0.8708333333,0.9634340278
BI2015a,ShallowConvNet,FM-Full_A-Riem_AdaBN-T,5,0.848989899,0.9566829915
BI2015a,ShallowConvNet,FM-Full_A-Riem_AdaBN-T,7,0.8117647059,0.9502691273
BI2015a,ShallowConvNet,FM-Full_A-Riem_AdaBN-T,9,0.7702702703,0.9058031004
BI2015a,ShallowConvNet,FM-Full_A-Riem_AdaBN-T,10,0.8295698925,0.9495895479
BI2015a,ShallowConvNet,FM-Full_A-Riem_AdaBN-T,13,0.8315789474,0.9472530009
BI2015a,ShallowConvNet,FM-Full_A-Riem_AdaBN-T,14,0.7576923077,0.9087552049
BI2015a,ShallowConvNet,FM-Full_A-Riem_AdaBN-T,16,0.7842857143,0.9347120181
BI2015a,ShallowConvNet,FM-Full_A-Riem_AdaBN-T,17,0.7566666667,0.9146310014
BI2015a,ShallowConvNet,FM-Full_A-Riem_AdaBN-T,18,0.7188888889,0.8788395062
BI2015a,ShallowConvNet,FM-Full_A-Riem_AdaBN-T,20,0.802962963,0.9383264746
BI2015a,ShallowConvNet,FM-Full_A-Riem_AdaBN-T,25,0.7387931034,0.90227573
BI2015a,ShallowConvNet,FM-Full_A-Riem_AdaBN-T,26,0.8725806452,0.9720141057
BI2015a,ShallowConvNet,FM-Full_A-Riem_AdaBN-T,27,0.6487341772,0.7928946572
BI2015a,ShallowConvNet,FM-Full_A-Riem_AdaBN-T,28,0.6983333333,0.8605555556
BI2015a,ShallowConvNet,FM-Full_A-Riem_AdaBN-T,31,0.6306666667,0.7770281481
BI2015a,ShallowConvNet,FM-Full_A-Riem_AdaBN-T,32,0.7655913978,0.9245750954
BI2015a,ShallowConvNet,FM-Full_A-Riem_AdaBN-T,35,0.604589372,0.7613036477
BI2015a,ShallowConvNet,FM-Full_A-Riem_AdaBN-T,37,0.6507142857,0.8343424036
BI2015a,ShallowConvNet,FM-Full_A-Riem_AdaBN-T,38,0.7617117117,0.9209601493
BI2015a,ShallowConvNet,FM-Full_A-Riem_AdaBN-T,40,0.8222222222,0.93836877
BI2015a,ShallowConvNet,FM-Full_A-Riem_AdaBN-T,41,0.732962963,0.9008312757
BI2015a,ShallowConvNet,FM-Full_A-Riem_AdaBN-T,1,0.7506863845,0.9033404488
BI2015a,ShallowConvNet,FM-Full_A-Riem_AdaBN-T,2,0.8373015873,0.9576089695
BI2015a,ShallowConvNet,FM-Full_A-Riem_AdaBN-T,3,0.8925287356,0.9849848064
BI2015a,ShallowConvNet,FM-Full_A-Riem_AdaBN-T,6,0.7772727273,0.9232380624
BI2015a,ShallowConvNet,FM-Full_A-Riem_AdaBN-T,8,0.7964285714,0.9381613757
BI2015a,ShallowConvNet,FM-Full_A-Riem_AdaBN-T,11,0.77625,0.9151145833
BI2015a,ShallowConvNet,FM-Full_A-Riem_AdaBN-T,12,0.7024193548,0.8533240837
BI2015a,ShallowConvNet,FM-Full_A-Riem_AdaBN-T,15,0.8033333333,0.9396643991
BI2015a,ShallowConvNet,FM-Full_A-Riem_AdaBN-T,19,0.7206666667,0.8845777778
BI2015a,ShallowConvNet,FM-Full_A-Riem_AdaBN-T,21,0.8161904762,0.9501360544
BI2015a,ShallowConvNet,FM-Full_A-Riem_AdaBN-T,22,0.7689393939,0.9161300505
BI2015a,ShallowConvNet,FM-Full_A-Riem_AdaBN-T,23,0.725877193,0.875854109
BI2015a,ShallowConvNet,FM-Full_A-Riem_AdaBN-T,24,0.825462963,0.9486325446
BI2015a,ShallowConvNet,FM-Full_A-Riem_AdaBN-T,29,0.7130718954,0.8784292366
BI2015a,ShallowConvNet,FM-Full_A-Riem_AdaBN-T,30,0.8833333333,0.9769090078
BI2015a,ShallowConvNet,FM-Full_A-Riem_AdaBN-T,33,0.825,0.9314594356
BI2015a,ShallowConvNet,FM-Full_A-Riem_AdaBN-T,34,0.7452380952,0.9254376417
BI2015a,ShallowConvNet,FM-Full_A-Riem_AdaBN-T,36,0.7783333333,0.9425486111
BI2015a,ShallowConvNet,FM-Full_A-Riem_AdaBN-T,39,0.7102040816,0.8835693461
BI2015a,ShallowConvNet,FM-Full_A-Riem_AdaBN-T,42,0.6546783626,0.8124106563
BI2015a,ShallowConvNet,FM-Full_A-Riem_AdaBN-T,43,0.8798850575,0.9757827983
BI2015a,ShallowConvNet,FM-None_A-Eucl_AdaBN-T,4,0.7975,0.8855520833
BI2015a,ShallowConvNet,FM-None_A-Eucl_AdaBN-T,5,0.7853535354,0.8781552903
BI2015a,ShallowConvNet,FM-None_A-Eucl_AdaBN-T,7,0.7220588235,0.8288927336
BI2015a,ShallowConvNet,FM-None_A-Eucl_AdaBN-T,9,0.6635135135,0.7782647512
BI2015a,ShallowConvNet,FM-None_A-Eucl_AdaBN-T,10,0.7537634409,0.8695745173
BI2015a,ShallowConvNet,FM-None_A-Eucl_AdaBN-T,13,0.7210526316,0.8227185288
BI2015a,ShallowConvNet,FM-None_A-Eucl_AdaBN-T,14,0.6017094017,0.7179487179
BI2015a,ShallowConvNet,FM-None_A-Eucl_AdaBN-T,16,0.7457142857,0.8880090703
BI2015a,ShallowConvNet,FM-None_A-Eucl_AdaBN-T,17,0.5837037037,0.6931989026
BI2015a,ShallowConvNet,FM-None_A-Eucl_AdaBN-T,18,0.5840740741,0.7074759945
BI2015a,ShallowConvNet,FM-None_A-Eucl_AdaBN-T,20,0.6848148148,0.7995034294
BI2015a,ShallowConvNet,FM-None_A-Eucl_AdaBN-T,25,0.6477011494,0.7619963007
BI2015a,ShallowConvNet,FM-None_A-Eucl_AdaBN-T,26,0.7989247312,0.9074343855
BI2015a,ShallowConvNet,FM-None_A-Eucl_AdaBN-T,27,0.5791139241,0.6747761221
BI2015a,ShallowConvNet,FM-None_A-Eucl_AdaBN-T,28,0.6296666667,0.7313155556
BI2015a,ShallowConvNet,FM-None_A-Eucl_AdaBN-T,31,0.5388888889,0.6341116049
BI2015a,ShallowConvNet,FM-None_A-Eucl_AdaBN-T,32,0.7284946237,0.8318302694
BI2015a,ShallowConvNet,FM-None_A-Eucl_AdaBN-T,35,0.6053140097,0.7162302504
BI2015a,ShallowConvNet,FM-None_A-Eucl_AdaBN-T,37,0.5311904762,0.5464404762
BI2015a,ShallowConvNet,FM-None_A-Eucl_AdaBN-T,38,0.6126126126,0.7229892054
BI2015a,ShallowConvNet,FM-None_A-Eucl_AdaBN-T,40,0.7361111111,0.8485272824
BI2015a,ShallowConvNet,FM-None_A-Eucl_AdaBN-T,41,0.6733333333,0.80860631
BI2015a,ShallowConvNet,FM-None_A-Eucl_AdaBN-T,1,0.6227208908,0.7419965816
BI2015a,ShallowConvNet,FM-None_A-Eucl_AdaBN-T,2,0.7380952381,0.8468411439
BI2015a,ShallowConvNet,FM-None_A-Eucl_AdaBN-T,3,0.7471264368,0.8504558066
BI2015a,ShallowConvNet,FM-None_A-Eucl_AdaBN-T,6,0.6587121212,0.799331382
BI2015a,ShallowConvNet,FM-None_A-Eucl_AdaBN-T,8,0.6317460317,0.7303728899
BI2015a,ShallowConvNet,FM-None_A-Eucl_AdaBN-T,11,0.6391666667,0.7465763889
BI2015a,ShallowConvNet,FM-None_A-Eucl_AdaBN-T,12,0.6408602151,0.7564284888
BI2015a,ShallowConvNet,FM-None_A-Eucl_AdaBN-T,15,0.729047619,0.8145306122
BI2015a,ShallowConvNet,FM-None_A-Eucl_AdaBN-T,19,0.6376666667,0.7274044444
BI2015a,ShallowConvNet,FM-None_A-Eucl_AdaBN-T,21,0.7314285714,0.8477823129
BI2015a,ShallowConvNet,FM-None_A-Eucl_AdaBN-T,22,0.6757575758,0.7967903466
BI2015a,ShallowConvNet,FM-None_A-Eucl_AdaBN-T,23,0.6688596491,0.8143736534
BI2015a,ShallowConvNet,FM-None_A-Eucl_AdaBN-T,24,0.6333333333,0.7768261317
BI2015a,ShallowConvNet,FM-None_A-Eucl_AdaBN-T,29,0.5774509804,0.6718740655
BI2015a,ShallowConvNet,FM-None_A-Eucl_AdaBN-T,30,0.8358024691,0.9328608444
BI2015a,ShallowConvNet,FM-None_A-Eucl_AdaBN-T,33,0.6603174603,0.7931531872
BI2015a,ShallowConvNet,FM-None_A-Eucl_AdaBN-T,34,0.7061904762,0.8000725624
BI2015a,ShallowConvNet,FM-None_A-Eucl_AdaBN-T,36,0.7216666667,0.81559375
BI2015a,ShallowConvNet,FM-None_A-Eucl_AdaBN-T,39,0.6013605442,0.736128465
BI2015a,ShallowConvNet,FM-None_A-Eucl_AdaBN-T,42,0.5824561404,0.6865428679
BI2015a,ShallowConvNet,FM-None_A-Eucl_AdaBN-T,43,0.7545977011,0.8718126569
BI2015a,ShallowConvNet,FM-None_A-None_AdaBN-F,4,0.7291666667,0.8061597222
BI2015a,ShallowConvNet,FM-None_A-None_AdaBN-F,5,0.6424242424,0.9051780431
BI2015a,ShallowConvNet,FM-None_A-None_AdaBN-F,7,0.5083333333,0.8000144175
BI2015a,ShallowConvNet,FM-None_A-None_AdaBN-F,9,0.6810810811,0.8320063307
BI2015a,ShallowConvNet,FM-None_A-None_AdaBN-F,10,0.7129032258,0.8996993872
BI2015a,ShallowConvNet,FM-None_A-None_AdaBN-F,13,0.7719298246,0.901504309
BI2015a,ShallowConvNet,FM-None_A-None_AdaBN-F,14,0.508974359,0.5114909782
BI2015a,ShallowConvNet,FM-None_A-None_AdaBN-F,16,0.7266666667,0.89830839
BI2015a,ShallowConvNet,FM-None_A-None_AdaBN-F,17,0.7288888889,0.8661838134
BI2015a,ShallowConvNet,FM-None_A-None_AdaBN-F,18,0.5214814815,0.6791001372
BI2015a,ShallowConvNet,FM-None_A-None_AdaBN-F,20,0.6522222222,0.8670754458
BI2015a,ShallowConvNet,FM-None_A-None_AdaBN-F,25,0.5522988506,0.7153008984
BI2015a,ShallowConvNet,FM-None_A-None_AdaBN-F,26,0.8419354839,0.9584460631
BI2015a,ShallowConvNet,FM-None_A-None_AdaBN-F,27,0.5548523207,0.7193914793
BI2015a,ShallowConvNet,FM-None_A-None_AdaBN-F,28,0.6763333333,0.8573288889
BI2015a,ShallowConvNet,FM-None_A-None_AdaBN-F,31,0.5364444444,0.6467812346
BI2015a,ShallowConvNet,FM-None_A-None_AdaBN-F,32,0.7758064516,0.8879003353
BI2015a,ShallowConvNet,FM-None_A-None_AdaBN-F,35,0.5217391304,0.7592592593
BI2015a,ShallowConvNet,FM-None_A-None_AdaBN-F,37,0.5647619048,0.6034353741
BI2015a,ShallowConvNet,FM-None_A-None_AdaBN-F,38,0.6671171171,0.8262641019
BI2015a,ShallowConvNet,FM-None_A-None_AdaBN-F,40,0.6663580247,0.8466639994
BI2015a,ShallowConvNet,FM-None_A-None_AdaBN-F,41,0.6225925926,0.7293580247
BI2015a,ShallowConvNet,FM-None_A-None_AdaBN-F,1,0.5030259017,0.547071734
BI2015a,ShallowConvNet,FM-None_A-None_AdaBN-F,2,0.6896825397,0.8984441925
BI2015a,ShallowConvNet,FM-None_A-None_AdaBN-F,3,0.7166666667,0.8382547232
BI2015a,ShallowConvNet,FM-None_A-None_AdaBN-F,6,0.6026515152,0.7116419881
BI2015a,ShallowConvNet,FM-None_A-None_AdaBN-F,8,0.7055555556,0.8421296296
BI2015a,ShallowConvNet,FM-None_A-None_AdaBN-F,11,0.5129166667,0.6802118056
BI2015a,ShallowConvNet,FM-None_A-None_AdaBN-F,12,0.502688172,0.7170771187
BI2015a,ShallowConvNet,FM-None_A-None_AdaBN-F,15,0.7442857143,0.8782494331
BI2015a,ShallowConvNet,FM-None_A-None_AdaBN-F,19,0.5826666667,0.7595
BI2015a,ShallowConvNet,FM-None_A-None_AdaBN-F,21,0.7933333333,0.9241496599
BI2015a,ShallowConvNet,FM-None_A-None_AdaBN-F,22,0.690530303,0.8386507117
BI2015a,ShallowConvNet,FM-None_A-None_AdaBN-F,23,0.650877193,0.8109302862
BI2015a,ShallowConvNet,FM-None_A-None_AdaBN-F,24,0.6967592593,0.8894718793
BI2015a,ShallowConvNet,FM-None_A-None_AdaBN-F,29,0.5630718954,0.703601179
BI2015a,ShallowConvNet,FM-None_A-None_AdaBN-F,30,0.7641975309,0.8718716659
BI2015a,ShallowConvNet,FM-None_A-None_AdaBN-F,33,0.6984126984,0.8758345931
BI2015a,ShallowConvNet,FM-None_A-None_AdaBN-F,34,0.6095238095,0.866984127
BI2015a,ShallowConvNet,FM-None_A-None_AdaBN-F,36,0.6083333333,0.7735069444
BI2015a,ShallowConvNet,FM-None_A-None_AdaBN-F,39,0.5017006803,0.6696515341
BI2015a,ShallowConvNet,FM-None_A-None_AdaBN-F,42,0.601754386,0.7541773537
BI2015a,ShallowConvNet,FM-None_A-None_AdaBN-F,43,0.8166666667,0.9426608535
BI2015a,ShallowConvNet,NoPre_FM-Full_A-Eucl_AdaBN-T,4,0.7408333333,0.8920451389
BI2015a,ShallowConvNet,NoPre_FM-Full_A-Eucl_AdaBN-T,5,0.6176767677,0.8055606571
BI2015a,ShallowConvNet,NoPre_FM-Full_A-Eucl_AdaBN-T,7,0.6137254902,0.7995194156
BI2015a,ShallowConvNet,NoPre_FM-Full_A-Eucl_AdaBN-T,9,0.5342342342,0.6692395098
BI2015a,ShallowConvNet,NoPre_FM-Full_A-Eucl_AdaBN-T,10,0.5801075269,0.7583477859
BI2015a,ShallowConvNet,NoPre_FM-Full_A-Eucl_AdaBN-T,13,0.6298245614,0.8410857187
BI2015a,ShallowConvNet,NoPre_FM-Full_A-Eucl_AdaBN-T,14,0.5645299145,0.689513478
BI2015a,ShallowConvNet,NoPre_FM-Full_A-Eucl_AdaBN-T,16,0.54,0.7260498866
BI2015a,ShallowConvNet,NoPre_FM-Full_A-Eucl_AdaBN-T,17,0.5659259259,0.6840466392
BI2015a,ShallowConvNet,NoPre_FM-Full_A-Eucl_AdaBN-T,18,0.5596296296,0.6975884774
BI2015a,ShallowConvNet,NoPre_FM-Full_A-Eucl_AdaBN-T,20,0.6177777778,0.8030123457
BI2015a,ShallowConvNet,NoPre_FM-Full_A-Eucl_AdaBN-T,25,0.5922413793,0.7840831021
BI2015a,ShallowConvNet,NoPre_FM-Full_A-Eucl_AdaBN-T,26,0.5887096774,0.8096022662
BI2015a,ShallowConvNet,NoPre_FM-Full_A-Eucl_AdaBN-T,27,0.5101265823,0.5553828624
BI2015a,ShallowConvNet,NoPre_FM-Full_A-Eucl_AdaBN-T,28,0.515,0.5794977778
BI2015a,ShallowConvNet,NoPre_FM-Full_A-Eucl_AdaBN-T,31,0.508,0.5431634568
BI2015a,ShallowConvNet,NoPre_FM-Full_A-Eucl_AdaBN-T,32,0.5322580645,0.6775696612
BI2015a,ShallowConvNet,NoPre_FM-Full_A-Eucl_AdaBN-T,35,0.5057971014,0.5402611496
BI2015a,ShallowConvNet,NoPre_FM-Full_A-Eucl_AdaBN-T,37,0.5128571429,0.5857664399
BI2015a,ShallowConvNet,NoPre_FM-Full_A-Eucl_AdaBN-T,38,0.5324324324,0.6769296323
BI2015a,ShallowConvNet,NoPre_FM-Full_A-Eucl_AdaBN-T,40,0.612345679,0.7935737692
BI2015a,ShallowConvNet,NoPre_FM-Full_A-Eucl_AdaBN-T,41,0.5074074074,0.5822935528
BI2015a,ShallowConvNet,NoPre_FM-Full_A-Eucl_AdaBN-T,1,0.6522536916,0.8236538222
BI2015a,ShallowConvNet,NoPre_FM-Full_A-Eucl_AdaBN-T,2,0.628968254,0.8192271353
BI2015a,ShallowConvNet,NoPre_FM-Full_A-Eucl_AdaBN-T,3,0.7373563218,0.8959902233
BI2015a,ShallowConvNet,NoPre_FM-Full_A-Eucl_AdaBN-T,6,0.5617424242,0.7152433425
BI2015a,ShallowConvNet,NoPre_FM-Full_A-Eucl_AdaBN-T,8,0.5849206349,0.7361583522
BI2015a,ShallowConvNet,NoPre_FM-Full_A-Eucl_AdaBN-T,11,0.5679166667,0.7711215278
BI2015a,ShallowConvNet,NoPre_FM-Full_A-Eucl_AdaBN-T,12,0.5413978495,0.6600531853
BI2015a,ShallowConvNet,NoPre_FM-Full_A-Eucl_AdaBN-T,15,0.5557142857,0.7511020408
BI2015a,ShallowConvNet,NoPre_FM-Full_A-Eucl_AdaBN-T,19,0.5633333333,0.7291333333
BI2015a,ShallowConvNet,NoPre_FM-Full_A-Eucl_AdaBN-T,21,0.6171428571,0.8309160998
BI2015a,ShallowConvNet,NoPre_FM-Full_A-Eucl_AdaBN-T,22,0.5397727273,0.6686926079
BI2015a,ShallowConvNet,NoPre_FM-Full_A-Eucl_AdaBN-T,23,0.5302631579,0.6374461373
BI2015a,ShallowConvNet,NoPre_FM-Full_A-Eucl_AdaBN-T,24,0.5587962963,0.7374271262
BI2015a,ShallowConvNet,NoPre_FM-Full_A-Eucl_AdaBN-T,29,0.514379085,0.6564270153
BI2015a,ShallowConvNet,NoPre_FM-Full_A-Eucl_AdaBN-T,30,0.6981481481,0.8600823045
BI2015a,ShallowConvNet,NoPre_FM-Full_A-Eucl_AdaBN-T,33,0.5928571429,0.8089380197
BI2015a,ShallowConvNet,NoPre_FM-Full_A-Eucl_AdaBN-T,34,0.5523809524,0.7339954649
BI2015a,ShallowConvNet,NoPre_FM-Full_A-Eucl_AdaBN-T,36,0.5933333333,0.8282916667
BI2015a,ShallowConvNet,NoPre_FM-Full_A-Eucl_AdaBN-T,39,0.5074829932,0.5772594752
BI2015a,ShallowConvNet,NoPre_FM-Full_A-Eucl_AdaBN-T,42,0.5257309942,0.6354365446
BI2015a,ShallowConvNet,NoPre_FM-Full_A-Eucl_AdaBN-T,43,0.6304597701,0.8334720571
BI2015a,ShallowConvNet,NoPre_FM-Full_A-None_AdaBN-F,4,0.7358333333,0.8564930556
BI2015a,ShallowConvNet,NoPre_FM-Full_A-None_AdaBN-F,5,0.6585858586,0.7730078563
BI2015a,ShallowConvNet,NoPre_FM-Full_A-None_AdaBN-F,7,0.6303921569,0.7210688197
BI2015a,ShallowConvNet,NoPre_FM-Full_A-None_AdaBN-F,9,0.6234234234,0.7191826962
BI2015a,ShallowConvNet,NoPre_FM-Full_A-None_AdaBN-F,10,0.6053763441,0.7187304891
BI2015a,ShallowConvNet,NoPre_FM-Full_A-None_AdaBN-F,13,0.7254385965,0.8590143121
BI2015a,ShallowConvNet,NoPre_FM-Full_A-None_AdaBN-F,14,0.5790598291,0.6925085835
BI2015a,ShallowConvNet,NoPre_FM-Full_A-None_AdaBN-F,16,0.6028571429,0.7238548753
BI2015a,ShallowConvNet,NoPre_FM-Full_A-None_AdaBN-F,17,0.56,0.6742798354
BI2015a,ShallowConvNet,NoPre_FM-Full_A-None_AdaBN-F,18,0.53,0.6262222222
BI2015a,ShallowConvNet,NoPre_FM-Full_A-None_AdaBN-F,20,0.5948148148,0.7384115226
BI2015a,ShallowConvNet,NoPre_FM-Full_A-None_AdaBN-F,25,0.5715517241,0.6429316951
BI2015a,ShallowConvNet,NoPre_FM-Full_A-None_AdaBN-F,26,0.6413978495,0.7699213782
BI2015a,ShallowConvNet,NoPre_FM-Full_A-None_AdaBN-F,27,0.5238396624,0.5774546458
BI2015a,ShallowConvNet,NoPre_FM-Full_A-None_AdaBN-F,28,0.524,0.5853555556
BI2015a,ShallowConvNet,NoPre_FM-Full_A-None_AdaBN-F,31,0.5244444444,0.5838883951
BI2015a,ShallowConvNet,NoPre_FM-Full_A-None_AdaBN-F,32,0.5913978495,0.7387732686
BI2015a,ShallowConvNet,NoPre_FM-Full_A-None_AdaBN-F,35,0.5142512077,0.5383521202
BI2015a,ShallowConvNet,NoPre_FM-Full_A-None_AdaBN-F,37,0.5192857143,0.5768922902
BI2015a,ShallowConvNet,NoPre_FM-Full_A-None_AdaBN-F,38,0.5927927928,0.6965871277
BI2015a,ShallowConvNet,NoPre_FM-Full_A-None_AdaBN-F,40,0.5944444444,0.7325179089
BI2015a,ShallowConvNet,NoPre_FM-Full_A-None_AdaBN-F,41,0.582962963,0.6944252401
BI2015a,ShallowConvNet,NoPre_FM-Full_A-None_AdaBN-F,1,0.5818727581,0.6936205923
BI2015a,ShallowConvNet,NoPre_FM-Full_A-None_AdaBN-F,2,0.601984127,0.7187641723
BI2015a,ShallowConvNet,NoPre_FM-Full_A-None_AdaBN-F,3,0.7396551724,0.8598692033
BI2015a,ShallowConvNet,NoPre_FM-Full_A-None_AdaBN-F,6,0.5791666667,0.6868887741
BI2015a,ShallowConvNet,NoPre_FM-Full_A-None_AdaBN-F,8,0.5785714286,0.6711608718
BI2015a,ShallowConvNet,NoPre_FM-Full_A-None_AdaBN-F,11,0.5358333333,0.5754756944
BI2015a,ShallowConvNet,NoPre_FM-Full_A-None_AdaBN-F,12,0.5658602151,0.6597887039
BI2015a,ShallowConvNet,NoPre_FM-Full_A-None_AdaBN-F,15,0.5995238095,0.7090884354
BI2015a,ShallowConvNet,NoPre_FM-Full_A-None_AdaBN-F,19,0.5966666667,0.7000644444
BI2015a,ShallowConvNet,NoPre_FM-Full_A-None_AdaBN-F,21,0.6623809524,0.7900226757
BI2015a,ShallowConvNet,NoPre_FM-Full_A-None_AdaBN-F,22,0.5549242424,0.6574437557
BI2015a,ShallowConvNet,NoPre_FM-Full_A-None_AdaBN-F,23,0.5377192982,0.6387542321
BI2015a,ShallowConvNet,NoPre_FM-Full_A-None_AdaBN-F,24,0.587037037,0.7041795267
BI2015a,ShallowConvNet,NoPre_FM-Full_A-None_AdaBN-F,29,0.5320261438,0.610961596
BI2015a,ShallowConvNet,NoPre_FM-Full_A-None_AdaBN-F,30,0.7185185185,0.850849718
BI2015a,ShallowConvNet,NoPre_FM-Full_A-None_AdaBN-F,33,0.5904761905,0.757334971
BI2015a,ShallowConvNet,NoPre_FM-Full_A-None_AdaBN-F,34,0.5719047619,0.6926258503
BI2015a,ShallowConvNet,NoPre_FM-Full_A-None_AdaBN-F,36,0.575,0.6859201389
BI2015a,ShallowConvNet,NoPre_FM-Full_A-None_AdaBN-F,39,0.5676870748,0.6566592623
BI2015a,ShallowConvNet,NoPre_FM-Full_A-None_AdaBN-F,42,0.5333333333,0.6326886905
BI2015a,ShallowConvNet,NoPre_FM-Full_A-None_AdaBN-F,43,0.7264367816,0.8532038578
BNCI2014_001,ShallowConvNet,FM-Dec_A-Eucl_AdaBN-F,1,0.7204861111,0.9220839763
BNCI2014_001,ShallowConvNet,FM-Dec_A-Eucl_AdaBN-F,2,0.421875,0.6888503086
BNCI2014_001,ShallowConvNet,FM-Dec_A-Eucl_AdaBN-F,6,0.5121527778,0.75410317
BNCI2014_001,ShallowConvNet,FM-Dec_A-Eucl_AdaBN-F,8,0.5989583333,0.8419094007
BNCI2014_001,ShallowConvNet,FM-Dec_A-Eucl_AdaBN-F,9,0.7465277778,0.9161040381
BNCI2014_001,ShallowConvNet,FM-Dec_A-Eucl_AdaBN-F,3,0.7465277778,0.926713606
BNCI2014_001,ShallowConvNet,FM-Dec_A-Eucl_AdaBN-F,4,0.5763888889,0.8180258166
BNCI2014_001,ShallowConvNet,FM-Dec_A-Eucl_AdaBN-F,5,0.4722222222,0.7276515882
BNCI2014_001,ShallowConvNet,FM-Dec_A-Eucl_AdaBN-F,7,0.6388888889,0.8579603909
BNCI2014_001,ShallowConvNet,FM-Dec_A-Eucl_AdaBN-T,1,0.7170138889,0.9226265111
BNCI2014_001,ShallowConvNet,FM-Dec_A-Eucl_AdaBN-T,2,0.40625,0.6876728074
BNCI2014_001,ShallowConvNet,FM-Dec_A-Eucl_AdaBN-T,6,0.515625,0.7558674126
BNCI2014_001,ShallowConvNet,FM-Dec_A-Eucl_AdaBN-T,8,0.6128472222,0.8502242477
BNCI2014_001,ShallowConvNet,FM-Dec_A-Eucl_AdaBN-T,9,0.7447916667,0.9263921039
BNCI2014_001,ShallowConvNet,FM-Dec_A-Eucl_AdaBN-T,3,0.7586805556,0.9367404514
BNCI2014_001,ShallowConvNet,FM-Dec_A-Eucl_AdaBN-T,4,0.5954861111,0.8384612912
BNCI2014_001,ShallowConvNet,FM-Dec_A-Eucl_AdaBN-T,5,0.4756944444,0.7335993763
BNCI2014_001,ShallowConvNet,FM-Dec_A-Eucl_AdaBN-T,7,0.6753472222,0.8787696116
BNCI2014_001,ShallowConvNet,FM-Dec_A-None_AdaBN-F,1,0.6979166667,0.9148903678
BNCI2014_001,ShallowConvNet,FM-Dec_A-None_AdaBN-F,2,0.4184027778,0.6701228138
BNCI2014_001,ShallowConvNet,FM-Dec_A-None_AdaBN-F,6,0.4826388889,0.7330970293
BNCI2014_001,ShallowConvNet,FM-Dec_A-None_AdaBN-F,8,0.6631944444,0.8695425026
BNCI2014_001,ShallowConvNet,FM-Dec_A-None_AdaBN-F,9,0.7743055556,0.9266010802
BNCI2014_001,ShallowConvNet,FM-Dec_A-None_AdaBN-F,3,0.7916666667,0.9478644226
BNCI2014_001,ShallowConvNet,FM-Dec_A-None_AdaBN-F,4,0.5711805556,0.8163540059
BNCI2014_001,ShallowConvNet,FM-Dec_A-None_AdaBN-F,5,0.4305555556,0.6779272762
BNCI2014_001,ShallowConvNet,FM-Dec_A-None_AdaBN-F,7,0.5989583333,0.8256655093
BNCI2014_001,ShallowConvNet,FM-Dec_A-Riem_AdaBN-T,1,0.7274305556,0.9255160108
BNCI2014_001,ShallowConvNet,FM-Dec_A-Riem_AdaBN-T,2,0.4479166667,0.6893486368
BNCI2014_001,ShallowConvNet,FM-Dec_A-Riem_AdaBN-T,6,0.5225694444,0.7526483732
BNCI2014_001,ShallowConvNet,FM-Dec_A-Riem_AdaBN-T,8,0.6111111111,0.8525671939
BNCI2014_001,ShallowConvNet,FM-Dec_A-Riem_AdaBN-T,9,0.7586805556,0.9258777006
BNCI2014_001,ShallowConvNet,FM-Dec_A-Riem_AdaBN-T,3,0.7256944444,0.9214490098
BNCI2014_001,ShallowConvNet,FM-Dec_A-Riem_AdaBN-T,4,0.5885416667,0.8468926826
BNCI2014_001,ShallowConvNet,FM-Dec_A-Riem_AdaBN-T,5,0.5104166667,0.7432163066
BNCI2014_001,ShallowConvNet,FM-Dec_A-Riem_AdaBN-T,7,0.6736111111,0.8782471708
BNCI2014_001,ShallowConvNet,FM-Full_A-Eucl_AdaBN-F,1,0.8125,0.9660493827
BNCI2014_001,ShallowConvNet,FM-Full_A-Eucl_AdaBN-F,2,0.5694444444,0.8173104745
BNCI2014_001,ShallowConvNet,FM-Full_A-Eucl_AdaBN-F,6,0.5815972222,0.8213895319
BNCI2014_001,ShallowConvNet,FM-Full_A-Eucl_AdaBN-F,8,0.7586805556,0.935510706
BNCI2014_001,ShallowConvNet,FM-Full_A-Eucl_AdaBN-F,9,0.8298611111,0.9558979552
BNCI2014_001,ShallowConvNet,FM-Full_A-Eucl_AdaBN-F,3,0.8506944444,0.9732309349
BNCI2014_001,ShallowConvNet,FM-Full_A-Eucl_AdaBN-F,4,0.6631944444,0.8848339442
BNCI2014_001,ShallowConvNet,FM-Full_A-Eucl_AdaBN-F,5,0.6180555556,0.8456790123
BNCI2014_001,ShallowConvNet,FM-Full_A-Eucl_AdaBN-F,7,0.8125,0.9518068416
BNCI2014_001,ShallowConvNet,FM-Full_A-Eucl_AdaBN-T,1,0.8177083333,0.9672791281
BNCI2014_001,ShallowConvNet,FM-Full_A-Eucl_AdaBN-T,2,0.578125,0.8223259066
BNCI2014_001,ShallowConvNet,FM-Full_A-Eucl_AdaBN-T,6,0.5885416667,0.8273533951
BNCI2014_001,ShallowConvNet,FM-Full_A-Eucl_AdaBN-T,8,0.7621527778,0.9388141397
BNCI2014_001,ShallowConvNet,FM-Full_A-Eucl_AdaBN-T,9,0.84375,0.9631116577
BNCI2014_001,ShallowConvNet,FM-Full_A-Eucl_AdaBN-T,3,0.8628472222,0.9760119277
BNCI2014_001,ShallowConvNet,FM-Full_A-Eucl_AdaBN-T,4,0.6788194444,0.8983330118
BNCI2014_001,ShallowConvNet,FM-Full_A-Eucl_AdaBN-T,5,0.625,0.8546529385
BNCI2014_001,ShallowConvNet,FM-Full_A-Eucl_AdaBN-T,7,0.828125,0.9641485018
BNCI2014_001,ShallowConvNet,FM-Full_A-None_AdaBN-F,1,0.7361111111,0.9354544432
BNCI2014_001,ShallowConvNet,FM-Full_A-None_AdaBN-F,2,0.4565972222,0.7216917438
BNCI2014_001,ShallowConvNet,FM-Full_A-None_AdaBN-F,6,0.5052083333,0.7609953704
BNCI2014_001,ShallowConvNet,FM-Full_A-None_AdaBN-F,8,0.7413194444,0.9147115323
BNCI2014_001,ShallowConvNet,FM-Full_A-None_AdaBN-F,9,0.7777777778,0.9436929334
BNCI2014_001,ShallowConvNet,FM-Full_A-None_AdaBN-F,3,0.8350694444,0.9678940008
BNCI2014_001,ShallowConvNet,FM-Full_A-None_AdaBN-F,4,0.5607638889,0.8287037037
BNCI2014_001,ShallowConvNet,FM-Full_A-None_AdaBN-F,5,0.4809027778,0.7322490676
BNCI2014_001,ShallowConvNet,FM-Full_A-None_AdaBN-F,7,0.6857638889,0.8889572081
BNCI2014_001,ShallowConvNet,FM-Full_A-Riem_AdaBN-F,1,0.8072916667,0.9667727623
BNCI2014_001,ShallowConvNet,FM-Full_A-Riem_AdaBN-F,2,0.5729166667,0.8192877122
BNCI2014_001,ShallowConvNet,FM-Full_A-Riem_AdaBN-F,6,0.5920138889,0.8271444187
BNCI2014_001,ShallowConvNet,FM-Full_A-Riem_AdaBN-F,8,0.7708333333,0.9373794367
BNCI2014_001,ShallowConvNet,FM-Full_A-Riem_AdaBN-F,9,0.8229166667,0.954342689
BNCI2014_001,ShallowConvNet,FM-Full_A-Riem_AdaBN-F,3,0.8125,0.9697466564
BNCI2014_001,ShallowConvNet,FM-Full_A-Riem_AdaBN-F,4,0.6805555556,0.8956082819
BNCI2014_001,ShallowConvNet,FM-Full_A-Riem_AdaBN-F,5,0.6267361111,0.8492074974
BNCI2014_001,ShallowConvNet,FM-Full_A-Riem_AdaBN-F,7,0.8229166667,0.9561270255
BNCI2014_001,ShallowConvNet,FM-Full_A-Riem_AdaBN-T,1,0.8229166667,0.9667888374
BNCI2014_001,ShallowConvNet,FM-Full_A-Riem_AdaBN-T,2,0.5920138889,0.82421875
BNCI2014_001,ShallowConvNet,FM-Full_A-Riem_AdaBN-T,6,0.6041666667,0.8325094843
BNCI2014_001,ShallowConvNet,FM-Full_A-Riem_AdaBN-T,8,0.7829861111,0.9396982703
BNCI2014_001,ShallowConvNet,FM-Full_A-Riem_AdaBN-T,9,0.8350694444,0.9641726145
BNCI2014_001,ShallowConvNet,FM-Full_A-Riem_AdaBN-T,3,0.8315972222,0.9706589185
BNCI2014_001,ShallowConvNet,FM-Full_A-Riem_AdaBN-T,4,0.6961805556,0.9021267361
BNCI2014_001,ShallowConvNet,FM-Full_A-Riem_AdaBN-T,5,0.6336805556,0.8556013696
BNCI2014_001,ShallowConvNet,FM-Full_A-Riem_AdaBN-T,7,0.828125,0.96172518
BNCI2014_001,ShallowConvNet,FM-None_A-Eucl_AdaBN-T,1,0.6684027778,0.8965004501
BNCI2014_001,ShallowConvNet,FM-None_A-Eucl_AdaBN-T,2,0.2777777778,0.5248440715
BNCI2014_001,ShallowConvNet,FM-None_A-Eucl_AdaBN-T,6,0.4392361111,0.6985235018
BNCI2014_001,ShallowConvNet,FM-None_A-Eucl_AdaBN-T,8,0.5555555556,0.8114229681
BNCI2014_001,ShallowConvNet,FM-None_A-Eucl_AdaBN-T,9,0.6493055556,0.8642256623
BNCI2014_001,ShallowConvNet,FM-None_A-Eucl_AdaBN-T,3,0.7048611111,0.9050885738
BNCI2014_001,ShallowConvNet,FM-None_A-Eucl_AdaBN-T,4,0.5121527778,0.7685064622
BNCI2014_001,ShallowConvNet,FM-None_A-Eucl_AdaBN-T,5,0.4166666667,0.6931704925
BNCI2014_001,ShallowConvNet,FM-None_A-Eucl_AdaBN-T,7,0.5173611111,0.7827530221
BNCI2014_001,ShallowConvNet,FM-None_A-None_AdaBN-F,1,0.6354166667,0.8721185378
BNCI2014_001,ShallowConvNet,FM-None_A-None_AdaBN-F,2,0.2881944444,0.552465117
BNCI2014_001,ShallowConvNet,FM-None_A-None_AdaBN-F,6,0.2482638889,0.6167695473
BNCI2014_001,ShallowConvNet,FM-None_A-None_AdaBN-F,8,0.5052083333,0.804848251
BNCI2014_001,ShallowConvNet,FM-None_A-None_AdaBN-F,9,0.4913194444,0.8325737847
BNCI2014_001,ShallowConvNet,FM-None_A-None_AdaBN-F,3,0.7152777778,0.916373296
BNCI2014_001,ShallowConvNet,FM-None_A-None_AdaBN-F,4,0.4409722222,0.7401821309
BNCI2014_001,ShallowConvNet,FM-None_A-None_AdaBN-F,5,0.3333333333,0.6100983796
BNCI2014_001,ShallowConvNet,FM-None_A-None_AdaBN-F,7,0.3802083333,0.6767497749
BNCI2014_001,ShallowConvNet,NoPre_FM-Full_A-Eucl_AdaBN-T,1,0.6753472222,0.8999646348
BNCI2014_001,ShallowConvNet,NoPre_FM-Full_A-Eucl_AdaBN-T,2,0.546875,0.8003592785
BNCI2014_001,ShallowConvNet,NoPre_FM-Full_A-Eucl_AdaBN-T,6,0.4097222222,0.6861818416
BNCI2014_001,ShallowConvNet,NoPre_FM-Full_A-Eucl_AdaBN-T,8,0.6736111111,0.9054944702
BNCI2014_001,ShallowConvNet,NoPre_FM-Full_A-Eucl_AdaBN-T,9,0.7552083333,0.936101466
BNCI2014_001,ShallowConvNet,NoPre_FM-Full_A-Eucl_AdaBN-T,3,0.7395833333,0.9344738619
BNCI2014_001,ShallowConvNet,NoPre_FM-Full_A-Eucl_AdaBN-T,4,0.5243055556,0.8063271605
BNCI2014_001,ShallowConvNet,NoPre_FM-Full_A-Eucl_AdaBN-T,5,0.4670138889,0.7208799511
BNCI2014_001,ShallowConvNet,NoPre_FM-Full_A-Eucl_AdaBN-T,7,0.7152777778,0.9208863812
BNCI2014_001,ShallowConvNet,NoPre_FM-Full_A-None_AdaBN-F,1,0.5850694444,0.8462818287
BNCI2014_001,ShallowConvNet,NoPre_FM-Full_A-None_AdaBN-F,2,0.4079861111,0.6855066872
BNCI2014_001,ShallowConvNet,NoPre_FM-Full_A-None_AdaBN-F,6,0.4305555556,0.6961403678
BNCI2014_001,ShallowConvNet,NoPre_FM-Full_A-None_AdaBN-F,8,0.625,0.8632531186
BNCI2014_001,ShallowConvNet,NoPre_FM-Full_A-None_AdaBN-F,9,0.6909722222,0.8940851659
BNCI2014_001,ShallowConvNet,NoPre_FM-Full_A-None_AdaBN-F,3,0.703125,0.9086170589
BNCI2014_001,ShallowConvNet,NoPre_FM-Full_A-None_AdaBN-F,4,0.4427083333,0.7371680491
BNCI2014_001,ShallowConvNet,NoPre_FM-Full_A-None_AdaBN-F,5,0.3715277778,0.6637329604
BNCI2014_001,ShallowConvNet,NoPre_FM-Full_A-None_AdaBN-F,7,0.5677083333,0.8311591757
Huebner2017,ShallowConvNet,FM-Dec_A-Eucl_AdaBN-F,1,0.9357307562,0.9897539442
Huebner2017,ShallowConvNet,FM-Dec_A-Eucl_AdaBN-F,2,0.9180911681,0.9837338465
Huebner2017,ShallowConvNet,FM-Dec_A-Eucl_AdaBN-F,3,0.8901586009,0.9739904228
Huebner2017,ShallowConvNet,FM-Dec_A-Eucl_AdaBN-F,6,0.955201242,0.9951748992
Huebner2017,ShallowConvNet,FM-Dec_A-Eucl_AdaBN-F,9,0.9489977615,0.9946767436
Huebner2017,ShallowConvNet,FM-Dec_A-Eucl_AdaBN-F,10,0.9609642066,0.9964302732
Huebner2017,ShallowConvNet,FM-Dec_A-Eucl_AdaBN-F,12,0.9271469271,0.9879228114
Huebner2017,ShallowConvNet,FM-Dec_A-Eucl_AdaBN-F,4,0.937473413,0.9919922289
Huebner2017,ShallowConvNet,FM-Dec_A-Eucl_AdaBN-F,5,0.8632351445,0.9626927061
Huebner2017,ShallowConvNet,FM-Dec_A-Eucl_AdaBN-F,7,0.9771316646,0.9987965628
Huebner2017,ShallowConvNet,FM-Dec_A-Eucl_AdaBN-F,8,0.7965966279,0.9185581095
Huebner2017,ShallowConvNet,FM-Dec_A-Eucl_AdaBN-F,11,0.7697688372,0.8896931484
Huebner2017,ShallowConvNet,FM-Dec_A-Eucl_AdaBN-F,13,0.9356425015,0.9896069058
Huebner2017,ShallowConvNet,FM-Dec_A-Eucl_AdaBN-T,1,0.9405127728,0.9900923388
Huebner2017,ShallowConvNet,FM-Dec_A-Eucl_AdaBN-T,2,0.9238400488,0.9851888158
Huebner2017,ShallowConvNet,FM-Dec_A-Eucl_AdaBN-T,3,0.8938342302,0.9740601041
Huebner2017,ShallowConvNet,FM-Dec_A-Eucl_AdaBN-T,6,0.9600524159,0.9953867046
Huebner2017,ShallowConvNet,FM-Dec_A-Eucl_AdaBN-T,9,0.9549501425,0.9949646654
Huebner2017,ShallowConvNet,FM-Dec_A-Eucl_AdaBN-T,10,0.9621994827,0.9966005607
Huebner2017,ShallowConvNet,FM-Dec_A-Eucl_AdaBN-T,12,0.9292582418,0.9883145358
Huebner2017,ShallowConvNet,FM-Dec_A-Eucl_AdaBN-T,4,0.9414798647,0.9920305108
Huebner2017,ShallowConvNet,FM-Dec_A-Eucl_AdaBN-T,5,0.8718457468,0.9630455844
Huebner2017,ShallowConvNet,FM-Dec_A-Eucl_AdaBN-T,7,0.9789377289,0.9988790665
Huebner2017,ShallowConvNet,FM-Dec_A-Eucl_AdaBN-T,8,0.7960367538,0.9186158941
Huebner2017,ShallowConvNet,FM-Dec_A-Eucl_AdaBN-T,11,0.7716267857,0.8888754133
Huebner2017,ShallowConvNet,FM-Dec_A-Eucl_AdaBN-T,13,0.9371305295,0.989496985
Huebner2017,ShallowConvNet,FM-Dec_A-None_AdaBN-F,1,0.9533457558,0.9911377445
Huebner2017,ShallowConvNet,FM-Dec_A-None_AdaBN-F,2,0.9240308303,0.9818972975
Huebner2017,ShallowConvNet,FM-Dec_A-None_AdaBN-F,3,0.9165874443,0.9800632022
Huebner2017,ShallowConvNet,FM-Dec_A-None_AdaBN-F,6,0.9715504671,0.9959721728
Huebner2017,ShallowConvNet,FM-Dec_A-None_AdaBN-F,9,0.9662571225,0.9961332606
Huebner2017,ShallowConvNet,FM-Dec_A-None_AdaBN-F,10,0.9728843314,0.9970313922
Huebner2017,ShallowConvNet,FM-Dec_A-None_AdaBN-F,12,0.931496744,0.9858281018
Huebner2017,ShallowConvNet,FM-Dec_A-None_AdaBN-F,4,0.9685706222,0.9964790463
Huebner2017,ShallowConvNet,FM-Dec_A-None_AdaBN-F,5,0.8800493488,0.9598221352
Huebner2017,ShallowConvNet,FM-Dec_A-None_AdaBN-F,7,0.9866452991,0.9992942096
Huebner2017,ShallowConvNet,FM-Dec_A-None_AdaBN-F,8,0.8079408426,0.921787078
Huebner2017,ShallowConvNet,FM-Dec_A-None_AdaBN-F,11,0.7577339757,0.8723683425
Huebner2017,ShallowConvNet,FM-Dec_A-None_AdaBN-F,13,0.9384909867,0.9877204675
Huebner2017,ShallowConvNet,FM-Dec_A-Riem_AdaBN-T,1,0.9418100141,0.9906947689
Huebner2017,ShallowConvNet,FM-Dec_A-Riem_AdaBN-T,2,0.9291056166,0.9851254575
Huebner2017,ShallowConvNet,FM-Dec_A-Riem_AdaBN-T,3,0.8950804514,0.9751894775
Huebner2017,ShallowConvNet,FM-Dec_A-Riem_AdaBN-T,6,0.9614849541,0.9951991911
Huebner2017,ShallowConvNet,FM-Dec_A-Riem_AdaBN-T,9,0.9570996133,0.9953795057
Huebner2017,ShallowConvNet,FM-Dec_A-Riem_AdaBN-T,10,0.9622377519,0.996491676
Huebner2017,ShallowConvNet,FM-Dec_A-Riem_AdaBN-T,12,0.9274013024,0.9881852116
Huebner2017,ShallowConvNet,FM-Dec_A-Riem_AdaBN-T,4,0.9442526482,0.9934640691
Huebner2017,ShallowConvNet,FM-Dec_A-Riem_AdaBN-T,5,0.8725579976,0.9628044327
Huebner2017,ShallowConvNet,FM-Dec_A-Riem_AdaBN-T,7,0.979522792,0.9992664841
Huebner2017,ShallowConvNet,FM-Dec_A-Riem_AdaBN-T,8,0.8013913322,0.92235582
Huebner2017,ShallowConvNet,FM-Dec_A-Riem_AdaBN-T,11,0.7718176691,0.8883759015
Huebner2017,ShallowConvNet,FM-Dec_A-Riem_AdaBN-T,13,0.9408572874,0.9911352139
Huebner2017,ShallowConvNet,FM-Full_A-Eucl_AdaBN-F,1,0.9604309765,0.9951079168
Huebner2017,ShallowConvNet,FM-Full_A-Eucl_AdaBN-F,2,0.9461996337,0.9908712595
Huebner2017,ShallowConvNet,FM-Full_A-Eucl_AdaBN-F,3,0.9318637345,0.987149971
Huebner2017,ShallowConvNet,FM-Full_A-Eucl_AdaBN-F,6,0.9714900975,0.9973235739
Huebner2017,ShallowConvNet,FM-Full_A-Eucl_AdaBN-F,9,0.9697802198,0.9973560283
Huebner2017,ShallowConvNet,FM-Full_A-Eucl_AdaBN-F,10,0.9739421657,0.9979345638
Huebner2017,ShallowConvNet,FM-Full_A-Eucl_AdaBN-F,12,0.9513507326,0.9930863094
Huebner2017,ShallowConvNet,FM-Full_A-Eucl_AdaBN-F,4,0.9686220461,0.99776047
Huebner2017,ShallowConvNet,FM-Full_A-Eucl_AdaBN-F,5,0.9003866504,0.9768628882
Huebner2017,ShallowConvNet,FM-Full_A-Eucl_AdaBN-F,7,0.9874465812,0.9992373117
Huebner2017,ShallowConvNet,FM-Full_A-Eucl_AdaBN-F,8,0.8604838946,0.9591623582
Huebner2017,ShallowConvNet,FM-Full_A-Eucl_AdaBN-F,11,0.8107110699,0.9171451264
Huebner2017,ShallowConvNet,FM-Full_A-Eucl_AdaBN-F,13,0.9598464985,0.995061808
Huebner2017,ShallowConvNet,FM-Full_A-Eucl_AdaBN-T,1,0.9618935617,0.9953444229
Huebner2017,ShallowConvNet,FM-Full_A-Eucl_AdaBN-T,2,0.947522385,0.9917392646
Huebner2017,ShallowConvNet,FM-Full_A-Eucl_AdaBN-T,3,0.9312023589,0.9872944156
Huebner2017,ShallowConvNet,FM-Full_A-Eucl_AdaBN-T,6,0.974316595,0.9973508597
Huebner2017,ShallowConvNet,FM-Full_A-Eucl_AdaBN-T,9,0.9713827839,0.9975068197
Huebner2017,ShallowConvNet,FM-Full_A-Eucl_AdaBN-T,10,0.9764256094,0.9979542552
Huebner2017,ShallowConvNet,FM-Full_A-Eucl_AdaBN-T,12,0.9523809524,0.9933852844
Huebner2017,ShallowConvNet,FM-Full_A-Eucl_AdaBN-T,4,0.9702881729,0.9977426668
Huebner2017,ShallowConvNet,FM-Full_A-Eucl_AdaBN-T,5,0.9047873423,0.9768057884
Huebner2017,ShallowConvNet,FM-Full_A-Eucl_AdaBN-T,7,0.9890618641,0.9992687384
Huebner2017,ShallowConvNet,FM-Full_A-Eucl_AdaBN-T,8,0.8629515003,0.9596209495
Huebner2017,ShallowConvNet,FM-Full_A-Eucl_AdaBN-T,11,0.8109019533,0.9175540276
Huebner2017,ShallowConvNet,FM-Full_A-Eucl_AdaBN-T,13,0.960456994,0.9950244891
Huebner2017,ShallowConvNet,FM-Full_A-None_AdaBN-F,1,0.9596162715,0.9928886635
Huebner2017,ShallowConvNet,FM-Full_A-None_AdaBN-F,2,0.9293727106,0.9838230293
Huebner2017,ShallowConvNet,FM-Full_A-None_AdaBN-F,3,0.9279838906,0.9846671872
Huebner2017,ShallowConvNet,FM-Full_A-None_AdaBN-F,6,0.9744339994,0.9959672462
Huebner2017,ShallowConvNet,FM-Full_A-None_AdaBN-F,9,0.9680631868,0.996335028
Huebner2017,ShallowConvNet,FM-Full_A-None_AdaBN-F,10,0.9732027683,0.9972776442
Huebner2017,ShallowConvNet,FM-Full_A-None_AdaBN-F,12,0.9449659137,0.9898609927
Huebner2017,ShallowConvNet,FM-Full_A-None_AdaBN-F,4,0.9774994629,0.99729397
Huebner2017,ShallowConvNet,FM-Full_A-None_AdaBN-F,5,0.8933150183,0.9695464705
Huebner2017,ShallowConvNet,FM-Full_A-None_AdaBN-F,7,0.9887566138,0.9991605112
Huebner2017,ShallowConvNet,FM-Full_A-None_AdaBN-F,8,0.8470645852,0.9452969601
Huebner2017,ShallowConvNet,FM-Full_A-None_AdaBN-F,11,0.7931670848,0.8952143412
Huebner2017,ShallowConvNet,FM-Full_A-None_AdaBN-F,13,0.9589049788,0.9926691754
Huebner2017,ShallowConvNet,FM-Full_A-Riem_AdaBN-F,1,0.9624533012,0.9949624121
Huebner2017,ShallowConvNet,FM-Full_A-Riem_AdaBN-F,2,0.9469754782,0.9910478417
Huebner2017,ShallowConvNet,FM-Full_A-Riem_AdaBN-F,3,0.9291927219,0.9865591012
Huebner2017,ShallowConvNet,FM-Full_A-Riem_AdaBN-F,6,0.9716813249,0.9971069177
Huebner2017,ShallowConvNet,FM-Full_A-Riem_AdaBN-F,9,0.9670584046,0.9972241132
Huebner2017,ShallowConvNet,FM-Full_A-Riem_AdaBN-F,10,0.9763236934,0.9978323778
Huebner2017,ShallowConvNet,FM-Full_A-Riem_AdaBN-F,12,0.9517322955,0.9931697889
Huebner2017,ShallowConvNet,FM-Full_A-Riem_AdaBN-F,4,0.9673248048,0.997415193
Huebner2017,ShallowConvNet,FM-Full_A-Riem_AdaBN-F,5,0.9051943427,0.9782584023
Huebner2017,ShallowConvNet,FM-Full_A-Riem_AdaBN-F,7,0.986708893,0.9993639609
Huebner2017,ShallowConvNet,FM-Full_A-Riem_AdaBN-F,8,0.861082101,0.9587987901
Huebner2017,ShallowConvNet,FM-Full_A-Riem_AdaBN-F,11,0.8114998358,0.9200324313
Huebner2017,ShallowConvNet,FM-Full_A-Riem_AdaBN-F,13,0.958816258,0.9948752977
Huebner2017,ShallowConvNet,FM-Full_A-Riem_AdaBN-T,1,0.9636233963,0.9952375029
Huebner2017,ShallowConvNet,FM-Full_A-Riem_AdaBN-T,2,0.9509310134,0.9918553317
Huebner2017,ShallowConvNet,FM-Full_A-Riem_AdaBN-T,3,0.9290655757,0.9866436915
Huebner2017,ShallowConvNet,FM-Full_A-Riem_AdaBN-T,6,0.9752526089,0.9971659231
Huebner2017,ShallowConvNet,FM-Full_A-Riem_AdaBN-T,9,0.9692587505,0.9973673339
Huebner2017,ShallowConvNet,FM-Full_A-Riem_AdaBN-T,10,0.9781448854,0.9979182809
Huebner2017,ShallowConvNet,FM-Full_A-Riem_AdaBN-T,12,0.9543014856,0.9935118664
Huebner2017,ShallowConvNet,FM-Full_A-Riem_AdaBN-T,4,0.9700083705,0.9976166144
Huebner2017,ShallowConvNet,FM-Full_A-Riem_AdaBN-T,5,0.9087047212,0.9774069182
Huebner2017,ShallowConvNet,FM-Full_A-Riem_AdaBN-T,7,0.9883750509,0.9993851925
Huebner2017,ShallowConvNet,FM-Full_A-Riem_AdaBN-T,8,0.8607639663,0.9595556264
Huebner2017,ShallowConvNet,FM-Full_A-Riem_AdaBN-T,11,0.8114238023,0.9198221398
Huebner2017,ShallowConvNet,FM-Full_A-Riem_AdaBN-T,13,0.958854435,0.9949414218
Huebner2017,ShallowConvNet,FM-None_A-Eucl_AdaBN-T,1,0.9134078468,0.9794125287
Huebner2017,ShallowConvNet,FM-None_A-Eucl_AdaBN-T,2,0.8985169923,0.9632974025
Huebner2017,ShallowConvNet,FM-None_A-Eucl_AdaBN-T,3,0.8436026275,0.9303437181
Huebner2017,ShallowConvNet,FM-None_A-Eucl_AdaBN-T,6,0.9430823648,0.9867034028
Huebner2017,ShallowConvNet,FM-None_A-Eucl_AdaBN-T,9,0.9444826007,0.987596851
Huebner2017,ShallowConvNet,FM-None_A-Eucl_AdaBN-T,10,0.9485568421,0.9905516761
Huebner2017,ShallowConvNet,FM-None_A-Eucl_AdaBN-T,12,0.9225300163,0.9786878456
Huebner2017,ShallowConvNet,FM-None_A-Eucl_AdaBN-T,4,0.8498667825,0.9752945632
Huebner2017,ShallowConvNet,FM-None_A-Eucl_AdaBN-T,5,0.8208689459,0.9225956289
Huebner2017,ShallowConvNet,FM-None_A-Eucl_AdaBN-T,7,0.9006410256,0.9930776283
Huebner2017,ShallowConvNet,FM-None_A-Eucl_AdaBN-T,8,0.6860727855,0.8702160146
Huebner2017,ShallowConvNet,FM-None_A-Eucl_AdaBN-T,11,0.74898278,0.8490177316
Huebner2017,ShallowConvNet,FM-None_A-Eucl_AdaBN-T,13,0.8609194858,0.9705968143
Huebner2017,ShallowConvNet,FM-None_A-None_AdaBN-F,1,0.9176190517,0.987096225
Huebner2017,ShallowConvNet,FM-None_A-None_AdaBN-F,2,0.9029558405,0.9638524183
Huebner2017,ShallowConvNet,FM-None_A-None_AdaBN-F,3,0.8172539489,0.9462215129
Huebner2017,ShallowConvNet,FM-None_A-None_AdaBN-F,6,0.9371181231,0.9900286606
Huebner2017,ShallowConvNet,FM-None_A-None_AdaBN-F,9,0.9499771062,0.9914956397
Huebner2017,ShallowConvNet,FM-None_A-None_AdaBN-F,10,0.9565791854,0.9906657917
Huebner2017,ShallowConvNet,FM-None_A-None_AdaBN-F,12,0.8146113146,0.9655761135
Huebner2017,ShallowConvNet,FM-None_A-None_AdaBN-F,4,0.8453521499,0.9902050641
Huebner2017,ShallowConvNet,FM-None_A-None_AdaBN-F,5,0.7536757224,0.9273154676
Huebner2017,ShallowConvNet,FM-None_A-None_AdaBN-F,7,0.856023606,0.9935988957
Huebner2017,ShallowConvNet,FM-None_A-None_AdaBN-F,8,0.5359683089,0.8436055891
Huebner2017,ShallowConvNet,FM-None_A-None_AdaBN-F,11,0.5784126096,0.8249180969
Huebner2017,ShallowConvNet,FM-None_A-None_AdaBN-F,13,0.7797740696,0.9595730846
Huebner2017,ShallowConvNet,NoPre_FM-Full_A-Eucl_AdaBN-T,1,0.9321942877,0.9878296883
Huebner2017,ShallowConvNet,NoPre_FM-Full_A-Eucl_AdaBN-T,2,0.9277065527,0.983936455
Huebner2017,ShallowConvNet,NoPre_FM-Full_A-Eucl_AdaBN-T,3,0.8807970324,0.970095956
Huebner2017,ShallowConvNet,NoPre_FM-Full_A-Eucl_AdaBN-T,6,0.9533895839,0.9944721024
Huebner2017,ShallowConvNet,NoPre_FM-Full_A-Eucl_AdaBN-T,9,0.9441391941,0.991899208
Huebner2017,ShallowConvNet,NoPre_FM-Full_A-Eucl_AdaBN-T,10,0.9546850997,0.9933565603
Huebner2017,ShallowConvNet,NoPre_FM-Full_A-Eucl_AdaBN-T,12,0.9206857957,0.9856516879
Huebner2017,ShallowConvNet,NoPre_FM-Full_A-Eucl_AdaBN-T,4,0.9427386391,0.9923240442
Huebner2017,ShallowConvNet,NoPre_FM-Full_A-Eucl_AdaBN-T,5,0.8718966219,0.9629474851
Huebner2017,ShallowConvNet,NoPre_FM-Full_A-Eucl_AdaBN-T,7,0.9738120676,0.9976184117
Huebner2017,ShallowConvNet,NoPre_FM-Full_A-Eucl_AdaBN-T,8,0.7709425418,0.8996623592
Huebner2017,ShallowConvNet,NoPre_FM-Full_A-Eucl_AdaBN-T,11,0.7310275876,0.8557217113
Huebner2017,ShallowConvNet,NoPre_FM-Full_A-Eucl_AdaBN-T,13,0.9236485478,0.9867377253
Huebner2017,ShallowConvNet,NoPre_FM-Full_A-None_AdaBN-F,1,0.9144756326,0.977498773
Huebner2017,ShallowConvNet,NoPre_FM-Full_A-None_AdaBN-F,2,0.9001322751,0.9686638287
Huebner2017,ShallowConvNet,NoPre_FM-Full_A-None_AdaBN-F,3,0.8793708948,0.9596988089
Huebner2017,ShallowConvNet,NoPre_FM-Full_A-None_AdaBN-F,6,0.9546920981,0.9925099938
Huebner2017,ShallowConvNet,NoPre_FM-Full_A-None_AdaBN-F,9,0.9389372202,0.9876756367
Huebner2017,ShallowConvNet,NoPre_FM-Full_A-None_AdaBN-F,10,0.9480863411,0.9889991948
Huebner2017,ShallowConvNet,NoPre_FM-Full_A-None_AdaBN-F,12,0.8959732397,0.9736170129
Huebner2017,ShallowConvNet,NoPre_FM-Full_A-None_AdaBN-F,4,0.9423306135,0.9893214014
Huebner2017,ShallowConvNet,NoPre_FM-Full_A-None_AdaBN-F,5,0.8499313187,0.941459943
Huebner2017,ShallowConvNet,NoPre_FM-Full_A-None_AdaBN-F,7,0.9683684371,0.9960031793
Huebner2017,ShallowConvNet,NoPre_FM-Full_A-None_AdaBN-F,8,0.7673546495,0.88788927
Huebner2017,ShallowConvNet,NoPre_FM-Full_A-None_AdaBN-F,11,0.6888909365,0.8029765555
Huebner2017,ShallowConvNet,NoPre_FM-Full_A-None_AdaBN-F,13,0.9105092842,0.9772934532
Huebner2018,ShallowConvNet,FM-Dec_A-Eucl_AdaBN-F,1,0.9447683619,0.9890512224
Huebner2018,ShallowConvNet,FM-Dec_A-Eucl_AdaBN-F,3,0.9516254579,0.9921213261
Huebner2018,ShallowConvNet,FM-Dec_A-Eucl_AdaBN-F,6,0.9436813187,0.9923126526
Huebner2018,ShallowConvNet,FM-Dec_A-Eucl_AdaBN-F,9,0.8866858202,0.9694995126
Huebner2018,ShallowConvNet,FM-Dec_A-Eucl_AdaBN-F,10,0.8824519231,0.9676368039
Huebner2018,ShallowConvNet,FM-Dec_A-Eucl_AdaBN-F,11,0.8571835832,0.9515002467
Huebner2018,ShallowConvNet,FM-Dec_A-Eucl_AdaBN-F,2,0.959478022,0.9936597468
Huebner2018,ShallowConvNet,FM-Dec_A-Eucl_AdaBN-F,4,0.8969665751,0.9757310609
Huebner2018,ShallowConvNet,FM-Dec_A-Eucl_AdaBN-F,5,0.8066134748,0.9220710403
Huebner2018,ShallowConvNet,FM-Dec_A-Eucl_AdaBN-F,7,0.8848383325,0.9647496603
Huebner2018,ShallowConvNet,FM-Dec_A-Eucl_AdaBN-F,8,0.8383814103,0.9451295542
Huebner2018,ShallowConvNet,FM-Dec_A-Eucl_AdaBN-F,12,0.8569826007,0.9534008427
Huebner2018,ShallowConvNet,FM-Dec_A-Eucl_AdaBN-T,1,0.9478245926,0.9893012917
Huebner2018,ShallowConvNet,FM-Dec_A-Eucl_AdaBN-T,3,0.9590315934,0.9925734236
Huebner2018,ShallowConvNet,FM-Dec_A-Eucl_AdaBN-T,6,0.9441964286,0.9923278743
Huebner2018,ShallowConvNet,FM-Dec_A-Eucl_AdaBN-T,9,0.8874642252,0.9690919389
Huebner2018,ShallowConvNet,FM-Dec_A-Eucl_AdaBN-T,10,0.8886675824,0.9679265328
Huebner2018,ShallowConvNet,FM-Dec_A-Eucl_AdaBN-T,11,0.8613920716,0.9512370641
Huebner2018,ShallowConvNet,FM-Dec_A-Eucl_AdaBN-T,2,0.9623626374,0.9937211511
Huebner2018,ShallowConvNet,FM-Dec_A-Eucl_AdaBN-T,4,0.9052312271,0.9767743764
Huebner2018,ShallowConvNet,FM-Dec_A-Eucl_AdaBN-T,5,0.8017248488,0.9185044793
Huebner2018,ShallowConvNet,FM-Dec_A-Eucl_AdaBN-T,7,0.8857653793,0.9656961739
Huebner2018,ShallowConvNet,FM-Dec_A-Eucl_AdaBN-T,8,0.838507326,0.9454742282
Huebner2018,ShallowConvNet,FM-Dec_A-Eucl_AdaBN-T,12,0.863610348,0.9548526895
Huebner2018,ShallowConvNet,FM-Dec_A-None_AdaBN-F,1,0.9606221026,0.9919834883
Huebner2018,ShallowConvNet,FM-Dec_A-None_AdaBN-F,3,0.9628777473,0.99356392
Huebner2018,ShallowConvNet,FM-Dec_A-None_AdaBN-F,6,0.956650641,0.9931529767
Huebner2018,ShallowConvNet,FM-Dec_A-None_AdaBN-F,9,0.9010973663,0.9719911693
Huebner2018,ShallowConvNet,FM-Dec_A-None_AdaBN-F,10,0.8997596154,0.9698402069
Huebner2018,ShallowConvNet,FM-Dec_A-None_AdaBN-F,11,0.8486992161,0.9381802292
Huebner2018,ShallowConvNet,FM-Dec_A-None_AdaBN-F,2,0.9702495421,0.9943496124
Huebner2018,ShallowConvNet,FM-Dec_A-None_AdaBN-F,4,0.92066163,0.9780765824
Huebner2018,ShallowConvNet,FM-Dec_A-None_AdaBN-F,5,0.8546796055,0.9464185908
Huebner2018,ShallowConvNet,FM-Dec_A-None_AdaBN-F,7,0.8736644768,0.9567394928
Huebner2018,ShallowConvNet,FM-Dec_A-None_AdaBN-F,8,0.8653159341,0.9562512265
Huebner2018,ShallowConvNet,FM-Dec_A-None_AdaBN-F,12,0.872275641,0.9541476703
Huebner2018,ShallowConvNet,FM-Dec_A-Riem_AdaBN-T,1,0.9501254503,0.9896542015
Huebner2018,ShallowConvNet,FM-Dec_A-Riem_AdaBN-T,3,0.9561698718,0.9923625556
Huebner2018,ShallowConvNet,FM-Dec_A-Riem_AdaBN-T,6,0.9482257326,0.9930100678
Huebner2018,ShallowConvNet,FM-Dec_A-Riem_AdaBN-T,9,0.8940807227,0.9718239477
Huebner2018,ShallowConvNet,FM-Dec_A-Riem_AdaBN-T,10,0.8905677656,0.9690394972
Huebner2018,ShallowConvNet,FM-Dec_A-Riem_AdaBN-T,11,0.8522511365,0.9491772863
Huebner2018,ShallowConvNet,FM-Dec_A-Riem_AdaBN-T,2,0.966334707,0.995034804
Huebner2018,ShallowConvNet,FM-Dec_A-Riem_AdaBN-T,4,0.9100503663,0.9784128347
Huebner2018,ShallowConvNet,FM-Dec_A-Riem_AdaBN-T,5,0.8235550178,0.9337982233
Huebner2018,ShallowConvNet,FM-Dec_A-Riem_AdaBN-T,7,0.8950606035,0.9710440878
Huebner2018,ShallowConvNet,FM-Dec_A-Riem_AdaBN-T,8,0.8580128205,0.9512924352
Huebner2018,ShallowConvNet,FM-Dec_A-Riem_AdaBN-T,12,0.8732142857,0.9570477526
Huebner2018,ShallowConvNet,FM-Full_A-Eucl_AdaBN-F,1,0.965258448,0.9934218259
Huebner2018,ShallowConvNet,FM-Full_A-Eucl_AdaBN-F,3,0.9730540293,0.9959006928
Huebner2018,ShallowConvNet,FM-Full_A-Eucl_AdaBN-F,6,0.9713255495,0.9966565144
Huebner2018,ShallowConvNet,FM-Full_A-Eucl_AdaBN-F,9,0.9307912104,0.9841318949
Huebner2018,ShallowConvNet,FM-Full_A-Eucl_AdaBN-F,10,0.9056089744,0.976334925
Huebner2018,ShallowConvNet,FM-Full_A-Eucl_AdaBN-F,11,0.8996918355,0.9709198757
Huebner2018,ShallowConvNet,FM-Full_A-Eucl_AdaBN-F,2,0.9742559524,0.9954009136
Huebner2018,ShallowConvNet,FM-Full_A-Eucl_AdaBN-F,4,0.9341117216,0.9867618666
Huebner2018,ShallowConvNet,FM-Full_A-Eucl_AdaBN-F,5,0.896408692,0.9723128796
Huebner2018,ShallowConvNet,FM-Full_A-Eucl_AdaBN-F,7,0.9180929806,0.9793489979
Huebner2018,ShallowConvNet,FM-Full_A-Eucl_AdaBN-F,8,0.8921703297,0.9686110702
Huebner2018,ShallowConvNet,FM-Full_A-Eucl_AdaBN-F,12,0.9029532967,0.9706983146
Huebner2018,ShallowConvNet,FM-Full_A-Eucl_AdaBN-T,1,0.9663916982,0.9935374773
Huebner2018,ShallowConvNet,FM-Full_A-Eucl_AdaBN-T,3,0.975206044,0.9961053195
Huebner2018,ShallowConvNet,FM-Full_A-Eucl_AdaBN-T,6,0.9710508242,0.9966459124
Huebner2018,ShallowConvNet,FM-Full_A-Eucl_AdaBN-T,9,0.9306080979,0.9841540276
Huebner2018,ShallowConvNet,FM-Full_A-Eucl_AdaBN-T,10,0.9073717949,0.9768160213
Huebner2018,ShallowConvNet,FM-Full_A-Eucl_AdaBN-T,11,0.9006805712,0.9712550541
Huebner2018,ShallowConvNet,FM-Full_A-Eucl_AdaBN-T,2,0.9757669414,0.9958653982
Huebner2018,ShallowConvNet,FM-Full_A-Eucl_AdaBN-T,4,0.9355196886,0.9875458148
Huebner2018,ShallowConvNet,FM-Full_A-Eucl_AdaBN-T,5,0.8974272887,0.9726406996
Huebner2018,ShallowConvNet,FM-Full_A-Eucl_AdaBN-T,7,0.9182987729,0.9792416304
Huebner2018,ShallowConvNet,FM-Full_A-Eucl_AdaBN-T,8,0.8888850733,0.9691463621
Huebner2018,ShallowConvNet,FM-Full_A-Eucl_AdaBN-T,12,0.908367674,0.9710710198
Huebner2018,ShallowConvNet,FM-Full_A-None_AdaBN-F,1,0.962190347,0.9926270666
Huebner2018,ShallowConvNet,FM-Full_A-None_AdaBN-F,3,0.9695741758,0.9947263922
Huebner2018,ShallowConvNet,FM-Full_A-None_AdaBN-F,6,0.9639880952,0.9946728507
Huebner2018,ShallowConvNet,FM-Full_A-None_AdaBN-F,9,0.9180618156,0.9773109428
Huebner2018,ShallowConvNet,FM-Full_A-None_AdaBN-F,10,0.9093635531,0.9733674696
Huebner2018,ShallowConvNet,FM-Full_A-None_AdaBN-F,11,0.8723734839,0.953155916
Huebner2018,ShallowConvNet,FM-Full_A-None_AdaBN-F,2,0.9764766484,0.9955214602
Huebner2018,ShallowConvNet,FM-Full_A-None_AdaBN-F,4,0.9303685897,0.9828275036
Huebner2018,ShallowConvNet,FM-Full_A-None_AdaBN-F,5,0.8882787344,0.9646570291
Huebner2018,ShallowConvNet,FM-Full_A-None_AdaBN-F,7,0.9011843689,0.9707885514
Huebner2018,ShallowConvNet,FM-Full_A-None_AdaBN-F,8,0.8873054029,0.9668209543
Huebner2018,ShallowConvNet,FM-Full_A-None_AdaBN-F,12,0.8898237179,0.9634130527
Huebner2018,ShallowConvNet,FM-Full_A-Riem_AdaBN-F,1,0.9652126563,0.9932834694
Huebner2018,ShallowConvNet,FM-Full_A-Riem_AdaBN-F,3,0.9735805861,0.9953032062
Huebner2018,ShallowConvNet,FM-Full_A-Riem_AdaBN-F,6,0.9702838828,0.996673235
Huebner2018,ShallowConvNet,FM-Full_A-Riem_AdaBN-F,9,0.9308942827,0.9844048191
Huebner2018,ShallowConvNet,FM-Full_A-Riem_AdaBN-F,10,0.9063301282,0.9763096465
Huebner2018,ShallowConvNet,FM-Full_A-Riem_AdaBN-F,11,0.8966793543,0.9707272592
Huebner2018,ShallowConvNet,FM-Full_A-Riem_AdaBN-F,2,0.9742330586,0.995829545
Huebner2018,ShallowConvNet,FM-Full_A-Riem_AdaBN-F,4,0.9322802198,0.9870406937
Huebner2018,ShallowConvNet,FM-Full_A-Riem_AdaBN-F,5,0.8989728952,0.9732037324
Huebner2018,ShallowConvNet,FM-Full_A-Riem_AdaBN-F,7,0.9170861579,0.9793931527
Huebner2018,ShallowConvNet,FM-Full_A-Riem_AdaBN-F,8,0.8901098901,0.9689248239
Huebner2018,ShallowConvNet,FM-Full_A-Riem_AdaBN-F,12,0.9067994505,0.9721217349
Huebner2018,ShallowConvNet,FM-Full_A-Riem_AdaBN-T,1,0.9669067871,0.9933117213
Huebner2018,ShallowConvNet,FM-Full_A-Riem_AdaBN-T,3,0.9749084249,0.9959219104
Huebner2018,ShallowConvNet,FM-Full_A-Riem_AdaBN-T,6,0.9710622711,0.9967276213
Huebner2018,ShallowConvNet,FM-Full_A-Riem_AdaBN-T,9,0.9323365862,0.983960871
Huebner2018,ShallowConvNet,FM-Full_A-Riem_AdaBN-T,10,0.9086538462,0.976519288
Huebner2018,ShallowConvNet,FM-Full_A-Riem_AdaBN-T,11,0.8993124313,0.9711189261
Huebner2018,ShallowConvNet,FM-Full_A-Riem_AdaBN-T,2,0.9754578755,0.9961253107
Huebner2018,ShallowConvNet,FM-Full_A-Riem_AdaBN-T,4,0.9378319597,0.986888818
Huebner2018,ShallowConvNet,FM-Full_A-Riem_AdaBN-T,5,0.8995109492,0.973678344
Huebner2018,ShallowConvNet,FM-Full_A-Riem_AdaBN-T,7,0.91890628,0.9795333739
Huebner2018,ShallowConvNet,FM-Full_A-Riem_AdaBN-T,8,0.8884844322,0.9687512265
Huebner2018,ShallowConvNet,FM-Full_A-Riem_AdaBN-T,12,0.9063072344,0.9718187604
Huebner2018,ShallowConvNet,FM-None_A-Eucl_AdaBN-T,1,0.9265556108,0.9811110711
Huebner2018,ShallowConvNet,FM-None_A-Eucl_AdaBN-T,3,0.9455128205,0.9880243219
Huebner2018,ShallowConvNet,FM-None_A-Eucl_AdaBN-T,6,0.7879120879,0.9441603573
Huebner2018,ShallowConvNet,FM-None_A-Eucl_AdaBN-T,9,0.5789703755,0.7190139839
Huebner2018,ShallowConvNet,FM-None_A-Eucl_AdaBN-T,10,0.8347870879,0.9319884196
Huebner2018,ShallowConvNet,FM-None_A-Eucl_AdaBN-T,11,0.7570159734,0.8496809268
Huebner2018,ShallowConvNet,FM-None_A-Eucl_AdaBN-T,2,0.918452381,0.9788877033
Huebner2018,ShallowConvNet,FM-None_A-Eucl_AdaBN-T,4,0.844253663,0.9444616829
Huebner2018,ShallowConvNet,FM-None_A-Eucl_AdaBN-T,5,0.6273139513,0.8001432329
Huebner2018,ShallowConvNet,FM-None_A-Eucl_AdaBN-T,7,0.8269926517,0.9279335897
Huebner2018,ShallowConvNet,FM-None_A-Eucl_AdaBN-T,8,0.6713942308,0.8359749749
Huebner2018,ShallowConvNet,FM-None_A-Eucl_AdaBN-T,12,0.7355196886,0.8465988711
Huebner2018,ShallowConvNet,FM-None_A-None_AdaBN-F,1,0.9367206137,0.985837133
Huebner2018,ShallowConvNet,FM-None_A-None_AdaBN-F,3,0.9519574176,0.9903724326
Huebner2018,ShallowConvNet,FM-None_A-None_AdaBN-F,6,0.7106913919,0.9354182474
Huebner2018,ShallowConvNet,FM-None_A-None_AdaBN-F,9,0.5837892882,0.7265867383
Huebner2018,ShallowConvNet,FM-None_A-None_AdaBN-F,10,0.863610348,0.9393435892
Huebner2018,ShallowConvNet,FM-None_A-None_AdaBN-F,11,0.7404572592,0.84361776
Huebner2018,ShallowConvNet,FM-None_A-None_AdaBN-F,2,0.9630608974,0.9909744571
Huebner2018,ShallowConvNet,FM-None_A-None_AdaBN-F,4,0.873489011,0.9550572889
Huebner2018,ShallowConvNet,FM-None_A-None_AdaBN-F,5,0.6793634977,0.865689056
Huebner2018,ShallowConvNet,FM-None_A-None_AdaBN-F,7,0.7422202992,0.8971458726
Huebner2018,ShallowConvNet,FM-None_A-None_AdaBN-F,8,0.595157967,0.8563038276
Huebner2018,ShallowConvNet,FM-None_A-None_AdaBN-F,12,0.7627632784,0.8429776486
Huebner2018,ShallowConvNet,NoPre_FM-Full_A-Eucl_AdaBN-T,1,0.9411166207,0.9862709824
Huebner2018,ShallowConvNet,NoPre_FM-Full_A-Eucl_AdaBN-T,3,0.9543040293,0.9908053157
Huebner2018,ShallowConvNet,NoPre_FM-Full_A-Eucl_AdaBN-T,6,0.9419757326,0.9894619418
Huebner2018,ShallowConvNet,NoPre_FM-Full_A-Eucl_AdaBN-T,9,0.8924323836,0.9688076076
Huebner2018,ShallowConvNet,NoPre_FM-Full_A-Eucl_AdaBN-T,10,0.8717490842,0.9589550764
Huebner2018,ShallowConvNet,NoPre_FM-Full_A-Eucl_AdaBN-T,11,0.8626908964,0.9550013287
Huebner2018,ShallowConvNet,NoPre_FM-Full_A-Eucl_AdaBN-T,2,0.9576808608,0.9895272708
Huebner2018,ShallowConvNet,NoPre_FM-Full_A-Eucl_AdaBN-T,4,0.9030448718,0.9751287366
Huebner2018,ShallowConvNet,NoPre_FM-Full_A-Eucl_AdaBN-T,5,0.8325096043,0.9405769103
Huebner2018,ShallowConvNet,NoPre_FM-Full_A-Eucl_AdaBN-T,7,0.866466818,0.9599879873
Huebner2018,ShallowConvNet,NoPre_FM-Full_A-Eucl_AdaBN-T,8,0.8317651099,0.9390129377
Huebner2018,ShallowConvNet,NoPre_FM-Full_A-Eucl_AdaBN-T,12,0.8670673077,0.9552912142
Kalunga2016,ShallowConvNet,FM-Dec_A-Eucl_AdaBN-F,1,0.359375,0.56640625
Kalunga2016,ShallowConvNet,FM-Dec_A-Eucl_AdaBN-F,3,0.84375,0.9495442708
Kalunga2016,ShallowConvNet,FM-Dec_A-Eucl_AdaBN-F,6,0.375,0.681640625
Kalunga2016,ShallowConvNet,FM-Dec_A-Eucl_AdaBN-F,9,0.28125,0.6149088542
Kalunga2016,ShallowConvNet,FM-Dec_A-Eucl_AdaBN-F,10,0.359375,0.6524251302
Kalunga2016,ShallowConvNet,FM-Dec_A-Eucl_AdaBN-F,11,0.375,0.5260416667
Kalunga2016,ShallowConvNet,FM-Dec_A-Eucl_AdaBN-F,2,0.359375,0.6507161458
Kalunga2016,ShallowConvNet,FM-Dec_A-Eucl_AdaBN-F,4,0.515625,0.7350260417
Kalunga2016,ShallowConvNet,FM-Dec_A-Eucl_AdaBN-F,5,0.34375,0.6233723958
Kalunga2016,ShallowConvNet,FM-Dec_A-Eucl_AdaBN-F,7,0.6354166667,0.8349247685
Kalunga2016,ShallowConvNet,FM-Dec_A-Eucl_AdaBN-F,8,0.40625,0.6588541667
Kalunga2016,ShallowConvNet,FM-Dec_A-Eucl_AdaBN-F,12,0.44375,0.69640625
Kalunga2016,ShallowConvNet,FM-Dec_A-Eucl_AdaBN-T,1,0.28125,0.5319010417
Kalunga2016,ShallowConvNet,FM-Dec_A-Eucl_AdaBN-T,3,0.828125,0.9192708333
Kalunga2016,ShallowConvNet,FM-Dec_A-Eucl_AdaBN-T,6,0.40625,0.6819661458
Kalunga2016,ShallowConvNet,FM-Dec_A-Eucl_AdaBN-T,9,0.265625,0.5947265625
Kalunga2016,ShallowConvNet,FM-Dec_A-Eucl_AdaBN-T,10,0.3671875,0.6705729167
Kalunga2016,ShallowConvNet,FM-Dec_A-Eucl_AdaBN-T,11,0.328125,0.5416666667
Kalunga2016,ShallowConvNet,FM-Dec_A-Eucl_AdaBN-T,2,0.390625,0.658203125
Kalunga2016,ShallowConvNet,FM-Dec_A-Eucl_AdaBN-T,4,0.453125,0.7194010417
Kalunga2016,ShallowConvNet,FM-Dec_A-Eucl_AdaBN-T,5,0.390625,0.6529947917
Kalunga2016,ShallowConvNet,FM-Dec_A-Eucl_AdaBN-T,7,0.6770833333,0.8333333333
Kalunga2016,ShallowConvNet,FM-Dec_A-Eucl_AdaBN-T,8,0.375,0.6080729167
Kalunga2016,ShallowConvNet,FM-Dec_A-Eucl_AdaBN-T,12,0.44375,0.6936979167
Kalunga2016,ShallowConvNet,FM-Dec_A-None_AdaBN-F,1,0.28125,0.5559895833
Kalunga2016,ShallowConvNet,FM-Dec_A-None_AdaBN-F,3,0.796875,0.9254557292
Kalunga2016,ShallowConvNet,FM-Dec_A-None_AdaBN-F,6,0.421875,0.6920572917
Kalunga2016,ShallowConvNet,FM-Dec_A-None_AdaBN-F,9,0.34375,0.6383463542
Kalunga2016,ShallowConvNet,FM-Dec_A-None_AdaBN-F,10,0.390625,0.6340332031
Kalunga2016,ShallowConvNet,FM-Dec_A-None_AdaBN-F,11,0.25,0.5358072917
Kalunga2016,ShallowConvNet,FM-Dec_A-None_AdaBN-F,2,0.359375,0.626953125
Kalunga2016,ShallowConvNet,FM-Dec_A-None_AdaBN-F,4,0.5,0.8033854167
Kalunga2016,ShallowConvNet,FM-Dec_A-None_AdaBN-F,5,0.359375,0.6591796875
Kalunga2016,ShallowConvNet,FM-Dec_A-None_AdaBN-F,7,0.4479166667,0.7135416667
Kalunga2016,ShallowConvNet,FM-Dec_A-None_AdaBN-F,8,0.390625,0.7171223958
Kalunga2016,ShallowConvNet,FM-Dec_A-None_AdaBN-F,12,0.40625,0.6659375
Kalunga2016,ShallowConvNet,FM-Dec_A-Riem_AdaBN-T,1,0.25,0.52734375
Kalunga2016,ShallowConvNet,FM-Dec_A-Riem_AdaBN-T,3,0.8125,0.919921875
Kalunga2016,ShallowConvNet,FM-Dec_A-Riem_AdaBN-T,6,0.40625,0.6829427083
Kalunga2016,ShallowConvNet,FM-Dec_A-Riem_AdaBN-T,9,0.265625,0.6067708333
Kalunga2016,ShallowConvNet,FM-Dec_A-Riem_AdaBN-T,10,0.359375,0.6678059896
Kalunga2016,ShallowConvNet,FM-Dec_A-Riem_AdaBN-T,11,0.328125,0.5416666667
Kalunga2016,ShallowConvNet,FM-Dec_A-Riem_AdaBN-T,2,0.390625,0.6223958333
Kalunga2016,ShallowConvNet,FM-Dec_A-Riem_AdaBN-T,4,0.40625,0.6725260417
Kalunga2016,ShallowConvNet,FM-Dec_A-Riem_AdaBN-T,5,0.28125,0.6350911458
Kalunga2016,ShallowConvNet,FM-Dec_A-Riem_AdaBN-T,7,0.5625,0.7971643519
Kalunga2016,ShallowConvNet,FM-Dec_A-Riem_AdaBN-T,8,0.3125,0.5641276042
Kalunga2016,ShallowConvNet,FM-Dec_A-Riem_AdaBN-T,12,0.5,0.7382291667
Kalunga2016,ShallowConvNet,FM-Full_A-Eucl_AdaBN-F,1,0.34375,0.5706380208
Kalunga2016,ShallowConvNet,FM-Full_A-Eucl_AdaBN-F,3,0.890625,0.958984375
Kalunga2016,ShallowConvNet,FM-Full_A-Eucl_AdaBN-F,6,0.359375,0.6923828125
Kalunga2016,ShallowConvNet,FM-Full_A-Eucl_AdaBN-F,9,0.328125,0.6149088542
Kalunga2016,ShallowConvNet,FM-Full_A-Eucl_AdaBN-F,10,0.4296875,0.7041015625
Kalunga2016,ShallowConvNet,FM-Full_A-Eucl_AdaBN-F,11,0.40625,0.5472005208
Kalunga2016,ShallowConvNet,FM-Full_A-Eucl_AdaBN-F,2,0.34375,0.677734375
Kalunga2016,ShallowConvNet,FM-Full_A-Eucl_AdaBN-F,4,0.515625,0.7552083333
Kalunga2016,ShallowConvNet,FM-Full_A-Eucl_AdaBN-F,5,0.375,0.6266276042
Kalunga2016,ShallowConvNet,FM-Full_A-Eucl_AdaBN-F,7,0.6458333333,0.8622685185
Kalunga2016,ShallowConvNet,FM-Full_A-Eucl_AdaBN-F,8,0.4375,0.6813151042
Kalunga2016,ShallowConvNet,FM-Full_A-Eucl_AdaBN-F,12,0.59375,0.820625
Kalunga2016,ShallowConvNet,FM-Full_A-Eucl_AdaBN-T,1,0.296875,0.5338541667
Kalunga2016,ShallowConvNet,FM-Full_A-Eucl_AdaBN-T,3,0.859375,0.9339192708
Kalunga2016,ShallowConvNet,FM-Full_A-Eucl_AdaBN-T,6,0.390625,0.6927083333
Kalunga2016,ShallowConvNet,FM-Full_A-Eucl_AdaBN-T,9,0.328125,0.6295572917
Kalunga2016,ShallowConvNet,FM-Full_A-Eucl_AdaBN-T,10,0.4609375,0.720296224
Kalunga2016,ShallowConvNet,FM-Full_A-Eucl_AdaBN-T,11,0.359375,0.5618489583
Kalunga2016,ShallowConvNet,FM-Full_A-Eucl_AdaBN-T,2,0.4375,0.7018229167
Kalunga2016,ShallowConvNet,FM-Full_A-Eucl_AdaBN-T,4,0.46875,0.7467447917
Kalunga2016,ShallowConvNet,FM-Full_A-Eucl_AdaBN-T,5,0.40625,0.6477864583
Kalunga2016,ShallowConvNet,FM-Full_A-Eucl_AdaBN-T,7,0.6875,0.8648726852
Kalunga2016,ShallowConvNet,FM-Full_A-Eucl_AdaBN-T,8,0.40625,0.6494140625
Kalunga2016,ShallowConvNet,FM-Full_A-Eucl_AdaBN-T,12,0.6125,0.8250520833
Kalunga2016,ShallowConvNet,FM-Full_A-None_AdaBN-F,1,0.265625,0.548828125
Kalunga2016,ShallowConvNet,FM-Full_A-None_AdaBN-F,3,0.828125,0.9459635417
Kalunga2016,ShallowConvNet,FM-Full_A-None_AdaBN-F,6,0.390625,0.6748046875
Kalunga2016,ShallowConvNet,FM-Full_A-None_AdaBN-F,9,0.390625,0.6513671875
Kalunga2016,ShallowConvNet,FM-Full_A-None_AdaBN-F,10,0.453125,0.70703125
Kalunga2016,ShallowConvNet,FM-Full_A-None_AdaBN-F,11,0.328125,0.5862630208
Kalunga2016,ShallowConvNet,FM-Full_A-None_AdaBN-F,2,0.375,0.6783854167
Kalunga2016,ShallowConvNet,FM-Full_A-None_AdaBN-F,4,0.546875,0.830078125
Kalunga2016,ShallowConvNet,FM-Full_A-None_AdaBN-F,5,0.359375,0.6705729167
Kalunga2016,ShallowConvNet,FM-Full_A-None_AdaBN-F,7,0.5208333333,0.7589699074
Kalunga2016,ShallowConvNet,FM-Full_A-None_AdaBN-F,8,0.46875,0.7490234375
Kalunga2016,ShallowConvNet,FM-Full_A-None_AdaBN-F,12,0.53125,0.7841145833
Kalunga2016,ShallowConvNet,FM-Full_A-Riem_AdaBN-F,1,0.34375,0.5719401042
Kalunga2016,ShallowConvNet,FM-Full_A-Riem_AdaBN-F,3,0.890625,0.9612630208
Kalunga2016,ShallowConvNet,FM-Full_A-Riem_AdaBN-F,6,0.390625,0.7099609375
Kalunga2016,ShallowConvNet,FM-Full_A-Riem_AdaBN-F,9,0.359375,0.6350911458
Kalunga2016,ShallowConvNet,FM-Full_A-Riem_AdaBN-F,10,0.40625,0.7020670573
Kalunga2016,ShallowConvNet,FM-Full_A-Riem_AdaBN-F,11,0.40625,0.5634765625
Kalunga2016,ShallowConvNet,FM-Full_A-Riem_AdaBN-F,2,0.359375,0.615234375
Kalunga2016,ShallowConvNet,FM-Full_A-Riem_AdaBN-F,4,0.40625,0.7005208333
Kalunga2016,ShallowConvNet,FM-Full_A-Riem_AdaBN-F,5,0.28125,0.5901692708
Kalunga2016,ShallowConvNet,FM-Full_A-Riem_AdaBN-F,7,0.59375,0.7913773148
Kalunga2016,ShallowConvNet,FM-Full_A-Riem_AdaBN-F,8,0.328125,0.60546875
Kalunga2016,ShallowConvNet,FM-Full_A-Riem_AdaBN-F,12,0.5875,0.8234895833
Kalunga2016,ShallowConvNet,FM-Full_A-Riem_AdaBN-T,1,0.265625,0.53125
Kalunga2016,ShallowConvNet,FM-Full_A-Riem_AdaBN-T,3,0.859375,0.9322916667
Kalunga2016,ShallowConvNet,FM-Full_A-Riem_AdaBN-T,6,0.40625,0.6910807292
Kalunga2016,ShallowConvNet,FM-Full_A-Riem_AdaBN-T,9,0.34375,0.6376953125
Kalunga2016,ShallowConvNet,FM-Full_A-Riem_AdaBN-T,10,0.4375,0.7124023438
Kalunga2016,ShallowConvNet,FM-Full_A-Riem_AdaBN-T,11,0.359375,0.5657552083
Kalunga2016,ShallowConvNet,FM-Full_A-Riem_AdaBN-T,2,0.375,0.6708984375
Kalunga2016,ShallowConvNet,FM-Full_A-Riem_AdaBN-T,4,0.4375,0.7018229167
Kalunga2016,ShallowConvNet,FM-Full_A-Riem_AdaBN-T,5,0.296875,0.6272786458
Kalunga2016,ShallowConvNet,FM-Full_A-Riem_AdaBN-T,7,0.6145833333,0.8259548611
Kalunga2016,ShallowConvNet,FM-Full_A-Riem_AdaBN-T,8,0.3125,0.6028645833
Kalunga2016,ShallowConvNet,FM-Full_A-Riem_AdaBN-T,12,0.59375,0.8320833333
Kalunga2016,ShallowConvNet,FM-None_A-Eucl_AdaBN-T,1,0.28125,0.5325520833
Kalunga2016,ShallowConvNet,FM-None_A-Eucl_AdaBN-T,3,0.828125,0.9329427083
Kalunga2016,ShallowConvNet,FM-None_A-Eucl_AdaBN-T,6,0.34375,0.6578776042
Kalunga2016,ShallowConvNet,FM-None_A-Eucl_AdaBN-T,9,0.28125,0.6184895833
Kalunga2016,ShallowConvNet,FM-None_A-Eucl_AdaBN-T,10,0.34375,0.603922526
Kalunga2016,ShallowConvNet,FM-None_A-Eucl_AdaBN-T,11,0.3125,0.5192057292
Kalunga2016,ShallowConvNet,FM-None_A-Eucl_AdaBN-T,2,0.46875,0.6497395833
Kalunga2016,ShallowConvNet,FM-None_A-Eucl_AdaBN-T,4,0.4375,0.7197265625
Kalunga2016,ShallowConvNet,FM-None_A-Eucl_AdaBN-T,5,0.34375,0.5970052083
Kalunga2016,ShallowConvNet,FM-None_A-Eucl_AdaBN-T,7,0.59375,0.8055555556
Kalunga2016,ShallowConvNet,FM-None_A-Eucl_AdaBN-T,8,0.34375,0.6695963542
Kalunga2016,ShallowConvNet,FM-None_A-Eucl_AdaBN-T,12,0.40625,0.6810416667
Kalunga2016,ShallowConvNet,FM-None_A-None_AdaBN-F,1,0.28125,0.5628255208
Kalunga2016,ShallowConvNet,FM-None_A-None_AdaBN-F,3,0.78125,0.9192708333
Kalunga2016,ShallowConvNet,FM-None_A-None_AdaBN-F,6,0.3125,0.6640625
Kalunga2016,ShallowConvNet,FM-None_A-None_AdaBN-F,9,0.34375,0.6637369792
Kalunga2016,ShallowConvNet,FM-None_A-None_AdaBN-F,10,0.2890625,0.5611979167
Kalunga2016,ShallowConvNet,FM-None_A-None_AdaBN-F,11,0.296875,0.5657552083
Kalunga2016,ShallowConvNet,FM-None_A-None_AdaBN-F,2,0.375,0.5784505208
Kalunga2016,ShallowConvNet,FM-None_A-None_AdaBN-F,4,0.609375,0.7965494792
Kalunga2016,ShallowConvNet,FM-None_A-None_AdaBN-F,5,0.359375,0.6106770833
Kalunga2016,ShallowConvNet,FM-None_A-None_AdaBN-F,7,0.5104166667,0.7453703704
Kalunga2016,ShallowConvNet,FM-None_A-None_AdaBN-F,8,0.359375,0.6806640625
Kalunga2016,ShallowConvNet,FM-None_A-None_AdaBN-F,12,0.425,0.6630729167
Kalunga2016,ShallowConvNet,NoPre_FM-Full_A-Eucl_AdaBN-T,1,0.25,0.4710286458
Kalunga2016,ShallowConvNet,NoPre_FM-Full_A-Eucl_AdaBN-T,3,0.21875,0.4765625
Kalunga2016,ShallowConvNet,NoPre_FM-Full_A-Eucl_AdaBN-T,6,0.28125,0.5677083333
Kalunga2016,ShallowConvNet,NoPre_FM-Full_A-Eucl_AdaBN-T,9,0.234375,0.4951171875
Kalunga2016,ShallowConvNet,NoPre_FM-Full_A-Eucl_AdaBN-T,10,0.3828125,0.6881510417
Kalunga2016,ShallowConvNet,NoPre_FM-Full_A-Eucl_AdaBN-T,11,0.28125,0.587890625
Kalunga2016,ShallowConvNet,NoPre_FM-Full_A-Eucl_AdaBN-T,2,0.359375,0.6155598958
Kalunga2016,ShallowConvNet,NoPre_FM-Full_A-Eucl_AdaBN-T,4,0.3125,0.6640625
Kalunga2016,ShallowConvNet,NoPre_FM-Full_A-Eucl_AdaBN-T,5,0.328125,0.5690104167
Kalunga2016,ShallowConvNet,NoPre_FM-Full_A-Eucl_AdaBN-T,7,0.3020833333,0.505931713
Kalunga2016,ShallowConvNet,NoPre_FM-Full_A-Eucl_AdaBN-T,8,0.28125,0.5380859375
Kalunga2016,ShallowConvNet,NoPre_FM-Full_A-Eucl_AdaBN-T,12,0.45625,0.73296875
Kalunga2016,ShallowConvNet,NoPre_FM-Full_A-None_AdaBN-F,1,0.203125,0.4573567708
Kalunga2016,ShallowConvNet,NoPre_FM-Full_A-None_AdaBN-F,3,0.296875,0.4869791667
Kalunga2016,ShallowConvNet,NoPre_FM-Full_A-None_AdaBN-F,6,0.28125,0.5690104167
Kalunga2016,ShallowConvNet,NoPre_FM-Full_A-None_AdaBN-F,9,0.28125,0.4729817708
Kalunga2016,ShallowConvNet,NoPre_FM-Full_A-None_AdaBN-F,10,0.359375,0.6146647135
Kalunga2016,ShallowConvNet,NoPre_FM-Full_A-None_AdaBN-F,11,0.265625,0.5143229167
Kalunga2016,ShallowConvNet,NoPre_FM-Full_A-None_AdaBN-F,2,0.375,0.5911458333
Kalunga2016,ShallowConvNet,NoPre_FM-Full_A-None_AdaBN-F,4,0.359375,0.5768229167
Kalunga2016,ShallowConvNet,NoPre_FM-Full_A-None_AdaBN-F,5,0.25,0.53125
Kalunga2016,ShallowConvNet,NoPre_FM-Full_A-None_AdaBN-F,7,0.2291666667,0.5532407407
Kalunga2016,ShallowConvNet,NoPre_FM-Full_A-None_AdaBN-F,8,0.28125,0.5289713542
Kalunga2016,ShallowConvNet,NoPre_FM-Full_A-None_AdaBN-F,12,0.41875,0.6459375
Lee2019_MI,ShallowConvNet,FM-Dec_A-Eucl_AdaBN-F,4,0.8,0.8576
Lee2019_MI,ShallowConvNet,FM-Dec_A-Eucl_AdaBN-F,5,0.865,0.94445
Lee2019_MI,ShallowConvNet,FM-Dec_A-Eucl_AdaBN-F,6,0.835,0.9153
Lee2019_MI,ShallowConvNet,FM-Dec_A-Eucl_AdaBN-F,7,0.69,0.8014
Lee2019_MI,ShallowConvNet,FM-Dec_A-Eucl_AdaBN-F,9,0.73,0.8
Lee2019_MI,ShallowConvNet,FM-Dec_A-Eucl_AdaBN-F,10,0.65,0.7141
Lee2019_MI,ShallowConvNet,FM-Dec_A-Eucl_AdaBN-F,13,0.65,0.7106
Lee2019_MI,ShallowConvNet,FM-Dec_A-Eucl_AdaBN-F,14,0.705,0.7816
Lee2019_MI,ShallowConvNet,FM-Dec_A-Eucl_AdaBN-F,16,0.755,0.83935
Lee2019_MI,ShallowConvNet,FM-Dec_A-Eucl_AdaBN-F,17,0.77,0.8528
Lee2019_MI,ShallowConvNet,FM-Dec_A-Eucl_AdaBN-F,18,0.82,0.9107
Lee2019_MI,ShallowConvNet,FM-Dec_A-Eucl_AdaBN-F,20,0.775,0.8856
Lee2019_MI,ShallowConvNet,FM-Dec_A-Eucl_AdaBN-F,25,0.745,0.8498
Lee2019_MI,ShallowConvNet,FM-Dec_A-Eucl_AdaBN-F,26,0.815,0.90075
Lee2019_MI,ShallowConvNet,FM-Dec_A-Eucl_AdaBN-F,27,0.795,0.8881
Lee2019_MI,ShallowConvNet,FM-Dec_A-Eucl_AdaBN-F,31,0.78,0.8639
Lee2019_MI,ShallowConvNet,FM-Dec_A-Eucl_AdaBN-F,33,0.92,0.9753
Lee2019_MI,ShallowConvNet,FM-Dec_A-Eucl_AdaBN-F,34,0.655,0.73835
Lee2019_MI,ShallowConvNet,FM-Dec_A-Eucl_AdaBN-F,35,0.815,0.9057
Lee2019_MI,ShallowConvNet,FM-Dec_A-Eucl_AdaBN-F,37,0.92,0.96695
Lee2019_MI,ShallowConvNet,FM-Dec_A-Eucl_AdaBN-F,38,0.78,0.8183
Lee2019_MI,ShallowConvNet,FM-Dec_A-Eucl_AdaBN-F,45,0.86,0.934
Lee2019_MI,ShallowConvNet,FM-Dec_A-Eucl_AdaBN-F,46,0.68,0.7757
Lee2019_MI,ShallowConvNet,FM-Dec_A-Eucl_AdaBN-F,49,0.755,0.8397
Lee2019_MI,ShallowConvNet,FM-Dec_A-Eucl_AdaBN-F,50,0.665,0.6861
Lee2019_MI,ShallowConvNet,FM-Dec_A-Eucl_AdaBN-F,51,0.685,0.7525
Lee2019_MI,ShallowConvNet,FM-Dec_A-Eucl_AdaBN-F,53,0.77,0.8478
Lee2019_MI,ShallowConvNet,FM-Dec_A-Eucl_AdaBN-F,1,0.73,0.7936
Lee2019_MI,ShallowConvNet,FM-Dec_A-Eucl_AdaBN-F,2,0.745,0.8262
Lee2019_MI,ShallowConvNet,FM-Dec_A-Eucl_AdaBN-F,3,0.875,0.9603
Lee2019_MI,ShallowConvNet,FM-Dec_A-Eucl_AdaBN-F,8,0.675,0.7227
Lee2019_MI,ShallowConvNet,FM-Dec_A-Eucl_AdaBN-F,11,0.665,0.71195
Lee2019_MI,ShallowConvNet,FM-Dec_A-Eucl_AdaBN-F,12,0.685,0.7744
Lee2019_MI,ShallowConvNet,FM-Dec_A-Eucl_AdaBN-F,15,0.755,0.8335
Lee2019_MI,ShallowConvNet,FM-Dec_A-Eucl_AdaBN-F,19,0.815,0.9139
Lee2019_MI,ShallowConvNet,FM-Dec_A-Eucl_AdaBN-F,21,0.93,0.9792
Lee2019_MI,ShallowConvNet,FM-Dec_A-Eucl_AdaBN-F,22,0.735,0.7965
Lee2019_MI,ShallowConvNet,FM-Dec_A-Eucl_AdaBN-F,23,0.71,0.8145
Lee2019_MI,ShallowConvNet,FM-Dec_A-Eucl_AdaBN-F,24,0.68,0.7657
Lee2019_MI,ShallowConvNet,FM-Dec_A-Eucl_AdaBN-F,28,0.885,0.9543
Lee2019_MI,ShallowConvNet,FM-Dec_A-Eucl_AdaBN-F,29,0.745,0.82
Lee2019_MI,ShallowConvNet,FM-Dec_A-Eucl_AdaBN-F,30,0.745,0.8126
Lee2019_MI,ShallowConvNet,FM-Dec_A-Eucl_AdaBN-F,32,0.855,0.9235
Lee2019_MI,ShallowConvNet,FM-Dec_A-Eucl_AdaBN-F,36,0.945,0.9955
Lee2019_MI,ShallowConvNet,FM-Dec_A-Eucl_AdaBN-F,39,0.79,0.8824
Lee2019_MI,ShallowConvNet,FM-Dec_A-Eucl_AdaBN-F,40,0.845,0.9071
Lee2019_MI,ShallowConvNet,FM-Dec_A-Eucl_AdaBN-F,41,0.81,0.8568
Lee2019_MI,ShallowConvNet,FM-Dec_A-Eucl_AdaBN-F,42,0.655,0.7337
Lee2019_MI,ShallowConvNet,FM-Dec_A-Eucl_AdaBN-F,43,0.79,0.89135
Lee2019_MI,ShallowConvNet,FM-Dec_A-Eucl_AdaBN-F,44,0.75,0.8145
Lee2019_MI,ShallowConvNet,FM-Dec_A-Eucl_AdaBN-F,47,0.77,0.8599
Lee2019_MI,ShallowConvNet,FM-Dec_A-Eucl_AdaBN-F,48,0.66,0.7095
Lee2019_MI,ShallowConvNet,FM-Dec_A-Eucl_AdaBN-F,52,0.72,0.8183
Lee2019_MI,ShallowConvNet,FM-Dec_A-Eucl_AdaBN-F,54,0.655,0.7134
Lee2019_MI,ShallowConvNet,FM-Dec_A-Eucl_AdaBN-T,4,0.785,0.8599
Lee2019_MI,ShallowConvNet,FM-Dec_A-Eucl_AdaBN-T,5,0.88,0.9425
Lee2019_MI,ShallowConvNet,FM-Dec_A-Eucl_AdaBN-T,6,0.825,0.9118
Lee2019_MI,ShallowConvNet,FM-Dec_A-Eucl_AdaBN-T,7,0.68,0.7882
Lee2019_MI,ShallowConvNet,FM-Dec_A-Eucl_AdaBN-T,9,0.75,0.8099
Lee2019_MI,ShallowConvNet,FM-Dec_A-Eucl_AdaBN-T,10,0.62,0.71025
Lee2019_MI,ShallowConvNet,FM-Dec_A-Eucl_AdaBN-T,13,0.64,0.7058
Lee2019_MI,ShallowConvNet,FM-Dec_A-Eucl_AdaBN-T,14,0.735,0.8044
Lee2019_MI,ShallowConvNet,FM-Dec_A-Eucl_AdaBN-T,16,0.775,0.839
Lee2019_MI,ShallowConvNet,FM-Dec_A-Eucl_AdaBN-T,17,0.77,0.85065
Lee2019_MI,ShallowConvNet,FM-Dec_A-Eucl_AdaBN-T,18,0.845,0.929
Lee2019_MI,ShallowConvNet,FM-Dec_A-Eucl_AdaBN-T,20,0.77,0.8755
Lee2019_MI,ShallowConvNet,FM-Dec_A-Eucl_AdaBN-T,25,0.745,0.8445
Lee2019_MI,ShallowConvNet,FM-Dec_A-Eucl_AdaBN-T,26,0.795,0.8914
Lee2019_MI,ShallowConvNet,FM-Dec_A-Eucl_AdaBN-T,27,0.785,0.8727
Lee2019_MI,ShallowConvNet,FM-Dec_A-Eucl_AdaBN-T,31,0.77,0.8568
Lee2019_MI,ShallowConvNet,FM-Dec_A-Eucl_AdaBN-T,33,0.9,0.975
Lee2019_MI,ShallowConvNet,FM-Dec_A-Eucl_AdaBN-T,34,0.705,0.74475
Lee2019_MI,ShallowConvNet,FM-Dec_A-Eucl_AdaBN-T,35,0.8,0.9072
Lee2019_MI,ShallowConvNet,FM-Dec_A-Eucl_AdaBN-T,37,0.925,0.9656
Lee2019_MI,ShallowConvNet,FM-Dec_A-Eucl_AdaBN-T,38,0.755,0.798
Lee2019_MI,ShallowConvNet,FM-Dec_A-Eucl_AdaBN-T,45,0.84,0.92255
Lee2019_MI,ShallowConvNet,FM-Dec_A-Eucl_AdaBN-T,46,0.675,0.7585
Lee2019_MI,ShallowConvNet,FM-Dec_A-Eucl_AdaBN-T,49,0.755,0.8322
Lee2019_MI,ShallowConvNet,FM-Dec_A-Eucl_AdaBN-T,50,0.645,0.6931
Lee2019_MI,ShallowConvNet,FM-Dec_A-Eucl_AdaBN-T,51,0.69,0.747
Lee2019_MI,ShallowConvNet,FM-Dec_A-Eucl_AdaBN-T,53,0.775,0.8227
Lee2019_MI,ShallowConvNet,FM-Dec_A-Eucl_AdaBN-T,1,0.725,0.7936
Lee2019_MI,ShallowConvNet,FM-Dec_A-Eucl_AdaBN-T,2,0.695,0.8146
Lee2019_MI,ShallowConvNet,FM-Dec_A-Eucl_AdaBN-T,3,0.855,0.9488
Lee2019_MI,ShallowConvNet,FM-Dec_A-Eucl_AdaBN-T,8,0.635,0.696
Lee2019_MI,ShallowConvNet,FM-Dec_A-Eucl_AdaBN-T,11,0.645,0.71135
Lee2019_MI,ShallowConvNet,FM-Dec_A-Eucl_AdaBN-T,12,0.685,0.7673
Lee2019_MI,ShallowConvNet,FM-Dec_A-Eucl_AdaBN-T,15,0.77,0.8368
Lee2019_MI,ShallowConvNet,FM-Dec_A-Eucl_AdaBN-T,19,0.805,0.9148
Lee2019_MI,ShallowConvNet,FM-Dec_A-Eucl_AdaBN-T,21,0.915,0.9758
Lee2019_MI,ShallowConvNet,FM-Dec_A-Eucl_AdaBN-T,22,0.685,0.7746
Lee2019_MI,ShallowConvNet,FM-Dec_A-Eucl_AdaBN-T,23,0.715,0.823
Lee2019_MI,ShallowConvNet,FM-Dec_A-Eucl_AdaBN-T,24,0.725,0.788
Lee2019_MI,ShallowConvNet,FM-Dec_A-Eucl_AdaBN-T,28,0.905,0.9556
Lee2019_MI,ShallowConvNet,FM-Dec_A-Eucl_AdaBN-T,29,0.725,0.793
Lee2019_MI,ShallowConvNet,FM-Dec_A-Eucl_AdaBN-T,30,0.76,0.8141
Lee2019_MI,ShallowConvNet,FM-Dec_A-Eucl_AdaBN-T,32,0.825,0.919
Lee2019_MI,ShallowConvNet,FM-Dec_A-Eucl_AdaBN-T,36,0.95,0.9938
Lee2019_MI,ShallowConvNet,FM-Dec_A-Eucl_AdaBN-T,39,0.79,0.8707
Lee2019_MI,ShallowConvNet,FM-Dec_A-Eucl_AdaBN-T,40,0.835,0.9177
Lee2019_MI,ShallowConvNet,FM-Dec_A-Eucl_AdaBN-T,41,0.8,0.87
Lee2019_MI,ShallowConvNet,FM-Dec_A-Eucl_AdaBN-T,42,0.67,0.7154
Lee2019_MI,ShallowConvNet,FM-Dec_A-Eucl_AdaBN-T,43,0.795,0.8816
Lee2019_MI,ShallowConvNet,FM-Dec_A-Eucl_AdaBN-T,44,0.73,0.8091
Lee2019_MI,ShallowConvNet,FM-Dec_A-Eucl_AdaBN-T,47,0.765,0.8311
Lee2019_MI,ShallowConvNet,FM-Dec_A-Eucl_AdaBN-T,48,0.675,0.7321
Lee2019_MI,ShallowConvNet,FM-Dec_A-Eucl_AdaBN-T,52,0.72,0.8255
Lee2019_MI,ShallowConvNet,FM-Dec_A-Eucl_AdaBN-T,54,0.645,0.7257
Lee2019_MI,ShallowConvNet,FM-Dec_A-None_AdaBN-F,4,0.66,0.7405
Lee2019_MI,ShallowConvNet,FM-Dec_A-None_AdaBN-F,5,0.84,0.9017
Lee2019_MI,ShallowConvNet,FM-Dec_A-None_AdaBN-F,6,0.85,0.9272
Lee2019_MI,ShallowConvNet,FM-Dec_A-None_AdaBN-F,7,0.675,0.739
Lee2019_MI,ShallowConvNet,FM-Dec_A-None_AdaBN-F,9,0.73,0.8226
Lee2019_MI,ShallowConvNet,FM-Dec_A-None_AdaBN-F,10,0.705,0.73855
Lee2019_MI,ShallowConvNet,FM-Dec_A-None_AdaBN-F,13,0.7,0.7704
Lee2019_MI,ShallowConvNet,FM-Dec_A-None_AdaBN-F,14,0.66,0.7191
Lee2019_MI,ShallowConvNet,FM-Dec_A-None_AdaBN-F,16,0.81,0.881
Lee2019_MI,ShallowConvNet,FM-Dec_A-None_AdaBN-F,17,0.66,0.7353
Lee2019_MI,ShallowConvNet,FM-Dec_A-None_AdaBN-F,18,0.87,0.9567
Lee2019_MI,ShallowConvNet,FM-Dec_A-None_AdaBN-F,20,0.745,0.8356
Lee2019_MI,ShallowConvNet,FM-Dec_A-None_AdaBN-F,25,0.825,0.9167
Lee2019_MI,ShallowConvNet,FM-Dec_A-None_AdaBN-F,26,0.84,0.9109
Lee2019_MI,ShallowConvNet,FM-Dec_A-None_AdaBN-F,27,0.77,0.8516
Lee2019_MI,ShallowConvNet,FM-Dec_A-None_AdaBN-F,31,0.815,0.8901
Lee2019_MI,ShallowConvNet,FM-Dec_A-None_AdaBN-F,33,0.93,0.9862
Lee2019_MI,ShallowConvNet,FM-Dec_A-None_AdaBN-F,34,0.55,0.605
Lee2019_MI,ShallowConvNet,FM-Dec_A-None_AdaBN-F,35,0.84,0.9091
Lee2019_MI,ShallowConvNet,FM-Dec_A-None_AdaBN-F,37,0.935,0.9825
Lee2019_MI,ShallowConvNet,FM-Dec_A-None_AdaBN-F,38,0.635,0.7059
Lee2019_MI,ShallowConvNet,FM-Dec_A-None_AdaBN-F,45,0.78,0.8903
Lee2019_MI,ShallowConvNet,FM-Dec_A-None_AdaBN-F,46,0.69,0.747
Lee2019_MI,ShallowConvNet,FM-Dec_A-None_AdaBN-F,49,0.82,0.8965
Lee2019_MI,ShallowConvNet,FM-Dec_A-None_AdaBN-F,50,0.585,0.61175
Lee2019_MI,ShallowConvNet,FM-Dec_A-None_AdaBN-F,51,0.66,0.7309
Lee2019_MI,ShallowConvNet,FM-Dec_A-None_AdaBN-F,53,0.71,0.7943
Lee2019_MI,ShallowConvNet,FM-Dec_A-None_AdaBN-F,1,0.75,0.8035
Lee2019_MI,ShallowConvNet,FM-Dec_A-None_AdaBN-F,2,0.815,0.9028
Lee2019_MI,ShallowConvNet,FM-Dec_A-None_AdaBN-F,3,0.78,0.861
Lee2019_MI,ShallowConvNet,FM-Dec_A-None_AdaBN-F,8,0.71,0.7849
Lee2019_MI,ShallowConvNet,FM-Dec_A-None_AdaBN-F,11,0.695,0.722
Lee2019_MI,ShallowConvNet,FM-Dec_A-None_AdaBN-F,12,0.765,0.8402
Lee2019_MI,ShallowConvNet,FM-Dec_A-None_AdaBN-F,15,0.78,0.8706
Lee2019_MI,ShallowConvNet,FM-Dec_A-None_AdaBN-F,19,0.78,0.8657
Lee2019_MI,ShallowConvNet,FM-Dec_A-None_AdaBN-F,21,0.965,0.9909
Lee2019_MI,ShallowConvNet,FM-Dec_A-None_AdaBN-F,22,0.685,0.74455
Lee2019_MI,ShallowConvNet,FM-Dec_A-None_AdaBN-F,23,0.815,0.8549
Lee2019_MI,ShallowConvNet,FM-Dec_A-None_AdaBN-F,24,0.635,0.6684
Lee2019_MI,ShallowConvNet,FM-Dec_A-None_AdaBN-F,28,0.91,0.9707
Lee2019_MI,ShallowConvNet,FM-Dec_A-None_AdaBN-F,29,0.82,0.9085
Lee2019_MI,ShallowConvNet,FM-Dec_A-None_AdaBN-F,30,0.715,0.787
Lee2019_MI,ShallowConvNet,FM-Dec_A-None_AdaBN-F,32,0.875,0.9464
Lee2019_MI,ShallowConvNet,FM-Dec_A-None_AdaBN-F,36,0.94,0.993
Lee2019_MI,ShallowConvNet,FM-Dec_A-None_AdaBN-F,39,0.815,0.86845
Lee2019_MI,ShallowConvNet,FM-Dec_A-None_AdaBN-F,40,0.75,0.8176
Lee2019_MI,ShallowConvNet,FM-Dec_A-None_AdaBN-F,41,0.695,0.7731
Lee2019_MI,ShallowConvNet,FM-Dec_A-None_AdaBN-F,42,0.705,0.78505
Lee2019_MI,ShallowConvNet,FM-Dec_A-None_AdaBN-F,43,0.805,0.9049
Lee2019_MI,ShallowConvNet,FM-Dec_A-None_AdaBN-F,44,0.765,0.8585
Lee2019_MI,ShallowConvNet,FM-Dec_A-None_AdaBN-F,47,0.815,0.8846
Lee2019_MI,ShallowConvNet,FM-Dec_A-None_AdaBN-F,48,0.675,0.7334
Lee2019_MI,ShallowConvNet,FM-Dec_A-None_AdaBN-F,52,0.82,0.8876
Lee2019_MI,ShallowConvNet,FM-Dec_A-None_AdaBN-F,54,0.715,0.8002
Lee2019_MI,ShallowConvNet,FM-Dec_A-Riem_AdaBN-T,4,0.745,0.8389
Lee2019_MI,ShallowConvNet,FM-Dec_A-Riem_AdaBN-T,5,0.89,0.9482
Lee2019_MI,ShallowConvNet,FM-Dec_A-Riem_AdaBN-T,6,0.8,0.8874
Lee2019_MI,ShallowConvNet,FM-Dec_A-Riem_AdaBN-T,7,0.77,0.8544
Lee2019_MI,ShallowConvNet,FM-Dec_A-Riem_AdaBN-T,9,0.74,0.8306
Lee2019_MI,ShallowConvNet,FM-Dec_A-Riem_AdaBN-T,10,0.73,0.79155
Lee2019_MI,ShallowConvNet,FM-Dec_A-Riem_AdaBN-T,13,0.645,0.6821
Lee2019_MI,ShallowConvNet,FM-Dec_A-Riem_AdaBN-T,14,0.68,0.79
Lee2019_MI,ShallowConvNet,FM-Dec_A-Riem_AdaBN-T,16,0.755,0.8542
Lee2019_MI,ShallowConvNet,FM-Dec_A-Riem_AdaBN-T,17,0.72,0.82265
Lee2019_MI,ShallowConvNet,FM-Dec_A-Riem_AdaBN-T,18,0.82,0.9192
Lee2019_MI,ShallowConvNet,FM-Dec_A-Riem_AdaBN-T,20,0.8,0.8998
Lee2019_MI,ShallowConvNet,FM-Dec_A-Riem_AdaBN-T,25,0.74,0.844
Lee2019_MI,ShallowConvNet,FM-Dec_A-Riem_AdaBN-T,26,0.76,0.8573
Lee2019_MI,ShallowConvNet,FM-Dec_A-Riem_AdaBN-T,27,0.795,0.866
Lee2019_MI,ShallowConvNet,FM-Dec_A-Riem_AdaBN-T,31,0.775,0.8527
Lee2019_MI,ShallowConvNet,FM-Dec_A-Riem_AdaBN-T,33,0.945,0.9835
Lee2019_MI,ShallowConvNet,FM-Dec_A-Riem_AdaBN-T,34,0.63,0.6946
Lee2019_MI,ShallowConvNet,FM-Dec_A-Riem_AdaBN-T,35,0.845,0.913
Lee2019_MI,ShallowConvNet,FM-Dec_A-Riem_AdaBN-T,37,0.86,0.94105
Lee2019_MI,ShallowConvNet,FM-Dec_A-Riem_AdaBN-T,38,0.695,0.79575
Lee2019_MI,ShallowConvNet,FM-Dec_A-Riem_AdaBN-T,45,0.85,0.9237
Lee2019_MI,ShallowConvNet,FM-Dec_A-Riem_AdaBN-T,46,0.635,0.7145
Lee2019_MI,ShallowConvNet,FM-Dec_A-Riem_AdaBN-T,49,0.785,0.8668
Lee2019_MI,ShallowConvNet,FM-Dec_A-Riem_AdaBN-T,50,0.63,0.664
Lee2019_MI,ShallowConvNet,FM-Dec_A-Riem_AdaBN-T,51,0.645,0.7275
Lee2019_MI,ShallowConvNet,FM-Dec_A-Riem_AdaBN-T,53,0.75,0.8421
Lee2019_MI,ShallowConvNet,FM-Dec_A-Riem_AdaBN-T,1,0.69,0.75805
Lee2019_MI,ShallowConvNet,FM-Dec_A-Riem_AdaBN-T,2,0.71,0.7953
Lee2019_MI,ShallowConvNet,FM-Dec_A-Riem_AdaBN-T,3,0.87,0.9385
Lee2019_MI,ShallowConvNet,FM-Dec_A-Riem_AdaBN-T,8,0.605,0.661
Lee2019_MI,ShallowConvNet,FM-Dec_A-Riem_AdaBN-T,11,0.67,0.7279
Lee2019_MI,ShallowConvNet,FM-Dec_A-Riem_AdaBN-T,12,0.73,0.8232
Lee2019_MI,ShallowConvNet,FM-Dec_A-Riem_AdaBN-T,15,0.72,0.8255
Lee2019_MI,ShallowConvNet,FM-Dec_A-Riem_AdaBN-T,19,0.735,0.84135
Lee2019_MI,ShallowConvNet,FM-Dec_A-Riem_AdaBN-T,21,0.87,0.9639
Lee2019_MI,ShallowConvNet,FM-Dec_A-Riem_AdaBN-T,22,0.705,0.7685
Lee2019_MI,ShallowConvNet,FM-Dec_A-Riem_AdaBN-T,23,0.65,0.7311
Lee2019_MI,ShallowConvNet,FM-Dec_A-Riem_AdaBN-T,24,0.695,0.7934
Lee2019_MI,ShallowConvNet,FM-Dec_A-Riem_AdaBN-T,28,0.85,0.9228
Lee2019_MI,ShallowConvNet,FM-Dec_A-Riem_AdaBN-T,29,0.73,0.7729
Lee2019_MI,ShallowConvNet,FM-Dec_A-Riem_AdaBN-T,30,0.73,0.8062
Lee2019_MI,ShallowConvNet,FM-Dec_A-Riem_AdaBN-T,32,0.79,0.8639
Lee2019_MI,ShallowConvNet,FM-Dec_A-Riem_AdaBN-T,36,0.925,0.9828
Lee2019_MI,ShallowConvNet,FM-Dec_A-Riem_AdaBN-T,39,0.695,0.7826
Lee2019_MI,ShallowConvNet,FM-Dec_A-Riem_AdaBN-T,40,0.725,0.8029
Lee2019_MI,ShallowConvNet,FM-Dec_A-Riem_AdaBN-T,41,0.755,0.8483
Lee2019_MI,ShallowConvNet,FM-Dec_A-Riem_AdaBN-T,42,0.67,0.7013
Lee2019_MI,ShallowConvNet,FM-Dec_A-Riem_AdaBN-T,43,0.815,0.9066
Lee2019_MI,ShallowConvNet,FM-Dec_A-Riem_AdaBN-T,44,0.69,0.7623
Lee2019_MI,ShallowConvNet,FM-Dec_A-Riem_AdaBN-T,47,0.755,0.8263
Lee2019_MI,ShallowConvNet,FM-Dec_A-Riem_AdaBN-T,48,0.655,0.7032
Lee2019_MI,ShallowConvNet,FM-Dec_A-Riem_AdaBN-T,52,0.7,0.777
Lee2019_MI,ShallowConvNet,FM-Dec_A-Riem_AdaBN-T,54,0.655,0.7067
Lee2019_MI,ShallowConvNet,FM-Full_A-Eucl_AdaBN-F,4,0.79,0.8682
Lee2019_MI,ShallowConvNet,FM-Full_A-Eucl_AdaBN-F,5,0.88,0.958
Lee2019_MI,ShallowConvNet,FM-Full_A-Eucl_AdaBN-F,6,0.825,0.9287
Lee2019_MI,ShallowConvNet,FM-Full_A-Eucl_AdaBN-F,7,0.74,0.84185
Lee2019_MI,ShallowConvNet,FM-Full_A-Eucl_AdaBN-F,9,0.725,0.82195
Lee2019_MI,ShallowConvNet,FM-Full_A-Eucl_AdaBN-F,10,0.67,0.76375
Lee2019_MI,ShallowConvNet,FM-Full_A-Eucl_AdaBN-F,13,0.69,0.745
Lee2019_MI,ShallowConvNet,FM-Full_A-Eucl_AdaBN-F,14,0.72,0.7975
Lee2019_MI,ShallowConvNet,FM-Full_A-Eucl_AdaBN-F,16,0.815,0.87195
Lee2019_MI,ShallowConvNet,FM-Full_A-Eucl_AdaBN-F,17,0.765,0.8647
Lee2019_MI,ShallowConvNet,FM-Full_A-Eucl_AdaBN-F,18,0.845,0.9388
Lee2019_MI,ShallowConvNet,FM-Full_A-Eucl_AdaBN-F,20,0.785,0.8941
Lee2019_MI,ShallowConvNet,FM-Full_A-Eucl_AdaBN-F,25,0.795,0.8874
Lee2019_MI,ShallowConvNet,FM-Full_A-Eucl_AdaBN-F,26,0.82,0.8975
Lee2019_MI,ShallowConvNet,FM-Full_A-Eucl_AdaBN-F,27,0.815,0.9007
Lee2019_MI,ShallowConvNet,FM-Full_A-Eucl_AdaBN-F,31,0.805,0.86865
Lee2019_MI,ShallowConvNet,FM-Full_A-Eucl_AdaBN-F,33,0.91,0.9751
Lee2019_MI,ShallowConvNet,FM-Full_A-Eucl_AdaBN-F,34,0.715,0.7412
Lee2019_MI,ShallowConvNet,FM-Full_A-Eucl_AdaBN-F,35,0.82,0.9281
Lee2019_MI,ShallowConvNet,FM-Full_A-Eucl_AdaBN-F,37,0.91,0.9641
Lee2019_MI,ShallowConvNet,FM-Full_A-Eucl_AdaBN-F,38,0.74,0.79755
Lee2019_MI,ShallowConvNet,FM-Full_A-Eucl_AdaBN-F,45,0.875,0.9469
Lee2019_MI,ShallowConvNet,FM-Full_A-Eucl_AdaBN-F,46,0.72,0.7992
Lee2019_MI,ShallowConvNet,FM-Full_A-Eucl_AdaBN-F,49,0.775,0.8515
Lee2019_MI,ShallowConvNet,FM-Full_A-Eucl_AdaBN-F,50,0.645,0.67275
Lee2019_MI,ShallowConvNet,FM-Full_A-Eucl_AdaBN-F,51,0.715,0.76325
Lee2019_MI,ShallowConvNet,FM-Full_A-Eucl_AdaBN-F,53,0.81,0.8753
Lee2019_MI,ShallowConvNet,FM-Full_A-Eucl_AdaBN-F,1,0.74,0.8159
Lee2019_MI,ShallowConvNet,FM-Full_A-Eucl_AdaBN-F,2,0.815,0.8794
Lee2019_MI,ShallowConvNet,FM-Full_A-Eucl_AdaBN-F,3,0.88,0.958
Lee2019_MI,ShallowConvNet,FM-Full_A-Eucl_AdaBN-F,8,0.675,0.75705
Lee2019_MI,ShallowConvNet,FM-Full_A-Eucl_AdaBN-F,11,0.69,0.7265
Lee2019_MI,ShallowConvNet,FM-Full_A-Eucl_AdaBN-F,12,0.715,0.8076
Lee2019_MI,ShallowConvNet,FM-Full_A-Eucl_AdaBN-F,15,0.82,0.8822
Lee2019_MI,ShallowConvNet,FM-Full_A-Eucl_AdaBN-F,19,0.83,0.9285
Lee2019_MI,ShallowConvNet,FM-Full_A-Eucl_AdaBN-F,21,0.93,0.9811
Lee2019_MI,ShallowConvNet,FM-Full_A-Eucl_AdaBN-F,22,0.75,0.8077
Lee2019_MI,ShallowConvNet,FM-Full_A-Eucl_AdaBN-F,23,0.74,0.8287
Lee2019_MI,ShallowConvNet,FM-Full_A-Eucl_AdaBN-F,24,0.715,0.7906
Lee2019_MI,ShallowConvNet,FM-Full_A-Eucl_AdaBN-F,28,0.92,0.9583
Lee2019_MI,ShallowConvNet,FM-Full_A-Eucl_AdaBN-F,29,0.82,0.8981
Lee2019_MI,ShallowConvNet,FM-Full_A-Eucl_AdaBN-F,30,0.74,0.8121
Lee2019_MI,ShallowConvNet,FM-Full_A-Eucl_AdaBN-F,32,0.87,0.9514
Lee2019_MI,ShallowConvNet,FM-Full_A-Eucl_AdaBN-F,36,0.96,0.9971
Lee2019_MI,ShallowConvNet,FM-Full_A-Eucl_AdaBN-F,39,0.835,0.9001
Lee2019_MI,ShallowConvNet,FM-Full_A-Eucl_AdaBN-F,40,0.83,0.9221
Lee2019_MI,ShallowConvNet,FM-Full_A-Eucl_AdaBN-F,41,0.805,0.8694
Lee2019_MI,ShallowConvNet,FM-Full_A-Eucl_AdaBN-F,42,0.69,0.7407
Lee2019_MI,ShallowConvNet,FM-Full_A-Eucl_AdaBN-F,43,0.825,0.9164
Lee2019_MI,ShallowConvNet,FM-Full_A-Eucl_AdaBN-F,44,0.78,0.8492
Lee2019_MI,ShallowConvNet,FM-Full_A-Eucl_AdaBN-F,47,0.78,0.86355
Lee2019_MI,ShallowConvNet,FM-Full_A-Eucl_AdaBN-F,48,0.665,0.7264
Lee2019_MI,ShallowConvNet,FM-Full_A-Eucl_AdaBN-F,52,0.745,0.8397
Lee2019_MI,ShallowConvNet,FM-Full_A-Eucl_AdaBN-F,54,0.665,0.74105
Lee2019_MI,ShallowConvNet,FM-Full_A-Eucl_AdaBN-T,4,0.825,0.8716
Lee2019_MI,ShallowConvNet,FM-Full_A-Eucl_AdaBN-T,5,0.885,0.9586
Lee2019_MI,ShallowConvNet,FM-Full_A-Eucl_AdaBN-T,6,0.84,0.9328
Lee2019_MI,ShallowConvNet,FM-Full_A-Eucl_AdaBN-T,7,0.71,0.82055
Lee2019_MI,ShallowConvNet,FM-Full_A-Eucl_AdaBN-T,9,0.73,0.8234
Lee2019_MI,ShallowConvNet,FM-Full_A-Eucl_AdaBN-T,10,0.725,0.76485
Lee2019_MI,ShallowConvNet,FM-Full_A-Eucl_AdaBN-T,13,0.715,0.7503
Lee2019_MI,ShallowConvNet,FM-Full_A-Eucl_AdaBN-T,14,0.725,0.8049
Lee2019_MI,ShallowConvNet,FM-Full_A-Eucl_AdaBN-T,16,0.805,0.88965
Lee2019_MI,ShallowConvNet,FM-Full_A-Eucl_AdaBN-T,17,0.79,0.86115
Lee2019_MI,ShallowConvNet,FM-Full_A-Eucl_AdaBN-T,18,0.87,0.9434
Lee2019_MI,ShallowConvNet,FM-Full_A-Eucl_AdaBN-T,20,0.79,0.8877
Lee2019_MI,ShallowConvNet,FM-Full_A-Eucl_AdaBN-T,25,0.78,0.8888
Lee2019_MI,ShallowConvNet,FM-Full_A-Eucl_AdaBN-T,26,0.825,0.90305
Lee2019_MI,ShallowConvNet,FM-Full_A-Eucl_AdaBN-T,27,0.8,0.8834
Lee2019_MI,ShallowConvNet,FM-Full_A-Eucl_AdaBN-T,31,0.78,0.85855
Lee2019_MI,ShallowConvNet,FM-Full_A-Eucl_AdaBN-T,33,0.92,0.9788
Lee2019_MI,ShallowConvNet,FM-Full_A-Eucl_AdaBN-T,34,0.715,0.7422
Lee2019_MI,ShallowConvNet,FM-Full_A-Eucl_AdaBN-T,35,0.84,0.939
Lee2019_MI,ShallowConvNet,FM-Full_A-Eucl_AdaBN-T,37,0.905,0.96895
Lee2019_MI,ShallowConvNet,FM-Full_A-Eucl_AdaBN-T,38,0.73,0.7944
Lee2019_MI,ShallowConvNet,FM-Full_A-Eucl_AdaBN-T,45,0.84,0.9366
Lee2019_MI,ShallowConvNet,FM-Full_A-Eucl_AdaBN-T,46,0.715,0.8081
Lee2019_MI,ShallowConvNet,FM-Full_A-Eucl_AdaBN-T,49,0.78,0.8588
Lee2019_MI,ShallowConvNet,FM-Full_A-Eucl_AdaBN-T,50,0.635,0.6703
Lee2019_MI,ShallowConvNet,FM-Full_A-Eucl_AdaBN-T,51,0.72,0.7786
Lee2019_MI,ShallowConvNet,FM-Full_A-Eucl_AdaBN-T,53,0.775,0.8608
Lee2019_MI,ShallowConvNet,FM-Full_A-Eucl_AdaBN-T,1,0.77,0.8142
Lee2019_MI,ShallowConvNet,FM-Full_A-Eucl_AdaBN-T,2,0.77,0.8629
Lee2019_MI,ShallowConvNet,FM-Full_A-Eucl_AdaBN-T,3,0.85,0.9514
Lee2019_MI,ShallowConvNet,FM-Full_A-Eucl_AdaBN-T,8,0.69,0.7177
Lee2019_MI,ShallowConvNet,FM-Full_A-Eucl_AdaBN-T,11,0.66,0.73265
Lee2019_MI,ShallowConvNet,FM-Full_A-Eucl_AdaBN-T,12,0.69,0.7926
Lee2019_MI,ShallowConvNet,FM-Full_A-Eucl_AdaBN-T,15,0.78,0.869
Lee2019_MI,ShallowConvNet,FM-Full_A-Eucl_AdaBN-T,19,0.835,0.92885
Lee2019_MI,ShallowConvNet,FM-Full_A-Eucl_AdaBN-T,21,0.915,0.9814
Lee2019_MI,ShallowConvNet,FM-Full_A-Eucl_AdaBN-T,22,0.69,0.7679
Lee2019_MI,ShallowConvNet,FM-Full_A-Eucl_AdaBN-T,23,0.765,0.8356
Lee2019_MI,ShallowConvNet,FM-Full_A-Eucl_AdaBN-T,24,0.74,0.793
Lee2019_MI,ShallowConvNet,FM-Full_A-Eucl_AdaBN-T,28,0.89,0.9561
Lee2019_MI,ShallowConvNet,FM-Full_A-Eucl_AdaBN-T,29,0.8,0.8855
Lee2019_MI,ShallowConvNet,FM-Full_A-Eucl_AdaBN-T,30,0.735,0.8082
Lee2019_MI,ShallowConvNet,FM-Full_A-Eucl_AdaBN-T,32,0.86,0.9528
Lee2019_MI,ShallowConvNet,FM-Full_A-Eucl_AdaBN-T,36,0.96,0.9946
Lee2019_MI,ShallowConvNet,FM-Full_A-Eucl_AdaBN-T,39,0.825,0.8992
Lee2019_MI,ShallowConvNet,FM-Full_A-Eucl_AdaBN-T,40,0.82,0.9174
Lee2019_MI,ShallowConvNet,FM-Full_A-Eucl_AdaBN-T,41,0.785,0.8725
Lee2019_MI,ShallowConvNet,FM-Full_A-Eucl_AdaBN-T,42,0.675,0.7534
Lee2019_MI,ShallowConvNet,FM-Full_A-Eucl_AdaBN-T,43,0.845,0.9153
Lee2019_MI,ShallowConvNet,FM-Full_A-Eucl_AdaBN-T,44,0.755,0.8456
Lee2019_MI,ShallowConvNet,FM-Full_A-Eucl_AdaBN-T,47,0.765,0.8538
Lee2019_MI,ShallowConvNet,FM-Full_A-Eucl_AdaBN-T,48,0.7,0.7392
Lee2019_MI,ShallowConvNet,FM-Full_A-Eucl_AdaBN-T,52,0.785,0.8617
Lee2019_MI,ShallowConvNet,FM-Full_A-Eucl_AdaBN-T,54,0.675,0.7399
Lee2019_MI,ShallowConvNet,FM-Full_A-None_AdaBN-F,4,0.685,0.7629
Lee2019_MI,ShallowConvNet,FM-Full_A-None_AdaBN-F,5,0.835,0.9199
Lee2019_MI,ShallowConvNet,FM-Full_A-None_AdaBN-F,6,0.865,0.9288
Lee2019_MI,ShallowConvNet,FM-Full_A-None_AdaBN-F,7,0.71,0.77905
Lee2019_MI,ShallowConvNet,FM-Full_A-None_AdaBN-F,9,0.755,0.8256
Lee2019_MI,ShallowConvNet,FM-Full_A-None_AdaBN-F,10,0.695,0.73175
Lee2019_MI,ShallowConvNet,FM-Full_A-None_AdaBN-F,13,0.685,0.77235
Lee2019_MI,ShallowConvNet,FM-Full_A-None_AdaBN-F,14,0.695,0.7583
Lee2019_MI,ShallowConvNet,FM-Full_A-None_AdaBN-F,16,0.83,0.91405
Lee2019_MI,ShallowConvNet,FM-Full_A-None_AdaBN-F,17,0.69,0.7347
Lee2019_MI,ShallowConvNet,FM-Full_A-None_AdaBN-F,18,0.865,0.9599
Lee2019_MI,ShallowConvNet,FM-Full_A-None_AdaBN-F,20,0.76,0.8571
Lee2019_MI,ShallowConvNet,FM-Full_A-None_AdaBN-F,25,0.85,0.9374
Lee2019_MI,ShallowConvNet,FM-Full_A-None_AdaBN-F,26,0.785,0.8938
Lee2019_MI,ShallowConvNet,FM-Full_A-None_AdaBN-F,27,0.745,0.8431
Lee2019_MI,ShallowConvNet,FM-Full_A-None_AdaBN-F,31,0.775,0.871
Lee2019_MI,ShallowConvNet,FM-Full_A-None_AdaBN-F,33,0.925,0.9794
Lee2019_MI,ShallowConvNet,FM-Full_A-None_AdaBN-F,34,0.645,0.6913
Lee2019_MI,ShallowConvNet,FM-Full_A-None_AdaBN-F,35,0.89,0.9696
Lee2019_MI,ShallowConvNet,FM-Full_A-None_AdaBN-F,37,0.93,0.9848
Lee2019_MI,ShallowConvNet,FM-Full_A-None_AdaBN-F,38,0.605,0.6949
Lee2019_MI,ShallowConvNet,FM-Full_A-None_AdaBN-F,45,0.81,0.88185
Lee2019_MI,ShallowConvNet,FM-Full_A-None_AdaBN-F,46,0.65,0.7187
Lee2019_MI,ShallowConvNet,FM-Full_A-None_AdaBN-F,49,0.815,0.9108
Lee2019_MI,ShallowConvNet,FM-Full_A-None_AdaBN-F,50,0.63,0.67545
Lee2019_MI,ShallowConvNet,FM-Full_A-None_AdaBN-F,51,0.675,0.737
Lee2019_MI,ShallowConvNet,FM-Full_A-None_AdaBN-F,53,0.735,0.7997
Lee2019_MI,ShallowConvNet,FM-Full_A-None_AdaBN-F,1,0.695,0.75785
Lee2019_MI,ShallowConvNet,FM-Full_A-None_AdaBN-F,2,0.8,0.8865
Lee2019_MI,ShallowConvNet,FM-Full_A-None_AdaBN-F,3,0.835,0.9249
Lee2019_MI,ShallowConvNet,FM-Full_A-None_AdaBN-F,8,0.735,0.80065
Lee2019_MI,ShallowConvNet,FM-Full_A-None_AdaBN-F,11,0.66,0.6997
Lee2019_MI,ShallowConvNet,FM-Full_A-None_AdaBN-F,12,0.74,0.8285
Lee2019_MI,ShallowConvNet,FM-Full_A-None_AdaBN-F,15,0.825,0.895
Lee2019_MI,ShallowConvNet,FM-Full_A-None_AdaBN-F,19,0.82,0.9105
Lee2019_MI,ShallowConvNet,FM-Full_A-None_AdaBN-F,21,0.955,0.9905
Lee2019_MI,ShallowConvNet,FM-Full_A-None_AdaBN-F,22,0.645,0.69885
Lee2019_MI,ShallowConvNet,FM-Full_A-None_AdaBN-F,23,0.715,0.8343
Lee2019_MI,ShallowConvNet,FM-Full_A-None_AdaBN-F,24,0.66,0.7069
Lee2019_MI,ShallowConvNet,FM-Full_A-None_AdaBN-F,28,0.9,0.9665
Lee2019_MI,ShallowConvNet,FM-Full_A-None_AdaBN-F,29,0.89,0.9396
Lee2019_MI,ShallowConvNet,FM-Full_A-None_AdaBN-F,30,0.705,0.7896
Lee2019_MI,ShallowConvNet,FM-Full_A-None_AdaBN-F,32,0.85,0.949
Lee2019_MI,ShallowConvNet,FM-Full_A-None_AdaBN-F,36,0.96,0.9951
Lee2019_MI,ShallowConvNet,FM-Full_A-None_AdaBN-F,39,0.775,0.87375
Lee2019_MI,ShallowConvNet,FM-Full_A-None_AdaBN-F,40,0.735,0.8328
Lee2019_MI,ShallowConvNet,FM-Full_A-None_AdaBN-F,41,0.725,0.7701
Lee2019_MI,ShallowConvNet,FM-Full_A-None_AdaBN-F,42,0.72,0.7812
Lee2019_MI,ShallowConvNet,FM-Full_A-None_AdaBN-F,43,0.81,0.9273
Lee2019_MI,ShallowConvNet,FM-Full_A-None_AdaBN-F,44,0.8,0.8858
Lee2019_MI,ShallowConvNet,FM-Full_A-None_AdaBN-F,47,0.84,0.9312
Lee2019_MI,ShallowConvNet,FM-Full_A-None_AdaBN-F,48,0.7,0.7547
Lee2019_MI,ShallowConvNet,FM-Full_A-None_AdaBN-F,52,0.825,0.8896
Lee2019_MI,ShallowConvNet,FM-Full_A-None_AdaBN-F,54,0.74,0.8257
Lee2019_MI,ShallowConvNet,FM-Full_A-Riem_AdaBN-F,4,0.77,0.8464
Lee2019_MI,ShallowConvNet,FM-Full_A-Riem_AdaBN-F,5,0.88,0.9591
Lee2019_MI,ShallowConvNet,FM-Full_A-Riem_AdaBN-F,6,0.84,0.9026
Lee2019_MI,ShallowConvNet,FM-Full_A-Riem_AdaBN-F,7,0.78,0.8629
Lee2019_MI,ShallowConvNet,FM-Full_A-Riem_AdaBN-F,9,0.775,0.8461
Lee2019_MI,ShallowConvNet,FM-Full_A-Riem_AdaBN-F,10,0.75,0.8356
Lee2019_MI,ShallowConvNet,FM-Full_A-Riem_AdaBN-F,13,0.665,0.7282
Lee2019_MI,ShallowConvNet,FM-Full_A-Riem_AdaBN-F,14,0.75,0.8255
Lee2019_MI,ShallowConvNet,FM-Full_A-Riem_AdaBN-F,16,0.82,0.8799
Lee2019_MI,ShallowConvNet,FM-Full_A-Riem_AdaBN-F,17,0.75,0.85055
Lee2019_MI,ShallowConvNet,FM-Full_A-Riem_AdaBN-F,18,0.835,0.9213
Lee2019_MI,ShallowConvNet,FM-Full_A-Riem_AdaBN-F,20,0.855,0.9179
Lee2019_MI,ShallowConvNet,FM-Full_A-Riem_AdaBN-F,25,0.78,0.8618
Lee2019_MI,ShallowConvNet,FM-Full_A-Riem_AdaBN-F,26,0.8,0.8759
Lee2019_MI,ShallowConvNet,FM-Full_A-Riem_AdaBN-F,27,0.815,0.8811
Lee2019_MI,ShallowConvNet,FM-Full_A-Riem_AdaBN-F,31,0.76,0.8605
Lee2019_MI,ShallowConvNet,FM-Full_A-Riem_AdaBN-F,33,0.925,0.9766
Lee2019_MI,ShallowConvNet,FM-Full_A-Riem_AdaBN-F,34,0.61,0.6899
Lee2019_MI,ShallowConvNet,FM-Full_A-Riem_AdaBN-F,35,0.875,0.9401
Lee2019_MI,ShallowConvNet,FM-Full_A-Riem_AdaBN-F,37,0.895,0.957
Lee2019_MI,ShallowConvNet,FM-Full_A-Riem_AdaBN-F,38,0.715,0.8062
Lee2019_MI,ShallowConvNet,FM-Full_A-Riem_AdaBN-F,45,0.87,0.9422
Lee2019_MI,ShallowConvNet,FM-Full_A-Riem_AdaBN-F,46,0.65,0.73015
Lee2019_MI,ShallowConvNet,FM-Full_A-Riem_AdaBN-F,49,0.775,0.8765
Lee2019_MI,ShallowConvNet,FM-Full_A-Riem_AdaBN-F,50,0.635,0.6721
Lee2019_MI,ShallowConvNet,FM-Full_A-Riem_AdaBN-F,51,0.635,0.7225
Lee2019_MI,ShallowConvNet,FM-Full_A-Riem_AdaBN-F,53,0.775,0.8515
Lee2019_MI,ShallowConvNet,FM-Full_A-Riem_AdaBN-F,1,0.715,0.787
Lee2019_MI,ShallowConvNet,FM-Full_A-Riem_AdaBN-F,2,0.725,0.801
Lee2019_MI,ShallowConvNet,FM-Full_A-Riem_AdaBN-F,3,0.9,0.9569
Lee2019_MI,ShallowConvNet,FM-Full_A-Riem_AdaBN-F,8,0.64,0.69175
Lee2019_MI,ShallowConvNet,FM-Full_A-Riem_AdaBN-F,11,0.705,0.7531
Lee2019_MI,ShallowConvNet,FM-Full_A-Riem_AdaBN-F,12,0.74,0.8264
Lee2019_MI,ShallowConvNet,FM-Full_A-Riem_AdaBN-F,15,0.805,0.8829
Lee2019_MI,ShallowConvNet,FM-Full_A-Riem_AdaBN-F,19,0.795,0.8746
Lee2019_MI,ShallowConvNet,FM-Full_A-Riem_AdaBN-F,21,0.925,0.9772
Lee2019_MI,ShallowConvNet,FM-Full_A-Riem_AdaBN-F,22,0.695,0.7588
Lee2019_MI,ShallowConvNet,FM-Full_A-Riem_AdaBN-F,23,0.705,0.7694
Lee2019_MI,ShallowConvNet,FM-Full_A-Riem_AdaBN-F,24,0.76,0.8349
Lee2019_MI,ShallowConvNet,FM-Full_A-Riem_AdaBN-F,28,0.86,0.9369
Lee2019_MI,ShallowConvNet,FM-Full_A-Riem_AdaBN-F,29,0.815,0.8837
Lee2019_MI,ShallowConvNet,FM-Full_A-Riem_AdaBN-F,30,0.74,0.8168
Lee2019_MI,ShallowConvNet,FM-Full_A-Riem_AdaBN-F,32,0.795,0.8941
Lee2019_MI,ShallowConvNet,FM-Full_A-Riem_AdaBN-F,36,0.945,0.9849
Lee2019_MI,ShallowConvNet,FM-Full_A-Riem_AdaBN-F,39,0.735,0.8254
Lee2019_MI,ShallowConvNet,FM-Full_A-Riem_AdaBN-F,40,0.75,0.8459
Lee2019_MI,ShallowConvNet,FM-Full_A-Riem_AdaBN-F,41,0.775,0.8662
Lee2019_MI,ShallowConvNet,FM-Full_A-Riem_AdaBN-F,42,0.63,0.689
Lee2019_MI,ShallowConvNet,FM-Full_A-Riem_AdaBN-F,43,0.815,0.9211
Lee2019_MI,ShallowConvNet,FM-Full_A-Riem_AdaBN-F,44,0.73,0.7976
Lee2019_MI,ShallowConvNet,FM-Full_A-Riem_AdaBN-F,47,0.765,0.8361
Lee2019_MI,ShallowConvNet,FM-Full_A-Riem_AdaBN-F,48,0.69,0.7399
Lee2019_MI,ShallowConvNet,FM-Full_A-Riem_AdaBN-F,52,0.735,0.7983
Lee2019_MI,ShallowConvNet,FM-Full_A-Riem_AdaBN-F,54,0.7,0.7612
Lee2019_MI,ShallowConvNet,FM-Full_A-Riem_AdaBN-T,4,0.77,0.8517
Lee2019_MI,ShallowConvNet,FM-Full_A-Riem_AdaBN-T,5,0.91,0.9589
Lee2019_MI,ShallowConvNet,FM-Full_A-Riem_AdaBN-T,6,0.835,0.8975
Lee2019_MI,ShallowConvNet,FM-Full_A-Riem_AdaBN-T,7,0.79,0.8666
Lee2019_MI,ShallowConvNet,FM-Full_A-Riem_AdaBN-T,9,0.79,0.8577
Lee2019_MI,ShallowConvNet,FM-Full_A-Riem_AdaBN-T,10,0.715,0.8063
Lee2019_MI,ShallowConvNet,FM-Full_A-Riem_AdaBN-T,13,0.68,0.7413
Lee2019_MI,ShallowConvNet,FM-Full_A-Riem_AdaBN-T,14,0.735,0.8158
Lee2019_MI,ShallowConvNet,FM-Full_A-Riem_AdaBN-T,16,0.82,0.9001
Lee2019_MI,ShallowConvNet,FM-Full_A-Riem_AdaBN-T,17,0.755,0.8572
Lee2019_MI,ShallowConvNet,FM-Full_A-Riem_AdaBN-T,18,0.875,0.9378
Lee2019_MI,ShallowConvNet,FM-Full_A-Riem_AdaBN-T,20,0.82,0.9052
Lee2019_MI,ShallowConvNet,FM-Full_A-Riem_AdaBN-T,25,0.795,0.8623
Lee2019_MI,ShallowConvNet,FM-Full_A-Riem_AdaBN-T,26,0.81,0.8899
Lee2019_MI,ShallowConvNet,FM-Full_A-Riem_AdaBN-T,27,0.785,0.8796
Lee2019_MI,ShallowConvNet,FM-Full_A-Riem_AdaBN-T,31,0.765,0.8665
Lee2019_MI,ShallowConvNet,FM-Full_A-Riem_AdaBN-T,33,0.965,0.9858
Lee2019_MI,ShallowConvNet,FM-Full_A-Riem_AdaBN-T,34,0.62,0.7169
Lee2019_MI,ShallowConvNet,FM-Full_A-Riem_AdaBN-T,35,0.87,0.9367
Lee2019_MI,ShallowConvNet,FM-Full_A-Riem_AdaBN-T,37,0.855,0.9559
Lee2019_MI,ShallowConvNet,FM-Full_A-Riem_AdaBN-T,38,0.755,0.8129
Lee2019_MI,ShallowConvNet,FM-Full_A-Riem_AdaBN-T,45,0.84,0.9358
Lee2019_MI,ShallowConvNet,FM-Full_A-Riem_AdaBN-T,46,0.675,0.7389
Lee2019_MI,ShallowConvNet,FM-Full_A-Riem_AdaBN-T,49,0.81,0.888
Lee2019_MI,ShallowConvNet,FM-Full_A-Riem_AdaBN-T,50,0.63,0.68
Lee2019_MI,ShallowConvNet,FM-Full_A-Riem_AdaBN-T,51,0.62,0.7309
Lee2019_MI,ShallowConvNet,FM-Full_A-Riem_AdaBN-T,53,0.77,0.8496
Lee2019_MI,ShallowConvNet,FM-Full_A-Riem_AdaBN-T,1,0.67,0.7399
Lee2019_MI,ShallowConvNet,FM-Full_A-Riem_AdaBN-T,2,0.68,0.7357
Lee2019_MI,ShallowConvNet,FM-Full_A-Riem_AdaBN-T,3,0.82,0.9056
Lee2019_MI,ShallowConvNet,FM-Full_A-Riem_AdaBN-T,8,0.655,0.67675
Lee2019_MI,ShallowConvNet,FM-Full_A-Riem_AdaBN-T,11,0.685,0.7403
Lee2019_MI,ShallowConvNet,FM-Full_A-Riem_AdaBN-T,12,0.725,0.7996
Lee2019_MI,ShallowConvNet,FM-Full_A-Riem_AdaBN-T,15,0.75,0.8589
Lee2019_MI,ShallowConvNet,FM-Full_A-Riem_AdaBN-T,19,0.77,0.8604
Lee2019_MI,ShallowConvNet,FM-Full_A-Riem_AdaBN-T,21,0.895,0.9563
Lee2019_MI,ShallowConvNet,FM-Full_A-Riem_AdaBN-T,22,0.685,0.7158
Lee2019_MI,ShallowConvNet,FM-Full_A-Riem_AdaBN-T,23,0.665,0.7405
Lee2019_MI,ShallowConvNet,FM-Full_A-Riem_AdaBN-T,24,0.715,0.7976
Lee2019_MI,ShallowConvNet,FM-Full_A-Riem_AdaBN-T,28,0.835,0.9044
Lee2019_MI,ShallowConvNet,FM-Full_A-Riem_AdaBN-T,29,0.77,0.8591
Lee2019_MI,ShallowConvNet,FM-Full_A-Riem_AdaBN-T,30,0.69,0.7865
Lee2019_MI,ShallowConvNet,FM-Full_A-Riem_AdaBN-T,32,0.81,0.8861
Lee2019_MI,ShallowConvNet,FM-Full_A-Riem_AdaBN-T,36,0.9,0.9667
Lee2019_MI,ShallowConvNet,FM-Full_A-Riem_AdaBN-T,39,0.71,0.8
Lee2019_MI,ShallowConvNet,FM-Full_A-Riem_AdaBN-T,40,0.785,0.8542
Lee2019_MI,ShallowConvNet,FM-Full_A-Riem_AdaBN-T,41,0.805,0.8671
Lee2019_MI,ShallowConvNet,FM-Full_A-Riem_AdaBN-T,42,0.66,0.6966
Lee2019_MI,ShallowConvNet,FM-Full_A-Riem_AdaBN-T,43,0.82,0.9125
Lee2019_MI,ShallowConvNet,FM-Full_A-Riem_AdaBN-T,44,0.68,0.744
Lee2019_MI,ShallowConvNet,FM-Full_A-Riem_AdaBN-T,47,0.71,0.7833
Lee2019_MI,ShallowConvNet,FM-Full_A-Riem_AdaBN-T,48,0.67,0.6963
Lee2019_MI,ShallowConvNet,FM-Full_A-Riem_AdaBN-T,52,0.715,0.7844
Lee2019_MI,ShallowConvNet,FM-Full_A-Riem_AdaBN-T,54,0.615,0.6861
Lee2019_MI,ShallowConvNet,FM-None_A-Eucl_AdaBN-T,4,0.795,0.8634
Lee2019_MI,ShallowConvNet,FM-None_A-Eucl_AdaBN-T,5,0.87,0.9329
Lee2019_MI,ShallowConvNet,FM-None_A-Eucl_AdaBN-T,6,0.8,0.911
Lee2019_MI,ShallowConvNet,FM-None_A-Eucl_AdaBN-T,7,0.695,0.79765
Lee2019_MI,ShallowConvNet,FM-None_A-Eucl_AdaBN-T,9,0.75,0.8079
Lee2019_MI,ShallowConvNet,FM-None_A-Eucl_AdaBN-T,10,0.67,0.7163
Lee2019_MI,ShallowConvNet,FM-None_A-Eucl_AdaBN-T,13,0.64,0.7161
Lee2019_MI,ShallowConvNet,FM-None_A-Eucl_AdaBN-T,14,0.72,0.7752
Lee2019_MI,ShallowConvNet,FM-None_A-Eucl_AdaBN-T,16,0.7,0.8163
Lee2019_MI,ShallowConvNet,FM-None_A-Eucl_AdaBN-T,17,0.76,0.8473
Lee2019_MI,ShallowConvNet,FM-None_A-Eucl_AdaBN-T,18,0.85,0.9055
Lee2019_MI,ShallowConvNet,FM-None_A-Eucl_AdaBN-T,20,0.815,0.9011
Lee2019_MI,ShallowConvNet,FM-None_A-Eucl_AdaBN-T,25,0.75,0.8485
Lee2019_MI,ShallowConvNet,FM-None_A-Eucl_AdaBN-T,26,0.815,0.8807
Lee2019_MI,ShallowConvNet,FM-None_A-Eucl_AdaBN-T,27,0.79,0.861
Lee2019_MI,ShallowConvNet,FM-None_A-Eucl_AdaBN-T,31,0.795,0.85515
Lee2019_MI,ShallowConvNet,FM-None_A-Eucl_AdaBN-T,33,0.915,0.9702
Lee2019_MI,ShallowConvNet,FM-None_A-Eucl_AdaBN-T,34,0.695,0.7615
Lee2019_MI,ShallowConvNet,FM-None_A-Eucl_AdaBN-T,35,0.785,0.8907
Lee2019_MI,ShallowConvNet,FM-None_A-Eucl_AdaBN-T,37,0.91,0.9581
Lee2019_MI,ShallowConvNet,FM-None_A-Eucl_AdaBN-T,38,0.73,0.7723
Lee2019_MI,ShallowConvNet,FM-None_A-Eucl_AdaBN-T,45,0.855,0.9353
Lee2019_MI,ShallowConvNet,FM-None_A-Eucl_AdaBN-T,46,0.705,0.766
Lee2019_MI,ShallowConvNet,FM-None_A-Eucl_AdaBN-T,49,0.73,0.83315
Lee2019_MI,ShallowConvNet,FM-None_A-Eucl_AdaBN-T,50,0.67,0.70225
Lee2019_MI,ShallowConvNet,FM-None_A-Eucl_AdaBN-T,51,0.67,0.7541
Lee2019_MI,ShallowConvNet,FM-None_A-Eucl_AdaBN-T,53,0.75,0.825
Lee2019_MI,ShallowConvNet,FM-None_A-Eucl_AdaBN-T,1,0.74,0.8202
Lee2019_MI,ShallowConvNet,FM-None_A-Eucl_AdaBN-T,2,0.725,0.8376
Lee2019_MI,ShallowConvNet,FM-None_A-Eucl_AdaBN-T,3,0.89,0.9693
Lee2019_MI,ShallowConvNet,FM-None_A-Eucl_AdaBN-T,8,0.655,0.7354
Lee2019_MI,ShallowConvNet,FM-None_A-Eucl_AdaBN-T,11,0.58,0.6281
Lee2019_MI,ShallowConvNet,FM-None_A-Eucl_AdaBN-T,12,0.715,0.7969
Lee2019_MI,ShallowConvNet,FM-None_A-Eucl_AdaBN-T,15,0.82,0.8908
Lee2019_MI,ShallowConvNet,FM-None_A-Eucl_AdaBN-T,19,0.82,0.9015
Lee2019_MI,ShallowConvNet,FM-None_A-Eucl_AdaBN-T,21,0.92,0.9702
Lee2019_MI,ShallowConvNet,FM-None_A-Eucl_AdaBN-T,22,0.725,0.8008
Lee2019_MI,ShallowConvNet,FM-None_A-Eucl_AdaBN-T,23,0.745,0.8282
Lee2019_MI,ShallowConvNet,FM-None_A-Eucl_AdaBN-T,24,0.705,0.802
Lee2019_MI,ShallowConvNet,FM-None_A-Eucl_AdaBN-T,28,0.915,0.9768
Lee2019_MI,ShallowConvNet,FM-None_A-Eucl_AdaBN-T,29,0.675,0.73545
Lee2019_MI,ShallowConvNet,FM-None_A-Eucl_AdaBN-T,30,0.74,0.8293
Lee2019_MI,ShallowConvNet,FM-None_A-Eucl_AdaBN-T,32,0.87,0.94565
Lee2019_MI,ShallowConvNet,FM-None_A-Eucl_AdaBN-T,36,0.94,0.9949
Lee2019_MI,ShallowConvNet,FM-None_A-Eucl_AdaBN-T,39,0.77,0.8455
Lee2019_MI,ShallowConvNet,FM-None_A-Eucl_AdaBN-T,40,0.765,0.8629
Lee2019_MI,ShallowConvNet,FM-None_A-Eucl_AdaBN-T,41,0.735,0.8288
Lee2019_MI,ShallowConvNet,FM-None_A-Eucl_AdaBN-T,42,0.685,0.7224
Lee2019_MI,ShallowConvNet,FM-None_A-Eucl_AdaBN-T,43,0.86,0.93215
Lee2019_MI,ShallowConvNet,FM-None_A-Eucl_AdaBN-T,44,0.75,0.7989
Lee2019_MI,ShallowConvNet,FM-None_A-Eucl_AdaBN-T,47,0.795,0.8662
Lee2019_MI,ShallowConvNet,FM-None_A-Eucl_AdaBN-T,48,0.695,0.75145
Lee2019_MI,ShallowConvNet,FM-None_A-Eucl_AdaBN-T,52,0.74,0.8212
Lee2019_MI,ShallowConvNet,FM-None_A-Eucl_AdaBN-T,54,0.695,0.7867
Lee2019_MI,ShallowConvNet,FM-None_A-None_AdaBN-F,4,0.61,0.6855
Lee2019_MI,ShallowConvNet,FM-None_A-None_AdaBN-F,5,0.795,0.88165
Lee2019_MI,ShallowConvNet,FM-None_A-None_AdaBN-F,6,0.825,0.9278
Lee2019_MI,ShallowConvNet,FM-None_A-None_AdaBN-F,7,0.65,0.7067
Lee2019_MI,ShallowConvNet,FM-None_A-None_AdaBN-F,9,0.73,0.8342
Lee2019_MI,ShallowConvNet,FM-None_A-None_AdaBN-F,10,0.63,0.741
Lee2019_MI,ShallowConvNet,FM-None_A-None_AdaBN-F,13,0.66,0.7552
Lee2019_MI,ShallowConvNet,FM-None_A-None_AdaBN-F,14,0.66,0.7128
Lee2019_MI,ShallowConvNet,FM-None_A-None_AdaBN-F,16,0.8,0.8935
Lee2019_MI,ShallowConvNet,FM-None_A-None_AdaBN-F,17,0.635,0.7268
Lee2019_MI,ShallowConvNet,FM-None_A-None_AdaBN-F,18,0.825,0.9464
Lee2019_MI,ShallowConvNet,FM-None_A-None_AdaBN-F,20,0.75,0.8488
Lee2019_MI,ShallowConvNet,FM-None_A-None_AdaBN-F,25,0.785,0.9031
Lee2019_MI,ShallowConvNet,FM-None_A-None_AdaBN-F,26,0.845,0.9088
Lee2019_MI,ShallowConvNet,FM-None_A-None_AdaBN-F,27,0.735,0.8235
Lee2019_MI,ShallowConvNet,FM-None_A-None_AdaBN-F,31,0.765,0.8583
Lee2019_MI,ShallowConvNet,FM-None_A-None_AdaBN-F,33,0.925,0.9812
Lee2019_MI,ShallowConvNet,FM-None_A-None_AdaBN-F,34,0.58,0.63505
Lee2019_MI,ShallowConvNet,FM-None_A-None_AdaBN-F,35,0.77,0.8911
Lee2019_MI,ShallowConvNet,FM-None_A-None_AdaBN-F,37,0.915,0.9786
Lee2019_MI,ShallowConvNet,FM-None_A-None_AdaBN-F,38,0.585,0.71065
Lee2019_MI,ShallowConvNet,FM-None_A-None_AdaBN-F,45,0.795,0.8717
Lee2019_MI,ShallowConvNet,FM-None_A-None_AdaBN-F,46,0.72,0.7683
Lee2019_MI,ShallowConvNet,FM-None_A-None_AdaBN-F,49,0.69,0.9185
Lee2019_MI,ShallowConvNet,FM-None_A-None_AdaBN-F,50,0.55,0.6261
Lee2019_MI,ShallowConvNet,FM-None_A-None_AdaBN-F,51,0.685,0.76555
Lee2019_MI,ShallowConvNet,FM-None_A-None_AdaBN-F,53,0.71,0.8248
Lee2019_MI,ShallowConvNet,FM-None_A-None_AdaBN-F,1,0.66,0.8049
Lee2019_MI,ShallowConvNet,FM-None_A-None_AdaBN-F,2,0.77,0.8611
Lee2019_MI,ShallowConvNet,FM-None_A-None_AdaBN-F,3,0.775,0.8366
Lee2019_MI,ShallowConvNet,FM-None_A-None_AdaBN-F,8,0.71,0.7767
Lee2019_MI,ShallowConvNet,FM-None_A-None_AdaBN-F,11,0.67,0.6943
Lee2019_MI,ShallowConvNet,FM-None_A-None_AdaBN-F,12,0.715,0.8307
Lee2019_MI,ShallowConvNet,FM-None_A-None_AdaBN-F,15,0.65,0.7536
Lee2019_MI,ShallowConvNet,FM-None_A-None_AdaBN-F,19,0.84,0.9129
Lee2019_MI,ShallowConvNet,FM-None_A-None_AdaBN-F,21,0.945,0.9935
Lee2019_MI,ShallowConvNet,FM-None_A-None_AdaBN-F,22,0.65,0.7332
Lee2019_MI,ShallowConvNet,FM-None_A-None_AdaBN-F,23,0.68,0.8334
Lee2019_MI,ShallowConvNet,FM-None_A-None_AdaBN-F,24,0.665,0.6701
Lee2019_MI,ShallowConvNet,FM-None_A-None_AdaBN-F,28,0.835,0.9606
Lee2019_MI,ShallowConvNet,FM-None_A-None_AdaBN-F,29,0.715,0.8004
Lee2019_MI,ShallowConvNet,FM-None_A-None_AdaBN-F,30,0.7,0.7532
Lee2019_MI,ShallowConvNet,FM-None_A-None_AdaBN-F,32,0.855,0.9361
Lee2019_MI,ShallowConvNet,FM-None_A-None_AdaBN-F,36,0.915,0.9939
Lee2019_MI,ShallowConvNet,FM-None_A-None_AdaBN-F,39,0.795,0.8723
Lee2019_MI,ShallowConvNet,FM-None_A-None_AdaBN-F,40,0.72,0.8235
Lee2019_MI,ShallowConvNet,FM-None_A-None_AdaBN-F,41,0.695,0.7481
Lee2019_MI,ShallowConvNet,FM-None_A-None_AdaBN-F,42,0.64,0.8105
Lee2019_MI,ShallowConvNet,FM-None_A-None_AdaBN-F,43,0.8,0.891
Lee2019_MI,ShallowConvNet,FM-None_A-None_AdaBN-F,44,0.725,0.8413
Lee2019_MI,ShallowConvNet,FM-None_A-None_AdaBN-F,47,0.75,0.929
Lee2019_MI,ShallowConvNet,FM-None_A-None_AdaBN-F,48,0.67,0.7339
Lee2019_MI,ShallowConvNet,FM-None_A-None_AdaBN-F,52,0.795,0.8691
Lee2019_MI,ShallowConvNet,FM-None_A-None_AdaBN-F,54,0.65,0.7678
Lee2019_MI,ShallowConvNet,NoPre_FM-Full_A-Eucl_AdaBN-T,4,0.56,0.6262
Lee2019_MI,ShallowConvNet,NoPre_FM-Full_A-Eucl_AdaBN-T,5,0.55,0.5726
Lee2019_MI,ShallowConvNet,NoPre_FM-Full_A-Eucl_AdaBN-T,6,0.61,0.6157
Lee2019_MI,ShallowConvNet,NoPre_FM-Full_A-Eucl_AdaBN-T,7,0.545,0.5855
Lee2019_MI,ShallowConvNet,NoPre_FM-Full_A-Eucl_AdaBN-T,9,0.49,0.5038
Lee2019_MI,ShallowConvNet,NoPre_FM-Full_A-Eucl_AdaBN-T,10,0.51,0.5448
Lee2019_MI,ShallowConvNet,NoPre_FM-Full_A-Eucl_AdaBN-T,13,0.56,0.5735
Lee2019_MI,ShallowConvNet,NoPre_FM-Full_A-Eucl_AdaBN-T,14,0.565,0.5645
Lee2019_MI,ShallowConvNet,NoPre_FM-Full_A-Eucl_AdaBN-T,16,0.62,0.7037
Lee2019_MI,ShallowConvNet,NoPre_FM-Full_A-Eucl_AdaBN-T,17,0.5,0.5055
Lee2019_MI,ShallowConvNet,NoPre_FM-Full_A-Eucl_AdaBN-T,18,0.535,0.5714
Lee2019_MI,ShallowConvNet,NoPre_FM-Full_A-Eucl_AdaBN-T,20,0.555,0.5631
Lee2019_MI,ShallowConvNet,NoPre_FM-Full_A-Eucl_AdaBN-T,25,0.7,0.7536
Lee2019_MI,ShallowConvNet,NoPre_FM-Full_A-Eucl_AdaBN-T,26,0.535,0.5735
Lee2019_MI,ShallowConvNet,NoPre_FM-Full_A-Eucl_AdaBN-T,27,0.595,0.6289
Lee2019_MI,ShallowConvNet,NoPre_FM-Full_A-Eucl_AdaBN-T,31,0.495,0.5261
Lee2019_MI,ShallowConvNet,NoPre_FM-Full_A-Eucl_AdaBN-T,33,0.565,0.604
Lee2019_MI,ShallowConvNet,NoPre_FM-Full_A-Eucl_AdaBN-T,34,0.545,0.5516
Lee2019_MI,ShallowConvNet,NoPre_FM-Full_A-Eucl_AdaBN-T,35,0.73,0.8
Lee2019_MI,ShallowConvNet,NoPre_FM-Full_A-Eucl_AdaBN-T,37,0.575,0.6247
Lee2019_MI,ShallowConvNet,NoPre_FM-Full_A-Eucl_AdaBN-T,38,0.535,0.5671
Lee2019_MI,ShallowConvNet,NoPre_FM-Full_A-Eucl_AdaBN-T,45,0.545,0.5976
Lee2019_MI,ShallowConvNet,NoPre_FM-Full_A-Eucl_AdaBN-T,46,0.47,0.5028
Lee2019_MI,ShallowConvNet,NoPre_FM-Full_A-Eucl_AdaBN-T,49,0.49,0.4956
Lee2019_MI,ShallowConvNet,NoPre_FM-Full_A-Eucl_AdaBN-T,50,0.53,0.5075
Lee2019_MI,ShallowConvNet,NoPre_FM-Full_A-Eucl_AdaBN-T,51,0.51,0.4975
Lee2019_MI,ShallowConvNet,NoPre_FM-Full_A-Eucl_AdaBN-T,53,0.53,0.5277
Lee2019_MI,ShallowConvNet,NoPre_FM-Full_A-Eucl_AdaBN-T,1,0.505,0.5428
Lee2019_MI,ShallowConvNet,NoPre_FM-Full_A-Eucl_AdaBN-T,2,0.53,0.546
Lee2019_MI,ShallowConvNet,NoPre_FM-Full_A-Eucl_AdaBN-T,3,0.575,0.6116
Lee2019_MI,ShallowConvNet,NoPre_FM-Full_A-Eucl_AdaBN-T,8,0.48,0.4743
Lee2019_MI,ShallowConvNet,NoPre_FM-Full_A-Eucl_AdaBN-T,11,0.555,0.5869
Lee2019_MI,ShallowConvNet,NoPre_FM-Full_A-Eucl_AdaBN-T,12,0.585,0.6192
Lee2019_MI,ShallowConvNet,NoPre_FM-Full_A-Eucl_AdaBN-T,15,0.62,0.6427
Lee2019_MI,ShallowConvNet,NoPre_FM-Full_A-Eucl_AdaBN-T,19,0.555,0.5485
Lee2019_MI,ShallowConvNet,NoPre_FM-Full_A-Eucl_AdaBN-T,21,0.63,0.7004
Lee2019_MI,ShallowConvNet,NoPre_FM-Full_A-Eucl_AdaBN-T,22,0.46,0.4714
Lee2019_MI,ShallowConvNet,NoPre_FM-Full_A-Eucl_AdaBN-T,23,0.5,0.503
Lee2019_MI,ShallowConvNet,NoPre_FM-Full_A-Eucl_AdaBN-T,24,0.54,0.5814
Lee2019_MI,ShallowConvNet,NoPre_FM-Full_A-Eucl_AdaBN-T,28,0.515,0.5686
Lee2019_MI,ShallowConvNet,NoPre_FM-Full_A-Eucl_AdaBN-T,29,0.795,0.9036
Lee2019_MI,ShallowConvNet,NoPre_FM-Full_A-Eucl_AdaBN-T,30,0.56,0.546
Lee2019_MI,ShallowConvNet,NoPre_FM-Full_A-Eucl_AdaBN-T,32,0.655,0.7616
Lee2019_MI,ShallowConvNet,NoPre_FM-Full_A-Eucl_AdaBN-T,36,0.72,0.8371
Lee2019_MI,ShallowConvNet,NoPre_FM-Full_A-Eucl_AdaBN-T,39,0.505,0.5051
Lee2019_MI,ShallowConvNet,NoPre_FM-Full_A-Eucl_AdaBN-T,40,0.49,0.5008
Lee2019_MI,ShallowConvNet,NoPre_FM-Full_A-Eucl_AdaBN-T,41,0.495,0.5274
Lee2019_MI,ShallowConvNet,NoPre_FM-Full_A-Eucl_AdaBN-T,42,0.5,0.5017
Lee2019_MI,ShallowConvNet,NoPre_FM-Full_A-Eucl_AdaBN-T,43,0.485,0.4728
Lee2019_MI,ShallowConvNet,NoPre_FM-Full_A-Eucl_AdaBN-T,44,0.62,0.634
Lee2019_MI,ShallowConvNet,NoPre_FM-Full_A-Eucl_AdaBN-T,47,0.55,0.5568
Lee2019_MI,ShallowConvNet,NoPre_FM-Full_A-Eucl_AdaBN-T,48,0.535,0.558
Lee2019_MI,ShallowConvNet,NoPre_FM-Full_A-Eucl_AdaBN-T,52,0.52,0.5494
Lee2019_MI,ShallowConvNet,NoPre_FM-Full_A-Eucl_AdaBN-T,54,0.54,0.5639
Lee2019_MI,ShallowConvNet,NoPre_FM-Full_A-None_AdaBN-F,4,0.65,0.7036
Lee2019_MI,ShallowConvNet,NoPre_FM-Full_A-None_AdaBN-F,5,0.555,0.5756
Lee2019_MI,ShallowConvNet,NoPre_FM-Full_A-None_AdaBN-F,6,0.605,0.645
Lee2019_MI,ShallowConvNet,NoPre_FM-Full_A-None_AdaBN-F,7,0.52,0.576
Lee2019_MI,ShallowConvNet,NoPre_FM-Full_A-None_AdaBN-F,9,0.525,0.5334
Lee2019_MI,ShallowConvNet,NoPre_FM-Full_A-None_AdaBN-F,10,0.545,0.5845
Lee2019_MI,ShallowConvNet,NoPre_FM-Full_A-None_AdaBN-F,13,0.5,0.5
Lee2019_MI,ShallowConvNet,NoPre_FM-Full_A-None_AdaBN-F,14,0.53,0.5679
Lee2019_MI,ShallowConvNet,NoPre_FM-Full_A-None_AdaBN-F,16,0.685,0.7697
Lee2019_MI,ShallowConvNet,NoPre_FM-Full_A-None_AdaBN-F,17,0.44,0.4595
Lee2019_MI,ShallowConvNet,NoPre_FM-Full_A-None_AdaBN-F,18,0.515,0.5435
Lee2019_MI,ShallowConvNet,NoPre_FM-Full_A-None_AdaBN-F,20,0.565,0.5492
Lee2019_MI,ShallowConvNet,NoPre_FM-Full_A-None_AdaBN-F,25,0.72,0.8383
Lee2019_MI,ShallowConvNet,NoPre_FM-Full_A-None_AdaBN-F,26,0.57,0.5949
Lee2019_MI,ShallowConvNet,NoPre_FM-Full_A-None_AdaBN-F,27,0.72,0.7624
Lee2019_MI,ShallowConvNet,NoPre_FM-Full_A-None_AdaBN-F,31,0.565,0.6024
Lee2019_MI,ShallowConvNet,NoPre_FM-Full_A-None_AdaBN-F,33,0.625,0.687
Lee2019_MI,ShallowConvNet,NoPre_FM-Full_A-None_AdaBN-F,34,0.52,0.5367
Lee2019_MI,ShallowConvNet,NoPre_FM-Full_A-None_AdaBN-F,35,0.785,0.8659
Lee2019_MI,ShallowConvNet,NoPre_FM-Full_A-None_AdaBN-F,37,0.595,0.6466
Lee2019_MI,ShallowConvNet,NoPre_FM-Full_A-None_AdaBN-F,38,0.545,0.5517
Lee2019_MI,ShallowConvNet,NoPre_FM-Full_A-None_AdaBN-F,45,0.515,0.5229
Lee2019_MI,ShallowConvNet,NoPre_FM-Full_A-None_AdaBN-F,46,0.495,0.5113
Lee2019_MI,ShallowConvNet,NoPre_FM-Full_A-None_AdaBN-F,49,0.565,0.5885
Lee2019_MI,ShallowConvNet,NoPre_FM-Full_A-None_AdaBN-F,50,0.545,0.564
Lee2019_MI,ShallowConvNet,NoPre_FM-Full_A-None_AdaBN-F,51,0.49,0.4903
Lee2019_MI,ShallowConvNet,NoPre_FM-Full_A-None_AdaBN-F,53,0.54,0.5431
Lee2019_MI,ShallowConvNet,NoPre_FM-Full_A-None_AdaBN-F,1,0.535,0.5303
Lee2019_MI,ShallowConvNet,NoPre_FM-Full_A-None_AdaBN-F,2,0.555,0.5409
Lee2019_MI,ShallowConvNet,NoPre_FM-Full_A-None_AdaBN-F,3,0.64,0.6179
Lee2019_MI,ShallowConvNet,NoPre_FM-Full_A-None_AdaBN-F,8,0.49,0.4887
Lee2019_MI,ShallowConvNet,NoPre_FM-Full_A-None_AdaBN-F,11,0.53,0.5443
Lee2019_MI,ShallowConvNet,NoPre_FM-Full_A-None_AdaBN-F,12,0.525,0.5208
Lee2019_MI,ShallowConvNet,NoPre_FM-Full_A-None_AdaBN-F,15,0.6,0.6146
Lee2019_MI,ShallowConvNet,NoPre_FM-Full_A-None_AdaBN-F,19,0.6,0.6582
Lee2019_MI,ShallowConvNet,NoPre_FM-Full_A-None_AdaBN-F,21,0.725,0.7896
Lee2019_MI,ShallowConvNet,NoPre_FM-Full_A-None_AdaBN-F,22,0.52,0.5362
Lee2019_MI,ShallowConvNet,NoPre_FM-Full_A-None_AdaBN-F,23,0.54,0.5406
Lee2019_MI,ShallowConvNet,NoPre_FM-Full_A-None_AdaBN-F,24,0.51,0.5144
Lee2019_MI,ShallowConvNet,NoPre_FM-Full_A-None_AdaBN-F,28,0.52,0.5522
Lee2019_MI,ShallowConvNet,NoPre_FM-Full_A-None_AdaBN-F,29,0.815,0.9125
Lee2019_MI,ShallowConvNet,NoPre_FM-Full_A-None_AdaBN-F,30,0.57,0.5986
Lee2019_MI,ShallowConvNet,NoPre_FM-Full_A-None_AdaBN-F,32,0.615,0.6099
Lee2019_MI,ShallowConvNet,NoPre_FM-Full_A-None_AdaBN-F,36,0.77,0.8504
Lee2019_MI,ShallowConvNet,NoPre_FM-Full_A-None_AdaBN-F,39,0.585,0.6194
Lee2019_MI,ShallowConvNet,NoPre_FM-Full_A-None_AdaBN-F,40,0.575,0.6314
Lee2019_MI,ShallowConvNet,NoPre_FM-Full_A-None_AdaBN-F,41,0.545,0.5489
Lee2019_MI,ShallowConvNet,NoPre_FM-Full_A-None_AdaBN-F,42,0.56,0.5794
Lee2019_MI,ShallowConvNet,NoPre_FM-Full_A-None_AdaBN-F,43,0.5,0.5306
Lee2019_MI,ShallowConvNet,NoPre_FM-Full_A-None_AdaBN-F,44,0.525,0.5478
Lee2019_MI,ShallowConvNet,NoPre_FM-Full_A-None_AdaBN-F,47,0.565,0.5953
Lee2019_MI,ShallowConvNet,NoPre_FM-Full_A-None_AdaBN-F,48,0.565,0.5802
Lee2019_MI,ShallowConvNet,NoPre_FM-Full_A-None_AdaBN-F,52,0.535,0.5454
Lee2019_MI,ShallowConvNet,NoPre_FM-Full_A-None_AdaBN-F,54,0.555,0.6024
Lee2019_SSVEP,ShallowConvNet,FM-Dec_A-Eucl_AdaBN-F,4,0.99,0.9998333333
Lee2019_SSVEP,ShallowConvNet,FM-Dec_A-Eucl_AdaBN-F,5,0.71,0.9064
Lee2019_SSVEP,ShallowConvNet,FM-Dec_A-Eucl_AdaBN-F,6,0.985,0.9996333333
Lee2019_SSVEP,ShallowConvNet,FM-Dec_A-Eucl_AdaBN-F,7,0.98,0.9976333333
Lee2019_SSVEP,ShallowConvNet,FM-Dec_A-Eucl_AdaBN-F,9,0.915,0.9897666667
Lee2019_SSVEP,ShallowConvNet,FM-Dec_A-Eucl_AdaBN-F,10,0.93,0.9916666667
Lee2019_SSVEP,ShallowConvNet,FM-Dec_A-Eucl_AdaBN-F,13,0.95,0.9952
Lee2019_SSVEP,ShallowConvNet,FM-Dec_A-Eucl_AdaBN-F,14,0.95,0.9939666667
Lee2019_SSVEP,ShallowConvNet,FM-Dec_A-Eucl_AdaBN-F,16,0.975,0.9989666667
Lee2019_SSVEP,ShallowConvNet,FM-Dec_A-Eucl_AdaBN-F,17,0.9,0.9805666667
Lee2019_SSVEP,ShallowConvNet,FM-Dec_A-Eucl_AdaBN-F,18,0.975,0.9987333333
Lee2019_SSVEP,ShallowConvNet,FM-Dec_A-Eucl_AdaBN-F,20,0.955,0.9951333333
Lee2019_SSVEP,ShallowConvNet,FM-Dec_A-Eucl_AdaBN-F,25,0.885,0.9774666667
Lee2019_SSVEP,ShallowConvNet,FM-Dec_A-Eucl_AdaBN-F,26,0.99,0.9998333333
Lee2019_SSVEP,ShallowConvNet,FM-Dec_A-Eucl_AdaBN-F,27,0.98,0.9997333333
Lee2019_SSVEP,ShallowConvNet,FM-Dec_A-Eucl_AdaBN-F,31,0.955,0.9964666667
Lee2019_SSVEP,ShallowConvNet,FM-Dec_A-Eucl_AdaBN-F,33,0.985,0.9998333333
Lee2019_SSVEP,ShallowConvNet,FM-Dec_A-Eucl_AdaBN-F,34,0.765,0.9263666667
Lee2019_SSVEP,ShallowConvNet,FM-Dec_A-Eucl_AdaBN-F,35,0.97,0.9986333333
Lee2019_SSVEP,ShallowConvNet,FM-Dec_A-Eucl_AdaBN-F,37,0.985,0.9985666667
Lee2019_SSVEP,ShallowConvNet,FM-Dec_A-Eucl_AdaBN-F,38,0.985,0.9980333333
Lee2019_SSVEP,ShallowConvNet,FM-Dec_A-Eucl_AdaBN-F,45,0.96,0.9953666667
Lee2019_SSVEP,ShallowConvNet,FM-Dec_A-Eucl_AdaBN-F,46,0.97,0.9984
Lee2019_SSVEP,ShallowConvNet,FM-Dec_A-Eucl_AdaBN-F,49,0.99,0.9983333333
Lee2019_SSVEP,ShallowConvNet,FM-Dec_A-Eucl_AdaBN-F,50,0.905,0.9855
Lee2019_SSVEP,ShallowConvNet,FM-Dec_A-Eucl_AdaBN-F,51,0.795,0.9349666667
Lee2019_SSVEP,ShallowConvNet,FM-Dec_A-Eucl_AdaBN-F,53,0.995,0.9997333333
Lee2019_SSVEP,ShallowConvNet,FM-Dec_A-Eucl_AdaBN-F,1,0.935,0.9906
Lee2019_SSVEP,ShallowConvNet,FM-Dec_A-Eucl_AdaBN-F,2,0.97,0.9981666667
Lee2019_SSVEP,ShallowConvNet,FM-Dec_A-Eucl_AdaBN-F,3,0.945,0.9944333333
Lee2019_SSVEP,ShallowConvNet,FM-Dec_A-Eucl_AdaBN-F,8,0.925,0.9873
Lee2019_SSVEP,ShallowConvNet,FM-Dec_A-Eucl_AdaBN-F,11,0.945,0.999
Lee2019_SSVEP,ShallowConvNet,FM-Dec_A-Eucl_AdaBN-F,12,0.96,0.9946
Lee2019_SSVEP,ShallowConvNet,FM-Dec_A-Eucl_AdaBN-F,15,0.99,1
Lee2019_SSVEP,ShallowConvNet,FM-Dec_A-Eucl_AdaBN-F,19,0.805,0.9557333333
Lee2019_SSVEP,ShallowConvNet,FM-Dec_A-Eucl_AdaBN-F,21,0.845,0.9837333333
Lee2019_SSVEP,ShallowConvNet,FM-Dec_A-Eucl_AdaBN-F,22,0.87,0.9860666667
Lee2019_SSVEP,ShallowConvNet,FM-Dec_A-Eucl_AdaBN-F,23,0.36,0.6242666667
Lee2019_SSVEP,ShallowConvNet,FM-Dec_A-Eucl_AdaBN-F,24,0.91,0.9826666667
Lee2019_SSVEP,ShallowConvNet,FM-Dec_A-Eucl_AdaBN-F,28,0.955,0.9974666667
Lee2019_SSVEP,ShallowConvNet,FM-Dec_A-Eucl_AdaBN-F,29,0.89,0.987
Lee2019_SSVEP,ShallowConvNet,FM-Dec_A-Eucl_AdaBN-F,30,1,1
Lee2019_SSVEP,ShallowConvNet,FM-Dec_A-Eucl_AdaBN-F,32,0.695,0.8724666667
Lee2019_SSVEP,ShallowConvNet,FM-Dec_A-Eucl_AdaBN-F,36,1,1
Lee2019_SSVEP,ShallowConvNet,FM-Dec_A-Eucl_AdaBN-F,39,0.985,0.9998
Lee2019_SSVEP,ShallowConvNet,FM-Dec_A-Eucl_AdaBN-F,40,0.91,0.9843
Lee2019_SSVEP,ShallowConvNet,FM-Dec_A-Eucl_AdaBN-F,41,0.99,0.9998333333
Lee2019_SSVEP,ShallowConvNet,FM-Dec_A-Eucl_AdaBN-F,42,0.81,0.9601333333
Lee2019_SSVEP,ShallowConvNet,FM-Dec_A-Eucl_AdaBN-F,43,1,1
Lee2019_SSVEP,ShallowConvNet,FM-Dec_A-Eucl_AdaBN-F,44,0.99,1
Lee2019_SSVEP,ShallowConvNet,FM-Dec_A-Eucl_AdaBN-F,47,0.66,0.8679666667
Lee2019_SSVEP,ShallowConvNet,FM-Dec_A-Eucl_AdaBN-F,48,0.995,0.9981166667
Lee2019_SSVEP,ShallowConvNet,FM-Dec_A-Eucl_AdaBN-F,52,0.935,0.9887666667
Lee2019_SSVEP,ShallowConvNet,FM-Dec_A-Eucl_AdaBN-F,54,0.685,0.9109333333
Lee2019_SSVEP,ShallowConvNet,FM-Dec_A-Eucl_AdaBN-T,4,0.99,0.9998
Lee2019_SSVEP,ShallowConvNet,FM-Dec_A-Eucl_AdaBN-T,5,0.69,0.8976666667
Lee2019_SSVEP,ShallowConvNet,FM-Dec_A-Eucl_AdaBN-T,6,0.98,0.9987333333
Lee2019_SSVEP,ShallowConvNet,FM-Dec_A-Eucl_AdaBN-T,7,0.965,0.9973333333
Lee2019_SSVEP,ShallowConvNet,FM-Dec_A-Eucl_AdaBN-T,9,0.91,0.9879
Lee2019_SSVEP,ShallowConvNet,FM-Dec_A-Eucl_AdaBN-T,10,0.94,0.9947333333
Lee2019_SSVEP,ShallowConvNet,FM-Dec_A-Eucl_AdaBN-T,13,0.915,0.9895333333
Lee2019_SSVEP,ShallowConvNet,FM-Dec_A-Eucl_AdaBN-T,14,0.92,0.9893333333
Lee2019_SSVEP,ShallowConvNet,FM-Dec_A-Eucl_AdaBN-T,16,0.97,0.9976666667
Lee2019_SSVEP,ShallowConvNet,FM-Dec_A-Eucl_AdaBN-T,17,0.88,0.9794
Lee2019_SSVEP,ShallowConvNet,FM-Dec_A-Eucl_AdaBN-T,18,0.975,0.9984333333
Lee2019_SSVEP,ShallowConvNet,FM-Dec_A-Eucl_AdaBN-T,20,0.945,0.9946
Lee2019_SSVEP,ShallowConvNet,FM-Dec_A-Eucl_AdaBN-T,25,0.905,0.9772666667
Lee2019_SSVEP,ShallowConvNet,FM-Dec_A-Eucl_AdaBN-T,26,0.99,1
Lee2019_SSVEP,ShallowConvNet,FM-Dec_A-Eucl_AdaBN-T,27,0.99,0.9996333333
Lee2019_SSVEP,ShallowConvNet,FM-Dec_A-Eucl_AdaBN-T,31,0.97,0.998
Lee2019_SSVEP,ShallowConvNet,FM-Dec_A-Eucl_AdaBN-T,33,0.99,1
Lee2019_SSVEP,ShallowConvNet,FM-Dec_A-Eucl_AdaBN-T,34,0.74,0.9254333333
Lee2019_SSVEP,ShallowConvNet,FM-Dec_A-Eucl_AdaBN-T,35,0.975,0.9989
Lee2019_SSVEP,ShallowConvNet,FM-Dec_A-Eucl_AdaBN-T,37,0.985,0.9964666667
Lee2019_SSVEP,ShallowConvNet,FM-Dec_A-Eucl_AdaBN-T,38,0.97,0.9986666667
Lee2019_SSVEP,ShallowConvNet,FM-Dec_A-Eucl_AdaBN-T,45,0.945,0.9948
Lee2019_SSVEP,ShallowConvNet,FM-Dec_A-Eucl_AdaBN-T,46,0.955,0.9971666667
Lee2019_SSVEP,ShallowConvNet,FM-Dec_A-Eucl_AdaBN-T,49,0.975,0.9987333333
Lee2019_SSVEP,ShallowConvNet,FM-Dec_A-Eucl_AdaBN-T,50,0.91,0.9872333333
Lee2019_SSVEP,ShallowConvNet,FM-Dec_A-Eucl_AdaBN-T,51,0.755,0.9337
Lee2019_SSVEP,ShallowConvNet,FM-Dec_A-Eucl_AdaBN-T,53,0.985,0.9998
Lee2019_SSVEP,ShallowConvNet,FM-Dec_A-Eucl_AdaBN-T,1,0.94,0.9926333333
Lee2019_SSVEP,ShallowConvNet,FM-Dec_A-Eucl_AdaBN-T,2,0.975,0.9984666667
Lee2019_SSVEP,ShallowConvNet,FM-Dec_A-Eucl_AdaBN-T,3,0.955,0.9945333333
Lee2019_SSVEP,ShallowConvNet,FM-Dec_A-Eucl_AdaBN-T,8,0.93,0.9896333333
Lee2019_SSVEP,ShallowConvNet,FM-Dec_A-Eucl_AdaBN-T,11,0.97,0.9990666667
Lee2019_SSVEP,ShallowConvNet,FM-Dec_A-Eucl_AdaBN-T,12,0.965,0.9958333333
Lee2019_SSVEP,ShallowConvNet,FM-Dec_A-Eucl_AdaBN-T,15,0.99,0.9997333333
Lee2019_SSVEP,ShallowConvNet,FM-Dec_A-Eucl_AdaBN-T,19,0.815,0.9567333333
Lee2019_SSVEP,ShallowConvNet,FM-Dec_A-Eucl_AdaBN-T,21,0.915,0.9878333333
Lee2019_SSVEP,ShallowConvNet,FM-Dec_A-Eucl_AdaBN-T,22,0.9,0.9854
Lee2019_SSVEP,ShallowConvNet,FM-Dec_A-Eucl_AdaBN-T,23,0.37,0.6593
Lee2019_SSVEP,ShallowConvNet,FM-Dec_A-Eucl_AdaBN-T,24,0.905,0.9852166667
Lee2019_SSVEP,ShallowConvNet,FM-Dec_A-Eucl_AdaBN-T,28,0.965,0.9975666667
Lee2019_SSVEP,ShallowConvNet,FM-Dec_A-Eucl_AdaBN-T,29,0.9,0.9898666667
Lee2019_SSVEP,ShallowConvNet,FM-Dec_A-Eucl_AdaBN-T,30,1,1
Lee2019_SSVEP,ShallowConvNet,FM-Dec_A-Eucl_AdaBN-T,32,0.695,0.89905
Lee2019_SSVEP,ShallowConvNet,FM-Dec_A-Eucl_AdaBN-T,36,1,1
Lee2019_SSVEP,ShallowConvNet,FM-Dec_A-Eucl_AdaBN-T,39,0.99,0.9999666667
Lee2019_SSVEP,ShallowConvNet,FM-Dec_A-Eucl_AdaBN-T,40,0.88,0.98035
Lee2019_SSVEP,ShallowConvNet,FM-Dec_A-Eucl_AdaBN-T,41,0.985,0.9998
Lee2019_SSVEP,ShallowConvNet,FM-Dec_A-Eucl_AdaBN-T,42,0.8,0.9589333333
Lee2019_SSVEP,ShallowConvNet,FM-Dec_A-Eucl_AdaBN-T,43,1,1
Lee2019_SSVEP,ShallowConvNet,FM-Dec_A-Eucl_AdaBN-T,44,0.995,1
Lee2019_SSVEP,ShallowConvNet,FM-Dec_A-Eucl_AdaBN-T,47,0.675,0.8635833333
Lee2019_SSVEP,ShallowConvNet,FM-Dec_A-Eucl_AdaBN-T,48,0.995,0.9993666667
Lee2019_SSVEP,ShallowConvNet,FM-Dec_A-Eucl_AdaBN-T,52,0.96,0.9914666667
Lee2019_SSVEP,ShallowConvNet,FM-Dec_A-Eucl_AdaBN-T,54,0.755,0.9337666667
Lee2019_SSVEP,ShallowConvNet,FM-Dec_A-None_AdaBN-F,4,1,1
Lee2019_SSVEP,ShallowConvNet,FM-Dec_A-None_AdaBN-F,5,0.76,0.9353666667
Lee2019_SSVEP,ShallowConvNet,FM-Dec_A-None_AdaBN-F,6,0.99,0.9998333333
Lee2019_SSVEP,ShallowConvNet,FM-Dec_A-None_AdaBN-F,7,0.99,0.9992
Lee2019_SSVEP,ShallowConvNet,FM-Dec_A-None_AdaBN-F,9,0.965,0.9982
Lee2019_SSVEP,ShallowConvNet,FM-Dec_A-None_AdaBN-F,10,0.955,0.9984666667
Lee2019_SSVEP,ShallowConvNet,FM-Dec_A-None_AdaBN-F,13,0.92,0.9815333333
Lee2019_SSVEP,ShallowConvNet,FM-Dec_A-None_AdaBN-F,14,0.885,0.9852
Lee2019_SSVEP,ShallowConvNet,FM-Dec_A-None_AdaBN-F,16,0.99,0.9991333333
Lee2019_SSVEP,ShallowConvNet,FM-Dec_A-None_AdaBN-F,17,0.925,0.9947
Lee2019_SSVEP,ShallowConvNet,FM-Dec_A-None_AdaBN-F,18,0.99,0.9998666667
Lee2019_SSVEP,ShallowConvNet,FM-Dec_A-None_AdaBN-F,20,0.955,0.9876666667
Lee2019_SSVEP,ShallowConvNet,FM-Dec_A-None_AdaBN-F,25,0.935,0.9968
Lee2019_SSVEP,ShallowConvNet,FM-Dec_A-None_AdaBN-F,26,0.99,0.9992666667
Lee2019_SSVEP,ShallowConvNet,FM-Dec_A-None_AdaBN-F,27,0.99,1
Lee2019_SSVEP,ShallowConvNet,FM-Dec_A-None_AdaBN-F,31,1,1
Lee2019_SSVEP,ShallowConvNet,FM-Dec_A-None_AdaBN-F,33,0.975,0.9994
Lee2019_SSVEP,ShallowConvNet,FM-Dec_A-None_AdaBN-F,34,0.705,0.9058166667
Lee2019_SSVEP,ShallowConvNet,FM-Dec_A-None_AdaBN-F,35,0.9,0.9884666667
Lee2019_SSVEP,ShallowConvNet,FM-Dec_A-None_AdaBN-F,37,0.99,0.9998
Lee2019_SSVEP,ShallowConvNet,FM-Dec_A-None_AdaBN-F,38,0.975,0.9997
Lee2019_SSVEP,ShallowConvNet,FM-Dec_A-None_AdaBN-F,45,0.925,0.9913
Lee2019_SSVEP,ShallowConvNet,FM-Dec_A-None_AdaBN-F,46,0.95,0.9955333333
Lee2019_SSVEP,ShallowConvNet,FM-Dec_A-None_AdaBN-F,49,0.995,0.9999666667
Lee2019_SSVEP,ShallowConvNet,FM-Dec_A-None_AdaBN-F,50,0.95,0.9934
Lee2019_SSVEP,ShallowConvNet,FM-Dec_A-None_AdaBN-F,51,0.69,0.9084
Lee2019_SSVEP,ShallowConvNet,FM-Dec_A-None_AdaBN-F,53,0.99,0.9993333333
Lee2019_SSVEP,ShallowConvNet,FM-Dec_A-None_AdaBN-F,1,0.94,0.9949
Lee2019_SSVEP,ShallowConvNet,FM-Dec_A-None_AdaBN-F,2,0.99,0.9999666667
Lee2019_SSVEP,ShallowConvNet,FM-Dec_A-None_AdaBN-F,3,0.92,0.9933333333
Lee2019_SSVEP,ShallowConvNet,FM-Dec_A-None_AdaBN-F,8,0.935,0.9923666667
Lee2019_SSVEP,ShallowConvNet,FM-Dec_A-None_AdaBN-F,11,1,1
Lee2019_SSVEP,ShallowConvNet,FM-Dec_A-None_AdaBN-F,12,0.965,0.9951333333
Lee2019_SSVEP,ShallowConvNet,FM-Dec_A-None_AdaBN-F,15,0.945,0.9934
Lee2019_SSVEP,ShallowConvNet,FM-Dec_A-None_AdaBN-F,19,0.885,0.9758666667
Lee2019_SSVEP,ShallowConvNet,FM-Dec_A-None_AdaBN-F,21,0.99,0.9996
Lee2019_SSVEP,ShallowConvNet,FM-Dec_A-None_AdaBN-F,22,0.8,0.9589666667
Lee2019_SSVEP,ShallowConvNet,FM-Dec_A-None_AdaBN-F,23,0.46,0.7288333333
Lee2019_SSVEP,ShallowConvNet,FM-Dec_A-None_AdaBN-F,24,0.895,0.9785166667
Lee2019_SSVEP,ShallowConvNet,FM-Dec_A-None_AdaBN-F,28,0.96,0.9964666667
Lee2019_SSVEP,ShallowConvNet,FM-Dec_A-None_AdaBN-F,29,0.865,0.9789666667
Lee2019_SSVEP,ShallowConvNet,FM-Dec_A-None_AdaBN-F,30,0.98,0.9997333333
Lee2019_SSVEP,ShallowConvNet,FM-Dec_A-None_AdaBN-F,32,0.715,0.8977333333
Lee2019_SSVEP,ShallowConvNet,FM-Dec_A-None_AdaBN-F,36,1,1
Lee2019_SSVEP,ShallowConvNet,FM-Dec_A-None_AdaBN-F,39,0.99,0.9999666667
Lee2019_SSVEP,ShallowConvNet,FM-Dec_A-None_AdaBN-F,40,0.89,0.9766666667
Lee2019_SSVEP,ShallowConvNet,FM-Dec_A-None_AdaBN-F,41,0.985,0.9996666667
Lee2019_SSVEP,ShallowConvNet,FM-Dec_A-None_AdaBN-F,42,0.82,0.9601333333
Lee2019_SSVEP,ShallowConvNet,FM-Dec_A-None_AdaBN-F,43,0.99,1
Lee2019_SSVEP,ShallowConvNet,FM-Dec_A-None_AdaBN-F,44,0.995,0.9999666667
Lee2019_SSVEP,ShallowConvNet,FM-Dec_A-None_AdaBN-F,47,0.62,0.8640666667
Lee2019_SSVEP,ShallowConvNet,FM-Dec_A-None_AdaBN-F,48,0.99,1
Lee2019_SSVEP,ShallowConvNet,FM-Dec_A-None_AdaBN-F,52,0.955,0.9956666667
Lee2019_SSVEP,ShallowConvNet,FM-Dec_A-None_AdaBN-F,54,0.605,0.8456666667
Lee2019_SSVEP,ShallowConvNet,FM-Dec_A-Riem_AdaBN-T,4,0.99,0.9991666667
Lee2019_SSVEP,ShallowConvNet,FM-Dec_A-Riem_AdaBN-T,5,0.765,0.907
Lee2019_SSVEP,ShallowConvNet,FM-Dec_A-Riem_AdaBN-T,6,0.99,0.9996333333
Lee2019_SSVEP,ShallowConvNet,FM-Dec_A-Riem_AdaBN-T,7,0.985,0.9977333333
Lee2019_SSVEP,ShallowConvNet,FM-Dec_A-Riem_AdaBN-T,9,0.88,0.9824
Lee2019_SSVEP,ShallowConvNet,FM-Dec_A-Riem_AdaBN-T,10,0.9,0.9804666667
Lee2019_SSVEP,ShallowConvNet,FM-Dec_A-Riem_AdaBN-T,13,0.945,0.9957333333
Lee2019_SSVEP,ShallowConvNet,FM-Dec_A-Riem_AdaBN-T,14,0.935,0.9950666667
Lee2019_SSVEP,ShallowConvNet,FM-Dec_A-Riem_AdaBN-T,16,0.98,0.9981333333
Lee2019_SSVEP,ShallowConvNet,FM-Dec_A-Riem_AdaBN-T,17,0.935,0.9899666667
Lee2019_SSVEP,ShallowConvNet,FM-Dec_A-Riem_AdaBN-T,18,0.98,0.9991
Lee2019_SSVEP,ShallowConvNet,FM-Dec_A-Riem_AdaBN-T,20,0.925,0.9886333333
Lee2019_SSVEP,ShallowConvNet,FM-Dec_A-Riem_AdaBN-T,25,0.845,0.9674666667
Lee2019_SSVEP,ShallowConvNet,FM-Dec_A-Riem_AdaBN-T,26,0.985,0.9996666667
Lee2019_SSVEP,ShallowConvNet,FM-Dec_A-Riem_AdaBN-T,27,0.985,0.9998
Lee2019_SSVEP,ShallowConvNet,FM-Dec_A-Riem_AdaBN-T,31,0.96,0.9965666667
Lee2019_SSVEP,ShallowConvNet,FM-Dec_A-Riem_AdaBN-T,33,1,1
Lee2019_SSVEP,ShallowConvNet,FM-Dec_A-Riem_AdaBN-T,34,0.765,0.9368
Lee2019_SSVEP,ShallowConvNet,FM-Dec_A-Riem_AdaBN-T,35,0.97,0.9974666667
Lee2019_SSVEP,ShallowConvNet,FM-Dec_A-Riem_AdaBN-T,37,0.985,0.9988666667
Lee2019_SSVEP,ShallowConvNet,FM-Dec_A-Riem_AdaBN-T,38,0.98,0.9995333333
Lee2019_SSVEP,ShallowConvNet,FM-Dec_A-Riem_AdaBN-T,45,0.94,0.9931
Lee2019_SSVEP,ShallowConvNet,FM-Dec_A-Riem_AdaBN-T,46,0.98,0.9996333333
Lee2019_SSVEP,ShallowConvNet,FM-Dec_A-Riem_AdaBN-T,49,0.995,0.9998
Lee2019_SSVEP,ShallowConvNet,FM-Dec_A-Riem_AdaBN-T,50,0.915,0.9901333333
Lee2019_SSVEP,ShallowConvNet,FM-Dec_A-Riem_AdaBN-T,51,0.805,0.9365833333
Lee2019_SSVEP,ShallowConvNet,FM-Dec_A-Riem_AdaBN-T,53,0.995,1
Lee2019_SSVEP,ShallowConvNet,FM-Dec_A-Riem_AdaBN-T,1,0.925,0.9919333333
Lee2019_SSVEP,ShallowConvNet,FM-Dec_A-Riem_AdaBN-T,2,0.985,0.9995333333
Lee2019_SSVEP,ShallowConvNet,FM-Dec_A-Riem_AdaBN-T,3,0.935,0.9932
Lee2019_SSVEP,ShallowConvNet,FM-Dec_A-Riem_AdaBN-T,8,0.935,0.9907
Lee2019_SSVEP,ShallowConvNet,FM-Dec_A-Riem_AdaBN-T,11,1,1
Lee2019_SSVEP,ShallowConvNet,FM-Dec_A-Riem_AdaBN-T,12,0.975,0.9955
Lee2019_SSVEP,ShallowConvNet,FM-Dec_A-Riem_AdaBN-T,15,0.995,1
Lee2019_SSVEP,ShallowConvNet,FM-Dec_A-Riem_AdaBN-T,19,0.86,0.9653
Lee2019_SSVEP,ShallowConvNet,FM-Dec_A-Riem_AdaBN-T,21,0.93,0.9948
Lee2019_SSVEP,ShallowConvNet,FM-Dec_A-Riem_AdaBN-T,22,0.9,0.9828666667
Lee2019_SSVEP,ShallowConvNet,FM-Dec_A-Riem_AdaBN-T,23,0.46,0.6794666667
Lee2019_SSVEP,ShallowConvNet,FM-Dec_A-Riem_AdaBN-T,24,0.92,0.9894
Lee2019_SSVEP,ShallowConvNet,FM-Dec_A-Riem_AdaBN-T,28,0.97,0.9981333333
Lee2019_SSVEP,ShallowConvNet,FM-Dec_A-Riem_AdaBN-T,29,0.93,0.9932
Lee2019_SSVEP,ShallowConvNet,FM-Dec_A-Riem_AdaBN-T,30,0.995,1
Lee2019_SSVEP,ShallowConvNet,FM-Dec_A-Riem_AdaBN-T,32,0.67,0.8848333333
Lee2019_SSVEP,ShallowConvNet,FM-Dec_A-Riem_AdaBN-T,36,1,1
Lee2019_SSVEP,ShallowConvNet,FM-Dec_A-Riem_AdaBN-T,39,0.99,0.9999666667
Lee2019_SSVEP,ShallowConvNet,FM-Dec_A-Riem_AdaBN-T,40,0.885,0.9811333333
Lee2019_SSVEP,ShallowConvNet,FM-Dec_A-Riem_AdaBN-T,41,0.99,0.9989333333
Lee2019_SSVEP,ShallowConvNet,FM-Dec_A-Riem_AdaBN-T,42,0.81,0.9613
Lee2019_SSVEP,ShallowConvNet,FM-Dec_A-Riem_AdaBN-T,43,1,1
Lee2019_SSVEP,ShallowConvNet,FM-Dec_A-Riem_AdaBN-T,44,1,1
Lee2019_SSVEP,ShallowConvNet,FM-Dec_A-Riem_AdaBN-T,47,0.685,0.8784666667
Lee2019_SSVEP,ShallowConvNet,FM-Dec_A-Riem_AdaBN-T,48,0.99,0.9998333333
Lee2019_SSVEP,ShallowConvNet,FM-Dec_A-Riem_AdaBN-T,52,0.955,0.9949666667
Lee2019_SSVEP,ShallowConvNet,FM-Dec_A-Riem_AdaBN-T,54,0.775,0.9327333333
Lee2019_SSVEP,ShallowConvNet,FM-Full_A-Eucl_AdaBN-F,4,0.98,0.9995
Lee2019_SSVEP,ShallowConvNet,FM-Full_A-Eucl_AdaBN-F,5,0.74,0.9168166667
Lee2019_SSVEP,ShallowConvNet,FM-Full_A-Eucl_AdaBN-F,6,0.98,0.9994333333
Lee2019_SSVEP,ShallowConvNet,FM-Full_A-Eucl_AdaBN-F,7,0.985,0.9981666667
Lee2019_SSVEP,ShallowConvNet,FM-Full_A-Eucl_AdaBN-F,9,0.905,0.9923666667
Lee2019_SSVEP,ShallowConvNet,FM-Full_A-Eucl_AdaBN-F,10,0.94,0.9955
Lee2019_SSVEP,ShallowConvNet,FM-Full_A-Eucl_AdaBN-F,13,0.955,0.998
Lee2019_SSVEP,ShallowConvNet,FM-Full_A-Eucl_AdaBN-F,14,0.955,0.9967333333
Lee2019_SSVEP,ShallowConvNet,FM-Full_A-Eucl_AdaBN-F,16,0.98,0.9993333333
Lee2019_SSVEP,ShallowConvNet,FM-Full_A-Eucl_AdaBN-F,17,0.925,0.988
Lee2019_SSVEP,ShallowConvNet,FM-Full_A-Eucl_AdaBN-F,18,0.98,0.9991333333
Lee2019_SSVEP,ShallowConvNet,FM-Full_A-Eucl_AdaBN-F,20,0.935,0.9954666667
Lee2019_SSVEP,ShallowConvNet,FM-Full_A-Eucl_AdaBN-F,25,0.875,0.9818666667
Lee2019_SSVEP,ShallowConvNet,FM-Full_A-Eucl_AdaBN-F,26,0.985,1
Lee2019_SSVEP,ShallowConvNet,FM-Full_A-Eucl_AdaBN-F,27,0.985,0.9993666667
Lee2019_SSVEP,ShallowConvNet,FM-Full_A-Eucl_AdaBN-F,31,0.98,0.9983666667
Lee2019_SSVEP,ShallowConvNet,FM-Full_A-Eucl_AdaBN-F,33,0.99,1
Lee2019_SSVEP,ShallowConvNet,FM-Full_A-Eucl_AdaBN-F,34,0.785,0.9393
Lee2019_SSVEP,ShallowConvNet,FM-Full_A-Eucl_AdaBN-F,35,0.97,0.9993666667
Lee2019_SSVEP,ShallowConvNet,FM-Full_A-Eucl_AdaBN-F,37,0.995,0.9992
Lee2019_SSVEP,ShallowConvNet,FM-Full_A-Eucl_AdaBN-F,38,0.97,0.9994666667
Lee2019_SSVEP,ShallowConvNet,FM-Full_A-Eucl_AdaBN-F,45,0.95,0.9956666667
Lee2019_SSVEP,ShallowConvNet,FM-Full_A-Eucl_AdaBN-F,46,0.985,0.9993333333
Lee2019_SSVEP,ShallowConvNet,FM-Full_A-Eucl_AdaBN-F,49,0.985,0.9978666667
Lee2019_SSVEP,ShallowConvNet,FM-Full_A-Eucl_AdaBN-F,50,0.915,0.9889333333
Lee2019_SSVEP,ShallowConvNet,FM-Full_A-Eucl_AdaBN-F,51,0.785,0.9457
Lee2019_SSVEP,ShallowConvNet,FM-Full_A-Eucl_AdaBN-F,53,0.99,0.9997666667
Lee2019_SSVEP,ShallowConvNet,FM-Full_A-Eucl_AdaBN-F,1,0.94,0.9928
Lee2019_SSVEP,ShallowConvNet,FM-Full_A-Eucl_AdaBN-F,2,0.97,0.9977333333
Lee2019_SSVEP,ShallowConvNet,FM-Full_A-Eucl_AdaBN-F,3,0.95,0.9953666667
Lee2019_SSVEP,ShallowConvNet,FM-Full_A-Eucl_AdaBN-F,8,0.94,0.9895
Lee2019_SSVEP,ShallowConvNet,FM-Full_A-Eucl_AdaBN-F,11,0.945,0.9996
Lee2019_SSVEP,ShallowConvNet,FM-Full_A-Eucl_AdaBN-F,12,0.955,0.9941
Lee2019_SSVEP,ShallowConvNet,FM-Full_A-Eucl_AdaBN-F,15,0.995,0.9999333333
Lee2019_SSVEP,ShallowConvNet,FM-Full_A-Eucl_AdaBN-F,19,0.85,0.9598166667
Lee2019_SSVEP,ShallowConvNet,FM-Full_A-Eucl_AdaBN-F,21,0.925,0.9939333333
Lee2019_SSVEP,ShallowConvNet,FM-Full_A-Eucl_AdaBN-F,22,0.91,0.9877333333
Lee2019_SSVEP,ShallowConvNet,FM-Full_A-Eucl_AdaBN-F,23,0.43,0.7015666667
Lee2019_SSVEP,ShallowConvNet,FM-Full_A-Eucl_AdaBN-F,24,0.915,0.99195
Lee2019_SSVEP,ShallowConvNet,FM-Full_A-Eucl_AdaBN-F,28,0.965,0.9985666667
Lee2019_SSVEP,ShallowConvNet,FM-Full_A-Eucl_AdaBN-F,29,0.915,0.9946666667
Lee2019_SSVEP,ShallowConvNet,FM-Full_A-Eucl_AdaBN-F,30,1,1
Lee2019_SSVEP,ShallowConvNet,FM-Full_A-Eucl_AdaBN-F,32,0.725,0.8935
Lee2019_SSVEP,ShallowConvNet,FM-Full_A-Eucl_AdaBN-F,36,1,1
Lee2019_SSVEP,ShallowConvNet,FM-Full_A-Eucl_AdaBN-F,39,0.99,0.9999666667
Lee2019_SSVEP,ShallowConvNet,FM-Full_A-Eucl_AdaBN-F,40,0.89,0.9879666667
Lee2019_SSVEP,ShallowConvNet,FM-Full_A-Eucl_AdaBN-F,41,0.99,0.9989333333
Lee2019_SSVEP,ShallowConvNet,FM-Full_A-Eucl_AdaBN-F,42,0.81,0.9627666667
Lee2019_SSVEP,ShallowConvNet,FM-Full_A-Eucl_AdaBN-F,43,0.99,1
Lee2019_SSVEP,ShallowConvNet,FM-Full_A-Eucl_AdaBN-F,44,0.995,0.9999666667
Lee2019_SSVEP,ShallowConvNet,FM-Full_A-Eucl_AdaBN-F,47,0.665,0.8792333333
Lee2019_SSVEP,ShallowConvNet,FM-Full_A-Eucl_AdaBN-F,48,0.995,0.9998
Lee2019_SSVEP,ShallowConvNet,FM-Full_A-Eucl_AdaBN-F,52,0.965,0.9968666667
Lee2019_SSVEP,ShallowConvNet,FM-Full_A-Eucl_AdaBN-F,54,0.77,0.9453666667
Lee2019_SSVEP,ShallowConvNet,FM-Full_A-Eucl_AdaBN-T,4,0.995,0.9998333333
Lee2019_SSVEP,ShallowConvNet,FM-Full_A-Eucl_AdaBN-T,5,0.745,0.9099
Lee2019_SSVEP,ShallowConvNet,FM-Full_A-Eucl_AdaBN-T,6,0.99,0.9992666667
Lee2019_SSVEP,ShallowConvNet,FM-Full_A-Eucl_AdaBN-T,7,0.99,0.9979666667
Lee2019_SSVEP,ShallowConvNet,FM-Full_A-Eucl_AdaBN-T,9,0.915,0.9902
Lee2019_SSVEP,ShallowConvNet,FM-Full_A-Eucl_AdaBN-T,10,0.935,0.9941666667
Lee2019_SSVEP,ShallowConvNet,FM-Full_A-Eucl_AdaBN-T,13,0.96,0.997
Lee2019_SSVEP,ShallowConvNet,FM-Full_A-Eucl_AdaBN-T,14,0.97,0.9968666667
Lee2019_SSVEP,ShallowConvNet,FM-Full_A-Eucl_AdaBN-T,16,0.975,0.9982666667
Lee2019_SSVEP,ShallowConvNet,FM-Full_A-Eucl_AdaBN-T,17,0.895,0.9844666667
Lee2019_SSVEP,ShallowConvNet,FM-Full_A-Eucl_AdaBN-T,18,0.98,0.9979333333
Lee2019_SSVEP,ShallowConvNet,FM-Full_A-Eucl_AdaBN-T,20,0.955,0.9984666667
Lee2019_SSVEP,ShallowConvNet,FM-Full_A-Eucl_AdaBN-T,25,0.875,0.9847
Lee2019_SSVEP,ShallowConvNet,FM-Full_A-Eucl_AdaBN-T,26,0.99,0.9999333333
Lee2019_SSVEP,ShallowConvNet,FM-Full_A-Eucl_AdaBN-T,27,0.98,0.9996666667
Lee2019_SSVEP,ShallowConvNet,FM-Full_A-Eucl_AdaBN-T,31,0.985,0.9989666667
Lee2019_SSVEP,ShallowConvNet,FM-Full_A-Eucl_AdaBN-T,33,0.99,0.9999666667
Lee2019_SSVEP,ShallowConvNet,FM-Full_A-Eucl_AdaBN-T,34,0.765,0.9430666667
Lee2019_SSVEP,ShallowConvNet,FM-Full_A-Eucl_AdaBN-T,35,0.975,0.9993
Lee2019_SSVEP,ShallowConvNet,FM-Full_A-Eucl_AdaBN-T,37,0.99,0.9994666667
Lee2019_SSVEP,ShallowConvNet,FM-Full_A-Eucl_AdaBN-T,38,0.985,0.9998
Lee2019_SSVEP,ShallowConvNet,FM-Full_A-Eucl_AdaBN-T,45,0.95,0.9957333333
Lee2019_SSVEP,ShallowConvNet,FM-Full_A-Eucl_AdaBN-T,46,0.975,0.9992333333
Lee2019_SSVEP,ShallowConvNet,FM-Full_A-Eucl_AdaBN-T,49,0.99,0.9990333333
Lee2019_SSVEP,ShallowConvNet,FM-Full_A-Eucl_AdaBN-T,50,0.935,0.9893
Lee2019_SSVEP,ShallowConvNet,FM-Full_A-Eucl_AdaBN-T,51,0.775,0.9337333333
Lee2019_SSVEP,ShallowConvNet,FM-Full_A-Eucl_AdaBN-T,53,0.99,0.9999
Lee2019_SSVEP,ShallowConvNet,FM-Full_A-Eucl_AdaBN-T,1,0.935,0.9926
Lee2019_SSVEP,ShallowConvNet,FM-Full_A-Eucl_AdaBN-T,2,0.975,0.9985333333
Lee2019_SSVEP,ShallowConvNet,FM-Full_A-Eucl_AdaBN-T,3,0.93,0.9959333333
Lee2019_SSVEP,ShallowConvNet,FM-Full_A-Eucl_AdaBN-T,8,0.955,0.9929666667
Lee2019_SSVEP,ShallowConvNet,FM-Full_A-Eucl_AdaBN-T,11,0.96,0.9995666667
Lee2019_SSVEP,ShallowConvNet,FM-Full_A-Eucl_AdaBN-T,12,0.97,0.9961166667
Lee2019_SSVEP,ShallowConvNet,FM-Full_A-Eucl_AdaBN-T,15,0.99,1
Lee2019_SSVEP,ShallowConvNet,FM-Full_A-Eucl_AdaBN-T,19,0.855,0.9690833333
Lee2019_SSVEP,ShallowConvNet,FM-Full_A-Eucl_AdaBN-T,21,0.93,0.9917333333
Lee2019_SSVEP,ShallowConvNet,FM-Full_A-Eucl_AdaBN-T,22,0.915,0.9922
Lee2019_SSVEP,ShallowConvNet,FM-Full_A-Eucl_AdaBN-T,23,0.475,0.7304
Lee2019_SSVEP,ShallowConvNet,FM-Full_A-Eucl_AdaBN-T,24,0.91,0.9882
Lee2019_SSVEP,ShallowConvNet,FM-Full_A-Eucl_AdaBN-T,28,0.98,0.9989333333
Lee2019_SSVEP,ShallowConvNet,FM-Full_A-Eucl_AdaBN-T,29,0.92,0.9930666667
Lee2019_SSVEP,ShallowConvNet,FM-Full_A-Eucl_AdaBN-T,30,1,1
Lee2019_SSVEP,ShallowConvNet,FM-Full_A-Eucl_AdaBN-T,32,0.725,0.9138333333
Lee2019_SSVEP,ShallowConvNet,FM-Full_A-Eucl_AdaBN-T,36,1,1
Lee2019_SSVEP,ShallowConvNet,FM-Full_A-Eucl_AdaBN-T,39,0.985,1
Lee2019_SSVEP,ShallowConvNet,FM-Full_A-Eucl_AdaBN-T,40,0.895,0.9860666667
Lee2019_SSVEP,ShallowConvNet,FM-Full_A-Eucl_AdaBN-T,41,0.98,0.9997
Lee2019_SSVEP,ShallowConvNet,FM-Full_A-Eucl_AdaBN-T,42,0.81,0.9583666667
Lee2019_SSVEP,ShallowConvNet,FM-Full_A-Eucl_AdaBN-T,43,1,1
Lee2019_SSVEP,ShallowConvNet,FM-Full_A-Eucl_AdaBN-T,44,1,1
Lee2019_SSVEP,ShallowConvNet,FM-Full_A-Eucl_AdaBN-T,47,0.66,0.8756333333
Lee2019_SSVEP,ShallowConvNet,FM-Full_A-Eucl_AdaBN-T,48,0.995,0.9996666667
Lee2019_SSVEP,ShallowConvNet,FM-Full_A-Eucl_AdaBN-T,52,0.975,0.9963666667
Lee2019_SSVEP,ShallowConvNet,FM-Full_A-Eucl_AdaBN-T,54,0.79,0.9610333333
Lee2019_SSVEP,ShallowConvNet,FM-Full_A-None_AdaBN-F,4,1,1
Lee2019_SSVEP,ShallowConvNet,FM-Full_A-None_AdaBN-F,5,0.8,0.9439666667
Lee2019_SSVEP,ShallowConvNet,FM-Full_A-None_AdaBN-F,6,1,1
Lee2019_SSVEP,ShallowConvNet,FM-Full_A-None_AdaBN-F,7,0.995,0.9997
Lee2019_SSVEP,ShallowConvNet,FM-Full_A-None_AdaBN-F,9,0.975,0.9987333333
Lee2019_SSVEP,ShallowConvNet,FM-Full_A-None_AdaBN-F,10,0.965,0.9981333333
Lee2019_SSVEP,ShallowConvNet,FM-Full_A-None_AdaBN-F,13,0.935,0.9918333333
Lee2019_SSVEP,ShallowConvNet,FM-Full_A-None_AdaBN-F,14,0.925,0.994
Lee2019_SSVEP,ShallowConvNet,FM-Full_A-None_AdaBN-F,16,0.985,0.9988666667
Lee2019_SSVEP,ShallowConvNet,FM-Full_A-None_AdaBN-F,17,0.935,0.9950666667
Lee2019_SSVEP,ShallowConvNet,FM-Full_A-None_AdaBN-F,18,0.99,1
Lee2019_SSVEP,ShallowConvNet,FM-Full_A-None_AdaBN-F,20,0.94,0.9857333333
Lee2019_SSVEP,ShallowConvNet,FM-Full_A-None_AdaBN-F,25,0.955,0.9970666667
Lee2019_SSVEP,ShallowConvNet,FM-Full_A-None_AdaBN-F,26,0.985,0.9995
Lee2019_SSVEP,ShallowConvNet,FM-Full_A-None_AdaBN-F,27,0.995,1
Lee2019_SSVEP,ShallowConvNet,FM-Full_A-None_AdaBN-F,31,1,1
Lee2019_SSVEP,ShallowConvNet,FM-Full_A-None_AdaBN-F,33,0.98,0.9996666667
Lee2019_SSVEP,ShallowConvNet,FM-Full_A-None_AdaBN-F,34,0.765,0.919
Lee2019_SSVEP,ShallowConvNet,FM-Full_A-None_AdaBN-F,35,0.93,0.9922333333
Lee2019_SSVEP,ShallowConvNet,FM-Full_A-None_AdaBN-F,37,0.98,0.9998666667
Lee2019_SSVEP,ShallowConvNet,FM-Full_A-None_AdaBN-F,38,0.98,0.9995333333
Lee2019_SSVEP,ShallowConvNet,FM-Full_A-None_AdaBN-F,45,0.935,0.9947666667
Lee2019_SSVEP,ShallowConvNet,FM-Full_A-None_AdaBN-F,46,0.975,0.9967666667
Lee2019_SSVEP,ShallowConvNet,FM-Full_A-None_AdaBN-F,49,0.985,0.9993666667
Lee2019_SSVEP,ShallowConvNet,FM-Full_A-None_AdaBN-F,50,0.965,0.9973666667
Lee2019_SSVEP,ShallowConvNet,FM-Full_A-None_AdaBN-F,51,0.785,0.9361
Lee2019_SSVEP,ShallowConvNet,FM-Full_A-None_AdaBN-F,53,0.995,0.9996666667
Lee2019_SSVEP,ShallowConvNet,FM-Full_A-None_AdaBN-F,1,0.955,0.9955333333
Lee2019_SSVEP,ShallowConvNet,FM-Full_A-None_AdaBN-F,2,0.98,0.9990666667
Lee2019_SSVEP,ShallowConvNet,FM-Full_A-None_AdaBN-F,3,0.925,0.9912
Lee2019_SSVEP,ShallowConvNet,FM-Full_A-None_AdaBN-F,8,0.905,0.9865
Lee2019_SSVEP,ShallowConvNet,FM-Full_A-None_AdaBN-F,11,1,1
Lee2019_SSVEP,ShallowConvNet,FM-Full_A-None_AdaBN-F,12,0.96,0.9974
Lee2019_SSVEP,ShallowConvNet,FM-Full_A-None_AdaBN-F,15,0.955,0.9987
Lee2019_SSVEP,ShallowConvNet,FM-Full_A-None_AdaBN-F,19,0.895,0.9771
Lee2019_SSVEP,ShallowConvNet,FM-Full_A-None_AdaBN-F,21,0.985,0.9995666667
Lee2019_SSVEP,ShallowConvNet,FM-Full_A-None_AdaBN-F,22,0.885,0.9796666667
Lee2019_SSVEP,ShallowConvNet,FM-Full_A-None_AdaBN-F,23,0.45,0.7659333333
Lee2019_SSVEP,ShallowConvNet,FM-Full_A-None_AdaBN-F,24,0.94,0.9907333333
Lee2019_SSVEP,ShallowConvNet,FM-Full_A-None_AdaBN-F,28,0.975,0.9975666667
Lee2019_SSVEP,ShallowConvNet,FM-Full_A-None_AdaBN-F,29,0.92,0.9931666667
Lee2019_SSVEP,ShallowConvNet,FM-Full_A-None_AdaBN-F,30,0.99,0.9981333333
Lee2019_SSVEP,ShallowConvNet,FM-Full_A-None_AdaBN-F,32,0.78,0.9359333333
Lee2019_SSVEP,ShallowConvNet,FM-Full_A-None_AdaBN-F,36,1,1
Lee2019_SSVEP,ShallowConvNet,FM-Full_A-None_AdaBN-F,39,0.985,0.9993666667
Lee2019_SSVEP,ShallowConvNet,FM-Full_A-None_AdaBN-F,40,0.915,0.9870666667
Lee2019_SSVEP,ShallowConvNet,FM-Full_A-None_AdaBN-F,41,0.99,0.9998
Lee2019_SSVEP,ShallowConvNet,FM-Full_A-None_AdaBN-F,42,0.815,0.9601666667
Lee2019_SSVEP,ShallowConvNet,FM-Full_A-None_AdaBN-F,43,0.99,0.9999
Lee2019_SSVEP,ShallowConvNet,FM-Full_A-None_AdaBN-F,44,1,1
Lee2019_SSVEP,ShallowConvNet,FM-Full_A-None_AdaBN-F,47,0.61,0.8593166667
Lee2019_SSVEP,ShallowConvNet,FM-Full_A-None_AdaBN-F,48,0.995,1
Lee2019_SSVEP,ShallowConvNet,FM-Full_A-None_AdaBN-F,52,0.965,0.9980333333
Lee2019_SSVEP,ShallowConvNet,FM-Full_A-None_AdaBN-F,54,0.79,0.9423333333
Lee2019_SSVEP,ShallowConvNet,FM-Full_A-Riem_AdaBN-F,4,0.995,0.9999
Lee2019_SSVEP,ShallowConvNet,FM-Full_A-Riem_AdaBN-F,5,0.755,0.9175333333
Lee2019_SSVEP,ShallowConvNet,FM-Full_A-Riem_AdaBN-F,6,0.985,0.9997
Lee2019_SSVEP,ShallowConvNet,FM-Full_A-Riem_AdaBN-F,7,0.995,0.9991666667
Lee2019_SSVEP,ShallowConvNet,FM-Full_A-Riem_AdaBN-F,9,0.89,0.9816
Lee2019_SSVEP,ShallowConvNet,FM-Full_A-Riem_AdaBN-F,10,0.905,0.9868
Lee2019_SSVEP,ShallowConvNet,FM-Full_A-Riem_AdaBN-F,13,0.96,0.9981333333
Lee2019_SSVEP,ShallowConvNet,FM-Full_A-Riem_AdaBN-F,14,0.96,0.9961
Lee2019_SSVEP,ShallowConvNet,FM-Full_A-Riem_AdaBN-F,16,0.975,0.9982
Lee2019_SSVEP,ShallowConvNet,FM-Full_A-Riem_AdaBN-F,17,0.94,0.9914333333
Lee2019_SSVEP,ShallowConvNet,FM-Full_A-Riem_AdaBN-F,18,0.98,0.9995
Lee2019_SSVEP,ShallowConvNet,FM-Full_A-Riem_AdaBN-F,20,0.935,0.9940333333
Lee2019_SSVEP,ShallowConvNet,FM-Full_A-Riem_AdaBN-F,25,0.905,0.9836666667
Lee2019_SSVEP,ShallowConvNet,FM-Full_A-Riem_AdaBN-F,26,0.995,0.9999666667
Lee2019_SSVEP,ShallowConvNet,FM-Full_A-Riem_AdaBN-F,27,0.98,0.9996666667
Lee2019_SSVEP,ShallowConvNet,FM-Full_A-Riem_AdaBN-F,31,0.96,0.9979
Lee2019_SSVEP,ShallowConvNet,FM-Full_A-Riem_AdaBN-F,33,1,1
Lee2019_SSVEP,ShallowConvNet,FM-Full_A-Riem_AdaBN-F,34,0.79,0.9449333333
Lee2019_SSVEP,ShallowConvNet,FM-Full_A-Riem_AdaBN-F,35,0.97,0.9976
Lee2019_SSVEP,ShallowConvNet,FM-Full_A-Riem_AdaBN-F,37,0.98,0.9979
Lee2019_SSVEP,ShallowConvNet,FM-Full_A-Riem_AdaBN-F,38,0.975,0.9994666667
Lee2019_SSVEP,ShallowConvNet,FM-Full_A-Riem_AdaBN-F,45,0.935,0.9952
Lee2019_SSVEP,ShallowConvNet,FM-Full_A-Riem_AdaBN-F,46,0.985,0.9995666667
Lee2019_SSVEP,ShallowConvNet,FM-Full_A-Riem_AdaBN-F,49,0.99,0.9996
Lee2019_SSVEP,ShallowConvNet,FM-Full_A-Riem_AdaBN-F,50,0.92,0.9883333333
Lee2019_SSVEP,ShallowConvNet,FM-Full_A-Riem_AdaBN-F,51,0.81,0.9453166667
Lee2019_SSVEP,ShallowConvNet,FM-Full_A-Riem_AdaBN-F,53,0.99,0.9998
Lee2019_SSVEP,ShallowConvNet,FM-Full_A-Riem_AdaBN-F,1,0.935,0.9929666667
Lee2019_SSVEP,ShallowConvNet,FM-Full_A-Riem_AdaBN-F,2,0.99,0.9995
Lee2019_SSVEP,ShallowConvNet,FM-Full_A-Riem_AdaBN-F,3,0.93,0.9947666667
Lee2019_SSVEP,ShallowConvNet,FM-Full_A-Riem_AdaBN-F,8,0.93,0.9908666667
Lee2019_SSVEP,ShallowConvNet,FM-Full_A-Riem_AdaBN-F,11,0.995,0.9999666667
Lee2019_SSVEP,ShallowConvNet,FM-Full_A-Riem_AdaBN-F,12,0.955,0.9968333333
Lee2019_SSVEP,ShallowConvNet,FM-Full_A-Riem_AdaBN-F,15,1,1
Lee2019_SSVEP,ShallowConvNet,FM-Full_A-Riem_AdaBN-F,19,0.905,0.9828666667
Lee2019_SSVEP,ShallowConvNet,FM-Full_A-Riem_AdaBN-F,21,0.97,0.9977
Lee2019_SSVEP,ShallowConvNet,FM-Full_A-Riem_AdaBN-F,22,0.925,0.987
Lee2019_SSVEP,ShallowConvNet,FM-Full_A-Riem_AdaBN-F,23,0.475,0.6958333333
Lee2019_SSVEP,ShallowConvNet,FM-Full_A-Riem_AdaBN-F,24,0.93,0.9916
Lee2019_SSVEP,ShallowConvNet,FM-Full_A-Riem_AdaBN-F,28,0.975,0.9979666667
Lee2019_SSVEP,ShallowConvNet,FM-Full_A-Riem_AdaBN-F,29,0.95,0.9981
Lee2019_SSVEP,ShallowConvNet,FM-Full_A-Riem_AdaBN-F,30,0.995,1
Lee2019_SSVEP,ShallowConvNet,FM-Full_A-Riem_AdaBN-F,32,0.76,0.9168666667
Lee2019_SSVEP,ShallowConvNet,FM-Full_A-Riem_AdaBN-F,36,1,1
Lee2019_SSVEP,ShallowConvNet,FM-Full_A-Riem_AdaBN-F,39,1,1
Lee2019_SSVEP,ShallowConvNet,FM-Full_A-Riem_AdaBN-F,40,0.93,0.9901666667
Lee2019_SSVEP,ShallowConvNet,FM-Full_A-Riem_AdaBN-F,41,0.995,0.9995666667
Lee2019_SSVEP,ShallowConvNet,FM-Full_A-Riem_AdaBN-F,42,0.83,0.9607333333
Lee2019_SSVEP,ShallowConvNet,FM-Full_A-Riem_AdaBN-F,43,1,1
Lee2019_SSVEP,ShallowConvNet,FM-Full_A-Riem_AdaBN-F,44,0.995,1
Lee2019_SSVEP,ShallowConvNet,FM-Full_A-Riem_AdaBN-F,47,0.645,0.8788
Lee2019_SSVEP,ShallowConvNet,FM-Full_A-Riem_AdaBN-F,48,0.99,0.9999666667
Lee2019_SSVEP,ShallowConvNet,FM-Full_A-Riem_AdaBN-F,52,0.96,0.9952
Lee2019_SSVEP,ShallowConvNet,FM-Full_A-Riem_AdaBN-F,54,0.785,0.9463
Lee2019_SSVEP,ShallowConvNet,FM-Full_A-Riem_AdaBN-T,4,0.995,0.9999333333
Lee2019_SSVEP,ShallowConvNet,FM-Full_A-Riem_AdaBN-T,5,0.74,0.9147333333
Lee2019_SSVEP,ShallowConvNet,FM-Full_A-Riem_AdaBN-T,6,0.99,0.9999333333
Lee2019_SSVEP,ShallowConvNet,FM-Full_A-Riem_AdaBN-T,7,0.995,0.9989333333
Lee2019_SSVEP,ShallowConvNet,FM-Full_A-Riem_AdaBN-T,9,0.895,0.9851
Lee2019_SSVEP,ShallowConvNet,FM-Full_A-Riem_AdaBN-T,10,0.9,0.9902
Lee2019_SSVEP,ShallowConvNet,FM-Full_A-Riem_AdaBN-T,13,0.98,0.9976333333
Lee2019_SSVEP,ShallowConvNet,FM-Full_A-Riem_AdaBN-T,14,0.97,0.9978
Lee2019_SSVEP,ShallowConvNet,FM-Full_A-Riem_AdaBN-T,16,0.98,0.9985333333
Lee2019_SSVEP,ShallowConvNet,FM-Full_A-Riem_AdaBN-T,17,0.95,0.9938
Lee2019_SSVEP,ShallowConvNet,FM-Full_A-Riem_AdaBN-T,18,0.985,0.9995333333
Lee2019_SSVEP,ShallowConvNet,FM-Full_A-Riem_AdaBN-T,20,0.95,0.9948666667
Lee2019_SSVEP,ShallowConvNet,FM-Full_A-Riem_AdaBN-T,25,0.89,0.9868333333
Lee2019_SSVEP,ShallowConvNet,FM-Full_A-Riem_AdaBN-T,26,0.995,0.9998666667
Lee2019_SSVEP,ShallowConvNet,FM-Full_A-Riem_AdaBN-T,27,0.985,0.9998
Lee2019_SSVEP,ShallowConvNet,FM-Full_A-Riem_AdaBN-T,31,0.97,0.9984
Lee2019_SSVEP,ShallowConvNet,FM-Full_A-Riem_AdaBN-T,33,1,1
Lee2019_SSVEP,ShallowConvNet,FM-Full_A-Riem_AdaBN-T,34,0.78,0.9403
Lee2019_SSVEP,ShallowConvNet,FM-Full_A-Riem_AdaBN-T,35,0.97,0.9977
Lee2019_SSVEP,ShallowConvNet,FM-Full_A-Riem_AdaBN-T,37,0.98,0.9991
Lee2019_SSVEP,ShallowConvNet,FM-Full_A-Riem_AdaBN-T,38,0.975,0.9992333333
Lee2019_SSVEP,ShallowConvNet,FM-Full_A-Riem_AdaBN-T,45,0.93,0.9938
Lee2019_SSVEP,ShallowConvNet,FM-Full_A-Riem_AdaBN-T,46,0.985,0.9997666667
Lee2019_SSVEP,ShallowConvNet,FM-Full_A-Riem_AdaBN-T,49,0.995,0.9999333333
Lee2019_SSVEP,ShallowConvNet,FM-Full_A-Riem_AdaBN-T,50,0.95,0.9952
Lee2019_SSVEP,ShallowConvNet,FM-Full_A-Riem_AdaBN-T,51,0.8,0.9413333333
Lee2019_SSVEP,ShallowConvNet,FM-Full_A-Riem_AdaBN-T,53,0.99,1
Lee2019_SSVEP,ShallowConvNet,FM-Full_A-Riem_AdaBN-T,1,0.945,0.9938333333
Lee2019_SSVEP,ShallowConvNet,FM-Full_A-Riem_AdaBN-T,2,0.99,0.9998666667
Lee2019_SSVEP,ShallowConvNet,FM-Full_A-Riem_AdaBN-T,3,0.93,0.9936666667
Lee2019_SSVEP,ShallowConvNet,FM-Full_A-Riem_AdaBN-T,8,0.95,0.9906
Lee2019_SSVEP,ShallowConvNet,FM-Full_A-Riem_AdaBN-T,11,1,1
Lee2019_SSVEP,ShallowConvNet,FM-Full_A-Riem_AdaBN-T,12,0.97,0.9952166667
Lee2019_SSVEP,ShallowConvNet,FM-Full_A-Riem_AdaBN-T,15,0.995,0.9999333333
Lee2019_SSVEP,ShallowConvNet,FM-Full_A-Riem_AdaBN-T,19,0.865,0.97
Lee2019_SSVEP,ShallowConvNet,FM-Full_A-Riem_AdaBN-T,21,0.955,0.9967666667
Lee2019_SSVEP,ShallowConvNet,FM-Full_A-Riem_AdaBN-T,22,0.92,0.9888666667
Lee2019_SSVEP,ShallowConvNet,FM-Full_A-Riem_AdaBN-T,23,0.49,0.7038333333
Lee2019_SSVEP,ShallowConvNet,FM-Full_A-Riem_AdaBN-T,24,0.93,0.9906666667
Lee2019_SSVEP,ShallowConvNet,FM-Full_A-Riem_AdaBN-T,28,0.965,0.9981333333
Lee2019_SSVEP,ShallowConvNet,FM-Full_A-Riem_AdaBN-T,29,0.965,0.9977666667
Lee2019_SSVEP,ShallowConvNet,FM-Full_A-Riem_AdaBN-T,30,0.995,1
Lee2019_SSVEP,ShallowConvNet,FM-Full_A-Riem_AdaBN-T,32,0.75,0.9085833333
Lee2019_SSVEP,ShallowConvNet,FM-Full_A-Riem_AdaBN-T,36,1,1
Lee2019_SSVEP,ShallowConvNet,FM-Full_A-Riem_AdaBN-T,39,0.995,1
Lee2019_SSVEP,ShallowConvNet,FM-Full_A-Riem_AdaBN-T,40,0.905,0.9832833333
Lee2019_SSVEP,ShallowConvNet,FM-Full_A-Riem_AdaBN-T,41,0.985,0.9992
Lee2019_SSVEP,ShallowConvNet,FM-Full_A-Riem_AdaBN-T,42,0.825,0.9627666667
Lee2019_SSVEP,ShallowConvNet,FM-Full_A-Riem_AdaBN-T,43,1,1
Lee2019_SSVEP,ShallowConvNet,FM-Full_A-Riem_AdaBN-T,44,0.995,1
Lee2019_SSVEP,ShallowConvNet,FM-Full_A-Riem_AdaBN-T,47,0.665,0.8754
Lee2019_SSVEP,ShallowConvNet,FM-Full_A-Riem_AdaBN-T,48,0.99,0.9999666667
Lee2019_SSVEP,ShallowConvNet,FM-Full_A-Riem_AdaBN-T,52,0.97,0.9967666667
Lee2019_SSVEP,ShallowConvNet,FM-Full_A-Riem_AdaBN-T,54,0.82,0.9545
Lee2019_SSVEP,ShallowConvNet,FM-None_A-Eucl_AdaBN-T,4,0.985,0.9996333333
Lee2019_SSVEP,ShallowConvNet,FM-None_A-Eucl_AdaBN-T,5,0.71,0.8914666667
Lee2019_SSVEP,ShallowConvNet,FM-None_A-Eucl_AdaBN-T,6,0.955,0.9974
Lee2019_SSVEP,ShallowConvNet,FM-None_A-Eucl_AdaBN-T,7,0.97,0.9958
Lee2019_SSVEP,ShallowConvNet,FM-None_A-Eucl_AdaBN-T,9,0.87,0.9831333333
Lee2019_SSVEP,ShallowConvNet,FM-None_A-Eucl_AdaBN-T,10,0.86,0.9836666667
Lee2019_SSVEP,ShallowConvNet,FM-None_A-Eucl_AdaBN-T,13,0.94,0.9936
Lee2019_SSVEP,ShallowConvNet,FM-None_A-Eucl_AdaBN-T,14,0.91,0.9894
Lee2019_SSVEP,ShallowConvNet,FM-None_A-Eucl_AdaBN-T,16,0.965,0.9969
Lee2019_SSVEP,ShallowConvNet,FM-None_A-Eucl_AdaBN-T,17,0.875,0.9768333333
Lee2019_SSVEP,ShallowConvNet,FM-None_A-Eucl_AdaBN-T,18,0.96,0.9979333333
Lee2019_SSVEP,ShallowConvNet,FM-None_A-Eucl_AdaBN-T,20,0.935,0.9935
Lee2019_SSVEP,ShallowConvNet,FM-None_A-Eucl_AdaBN-T,25,0.855,0.9697666667
Lee2019_SSVEP,ShallowConvNet,FM-None_A-Eucl_AdaBN-T,26,0.97,0.9993
Lee2019_SSVEP,ShallowConvNet,FM-None_A-Eucl_AdaBN-T,27,0.975,0.9995666667
Lee2019_SSVEP,ShallowConvNet,FM-None_A-Eucl_AdaBN-T,31,0.96,0.9962666667
Lee2019_SSVEP,ShallowConvNet,FM-None_A-Eucl_AdaBN-T,33,0.99,0.9999333333
Lee2019_SSVEP,ShallowConvNet,FM-None_A-Eucl_AdaBN-T,34,0.75,0.9219
Lee2019_SSVEP,ShallowConvNet,FM-None_A-Eucl_AdaBN-T,35,0.975,0.9985666667
Lee2019_SSVEP,ShallowConvNet,FM-None_A-Eucl_AdaBN-T,37,0.98,0.9985333333
Lee2019_SSVEP,ShallowConvNet,FM-None_A-Eucl_AdaBN-T,38,0.955,0.998
Lee2019_SSVEP,ShallowConvNet,FM-None_A-Eucl_AdaBN-T,45,0.925,0.9932333333
Lee2019_SSVEP,ShallowConvNet,FM-None_A-Eucl_AdaBN-T,46,0.935,0.9965333333
Lee2019_SSVEP,ShallowConvNet,FM-None_A-Eucl_AdaBN-T,49,0.975,0.9992
Lee2019_SSVEP,ShallowConvNet,FM-None_A-Eucl_AdaBN-T,50,0.9,0.9809666667
Lee2019_SSVEP,ShallowConvNet,FM-None_A-Eucl_AdaBN-T,51,0.775,0.9292333333
Lee2019_SSVEP,ShallowConvNet,FM-None_A-Eucl_AdaBN-T,53,0.99,0.9999666667
Lee2019_SSVEP,ShallowConvNet,FM-None_A-Eucl_AdaBN-T,1,0.93,0.9943
Lee2019_SSVEP,ShallowConvNet,FM-None_A-Eucl_AdaBN-T,2,0.975,0.9968333333
Lee2019_SSVEP,ShallowConvNet,FM-None_A-Eucl_AdaBN-T,3,0.94,0.9925666667
Lee2019_SSVEP,ShallowConvNet,FM-None_A-Eucl_AdaBN-T,8,0.92,0.9885
Lee2019_SSVEP,ShallowConvNet,FM-None_A-Eucl_AdaBN-T,11,0.93,0.9963333333
Lee2019_SSVEP,ShallowConvNet,FM-None_A-Eucl_AdaBN-T,12,0.945,0.9938166667
Lee2019_SSVEP,ShallowConvNet,FM-None_A-Eucl_AdaBN-T,15,0.97,0.9993333333
Lee2019_SSVEP,ShallowConvNet,FM-None_A-Eucl_AdaBN-T,19,0.8,0.952
Lee2019_SSVEP,ShallowConvNet,FM-None_A-Eucl_AdaBN-T,21,0.795,0.983
Lee2019_SSVEP,ShallowConvNet,FM-None_A-Eucl_AdaBN-T,22,0.86,0.97785
Lee2019_SSVEP,ShallowConvNet,FM-None_A-Eucl_AdaBN-T,23,0.29,0.56515
Lee2019_SSVEP,ShallowConvNet,FM-None_A-Eucl_AdaBN-T,24,0.885,0.9755666667
Lee2019_SSVEP,ShallowConvNet,FM-None_A-Eucl_AdaBN-T,28,0.96,0.9977333333
Lee2019_SSVEP,ShallowConvNet,FM-None_A-Eucl_AdaBN-T,29,0.9,0.9883333333
Lee2019_SSVEP,ShallowConvNet,FM-None_A-Eucl_AdaBN-T,30,1,1
Lee2019_SSVEP,ShallowConvNet,FM-None_A-Eucl_AdaBN-T,32,0.465,0.7629166667
Lee2019_SSVEP,ShallowConvNet,FM-None_A-Eucl_AdaBN-T,36,1,1
Lee2019_SSVEP,ShallowConvNet,FM-None_A-Eucl_AdaBN-T,39,0.995,1
Lee2019_SSVEP,ShallowConvNet,FM-None_A-Eucl_AdaBN-T,40,0.83,0.9759666667
Lee2019_SSVEP,ShallowConvNet,FM-None_A-Eucl_AdaBN-T,41,0.965,0.9987
Lee2019_SSVEP,ShallowConvNet,FM-None_A-Eucl_AdaBN-T,42,0.785,0.9508666667
Lee2019_SSVEP,ShallowConvNet,FM-None_A-Eucl_AdaBN-T,43,0.99,1
Lee2019_SSVEP,ShallowConvNet,FM-None_A-Eucl_AdaBN-T,44,0.99,0.9996666667
Lee2019_SSVEP,ShallowConvNet,FM-None_A-Eucl_AdaBN-T,47,0.67,0.8802666667
Lee2019_SSVEP,ShallowConvNet,FM-None_A-Eucl_AdaBN-T,48,0.995,1
Lee2019_SSVEP,ShallowConvNet,FM-None_A-Eucl_AdaBN-T,52,0.92,0.9889
Lee2019_SSVEP,ShallowConvNet,FM-None_A-Eucl_AdaBN-T,54,0.605,0.8941833333
Lee2019_SSVEP,ShallowConvNet,FM-None_A-None_AdaBN-F,4,1,1
Lee2019_SSVEP,ShallowConvNet,FM-None_A-None_AdaBN-F,5,0.77,0.9437666667
Lee2019_SSVEP,ShallowConvNet,FM-None_A-None_AdaBN-F,6,0.955,0.9977666667
Lee2019_SSVEP,ShallowConvNet,FM-None_A-None_AdaBN-F,7,0.995,0.9981
Lee2019_SSVEP,ShallowConvNet,FM-None_A-None_AdaBN-F,9,0.93,0.9955666667
Lee2019_SSVEP,ShallowConvNet,FM-None_A-None_AdaBN-F,10,0.91,0.9946333333
Lee2019_SSVEP,ShallowConvNet,FM-None_A-None_AdaBN-F,13,0.89,0.9881
Lee2019_SSVEP,ShallowConvNet,FM-None_A-None_AdaBN-F,14,0.87,0.9756666667
Lee2019_SSVEP,ShallowConvNet,FM-None_A-None_AdaBN-F,16,0.965,0.9991666667
Lee2019_SSVEP,ShallowConvNet,FM-None_A-None_AdaBN-F,17,0.9,0.9943666667
Lee2019_SSVEP,ShallowConvNet,FM-None_A-None_AdaBN-F,18,0.98,0.9996333333
Lee2019_SSVEP,ShallowConvNet,FM-None_A-None_AdaBN-F,20,0.96,0.9937
Lee2019_SSVEP,ShallowConvNet,FM-None_A-None_AdaBN-F,25,0.91,0.9953333333
Lee2019_SSVEP,ShallowConvNet,FM-None_A-None_AdaBN-F,26,0.965,0.9978333333
Lee2019_SSVEP,ShallowConvNet,FM-None_A-None_AdaBN-F,27,0.995,0.9999666667
Lee2019_SSVEP,ShallowConvNet,FM-None_A-None_AdaBN-F,31,1,1
Lee2019_SSVEP,ShallowConvNet,FM-None_A-None_AdaBN-F,33,0.995,1
Lee2019_SSVEP,ShallowConvNet,FM-None_A-None_AdaBN-F,34,0.695,0.9022
Lee2019_SSVEP,ShallowConvNet,FM-None_A-None_AdaBN-F,35,0.885,0.9764333333
Lee2019_SSVEP,ShallowConvNet,FM-None_A-None_AdaBN-F,37,0.985,0.9986
Lee2019_SSVEP,ShallowConvNet,FM-None_A-None_AdaBN-F,38,0.915,0.9991333333
Lee2019_SSVEP,ShallowConvNet,FM-None_A-None_AdaBN-F,45,0.825,0.9788333333
Lee2019_SSVEP,ShallowConvNet,FM-None_A-None_AdaBN-F,46,0.98,0.9992
Lee2019_SSVEP,ShallowConvNet,FM-None_A-None_AdaBN-F,49,0.99,0.9999
Lee2019_SSVEP,ShallowConvNet,FM-None_A-None_AdaBN-F,50,0.91,0.9881
Lee2019_SSVEP,ShallowConvNet,FM-None_A-None_AdaBN-F,51,0.75,0.9359666667
Lee2019_SSVEP,ShallowConvNet,FM-None_A-None_AdaBN-F,53,0.99,1
Lee2019_SSVEP,ShallowConvNet,FM-None_A-None_AdaBN-F,1,0.935,0.9962666667
Lee2019_SSVEP,ShallowConvNet,FM-None_A-None_AdaBN-F,2,0.955,0.9993333333
Lee2019_SSVEP,ShallowConvNet,FM-None_A-None_AdaBN-F,3,0.91,0.9910333333
Lee2019_SSVEP,ShallowConvNet,FM-None_A-None_AdaBN-F,8,0.915,0.9879333333
Lee2019_SSVEP,ShallowConvNet,FM-None_A-None_AdaBN-F,11,1,1
Lee2019_SSVEP,ShallowConvNet,FM-None_A-None_AdaBN-F,12,0.965,0.9978333333
Lee2019_SSVEP,ShallowConvNet,FM-None_A-None_AdaBN-F,15,0.83,0.9664666667
Lee2019_SSVEP,ShallowConvNet,FM-None_A-None_AdaBN-F,19,0.735,0.9356
Lee2019_SSVEP,ShallowConvNet,FM-None_A-None_AdaBN-F,21,0.91,0.9983666667
Lee2019_SSVEP,ShallowConvNet,FM-None_A-None_AdaBN-F,22,0.845,0.9548333333
Lee2019_SSVEP,ShallowConvNet,FM-None_A-None_AdaBN-F,23,0.44,0.7306666667
Lee2019_SSVEP,ShallowConvNet,FM-None_A-None_AdaBN-F,24,0.825,0.9698166667
Lee2019_SSVEP,ShallowConvNet,FM-None_A-None_AdaBN-F,28,0.98,0.9993
Lee2019_SSVEP,ShallowConvNet,FM-None_A-None_AdaBN-F,29,0.875,0.9764
Lee2019_SSVEP,ShallowConvNet,FM-None_A-None_AdaBN-F,30,0.99,0.9996666667
Lee2019_SSVEP,ShallowConvNet,FM-None_A-None_AdaBN-F,32,0.48,0.79645
Lee2019_SSVEP,ShallowConvNet,FM-None_A-None_AdaBN-F,36,1,1
Lee2019_SSVEP,ShallowConvNet,FM-None_A-None_AdaBN-F,39,0.99,1
Lee2019_SSVEP,ShallowConvNet,FM-None_A-None_AdaBN-F,40,0.87,0.9771666667
Lee2019_SSVEP,ShallowConvNet,FM-None_A-None_AdaBN-F,41,0.975,0.9994333333
Lee2019_SSVEP,ShallowConvNet,FM-None_A-None_AdaBN-F,42,0.805,0.9554333333
Lee2019_SSVEP,ShallowConvNet,FM-None_A-None_AdaBN-F,43,0.99,1
Lee2019_SSVEP,ShallowConvNet,FM-None_A-None_AdaBN-F,44,0.99,0.9998666667
Lee2019_SSVEP,ShallowConvNet,FM-None_A-None_AdaBN-F,47,0.63,0.8646666667
Lee2019_SSVEP,ShallowConvNet,FM-None_A-None_AdaBN-F,48,0.985,1
Lee2019_SSVEP,ShallowConvNet,FM-None_A-None_AdaBN-F,52,0.895,0.9908333333
Lee2019_SSVEP,ShallowConvNet,FM-None_A-None_AdaBN-F,54,0.49,0.8398666667
Lee2019_SSVEP,ShallowConvNet,NoPre_FM-Full_A-Eucl_AdaBN-T,4,0.445,0.6969666667
Lee2019_SSVEP,ShallowConvNet,NoPre_FM-Full_A-Eucl_AdaBN-T,5,0.305,0.5354666667
Lee2019_SSVEP,ShallowConvNet,NoPre_FM-Full_A-Eucl_AdaBN-T,6,0.34,0.6151666667
Lee2019_SSVEP,ShallowConvNet,NoPre_FM-Full_A-Eucl_AdaBN-T,7,0.4,0.6852
Lee2019_SSVEP,ShallowConvNet,NoPre_FM-Full_A-Eucl_AdaBN-T,9,0.435,0.7128333333
Lee2019_SSVEP,ShallowConvNet,NoPre_FM-Full_A-Eucl_AdaBN-T,10,0.34,0.6574
Lee2019_SSVEP,ShallowConvNet,NoPre_FM-Full_A-Eucl_AdaBN-T,13,0.35,0.5788
Lee2019_SSVEP,ShallowConvNet,NoPre_FM-Full_A-Eucl_AdaBN-T,14,0.32,0.5852666667
Lee2019_SSVEP,ShallowConvNet,NoPre_FM-Full_A-Eucl_AdaBN-T,16,0.305,0.6116333333
Lee2019_SSVEP,ShallowConvNet,NoPre_FM-Full_A-Eucl_AdaBN-T,17,0.275,0.567
Lee2019_SSVEP,ShallowConvNet,NoPre_FM-Full_A-Eucl_AdaBN-T,18,0.465,0.7283666667
Lee2019_SSVEP,ShallowConvNet,NoPre_FM-Full_A-Eucl_AdaBN-T,20,0.29,0.5296333333
Lee2019_SSVEP,ShallowConvNet,NoPre_FM-Full_A-Eucl_AdaBN-T,25,0.31,0.6158333333
Lee2019_SSVEP,ShallowConvNet,NoPre_FM-Full_A-Eucl_AdaBN-T,26,0.3,0.5717666667
Lee2019_SSVEP,ShallowConvNet,NoPre_FM-Full_A-Eucl_AdaBN-T,27,0.285,0.5614666667
Lee2019_SSVEP,ShallowConvNet,NoPre_FM-Full_A-Eucl_AdaBN-T,31,0.4,0.6813666667
Lee2019_SSVEP,ShallowConvNet,NoPre_FM-Full_A-Eucl_AdaBN-T,33,0.25,0.5057333333
Lee2019_SSVEP,ShallowConvNet,NoPre_FM-Full_A-Eucl_AdaBN-T,34,0.29,0.5702
Lee2019_SSVEP,ShallowConvNet,NoPre_FM-Full_A-Eucl_AdaBN-T,35,0.255,0.5151333333
Lee2019_SSVEP,ShallowConvNet,NoPre_FM-Full_A-Eucl_AdaBN-T,37,0.265,0.5282
Lee2019_SSVEP,ShallowConvNet,NoPre_FM-Full_A-Eucl_AdaBN-T,38,0.36,0.6307333333
Lee2019_SSVEP,ShallowConvNet,NoPre_FM-Full_A-Eucl_AdaBN-T,45,0.42,0.6881333333
Lee2019_SSVEP,ShallowConvNet,NoPre_FM-Full_A-Eucl_AdaBN-T,46,0.365,0.5964333333
Lee2019_SSVEP,ShallowConvNet,NoPre_FM-Full_A-Eucl_AdaBN-T,49,0.315,0.5812333333
Lee2019_SSVEP,ShallowConvNet,NoPre_FM-Full_A-Eucl_AdaBN-T,50,0.33,0.5906666667
Lee2019_SSVEP,ShallowConvNet,NoPre_FM-Full_A-Eucl_AdaBN-T,51,0.255,0.5210666667
Lee2019_SSVEP,ShallowConvNet,NoPre_FM-Full_A-Eucl_AdaBN-T,53,0.31,0.5823
Lee2019_SSVEP,ShallowConvNet,NoPre_FM-Full_A-Eucl_AdaBN-T,1,0.315,0.5702666667
Lee2019_SSVEP,ShallowConvNet,NoPre_FM-Full_A-Eucl_AdaBN-T,2,0.26,0.5015
Lee2019_SSVEP,ShallowConvNet,NoPre_FM-Full_A-Eucl_AdaBN-T,3,0.33,0.6149
Lee2019_SSVEP,ShallowConvNet,NoPre_FM-Full_A-Eucl_AdaBN-T,8,0.295,0.513
Lee2019_SSVEP,ShallowConvNet,NoPre_FM-Full_A-Eucl_AdaBN-T,11,0.335,0.593
Lee2019_SSVEP,ShallowConvNet,NoPre_FM-Full_A-Eucl_AdaBN-T,12,0.44,0.6869
Lee2019_SSVEP,ShallowConvNet,NoPre_FM-Full_A-Eucl_AdaBN-T,15,0.33,0.5743333333
Lee2019_SSVEP,ShallowConvNet,NoPre_FM-Full_A-Eucl_AdaBN-T,19,0.325,0.6411333333
Lee2019_SSVEP,ShallowConvNet,NoPre_FM-Full_A-Eucl_AdaBN-T,21,0.385,0.6266
Lee2019_SSVEP,ShallowConvNet,NoPre_FM-Full_A-Eucl_AdaBN-T,22,0.255,0.5162333333
Lee2019_SSVEP,ShallowConvNet,NoPre_FM-Full_A-Eucl_AdaBN-T,23,0.285,0.5507333333
Lee2019_SSVEP,ShallowConvNet,NoPre_FM-Full_A-Eucl_AdaBN-T,24,0.27,0.5381
Lee2019_SSVEP,ShallowConvNet,NoPre_FM-Full_A-Eucl_AdaBN-T,28,0.29,0.4963666667
Lee2019_SSVEP,ShallowConvNet,NoPre_FM-Full_A-Eucl_AdaBN-T,29,0.3,0.5803666667
Lee2019_SSVEP,ShallowConvNet,NoPre_FM-Full_A-Eucl_AdaBN-T,30,0.31,0.6117
Lee2019_SSVEP,ShallowConvNet,NoPre_FM-Full_A-Eucl_AdaBN-T,32,0.335,0.6186
Lee2019_SSVEP,ShallowConvNet,NoPre_FM-Full_A-Eucl_AdaBN-T,36,0.425,0.6655666667
Lee2019_SSVEP,ShallowConvNet,NoPre_FM-Full_A-Eucl_AdaBN-T,39,0.275,0.5552666667
Lee2019_SSVEP,ShallowConvNet,NoPre_FM-Full_A-Eucl_AdaBN-T,40,0.29,0.5718333333
Lee2019_SSVEP,ShallowConvNet,NoPre_FM-Full_A-Eucl_AdaBN-T,41,0.275,0.5395
Lee2019_SSVEP,ShallowConvNet,NoPre_FM-Full_A-Eucl_AdaBN-T,42,0.305,0.5752
Lee2019_SSVEP,ShallowConvNet,NoPre_FM-Full_A-Eucl_AdaBN-T,43,0.425,0.7013333333
Lee2019_SSVEP,ShallowConvNet,NoPre_FM-Full_A-Eucl_AdaBN-T,44,0.33,0.6013666667
Lee2019_SSVEP,ShallowConvNet,NoPre_FM-Full_A-Eucl_AdaBN-T,47,0.28,0.5227333333
Lee2019_SSVEP,ShallowConvNet,NoPre_FM-Full_A-Eucl_AdaBN-T,48,0.28,0.5689
Lee2019_SSVEP,ShallowConvNet,NoPre_FM-Full_A-Eucl_AdaBN-T,52,0.37,0.6401
Lee2019_SSVEP,ShallowConvNet,NoPre_FM-Full_A-Eucl_AdaBN-T,54,0.38,0.6232666667
Lee2019_SSVEP,ShallowConvNet,NoPre_FM-Full_A-None_AdaBN-F,4,0.635,0.8682666667
Lee2019_SSVEP,ShallowConvNet,NoPre_FM-Full_A-None_AdaBN-F,5,0.29,0.5134333333
Lee2019_SSVEP,ShallowConvNet,NoPre_FM-Full_A-None_AdaBN-F,6,0.44,0.6980666667
Lee2019_SSVEP,ShallowConvNet,NoPre_FM-Full_A-None_AdaBN-F,7,0.52,0.7729
Lee2019_SSVEP,ShallowConvNet,NoPre_FM-Full_A-None_AdaBN-F,9,0.44,0.6809333333
Lee2019_SSVEP,ShallowConvNet,NoPre_FM-Full_A-None_AdaBN-F,10,0.395,0.6847666667
Lee2019_SSVEP,ShallowConvNet,NoPre_FM-Full_A-None_AdaBN-F,13,0.375,0.6032333333
Lee2019_SSVEP,ShallowConvNet,NoPre_FM-Full_A-None_AdaBN-F,14,0.31,0.5587333333
Lee2019_SSVEP,ShallowConvNet,NoPre_FM-Full_A-None_AdaBN-F,16,0.45,0.6799333333
Lee2019_SSVEP,ShallowConvNet,NoPre_FM-Full_A-None_AdaBN-F,17,0.365,0.6196
Lee2019_SSVEP,ShallowConvNet,NoPre_FM-Full_A-None_AdaBN-F,18,0.63,0.8687666667
Lee2019_SSVEP,ShallowConvNet,NoPre_FM-Full_A-None_AdaBN-F,20,0.23,0.4938
Lee2019_SSVEP,ShallowConvNet,NoPre_FM-Full_A-None_AdaBN-F,25,0.285,0.5821333333
Lee2019_SSVEP,ShallowConvNet,NoPre_FM-Full_A-None_AdaBN-F,26,0.305,0.5542333333
Lee2019_SSVEP,ShallowConvNet,NoPre_FM-Full_A-None_AdaBN-F,27,0.385,0.6615333333
Lee2019_SSVEP,ShallowConvNet,NoPre_FM-Full_A-None_AdaBN-F,31,0.675,0.8717333333
Lee2019_SSVEP,ShallowConvNet,NoPre_FM-Full_A-None_AdaBN-F,33,0.28,0.4855
Lee2019_SSVEP,ShallowConvNet,NoPre_FM-Full_A-None_AdaBN-F,34,0.335,0.5849
Lee2019_SSVEP,ShallowConvNet,NoPre_FM-Full_A-None_AdaBN-F,35,0.37,0.5804
Lee2019_SSVEP,ShallowConvNet,NoPre_FM-Full_A-None_AdaBN-F,37,0.315,0.5571333333
Lee2019_SSVEP,ShallowConvNet,NoPre_FM-Full_A-None_AdaBN-F,38,0.405,0.6653
Lee2019_SSVEP,ShallowConvNet,NoPre_FM-Full_A-None_AdaBN-F,45,0.445,0.6964666667
Lee2019_SSVEP,ShallowConvNet,NoPre_FM-Full_A-None_AdaBN-F,46,0.23,0.5092333333
Lee2019_SSVEP,ShallowConvNet,NoPre_FM-Full_A-None_AdaBN-F,49,0.29,0.5801333333
Lee2019_SSVEP,ShallowConvNet,NoPre_FM-Full_A-None_AdaBN-F,50,0.335,0.6118666667
Lee2019_SSVEP,ShallowConvNet,NoPre_FM-Full_A-None_AdaBN-F,51,0.195,0.4511333333
Lee2019_SSVEP,ShallowConvNet,NoPre_FM-Full_A-None_AdaBN-F,53,0.31,0.5666333333
Lee2019_SSVEP,ShallowConvNet,NoPre_FM-Full_A-None_AdaBN-F,1,0.335,0.5775666667
Lee2019_SSVEP,ShallowConvNet,NoPre_FM-Full_A-None_AdaBN-F,2,0.415,0.6389
Lee2019_SSVEP,ShallowConvNet,NoPre_FM-Full_A-None_AdaBN-F,3,0.45,0.6939666667
Lee2019_SSVEP,ShallowConvNet,NoPre_FM-Full_A-None_AdaBN-F,8,0.275,0.552
Lee2019_SSVEP,ShallowConvNet,NoPre_FM-Full_A-None_AdaBN-F,11,0.605,0.8304
Lee2019_SSVEP,ShallowConvNet,NoPre_FM-Full_A-None_AdaBN-F,12,0.575,0.8143
Lee2019_SSVEP,ShallowConvNet,NoPre_FM-Full_A-None_AdaBN-F,15,0.315,0.5740333333
Lee2019_SSVEP,ShallowConvNet,NoPre_FM-Full_A-None_AdaBN-F,19,0.395,0.6571333333
Lee2019_SSVEP,ShallowConvNet,NoPre_FM-Full_A-None_AdaBN-F,21,0.495,0.7458333333
Lee2019_SSVEP,ShallowConvNet,NoPre_FM-Full_A-None_AdaBN-F,22,0.3,0.5402
Lee2019_SSVEP,ShallowConvNet,NoPre_FM-Full_A-None_AdaBN-F,23,0.29,0.5373
Lee2019_SSVEP,ShallowConvNet,NoPre_FM-Full_A-None_AdaBN-F,24,0.285,0.5251
Lee2019_SSVEP,ShallowConvNet,NoPre_FM-Full_A-None_AdaBN-F,28,0.29,0.5488
Lee2019_SSVEP,ShallowConvNet,NoPre_FM-Full_A-None_AdaBN-F,29,0.35,0.6164
Lee2019_SSVEP,ShallowConvNet,NoPre_FM-Full_A-None_AdaBN-F,30,0.405,0.6527666667
Lee2019_SSVEP,ShallowConvNet,NoPre_FM-Full_A-None_AdaBN-F,32,0.375,0.6679
Lee2019_SSVEP,ShallowConvNet,NoPre_FM-Full_A-None_AdaBN-F,36,0.775,0.9336333333
Lee2019_SSVEP,ShallowConvNet,NoPre_FM-Full_A-None_AdaBN-F,39,0.365,0.6258333333
Lee2019_SSVEP,ShallowConvNet,NoPre_FM-Full_A-None_AdaBN-F,40,0.325,0.5715333333
Lee2019_SSVEP,ShallowConvNet,NoPre_FM-Full_A-None_AdaBN-F,41,0.415,0.6783666667
Lee2019_SSVEP,ShallowConvNet,NoPre_FM-Full_A-None_AdaBN-F,42,0.305,0.5554666667
Lee2019_SSVEP,ShallowConvNet,NoPre_FM-Full_A-None_AdaBN-F,43,0.62,0.8290666667
Lee2019_SSVEP,ShallowConvNet,NoPre_FM-Full_A-None_AdaBN-F,44,0.33,0.5914
Lee2019_SSVEP,ShallowConvNet,NoPre_FM-Full_A-None_AdaBN-F,47,0.26,0.5181666667
Lee2019_SSVEP,ShallowConvNet,NoPre_FM-Full_A-None_AdaBN-F,48,0.46,0.7518
Lee2019_SSVEP,ShallowConvNet,NoPre_FM-Full_A-None_AdaBN-F,52,0.28,0.5437333333
Lee2019_SSVEP,ShallowConvNet,NoPre_FM-Full_A-None_AdaBN-F,54,0.36,0.6085
MAMEM2,ShallowConvNet,FM-Dec_A-Eucl_AdaBN-F,1,0.1246666667,0.4505315288
MAMEM2,ShallowConvNet,FM-Dec_A-Eucl_AdaBN-F,2,0.2133333333,0.5279739348
MAMEM2,ShallowConvNet,FM-Dec_A-Eucl_AdaBN-F,6,0.1993333333,0.4814929323
MAMEM2,ShallowConvNet,FM-Dec_A-Eucl_AdaBN-F,8,0.182,0.4679510777
MAMEM2,ShallowConvNet,FM-Dec_A-Eucl_AdaBN-F,9,0.2473333333,0.5079751378
MAMEM2,ShallowConvNet,FM-Dec_A-Eucl_AdaBN-F,3,0.2206666667,0.4965557895
MAMEM2,ShallowConvNet,FM-Dec_A-Eucl_AdaBN-F,4,0.2033333333,0.5282015038
MAMEM2,ShallowConvNet,FM-Dec_A-Eucl_AdaBN-F,5,0.2526666667,0.5517972932
MAMEM2,ShallowConvNet,FM-Dec_A-Eucl_AdaBN-F,7,0.206,0.5807893734
MAMEM2,ShallowConvNet,FM-Dec_A-Eucl_AdaBN-F,10,0.1626666667,0.469994386
MAMEM2,ShallowConvNet,FM-Dec_A-Eucl_AdaBN-T,1,0.1573333333,0.448246015
MAMEM2,ShallowConvNet,FM-Dec_A-Eucl_AdaBN-T,2,0.2073333333,0.5290389975
MAMEM2,ShallowConvNet,FM-Dec_A-Eucl_AdaBN-T,6,0.2273333333,0.4946632581
MAMEM2,ShallowConvNet,FM-Dec_A-Eucl_AdaBN-T,8,0.1886666667,0.4737393484
MAMEM2,ShallowConvNet,FM-Dec_A-Eucl_AdaBN-T,9,0.2353333333,0.5086612531
MAMEM2,ShallowConvNet,FM-Dec_A-Eucl_AdaBN-T,3,0.2133333333,0.5037321303
MAMEM2,ShallowConvNet,FM-Dec_A-Eucl_AdaBN-T,4,0.2046666667,0.5355396491
MAMEM2,ShallowConvNet,FM-Dec_A-Eucl_AdaBN-T,5,0.2586666667,0.5582482206
MAMEM2,ShallowConvNet,FM-Dec_A-Eucl_AdaBN-T,7,0.2326666667,0.5847574937
MAMEM2,ShallowConvNet,FM-Dec_A-Eucl_AdaBN-T,10,0.1693333333,0.4726261654
MAMEM2,ShallowConvNet,FM-Dec_A-None_AdaBN-F,1,0.1973333333,0.5030766917
MAMEM2,ShallowConvNet,FM-Dec_A-None_AdaBN-F,2,0.196,0.5034111278
MAMEM2,ShallowConvNet,FM-Dec_A-None_AdaBN-F,6,0.21,0.5175474687
MAMEM2,ShallowConvNet,FM-Dec_A-None_AdaBN-F,8,0.238,0.53296401
MAMEM2,ShallowConvNet,FM-Dec_A-None_AdaBN-F,9,0.1926666667,0.4463442607
MAMEM2,ShallowConvNet,FM-Dec_A-None_AdaBN-F,3,0.1506666667,0.4695109774
MAMEM2,ShallowConvNet,FM-Dec_A-None_AdaBN-F,4,0.1973333333,0.4843003509
MAMEM2,ShallowConvNet,FM-Dec_A-None_AdaBN-F,5,0.198,0.4812384962
MAMEM2,ShallowConvNet,FM-Dec_A-None_AdaBN-F,7,0.17,0.4636609524
MAMEM2,ShallowConvNet,FM-Dec_A-None_AdaBN-F,10,0.2513333333,0.5640222556
MAMEM2,ShallowConvNet,FM-Dec_A-Riem_AdaBN-T,1,0.2126666667,0.4918492231
MAMEM2,ShallowConvNet,FM-Dec_A-Riem_AdaBN-T,2,0.162,0.4868188471
MAMEM2,ShallowConvNet,FM-Dec_A-Riem_AdaBN-T,6,0.198,0.4696806015
MAMEM2,ShallowConvNet,FM-Dec_A-Riem_AdaBN-T,8,0.1573333333,0.4799925815
MAMEM2,ShallowConvNet,FM-Dec_A-Riem_AdaBN-T,9,0.184,0.4902446115
MAMEM2,ShallowConvNet,FM-Dec_A-Riem_AdaBN-T,3,0.2553333333,0.5324372932
MAMEM2,ShallowConvNet,FM-Dec_A-Riem_AdaBN-T,4,0.2413333333,0.493679599
MAMEM2,ShallowConvNet,FM-Dec_A-Riem_AdaBN-T,5,0.218,0.5025128822
MAMEM2,ShallowConvNet,FM-Dec_A-Riem_AdaBN-T,7,0.266,0.5670568421
MAMEM2,ShallowConvNet,FM-Dec_A-Riem_AdaBN-T,10,0.18,0.4981493734
MAMEM2,ShallowConvNet,FM-Full_A-Eucl_AdaBN-F,1,0.1926666667,0.4733718296
MAMEM2,ShallowConvNet,FM-Full_A-Eucl_AdaBN-F,2,0.218,0.544796792
MAMEM2,ShallowConvNet,FM-Full_A-Eucl_AdaBN-F,6,0.2086666667,0.4927045614
MAMEM2,ShallowConvNet,FM-Full_A-Eucl_AdaBN-F,8,0.16,0.4265060652
MAMEM2,ShallowConvNet,FM-Full_A-Eucl_AdaBN-F,9,0.2533333333,0.5292579449
MAMEM2,ShallowConvNet,FM-Full_A-Eucl_AdaBN-F,3,0.184,0.4782688722
MAMEM2,ShallowConvNet,FM-Full_A-Eucl_AdaBN-F,4,0.2013333333,0.5113148872
MAMEM2,ShallowConvNet,FM-Full_A-Eucl_AdaBN-F,5,0.248,0.5436469173
MAMEM2,ShallowConvNet,FM-Full_A-Eucl_AdaBN-F,7,0.2246666667,0.5661036591
MAMEM2,ShallowConvNet,FM-Full_A-Eucl_AdaBN-F,10,0.202,0.4729962907
MAMEM2,ShallowConvNet,FM-Full_A-Eucl_AdaBN-T,1,0.1913333333,0.4807348371
MAMEM2,ShallowConvNet,FM-Full_A-Eucl_AdaBN-T,2,0.2033333333,0.5541313283
MAMEM2,ShallowConvNet,FM-Full_A-Eucl_AdaBN-T,6,0.206,0.5118833083
MAMEM2,ShallowConvNet,FM-Full_A-Eucl_AdaBN-T,8,0.17,0.4340687719
MAMEM2,ShallowConvNet,FM-Full_A-Eucl_AdaBN-T,9,0.2393333333,0.5313235088
MAMEM2,ShallowConvNet,FM-Full_A-Eucl_AdaBN-T,3,0.1926666667,0.4818159398
MAMEM2,ShallowConvNet,FM-Full_A-Eucl_AdaBN-T,4,0.1846666667,0.5151749373
MAMEM2,ShallowConvNet,FM-Full_A-Eucl_AdaBN-T,5,0.2813333333,0.559127619
MAMEM2,ShallowConvNet,FM-Full_A-Eucl_AdaBN-T,7,0.268,0.5792270677
MAMEM2,ShallowConvNet,FM-Full_A-Eucl_AdaBN-T,10,0.204,0.4761529825
MAMEM2,ShallowConvNet,FM-Full_A-None_AdaBN-F,1,0.2406666667,0.5283520802
MAMEM2,ShallowConvNet,FM-Full_A-None_AdaBN-F,2,0.1826666667,0.4944513283
MAMEM2,ShallowConvNet,FM-Full_A-None_AdaBN-F,6,0.2486666667,0.5068838095
MAMEM2,ShallowConvNet,FM-Full_A-None_AdaBN-F,8,0.2833333333,0.5449235088
MAMEM2,ShallowConvNet,FM-Full_A-None_AdaBN-F,9,0.156,0.4582835088
MAMEM2,ShallowConvNet,FM-Full_A-None_AdaBN-F,3,0.1746666667,0.4761142857
MAMEM2,ShallowConvNet,FM-Full_A-None_AdaBN-F,4,0.1333333333,0.463037995
MAMEM2,ShallowConvNet,FM-Full_A-None_AdaBN-F,5,0.1926666667,0.4982528321
MAMEM2,ShallowConvNet,FM-Full_A-None_AdaBN-F,7,0.1793333333,0.4802245614
MAMEM2,ShallowConvNet,FM-Full_A-None_AdaBN-F,10,0.27,0.5624300752
MAMEM2,ShallowConvNet,FM-Full_A-Riem_AdaBN-F,1,0.1966666667,0.5123741353
MAMEM2,ShallowConvNet,FM-Full_A-Riem_AdaBN-F,2,0.2193333333,0.4757377444
MAMEM2,ShallowConvNet,FM-Full_A-Riem_AdaBN-F,6,0.18,0.4430187469
MAMEM2,ShallowConvNet,FM-Full_A-Riem_AdaBN-F,8,0.172,0.4585940852
MAMEM2,ShallowConvNet,FM-Full_A-Riem_AdaBN-F,9,0.2093333333,0.4928453133
MAMEM2,ShallowConvNet,FM-Full_A-Riem_AdaBN-F,3,0.1933333333,0.5162859148
MAMEM2,ShallowConvNet,FM-Full_A-Riem_AdaBN-F,4,0.1953333333,0.4879320301
MAMEM2,ShallowConvNet,FM-Full_A-Riem_AdaBN-F,5,0.1953333333,0.4944102256
MAMEM2,ShallowConvNet,FM-Full_A-Riem_AdaBN-F,7,0.2646666667,0.5929802506
MAMEM2,ShallowConvNet,FM-Full_A-Riem_AdaBN-F,10,0.1546666667,0.4890616541
MAMEM2,ShallowConvNet,FM-Full_A-Riem_AdaBN-T,1,0.238,0.5263645113
MAMEM2,ShallowConvNet,FM-Full_A-Riem_AdaBN-T,2,0.142,0.4694630576
MAMEM2,ShallowConvNet,FM-Full_A-Riem_AdaBN-T,6,0.1626666667,0.4481934837
MAMEM2,ShallowConvNet,FM-Full_A-Riem_AdaBN-T,8,0.1573333333,0.4684615539
MAMEM2,ShallowConvNet,FM-Full_A-Riem_AdaBN-T,9,0.1993333333,0.4867346366
MAMEM2,ShallowConvNet,FM-Full_A-Riem_AdaBN-T,3,0.1993333333,0.5238369925
MAMEM2,ShallowConvNet,FM-Full_A-Riem_AdaBN-T,4,0.2046666667,0.475357995
MAMEM2,ShallowConvNet,FM-Full_A-Riem_AdaBN-T,5,0.2293333333,0.5163472682
MAMEM2,ShallowConvNet,FM-Full_A-Riem_AdaBN-T,7,0.3053333333,0.6097790476
MAMEM2,ShallowConvNet,FM-Full_A-Riem_AdaBN-T,10,0.1446666667,0.491118797
MAMEM2,ShallowConvNet,FM-None_A-Eucl_AdaBN-T,1,0.1726666667,0.4531326316
MAMEM2,ShallowConvNet,FM-None_A-Eucl_AdaBN-T,2,0.2173333333,0.53888401
MAMEM2,ShallowConvNet,FM-None_A-Eucl_AdaBN-T,6,0.25,0.5159817544
MAMEM2,ShallowConvNet,FM-None_A-Eucl_AdaBN-T,8,0.1913333333,0.4759103759
MAMEM2,ShallowConvNet,FM-None_A-Eucl_AdaBN-T,9,0.2126666667,0.5053956892
MAMEM2,ShallowConvNet,FM-None_A-Eucl_AdaBN-T,3,0.1533333333,0.4907294236
MAMEM2,ShallowConvNet,FM-None_A-Eucl_AdaBN-T,4,0.2293333333,0.5062582456
MAMEM2,ShallowConvNet,FM-None_A-Eucl_AdaBN-T,5,0.1753333333,0.4796142356
MAMEM2,ShallowConvNet,FM-None_A-Eucl_AdaBN-T,7,0.234,0.5197421554
MAMEM2,ShallowConvNet,FM-None_A-Eucl_AdaBN-T,10,0.1973333333,0.4911753383
MAMEM2,ShallowConvNet,FM-None_A-None_AdaBN-F,1,0.2,0.5177714286
MAMEM2,ShallowConvNet,FM-None_A-None_AdaBN-F,2,0.2,0.5081269173
MAMEM2,ShallowConvNet,FM-None_A-None_AdaBN-F,6,0.206,0.5214634586
MAMEM2,ShallowConvNet,FM-None_A-None_AdaBN-F,8,0.188,0.5169014536
MAMEM2,ShallowConvNet,FM-None_A-None_AdaBN-F,9,0.148,0.4462784962
MAMEM2,ShallowConvNet,FM-None_A-None_AdaBN-F,3,0.2086666667,0.5053239098
MAMEM2,ShallowConvNet,FM-None_A-None_AdaBN-F,4,0.22,0.4921301253
MAMEM2,ShallowConvNet,FM-None_A-None_AdaBN-F,5,0.2333333333,0.5481235088
MAMEM2,ShallowConvNet,FM-None_A-None_AdaBN-F,7,0.188,0.474966015
MAMEM2,ShallowConvNet,FM-None_A-None_AdaBN-F,10,0.236,0.5474129323
MAMEM2,ShallowConvNet,NoPre_FM-Full_A-Eucl_AdaBN-T,1,0.226,0.5246271679
MAMEM2,ShallowConvNet,NoPre_FM-Full_A-Eucl_AdaBN-T,2,0.1446666667,0.4446694737
MAMEM2,ShallowConvNet,NoPre_FM-Full_A-Eucl_AdaBN-T,6,0.2073333333,0.4689459649
MAMEM2,ShallowConvNet,NoPre_FM-Full_A-Eucl_AdaBN-T,8,0.238,0.5530540351
MAMEM2,ShallowConvNet,NoPre_FM-Full_A-Eucl_AdaBN-T,9,0.256,0.5280619549
MAMEM2,ShallowConvNet,NoPre_FM-Full_A-Eucl_AdaBN-T,3,0.1286666667,0.4534169424
MAMEM2,ShallowConvNet,NoPre_FM-Full_A-Eucl_AdaBN-T,4,0.24,0.5700960401
MAMEM2,ShallowConvNet,NoPre_FM-Full_A-Eucl_AdaBN-T,5,0.1813333333,0.510233183
MAMEM2,ShallowConvNet,NoPre_FM-Full_A-Eucl_AdaBN-T,7,0.252,0.5277070677
MAMEM2,ShallowConvNet,NoPre_FM-Full_A-Eucl_AdaBN-T,10,0.24,0.496873183
MAMEM2,ShallowConvNet,NoPre_FM-Full_A-None_AdaBN-F,1,0.282,0.5705812531
MAMEM2,ShallowConvNet,NoPre_FM-Full_A-None_AdaBN-F,2,0.204,0.5157569925
MAMEM2,ShallowConvNet,NoPre_FM-Full_A-None_AdaBN-F,6,0.2053333333,0.4986506266
MAMEM2,ShallowConvNet,NoPre_FM-Full_A-None_AdaBN-F,8,0.2206666667,0.4964802005
MAMEM2,ShallowConvNet,NoPre_FM-Full_A-None_AdaBN-F,9,0.1693333333,0.4579857644
MAMEM2,ShallowConvNet,NoPre_FM-Full_A-None_AdaBN-F,3,0.3153333333,0.5152653634
MAMEM2,ShallowConvNet,NoPre_FM-Full_A-None_AdaBN-F,4,0.246,0.5482480201
MAMEM2,ShallowConvNet,NoPre_FM-Full_A-None_AdaBN-F,5,0.2066666667,0.5010470175
MAMEM2,ShallowConvNet,NoPre_FM-Full_A-None_AdaBN-F,7,0.1793333333,0.4585866667
MAMEM2,ShallowConvNet,NoPre_FM-Full_A-None_AdaBN-F,10,0.278,0.5344998496
Yang2025,ShallowConvNet,FM-Dec_A-Eucl_AdaBN-F,4,0.55,0.5640555556
Yang2025,ShallowConvNet,FM-Dec_A-Eucl_AdaBN-F,5,0.86,0.9376333333
Yang2025,ShallowConvNet,FM-Dec_A-Eucl_AdaBN-F,7,0.7233333333,0.8053944444
Yang2025,ShallowConvNet,FM-Dec_A-Eucl_AdaBN-F,9,0.67,0.7540166667
Yang2025,ShallowConvNet,FM-Dec_A-Eucl_AdaBN-F,10,0.8316666667,0.9179388889
Yang2025,ShallowConvNet,FM-Dec_A-Eucl_AdaBN-F,13,0.755,0.8544055556
Yang2025,ShallowConvNet,FM-Dec_A-Eucl_AdaBN-F,14,0.5533333333,0.5901444444
Yang2025,ShallowConvNet,FM-Dec_A-Eucl_AdaBN-F,16,0.5966666667,0.6288
Yang2025,ShallowConvNet,FM-Dec_A-Eucl_AdaBN-F,17,0.8083333333,0.8826055556
Yang2025,ShallowConvNet,FM-Dec_A-Eucl_AdaBN-F,18,0.6616666667,0.7265833333
Yang2025,ShallowConvNet,FM-Dec_A-Eucl_AdaBN-F,20,0.8216666667,0.9074833333
Yang2025,ShallowConvNet,FM-Dec_A-Eucl_AdaBN-F,25,0.84,0.9362944444
Yang2025,ShallowConvNet,FM-Dec_A-Eucl_AdaBN-F,26,0.8764604236,0.9488907469
Yang2025,ShallowConvNet,FM-Dec_A-Eucl_AdaBN-F,27,0.63,0.6829222222
Yang2025,ShallowConvNet,FM-Dec_A-Eucl_AdaBN-F,31,0.77,0.8368277778
Yang2025,ShallowConvNet,FM-Dec_A-Eucl_AdaBN-F,32,0.5726031215,0.6276588629
Yang2025,ShallowConvNet,FM-Dec_A-Eucl_AdaBN-F,33,0.9266666667,0.9792166667
Yang2025,ShallowConvNet,FM-Dec_A-Eucl_AdaBN-F,34,0.7316666667,0.7939833333
Yang2025,ShallowConvNet,FM-Dec_A-Eucl_AdaBN-F,37,0.8366666667,0.9168777778
Yang2025,ShallowConvNet,FM-Dec_A-Eucl_AdaBN-F,41,0.8716666667,0.9495333333
Yang2025,ShallowConvNet,FM-Dec_A-Eucl_AdaBN-F,44,0.6883333333,0.76855
Yang2025,ShallowConvNet,FM-Dec_A-Eucl_AdaBN-F,45,0.8583333333,0.9280277778
Yang2025,ShallowConvNet,FM-Dec_A-Eucl_AdaBN-F,47,0.88,0.9495611111
Yang2025,ShallowConvNet,FM-Dec_A-Eucl_AdaBN-F,48,0.8416666667,0.9137111111
Yang2025,ShallowConvNet,FM-Dec_A-Eucl_AdaBN-F,49,0.835,0.9133944444
Yang2025,ShallowConvNet,FM-Dec_A-Eucl_AdaBN-F,50,0.9383333333,0.9815611111
Yang2025,ShallowConvNet,FM-Dec_A-Eucl_AdaBN-F,1,0.8983333333,0.9712333333
Yang2025,ShallowConvNet,FM-Dec_A-Eucl_AdaBN-F,2,0.6316666667,0.6978
Yang2025,ShallowConvNet,FM-Dec_A-Eucl_AdaBN-F,3,0.9116666667,0.9722388889
Yang2025,ShallowConvNet,FM-Dec_A-Eucl_AdaBN-F,6,0.9183333333,0.9814222222
Yang2025,ShallowConvNet,FM-Dec_A-Eucl_AdaBN-F,8,0.87,0.9438055556
Yang2025,ShallowConvNet,FM-Dec_A-Eucl_AdaBN-F,11,0.8683333333,0.9443555556
Yang2025,ShallowConvNet,FM-Dec_A-Eucl_AdaBN-F,12,0.6,0.6523833333
Yang2025,ShallowConvNet,FM-Dec_A-Eucl_AdaBN-F,15,0.715,0.8004666667
Yang2025,ShallowConvNet,FM-Dec_A-Eucl_AdaBN-F,19,0.8116666667,0.9086555556
Yang2025,ShallowConvNet,FM-Dec_A-Eucl_AdaBN-F,21,0.8716666667,0.9393333333
Yang2025,ShallowConvNet,FM-Dec_A-Eucl_AdaBN-F,22,0.7716666667,0.8586944444
Yang2025,ShallowConvNet,FM-Dec_A-Eucl_AdaBN-F,23,0.9382218506,0.9834894091
Yang2025,ShallowConvNet,FM-Dec_A-Eucl_AdaBN-F,24,0.9343030111,0.9797183929
Yang2025,ShallowConvNet,FM-Dec_A-Eucl_AdaBN-F,28,0.8,0.8820388889
Yang2025,ShallowConvNet,FM-Dec_A-Eucl_AdaBN-F,29,0.8216666667,0.9018777778
Yang2025,ShallowConvNet,FM-Dec_A-Eucl_AdaBN-F,30,0.895,0.9655222222
Yang2025,ShallowConvNet,FM-Dec_A-Eucl_AdaBN-F,35,0.95,0.9895222222
Yang2025,ShallowConvNet,FM-Dec_A-Eucl_AdaBN-F,36,0.9233333333,0.9747888889
Yang2025,ShallowConvNet,FM-Dec_A-Eucl_AdaBN-F,38,0.6683333333,0.7203444444
Yang2025,ShallowConvNet,FM-Dec_A-Eucl_AdaBN-F,39,0.725,0.7969611111
Yang2025,ShallowConvNet,FM-Dec_A-Eucl_AdaBN-F,40,0.8233333333,0.9013888889
Yang2025,ShallowConvNet,FM-Dec_A-Eucl_AdaBN-F,42,0.81,0.8763333333
Yang2025,ShallowConvNet,FM-Dec_A-Eucl_AdaBN-F,43,0.9783333333,0.9988666667
Yang2025,ShallowConvNet,FM-Dec_A-Eucl_AdaBN-F,46,0.9766666667,0.9977
Yang2025,ShallowConvNet,FM-Dec_A-Eucl_AdaBN-F,51,0.8783333333,0.9622055556
Yang2025,ShallowConvNet,FM-Dec_A-Eucl_AdaBN-T,4,0.5383333333,0.5628111111
Yang2025,ShallowConvNet,FM-Dec_A-Eucl_AdaBN-T,5,0.8666666667,0.9417888889
Yang2025,ShallowConvNet,FM-Dec_A-Eucl_AdaBN-T,7,0.73,0.8167388889
Yang2025,ShallowConvNet,FM-Dec_A-Eucl_AdaBN-T,9,0.675,0.7573944444
Yang2025,ShallowConvNet,FM-Dec_A-Eucl_AdaBN-T,10,0.8183333333,0.9135444444
Yang2025,ShallowConvNet,FM-Dec_A-Eucl_AdaBN-T,13,0.745,0.8338777778
Yang2025,ShallowConvNet,FM-Dec_A-Eucl_AdaBN-T,14,0.555,0.5788333333
Yang2025,ShallowConvNet,FM-Dec_A-Eucl_AdaBN-T,16,0.5566666667,0.6001722222
Yang2025,ShallowConvNet,FM-Dec_A-Eucl_AdaBN-T,17,0.805,0.8748111111
Yang2025,ShallowConvNet,FM-Dec_A-Eucl_AdaBN-T,18,0.655,0.7141111111
Yang2025,ShallowConvNet,FM-Dec_A-Eucl_AdaBN-T,20,0.8283333333,0.9053888889
Yang2025,ShallowConvNet,FM-Dec_A-Eucl_AdaBN-T,25,0.87,0.9434555556
Yang2025,ShallowConvNet,FM-Dec_A-Eucl_AdaBN-T,26,0.8664492754,0.940696767
Yang2025,ShallowConvNet,FM-Dec_A-Eucl_AdaBN-T,27,0.635,0.6852444444
Yang2025,ShallowConvNet,FM-Dec_A-Eucl_AdaBN-T,31,0.7366666667,0.8162
Yang2025,ShallowConvNet,FM-Dec_A-Eucl_AdaBN-T,32,0.5993199554,0.6306633222
Yang2025,ShallowConvNet,FM-Dec_A-Eucl_AdaBN-T,33,0.92,0.9785611111
Yang2025,ShallowConvNet,FM-Dec_A-Eucl_AdaBN-T,34,0.7166666667,0.7863888889
Yang2025,ShallowConvNet,FM-Dec_A-Eucl_AdaBN-T,37,0.85,0.9246555556
Yang2025,ShallowConvNet,FM-Dec_A-Eucl_AdaBN-T,41,0.88,0.95165
Yang2025,ShallowConvNet,FM-Dec_A-Eucl_AdaBN-T,44,0.69,0.7652833333
Yang2025,ShallowConvNet,FM-Dec_A-Eucl_AdaBN-T,45,0.8383333333,0.9159166667
Yang2025,ShallowConvNet,FM-Dec_A-Eucl_AdaBN-T,47,0.89,0.9496833333
Yang2025,ShallowConvNet,FM-Dec_A-Eucl_AdaBN-T,48,0.8316666667,0.9153666667
Yang2025,ShallowConvNet,FM-Dec_A-Eucl_AdaBN-T,49,0.825,0.9167222222
Yang2025,ShallowConvNet,FM-Dec_A-Eucl_AdaBN-T,50,0.9283333333,0.9762277778
Yang2025,ShallowConvNet,FM-Dec_A-Eucl_AdaBN-T,1,0.905,0.9723444444
Yang2025,ShallowConvNet,FM-Dec_A-Eucl_AdaBN-T,2,0.6516666667,0.6939
Yang2025,ShallowConvNet,FM-Dec_A-Eucl_AdaBN-T,3,0.915,0.9692277778
Yang2025,ShallowConvNet,FM-Dec_A-Eucl_AdaBN-T,6,0.9266666667,0.9824
Yang2025,ShallowConvNet,FM-Dec_A-Eucl_AdaBN-T,8,0.8816666667,0.9425333333
Yang2025,ShallowConvNet,FM-Dec_A-Eucl_AdaBN-T,11,0.8866666667,0.9553777778
Yang2025,ShallowConvNet,FM-Dec_A-Eucl_AdaBN-T,12,0.6133333333,0.6564166667
Yang2025,ShallowConvNet,FM-Dec_A-Eucl_AdaBN-T,15,0.7233333333,0.8074444444
Yang2025,ShallowConvNet,FM-Dec_A-Eucl_AdaBN-T,19,0.8066666667,0.8968166667
Yang2025,ShallowConvNet,FM-Dec_A-Eucl_AdaBN-T,21,0.8566666667,0.9364111111
Yang2025,ShallowConvNet,FM-Dec_A-Eucl_AdaBN-T,22,0.7883333333,0.8665333333
Yang2025,ShallowConvNet,FM-Dec_A-Eucl_AdaBN-T,23,0.9382274247,0.9858639911
Yang2025,ShallowConvNet,FM-Dec_A-Eucl_AdaBN-T,24,0.9293374751,0.9777457827
Yang2025,ShallowConvNet,FM-Dec_A-Eucl_AdaBN-T,28,0.8016666667,0.8730333333
Yang2025,ShallowConvNet,FM-Dec_A-Eucl_AdaBN-T,29,0.8116666667,0.9073555556
Yang2025,ShallowConvNet,FM-Dec_A-Eucl_AdaBN-T,30,0.8966666667,0.9682611111
Yang2025,ShallowConvNet,FM-Dec_A-Eucl_AdaBN-T,35,0.9483333333,0.9927777778
Yang2025,ShallowConvNet,FM-Dec_A-Eucl_AdaBN-T,36,0.9266666667,0.9760666667
Yang2025,ShallowConvNet,FM-Dec_A-Eucl_AdaBN-T,38,0.6716666667,0.7158888889
Yang2025,ShallowConvNet,FM-Dec_A-Eucl_AdaBN-T,39,0.7283333333,0.8147833333
Yang2025,ShallowConvNet,FM-Dec_A-Eucl_AdaBN-T,40,0.82,0.8988944444
Yang2025,ShallowConvNet,FM-Dec_A-Eucl_AdaBN-T,42,0.7966666667,0.8692666667
Yang2025,ShallowConvNet,FM-Dec_A-Eucl_AdaBN-T,43,0.98,0.9993555556
Yang2025,ShallowConvNet,FM-Dec_A-Eucl_AdaBN-T,46,0.9766666667,0.9982777778
Yang2025,ShallowConvNet,FM-Dec_A-Eucl_AdaBN-T,51,0.8733333333,0.9557277778
Yang2025,ShallowConvNet,FM-Dec_A-None_AdaBN-F,4,0.58,0.6188944444
Yang2025,ShallowConvNet,FM-Dec_A-None_AdaBN-F,5,0.9,0.9660555556
Yang2025,ShallowConvNet,FM-Dec_A-None_AdaBN-F,7,0.795,0.8937611111
Yang2025,ShallowConvNet,FM-Dec_A-None_AdaBN-F,9,0.725,0.8137222222
Yang2025,ShallowConvNet,FM-Dec_A-None_AdaBN-F,10,0.8733333333,0.9448444444
Yang2025,ShallowConvNet,FM-Dec_A-None_AdaBN-F,13,0.7966666667,0.8776
Yang2025,ShallowConvNet,FM-Dec_A-None_AdaBN-F,14,0.56,0.5863333333
Yang2025,ShallowConvNet,FM-Dec_A-None_AdaBN-F,16,0.6616666667,0.7128
Yang2025,ShallowConvNet,FM-Dec_A-None_AdaBN-F,17,0.7866666667,0.8795833333
Yang2025,ShallowConvNet,FM-Dec_A-None_AdaBN-F,18,0.6966666667,0.7698833333
Yang2025,ShallowConvNet,FM-Dec_A-None_AdaBN-F,20,0.865,0.9391166667
Yang2025,ShallowConvNet,FM-Dec_A-None_AdaBN-F,25,0.915,0.9559055556
Yang2025,ShallowConvNet,FM-Dec_A-None_AdaBN-F,26,0.8897993311,0.9506354515
Yang2025,ShallowConvNet,FM-Dec_A-None_AdaBN-F,27,0.6716666667,0.7095666667
Yang2025,ShallowConvNet,FM-Dec_A-None_AdaBN-F,31,0.775,0.8752055556
Yang2025,ShallowConvNet,FM-Dec_A-None_AdaBN-F,32,0.6410813824,0.7072909699
Yang2025,ShallowConvNet,FM-Dec_A-None_AdaBN-F,33,0.9766666667,0.9953888889
Yang2025,ShallowConvNet,FM-Dec_A-None_AdaBN-F,34,0.7816666667,0.8618
Yang2025,ShallowConvNet,FM-Dec_A-None_AdaBN-F,37,0.8966666667,0.9619222222
Yang2025,ShallowConvNet,FM-Dec_A-None_AdaBN-F,41,0.93,0.9816333333
Yang2025,ShallowConvNet,FM-Dec_A-None_AdaBN-F,44,0.7816666667,0.8598166667
Yang2025,ShallowConvNet,FM-Dec_A-None_AdaBN-F,45,0.88,0.9396777778
Yang2025,ShallowConvNet,FM-Dec_A-None_AdaBN-F,47,0.8983333333,0.96375
Yang2025,ShallowConvNet,FM-Dec_A-None_AdaBN-F,48,0.885,0.9573444444
Yang2025,ShallowConvNet,FM-Dec_A-None_AdaBN-F,49,0.945,0.9890222222
Yang2025,ShallowConvNet,FM-Dec_A-None_AdaBN-F,50,0.945,0.9882666667
Yang2025,ShallowConvNet,FM-Dec_A-None_AdaBN-F,1,0.9316666667,0.9833888889
Yang2025,ShallowConvNet,FM-Dec_A-None_AdaBN-F,2,0.6816666667,0.7596777778
Yang2025,ShallowConvNet,FM-Dec_A-None_AdaBN-F,3,0.9466666667,0.9900333333
Yang2025,ShallowConvNet,FM-Dec_A-None_AdaBN-F,6,0.965,0.9946166667
Yang2025,ShallowConvNet,FM-Dec_A-None_AdaBN-F,8,0.9316666667,0.9820777778
Yang2025,ShallowConvNet,FM-Dec_A-None_AdaBN-F,11,0.9083333333,0.9723222222
Yang2025,ShallowConvNet,FM-Dec_A-None_AdaBN-F,12,0.5883333333,0.6330333333
Yang2025,ShallowConvNet,FM-Dec_A-None_AdaBN-F,15,0.8333333333,0.9024277778
Yang2025,ShallowConvNet,FM-Dec_A-None_AdaBN-F,19,0.8716666667,0.9447111111
Yang2025,ShallowConvNet,FM-Dec_A-None_AdaBN-F,21,0.9033333333,0.9645222222
Yang2025,ShallowConvNet,FM-Dec_A-None_AdaBN-F,22,0.8083333333,0.8916833333
Yang2025,ShallowConvNet,FM-Dec_A-None_AdaBN-F,23,0.949916388,0.984548495
Yang2025,ShallowConvNet,FM-Dec_A-None_AdaBN-F,24,0.9646517323,0.9943202431
Yang2025,ShallowConvNet,FM-Dec_A-None_AdaBN-F,28,0.8733333333,0.9495444444
Yang2025,ShallowConvNet,FM-Dec_A-None_AdaBN-F,29,0.8533333333,0.9417833333
Yang2025,ShallowConvNet,FM-Dec_A-None_AdaBN-F,30,0.89,0.9586388889
Yang2025,ShallowConvNet,FM-Dec_A-None_AdaBN-F,35,0.9416666667,0.9901222222
Yang2025,ShallowConvNet,FM-Dec_A-None_AdaBN-F,36,0.9383333333,0.9851166667
Yang2025,ShallowConvNet,FM-Dec_A-None_AdaBN-F,38,0.635,0.6890222222
Yang2025,ShallowConvNet,FM-Dec_A-None_AdaBN-F,39,0.7716666667,0.8530722222
Yang2025,ShallowConvNet,FM-Dec_A-None_AdaBN-F,40,0.8416666667,0.9162944444
Yang2025,ShallowConvNet,FM-Dec_A-None_AdaBN-F,42,0.8416666667,0.9099666667
Yang2025,ShallowConvNet,FM-Dec_A-None_AdaBN-F,43,0.995,0.9999666667
Yang2025,ShallowConvNet,FM-Dec_A-None_AdaBN-F,46,0.99,0.9997333333
Yang2025,ShallowConvNet,FM-Dec_A-None_AdaBN-F,51,0.885,0.9561
Yang2025,ShallowConvNet,FM-Dec_A-Riem_AdaBN-T,4,0.5516666667,0.5815111111
Yang2025,ShallowConvNet,FM-Dec_A-Riem_AdaBN-T,5,0.885,0.9494
Yang2025,ShallowConvNet,FM-Dec_A-Riem_AdaBN-T,7,0.77,0.8540944444
Yang2025,ShallowConvNet,FM-Dec_A-Riem_AdaBN-T,9,0.6783333333,0.7558888889
Yang2025,ShallowConvNet,FM-Dec_A-Riem_AdaBN-T,10,0.8166666667,0.9045777778
Yang2025,ShallowConvNet,FM-Dec_A-Riem_AdaBN-T,13,0.7583333333,0.8304666667
Yang2025,ShallowConvNet,FM-Dec_A-Riem_AdaBN-T,14,0.5866666667,0.6030333333
Yang2025,ShallowConvNet,FM-Dec_A-Riem_AdaBN-T,16,0.615,0.6535333333
Yang2025,ShallowConvNet,FM-Dec_A-Riem_AdaBN-T,17,0.7716666667,0.8646444444
Yang2025,ShallowConvNet,FM-Dec_A-Riem_AdaBN-T,18,0.7,0.7505833333
Yang2025,ShallowConvNet,FM-Dec_A-Riem_AdaBN-T,20,0.8733333333,0.9553944444
Yang2025,ShallowConvNet,FM-Dec_A-Riem_AdaBN-T,25,0.895,0.9672888889
Yang2025,ShallowConvNet,FM-Dec_A-Riem_AdaBN-T,26,0.9214882943,0.9786510591
Yang2025,ShallowConvNet,FM-Dec_A-Riem_AdaBN-T,27,0.6866666667,0.75965
Yang2025,ShallowConvNet,FM-Dec_A-Riem_AdaBN-T,31,0.7533333333,0.8275444444
Yang2025,ShallowConvNet,FM-Dec_A-Riem_AdaBN-T,32,0.6126978818,0.6676923077
Yang2025,ShallowConvNet,FM-Dec_A-Riem_AdaBN-T,33,0.9316666667,0.9779777778
Yang2025,ShallowConvNet,FM-Dec_A-Riem_AdaBN-T,34,0.7283333333,0.8211666667
Yang2025,ShallowConvNet,FM-Dec_A-Riem_AdaBN-T,37,0.8716666667,0.9384
Yang2025,ShallowConvNet,FM-Dec_A-Riem_AdaBN-T,41,0.8816666667,0.96135
Yang2025,ShallowConvNet,FM-Dec_A-Riem_AdaBN-T,44,0.7433333333,0.8126055556
Yang2025,ShallowConvNet,FM-Dec_A-Riem_AdaBN-T,45,0.85,0.9353111111
Yang2025,ShallowConvNet,FM-Dec_A-Riem_AdaBN-T,47,0.8966666667,0.9587
Yang2025,ShallowConvNet,FM-Dec_A-Riem_AdaBN-T,48,0.8283333333,0.9174555556
Yang2025,ShallowConvNet,FM-Dec_A-Riem_AdaBN-T,49,0.8483333333,0.9349555556
Yang2025,ShallowConvNet,FM-Dec_A-Riem_AdaBN-T,50,0.9383333333,0.9866333333
Yang2025,ShallowConvNet,FM-Dec_A-Riem_AdaBN-T,1,0.8883333333,0.9554111111
Yang2025,ShallowConvNet,FM-Dec_A-Riem_AdaBN-T,2,0.6283333333,0.688
Yang2025,ShallowConvNet,FM-Dec_A-Riem_AdaBN-T,3,0.9116666667,0.9684666667
Yang2025,ShallowConvNet,FM-Dec_A-Riem_AdaBN-T,6,0.9066666667,0.9719833333
Yang2025,ShallowConvNet,FM-Dec_A-Riem_AdaBN-T,8,0.8666666667,0.9366666667
Yang2025,ShallowConvNet,FM-Dec_A-Riem_AdaBN-T,11,0.85,0.9380111111
Yang2025,ShallowConvNet,FM-Dec_A-Riem_AdaBN-T,12,0.5633333333,0.6123777778
Yang2025,ShallowConvNet,FM-Dec_A-Riem_AdaBN-T,15,0.76,0.8394111111
Yang2025,ShallowConvNet,FM-Dec_A-Riem_AdaBN-T,19,0.8133333333,0.9021666667
Yang2025,ShallowConvNet,FM-Dec_A-Riem_AdaBN-T,21,0.8733333333,0.9463444444
Yang2025,ShallowConvNet,FM-Dec_A-Riem_AdaBN-T,22,0.8066666667,0.8758666667
Yang2025,ShallowConvNet,FM-Dec_A-Riem_AdaBN-T,23,0.9398885173,0.9887848384
Yang2025,ShallowConvNet,FM-Dec_A-Riem_AdaBN-T,24,0.9007232904,0.9709436786
Yang2025,ShallowConvNet,FM-Dec_A-Riem_AdaBN-T,28,0.81,0.8933444444
Yang2025,ShallowConvNet,FM-Dec_A-Riem_AdaBN-T,29,0.8216666667,0.9157055556
Yang2025,ShallowConvNet,FM-Dec_A-Riem_AdaBN-T,30,0.89,0.9530444444
Yang2025,ShallowConvNet,FM-Dec_A-Riem_AdaBN-T,35,0.9366666667,0.9861888889
Yang2025,ShallowConvNet,FM-Dec_A-Riem_AdaBN-T,36,0.925,0.9776166667
Yang2025,ShallowConvNet,FM-Dec_A-Riem_AdaBN-T,38,0.6783333333,0.7438
Yang2025,ShallowConvNet,FM-Dec_A-Riem_AdaBN-T,39,0.705,0.7918
Yang2025,ShallowConvNet,FM-Dec_A-Riem_AdaBN-T,40,0.7966666667,0.8897111111
Yang2025,ShallowConvNet,FM-Dec_A-Riem_AdaBN-T,42,0.775,0.8516388889
Yang2025,ShallowConvNet,FM-Dec_A-Riem_AdaBN-T,43,0.985,0.9985222222
Yang2025,ShallowConvNet,FM-Dec_A-Riem_AdaBN-T,46,0.9466666667,0.9916111111
Yang2025,ShallowConvNet,FM-Dec_A-Riem_AdaBN-T,51,0.8266666667,0.9187388889
Yang2025,ShallowConvNet,FM-Full_A-Eucl_AdaBN-F,4,0.5366666667,0.5617055556
Yang2025,ShallowConvNet,FM-Full_A-Eucl_AdaBN-F,5,0.9133333333,0.9625666667
Yang2025,ShallowConvNet,FM-Full_A-Eucl_AdaBN-F,7,0.77,0.8609388889
Yang2025,ShallowConvNet,FM-Full_A-Eucl_AdaBN-F,9,0.7033333333,0.74895
Yang2025,ShallowConvNet,FM-Full_A-Eucl_AdaBN-F,10,0.84,0.9402
Yang2025,ShallowConvNet,FM-Full_A-Eucl_AdaBN-F,13,0.7683333333,0.8657833333
Yang2025,ShallowConvNet,FM-Full_A-Eucl_AdaBN-F,14,0.555,0.5842166667
Yang2025,ShallowConvNet,FM-Full_A-Eucl_AdaBN-F,16,0.6166666667,0.6383611111
Yang2025,ShallowConvNet,FM-Full_A-Eucl_AdaBN-F,17,0.8066666667,0.8851888889
Yang2025,ShallowConvNet,FM-Full_A-Eucl_AdaBN-F,18,0.6566666667,0.7091444444
Yang2025,ShallowConvNet,FM-Full_A-Eucl_AdaBN-F,20,0.865,0.9545444444
Yang2025,ShallowConvNet,FM-Full_A-Eucl_AdaBN-F,25,0.9,0.9697166667
Yang2025,ShallowConvNet,FM-Full_A-Eucl_AdaBN-F,26,0.9215328874,0.9694537347
Yang2025,ShallowConvNet,FM-Full_A-Eucl_AdaBN-F,27,0.64,0.7301722222
Yang2025,ShallowConvNet,FM-Full_A-Eucl_AdaBN-F,31,0.7466666667,0.8222055556
Yang2025,ShallowConvNet,FM-Full_A-Eucl_AdaBN-F,32,0.5843088071,0.6322017837
Yang2025,ShallowConvNet,FM-Full_A-Eucl_AdaBN-F,33,0.9416666667,0.9870388889
Yang2025,ShallowConvNet,FM-Full_A-Eucl_AdaBN-F,34,0.745,0.8349888889
Yang2025,ShallowConvNet,FM-Full_A-Eucl_AdaBN-F,37,0.8583333333,0.9352944444
Yang2025,ShallowConvNet,FM-Full_A-Eucl_AdaBN-F,41,0.875,0.9541111111
Yang2025,ShallowConvNet,FM-Full_A-Eucl_AdaBN-F,44,0.69,0.7743555556
Yang2025,ShallowConvNet,FM-Full_A-Eucl_AdaBN-F,45,0.8583333333,0.9395666667
Yang2025,ShallowConvNet,FM-Full_A-Eucl_AdaBN-F,47,0.915,0.9642833333
Yang2025,ShallowConvNet,FM-Full_A-Eucl_AdaBN-F,48,0.8516666667,0.9331222222
Yang2025,ShallowConvNet,FM-Full_A-Eucl_AdaBN-F,49,0.8616666667,0.9422833333
Yang2025,ShallowConvNet,FM-Full_A-Eucl_AdaBN-F,50,0.9416666667,0.9852888889
Yang2025,ShallowConvNet,FM-Full_A-Eucl_AdaBN-F,1,0.9116666667,0.9789555556
Yang2025,ShallowConvNet,FM-Full_A-Eucl_AdaBN-F,2,0.645,0.7239277778
Yang2025,ShallowConvNet,FM-Full_A-Eucl_AdaBN-F,3,0.945,0.9788777778
Yang2025,ShallowConvNet,FM-Full_A-Eucl_AdaBN-F,6,0.945,0.9920222222
Yang2025,ShallowConvNet,FM-Full_A-Eucl_AdaBN-F,8,0.9083333333,0.97045
Yang2025,ShallowConvNet,FM-Full_A-Eucl_AdaBN-F,11,0.89,0.9547888889
Yang2025,ShallowConvNet,FM-Full_A-Eucl_AdaBN-F,12,0.6016666667,0.6401444444
Yang2025,ShallowConvNet,FM-Full_A-Eucl_AdaBN-F,15,0.7816666667,0.8589777778
Yang2025,ShallowConvNet,FM-Full_A-Eucl_AdaBN-F,19,0.84,0.9269555556
Yang2025,ShallowConvNet,FM-Full_A-Eucl_AdaBN-F,21,0.8766666667,0.9503277778
Yang2025,ShallowConvNet,FM-Full_A-Eucl_AdaBN-F,22,0.8233333333,0.9009777778
Yang2025,ShallowConvNet,FM-Full_A-Eucl_AdaBN-F,23,0.9582664437,0.989180602
Yang2025,ShallowConvNet,FM-Full_A-Eucl_AdaBN-F,24,0.9376700526,0.9819744241
Yang2025,ShallowConvNet,FM-Full_A-Eucl_AdaBN-F,28,0.8216666667,0.9051666667
Yang2025,ShallowConvNet,FM-Full_A-Eucl_AdaBN-F,29,0.86,0.9459
Yang2025,ShallowConvNet,FM-Full_A-Eucl_AdaBN-F,30,0.9183333333,0.9728
Yang2025,ShallowConvNet,FM-Full_A-Eucl_AdaBN-F,35,0.9533333333,0.9944555556
Yang2025,ShallowConvNet,FM-Full_A-Eucl_AdaBN-F,36,0.93,0.9797
Yang2025,ShallowConvNet,FM-Full_A-Eucl_AdaBN-F,38,0.6683333333,0.7512222222
Yang2025,ShallowConvNet,FM-Full_A-Eucl_AdaBN-F,39,0.7583333333,0.8409388889
Yang2025,ShallowConvNet,FM-Full_A-Eucl_AdaBN-F,40,0.845,0.9207666667
Yang2025,ShallowConvNet,FM-Full_A-Eucl_AdaBN-F,42,0.7916666667,0.8789944444
Yang2025,ShallowConvNet,FM-Full_A-Eucl_AdaBN-F,43,0.9883333333,0.9994777778
Yang2025,ShallowConvNet,FM-Full_A-Eucl_AdaBN-F,46,0.9783333333,0.9989111111
Yang2025,ShallowConvNet,FM-Full_A-Eucl_AdaBN-F,51,0.8916666667,0.9597
Yang2025,ShallowConvNet,FM-Full_A-Eucl_AdaBN-T,4,0.5466666667,0.5521111111
Yang2025,ShallowConvNet,FM-Full_A-Eucl_AdaBN-T,5,0.8933333333,0.9648166667
Yang2025,ShallowConvNet,FM-Full_A-Eucl_AdaBN-T,7,0.7666666667,0.85305
Yang2025,ShallowConvNet,FM-Full_A-Eucl_AdaBN-T,9,0.68,0.7582277778
Yang2025,ShallowConvNet,FM-Full_A-Eucl_AdaBN-T,10,0.8433333333,0.9371333333
Yang2025,ShallowConvNet,FM-Full_A-Eucl_AdaBN-T,13,0.7516666667,0.8550611111
Yang2025,ShallowConvNet,FM-Full_A-Eucl_AdaBN-T,14,0.5633333333,0.58875
Yang2025,ShallowConvNet,FM-Full_A-Eucl_AdaBN-T,16,0.605,0.6451777778
Yang2025,ShallowConvNet,FM-Full_A-Eucl_AdaBN-T,17,0.7966666667,0.8826388889
Yang2025,ShallowConvNet,FM-Full_A-Eucl_AdaBN-T,18,0.6366666667,0.6976277778
Yang2025,ShallowConvNet,FM-Full_A-Eucl_AdaBN-T,20,0.875,0.9551444444
Yang2025,ShallowConvNet,FM-Full_A-Eucl_AdaBN-T,25,0.9033333333,0.9725611111
Yang2025,ShallowConvNet,FM-Full_A-Eucl_AdaBN-T,26,0.9165105909,0.9739855072
Yang2025,ShallowConvNet,FM-Full_A-Eucl_AdaBN-T,27,0.6616666667,0.7294277778
Yang2025,ShallowConvNet,FM-Full_A-Eucl_AdaBN-T,31,0.7483333333,0.8288722222
Yang2025,ShallowConvNet,FM-Full_A-Eucl_AdaBN-T,32,0.602664437,0.6601170569
Yang2025,ShallowConvNet,FM-Full_A-Eucl_AdaBN-T,33,0.9416666667,0.9873444444
Yang2025,ShallowConvNet,FM-Full_A-Eucl_AdaBN-T,34,0.7383333333,0.8095555556
Yang2025,ShallowConvNet,FM-Full_A-Eucl_AdaBN-T,37,0.88,0.9444666667
Yang2025,ShallowConvNet,FM-Full_A-Eucl_AdaBN-T,41,0.87,0.9550444444
Yang2025,ShallowConvNet,FM-Full_A-Eucl_AdaBN-T,44,0.7033333333,0.7690833333
Yang2025,ShallowConvNet,FM-Full_A-Eucl_AdaBN-T,45,0.8666666667,0.9405333333
Yang2025,ShallowConvNet,FM-Full_A-Eucl_AdaBN-T,47,0.9133333333,0.9659222222
Yang2025,ShallowConvNet,FM-Full_A-Eucl_AdaBN-T,48,0.8466666667,0.9325166667
Yang2025,ShallowConvNet,FM-Full_A-Eucl_AdaBN-T,49,0.87,0.9491611111
Yang2025,ShallowConvNet,FM-Full_A-Eucl_AdaBN-T,50,0.94,0.9841833333
Yang2025,ShallowConvNet,FM-Full_A-Eucl_AdaBN-T,1,0.92,0.9817444444
Yang2025,ShallowConvNet,FM-Full_A-Eucl_AdaBN-T,2,0.6533333333,0.7211777778
Yang2025,ShallowConvNet,FM-Full_A-Eucl_AdaBN-T,3,0.9416666667,0.9743444444
Yang2025,ShallowConvNet,FM-Full_A-Eucl_AdaBN-T,6,0.9516666667,0.9917888889
Yang2025,ShallowConvNet,FM-Full_A-Eucl_AdaBN-T,8,0.905,0.9664222222
Yang2025,ShallowConvNet,FM-Full_A-Eucl_AdaBN-T,11,0.8816666667,0.9587666667
Yang2025,ShallowConvNet,FM-Full_A-Eucl_AdaBN-T,12,0.57,0.6325277778
Yang2025,ShallowConvNet,FM-Full_A-Eucl_AdaBN-T,15,0.7716666667,0.8645
Yang2025,ShallowConvNet,FM-Full_A-Eucl_AdaBN-T,19,0.84,0.9229666667
Yang2025,ShallowConvNet,FM-Full_A-Eucl_AdaBN-T,21,0.8783333333,0.9532111111
Yang2025,ShallowConvNet,FM-Full_A-Eucl_AdaBN-T,22,0.8416666667,0.9056222222
Yang2025,ShallowConvNet,FM-Full_A-Eucl_AdaBN-T,23,0.9499108138,0.989425864
Yang2025,ShallowConvNet,FM-Full_A-Eucl_AdaBN-T,24,0.93096998,0.9801151823
Yang2025,ShallowConvNet,FM-Full_A-Eucl_AdaBN-T,28,0.8266666667,0.9066888889
Yang2025,ShallowConvNet,FM-Full_A-Eucl_AdaBN-T,29,0.8833333333,0.9614
Yang2025,ShallowConvNet,FM-Full_A-Eucl_AdaBN-T,30,0.9116666667,0.9760555556
Yang2025,ShallowConvNet,FM-Full_A-Eucl_AdaBN-T,35,0.9516666667,0.9948
Yang2025,ShallowConvNet,FM-Full_A-Eucl_AdaBN-T,36,0.9283333333,0.9817666667
Yang2025,ShallowConvNet,FM-Full_A-Eucl_AdaBN-T,38,0.6833333333,0.7528666667
Yang2025,ShallowConvNet,FM-Full_A-Eucl_AdaBN-T,39,0.7466666667,0.8335777778
Yang2025,ShallowConvNet,FM-Full_A-Eucl_AdaBN-T,40,0.835,0.9238277778
Yang2025,ShallowConvNet,FM-Full_A-Eucl_AdaBN-T,42,0.795,0.8781166667
Yang2025,ShallowConvNet,FM-Full_A-Eucl_AdaBN-T,43,0.995,0.9998777778
Yang2025,ShallowConvNet,FM-Full_A-Eucl_AdaBN-T,46,0.9783333333,0.9988111111
Yang2025,ShallowConvNet,FM-Full_A-Eucl_AdaBN-T,51,0.8916666667,0.9596333333
Yang2025,ShallowConvNet,FM-Full_A-None_AdaBN-F,4,0.5866666667,0.6044555556
Yang2025,ShallowConvNet,FM-Full_A-None_AdaBN-F,5,0.9033333333,0.9706277778
Yang2025,ShallowConvNet,FM-Full_A-None_AdaBN-F,7,0.82,0.9042888889
Yang2025,ShallowConvNet,FM-Full_A-None_AdaBN-F,9,0.7316666667,0.8193444444
Yang2025,ShallowConvNet,FM-Full_A-None_AdaBN-F,10,0.8683333333,0.9521777778
Yang2025,ShallowConvNet,FM-Full_A-None_AdaBN-F,13,0.81,0.8899
Yang2025,ShallowConvNet,FM-Full_A-None_AdaBN-F,14,0.5533333333,0.5856333333
Yang2025,ShallowConvNet,FM-Full_A-None_AdaBN-F,16,0.68,0.72935
Yang2025,ShallowConvNet,FM-Full_A-None_AdaBN-F,17,0.8066666667,0.9094777778
Yang2025,ShallowConvNet,FM-Full_A-None_AdaBN-F,18,0.7133333333,0.7901111111
Yang2025,ShallowConvNet,FM-Full_A-None_AdaBN-F,20,0.8883333333,0.9557111111
Yang2025,ShallowConvNet,FM-Full_A-None_AdaBN-F,25,0.9366666667,0.9775833333
Yang2025,ShallowConvNet,FM-Full_A-None_AdaBN-F,26,0.9015050167,0.9709587514
Yang2025,ShallowConvNet,FM-Full_A-None_AdaBN-F,27,0.6866666667,0.7796666667
Yang2025,ShallowConvNet,FM-Full_A-None_AdaBN-F,31,0.7983333333,0.8945444444
Yang2025,ShallowConvNet,FM-Full_A-None_AdaBN-F,32,0.6895039019,0.7505351171
Yang2025,ShallowConvNet,FM-Full_A-None_AdaBN-F,33,0.9766666667,0.9946055556
Yang2025,ShallowConvNet,FM-Full_A-None_AdaBN-F,34,0.8,0.8904333333
Yang2025,ShallowConvNet,FM-Full_A-None_AdaBN-F,37,0.92,0.9669166667
Yang2025,ShallowConvNet,FM-Full_A-None_AdaBN-F,41,0.915,0.9781555556
Yang2025,ShallowConvNet,FM-Full_A-None_AdaBN-F,44,0.7683333333,0.8512777778
Yang2025,ShallowConvNet,FM-Full_A-None_AdaBN-F,45,0.8683333333,0.94625
Yang2025,ShallowConvNet,FM-Full_A-None_AdaBN-F,47,0.91,0.9702444444
Yang2025,ShallowConvNet,FM-Full_A-None_AdaBN-F,48,0.8983333333,0.9630666667
Yang2025,ShallowConvNet,FM-Full_A-None_AdaBN-F,49,0.9633333333,0.994
Yang2025,ShallowConvNet,FM-Full_A-None_AdaBN-F,50,0.955,0.9893055556
Yang2025,ShallowConvNet,FM-Full_A-None_AdaBN-F,1,0.95,0.9909
Yang2025,ShallowConvNet,FM-Full_A-None_AdaBN-F,2,0.695,0.7644666667
Yang2025,ShallowConvNet,FM-Full_A-None_AdaBN-F,3,0.9616666667,0.9894777778
Yang2025,ShallowConvNet,FM-Full_A-None_AdaBN-F,6,0.9716666667,0.9964722222
Yang2025,ShallowConvNet,FM-Full_A-None_AdaBN-F,8,0.94,0.98165
Yang2025,ShallowConvNet,FM-Full_A-None_AdaBN-F,11,0.9216666667,0.9803555556
Yang2025,ShallowConvNet,FM-Full_A-None_AdaBN-F,12,0.5833333333,0.6395777778
Yang2025,ShallowConvNet,FM-Full_A-None_AdaBN-F,15,0.8116666667,0.8954555556
Yang2025,ShallowConvNet,FM-Full_A-None_AdaBN-F,19,0.865,0.9452333333
Yang2025,ShallowConvNet,FM-Full_A-None_AdaBN-F,21,0.895,0.9628277778
Yang2025,ShallowConvNet,FM-Full_A-None_AdaBN-F,22,0.865,0.9244888889
Yang2025,ShallowConvNet,FM-Full_A-None_AdaBN-F,23,0.9499108138,0.9925195095
Yang2025,ShallowConvNet,FM-Full_A-None_AdaBN-F,24,0.9663635951,0.9957146744
Yang2025,ShallowConvNet,FM-Full_A-None_AdaBN-F,28,0.9033333333,0.9709555556
Yang2025,ShallowConvNet,FM-Full_A-None_AdaBN-F,29,0.9,0.9701666667
Yang2025,ShallowConvNet,FM-Full_A-None_AdaBN-F,30,0.9533333333,0.9896666667
Yang2025,ShallowConvNet,FM-Full_A-None_AdaBN-F,35,0.9633333333,0.9930444444
Yang2025,ShallowConvNet,FM-Full_A-None_AdaBN-F,36,0.9383333333,0.9839222222
Yang2025,ShallowConvNet,FM-Full_A-None_AdaBN-F,38,0.6333333333,0.7108944444
Yang2025,ShallowConvNet,FM-Full_A-None_AdaBN-F,39,0.7616666667,0.8608555556
Yang2025,ShallowConvNet,FM-Full_A-None_AdaBN-F,40,0.8466666667,0.9251111111
Yang2025,ShallowConvNet,FM-Full_A-None_AdaBN-F,42,0.8416666667,0.9157777778
Yang2025,ShallowConvNet,FM-Full_A-None_AdaBN-F,43,0.995,0.9998777778
Yang2025,ShallowConvNet,FM-Full_A-None_AdaBN-F,46,0.995,0.9998222222
Yang2025,ShallowConvNet,FM-Full_A-None_AdaBN-F,51,0.8916666667,0.9654888889
Yang2025,ShallowConvNet,FM-Full_A-Riem_AdaBN-F,4,0.5333333333,0.5535555556
Yang2025,ShallowConvNet,FM-Full_A-Riem_AdaBN-F,5,0.8916666667,0.9553
Yang2025,ShallowConvNet,FM-Full_A-Riem_AdaBN-F,7,0.785,0.8632
Yang2025,ShallowConvNet,FM-Full_A-Riem_AdaBN-F,9,0.675,0.7395277778
Yang2025,ShallowConvNet,FM-Full_A-Riem_AdaBN-F,10,0.8566666667,0.9326888889
Yang2025,ShallowConvNet,FM-Full_A-Riem_AdaBN-F,13,0.7466666667,0.8410333333
Yang2025,ShallowConvNet,FM-Full_A-Riem_AdaBN-F,14,0.5133333333,0.5591444444
Yang2025,ShallowConvNet,FM-Full_A-Riem_AdaBN-F,16,0.6216666667,0.65105
Yang2025,ShallowConvNet,FM-Full_A-Riem_AdaBN-F,17,0.785,0.8779944444
Yang2025,ShallowConvNet,FM-Full_A-Riem_AdaBN-F,18,0.7,0.7457666667
Yang2025,ShallowConvNet,FM-Full_A-Riem_AdaBN-F,20,0.8883333333,0.9517666667
Yang2025,ShallowConvNet,FM-Full_A-Riem_AdaBN-F,25,0.9216666667,0.97435
Yang2025,ShallowConvNet,FM-Full_A-Riem_AdaBN-F,26,0.9248717949,0.9755239688
Yang2025,ShallowConvNet,FM-Full_A-Riem_AdaBN-F,27,0.68,0.7372333333
Yang2025,ShallowConvNet,FM-Full_A-Riem_AdaBN-F,31,0.7516666667,0.83165
Yang2025,ShallowConvNet,FM-Full_A-Riem_AdaBN-F,32,0.6227257525,0.6559977703
Yang2025,ShallowConvNet,FM-Full_A-Riem_AdaBN-F,33,0.9166666667,0.9803666667
Yang2025,ShallowConvNet,FM-Full_A-Riem_AdaBN-F,34,0.7766666667,0.8502666667
Yang2025,ShallowConvNet,FM-Full_A-Riem_AdaBN-F,37,0.875,0.9507888889
Yang2025,ShallowConvNet,FM-Full_A-Riem_AdaBN-F,41,0.8883333333,0.9637333333
Yang2025,ShallowConvNet,FM-Full_A-Riem_AdaBN-F,44,0.7316666667,0.8115888889
Yang2025,ShallowConvNet,FM-Full_A-Riem_AdaBN-F,45,0.8683333333,0.9452
Yang2025,ShallowConvNet,FM-Full_A-Riem_AdaBN-F,47,0.8883333333,0.9557888889
Yang2025,ShallowConvNet,FM-Full_A-Riem_AdaBN-F,48,0.8816666667,0.9449888889
Yang2025,ShallowConvNet,FM-Full_A-Riem_AdaBN-F,49,0.8816666667,0.9480166667
Yang2025,ShallowConvNet,FM-Full_A-Riem_AdaBN-F,50,0.9483333333,0.9882333333
Yang2025,ShallowConvNet,FM-Full_A-Riem_AdaBN-F,1,0.8983333333,0.9652666667
Yang2025,ShallowConvNet,FM-Full_A-Riem_AdaBN-F,2,0.6283333333,0.6976055556
Yang2025,ShallowConvNet,FM-Full_A-Riem_AdaBN-F,3,0.9316666667,0.9807555556
Yang2025,ShallowConvNet,FM-Full_A-Riem_AdaBN-F,6,0.945,0.9866444444
Yang2025,ShallowConvNet,FM-Full_A-Riem_AdaBN-F,8,0.88,0.9524555556
Yang2025,ShallowConvNet,FM-Full_A-Riem_AdaBN-F,11,0.865,0.9421333333
Yang2025,ShallowConvNet,FM-Full_A-Riem_AdaBN-F,12,0.5533333333,0.6109111111
Yang2025,ShallowConvNet,FM-Full_A-Riem_AdaBN-F,15,0.7816666667,0.8661166667
Yang2025,ShallowConvNet,FM-Full_A-Riem_AdaBN-F,19,0.8483333333,0.9271555556
Yang2025,ShallowConvNet,FM-Full_A-Riem_AdaBN-F,21,0.895,0.9579166667
Yang2025,ShallowConvNet,FM-Full_A-Riem_AdaBN-F,22,0.7933333333,0.88965
Yang2025,ShallowConvNet,FM-Full_A-Riem_AdaBN-F,23,0.9465663322,0.9891638796
Yang2025,ShallowConvNet,FM-Full_A-Riem_AdaBN-F,24,0.9225467078,0.9795823508
Yang2025,ShallowConvNet,FM-Full_A-Riem_AdaBN-F,28,0.8383333333,0.9060333333
Yang2025,ShallowConvNet,FM-Full_A-Riem_AdaBN-F,29,0.8616666667,0.9402222222
Yang2025,ShallowConvNet,FM-Full_A-Riem_AdaBN-F,30,0.9033333333,0.9645444444
Yang2025,ShallowConvNet,FM-Full_A-Riem_AdaBN-F,35,0.9433333333,0.9907111111
Yang2025,ShallowConvNet,FM-Full_A-Riem_AdaBN-F,36,0.9166666667,0.9810333333
Yang2025,ShallowConvNet,FM-Full_A-Riem_AdaBN-F,38,0.695,0.7771722222
Yang2025,ShallowConvNet,FM-Full_A-Riem_AdaBN-F,39,0.7183333333,0.8040555556
Yang2025,ShallowConvNet,FM-Full_A-Riem_AdaBN-F,40,0.8166666667,0.9006666667
Yang2025,ShallowConvNet,FM-Full_A-Riem_AdaBN-F,42,0.79,0.8669
Yang2025,ShallowConvNet,FM-Full_A-Riem_AdaBN-F,43,0.99,0.9998555556
Yang2025,ShallowConvNet,FM-Full_A-Riem_AdaBN-F,46,0.9616666667,0.9953777778
Yang2025,ShallowConvNet,FM-Full_A-Riem_AdaBN-F,51,0.8366666667,0.9257777778
Yang2025,ShallowConvNet,FM-Full_A-Riem_AdaBN-T,4,0.535,0.5670444444
Yang2025,ShallowConvNet,FM-Full_A-Riem_AdaBN-T,5,0.885,0.9619611111
Yang2025,ShallowConvNet,FM-Full_A-Riem_AdaBN-T,7,0.78,0.8793111111
Yang2025,ShallowConvNet,FM-Full_A-Riem_AdaBN-T,9,0.6666666667,0.7459555556
Yang2025,ShallowConvNet,FM-Full_A-Riem_AdaBN-T,10,0.855,0.9289611111
Yang2025,ShallowConvNet,FM-Full_A-Riem_AdaBN-T,13,0.74,0.8330333333
Yang2025,ShallowConvNet,FM-Full_A-Riem_AdaBN-T,14,0.5483333333,0.5818166667
Yang2025,ShallowConvNet,FM-Full_A-Riem_AdaBN-T,16,0.6233333333,0.6642111111
Yang2025,ShallowConvNet,FM-Full_A-Riem_AdaBN-T,17,0.805,0.8833555556
Yang2025,ShallowConvNet,FM-Full_A-Riem_AdaBN-T,18,0.6666666667,0.7385055556
Yang2025,ShallowConvNet,FM-Full_A-Riem_AdaBN-T,20,0.8916666667,0.9616555556
Yang2025,ShallowConvNet,FM-Full_A-Riem_AdaBN-T,25,0.925,0.9754333333
Yang2025,ShallowConvNet,FM-Full_A-Riem_AdaBN-T,26,0.9365328874,0.9822742475
Yang2025,ShallowConvNet,FM-Full_A-Riem_AdaBN-T,27,0.6683333333,0.7337611111
Yang2025,ShallowConvNet,FM-Full_A-Riem_AdaBN-T,31,0.7466666667,0.8444555556
Yang2025,ShallowConvNet,FM-Full_A-Riem_AdaBN-T,32,0.6227146042,0.6812597547
Yang2025,ShallowConvNet,FM-Full_A-Riem_AdaBN-T,33,0.9316666667,0.9821944444
Yang2025,ShallowConvNet,FM-Full_A-Riem_AdaBN-T,34,0.77,0.8447666667
Yang2025,ShallowConvNet,FM-Full_A-Riem_AdaBN-T,37,0.8783333333,0.9509555556
Yang2025,ShallowConvNet,FM-Full_A-Riem_AdaBN-T,41,0.9033333333,0.9694888889
Yang2025,ShallowConvNet,FM-Full_A-Riem_AdaBN-T,44,0.7316666667,0.81815
Yang2025,ShallowConvNet,FM-Full_A-Riem_AdaBN-T,45,0.8766666667,0.9379055556
Yang2025,ShallowConvNet,FM-Full_A-Riem_AdaBN-T,47,0.9166666667,0.9709555556
Yang2025,ShallowConvNet,FM-Full_A-Riem_AdaBN-T,48,0.8583333333,0.9422444444
Yang2025,ShallowConvNet,FM-Full_A-Riem_AdaBN-T,49,0.86,0.9411444444
Yang2025,ShallowConvNet,FM-Full_A-Riem_AdaBN-T,50,0.9366666667,0.9861333333
Yang2025,ShallowConvNet,FM-Full_A-Riem_AdaBN-T,1,0.9083333333,0.9716888889
Yang2025,ShallowConvNet,FM-Full_A-Riem_AdaBN-T,2,0.6666666667,0.7239777778
Yang2025,ShallowConvNet,FM-Full_A-Riem_AdaBN-T,3,0.9316666667,0.9743444444
Yang2025,ShallowConvNet,FM-Full_A-Riem_AdaBN-T,6,0.9433333333,0.9828444444
Yang2025,ShallowConvNet,FM-Full_A-Riem_AdaBN-T,8,0.8916666667,0.9535666667
Yang2025,ShallowConvNet,FM-Full_A-Riem_AdaBN-T,11,0.8633333333,0.9436111111
Yang2025,ShallowConvNet,FM-Full_A-Riem_AdaBN-T,12,0.5466666667,0.5579333333
Yang2025,ShallowConvNet,FM-Full_A-Riem_AdaBN-T,15,0.7783333333,0.8593111111
Yang2025,ShallowConvNet,FM-Full_A-Riem_AdaBN-T,19,0.8383333333,0.9277777778
Yang2025,ShallowConvNet,FM-Full_A-Riem_AdaBN-T,21,0.88,0.961
Yang2025,ShallowConvNet,FM-Full_A-Riem_AdaBN-T,22,0.83,0.8979111111
Yang2025,ShallowConvNet,FM-Full_A-Riem_AdaBN-T,23,0.9615830546,0.9915607581
Yang2025,ShallowConvNet,FM-Full_A-Riem_AdaBN-T,24,0.9242472338,0.9815492926
Yang2025,ShallowConvNet,FM-Full_A-Riem_AdaBN-T,28,0.8216666667,0.90995
Yang2025,ShallowConvNet,FM-Full_A-Riem_AdaBN-T,29,0.86,0.9447555556
Yang2025,ShallowConvNet,FM-Full_A-Riem_AdaBN-T,30,0.915,0.9766222222
Yang2025,ShallowConvNet,FM-Full_A-Riem_AdaBN-T,35,0.9566666667,0.9904
Yang2025,ShallowConvNet,FM-Full_A-Riem_AdaBN-T,36,0.9183333333,0.9777611111
Yang2025,ShallowConvNet,FM-Full_A-Riem_AdaBN-T,38,0.6933333333,0.7758055556
Yang2025,ShallowConvNet,FM-Full_A-Riem_AdaBN-T,39,0.7516666667,0.8221
Yang2025,ShallowConvNet,FM-Full_A-Riem_AdaBN-T,40,0.8166666667,0.9016055556
Yang2025,ShallowConvNet,FM-Full_A-Riem_AdaBN-T,42,0.765,0.8667777778
Yang2025,ShallowConvNet,FM-Full_A-Riem_AdaBN-T,43,0.99,0.9995222222
Yang2025,ShallowConvNet,FM-Full_A-Riem_AdaBN-T,46,0.9716666667,0.9969555556
Yang2025,ShallowConvNet,FM-Full_A-Riem_AdaBN-T,51,0.8366666667,0.9337444444
Yang2025,ShallowConvNet,FM-None_A-Eucl_AdaBN-T,4,0.5666666667,0.5891444444
Yang2025,ShallowConvNet,FM-None_A-Eucl_AdaBN-T,5,0.8466666667,0.9264888889
Yang2025,ShallowConvNet,FM-None_A-Eucl_AdaBN-T,7,0.735,0.7948333333
Yang2025,ShallowConvNet,FM-None_A-Eucl_AdaBN-T,9,0.675,0.7528388889
Yang2025,ShallowConvNet,FM-None_A-Eucl_AdaBN-T,10,0.8266666667,0.9144666667
Yang2025,ShallowConvNet,FM-None_A-Eucl_AdaBN-T,13,0.74,0.8144611111
Yang2025,ShallowConvNet,FM-None_A-Eucl_AdaBN-T,14,0.5566666667,0.5715055556
Yang2025,ShallowConvNet,FM-None_A-Eucl_AdaBN-T,16,0.5816666667,0.5994888889
Yang2025,ShallowConvNet,FM-None_A-Eucl_AdaBN-T,17,0.7866666667,0.87035
Yang2025,ShallowConvNet,FM-None_A-Eucl_AdaBN-T,18,0.6516666667,0.7078555556
Yang2025,ShallowConvNet,FM-None_A-Eucl_AdaBN-T,20,0.77,0.8629277778
Yang2025,ShallowConvNet,FM-None_A-Eucl_AdaBN-T,25,0.8483333333,0.9340888889
Yang2025,ShallowConvNet,FM-None_A-Eucl_AdaBN-T,26,0.8179542921,0.9114548495
Yang2025,ShallowConvNet,FM-None_A-Eucl_AdaBN-T,27,0.6033333333,0.6590666667
Yang2025,ShallowConvNet,FM-None_A-Eucl_AdaBN-T,31,0.7433333333,0.8051277778
Yang2025,ShallowConvNet,FM-None_A-Eucl_AdaBN-T,32,0.5626254181,0.6006521739
Yang2025,ShallowConvNet,FM-None_A-Eucl_AdaBN-T,33,0.8883333333,0.9536333333
Yang2025,ShallowConvNet,FM-None_A-Eucl_AdaBN-T,34,0.6233333333,0.6749888889
Yang2025,ShallowConvNet,FM-None_A-Eucl_AdaBN-T,37,0.8133333333,0.9016777778
Yang2025,ShallowConvNet,FM-None_A-Eucl_AdaBN-T,41,0.835,0.9285
Yang2025,ShallowConvNet,FM-None_A-Eucl_AdaBN-T,44,0.72,0.7731055556
Yang2025,ShallowConvNet,FM-None_A-Eucl_AdaBN-T,45,0.845,0.92735
Yang2025,ShallowConvNet,FM-None_A-Eucl_AdaBN-T,47,0.8783333333,0.9475611111
Yang2025,ShallowConvNet,FM-None_A-Eucl_AdaBN-T,48,0.825,0.9119722222
Yang2025,ShallowConvNet,FM-None_A-Eucl_AdaBN-T,49,0.8116666667,0.8906666667
Yang2025,ShallowConvNet,FM-None_A-Eucl_AdaBN-T,50,0.925,0.9788888889
Yang2025,ShallowConvNet,FM-None_A-Eucl_AdaBN-T,1,0.8883333333,0.9598888889
Yang2025,ShallowConvNet,FM-None_A-Eucl_AdaBN-T,2,0.63,0.69555
Yang2025,ShallowConvNet,FM-None_A-Eucl_AdaBN-T,3,0.8933333333,0.9579555556
Yang2025,ShallowConvNet,FM-None_A-Eucl_AdaBN-T,6,0.86,0.9560333333
Yang2025,ShallowConvNet,FM-None_A-Eucl_AdaBN-T,8,0.8483333333,0.9281333333
Yang2025,ShallowConvNet,FM-None_A-Eucl_AdaBN-T,11,0.845,0.9282333333
Yang2025,ShallowConvNet,FM-None_A-Eucl_AdaBN-T,12,0.5866666667,0.6280111111
Yang2025,ShallowConvNet,FM-None_A-Eucl_AdaBN-T,15,0.7316666667,0.7985
Yang2025,ShallowConvNet,FM-None_A-Eucl_AdaBN-T,19,0.7983333333,0.8792722222
Yang2025,ShallowConvNet,FM-None_A-Eucl_AdaBN-T,21,0.8816666667,0.9499777778
Yang2025,ShallowConvNet,FM-None_A-Eucl_AdaBN-T,22,0.8033333333,0.8872777778
Yang2025,ShallowConvNet,FM-None_A-Eucl_AdaBN-T,23,0.9432552954,0.98393534
Yang2025,ShallowConvNet,FM-None_A-Eucl_AdaBN-T,24,0.9023898059,0.9660121531
Yang2025,ShallowConvNet,FM-None_A-Eucl_AdaBN-T,28,0.7466666667,0.8325555556
Yang2025,ShallowConvNet,FM-None_A-Eucl_AdaBN-T,29,0.7816666667,0.8643555556
Yang2025,ShallowConvNet,FM-None_A-Eucl_AdaBN-T,30,0.8133333333,0.9049222222
Yang2025,ShallowConvNet,FM-None_A-Eucl_AdaBN-T,35,0.9483333333,0.9883444444
Yang2025,ShallowConvNet,FM-None_A-Eucl_AdaBN-T,36,0.8933333333,0.9599222222
Yang2025,ShallowConvNet,FM-None_A-Eucl_AdaBN-T,38,0.6266666667,0.6847666667
Yang2025,ShallowConvNet,FM-None_A-Eucl_AdaBN-T,39,0.715,0.8049333333
Yang2025,ShallowConvNet,FM-None_A-Eucl_AdaBN-T,40,0.7716666667,0.8660222222
Yang2025,ShallowConvNet,FM-None_A-Eucl_AdaBN-T,42,0.7933333333,0.8638444444
Yang2025,ShallowConvNet,FM-None_A-Eucl_AdaBN-T,43,0.9716666667,0.9972333333
Yang2025,ShallowConvNet,FM-None_A-Eucl_AdaBN-T,46,0.9566666667,0.9916666667
Yang2025,ShallowConvNet,FM-None_A-Eucl_AdaBN-T,51,0.8383333333,0.9339222222
Yang2025,ShallowConvNet,FM-None_A-None_AdaBN-F,4,0.6016666667,0.6390111111
Yang2025,ShallowConvNet,FM-None_A-None_AdaBN-F,5,0.875,0.9588111111
Yang2025,ShallowConvNet,FM-None_A-None_AdaBN-F,7,0.835,0.90975
Yang2025,ShallowConvNet,FM-None_A-None_AdaBN-F,9,0.7283333333,0.8094666667
Yang2025,ShallowConvNet,FM-None_A-None_AdaBN-F,10,0.8616666667,0.9456666667
Yang2025,ShallowConvNet,FM-None_A-None_AdaBN-F,13,0.8,0.8783
Yang2025,ShallowConvNet,FM-None_A-None_AdaBN-F,14,0.5433333333,0.5896777778
Yang2025,ShallowConvNet,FM-None_A-None_AdaBN-F,16,0.63,0.6858888889
Yang2025,ShallowConvNet,FM-None_A-None_AdaBN-F,17,0.7933333333,0.8916166667
Yang2025,ShallowConvNet,FM-None_A-None_AdaBN-F,18,0.6933333333,0.7740888889
Yang2025,ShallowConvNet,FM-None_A-None_AdaBN-F,20,0.76,0.8731
Yang2025,ShallowConvNet,FM-None_A-None_AdaBN-F,25,0.9316666667,0.9824111111
Yang2025,ShallowConvNet,FM-None_A-None_AdaBN-F,26,0.8481605351,0.933690078
Yang2025,ShallowConvNet,FM-None_A-None_AdaBN-F,27,0.6083333333,0.6328777778
Yang2025,ShallowConvNet,FM-None_A-None_AdaBN-F,31,0.745,0.8611777778
Yang2025,ShallowConvNet,FM-None_A-None_AdaBN-F,32,0.6060869565,0.6556744705
Yang2025,ShallowConvNet,FM-None_A-None_AdaBN-F,33,0.9683333333,0.9933277778
Yang2025,ShallowConvNet,FM-None_A-None_AdaBN-F,34,0.6316666667,0.6792833333
Yang2025,ShallowConvNet,FM-None_A-None_AdaBN-F,37,0.8916666667,0.9544055556
Yang2025,ShallowConvNet,FM-None_A-None_AdaBN-F,41,0.92,0.9731666667
Yang2025,ShallowConvNet,FM-None_A-None_AdaBN-F,44,0.7566666667,0.8533722222
Yang2025,ShallowConvNet,FM-None_A-None_AdaBN-F,45,0.88,0.9481888889
Yang2025,ShallowConvNet,FM-None_A-None_AdaBN-F,47,0.8966666667,0.9628222222
Yang2025,ShallowConvNet,FM-None_A-None_AdaBN-F,48,0.8816666667,0.9598444444
Yang2025,ShallowConvNet,FM-None_A-None_AdaBN-F,49,0.9433333333,0.9909444444
Yang2025,ShallowConvNet,FM-None_A-None_AdaBN-F,50,0.945,0.9867833333
Yang2025,ShallowConvNet,FM-None_A-None_AdaBN-F,1,0.9433333333,0.9867777778
Yang2025,ShallowConvNet,FM-None_A-None_AdaBN-F,2,0.675,0.7561111111
Yang2025,ShallowConvNet,FM-None_A-None_AdaBN-F,3,0.9383333333,0.9860222222
Yang2025,ShallowConvNet,FM-None_A-None_AdaBN-F,6,0.9383333333,0.9851555556
Yang2025,ShallowConvNet,FM-None_A-None_AdaBN-F,8,0.9333333333,0.9827333333
Yang2025,ShallowConvNet,FM-None_A-None_AdaBN-F,11,0.9283333333,0.9853111111
Yang2025,ShallowConvNet,FM-None_A-None_AdaBN-F,12,0.595,0.6415
Yang2025,ShallowConvNet,FM-None_A-None_AdaBN-F,15,0.8083333333,0.8978555556
Yang2025,ShallowConvNet,FM-None_A-None_AdaBN-F,19,0.8666666667,0.938
Yang2025,ShallowConvNet,FM-None_A-None_AdaBN-F,21,0.89,0.9548555556
Yang2025,ShallowConvNet,FM-None_A-None_AdaBN-F,22,0.765,0.8393666667
Yang2025,ShallowConvNet,FM-None_A-None_AdaBN-F,23,0.9515774805,0.988974359
Yang2025,ShallowConvNet,FM-None_A-None_AdaBN-F,24,0.9444948304,0.9924043171
Yang2025,ShallowConvNet,FM-None_A-None_AdaBN-F,28,0.7683333333,0.9150888889
Yang2025,ShallowConvNet,FM-None_A-None_AdaBN-F,29,0.81,0.8989222222
Yang2025,ShallowConvNet,FM-None_A-None_AdaBN-F,30,0.9416666667,0.9818111111
Yang2025,ShallowConvNet,FM-None_A-None_AdaBN-F,35,0.925,0.9821777778
Yang2025,ShallowConvNet,FM-None_A-None_AdaBN-F,36,0.915,0.9841444444
Yang2025,ShallowConvNet,FM-None_A-None_AdaBN-F,38,0.6033333333,0.6192444444
Yang2025,ShallowConvNet,FM-None_A-None_AdaBN-F,39,0.715,0.8140555556
Yang2025,ShallowConvNet,FM-None_A-None_AdaBN-F,40,0.81,0.9006111111
Yang2025,ShallowConvNet,FM-None_A-None_AdaBN-F,42,0.825,0.9059388889
Yang2025,ShallowConvNet,FM-None_A-None_AdaBN-F,43,0.9766666667,0.9996666667
Yang2025,ShallowConvNet,FM-None_A-None_AdaBN-F,46,0.9633333333,0.9973111111
Yang2025,ShallowConvNet,FM-None_A-None_AdaBN-F,51,0.8633333333,0.9452
Yang2025,ShallowConvNet,NoPre_FM-Full_A-Eucl_AdaBN-T,4,0.495,0.4892222222
Yang2025,ShallowConvNet,NoPre_FM-Full_A-Eucl_AdaBN-T,5,0.7283333333,0.8215555556
Yang2025,ShallowConvNet,NoPre_FM-Full_A-Eucl_AdaBN-T,7,0.5766666667,0.6311666667
Yang2025,ShallowConvNet,NoPre_FM-Full_A-Eucl_AdaBN-T,9,0.515,0.5213
Yang2025,ShallowConvNet,NoPre_FM-Full_A-Eucl_AdaBN-T,10,0.665,0.7462222222
Yang2025,ShallowConvNet,NoPre_FM-Full_A-Eucl_AdaBN-T,13,0.6033333333,0.6572666667
Yang2025,ShallowConvNet,NoPre_FM-Full_A-Eucl_AdaBN-T,14,0.5,0.4825
Yang2025,ShallowConvNet,NoPre_FM-Full_A-Eucl_AdaBN-T,16,0.5416666667,0.5651444444
Yang2025,ShallowConvNet,NoPre_FM-Full_A-Eucl_AdaBN-T,17,0.6016666667,0.6500666667
Yang2025,ShallowConvNet,NoPre_FM-Full_A-Eucl_AdaBN-T,18,0.525,0.5433444444
Yang2025,ShallowConvNet,NoPre_FM-Full_A-Eucl_AdaBN-T,20,0.8183333333,0.8991555556
Yang2025,ShallowConvNet,NoPre_FM-Full_A-Eucl_AdaBN-T,25,0.77,0.8704333333
Yang2025,ShallowConvNet,NoPre_FM-Full_A-Eucl_AdaBN-T,26,0.8330769231,0.9187179487
Yang2025,ShallowConvNet,NoPre_FM-Full_A-Eucl_AdaBN-T,27,0.545,0.5807111111
Yang2025,ShallowConvNet,NoPre_FM-Full_A-Eucl_AdaBN-T,31,0.59,0.6324888889
Yang2025,ShallowConvNet,NoPre_FM-Full_A-Eucl_AdaBN-T,32,0.5592976589,0.5763545151
Yang2025,ShallowConvNet,NoPre_FM-Full_A-Eucl_AdaBN-T,33,0.8166666667,0.9003777778
Yang2025,ShallowConvNet,NoPre_FM-Full_A-Eucl_AdaBN-T,34,0.6933333333,0.7857444444
Yang2025,ShallowConvNet,NoPre_FM-Full_A-Eucl_AdaBN-T,37,0.66,0.7300888889
Yang2025,ShallowConvNet,NoPre_FM-Full_A-Eucl_AdaBN-T,41,0.5866666667,0.6568666667
Yang2025,ShallowConvNet,NoPre_FM-Full_A-Eucl_AdaBN-T,44,0.5333333333,0.5551888889
Yang2025,ShallowConvNet,NoPre_FM-Full_A-Eucl_AdaBN-T,45,0.56,0.5881555556
Yang2025,ShallowConvNet,NoPre_FM-Full_A-Eucl_AdaBN-T,47,0.7983333333,0.8847777778
Yang2025,ShallowConvNet,NoPre_FM-Full_A-Eucl_AdaBN-T,48,0.68,0.7349666667
Yang2025,ShallowConvNet,NoPre_FM-Full_A-Eucl_AdaBN-T,49,0.7066666667,0.7872777778
Yang2025,ShallowConvNet,NoPre_FM-Full_A-Eucl_AdaBN-T,50,0.6816666667,0.7696
Yang2025,ShallowConvNet,NoPre_FM-Full_A-Eucl_AdaBN-T,1,0.7416666667,0.8551222222
Yang2025,ShallowConvNet,NoPre_FM-Full_A-Eucl_AdaBN-T,2,0.53,0.5332444444
Yang2025,ShallowConvNet,NoPre_FM-Full_A-Eucl_AdaBN-T,3,0.7466666667,0.8669888889
Yang2025,ShallowConvNet,NoPre_FM-Full_A-Eucl_AdaBN-T,6,0.89,0.9646444444
Yang2025,ShallowConvNet,NoPre_FM-Full_A-Eucl_AdaBN-T,8,0.7533333333,0.8443833333
Yang2025,ShallowConvNet,NoPre_FM-Full_A-Eucl_AdaBN-T,11,0.5966666667,0.6503333333
Yang2025,ShallowConvNet,NoPre_FM-Full_A-Eucl_AdaBN-T,12,0.5083333333,0.4905888889
Yang2025,ShallowConvNet,NoPre_FM-Full_A-Eucl_AdaBN-T,15,0.585,0.6261777778
Yang2025,ShallowConvNet,NoPre_FM-Full_A-Eucl_AdaBN-T,19,0.7233333333,0.8281
Yang2025,ShallowConvNet,NoPre_FM-Full_A-Eucl_AdaBN-T,21,0.76,0.8468666667
Yang2025,ShallowConvNet,NoPre_FM-Full_A-Eucl_AdaBN-T,22,0.5766666667,0.6233333333
Yang2025,ShallowConvNet,NoPre_FM-Full_A-Eucl_AdaBN-T,23,0.8246934225,0.9179487179
Yang2025,ShallowConvNet,NoPre_FM-Full_A-Eucl_AdaBN-T,24,0.7594095774,0.8608402866
Yang2025,ShallowConvNet,NoPre_FM-Full_A-Eucl_AdaBN-T,28,0.6633333333,0.7215666667
Yang2025,ShallowConvNet,NoPre_FM-Full_A-Eucl_AdaBN-T,29,0.905,0.9744888889
Yang2025,ShallowConvNet,NoPre_FM-Full_A-Eucl_AdaBN-T,30,0.8133333333,0.8887666667
Yang2025,ShallowConvNet,NoPre_FM-Full_A-Eucl_AdaBN-T,35,0.8766666667,0.9615222222
Yang2025,ShallowConvNet,NoPre_FM-Full_A-Eucl_AdaBN-T,36,0.8016666667,0.9114333333
Yang2025,ShallowConvNet,NoPre_FM-Full_A-Eucl_AdaBN-T,38,0.585,0.6047111111
Yang2025,ShallowConvNet,NoPre_FM-Full_A-Eucl_AdaBN-T,39,0.6083333333,0.6702
Yang2025,ShallowConvNet,NoPre_FM-Full_A-Eucl_AdaBN-T,40,0.6133333333,0.6790777778
Yang2025,ShallowConvNet,NoPre_FM-Full_A-Eucl_AdaBN-T,42,0.6266666667,0.6617666667
Yang2025,ShallowConvNet,NoPre_FM-Full_A-Eucl_AdaBN-T,43,0.895,0.9648666667
Yang2025,ShallowConvNet,NoPre_FM-Full_A-Eucl_AdaBN-T,46,0.845,0.938
Yang2025,ShallowConvNet,NoPre_FM-Full_A-Eucl_AdaBN-T,51,0.7116666667,0.7947222222
Yang2025,ShallowConvNet,NoPre_FM-Full_A-None_AdaBN-F,4,0.5166666667,0.4957222222
Yang2025,ShallowConvNet,NoPre_FM-Full_A-None_AdaBN-F,5,0.75,0.8337166667
Yang2025,ShallowConvNet,NoPre_FM-Full_A-None_AdaBN-F,7,0.675,0.7473111111
Yang2025,ShallowConvNet,NoPre_FM-Full_A-None_AdaBN-F,9,0.5833333333,0.6040666667
Yang2025,ShallowConvNet,NoPre_FM-Full_A-None_AdaBN-F,10,0.7233333333,0.7860111111
Yang2025,ShallowConvNet,NoPre_FM-Full_A-None_AdaBN-F,13,0.6466666667,0.7331777778
Yang2025,ShallowConvNet,NoPre_FM-Full_A-None_AdaBN-F,14,0.5,0.5078222222
Yang2025,ShallowConvNet,NoPre_FM-Full_A-None_AdaBN-F,16,0.6,0.6557666667
Yang2025,ShallowConvNet,NoPre_FM-Full_A-None_AdaBN-F,17,0.67,0.7145444444
Yang2025,ShallowConvNet,NoPre_FM-Full_A-None_AdaBN-F,18,0.57,0.6118
Yang2025,ShallowConvNet,NoPre_FM-Full_A-None_AdaBN-F,20,0.825,0.8834222222
Yang2025,ShallowConvNet,NoPre_FM-Full_A-None_AdaBN-F,25,0.8516666667,0.9068944444
Yang2025,ShallowConvNet,NoPre_FM-Full_A-None_AdaBN-F,26,0.8346934225,0.8885841695
Yang2025,ShallowConvNet,NoPre_FM-Full_A-None_AdaBN-F,27,0.69,0.7651777778
Yang2025,ShallowConvNet,NoPre_FM-Full_A-None_AdaBN-F,31,0.7133333333,0.7722333333
Yang2025,ShallowConvNet,NoPre_FM-Full_A-None_AdaBN-F,32,0.5860033445,0.6441025641
Yang2025,ShallowConvNet,NoPre_FM-Full_A-None_AdaBN-F,33,0.9016666667,0.9513666667
Yang2025,ShallowConvNet,NoPre_FM-Full_A-None_AdaBN-F,34,0.7616666667,0.8545111111
Yang2025,ShallowConvNet,NoPre_FM-Full_A-None_AdaBN-F,37,0.7583333333,0.8296777778
Yang2025,ShallowConvNet,NoPre_FM-Full_A-None_AdaBN-F,41,0.7483333333,0.8194666667
Yang2025,ShallowConvNet,NoPre_FM-Full_A-None_AdaBN-F,44,0.62,0.6563
Yang2025,ShallowConvNet,NoPre_FM-Full_A-None_AdaBN-F,45,0.7583333333,0.8196111111
Yang2025,ShallowConvNet,NoPre_FM-Full_A-None_AdaBN-F,47,0.8316666667,0.8841833333
Yang2025,ShallowConvNet,NoPre_FM-Full_A-None_AdaBN-F,48,0.76,0.8293666667
Yang2025,ShallowConvNet,NoPre_FM-Full_A-None_AdaBN-F,49,0.8733333333,0.9441555556
Yang2025,ShallowConvNet,NoPre_FM-Full_A-None_AdaBN-F,50,0.8133333333,0.9042222222
Yang2025,ShallowConvNet,NoPre_FM-Full_A-None_AdaBN-F,1,0.815,0.8806555556
Yang2025,ShallowConvNet,NoPre_FM-Full_A-None_AdaBN-F,2,0.575,0.5958444444
Yang2025,ShallowConvNet,NoPre_FM-Full_A-None_AdaBN-F,3,0.835,0.9075
Yang2025,ShallowConvNet,NoPre_FM-Full_A-None_AdaBN-F,6,0.9183333333,0.9784222222
Yang2025,ShallowConvNet,NoPre_FM-Full_A-None_AdaBN-F,8,0.84,0.9138777778
Yang2025,ShallowConvNet,NoPre_FM-Full_A-None_AdaBN-F,11,0.7416666667,0.809
Yang2025,ShallowConvNet,NoPre_FM-Full_A-None_AdaBN-F,12,0.5166666667,0.5371777778
Yang2025,ShallowConvNet,NoPre_FM-Full_A-None_AdaBN-F,15,0.615,0.6474888889
Yang2025,ShallowConvNet,NoPre_FM-Full_A-None_AdaBN-F,19,0.76,0.8231111111
Yang2025,ShallowConvNet,NoPre_FM-Full_A-None_AdaBN-F,21,0.7383333333,0.8074833333
Yang2025,ShallowConvNet,NoPre_FM-Full_A-None_AdaBN-F,22,0.72,0.7963666667
Yang2025,ShallowConvNet,NoPre_FM-Full_A-None_AdaBN-F,23,0.8748104794,0.9284392419
Yang2025,ShallowConvNet,NoPre_FM-Full_A-None_AdaBN-F,24,0.8214107564,0.894227281
Yang2025,ShallowConvNet,NoPre_FM-Full_A-None_AdaBN-F,28,0.8116666667,0.8866444444
Yang2025,ShallowConvNet,NoPre_FM-Full_A-None_AdaBN-F,29,0.8716666667,0.9554555556
Yang2025,ShallowConvNet,NoPre_FM-Full_A-None_AdaBN-F,30,0.8816666667,0.9125333333
Yang2025,ShallowConvNet,NoPre_FM-Full_A-None_AdaBN-F,35,0.9016666667,0.9413444444
Yang2025,ShallowConvNet,NoPre_FM-Full_A-None_AdaBN-F,36,0.8966666667,0.9624222222
Yang2025,ShallowConvNet,NoPre_FM-Full_A-None_AdaBN-F,38,0.575,0.5913111111
Yang2025,ShallowConvNet,NoPre_FM-Full_A-None_AdaBN-F,39,0.7416666667,0.8061333333
Yang2025,ShallowConvNet,NoPre_FM-Full_A-None_AdaBN-F,40,0.7183333333,0.7730222222
Yang2025,ShallowConvNet,NoPre_FM-Full_A-None_AdaBN-F,42,0.7116666667,0.7766722222
Yang2025,ShallowConvNet,NoPre_FM-Full_A-None_AdaBN-F,43,0.9416666667,0.9667222222
Yang2025,ShallowConvNet,NoPre_FM-Full_A-None_AdaBN-F,46,0.9216666667,0.9497555556
Yang2025,ShallowConvNet,NoPre_FM-Full_A-None_AdaBN-F,51,0.7716666667,0.8392388889
